timestamp_utc,window_ms,traffic_log_mode,cpu_usage_unit,node1_name,node2_name,node1_requests,node2_requests,total_requests,node1_cpu_raw_usage,node2_cpu_raw_usage,node1_cpu_normalized_usage,node2_cpu_normalized_usage,node1_cpu_capacity,node2_cpu_capacity,node1_inflight,node2_inflight,node1_backend_inflight,node2_backend_inflight,node1_queue,node2_queue,node1_response_ms,node2_response_ms,node1_fuzzy_score,node2_fuzzy_score,os_idle_cpu
2026-06-24T03:07:34.18097861Z,1000,per_hit,raw_percent_of_host,api-node1,api-node2,0,0,0,0.000000,0.000000,0.000000,0.000000,100.000000,50.000000,0.000000,0.000000,0.000000,0.000000,0.000000,0.000000,0.000000,0.000000,0.000000,0.000000,3.000000
2026-06-24T03:07:35.180978476Z,1000,per_hit,raw_percent_of_host,api-node1,api-node2,0,0,0,0.000000,0.000000,0.000000,0.000000,100.000000,50.000000,0.000000,0.000000,0.000000,0.000000,0.000000,0.000000,0.000000,0.000000,0.000000,0.000000,3.000000
2026-06-24T03:07:36.180986541Z,1000,per_hit,raw_percent_of_host,api-node1,api-node2,0,0,0,0.000000,1.000000,0.000000,2.000000,100.000000,50.000000,0.000000,0.000000,0.000000,0.000000,0.000000,0.000000,0.000000,0.000000,0.000000,0.000000,3.000000
2026-06-24T03:07:37.180980207Z,1000,per_hit,raw_percent_of_host,api-node1,api-node2,0,0,0,0.000000,0.000000,0.000000,0.000000,100.000000,50.000000,0.000000,0.000000,0.000000,0.000000,0.000000,0.000000,0.000000,0.000000,0.000000,0.000000,3.000000
2026-06-24T03:07:38.180981399Z,1000,per_hit,raw_percent_of_host,api-node1,api-node2,0,0,0,1.000000,0.000000,1.000000,0.000000,100.000000,50.000000,0.000000,0.000000,0.000000,0.000000,0.000000,0.000000,0.000000,0.000000,0.000000,0.000000,3.000000
2026-06-24T03:07:39.180979878Z,1000,per_hit,raw_percent_of_host,api-node1,api-node2,5,5,10,0.000000,0.000000,0.000000,0.000000,100.000000,50.000000,5.000000,5.000000,0.000000,0.000000,5.000000,5.000000,0.000000,0.000000,83.664360,83.663207,3.000000
2026-06-24T03:07:40.180978763Z,1000,per_hit,raw_percent_of_host,api-node1,api-node2,5,5,10,0.000000,6.122449,0.000000,12.244898,100.000000,50.000000,5.000000,5.000000,0.000000,0.000000,5.000000,5.000000,115.400000,141.800000,82.702354,72.023928,3.000000
2026-06-24T03:07:41.180978479Z,1000,per_hit,raw_percent_of_host,api-node1,api-node2,6,4,10,1.030928,6.122449,1.030928,12.244898,100.000000,50.000000,6.000000,4.000000,0.000000,0.000000,6.000000,4.000000,101.600000,121.800000,81.956885,72.050768,3.000000
2026-06-24T03:07:42.180977938Z,1000,per_hit,raw_percent_of_host,api-node1,api-node2,5,5,10,0.000000,8.000000,0.000000,16.000000,100.000000,50.000000,5.000000,5.000000,0.000000,0.000000,5.000000,5.000000,89.500000,119.250000,82.785252,70.345879,3.000000
2026-06-24T03:07:43.180978122Z,1000,per_hit,raw_percent_of_host,api-node1,api-node2,4,6,10,3.030303,6.122449,3.030303,12.244898,100.000000,50.000000,4.000000,6.000000,0.000000,0.000000,4.000000,6.000000,78.400000,121.000000,80.213358,72.050768,3.000000
2026-06-24T03:07:44.180981781Z,1000,per_hit,raw_percent_of_host,api-node1,api-node2,7,3,10,0.000000,8.080808,0.000000,16.161616,100.000000,50.000000,7.000000,3.000000,0.000000,0.000000,7.000000,3.000000,90.750000,142.333333,82.735832,70.379798,3.000000
2026-06-24T03:07:45.180981052Z,1000,per_hit,raw_percent_of_host,api-node1,api-node2,4,6,10,3.157895,0.000000,3.157895,0.000000,100.000000,50.000000,4.000000,6.000000,0.000000,0.000000,4.000000,6.000000,97.142857,98.333333,80.132337,82.819584,3.000000
2026-06-24T03:07:46.18097978Z,1000,per_hit,raw_percent_of_host,api-node1,api-node2,5,5,10,1.020408,6.024096,1.020408,12.048193,100.000000,50.000000,5.000000,5.000000,0.000000,0.000000,5.000000,5.000000,91.500000,108.500000,82.085013,72.418622,3.000000
2026-06-24T03:07:47.180980175Z,1000,per_hit,raw_percent_of_host,api-node1,api-node2,7,3,10,0.000000,8.163265,0.000000,16.326531,100.000000,50.000000,7.000000,3.000000,0.000000,0.000000,7.000000,3.000000,94.200000,131.400000,82.733959,70.282768,3.000000
2026-06-24T03:07:48.180977941Z,1000,per_hit,raw_percent_of_host,api-node1,api-node2,6,4,10,1.030928,1.020408,1.030928,2.040816,100.000000,50.000000,6.000000,4.000000,0.000000,0.000000,6.000000,4.000000,89.285714,97.666667,82.005691,81.255058,3.000000
2026-06-24T03:07:49.18098469Z,1000,per_hit,raw_percent_of_host,api-node1,api-node2,4,6,10,0.000000,6.024096,0.000000,12.048193,100.000000,50.000000,4.000000,6.000000,0.000000,0.000000,4.000000,6.000000,86.000000,128.000000,82.718203,72.133055,3.000000
2026-06-24T03:07:50.18097975Z,1000,per_hit,raw_percent_of_host,api-node1,api-node2,6,4,10,0.000000,8.000000,0.000000,16.000000,100.000000,50.000000,6.000000,4.000000,0.000000,0.000000,6.000000,4.000000,79.750000,136.500000,82.735442,70.293429,3.000000
2026-06-24T03:07:51.180978326Z,1000,per_hit,raw_percent_of_host,api-node1,api-node2,5,5,10,0.000000,6.185567,0.000000,12.371134,100.000000,50.000000,5.000000,5.000000,0.000000,0.000000,5.000000,5.000000,86.333333,116.000000,82.831181,72.291041,3.000000
2026-06-24T03:07:52.180982341Z,1000,per_hit,raw_percent_of_host,api-node1,api-node2,5,5,10,0.000000,5.154639,0.000000,10.309278,100.000000,50.000000,5.000000,5.000000,0.000000,0.000000,5.000000,5.000000,80.200000,119.400000,82.663748,73.225932,3.000000
2026-06-24T03:07:53.180979595Z,1000,per_hit,raw_percent_of_host,api-node1,api-node2,3,7,10,0.000000,5.208333,0.000000,10.416667,100.000000,50.000000,3.000000,7.000000,0.000000,0.000000,3.000000,7.000000,91.600000,120.000000,82.741587,73.159889,3.000000
2026-06-24T03:07:54.180983308Z,1000,per_hit,raw_percent_of_host,api-node1,api-node2,7,3,10,1.000000,9.000000,1.000000,18.000000,100.000000,50.000000,7.000000,3.000000,0.000000,0.000000,7.000000,3.000000,53.666667,131.000000,82.525307,69.588345,3.000000
2026-06-24T03:07:55.18097804Z,1000,per_hit,raw_percent_of_host,api-node1,api-node2,8,2,10,0.000000,0.000000,0.000000,0.000000,100.000000,50.000000,8.000000,2.000000,0.000000,0.000000,8.000000,2.000000,106.142857,99.666667,82.548494,83.011397,3.000000
2026-06-24T03:07:56.180981669Z,1000,per_hit,raw_percent_of_host,api-node1,api-node2,5,5,10,5.208333,0.000000,5.208333,0.000000,100.000000,50.000000,5.000000,5.000000,0.000000,0.000000,5.000000,5.000000,98.875000,100.000000,77.646883,82.900214,3.000000
2026-06-24T03:07:57.180978925Z,1000,per_hit,raw_percent_of_host,api-node1,api-node2,5,5,10,1.030928,8.080808,1.030928,16.161616,100.000000,50.000000,5.000000,5.000000,0.000000,0.000000,5.000000,5.000000,95.800000,135.800000,82.052436,70.301830,3.000000
2026-06-24T03:07:58.180978531Z,1000,per_hit,raw_percent_of_host,api-node1,api-node2,3,7,10,1.030928,6.024096,1.030928,12.048193,100.000000,50.000000,3.000000,7.000000,0.000000,0.000000,3.000000,7.000000,84.600000,114.600000,82.040922,72.341925,3.000000
2026-06-24T03:07:59.180981415Z,1000,per_hit,raw_percent_of_host,api-node1,api-node2,6,4,10,0.000000,6.122449,0.000000,12.244898,100.000000,50.000000,6.000000,4.000000,0.000000,0.000000,6.000000,4.000000,54.000000,141.285714,83.172191,72.077527,3.000000
2026-06-24T03:08:00.180980891Z,1000,per_hit,raw_percent_of_host,api-node1,api-node2,5,5,10,1.041667,7.142857,1.041667,14.285714,100.000000,50.000000,5.000000,5.000000,0.000000,0.000000,5.000000,5.000000,85.833333,115.500000,82.077053,71.260046,3.000000
2026-06-24T03:08:01.180979315Z,1000,per_hit,raw_percent_of_host,api-node1,api-node2,7,3,10,0.000000,6.000000,0.000000,12.000000,100.000000,50.000000,7.000000,3.000000,0.000000,0.000000,7.000000,3.000000,94.600000,81.600000,82.842634,76.313723,3.000000
2026-06-24T03:08:02.180979594Z,1000,per_hit,raw_percent_of_host,api-node1,api-node2,4,6,10,2.020202,0.000000,2.020202,0.000000,100.000000,50.000000,4.000000,6.000000,0.000000,0.000000,4.000000,6.000000,92.714286,96.333333,81.130265,82.877549,3.000000
2026-06-24T03:08:03.180979674Z,1000,per_hit,raw_percent_of_host,api-node1,api-node2,5,5,10,0.000000,8.080808,0.000000,16.161616,100.000000,50.000000,5.000000,5.000000,0.000000,0.000000,5.000000,5.000000,93.000000,143.666667,82.741113,70.275706,3.000000
2026-06-24T03:08:04.180978689Z,1000,per_hit,raw_percent_of_host,api-node1,api-node2,3,7,10,0.000000,6.122449,0.000000,12.244898,100.000000,50.000000,3.000000,7.000000,0.000000,0.000000,3.000000,7.000000,79.800000,118.200000,82.792617,72.103647,3.000000
2026-06-24T03:08:05.180977781Z,1000,per_hit,raw_percent_of_host,api-node1,api-node2,7,3,10,1.000000,8.080808,1.000000,16.161616,100.000000,50.000000,7.000000,3.000000,0.000000,0.000000,7.000000,3.000000,56.333333,132.142857,82.477592,70.275706,3.000000
2026-06-24T03:08:06.180978508Z,1000,per_hit,raw_percent_of_host,api-node1,api-node2,7,3,10,0.000000,3.030303,0.000000,6.060606,100.000000,50.000000,7.000000,3.000000,0.000000,0.000000,7.000000,3.000000,93.000000,94.000000,82.645953,78.107996,3.000000
2026-06-24T03:08:07.180977698Z,1000,per_hit,raw_percent_of_host,api-node1,api-node2,4,6,10,5.208333,9.090909,5.208333,18.181818,100.000000,50.000000,4.000000,6.000000,0.000000,0.000000,4.000000,6.000000,97.857143,124.000000,77.833740,69.546026,3.000000
2026-06-24T03:08:08.180981447Z,1000,per_hit,raw_percent_of_host,api-node1,api-node2,4,6,10,0.000000,7.142857,0.000000,14.285714,100.000000,50.000000,4.000000,6.000000,0.000000,0.000000,4.000000,6.000000,82.250000,158.333333,82.806719,71.051644,3.000000
2026-06-24T03:08:09.18097956Z,1000,per_hit,raw_percent_of_host,api-node1,api-node2,2,8,10,0.000000,6.097561,0.000000,12.195122,100.000000,50.000000,2.000000,8.000000,0.000000,0.000000,2.000000,8.000000,71.500000,133.333333,82.848249,72.105029,3.000000
2026-06-24T03:08:10.180977948Z,1000,per_hit,raw_percent_of_host,api-node1,api-node2,7,3,10,0.990099,2.500000,0.990099,5.000000,100.000000,50.000000,7.000000,3.000000,0.000000,0.000000,7.000000,3.000000,50.000000,153.625000,82.611706,77.087646,3.000000
2026-06-24T03:08:11.180980035Z,1000,per_hit,raw_percent_of_host,api-node1,api-node2,7,3,10,0.000000,3.030303,0.000000,6.060606,100.000000,50.000000,7.000000,3.000000,0.000000,0.000000,7.000000,3.000000,91.571429,91.333333,82.725193,78.133044,3.000000
2026-06-24T03:08:12.18097972Z,1000,per_hit,raw_percent_of_host,api-node1,api-node2,5,5,10,0.000000,3.030303,0.000000,6.060606,100.000000,50.000000,5.000000,5.000000,0.000000,0.000000,5.000000,5.000000,108.142857,93.666667,82.812704,78.107996,3.000000
2026-06-24T03:08:13.18097792Z,1000,per_hit,raw_percent_of_host,api-node1,api-node2,4,6,10,0.000000,6.122449,0.000000,12.244898,100.000000,50.000000,4.000000,6.000000,0.000000,0.000000,4.000000,6.000000,88.200000,122.400000,82.827605,71.942925,3.000000
2026-06-24T03:08:14.180979527Z,1000,per_hit,raw_percent_of_host,api-node1,api-node2,6,4,10,0.000000,6.060606,0.000000,12.121212,100.000000,50.000000,6.000000,4.000000,0.000000,0.000000,6.000000,4.000000,71.000000,131.666667,82.721524,72.198090,3.000000
2026-06-24T03:08:15.180978075Z,1000,per_hit,raw_percent_of_host,api-node1,api-node2,6,4,10,5.208333,8.000000,5.208333,16.000000,100.000000,50.000000,6.000000,4.000000,0.000000,0.000000,6.000000,4.000000,97.666667,120.500000,77.741891,70.319688,3.000000
2026-06-24T03:08:16.180980663Z,1000,per_hit,raw_percent_of_host,api-node1,api-node2,6,4,10,1.020408,8.080808,1.020408,16.161616,100.000000,50.000000,6.000000,4.000000,0.000000,0.000000,6.000000,4.000000,87.166667,116.750000,82.073546,70.353876,3.000000
2026-06-24T03:08:17.180977966Z,1000,per_hit,raw_percent_of_host,api-node1,api-node2,3,7,10,0.000000,4.938272,0.000000,9.876543,100.000000,50.000000,3.000000,7.000000,0.000000,0.000000,3.000000,7.000000,93.166667,120.000000,82.769584,73.649379,3.000000
2026-06-24T03:08:18.180977957Z,1000,per_hit,raw_percent_of_host,api-node1,api-node2,6,4,10,1.000000,8.080808,1.000000,16.161616,100.000000,50.000000,6.000000,4.000000,0.000000,0.000000,6.000000,4.000000,54.000000,130.714286,82.525307,70.301830,3.000000
2026-06-24T03:08:19.180978Z,1000,per_hit,raw_percent_of_host,api-node1,api-node2,4,6,10,2.040816,0.000000,2.040816,0.000000,100.000000,50.000000,4.000000,6.000000,0.000000,0.000000,4.000000,6.000000,77.666667,103.750000,81.035697,82.717715,3.000000
2026-06-24T03:08:20.180978136Z,1000,per_hit,raw_percent_of_host,api-node1,api-node2,6,4,10,0.000000,7.142857,0.000000,14.285714,100.000000,50.000000,6.000000,4.000000,0.000000,0.000000,6.000000,4.000000,80.500000,131.333333,82.677886,71.051644,3.000000
2026-06-24T03:08:21.180977979Z,1000,per_hit,raw_percent_of_host,api-node1,api-node2,7,3,10,1.030928,5.154639,1.030928,10.309278,100.000000,50.000000,7.000000,3.000000,0.000000,0.000000,7.000000,3.000000,79.166667,125.250000,81.981336,73.225932,3.000000
2026-06-24T03:08:22.180986319Z,1000,per_hit,raw_percent_of_host,api-node1,api-node2,5,5,10,1.030928,3.000000,1.030928,6.000000,100.000000,50.000000,5.000000,5.000000,0.000000,0.000000,5.000000,5.000000,109.857143,96.000000,82.017833,78.139090,3.000000
2026-06-24T03:08:23.180977896Z,1000,per_hit,raw_percent_of_host,api-node1,api-node2,3,7,10,6.250000,8.163265,6.250000,16.326531,100.000000,50.000000,3.000000,7.000000,0.000000,0.000000,3.000000,7.000000,98.600000,130.200000,77.143882,70.433952,3.000000
2026-06-24T03:08:24.180980704Z,1000,per_hit,raw_percent_of_host,api-node1,api-node2,3,7,10,0.000000,12.121212,0.000000,24.242424,100.000000,50.000000,3.000000,7.000000,0.000000,0.000000,3.000000,7.000000,53.666667,171.285714,83.341178,66.144549,3.000000
2026-06-24T03:08:25.180977763Z,1000,per_hit,raw_percent_of_host,api-node1,api-node2,7,3,10,1.000000,9.090909,1.000000,18.181818,100.000000,50.000000,7.000000,3.000000,0.000000,0.000000,7.000000,3.000000,66.000000,114.142857,82.182037,69.671054,3.000000
2026-06-24T03:08:26.180979804Z,1000,per_hit,raw_percent_of_host,api-node1,api-node2,7,3,10,1.030928,2.040816,1.030928,4.081633,100.000000,50.000000,7.000000,3.000000,0.000000,0.000000,7.000000,3.000000,97.857143,91.666667,82.063929,79.649148,3.000000
2026-06-24T03:08:27.180980115Z,1000,per_hit,raw_percent_of_host,api-node1,api-node2,5,5,10,0.000000,0.000000,0.000000,0.000000,100.000000,50.000000,5.000000,5.000000,0.000000,0.000000,5.000000,5.000000,87.857143,93.666667,82.842390,82.861489,3.000000
2026-06-24T03:08:28.180980522Z,1000,per_hit,raw_percent_of_host,api-node1,api-node2,3,7,10,1.030928,7.228916,1.030928,14.457831,100.000000,50.000000,3.000000,7.000000,0.000000,0.000000,3.000000,7.000000,75.200000,138.200000,82.052436,71.072694,3.000000
2026-06-24T03:08:29.180980472Z,1000,per_hit,raw_percent_of_host,api-node1,api-node2,5,5,10,0.000000,7.317073,0.000000,14.634146,100.000000,50.000000,5.000000,5.000000,0.000000,0.000000,5.000000,5.000000,54.000000,137.142857,83.109311,71.065510,3.000000
2026-06-24T03:08:30.180978629Z,1000,per_hit,raw_percent_of_host,api-node1,api-node2,4,6,10,2.040816,6.024096,2.040816,12.048193,100.000000,50.000000,4.000000,6.000000,0.000000,0.000000,4.000000,6.000000,91.800000,142.400000,81.048571,72.186561,3.000000
2026-06-24T03:08:31.180977864Z,1000,per_hit,raw_percent_of_host,api-node1,api-node2,4,6,10,1.030928,7.070707,1.030928,14.141414,100.000000,50.000000,4.000000,6.000000,0.000000,0.000000,4.000000,6.000000,69.250000,134.166667,81.969123,71.042472,3.000000
2026-06-24T03:08:32.180980774Z,1000,per_hit,raw_percent_of_host,api-node1,api-node2,7,3,10,0.000000,8.080808,0.000000,16.161616,100.000000,50.000000,7.000000,3.000000,0.000000,0.000000,7.000000,3.000000,80.750000,176.500000,82.686502,70.301830,3.000000
2026-06-24T03:08:33.180977967Z,1000,per_hit,raw_percent_of_host,api-node1,api-node2,6,4,10,1.030928,3.030303,1.030928,6.060606,100.000000,50.000000,6.000000,4.000000,0.000000,0.000000,6.000000,4.000000,90.714286,93.333333,82.040922,78.107996,3.000000
2026-06-24T03:08:34.180980149Z,1000,per_hit,raw_percent_of_host,api-node1,api-node2,4,6,10,1.030928,6.024096,1.030928,12.048193,100.000000,50.000000,4.000000,6.000000,0.000000,0.000000,4.000000,6.000000,86.666667,123.500000,81.981336,72.238643,3.000000
2026-06-24T03:08:35.180978395Z,1000,per_hit,raw_percent_of_host,api-node1,api-node2,7,3,10,0.000000,5.208333,0.000000,10.416667,100.000000,50.000000,7.000000,3.000000,0.000000,0.000000,7.000000,3.000000,88.000000,127.833333,82.798237,73.509420,3.000000
2026-06-24T03:08:36.18097787Z,1000,per_hit,raw_percent_of_host,api-node1,api-node2,5,5,10,0.000000,1.030928,0.000000,2.061856,100.000000,50.000000,5.000000,5.000000,0.000000,0.000000,5.000000,5.000000,80.857143,102.000000,82.658588,81.202797,3.000000
2026-06-24T03:08:37.180981634Z,1000,per_hit,raw_percent_of_host,api-node1,api-node2,4,6,10,2.040816,6.122449,2.040816,12.244898,100.000000,50.000000,4.000000,6.000000,0.000000,0.000000,4.000000,6.000000,80.400000,139.800000,81.074244,72.103647,3.000000
2026-06-24T03:08:38.180977717Z,1000,per_hit,raw_percent_of_host,api-node1,api-node2,4,6,10,0.000000,8.000000,0.000000,16.000000,100.000000,50.000000,4.000000,6.000000,0.000000,0.000000,4.000000,6.000000,70.000000,111.333333,82.831121,70.345879,3.000000
2026-06-24T03:08:39.180977953Z,1000,per_hit,raw_percent_of_host,api-node1,api-node2,6,4,10,0.000000,8.000000,0.000000,16.000000,100.000000,50.000000,6.000000,4.000000,0.000000,0.000000,6.000000,4.000000,81.750000,155.500000,82.719326,70.319688,3.000000
2026-06-24T03:08:40.180978005Z,1000,per_hit,raw_percent_of_host,api-node1,api-node2,4,6,10,1.041667,6.097561,1.041667,12.195122,100.000000,50.000000,4.000000,6.000000,0.000000,0.000000,4.000000,6.000000,100.500000,119.750000,82.031096,72.260583,3.000000
2026-06-24T03:08:41.180980477Z,1000,per_hit,raw_percent_of_host,api-node1,api-node2,7,3,10,0.000000,6.122449,0.000000,12.244898,100.000000,50.000000,7.000000,3.000000,0.000000,0.000000,7.000000,3.000000,78.250000,126.666667,82.662987,72.309972,3.000000
2026-06-24T03:08:42.180978098Z,1000,per_hit,raw_percent_of_host,api-node1,api-node2,5,5,10,0.000000,3.030303,0.000000,6.060606,100.000000,50.000000,5.000000,5.000000,0.000000,0.000000,5.000000,5.000000,100.571429,94.000000,82.735290,78.107996,3.000000
2026-06-24T03:08:43.180978041Z,1000,per_hit,raw_percent_of_host,api-node1,api-node2,6,4,10,1.041667,8.080808,1.041667,16.161616,100.000000,50.000000,6.000000,4.000000,0.000000,0.000000,6.000000,4.000000,86.400000,138.800000,82.031096,70.275706,3.000000
2026-06-24T03:08:44.180979056Z,1000,per_hit,raw_percent_of_host,api-node1,api-node2,5,5,10,0.000000,8.080808,0.000000,16.161616,100.000000,50.000000,5.000000,5.000000,0.000000,0.000000,5.000000,5.000000,96.333333,117.250000,82.752201,70.327886,3.000000
2026-06-24T03:08:45.18097908Z,1000,per_hit,raw_percent_of_host,api-node1,api-node2,7,3,10,4.166667,7.142857,4.166667,14.285714,100.000000,50.000000,7.000000,3.000000,0.000000,0.000000,7.000000,3.000000,85.200000,133.800000,79.384464,71.182421,3.000000
2026-06-24T03:08:46.180979888Z,1000,per_hit,raw_percent_of_host,api-node1,api-node2,6,4,10,5.208333,0.000000,5.208333,0.000000,100.000000,50.000000,6.000000,4.000000,0.000000,0.000000,6.000000,4.000000,88.428571,97.666667,77.685236,82.994062,3.000000
2026-06-24T03:08:47.180988117Z,1000,per_hit,raw_percent_of_host,api-node1,api-node2,2,8,10,6.122449,0.000000,6.122449,0.000000,100.000000,50.000000,2.000000,8.000000,0.000000,0.000000,2.000000,8.000000,104.166667,90.500000,77.108226,82.847571,3.000000
2026-06-24T03:08:48.180978559Z,1000,per_hit,raw_percent_of_host,api-node1,api-node2,7,3,10,0.000000,6.122449,0.000000,12.244898,100.000000,50.000000,7.000000,3.000000,0.000000,0.000000,7.000000,3.000000,50.000000,147.375000,83.219568,72.129694,3.000000
2026-06-24T03:08:49.180980727Z,1000,per_hit,raw_percent_of_host,api-node1,api-node2,4,6,10,6.185567,2.040816,6.185567,4.081633,100.000000,50.000000,4.000000,6.000000,0.000000,0.000000,4.000000,6.000000,107.571429,95.000000,77.004855,79.613453,3.000000
2026-06-24T03:08:50.180977946Z,1000,per_hit,raw_percent_of_host,api-node1,api-node2,3,7,10,1.000000,7.070707,1.000000,14.141414,100.000000,50.000000,3.000000,7.000000,0.000000,0.000000,3.000000,7.000000,62.000000,138.000000,82.409306,70.933253,3.000000
2026-06-24T03:08:51.180977883Z,1000,per_hit,raw_percent_of_host,api-node1,api-node2,3,7,10,0.000000,5.154639,0.000000,10.309278,100.000000,50.000000,3.000000,7.000000,0.000000,0.000000,3.000000,7.000000,54.000000,129.142857,83.315541,73.199785,3.000000
2026-06-24T03:08:52.180978007Z,1000,per_hit,raw_percent_of_host,api-node1,api-node2,6,4,10,0.000000,13.000000,0.000000,26.000000,100.000000,50.000000,6.000000,4.000000,0.000000,0.000000,6.000000,4.000000,54.000000,168.571429,83.125881,65.144219,3.000000
2026-06-24T03:08:53.180980281Z,1000,per_hit,raw_percent_of_host,api-node1,api-node2,4,6,10,0.000000,8.163265,0.000000,16.326531,100.000000,50.000000,4.000000,6.000000,0.000000,0.000000,4.000000,6.000000,105.666667,116.000000,82.852960,70.282768,3.000000
2026-06-24T03:08:54.180980381Z,1000,per_hit,raw_percent_of_host,api-node1,api-node2,5,5,10,1.980198,6.097561,1.980198,12.195122,100.000000,50.000000,5.000000,5.000000,0.000000,0.000000,5.000000,5.000000,66.750000,151.333333,81.201207,72.260583,3.000000
2026-06-24T03:08:55.180981461Z,1000,per_hit,raw_percent_of_host,api-node1,api-node2,6,4,10,1.030928,6.024096,1.030928,12.048193,100.000000,50.000000,6.000000,4.000000,0.000000,0.000000,6.000000,4.000000,85.200000,134.600000,82.040922,72.341925,3.000000
2026-06-24T03:08:56.180980281Z,1000,per_hit,raw_percent_of_host,api-node1,api-node2,4,6,10,0.000000,0.000000,0.000000,0.000000,100.000000,50.000000,4.000000,6.000000,0.000000,0.000000,4.000000,6.000000,86.500000,90.750000,82.818071,82.937806,3.000000
2026-06-24T03:08:57.180980615Z,1000,per_hit,raw_percent_of_host,api-node1,api-node2,5,5,10,0.000000,8.080808,0.000000,16.161616,100.000000,50.000000,5.000000,5.000000,0.000000,0.000000,5.000000,5.000000,82.250000,129.666667,82.783278,70.275706,3.000000
2026-06-24T03:08:58.180980547Z,1000,per_hit,raw_percent_of_host,api-node1,api-node2,7,3,10,1.020408,9.000000,1.020408,18.000000,100.000000,50.000000,7.000000,3.000000,0.000000,0.000000,7.000000,3.000000,86.600000,134.400000,82.062059,69.510268,3.000000
2026-06-24T03:08:59.180978722Z,1000,per_hit,raw_percent_of_host,api-node1,api-node2,6,4,10,7.142857,3.030303,7.142857,6.060606,100.000000,50.000000,6.000000,4.000000,0.000000,0.000000,6.000000,4.000000,107.714286,95.666667,76.289610,78.082876,3.000000
2026-06-24T03:09:00.180977986Z,1000,per_hit,raw_percent_of_host,api-node1,api-node2,6,4,10,0.000000,0.000000,0.000000,0.000000,100.000000,50.000000,6.000000,4.000000,0.000000,0.000000,6.000000,4.000000,105.666667,100.750000,82.753568,82.786944,3.000000
2026-06-24T03:09:01.180978233Z,1000,per_hit,raw_percent_of_host,api-node1,api-node2,6,4,10,0.000000,7.142857,0.000000,14.285714,100.000000,50.000000,6.000000,4.000000,0.000000,0.000000,6.000000,4.000000,98.333333,120.750000,82.711776,71.130322,3.000000
2026-06-24T03:09:02.180978023Z,1000,per_hit,raw_percent_of_host,api-node1,api-node2,7,3,10,0.000000,8.163265,0.000000,16.326531,100.000000,50.000000,7.000000,3.000000,0.000000,0.000000,7.000000,3.000000,91.833333,111.750000,82.736490,70.409021,3.000000
2026-06-24T03:09:03.180980479Z,1000,per_hit,raw_percent_of_host,api-node1,api-node2,8,2,10,2.040816,1.020408,2.040816,2.040816,100.000000,50.000000,8.000000,2.000000,0.000000,0.000000,8.000000,2.000000,91.571429,103.000000,80.996928,81.208810,3.000000
2026-06-24T03:09:04.180986475Z,1000,per_hit,raw_percent_of_host,api-node1,api-node2,5,5,10,5.154639,2.040816,5.154639,4.081633,100.000000,50.000000,5.000000,5.000000,0.000000,0.000000,5.000000,5.000000,94.500000,95.000000,77.766119,79.601519,3.000000
2026-06-24T03:09:05.180978943Z,1000,per_hit,raw_percent_of_host,api-node1,api-node2,5,5,10,0.000000,6.097561,0.000000,12.195122,100.000000,50.000000,5.000000,5.000000,0.000000,0.000000,5.000000,5.000000,88.600000,137.200000,82.705320,72.183136,3.000000
2026-06-24T03:09:06.180977796Z,1000,per_hit,raw_percent_of_host,api-node1,api-node2,4,6,10,1.020408,6.024096,1.020408,12.048193,100.000000,50.000000,4.000000,6.000000,0.000000,0.000000,4.000000,6.000000,80.200000,139.800000,81.990997,72.186561,3.000000
2026-06-24T03:09:07.180980804Z,1000,per_hit,raw_percent_of_host,api-node1,api-node2,5,5,10,1.030928,7.070707,1.030928,14.141414,100.000000,50.000000,5.000000,5.000000,0.000000,0.000000,5.000000,5.000000,67.750000,113.833333,82.029388,71.174858,3.000000
2026-06-24T03:09:08.180981171Z,1000,per_hit,raw_percent_of_host,api-node1,api-node2,9,1,10,0.000000,6.122449,0.000000,12.244898,100.000000,50.000000,9.000000,1.000000,0.000000,0.000000,9.000000,1.000000,101.400000,121.400000,82.496843,72.050768,3.000000
2026-06-24T03:09:09.180977997Z,1000,per_hit,raw_percent_of_host,api-node1,api-node2,6,4,10,0.000000,5.000000,0.000000,10.000000,100.000000,50.000000,6.000000,4.000000,0.000000,0.000000,6.000000,4.000000,88.555556,98.000000,82.684893,75.519140,3.000000
2026-06-24T03:09:10.180982936Z,1000,per_hit,raw_percent_of_host,api-node1,api-node2,5,5,10,0.000000,1.030928,0.000000,2.061856,100.000000,50.000000,5.000000,5.000000,0.000000,0.000000,5.000000,5.000000,78.666667,101.750000,82.667900,81.166895,3.000000
2026-06-24T03:09:11.180977947Z,1000,per_hit,raw_percent_of_host,api-node1,api-node2,7,3,10,0.000000,7.142857,0.000000,14.285714,100.000000,50.000000,7.000000,3.000000,0.000000,0.000000,7.000000,3.000000,89.000000,134.400000,82.728371,71.156406,3.000000
2026-06-24T03:09:12.180980149Z,1000,per_hit,raw_percent_of_host,api-node1,api-node2,8,2,10,0.000000,3.030303,0.000000,6.060606,100.000000,50.000000,8.000000,2.000000,0.000000,0.000000,8.000000,2.000000,92.428571,94.333333,82.712301,78.107996,3.000000
2026-06-24T03:09:13.180978227Z,1000,per_hit,raw_percent_of_host,api-node1,api-node2,2,7,9,0.000000,0.000000,0.000000,0.000000,100.000000,50.000000,2.000000,7.000000,0.000000,0.000000,2.000000,7.000000,102.625000,97.000000,82.883628,82.781450,3.000000
2026-06-24T03:09:14.180980178Z,1000,per_hit,raw_percent_of_host,api-node1,api-node2,5,5,10,0.000000,6.185567,0.000000,12.371134,100.000000,50.000000,5.000000,5.000000,0.000000,0.000000,5.000000,5.000000,50.000000,132.857143,83.335429,72.138046,3.000000
2026-06-24T03:09:15.180977936Z,1000,per_hit,raw_percent_of_host,api-node1,api-node2,7,3,10,5.208333,7.142857,5.208333,14.285714,100.000000,50.000000,6.000000,3.000000,0.000000,0.000000,6.000000,3.000000,80.500000,137.400000,78.823753,71.601067,3.000000
2026-06-24T03:09:16.180977934Z,1000,per_hit,raw_percent_of_host,api-node1,api-node2,4,6,10,0.000000,8.910891,0.000000,17.821782,100.000000,50.000000,4.000000,5.000000,0.000000,0.000000,4.000000,5.000000,84.166667,85.500000,81.914397,77.737860,3.000000
2026-06-24T03:09:17.180978136Z,1000,per_hit,raw_percent_of_host,api-node1,api-node2,2,8,10,0.000000,12.244898,0.000000,24.489796,100.000000,50.000000,2.000000,7.000000,0.000000,0.000000,2.000000,7.000000,67.250000,134.000000,81.976415,71.170526,3.000000
2026-06-24T03:09:18.180980817Z,1000,per_hit,raw_percent_of_host,api-node1,api-node2,7,3,10,5.050505,8.000000,5.050505,16.000000,100.000000,50.000000,6.000000,3.000000,0.000000,0.000000,6.000000,3.000000,50.000000,168.000000,79.283272,71.050528,3.000000
2026-06-24T03:09:19.180979352Z,1000,per_hit,raw_percent_of_host,api-node1,api-node2,3,7,10,0.000000,8.080808,0.000000,16.161616,100.000000,50.000000,3.000000,6.000000,0.000000,0.000000,3.000000,6.000000,99.166667,83.500000,81.996253,78.035444,3.000000
2026-06-24T03:09:20.180980572Z,1000,per_hit,raw_percent_of_host,api-node1,api-node2,4,5,9,0.000000,10.101010,0.000000,20.202020,100.000000,50.000000,4.000000,4.000000,0.000000,0.000000,4.000000,4.000000,55.666667,108.714286,82.609323,76.780593,3.000000
2026-06-24T03:09:21.18097968Z,1000,per_hit,raw_percent_of_host,api-node1,api-node2,5,5,10,0.000000,6.185567,0.000000,12.371134,100.000000,50.000000,5.000000,4.000000,0.000000,0.000000,5.000000,4.000000,71.250000,91.000000,81.781905,78.193471,3.000000
2026-06-24T03:09:22.180980157Z,1000,per_hit,raw_percent_of_host,api-node1,api-node2,4,6,10,11.340206,11.111111,11.340206,22.222222,100.000000,50.000000,3.000000,5.000000,0.000000,0.000000,3.000000,5.000000,93.166667,114.000000,77.726797,71.896908,3.000000
2026-06-24T03:09:23.180980176Z,1000,per_hit,raw_percent_of_host,api-node1,api-node2,4,6,10,7.000000,11.340206,7.000000,22.680412,100.000000,50.000000,3.000000,5.000000,0.000000,0.000000,3.000000,5.000000,53.000000,109.166667,78.982359,75.870662,3.000000
2026-06-24T03:09:24.180977926Z,1000,per_hit,raw_percent_of_host,api-node1,api-node2,4,6,10,6.060606,12.121212,6.060606,24.242424,100.000000,50.000000,3.000000,5.000000,0.000000,0.000000,3.000000,5.000000,52.750000,111.000000,79.031546,75.506816,3.000000
2026-06-24T03:09:25.180981619Z,1000,per_hit,raw_percent_of_host,api-node1,api-node2,3,7,10,6.000000,8.163265,6.000000,16.326531,100.000000,50.000000,2.000000,6.000000,0.000000,0.000000,2.000000,6.000000,52.750000,112.500000,78.978237,77.676446,3.000000
2026-06-24T03:09:26.180981435Z,1000,per_hit,raw_percent_of_host,api-node1,api-node2,8,2,10,10.204082,7.142857,10.204082,14.285714,100.000000,50.000000,6.000000,2.000000,0.000000,0.000000,6.000000,2.000000,50.000000,117.666667,78.812672,71.688568,3.000000
2026-06-24T03:09:27.18098012Z,1000,per_hit,raw_percent_of_host,api-node1,api-node2,4,6,10,10.416667,0.000000,10.416667,0.000000,100.000000,50.000000,2.000000,6.000000,0.000000,0.000000,2.000000,6.000000,75.250000,98.000000,78.264972,81.318502,3.000000
2026-06-24T03:09:28.180980532Z,1000,per_hit,raw_percent_of_host,api-node1,api-node2,7,3,10,10.101010,7.142857,10.101010,14.285714,100.000000,50.000000,5.000000,3.000000,0.000000,0.000000,5.000000,3.000000,50.000000,130.666667,78.797011,71.750334,3.000000
2026-06-24T03:09:29.180980033Z,1000,per_hit,raw_percent_of_host,api-node1,api-node2,6,4,10,10.416667,0.000000,10.416667,0.000000,100.000000,50.000000,4.000000,4.000000,0.000000,0.000000,4.000000,4.000000,75.714286,97.000000,78.309347,81.666879,3.000000
2026-06-24T03:09:30.180981187Z,1000,per_hit,raw_percent_of_host,api-node1,api-node2,7,3,10,10.416667,7.142857,10.416667,14.285714,100.000000,50.000000,5.000000,3.000000,0.000000,0.000000,5.000000,3.000000,71.000000,121.250000,78.276740,72.329145,3.000000
2026-06-24T03:09:31.180978469Z,1000,per_hit,raw_percent_of_host,api-node1,api-node2,8,2,10,10.416667,0.000000,10.416667,0.000000,100.000000,50.000000,6.000000,2.000000,0.000000,0.000000,6.000000,2.000000,85.000000,97.333333,78.297611,81.626838,3.000000
2026-06-24T03:09:32.180978307Z,1000,per_hit,raw_percent_of_host,api-node1,api-node2,8,2,10,10.416667,2.040816,10.416667,4.081633,100.000000,50.000000,6.000000,2.000000,0.000000,0.000000,6.000000,2.000000,83.875000,95.000000,78.371630,78.748903,3.000000
2026-06-24T03:09:33.180980435Z,1000,per_hit,raw_percent_of_host,api-node1,api-node2,6,4,10,6.185567,6.185567,6.185567,12.371134,100.000000,50.000000,5.000000,3.000000,0.000000,0.000000,5.000000,3.000000,88.000000,84.333333,78.199712,78.229314,3.000000
2026-06-24T03:09:34.180977956Z,1000,per_hit,raw_percent_of_host,api-node1,api-node2,7,3,10,10.416667,0.000000,10.416667,0.000000,100.000000,50.000000,5.000000,3.000000,0.000000,0.000000,5.000000,3.000000,70.714286,101.000000,78.247502,81.335261,3.000000
2026-06-24T03:09:35.180986947Z,1000,per_hit,raw_percent_of_host,api-node1,api-node2,5,5,10,5.208333,8.163265,5.208333,16.326531,100.000000,50.000000,4.000000,4.000000,0.000000,0.000000,4.000000,4.000000,86.500000,80.500000,78.454479,78.244495,3.000000
2026-06-24T03:09:36.180979096Z,1000,per_hit,raw_percent_of_host,api-node1,api-node2,6,4,10,10.101010,2.040816,10.101010,4.081633,100.000000,50.000000,4.000000,4.000000,0.000000,0.000000,4.000000,4.000000,66.333333,101.250000,78.272527,78.698173,3.000000
2026-06-24T03:09:37.180981061Z,1000,per_hit,raw_percent_of_host,api-node1,api-node2,4,6,10,10.101010,4.878049,10.101010,9.756098,100.000000,50.000000,2.000000,6.000000,0.000000,0.000000,2.000000,6.000000,63.833333,122.750000,78.289031,73.810009,3.000000
2026-06-24T03:09:38.180977849Z,1000,per_hit,raw_percent_of_host,api-node1,api-node2,9,1,10,11.000000,7.070707,11.000000,14.141414,100.000000,50.000000,7.000000,1.000000,0.000000,0.000000,7.000000,1.000000,50.000000,139.500000,78.725372,71.427535,3.000000
2026-06-24T03:09:39.18098049Z,1000,per_hit,raw_percent_of_host,api-node1,api-node2,6,4,10,5.154639,10.000000,5.154639,20.000000,100.000000,50.000000,5.000000,3.000000,0.000000,0.000000,5.000000,3.000000,81.000000,71.500000,78.359453,77.956155,3.000000
2026-06-24T03:09:40.180981496Z,1000,per_hit,raw_percent_of_host,api-node1,api-node2,6,5,11,11.224490,6.024096,11.224490,12.048193,100.000000,50.000000,4.000000,4.000000,0.000000,0.000000,4.000000,4.000000,71.000000,86.500000,77.841338,77.680395,3.000000
2026-06-24T03:09:41.1809807Z,1000,per_hit,raw_percent_of_host,api-node1,api-node2,6,11,17,10.101010,15.306122,10.101010,30.612245,100.000000,50.000000,4.000000,4.000000,0.000000,0.000000,4.000000,4.000000,65.000000,121.363636,76.423508,71.775278,3.000000
2026-06-24T03:09:42.180984714Z,1000,per_hit,raw_percent_of_host,api-node1,api-node2,14,8,22,16.161616,15.463918,16.161616,30.927835,100.000000,50.000000,7.000000,1.000000,0.000000,0.000000,7.000000,1.000000,82.181818,135.363636,74.103100,72.796877,3.000000
2026-06-24T03:09:43.180980936Z,1000,per_hit,raw_percent_of_host,api-node1,api-node2,16,12,28,26.804124,15.841584,26.804124,31.683168,100.000000,50.000000,5.000000,3.000000,0.000000,0.000000,5.000000,3.000000,122.333333,151.200000,72.337500,76.412667,3.000000
2026-06-24T03:09:44.180981471Z,1000,per_hit,raw_percent_of_host,api-node1,api-node2,13,21,34,25.773196,23.000000,25.773196,46.000000,100.000000,50.000000,2.000000,6.000000,0.000000,0.000000,2.000000,6.000000,121.000000,276.000000,72.431537,72.094775,3.000000
2026-06-24T03:09:45.180977963Z,1000,per_hit,raw_percent_of_host,api-node1,api-node2,25,15,40,40.594059,23.469388,40.594059,46.938776,100.000000,50.000000,3.000000,5.000000,0.000000,0.000000,3.000000,5.000000,172.416667,174.875000,75.359904,72.029820,3.000000
2026-06-24T03:09:46.180978421Z,1000,per_hit,raw_percent_of_host,api-node1,api-node2,23,23,46,27.835052,25.862069,27.835052,51.724138,100.000000,50.000000,6.000000,2.000000,0.000000,0.000000,6.000000,2.000000,133.315789,260.961538,76.392976,76.102192,3.000000
2026-06-24T03:09:47.1809809Z,1000,per_hit,raw_percent_of_host,api-node1,api-node2,25,26,51,32.989691,26.744186,32.989691,53.488372,100.000000,50.000000,5.000000,3.000000,0.000000,0.000000,5.000000,3.000000,177.615385,295.320000,72.594559,69.815512,3.000000
2026-06-24T03:09:48.180980422Z,1000,per_hit,raw_percent_of_host,api-node1,api-node2,30,27,57,36.734694,23.762376,36.734694,47.524752,100.000000,50.000000,4.000000,4.000000,0.000000,0.000000,4.000000,4.000000,185.129032,350.500000,72.882705,71.320777,3.000000
2026-06-24T03:09:49.180980208Z,1000,per_hit,raw_percent_of_host,api-node1,api-node2,39,23,62,45.000000,25.742574,45.000000,51.485149,100.000000,50.000000,5.000000,3.000000,0.000000,0.000000,5.000000,3.000000,253.315789,375.916667,71.963000,67.761670,3.000000
2026-06-24T03:09:50.180979076Z,1000,per_hit,raw_percent_of_host,api-node1,api-node2,33,35,68,40.816327,19.130435,40.816327,38.260870,100.000000,50.000000,5.000000,3.000000,0.000000,0.000000,5.000000,3.000000,207.484848,426.085714,72.402806,72.662989,3.000000
2026-06-24T03:09:51.18098047Z,1000,per_hit,raw_percent_of_host,api-node1,api-node2,29,45,74,37.113402,24.752475,37.113402,49.504950,100.000000,50.000000,4.000000,5.000000,0.000000,0.000000,4.000000,5.000000,190.466667,615.627907,73.665020,73.099052,3.000000
2026-06-24T03:09:52.180982012Z,1000,per_hit,raw_percent_of_host,api-node1,api-node2,46,33,79,46.153846,22.413793,46.153846,44.827586,100.000000,50.000000,6.000000,2.000000,0.000000,0.000000,6.000000,2.000000,279.636364,578.944444,71.674445,67.084769,3.000000
2026-06-24T03:09:53.180979204Z,1000,per_hit,raw_percent_of_host,api-node1,api-node2,30,55,85,24.000000,23.232323,24.000000,46.464646,100.000000,50.000000,4.000000,37.000000,0.000000,0.000000,4.000000,37.000000,188.000000,589.300000,70.924495,72.699637,3.000000
2026-06-24T03:09:54.180979156Z,1000,per_hit,raw_percent_of_host,api-node1,api-node2,50,31,81,47.115385,25.000000,47.115385,50.000000,100.000000,50.000000,0.000000,2.000000,0.000000,0.000000,0.000000,2.000000,292.833333,884.484848,74.784941,48.027227,3.000000
2026-06-24T03:09:55.180979466Z,1000,per_hit,raw_percent_of_host,api-node1,api-node2,54,43,97,49.019608,20.869565,49.019608,41.739130,100.000000,50.000000,2.000000,26.000000,0.000000,0.000000,2.000000,26.000000,328.384615,754.263158,75.470745,47.955625,3.000000
2026-06-24T03:09:56.180981828Z,1000,per_hit,raw_percent_of_host,api-node1,api-node2,57,46,103,49.038462,29.761905,49.038462,59.523810,100.000000,50.000000,1.000000,27.000000,0.000000,0.000000,1.000000,27.000000,337.396552,668.333333,75.681977,46.650135,3.000000
2026-06-24T03:09:57.180979269Z,1000,per_hit,raw_percent_of_host,api-node1,api-node2,58,50,108,45.098039,26.000000,45.098039,52.000000,100.000000,50.000000,1.000000,11.000000,0.000000,0.000000,1.000000,11.000000,379.896552,671.833333,76.222624,66.310188,3.000000
2026-06-24T03:09:58.180978576Z,1000,per_hit,raw_percent_of_host,api-node1,api-node2,67,46,113,49.019608,25.000000,49.019608,50.000000,100.000000,50.000000,2.000000,23.000000,0.000000,0.000000,2.000000,23.000000,463.575758,634.705882,77.558413,56.532548,3.000000
2026-06-24T03:09:59.1809789Z,1000,per_hit,raw_percent_of_host,api-node1,api-node2,67,49,116,51.485149,25.000000,51.485149,50.000000,100.000000,50.000000,2.000000,47.000000,0.000000,0.000000,2.000000,47.000000,510.268657,804.840000,73.450085,47.975658,3.000000
2026-06-24T03:10:00.180981462Z,1000,per_hit,raw_percent_of_host,api-node1,api-node2,74,49,123,44.117647,25.000000,44.117647,50.000000,100.000000,50.000000,13.000000,45.000000,0.000000,0.000000,13.000000,45.000000,557.079365,925.215686,76.111811,50.101634,3.000000
2026-06-24T03:10:01.180978978Z,1000,per_hit,raw_percent_of_host,api-node1,api-node2,66,60,126,50.000000,23.931624,50.000000,47.863248,100.000000,50.000000,1.000000,54.000000,0.000000,0.000000,1.000000,54.000000,476.192308,941.156863,66.815771,49.516508,3.000000
2026-06-24T03:10:02.18097964Z,1000,per_hit,raw_percent_of_host,api-node1,api-node2,75,49,124,51.000000,25.252525,51.000000,50.505051,100.000000,50.000000,6.000000,57.000000,0.000000,0.000000,6.000000,57.000000,340.828571,1301.195652,69.120565,46.232471,3.000000
2026-06-24T03:10:03.180978239Z,1000,per_hit,raw_percent_of_host,api-node1,api-node2,59,41,100,51.000000,23.958333,51.000000,47.916667,100.000000,50.000000,3.000000,48.000000,0.000000,0.000000,3.000000,48.000000,150.951613,1655.800000,73.092798,44.793430,3.000000
2026-06-24T03:10:04.180978858Z,1000,per_hit,raw_percent_of_host,api-node1,api-node2,88,45,133,51.960784,23.958333,51.960784,47.916667,100.000000,50.000000,13.000000,54.000000,0.000000,0.000000,13.000000,54.000000,458.089744,1312.384615,70.317373,46.074715,3.000000
2026-06-24T03:10:05.180978324Z,1000,per_hit,raw_percent_of_host,api-node1,api-node2,65,49,114,52.427184,25.252525,52.427184,50.505051,100.000000,50.000000,3.000000,88.000000,0.000000,0.000000,3.000000,88.000000,294.746667,1297.266667,66.591072,44.921469,3.000000
2026-06-24T03:10:06.180978999Z,1000,per_hit,raw_percent_of_host,api-node1,api-node2,100,56,156,50.000000,27.710843,50.000000,55.421687,100.000000,50.000000,59.000000,54.000000,0.000000,0.000000,59.000000,54.000000,232.545455,1563.822222,68.297450,44.833531,3.000000
2026-06-24T03:10:07.180979487Z,1000,per_hit,raw_percent_of_host,api-node1,api-node2,79,62,141,50.000000,27.710843,50.000000,55.421687,100.000000,50.000000,46.000000,78.000000,0.000000,0.000000,46.000000,78.000000,504.228261,1293.131579,52.289565,44.923744,3.000000
2026-06-24T03:10:08.180978627Z,1000,per_hit,raw_percent_of_host,api-node1,api-node2,70,41,111,54.819277,23.931624,54.819277,47.863248,100.000000,50.000000,6.000000,99.000000,0.000000,0.000000,6.000000,99.000000,417.109091,1437.200000,53.660710,43.861392,3.000000
2026-06-24T03:10:09.180979389Z,1000,per_hit,raw_percent_of_host,api-node1,api-node2,90,54,144,51.485149,25.252525,51.485149,50.505051,100.000000,50.000000,39.000000,77.000000,0.000000,0.000000,39.000000,77.000000,215.578947,1901.092105,69.944900,43.457203,3.000000
2026-06-24T03:10:10.180979772Z,1000,per_hit,raw_percent_of_host,api-node1,api-node2,65,42,107,51.485149,25.252525,51.485149,50.505051,100.000000,50.000000,9.000000,115.000000,0.000000,0.000000,9.000000,115.000000,318.810526,1793.250000,61.761506,43.598971,3.000000
2026-06-24T03:10:11.180979614Z,1000,per_hit,raw_percent_of_host,api-node1,api-node2,43,30,73,50.505051,26.000000,50.505051,52.000000,100.000000,50.000000,4.000000,136.000000,0.000000,0.000000,4.000000,136.000000,147.937500,1275.555556,73.374585,41.401175,3.000000
2026-06-24T03:10:12.180979287Z,1000,per_hit,raw_percent_of_host,api-node1,api-node2,109,71,180,50.000000,24.489796,50.000000,48.979592,100.000000,50.000000,61.000000,47.000000,0.000000,0.000000,61.000000,47.000000,211.134615,2257.293750,72.671637,46.479253,3.000000
2026-06-24T03:10:13.180987918Z,1000,per_hit,raw_percent_of_host,api-node1,api-node2,75,68,143,51.000000,24.489796,51.000000,48.979592,100.000000,50.000000,61.000000,103.000000,0.000000,0.000000,61.000000,103.000000,666.200000,508.000000,54.769178,51.866653,3.000000
2026-06-24T03:10:14.180979983Z,1000,per_hit,raw_percent_of_host,api-node1,api-node2,61,56,117,52.694611,21.929825,52.694611,43.859649,100.000000,50.000000,21.000000,119.000000,0.000000,0.000000,21.000000,119.000000,602.415842,1232.075000,54.522027,43.566756,3.000000
2026-06-24T03:10:15.180978928Z,1000,per_hit,raw_percent_of_host,api-node1,api-node2,58,34,92,51.485149,21.929825,51.485149,43.859649,100.000000,50.000000,22.000000,116.000000,0.000000,0.000000,22.000000,116.000000,187.789474,2093.729730,67.758726,41.908686,3.000000
2026-06-24T03:10:16.180978771Z,1000,per_hit,raw_percent_of_host,api-node1,api-node2,64,32,96,50.505051,21.739130,50.505051,43.478261,100.000000,50.000000,23.000000,116.000000,0.000000,0.000000,23.000000,116.000000,180.539683,2643.781250,71.350627,41.889465,3.000000
2026-06-24T03:10:17.180978903Z,1000,per_hit,raw_percent_of_host,api-node1,api-node2,31,33,64,50.505051,21.739130,50.505051,43.478261,100.000000,50.000000,6.000000,149.000000,0.000000,0.000000,6.000000,149.000000,186.458333,0.000000,74.179401,41.093773,3.000000
2026-06-24T03:10:18.18097814Z,1000,per_hit,raw_percent_of_host,api-node1,api-node2,17,16,33,50.000000,21.739130,50.000000,43.478261,100.000000,50.000000,1.000000,160.000000,0.000000,0.000000,1.000000,160.000000,81.545455,2158.800000,78.533893,39.701177,3.000000
2026-06-24T03:10:19.180979445Z,1000,per_hit,raw_percent_of_host,api-node1,api-node2,101,77,178,45.544554,25.252525,45.544554,50.505051,100.000000,50.000000,89.000000,75.000000,0.000000,0.000000,89.000000,75.000000,314.769231,2965.666667,75.984742,46.896314,3.000000
2026-06-24T03:10:20.180978817Z,1000,per_hit,raw_percent_of_host,api-node1,api-node2,78,51,129,51.000000,25.252525,51.000000,50.505051,100.000000,50.000000,47.000000,96.000000,0.000000,0.000000,47.000000,96.000000,889.100000,1423.400000,47.776846,43.507137,3.000000
2026-06-24T03:10:21.180986706Z,1000,per_hit,raw_percent_of_host,api-node1,api-node2,76,57,133,50.495050,25.252525,50.495050,50.505051,100.000000,50.000000,18.000000,99.000000,0.000000,0.000000,18.000000,99.000000,514.590476,1862.703704,52.344019,43.179385,3.000000
2026-06-24T03:10:22.180978319Z,1000,per_hit,raw_percent_of_host,api-node1,api-node2,57,35,92,50.505051,25.252525,50.505051,50.505051,100.000000,50.000000,5.000000,123.000000,0.000000,0.000000,5.000000,123.000000,204.842857,2194.636364,69.397586,43.267298,3.000000
2026-06-24T03:10:23.180979337Z,1000,per_hit,raw_percent_of_host,api-node1,api-node2,35,26,61,50.505051,25.252525,50.505051,50.505051,100.000000,50.000000,6.000000,141.000000,0.000000,0.000000,6.000000,141.000000,119.470588,2892.000000,75.707251,39.964170,3.000000
2026-06-24T03:10:24.180979292Z,1000,per_hit,raw_percent_of_host,api-node1,api-node2,88,64,152,40.000000,25.252525,40.000000,50.505051,100.000000,50.000000,69.000000,92.000000,0.000000,0.000000,69.000000,92.000000,159.000000,2753.000000,68.362694,44.770286,3.000000
2026-06-24T03:10:25.180979384Z,1000,per_hit,raw_percent_of_host,api-node1,api-node2,51,37,88,50.495050,25.252525,50.495050,50.505051,100.000000,50.000000,2.000000,126.000000,0.000000,0.000000,2.000000,126.000000,485.974576,1478.000000,71.132654,42.734132,3.000000
2026-06-24T03:10:26.180979203Z,1000,per_hit,raw_percent_of_host,api-node1,api-node2,85,58,143,51.485149,21.929825,51.485149,43.859649,100.000000,50.000000,45.000000,89.000000,0.000000,0.000000,45.000000,89.000000,199.571429,2485.263158,68.220351,42.697286,3.000000
2026-06-24T03:10:27.180979198Z,1000,per_hit,raw_percent_of_host,api-node1,api-node2,79,49,128,50.505051,25.000000,50.505051,50.000000,100.000000,50.000000,39.000000,100.000000,0.000000,0.000000,39.000000,100.000000,299.247059,2015.078947,69.339544,43.771302,3.000000
2026-06-24T03:10:28.180978355Z,1000,per_hit,raw_percent_of_host,api-node1,api-node2,72,47,119,50.505051,25.000000,50.505051,50.000000,100.000000,50.000000,34.000000,101.000000,0.000000,0.000000,34.000000,101.000000,276.532468,1911.804348,69.716464,42.929299,3.000000
2026-06-24T03:10:29.180978826Z,1000,per_hit,raw_percent_of_host,api-node1,api-node2,74,56,130,50.505051,25.000000,50.505051,50.000000,100.000000,50.000000,20.000000,103.000000,0.000000,0.000000,20.000000,103.000000,267.295455,1864.074074,66.457018,43.608131,3.000000
2026-06-24T03:10:30.180978689Z,1000,per_hit,raw_percent_of_host,api-node1,api-node2,71,43,114,50.505051,26.000000,50.505051,52.000000,100.000000,50.000000,23.000000,109.000000,0.000000,0.000000,23.000000,109.000000,194.882353,2088.243243,71.757458,43.122481,3.000000
2026-06-24T03:10:31.18097841Z,1000,per_hit,raw_percent_of_host,api-node1,api-node2,65,43,108,51.000000,26.000000,51.000000,52.000000,100.000000,50.000000,17.000000,113.000000,0.000000,0.000000,17.000000,113.000000,196.676056,2295.282051,71.042097,42.356462,3.000000
2026-06-24T03:10:32.180979997Z,1000,per_hit,raw_percent_of_host,api-node1,api-node2,78,35,113,51.485149,25.000000,51.485149,50.000000,100.000000,50.000000,36.000000,97.000000,0.000000,0.000000,36.000000,97.000000,198.288136,2387.980392,70.440854,42.861468,3.000000
2026-06-24T03:10:33.180978524Z,1000,per_hit,raw_percent_of_host,api-node1,api-node2,67,53,120,51.485149,25.000000,51.485149,50.000000,100.000000,50.000000,17.000000,113.000000,0.000000,0.000000,17.000000,113.000000,245.953488,2543.432432,67.532099,43.044260,3.000000
2026-06-24T03:10:34.180979372Z,1000,per_hit,raw_percent_of_host,api-node1,api-node2,43,37,80,51.000000,25.000000,51.000000,50.000000,100.000000,50.000000,9.000000,125.000000,0.000000,0.000000,9.000000,125.000000,163.019608,2090.240000,74.074526,41.523107,3.000000
2026-06-24T03:10:35.180979154Z,1000,per_hit,raw_percent_of_host,api-node1,api-node2,56,32,88,51.000000,24.489796,51.000000,48.979592,100.000000,50.000000,19.000000,58.000000,0.000000,0.000000,19.000000,58.000000,111.108696,2896.434343,74.954841,42.019148,3.000000
2026-06-24T03:10:36.180978381Z,1000,per_hit,raw_percent_of_host,api-node1,api-node2,88,58,146,50.495050,24.489796,50.495050,48.979592,100.000000,50.000000,13.000000,92.000000,0.000000,0.000000,13.000000,92.000000,513.478723,1626.791667,66.862841,45.162158,3.000000
2026-06-24T03:10:37.180978801Z,1000,per_hit,raw_percent_of_host,api-node1,api-node2,80,56,136,50.000000,24.489796,50.000000,48.979592,100.000000,50.000000,10.000000,100.000000,0.000000,0.000000,10.000000,100.000000,625.879518,1713.270833,66.017498,43.369779,3.000000
2026-06-24T03:10:38.180979162Z,1000,per_hit,raw_percent_of_host,api-node1,api-node2,57,41,98,51.000000,22.608696,51.000000,45.217391,100.000000,50.000000,5.000000,123.000000,0.000000,0.000000,5.000000,123.000000,221.629032,2151.555556,69.452298,42.171080,3.000000
2026-06-24T03:10:39.180978473Z,1000,per_hit,raw_percent_of_host,api-node1,api-node2,72,47,119,51.000000,22.608696,51.000000,45.217391,100.000000,50.000000,6.000000,107.000000,0.000000,0.000000,6.000000,107.000000,213.718310,2518.285714,70.197950,42.286876,3.000000
2026-06-24T03:10:40.180979643Z,1000,per_hit,raw_percent_of_host,api-node1,api-node2,47,30,77,51.000000,22.608696,51.000000,45.217391,100.000000,50.000000,1.000000,58.000000,0.000000,0.000000,1.000000,58.000000,157.769231,2432.050633,70.812450,42.158070,3.000000
2026-06-24T03:10:41.180978496Z,1000,per_hit,raw_percent_of_host,api-node1,api-node2,100,76,176,50.000000,22.608696,50.000000,45.217391,100.000000,50.000000,24.000000,122.000000,0.000000,0.000000,24.000000,122.000000,460.805195,1797.916667,71.540023,48.514656,3.000000
2026-06-24T03:10:42.1809782Z,1000,per_hit,raw_percent_of_host,api-node1,api-node2,55,29,84,51.000000,22.608696,51.000000,45.217391,100.000000,50.000000,16.000000,118.000000,0.000000,0.000000,16.000000,118.000000,171.111111,1996.909091,70.987250,40.929245,3.000000
2026-06-24T03:10:43.180978095Z,1000,per_hit,raw_percent_of_host,api-node1,api-node2,41,23,64,51.515152,24.489796,51.515152,48.979592,100.000000,50.000000,8.000000,97.000000,0.000000,0.000000,8.000000,97.000000,153.326531,3352.477273,74.026141,40.879606,3.000000
2026-06-24T03:10:44.180979345Z,1000,per_hit,raw_percent_of_host,api-node1,api-node2,113,64,177,51.000000,26.000000,51.000000,52.000000,100.000000,50.000000,38.000000,44.000000,0.000000,0.000000,38.000000,44.000000,436.734940,1947.948718,71.846003,46.723563,3.000000
2026-06-24T03:10:45.18098031Z,1000,per_hit,raw_percent_of_host,api-node1,api-node2,83,48,131,55.882353,26.000000,55.882353,52.000000,100.000000,50.000000,46.000000,88.000000,0.000000,0.000000,46.000000,88.000000,616.986667,1344.750000,63.929408,46.018227,3.000000
2026-06-24T03:10:46.18097884Z,1000,per_hit,raw_percent_of_host,api-node1,api-node2,96,79,175,50.000000,25.252525,50.000000,50.505051,100.000000,50.000000,75.000000,74.000000,0.000000,0.000000,75.000000,74.000000,836.134328,1583.129032,53.461795,44.502450,3.000000
2026-06-24T03:10:47.180978427Z,1000,per_hit,raw_percent_of_host,api-node1,api-node2,69,44,113,50.495050,25.252525,50.495050,50.505051,100.000000,50.000000,23.000000,111.000000,0.000000,0.000000,23.000000,111.000000,499.942149,1049.000000,64.807593,43.665486,3.000000
2026-06-24T03:10:48.180978493Z,1000,per_hit,raw_percent_of_host,api-node1,api-node2,76,54,130,51.000000,0.000000,51.000000,0.000000,100.000000,50.000000,36.000000,103.000000,0.000000,0.000000,36.000000,103.000000,254.793651,1721.032258,70.366015,48.465117,3.000000
2026-06-24T03:10:49.180979643Z,1000,per_hit,raw_percent_of_host,api-node1,api-node2,64,42,106,43.661972,25.252525,43.661972,50.505051,100.000000,50.000000,5.000000,116.000000,0.000000,0.000000,5.000000,116.000000,336.273684,1898.965517,67.038575,44.580317,3.000000
2026-06-24T03:10:50.180978421Z,1000,per_hit,raw_percent_of_host,api-node1,api-node2,53,26,79,51.000000,25.252525,51.000000,50.505051,100.000000,50.000000,3.000000,123.000000,0.000000,0.000000,3.000000,123.000000,133.690909,1986.210526,74.376396,41.715351,3.000000
2026-06-24T03:10:51.180980223Z,1000,per_hit,raw_percent_of_host,api-node1,api-node2,105,75,180,50.495050,25.000000,50.495050,50.000000,100.000000,50.000000,75.000000,65.000000,0.000000,0.000000,75.000000,65.000000,135.757576,2319.225564,70.121817,46.920226,3.000000
2026-06-24T03:10:52.180979371Z,1000,per_hit,raw_percent_of_host,api-node1,api-node2,72,60,132,51.000000,27.000000,51.000000,54.000000,100.000000,50.000000,57.000000,105.000000,0.000000,0.000000,57.000000,105.000000,669.577778,1008.000000,52.226237,45.804783,3.000000
2026-06-24T03:10:53.180979475Z,1000,per_hit,raw_percent_of_host,api-node1,api-node2,65,44,109,51.000000,25.510204,51.000000,51.020408,100.000000,50.000000,17.000000,110.000000,0.000000,0.000000,17.000000,110.000000,416.380952,1638.487179,60.761050,42.668756,3.000000
2026-06-24T03:10:54.180979207Z,1000,per_hit,raw_percent_of_host,api-node1,api-node2,61,41,102,51.000000,25.510204,51.000000,51.020408,100.000000,50.000000,5.000000,119.000000,0.000000,0.000000,5.000000,119.000000,188.958904,1997.250000,69.732851,42.492067,3.000000
2026-06-24T03:10:55.180978441Z,1000,per_hit,raw_percent_of_host,api-node1,api-node2,53,31,84,51.000000,25.510204,51.000000,51.020408,100.000000,50.000000,5.000000,71.000000,0.000000,0.000000,5.000000,71.000000,156.547170,2425.240506,73.128555,41.616381,3.000000
2026-06-24T03:10:56.180978011Z,1000,per_hit,raw_percent_of_host,api-node1,api-node2,67,63,130,51.000000,25.510204,51.000000,51.020408,100.000000,50.000000,13.000000,127.000000,0.000000,0.000000,13.000000,127.000000,223.372881,1469.857143,70.115798,44.290540,3.000000
2026-06-24T03:10:57.180978269Z,1000,per_hit,raw_percent_of_host,api-node1,api-node2,78,64,142,45.454545,25.510204,45.454545,51.020408,100.000000,50.000000,11.000000,105.000000,0.000000,0.000000,11.000000,105.000000,411.837500,2196.674419,66.481825,43.526558,3.000000
2026-06-24T03:10:58.18097917Z,1000,per_hit,raw_percent_of_host,api-node1,api-node2,46,30,76,52.884615,25.510204,52.884615,51.020408,100.000000,50.000000,5.000000,90.000000,0.000000,0.000000,5.000000,90.000000,151.500000,2382.622222,72.575478,41.015109,3.000000
2026-06-24T03:10:59.180978616Z,1000,per_hit,raw_percent_of_host,api-node1,api-node2,53,40,93,50.495050,25.510204,50.495050,51.020408,100.000000,50.000000,2.000000,90.000000,0.000000,0.000000,2.000000,90.000000,338.625000,2611.050000,72.463985,42.715136,3.000000
2026-06-24T03:11:00.180979618Z,1000,per_hit,raw_percent_of_host,api-node1,api-node2,107,57,164,48.958333,25.000000,48.958333,50.000000,100.000000,50.000000,36.000000,73.000000,0.000000,0.000000,36.000000,73.000000,670.287671,1837.243243,73.681789,45.074088,3.000000
2026-06-24T03:11:01.180978376Z,1000,per_hit,raw_percent_of_host,api-node1,api-node2,59,53,112,51.960784,25.000000,51.960784,50.000000,100.000000,50.000000,2.000000,117.000000,0.000000,0.000000,2.000000,117.000000,722.731183,1506.000000,47.148777,43.362526,3.000000
2026-06-24T03:11:02.180979065Z,1000,per_hit,raw_percent_of_host,api-node1,api-node2,90,60,150,48.484848,28.571429,48.484848,57.142857,100.000000,50.000000,1.000000,90.000000,0.000000,0.000000,1.000000,90.000000,437.340659,1812.747126,68.681335,44.316118,3.000000
2026-06-24T03:11:03.1809784Z,1000,per_hit,raw_percent_of_host,api-node1,api-node2,47,43,90,51.485149,28.571429,51.485149,57.142857,100.000000,50.000000,0.000000,133.000000,0.000000,0.000000,0.000000,133.000000,187.666667,0.000000,72.765179,42.456328,3.000000
2026-06-24T03:11:04.180978982Z,1000,per_hit,raw_percent_of_host,api-node1,api-node2,94,56,150,51.485149,28.571429,51.485149,57.142857,100.000000,50.000000,60.000000,61.000000,0.000000,0.000000,60.000000,61.000000,169.705882,2206.648438,71.415232,43.332435,3.000000
2026-06-24T03:11:05.180978351Z,1000,per_hit,raw_percent_of_host,api-node1,api-node2,78,63,141,50.495050,25.252525,50.495050,50.505051,100.000000,50.000000,27.000000,96.000000,0.000000,0.000000,27.000000,96.000000,541.594595,1374.250000,52.992802,45.809851,3.000000
2026-06-24T03:11:06.180978236Z,1000,per_hit,raw_percent_of_host,api-node1,api-node2,66,42,108,47.222222,25.252525,47.222222,50.505051,100.000000,50.000000,9.000000,110.000000,0.000000,0.000000,9.000000,110.000000,297.333333,1894.678571,63.900618,42.689494,3.000000
2026-06-24T03:11:07.180978689Z,1000,per_hit,raw_percent_of_host,api-node1,api-node2,78,32,110,47.222222,25.252525,47.222222,50.505051,100.000000,50.000000,25.000000,97.000000,0.000000,0.000000,25.000000,97.000000,220.516129,2348.288889,73.883527,42.591002,3.000000
2026-06-24T03:11:08.180979497Z,1000,per_hit,raw_percent_of_host,api-node1,api-node2,73,31,104,51.485149,25.252525,51.485149,50.505051,100.000000,50.000000,10.000000,94.000000,0.000000,0.000000,10.000000,94.000000,219.875000,2365.529412,67.856240,44.431169,3.000000
2026-06-24T03:11:09.180985575Z,1000,per_hit,raw_percent_of_host,api-node1,api-node2,100,71,171,50.495050,25.252525,50.495050,50.505051,100.000000,50.000000,35.000000,78.000000,0.000000,0.000000,35.000000,78.000000,354.946667,2138.942529,65.436588,44.808231,3.000000
2026-06-24T03:11:10.180979817Z,1000,per_hit,raw_percent_of_host,api-node1,api-node2,77,63,140,51.000000,25.252525,51.000000,50.505051,100.000000,50.000000,12.000000,100.000000,0.000000,0.000000,12.000000,100.000000,354.770000,1263.560976,57.351120,43.496882,3.000000
2026-06-24T03:11:11.180978657Z,1000,per_hit,raw_percent_of_host,api-node1,api-node2,61,51,112,52.884615,29.761905,52.884615,59.523810,100.000000,50.000000,18.000000,104.000000,0.000000,0.000000,18.000000,104.000000,145.836364,1873.234043,73.203626,42.884781,3.000000
2026-06-24T03:11:12.180978123Z,1000,per_hit,raw_percent_of_host,api-node1,api-node2,54,36,90,48.421053,29.761905,48.421053,59.523810,100.000000,50.000000,9.000000,107.000000,0.000000,0.000000,9.000000,107.000000,176.952381,2005.121212,69.785442,42.717413,3.000000
2026-06-24T03:11:13.180978892Z,1000,per_hit,raw_percent_of_host,api-node1,api-node2,53,26,79,50.505051,29.761905,50.505051,59.523810,100.000000,50.000000,5.000000,109.000000,0.000000,0.000000,5.000000,109.000000,170.035088,2370.250000,72.282269,45.134099,3.000000
2026-06-24T03:11:14.18097884Z,1000,per_hit,raw_percent_of_host,api-node1,api-node2,97,58,155,51.000000,22.608696,51.000000,45.217391,100.000000,50.000000,65.000000,46.000000,0.000000,0.000000,65.000000,46.000000,137.378378,2303.628099,70.669486,50.338040,3.000000
2026-06-24T03:11:15.180981841Z,1000,per_hit,raw_percent_of_host,api-node1,api-node2,61,56,117,51.000000,22.608696,51.000000,45.217391,100.000000,50.000000,43.000000,87.000000,0.000000,0.000000,43.000000,87.000000,510.144578,796.200000,54.948981,50.032350,3.000000
2026-06-24T03:11:16.180980318Z,1000,per_hit,raw_percent_of_host,api-node1,api-node2,33,28,61,51.000000,22.608696,51.000000,45.217391,100.000000,50.000000,1.000000,111.000000,0.000000,0.000000,1.000000,111.000000,361.986667,922.500000,70.172426,45.641956,3.000000
2026-06-24T03:11:17.180978571Z,1000,per_hit,raw_percent_of_host,api-node1,api-node2,76,53,129,42.718447,26.262626,42.718447,52.525253,100.000000,50.000000,0.000000,61.000000,0.000000,0.000000,0.000000,61.000000,290.597403,1634.941748,70.477073,46.829929,3.000000
2026-06-24T03:11:18.180978416Z,1000,per_hit,raw_percent_of_host,api-node1,api-node2,52,33,85,45.631068,26.262626,45.631068,52.525253,100.000000,50.000000,0.000000,84.000000,0.000000,0.000000,0.000000,84.000000,214.230769,1423.900000,69.984859,44.937061,3.000000
2026-06-24T03:11:19.180979132Z,1000,per_hit,raw_percent_of_host,api-node1,api-node2,79,45,124,45.631068,26.262626,45.631068,52.525253,100.000000,50.000000,58.000000,43.000000,0.000000,0.000000,58.000000,43.000000,171.285714,1502.651163,74.406219,47.844418,3.000000
2026-06-24T03:11:20.180978724Z,1000,per_hit,raw_percent_of_host,api-node1,api-node2,71,54,125,51.000000,24.203822,51.000000,48.407643,100.000000,50.000000,3.000000,43.000000,0.000000,0.000000,3.000000,43.000000,496.055556,906.759259,65.745403,54.266061,3.000000
2026-06-24T03:11:21.180979141Z,1000,per_hit,raw_percent_of_host,api-node1,api-node2,67,41,108,51.000000,24.203822,51.000000,48.407643,100.000000,50.000000,1.000000,42.000000,0.000000,0.000000,1.000000,42.000000,296.347826,984.476190,74.004638,48.942756,3.000000
2026-06-24T03:11:22.180978327Z,1000,per_hit,raw_percent_of_host,api-node1,api-node2,51,33,84,51.000000,24.203822,51.000000,48.407643,100.000000,50.000000,0.000000,57.000000,0.000000,0.000000,0.000000,57.000000,164.346154,838.000000,72.583368,52.714392,3.000000
2026-06-24T03:11:23.180979141Z,1000,per_hit,raw_percent_of_host,api-node1,api-node2,57,50,107,45.454545,26.262626,45.454545,52.525253,100.000000,50.000000,0.000000,12.000000,0.000000,0.000000,0.000000,12.000000,338.368421,902.831579,73.968909,55.387736,3.000000
2026-06-24T03:11:24.180980339Z,1000,per_hit,raw_percent_of_host,api-node1,api-node2,54,47,101,50.000000,28.571429,50.000000,57.142857,100.000000,50.000000,0.000000,17.000000,0.000000,0.000000,0.000000,17.000000,237.592593,497.619048,73.045467,54.798113,3.000000
2026-06-24T03:11:25.180979073Z,1000,per_hit,raw_percent_of_host,api-node1,api-node2,63,34,97,50.980392,25.252525,50.980392,50.505051,100.000000,50.000000,2.000000,1.000000,0.000000,0.000000,2.000000,1.000000,236.622951,538.620000,73.374252,48.602002,3.000000
2026-06-24T03:11:26.18097831Z,1000,per_hit,raw_percent_of_host,api-node1,api-node2,43,46,89,49.504950,26.829268,49.504950,53.658537,100.000000,50.000000,1.000000,8.000000,0.000000,0.000000,1.000000,8.000000,167.181818,446.692308,73.124254,68.086145,3.000000
2026-06-24T03:11:27.180980472Z,1000,per_hit,raw_percent_of_host,api-node1,api-node2,48,38,86,46.464646,26.000000,46.464646,52.000000,100.000000,50.000000,1.000000,1.000000,0.000000,0.000000,1.000000,1.000000,145.375000,484.200000,74.254388,66.891937,3.000000
2026-06-24T03:11:28.180978396Z,1000,per_hit,raw_percent_of_host,api-node1,api-node2,37,43,80,46.601942,27.722772,46.601942,55.445545,100.000000,50.000000,0.000000,2.000000,0.000000,0.000000,0.000000,2.000000,191.184211,277.119048,75.422159,69.696289,3.000000
2026-06-24T03:11:29.180979579Z,1000,per_hit,raw_percent_of_host,api-node1,api-node2,33,39,72,50.000000,24.000000,50.000000,48.000000,100.000000,50.000000,0.000000,1.000000,0.000000,0.000000,0.000000,1.000000,74.121212,414.525000,77.598820,68.546953,3.000000
2026-06-24T03:11:30.18098069Z,1000,per_hit,raw_percent_of_host,api-node1,api-node2,29,39,68,46.078431,27.722772,46.078431,55.445545,100.000000,50.000000,0.000000,1.000000,0.000000,0.000000,0.000000,1.000000,121.517241,212.102564,75.701158,69.987296,3.000000
2026-06-24T03:11:31.180980451Z,1000,per_hit,raw_percent_of_host,api-node1,api-node2,40,24,64,50.000000,21.212121,50.000000,42.424242,100.000000,50.000000,0.000000,1.000000,0.000000,0.000000,0.000000,1.000000,143.125000,112.208333,75.436246,76.133104,3.000000
2026-06-24T03:11:32.180980646Z,1000,per_hit,raw_percent_of_host,api-node1,api-node2,31,26,57,46.464646,26.000000,46.464646,52.000000,100.000000,50.000000,0.000000,0.000000,0.000000,0.000000,0.000000,0.000000,87.741935,126.148148,76.200539,74.429518,3.000000
2026-06-24T03:11:33.180980783Z,1000,per_hit,raw_percent_of_host,api-node1,api-node2,29,21,50,48.076923,22.222222,48.076923,44.444444,100.000000,50.000000,0.000000,0.000000,0.000000,0.000000,0.000000,0.000000,89.896552,125.000000,76.484434,76.146250,3.000000
2026-06-24T03:11:34.180980889Z,1000,per_hit,raw_percent_of_host,api-node1,api-node2,18,26,44,41.414141,26.732673,41.414141,53.465347,100.000000,50.000000,0.000000,0.000000,0.000000,0.000000,0.000000,0.000000,69.777778,153.576923,75.298440,73.415026,3.000000
2026-06-24T03:11:35.180978764Z,1000,per_hit,raw_percent_of_host,api-node1,api-node2,24,17,41,47.524752,21.212121,47.524752,42.424242,100.000000,50.000000,0.000000,0.000000,0.000000,0.000000,0.000000,0.000000,89.208333,117.705882,75.975642,77.228441,3.000000
2026-06-24T03:11:36.180981235Z,1000,per_hit,raw_percent_of_host,api-node1,api-node2,15,20,35,39.795918,25.000000,39.795918,50.000000,100.000000,50.000000,0.000000,0.000000,0.000000,0.000000,0.000000,0.000000,52.400000,132.400000,76.731680,74.968206,3.000000
2026-06-24T03:11:37.180980389Z,1000,per_hit,raw_percent_of_host,api-node1,api-node2,14,15,29,37.142857,27.272727,37.142857,54.545455,100.000000,50.000000,0.000000,0.000000,0.000000,0.000000,0.000000,0.000000,73.857143,86.133333,76.442403,75.897369,3.000000
2026-06-24T03:11:38.180979892Z,1000,per_hit,raw_percent_of_host,api-node1,api-node2,9,13,22,24.242424,23.232323,24.242424,46.464646,100.000000,50.000000,0.000000,0.000000,0.000000,0.000000,0.000000,0.000000,51.222222,79.153846,77.687754,77.686604,3.000000
2026-06-24T03:11:39.180978808Z,1000,per_hit,raw_percent_of_host,api-node1,api-node2,9,7,16,22.772277,23.000000,22.772277,46.000000,100.000000,50.000000,0.000000,0.000000,0.000000,0.000000,0.000000,0.000000,59.777778,84.857143,76.504129,77.224064,3.000000
2026-06-24T03:11:40.180981766Z,1000,per_hit,raw_percent_of_host,api-node1,api-node2,5,7,12,11.111111,17.346939,11.111111,34.693878,100.000000,50.000000,0.000000,0.000000,0.000000,0.000000,0.000000,0.000000,52.000000,71.142857,77.455997,76.276667,3.000000
2026-06-24T03:11:41.180978807Z,1000,per_hit,raw_percent_of_host,api-node1,api-node2,3,7,10,5.050505,12.000000,5.050505,24.000000,100.000000,50.000000,0.000000,0.000000,0.000000,0.000000,0.000000,0.000000,50.000000,77.428571,78.879358,73.403427,3.000000
2026-06-24T03:11:42.180980956Z,1000,per_hit,raw_percent_of_host,api-node1,api-node2,8,2,10,21.000000,0.000000,21.000000,0.000000,100.000000,50.000000,0.000000,0.000000,0.000000,0.000000,0.000000,0.000000,61.250000,50.000000,77.655109,80.310524,3.000000
2026-06-24T03:11:43.180979388Z,1000,per_hit,raw_percent_of_host,api-node1,api-node2,6,4,10,16.831683,5.050505,16.831683,10.101010,100.000000,50.000000,0.000000,0.000000,0.000000,0.000000,0.000000,0.000000,50.000000,73.000000,78.205340,77.248853,3.000000
2026-06-24T03:11:44.18098276Z,1000,per_hit,raw_percent_of_host,api-node1,api-node2,5,5,10,7.070707,12.121212,7.070707,24.242424,100.000000,50.000000,0.000000,0.000000,0.000000,0.000000,0.000000,0.000000,50.000000,83.200000,78.491651,75.857570,3.000000
2026-06-24T03:11:45.180979183Z,1000,per_hit,raw_percent_of_host,api-node1,api-node2,6,4,10,15.151515,7.000000,15.151515,14.000000,100.000000,50.000000,0.000000,0.000000,0.000000,0.000000,0.000000,0.000000,50.000000,90.250000,77.693290,76.307525,3.000000
2026-06-24T03:11:46.180981537Z,1000,per_hit,raw_percent_of_host,api-node1,api-node2,5,5,10,13.131313,7.000000,13.131313,14.000000,100.000000,50.000000,0.000000,0.000000,0.000000,0.000000,0.000000,0.000000,50.000000,80.200000,77.700586,76.654677,3.000000
2026-06-24T03:11:47.180982194Z,1000,per_hit,raw_percent_of_host,api-node1,api-node2,5,5,10,11.881188,5.050505,11.881188,10.101010,100.000000,50.000000,0.000000,0.000000,0.000000,0.000000,0.000000,0.000000,50.000000,79.800000,78.473983,77.210556,3.000000
2026-06-24T03:11:48.180982633Z,1000,per_hit,raw_percent_of_host,api-node1,api-node2,6,4,10,12.121212,7.000000,12.121212,14.000000,100.000000,50.000000,0.000000,0.000000,0.000000,0.000000,0.000000,0.000000,50.000000,88.500000,78.242730,76.191070,3.000000
2026-06-24T03:11:49.180981877Z,1000,per_hit,raw_percent_of_host,api-node1,api-node2,5,5,10,10.101010,12.000000,10.101010,24.000000,100.000000,50.000000,0.000000,0.000000,0.000000,0.000000,0.000000,0.000000,50.000000,79.600000,78.003930,76.789573,3.000000
2026-06-24T03:11:50.180978734Z,1000,per_hit,raw_percent_of_host,api-node1,api-node2,4,6,10,2.020202,11.111111,2.020202,22.222222,100.000000,50.000000,0.000000,0.000000,0.000000,0.000000,0.000000,0.000000,50.000000,84.000000,79.511189,76.612646,3.000000
2026-06-24T03:11:51.180978119Z,1000,per_hit,raw_percent_of_host,api-node1,api-node2,5,5,10,17.171717,6.060606,17.171717,12.121212,100.000000,50.000000,0.000000,0.000000,0.000000,0.000000,0.000000,0.000000,50.000000,70.600000,77.437388,76.396073,3.000000
2026-06-24T03:11:52.180981977Z,1000,per_hit,raw_percent_of_host,api-node1,api-node2,5,5,10,18.000000,6.060606,18.000000,12.121212,100.000000,50.000000,0.000000,0.000000,0.000000,0.000000,0.000000,0.000000,50.000000,84.200000,78.434639,76.432381,3.000000
2026-06-24T03:11:53.180978085Z,1000,per_hit,raw_percent_of_host,api-node1,api-node2,6,4,10,16.000000,6.000000,16.000000,12.000000,100.000000,50.000000,0.000000,0.000000,0.000000,0.000000,0.000000,0.000000,62.166667,60.250000,78.051933,76.448926,3.000000
2026-06-24T03:11:54.180978958Z,1000,per_hit,raw_percent_of_host,api-node1,api-node2,4,6,10,5.050505,11.111111,5.050505,22.222222,100.000000,50.000000,0.000000,0.000000,0.000000,0.000000,0.000000,0.000000,50.000000,82.000000,79.169631,75.550345,3.000000
2026-06-24T03:11:55.180978904Z,1000,per_hit,raw_percent_of_host,api-node1,api-node2,4,6,10,15.000000,7.142857,15.000000,14.285714,100.000000,50.000000,0.000000,0.000000,0.000000,0.000000,0.000000,0.000000,50.000000,68.833333,78.055189,76.829784,3.000000
2026-06-24T03:11:56.180979197Z,1000,per_hit,raw_percent_of_host,api-node1,api-node2,6,4,10,14.000000,11.000000,14.000000,22.000000,100.000000,50.000000,0.000000,0.000000,0.000000,0.000000,0.000000,0.000000,51.666667,62.250000,78.703770,77.375540,3.000000
2026-06-24T03:11:57.180983678Z,1000,per_hit,raw_percent_of_host,api-node1,api-node2,4,6,10,15.151515,5.050505,15.151515,10.101010,100.000000,50.000000,0.000000,0.000000,0.000000,0.000000,0.000000,0.000000,50.000000,77.166667,78.330692,76.644000,3.000000
2026-06-24T03:11:58.180979184Z,1000,per_hit,raw_percent_of_host,api-node1,api-node2,4,6,10,6.000000,10.101010,6.000000,20.202020,100.000000,50.000000,0.000000,0.000000,0.000000,0.000000,0.000000,0.000000,50.000000,79.666667,79.304760,76.879977,3.000000
2026-06-24T03:11:59.18098167Z,1000,per_hit,raw_percent_of_host,api-node1,api-node2,8,2,10,20.000000,1.000000,20.000000,2.000000,100.000000,50.000000,0.000000,0.000000,0.000000,0.000000,0.000000,0.000000,56.500000,50.000000,77.358052,79.373812,3.000000
2026-06-24T03:12:00.180978588Z,1000,per_hit,raw_percent_of_host,api-node1,api-node2,8,2,10,18.181818,0.000000,18.181818,0.000000,100.000000,50.000000,0.000000,0.000000,0.000000,0.000000,0.000000,0.000000,61.125000,50.000000,77.363139,80.464685,3.000000
2026-06-24T03:12:01.180981845Z,1000,per_hit,raw_percent_of_host,api-node1,api-node2,7,3,10,17.171717,6.000000,17.171717,12.000000,100.000000,50.000000,0.000000,0.000000,0.000000,0.000000,0.000000,0.000000,50.000000,80.666667,77.892251,76.421400,3.000000
2026-06-24T03:12:02.180984576Z,1000,per_hit,raw_percent_of_host,api-node1,api-node2,3,7,10,10.000000,11.881188,10.000000,23.762376,100.000000,50.000000,0.000000,0.000000,0.000000,0.000000,0.000000,0.000000,50.000000,64.571429,78.009253,77.130217,3.000000
2026-06-24T03:12:03.180982043Z,1000,per_hit,raw_percent_of_host,api-node1,api-node2,3,7,10,9.000000,11.111111,9.000000,22.222222,100.000000,50.000000,0.000000,0.000000,0.000000,0.000000,0.000000,0.000000,50.000000,71.857143,79.183449,77.257860,3.000000
2026-06-24T03:12:04.180977682Z,1000,per_hit,raw_percent_of_host,api-node1,api-node2,4,6,10,5.050505,11.000000,5.050505,22.000000,100.000000,50.000000,0.000000,0.000000,0.000000,0.000000,0.000000,0.000000,50.000000,78.666667,79.169631,76.034710,3.000000
2026-06-24T03:12:05.180978506Z,1000,per_hit,raw_percent_of_host,api-node1,api-node2,4,6,10,3.000000,12.000000,3.000000,24.000000,100.000000,50.000000,0.000000,0.000000,0.000000,0.000000,0.000000,0.000000,50.000000,86.333333,79.189476,76.151224,3.000000
2026-06-24T03:12:06.180982982Z,1000,per_hit,raw_percent_of_host,api-node1,api-node2,5,5,10,12.000000,11.111111,12.000000,22.222222,100.000000,50.000000,0.000000,0.000000,0.000000,0.000000,0.000000,0.000000,53.800000,50.000000,77.571616,77.679006,3.000000
2026-06-24T03:12:07.180980851Z,1000,per_hit,raw_percent_of_host,api-node1,api-node2,5,5,10,10.101010,6.000000,10.101010,12.000000,100.000000,50.000000,0.000000,0.000000,0.000000,0.000000,0.000000,0.000000,50.000000,78.600000,78.820891,76.883053,3.000000
2026-06-24T03:12:08.180978067Z,1000,per_hit,raw_percent_of_host,api-node1,api-node2,5,5,10,12.121212,10.101010,12.121212,20.202020,100.000000,50.000000,0.000000,0.000000,0.000000,0.000000,0.000000,0.000000,53.800000,50.000000,77.665001,77.019172,3.000000
2026-06-24T03:12:09.180978046Z,1000,per_hit,raw_percent_of_host,api-node1,api-node2,7,3,10,18.181818,5.050505,18.181818,10.101010,100.000000,50.000000,0.000000,0.000000,0.000000,0.000000,0.000000,0.000000,51.428571,66.666667,78.208429,76.236779,3.000000
2026-06-24T03:12:10.180979413Z,1000,per_hit,raw_percent_of_host,api-node1,api-node2,5,5,10,11.000000,10.101010,11.000000,20.202020,100.000000,50.000000,0.000000,0.000000,0.000000,0.000000,0.000000,0.000000,50.000000,68.800000,78.426792,76.673360,3.000000
2026-06-24T03:12:11.180977795Z,1000,per_hit,raw_percent_of_host,api-node1,api-node2,5,5,10,12.121212,13.000000,12.121212,26.000000,100.000000,50.000000,0.000000,0.000000,0.000000,0.000000,0.000000,0.000000,50.000000,79.800000,78.242730,75.024341,3.000000
2026-06-24T03:12:12.18099169Z,1000,per_hit,raw_percent_of_host,api-node1,api-node2,6,4,10,19.000000,5.940594,19.000000,11.881188,100.000000,50.000000,0.000000,0.000000,0.000000,0.000000,0.000000,0.000000,52.000000,50.000000,77.853838,77.797502,3.000000
2026-06-24T03:12:13.180989606Z,1000,per_hit,raw_percent_of_host,api-node1,api-node2,4,6,10,5.050505,11.000000,5.050505,22.000000,100.000000,50.000000,0.000000,0.000000,0.000000,0.000000,0.000000,0.000000,50.000000,74.833333,79.169631,76.298992,3.000000
2026-06-24T03:12:14.180980061Z,1000,per_hit,raw_percent_of_host,api-node1,api-node2,5,5,10,12.121212,7.000000,12.121212,14.000000,100.000000,50.000000,0.000000,0.000000,0.000000,0.000000,0.000000,0.000000,50.000000,81.200000,78.150015,76.167370,3.000000
2026-06-24T03:12:15.180978541Z,1000,per_hit,raw_percent_of_host,api-node1,api-node2,7,3,10,18.367347,6.060606,18.367347,12.121212,100.000000,50.000000,0.000000,0.000000,0.000000,0.000000,0.000000,0.000000,51.571429,50.000000,77.829598,77.779782,3.000000
2026-06-24T03:12:16.180984697Z,1000,per_hit,raw_percent_of_host,api-node1,api-node2,5,5,10,13.131313,6.060606,13.131313,12.121212,100.000000,50.000000,0.000000,0.000000,0.000000,0.000000,0.000000,0.000000,50.000000,81.000000,78.384953,76.105668,3.000000
2026-06-24T03:12:17.180982855Z,1000,per_hit,raw_percent_of_host,api-node1,api-node2,6,4,10,19.191919,5.050505,19.191919,10.101010,100.000000,50.000000,0.000000,0.000000,0.000000,0.000000,0.000000,0.000000,50.000000,75.250000,77.843932,76.522392,3.000000
2026-06-24T03:12:18.180978044Z,1000,per_hit,raw_percent_of_host,api-node1,api-node2,2,8,10,5.050505,12.000000,5.050505,24.000000,100.000000,50.000000,0.000000,0.000000,0.000000,0.000000,0.000000,0.000000,50.000000,88.375000,78.858094,75.435643,3.000000
2026-06-24T03:12:19.180979057Z,1000,per_hit,raw_percent_of_host,api-node1,api-node2,6,4,10,20.000000,5.102041,20.000000,10.204082,100.000000,50.000000,0.000000,0.000000,0.000000,0.000000,0.000000,0.000000,51.666667,62.250000,78.416343,74.882198,3.000000
2026-06-24T03:12:20.180977962Z,1000,per_hit,raw_percent_of_host,api-node1,api-node2,3,7,10,2.040816,15.151515,2.040816,30.303030,100.000000,50.000000,0.000000,0.000000,0.000000,0.000000,0.000000,0.000000,50.000000,90.428571,80.057730,75.452382,3.000000
2026-06-24T03:12:21.180979492Z,1000,per_hit,raw_percent_of_host,api-node1,api-node2,4,6,10,10.101010,11.000000,10.101010,22.000000,100.000000,50.000000,0.000000,0.000000,0.000000,0.000000,0.000000,0.000000,50.000000,69.666667,78.572006,76.324381,3.000000
2026-06-24T03:12:22.180982275Z,1000,per_hit,raw_percent_of_host,api-node1,api-node2,5,5,10,12.121212,10.000000,12.121212,20.000000,100.000000,50.000000,0.000000,0.000000,0.000000,0.000000,0.000000,0.000000,53.600000,67.600000,78.231754,76.243735,3.000000
2026-06-24T03:12:23.180982516Z,1000,per_hit,raw_percent_of_host,api-node1,api-node2,4,6,10,9.090909,10.000000,9.090909,20.000000,100.000000,50.000000,0.000000,0.000000,0.000000,0.000000,0.000000,0.000000,50.000000,74.833333,78.870771,76.535416,3.000000
2026-06-24T03:12:24.180978978Z,1000,per_hit,raw_percent_of_host,api-node1,api-node2,4,6,10,6.060606,10.101010,6.060606,20.202020,100.000000,50.000000,0.000000,0.000000,0.000000,0.000000,0.000000,0.000000,50.000000,73.833333,78.745447,76.154216,3.000000
2026-06-24T03:12:25.180978739Z,1000,per_hit,raw_percent_of_host,api-node1,api-node2,5,5,10,8.000000,11.000000,8.000000,22.000000,100.000000,50.000000,0.000000,0.000000,0.000000,0.000000,0.000000,0.000000,50.000000,87.200000,78.454019,75.235870,3.000000
2026-06-24T03:12:26.180978945Z,1000,per_hit,raw_percent_of_host,api-node1,api-node2,5,5,10,15.151515,7.920792,15.151515,15.841584,100.000000,50.000000,0.000000,0.000000,0.000000,0.000000,0.000000,0.000000,50.000000,70.800000,77.693290,77.660001,3.000000
2026-06-24T03:12:27.180978911Z,1000,per_hit,raw_percent_of_host,api-node1,api-node2,6,4,10,12.000000,6.060606,12.000000,12.121212,100.000000,50.000000,0.000000,0.000000,0.000000,0.000000,0.000000,0.000000,50.000000,84.500000,78.716028,75.687002,3.000000
2026-06-24T03:12:28.181040086Z,1000,per_hit,raw_percent_of_host,api-node1,api-node2,4,6,10,11.000000,7.000000,11.000000,14.000000,100.000000,50.000000,0.000000,0.000000,0.000000,0.000000,0.000000,0.000000,50.000000,76.833333,77.932850,77.803753,3.000000
2026-06-24T03:12:29.18098078Z,1000,per_hit,raw_percent_of_host,api-node1,api-node2,6,4,10,15.841584,6.060606,15.841584,12.121212,100.000000,50.000000,0.000000,0.000000,0.000000,0.000000,0.000000,0.000000,50.000000,75.750000,78.460080,76.907310,3.000000
2026-06-24T03:12:30.180978013Z,1000,per_hit,raw_percent_of_host,api-node1,api-node2,4,6,10,10.101010,10.101010,10.101010,20.202020,100.000000,50.000000,0.000000,0.000000,0.000000,0.000000,0.000000,0.000000,50.000000,73.000000,78.354930,76.141701,3.000000
2026-06-24T03:12:31.180977992Z,1000,per_hit,raw_percent_of_host,api-node1,api-node2,5,5,10,12.121212,12.121212,12.121212,24.242424,100.000000,50.000000,0.000000,0.000000,0.000000,0.000000,0.000000,0.000000,50.000000,78.200000,78.637052,75.265501,3.000000
2026-06-24T03:12:32.180979693Z,1000,per_hit,raw_percent_of_host,api-node1,api-node2,5,5,10,11.111111,11.000000,11.111111,22.000000,100.000000,50.000000,0.000000,0.000000,0.000000,0.000000,0.000000,0.000000,52.400000,50.000000,78.055042,76.805770,3.000000
2026-06-24T03:12:33.180979087Z,1000,per_hit,raw_percent_of_host,api-node1,api-node2,4,6,10,12.121212,11.111111,12.121212,22.222222,100.000000,50.000000,0.000000,0.000000,0.000000,0.000000,0.000000,0.000000,50.000000,67.000000,78.708691,76.471224,3.000000
2026-06-24T03:12:34.18097915Z,1000,per_hit,raw_percent_of_host,api-node1,api-node2,4,6,10,12.121212,10.101010,12.121212,20.202020,100.000000,50.000000,0.000000,0.000000,0.000000,0.000000,0.000000,0.000000,52.750000,56.500000,78.524815,76.582988,3.000000
2026-06-24T03:12:35.18097917Z,1000,per_hit,raw_percent_of_host,api-node1,api-node2,5,5,10,19.191919,6.000000,19.191919,12.000000,100.000000,50.000000,0.000000,0.000000,0.000000,0.000000,0.000000,0.000000,50.000000,69.200000,78.500900,77.414120,3.000000
2026-06-24T03:12:36.180978157Z,1000,per_hit,raw_percent_of_host,api-node1,api-node2,6,4,10,18.181818,5.000000,18.181818,10.000000,100.000000,50.000000,0.000000,0.000000,0.000000,0.000000,0.000000,0.000000,51.333333,50.000000,78.421065,78.017784,3.000000
2026-06-24T03:12:37.180978271Z,1000,per_hit,raw_percent_of_host,api-node1,api-node2,3,7,10,10.101010,6.060606,10.101010,12.121212,100.000000,50.000000,0.000000,0.000000,0.000000,0.000000,0.000000,0.000000,50.000000,103.571429,78.902346,76.084203,3.000000
2026-06-24T03:12:38.181024204Z,1000,per_hit,raw_percent_of_host,api-node1,api-node2,7,3,10,14.000000,10.101010,14.000000,20.202020,100.000000,50.000000,0.000000,0.000000,0.000000,0.000000,0.000000,0.000000,52.428571,66.666667,78.870211,75.282210,3.000000
2026-06-24T03:12:39.180983058Z,1000,per_hit,raw_percent_of_host,api-node1,api-node2,4,6,10,7.142857,12.871287,7.142857,25.742574,100.000000,50.000000,0.000000,0.000000,0.000000,0.000000,0.000000,0.000000,50.000000,83.666667,78.033881,75.834711,3.000000
2026-06-24T03:12:40.180978867Z,1000,per_hit,raw_percent_of_host,api-node1,api-node2,2,8,10,5.050505,6.060606,5.050505,12.121212,100.000000,50.000000,0.000000,0.000000,0.000000,0.000000,0.000000,0.000000,50.000000,94.125000,78.693688,76.344957,3.000000
2026-06-24T03:12:41.180981931Z,1000,per_hit,raw_percent_of_host,api-node1,api-node2,6,4,10,17.000000,5.050505,17.000000,10.101010,100.000000,50.000000,0.000000,0.000000,0.000000,0.000000,0.000000,0.000000,51.333333,50.000000,78.650791,78.562008,3.000000
2026-06-24T03:12:42.180980908Z,1000,per_hit,raw_percent_of_host,api-node1,api-node2,8,2,10,17.171717,6.060606,17.171717,12.121212,100.000000,50.000000,0.000000,0.000000,0.000000,0.000000,0.000000,0.000000,50.000000,100.000000,78.358212,75.741682,3.000000
2026-06-24T03:12:43.180979377Z,1000,per_hit,raw_percent_of_host,api-node1,api-node2,4,6,10,12.121212,7.000000,12.121212,14.000000,100.000000,50.000000,0.000000,0.000000,0.000000,0.000000,0.000000,0.000000,50.000000,77.166667,77.183871,79.467259,3.000000
2026-06-24T03:12:44.180979015Z,1000,per_hit,raw_percent_of_host,api-node1,api-node2,5,5,10,11.111111,10.000000,11.111111,20.000000,100.000000,50.000000,0.000000,0.000000,0.000000,0.000000,0.000000,0.000000,52.200000,50.000000,78.509365,77.314021,3.000000
2026-06-24T03:12:45.180978034Z,1000,per_hit,raw_percent_of_host,api-node1,api-node2,4,6,10,16.161616,11.111111,16.161616,22.222222,100.000000,50.000000,0.000000,0.000000,0.000000,0.000000,0.000000,0.000000,50.000000,65.833333,78.444187,76.703694,3.000000
2026-06-24T03:12:46.180978651Z,1000,per_hit,raw_percent_of_host,api-node1,api-node2,4,6,10,10.000000,11.111111,10.000000,22.222222,100.000000,50.000000,0.000000,0.000000,0.000000,0.000000,0.000000,0.000000,50.000000,68.333333,78.907668,76.469491,3.000000
2026-06-24T03:12:47.180982055Z,1000,per_hit,raw_percent_of_host,api-node1,api-node2,3,7,10,5.050505,11.000000,5.050505,22.000000,100.000000,50.000000,0.000000,0.000000,0.000000,0.000000,0.000000,0.000000,50.000000,86.000000,78.869100,75.720186,3.000000
2026-06-24T03:12:48.180981594Z,1000,per_hit,raw_percent_of_host,api-node1,api-node2,4,6,10,8.000000,10.101010,8.000000,20.202020,100.000000,50.000000,0.000000,0.000000,0.000000,0.000000,0.000000,0.000000,50.000000,73.666667,78.919980,74.160708,3.000000
2026-06-24T03:12:49.180978587Z,1000,per_hit,raw_percent_of_host,api-node1,api-node2,6,4,10,13.265306,5.050505,13.265306,10.101010,100.000000,50.000000,0.000000,0.000000,0.000000,0.000000,0.000000,0.000000,59.333333,59.750000,77.736511,77.205843,3.000000
2026-06-24T03:12:50.180978918Z,1000,per_hit,raw_percent_of_host,api-node1,api-node2,4,6,10,10.101010,11.224490,10.101010,22.448980,100.000000,50.000000,0.000000,0.000000,0.000000,0.000000,0.000000,0.000000,50.000000,74.000000,78.828874,75.846802,3.000000
2026-06-24T03:12:51.180977999Z,1000,per_hit,raw_percent_of_host,api-node1,api-node2,6,4,10,13.000000,10.204082,13.000000,20.408163,100.000000,50.000000,0.000000,0.000000,0.000000,0.000000,0.000000,0.000000,50.000000,83.250000,78.654968,76.418029,3.000000
2026-06-24T03:12:52.180981877Z,1000,per_hit,raw_percent_of_host,api-node1,api-node2,2,8,10,2.020202,16.831683,2.020202,33.663366,100.000000,50.000000,0.000000,0.000000,0.000000,0.000000,0.000000,0.000000,50.000000,93.750000,79.160190,76.881716,3.000000
2026-06-24T03:12:53.180979469Z,1000,per_hit,raw_percent_of_host,api-node1,api-node2,6,4,10,19.191919,0.000000,19.191919,0.000000,100.000000,50.000000,0.000000,0.000000,0.000000,0.000000,0.000000,0.000000,62.666667,50.000000,77.968975,79.706268,3.000000
2026-06-24T03:12:54.180980597Z,1000,per_hit,raw_percent_of_host,api-node1,api-node2,2,8,10,0.000000,11.000000,0.000000,22.000000,100.000000,50.000000,0.000000,0.000000,0.000000,0.000000,0.000000,0.000000,50.000000,79.750000,80.987019,77.077936,3.000000
2026-06-24T03:12:55.180980506Z,1000,per_hit,raw_percent_of_host,api-node1,api-node2,5,5,10,13.131313,7.000000,13.131313,14.000000,100.000000,50.000000,0.000000,0.000000,0.000000,0.000000,0.000000,0.000000,50.000000,82.400000,78.654499,76.201681,3.000000
2026-06-24T03:12:56.180977921Z,1000,per_hit,raw_percent_of_host,api-node1,api-node2,5,5,10,7.070707,12.000000,7.070707,24.000000,100.000000,50.000000,0.000000,0.000000,0.000000,0.000000,0.000000,0.000000,50.000000,89.200000,78.708728,75.462760,3.000000
2026-06-24T03:12:57.180981492Z,1000,per_hit,raw_percent_of_host,api-node1,api-node2,5,5,10,10.101010,10.101010,10.101010,20.202020,100.000000,50.000000,0.000000,0.000000,0.000000,0.000000,0.000000,0.000000,50.000000,69.200000,78.003930,77.594666,3.000000
2026-06-24T03:12:58.180982149Z,1000,per_hit,raw_percent_of_host,api-node1,api-node2,5,5,10,12.121212,11.000000,12.121212,22.000000,100.000000,50.000000,0.000000,0.000000,0.000000,0.000000,0.000000,0.000000,50.000000,78.200000,78.242730,75.301329,3.000000
2026-06-24T03:12:59.180977645Z,1000,per_hit,raw_percent_of_host,api-node1,api-node2,6,4,10,18.000000,7.070707,18.000000,14.141414,100.000000,50.000000,0.000000,0.000000,0.000000,0.000000,0.000000,0.000000,50.000000,77.500000,77.841790,75.701803,3.000000
2026-06-24T03:13:00.180985302Z,1000,per_hit,raw_percent_of_host,api-node1,api-node2,3,7,10,10.000000,6.000000,10.000000,12.000000,100.000000,50.000000,0.000000,0.000000,0.000000,0.000000,0.000000,0.000000,50.000000,71.428571,78.564650,77.064663,3.000000
2026-06-24T03:13:01.180981628Z,1000,per_hit,raw_percent_of_host,api-node1,api-node2,3,7,10,7.070707,6.060606,7.070707,12.121212,100.000000,50.000000,0.000000,0.000000,0.000000,0.000000,0.000000,0.000000,50.000000,100.857143,79.265867,76.137197,3.000000
2026-06-24T03:13:02.180978813Z,1000,per_hit,raw_percent_of_host,api-node1,api-node2,7,3,10,19.000000,6.000000,19.000000,12.000000,100.000000,50.000000,0.000000,0.000000,0.000000,0.000000,0.000000,0.000000,51.714286,50.000000,78.260687,75.712834,3.000000
2026-06-24T03:13:03.180978811Z,1000,per_hit,raw_percent_of_host,api-node1,api-node2,2,8,10,6.060606,5.050505,6.060606,10.101010,100.000000,50.000000,0.000000,0.000000,0.000000,0.000000,0.000000,0.000000,50.000000,74.250000,78.732768,77.223268,3.000000
2026-06-24T03:13:04.180981571Z,1000,per_hit,raw_percent_of_host,api-node1,api-node2,6,4,10,12.000000,10.101010,12.000000,20.202020,100.000000,50.000000,0.000000,0.000000,0.000000,0.000000,0.000000,0.000000,52.000000,59.750000,78.815966,77.751502,3.000000
2026-06-24T03:13:05.180980639Z,1000,per_hit,raw_percent_of_host,api-node1,api-node2,5,5,10,18.811881,6.000000,18.811881,12.000000,100.000000,50.000000,0.000000,0.000000,0.000000,0.000000,0.000000,0.000000,50.000000,70.000000,77.757124,76.407342,3.000000
2026-06-24T03:13:06.180981424Z,1000,per_hit,raw_percent_of_host,api-node1,api-node2,5,5,10,10.000000,10.101010,10.000000,20.202020,100.000000,50.000000,0.000000,0.000000,0.000000,0.000000,0.000000,0.000000,50.000000,69.200000,78.969451,76.210934,3.000000
2026-06-24T03:13:07.180978966Z,1000,per_hit,raw_percent_of_host,api-node1,api-node2,6,4,10,12.244898,5.050505,12.244898,10.101010,100.000000,50.000000,0.000000,0.000000,0.000000,0.000000,0.000000,0.000000,50.000000,87.500000,78.235225,76.571206,3.000000
2026-06-24T03:13:08.180992855Z,1000,per_hit,raw_percent_of_host,api-node1,api-node2,5,5,10,17.000000,6.000000,17.000000,12.000000,100.000000,50.000000,0.000000,0.000000,0.000000,0.000000,0.000000,0.000000,50.000000,70.000000,77.451040,77.172197,3.000000
2026-06-24T03:13:09.180978783Z,1000,per_hit,raw_percent_of_host,api-node1,api-node2,3,7,10,2.040816,11.000000,2.040816,22.000000,100.000000,50.000000,0.000000,0.000000,0.000000,0.000000,0.000000,0.000000,50.000000,78.285714,80.113491,76.298992,3.000000
2026-06-24T03:13:10.180979006Z,1000,per_hit,raw_percent_of_host,api-node1,api-node2,4,6,10,13.131313,10.101010,13.131313,20.202020,100.000000,50.000000,0.000000,0.000000,0.000000,0.000000,0.000000,0.000000,52.750000,67.000000,78.212349,76.382998,3.000000
2026-06-24T03:13:11.180978024Z,1000,per_hit,raw_percent_of_host,api-node1,api-node2,5,5,10,10.101010,12.121212,10.101010,24.242424,100.000000,50.000000,0.000000,0.000000,0.000000,0.000000,0.000000,0.000000,50.000000,71.800000,80.054716,76.571689,3.000000
2026-06-24T03:13:12.180980884Z,1000,per_hit,raw_percent_of_host,api-node1,api-node2,4,6,10,12.121212,5.050505,12.121212,10.101010,100.000000,50.000000,0.000000,0.000000,0.000000,0.000000,0.000000,0.000000,50.000000,87.500000,78.054702,76.302809,3.000000
2026-06-24T03:13:13.180981446Z,1000,per_hit,raw_percent_of_host,api-node1,api-node2,7,3,10,14.141414,10.101010,14.141414,20.202020,100.000000,50.000000,0.000000,0.000000,0.000000,0.000000,0.000000,0.000000,57.571429,78.000000,78.227391,73.202351,3.000000
2026-06-24T03:13:14.180982524Z,1000,per_hit,raw_percent_of_host,api-node1,api-node2,5,5,10,11.111111,11.000000,11.111111,22.000000,100.000000,50.000000,0.000000,0.000000,0.000000,0.000000,0.000000,0.000000,52.200000,81.000000,77.443792,76.593529,3.000000
2026-06-24T03:13:15.180978115Z,1000,per_hit,raw_percent_of_host,api-node1,api-node2,6,4,10,18.181818,5.102041,18.181818,10.204082,100.000000,50.000000,0.000000,0.000000,0.000000,0.000000,0.000000,0.000000,50.000000,75.250000,78.276250,74.112835,3.000000
2026-06-24T03:13:16.180990047Z,1000,per_hit,raw_percent_of_host,api-node1,api-node2,4,6,10,10.891089,5.050505,10.891089,10.101010,100.000000,50.000000,0.000000,0.000000,0.000000,0.000000,0.000000,0.000000,50.000000,72.000000,78.517392,77.287646,3.000000
2026-06-24T03:13:17.180978715Z,1000,per_hit,raw_percent_of_host,api-node1,api-node2,2,8,10,8.080808,11.111111,8.080808,22.222222,100.000000,50.000000,0.000000,0.000000,0.000000,0.000000,0.000000,0.000000,50.000000,75.000000,78.916382,75.738736,3.000000
2026-06-24T03:13:18.180982703Z,1000,per_hit,raw_percent_of_host,api-node1,api-node2,1,9,10,0.000000,11.111111,0.000000,22.222222,100.000000,50.000000,0.000000,0.000000,0.000000,0.000000,0.000000,0.000000,50.000000,77.222222,81.939591,76.847298,3.000000
2026-06-24T03:13:19.180979185Z,1000,per_hit,raw_percent_of_host,api-node1,api-node2,4,6,10,11.000000,12.000000,11.000000,24.000000,100.000000,50.000000,0.000000,0.000000,0.000000,0.000000,0.000000,0.000000,50.000000,75.000000,79.081386,76.522722,3.000000
2026-06-24T03:13:20.180981399Z,1000,per_hit,raw_percent_of_host,api-node1,api-node2,8,2,10,14.141414,10.101010,14.141414,20.202020,100.000000,50.000000,0.000000,0.000000,0.000000,0.000000,0.000000,0.000000,51.750000,50.000000,78.399890,77.076063,3.000000
2026-06-24T03:13:21.180981232Z,1000,per_hit,raw_percent_of_host,api-node1,api-node2,4,6,10,11.111111,10.000000,11.111111,20.000000,100.000000,50.000000,0.000000,0.000000,0.000000,0.000000,0.000000,0.000000,52.750000,55.500000,76.723334,78.345932,3.000000
2026-06-24T03:13:22.180987102Z,1000,per_hit,raw_percent_of_host,api-node1,api-node2,3,7,10,11.111111,10.101010,11.111111,20.202020,100.000000,50.000000,0.000000,0.000000,0.000000,0.000000,0.000000,0.000000,50.000000,69.857143,79.077466,76.419652,3.000000
2026-06-24T03:13:23.180979251Z,1000,per_hit,raw_percent_of_host,api-node1,api-node2,3,7,10,5.102041,5.050505,5.102041,10.101010,100.000000,50.000000,0.000000,0.000000,0.000000,0.000000,0.000000,0.000000,50.000000,88.142857,79.288200,77.663877,3.000000
2026-06-24T03:13:24.180978041Z,1000,per_hit,raw_percent_of_host,api-node1,api-node2,3,7,10,11.000000,5.050505,11.000000,10.101010,100.000000,50.000000,0.000000,0.000000,0.000000,0.000000,0.000000,0.000000,50.000000,68.714286,78.773131,75.142025,3.000000
2026-06-24T03:13:25.180989241Z,1000,per_hit,raw_percent_of_host,api-node1,api-node2,5,5,10,16.161616,5.050505,16.161616,10.101010,100.000000,50.000000,0.000000,0.000000,0.000000,0.000000,0.000000,0.000000,52.400000,50.000000,78.731337,78.877592,3.000000
2026-06-24T03:13:26.180978123Z,1000,per_hit,raw_percent_of_host,api-node1,api-node2,6,4,10,16.161616,5.050505,16.161616,10.101010,100.000000,50.000000,0.000000,0.000000,0.000000,0.000000,0.000000,0.000000,51.833333,62.250000,78.567178,78.151932,3.000000
2026-06-24T03:13:27.18097886Z,1000,per_hit,raw_percent_of_host,api-node1,api-node2,5,5,10,12.244898,6.060606,12.244898,12.121212,100.000000,50.000000,0.000000,0.000000,0.000000,0.000000,0.000000,0.000000,50.000000,82.000000,78.701186,76.349097,3.000000
2026-06-24T03:13:28.180978781Z,1000,per_hit,raw_percent_of_host,api-node1,api-node2,7,3,10,19.801980,6.000000,19.801980,12.000000,100.000000,50.000000,0.000000,0.000000,0.000000,0.000000,0.000000,0.000000,50.000000,83.000000,77.887473,76.634839,3.000000
2026-06-24T03:13:29.180981297Z,1000,per_hit,raw_percent_of_host,api-node1,api-node2,8,2,10,19.191919,0.000000,19.191919,0.000000,100.000000,50.000000,0.000000,0.000000,0.000000,0.000000,0.000000,0.000000,60.875000,50.000000,77.061352,81.023415,3.000000
2026-06-24T03:13:30.180978895Z,1000,per_hit,raw_percent_of_host,api-node1,api-node2,5,5,10,7.070707,6.000000,7.070707,12.000000,100.000000,50.000000,0.000000,0.000000,0.000000,0.000000,0.000000,0.000000,50.000000,89.600000,78.491651,75.728124,3.000000
2026-06-24T03:13:31.180978045Z,1000,per_hit,raw_percent_of_host,api-node1,api-node2,7,3,10,18.000000,6.060606,18.000000,12.121212,100.000000,50.000000,0.000000,0.000000,0.000000,0.000000,0.000000,0.000000,50.000000,84.333333,77.474440,77.252545,3.000000
2026-06-24T03:13:32.180986131Z,1000,per_hit,raw_percent_of_host,api-node1,api-node2,6,4,10,15.000000,5.050505,15.000000,10.101010,100.000000,50.000000,0.000000,0.000000,0.000000,0.000000,0.000000,0.000000,50.000000,74.000000,77.806131,78.151932,3.000000
2026-06-24T03:13:33.180978157Z,1000,per_hit,raw_percent_of_host,api-node1,api-node2,7,3,10,18.181818,7.000000,18.181818,14.000000,100.000000,50.000000,0.000000,0.000000,0.000000,0.000000,0.000000,0.000000,50.000000,86.666667,77.810289,75.561363,3.000000
2026-06-24T03:13:34.180985614Z,1000,per_hit,raw_percent_of_host,api-node1,api-node2,6,4,10,18.367347,6.000000,18.367347,12.000000,100.000000,50.000000,0.000000,0.000000,0.000000,0.000000,0.000000,0.000000,52.166667,50.000000,77.260833,78.689813,3.000000
2026-06-24T03:13:35.180981723Z,1000,per_hit,raw_percent_of_host,api-node1,api-node2,3,7,10,5.050505,11.111111,5.050505,22.222222,100.000000,50.000000,0.000000,0.000000,0.000000,0.000000,0.000000,0.000000,50.000000,72.285714,79.175027,76.417813,3.000000
2026-06-24T03:13:36.180978598Z,1000,per_hit,raw_percent_of_host,api-node1,api-node2,6,4,10,18.811881,0.000000,18.811881,0.000000,100.000000,50.000000,0.000000,0.000000,0.000000,0.000000,0.000000,0.000000,62.666667,67.750000,77.859866,80.226614,3.000000
2026-06-24T03:13:37.180981564Z,1000,per_hit,raw_percent_of_host,api-node1,api-node2,7,3,10,12.121212,11.000000,12.121212,22.000000,100.000000,50.000000,0.000000,0.000000,0.000000,0.000000,0.000000,0.000000,50.000000,82.333333,79.016945,76.732325,3.000000
2026-06-24T03:13:38.180979108Z,1000,per_hit,raw_percent_of_host,api-node1,api-node2,5,5,10,11.111111,11.881188,11.111111,23.762376,100.000000,50.000000,0.000000,0.000000,0.000000,0.000000,0.000000,0.000000,52.200000,59.000000,76.920641,79.776713,3.000000
2026-06-24T03:13:39.180984699Z,1000,per_hit,raw_percent_of_host,api-node1,api-node2,6,4,10,15.000000,6.060606,15.000000,12.121212,100.000000,50.000000,0.000000,0.000000,0.000000,0.000000,0.000000,0.000000,50.000000,75.500000,78.449511,77.300838,3.000000
2026-06-24T03:13:40.180981653Z,1000,per_hit,raw_percent_of_host,api-node1,api-node2,6,4,10,12.871287,10.101010,12.871287,20.202020,100.000000,50.000000,0.000000,0.000000,0.000000,0.000000,0.000000,0.000000,51.500000,72.000000,77.917513,76.367729,3.000000
2026-06-24T03:13:41.180982281Z,1000,per_hit,raw_percent_of_host,api-node1,api-node2,7,3,10,12.244898,12.000000,12.244898,24.000000,100.000000,50.000000,0.000000,0.000000,0.000000,0.000000,0.000000,0.000000,50.000000,85.666667,78.235225,76.588848,3.000000
2026-06-24T03:13:42.180979371Z,1000,per_hit,raw_percent_of_host,api-node1,api-node2,7,3,10,19.000000,5.050505,19.000000,10.101010,100.000000,50.000000,0.000000,0.000000,0.000000,0.000000,0.000000,0.000000,51.428571,69.666667,76.474671,80.774723,3.000000
2026-06-24T03:13:43.180978141Z,1000,per_hit,raw_percent_of_host,api-node1,api-node2,6,4,10,14.141414,11.000000,14.141414,22.000000,100.000000,50.000000,0.000000,0.000000,0.000000,0.000000,0.000000,0.000000,51.833333,60.000000,78.232985,74.477702,3.000000
2026-06-24T03:13:44.180979542Z,1000,per_hit,raw_percent_of_host,api-node1,api-node2,6,4,10,16.161616,5.000000,16.161616,10.000000,100.000000,50.000000,0.000000,0.000000,0.000000,0.000000,0.000000,0.000000,51.833333,62.250000,78.005099,77.205717,3.000000
2026-06-24T03:13:45.180981893Z,1000,per_hit,raw_percent_of_host,api-node1,api-node2,7,3,10,20.408163,7.000000,20.408163,14.000000,100.000000,50.000000,0.000000,0.000000,0.000000,0.000000,0.000000,0.000000,50.000000,84.333333,78.089257,76.285332,3.000000
2026-06-24T03:13:46.18098252Z,1000,per_hit,raw_percent_of_host,api-node1,api-node2,6,4,10,17.171717,6.000000,17.171717,12.000000,100.000000,50.000000,0.000000,0.000000,0.000000,0.000000,0.000000,0.000000,50.000000,74.500000,77.541251,77.330784,3.000000
2026-06-24T03:13:47.180981466Z,1000,per_hit,raw_percent_of_host,api-node1,api-node2,4,6,10,17.000000,5.000000,17.000000,10.000000,100.000000,50.000000,0.000000,0.000000,0.000000,0.000000,0.000000,0.000000,52.500000,81.333333,77.948112,76.938012,3.000000
2026-06-24T03:13:48.180978823Z,1000,per_hit,raw_percent_of_host,api-node1,api-node2,5,5,10,12.244898,5.102041,12.244898,10.204082,100.000000,50.000000,0.000000,0.000000,0.000000,0.000000,0.000000,0.000000,50.000000,80.400000,80.975675,77.438627,3.000000
2026-06-24T03:13:49.180981916Z,1000,per_hit,raw_percent_of_host,api-node1,api-node2,1,9,10,5.050505,12.000000,5.050505,24.000000,100.000000,50.000000,0.000000,0.000000,0.000000,0.000000,0.000000,0.000000,50.000000,84.444444,78.777509,75.693371,3.000000
2026-06-24T03:13:50.180982403Z,1000,per_hit,raw_percent_of_host,api-node1,api-node2,5,5,10,11.881188,11.000000,11.881188,22.000000,100.000000,50.000000,0.000000,0.000000,0.000000,0.000000,0.000000,0.000000,50.000000,77.000000,81.478223,77.148138,3.000000
2026-06-24T03:13:51.180981957Z,1000,per_hit,raw_percent_of_host,api-node1,api-node2,6,4,10,11.111111,11.000000,11.111111,22.000000,100.000000,50.000000,0.000000,0.000000,0.000000,0.000000,0.000000,0.000000,51.500000,72.500000,78.022732,75.952062,3.000000
2026-06-24T03:13:52.180978902Z,1000,per_hit,raw_percent_of_host,api-node1,api-node2,3,7,10,16.000000,7.070707,16.000000,14.141414,100.000000,50.000000,0.000000,0.000000,0.000000,0.000000,0.000000,0.000000,50.333333,75.285714,77.974525,76.866446,3.000000
2026-06-24T03:13:53.180980439Z,1000,per_hit,raw_percent_of_host,api-node1,api-node2,4,6,10,13.000000,10.204082,13.000000,20.408163,100.000000,50.000000,0.000000,0.000000,0.000000,0.000000,0.000000,0.000000,50.000000,71.166667,81.410324,76.879902,3.000000
2026-06-24T03:13:54.180978912Z,1000,per_hit,raw_percent_of_host,api-node1,api-node2,7,3,10,19.000000,5.050505,19.000000,10.101010,100.000000,50.000000,0.000000,0.000000,0.000000,0.000000,0.000000,0.000000,50.857143,50.000000,78.304721,77.976922,3.000000
2026-06-24T03:13:55.18098176Z,1000,per_hit,raw_percent_of_host,api-node1,api-node2,4,6,10,6.000000,11.000000,6.000000,22.000000,100.000000,50.000000,0.000000,0.000000,0.000000,0.000000,0.000000,0.000000,50.000000,74.333333,78.828206,76.446875,3.000000
2026-06-24T03:13:56.180977993Z,1000,per_hit,raw_percent_of_host,api-node1,api-node2,2,8,10,10.101010,5.050505,10.101010,10.101010,100.000000,50.000000,0.000000,0.000000,0.000000,0.000000,0.000000,0.000000,50.000000,73.250000,78.354930,77.539142,3.000000
2026-06-24T03:13:57.180979303Z,1000,per_hit,raw_percent_of_host,api-node1,api-node2,6,4,10,12.121212,10.204082,12.121212,20.408163,100.000000,50.000000,0.000000,0.000000,0.000000,0.000000,0.000000,0.000000,50.000000,75.250000,80.463417,77.559068,3.000000
2026-06-24T03:13:58.180981912Z,1000,per_hit,raw_percent_of_host,api-node1,api-node2,6,4,10,13.131313,11.000000,13.131313,22.000000,100.000000,50.000000,0.000000,0.000000,0.000000,0.000000,0.000000,0.000000,51.666667,50.000000,77.669678,77.713282,3.000000
2026-06-24T03:13:59.180979198Z,1000,per_hit,raw_percent_of_host,api-node1,api-node2,3,7,10,5.050505,11.000000,5.050505,22.000000,100.000000,50.000000,0.000000,0.000000,0.000000,0.000000,0.000000,0.000000,50.000000,83.571429,78.764831,75.708319,3.000000
2026-06-24T03:14:00.180979353Z,1000,per_hit,raw_percent_of_host,api-node1,api-node2,5,5,10,15.000000,5.050505,15.000000,10.101010,100.000000,50.000000,0.000000,0.000000,0.000000,0.000000,0.000000,0.000000,50.000000,69.600000,78.374115,74.790807,3.000000
2026-06-24T03:14:01.180978792Z,1000,per_hit,raw_percent_of_host,api-node1,api-node2,6,4,10,11.111111,10.101010,11.111111,20.202020,100.000000,50.000000,0.000000,0.000000,0.000000,0.000000,0.000000,0.000000,51.666667,61.000000,78.462787,76.509701,3.000000
2026-06-24T03:14:02.180977832Z,1000,per_hit,raw_percent_of_host,api-node1,api-node2,5,5,10,11.111111,12.000000,11.111111,24.000000,100.000000,50.000000,0.000000,0.000000,0.000000,0.000000,0.000000,0.000000,50.000000,70.200000,78.300876,76.182168,3.000000
2026-06-24T03:14:03.180981519Z,1000,per_hit,raw_percent_of_host,api-node1,api-node2,5,5,10,17.000000,5.050505,17.000000,10.101010,100.000000,50.000000,0.000000,0.000000,0.000000,0.000000,0.000000,0.000000,50.000000,69.600000,77.922253,77.259700,3.000000
2026-06-24T03:14:04.180981037Z,1000,per_hit,raw_percent_of_host,api-node1,api-node2,3,7,10,7.070707,11.111111,7.070707,22.222222,100.000000,50.000000,0.000000,0.000000,0.000000,0.000000,0.000000,0.000000,50.000000,78.571429,78.957612,75.737507,3.000000
2026-06-24T03:14:05.180980729Z,1000,per_hit,raw_percent_of_host,api-node1,api-node2,4,6,10,7.070707,11.000000,7.070707,22.000000,100.000000,50.000000,0.000000,0.000000,0.000000,0.000000,0.000000,0.000000,50.000000,80.500000,79.100850,75.584630,3.000000
2026-06-24T03:14:06.18098145Z,1000,per_hit,raw_percent_of_host,api-node1,api-node2,9,2,11,19.000000,0.000000,19.000000,0.000000,100.000000,50.000000,0.000000,0.000000,0.000000,0.000000,0.000000,0.000000,60.875000,50.000000,79.041230,79.726789,3.000000
2026-06-24T03:14:07.18098121Z,1000,per_hit,raw_percent_of_host,api-node1,api-node2,6,4,10,6.060606,6.060606,6.060606,12.121212,100.000000,50.000000,0.000000,0.000000,0.000000,0.000000,0.000000,0.000000,50.166667,100.750000,78.435655,75.460676,3.000000
2026-06-24T03:14:08.180977998Z,1000,per_hit,raw_percent_of_host,api-node1,api-node2,7,3,10,18.181818,1.000000,18.181818,2.000000,100.000000,50.000000,0.000000,0.000000,0.000000,0.000000,0.000000,0.000000,54.571429,50.000000,76.401673,82.350918,3.000000
2026-06-24T03:14:09.18098137Z,1000,per_hit,raw_percent_of_host,api-node1,api-node2,4,6,10,8.000000,11.000000,8.000000,22.000000,100.000000,50.000000,0.000000,0.000000,0.000000,0.000000,0.000000,0.000000,50.000000,70.333333,78.919980,76.558197,3.000000
2026-06-24T03:14:10.180978326Z,1000,per_hit,raw_percent_of_host,api-node1,api-node2,4,6,10,10.101010,11.111111,10.101010,22.222222,100.000000,50.000000,0.000000,0.000000,0.000000,0.000000,0.000000,0.000000,50.000000,67.166667,78.641333,76.406510,3.000000
2026-06-24T03:14:11.180979128Z,1000,per_hit,raw_percent_of_host,api-node1,api-node2,7,2,9,12.000000,10.000000,12.000000,20.000000,100.000000,50.000000,0.000000,0.000000,0.000000,0.000000,0.000000,0.000000,50.000000,74.000000,78.638045,76.705510,3.000000
2026-06-24T03:14:12.180977839Z,1000,per_hit,raw_percent_of_host,api-node1,api-node2,7,4,11,18.181818,5.000000,18.181818,10.000000,100.000000,50.000000,0.000000,0.000000,0.000000,0.000000,0.000000,0.000000,76.428571,77.500000,75.888318,80.772931,3.000000
2026-06-24T03:14:13.18098167Z,1000,per_hit,raw_percent_of_host,api-node1,api-node2,6,4,10,12.121212,6.930693,12.121212,13.861386,100.000000,50.000000,0.000000,0.000000,0.000000,0.000000,0.000000,0.000000,50.000000,89.000000,78.708691,73.820358,3.000000
2026-06-24T03:14:14.180978631Z,1000,per_hit,raw_percent_of_host,api-node1,api-node2,5,5,10,13.000000,12.000000,13.000000,24.000000,100.000000,50.000000,0.000000,0.000000,0.000000,0.000000,0.000000,0.000000,50.000000,70.600000,77.838007,76.612036,3.000000
2026-06-24T03:14:15.18097953Z,1000,per_hit,raw_percent_of_host,api-node1,api-node2,6,4,10,14.000000,11.224490,14.000000,22.448980,100.000000,50.000000,0.000000,0.000000,0.000000,0.000000,0.000000,0.000000,50.000000,75.750000,78.328435,76.006431,3.000000
2026-06-24T03:14:16.180984747Z,1000,per_hit,raw_percent_of_host,api-node1,api-node2,3,7,10,5.050505,13.861386,5.050505,27.722772,100.000000,50.000000,0.000000,0.000000,0.000000,0.000000,0.000000,0.000000,50.000000,68.571429,78.311375,76.591065,3.000000
2026-06-24T03:14:17.180978902Z,1000,per_hit,raw_percent_of_host,api-node1,api-node2,6,4,10,12.121212,11.111111,12.121212,22.222222,100.000000,50.000000,0.000000,0.000000,0.000000,0.000000,0.000000,0.000000,50.000000,76.250000,78.716675,76.106370,3.000000
2026-06-24T03:14:18.180980882Z,1000,per_hit,raw_percent_of_host,api-node1,api-node2,3,7,10,5.050505,14.000000,5.050505,28.000000,100.000000,50.000000,0.000000,0.000000,0.000000,0.000000,0.000000,0.000000,50.000000,69.857143,78.080464,76.726509,3.000000
2026-06-24T03:14:19.180978026Z,1000,per_hit,raw_percent_of_host,api-node1,api-node2,4,6,10,5.050505,14.000000,5.050505,28.000000,100.000000,50.000000,0.000000,0.000000,0.000000,0.000000,0.000000,0.000000,50.250000,71.166667,78.931766,75.711648,3.000000
2026-06-24T03:14:20.18097893Z,1000,per_hit,raw_percent_of_host,api-node1,api-node2,6,4,10,15.000000,8.080808,15.000000,16.161616,100.000000,50.000000,0.000000,0.000000,0.000000,0.000000,0.000000,0.000000,53.000000,59.750000,77.594328,76.376331,3.000000
2026-06-24T03:14:21.180978911Z,1000,per_hit,raw_percent_of_host,api-node1,api-node2,3,7,10,5.050505,11.111111,5.050505,22.222222,100.000000,50.000000,0.000000,0.000000,0.000000,0.000000,0.000000,0.000000,50.000000,82.000000,78.764831,75.569686,3.000000
2026-06-24T03:14:22.180981785Z,1000,per_hit,raw_percent_of_host,api-node1,api-node2,5,5,10,17.171717,10.101010,17.171717,20.202020,100.000000,50.000000,0.000000,0.000000,0.000000,0.000000,0.000000,0.000000,50.000000,59.800000,78.358212,74.343807,3.000000
2026-06-24T03:14:23.180978071Z,1000,per_hit,raw_percent_of_host,api-node1,api-node2,4,6,10,13.265306,11.000000,13.265306,22.000000,100.000000,50.000000,0.000000,0.000000,0.000000,0.000000,0.000000,0.000000,50.000000,66.833333,78.786500,76.339738,3.000000
2026-06-24T03:14:24.180981465Z,1000,per_hit,raw_percent_of_host,api-node1,api-node2,4,6,10,10.101010,13.000000,10.101010,26.000000,100.000000,50.000000,0.000000,0.000000,0.000000,0.000000,0.000000,0.000000,50.000000,56.500000,78.969524,76.548189,3.000000
2026-06-24T03:14:25.18098109Z,1000,per_hit,raw_percent_of_host,api-node1,api-node2,5,5,10,22.222222,5.050505,22.222222,10.101010,100.000000,50.000000,0.000000,0.000000,0.000000,0.000000,0.000000,0.000000,50.000000,61.600000,77.835744,77.776238,3.000000
2026-06-24T03:14:26.180982093Z,1000,per_hit,raw_percent_of_host,api-node1,api-node2,5,5,10,11.000000,12.000000,11.000000,24.000000,100.000000,50.000000,0.000000,0.000000,0.000000,0.000000,0.000000,0.000000,50.000000,71.600000,79.539101,76.214211,3.000000
2026-06-24T03:14:27.18097889Z,1000,per_hit,raw_percent_of_host,api-node1,api-node2,8,2,10,23.469388,0.000000,23.469388,0.000000,100.000000,50.000000,0.000000,0.000000,0.000000,0.000000,0.000000,0.000000,51.625000,50.000000,77.019309,80.031224,3.000000
2026-06-24T03:14:28.18098412Z,1000,per_hit,raw_percent_of_host,api-node1,api-node2,6,4,10,17.171717,5.050505,17.171717,10.101010,100.000000,50.000000,0.000000,0.000000,0.000000,0.000000,0.000000,0.000000,50.000000,73.750000,77.799536,76.220405,3.000000
2026-06-24T03:14:29.180978637Z,1000,per_hit,raw_percent_of_host,api-node1,api-node2,6,4,10,15.000000,10.000000,15.000000,20.000000,100.000000,50.000000,0.000000,0.000000,0.000000,0.000000,0.000000,0.000000,50.000000,62.250000,78.259587,76.324404,3.000000
2026-06-24T03:14:30.180982794Z,1000,per_hit,raw_percent_of_host,api-node1,api-node2,4,6,10,7.070707,14.000000,7.070707,28.000000,100.000000,50.000000,0.000000,0.000000,0.000000,0.000000,0.000000,0.000000,50.000000,72.000000,78.398936,75.241764,3.000000
2026-06-24T03:14:31.180978613Z,1000,per_hit,raw_percent_of_host,api-node1,api-node2,6,4,10,21.212121,1.000000,21.212121,2.000000,100.000000,50.000000,0.000000,0.000000,0.000000,0.000000,0.000000,0.000000,51.833333,50.000000,77.575742,79.593871,3.000000
2026-06-24T03:14:32.180981503Z,1000,per_hit,raw_percent_of_host,api-node1,api-node2,8,2,10,22.222222,5.050505,22.222222,10.101010,100.000000,50.000000,0.000000,0.000000,0.000000,0.000000,0.000000,0.000000,50.000000,74.000000,78.120500,77.055305,3.000000
2026-06-24T03:14:33.180980867Z,1000,per_hit,raw_percent_of_host,api-node1,api-node2,5,5,10,17.171717,10.101010,17.171717,20.202020,100.000000,50.000000,0.000000,0.000000,0.000000,0.000000,0.000000,0.000000,50.200000,50.000000,77.524937,77.926684,3.000000
2026-06-24T03:14:34.180979497Z,1000,per_hit,raw_percent_of_host,api-node1,api-node2,6,4,10,15.151515,6.060606,15.151515,12.121212,100.000000,50.000000,0.000000,0.000000,0.000000,0.000000,0.000000,0.000000,50.000000,76.250000,78.653488,76.475883,3.000000
2026-06-24T03:14:35.180981879Z,1000,per_hit,raw_percent_of_host,api-node1,api-node2,6,4,10,15.151515,10.101010,15.151515,20.202020,100.000000,50.000000,0.000000,0.000000,0.000000,0.000000,0.000000,0.000000,50.000000,50.000000,78.044289,77.019172,3.000000
2026-06-24T03:14:36.180978548Z,1000,per_hit,raw_percent_of_host,api-node1,api-node2,7,3,10,23.232323,0.000000,23.232323,0.000000,100.000000,50.000000,0.000000,0.000000,0.000000,0.000000,0.000000,0.000000,51.428571,50.000000,77.197654,79.804882,3.000000
2026-06-24T03:14:37.180982532Z,1000,per_hit,raw_percent_of_host,api-node1,api-node2,5,5,10,18.181818,5.050505,18.181818,10.101010,100.000000,50.000000,0.000000,0.000000,0.000000,0.000000,0.000000,0.000000,50.000000,68.600000,78.363728,76.095804,3.000000
2026-06-24T03:14:38.180982428Z,1000,per_hit,raw_percent_of_host,api-node1,api-node2,4,6,10,10.101010,10.204082,10.101010,20.408163,100.000000,50.000000,0.000000,0.000000,0.000000,0.000000,0.000000,0.000000,50.000000,66.833333,78.969524,76.529478,3.000000
2026-06-24T03:14:39.180989547Z,1000,per_hit,raw_percent_of_host,api-node1,api-node2,3,7,10,0.000000,14.141414,0.000000,28.282828,100.000000,50.000000,0.000000,0.000000,0.000000,0.000000,0.000000,0.000000,50.000000,78.000000,80.687772,75.999865,3.000000
2026-06-24T03:14:40.180990454Z,1000,per_hit,raw_percent_of_host,api-node1,api-node2,3,7,10,15.151515,7.000000,15.151515,14.000000,100.000000,50.000000,0.000000,0.000000,0.000000,0.000000,0.000000,0.000000,50.000000,64.714286,77.951574,76.287591,3.000000
2026-06-24T03:14:41.180979634Z,1000,per_hit,raw_percent_of_host,api-node1,api-node2,5,5,10,12.121212,12.000000,12.121212,24.000000,100.000000,50.000000,0.000000,0.000000,0.000000,0.000000,0.000000,0.000000,50.000000,71.400000,81.500006,76.645849,3.000000
2026-06-24T03:14:42.180979164Z,1000,per_hit,raw_percent_of_host,api-node1,api-node2,2,8,10,6.000000,11.111111,6.000000,22.222222,100.000000,50.000000,0.000000,0.000000,0.000000,0.000000,0.000000,0.000000,50.000000,78.125000,78.734943,75.754652,3.000000
2026-06-24T03:14:43.180978515Z,1000,per_hit,raw_percent_of_host,api-node1,api-node2,4,6,10,12.000000,12.121212,12.000000,24.242424,100.000000,50.000000,0.000000,0.000000,0.000000,0.000000,0.000000,0.000000,50.000000,67.166667,79.026657,76.414893,3.000000
2026-06-24T03:14:44.180982749Z,1000,per_hit,raw_percent_of_host,api-node1,api-node2,4,6,10,15.151515,10.101010,15.151515,20.202020,100.000000,50.000000,0.000000,0.000000,0.000000,0.000000,0.000000,0.000000,50.000000,56.500000,78.510250,76.783672,3.000000
2026-06-24T03:14:45.180983064Z,1000,per_hit,raw_percent_of_host,api-node1,api-node2,3,7,10,9.090909,11.224490,9.090909,22.448980,100.000000,50.000000,0.000000,0.000000,0.000000,0.000000,0.000000,0.000000,50.000000,72.714286,79.179026,76.625803,3.000000
2026-06-24T03:14:46.180982335Z,1000,per_hit,raw_percent_of_host,api-node1,api-node2,9,1,10,23.000000,5.050505,23.000000,10.101010,100.000000,50.000000,0.000000,0.000000,0.000000,0.000000,0.000000,0.000000,50.000000,50.000000,77.756825,77.943054,3.000000
2026-06-24T03:14:47.180979277Z,1000,per_hit,raw_percent_of_host,api-node1,api-node2,7,3,10,15.151515,11.000000,15.151515,22.000000,100.000000,50.000000,0.000000,0.000000,0.000000,0.000000,0.000000,0.000000,50.000000,50.000000,76.985430,80.022216,3.000000
2026-06-24T03:14:48.180978619Z,1000,per_hit,raw_percent_of_host,api-node1,api-node2,8,2,10,22.000000,0.000000,22.000000,0.000000,100.000000,50.000000,0.000000,0.000000,0.000000,0.000000,0.000000,0.000000,51.375000,50.000000,76.669941,81.014408,3.000000
2026-06-24T03:14:49.180980699Z,1000,per_hit,raw_percent_of_host,api-node1,api-node2,6,4,10,22.222222,5.050505,22.222222,10.101010,100.000000,50.000000,0.000000,0.000000,0.000000,0.000000,0.000000,0.000000,50.000000,67.000000,77.348707,78.140090,3.000000
2026-06-24T03:14:50.180978708Z,1000,per_hit,raw_percent_of_host,api-node1,api-node2,6,4,10,14.141414,8.080808,14.141414,16.161616,100.000000,50.000000,0.000000,0.000000,0.000000,0.000000,0.000000,0.000000,52.000000,59.500000,78.460389,76.137747,3.000000
2026-06-24T03:14:51.180981788Z,1000,per_hit,raw_percent_of_host,api-node1,api-node2,4,6,10,12.121212,14.141414,12.121212,28.282828,100.000000,50.000000,0.000000,0.000000,0.000000,0.000000,0.000000,0.000000,50.000000,66.833333,78.459807,76.249119,3.000000
2026-06-24T03:14:52.180979113Z,1000,per_hit,raw_percent_of_host,api-node1,api-node2,5,5,10,10.000000,11.111111,10.000000,22.222222,100.000000,50.000000,0.000000,0.000000,0.000000,0.000000,0.000000,0.000000,50.000000,79.200000,78.963939,75.723825,3.000000
2026-06-24T03:14:53.180978045Z,1000,per_hit,raw_percent_of_host,api-node1,api-node2,5,5,10,13.131313,9.000000,13.131313,18.000000,100.000000,50.000000,0.000000,0.000000,0.000000,0.000000,0.000000,0.000000,53.000000,57.400000,77.496509,76.984480,3.000000
2026-06-24T03:14:54.180984251Z,1000,per_hit,raw_percent_of_host,api-node1,api-node2,7,3,10,24.242424,0.000000,24.242424,0.000000,100.000000,50.000000,0.000000,0.000000,0.000000,0.000000,0.000000,0.000000,51.285714,50.000000,77.487656,79.817224,3.000000
2026-06-24T03:14:55.180981546Z,1000,per_hit,raw_percent_of_host,api-node1,api-node2,2,8,10,6.000000,15.000000,6.000000,30.000000,100.000000,50.000000,0.000000,0.000000,0.000000,0.000000,0.000000,0.000000,50.000000,76.750000,79.201588,75.307631,3.000000
2026-06-24T03:14:56.180982581Z,1000,per_hit,raw_percent_of_host,api-node1,api-node2,4,6,10,8.000000,13.131313,8.000000,26.262626,100.000000,50.000000,0.000000,0.000000,0.000000,0.000000,0.000000,0.000000,50.000000,72.333333,79.228234,75.486828,3.000000
2026-06-24T03:14:57.180984602Z,1000,per_hit,raw_percent_of_host,api-node1,api-node2,6,4,10,17.171717,10.101010,17.171717,20.202020,100.000000,50.000000,0.000000,0.000000,0.000000,0.000000,0.000000,0.000000,50.000000,50.000000,78.096649,77.042195,3.000000
2026-06-24T03:14:58.180979273Z,1000,per_hit,raw_percent_of_host,api-node1,api-node2,6,4,10,15.151515,10.101010,15.151515,20.202020,100.000000,50.000000,0.000000,0.000000,0.000000,0.000000,0.000000,0.000000,50.000000,50.000000,78.248687,76.805770,3.000000
2026-06-24T03:14:59.180988719Z,1000,per_hit,raw_percent_of_host,api-node1,api-node2,8,2,10,24.000000,1.000000,24.000000,2.000000,100.000000,50.000000,0.000000,0.000000,0.000000,0.000000,0.000000,0.000000,51.500000,50.000000,77.071361,79.373812,3.000000
2026-06-24T03:15:00.180978022Z,1000,per_hit,raw_percent_of_host,api-node1,api-node2,3,7,10,10.101010,7.070707,10.101010,14.141414,100.000000,50.000000,0.000000,0.000000,0.000000,0.000000,0.000000,0.000000,56.666667,70.142857,77.970510,76.391267,3.000000
2026-06-24T03:15:01.180981402Z,1000,per_hit,raw_percent_of_host,api-node1,api-node2,3,7,10,11.000000,11.000000,11.000000,22.000000,100.000000,50.000000,0.000000,0.000000,0.000000,0.000000,0.000000,0.000000,58.666667,61.714286,78.636218,76.376164,3.000000
2026-06-24T03:15:02.180981646Z,1000,per_hit,raw_percent_of_host,api-node1,api-node2,6,4,10,10.101010,13.131313,10.101010,26.262626,100.000000,50.000000,0.000000,0.000000,0.000000,0.000000,0.000000,0.000000,50.000000,58.250000,79.126721,77.253670,3.000000
2026-06-24T03:15:03.18098209Z,1000,per_hit,raw_percent_of_host,api-node1,api-node2,4,6,10,9.900990,15.000000,9.900990,30.000000,100.000000,50.000000,0.000000,0.000000,0.000000,0.000000,0.000000,0.000000,50.250000,73.666667,77.734627,76.364428,3.000000
2026-06-24T03:15:04.180977933Z,1000,per_hit,raw_percent_of_host,api-node1,api-node2,5,5,10,13.000000,7.000000,13.000000,14.000000,100.000000,50.000000,0.000000,0.000000,0.000000,0.000000,0.000000,0.000000,50.000000,95.400000,78.475410,75.479158,3.000000
2026-06-24T03:15:05.180983608Z,1000,per_hit,raw_percent_of_host,api-node1,api-node2,6,4,10,15.151515,6.000000,15.151515,12.000000,100.000000,50.000000,0.000000,0.000000,0.000000,0.000000,0.000000,0.000000,50.000000,74.000000,78.248687,75.062066,3.000000
2026-06-24T03:15:06.180981593Z,1000,per_hit,raw_percent_of_host,api-node1,api-node2,5,5,10,10.891089,11.224490,10.891089,22.448980,100.000000,50.000000,0.000000,0.000000,0.000000,0.000000,0.000000,0.000000,50.000000,70.600000,78.220279,76.006431,3.000000
2026-06-24T03:15:07.180985226Z,1000,per_hit,raw_percent_of_host,api-node1,api-node2,7,3,10,17.346939,6.000000,17.346939,12.000000,100.000000,50.000000,0.000000,0.000000,0.000000,0.000000,0.000000,0.000000,50.000000,83.000000,77.878250,75.437960,3.000000
2026-06-24T03:15:08.180979377Z,1000,per_hit,raw_percent_of_host,api-node1,api-node2,6,4,10,16.161616,5.050505,16.161616,10.101010,100.000000,50.000000,0.000000,0.000000,0.000000,0.000000,0.000000,0.000000,52.000000,69.000000,77.452168,78.153797,3.000000
2026-06-24T03:15:09.18098133Z,1000,per_hit,raw_percent_of_host,api-node1,api-node2,6,4,10,20.202020,5.050505,20.202020,10.101010,100.000000,50.000000,0.000000,0.000000,0.000000,0.000000,0.000000,0.000000,64.833333,104.250000,77.413641,76.338942,3.000000
2026-06-24T03:15:10.180981105Z,1000,per_hit,raw_percent_of_host,api-node1,api-node2,5,5,10,16.000000,10.101010,16.000000,20.202020,100.000000,50.000000,0.000000,0.000000,0.000000,0.000000,0.000000,0.000000,50.000000,57.800000,78.448440,75.130518,3.000000
2026-06-24T03:15:11.180979023Z,1000,per_hit,raw_percent_of_host,api-node1,api-node2,5,5,10,5.050505,13.725490,5.050505,27.450980,100.000000,50.000000,0.000000,0.000000,0.000000,0.000000,0.000000,0.000000,50.000000,80.400000,79.026394,76.053888,3.000000
2026-06-24T03:15:12.180981835Z,1000,per_hit,raw_percent_of_host,api-node1,api-node2,5,5,10,13.000000,11.224490,13.000000,22.448980,100.000000,50.000000,0.000000,0.000000,0.000000,0.000000,0.000000,0.000000,50.000000,71.800000,77.573937,76.941635,3.000000
2026-06-24T03:15:13.180978688Z,1000,per_hit,raw_percent_of_host,api-node1,api-node2,6,4,10,10.101010,12.871287,10.101010,25.742574,100.000000,50.000000,0.000000,0.000000,0.000000,0.000000,0.000000,0.000000,50.000000,96.250000,78.488185,74.301714,3.000000
2026-06-24T03:15:14.180981355Z,1000,per_hit,raw_percent_of_host,api-node1,api-node2,6,4,10,17.346939,10.101010,17.346939,20.202020,100.000000,50.000000,0.000000,0.000000,0.000000,0.000000,0.000000,0.000000,54.000000,55.250000,76.889070,76.712391,3.000000
2026-06-24T03:15:15.180992795Z,1000,per_hit,raw_percent_of_host,api-node1,api-node2,5,5,10,18.181818,10.101010,18.181818,20.202020,100.000000,50.000000,0.000000,0.000000,0.000000,0.000000,0.000000,0.000000,50.000000,50.000000,78.027366,77.019172,3.000000
2026-06-24T03:15:16.180982993Z,1000,per_hit,raw_percent_of_host,api-node1,api-node2,3,7,10,10.101010,12.000000,10.101010,24.000000,100.000000,50.000000,0.000000,0.000000,0.000000,0.000000,0.000000,0.000000,50.000000,64.857143,78.969524,75.851979,3.000000
2026-06-24T03:15:17.180979062Z,1000,per_hit,raw_percent_of_host,api-node1,api-node2,2,8,10,12.000000,10.101010,12.000000,20.202020,100.000000,50.000000,0.000000,0.000000,0.000000,0.000000,0.000000,0.000000,50.000000,61.000000,79.024283,77.199977,3.000000
2026-06-24T03:15:18.180978456Z,1000,per_hit,raw_percent_of_host,api-node1,api-node2,6,4,10,16.000000,7.920792,16.000000,15.841584,100.000000,50.000000,0.000000,0.000000,0.000000,0.000000,0.000000,0.000000,50.000000,76.000000,81.230748,77.287113,3.000000
2026-06-24T03:15:19.18097945Z,1000,per_hit,raw_percent_of_host,api-node1,api-node2,6,4,10,10.101010,10.204082,10.101010,20.408163,100.000000,50.000000,0.000000,0.000000,0.000000,0.000000,0.000000,0.000000,50.000000,69.250000,78.354930,74.990815,3.000000
2026-06-24T03:15:20.180978836Z,1000,per_hit,raw_percent_of_host,api-node1,api-node2,4,6,10,15.151515,10.000000,15.151515,20.000000,100.000000,50.000000,0.000000,0.000000,0.000000,0.000000,0.000000,0.000000,50.000000,61.333333,77.564321,77.469526,3.000000
2026-06-24T03:15:21.180982291Z,1000,per_hit,raw_percent_of_host,api-node1,api-node2,7,3,10,13.131313,12.000000,13.131313,24.000000,100.000000,50.000000,0.000000,0.000000,0.000000,0.000000,0.000000,0.000000,50.000000,84.333333,78.957144,76.466716,3.000000
2026-06-24T03:15:22.180989235Z,1000,per_hit,raw_percent_of_host,api-node1,api-node2,5,5,10,11.000000,11.000000,11.000000,22.000000,100.000000,50.000000,0.000000,0.000000,0.000000,0.000000,0.000000,0.000000,50.000000,54.600000,77.248311,79.851680,3.000000
2026-06-24T03:15:23.180978842Z,1000,per_hit,raw_percent_of_host,api-node1,api-node2,5,5,10,11.111111,6.060606,11.111111,12.121212,100.000000,50.000000,0.000000,0.000000,0.000000,0.000000,0.000000,0.000000,50.000000,79.800000,78.300876,76.574320,3.000000
2026-06-24T03:15:24.180977994Z,1000,per_hit,raw_percent_of_host,api-node1,api-node2,4,6,10,5.102041,16.000000,5.102041,32.000000,100.000000,50.000000,0.000000,0.000000,0.000000,0.000000,0.000000,0.000000,50.000000,74.333333,78.575167,76.196558,3.000000
2026-06-24T03:15:25.180979234Z,1000,per_hit,raw_percent_of_host,api-node1,api-node2,4,6,10,15.151515,10.101010,15.151515,20.202020,100.000000,50.000000,0.000000,0.000000,0.000000,0.000000,0.000000,0.000000,50.000000,66.833333,78.060639,76.287438,3.000000
2026-06-24T03:15:26.180982864Z,1000,per_hit,raw_percent_of_host,api-node1,api-node2,8,2,10,23.232323,0.000000,23.232323,0.000000,100.000000,50.000000,0.000000,0.000000,0.000000,0.000000,0.000000,0.000000,52.625000,50.000000,78.071907,80.865877,3.000000
2026-06-24T03:15:27.180978935Z,1000,per_hit,raw_percent_of_host,api-node1,api-node2,6,4,10,18.181818,10.101010,18.181818,20.202020,100.000000,50.000000,0.000000,0.000000,0.000000,0.000000,0.000000,0.000000,50.000000,50.000000,77.826640,76.805770,3.000000
2026-06-24T03:15:28.18097905Z,1000,per_hit,raw_percent_of_host,api-node1,api-node2,5,5,10,15.000000,11.000000,15.000000,22.000000,100.000000,50.000000,0.000000,0.000000,0.000000,0.000000,0.000000,0.000000,50.000000,63.200000,78.259587,76.556069,3.000000
2026-06-24T03:15:29.180978826Z,1000,per_hit,raw_percent_of_host,api-node1,api-node2,4,6,10,15.151515,10.101010,15.151515,20.202020,100.000000,50.000000,0.000000,0.000000,0.000000,0.000000,0.000000,0.000000,50.000000,50.000000,78.510250,75.149279,3.000000
2026-06-24T03:15:30.180977985Z,1000,per_hit,raw_percent_of_host,api-node1,api-node2,3,7,10,3.960396,15.000000,3.960396,30.000000,100.000000,50.000000,0.000000,0.000000,0.000000,0.000000,0.000000,0.000000,50.000000,78.142857,79.652375,75.985067,3.000000
2026-06-24T03:15:31.180982078Z,1000,per_hit,raw_percent_of_host,api-node1,api-node2,5,6,11,10.101010,12.000000,10.101010,24.000000,100.000000,50.000000,0.000000,0.000000,0.000000,0.000000,0.000000,0.000000,50.000000,67.166667,79.881164,75.892176,3.000000
2026-06-24T03:15:32.180977795Z,1000,per_hit,raw_percent_of_host,api-node1,api-node2,6,4,10,16.000000,10.101010,16.000000,20.202020,100.000000,50.000000,0.000000,0.000000,0.000000,0.000000,0.000000,0.000000,50.000000,50.250000,78.448440,76.574437,3.000000
2026-06-24T03:15:33.180979311Z,1000,per_hit,raw_percent_of_host,api-node1,api-node2,3,7,10,11.000000,14.000000,11.000000,28.000000,100.000000,50.000000,0.000000,0.000000,0.000000,0.000000,0.000000,0.000000,50.000000,61.571429,78.290423,75.844155,3.000000
2026-06-24T03:15:34.180978957Z,1000,per_hit,raw_percent_of_host,api-node1,api-node2,2,8,10,5.050505,11.111111,5.050505,22.222222,100.000000,50.000000,0.000000,0.000000,0.000000,0.000000,0.000000,0.000000,50.000000,69.875000,79.337022,76.888350,3.000000
2026-06-24T03:15:35.180978992Z,1000,per_hit,raw_percent_of_host,api-node1,api-node2,4,6,10,7.070707,14.141414,7.070707,28.282828,100.000000,50.000000,0.000000,0.000000,0.000000,0.000000,0.000000,0.000000,50.000000,74.166667,79.221034,76.119896,3.000000
2026-06-24T03:15:36.180987901Z,1000,per_hit,raw_percent_of_host,api-node1,api-node2,2,8,10,5.050505,10.101010,5.050505,20.202020,100.000000,50.000000,0.000000,0.000000,0.000000,0.000000,0.000000,0.000000,50.000000,67.625000,78.764831,76.089000,3.000000
2026-06-24T03:15:37.181031355Z,1000,per_hit,raw_percent_of_host,api-node1,api-node2,8,2,10,23.232323,6.000000,23.232323,12.000000,100.000000,50.000000,0.000000,0.000000,0.000000,0.000000,0.000000,0.000000,50.000000,50.000000,78.114973,78.255720,3.000000
2026-06-24T03:15:38.180982215Z,1000,per_hit,raw_percent_of_host,api-node1,api-node2,5,5,10,10.101010,14.000000,10.101010,28.000000,100.000000,50.000000,0.000000,0.000000,0.000000,0.000000,0.000000,0.000000,50.000000,57.600000,77.900067,77.415835,3.000000
2026-06-24T03:15:39.180981786Z,1000,per_hit,raw_percent_of_host,api-node1,api-node2,6,4,10,18.000000,5.050505,18.000000,10.101010,100.000000,50.000000,0.000000,0.000000,0.000000,0.000000,0.000000,0.000000,50.000000,74.750000,77.732725,76.150908,3.000000
2026-06-24T03:15:40.180977961Z,1000,per_hit,raw_percent_of_host,api-node1,api-node2,4,6,10,5.050505,15.000000,5.050505,30.000000,100.000000,50.000000,0.000000,0.000000,0.000000,0.000000,0.000000,0.000000,50.000000,73.833333,78.764831,76.000414,3.000000
2026-06-24T03:15:41.180985603Z,1000,per_hit,raw_percent_of_host,api-node1,api-node2,7,3,10,23.000000,5.050505,23.000000,10.101010,100.000000,50.000000,0.000000,0.000000,0.000000,0.000000,0.000000,0.000000,50.000000,64.000000,77.362503,76.189494,3.000000
2026-06-24T03:15:42.180978868Z,1000,per_hit,raw_percent_of_host,api-node1,api-node2,4,6,10,13.000000,10.101010,13.000000,20.202020,100.000000,50.000000,0.000000,0.000000,0.000000,0.000000,0.000000,0.000000,50.000000,64.500000,78.475410,75.875999,3.000000
2026-06-24T03:15:43.180978004Z,1000,per_hit,raw_percent_of_host,api-node1,api-node2,7,3,10,24.242424,1.000000,24.242424,2.000000,100.000000,50.000000,0.000000,0.000000,0.000000,0.000000,0.000000,0.000000,51.428571,74.666667,77.689340,79.195051,3.000000
2026-06-24T03:15:44.180981634Z,1000,per_hit,raw_percent_of_host,api-node1,api-node2,8,2,10,23.232323,0.000000,23.232323,0.000000,100.000000,50.000000,0.000000,0.000000,0.000000,0.000000,0.000000,0.000000,51.250000,50.000000,77.802488,77.811796,3.000000
2026-06-24T03:15:45.18097888Z,1000,per_hit,raw_percent_of_host,api-node1,api-node2,5,5,10,20.000000,10.101010,20.000000,20.202020,100.000000,50.000000,0.000000,0.000000,0.000000,0.000000,0.000000,0.000000,50.000000,59.200000,77.857059,76.340720,3.000000
2026-06-24T03:15:46.180984754Z,1000,per_hit,raw_percent_of_host,api-node1,api-node2,4,6,10,7.070707,14.141414,7.070707,28.282828,100.000000,50.000000,0.000000,0.000000,0.000000,0.000000,0.000000,0.000000,50.000000,74.500000,78.957612,75.201402,3.000000
2026-06-24T03:15:47.180977736Z,1000,per_hit,raw_percent_of_host,api-node1,api-node2,2,8,10,3.960396,14.141414,3.960396,28.282828,100.000000,50.000000,0.000000,0.000000,0.000000,0.000000,0.000000,0.000000,50.000000,74.500000,79.082558,74.727667,3.000000
2026-06-24T03:15:48.180981356Z,1000,per_hit,raw_percent_of_host,api-node1,api-node2,7,3,10,12.000000,8.000000,12.000000,16.000000,100.000000,50.000000,0.000000,0.000000,0.000000,0.000000,0.000000,0.000000,51.428571,61.000000,78.480424,77.067478,3.000000
2026-06-24T03:15:49.180979354Z,1000,per_hit,raw_percent_of_host,api-node1,api-node2,6,4,10,15.151515,6.060606,15.151515,12.121212,100.000000,50.000000,0.000000,0.000000,0.000000,0.000000,0.000000,0.000000,50.000000,75.750000,77.429219,77.491409,3.000000
2026-06-24T03:15:50.180977996Z,1000,per_hit,raw_percent_of_host,api-node1,api-node2,6,4,10,16.161616,6.060606,16.161616,12.121212,100.000000,50.000000,0.000000,0.000000,0.000000,0.000000,0.000000,0.000000,50.000000,76.500000,77.970242,75.416244,3.000000
2026-06-24T03:15:51.180978391Z,1000,per_hit,raw_percent_of_host,api-node1,api-node2,5,5,10,10.204082,12.244898,10.204082,24.489796,100.000000,50.000000,0.000000,0.000000,0.000000,0.000000,0.000000,0.000000,50.000000,76.400000,78.469111,75.031911,3.000000
2026-06-24T03:15:52.180978056Z,1000,per_hit,raw_percent_of_host,api-node1,api-node2,5,5,10,7.070707,14.851485,7.070707,29.702970,100.000000,50.000000,0.000000,0.000000,0.000000,0.000000,0.000000,0.000000,50.000000,75.600000,78.491651,74.913396,3.000000
2026-06-24T03:15:53.180982496Z,1000,per_hit,raw_percent_of_host,api-node1,api-node2,7,3,10,17.171717,10.101010,17.171717,20.202020,100.000000,50.000000,0.000000,0.000000,0.000000,0.000000,0.000000,0.000000,50.000000,50.000000,77.461503,77.788954,3.000000
2026-06-24T03:15:54.180979326Z,1000,per_hit,raw_percent_of_host,api-node1,api-node2,4,6,10,10.101010,11.111111,10.101010,22.222222,100.000000,50.000000,0.000000,0.000000,0.000000,0.000000,0.000000,0.000000,50.000000,67.166667,78.003930,76.833062,3.000000
2026-06-24T03:15:55.180978883Z,1000,per_hit,raw_percent_of_host,api-node1,api-node2,4,6,10,12.121212,11.111111,12.121212,22.222222,100.000000,50.000000,0.000000,0.000000,0.000000,0.000000,0.000000,0.000000,50.000000,66.500000,78.708691,76.133375,3.000000
2026-06-24T03:15:56.180979091Z,1000,per_hit,raw_percent_of_host,api-node1,api-node2,6,4,10,10.101010,13.000000,10.101010,26.000000,100.000000,50.000000,0.000000,0.000000,0.000000,0.000000,0.000000,0.000000,50.000000,85.250000,78.964128,75.539786,3.000000
2026-06-24T03:15:57.180979045Z,1000,per_hit,raw_percent_of_host,api-node1,api-node2,5,5,10,18.811881,10.101010,18.811881,20.202020,100.000000,50.000000,0.000000,0.000000,0.000000,0.000000,0.000000,0.000000,50.000000,60.000000,77.030976,77.231867,3.000000
2026-06-24T03:15:58.180982139Z,1000,per_hit,raw_percent_of_host,api-node1,api-node2,5,5,10,20.202020,5.000000,20.202020,10.000000,100.000000,50.000000,0.000000,0.000000,0.000000,0.000000,0.000000,0.000000,50.000000,70.200000,78.087299,75.826310,3.000000
2026-06-24T03:15:59.18098212Z,1000,per_hit,raw_percent_of_host,api-node1,api-node2,7,3,10,19.191919,5.050505,19.191919,10.101010,100.000000,50.000000,0.000000,0.000000,0.000000,0.000000,0.000000,0.000000,53.142857,63.000000,78.281514,76.592237,3.000000
2026-06-24T03:16:00.180980858Z,1000,per_hit,raw_percent_of_host,api-node1,api-node2,7,3,10,23.000000,5.050505,23.000000,10.101010,100.000000,50.000000,0.000000,0.000000,0.000000,0.000000,0.000000,0.000000,50.000000,50.000000,77.566901,77.943054,3.000000
2026-06-24T03:16:01.180980949Z,1000,per_hit,raw_percent_of_host,api-node1,api-node2,6,4,10,12.121212,14.000000,12.121212,28.000000,100.000000,50.000000,0.000000,0.000000,0.000000,0.000000,0.000000,0.000000,50.000000,59.000000,78.459807,75.997553,3.000000
2026-06-24T03:16:02.180981792Z,1000,per_hit,raw_percent_of_host,api-node1,api-node2,4,6,10,10.101010,12.000000,10.101010,24.000000,100.000000,50.000000,0.000000,0.000000,0.000000,0.000000,0.000000,0.000000,50.000000,67.166667,77.874961,76.748278,3.000000
2026-06-24T03:16:03.180981944Z,1000,per_hit,raw_percent_of_host,api-node1,api-node2,5,5,10,14.000000,13.131313,14.000000,26.262626,100.000000,50.000000,0.000000,0.000000,0.000000,0.000000,0.000000,0.000000,50.000000,57.800000,78.589998,75.729292,3.000000
2026-06-24T03:16:04.180982245Z,1000,per_hit,raw_percent_of_host,api-node1,api-node2,7,3,10,19.000000,5.050505,19.000000,10.101010,100.000000,50.000000,0.000000,0.000000,0.000000,0.000000,0.000000,0.000000,51.428571,50.000000,77.791433,77.679006,3.000000
2026-06-24T03:16:05.180981513Z,1000,per_hit,raw_percent_of_host,api-node1,api-node2,3,7,10,7.920792,11.111111,7.920792,22.222222,100.000000,50.000000,0.000000,0.000000,0.000000,0.000000,0.000000,0.000000,50.000000,81.571429,78.743646,75.570644,3.000000
2026-06-24T03:16:06.180980022Z,1000,per_hit,raw_percent_of_host,api-node1,api-node2,1,9,10,5.050505,15.000000,5.050505,30.000000,100.000000,50.000000,0.000000,0.000000,0.000000,0.000000,0.000000,0.000000,50.000000,90.222222,79.107849,75.545712,3.000000
2026-06-24T03:16:07.180978873Z,1000,per_hit,raw_percent_of_host,api-node1,api-node2,9,1,10,24.242424,0.000000,24.242424,0.000000,100.000000,50.000000,0.000000,0.000000,0.000000,0.000000,0.000000,0.000000,51.222222,50.000000,80.447524,78.307196,3.000000
2026-06-24T03:16:08.180979554Z,1000,per_hit,raw_percent_of_host,api-node1,api-node2,6,4,10,15.151515,6.000000,15.151515,12.000000,100.000000,50.000000,0.000000,0.000000,0.000000,0.000000,0.000000,0.000000,50.000000,75.750000,77.716015,77.637018,3.000000
2026-06-24T03:16:09.180982743Z,1000,per_hit,raw_percent_of_host,api-node1,api-node2,5,5,10,16.666667,11.000000,16.666667,22.000000,100.000000,50.000000,0.000000,0.000000,0.000000,0.000000,0.000000,0.000000,50.000000,58.800000,77.914910,76.128939,3.000000
2026-06-24T03:16:10.180979116Z,1000,per_hit,raw_percent_of_host,api-node1,api-node2,7,3,10,21.428571,5.050505,21.428571,10.101010,100.000000,50.000000,0.000000,0.000000,0.000000,0.000000,0.000000,0.000000,50.000000,50.000000,77.985168,77.741271,3.000000
2026-06-24T03:16:11.180979298Z,1000,per_hit,raw_percent_of_host,api-node1,api-node2,6,4,10,17.000000,6.000000,17.000000,12.000000,100.000000,50.000000,0.000000,0.000000,0.000000,0.000000,0.000000,0.000000,52.000000,50.000000,77.927086,77.575551,3.000000
2026-06-24T03:16:12.180981638Z,1000,per_hit,raw_percent_of_host,api-node1,api-node2,7,3,10,17.171717,5.000000,17.171717,10.000000,100.000000,50.000000,0.000000,0.000000,0.000000,0.000000,0.000000,0.000000,50.000000,80.333333,78.358212,76.032288,3.000000
2026-06-24T03:16:13.180986535Z,1000,per_hit,raw_percent_of_host,api-node1,api-node2,4,6,10,10.101010,12.000000,10.101010,24.000000,100.000000,50.000000,0.000000,0.000000,0.000000,0.000000,0.000000,0.000000,50.000000,67.000000,77.794091,76.748278,3.000000
2026-06-24T03:16:14.180978771Z,1000,per_hit,raw_percent_of_host,api-node1,api-node2,8,2,10,22.222222,0.000000,22.222222,0.000000,100.000000,50.000000,0.000000,0.000000,0.000000,0.000000,0.000000,0.000000,51.125000,83.000000,77.698405,79.671131,3.000000
2026-06-24T03:16:15.180983552Z,1000,per_hit,raw_percent_of_host,api-node1,api-node2,2,3,5,10.101010,5.000000,10.101010,10.000000,100.000000,50.000000,0.000000,0.000000,0.000000,0.000000,0.000000,0.000000,50.000000,50.000000,78.221410,74.969905,3.000000
2026-06-24T03:16:16.180983118Z,1000,per_hit,raw_percent_of_host,api-node1,api-node2,0,0,0,0.000000,0.000000,0.000000,0.000000,100.000000,50.000000,0.000000,0.000000,0.000000,0.000000,0.000000,0.000000,0.000000,0.000000,0.000000,0.000000,3.000000
2026-06-24T03:16:17.180978617Z,1000,per_hit,raw_percent_of_host,api-node1,api-node2,1,2,3,0.000000,1.000000,0.000000,2.000000,100.000000,50.000000,0.000000,0.000000,0.000000,0.000000,0.000000,0.000000,50.000000,50.000000,83.541603,81.738019,3.000000
2026-06-24T03:16:18.180981137Z,1000,per_hit,raw_percent_of_host,api-node1,api-node2,0,0,0,0.000000,0.000000,0.000000,0.000000,100.000000,50.000000,0.000000,0.000000,0.000000,0.000000,0.000000,0.000000,0.000000,0.000000,0.000000,0.000000,3.000000
2026-06-24T03:16:19.180981069Z,1000,per_hit,raw_percent_of_host,api-node1,api-node2,2,0,2,5.050505,0.000000,5.050505,0.000000,100.000000,50.000000,0.000000,0.000000,0.000000,0.000000,0.000000,0.000000,50.000000,0.000000,83.488095,83.494882,3.000000
2026-06-24T03:16:20.180981141Z,1000,per_hit,raw_percent_of_host,api-node1,api-node2,2,0,2,0.000000,0.000000,0.000000,0.000000,100.000000,50.000000,1.000000,0.000000,0.000000,0.000000,1.000000,0.000000,50.000000,0.000000,81.374012,83.552870,3.000000
2026-06-24T03:16:21.180979625Z,1000,per_hit,raw_percent_of_host,api-node1,api-node2,13,5,18,39.795918,13.675214,39.795918,27.350427,100.000000,50.000000,0.000000,0.000000,0.000000,0.000000,0.000000,0.000000,51.714286,73.200000,78.469409,80.661696,3.000000
2026-06-24T03:16:22.180979138Z,1000,per_hit,raw_percent_of_host,api-node1,api-node2,2,8,10,5.050505,8.000000,5.050505,16.000000,100.000000,50.000000,0.000000,1.000000,0.000000,0.000000,0.000000,1.000000,50.000000,67.714286,77.256471,77.559389,3.000000
2026-06-24T03:16:23.180980724Z,1000,per_hit,raw_percent_of_host,api-node1,api-node2,6,4,10,21.359223,8.080808,21.359223,16.161616,100.000000,50.000000,1.000000,0.000000,0.000000,0.000000,1.000000,0.000000,62.600000,69.600000,78.300099,76.276289,3.000000
2026-06-24T03:16:24.180978472Z,1000,per_hit,raw_percent_of_host,api-node1,api-node2,4,6,10,6.060606,15.000000,6.060606,30.000000,100.000000,50.000000,0.000000,1.000000,0.000000,0.000000,0.000000,1.000000,50.000000,55.000000,79.126426,76.810864,3.000000
2026-06-24T03:16:25.180982639Z,1000,per_hit,raw_percent_of_host,api-node1,api-node2,4,6,10,17.000000,1.020408,17.000000,2.040816,100.000000,50.000000,0.000000,1.000000,0.000000,0.000000,0.000000,1.000000,50.000000,67.666667,77.905903,77.757073,3.000000
2026-06-24T03:16:26.180978963Z,1000,per_hit,raw_percent_of_host,api-node1,api-node2,4,6,10,11.000000,15.000000,11.000000,30.000000,100.000000,50.000000,0.000000,0.000000,0.000000,0.000000,0.000000,0.000000,61.250000,73.571429,79.212893,76.305009,3.000000
2026-06-24T03:16:27.180980235Z,1000,per_hit,raw_percent_of_host,api-node1,api-node2,4,6,10,10.000000,11.965812,10.000000,23.931624,100.000000,50.000000,0.000000,0.000000,0.000000,0.000000,0.000000,0.000000,50.000000,67.333333,78.803037,75.771437,3.000000
2026-06-24T03:16:28.180977804Z,1000,per_hit,raw_percent_of_host,api-node1,api-node2,4,6,10,11.000000,17.171717,11.000000,34.343434,100.000000,50.000000,0.000000,0.000000,0.000000,0.000000,0.000000,0.000000,50.000000,69.166667,78.775551,75.666885,3.000000
2026-06-24T03:16:29.18097891Z,1000,per_hit,raw_percent_of_host,api-node1,api-node2,3,7,10,5.050505,17.171717,5.050505,34.343434,100.000000,50.000000,0.000000,0.000000,0.000000,0.000000,0.000000,0.000000,50.000000,63.428571,78.891439,74.786225,3.000000
2026-06-24T03:16:30.180980515Z,1000,per_hit,raw_percent_of_host,api-node1,api-node2,5,5,10,20.202020,1.000000,20.202020,2.000000,100.000000,50.000000,0.000000,0.000000,0.000000,0.000000,0.000000,0.000000,50.000000,55.800000,78.100203,79.710704,3.000000
2026-06-24T03:16:31.180978848Z,1000,per_hit,raw_percent_of_host,api-node1,api-node2,5,5,10,15.151515,9.090909,15.151515,18.181818,100.000000,50.000000,0.000000,0.000000,0.000000,0.000000,0.000000,0.000000,50.000000,66.200000,78.895236,76.608662,3.000000
2026-06-24T03:16:32.180978283Z,1000,per_hit,raw_percent_of_host,api-node1,api-node2,4,6,10,10.101010,12.931034,10.101010,25.862069,100.000000,50.000000,0.000000,0.000000,0.000000,0.000000,0.000000,0.000000,50.250000,59.333333,78.820891,75.614161,3.000000
2026-06-24T03:16:33.180981721Z,1000,per_hit,raw_percent_of_host,api-node1,api-node2,8,2,10,30.303030,0.000000,30.303030,0.000000,100.000000,50.000000,0.000000,0.000000,0.000000,0.000000,0.000000,0.000000,50.250000,71.000000,78.274842,78.019330,3.000000
2026-06-24T03:16:34.180977904Z,1000,per_hit,raw_percent_of_host,api-node1,api-node2,5,5,10,15.151515,9.090909,15.151515,18.181818,100.000000,50.000000,0.000000,0.000000,0.000000,0.000000,0.000000,0.000000,50.000000,68.800000,78.587910,75.868516,3.000000
2026-06-24T03:16:35.180977734Z,1000,per_hit,raw_percent_of_host,api-node1,api-node2,4,6,10,20.202020,6.000000,20.202020,12.000000,100.000000,50.000000,0.000000,0.000000,0.000000,0.000000,0.000000,0.000000,50.000000,62.833333,78.280375,76.460967,3.000000
2026-06-24T03:16:36.180978133Z,1000,per_hit,raw_percent_of_host,api-node1,api-node2,2,8,10,10.101010,15.306122,10.101010,30.612245,100.000000,50.000000,0.000000,0.000000,0.000000,0.000000,0.000000,0.000000,50.000000,61.000000,81.474462,76.909683,3.000000
2026-06-24T03:16:37.180982695Z,1000,per_hit,raw_percent_of_host,api-node1,api-node2,7,3,10,26.732673,5.940594,26.732673,11.881188,100.000000,50.000000,0.000000,0.000000,0.000000,0.000000,0.000000,0.000000,50.285714,66.000000,81.242728,76.795620,3.000000
2026-06-24T03:16:38.180978657Z,1000,per_hit,raw_percent_of_host,api-node1,api-node2,4,6,10,15.151515,14.000000,15.151515,28.000000,100.000000,50.000000,0.000000,0.000000,0.000000,0.000000,0.000000,0.000000,50.000000,60.333333,78.587910,77.370805,3.000000
2026-06-24T03:16:39.18098141Z,1000,per_hit,raw_percent_of_host,api-node1,api-node2,1,9,10,5.102041,18.000000,5.102041,36.000000,100.000000,50.000000,0.000000,0.000000,0.000000,0.000000,0.000000,0.000000,50.000000,71.888889,79.336206,74.842728,3.000000
2026-06-24T03:16:40.180978065Z,1000,per_hit,raw_percent_of_host,api-node1,api-node2,9,1,10,25.252525,4.040404,25.252525,8.080808,100.000000,50.000000,0.000000,0.000000,0.000000,0.000000,0.000000,0.000000,50.000000,50.000000,80.589500,77.752605,3.000000
2026-06-24T03:16:41.180978081Z,1000,per_hit,raw_percent_of_host,api-node1,api-node2,7,3,10,25.252525,5.050505,25.252525,10.101010,100.000000,50.000000,1.000000,0.000000,0.000000,0.000000,1.000000,0.000000,51.333333,54.000000,76.609197,80.460563,3.000000
2026-06-24T03:16:42.180978081Z,1000,per_hit,raw_percent_of_host,api-node1,api-node2,6,4,10,21.000000,9.090909,21.000000,18.181818,100.000000,50.000000,0.000000,0.000000,0.000000,0.000000,0.000000,0.000000,50.000000,50.000000,78.224836,77.022807,3.000000
2026-06-24T03:16:43.180981419Z,1000,per_hit,raw_percent_of_host,api-node1,api-node2,4,6,10,21.212121,9.000000,21.212121,18.000000,100.000000,50.000000,0.000000,0.000000,0.000000,0.000000,0.000000,0.000000,50.000000,54.833333,78.218999,76.386240,3.000000
2026-06-24T03:16:44.180980661Z,1000,per_hit,raw_percent_of_host,api-node1,api-node2,1,9,10,5.050505,18.181818,5.050505,36.363636,100.000000,50.000000,0.000000,0.000000,0.000000,0.000000,0.000000,0.000000,50.000000,63.888889,82.233054,76.869704,3.000000
2026-06-24T03:16:45.180980707Z,1000,per_hit,raw_percent_of_host,api-node1,api-node2,7,3,10,25.510204,9.090909,25.510204,18.181818,100.000000,50.000000,0.000000,0.000000,0.000000,0.000000,0.000000,0.000000,50.000000,68.000000,81.215396,76.607999,3.000000
2026-06-24T03:16:46.180980324Z,1000,per_hit,raw_percent_of_host,api-node1,api-node2,8,2,10,20.202020,10.891089,20.202020,21.782178,100.000000,50.000000,0.000000,0.000000,0.000000,0.000000,0.000000,0.000000,50.125000,69.500000,77.612255,75.904671,3.000000
2026-06-24T03:16:47.180982449Z,1000,per_hit,raw_percent_of_host,api-node1,api-node2,6,4,10,20.202020,9.000000,20.202020,18.000000,100.000000,50.000000,0.000000,0.000000,0.000000,0.000000,0.000000,0.000000,50.000000,50.000000,76.720409,81.024486,3.000000
2026-06-24T03:16:48.180978474Z,1000,per_hit,raw_percent_of_host,api-node1,api-node2,4,6,10,16.000000,9.090909,16.000000,18.181818,100.000000,50.000000,0.000000,0.000000,0.000000,0.000000,0.000000,0.000000,50.000000,57.666667,78.532032,76.164889,3.000000
2026-06-24T03:16:49.18097988Z,1000,per_hit,raw_percent_of_host,api-node1,api-node2,5,5,10,10.891089,14.141414,10.891089,28.282828,100.000000,50.000000,0.000000,0.000000,0.000000,0.000000,0.000000,0.000000,50.200000,61.400000,79.149069,76.024403,3.000000
2026-06-24T03:16:50.180979105Z,1000,per_hit,raw_percent_of_host,api-node1,api-node2,0,10,10,0.000000,19.827586,0.000000,39.655172,100.000000,50.000000,0.000000,0.000000,0.000000,0.000000,0.000000,0.000000,0.000000,77.400000,79.489735,75.386461,3.000000
2026-06-24T03:16:51.180983195Z,1000,per_hit,raw_percent_of_host,api-node1,api-node2,7,3,10,16.000000,17.171717,16.000000,34.343434,100.000000,50.000000,0.000000,0.000000,0.000000,0.000000,0.000000,0.000000,50.000000,80.000000,81.807261,75.981089,3.000000
2026-06-24T03:16:52.180983768Z,1000,per_hit,raw_percent_of_host,api-node1,api-node2,6,4,10,20.202020,9.090909,20.202020,18.181818,100.000000,50.000000,0.000000,0.000000,0.000000,0.000000,0.000000,0.000000,50.000000,71.000000,77.019172,78.148945,3.000000
2026-06-24T03:16:53.18098227Z,1000,per_hit,raw_percent_of_host,api-node1,api-node2,10,0,10,30.303030,0.000000,30.303030,0.000000,100.000000,50.000000,0.000000,0.000000,0.000000,0.000000,0.000000,0.000000,50.100000,0.000000,78.298503,78.296288,3.000000
2026-06-24T03:16:54.180978564Z,1000,per_hit,raw_percent_of_host,api-node1,api-node2,5,5,10,21.212121,4.040404,21.212121,8.080808,100.000000,50.000000,0.000000,0.000000,0.000000,0.000000,0.000000,0.000000,50.000000,67.000000,76.818891,80.787629,3.000000
2026-06-24T03:16:55.180982092Z,1000,per_hit,raw_percent_of_host,api-node1,api-node2,4,6,10,16.000000,14.141414,16.000000,28.282828,100.000000,50.000000,0.000000,0.000000,0.000000,0.000000,0.000000,0.000000,50.000000,55.166667,78.903953,76.851802,3.000000
2026-06-24T03:16:56.180980149Z,1000,per_hit,raw_percent_of_host,api-node1,api-node2,2,8,10,5.050505,18.811881,5.050505,37.623762,100.000000,50.000000,0.000000,0.000000,0.000000,0.000000,0.000000,0.000000,50.000000,78.375000,79.334648,75.694378,3.000000
2026-06-24T03:16:57.180981406Z,1000,per_hit,raw_percent_of_host,api-node1,api-node2,3,7,10,10.101010,13.131313,10.101010,26.262626,100.000000,50.000000,0.000000,0.000000,0.000000,0.000000,0.000000,0.000000,50.000000,62.714286,79.180521,75.975181,3.000000
2026-06-24T03:16:58.180977896Z,1000,per_hit,raw_percent_of_host,api-node1,api-node2,3,7,10,5.050505,17.796610,5.050505,35.593220,100.000000,50.000000,0.000000,0.000000,0.000000,0.000000,0.000000,0.000000,50.000000,93.142857,79.334648,75.693824,3.000000
2026-06-24T03:16:59.180978552Z,1000,per_hit,raw_percent_of_host,api-node1,api-node2,3,7,10,10.101010,15.000000,10.101010,30.000000,100.000000,50.000000,0.000000,0.000000,0.000000,0.000000,0.000000,0.000000,50.000000,73.857143,78.737312,74.863133,3.000000
2026-06-24T03:17:00.180980287Z,1000,per_hit,raw_percent_of_host,api-node1,api-node2,2,8,10,6.000000,17.241379,6.000000,34.482759,100.000000,50.000000,0.000000,0.000000,0.000000,0.000000,0.000000,0.000000,50.000000,104.000000,79.315002,75.205004,3.000000
2026-06-24T03:17:01.180978876Z,1000,per_hit,raw_percent_of_host,api-node1,api-node2,6,4,10,20.202020,4.040404,20.202020,8.080808,100.000000,50.000000,0.000000,0.000000,0.000000,0.000000,0.000000,0.000000,50.333333,61.000000,78.606781,76.968552,3.000000
2026-06-24T03:17:02.18097934Z,1000,per_hit,raw_percent_of_host,api-node1,api-node2,4,6,10,5.940594,21.367521,5.940594,42.735043,100.000000,50.000000,1.000000,0.000000,0.000000,0.000000,1.000000,0.000000,50.000000,67.500000,78.766470,75.290513,3.000000
2026-06-24T03:17:03.180980057Z,1000,per_hit,raw_percent_of_host,api-node1,api-node2,2,8,10,6.060606,20.588235,6.060606,41.176471,100.000000,50.000000,0.000000,0.000000,0.000000,0.000000,0.000000,0.000000,50.000000,57.625000,78.407350,78.332532,3.000000
2026-06-24T03:17:04.180981409Z,1000,per_hit,raw_percent_of_host,api-node1,api-node2,6,4,10,20.408163,4.081633,20.408163,8.163265,100.000000,50.000000,0.000000,0.000000,0.000000,0.000000,0.000000,0.000000,50.000000,65.500000,78.625808,76.796472,3.000000
2026-06-24T03:17:05.180980965Z,1000,per_hit,raw_percent_of_host,api-node1,api-node2,6,4,10,10.101010,13.131313,10.101010,26.262626,100.000000,50.000000,0.000000,0.000000,0.000000,0.000000,0.000000,0.000000,50.000000,60.000000,78.747503,75.363217,3.000000
2026-06-24T03:17:06.180987214Z,1000,per_hit,raw_percent_of_host,api-node1,api-node2,5,5,10,15.151515,14.141414,15.151515,28.282828,100.000000,50.000000,1.000000,0.000000,0.000000,0.000000,1.000000,0.000000,50.000000,74.000000,77.326707,76.093279,3.000000
2026-06-24T03:17:07.180981279Z,1000,per_hit,raw_percent_of_host,api-node1,api-node2,5,5,10,10.101010,7.000000,10.101010,14.000000,100.000000,50.000000,0.000000,0.000000,0.000000,0.000000,0.000000,0.000000,50.000000,91.800000,78.737312,74.156288,3.000000
2026-06-24T03:17:08.18097807Z,1000,per_hit,raw_percent_of_host,api-node1,api-node2,4,6,10,15.151515,14.141414,15.151515,28.282828,100.000000,50.000000,0.000000,0.000000,0.000000,0.000000,0.000000,0.000000,50.000000,71.666667,77.956492,75.092799,3.000000
2026-06-24T03:17:09.180979062Z,1000,per_hit,raw_percent_of_host,api-node1,api-node2,5,5,10,16.000000,14.000000,16.000000,28.000000,100.000000,50.000000,0.000000,0.000000,0.000000,0.000000,0.000000,0.000000,50.000000,53.800000,78.901183,77.174642,3.000000
2026-06-24T03:17:10.180978675Z,1000,per_hit,raw_percent_of_host,api-node1,api-node2,4,6,10,11.111111,14.000000,11.111111,28.000000,100.000000,50.000000,0.000000,0.000000,0.000000,0.000000,0.000000,0.000000,50.000000,56.000000,78.780351,75.790858,3.000000
2026-06-24T03:17:11.18098141Z,1000,per_hit,raw_percent_of_host,api-node1,api-node2,4,6,10,10.101010,10.101010,10.101010,20.202020,100.000000,50.000000,0.000000,0.000000,0.000000,0.000000,0.000000,0.000000,50.000000,52.166667,78.820891,77.008126,3.000000
2026-06-24T03:17:12.180978668Z,1000,per_hit,raw_percent_of_host,api-node1,api-node2,5,5,10,5.050505,20.588235,5.050505,41.176471,100.000000,50.000000,0.000000,0.000000,0.000000,0.000000,0.000000,0.000000,50.000000,72.400000,78.975018,76.625718,3.000000
2026-06-24T03:17:13.180981194Z,1000,per_hit,raw_percent_of_host,api-node1,api-node2,6,4,10,10.101010,18.000000,10.101010,36.000000,100.000000,50.000000,0.000000,0.000000,0.000000,0.000000,0.000000,0.000000,50.000000,57.500000,77.591919,81.247100,3.000000
2026-06-24T03:17:14.18097799Z,1000,per_hit,raw_percent_of_host,api-node1,api-node2,4,6,10,16.000000,9.090909,16.000000,18.181818,100.000000,50.000000,0.000000,0.000000,0.000000,0.000000,0.000000,0.000000,50.000000,68.333333,77.150759,79.536431,3.000000
2026-06-24T03:17:15.180978772Z,1000,per_hit,raw_percent_of_host,api-node1,api-node2,4,6,10,11.000000,20.000000,11.000000,40.000000,100.000000,50.000000,0.000000,0.000000,0.000000,0.000000,0.000000,0.000000,50.000000,66.166667,79.144701,76.196835,3.000000
2026-06-24T03:17:16.180982275Z,1000,per_hit,raw_percent_of_host,api-node1,api-node2,5,5,10,15.151515,14.141414,15.151515,28.282828,100.000000,50.000000,0.000000,0.000000,0.000000,0.000000,0.000000,0.000000,50.000000,57.800000,78.587910,75.761462,3.000000
2026-06-24T03:17:17.180979113Z,1000,per_hit,raw_percent_of_host,api-node1,api-node2,5,5,10,15.151515,10.101010,15.151515,20.202020,100.000000,50.000000,0.000000,0.000000,0.000000,0.000000,0.000000,0.000000,50.400000,55.600000,78.556162,76.547308,3.000000
2026-06-24T03:17:18.180981203Z,1000,per_hit,raw_percent_of_host,api-node1,api-node2,6,4,10,20.202020,4.040404,20.202020,8.080808,100.000000,50.000000,0.000000,0.000000,0.000000,0.000000,0.000000,0.000000,50.000000,60.500000,78.264956,75.674225,3.000000
2026-06-24T03:17:19.180978178Z,1000,per_hit,raw_percent_of_host,api-node1,api-node2,7,3,10,25.252525,5.050505,25.252525,10.101010,100.000000,50.000000,0.000000,0.000000,0.000000,0.000000,0.000000,0.000000,50.285714,60.333333,77.920511,76.947372,3.000000
2026-06-24T03:17:20.180978801Z,1000,per_hit,raw_percent_of_host,api-node1,api-node2,5,5,10,16.000000,9.090909,16.000000,18.181818,100.000000,50.000000,0.000000,0.000000,0.000000,0.000000,0.000000,0.000000,50.000000,64.600000,78.468165,75.431270,3.000000
2026-06-24T03:17:21.180978554Z,1000,per_hit,raw_percent_of_host,api-node1,api-node2,4,6,10,10.101010,12.931034,10.101010,25.862069,100.000000,50.000000,0.000000,0.000000,0.000000,0.000000,0.000000,0.000000,50.000000,73.500000,78.820891,74.296965,3.000000
2026-06-24T03:17:22.180983099Z,1000,per_hit,raw_percent_of_host,api-node1,api-node2,7,3,10,15.151515,9.090909,15.151515,18.181818,100.000000,50.000000,0.000000,0.000000,0.000000,0.000000,0.000000,0.000000,50.000000,65.000000,78.587910,75.576089,3.000000
2026-06-24T03:17:23.180979322Z,1000,per_hit,raw_percent_of_host,api-node1,api-node2,5,5,10,17.000000,14.141414,17.000000,28.282828,100.000000,50.000000,0.000000,0.000000,0.000000,0.000000,0.000000,0.000000,50.000000,55.800000,77.222918,77.950922,3.000000
2026-06-24T03:17:24.180978109Z,1000,per_hit,raw_percent_of_host,api-node1,api-node2,4,6,10,16.000000,16.000000,16.000000,32.000000,100.000000,50.000000,0.000000,0.000000,0.000000,0.000000,0.000000,0.000000,50.750000,76.833333,78.352039,74.800163,3.000000
2026-06-24T03:17:25.180977884Z,1000,per_hit,raw_percent_of_host,api-node1,api-node2,6,4,10,15.151515,9.090909,15.151515,18.181818,100.000000,50.000000,0.000000,0.000000,0.000000,0.000000,0.000000,0.000000,50.000000,57.000000,78.947540,75.596760,3.000000
2026-06-24T03:17:26.18098123Z,1000,per_hit,raw_percent_of_host,api-node1,api-node2,4,6,10,11.000000,14.141414,11.000000,28.282828,100.000000,50.000000,0.000000,0.000000,0.000000,0.000000,0.000000,0.000000,50.000000,67.333333,78.133282,75.930765,3.000000
2026-06-24T03:17:27.180980749Z,1000,per_hit,raw_percent_of_host,api-node1,api-node2,6,4,10,20.202020,10.891089,20.202020,21.782178,100.000000,50.000000,0.000000,0.000000,0.000000,0.000000,0.000000,0.000000,50.000000,50.250000,78.280375,76.832482,3.000000
2026-06-24T03:17:28.180978463Z,1000,per_hit,raw_percent_of_host,api-node1,api-node2,6,4,10,20.408163,5.050505,20.408163,10.101010,100.000000,50.000000,0.000000,0.000000,0.000000,0.000000,0.000000,0.000000,50.000000,50.500000,78.192790,77.639643,3.000000
2026-06-24T03:17:29.180980953Z,1000,per_hit,raw_percent_of_host,api-node1,api-node2,7,3,10,25.000000,5.050505,25.000000,10.101010,100.000000,50.000000,0.000000,0.000000,0.000000,0.000000,0.000000,0.000000,50.142857,63.000000,77.880369,77.808128,3.000000
2026-06-24T03:17:30.180982814Z,1000,per_hit,raw_percent_of_host,api-node1,api-node2,7,3,10,21.212121,9.900990,21.212121,19.801980,100.000000,50.000000,0.000000,0.000000,0.000000,0.000000,0.000000,0.000000,50.000000,64.000000,78.209685,77.167099,3.000000
2026-06-24T03:17:31.180982027Z,1000,per_hit,raw_percent_of_host,api-node1,api-node2,5,5,10,16.000000,15.151515,16.000000,30.303030,100.000000,50.000000,0.000000,0.000000,0.000000,0.000000,0.000000,0.000000,50.200000,77.800000,77.873753,75.086237,3.000000
2026-06-24T03:17:32.180981496Z,1000,per_hit,raw_percent_of_host,api-node1,api-node2,6,4,10,30.303030,1.000000,30.303030,2.000000,100.000000,50.000000,0.000000,0.000000,0.000000,0.000000,0.000000,0.000000,50.000000,61.250000,78.314509,78.902884,3.000000
2026-06-24T03:17:33.180979156Z,1000,per_hit,raw_percent_of_host,api-node1,api-node2,6,4,10,14.851485,15.151515,14.851485,30.303030,100.000000,50.000000,0.000000,0.000000,0.000000,0.000000,0.000000,0.000000,51.166667,85.500000,81.784353,73.335779,3.000000
2026-06-24T03:17:34.180985629Z,1000,per_hit,raw_percent_of_host,api-node1,api-node2,7,3,10,25.510204,5.050505,25.510204,10.101010,100.000000,50.000000,0.000000,0.000000,0.000000,0.000000,0.000000,0.000000,50.285714,76.333333,77.272051,76.609614,3.000000
2026-06-24T03:17:35.180981028Z,1000,per_hit,raw_percent_of_host,api-node1,api-node2,5,5,10,15.151515,10.000000,15.151515,20.000000,100.000000,50.000000,0.000000,0.000000,0.000000,0.000000,0.000000,0.000000,50.000000,58.400000,78.514523,75.893580,3.000000
2026-06-24T03:17:36.180981918Z,1000,per_hit,raw_percent_of_host,api-node1,api-node2,6,4,10,21.000000,9.090909,21.000000,18.181818,100.000000,50.000000,0.000000,0.000000,0.000000,0.000000,0.000000,0.000000,50.000000,66.250000,78.224836,75.774216,3.000000
2026-06-24T03:17:37.180980952Z,1000,per_hit,raw_percent_of_host,api-node1,api-node2,4,6,10,10.101010,13.131313,10.101010,26.262626,100.000000,50.000000,0.000000,0.000000,0.000000,0.000000,0.000000,0.000000,50.000000,66.000000,78.820891,75.282291,3.000000
2026-06-24T03:17:38.180981957Z,1000,per_hit,raw_percent_of_host,api-node1,api-node2,5,5,10,11.000000,19.801980,11.000000,39.603960,100.000000,50.000000,0.000000,0.000000,0.000000,0.000000,0.000000,0.000000,50.000000,80.000000,78.785071,75.136312,3.000000
2026-06-24T03:17:39.180978828Z,1000,per_hit,raw_percent_of_host,api-node1,api-node2,5,5,10,25.252525,4.040404,25.252525,8.080808,100.000000,50.000000,0.000000,0.000000,0.000000,0.000000,0.000000,0.000000,50.000000,60.800000,77.392308,76.959189,3.000000
2026-06-24T03:17:40.180980842Z,1000,per_hit,raw_percent_of_host,api-node1,api-node2,8,2,10,20.202020,10.000000,20.202020,20.000000,100.000000,50.000000,0.000000,0.000000,0.000000,0.000000,0.000000,0.000000,50.625000,93.500000,81.517087,73.751610,3.000000
2026-06-24T03:17:41.180978949Z,1000,per_hit,raw_percent_of_host,api-node1,api-node2,5,5,10,10.101010,14.141414,10.101010,28.282828,100.000000,50.000000,0.000000,0.000000,0.000000,0.000000,0.000000,0.000000,50.000000,66.000000,77.591919,79.842197,3.000000
2026-06-24T03:17:42.180978735Z,1000,per_hit,raw_percent_of_host,api-node1,api-node2,5,5,10,20.408163,4.040404,20.408163,8.080808,100.000000,50.000000,0.000000,0.000000,0.000000,0.000000,0.000000,0.000000,50.000000,59.000000,77.614389,76.968839,3.000000
2026-06-24T03:17:43.180989377Z,1000,per_hit,raw_percent_of_host,api-node1,api-node2,1,9,10,2.000000,21.782178,2.000000,43.564356,100.000000,50.000000,0.000000,0.000000,0.000000,0.000000,0.000000,0.000000,50.000000,84.000000,80.055559,76.857088,3.000000
2026-06-24T03:17:44.180981303Z,1000,per_hit,raw_percent_of_host,api-node1,api-node2,4,6,10,15.151515,15.000000,15.151515,30.000000,100.000000,50.000000,0.000000,0.000000,0.000000,0.000000,0.000000,0.000000,50.000000,54.500000,78.947540,76.653146,3.000000
2026-06-24T03:17:45.18098469Z,1000,per_hit,raw_percent_of_host,api-node1,api-node2,3,7,10,13.131313,19.000000,13.131313,38.000000,100.000000,50.000000,0.000000,0.000000,0.000000,0.000000,0.000000,0.000000,50.000000,54.857143,78.997435,76.651038,3.000000
2026-06-24T03:17:46.180982635Z,1000,per_hit,raw_percent_of_host,api-node1,api-node2,8,2,10,25.252525,4.040404,25.252525,8.080808,100.000000,50.000000,0.000000,0.000000,0.000000,0.000000,0.000000,0.000000,50.000000,50.000000,78.295559,77.579269,3.000000
2026-06-24T03:17:47.180978902Z,1000,per_hit,raw_percent_of_host,api-node1,api-node2,5,5,10,11.000000,14.141414,11.000000,28.282828,100.000000,50.000000,0.000000,0.000000,0.000000,0.000000,0.000000,0.000000,50.000000,70.400000,78.133282,76.587526,3.000000
2026-06-24T03:17:48.180979066Z,1000,per_hit,raw_percent_of_host,api-node1,api-node2,4,6,10,5.050505,19.191919,5.050505,38.383838,100.000000,50.000000,0.000000,0.000000,0.000000,0.000000,0.000000,0.000000,50.000000,73.000000,78.431397,75.109212,3.000000
2026-06-24T03:17:49.180979282Z,1000,per_hit,raw_percent_of_host,api-node1,api-node2,6,4,10,15.151515,14.141414,15.151515,28.282828,100.000000,50.000000,0.000000,0.000000,0.000000,0.000000,0.000000,0.000000,50.000000,69.250000,78.044289,75.418174,3.000000
2026-06-24T03:17:50.180978119Z,1000,per_hit,raw_percent_of_host,api-node1,api-node2,5,5,10,15.151515,14.141414,15.151515,28.282828,100.000000,50.000000,0.000000,0.000000,0.000000,0.000000,0.000000,0.000000,50.000000,52.600000,78.044289,77.296165,3.000000
2026-06-24T03:17:51.180982339Z,1000,per_hit,raw_percent_of_host,api-node1,api-node2,5,5,10,15.151515,10.101010,15.151515,20.202020,100.000000,50.000000,0.000000,0.000000,0.000000,0.000000,0.000000,0.000000,50.000000,58.000000,78.587910,76.344865,3.000000
2026-06-24T03:17:52.180982423Z,1000,per_hit,raw_percent_of_host,api-node1,api-node2,4,6,10,15.151515,13.861386,15.151515,27.722772,100.000000,50.000000,0.000000,0.000000,0.000000,0.000000,0.000000,0.000000,50.000000,80.666667,78.416369,75.488178,3.000000
2026-06-24T03:17:53.180978073Z,1000,per_hit,raw_percent_of_host,api-node1,api-node2,5,5,10,15.151515,9.000000,15.151515,18.000000,100.000000,50.000000,0.000000,0.000000,0.000000,0.000000,0.000000,0.000000,50.000000,96.200000,78.895236,74.805048,3.000000
2026-06-24T03:17:54.180978237Z,1000,per_hit,raw_percent_of_host,api-node1,api-node2,5,5,10,20.202020,9.090909,20.202020,18.181818,100.000000,50.000000,0.000000,0.000000,0.000000,0.000000,0.000000,0.000000,50.000000,77.600000,78.196796,73.877111,3.000000
2026-06-24T03:17:55.180979658Z,1000,per_hit,raw_percent_of_host,api-node1,api-node2,7,3,10,17.346939,5.940594,17.346939,11.881188,100.000000,50.000000,0.000000,0.000000,0.000000,0.000000,0.000000,0.000000,50.000000,67.000000,78.652466,77.430081,3.000000
2026-06-24T03:17:56.180980145Z,1000,per_hit,raw_percent_of_host,api-node1,api-node2,6,3,9,21.000000,1.000000,21.000000,2.000000,100.000000,50.000000,1.000000,0.000000,0.000000,0.000000,1.000000,0.000000,50.000000,83.666667,77.276125,77.582432,3.000000
2026-06-24T03:17:57.180980195Z,1000,per_hit,raw_percent_of_host,api-node1,api-node2,6,5,11,15.151515,5.940594,15.151515,11.881188,100.000000,50.000000,1.000000,0.000000,0.000000,0.000000,1.000000,0.000000,50.000000,87.200000,77.934267,76.890906,3.000000
2026-06-24T03:17:58.180979497Z,1000,per_hit,raw_percent_of_host,api-node1,api-node2,5,5,10,15.151515,5.050505,15.151515,10.101010,100.000000,50.000000,0.000000,1.000000,0.000000,0.000000,0.000000,1.000000,50.000000,65.250000,78.510250,76.889910,3.000000
2026-06-24T03:17:59.180978855Z,1000,per_hit,raw_percent_of_host,api-node1,api-node2,4,6,10,10.101010,12.871287,10.101010,25.742574,100.000000,50.000000,0.000000,0.000000,0.000000,0.000000,0.000000,0.000000,50.000000,86.714286,78.737312,74.513668,3.000000
2026-06-24T03:18:00.180980717Z,1000,per_hit,raw_percent_of_host,api-node1,api-node2,4,6,10,20.202020,5.050505,20.202020,10.101010,100.000000,50.000000,0.000000,0.000000,0.000000,0.000000,0.000000,0.000000,50.000000,65.666667,78.280375,76.247457,3.000000
2026-06-24T03:18:01.180982007Z,1000,per_hit,raw_percent_of_host,api-node1,api-node2,3,7,10,0.990099,22.222222,0.990099,44.444444,100.000000,50.000000,0.000000,0.000000,0.000000,0.000000,0.000000,0.000000,50.000000,102.285714,83.225179,76.002884,3.000000
2026-06-24T03:18:02.180982182Z,1000,per_hit,raw_percent_of_host,api-node1,api-node2,6,4,10,26.000000,6.930693,26.000000,13.861386,100.000000,50.000000,0.000000,0.000000,0.000000,0.000000,0.000000,0.000000,50.500000,93.750000,77.351841,76.019191,3.000000
2026-06-24T03:18:03.180978034Z,1000,per_hit,raw_percent_of_host,api-node1,api-node2,8,2,10,25.510204,4.081633,25.510204,8.163265,100.000000,50.000000,0.000000,0.000000,0.000000,0.000000,0.000000,0.000000,50.125000,56.500000,78.303964,77.080317,3.000000
2026-06-24T03:18:04.180984523Z,1000,per_hit,raw_percent_of_host,api-node1,api-node2,2,8,10,6.000000,16.379310,6.000000,32.758621,100.000000,50.000000,0.000000,0.000000,0.000000,0.000000,0.000000,0.000000,50.000000,101.000000,78.408981,75.861766,3.000000
2026-06-24T03:18:05.180978017Z,1000,per_hit,raw_percent_of_host,api-node1,api-node2,6,4,10,21.000000,4.040404,21.000000,8.080808,100.000000,50.000000,0.000000,0.000000,0.000000,0.000000,0.000000,0.000000,50.000000,56.250000,78.584466,78.406395,3.000000
2026-06-24T03:18:06.180978876Z,1000,per_hit,raw_percent_of_host,api-node1,api-node2,4,6,10,11.000000,19.607843,11.000000,39.215686,100.000000,50.000000,0.000000,0.000000,0.000000,0.000000,0.000000,0.000000,50.000000,84.666667,78.794386,74.678242,3.000000
2026-06-24T03:18:07.180978763Z,1000,per_hit,raw_percent_of_host,api-node1,api-node2,6,4,10,15.151515,9.090909,15.151515,18.181818,100.000000,50.000000,0.000000,0.000000,0.000000,0.000000,0.000000,0.000000,50.000000,56.750000,78.587910,77.189090,3.000000
2026-06-24T03:18:08.18098181Z,1000,per_hit,raw_percent_of_host,api-node1,api-node2,5,5,10,15.151515,9.090909,15.151515,18.181818,100.000000,50.000000,0.000000,0.000000,0.000000,0.000000,0.000000,0.000000,50.000000,63.200000,78.044289,76.323237,3.000000
2026-06-24T03:18:09.18098876Z,1000,per_hit,raw_percent_of_host,api-node1,api-node2,3,7,10,10.101010,19.191919,10.101010,38.383838,100.000000,50.000000,0.000000,0.000000,0.000000,0.000000,0.000000,0.000000,50.000000,74.285714,78.820891,75.191826,3.000000
2026-06-24T03:18:10.180982181Z,1000,per_hit,raw_percent_of_host,api-node1,api-node2,6,4,10,11.000000,14.000000,11.000000,28.000000,100.000000,50.000000,0.000000,0.000000,0.000000,0.000000,0.000000,0.000000,50.500000,60.250000,79.098351,75.741411,3.000000
2026-06-24T03:18:11.180980491Z,1000,per_hit,raw_percent_of_host,api-node1,api-node2,5,5,10,11.000000,13.131313,11.000000,26.262626,100.000000,50.000000,0.000000,0.000000,0.000000,0.000000,0.000000,0.000000,50.000000,63.000000,77.523868,78.529748,3.000000
2026-06-24T03:18:12.180978894Z,1000,per_hit,raw_percent_of_host,api-node1,api-node2,6,4,10,15.151515,8.620690,15.151515,17.241379,100.000000,50.000000,0.000000,0.000000,0.000000,0.000000,0.000000,0.000000,50.000000,140.000000,78.063365,75.440075,3.000000
2026-06-24T03:18:13.18097803Z,1000,per_hit,raw_percent_of_host,api-node1,api-node2,4,6,10,10.101010,19.607843,10.101010,39.215686,100.000000,50.000000,0.000000,0.000000,0.000000,0.000000,0.000000,0.000000,50.000000,74.166667,78.277270,74.735024,3.000000
2026-06-24T03:18:14.180982801Z,1000,per_hit,raw_percent_of_host,api-node1,api-node2,6,4,10,20.202020,11.764706,20.202020,23.529412,100.000000,50.000000,0.000000,0.000000,0.000000,0.000000,0.000000,0.000000,50.500000,61.250000,78.099041,76.172976,3.000000
2026-06-24T03:18:15.180979613Z,1000,per_hit,raw_percent_of_host,api-node1,api-node2,4,6,10,10.101010,19.000000,10.101010,38.000000,100.000000,50.000000,0.000000,0.000000,0.000000,0.000000,0.000000,0.000000,50.000000,87.666667,78.649349,76.332063,3.000000
2026-06-24T03:18:16.180987193Z,1000,per_hit,raw_percent_of_host,api-node1,api-node2,4,6,10,15.151515,13.861386,15.151515,27.722772,100.000000,50.000000,0.000000,0.000000,0.000000,0.000000,0.000000,0.000000,50.000000,62.000000,78.587910,75.077743,3.000000
2026-06-24T03:18:17.180978852Z,1000,per_hit,raw_percent_of_host,api-node1,api-node2,4,6,10,10.101010,17.094017,10.101010,34.188034,100.000000,50.000000,0.000000,0.000000,0.000000,0.000000,0.000000,0.000000,50.000000,73.333333,79.180521,74.967370,3.000000
2026-06-24T03:18:18.18098085Z,1000,per_hit,raw_percent_of_host,api-node1,api-node2,3,7,10,10.101010,18.181818,10.101010,36.363636,100.000000,50.000000,0.000000,0.000000,0.000000,0.000000,0.000000,0.000000,50.000000,63.857143,78.820891,77.391427,3.000000
2026-06-24T03:18:19.180977899Z,1000,per_hit,raw_percent_of_host,api-node1,api-node2,5,5,10,15.000000,9.090909,15.000000,18.181818,100.000000,50.000000,0.000000,0.000000,0.000000,0.000000,0.000000,0.000000,50.000000,62.400000,78.903411,75.241039,3.000000
2026-06-24T03:18:20.180981646Z,1000,per_hit,raw_percent_of_host,api-node1,api-node2,6,4,10,25.252525,6.000000,25.252525,12.000000,100.000000,50.000000,0.000000,0.000000,0.000000,0.000000,0.000000,0.000000,50.333333,87.000000,77.773010,75.768380,3.000000
2026-06-24T03:18:21.180981861Z,1000,per_hit,raw_percent_of_host,api-node1,api-node2,8,2,10,25.252525,5.050505,25.252525,10.101010,100.000000,50.000000,0.000000,0.000000,0.000000,0.000000,0.000000,0.000000,50.125000,75.000000,78.282499,76.731017,3.000000
2026-06-24T03:18:22.180978016Z,1000,per_hit,raw_percent_of_host,api-node1,api-node2,5,5,10,15.151515,14.851485,15.151515,29.702970,100.000000,50.000000,0.000000,0.000000,0.000000,0.000000,0.000000,0.000000,50.000000,65.200000,78.044289,76.008558,3.000000
2026-06-24T03:18:23.18098562Z,1000,per_hit,raw_percent_of_host,api-node1,api-node2,8,2,10,27.272727,5.000000,27.272727,10.000000,100.000000,50.000000,0.000000,0.000000,0.000000,0.000000,0.000000,0.000000,50.000000,50.500000,78.024150,77.701344,3.000000
2026-06-24T03:18:24.180978078Z,1000,per_hit,raw_percent_of_host,api-node1,api-node2,4,6,10,16.000000,8.080808,16.000000,16.161616,100.000000,50.000000,0.000000,0.000000,0.000000,0.000000,0.000000,0.000000,50.000000,64.500000,77.997932,77.438875,3.000000
2026-06-24T03:18:25.18097849Z,1000,per_hit,raw_percent_of_host,api-node1,api-node2,4,6,10,10.101010,14.705882,10.101010,29.411765,100.000000,50.000000,0.000000,0.000000,0.000000,0.000000,0.000000,0.000000,50.000000,57.666667,79.180521,76.192600,3.000000
2026-06-24T03:18:26.180982319Z,1000,per_hit,raw_percent_of_host,api-node1,api-node2,6,4,10,21.212121,4.040404,21.212121,8.080808,100.000000,50.000000,0.000000,0.000000,0.000000,0.000000,0.000000,0.000000,50.000000,56.000000,78.218999,76.398255,3.000000
2026-06-24T03:18:27.180978324Z,1000,per_hit,raw_percent_of_host,api-node1,api-node2,7,3,10,20.000000,10.101010,20.000000,20.202020,100.000000,50.000000,0.000000,0.000000,0.000000,0.000000,0.000000,0.000000,50.285714,68.666667,78.278770,75.110174,3.000000
2026-06-24T03:18:28.180989577Z,1000,per_hit,raw_percent_of_host,api-node1,api-node2,7,3,10,15.151515,9.090909,15.151515,18.181818,100.000000,50.000000,0.000000,0.000000,0.000000,0.000000,0.000000,0.000000,50.000000,59.000000,78.024750,77.098947,3.000000
2026-06-24T03:18:29.180978598Z,1000,per_hit,raw_percent_of_host,api-node1,api-node2,5,5,10,15.151515,8.080808,15.151515,16.161616,100.000000,50.000000,0.000000,0.000000,0.000000,0.000000,0.000000,0.000000,50.600000,58.000000,77.311419,76.856233,3.000000
2026-06-24T03:18:30.180978229Z,1000,per_hit,raw_percent_of_host,api-node1,api-node2,6,4,10,20.202020,10.000000,20.202020,20.000000,100.000000,50.000000,0.000000,0.000000,0.000000,0.000000,0.000000,0.000000,51.333333,59.250000,78.066106,75.946328,3.000000
2026-06-24T03:18:31.180989652Z,1000,per_hit,raw_percent_of_host,api-node1,api-node2,6,4,10,16.000000,14.141414,16.000000,28.282828,100.000000,50.000000,0.000000,0.000000,0.000000,0.000000,0.000000,0.000000,50.000000,56.750000,78.541553,76.362615,3.000000
2026-06-24T03:18:32.180978849Z,1000,per_hit,raw_percent_of_host,api-node1,api-node2,9,1,10,25.252525,6.000000,25.252525,12.000000,100.000000,50.000000,0.000000,0.000000,0.000000,0.000000,0.000000,0.000000,50.000000,77.000000,77.392308,76.786362,3.000000
2026-06-24T03:18:33.180978951Z,1000,per_hit,raw_percent_of_host,api-node1,api-node2,2,8,10,6.000000,19.000000,6.000000,38.000000,100.000000,50.000000,0.000000,0.000000,0.000000,0.000000,0.000000,0.000000,50.000000,64.875000,77.561808,80.961584,3.000000
2026-06-24T03:18:34.18097907Z,1000,per_hit,raw_percent_of_host,api-node1,api-node2,5,5,10,10.101010,19.801980,10.101010,39.603960,100.000000,50.000000,0.000000,0.000000,0.000000,0.000000,0.000000,0.000000,50.000000,57.400000,79.180521,76.690180,3.000000
2026-06-24T03:18:35.180978138Z,1000,per_hit,raw_percent_of_host,api-node1,api-node2,3,7,10,5.050505,19.000000,5.050505,38.000000,100.000000,50.000000,0.000000,0.000000,0.000000,0.000000,0.000000,0.000000,50.000000,64.857143,78.450472,77.420688,3.000000
2026-06-24T03:18:36.180980486Z,1000,per_hit,raw_percent_of_host,api-node1,api-node2,9,1,10,25.252525,5.000000,25.252525,10.000000,100.000000,50.000000,0.000000,0.000000,0.000000,0.000000,0.000000,0.000000,50.555556,50.000000,77.848544,77.530669,3.000000
2026-06-24T03:18:37.180982332Z,1000,per_hit,raw_percent_of_host,api-node1,api-node2,6,4,10,25.252525,5.050505,25.252525,10.101010,100.000000,50.000000,0.000000,0.000000,0.000000,0.000000,0.000000,0.000000,50.500000,59.250000,76.441006,80.555280,3.000000
2026-06-24T03:18:38.180987785Z,1000,per_hit,raw_percent_of_host,api-node1,api-node2,9,1,10,30.303030,0.000000,30.303030,0.000000,100.000000,50.000000,0.000000,0.000000,0.000000,0.000000,0.000000,0.000000,50.000000,93.000000,78.674140,79.238187,3.000000
2026-06-24T03:18:39.18098245Z,1000,per_hit,raw_percent_of_host,api-node1,api-node2,2,8,10,5.050505,18.000000,5.050505,36.000000,100.000000,50.000000,0.000000,0.000000,0.000000,0.000000,0.000000,0.000000,50.000000,91.125000,78.098575,75.503729,3.000000
2026-06-24T03:18:40.180981146Z,1000,per_hit,raw_percent_of_host,api-node1,api-node2,7,7,14,10.000000,14.000000,10.000000,28.000000,100.000000,50.000000,0.000000,0.000000,0.000000,0.000000,0.000000,0.000000,50.285714,68.142857,79.062406,75.742417,3.000000
2026-06-24T03:18:41.180981334Z,1000,per_hit,raw_percent_of_host,api-node1,api-node2,9,11,20,10.101010,14.141414,10.101010,28.282828,100.000000,50.000000,0.000000,0.000000,0.000000,0.000000,0.000000,0.000000,73.444444,87.454545,77.523932,75.665177,3.000000
2026-06-24T03:18:42.180978104Z,1000,per_hit,raw_percent_of_host,api-node1,api-node2,14,11,25,11.000000,16.521739,11.000000,33.043478,100.000000,50.000000,0.000000,0.000000,0.000000,0.000000,0.000000,0.000000,115.428571,98.181818,77.648626,74.955037,3.000000
2026-06-24T03:18:43.180979124Z,1000,per_hit,raw_percent_of_host,api-node1,api-node2,11,20,31,26.262626,4.040404,26.262626,8.080808,100.000000,50.000000,0.000000,11.000000,0.000000,0.000000,0.000000,11.000000,70.000000,157.000000,75.932004,78.757509,3.000000
2026-06-24T03:18:44.180979688Z,1000,per_hit,raw_percent_of_host,api-node1,api-node2,20,17,37,15.151515,15.841584,15.151515,31.683168,100.000000,50.000000,0.000000,1.000000,0.000000,0.000000,0.000000,1.000000,119.050000,234.666667,77.430517,74.645361,3.000000
2026-06-24T03:18:45.180977851Z,1000,per_hit,raw_percent_of_host,api-node1,api-node2,21,22,43,25.252525,12.871287,25.252525,25.742574,100.000000,50.000000,0.000000,17.000000,0.000000,0.000000,0.000000,17.000000,117.666667,169.833333,75.801137,75.018354,3.000000
2026-06-24T03:18:46.180979594Z,1000,per_hit,raw_percent_of_host,api-node1,api-node2,21,27,48,10.101010,19.191919,10.101010,38.383838,100.000000,50.000000,0.000000,17.000000,0.000000,0.000000,0.000000,17.000000,186.809524,289.592593,78.449431,76.203333,3.000000
2026-06-24T03:18:47.180978809Z,1000,per_hit,raw_percent_of_host,api-node1,api-node2,28,26,54,25.252525,11.224490,25.252525,22.448980,100.000000,50.000000,0.000000,21.000000,0.000000,0.000000,0.000000,21.000000,169.607143,345.000000,75.309925,74.474889,3.000000
2026-06-24T03:18:48.180978854Z,1000,per_hit,raw_percent_of_host,api-node1,api-node2,31,29,60,10.101010,23.809524,10.101010,47.619048,100.000000,50.000000,5.000000,24.000000,0.000000,0.000000,5.000000,24.000000,166.384615,384.076923,78.246328,74.494733,3.000000
2026-06-24T03:18:49.180978518Z,1000,per_hit,raw_percent_of_host,api-node1,api-node2,36,29,65,21.649485,21.000000,21.649485,42.000000,100.000000,50.000000,3.000000,22.000000,0.000000,0.000000,3.000000,22.000000,208.000000,349.419355,76.767424,76.946584,3.000000
2026-06-24T03:18:50.180978232Z,1000,per_hit,raw_percent_of_host,api-node1,api-node2,27,44,71,5.154639,22.222222,5.154639,44.444444,100.000000,50.000000,0.000000,36.000000,0.000000,0.000000,0.000000,36.000000,201.400000,415.433333,77.993996,75.061614,3.000000
2026-06-24T03:18:51.180978533Z,1000,per_hit,raw_percent_of_host,api-node1,api-node2,56,21,77,25.000000,26.530612,25.000000,53.061224,100.000000,50.000000,43.000000,9.000000,0.000000,0.000000,43.000000,9.000000,154.153846,507.395833,76.019996,47.850611,3.000000
2026-06-24T03:18:52.180980516Z,1000,per_hit,raw_percent_of_host,api-node1,api-node2,51,31,82,36.458333,6.122449,36.458333,12.244898,100.000000,50.000000,46.000000,27.000000,0.000000,0.000000,46.000000,27.000000,350.937500,241.615385,77.552116,78.260157,3.000000
2026-06-24T03:18:53.180978864Z,1000,per_hit,raw_percent_of_host,api-node1,api-node2,40,48,88,32.653061,21.212121,32.653061,42.424242,100.000000,50.000000,9.000000,42.000000,0.000000,0.000000,9.000000,42.000000,350.246753,443.878788,76.649322,78.246654,3.000000
2026-06-24T03:18:54.180979214Z,1000,per_hit,raw_percent_of_host,api-node1,api-node2,61,33,94,31.250000,25.252525,31.250000,50.505051,100.000000,50.000000,56.000000,29.000000,0.000000,0.000000,56.000000,29.000000,243.642857,718.413043,77.038095,49.131391,3.000000
2026-06-24T03:18:55.180979193Z,1000,per_hit,raw_percent_of_host,api-node1,api-node2,57,43,100,37.113402,29.069767,37.113402,58.139535,100.000000,50.000000,47.000000,36.000000,0.000000,0.000000,47.000000,36.000000,396.575758,639.638889,77.273359,67.107069,3.000000
2026-06-24T03:18:56.180978825Z,1000,per_hit,raw_percent_of_host,api-node1,api-node2,65,40,105,37.755102,26.470588,37.755102,52.941176,100.000000,50.000000,55.000000,36.000000,0.000000,0.000000,55.000000,36.000000,414.561404,573.550000,76.914373,49.124973,3.000000
2026-06-24T03:18:57.180979372Z,1000,per_hit,raw_percent_of_host,api-node1,api-node2,47,64,111,36.458333,25.252525,36.458333,50.505051,100.000000,50.000000,42.000000,58.000000,0.000000,0.000000,42.000000,58.000000,564.450000,670.023810,77.302852,67.242213,3.000000
2026-06-24T03:18:58.180978216Z,1000,per_hit,raw_percent_of_host,api-node1,api-node2,62,38,100,48.543689,25.000000,48.543689,50.000000,100.000000,50.000000,52.000000,40.000000,0.000000,0.000000,52.000000,40.000000,388.307692,1083.178571,73.527525,48.025583,3.000000
2026-06-24T03:18:59.180979151Z,1000,per_hit,raw_percent_of_host,api-node1,api-node2,61,36,97,47.959184,25.252525,47.959184,50.505051,100.000000,50.000000,29.000000,58.000000,0.000000,0.000000,29.000000,58.000000,336.964286,827.777778,72.349324,46.474417,3.000000
2026-06-24T03:19:00.180978761Z,1000,per_hit,raw_percent_of_host,api-node1,api-node2,86,42,128,31.958763,28.571429,31.958763,57.142857,100.000000,50.000000,76.000000,33.000000,0.000000,0.000000,76.000000,33.000000,232.948718,1163.074627,73.150410,45.335515,3.000000
2026-06-24T03:19:01.180980116Z,1000,per_hit,raw_percent_of_host,api-node1,api-node2,60,74,134,50.980392,28.915663,50.980392,57.831325,100.000000,50.000000,50.000000,63.000000,0.000000,0.000000,50.000000,63.000000,595.395349,504.863636,51.992547,52.719929,3.000000
2026-06-24T03:19:02.180979069Z,1000,per_hit,raw_percent_of_host,api-node1,api-node2,48,34,82,51.000000,28.915663,51.000000,57.831325,100.000000,50.000000,32.000000,84.000000,0.000000,0.000000,32.000000,84.000000,408.136364,991.615385,73.110879,46.718388,3.000000
2026-06-24T03:19:03.180979192Z,1000,per_hit,raw_percent_of_host,api-node1,api-node2,51,34,85,42.718447,26.000000,42.718447,52.000000,100.000000,50.000000,7.000000,47.000000,0.000000,0.000000,7.000000,47.000000,211.552632,1727.464789,72.115591,44.095536,3.000000
2026-06-24T03:19:04.180978798Z,1000,per_hit,raw_percent_of_host,api-node1,api-node2,83,57,140,50.000000,25.252525,50.000000,50.505051,100.000000,50.000000,4.000000,59.000000,0.000000,0.000000,4.000000,59.000000,257.302326,1175.133333,68.404878,46.310761,3.000000
2026-06-24T03:19:05.180978939Z,1000,per_hit,raw_percent_of_host,api-node1,api-node2,74,58,132,50.495050,25.000000,50.495050,50.000000,100.000000,50.000000,7.000000,74.000000,0.000000,0.000000,7.000000,74.000000,234.591549,1164.837209,70.337355,44.806535,3.000000
2026-06-24T03:19:06.180978929Z,1000,per_hit,raw_percent_of_host,api-node1,api-node2,58,35,93,50.495050,25.000000,50.495050,50.000000,100.000000,50.000000,6.000000,104.000000,0.000000,0.000000,6.000000,104.000000,155.050847,1325.600000,72.512331,43.761074,3.000000
2026-06-24T03:19:07.180978728Z,1000,per_hit,raw_percent_of_host,api-node1,api-node2,89,65,154,51.000000,24.489796,51.000000,48.979592,100.000000,50.000000,49.000000,77.000000,0.000000,0.000000,49.000000,77.000000,264.304348,1885.380435,68.178024,47.518473,3.000000
2026-06-24T03:19:08.180979144Z,1000,per_hit,raw_percent_of_host,api-node1,api-node2,72,51,123,51.000000,24.489796,51.000000,48.979592,100.000000,50.000000,35.000000,100.000000,0.000000,0.000000,35.000000,100.000000,473.302326,1548.607143,61.659802,43.528481,3.000000
2026-06-24T03:19:09.18097839Z,1000,per_hit,raw_percent_of_host,api-node1,api-node2,65,39,104,50.505051,24.489796,50.505051,48.979592,100.000000,50.000000,9.000000,114.000000,0.000000,0.000000,9.000000,114.000000,308.021978,1987.520000,66.482803,42.710404,3.000000
2026-06-24T03:19:10.180983469Z,1000,per_hit,raw_percent_of_host,api-node1,api-node2,44,22,66,52.475248,24.489796,52.475248,48.979592,100.000000,50.000000,3.000000,136.000000,0.000000,0.000000,3.000000,136.000000,134.000000,0.000000,74.805525,41.500103,3.000000
2026-06-24T03:19:11.180978955Z,1000,per_hit,raw_percent_of_host,api-node1,api-node2,94,76,170,51.000000,26.666667,51.000000,53.333333,100.000000,50.000000,78.000000,81.000000,0.000000,0.000000,78.000000,81.000000,154.000000,2404.007634,71.625225,64.603527,3.000000
2026-06-24T03:19:12.180978185Z,1000,per_hit,raw_percent_of_host,api-node1,api-node2,66,50,116,50.000000,26.666667,50.000000,53.333333,100.000000,50.000000,9.000000,109.000000,0.000000,0.000000,9.000000,109.000000,497.266667,1686.636364,67.827214,46.142553,3.000000
2026-06-24T03:19:13.180978917Z,1000,per_hit,raw_percent_of_host,api-node1,api-node2,67,43,110,50.505051,24.489796,50.505051,48.979592,100.000000,50.000000,7.000000,108.000000,0.000000,0.000000,7.000000,108.000000,224.594203,1977.295455,67.536536,42.758168,3.000000
2026-06-24T03:19:14.180978634Z,1000,per_hit,raw_percent_of_host,api-node1,api-node2,75,42,117,51.000000,24.489796,51.000000,48.979592,100.000000,50.000000,10.000000,97.000000,0.000000,0.000000,10.000000,97.000000,230.375000,2119.716981,68.811948,42.625636,3.000000
2026-06-24T03:19:15.180978209Z,1000,per_hit,raw_percent_of_host,api-node1,api-node2,63,29,92,51.000000,24.489796,51.000000,48.979592,100.000000,50.000000,6.000000,117.000000,0.000000,0.000000,6.000000,117.000000,177.223881,2544.888889,72.017076,42.732455,3.000000
2026-06-24T03:19:16.180978514Z,1000,per_hit,raw_percent_of_host,api-node1,api-node2,70,49,119,48.421053,24.489796,48.421053,48.979592,100.000000,50.000000,1.000000,107.000000,0.000000,0.000000,1.000000,107.000000,258.306667,2537.254237,72.878058,43.257248,3.000000
2026-06-24T03:19:17.180978696Z,1000,per_hit,raw_percent_of_host,api-node1,api-node2,94,69,163,50.495050,27.419355,50.495050,54.838710,100.000000,50.000000,34.000000,80.000000,0.000000,0.000000,34.000000,80.000000,321.803279,2064.406250,71.282513,50.184207,3.000000
2026-06-24T03:19:18.180978788Z,1000,per_hit,raw_percent_of_host,api-node1,api-node2,66,47,113,51.485149,23.711340,51.485149,47.422680,100.000000,50.000000,10.000000,110.000000,0.000000,0.000000,10.000000,110.000000,546.300000,1473.823529,68.837582,44.445613,3.000000
2026-06-24T03:19:19.180978541Z,1000,per_hit,raw_percent_of_host,api-node1,api-node2,69,34,103,51.000000,23.711340,51.000000,47.422680,100.000000,50.000000,0.000000,111.000000,0.000000,0.000000,0.000000,111.000000,283.405063,1747.454545,65.230844,42.833587,3.000000
2026-06-24T03:19:20.180979747Z,1000,per_hit,raw_percent_of_host,api-node1,api-node2,110,65,175,50.980392,23.711340,50.980392,47.422680,100.000000,50.000000,85.000000,69.000000,0.000000,0.000000,85.000000,69.000000,156.600000,2114.149533,74.097532,45.492088,3.000000
2026-06-24T03:19:21.180978816Z,1000,per_hit,raw_percent_of_host,api-node1,api-node2,61,54,115,50.495050,23.711340,50.495050,47.422680,100.000000,50.000000,36.000000,103.000000,0.000000,0.000000,36.000000,103.000000,697.463636,1399.150000,54.035346,43.368413,3.000000
2026-06-24T03:19:22.180978272Z,1000,per_hit,raw_percent_of_host,api-node1,api-node2,71,49,120,53.773585,25.742574,53.773585,51.485149,100.000000,50.000000,12.000000,109.000000,0.000000,0.000000,12.000000,109.000000,340.978947,1888.069767,69.067135,43.156563,3.000000
2026-06-24T03:19:23.180979Z,1000,per_hit,raw_percent_of_host,api-node1,api-node2,51,22,73,52.000000,25.742574,52.000000,51.485149,100.000000,50.000000,0.000000,128.000000,0.000000,0.000000,0.000000,128.000000,226.857143,1838.000000,72.771587,41.871082,3.000000
2026-06-24T03:19:24.180978879Z,1000,per_hit,raw_percent_of_host,api-node1,api-node2,103,78,181,50.980392,25.252525,50.980392,50.505051,100.000000,50.000000,47.000000,57.000000,0.000000,0.000000,47.000000,57.000000,242.357143,2280.550336,64.605759,49.897763,3.000000
2026-06-24T03:19:25.180978277Z,1000,per_hit,raw_percent_of_host,api-node1,api-node2,61,56,117,50.495050,29.411765,50.495050,58.823529,100.000000,50.000000,21.000000,100.000000,0.000000,0.000000,21.000000,100.000000,509.977011,766.538462,52.818910,53.672069,3.000000
2026-06-24T03:19:26.180980129Z,1000,per_hit,raw_percent_of_host,api-node1,api-node2,81,49,130,50.505051,26.732673,50.505051,53.465347,100.000000,50.000000,33.000000,106.000000,0.000000,0.000000,33.000000,106.000000,216.478261,1571.813953,71.357109,42.826979,3.000000
2026-06-24T03:19:27.180978996Z,1000,per_hit,raw_percent_of_host,api-node1,api-node2,87,49,136,50.000000,25.000000,50.000000,50.000000,100.000000,50.000000,46.000000,93.000000,0.000000,0.000000,46.000000,93.000000,253.013514,1974.322581,66.691238,43.870037,3.000000
2026-06-24T03:19:28.18097801Z,1000,per_hit,raw_percent_of_host,api-node1,api-node2,44,31,75,51.000000,25.000000,51.000000,50.000000,100.000000,50.000000,8.000000,117.000000,0.000000,0.000000,8.000000,117.000000,304.768293,1305.000000,68.226474,42.627951,3.000000
2026-06-24T03:19:29.180978787Z,1000,per_hit,raw_percent_of_host,api-node1,api-node2,49,28,77,51.000000,25.252525,51.000000,50.505051,100.000000,50.000000,8.000000,25.000000,0.000000,0.000000,8.000000,25.000000,130.979592,2415.383333,74.544024,42.591769,3.000000
2026-06-24T03:19:30.180978375Z,1000,per_hit,raw_percent_of_host,api-node1,api-node2,108,72,180,51.000000,26.000000,51.000000,52.000000,100.000000,50.000000,51.000000,80.000000,0.000000,0.000000,51.000000,80.000000,691.446154,1142.352941,68.476275,47.150923,3.000000
2026-06-24T03:19:31.180978524Z,1000,per_hit,raw_percent_of_host,api-node1,api-node2,72,71,143,47.368421,26.732673,47.368421,53.465347,100.000000,50.000000,8.000000,103.000000,0.000000,0.000000,8.000000,103.000000,624.278261,1302.458333,54.444527,43.799412,3.000000
2026-06-24T03:19:32.180978514Z,1000,per_hit,raw_percent_of_host,api-node1,api-node2,53,37,90,47.368421,26.732673,47.368421,53.465347,100.000000,50.000000,2.000000,127.000000,0.000000,0.000000,2.000000,127.000000,209.440678,2014.153846,67.761666,42.329957,3.000000
2026-06-24T03:19:33.180978742Z,1000,per_hit,raw_percent_of_host,api-node1,api-node2,60,32,92,34.343434,25.252525,34.343434,50.505051,100.000000,50.000000,26.000000,76.000000,0.000000,0.000000,26.000000,76.000000,117.305556,2651.084337,76.276667,42.524881,3.000000
2026-06-24T03:19:34.180978218Z,1000,per_hit,raw_percent_of_host,api-node1,api-node2,73,50,123,52.000000,25.252525,52.000000,50.505051,100.000000,50.000000,21.000000,75.000000,0.000000,0.000000,21.000000,75.000000,599.820513,2305.156863,62.797486,44.205178,3.000000
2026-06-24T03:19:35.180979278Z,1000,per_hit,raw_percent_of_host,api-node1,api-node2,79,54,133,50.000000,25.252525,50.000000,50.505051,100.000000,50.000000,26.000000,123.000000,0.000000,0.000000,26.000000,123.000000,584.040541,1194.166667,53.661748,43.182945,3.000000
2026-06-24T03:19:36.180978645Z,1000,per_hit,raw_percent_of_host,api-node1,api-node2,35,29,64,40.000000,25.252525,40.000000,50.505051,100.000000,50.000000,13.000000,145.000000,0.000000,0.000000,13.000000,145.000000,258.812500,1422.571429,74.425331,41.129491,3.000000
2026-06-24T03:19:37.180978506Z,1000,per_hit,raw_percent_of_host,api-node1,api-node2,93,63,156,25.242718,25.252525,25.242718,50.505051,100.000000,50.000000,78.000000,87.000000,0.000000,0.000000,78.000000,87.000000,150.357143,2538.652893,70.827078,44.934065,3.000000
2026-06-24T03:19:38.180978141Z,1000,per_hit,raw_percent_of_host,api-node1,api-node2,80,46,126,25.242718,25.252525,25.242718,50.505051,100.000000,50.000000,33.000000,75.000000,0.000000,0.000000,33.000000,75.000000,618.256000,1723.810345,66.961714,42.794055,3.000000
2026-06-24T03:19:39.180979331Z,1000,per_hit,raw_percent_of_host,api-node1,api-node2,60,52,112,51.485149,25.252525,51.485149,50.505051,100.000000,50.000000,6.000000,120.000000,0.000000,0.000000,6.000000,120.000000,353.850575,1566.428571,62.392539,43.630061,3.000000
2026-06-24T03:19:40.180979214Z,1000,per_hit,raw_percent_of_host,api-node1,api-node2,39,21,60,48.000000,25.252525,48.000000,50.505051,100.000000,50.000000,4.000000,141.000000,0.000000,0.000000,4.000000,141.000000,143.121951,0.000000,71.972969,41.186661,3.000000
2026-06-24T03:19:41.180978655Z,1000,per_hit,raw_percent_of_host,api-node1,api-node2,90,55,145,48.000000,25.252525,48.000000,50.505051,100.000000,50.000000,74.000000,90.000000,0.000000,0.000000,74.000000,90.000000,134.000000,2702.952830,75.253310,43.966215,3.000000
2026-06-24T03:19:42.180979064Z,1000,per_hit,raw_percent_of_host,api-node1,api-node2,70,46,116,50.495050,25.252525,50.495050,50.505051,100.000000,50.000000,62.000000,110.000000,0.000000,0.000000,62.000000,110.000000,680.890244,2256.538462,68.700073,41.994532,3.000000
2026-06-24T03:19:43.180979996Z,1000,per_hit,raw_percent_of_host,api-node1,api-node2,95,47,142,50.000000,29.761905,50.000000,59.523810,100.000000,50.000000,78.000000,85.000000,0.000000,0.000000,78.000000,85.000000,554.063291,1988.444444,75.169552,43.376236,3.000000
2026-06-24T03:19:44.180978863Z,1000,per_hit,raw_percent_of_host,api-node1,api-node2,99,78,177,50.000000,25.252525,50.000000,50.505051,100.000000,50.000000,70.000000,75.000000,0.000000,0.000000,70.000000,75.000000,780.803738,1440.670455,55.710913,44.512032,3.000000
2026-06-24T03:19:45.180977903Z,1000,per_hit,raw_percent_of_host,api-node1,api-node2,79,36,115,50.505051,25.252525,50.505051,50.505051,100.000000,50.000000,62.000000,101.000000,0.000000,0.000000,62.000000,101.000000,715.586207,1119.200000,57.271747,43.428881,3.000000
2026-06-24T03:19:46.180978451Z,1000,per_hit,raw_percent_of_host,api-node1,api-node2,54,25,79,51.000000,25.252525,51.000000,50.505051,100.000000,50.000000,4.000000,123.000000,0.000000,0.000000,4.000000,123.000000,462.339286,1756.333333,66.102321,42.257319,3.000000
2026-06-24T03:19:47.180978965Z,1000,per_hit,raw_percent_of_host,api-node1,api-node2,91,89,180,51.515152,25.000000,51.515152,50.000000,100.000000,50.000000,81.000000,81.000000,0.000000,0.000000,81.000000,81.000000,159.714286,1952.213740,76.632948,64.530933,3.000000
2026-06-24T03:19:48.180978703Z,1000,per_hit,raw_percent_of_host,api-node1,api-node2,59,60,119,51.000000,25.252525,51.000000,50.505051,100.000000,50.000000,1.000000,112.000000,0.000000,0.000000,1.000000,112.000000,556.395683,1259.344828,49.037283,42.990084,3.000000
2026-06-24T03:19:49.180978974Z,1000,per_hit,raw_percent_of_host,api-node1,api-node2,73,41,114,50.000000,25.252525,50.000000,50.505051,100.000000,50.000000,11.000000,101.000000,0.000000,0.000000,11.000000,101.000000,247.968254,1850.000000,66.871992,42.478619,3.000000
2026-06-24T03:19:50.180979813Z,1000,per_hit,raw_percent_of_host,api-node1,api-node2,58,33,91,50.000000,25.252525,50.000000,50.505051,100.000000,50.000000,3.000000,122.000000,0.000000,0.000000,3.000000,122.000000,185.181818,1711.333333,70.017806,42.479017,3.000000
2026-06-24T03:19:51.180982809Z,1000,per_hit,raw_percent_of_host,api-node1,api-node2,97,43,140,50.980392,29.411765,50.980392,58.823529,100.000000,50.000000,65.000000,77.000000,0.000000,0.000000,65.000000,77.000000,142.600000,2600.977273,70.537430,43.555205,3.000000
2026-06-24T03:19:52.180980134Z,1000,per_hit,raw_percent_of_host,api-node1,api-node2,86,60,146,50.980392,29.411765,50.980392,58.823529,100.000000,50.000000,61.000000,92.000000,0.000000,0.000000,61.000000,92.000000,591.555556,2167.488889,59.506118,43.799826,3.000000
2026-06-24T03:19:53.180977996Z,1000,per_hit,raw_percent_of_host,api-node1,api-node2,65,53,118,51.000000,29.411765,51.000000,58.823529,100.000000,50.000000,38.000000,113.000000,0.000000,0.000000,38.000000,113.000000,493.806818,1801.187500,66.835737,42.841556,3.000000
2026-06-24T03:19:54.180978376Z,1000,per_hit,raw_percent_of_host,api-node1,api-node2,55,41,96,51.960784,29.411765,51.960784,58.823529,100.000000,50.000000,12.000000,124.000000,0.000000,0.000000,12.000000,124.000000,269.172840,1980.066667,70.629641,42.249626,3.000000
2026-06-24T03:19:55.180979666Z,1000,per_hit,raw_percent_of_host,api-node1,api-node2,36,20,56,50.505051,29.411765,50.505051,58.823529,100.000000,50.000000,1.000000,144.000000,0.000000,0.000000,1.000000,144.000000,130.361702,0.000000,75.378945,40.834654,3.000000
2026-06-24T03:19:56.180979314Z,1000,per_hit,raw_percent_of_host,api-node1,api-node2,77,38,115,49.000000,27.500000,49.000000,55.000000,100.000000,50.000000,56.000000,101.000000,0.000000,0.000000,56.000000,101.000000,132.545455,3139.469136,74.867514,41.810394,3.000000
2026-06-24T03:19:57.18097952Z,1000,per_hit,raw_percent_of_host,api-node1,api-node2,99,70,169,50.505051,23.275862,50.505051,46.551724,100.000000,50.000000,87.000000,78.000000,0.000000,0.000000,87.000000,78.000000,521.323529,2171.989247,69.537483,45.151191,3.000000
2026-06-24T03:19:58.180978299Z,1000,per_hit,raw_percent_of_host,api-node1,api-node2,77,43,120,50.505051,28.571429,50.505051,57.142857,100.000000,50.000000,72.000000,96.000000,0.000000,0.000000,72.000000,96.000000,652.423913,1613.880000,55.985923,44.201213,3.000000
2026-06-24T03:19:59.180979622Z,1000,per_hit,raw_percent_of_host,api-node1,api-node2,77,46,123,46.153846,28.571429,46.153846,57.142857,100.000000,50.000000,7.000000,103.000000,0.000000,0.000000,7.000000,103.000000,479.725352,1883.846154,60.407631,43.407307,3.000000
2026-06-24T03:20:00.180978075Z,1000,per_hit,raw_percent_of_host,api-node1,api-node2,47,30,77,51.000000,28.571429,51.000000,57.142857,100.000000,50.000000,4.000000,133.000000,0.000000,0.000000,4.000000,133.000000,144.120000,0.000000,73.739822,41.902621,3.000000
2026-06-24T03:20:01.180979827Z,1000,per_hit,raw_percent_of_host,api-node1,api-node2,59,34,93,51.000000,28.571429,51.000000,57.142857,100.000000,50.000000,4.000000,121.000000,0.000000,0.000000,4.000000,121.000000,220.966102,2663.478261,72.317063,42.097306,3.000000
2026-06-24T03:20:02.180979049Z,1000,per_hit,raw_percent_of_host,api-node1,api-node2,101,79,180,50.505051,23.931624,50.505051,47.863248,100.000000,50.000000,76.000000,68.000000,0.000000,0.000000,76.000000,68.000000,129.551724,2171.780303,73.656913,49.175959,3.000000
2026-06-24T03:20:03.180979032Z,1000,per_hit,raw_percent_of_host,api-node1,api-node2,61,62,123,51.515152,23.931624,51.515152,47.863248,100.000000,50.000000,2.000000,119.000000,0.000000,0.000000,2.000000,119.000000,544.148148,1059.090909,54.208075,45.133033,3.000000
2026-06-24T03:20:04.18097911Z,1000,per_hit,raw_percent_of_host,api-node1,api-node2,62,27,89,49.494949,25.000000,49.494949,50.000000,100.000000,50.000000,14.000000,118.000000,0.000000,0.000000,14.000000,118.000000,159.300000,2170.464286,72.347286,41.620418,3.000000
2026-06-24T03:20:05.180979211Z,1000,per_hit,raw_percent_of_host,api-node1,api-node2,92,49,141,49.494949,25.000000,49.494949,50.000000,100.000000,50.000000,59.000000,88.000000,0.000000,0.000000,59.000000,88.000000,145.382979,2455.164557,72.614598,43.901637,3.000000
2026-06-24T03:20:06.180981967Z,1000,per_hit,raw_percent_of_host,api-node1,api-node2,78,79,157,52.631579,25.252525,52.631579,50.505051,100.000000,50.000000,69.000000,100.000000,0.000000,0.000000,69.000000,100.000000,661.985294,1617.388060,49.530988,50.230931,3.000000
2026-06-24T03:20:07.180979313Z,1000,per_hit,raw_percent_of_host,api-node1,api-node2,57,29,86,51.000000,25.252525,51.000000,50.505051,100.000000,50.000000,18.000000,123.000000,0.000000,0.000000,18.000000,123.000000,499.879630,1293.166667,56.821432,42.424654,3.000000
2026-06-24T03:20:08.180978451Z,1000,per_hit,raw_percent_of_host,api-node1,api-node2,40,20,60,51.000000,25.252525,51.000000,50.505051,100.000000,50.000000,13.000000,140.000000,0.000000,0.000000,13.000000,140.000000,168.800000,2312.666667,75.842432,41.018901,3.000000
2026-06-24T03:20:09.180978942Z,1000,per_hit,raw_percent_of_host,api-node1,api-node2,76,48,124,47.000000,25.000000,47.000000,50.000000,100.000000,50.000000,12.000000,104.000000,0.000000,0.000000,12.000000,104.000000,407.558442,2617.559524,71.803103,44.416877,3.000000
2026-06-24T03:20:10.180979822Z,1000,per_hit,raw_percent_of_host,api-node1,api-node2,100,64,164,51.960784,25.000000,51.960784,50.000000,100.000000,50.000000,67.000000,78.000000,0.000000,0.000000,67.000000,78.000000,216.711111,2309.655556,75.719886,44.131775,3.000000
2026-06-24T03:20:11.180978462Z,1000,per_hit,raw_percent_of_host,api-node1,api-node2,48,53,101,36.363636,25.000000,36.363636,50.000000,100.000000,50.000000,22.000000,122.000000,0.000000,0.000000,22.000000,122.000000,752.591398,1352.444444,57.707233,51.169433,3.000000
2026-06-24T03:20:12.180981539Z,1000,per_hit,raw_percent_of_host,api-node1,api-node2,68,45,113,50.505051,25.252525,50.505051,50.505051,100.000000,50.000000,26.000000,95.000000,0.000000,0.000000,26.000000,95.000000,370.093750,1891.000000,71.875313,50.115057,3.000000
2026-06-24T03:20:13.180978264Z,1000,per_hit,raw_percent_of_host,api-node1,api-node2,46,35,81,46.464646,25.252525,46.464646,50.505051,100.000000,50.000000,0.000000,114.000000,0.000000,0.000000,0.000000,114.000000,316.944444,1606.750000,72.507001,43.367752,3.000000
2026-06-24T03:20:14.180979858Z,1000,per_hit,raw_percent_of_host,api-node1,api-node2,90,62,152,41.237113,24.242424,41.237113,48.484848,100.000000,50.000000,80.000000,62.000000,0.000000,0.000000,80.000000,62.000000,249.400000,1868.114035,77.498278,45.311353,3.000000
2026-06-24T03:20:15.180981211Z,1000,per_hit,raw_percent_of_host,api-node1,api-node2,71,60,131,53.333333,23.275862,53.333333,46.551724,100.000000,50.000000,44.000000,73.000000,0.000000,0.000000,44.000000,73.000000,697.644860,1079.673469,61.825648,45.586092,3.000000
2026-06-24T03:20:16.180979657Z,1000,per_hit,raw_percent_of_host,api-node1,api-node2,56,33,89,47.524752,23.275862,47.524752,46.551724,100.000000,50.000000,6.000000,79.000000,0.000000,0.000000,6.000000,79.000000,394.468085,1703.592593,70.428674,45.817856,3.000000
2026-06-24T03:20:17.180978137Z,1000,per_hit,raw_percent_of_host,api-node1,api-node2,52,29,81,50.505051,23.275862,50.505051,46.551724,100.000000,50.000000,1.000000,85.000000,0.000000,0.000000,1.000000,85.000000,171.263158,1831.130435,72.247418,44.500158,3.000000
2026-06-24T03:20:18.180978512Z,1000,per_hit,raw_percent_of_host,api-node1,api-node2,81,53,134,43.877551,24.242424,43.877551,48.484848,100.000000,50.000000,51.000000,38.000000,0.000000,0.000000,51.000000,38.000000,101.290323,1834.590000,76.246650,50.495202,3.000000
2026-06-24T03:20:19.180978841Z,1000,per_hit,raw_percent_of_host,api-node1,api-node2,63,56,119,51.000000,25.000000,51.000000,50.000000,100.000000,50.000000,31.000000,60.000000,0.000000,0.000000,31.000000,60.000000,411.240964,969.735294,69.333062,50.634273,3.000000
2026-06-24T03:20:20.180978468Z,1000,per_hit,raw_percent_of_host,api-node1,api-node2,50,34,84,46.808511,29.761905,46.808511,59.523810,100.000000,50.000000,9.000000,63.000000,0.000000,0.000000,9.000000,63.000000,222.513889,1329.903226,71.804839,45.532576,3.000000
2026-06-24T03:20:21.180978292Z,1000,per_hit,raw_percent_of_host,api-node1,api-node2,54,37,91,52.525253,24.489796,52.525253,48.979592,100.000000,50.000000,5.000000,59.000000,0.000000,0.000000,5.000000,59.000000,138.741379,1311.341463,73.339353,43.709550,3.000000
2026-06-24T03:20:22.180978529Z,1000,per_hit,raw_percent_of_host,api-node1,api-node2,54,53,107,51.000000,30.232558,51.000000,60.465116,100.000000,50.000000,7.000000,48.000000,0.000000,0.000000,7.000000,48.000000,164.250000,1378.406250,70.573904,49.387460,3.000000
2026-06-24T03:20:23.180979479Z,1000,per_hit,raw_percent_of_host,api-node1,api-node2,44,27,71,53.000000,30.232558,53.000000,60.465116,100.000000,50.000000,2.000000,9.000000,0.000000,0.000000,2.000000,9.000000,142.755102,1049.636364,71.631260,50.993553,3.000000
2026-06-24T03:20:24.180979138Z,1000,per_hit,raw_percent_of_host,api-node1,api-node2,54,46,100,50.505051,29.411765,50.505051,58.823529,100.000000,50.000000,3.000000,22.000000,0.000000,0.000000,3.000000,22.000000,204.301887,559.303030,71.475646,60.511222,3.000000
2026-06-24T03:20:25.180978232Z,1000,per_hit,raw_percent_of_host,api-node1,api-node2,49,45,94,50.505051,25.252525,50.505051,50.505051,100.000000,50.000000,0.000000,8.000000,0.000000,0.000000,0.000000,8.000000,227.576923,472.610169,71.961760,66.242912,3.000000
2026-06-24T03:20:26.180984042Z,1000,per_hit,raw_percent_of_host,api-node1,api-node2,42,47,89,51.960784,26.732673,51.960784,53.465347,100.000000,50.000000,0.000000,3.000000,0.000000,0.000000,0.000000,3.000000,147.119048,322.096154,75.360394,63.861553,3.000000
2026-06-24T03:20:27.180980185Z,1000,per_hit,raw_percent_of_host,api-node1,api-node2,43,40,83,52.427184,23.931624,52.427184,47.863248,100.000000,50.000000,2.000000,0.000000,0.000000,0.000000,2.000000,0.000000,108.317073,446.558140,76.469089,66.147101,3.000000
2026-06-24T03:20:28.1809779Z,1000,per_hit,raw_percent_of_host,api-node1,api-node2,46,31,77,50.505051,30.000000,50.505051,60.000000,100.000000,50.000000,1.000000,1.000000,0.000000,0.000000,1.000000,1.000000,132.978723,187.166667,73.348502,71.033991,3.000000
2026-06-24T03:20:29.180980439Z,1000,per_hit,raw_percent_of_host,api-node1,api-node2,37,36,73,50.000000,23.478261,50.000000,46.956522,100.000000,50.000000,0.000000,2.000000,0.000000,0.000000,0.000000,2.000000,131.594595,278.657143,78.663038,70.229151,3.000000
2026-06-24T03:20:30.180980475Z,1000,per_hit,raw_percent_of_host,api-node1,api-node2,34,32,66,51.485149,25.252525,51.485149,50.505051,100.000000,50.000000,1.000000,0.000000,0.000000,0.000000,1.000000,0.000000,105.212121,242.970588,75.860002,72.132690,3.000000
2026-06-24T03:20:31.180978658Z,1000,per_hit,raw_percent_of_host,api-node1,api-node2,29,31,60,48.076923,23.076923,48.076923,46.153846,100.000000,50.000000,1.000000,0.000000,0.000000,0.000000,1.000000,0.000000,97.379310,207.548387,76.775276,71.466396,3.000000
2026-06-24T03:20:32.18097839Z,1000,per_hit,raw_percent_of_host,api-node1,api-node2,32,23,55,51.546392,25.000000,51.546392,50.000000,100.000000,50.000000,1.000000,0.000000,0.000000,0.000000,1.000000,0.000000,93.625000,126.695652,78.312386,76.754970,3.000000
2026-06-24T03:20:33.180980025Z,1000,per_hit,raw_percent_of_host,api-node1,api-node2,29,20,49,48.484848,26.262626,48.484848,52.525253,100.000000,50.000000,1.000000,0.000000,0.000000,0.000000,1.000000,0.000000,95.310345,161.800000,76.454274,76.432832,3.000000
2026-06-24T03:20:34.180980336Z,1000,per_hit,raw_percent_of_host,api-node1,api-node2,26,18,44,48.453608,22.000000,48.453608,44.000000,100.000000,50.000000,0.000000,1.000000,0.000000,0.000000,0.000000,1.000000,96.740741,90.352941,79.335863,73.988454,3.000000
2026-06-24T03:20:35.180982161Z,1000,per_hit,raw_percent_of_host,api-node1,api-node2,19,20,39,31.313131,26.000000,31.313131,52.000000,100.000000,50.000000,0.000000,0.000000,0.000000,0.000000,0.000000,0.000000,69.263158,141.238095,78.228935,74.389594,3.000000
2026-06-24T03:20:36.180979967Z,1000,per_hit,raw_percent_of_host,api-node1,api-node2,20,12,32,38.775510,21.212121,38.775510,42.424242,100.000000,50.000000,0.000000,0.000000,0.000000,0.000000,0.000000,0.000000,73.100000,85.583333,76.611025,78.700266,3.000000
2026-06-24T03:20:37.180977825Z,1000,per_hit,raw_percent_of_host,api-node1,api-node2,14,13,27,26.262626,19.801980,26.262626,39.603960,100.000000,50.000000,0.000000,0.000000,0.000000,0.000000,0.000000,0.000000,83.857143,86.230769,78.083582,76.330404,3.000000
2026-06-24T03:20:38.180980165Z,1000,per_hit,raw_percent_of_host,api-node1,api-node2,8,14,22,22.448980,23.232323,22.448980,46.464646,100.000000,50.000000,0.000000,0.000000,0.000000,0.000000,0.000000,0.000000,52.250000,134.214286,76.642467,77.062660,3.000000
2026-06-24T03:20:39.180979163Z,1000,per_hit,raw_percent_of_host,api-node1,api-node2,8,10,18,16.161616,25.000000,16.161616,50.000000,100.000000,50.000000,0.000000,0.000000,0.000000,0.000000,0.000000,0.000000,49.750000,95.100000,77.578395,75.567730,3.000000
2026-06-24T03:20:40.180982176Z,1000,per_hit,raw_percent_of_host,api-node1,api-node2,4,9,13,13.265306,23.232323,13.265306,46.464646,100.000000,50.000000,0.000000,0.000000,0.000000,0.000000,0.000000,0.000000,43.250000,85.888889,77.621683,77.885292,3.000000
2026-06-24T03:20:41.18097803Z,1000,per_hit,raw_percent_of_host,api-node1,api-node2,4,6,10,13.131313,19.191919,13.131313,38.383838,100.000000,50.000000,0.000000,0.000000,0.000000,0.000000,0.000000,0.000000,50.000000,92.333333,79.704776,77.293542,3.000000
2026-06-24T03:20:42.180985019Z,1000,per_hit,raw_percent_of_host,api-node1,api-node2,3,7,10,10.204082,18.000000,10.204082,36.000000,100.000000,50.000000,0.000000,0.000000,0.000000,0.000000,0.000000,0.000000,50.000000,82.571429,78.606884,82.039489,3.000000
2026-06-24T03:20:43.180981724Z,1000,per_hit,raw_percent_of_host,api-node1,api-node2,5,5,10,18.367347,17.821782,18.367347,35.643564,100.000000,50.000000,0.000000,0.000000,0.000000,0.000000,0.000000,0.000000,51.800000,87.000000,78.750954,77.281995,3.000000
2026-06-24T03:20:44.180980985Z,1000,per_hit,raw_percent_of_host,api-node1,api-node2,4,6,10,6.185567,25.000000,6.185567,50.000000,100.000000,50.000000,0.000000,0.000000,0.000000,0.000000,0.000000,0.000000,53.250000,108.166667,77.833049,77.178494,3.000000
2026-06-24T03:20:45.180982159Z,1000,per_hit,raw_percent_of_host,api-node1,api-node2,5,5,10,15.625000,23.232323,15.625000,46.464646,100.000000,50.000000,0.000000,0.000000,0.000000,0.000000,0.000000,0.000000,52.800000,105.800000,78.372158,81.969435,3.000000
2026-06-24T03:20:46.180977706Z,1000,per_hit,raw_percent_of_host,api-node1,api-node2,4,6,10,15.000000,20.202020,15.000000,40.404040,100.000000,50.000000,0.000000,0.000000,0.000000,0.000000,0.000000,0.000000,50.000000,105.500000,78.454310,82.029920,3.000000
2026-06-24T03:20:47.180981582Z,1000,per_hit,raw_percent_of_host,api-node1,api-node2,6,4,10,25.742574,11.000000,25.742574,22.000000,100.000000,50.000000,0.000000,0.000000,0.000000,0.000000,0.000000,0.000000,50.666667,83.000000,78.225441,81.892315,3.000000
2026-06-24T03:20:48.180985087Z,1000,per_hit,raw_percent_of_host,api-node1,api-node2,4,6,10,10.416667,19.801980,10.416667,39.603960,100.000000,50.000000,0.000000,0.000000,0.000000,0.000000,0.000000,0.000000,72.000000,72.000000,76.186780,78.412051,3.000000
2026-06-24T03:20:49.180982571Z,1000,per_hit,raw_percent_of_host,api-node1,api-node2,4,6,10,12.871287,21.000000,12.871287,42.000000,100.000000,50.000000,0.000000,0.000000,0.000000,0.000000,0.000000,0.000000,50.000000,92.500000,77.640868,77.208732,3.000000
2026-06-24T03:20:50.180981722Z,1000,per_hit,raw_percent_of_host,api-node1,api-node2,5,5,10,17.708333,13.131313,17.708333,26.262626,100.000000,50.000000,0.000000,0.000000,0.000000,0.000000,0.000000,0.000000,50.000000,95.800000,78.346707,82.111191,3.000000
2026-06-24T03:20:51.180982443Z,1000,per_hit,raw_percent_of_host,api-node1,api-node2,5,5,10,20.202020,16.000000,20.202020,32.000000,100.000000,50.000000,0.000000,0.000000,0.000000,0.000000,0.000000,0.000000,50.200000,92.600000,79.517778,75.706305,3.000000
2026-06-24T03:20:52.180978087Z,1000,per_hit,raw_percent_of_host,api-node1,api-node2,7,3,10,19.101124,5.050505,19.101124,10.101010,100.000000,50.000000,0.000000,0.000000,0.000000,0.000000,0.000000,0.000000,61.428571,82.000000,76.971671,82.729031,3.000000
2026-06-24T03:20:53.180982027Z,1000,per_hit,raw_percent_of_host,api-node1,api-node2,4,6,10,19.387755,11.000000,19.387755,22.000000,100.000000,50.000000,0.000000,0.000000,0.000000,0.000000,0.000000,0.000000,50.000000,87.666667,77.945760,76.472802,3.000000
2026-06-24T03:20:54.180978916Z,1000,per_hit,raw_percent_of_host,api-node1,api-node2,4,6,10,13.265306,21.000000,13.265306,42.000000,100.000000,50.000000,0.000000,0.000000,0.000000,0.000000,0.000000,0.000000,52.250000,93.166667,77.868980,75.072587,3.000000
2026-06-24T03:20:55.180978997Z,1000,per_hit,raw_percent_of_host,api-node1,api-node2,5,5,10,18.750000,13.131313,18.750000,26.262626,100.000000,50.000000,0.000000,0.000000,0.000000,0.000000,0.000000,0.000000,50.000000,87.000000,78.513849,77.459101,3.000000
2026-06-24T03:20:56.180977693Z,1000,per_hit,raw_percent_of_host,api-node1,api-node2,8,2,10,21.428571,10.101010,21.428571,20.202020,100.000000,50.000000,0.000000,0.000000,0.000000,0.000000,0.000000,0.000000,54.500000,50.000000,77.827497,78.404779,3.000000
2026-06-24T03:20:57.180980239Z,1000,per_hit,raw_percent_of_host,api-node1,api-node2,5,6,11,16.494845,19.000000,16.494845,38.000000,100.000000,50.000000,0.000000,0.000000,0.000000,0.000000,0.000000,0.000000,52.600000,88.600000,77.448514,81.996419,3.000000
2026-06-24T03:20:58.180979459Z,1000,per_hit,raw_percent_of_host,api-node1,api-node2,6,4,10,17.894737,12.121212,17.894737,24.242424,100.000000,50.000000,0.000000,0.000000,0.000000,0.000000,0.000000,0.000000,50.000000,95.750000,78.286619,79.565117,3.000000
2026-06-24T03:20:59.180985649Z,1000,per_hit,raw_percent_of_host,api-node1,api-node2,6,4,10,21.428571,15.151515,21.428571,30.303030,100.000000,50.000000,0.000000,0.000000,0.000000,0.000000,0.000000,0.000000,50.000000,82.750000,78.015126,81.087008,3.000000
2026-06-24T03:21:00.181006126Z,1000,per_hit,raw_percent_of_host,api-node1,api-node2,2,8,10,10.101010,21.000000,10.101010,42.000000,100.000000,50.000000,0.000000,0.000000,0.000000,0.000000,0.000000,0.000000,50.000000,109.000000,77.953730,82.639673,3.000000
2026-06-24T03:21:01.180978541Z,1000,per_hit,raw_percent_of_host,api-node1,api-node2,5,5,10,16.326531,16.326531,16.326531,32.653061,100.000000,50.000000,0.000000,0.000000,0.000000,0.000000,0.000000,0.000000,59.200000,60.800000,78.566458,78.332008,3.000000
2026-06-24T03:21:02.180978016Z,1000,per_hit,raw_percent_of_host,api-node1,api-node2,4,6,10,19.801980,16.000000,19.801980,32.000000,100.000000,50.000000,0.000000,0.000000,0.000000,0.000000,0.000000,0.000000,50.000000,83.666667,79.658829,77.048435,3.000000
2026-06-24T03:21:03.180983221Z,1000,per_hit,raw_percent_of_host,api-node1,api-node2,4,6,10,13.000000,20.000000,13.000000,40.000000,100.000000,50.000000,0.000000,0.000000,0.000000,0.000000,0.000000,0.000000,50.000000,92.166667,78.748282,77.308335,3.000000
2026-06-24T03:21:04.18097798Z,1000,per_hit,raw_percent_of_host,api-node1,api-node2,1,9,10,3.000000,24.000000,3.000000,48.000000,100.000000,50.000000,0.000000,0.000000,0.000000,0.000000,0.000000,0.000000,50.000000,102.666667,78.917615,81.958037,3.000000
2026-06-24T03:21:05.180981146Z,1000,per_hit,raw_percent_of_host,api-node1,api-node2,4,6,10,11.224490,20.202020,11.224490,40.404040,100.000000,50.000000,0.000000,0.000000,0.000000,0.000000,0.000000,0.000000,50.000000,94.166667,80.359597,77.170805,3.000000
2026-06-24T03:21:06.18098141Z,1000,per_hit,raw_percent_of_host,api-node1,api-node2,6,4,10,22.222222,16.000000,22.222222,32.000000,100.000000,50.000000,0.000000,0.000000,0.000000,0.000000,0.000000,0.000000,50.000000,82.750000,78.612394,82.270706,3.000000
2026-06-24T03:21:07.180981387Z,1000,per_hit,raw_percent_of_host,api-node1,api-node2,3,7,10,9.375000,24.242424,9.375000,48.484848,100.000000,50.000000,0.000000,0.000000,0.000000,0.000000,0.000000,0.000000,50.000000,88.428571,77.657353,80.746281,3.000000
2026-06-24T03:21:08.180982766Z,1000,per_hit,raw_percent_of_host,api-node1,api-node2,4,6,10,10.309278,21.212121,10.309278,42.424242,100.000000,50.000000,0.000000,0.000000,0.000000,0.000000,0.000000,0.000000,52.250000,72.666667,78.766771,78.317039,3.000000
2026-06-24T03:21:09.180978109Z,1000,per_hit,raw_percent_of_host,api-node1,api-node2,7,3,10,21.428571,16.831683,21.428571,33.663366,100.000000,50.000000,0.000000,0.000000,0.000000,0.000000,0.000000,0.000000,51.142857,70.666667,78.715609,77.622369,3.000000
2026-06-24T03:21:10.180981568Z,1000,per_hit,raw_percent_of_host,api-node1,api-node2,4,6,10,15.463918,20.202020,15.463918,40.404040,100.000000,50.000000,0.000000,0.000000,0.000000,0.000000,0.000000,0.000000,50.000000,71.500000,77.703131,82.731743,3.000000
2026-06-24T03:21:11.180981556Z,1000,per_hit,raw_percent_of_host,api-node1,api-node2,3,7,10,14.141414,20.202020,14.141414,40.404040,100.000000,50.000000,0.000000,0.000000,0.000000,0.000000,0.000000,0.000000,50.000000,91.714286,79.853485,77.574596,3.000000
2026-06-24T03:21:12.180980084Z,1000,per_hit,raw_percent_of_host,api-node1,api-node2,4,6,10,6.185567,22.000000,6.185567,44.000000,100.000000,50.000000,0.000000,0.000000,0.000000,0.000000,0.000000,0.000000,53.500000,83.333333,78.264331,78.412051,3.000000
2026-06-24T03:21:13.180983856Z,1000,per_hit,raw_percent_of_host,api-node1,api-node2,5,5,10,13.265306,20.202020,13.265306,40.404040,100.000000,50.000000,0.000000,0.000000,0.000000,0.000000,0.000000,0.000000,51.200000,74.200000,78.903369,80.744481,3.000000
2026-06-24T03:21:14.180979641Z,1000,per_hit,raw_percent_of_host,api-node1,api-node2,6,4,10,18.181818,19.000000,18.181818,38.000000,100.000000,50.000000,0.000000,0.000000,0.000000,0.000000,0.000000,0.000000,53.166667,99.250000,78.262585,82.005886,3.000000
2026-06-24T03:21:15.180982888Z,1000,per_hit,raw_percent_of_host,api-node1,api-node2,7,3,10,24.742268,10.101010,24.742268,20.202020,100.000000,50.000000,0.000000,0.000000,0.000000,0.000000,0.000000,0.000000,53.142857,96.000000,77.576672,81.709768,3.000000
2026-06-24T03:21:16.18098146Z,1000,per_hit,raw_percent_of_host,api-node1,api-node2,7,3,10,14.893617,14.141414,14.893617,28.282828,100.000000,50.000000,0.000000,0.000000,0.000000,0.000000,0.000000,0.000000,67.571429,70.000000,76.853272,78.172621,3.000000
2026-06-24T03:21:17.180977956Z,1000,per_hit,raw_percent_of_host,api-node1,api-node2,6,5,11,24.242424,10.000000,24.242424,20.000000,100.000000,50.000000,0.000000,0.000000,0.000000,0.000000,0.000000,0.000000,54.600000,104.400000,79.362952,80.288732,3.000000
2026-06-24T03:21:18.180978033Z,1000,per_hit,raw_percent_of_host,api-node1,api-node2,3,8,11,14.000000,15.151515,14.000000,30.303030,100.000000,50.000000,0.000000,0.000000,0.000000,0.000000,0.000000,0.000000,57.333333,112.142857,77.885398,78.790956,3.000000
2026-06-24T03:21:19.180981516Z,1000,per_hit,raw_percent_of_host,api-node1,api-node2,6,4,10,22.222222,15.151515,22.222222,30.303030,100.000000,50.000000,0.000000,0.000000,0.000000,0.000000,0.000000,0.000000,50.000000,81.000000,78.173362,77.543679,3.000000
2026-06-24T03:21:20.180983635Z,1000,per_hit,raw_percent_of_host,api-node1,api-node2,5,5,10,17.346939,19.000000,17.346939,38.000000,100.000000,50.000000,0.000000,0.000000,0.000000,0.000000,0.000000,0.000000,51.800000,94.400000,77.216071,82.675100,3.000000
2026-06-24T03:21:21.180981909Z,1000,per_hit,raw_percent_of_host,api-node1,api-node2,5,5,10,17.708333,15.151515,17.708333,30.303030,100.000000,50.000000,0.000000,0.000000,0.000000,0.000000,0.000000,0.000000,50.000000,90.400000,78.207160,77.548381,3.000000
2026-06-24T03:21:22.180979516Z,1000,per_hit,raw_percent_of_host,api-node1,api-node2,4,6,10,9.278351,23.232323,9.278351,46.464646,100.000000,50.000000,0.000000,0.000000,0.000000,0.000000,0.000000,0.000000,50.000000,104.500000,78.343388,76.743860,3.000000
2026-06-24T03:21:23.180979156Z,1000,per_hit,raw_percent_of_host,api-node1,api-node2,6,4,10,20.408163,12.244898,20.408163,24.489796,100.000000,50.000000,0.000000,0.000000,0.000000,0.000000,0.000000,0.000000,55.500000,50.000000,77.969031,80.907474,3.000000
2026-06-24T03:21:24.18098645Z,1000,per_hit,raw_percent_of_host,api-node1,api-node2,5,5,10,20.202020,15.151515,20.202020,30.303030,100.000000,50.000000,0.000000,0.000000,0.000000,0.000000,0.000000,0.000000,50.800000,94.800000,78.517673,76.297229,3.000000
2026-06-24T03:21:25.180981217Z,1000,per_hit,raw_percent_of_host,api-node1,api-node2,4,6,10,13.541667,18.181818,13.541667,36.363636,100.000000,50.000000,0.000000,0.000000,0.000000,0.000000,0.000000,0.000000,50.000000,95.500000,77.848985,76.598025,3.000000
2026-06-24T03:21:26.180981732Z,1000,per_hit,raw_percent_of_host,api-node1,api-node2,7,3,10,20.212766,10.101010,20.212766,20.202020,100.000000,50.000000,0.000000,0.000000,0.000000,0.000000,0.000000,0.000000,51.714286,92.333333,78.325482,76.690246,3.000000
2026-06-24T03:21:27.180981295Z,1000,per_hit,raw_percent_of_host,api-node1,api-node2,5,5,10,14.000000,21.212121,14.000000,42.424242,100.000000,50.000000,0.000000,0.000000,0.000000,0.000000,0.000000,0.000000,53.200000,62.400000,77.537823,82.694480,3.000000
2026-06-24T03:21:28.180981765Z,1000,per_hit,raw_percent_of_host,api-node1,api-node2,6,4,10,23.469388,14.141414,23.469388,28.282828,100.000000,50.000000,0.000000,0.000000,0.000000,0.000000,0.000000,0.000000,55.000000,106.750000,77.720047,81.854799,3.000000
2026-06-24T03:21:29.1809815Z,1000,per_hit,raw_percent_of_host,api-node1,api-node2,7,3,10,19.791667,9.000000,19.791667,18.000000,100.000000,50.000000,0.000000,0.000000,0.000000,0.000000,0.000000,0.000000,51.285714,115.000000,76.602360,77.147488,3.000000
2026-06-24T03:21:30.180981785Z,1000,per_hit,raw_percent_of_host,api-node1,api-node2,2,8,10,9.000000,24.489796,9.000000,48.979592,100.000000,50.000000,0.000000,0.000000,0.000000,0.000000,0.000000,0.000000,50.000000,104.125000,78.116672,81.858367,3.000000
2026-06-24T03:21:31.180978827Z,1000,per_hit,raw_percent_of_host,api-node1,api-node2,4,6,10,13.541667,18.000000,13.541667,36.000000,100.000000,50.000000,0.000000,0.000000,0.000000,0.000000,0.000000,0.000000,50.000000,95.166667,78.947098,77.521724,3.000000
2026-06-24T03:21:32.180982892Z,1000,per_hit,raw_percent_of_host,api-node1,api-node2,3,7,10,5.154639,26.000000,5.154639,52.000000,100.000000,50.000000,0.000000,0.000000,0.000000,0.000000,0.000000,0.000000,50.000000,101.428571,78.856597,77.135772,3.000000
2026-06-24T03:21:33.180979292Z,1000,per_hit,raw_percent_of_host,api-node1,api-node2,6,4,10,14.285714,16.161616,14.285714,32.323232,100.000000,50.000000,0.000000,0.000000,0.000000,0.000000,0.000000,0.000000,57.000000,50.000000,78.261588,81.033545,3.000000
2026-06-24T03:21:34.180983238Z,1000,per_hit,raw_percent_of_host,api-node1,api-node2,6,4,10,18.181818,18.000000,18.181818,36.000000,100.000000,50.000000,0.000000,0.000000,0.000000,0.000000,0.000000,0.000000,53.000000,115.000000,78.190879,82.332814,3.000000
2026-06-24T03:21:35.180978033Z,1000,per_hit,raw_percent_of_host,api-node1,api-node2,6,4,10,22.448980,14.141414,22.448980,28.282828,100.000000,50.000000,0.000000,0.000000,0.000000,0.000000,0.000000,0.000000,52.000000,83.500000,77.710492,82.251837,3.000000
2026-06-24T03:21:36.180978882Z,1000,per_hit,raw_percent_of_host,api-node1,api-node2,7,3,10,23.958333,10.101010,23.958333,20.202020,100.000000,50.000000,0.000000,0.000000,0.000000,0.000000,0.000000,0.000000,51.000000,89.000000,77.553344,77.097166,3.000000
2026-06-24T03:21:37.180981479Z,1000,per_hit,raw_percent_of_host,api-node1,api-node2,6,4,10,15.151515,19.000000,15.151515,38.000000,100.000000,50.000000,0.000000,0.000000,0.000000,0.000000,0.000000,0.000000,55.666667,68.250000,76.745801,82.161158,3.000000
2026-06-24T03:21:38.180979103Z,1000,per_hit,raw_percent_of_host,api-node1,api-node2,4,6,10,14.141414,21.212121,14.141414,42.424242,100.000000,50.000000,0.000000,0.000000,0.000000,0.000000,0.000000,0.000000,54.500000,61.500000,78.109711,82.607346,3.000000
2026-06-24T03:21:39.180981155Z,1000,per_hit,raw_percent_of_host,api-node1,api-node2,4,6,10,16.326531,20.792079,16.326531,41.584158,100.000000,50.000000,0.000000,0.000000,0.000000,0.000000,0.000000,0.000000,50.000000,81.333333,78.657243,77.313029,3.000000
2026-06-24T03:21:40.180978807Z,1000,per_hit,raw_percent_of_host,api-node1,api-node2,8,2,10,22.448980,10.101010,22.448980,20.202020,100.000000,50.000000,0.000000,0.000000,0.000000,0.000000,0.000000,0.000000,53.875000,50.000000,78.075595,78.640719,3.000000
2026-06-24T03:21:41.180978885Z,1000,per_hit,raw_percent_of_host,api-node1,api-node2,6,4,10,12.244898,16.161616,12.244898,32.323232,100.000000,50.000000,0.000000,0.000000,0.000000,0.000000,0.000000,0.000000,56.833333,82.750000,77.220147,82.365895,3.000000
2026-06-24T03:21:42.180984995Z,1000,per_hit,raw_percent_of_host,api-node1,api-node2,4,6,10,19.801980,20.202020,19.801980,40.404040,100.000000,50.000000,0.000000,0.000000,0.000000,0.000000,0.000000,0.000000,50.000000,93.833333,78.671347,82.050439,3.000000
2026-06-24T03:21:43.180979829Z,1000,per_hit,raw_percent_of_host,api-node1,api-node2,4,6,10,7.291667,23.469388,7.291667,46.938776,100.000000,50.000000,0.000000,0.000000,0.000000,0.000000,0.000000,0.000000,54.500000,106.833333,77.447727,76.683067,3.000000
2026-06-24T03:21:44.180983082Z,1000,per_hit,raw_percent_of_host,api-node1,api-node2,4,6,10,11.578947,19.191919,11.578947,38.383838,100.000000,50.000000,0.000000,0.000000,0.000000,0.000000,0.000000,0.000000,50.000000,97.500000,78.756248,79.256797,3.000000
2026-06-24T03:21:45.180983988Z,1000,per_hit,raw_percent_of_host,api-node1,api-node2,8,2,10,26.530612,10.101010,26.530612,20.202020,100.000000,50.000000,0.000000,0.000000,0.000000,0.000000,0.000000,0.000000,54.125000,50.000000,78.530250,78.640719,3.000000
2026-06-24T03:21:46.18099123Z,1000,per_hit,raw_percent_of_host,api-node1,api-node2,2,8,10,5.050505,23.232323,5.050505,46.464646,100.000000,50.000000,0.000000,0.000000,0.000000,0.000000,0.000000,0.000000,50.000000,119.375000,77.746123,82.136838,3.000000
2026-06-24T03:21:47.180980898Z,1000,per_hit,raw_percent_of_host,api-node1,api-node2,6,4,10,16.494845,13.131313,16.494845,26.262626,100.000000,50.000000,0.000000,0.000000,0.000000,0.000000,0.000000,0.000000,58.333333,81.750000,78.654554,78.930430,3.000000
2026-06-24T03:21:48.180978088Z,1000,per_hit,raw_percent_of_host,api-node1,api-node2,6,4,10,17.346939,16.161616,17.346939,32.323232,100.000000,50.000000,0.000000,0.000000,0.000000,0.000000,0.000000,0.000000,53.000000,91.500000,78.230281,77.249613,3.000000
2026-06-24T03:21:49.180977969Z,1000,per_hit,raw_percent_of_host,api-node1,api-node2,6,4,10,23.232323,14.141414,23.232323,28.282828,100.000000,50.000000,0.000000,0.000000,0.000000,0.000000,0.000000,0.000000,53.333333,82.250000,77.775948,82.270355,3.000000
2026-06-24T03:21:50.180980972Z,1000,per_hit,raw_percent_of_host,api-node1,api-node2,5,5,10,14.736842,20.202020,14.736842,40.404040,100.000000,50.000000,0.000000,0.000000,0.000000,0.000000,0.000000,0.000000,50.000000,96.200000,77.660975,77.592975,3.000000
2026-06-24T03:21:51.180980784Z,1000,per_hit,raw_percent_of_host,api-node1,api-node2,4,6,10,17.000000,18.367347,17.000000,36.734694,100.000000,50.000000,0.000000,0.000000,0.000000,0.000000,0.000000,0.000000,51.750000,98.166667,78.411220,80.498380,3.000000
2026-06-24T03:21:52.180980423Z,1000,per_hit,raw_percent_of_host,api-node1,api-node2,6,4,10,25.252525,10.101010,25.252525,20.202020,100.000000,50.000000,0.000000,0.000000,0.000000,0.000000,0.000000,0.000000,51.166667,84.500000,78.517952,77.054736,3.000000
2026-06-24T03:21:53.180981148Z,1000,per_hit,raw_percent_of_host,api-node1,api-node2,3,7,10,10.309278,20.202020,10.309278,40.404040,100.000000,50.000000,0.000000,0.000000,0.000000,0.000000,0.000000,0.000000,50.000000,98.857143,77.389824,76.820004,3.000000
2026-06-24T03:21:54.180986247Z,1000,per_hit,raw_percent_of_host,api-node1,api-node2,6,4,10,18.556701,15.151515,18.556701,30.303030,100.000000,50.000000,0.000000,0.000000,0.000000,0.000000,0.000000,0.000000,53.666667,104.000000,78.700497,76.819274,3.000000
2026-06-24T03:21:55.180981053Z,1000,per_hit,raw_percent_of_host,api-node1,api-node2,2,8,10,8.000000,23.000000,8.000000,46.000000,100.000000,50.000000,0.000000,0.000000,0.000000,0.000000,0.000000,0.000000,50.000000,99.250000,78.262199,81.730281,3.000000
2026-06-24T03:21:56.180978827Z,1000,per_hit,raw_percent_of_host,api-node1,api-node2,6,4,10,18.367347,15.841584,18.367347,31.683168,100.000000,50.000000,0.000000,0.000000,0.000000,0.000000,0.000000,0.000000,60.500000,50.000000,79.001572,78.681904,3.000000
2026-06-24T03:21:57.180978015Z,1000,per_hit,raw_percent_of_host,api-node1,api-node2,5,5,10,19.000000,15.151515,19.000000,30.303030,100.000000,50.000000,0.000000,0.000000,0.000000,0.000000,0.000000,0.000000,50.000000,104.000000,79.130210,77.515309,3.000000
2026-06-24T03:21:58.180981514Z,1000,per_hit,raw_percent_of_host,api-node1,api-node2,6,4,10,25.252525,11.000000,25.252525,22.000000,100.000000,50.000000,0.000000,0.000000,0.000000,0.000000,0.000000,0.000000,50.333333,82.750000,77.837549,82.096220,3.000000
2026-06-24T03:21:59.180979295Z,1000,per_hit,raw_percent_of_host,api-node1,api-node2,6,4,10,15.625000,21.000000,15.625000,42.000000,100.000000,50.000000,0.000000,0.000000,0.000000,0.000000,0.000000,0.000000,52.000000,66.000000,77.253199,77.737245,3.000000
2026-06-24T03:22:00.180984561Z,1000,per_hit,raw_percent_of_host,api-node1,api-node2,6,4,10,23.711340,10.101010,23.711340,20.202020,100.000000,50.000000,0.000000,0.000000,0.000000,0.000000,0.000000,0.000000,53.000000,81.500000,77.938474,82.152183,3.000000
2026-06-24T03:22:01.180982135Z,1000,per_hit,raw_percent_of_host,api-node1,api-node2,4,6,10,12.244898,19.387755,12.244898,38.775510,100.000000,50.000000,0.000000,0.000000,0.000000,0.000000,0.000000,0.000000,54.000000,90.833333,76.388567,77.256845,3.000000
2026-06-24T03:22:02.180978052Z,1000,per_hit,raw_percent_of_host,api-node1,api-node2,5,5,10,15.463918,21.000000,15.463918,42.000000,100.000000,50.000000,0.000000,0.000000,0.000000,0.000000,0.000000,0.000000,50.000000,93.800000,78.769082,77.253617,3.000000
2026-06-24T03:22:03.180978418Z,1000,per_hit,raw_percent_of_host,api-node1,api-node2,6,5,11,15.625000,16.000000,15.625000,32.000000,100.000000,50.000000,0.000000,0.000000,0.000000,0.000000,0.000000,0.000000,52.400000,99.600000,78.098677,82.382314,3.000000
2026-06-24T03:22:04.180979897Z,1000,per_hit,raw_percent_of_host,api-node1,api-node2,5,5,10,16.494845,20.202020,16.494845,40.404040,100.000000,50.000000,0.000000,0.000000,0.000000,0.000000,0.000000,0.000000,51.200000,62.400000,78.426866,77.701516,3.000000
2026-06-24T03:22:05.18097962Z,1000,per_hit,raw_percent_of_host,api-node1,api-node2,7,3,10,20.833333,13.131313,20.833333,26.262626,100.000000,50.000000,0.000000,0.000000,0.000000,0.000000,0.000000,0.000000,52.714286,89.000000,78.001362,77.498722,3.000000
2026-06-24T03:22:06.180979032Z,1000,per_hit,raw_percent_of_host,api-node1,api-node2,4,6,10,17.171717,17.000000,17.171717,34.000000,100.000000,50.000000,0.000000,0.000000,0.000000,0.000000,0.000000,0.000000,50.000000,102.666667,77.741552,80.658618,3.000000
2026-06-24T03:22:07.180979493Z,1000,per_hit,raw_percent_of_host,api-node1,api-node2,6,4,10,15.625000,18.181818,15.625000,36.363636,100.000000,50.000000,0.000000,0.000000,0.000000,0.000000,0.000000,0.000000,53.666667,97.500000,78.180183,77.238904,3.000000
2026-06-24T03:22:08.18098267Z,1000,per_hit,raw_percent_of_host,api-node1,api-node2,7,3,10,19.000000,9.090909,19.000000,18.181818,100.000000,50.000000,0.000000,0.000000,0.000000,0.000000,0.000000,0.000000,77.857143,50.000000,76.963686,80.789661,3.000000
2026-06-24T03:22:09.180982278Z,1000,per_hit,raw_percent_of_host,api-node1,api-node2,3,7,10,9.090909,23.232323,9.090909,46.464646,100.000000,50.000000,0.000000,0.000000,0.000000,0.000000,0.000000,0.000000,50.000000,118.571429,79.229032,77.144269,3.000000
2026-06-24T03:22:10.180978597Z,1000,per_hit,raw_percent_of_host,api-node1,api-node2,7,3,10,18.181818,14.285714,18.181818,28.571429,100.000000,50.000000,0.000000,0.000000,0.000000,0.000000,0.000000,0.000000,66.000000,69.666667,78.584510,82.054008,3.000000
2026-06-24T03:22:11.180978033Z,1000,per_hit,raw_percent_of_host,api-node1,api-node2,5,5,10,17.708333,14.000000,17.708333,28.000000,100.000000,50.000000,0.000000,0.000000,0.000000,0.000000,0.000000,0.000000,50.000000,86.200000,77.863401,82.268920,3.000000
2026-06-24T03:22:12.180978123Z,1000,per_hit,raw_percent_of_host,api-node1,api-node2,4,6,10,18.181818,15.151515,18.181818,30.303030,100.000000,50.000000,0.000000,0.000000,0.000000,0.000000,0.000000,0.000000,50.000000,81.666667,79.208765,76.909763,3.000000
2026-06-24T03:22:13.180982964Z,1000,per_hit,raw_percent_of_host,api-node1,api-node2,3,7,10,2.083333,24.000000,2.083333,48.000000,100.000000,50.000000,0.000000,0.000000,0.000000,0.000000,0.000000,0.000000,50.000000,118.857143,78.493752,77.091922,3.000000
2026-06-24T03:22:14.180978169Z,1000,per_hit,raw_percent_of_host,api-node1,api-node2,8,2,10,21.428571,10.101010,21.428571,20.202020,100.000000,50.000000,0.000000,0.000000,0.000000,0.000000,0.000000,0.000000,55.000000,50.000000,79.800044,82.487276,3.000000
2026-06-24T03:22:15.180982659Z,1000,per_hit,raw_percent_of_host,api-node1,api-node2,5,5,10,17.346939,16.161616,17.346939,32.323232,100.000000,50.000000,0.000000,0.000000,0.000000,0.000000,0.000000,0.000000,52.600000,62.200000,77.260002,82.841559,3.000000
2026-06-24T03:22:16.180978833Z,1000,per_hit,raw_percent_of_host,api-node1,api-node2,6,4,10,25.252525,10.000000,25.252525,20.000000,100.000000,50.000000,0.000000,0.000000,0.000000,0.000000,0.000000,0.000000,51.000000,100.500000,78.710900,77.086996,3.000000
2026-06-24T03:22:17.180979668Z,1000,per_hit,raw_percent_of_host,api-node1,api-node2,7,3,10,18.367347,14.000000,18.367347,28.000000,100.000000,50.000000,0.000000,0.000000,0.000000,0.000000,0.000000,0.000000,64.285714,68.333333,77.006610,78.195166,3.000000
2026-06-24T03:22:18.180988516Z,1000,per_hit,raw_percent_of_host,api-node1,api-node2,5,5,10,18.181818,18.181818,18.181818,36.363636,100.000000,50.000000,0.000000,0.000000,0.000000,0.000000,0.000000,0.000000,52.000000,94.400000,77.732241,79.284335,3.000000
2026-06-24T03:22:19.180978642Z,1000,per_hit,raw_percent_of_host,api-node1,api-node2,6,4,10,26.262626,10.101010,26.262626,20.202020,100.000000,50.000000,0.000000,0.000000,0.000000,0.000000,0.000000,0.000000,55.000000,83.000000,77.904913,77.070969,3.000000
2026-06-24T03:22:20.180981857Z,1000,per_hit,raw_percent_of_host,api-node1,api-node2,9,1,10,29.000000,5.940594,29.000000,11.881188,100.000000,50.000000,0.000000,0.000000,0.000000,0.000000,0.000000,0.000000,75.333333,50.000000,76.645204,78.796385,3.000000
2026-06-24T03:22:21.180981975Z,1000,per_hit,raw_percent_of_host,api-node1,api-node2,6,4,10,17.894737,14.141414,17.894737,28.282828,100.000000,50.000000,0.000000,0.000000,0.000000,0.000000,0.000000,0.000000,50.000000,98.750000,77.501503,82.537187,3.000000
2026-06-24T03:22:22.180978336Z,1000,per_hit,raw_percent_of_host,api-node1,api-node2,3,7,10,10.309278,23.232323,10.309278,46.464646,100.000000,50.000000,0.000000,0.000000,0.000000,0.000000,0.000000,0.000000,50.000000,100.428571,78.177207,80.727171,3.000000
2026-06-24T03:22:23.180981519Z,1000,per_hit,raw_percent_of_host,api-node1,api-node2,5,5,10,19.587629,13.131313,19.587629,26.262626,100.000000,50.000000,0.000000,0.000000,0.000000,0.000000,0.000000,0.000000,50.200000,94.200000,79.809868,77.162333,3.000000
2026-06-24T03:22:24.180979161Z,1000,per_hit,raw_percent_of_host,api-node1,api-node2,4,6,10,20.202020,15.306122,20.202020,30.612245,100.000000,50.000000,0.000000,0.000000,0.000000,0.000000,0.000000,0.000000,50.000000,87.166667,78.615312,79.460337,3.000000
2026-06-24T03:22:25.180984171Z,1000,per_hit,raw_percent_of_host,api-node1,api-node2,6,4,10,28.000000,11.111111,28.000000,22.222222,100.000000,50.000000,0.000000,0.000000,0.000000,0.000000,0.000000,0.000000,54.666667,56.250000,82.046649,77.722693,3.000000
2026-06-24T03:22:26.180978306Z,1000,per_hit,raw_percent_of_host,api-node1,api-node2,6,4,10,23.000000,10.101010,23.000000,20.202020,100.000000,50.000000,0.000000,0.000000,0.000000,0.000000,0.000000,0.000000,60.000000,61.250000,82.521963,77.747080,3.000000
2026-06-24T03:22:27.180979297Z,1000,per_hit,raw_percent_of_host,api-node1,api-node2,5,5,10,19.387755,17.000000,19.387755,34.000000,100.000000,50.000000,0.000000,0.000000,0.000000,0.000000,0.000000,0.000000,50.000000,80.600000,79.826239,77.087433,3.000000
2026-06-24T03:22:28.180981401Z,1000,per_hit,raw_percent_of_host,api-node1,api-node2,5,5,10,19.000000,15.000000,19.000000,30.000000,100.000000,50.000000,0.000000,0.000000,0.000000,0.000000,0.000000,0.000000,55.400000,122.400000,77.841881,81.665875,3.000000
2026-06-24T03:22:29.180977967Z,1000,per_hit,raw_percent_of_host,api-node1,api-node2,4,6,10,13.541667,17.346939,13.541667,34.693878,100.000000,50.000000,0.000000,0.000000,0.000000,0.000000,0.000000,0.000000,50.000000,90.500000,77.853058,80.174458,3.000000
2026-06-24T03:22:30.18098214Z,1000,per_hit,raw_percent_of_host,api-node1,api-node2,5,5,10,19.587629,16.831683,19.587629,33.663366,100.000000,50.000000,0.000000,0.000000,0.000000,0.000000,0.000000,0.000000,50.200000,77.600000,78.582678,77.569712,3.000000
2026-06-24T03:22:31.180982548Z,1000,per_hit,raw_percent_of_host,api-node1,api-node2,6,4,10,16.326531,19.191919,16.326531,38.383838,100.000000,50.000000,0.000000,0.000000,0.000000,0.000000,0.000000,0.000000,51.666667,98.750000,77.975035,77.274629,3.000000
2026-06-24T03:22:32.180977891Z,1000,per_hit,raw_percent_of_host,api-node1,api-node2,5,5,10,16.494845,18.000000,16.494845,36.000000,100.000000,50.000000,0.000000,0.000000,0.000000,0.000000,0.000000,0.000000,51.200000,93.000000,77.885633,82.334032,3.000000
2026-06-24T03:22:33.180981822Z,1000,per_hit,raw_percent_of_host,api-node1,api-node2,4,6,10,13.000000,19.387755,13.000000,38.775510,100.000000,50.000000,0.000000,0.000000,0.000000,0.000000,0.000000,0.000000,50.000000,107.500000,79.101348,77.095275,3.000000
2026-06-24T03:22:34.180980817Z,1000,per_hit,raw_percent_of_host,api-node1,api-node2,6,4,10,17.346939,20.588235,17.346939,41.176471,100.000000,50.000000,0.000000,0.000000,0.000000,0.000000,0.000000,0.000000,51.333333,106.500000,78.201898,82.703950,3.000000
2026-06-24T03:22:35.180981442Z,1000,per_hit,raw_percent_of_host,api-node1,api-node2,3,7,10,10.309278,23.232323,10.309278,46.464646,100.000000,50.000000,0.000000,0.000000,0.000000,0.000000,0.000000,0.000000,50.000000,88.285714,78.232496,82.273805,3.000000
2026-06-24T03:22:36.18097801Z,1000,per_hit,raw_percent_of_host,api-node1,api-node2,6,4,10,18.181818,15.151515,18.181818,30.303030,100.000000,50.000000,0.000000,0.000000,0.000000,0.000000,0.000000,0.000000,58.000000,50.250000,78.873755,78.384968,3.000000
2026-06-24T03:22:37.180978753Z,1000,per_hit,raw_percent_of_host,api-node1,api-node2,4,6,10,7.368421,23.000000,7.368421,46.000000,100.000000,50.000000,0.000000,0.000000,0.000000,0.000000,0.000000,0.000000,50.000000,107.000000,78.279831,77.183343,3.000000
2026-06-24T03:22:38.180981424Z,1000,per_hit,raw_percent_of_host,api-node1,api-node2,7,3,10,22.448980,10.101010,22.448980,20.202020,100.000000,50.000000,0.000000,0.000000,0.000000,0.000000,0.000000,0.000000,55.000000,50.000000,78.613988,82.568058,3.000000
2026-06-24T03:22:39.180979191Z,1000,per_hit,raw_percent_of_host,api-node1,api-node2,3,7,10,9.375000,24.000000,9.375000,48.000000,100.000000,50.000000,0.000000,0.000000,0.000000,0.000000,0.000000,0.000000,50.000000,98.714286,77.806517,76.617018,3.000000
2026-06-24T03:22:40.180978033Z,1000,per_hit,raw_percent_of_host,api-node1,api-node2,5,4,9,14.000000,16.000000,14.000000,32.000000,100.000000,50.000000,0.000000,0.000000,0.000000,0.000000,0.000000,0.000000,57.600000,98.000000,79.077408,78.820891,3.000000
2026-06-24T03:22:41.18098215Z,1000,per_hit,raw_percent_of_host,api-node1,api-node2,0,0,0,1.000000,0.000000,1.000000,0.000000,100.000000,50.000000,0.000000,0.000000,0.000000,0.000000,0.000000,0.000000,0.000000,0.000000,0.000000,0.000000,3.000000
2026-06-24T03:22:42.180981351Z,1000,per_hit,raw_percent_of_host,api-node1,api-node2,0,0,0,0.000000,0.000000,0.000000,0.000000,100.000000,50.000000,0.000000,0.000000,0.000000,0.000000,0.000000,0.000000,0.000000,0.000000,0.000000,0.000000,3.000000
2026-06-24T03:22:43.180979325Z,1000,per_hit,raw_percent_of_host,api-node1,api-node2,0,0,0,1.010101,0.000000,1.010101,0.000000,100.000000,50.000000,0.000000,0.000000,0.000000,0.000000,0.000000,0.000000,0.000000,0.000000,0.000000,0.000000,3.000000
2026-06-24T03:22:44.180978834Z,1000,per_hit,raw_percent_of_host,api-node1,api-node2,0,0,0,0.000000,0.000000,0.000000,0.000000,100.000000,50.000000,0.000000,0.000000,0.000000,0.000000,0.000000,0.000000,0.000000,0.000000,0.000000,0.000000,3.000000
2026-06-24T03:22:45.180981969Z,1000,per_hit,raw_percent_of_host,api-node1,api-node2,0,0,0,3.061224,1.000000,3.061224,2.000000,100.000000,50.000000,0.000000,0.000000,0.000000,0.000000,0.000000,0.000000,0.000000,0.000000,0.000000,0.000000,3.000000
2026-06-24T03:22:46.180984058Z,1000,per_hit,raw_percent_of_host,api-node1,api-node2,0,0,0,0.000000,0.000000,0.000000,0.000000,100.000000,50.000000,0.000000,0.000000,0.000000,0.000000,0.000000,0.000000,0.000000,0.000000,0.000000,0.000000,3.000000
2026-06-24T03:22:47.180981541Z,1000,per_hit,raw_percent_of_host,api-node1,api-node2,0,0,0,0.000000,0.000000,0.000000,0.000000,100.000000,50.000000,0.000000,0.000000,0.000000,0.000000,0.000000,0.000000,0.000000,0.000000,0.000000,0.000000,3.000000
2026-06-24T03:22:48.180978727Z,1000,per_hit,raw_percent_of_host,api-node1,api-node2,0,0,0,0.000000,0.000000,0.000000,0.000000,100.000000,50.000000,0.000000,0.000000,0.000000,0.000000,0.000000,0.000000,0.000000,0.000000,0.000000,0.000000,3.000000
2026-06-24T03:22:49.180979089Z,1000,per_hit,raw_percent_of_host,api-node1,api-node2,0,0,0,0.000000,0.000000,0.000000,0.000000,100.000000,50.000000,0.000000,0.000000,0.000000,0.000000,0.000000,0.000000,0.000000,0.000000,0.000000,0.000000,3.000000
2026-06-24T03:22:50.180981732Z,1000,per_hit,raw_percent_of_host,api-node1,api-node2,0,0,0,0.000000,0.000000,0.000000,0.000000,100.000000,50.000000,0.000000,0.000000,0.000000,0.000000,0.000000,0.000000,0.000000,0.000000,0.000000,0.000000,3.000000
2026-06-24T03:22:51.180981225Z,1000,per_hit,raw_percent_of_host,api-node1,api-node2,0,0,0,0.000000,4.000000,0.000000,8.000000,100.000000,50.000000,0.000000,0.000000,0.000000,0.000000,0.000000,0.000000,0.000000,0.000000,0.000000,0.000000,3.000000
2026-06-24T03:22:52.180977937Z,1000,per_hit,raw_percent_of_host,api-node1,api-node2,0,0,0,1.000000,0.000000,1.000000,0.000000,100.000000,50.000000,0.000000,0.000000,0.000000,0.000000,0.000000,0.000000,0.000000,0.000000,0.000000,0.000000,3.000000
2026-06-24T03:22:53.180982024Z,1000,per_hit,raw_percent_of_host,api-node1,api-node2,0,0,0,1.000000,0.000000,1.000000,0.000000,100.000000,50.000000,0.000000,0.000000,0.000000,0.000000,0.000000,0.000000,0.000000,0.000000,0.000000,0.000000,3.000000
2026-06-24T03:22:54.180977968Z,1000,per_hit,raw_percent_of_host,api-node1,api-node2,0,0,0,0.000000,1.000000,0.000000,2.000000,100.000000,50.000000,0.000000,0.000000,0.000000,0.000000,0.000000,0.000000,0.000000,0.000000,0.000000,0.000000,3.000000
2026-06-24T03:22:55.180982154Z,1000,per_hit,raw_percent_of_host,api-node1,api-node2,0,0,0,1.010101,0.000000,1.010101,0.000000,100.000000,50.000000,0.000000,0.000000,0.000000,0.000000,0.000000,0.000000,0.000000,0.000000,0.000000,0.000000,3.000000
2026-06-24T03:22:56.180981526Z,1000,per_hit,raw_percent_of_host,api-node1,api-node2,0,0,0,0.000000,0.000000,0.000000,0.000000,100.000000,50.000000,0.000000,0.000000,0.000000,0.000000,0.000000,0.000000,0.000000,0.000000,0.000000,0.000000,3.000000
2026-06-24T03:22:57.180978077Z,1000,per_hit,raw_percent_of_host,api-node1,api-node2,0,0,0,0.000000,0.000000,0.000000,0.000000,100.000000,50.000000,0.000000,0.000000,0.000000,0.000000,0.000000,0.000000,0.000000,0.000000,0.000000,0.000000,3.000000
2026-06-24T03:22:58.180982381Z,1000,per_hit,raw_percent_of_host,api-node1,api-node2,0,0,0,1.000000,1.000000,1.000000,2.000000,100.000000,50.000000,0.000000,0.000000,0.000000,0.000000,0.000000,0.000000,0.000000,0.000000,0.000000,0.000000,3.000000
2026-06-24T03:22:59.180980143Z,1000,per_hit,raw_percent_of_host,api-node1,api-node2,0,0,0,0.000000,1.000000,0.000000,2.000000,100.000000,50.000000,0.000000,0.000000,0.000000,0.000000,0.000000,0.000000,0.000000,0.000000,0.000000,0.000000,3.000000
2026-06-24T03:23:00.180978164Z,1000,per_hit,raw_percent_of_host,api-node1,api-node2,0,0,0,0.000000,0.000000,0.000000,0.000000,100.000000,50.000000,0.000000,0.000000,0.000000,0.000000,0.000000,0.000000,0.000000,0.000000,0.000000,0.000000,3.000000
2026-06-24T03:23:01.180984054Z,1000,per_hit,raw_percent_of_host,api-node1,api-node2,0,0,0,0.000000,0.000000,0.000000,0.000000,100.000000,50.000000,0.000000,0.000000,0.000000,0.000000,0.000000,0.000000,0.000000,0.000000,0.000000,0.000000,3.000000
2026-06-24T03:23:02.180979742Z,1000,per_hit,raw_percent_of_host,api-node1,api-node2,0,0,0,0.000000,0.000000,0.000000,0.000000,100.000000,50.000000,0.000000,0.000000,0.000000,0.000000,0.000000,0.000000,0.000000,0.000000,0.000000,0.000000,3.000000
