timestamp_utc,window_ms,traffic_log_mode,cpu_usage_unit,node1_name,node2_name,node1_requests,node2_requests,total_requests,node1_cpu_raw_usage,node2_cpu_raw_usage,node1_cpu_normalized_usage,node2_cpu_normalized_usage,node1_cpu_capacity,node2_cpu_capacity,node1_inflight,node2_inflight,node1_backend_inflight,node2_backend_inflight,node1_queue,node2_queue,node1_response_ms,node2_response_ms,node1_fuzzy_score,node2_fuzzy_score,os_idle_cpu
2026-06-24T15:20:13.986426291Z,1000,per_hit,raw_percent_of_host,api-node1,api-node2,7,3,10,11.538462,0.0,11.538462,0.0,100.0,50.0,0.0,0.0,0.0,0.0,0.0,0.0,120.285714,120.0,83.633626,83.657731,3.0
2026-06-24T15:20:14.986432835Z,1000,per_hit,raw_percent_of_host,api-node1,api-node2,5,5,10,13.461538,0.0,13.461538,0.0,100.0,50.0,0.0,0.0,0.0,0.0,0.0,0.0,80.2,113.0,49.01617,49.52916,3.0
2026-06-24T15:20:15.986427832Z,1000,per_hit,raw_percent_of_host,api-node1,api-node2,9,1,10,10.576923,0.0,10.576923,0.0,100.0,50.0,0.0,0.0,0.0,0.0,0.0,0.0,107.333333,50.0,81.63572,50.0,3.0
2026-06-24T15:20:16.986427816Z,1000,per_hit,raw_percent_of_host,api-node1,api-node2,6,4,10,14.423077,1.0,14.423077,2.0,100.0,50.0,0.0,0.0,0.0,0.0,0.0,0.0,86.5,130.75,48.604233,74.107586,3.0
2026-06-24T15:20:17.986427165Z,1000,per_hit,raw_percent_of_host,api-node1,api-node2,9,1,10,12.5,0.0,12.5,0.0,100.0,50.0,0.0,0.0,0.0,0.0,0.0,0.0,99.666667,50.0,81.882706,49.767551,3.0
2026-06-24T15:20:18.986428652Z,1000,per_hit,raw_percent_of_host,api-node1,api-node2,5,5,10,13.461538,0.0,13.461538,0.0,100.0,50.0,0.0,0.0,0.0,0.0,0.0,0.0,79.4,110.4,58.989109,73.376796,3.0
2026-06-24T15:20:19.986429242Z,1000,per_hit,raw_percent_of_host,api-node1,api-node2,10,0,10,13.461538,0.0,13.461538,0.0,100.0,50.0,0.0,0.0,0.0,0.0,0.0,0.0,95.5,0.0,81.650553,50.0,3.0
2026-06-24T15:20:20.986429911Z,1000,per_hit,raw_percent_of_host,api-node1,api-node2,4,6,10,14.0,0.0,14.0,0.0,100.0,50.0,0.0,0.0,0.0,0.0,0.0,0.0,71.0,113.166667,83.125359,81.955929,3.0
2026-06-24T15:20:21.986426324Z,1000,per_hit,raw_percent_of_host,api-node1,api-node2,7,3,10,13.461538,0.0,13.461538,0.0,100.0,50.0,0.0,0.0,0.0,0.0,0.0,0.0,90.142857,75.666667,82.488488,49.433381,3.0
2026-06-24T15:20:22.98642717Z,1000,per_hit,raw_percent_of_host,api-node1,api-node2,5,5,10,11.650485,1.0,11.650485,2.0,100.0,50.0,0.0,0.0,0.0,0.0,0.0,0.0,106.0,117.6,82.755388,49.338589,3.0
2026-06-24T15:20:23.986429887Z,1000,per_hit,raw_percent_of_host,api-node1,api-node2,6,4,10,13.461538,0.0,13.461538,0.0,100.0,50.0,0.0,0.0,0.0,0.0,0.0,0.0,79.0,106.5,81.078116,49.577633,3.0
2026-06-24T15:20:24.986427115Z,1000,per_hit,raw_percent_of_host,api-node1,api-node2,7,3,10,13.461538,1.0,13.461538,2.0,100.0,50.0,0.0,0.0,0.0,0.0,0.0,0.0,80.571429,75.333333,82.12709,49.57622,3.0
2026-06-24T15:20:25.986429746Z,1000,per_hit,raw_percent_of_host,api-node1,api-node2,7,3,10,12.621359,0.0,12.621359,0.0,100.0,50.0,0.0,0.0,0.0,0.0,0.0,0.0,87.0,123.0,82.160482,49.516703,3.0
2026-06-24T15:20:26.986429474Z,1000,per_hit,raw_percent_of_host,api-node1,api-node2,9,1,10,12.621359,1.010101,12.621359,2.020202,100.0,50.0,0.0,0.0,0.0,0.0,0.0,0.0,92.666667,50.0,81.826726,49.845034,3.0
2026-06-24T15:20:27.98642625Z,1000,per_hit,raw_percent_of_host,api-node1,api-node2,5,5,10,11.650485,1.0,11.650485,2.0,100.0,50.0,0.0,0.0,0.0,0.0,0.0,0.0,98.6,123.8,81.197867,73.497482,3.0
2026-06-24T15:20:28.986426166Z,1000,per_hit,raw_percent_of_host,api-node1,api-node2,7,3,10,13.461538,0.0,13.461538,0.0,100.0,50.0,0.0,0.0,0.0,0.0,0.0,0.0,89.0,124.0,82.132218,49.6505,3.0
2026-06-24T15:20:29.986427235Z,1000,per_hit,raw_percent_of_host,api-node1,api-node2,6,4,10,13.592233,0.0,13.592233,0.0,100.0,50.0,0.0,0.0,0.0,0.0,0.0,0.0,84.666667,107.25,82.435563,49.505381,3.0
2026-06-24T15:20:30.986427113Z,1000,per_hit,raw_percent_of_host,api-node1,api-node2,5,5,10,12.621359,0.0,12.621359,0.0,100.0,50.0,0.0,0.0,0.0,0.0,0.0,0.0,78.0,111.4,82.332625,49.598359,3.0
2026-06-24T15:20:31.986430527Z,1000,per_hit,raw_percent_of_host,api-node1,api-node2,4,6,10,13.861386,0.0,13.861386,0.0,100.0,50.0,0.0,0.0,0.0,0.0,0.0,0.0,74.0,130.0,82.498775,49.426999,3.0
2026-06-24T15:20:32.986427017Z,1000,per_hit,raw_percent_of_host,api-node1,api-node2,5,5,10,13.461538,0.0,13.461538,0.0,100.0,50.0,0.0,0.0,0.0,0.0,0.0,0.0,80.2,146.0,82.679277,46.354946,3.0
2026-06-24T15:20:33.986426197Z,1000,per_hit,raw_percent_of_host,api-node1,api-node2,4,6,10,7.843137,0.0,7.843137,0.0,100.0,50.0,0.0,0.0,0.0,0.0,0.0,0.0,58.25,117.166667,82.972578,77.955317,3.0
2026-06-24T15:20:34.986430893Z,1000,per_hit,raw_percent_of_host,api-node1,api-node2,4,6,10,13.461538,0.0,13.461538,0.0,100.0,50.0,0.0,0.0,0.0,0.0,0.0,0.0,68.5,126.333333,50.0,48.941616,3.0
2026-06-24T15:20:35.98642604Z,1000,per_hit,raw_percent_of_host,api-node1,api-node2,7,3,10,12.5,1.0,12.5,2.0,100.0,50.0,0.0,0.0,0.0,0.0,0.0,0.0,100.428571,120.666667,81.95521,49.726795,3.0
2026-06-24T15:20:36.986426368Z,1000,per_hit,raw_percent_of_host,api-node1,api-node2,6,4,10,11.538462,1.0,11.538462,2.0,100.0,50.0,0.0,0.0,0.0,0.0,0.0,0.0,88.833333,120.75,82.707401,49.506077,3.0
2026-06-24T15:20:37.98642776Z,1000,per_hit,raw_percent_of_host,api-node1,api-node2,8,2,10,13.461538,0.0,13.461538,0.0,100.0,50.0,0.0,0.0,0.0,0.0,0.0,0.0,91.75,50.0,81.802319,49.902518,3.0
2026-06-24T15:20:38.986429248Z,1000,per_hit,raw_percent_of_host,api-node1,api-node2,4,6,10,10.576923,0.0,10.576923,0.0,100.0,50.0,0.0,0.0,0.0,0.0,0.0,0.0,100.75,114.0,82.874918,72.771781,3.0
2026-06-24T15:20:39.986430143Z,1000,per_hit,raw_percent_of_host,api-node1,api-node2,7,3,10,13.461538,0.0,13.461538,0.0,100.0,50.0,0.0,0.0,0.0,0.0,0.0,0.0,89.428571,75.333333,81.8072,49.885063,3.0
2026-06-24T15:20:40.986429187Z,1000,per_hit,raw_percent_of_host,api-node1,api-node2,4,6,10,12.621359,0.0,12.621359,0.0,100.0,50.0,0.0,0.0,0.0,0.0,0.0,0.0,68.0,113.0,59.111317,49.294022,3.0
2026-06-24T15:20:41.986431015Z,1000,per_hit,raw_percent_of_host,api-node1,api-node2,5,5,10,13.461538,0.0,13.461538,0.0,100.0,50.0,0.0,0.0,0.0,0.0,0.0,0.0,80.4,111.0,82.434412,49.495517,3.0
2026-06-24T15:20:42.986429881Z,1000,per_hit,raw_percent_of_host,api-node1,api-node2,8,2,10,12.621359,1.0,12.621359,2.0,100.0,50.0,0.0,0.0,0.0,0.0,0.0,0.0,106.25,85.0,82.157799,49.531531,3.0
2026-06-24T15:20:43.986427244Z,1000,per_hit,raw_percent_of_host,api-node1,api-node2,4,6,10,13.0,0.0,13.0,0.0,100.0,50.0,0.0,0.0,0.0,0.0,0.0,0.0,70.5,129.666667,48.868497,49.495801,3.0
2026-06-24T15:20:44.986427694Z,1000,per_hit,raw_percent_of_host,api-node1,api-node2,2,8,10,14.0,0.0,14.0,0.0,100.0,50.0,0.0,0.0,0.0,0.0,0.0,0.0,50.0,134.625,83.110622,45.279562,3.0
2026-06-24T15:20:45.986426419Z,1000,per_hit,raw_percent_of_host,api-node1,api-node2,5,5,10,11.650485,1.0,11.650485,2.0,100.0,50.0,0.0,0.0,0.0,0.0,0.0,0.0,95.0,120.4,76.904968,48.703943,3.0
2026-06-24T15:20:46.986430957Z,1000,per_hit,raw_percent_of_host,api-node1,api-node2,9,1,10,13.333333,0.0,13.333333,0.0,100.0,50.0,0.0,0.0,0.0,0.0,0.0,0.0,92.666667,50.0,81.809607,49.877609,3.0
2026-06-24T15:20:47.986427284Z,1000,per_hit,raw_percent_of_host,api-node1,api-node2,5,5,10,11.538462,0.990099,11.538462,1.980198,100.0,50.0,0.0,0.0,0.0,0.0,0.0,0.0,96.2,141.0,82.749384,73.497482,3.0
2026-06-24T15:20:48.986428854Z,1000,per_hit,raw_percent_of_host,api-node1,api-node2,8,2,10,12.5,0.0,12.5,0.0,100.0,50.0,0.0,0.0,0.0,0.0,0.0,0.0,86.375,50.0,82.108164,49.468695,3.0
2026-06-24T15:20:49.986430077Z,1000,per_hit,raw_percent_of_host,api-node1,api-node2,4,6,10,12.380952,2.0,12.380952,4.0,100.0,50.0,0.0,0.0,0.0,0.0,0.0,0.0,81.0,143.0,82.959977,72.788101,3.0
2026-06-24T15:20:50.986428738Z,1000,per_hit,raw_percent_of_host,api-node1,api-node2,5,5,10,11.650485,3.030303,11.650485,6.060606,100.0,50.0,0.0,0.0,0.0,0.0,0.0,0.0,76.8,121.0,81.442273,49.199366,3.0
2026-06-24T15:20:51.986429903Z,1000,per_hit,raw_percent_of_host,api-node1,api-node2,7,3,10,12.5,0.0,12.5,0.0,100.0,50.0,0.0,0.0,0.0,0.0,0.0,0.0,102.142857,123.333333,82.244508,49.596056,3.0
2026-06-24T15:20:52.986426883Z,1000,per_hit,raw_percent_of_host,api-node1,api-node2,8,2,10,12.5,1.0,12.5,2.0,100.0,50.0,0.0,0.0,0.0,0.0,0.0,0.0,95.0,85.5,80.581516,49.653327,3.0
2026-06-24T15:20:53.986427185Z,1000,per_hit,raw_percent_of_host,api-node1,api-node2,7,3,10,12.745098,0.990099,12.745098,1.980198,100.0,50.0,0.0,0.0,0.0,0.0,0.0,0.0,91.571429,76.666667,82.267768,49.576472,3.0
2026-06-24T15:20:54.986425977Z,1000,per_hit,raw_percent_of_host,api-node1,api-node2,6,4,10,11.650485,0.0,11.650485,0.0,100.0,50.0,0.0,0.0,0.0,0.0,0.0,0.0,89.666667,104.0,80.848436,49.31569,3.0
2026-06-24T15:20:55.98642694Z,1000,per_hit,raw_percent_of_host,api-node1,api-node2,7,3,10,11.650485,0.0,11.650485,0.0,100.0,50.0,0.0,0.0,0.0,0.0,0.0,0.0,99.142857,119.0,82.224575,49.605558,3.0
2026-06-24T15:20:56.986426849Z,1000,per_hit,raw_percent_of_host,api-node1,api-node2,6,4,10,10.576923,0.0,10.576923,0.0,100.0,50.0,0.0,0.0,0.0,0.0,0.0,0.0,84.0,121.25,58.839469,49.612965,3.0
2026-06-24T15:20:57.986430494Z,1000,per_hit,raw_percent_of_host,api-node1,api-node2,8,2,10,12.621359,1.0,12.621359,2.0,100.0,50.0,0.0,0.0,0.0,0.0,0.0,0.0,106.25,50.0,79.561793,49.882933,3.0
2026-06-24T15:20:58.986429781Z,1000,per_hit,raw_percent_of_host,api-node1,api-node2,7,3,10,12.621359,0.0,12.621359,0.0,100.0,50.0,0.0,0.0,0.0,0.0,0.0,0.0,91.142857,75.333333,82.065496,75.466446,3.0
2026-06-24T15:20:59.986429729Z,1000,per_hit,raw_percent_of_host,api-node1,api-node2,5,5,10,12.5,0.0,12.5,0.0,100.0,50.0,0.0,0.0,0.0,0.0,0.0,0.0,107.0,140.6,82.806393,49.295851,3.0
2026-06-24T15:21:00.986429769Z,1000,per_hit,raw_percent_of_host,api-node1,api-node2,5,5,10,12.621359,0.0,12.621359,0.0,100.0,50.0,0.0,0.0,0.0,0.0,0.0,0.0,99.8,95.8,82.944095,48.074113,3.0
2026-06-24T15:21:01.986429638Z,1000,per_hit,raw_percent_of_host,api-node1,api-node2,6,4,10,13.333333,0.990099,13.333333,1.980198,100.0,50.0,0.0,0.0,0.0,0.0,0.0,0.0,84.833333,108.0,82.631741,49.377673,3.0
2026-06-24T15:21:02.986426797Z,1000,per_hit,raw_percent_of_host,api-node1,api-node2,9,1,10,15.384615,0.0,15.384615,0.0,100.0,50.0,0.0,0.0,0.0,0.0,0.0,0.0,90.333333,50.0,81.949434,49.72881,3.0
2026-06-24T15:21:03.986429177Z,1000,per_hit,raw_percent_of_host,api-node1,api-node2,5,5,10,13.461538,0.0,13.461538,0.0,100.0,50.0,0.0,0.0,0.0,0.0,0.0,0.0,79.6,125.4,82.51486,74.133967,3.0
2026-06-24T15:21:04.986426621Z,1000,per_hit,raw_percent_of_host,api-node1,api-node2,6,4,10,12.5,1.980198,12.5,3.960396,100.0,50.0,0.0,0.0,0.0,0.0,0.0,0.0,75.0,123.0,82.347046,49.526649,3.0
2026-06-24T15:21:05.986426203Z,1000,per_hit,raw_percent_of_host,api-node1,api-node2,9,1,10,11.538462,0.0,11.538462,0.0,100.0,50.0,0.0,0.0,0.0,0.0,0.0,0.0,104.555556,50.0,82.032156,49.644648,3.0
2026-06-24T15:21:06.986427325Z,1000,per_hit,raw_percent_of_host,api-node1,api-node2,4,6,10,12.5,1.0,12.5,2.0,100.0,50.0,0.0,0.0,0.0,0.0,0.0,0.0,78.5,109.0,48.771375,72.697816,3.0
2026-06-24T15:21:07.986430123Z,1000,per_hit,raw_percent_of_host,api-node1,api-node2,6,4,10,13.461538,0.0,13.461538,0.0,100.0,50.0,0.0,0.0,0.0,0.0,0.0,0.0,86.333333,89.5,82.593595,49.559034,3.0
2026-06-24T15:21:08.98642958Z,1000,per_hit,raw_percent_of_host,api-node1,api-node2,6,4,10,10.679612,1.0,10.679612,2.0,100.0,50.0,0.0,0.0,0.0,0.0,0.0,0.0,103.333333,117.25,82.562947,49.238409,3.0
2026-06-24T15:21:09.986426735Z,1000,per_hit,raw_percent_of_host,api-node1,api-node2,7,3,10,13.461538,0.0,13.461538,0.0,100.0,50.0,0.0,0.0,0.0,0.0,0.0,0.0,105.142857,76.0,47.143384,49.632953,3.0
2026-06-24T15:21:10.986433498Z,1000,per_hit,raw_percent_of_host,api-node1,api-node2,5,5,10,13.333333,1.0,13.333333,2.0,100.0,50.0,0.0,0.0,0.0,0.0,0.0,0.0,115.4,140.4,82.611662,49.344495,3.0
2026-06-24T15:21:11.98642963Z,1000,per_hit,raw_percent_of_host,api-node1,api-node2,7,3,10,12.5,0.0,12.5,0.0,100.0,50.0,0.0,0.0,0.0,0.0,0.0,0.0,93.142857,97.333333,82.14379,49.344554,3.0
2026-06-24T15:21:12.986433829Z,1000,per_hit,raw_percent_of_host,api-node1,api-node2,6,4,10,13.461538,0.0,13.461538,0.0,100.0,50.0,0.0,0.0,0.0,0.0,0.0,0.0,85.166667,108.25,82.415067,49.53139,3.0
2026-06-24T15:21:13.9864262Z,1000,per_hit,raw_percent_of_host,api-node1,api-node2,5,5,10,11.538462,0.0,11.538462,0.0,100.0,50.0,0.0,0.0,0.0,0.0,0.0,0.0,94.4,138.0,82.545106,49.350309,3.0
2026-06-24T15:21:14.986431119Z,1000,per_hit,raw_percent_of_host,api-node1,api-node2,7,3,10,13.461538,0.0,13.461538,0.0,100.0,50.0,0.0,0.0,0.0,0.0,0.0,0.0,97.857143,76.666667,82.507226,49.073265,3.0
2026-06-24T15:21:15.986426979Z,1000,per_hit,raw_percent_of_host,api-node1,api-node2,4,6,10,13.131313,0.0,13.131313,0.0,100.0,50.0,0.0,0.0,0.0,0.0,0.0,0.0,69.25,128.166667,82.850876,49.19031,3.0
2026-06-24T15:21:16.986426813Z,1000,per_hit,raw_percent_of_host,api-node1,api-node2,9,1,10,12.5,0.0,12.5,0.0,100.0,50.0,0.0,0.0,0.0,0.0,0.0,0.0,96.555556,50.0,81.816686,49.84248,3.0
2026-06-24T15:21:17.986426937Z,1000,per_hit,raw_percent_of_host,api-node1,api-node2,4,6,10,15.0,0.0,15.0,0.0,100.0,50.0,0.0,0.0,0.0,0.0,0.0,0.0,72.0,143.333333,69.103824,74.317455,3.0
2026-06-24T15:21:18.98642642Z,1000,per_hit,raw_percent_of_host,api-node1,api-node2,8,2,10,14.563107,0.0,14.563107,0.0,100.0,50.0,0.0,0.0,0.0,0.0,0.0,0.0,93.75,50.0,82.028964,45.242133,3.0
2026-06-24T15:21:19.986428877Z,1000,per_hit,raw_percent_of_host,api-node1,api-node2,6,4,10,12.621359,0.0,12.621359,0.0,100.0,50.0,0.0,0.0,0.0,0.0,0.0,0.0,94.0,107.5,82.404998,74.417385,3.0
2026-06-24T15:21:20.98642979Z,1000,per_hit,raw_percent_of_host,api-node1,api-node2,7,3,10,14.285714,0.0,14.285714,0.0,100.0,50.0,0.0,0.0,0.0,0.0,0.0,0.0,89.428571,75.0,82.29898,49.424424,3.0
2026-06-24T15:21:21.986430414Z,1000,per_hit,raw_percent_of_host,api-node1,api-node2,6,4,10,11.538462,0.0,11.538462,0.0,100.0,50.0,0.0,0.0,0.0,0.0,0.0,0.0,84.666667,117.0,82.79793,49.327322,3.0
2026-06-24T15:21:22.986426516Z,1000,per_hit,raw_percent_of_host,api-node1,api-node2,5,5,10,12.621359,1.010101,12.621359,2.020202,100.0,50.0,0.0,0.0,0.0,0.0,0.0,0.0,84.0,119.6,82.529809,49.674536,3.0
2026-06-24T15:21:23.98642952Z,1000,per_hit,raw_percent_of_host,api-node1,api-node2,8,2,10,12.5,0.0,12.5,0.0,100.0,50.0,0.0,0.0,0.0,0.0,0.0,0.0,92.75,88.0,82.201545,49.589412,3.0
2026-06-24T15:21:24.98643017Z,1000,per_hit,raw_percent_of_host,api-node1,api-node2,5,5,10,13.592233,0.0,13.592233,0.0,100.0,50.0,0.0,0.0,0.0,0.0,0.0,0.0,79.6,109.4,82.42394,49.522085,3.0
2026-06-24T15:21:25.986430912Z,1000,per_hit,raw_percent_of_host,api-node1,api-node2,7,3,10,10.576923,0.0,10.576923,0.0,100.0,50.0,0.0,0.0,0.0,0.0,0.0,0.0,96.571429,95.0,82.402705,49.372393,3.0
2026-06-24T15:21:26.98642677Z,1000,per_hit,raw_percent_of_host,api-node1,api-node2,5,5,10,14.423077,0.0,14.423077,0.0,100.0,50.0,0.0,0.0,0.0,0.0,0.0,0.0,78.2,97.0,82.599577,49.585188,3.0
2026-06-24T15:21:27.986427127Z,1000,per_hit,raw_percent_of_host,api-node1,api-node2,7,3,10,12.621359,0.0,12.621359,0.0,100.0,50.0,0.0,0.0,0.0,0.0,0.0,0.0,96.428571,126.666667,82.026564,49.613377,3.0
2026-06-24T15:21:28.986429039Z,1000,per_hit,raw_percent_of_host,api-node1,api-node2,5,5,10,12.5,1.980198,12.5,3.960396,100.0,50.0,0.0,0.0,0.0,0.0,0.0,0.0,96.6,141.0,58.278087,49.458626,3.0
2026-06-24T15:21:29.986429867Z,1000,per_hit,raw_percent_of_host,api-node1,api-node2,5,5,10,11.428571,0.0,11.428571,0.0,100.0,50.0,0.0,0.0,0.0,0.0,0.0,0.0,102.8,136.8,83.053553,48.415427,3.0
2026-06-24T15:21:30.986440733Z,1000,per_hit,raw_percent_of_host,api-node1,api-node2,7,3,10,11.538462,1.0,11.538462,2.0,100.0,50.0,0.0,0.0,0.0,0.0,0.0,0.0,96.714286,118.333333,57.870781,49.316402,3.0
2026-06-24T15:21:31.986426196Z,1000,per_hit,raw_percent_of_host,api-node1,api-node2,5,5,10,11.538462,0.0,11.538462,0.0,100.0,50.0,0.0,0.0,0.0,0.0,0.0,0.0,91.0,113.0,57.794524,49.737404,3.0
2026-06-24T15:21:32.986427303Z,1000,per_hit,raw_percent_of_host,api-node1,api-node2,5,5,10,11.650485,0.0,11.650485,0.0,100.0,50.0,0.0,0.0,0.0,0.0,0.0,0.0,87.2,141.6,82.4467,49.741391,3.0
2026-06-24T15:21:33.986429283Z,1000,per_hit,raw_percent_of_host,api-node1,api-node2,8,2,10,11.650485,0.0,11.650485,0.0,100.0,50.0,0.0,0.0,0.0,0.0,0.0,0.0,102.0,86.0,82.226522,48.36549,3.0
2026-06-24T15:21:34.986428108Z,1000,per_hit,raw_percent_of_host,api-node1,api-node2,7,3,10,11.538462,0.0,11.538462,0.0,100.0,50.0,0.0,0.0,0.0,0.0,0.0,0.0,100.285714,96.333333,47.013773,49.617016,3.0
2026-06-24T15:21:35.986431332Z,1000,per_hit,raw_percent_of_host,api-node1,api-node2,5,5,10,12.5,0.0,12.5,0.0,100.0,50.0,0.0,0.0,0.0,0.0,0.0,0.0,95.6,119.8,82.585218,49.590888,3.0
2026-06-24T15:21:36.986429947Z,1000,per_hit,raw_percent_of_host,api-node1,api-node2,7,3,10,12.5,0.0,12.5,0.0,100.0,50.0,0.0,0.0,0.0,0.0,0.0,0.0,87.0,96.666667,82.284681,49.654209,3.0
2026-06-24T15:21:37.986426837Z,1000,per_hit,raw_percent_of_host,api-node1,api-node2,6,4,10,13.461538,0.0,13.461538,0.0,100.0,50.0,0.0,0.0,0.0,0.0,0.0,0.0,86.333333,107.5,82.229574,49.670108,3.0
2026-06-24T15:21:38.986426962Z,1000,per_hit,raw_percent_of_host,api-node1,api-node2,4,6,10,11.650485,0.0,11.650485,0.0,100.0,50.0,0.0,0.0,0.0,0.0,0.0,0.0,93.75,125.5,82.75426,49.339724,3.0
2026-06-24T15:21:39.986429196Z,1000,per_hit,raw_percent_of_host,api-node1,api-node2,4,6,10,14.0,0.0,14.0,0.0,100.0,50.0,0.0,0.0,0.0,0.0,0.0,0.0,68.25,130.0,83.271089,48.11088,3.0
2026-06-24T15:21:40.986427404Z,1000,per_hit,raw_percent_of_host,api-node1,api-node2,8,2,10,14.563107,0.0,14.563107,0.0,100.0,50.0,0.0,0.0,0.0,0.0,0.0,0.0,89.75,50.0,82.000308,48.757999,3.0
2026-06-24T15:21:41.986432428Z,1000,per_hit,raw_percent_of_host,api-node1,api-node2,5,5,10,10.576923,0.0,10.576923,0.0,100.0,50.0,0.0,0.0,0.0,0.0,0.0,0.0,84.2,119.4,82.776494,72.999072,3.0
2026-06-24T15:21:42.986428989Z,1000,per_hit,raw_percent_of_host,api-node1,api-node2,5,5,10,11.650485,0.0,11.650485,0.0,100.0,50.0,0.0,0.0,0.0,0.0,0.0,0.0,105.2,111.0,81.453244,49.58417,3.0
2026-06-24T15:21:43.986441409Z,1000,per_hit,raw_percent_of_host,api-node1,api-node2,6,4,10,13.333333,1.0,13.333333,2.0,100.0,50.0,0.0,0.0,0.0,0.0,0.0,0.0,92.833333,124.25,82.302214,48.885363,3.0
2026-06-24T15:21:44.986427128Z,1000,per_hit,raw_percent_of_host,api-node1,api-node2,6,4,10,15.533981,0.0,15.533981,0.0,100.0,50.0,0.0,0.0,0.0,0.0,0.0,0.0,98.666667,103.25,82.520722,49.43355,3.0
2026-06-24T15:21:45.986429323Z,1000,per_hit,raw_percent_of_host,api-node1,api-node2,6,4,10,11.538462,0.0,11.538462,0.0,100.0,50.0,0.0,0.0,0.0,0.0,0.0,0.0,108.833333,103.5,82.484711,49.506077,3.0
2026-06-24T15:21:46.986427234Z,1000,per_hit,raw_percent_of_host,api-node1,api-node2,7,3,10,11.538462,0.0,11.538462,0.0,100.0,50.0,0.0,0.0,0.0,0.0,0.0,0.0,88.285714,116.666667,82.409254,49.585044,3.0
2026-06-24T15:21:47.986427607Z,1000,per_hit,raw_percent_of_host,api-node1,api-node2,8,2,10,11.650485,0.0,11.650485,0.0,100.0,50.0,0.0,0.0,0.0,0.0,0.0,0.0,81.25,85.5,82.17181,49.660313,3.0
2026-06-24T15:21:48.986430285Z,1000,per_hit,raw_percent_of_host,api-node1,api-node2,5,5,10,12.5,0.0,12.5,0.0,100.0,50.0,0.0,0.0,0.0,0.0,0.0,0.0,81.6,110.8,82.754625,49.493091,3.0
2026-06-24T15:21:49.986426466Z,1000,per_hit,raw_percent_of_host,api-node1,api-node2,8,2,10,11.538462,1.010101,11.538462,2.020202,100.0,50.0,0.0,0.0,0.0,0.0,0.0,0.0,102.875,118.0,82.303995,49.424424,3.0
2026-06-24T15:21:50.986429957Z,1000,per_hit,raw_percent_of_host,api-node1,api-node2,4,6,10,13.131313,3.061224,13.131313,6.122449,100.0,50.0,0.0,0.0,0.0,0.0,0.0,0.0,68.0,129.0,59.287996,49.558136,3.0
2026-06-24T15:21:51.986426543Z,1000,per_hit,raw_percent_of_host,api-node1,api-node2,6,4,10,11.650485,0.0,11.650485,0.0,100.0,50.0,0.0,0.0,0.0,0.0,0.0,0.0,91.666667,120.25,82.083522,48.536584,3.0
2026-06-24T15:21:52.98643466Z,1000,per_hit,raw_percent_of_host,api-node1,api-node2,7,3,10,11.650485,0.0,11.650485,0.0,100.0,50.0,0.0,0.0,0.0,0.0,0.0,0.0,95.0,123.666667,81.911559,49.808187,3.0
2026-06-24T15:21:53.98642731Z,1000,per_hit,raw_percent_of_host,api-node1,api-node2,6,4,10,11.650485,0.0,11.650485,0.0,100.0,50.0,0.0,0.0,0.0,0.0,0.0,0.0,92.0,119.75,80.935659,49.566178,3.0
2026-06-24T15:21:54.986426381Z,1000,per_hit,raw_percent_of_host,api-node1,api-node2,6,4,10,11.538462,0.0,11.538462,0.0,100.0,50.0,0.0,0.0,0.0,0.0,0.0,0.0,86.0,116.75,82.346801,49.648533,3.0
2026-06-24T15:21:55.986427127Z,1000,per_hit,raw_percent_of_host,api-node1,api-node2,9,1,10,13.592233,0.0,13.592233,0.0,100.0,50.0,0.0,0.0,0.0,0.0,0.0,0.0,117.666667,50.0,81.970316,49.672335,3.0
2026-06-24T15:21:56.986426268Z,1000,per_hit,raw_percent_of_host,api-node1,api-node2,4,6,10,13.0,0.990099,13.0,1.980198,100.0,50.0,0.0,0.0,0.0,0.0,0.0,0.0,68.5,140.833333,82.39193,74.453808,3.0
2026-06-24T15:21:57.986429601Z,1000,per_hit,raw_percent_of_host,api-node1,api-node2,8,2,10,11.538462,0.0,11.538462,0.0,100.0,50.0,0.0,0.0,0.0,0.0,0.0,0.0,95.0,86.0,81.95318,49.474698,3.0
2026-06-24T15:21:58.986426137Z,1000,per_hit,raw_percent_of_host,api-node1,api-node2,7,3,10,12.5,1.0,12.5,2.0,100.0,50.0,0.0,0.0,0.0,0.0,0.0,0.0,107.0,97.0,82.096231,49.681702,3.0
2026-06-24T15:21:59.986426224Z,1000,per_hit,raw_percent_of_host,api-node1,api-node2,9,1,10,11.538462,0.0,11.538462,0.0,100.0,50.0,0.0,0.0,0.0,0.0,0.0,0.0,96.888889,50.0,57.152924,50.0,3.0
2026-06-24T15:22:00.986429765Z,1000,per_hit,raw_percent_of_host,api-node1,api-node2,8,2,10,13.461538,0.0,13.461538,0.0,100.0,50.0,0.0,0.0,0.0,0.0,0.0,0.0,105.875,50.0,58.077524,74.899608,3.0
2026-06-24T15:22:01.98643069Z,1000,per_hit,raw_percent_of_host,api-node1,api-node2,7,3,10,11.650485,0.0,11.650485,0.0,100.0,50.0,0.0,0.0,0.0,0.0,0.0,0.0,100.0,97.0,82.002116,75.739152,3.0
2026-06-24T15:22:02.986429766Z,1000,per_hit,raw_percent_of_host,api-node1,api-node2,4,6,10,13.592233,0.0,13.592233,0.0,100.0,50.0,0.0,0.0,0.0,0.0,0.0,0.0,67.75,141.833333,48.312862,49.572984,3.0
2026-06-24T15:22:03.986427092Z,1000,per_hit,raw_percent_of_host,api-node1,api-node2,3,7,10,12.0,0.0,12.0,0.0,100.0,50.0,0.0,0.0,0.0,0.0,0.0,0.0,53.666667,130.714286,83.005156,45.279562,3.0
2026-06-24T15:22:04.986429776Z,1000,per_hit,raw_percent_of_host,api-node1,api-node2,7,3,10,12.5,0.0,12.5,0.0,100.0,50.0,0.0,0.0,0.0,0.0,0.0,0.0,100.571429,120.333333,72.169139,49.511361,3.0
2026-06-24T15:22:05.986427253Z,1000,per_hit,raw_percent_of_host,api-node1,api-node2,7,3,10,14.423077,0.0,14.423077,0.0,100.0,50.0,0.0,0.0,0.0,0.0,0.0,0.0,92.428571,76.333333,82.441824,49.55921,3.0
2026-06-24T15:22:06.986427107Z,1000,per_hit,raw_percent_of_host,api-node1,api-node2,4,6,10,15.238095,0.0,15.238095,0.0,100.0,50.0,0.0,0.0,0.0,0.0,0.0,0.0,72.5,116.166667,82.456202,49.465741,3.0
2026-06-24T15:22:07.986426332Z,1000,per_hit,raw_percent_of_host,api-node1,api-node2,6,4,10,11.650485,0.0,11.650485,0.0,100.0,50.0,0.0,0.0,0.0,0.0,0.0,0.0,91.166667,122.5,82.593034,49.294029,3.0
2026-06-24T15:22:08.986429843Z,1000,per_hit,raw_percent_of_host,api-node1,api-node2,5,5,10,13.461538,0.0,13.461538,0.0,100.0,50.0,0.0,0.0,0.0,0.0,0.0,0.0,80.2,131.0,82.483143,49.495084,3.0
2026-06-24T15:22:09.986429402Z,1000,per_hit,raw_percent_of_host,api-node1,api-node2,6,4,10,13.461538,0.0,13.461538,0.0,100.0,50.0,0.0,0.0,0.0,0.0,0.0,0.0,77.166667,90.0,82.207917,48.026929,3.0
2026-06-24T15:22:10.986431642Z,1000,per_hit,raw_percent_of_host,api-node1,api-node2,9,1,10,13.461538,1.0,13.461538,2.0,100.0,50.0,0.0,0.0,0.0,0.0,0.0,0.0,102.444444,50.0,81.670798,49.961259,3.0
2026-06-24T15:22:11.986429804Z,1000,per_hit,raw_percent_of_host,api-node1,api-node2,3,7,10,12.0,0.0,12.0,0.0,100.0,50.0,0.0,0.0,0.0,0.0,0.0,0.0,55.0,105.714286,59.46917,72.883931,3.0
2026-06-24T15:22:12.986429655Z,1000,per_hit,raw_percent_of_host,api-node1,api-node2,8,2,10,14.285714,0.990099,14.285714,1.980198,100.0,50.0,0.0,0.0,0.0,0.0,0.0,0.0,91.0,88.0,73.754546,49.570093,3.0
2026-06-24T15:22:13.986429374Z,1000,per_hit,raw_percent_of_host,api-node1,api-node2,5,6,11,12.621359,0.0,12.621359,0.0,100.0,50.0,0.0,0.0,0.0,0.0,0.0,0.0,81.0,102.833333,79.723667,52.423789,3.0
2026-06-24T15:22:14.986432553Z,1000,per_hit,raw_percent_of_host,api-node1,api-node2,6,11,17,14.285714,0.0,14.285714,0.0,100.0,50.0,0.0,0.0,0.0,0.0,0.0,0.0,73.5,108.0,69.138132,75.68295,3.0
2026-06-24T15:22:15.98643006Z,1000,per_hit,raw_percent_of_host,api-node1,api-node2,14,8,22,13.461538,1.0,13.461538,2.0,100.0,50.0,0.0,0.0,0.0,0.0,0.0,0.0,88.357143,90.875,59.578734,62.761572,3.0
2026-06-24T15:22:16.986426171Z,1000,per_hit,raw_percent_of_host,api-node1,api-node2,10,18,28,14.423077,1.010101,14.423077,2.020202,100.0,50.0,0.0,4.0,0.0,0.0,0.0,4.0,89.4,130.357143,49.46853,68.113627,3.0
2026-06-24T15:22:17.986426342Z,1000,per_hit,raw_percent_of_host,api-node1,api-node2,15,19,34,15.238095,0.0,15.238095,0.0,100.0,50.0,2.0,4.0,0.0,0.0,2.0,4.0,98.692308,166.684211,49.558621,68.947374,3.0
2026-06-24T15:22:18.986426581Z,1000,per_hit,raw_percent_of_host,api-node1,api-node2,13,26,39,12.5,0.0,12.5,0.0,100.0,50.0,3.0,18.0,0.0,0.0,3.0,18.0,114.166667,160.583333,49.749519,70.121469,3.0
2026-06-24T15:22:19.986427584Z,1000,per_hit,raw_percent_of_host,api-node1,api-node2,25,20,45,13.333333,7.608696,13.333333,15.217391,100.0,50.0,8.0,15.0,0.0,0.0,8.0,15.0,103.65,235.26087,49.523166,46.865422,3.0
2026-06-24T15:22:20.986428139Z,1000,per_hit,raw_percent_of_host,api-node1,api-node2,26,25,51,13.461538,5.555556,13.461538,11.111111,100.0,50.0,7.0,21.0,0.0,0.0,7.0,21.0,141.111111,269.473684,49.346984,46.727424,3.0
2026-06-24T15:22:21.986427191Z,1000,per_hit,raw_percent_of_host,api-node1,api-node2,31,26,57,12.5,12.087912,12.5,24.175824,100.0,50.0,19.0,21.0,0.0,0.0,19.0,21.0,139.368421,372.807692,48.981787,44.898358,3.0
2026-06-24T15:22:22.986427514Z,1000,per_hit,raw_percent_of_host,api-node1,api-node2,34,28,62,12.121212,7.692308,12.121212,15.384615,100.0,50.0,28.0,23.0,0.0,0.0,28.0,23.0,234.76,286.692308,48.362235,47.691544,3.0
2026-06-24T15:22:23.986426848Z,1000,per_hit,raw_percent_of_host,api-node1,api-node2,41,27,68,12.5,12.222222,12.5,24.444444,100.0,50.0,34.0,21.0,0.0,0.0,34.0,21.0,234.028571,292.62069,48.57578,47.437705,3.0
2026-06-24T15:22:24.986432592Z,1000,per_hit,raw_percent_of_host,api-node1,api-node2,40,33,73,19.791667,16.666667,19.791667,33.333333,100.0,50.0,36.0,26.0,0.0,0.0,36.0,26.0,283.763158,303.642857,48.370306,43.362753,3.0
2026-06-24T15:22:25.986427197Z,1000,per_hit,raw_percent_of_host,api-node1,api-node2,40,39,79,23.232323,16.666667,23.232323,33.333333,100.0,50.0,36.0,33.0,0.0,0.0,36.0,33.0,328.775,350.75,47.811883,43.706191,3.0
2026-06-24T15:22:26.986427639Z,1000,per_hit,raw_percent_of_host,api-node1,api-node2,52,33,85,23.762376,27.45098,23.762376,54.901961,100.0,50.0,42.0,27.0,0.0,0.0,42.0,27.0,292.478261,405.435897,62.804488,42.009424,3.0
2026-06-24T15:22:27.98642668Z,1000,per_hit,raw_percent_of_host,api-node1,api-node2,42,49,91,29.0,24.731183,29.0,49.462366,100.0,50.0,36.0,41.0,0.0,0.0,36.0,41.0,298.729167,442.171429,49.606197,47.708246,3.0
2026-06-24T15:22:28.98642723Z,1000,per_hit,raw_percent_of_host,api-node1,api-node2,59,36,95,29.0,26.732673,29.0,53.465347,100.0,50.0,46.0,33.0,0.0,0.0,46.0,33.0,222.102041,666.363636,47.034993,38.322639,3.0
2026-06-24T15:22:29.986426569Z,1000,per_hit,raw_percent_of_host,api-node1,api-node2,50,52,102,36.27451,23.913043,36.27451,47.826087,100.0,50.0,38.0,45.0,0.0,0.0,38.0,45.0,412.465517,503.25,44.57847,44.143924,3.0
2026-06-24T15:22:30.986427212Z,1000,per_hit,raw_percent_of_host,api-node1,api-node2,66,41,107,30.0,26.0,30.0,52.0,100.0,50.0,54.0,35.0,0.0,0.0,54.0,35.0,361.7,771.529412,48.405715,27.391465,3.0
2026-06-24T15:22:31.986426888Z,1000,per_hit,raw_percent_of_host,api-node1,api-node2,51,63,114,43.75,26.0,43.75,52.0,100.0,50.0,42.0,59.0,0.0,0.0,42.0,59.0,495.380952,597.128205,37.544998,38.862272,3.0
2026-06-24T15:22:32.986427233Z,1000,per_hit,raw_percent_of_host,api-node1,api-node2,66,42,108,39.423077,26.0,39.423077,52.0,100.0,50.0,49.0,46.0,0.0,0.0,49.0,46.0,361.813559,941.690909,38.607577,21.056854,3.0
2026-06-24T15:22:33.986427928Z,1000,per_hit,raw_percent_of_host,api-node1,api-node2,82,39,121,48.958333,26.0,48.958333,52.0,100.0,50.0,70.0,42.0,0.0,0.0,70.0,42.0,502.606557,994.604651,37.477029,20.026174,3.0
2026-06-24T15:22:34.986426704Z,1000,per_hit,raw_percent_of_host,api-node1,api-node2,78,53,131,53.125,26.732673,53.125,53.465347,100.0,50.0,69.0,47.0,0.0,0.0,69.0,47.0,541.696203,863.416667,38.057537,20.432284,3.0
2026-06-24T15:22:35.986434786Z,1000,per_hit,raw_percent_of_host,api-node1,api-node2,45,41,86,52.631579,25.252525,52.631579,50.505051,100.0,50.0,38.0,46.0,0.0,0.0,38.0,46.0,605.368421,802.190476,28.359236,32.041222,3.0
2026-06-24T15:22:36.986426496Z,1000,per_hit,raw_percent_of_host,api-node1,api-node2,66,52,118,52.631579,25.252525,52.631579,50.505051,100.0,50.0,37.0,98.0,0.0,0.0,37.0,98.0,454.776119,0.0,41.96556,26.922046,3.0
2026-06-24T15:22:37.986427784Z,1000,per_hit,raw_percent_of_host,api-node1,api-node2,87,35,122,51.0,25.0,51.0,50.0,100.0,50.0,48.0,55.0,0.0,0.0,48.0,55.0,447.421053,1374.717949,35.390948,23.265131,3.0
2026-06-24T15:22:38.986426518Z,1000,per_hit,raw_percent_of_host,api-node1,api-node2,77,55,132,50.505051,26.732673,50.505051,53.465347,100.0,50.0,19.0,77.0,0.0,0.0,19.0,77.0,473.735849,1038.484848,35.831184,24.637788,3.0
2026-06-24T15:22:39.986426792Z,1000,per_hit,raw_percent_of_host,api-node1,api-node2,97,35,132,52.0,26.732673,52.0,53.465347,100.0,50.0,46.0,62.0,0.0,0.0,46.0,62.0,224.485714,1667.18,41.502528,20.313616,3.0
2026-06-24T15:22:40.986427289Z,1000,per_hit,raw_percent_of_host,api-node1,api-node2,78,85,163,51.0,25.742574,51.0,51.485149,100.0,50.0,39.0,83.0,0.0,0.0,39.0,83.0,369.776471,1204.734375,39.516973,30.895512,3.0
2026-06-24T15:22:41.986426548Z,1000,per_hit,raw_percent_of_host,api-node1,api-node2,72,26,98,50.0,26.262626,50.0,52.525253,100.0,50.0,16.0,96.0,0.0,0.0,16.0,96.0,288.463158,1120.461538,42.897299,18.294241,3.0
2026-06-24T15:22:42.986426837Z,1000,per_hit,raw_percent_of_host,api-node1,api-node2,111,41,152,52.427184,26.732673,52.427184,53.465347,100.0,50.0,76.0,66.0,0.0,0.0,76.0,66.0,208.117647,1776.028169,38.3791,17.357923,3.0
2026-06-24T15:22:43.986427617Z,1000,per_hit,raw_percent_of_host,api-node1,api-node2,104,60,164,50.505051,26.0,50.505051,52.0,100.0,50.0,82.0,64.0,0.0,0.0,82.0,64.0,439.112245,1356.064516,33.605936,24.425416,3.0
2026-06-24T15:22:44.986426409Z,1000,per_hit,raw_percent_of_host,api-node1,api-node2,70,50,120,51.485149,26.0,51.485149,52.0,100.0,50.0,43.0,113.0,0.0,0.0,43.0,113.0,704.385321,1751.0,28.714994,18.834757,3.0
2026-06-24T15:22:45.986427636Z,1000,per_hit,raw_percent_of_host,api-node1,api-node2,102,43,145,54.455446,26.0,54.455446,52.0,100.0,50.0,64.0,72.0,0.0,0.0,64.0,72.0,392.790123,1645.404762,36.911455,19.390363,3.0
2026-06-24T15:22:46.98642635Z,1000,per_hit,raw_percent_of_host,api-node1,api-node2,90,51,141,51.485149,26.0,51.485149,52.0,100.0,50.0,49.0,86.0,0.0,0.0,49.0,86.0,632.657143,1661.189189,30.921446,17.007326,3.0
2026-06-24T15:22:47.98642734Z,1000,per_hit,raw_percent_of_host,api-node1,api-node2,51,43,94,51.0,26.0,51.0,52.0,100.0,50.0,6.0,128.0,0.0,0.0,6.0,128.0,499.351064,3007.0,37.674598,20.712442,3.0
2026-06-24T15:22:48.986434638Z,1000,per_hit,raw_percent_of_host,api-node1,api-node2,56,43,99,48.421053,26.0,48.421053,52.0,100.0,50.0,8.0,51.0,0.0,0.0,8.0,51.0,167.222222,2118.366667,45.419467,25.361796,3.0
2026-06-24T15:22:49.986427513Z,1000,per_hit,raw_percent_of_host,api-node1,api-node2,107,74,181,50.505051,26.0,50.505051,52.0,100.0,50.0,56.0,99.0,0.0,0.0,56.0,99.0,616.271186,1213.653846,36.416314,23.880983,3.0
2026-06-24T15:22:50.986426715Z,1000,per_hit,raw_percent_of_host,api-node1,api-node2,68,45,113,50.49505,26.0,50.49505,52.0,100.0,50.0,19.0,103.0,0.0,0.0,19.0,103.0,465.133333,1746.926829,38.888507,21.519844,3.0
2026-06-24T15:22:51.986426978Z,1000,per_hit,raw_percent_of_host,api-node1,api-node2,89,35,124,47.0,25.0,47.0,50.0,100.0,50.0,20.0,86.0,0.0,0.0,20.0,86.0,193.352273,2193.634615,43.044815,21.163808,3.0
2026-06-24T15:22:52.986426993Z,1000,per_hit,raw_percent_of_host,api-node1,api-node2,68,39,107,50.49505,25.0,50.49505,50.0,100.0,50.0,13.0,110.0,0.0,0.0,13.0,110.0,223.173333,2249.533333,42.77025,18.993994,3.0
2026-06-24T15:22:53.986426749Z,1000,per_hit,raw_percent_of_host,api-node1,api-node2,110,49,159,52.0,26.732673,52.0,53.465347,100.0,50.0,59.0,66.0,0.0,0.0,59.0,66.0,201.65625,2363.311828,41.591058,20.946226,3.0
2026-06-24T15:22:54.986426917Z,1000,per_hit,raw_percent_of_host,api-node1,api-node2,79,38,117,50.0,26.732673,50.0,53.465347,100.0,50.0,50.0,98.0,0.0,0.0,50.0,98.0,597.090909,1628.5,33.178762,16.908787,3.0
2026-06-24T15:22:55.986426548Z,1000,per_hit,raw_percent_of_host,api-node1,api-node2,75,36,111,50.0,26.732673,50.0,53.465347,100.0,50.0,30.0,103.0,0.0,0.0,30.0,103.0,363.336842,1403.064516,40.412774,18.648924,3.0
2026-06-24T15:22:56.986426916Z,1000,per_hit,raw_percent_of_host,api-node1,api-node2,93,87,180,52.380952,26.470588,52.380952,52.941176,100.0,50.0,65.0,75.0,0.0,0.0,65.0,75.0,272.396552,2036.2,36.955733,30.960362,3.0
2026-06-24T15:22:57.986426971Z,1000,per_hit,raw_percent_of_host,api-node1,api-node2,75,49,124,50.49505,25.742574,50.49505,51.485149,100.0,50.0,43.0,105.0,0.0,0.0,43.0,105.0,511.742268,1044.421053,35.462297,20.368345,3.0
2026-06-24T15:22:58.986427405Z,1000,per_hit,raw_percent_of_host,api-node1,api-node2,60,34,94,51.0,25.742574,51.0,51.485149,100.0,50.0,11.0,120.0,0.0,0.0,11.0,120.0,442.51087,1369.210526,38.833786,21.056056,3.0
2026-06-24T15:22:59.986426628Z,1000,per_hit,raw_percent_of_host,api-node1,api-node2,85,45,130,51.0,25.0,51.0,50.0,100.0,50.0,27.0,95.0,0.0,0.0,27.0,95.0,340.956522,2015.028571,40.884341,17.59401,3.0
2026-06-24T15:23:00.986431337Z,1000,per_hit,raw_percent_of_host,api-node1,api-node2,67,27,94,51.0,25.0,51.0,50.0,100.0,50.0,10.0,108.0,0.0,0.0,10.0,108.0,215.202381,2256.714286,44.762994,23.290404,3.0
2026-06-24T15:23:01.986427434Z,1000,per_hit,raw_percent_of_host,api-node1,api-node2,109,60,169,50.49505,25.742574,50.49505,51.485149,100.0,50.0,57.0,70.0,0.0,0.0,57.0,70.0,489.0,2277.5,35.119167,18.974089,3.0
2026-06-24T15:23:02.986426936Z,1000,per_hit,raw_percent_of_host,api-node1,api-node2,76,59,135,50.49505,26.229508,50.49505,52.459016,100.0,50.0,70.0,81.0,0.0,0.0,70.0,81.0,723.365079,1369.229167,24.983898,17.623555,3.0
2026-06-24T15:23:03.986426547Z,1000,per_hit,raw_percent_of_host,api-node1,api-node2,82,45,127,51.515152,26.229508,51.515152,52.459016,100.0,50.0,20.0,97.0,0.0,0.0,20.0,97.0,639.204545,1575.206897,37.713348,17.619363,3.0
2026-06-24T15:23:04.986427048Z,1000,per_hit,raw_percent_of_host,api-node1,api-node2,96,41,137,50.49505,27.45098,50.49505,54.901961,100.0,50.0,29.0,71.0,0.0,0.0,29.0,71.0,451.632184,1848.820896,37.142731,16.960749,3.0
2026-06-24T15:23:05.986427176Z,1000,per_hit,raw_percent_of_host,api-node1,api-node2,99,50,149,50.49505,27.45098,50.49505,54.901961,100.0,50.0,41.0,75.0,0.0,0.0,41.0,75.0,504.965517,1786.282609,35.497941,18.076534,3.0
2026-06-24T15:23:06.986426984Z,1000,per_hit,raw_percent_of_host,api-node1,api-node2,94,44,138,51.485149,26.0,51.485149,52.0,100.0,50.0,59.0,86.0,0.0,0.0,59.0,86.0,745.684211,1726.787879,27.190903,17.022147,3.0
2026-06-24T15:23:07.986430302Z,1000,per_hit,raw_percent_of_host,api-node1,api-node2,114,57,171,51.960784,27.419355,51.960784,54.83871,100.0,50.0,92.0,55.0,0.0,0.0,92.0,55.0,630.740741,1769.465909,31.779718,19.49458,3.0
2026-06-24T15:23:08.986426434Z,1000,per_hit,raw_percent_of_host,api-node1,api-node2,94,64,158,50.505051,27.419355,50.505051,54.83871,100.0,50.0,71.0,76.0,0.0,0.0,71.0,76.0,693.652174,1254.55814,29.02458,17.351109,3.0
2026-06-24T15:23:09.98642744Z,1000,per_hit,raw_percent_of_host,api-node1,api-node2,87,39,126,0.0,27.419355,0.0,54.83871,100.0,50.0,66.0,91.0,0.0,0.0,66.0,91.0,713.26087,1454.5,49.082213,16.724175,3.0
2026-06-24T15:23:10.986427385Z,1000,per_hit,raw_percent_of_host,api-node1,api-node2,70,28,98,51.0,27.419355,51.0,54.83871,100.0,50.0,33.0,110.0,0.0,0.0,33.0,110.0,704.262136,1826.888889,47.189972,18.878607,3.0
2026-06-24T15:23:11.986427617Z,1000,per_hit,raw_percent_of_host,api-node1,api-node2,99,49,148,52.475248,26.229508,52.475248,52.459016,100.0,50.0,63.0,58.0,0.0,0.0,63.0,58.0,433.57971,1966.049505,32.334521,19.092876,3.0
2026-06-24T15:23:12.986429631Z,1000,per_hit,raw_percent_of_host,api-node1,api-node2,94,62,156,50.0,27.184466,50.0,54.368932,100.0,50.0,59.0,78.0,0.0,0.0,59.0,78.0,738.704082,1450.595238,28.977824,19.866578,3.0
2026-06-24T15:23:13.986427135Z,1000,per_hit,raw_percent_of_host,api-node1,api-node2,80,37,117,50.505051,27.184466,50.505051,54.368932,100.0,50.0,38.0,91.0,0.0,0.0,38.0,91.0,620.613861,1865.5,33.972922,16.611383,3.0
2026-06-24T15:23:14.986427006Z,1000,per_hit,raw_percent_of_host,api-node1,api-node2,84,40,124,50.505051,27.184466,50.505051,54.368932,100.0,50.0,17.0,78.0,0.0,0.0,17.0,78.0,414.8,2193.716981,37.762917,17.499078,3.0
2026-06-24T15:23:15.986427487Z,1000,per_hit,raw_percent_of_host,api-node1,api-node2,104,45,149,51.485149,26.0,51.485149,52.0,100.0,50.0,28.0,71.0,0.0,0.0,28.0,71.0,336.376344,1724.076923,38.724815,17.196025,3.0
2026-06-24T15:23:16.986426192Z,1000,per_hit,raw_percent_of_host,api-node1,api-node2,95,38,133,51.485149,26.0,51.485149,52.0,100.0,50.0,20.0,85.0,0.0,0.0,20.0,85.0,453.572816,1607.125,34.643595,17.284832,3.0
2026-06-24T15:23:17.986428006Z,1000,per_hit,raw_percent_of_host,api-node1,api-node2,108,52,160,51.0,26.0,51.0,52.0,100.0,50.0,75.0,71.0,0.0,0.0,75.0,71.0,313.716981,1898.621212,35.633675,17.543001,3.0
2026-06-24T15:23:18.986427184Z,1000,per_hit,raw_percent_of_host,api-node1,api-node2,89,47,136,51.0,26.0,51.0,52.0,100.0,50.0,60.0,89.0,0.0,0.0,60.0,89.0,595.317308,1494.275862,33.38788,17.253375,3.0
2026-06-24T15:23:19.986427408Z,1000,per_hit,raw_percent_of_host,api-node1,api-node2,69,31,100,50.505051,25.0,50.505051,50.0,100.0,50.0,3.0,108.0,0.0,0.0,3.0,108.0,457.190476,1316.833333,38.63474,18.544015,3.0
2026-06-24T15:23:20.986427837Z,1000,per_hit,raw_percent_of_host,api-node1,api-node2,105,75,180,53.773585,0.0,53.773585,0.0,100.0,50.0,81.0,66.0,0.0,0.0,81.0,66.0,148.925926,1988.529915,36.611718,32.579534,3.0
2026-06-24T15:23:21.986427574Z,1000,per_hit,raw_percent_of_host,api-node1,api-node2,67,76,143,50.980392,0.0,50.980392,0.0,100.0,50.0,8.0,106.0,0.0,0.0,8.0,106.0,492.392857,921.388889,38.733627,46.248682,3.0
2026-06-24T15:23:22.986427317Z,1000,per_hit,raw_percent_of_host,api-node1,api-node2,80,29,109,51.0,22.105263,51.0,44.210526,100.0,50.0,15.0,98.0,0.0,0.0,15.0,98.0,179.821918,1613.837838,44.702368,21.828971,3.0
2026-06-24T15:23:23.986427082Z,1000,per_hit,raw_percent_of_host,api-node1,api-node2,92,44,136,50.505051,22.105263,50.505051,44.210526,100.0,50.0,25.0,82.0,0.0,0.0,25.0,82.0,207.207317,2024.733333,42.727261,17.48155,3.0
2026-06-24T15:23:24.986427478Z,1000,per_hit,raw_percent_of_host,api-node1,api-node2,66,37,103,52.0,22.105263,52.0,44.210526,100.0,50.0,4.0,62.0,0.0,0.0,4.0,62.0,192.643678,2253.596491,43.363249,19.264284,3.0
2026-06-24T15:23:25.986426966Z,1000,per_hit,raw_percent_of_host,api-node1,api-node2,107,54,161,52.0,0.0,52.0,0.0,100.0,50.0,43.0,68.0,0.0,0.0,43.0,68.0,583.044118,1565.291667,34.878007,26.332508,3.0
2026-06-24T15:23:26.986426506Z,1000,per_hit,raw_percent_of_host,api-node1,api-node2,59,69,128,50.505051,0.0,50.505051,0.0,100.0,50.0,2.0,121.0,0.0,0.0,2.0,121.0,442.6,1126.8125,34.623257,39.809816,3.0
2026-06-24T15:23:27.986427043Z,1000,per_hit,raw_percent_of_host,api-node1,api-node2,67,29,96,51.0,25.742574,51.0,51.485149,100.0,50.0,25.0,86.0,0.0,0.0,25.0,86.0,148.772727,2232.8125,45.235497,23.301962,3.0
2026-06-24T15:23:28.986427642Z,1000,per_hit,raw_percent_of_host,api-node1,api-node2,74,38,112,50.505051,25.742574,50.505051,51.485149,100.0,50.0,11.0,106.0,0.0,0.0,11.0,106.0,425.056818,2212.222222,37.120321,17.413287,3.0
2026-06-24T15:23:29.986426917Z,1000,per_hit,raw_percent_of_host,api-node1,api-node2,101,56,157,46.153846,26.0,46.153846,52.0,100.0,50.0,38.0,65.0,0.0,0.0,38.0,65.0,260.635135,2205.56701,40.527641,19.941303,3.0
2026-06-24T15:23:30.986427358Z,1000,per_hit,raw_percent_of_host,api-node1,api-node2,97,63,160,51.485149,26.470588,51.485149,52.941176,100.0,50.0,62.0,83.0,0.0,0.0,62.0,83.0,509.780822,1380.711111,32.157576,19.750883,3.0
2026-06-24T15:23:31.986426914Z,1000,per_hit,raw_percent_of_host,api-node1,api-node2,77,20,97,45.283019,26.470588,45.283019,52.941176,100.0,50.0,32.0,60.0,0.0,0.0,32.0,60.0,545.551402,1995.27907,34.411665,17.987876,3.0
2026-06-24T15:23:32.986427725Z,1000,per_hit,raw_percent_of_host,api-node1,api-node2,93,71,164,51.485149,27.45098,51.485149,54.901961,100.0,50.0,28.0,86.0,0.0,0.0,28.0,86.0,539.278351,1651.111111,30.98777,17.559801,3.0
2026-06-24T15:23:33.986427786Z,1000,per_hit,raw_percent_of_host,api-node1,api-node2,88,39,127,50.505051,25.641026,50.505051,51.282051,100.0,50.0,34.0,89.0,0.0,0.0,34.0,89.0,652.207317,1678.666667,30.443217,19.325555,3.0
2026-06-24T15:23:34.986465936Z,1000,per_hit,raw_percent_of_host,api-node1,api-node2,82,44,126,51.960784,25.641026,51.960784,51.282051,100.0,50.0,28.0,98.0,0.0,0.0,28.0,98.0,534.647727,2155.685714,35.842791,17.970902,3.0
2026-06-24T15:23:35.986426796Z,1000,per_hit,raw_percent_of_host,api-node1,api-node2,113,59,172,51.485149,22.413793,51.485149,44.827586,100.0,50.0,61.0,57.0,0.0,0.0,61.0,57.0,412.275,1635.85,35.005515,21.083144,3.0
2026-06-24T15:23:36.986433802Z,1000,per_hit,raw_percent_of_host,api-node1,api-node2,83,66,149,50.505051,22.413793,50.505051,44.827586,100.0,50.0,55.0,81.0,0.0,0.0,55.0,81.0,728.505618,1059.309524,28.308724,23.805505,3.0
2026-06-24T15:23:37.98642672Z,1000,per_hit,raw_percent_of_host,api-node1,api-node2,68,44,112,51.0,18.518519,51.0,37.037037,100.0,50.0,13.0,109.0,0.0,0.0,13.0,109.0,521.118182,1633.25,34.175307,20.768249,3.0
2026-06-24T15:23:38.98642698Z,1000,per_hit,raw_percent_of_host,api-node1,api-node2,47,24,71,51.0,18.518519,51.0,37.037037,100.0,50.0,5.0,130.0,0.0,0.0,5.0,130.0,152.545455,2470.666667,45.473948,23.343246,3.0
2026-06-24T15:23:39.98642671Z,1000,per_hit,raw_percent_of_host,api-node1,api-node2,100,67,167,51.0,25.742574,51.0,51.485149,100.0,50.0,80.0,76.0,0.0,0.0,80.0,76.0,245.16,2202.983471,37.780343,18.636744,3.0
2026-06-24T15:23:40.986426594Z,1000,per_hit,raw_percent_of_host,api-node1,api-node2,62,46,108,51.485149,25.742574,51.485149,51.485149,100.0,50.0,7.0,118.0,0.0,0.0,7.0,118.0,732.822222,1365.5,36.083732,19.183727,3.0
2026-06-24T15:23:41.986427302Z,1000,per_hit,raw_percent_of_host,api-node1,api-node2,94,43,137,51.485149,19.642857,51.485149,39.285714,100.0,50.0,77.0,86.0,0.0,0.0,77.0,86.0,314.291667,2013.466667,36.684287,17.747816,3.0
2026-06-24T15:23:42.986426903Z,1000,per_hit,raw_percent_of_host,api-node1,api-node2,78,86,164,51.0,22.105263,51.0,44.210526,100.0,50.0,68.0,90.0,0.0,0.0,68.0,90.0,775.816092,1592.146341,25.004122,20.76386,3.0
2026-06-24T15:23:43.986427332Z,1000,per_hit,raw_percent_of_host,api-node1,api-node2,67,32,99,51.0,22.105263,51.0,44.210526,100.0,50.0,6.0,107.0,0.0,0.0,6.0,107.0,525.868217,1597.533333,40.737614,18.953088,3.0
2026-06-24T15:23:44.98642647Z,1000,per_hit,raw_percent_of_host,api-node1,api-node2,64,36,100,50.0,22.105263,50.0,44.210526,100.0,50.0,0.0,113.0,0.0,0.0,0.0,113.0,213.414286,1788.2,43.479886,22.356734,3.0
2026-06-24T15:23:45.986427012Z,1000,per_hit,raw_percent_of_host,api-node1,api-node2,105,55,160,47.474747,27.272727,47.474747,54.545455,100.0,50.0,62.0,53.0,0.0,0.0,62.0,53.0,127.232558,2236.365217,42.430518,21.160374,3.0
2026-06-24T15:23:46.986428527Z,1000,per_hit,raw_percent_of_host,api-node1,api-node2,51,42,93,50.49505,27.272727,50.49505,54.545455,100.0,50.0,74.0,76.0,0.0,0.0,74.0,76.0,636.641026,1047.842105,25.877314,20.782775,3.0
2026-06-24T15:23:47.986426386Z,1000,per_hit,raw_percent_of_host,api-node1,api-node2,66,36,102,51.485149,27.272727,51.485149,54.545455,100.0,50.0,3.0,84.0,0.0,0.0,3.0,84.0,606.072993,1591.464286,40.68332,16.846624,3.0
2026-06-24T15:23:48.986426462Z,1000,per_hit,raw_percent_of_host,api-node1,api-node2,97,47,144,49.494949,22.368421,49.494949,44.736842,100.0,50.0,15.0,55.0,0.0,0.0,15.0,55.0,455.494118,1673.906667,39.778335,19.443529,3.0
2026-06-24T15:23:49.986426457Z,1000,per_hit,raw_percent_of_host,api-node1,api-node2,88,45,133,51.0,26.0,51.0,52.0,100.0,50.0,23.0,56.0,0.0,0.0,23.0,56.0,475.2875,1382.0,36.872781,18.707814,3.0
2026-06-24T15:23:50.986427218Z,1000,per_hit,raw_percent_of_host,api-node1,api-node2,46,51,97,51.0,0.0,51.0,0.0,100.0,50.0,0.0,95.0,0.0,0.0,0.0,95.0,196.869565,1089.083333,44.727066,55.432738,3.0
2026-06-24T15:23:51.986426564Z,1000,per_hit,raw_percent_of_host,api-node1,api-node2,75,58,133,50.0,25.742574,50.0,51.485149,100.0,50.0,42.0,56.0,0.0,0.0,42.0,56.0,229.727273,1492.072165,47.483535,36.079759,3.0
2026-06-24T15:23:52.986426702Z,1000,per_hit,raw_percent_of_host,api-node1,api-node2,76,36,112,50.0,25.742574,50.0,51.485149,100.0,50.0,43.0,51.0,0.0,0.0,43.0,51.0,384.8,1013.634146,43.216158,24.528834,3.0
2026-06-24T15:23:53.986426847Z,1000,per_hit,raw_percent_of_host,api-node1,api-node2,78,33,111,50.0,25.0,50.0,50.0,100.0,50.0,27.0,34.0,0.0,0.0,27.0,34.0,411.680851,1405.82,39.372066,21.920476,3.0
2026-06-24T15:23:54.986427604Z,1000,per_hit,raw_percent_of_host,api-node1,api-node2,84,42,126,52.475248,26.0,52.475248,52.0,100.0,50.0,44.0,25.0,0.0,0.0,44.0,25.0,289.164179,756.705882,39.734055,22.278008,3.0
2026-06-24T15:23:55.986427951Z,1000,per_hit,raw_percent_of_host,api-node1,api-node2,70,48,118,50.0,25.742574,50.0,51.485149,100.0,50.0,11.0,30.0,0.0,0.0,11.0,30.0,315.184466,383.534884,42.781705,40.376857,3.0
2026-06-24T15:23:56.986426808Z,1000,per_hit,raw_percent_of_host,api-node1,api-node2,60,49,109,53.773585,26.0,53.773585,52.0,100.0,50.0,9.0,33.0,0.0,0.0,9.0,33.0,201.080645,461.173913,45.902192,41.421816,3.0
2026-06-24T15:23:57.986432423Z,1000,per_hit,raw_percent_of_host,api-node1,api-node2,62,43,105,50.0,26.0,50.0,52.0,100.0,50.0,2.0,14.0,0.0,0.0,2.0,14.0,252.956522,514.467742,43.346559,33.881164,3.0
2026-06-24T15:23:58.986427439Z,1000,per_hit,raw_percent_of_host,api-node1,api-node2,50,47,97,51.0,26.732673,51.0,53.465347,100.0,50.0,4.0,30.0,0.0,0.0,4.0,30.0,122.541667,303.096774,46.81365,44.149831,3.0
2026-06-24T15:23:59.986428049Z,1000,per_hit,raw_percent_of_host,api-node1,api-node2,45,47,92,51.923077,26.732673,51.923077,53.465347,100.0,50.0,4.0,23.0,0.0,0.0,4.0,23.0,120.733333,637.111111,45.047158,34.551152,3.0
2026-06-24T15:24:00.986426722Z,1000,per_hit,raw_percent_of_host,api-node1,api-node2,53,33,86,51.485149,26.0,51.485149,52.0,100.0,50.0,4.0,7.0,0.0,0.0,4.0,7.0,119.528302,566.367347,47.159165,27.613349,3.0
2026-06-24T15:24:01.986427273Z,1000,per_hit,raw_percent_of_host,api-node1,api-node2,46,34,80,48.514851,25.0,48.514851,50.0,100.0,50.0,4.0,0.0,0.0,0.0,4.0,0.0,109.5,228.02439,47.045409,45.67005,3.0
2026-06-24T15:24:02.98642612Z,1000,per_hit,raw_percent_of_host,api-node1,api-node2,44,31,75,45.454545,25.454545,45.454545,50.909091,100.0,50.0,3.0,0.0,0.0,0.0,3.0,0.0,132.955556,211.709677,47.983902,46.45575,3.0
2026-06-24T15:24:03.986429312Z,1000,per_hit,raw_percent_of_host,api-node1,api-node2,33,38,71,49.038462,24.770642,49.038462,49.541284,100.0,50.0,1.0,19.0,0.0,0.0,1.0,19.0,92.257143,214.0,46.439854,45.608915,3.0
2026-06-24T15:24:04.986427298Z,1000,per_hit,raw_percent_of_host,api-node1,api-node2,39,24,63,51.0,26.0,51.0,52.0,100.0,50.0,3.0,0.0,0.0,0.0,3.0,0.0,127.864865,256.906977,47.673399,47.763907,3.0
2026-06-24T15:24:05.986426113Z,1000,per_hit,raw_percent_of_host,api-node1,api-node2,33,25,58,48.979592,27.272727,48.979592,54.545455,100.0,50.0,2.0,1.0,0.0,0.0,2.0,1.0,107.235294,188.541667,47.928962,46.741193,3.0
2026-06-24T15:24:06.986426714Z,1000,per_hit,raw_percent_of_host,api-node1,api-node2,18,34,52,36.633663,26.732673,36.633663,53.465347,100.0,50.0,1.0,3.0,0.0,0.0,1.0,3.0,90.684211,178.25,48.198484,46.952929,3.0
2026-06-24T15:24:07.986426817Z,1000,per_hit,raw_percent_of_host,api-node1,api-node2,31,16,47,45.631068,26.0,45.631068,52.0,100.0,50.0,1.0,0.0,0.0,0.0,1.0,0.0,97.903226,133.842105,56.982172,48.365764,3.0
2026-06-24T15:24:08.986428102Z,1000,per_hit,raw_percent_of_host,api-node1,api-node2,22,20,42,47.474747,27.678571,47.474747,55.357143,100.0,50.0,1.0,0.0,0.0,0.0,1.0,0.0,71.090909,156.65,48.836133,60.475721,3.0
2026-06-24T15:24:09.986428412Z,1000,per_hit,raw_percent_of_host,api-node1,api-node2,19,16,35,40.0,22.93578,40.0,45.87156,100.0,50.0,1.0,0.0,0.0,0.0,1.0,0.0,75.789474,96.875,48.990078,49.23664,3.0
2026-06-24T15:24:10.9864295Z,1000,per_hit,raw_percent_of_host,api-node1,api-node2,16,14,30,30.526316,22.93578,30.526316,45.87156,100.0,50.0,0.0,0.0,0.0,0.0,0.0,0.0,59.235294,104.071429,54.681215,49.11311,3.0
2026-06-24T15:24:11.986426437Z,1000,per_hit,raw_percent_of_host,api-node1,api-node2,6,8,14,14.141414,5.050505,14.141414,10.10101,100.0,50.0,0.0,0.0,0.0,0.0,0.0,0.0,58.333333,61.75,53.815033,57.995089,3.0
2026-06-24T15:24:12.986426217Z,1000,per_hit,raw_percent_of_host,api-node1,api-node2,16,11,27,27.272727,10.0,27.272727,20.0,100.0,50.0,0.0,1.0,0.0,0.0,0.0,1.0,61.375,67.1,61.427045,52.713617,3.0
2026-06-24T15:24:13.986432118Z,1000,per_hit,raw_percent_of_host,api-node1,api-node2,6,7,13,12.244898,10.0,12.244898,20.0,100.0,50.0,0.0,0.0,0.0,0.0,0.0,0.0,49.333333,103.25,76.526955,49.752191,3.0
2026-06-24T15:24:14.986427018Z,1000,per_hit,raw_percent_of_host,api-node1,api-node2,7,4,11,19.230769,11.0,19.230769,22.0,100.0,50.0,0.0,0.0,0.0,0.0,0.0,0.0,50.0,56.0,76.236485,50.0,3.0
2026-06-24T15:24:15.986430127Z,1000,per_hit,raw_percent_of_host,api-node1,api-node2,3,7,10,5.050505,19.191919,5.050505,38.383838,100.0,50.0,0.0,0.0,0.0,0.0,0.0,0.0,50.0,61.714286,76.463769,57.882015,3.0
2026-06-24T15:24:16.986430164Z,1000,per_hit,raw_percent_of_host,api-node1,api-node2,9,1,10,30.0,0.0,30.0,0.0,100.0,50.0,0.0,0.0,0.0,0.0,0.0,0.0,50.0,75.0,76.316703,74.214471,3.0
2026-06-24T15:24:17.986432931Z,1000,per_hit,raw_percent_of_host,api-node1,api-node2,4,6,10,10.10101,15.0,10.10101,30.0,100.0,50.0,0.0,0.0,0.0,0.0,0.0,0.0,50.0,61.5,76.463769,62.059898,3.0
2026-06-24T15:24:18.986429795Z,1000,per_hit,raw_percent_of_host,api-node1,api-node2,3,7,10,0.990099,15.0,0.990099,30.0,100.0,50.0,0.0,0.0,0.0,0.0,0.0,0.0,50.0,73.0,76.757902,70.757141,3.0
2026-06-24T15:24:19.986430652Z,1000,per_hit,raw_percent_of_host,api-node1,api-node2,5,5,10,26.0,5.102041,26.0,10.204082,100.0,50.0,0.0,0.0,0.0,0.0,0.0,0.0,51.8,73.8,65.712496,62.849503,3.0
2026-06-24T15:24:20.98642828Z,1000,per_hit,raw_percent_of_host,api-node1,api-node2,2,8,10,5.050505,10.204082,5.050505,20.408163,100.0,50.0,0.0,0.0,0.0,0.0,0.0,0.0,50.0,76.625,76.757902,55.233927,3.0
2026-06-24T15:24:21.986430064Z,1000,per_hit,raw_percent_of_host,api-node1,api-node2,5,5,10,20.20202,15.151515,20.20202,30.30303,100.0,50.0,0.0,0.0,0.0,0.0,0.0,0.0,50.0,54.6,76.904968,73.783986,3.0
2026-06-24T15:24:22.986429744Z,1000,per_hit,raw_percent_of_host,api-node1,api-node2,6,4,10,10.10101,11.0,10.10101,22.0,100.0,50.0,0.0,0.0,0.0,0.0,0.0,0.0,50.0,54.75,76.463769,71.376908,3.0
2026-06-24T15:24:23.986428936Z,1000,per_hit,raw_percent_of_host,api-node1,api-node2,3,7,10,11.0,15.151515,11.0,30.30303,100.0,50.0,0.0,0.0,0.0,0.0,0.0,0.0,50.0,69.714286,76.757902,64.454718,3.0
2026-06-24T15:24:24.986426099Z,1000,per_hit,raw_percent_of_host,api-node1,api-node2,4,6,10,5.050505,16.831683,5.050505,33.663366,100.0,50.0,0.0,0.0,0.0,0.0,0.0,0.0,50.0,71.166667,76.610836,64.265288,3.0
2026-06-24T15:24:25.986426217Z,1000,per_hit,raw_percent_of_host,api-node1,api-node2,7,3,10,21.212121,5.050505,21.212121,10.10101,100.0,50.0,0.0,0.0,0.0,0.0,0.0,0.0,50.0,52.333333,76.316703,58.040264,3.0
2026-06-24T15:24:26.986430439Z,1000,per_hit,raw_percent_of_host,api-node1,api-node2,4,6,10,10.10101,16.831683,10.10101,33.663366,100.0,50.0,0.0,0.0,0.0,0.0,0.0,0.0,50.0,62.333333,76.18035,63.305418,3.0
2026-06-24T15:24:27.986429416Z,1000,per_hit,raw_percent_of_host,api-node1,api-node2,6,4,10,15.151515,14.141414,15.151515,28.282828,100.0,50.0,0.0,0.0,0.0,0.0,0.0,0.0,50.0,72.25,76.610836,58.092771,3.0
2026-06-24T15:24:28.986431525Z,1000,per_hit,raw_percent_of_host,api-node1,api-node2,8,2,10,24.271845,5.050505,24.271845,10.10101,100.0,50.0,0.0,0.0,0.0,0.0,0.0,0.0,50.0,67.0,76.463769,50.0,3.0
2026-06-24T15:24:29.986430114Z,1000,per_hit,raw_percent_of_host,api-node1,api-node2,2,8,10,10.0,19.80198,10.0,39.60396,100.0,50.0,0.0,0.0,0.0,0.0,0.0,0.0,50.0,70.25,76.610836,55.233927,3.0
2026-06-24T15:24:30.986433458Z,1000,per_hit,raw_percent_of_host,api-node1,api-node2,6,4,10,15.151515,15.151515,15.151515,30.30303,100.0,50.0,0.0,0.0,0.0,0.0,0.0,0.0,50.0,50.0,76.610836,73.87611,3.0
2026-06-24T15:24:31.986426326Z,1000,per_hit,raw_percent_of_host,api-node1,api-node2,7,3,10,25.252525,6.0,25.252525,12.0,100.0,50.0,0.0,0.0,0.0,0.0,0.0,0.0,50.0,54.0,76.316703,63.452484,3.0
2026-06-24T15:24:32.986426151Z,1000,per_hit,raw_percent_of_host,api-node1,api-node2,4,6,10,15.151515,16.161616,15.151515,32.323232,100.0,50.0,0.0,0.0,0.0,0.0,0.0,0.0,50.0,55.5,76.610836,69.0264,3.0
2026-06-24T15:24:33.986429255Z,1000,per_hit,raw_percent_of_host,api-node1,api-node2,6,4,10,11.0,5.940594,11.0,11.881188,100.0,50.0,0.0,0.0,0.0,0.0,0.0,0.0,50.0,81.75,76.463769,66.31716,3.0
2026-06-24T15:24:34.986431256Z,1000,per_hit,raw_percent_of_host,api-node1,api-node2,6,4,10,15.151515,10.10101,15.151515,20.20202,100.0,50.0,0.0,0.0,0.0,0.0,0.0,0.0,50.0,52.5,76.316703,63.441484,3.0
2026-06-24T15:24:35.986434724Z,1000,per_hit,raw_percent_of_host,api-node1,api-node2,3,7,10,10.0,15.151515,10.0,30.30303,100.0,50.0,0.0,0.0,0.0,0.0,0.0,0.0,50.0,69.857143,76.757902,68.53508,3.0
2026-06-24T15:24:36.986429172Z,1000,per_hit,raw_percent_of_host,api-node1,api-node2,8,2,10,25.252525,11.0,25.252525,22.0,100.0,50.0,0.0,0.0,0.0,0.0,0.0,0.0,50.0,55.5,76.316703,63.305418,3.0
2026-06-24T15:24:37.986428585Z,1000,per_hit,raw_percent_of_host,api-node1,api-node2,3,7,10,10.10101,10.891089,10.10101,21.782178,100.0,50.0,0.0,0.0,0.0,0.0,0.0,0.0,50.0,79.714286,76.610836,66.130765,3.0
2026-06-24T15:24:38.986429994Z,1000,per_hit,raw_percent_of_host,api-node1,api-node2,6,4,10,16.0,11.111111,16.0,22.222222,100.0,50.0,0.0,0.0,0.0,0.0,0.0,0.0,50.0,54.75,76.610836,57.878019,3.0
2026-06-24T15:24:39.986429915Z,1000,per_hit,raw_percent_of_host,api-node1,api-node2,3,7,10,10.10101,10.204082,10.10101,20.408163,100.0,50.0,0.0,0.0,0.0,0.0,0.0,0.0,50.0,65.285714,76.610836,70.946423,3.0
2026-06-24T15:24:40.986430227Z,1000,per_hit,raw_percent_of_host,api-node1,api-node2,3,7,10,10.10101,15.151515,10.10101,30.30303,100.0,50.0,0.0,0.0,0.0,0.0,0.0,0.0,50.0,76.0,76.757902,65.682403,3.0
2026-06-24T15:24:41.986435366Z,1000,per_hit,raw_percent_of_host,api-node1,api-node2,8,2,10,20.20202,5.0,20.20202,10.0,100.0,50.0,0.0,0.0,0.0,0.0,0.0,0.0,50.0,60.5,76.316703,49.840176,3.0
2026-06-24T15:24:42.986430498Z,1000,per_hit,raw_percent_of_host,api-node1,api-node2,2,8,10,6.060606,14.141414,6.060606,28.282828,100.0,50.0,0.0,0.0,0.0,0.0,0.0,0.0,50.0,72.125,76.904968,74.668307,3.0
2026-06-24T15:24:43.986426319Z,1000,per_hit,raw_percent_of_host,api-node1,api-node2,8,2,10,20.20202,9.0,20.20202,18.0,100.0,50.0,0.0,0.0,0.0,0.0,0.0,0.0,50.0,81.5,76.316703,49.786184,3.0
2026-06-24T15:24:44.986427162Z,1000,per_hit,raw_percent_of_host,api-node1,api-node2,4,6,10,8.080808,14.141414,8.080808,28.282828,100.0,50.0,0.0,0.0,0.0,0.0,0.0,0.0,50.0,81.166667,76.463769,68.581585,3.0
2026-06-24T15:24:45.986426264Z,1000,per_hit,raw_percent_of_host,api-node1,api-node2,3,7,10,5.050505,15.151515,5.050505,30.30303,100.0,50.0,0.0,0.0,0.0,0.0,0.0,0.0,50.0,69.0,76.610836,63.158352,3.0
2026-06-24T15:24:46.9864298Z,1000,per_hit,raw_percent_of_host,api-node1,api-node2,4,6,10,10.10101,19.0,10.10101,38.0,100.0,50.0,0.0,0.0,0.0,0.0,0.0,0.0,50.0,61.5,76.610836,57.924424,3.0
2026-06-24T15:24:47.986425852Z,1000,per_hit,raw_percent_of_host,api-node1,api-node2,5,5,10,16.0,10.10101,16.0,20.20202,100.0,50.0,0.0,0.0,0.0,0.0,0.0,0.0,50.0,78.6,76.610836,63.721274,3.0
2026-06-24T15:24:48.986426875Z,1000,per_hit,raw_percent_of_host,api-node1,api-node2,6,4,10,16.0,6.122449,16.0,12.244898,100.0,50.0,0.0,0.0,0.0,0.0,0.0,0.0,50.0,81.0,76.610836,49.986874,3.0
2026-06-24T15:24:49.986428879Z,1000,per_hit,raw_percent_of_host,api-node1,api-node2,5,5,10,15.151515,19.387755,15.151515,38.77551,100.0,50.0,0.0,0.0,0.0,0.0,0.0,0.0,50.0,63.8,76.463769,58.270093,3.0
2026-06-24T15:24:50.986430479Z,1000,per_hit,raw_percent_of_host,api-node1,api-node2,6,4,10,15.151515,9.0,15.151515,18.0,100.0,50.0,0.0,0.0,0.0,0.0,0.0,0.0,50.0,82.5,76.463769,65.995915,3.0
2026-06-24T15:24:51.986428222Z,1000,per_hit,raw_percent_of_host,api-node1,api-node2,5,5,10,15.151515,15.151515,15.151515,30.30303,100.0,50.0,0.0,0.0,0.0,0.0,0.0,0.0,50.0,50.0,76.463769,73.920339,3.0
2026-06-24T15:24:52.986430433Z,1000,per_hit,raw_percent_of_host,api-node1,api-node2,7,3,10,20.192308,16.0,20.192308,32.0,100.0,50.0,0.0,0.0,0.0,0.0,0.0,0.0,55.285714,50.0,71.082776,76.725399,3.0
2026-06-24T15:24:53.986429152Z,1000,per_hit,raw_percent_of_host,api-node1,api-node2,7,3,10,20.20202,5.050505,20.20202,10.10101,100.0,50.0,0.0,0.0,0.0,0.0,0.0,0.0,50.0,52.666667,76.610836,76.393018,3.0
2026-06-24T15:24:54.986431038Z,1000,per_hit,raw_percent_of_host,api-node1,api-node2,5,5,10,15.306122,11.0,15.306122,22.0,100.0,50.0,0.0,0.0,0.0,0.0,0.0,0.0,50.0,53.8,76.610836,76.327417,3.0
2026-06-24T15:24:55.986426319Z,1000,per_hit,raw_percent_of_host,api-node1,api-node2,4,6,10,15.151515,10.10101,15.151515,20.20202,100.0,50.0,0.0,0.0,0.0,0.0,0.0,0.0,50.0,83.833333,76.463769,68.686411,3.0
2026-06-24T15:24:56.98642624Z,1000,per_hit,raw_percent_of_host,api-node1,api-node2,7,3,10,20.20202,5.050505,20.20202,10.10101,100.0,50.0,0.0,0.0,0.0,0.0,0.0,0.0,50.0,53.333333,76.327417,57.913028,3.0
2026-06-24T15:24:57.986426335Z,1000,per_hit,raw_percent_of_host,api-node1,api-node2,6,4,10,16.161616,6.0,16.161616,12.0,100.0,50.0,0.0,0.0,0.0,0.0,0.0,0.0,50.0,75.25,76.327417,68.539345,3.0
2026-06-24T15:24:58.986429586Z,1000,per_hit,raw_percent_of_host,api-node1,api-node2,5,5,10,15.151515,10.10101,15.151515,20.20202,100.0,50.0,0.0,0.0,0.0,0.0,0.0,0.0,50.0,67.8,76.610836,76.316703,3.0
2026-06-24T15:24:59.986431627Z,1000,per_hit,raw_percent_of_host,api-node1,api-node2,8,2,10,25.252525,0.0,25.252525,0.0,100.0,50.0,0.0,0.0,0.0,0.0,0.0,0.0,50.0,50.0,76.169637,58.07149,3.0
2026-06-24T15:25:00.986429718Z,1000,per_hit,raw_percent_of_host,api-node1,api-node2,6,4,10,15.151515,15.151515,15.151515,30.30303,100.0,50.0,0.0,0.0,0.0,0.0,0.0,0.0,50.0,50.0,76.463769,76.610836,3.0
2026-06-24T15:25:01.986429852Z,1000,per_hit,raw_percent_of_host,api-node1,api-node2,5,5,10,15.151515,16.831683,15.151515,33.663366,100.0,50.0,0.0,0.0,0.0,0.0,0.0,0.0,50.0,52.2,76.463769,64.307652,3.0
2026-06-24T15:25:02.986428739Z,1000,per_hit,raw_percent_of_host,api-node1,api-node2,2,8,10,11.0,15.151515,11.0,30.30303,100.0,50.0,0.0,0.0,0.0,0.0,0.0,0.0,50.0,75.75,76.757902,65.848848,3.0
2026-06-24T15:25:03.986428988Z,1000,per_hit,raw_percent_of_host,api-node1,api-node2,6,4,10,20.20202,5.940594,20.20202,11.881188,100.0,50.0,0.0,0.0,0.0,0.0,0.0,0.0,50.0,55.75,76.610836,57.510106,3.0
2026-06-24T15:25:04.98642905Z,1000,per_hit,raw_percent_of_host,api-node1,api-node2,6,4,10,20.20202,10.10101,20.20202,20.20202,100.0,50.0,0.0,0.0,0.0,0.0,0.0,0.0,50.166667,52.0,76.394602,71.376908,3.0
2026-06-24T15:25:05.986426907Z,1000,per_hit,raw_percent_of_host,api-node1,api-node2,6,4,10,24.271845,10.10101,24.271845,20.20202,100.0,50.0,0.0,0.0,0.0,0.0,0.0,0.0,50.0,55.5,76.610836,76.327417,3.0
2026-06-24T15:25:06.986427753Z,1000,per_hit,raw_percent_of_host,api-node1,api-node2,4,6,10,10.204082,10.10101,10.204082,20.20202,100.0,50.0,0.0,0.0,0.0,0.0,0.0,0.0,50.0,71.833333,76.463769,63.305418,3.0
2026-06-24T15:25:07.986426391Z,1000,per_hit,raw_percent_of_host,api-node1,api-node2,8,2,10,26.470588,5.0,26.470588,10.0,100.0,50.0,0.0,0.0,0.0,0.0,0.0,0.0,50.0,55.0,76.169637,63.452484,3.0
2026-06-24T15:25:08.986427133Z,1000,per_hit,raw_percent_of_host,api-node1,api-node2,6,4,10,15.151515,5.050505,15.151515,10.10101,100.0,50.0,0.0,0.0,0.0,0.0,0.0,0.0,50.0,77.0,76.610836,68.537656,3.0
2026-06-24T15:25:09.986426811Z,1000,per_hit,raw_percent_of_host,api-node1,api-node2,6,4,10,15.0,16.0,15.0,32.0,100.0,50.0,0.0,0.0,0.0,0.0,0.0,0.0,50.0,56.0,76.463769,63.158352,3.0
2026-06-24T15:25:10.986429731Z,1000,per_hit,raw_percent_of_host,api-node1,api-node2,4,6,10,10.10101,16.161616,10.10101,32.323232,100.0,50.0,0.0,0.0,0.0,0.0,0.0,0.0,50.0,54.166667,76.316703,68.780711,3.0
2026-06-24T15:25:11.986432102Z,1000,per_hit,raw_percent_of_host,api-node1,api-node2,6,4,10,10.10101,10.10101,10.10101,20.20202,100.0,50.0,0.0,0.0,0.0,0.0,0.0,0.0,50.0,67.0,76.316703,61.671082,3.0
2026-06-24T15:25:12.986429623Z,1000,per_hit,raw_percent_of_host,api-node1,api-node2,6,4,10,15.151515,10.10101,15.151515,20.20202,100.0,50.0,0.0,0.0,0.0,0.0,0.0,0.0,50.0,50.0,76.463769,68.686411,3.0
2026-06-24T15:25:13.986426753Z,1000,per_hit,raw_percent_of_host,api-node1,api-node2,6,4,10,20.0,9.0,20.0,18.0,100.0,50.0,0.0,0.0,0.0,0.0,0.0,0.0,50.0,70.0,76.610836,57.924424,3.0
2026-06-24T15:25:14.986427155Z,1000,per_hit,raw_percent_of_host,api-node1,api-node2,5,5,10,15.0,11.0,15.0,22.0,100.0,50.0,0.0,0.0,0.0,0.0,0.0,0.0,50.0,72.6,76.316703,68.686411,3.0
2026-06-24T15:25:15.986426235Z,1000,per_hit,raw_percent_of_host,api-node1,api-node2,4,6,10,11.0,15.151515,11.0,30.30303,100.0,50.0,0.0,0.0,0.0,0.0,0.0,0.0,50.0,69.5,76.463769,68.539345,3.0
2026-06-24T15:25:16.986429968Z,1000,per_hit,raw_percent_of_host,api-node1,api-node2,3,7,10,10.10101,16.161616,10.10101,32.323232,100.0,50.0,0.0,0.0,0.0,0.0,0.0,0.0,50.0,56.285714,76.904968,66.326836,3.0
2026-06-24T15:25:17.986427172Z,1000,per_hit,raw_percent_of_host,api-node1,api-node2,7,3,10,24.242424,10.10101,24.242424,20.20202,100.0,50.0,0.0,0.0,0.0,0.0,0.0,0.0,56.142857,50.0,72.470101,75.123567,3.0
2026-06-24T15:25:18.98642894Z,1000,per_hit,raw_percent_of_host,api-node1,api-node2,7,3,10,20.192308,10.891089,20.192308,21.782178,100.0,50.0,0.0,0.0,0.0,0.0,0.0,0.0,50.0,61.0,76.463769,63.305418,3.0
2026-06-24T15:25:19.986428832Z,1000,per_hit,raw_percent_of_host,api-node1,api-node2,5,5,10,15.151515,16.0,15.151515,32.0,100.0,50.0,0.0,0.0,0.0,0.0,0.0,0.0,50.0,62.0,76.316703,60.614921,3.0
2026-06-24T15:25:20.986426932Z,1000,per_hit,raw_percent_of_host,api-node1,api-node2,4,6,10,10.0,19.0,10.0,38.0,100.0,50.0,0.0,0.0,0.0,0.0,0.0,0.0,50.0,61.833333,76.463769,57.91359,3.0
2026-06-24T15:25:21.986429291Z,1000,per_hit,raw_percent_of_host,api-node1,api-node2,3,7,10,5.050505,10.10101,5.050505,20.20202,100.0,50.0,0.0,0.0,0.0,0.0,0.0,0.0,50.333333,72.428571,76.422954,60.612729,3.0
2026-06-24T15:25:22.986433205Z,1000,per_hit,raw_percent_of_host,api-node1,api-node2,9,1,10,26.262626,5.050505,26.262626,10.10101,100.0,50.0,0.0,0.0,0.0,0.0,0.0,0.0,50.111111,60.0,76.169637,63.409147,3.0
2026-06-24T15:25:23.986426356Z,1000,per_hit,raw_percent_of_host,api-node1,api-node2,4,6,10,10.10101,15.306122,10.10101,30.612245,100.0,50.0,0.0,0.0,0.0,0.0,0.0,0.0,50.0,53.0,76.463769,68.553549,3.0
2026-06-24T15:25:24.986426146Z,1000,per_hit,raw_percent_of_host,api-node1,api-node2,3,7,10,11.0,11.0,11.0,22.0,100.0,50.0,0.0,0.0,0.0,0.0,0.0,0.0,50.0,81.0,76.610836,63.305418,3.0
2026-06-24T15:25:25.986427312Z,1000,per_hit,raw_percent_of_host,api-node1,api-node2,7,3,10,21.0,5.050505,21.0,10.10101,100.0,50.0,0.0,0.0,0.0,0.0,0.0,0.0,50.0,53.666667,76.316703,57.913028,3.0
2026-06-24T15:25:26.986429102Z,1000,per_hit,raw_percent_of_host,api-node1,api-node2,4,6,10,10.10101,10.10101,10.10101,20.20202,100.0,50.0,0.0,0.0,0.0,0.0,0.0,0.0,50.0,72.333333,76.904968,68.392279,3.0
2026-06-24T15:25:27.986430999Z,1000,per_hit,raw_percent_of_host,api-node1,api-node2,5,5,10,5.050505,10.10101,5.050505,20.20202,100.0,50.0,0.0,0.0,0.0,0.0,0.0,0.0,50.0,75.6,76.463769,63.305418,3.0
2026-06-24T15:25:28.986429608Z,1000,per_hit,raw_percent_of_host,api-node1,api-node2,7,3,10,20.20202,6.0,20.20202,12.0,100.0,50.0,0.0,0.0,0.0,0.0,0.0,0.0,50.0,50.333333,76.316703,63.257932,3.0
2026-06-24T15:25:29.986426254Z,1000,per_hit,raw_percent_of_host,api-node1,api-node2,6,4,10,15.151515,10.10101,15.151515,20.20202,100.0,50.0,0.0,0.0,0.0,0.0,0.0,0.0,50.0,55.75,76.757902,76.100469,3.0
2026-06-24T15:25:30.986429579Z,1000,per_hit,raw_percent_of_host,api-node1,api-node2,7,3,10,21.0,10.10101,21.0,20.20202,100.0,50.0,0.0,0.0,0.0,0.0,0.0,0.0,50.0,50.0,76.316703,68.686411,3.0
2026-06-24T15:25:31.98642739Z,1000,per_hit,raw_percent_of_host,api-node1,api-node2,6,4,10,15.151515,20.0,15.151515,40.0,100.0,50.0,0.0,0.0,0.0,0.0,0.0,0.0,50.0,67.5,76.316703,57.924424,3.0
2026-06-24T15:25:32.986426919Z,1000,per_hit,raw_percent_of_host,api-node1,api-node2,7,3,10,26.0,6.060606,26.0,12.121212,100.0,50.0,0.0,0.0,0.0,0.0,0.0,0.0,50.142857,53.666667,76.394602,73.920339,3.0
2026-06-24T15:25:33.98642886Z,1000,per_hit,raw_percent_of_host,api-node1,api-node2,4,6,10,6.060606,11.111111,6.060606,22.222222,100.0,50.0,0.0,0.0,0.0,0.0,0.0,0.0,50.0,72.833333,76.463769,55.233927,3.0
2026-06-24T15:25:34.986429161Z,1000,per_hit,raw_percent_of_host,api-node1,api-node2,6,4,10,16.0,19.191919,16.0,38.383838,100.0,50.0,0.0,0.0,0.0,0.0,0.0,0.0,50.0,68.0,76.316703,57.924424,3.0
2026-06-24T15:25:35.986430362Z,1000,per_hit,raw_percent_of_host,api-node1,api-node2,5,5,10,20.20202,10.10101,20.20202,20.20202,100.0,50.0,0.0,0.0,0.0,0.0,0.0,0.0,50.0,51.6,76.610836,73.713356,3.0
2026-06-24T15:25:36.986426036Z,1000,per_hit,raw_percent_of_host,api-node1,api-node2,5,5,10,20.20202,15.151515,20.20202,30.30303,100.0,50.0,0.0,0.0,0.0,0.0,0.0,0.0,50.0,50.2,76.169637,60.614921,3.0
2026-06-24T15:25:37.986432735Z,1000,per_hit,raw_percent_of_host,api-node1,api-node2,5,5,10,10.0,10.10101,10.0,20.20202,100.0,50.0,0.0,0.0,0.0,0.0,0.0,0.0,50.0,84.0,76.463769,57.896728,3.0
2026-06-24T15:25:38.986430507Z,1000,per_hit,raw_percent_of_host,api-node1,api-node2,7,3,10,26.0,10.10101,26.0,20.20202,100.0,50.0,0.0,0.0,0.0,0.0,0.0,0.0,50.0,54.0,76.463769,63.305418,3.0
2026-06-24T15:25:39.986431433Z,1000,per_hit,raw_percent_of_host,api-node1,api-node2,5,5,10,15.151515,15.151515,15.151515,30.30303,100.0,50.0,0.0,0.0,0.0,0.0,0.0,0.0,50.0,52.0,76.316703,71.523975,3.0
2026-06-24T15:25:40.986429558Z,1000,per_hit,raw_percent_of_host,api-node1,api-node2,5,5,10,20.20202,5.0,20.20202,10.0,100.0,50.0,0.0,0.0,0.0,0.0,0.0,0.0,50.0,85.8,76.463769,68.66405,3.0
2026-06-24T15:25:41.986428942Z,1000,per_hit,raw_percent_of_host,api-node1,api-node2,5,5,10,15.151515,5.050505,15.151515,10.10101,100.0,50.0,0.0,0.0,0.0,0.0,0.0,0.0,50.0,89.2,76.463769,49.742895,3.0
2026-06-24T15:25:42.986429998Z,1000,per_hit,raw_percent_of_host,api-node1,api-node2,6,4,10,21.212121,10.10101,21.212121,20.20202,100.0,50.0,0.0,0.0,0.0,0.0,0.0,0.0,50.0,50.0,76.169637,58.07149,3.0
2026-06-24T15:25:43.986427093Z,1000,per_hit,raw_percent_of_host,api-node1,api-node2,4,6,10,15.151515,10.10101,15.151515,20.20202,100.0,50.0,0.0,0.0,0.0,0.0,0.0,0.0,50.0,65.5,76.757902,76.18035,3.0
2026-06-24T15:25:44.986430077Z,1000,per_hit,raw_percent_of_host,api-node1,api-node2,4,6,10,9.0,19.191919,9.0,38.383838,100.0,50.0,0.0,0.0,0.0,0.0,0.0,0.0,50.0,79.833333,76.610836,55.203108,3.0
2026-06-24T15:25:45.986429336Z,1000,per_hit,raw_percent_of_host,api-node1,api-node2,4,6,10,11.0,11.0,11.0,22.0,100.0,50.0,0.0,0.0,0.0,0.0,0.0,0.0,50.0,86.0,76.463769,55.378838,3.0
2026-06-24T15:25:46.986430538Z,1000,per_hit,raw_percent_of_host,api-node1,api-node2,4,6,10,10.10101,11.881188,10.10101,23.762376,100.0,50.0,0.0,0.0,0.0,0.0,0.0,0.0,50.0,56.833333,76.757902,57.359077,3.0
2026-06-24T15:25:47.986426309Z,1000,per_hit,raw_percent_of_host,api-node1,api-node2,4,6,10,10.891089,15.151515,10.891089,30.30303,100.0,50.0,0.0,0.0,0.0,0.0,0.0,0.0,50.0,71.333333,76.610836,63.158352,3.0
2026-06-24T15:25:48.986429589Z,1000,per_hit,raw_percent_of_host,api-node1,api-node2,4,6,10,11.0,11.0,11.0,22.0,100.0,50.0,0.0,0.0,0.0,0.0,0.0,0.0,50.0,63.666667,76.610836,71.229842,3.0
2026-06-24T15:25:49.986429169Z,1000,per_hit,raw_percent_of_host,api-node1,api-node2,4,6,10,15.151515,10.10101,15.151515,20.20202,100.0,50.0,0.0,0.0,0.0,0.0,0.0,0.0,50.0,80.666667,76.463769,60.760892,3.0
2026-06-24T15:25:50.986430711Z,1000,per_hit,raw_percent_of_host,api-node1,api-node2,4,6,10,15.0,15.0,15.0,30.0,100.0,50.0,0.0,0.0,0.0,0.0,0.0,0.0,50.0,70.0,76.610836,59.902963,3.0
2026-06-24T15:25:51.986426855Z,1000,per_hit,raw_percent_of_host,api-node1,api-node2,5,5,10,15.151515,10.10101,15.151515,20.20202,100.0,50.0,0.0,0.0,0.0,0.0,0.0,0.0,50.0,55.8,76.757902,57.376186,3.0
2026-06-24T15:25:52.986429607Z,1000,per_hit,raw_percent_of_host,api-node1,api-node2,5,5,10,10.10101,5.050505,10.10101,10.10101,100.0,50.0,0.0,0.0,0.0,0.0,0.0,0.0,50.0,82.2,76.610836,63.30204,3.0
2026-06-24T15:25:53.986426207Z,1000,per_hit,raw_percent_of_host,api-node1,api-node2,7,3,10,20.792079,10.0,20.792079,20.0,100.0,50.0,0.0,0.0,0.0,0.0,0.0,0.0,50.0,50.0,76.316703,74.067405,3.0
2026-06-24T15:25:54.986430876Z,1000,per_hit,raw_percent_of_host,api-node1,api-node2,6,4,10,20.20202,5.050505,20.20202,10.10101,100.0,50.0,0.0,0.0,0.0,0.0,0.0,0.0,50.0,55.0,76.463769,76.474483,3.0
2026-06-24T15:25:55.986426336Z,1000,per_hit,raw_percent_of_host,api-node1,api-node2,8,2,10,20.20202,5.0,20.20202,10.0,100.0,50.0,0.0,0.0,0.0,0.0,0.0,0.0,50.0,50.0,76.316703,76.757902,3.0
2026-06-24T15:25:56.986426184Z,1000,per_hit,raw_percent_of_host,api-node1,api-node2,7,3,10,26.262626,5.050505,26.262626,10.10101,100.0,50.0,0.0,0.0,0.0,0.0,0.0,0.0,50.0,60.333333,76.463769,63.452484,3.0
2026-06-24T15:25:57.986427646Z,1000,per_hit,raw_percent_of_host,api-node1,api-node2,7,3,10,20.20202,10.10101,20.20202,20.20202,100.0,50.0,0.0,0.0,0.0,0.0,0.0,0.0,50.0,60.666667,76.463769,63.305418,3.0
2026-06-24T15:25:58.986430085Z,1000,per_hit,raw_percent_of_host,api-node1,api-node2,7,3,10,15.841584,10.10101,15.841584,20.20202,100.0,50.0,0.0,0.0,0.0,0.0,0.0,0.0,50.0,50.0,76.316703,68.686411,3.0
2026-06-24T15:25:59.986435312Z,1000,per_hit,raw_percent_of_host,api-node1,api-node2,5,5,10,10.10101,10.204082,10.10101,20.408163,100.0,50.0,0.0,0.0,0.0,0.0,0.0,0.0,50.0,57.6,76.610836,71.082776,3.0
2026-06-24T15:26:00.986427528Z,1000,per_hit,raw_percent_of_host,api-node1,api-node2,7,3,10,21.0,5.0,21.0,10.0,100.0,50.0,0.0,0.0,0.0,0.0,0.0,0.0,50.0,57.666667,76.463769,68.392279,3.0
2026-06-24T15:26:01.986427075Z,1000,per_hit,raw_percent_of_host,api-node1,api-node2,6,4,10,20.792079,10.10101,20.792079,20.20202,100.0,50.0,0.0,0.0,0.0,0.0,0.0,0.0,50.0,50.0,76.316703,68.686411,3.0
2026-06-24T15:26:02.986429259Z,1000,per_hit,raw_percent_of_host,api-node1,api-node2,7,3,10,15.306122,11.0,15.306122,22.0,100.0,50.0,0.0,0.0,0.0,0.0,0.0,0.0,50.0,57.0,76.463769,63.158352,3.0
2026-06-24T15:26:03.98642936Z,1000,per_hit,raw_percent_of_host,api-node1,api-node2,4,6,10,15.0,19.191919,15.0,38.383838,100.0,50.0,0.0,0.0,0.0,0.0,0.0,0.0,50.0,66.5,76.610836,66.192235,3.0
2026-06-24T15:26:04.986427654Z,1000,per_hit,raw_percent_of_host,api-node1,api-node2,6,4,10,16.0,5.050505,16.0,10.10101,100.0,50.0,0.0,0.0,0.0,0.0,0.0,0.0,50.0,78.5,76.316703,65.995915,3.0
2026-06-24T15:26:05.986426492Z,1000,per_hit,raw_percent_of_host,api-node1,api-node2,6,4,10,20.20202,10.0,20.20202,20.0,100.0,50.0,0.0,0.0,0.0,0.0,0.0,0.0,50.0,61.5,76.316703,68.833478,3.0
2026-06-24T15:26:06.986430222Z,1000,per_hit,raw_percent_of_host,api-node1,api-node2,6,4,10,15.151515,5.050505,15.151515,10.10101,100.0,50.0,0.0,0.0,0.0,0.0,0.0,0.0,50.0,87.25,76.463769,64.557464,3.0
2026-06-24T15:26:07.98642721Z,1000,per_hit,raw_percent_of_host,api-node1,api-node2,3,7,10,11.0,14.0,11.0,28.0,100.0,50.0,0.0,0.0,0.0,0.0,0.0,0.0,50.0,83.571429,76.610836,55.215729,3.0
2026-06-24T15:26:08.986426212Z,1000,per_hit,raw_percent_of_host,api-node1,api-node2,7,3,10,15.151515,5.050505,15.151515,10.10101,100.0,50.0,0.0,0.0,0.0,0.0,0.0,0.0,50.0,53.0,76.463769,57.446033,3.0
2026-06-24T15:26:09.986426327Z,1000,per_hit,raw_percent_of_host,api-node1,api-node2,2,8,10,5.0,14.141414,5.0,28.282828,100.0,50.0,0.0,0.0,0.0,0.0,0.0,0.0,50.0,71.125,76.904968,65.540504,3.0
2026-06-24T15:26:10.986430451Z,1000,per_hit,raw_percent_of_host,api-node1,api-node2,2,8,10,6.0,15.151515,6.0,30.30303,100.0,50.0,0.0,0.0,0.0,0.0,0.0,0.0,50.0,84.625,76.757902,49.797328,3.0
2026-06-24T15:26:11.986426614Z,1000,per_hit,raw_percent_of_host,api-node1,api-node2,8,2,10,25.252525,6.0,25.252525,12.0,100.0,50.0,0.0,0.0,0.0,0.0,0.0,0.0,50.0,56.0,76.169637,49.78902,3.0
2026-06-24T15:26:12.986426327Z,1000,per_hit,raw_percent_of_host,api-node1,api-node2,5,5,10,10.10101,11.0,10.10101,22.0,100.0,50.0,0.0,0.0,0.0,0.0,0.0,0.0,50.0,52.4,76.463769,76.541668,3.0
2026-06-24T15:26:13.986426817Z,1000,per_hit,raw_percent_of_host,api-node1,api-node2,6,4,10,25.252525,10.0,25.252525,20.0,100.0,50.0,0.0,0.0,0.0,0.0,0.0,0.0,50.0,59.25,76.610836,63.305418,3.0
2026-06-24T15:26:14.986431433Z,1000,per_hit,raw_percent_of_host,api-node1,api-node2,6,4,10,10.0,14.141414,10.0,28.282828,100.0,50.0,0.0,0.0,0.0,0.0,0.0,0.0,50.0,70.75,76.463769,57.896858,3.0
2026-06-24T15:26:15.986430179Z,1000,per_hit,raw_percent_of_host,api-node1,api-node2,6,4,10,11.0,11.0,11.0,22.0,100.0,50.0,0.0,0.0,0.0,0.0,0.0,0.0,50.0,68.0,76.610836,60.96885,3.0
2026-06-24T15:26:16.986429083Z,1000,per_hit,raw_percent_of_host,api-node1,api-node2,5,5,10,20.0,11.0,20.0,22.0,100.0,50.0,0.0,0.0,0.0,0.0,0.0,0.0,50.0,54.2,76.463769,60.614921,3.0
2026-06-24T15:26:17.986431205Z,1000,per_hit,raw_percent_of_host,api-node1,api-node2,5,5,10,21.0,10.10101,21.0,20.20202,100.0,50.0,0.0,0.0,0.0,0.0,0.0,0.0,50.0,50.0,76.610836,76.463769,3.0
2026-06-24T15:26:18.986426913Z,1000,per_hit,raw_percent_of_host,api-node1,api-node2,4,6,10,10.0,15.0,10.0,30.0,100.0,50.0,0.0,0.0,0.0,0.0,0.0,0.0,50.0,79.666667,76.463769,57.875077,3.0
2026-06-24T15:26:19.986429547Z,1000,per_hit,raw_percent_of_host,api-node1,api-node2,5,5,10,15.151515,12.0,15.151515,24.0,100.0,50.0,0.0,0.0,0.0,0.0,0.0,0.0,66.6,59.8,68.539345,63.305418,3.0
2026-06-24T15:26:20.986429319Z,1000,per_hit,raw_percent_of_host,api-node1,api-node2,5,5,10,15.0,14.141414,15.0,28.282828,100.0,50.0,0.0,0.0,0.0,0.0,0.0,0.0,50.0,66.8,76.463769,65.701782,3.0
2026-06-24T15:26:21.986426225Z,1000,per_hit,raw_percent_of_host,api-node1,api-node2,7,3,10,20.20202,5.050505,20.20202,10.10101,100.0,50.0,0.0,0.0,0.0,0.0,0.0,0.0,50.0,50.0,76.463769,68.686411,3.0
2026-06-24T15:26:22.986426203Z,1000,per_hit,raw_percent_of_host,api-node1,api-node2,4,6,10,12.0,18.181818,12.0,36.363636,100.0,50.0,0.0,0.0,0.0,0.0,0.0,0.0,50.0,62.0,76.610836,57.901196,3.0
2026-06-24T15:26:23.986429064Z,1000,per_hit,raw_percent_of_host,api-node1,api-node2,6,4,10,15.0,9.090909,15.0,18.181818,100.0,50.0,0.0,0.0,0.0,0.0,0.0,0.0,50.0,64.75,76.610836,63.148515,3.0
2026-06-24T15:26:24.986427314Z,1000,per_hit,raw_percent_of_host,api-node1,api-node2,8,2,10,25.252525,5.0,25.252525,10.0,100.0,50.0,0.0,0.0,0.0,0.0,0.0,0.0,50.0,53.5,76.316703,63.452484,3.0
2026-06-24T15:26:25.986429588Z,1000,per_hit,raw_percent_of_host,api-node1,api-node2,4,6,10,10.10101,19.191919,10.10101,38.383838,100.0,50.0,0.0,0.0,0.0,0.0,0.0,0.0,50.0,61.166667,76.463769,59.073724,3.0
2026-06-24T15:26:26.986426363Z,1000,per_hit,raw_percent_of_host,api-node1,api-node2,4,6,10,5.0,14.141414,5.0,28.282828,100.0,50.0,0.0,0.0,0.0,0.0,0.0,0.0,50.0,60.166667,76.610836,68.520829,3.0
2026-06-24T15:26:27.986426488Z,1000,per_hit,raw_percent_of_host,api-node1,api-node2,4,6,10,10.10101,19.191919,10.10101,38.383838,100.0,50.0,0.0,0.0,0.0,0.0,0.0,0.0,50.0,74.666667,76.463769,57.901196,3.0
2026-06-24T15:26:28.986426073Z,1000,per_hit,raw_percent_of_host,api-node1,api-node2,5,5,10,15.151515,19.191919,15.151515,38.383838,100.0,50.0,0.0,0.0,0.0,0.0,0.0,0.0,50.0,79.6,76.463769,55.215411,3.0
2026-06-24T15:26:29.986427481Z,1000,per_hit,raw_percent_of_host,api-node1,api-node2,5,5,10,20.0,6.0,20.0,12.0,100.0,50.0,0.0,0.0,0.0,0.0,0.0,0.0,50.0,60.4,76.610836,73.773273,3.0
2026-06-24T15:26:30.986426757Z,1000,per_hit,raw_percent_of_host,api-node1,api-node2,7,3,10,12.121212,4.587156,12.121212,9.174312,100.0,50.0,0.0,0.0,0.0,0.0,0.0,0.0,50.0,71.0,76.327417,50.0,3.0
2026-06-24T15:26:31.986428447Z,1000,per_hit,raw_percent_of_host,api-node1,api-node2,5,5,10,20.20202,10.10101,20.20202,20.20202,100.0,50.0,0.0,0.0,0.0,0.0,0.0,0.0,50.2,52.0,76.463769,73.920339,3.0
2026-06-24T15:26:32.986426348Z,1000,per_hit,raw_percent_of_host,api-node1,api-node2,3,7,10,10.891089,15.151515,10.891089,30.30303,100.0,50.0,0.0,0.0,0.0,0.0,0.0,0.0,50.0,63.0,76.610836,68.539345,3.0
2026-06-24T15:26:33.986427575Z,1000,per_hit,raw_percent_of_host,api-node1,api-node2,6,4,10,10.10101,11.0,10.10101,22.0,100.0,50.0,0.0,0.0,0.0,0.0,0.0,0.0,50.0,56.0,76.463769,59.878499,3.0
2026-06-24T15:26:34.986429417Z,1000,per_hit,raw_percent_of_host,api-node1,api-node2,6,4,10,20.20202,10.10101,20.20202,20.20202,100.0,50.0,0.0,0.0,0.0,0.0,0.0,0.0,50.0,54.75,76.610836,76.327417,3.0
2026-06-24T15:26:35.986429555Z,1000,per_hit,raw_percent_of_host,api-node1,api-node2,4,6,10,10.10101,16.0,10.10101,32.0,100.0,50.0,0.0,0.0,0.0,0.0,0.0,0.0,50.0,53.666667,76.463769,71.188188,3.0
2026-06-24T15:26:36.986426425Z,1000,per_hit,raw_percent_of_host,api-node1,api-node2,6,4,10,14.563107,11.0,14.563107,22.0,100.0,50.0,0.0,0.0,0.0,0.0,0.0,0.0,50.0,53.25,76.463769,76.361842,3.0
2026-06-24T15:26:37.986426246Z,1000,per_hit,raw_percent_of_host,api-node1,api-node2,2,8,10,0.0,19.191919,0.0,38.383838,100.0,50.0,0.0,0.0,0.0,0.0,0.0,0.0,50.0,73.5,76.904968,57.912665,3.0
2026-06-24T15:26:38.98642886Z,1000,per_hit,raw_percent_of_host,api-node1,api-node2,6,4,10,15.0,11.0,15.0,22.0,100.0,50.0,0.0,0.0,0.0,0.0,0.0,0.0,50.0,61.0,76.610836,60.467855,3.0
2026-06-24T15:26:39.986431123Z,1000,per_hit,raw_percent_of_host,api-node1,api-node2,6,4,10,25.252525,10.10101,25.252525,20.20202,100.0,50.0,0.0,0.0,0.0,0.0,0.0,0.0,50.0,55.5,76.463769,73.783986,3.0
2026-06-24T15:26:40.98642685Z,1000,per_hit,raw_percent_of_host,api-node1,api-node2,7,3,10,25.0,10.10101,25.0,20.20202,100.0,50.0,0.0,0.0,0.0,0.0,0.0,0.0,50.0,61.0,76.316703,63.452484,3.0
2026-06-24T15:26:41.986433111Z,1000,per_hit,raw_percent_of_host,api-node1,api-node2,6,4,10,22.54902,11.0,22.54902,22.0,100.0,50.0,0.0,0.0,0.0,0.0,0.0,0.0,50.0,50.0,76.316703,74.067405,3.0
2026-06-24T15:26:42.986425799Z,1000,per_hit,raw_percent_of_host,api-node1,api-node2,4,6,10,10.204082,13.131313,10.204082,26.262626,100.0,50.0,0.0,0.0,0.0,0.0,0.0,0.0,50.0,61.333333,76.757902,65.848848,3.0
2026-06-24T15:26:43.986426252Z,1000,per_hit,raw_percent_of_host,api-node1,api-node2,3,7,10,10.0,19.191919,10.0,38.383838,100.0,50.0,0.0,0.0,0.0,0.0,0.0,0.0,50.0,62.857143,76.757902,57.903176,3.0
2026-06-24T15:26:44.986430117Z,1000,per_hit,raw_percent_of_host,api-node1,api-node2,4,6,10,13.265306,10.204082,13.265306,20.408163,100.0,50.0,0.0,0.0,0.0,0.0,0.0,0.0,50.0,72.5,76.610836,65.777495,3.0
2026-06-24T15:26:45.986427528Z,1000,per_hit,raw_percent_of_host,api-node1,api-node2,5,5,10,16.0,15.0,16.0,30.0,100.0,50.0,0.0,0.0,0.0,0.0,0.0,0.0,50.0,56.8,76.316703,71.229842,3.0
2026-06-24T15:26:46.98642637Z,1000,per_hit,raw_percent_of_host,api-node1,api-node2,7,3,10,25.252525,6.060606,25.252525,12.121212,100.0,50.0,0.0,0.0,0.0,0.0,0.0,0.0,50.0,50.0,76.463769,63.305418,3.0
2026-06-24T15:26:47.986433799Z,1000,per_hit,raw_percent_of_host,api-node1,api-node2,5,5,10,15.151515,15.151515,15.151515,30.30303,100.0,50.0,0.0,0.0,0.0,0.0,0.0,0.0,50.0,50.0,76.757902,76.316703,3.0
2026-06-24T15:26:48.986429428Z,1000,per_hit,raw_percent_of_host,api-node1,api-node2,10,0,10,30.30303,1.0,30.30303,2.0,100.0,50.0,0.0,0.0,0.0,0.0,0.0,0.0,50.1,0.0,76.169637,76.904968,3.0
2026-06-24T15:26:49.986431287Z,1000,per_hit,raw_percent_of_host,api-node1,api-node2,5,5,10,6.0,11.0,6.0,22.0,100.0,50.0,0.0,0.0,0.0,0.0,0.0,0.0,50.0,77.0,76.610836,68.632712,3.0
2026-06-24T15:26:50.986428925Z,1000,per_hit,raw_percent_of_host,api-node1,api-node2,4,6,10,15.151515,15.151515,15.151515,30.30303,100.0,50.0,0.0,0.0,0.0,0.0,0.0,0.0,50.0,68.333333,76.757902,55.233927,3.0
2026-06-24T15:26:51.986426569Z,1000,per_hit,raw_percent_of_host,api-node1,api-node2,5,5,10,5.0,14.141414,5.0,28.282828,100.0,50.0,0.0,0.0,0.0,0.0,0.0,0.0,50.0,87.0,76.610836,49.938335,3.0
2026-06-24T15:26:52.986426307Z,1000,per_hit,raw_percent_of_host,api-node1,api-node2,7,3,10,25.252525,0.0,25.252525,0.0,100.0,50.0,0.0,0.0,0.0,0.0,0.0,0.0,50.0,72.666667,76.463769,58.07149,3.0
2026-06-24T15:26:53.986431895Z,1000,per_hit,raw_percent_of_host,api-node1,api-node2,4,6,10,15.151515,16.0,15.151515,32.0,100.0,50.0,0.0,0.0,0.0,0.0,0.0,0.0,50.0,54.0,76.463769,77.035548,3.0
2026-06-24T15:26:54.986427375Z,1000,per_hit,raw_percent_of_host,api-node1,api-node2,5,5,10,15.306122,15.151515,15.306122,30.30303,100.0,50.0,0.0,0.0,0.0,0.0,0.0,0.0,50.0,52.2,76.316703,71.366074,3.0
2026-06-24T15:26:55.986428766Z,1000,per_hit,raw_percent_of_host,api-node1,api-node2,8,2,10,25.252525,5.0,25.252525,10.0,100.0,50.0,0.0,0.0,0.0,0.0,0.0,0.0,50.0,75.5,76.169637,68.833478,3.0
2026-06-24T15:26:56.986426431Z,1000,per_hit,raw_percent_of_host,api-node1,api-node2,4,6,10,15.151515,10.10101,15.151515,20.20202,100.0,50.0,0.0,0.0,0.0,0.0,0.0,0.0,50.0,72.666667,76.757902,60.467855,3.0
2026-06-24T15:26:57.986427648Z,1000,per_hit,raw_percent_of_host,api-node1,api-node2,3,7,10,1.960784,20.0,1.960784,40.0,100.0,50.0,0.0,0.0,0.0,0.0,0.0,0.0,50.0,83.428571,76.610836,60.231455,3.0
2026-06-24T15:26:58.986438054Z,1000,per_hit,raw_percent_of_host,api-node1,api-node2,6,4,10,15.151515,10.0,15.151515,20.0,100.0,50.0,0.0,0.0,0.0,0.0,0.0,0.0,50.0,78.5,76.316703,65.990482,3.0
2026-06-24T15:26:59.986428878Z,1000,per_hit,raw_percent_of_host,api-node1,api-node2,5,5,10,15.151515,15.151515,15.151515,30.30303,100.0,50.0,0.0,0.0,0.0,0.0,0.0,0.0,50.0,59.6,76.463769,65.995915,3.0
2026-06-24T15:27:00.986430786Z,1000,per_hit,raw_percent_of_host,api-node1,api-node2,3,7,10,10.10101,16.0,10.10101,32.0,100.0,50.0,0.0,0.0,0.0,0.0,0.0,0.0,50.0,61.857143,76.757902,63.305418,3.0
2026-06-24T15:27:01.986426345Z,1000,per_hit,raw_percent_of_host,api-node1,api-node2,5,5,10,15.151515,11.0,15.151515,22.0,100.0,50.0,0.0,0.0,0.0,0.0,0.0,0.0,50.0,63.0,76.610836,76.452935,3.0
2026-06-24T15:27:02.986427325Z,1000,per_hit,raw_percent_of_host,api-node1,api-node2,8,2,10,25.252525,4.040404,25.252525,8.080808,100.0,50.0,0.0,0.0,0.0,0.0,0.0,0.0,50.0,54.0,76.316703,50.0,3.0
2026-06-24T15:27:03.986426414Z,1000,per_hit,raw_percent_of_host,api-node1,api-node2,4,6,10,15.151515,15.151515,15.151515,30.30303,100.0,50.0,0.0,0.0,0.0,0.0,0.0,0.0,50.0,70.0,76.463769,68.686411,3.0
2026-06-24T15:27:04.986426839Z,1000,per_hit,raw_percent_of_host,api-node1,api-node2,2,8,10,11.0,16.0,11.0,32.0,100.0,50.0,0.0,0.0,0.0,0.0,0.0,0.0,50.0,62.0,76.904968,72.981519,3.0
2026-06-24T15:27:05.98642585Z,1000,per_hit,raw_percent_of_host,api-node1,api-node2,5,5,10,15.0,15.151515,15.0,30.30303,100.0,50.0,0.0,0.0,0.0,0.0,0.0,0.0,50.0,52.4,76.610836,68.539345,3.0
2026-06-24T15:27:06.986431292Z,1000,per_hit,raw_percent_of_host,api-node1,api-node2,6,4,10,16.831683,15.0,16.831683,30.0,100.0,50.0,0.0,0.0,0.0,0.0,0.0,0.0,50.0,65.25,76.463769,65.977399,3.0
2026-06-24T15:27:07.986436152Z,1000,per_hit,raw_percent_of_host,api-node1,api-node2,5,4,9,25.252525,10.204082,25.252525,20.408163,100.0,50.0,0.0,0.0,0.0,0.0,0.0,0.0,50.0,57.0,76.414747,67.501205,3.0
2026-06-24T15:27:08.986429068Z,1000,per_hit,raw_percent_of_host,api-node1,api-node2,3,8,11,11.111111,17.0,11.111111,34.0,100.0,50.0,0.0,0.0,0.0,0.0,0.0,0.0,50.0,69.875,76.904968,59.644971,3.0
2026-06-24T15:27:09.98642965Z,1000,per_hit,raw_percent_of_host,api-node1,api-node2,8,2,10,30.30303,0.0,30.30303,0.0,100.0,50.0,0.0,0.0,0.0,0.0,0.0,0.0,50.0,60.0,76.316703,59.862782,3.0
2026-06-24T15:27:10.986426244Z,1000,per_hit,raw_percent_of_host,api-node1,api-node2,5,5,10,21.782178,5.050505,21.782178,10.10101,100.0,50.0,0.0,0.0,0.0,0.0,0.0,0.0,50.0,70.2,76.610836,70.946423,3.0
2026-06-24T15:27:11.986426329Z,1000,per_hit,raw_percent_of_host,api-node1,api-node2,7,3,10,21.0,5.050505,21.0,10.10101,100.0,50.0,0.0,0.0,0.0,0.0,0.0,0.0,50.0,78.0,76.316703,49.332428,3.0
2026-06-24T15:27:12.986431602Z,1000,per_hit,raw_percent_of_host,api-node1,api-node2,8,2,10,25.252525,5.050505,25.252525,10.10101,100.0,50.0,0.0,0.0,0.0,0.0,0.0,0.0,50.0,55.5,76.169637,50.0,3.0
2026-06-24T15:27:13.986426898Z,1000,per_hit,raw_percent_of_host,api-node1,api-node2,4,6,10,15.151515,19.0,15.151515,38.0,100.0,50.0,0.0,0.0,0.0,0.0,0.0,0.0,50.0,65.5,76.757902,57.218185,3.0
2026-06-24T15:27:14.986426289Z,1000,per_hit,raw_percent_of_host,api-node1,api-node2,6,4,10,15.151515,9.90099,15.151515,19.80198,100.0,50.0,0.0,0.0,0.0,0.0,0.0,0.0,50.0,95.25,76.463769,55.233927,3.0
2026-06-24T15:27:15.986427269Z,1000,per_hit,raw_percent_of_host,api-node1,api-node2,5,5,10,10.891089,10.10101,10.891089,20.20202,100.0,50.0,0.0,0.0,0.0,0.0,0.0,0.0,50.0,78.0,76.610836,63.305418,3.0
2026-06-24T15:27:16.986430596Z,1000,per_hit,raw_percent_of_host,api-node1,api-node2,4,6,10,15.151515,10.10101,15.151515,20.20202,100.0,50.0,0.0,0.0,0.0,0.0,0.0,0.0,50.25,57.5,76.610836,68.255926,3.0
2026-06-24T15:27:17.986436396Z,1000,per_hit,raw_percent_of_host,api-node1,api-node2,5,5,10,15.151515,10.10101,15.151515,20.20202,100.0,50.0,0.0,0.0,0.0,0.0,0.0,0.0,50.0,63.8,76.610836,76.463769,3.0
2026-06-24T15:27:18.986426051Z,1000,per_hit,raw_percent_of_host,api-node1,api-node2,7,3,10,25.0,1.010101,25.0,2.020202,100.0,50.0,0.0,0.0,0.0,0.0,0.0,0.0,50.0,50.0,76.316703,57.765962,3.0
2026-06-24T15:27:19.986427936Z,1000,per_hit,raw_percent_of_host,api-node1,api-node2,9,1,10,25.252525,5.050505,25.252525,10.10101,100.0,50.0,0.0,0.0,0.0,0.0,0.0,0.0,50.111111,61.0,76.100469,63.452484,3.0
2026-06-24T15:27:20.986429509Z,1000,per_hit,raw_percent_of_host,api-node1,api-node2,7,3,10,20.20202,5.050505,20.20202,10.10101,100.0,50.0,0.0,0.0,0.0,0.0,0.0,0.0,50.0,87.0,76.316703,65.995915,3.0
2026-06-24T15:27:21.986429754Z,1000,per_hit,raw_percent_of_host,api-node1,api-node2,6,4,10,20.792079,10.10101,20.792079,20.20202,100.0,50.0,0.0,0.0,0.0,0.0,0.0,0.0,50.0,52.25,76.610836,55.227343,3.0
2026-06-24T15:27:22.986426404Z,1000,per_hit,raw_percent_of_host,api-node1,api-node2,5,5,10,21.212121,15.0,21.212121,30.0,100.0,50.0,0.0,0.0,0.0,0.0,0.0,0.0,50.0,62.2,76.316703,57.890737,3.0
2026-06-24T15:27:23.986430551Z,1000,per_hit,raw_percent_of_host,api-node1,api-node2,6,4,10,21.0,5.050505,21.0,10.10101,100.0,50.0,0.0,0.0,0.0,0.0,0.0,0.0,50.0,50.0,76.610836,76.463769,3.0
2026-06-24T15:27:24.986426299Z,1000,per_hit,raw_percent_of_host,api-node1,api-node2,6,4,10,10.204082,10.10101,10.204082,20.20202,100.0,50.0,0.0,0.0,0.0,0.0,0.0,0.0,50.0,79.0,76.316703,68.686411,3.0
2026-06-24T15:27:25.986429512Z,1000,per_hit,raw_percent_of_host,api-node1,api-node2,3,7,10,6.122449,15.306122,6.122449,30.612245,100.0,50.0,0.0,0.0,0.0,0.0,0.0,0.0,50.0,53.0,76.463769,68.539345,3.0
2026-06-24T15:27:26.986429342Z,1000,per_hit,raw_percent_of_host,api-node1,api-node2,7,3,10,20.20202,11.111111,20.20202,22.222222,100.0,50.0,0.0,0.0,0.0,0.0,0.0,0.0,50.0,55.0,76.316703,63.305418,3.0
2026-06-24T15:27:27.986430027Z,1000,per_hit,raw_percent_of_host,api-node1,api-node2,9,1,10,31.0,6.060606,31.0,12.121212,100.0,50.0,0.0,0.0,0.0,0.0,0.0,0.0,50.111111,50.0,76.100469,74.214471,3.0
2026-06-24T15:27:28.986428517Z,1000,per_hit,raw_percent_of_host,api-node1,api-node2,4,6,10,20.20202,10.891089,20.20202,21.782178,100.0,50.0,0.0,0.0,0.0,0.0,0.0,0.0,50.0,62.166667,76.463769,76.346904,3.0
2026-06-24T15:27:29.986431486Z,1000,per_hit,raw_percent_of_host,api-node1,api-node2,7,3,10,19.417476,11.0,19.417476,22.0,100.0,50.0,0.0,0.0,0.0,0.0,0.0,0.0,50.0,52.333333,76.18035,53.044642,3.0
2026-06-24T15:27:30.986426594Z,1000,per_hit,raw_percent_of_host,api-node1,api-node2,4,6,10,10.10101,15.0,10.10101,30.0,100.0,50.0,0.0,0.0,0.0,0.0,0.0,0.0,50.0,65.666667,76.757902,65.565429,3.0
2026-06-24T15:27:31.986430652Z,1000,per_hit,raw_percent_of_host,api-node1,api-node2,6,4,10,26.0,10.10101,26.0,20.20202,100.0,50.0,0.0,0.0,0.0,0.0,0.0,0.0,50.0,57.5,76.610836,63.305418,3.0
2026-06-24T15:27:32.986445377Z,1000,per_hit,raw_percent_of_host,api-node1,api-node2,3,7,10,0.0,14.141414,0.0,28.282828,100.0,50.0,0.0,0.0,0.0,0.0,0.0,0.0,50.0,81.0,76.904968,57.912494,3.0
2026-06-24T15:27:33.986427026Z,1000,per_hit,raw_percent_of_host,api-node1,api-node2,7,3,10,20.20202,10.891089,20.20202,21.782178,100.0,50.0,0.0,0.0,0.0,0.0,0.0,0.0,50.0,53.0,76.463769,55.233927,3.0
2026-06-24T15:27:34.986428727Z,1000,per_hit,raw_percent_of_host,api-node1,api-node2,4,6,10,15.151515,5.050505,15.151515,10.10101,100.0,50.0,0.0,0.0,0.0,0.0,0.0,0.0,50.0,66.833333,76.757902,70.946423,3.0
2026-06-24T15:27:35.986426309Z,1000,per_hit,raw_percent_of_host,api-node1,api-node2,4,6,10,18.181818,10.10101,18.181818,20.20202,100.0,50.0,0.0,0.0,0.0,0.0,0.0,0.0,50.0,68.0,76.904968,50.0,3.0
2026-06-24T15:27:36.986426635Z,1000,per_hit,raw_percent_of_host,api-node1,api-node2,3,7,10,15.151515,10.10101,15.151515,20.20202,100.0,50.0,0.0,0.0,0.0,0.0,0.0,0.0,50.0,80.428571,76.757902,60.562433,3.0
2026-06-24T15:27:37.986429512Z,1000,per_hit,raw_percent_of_host,api-node1,api-node2,7,3,10,20.20202,5.050505,20.20202,10.10101,100.0,50.0,0.0,0.0,0.0,0.0,0.0,0.0,50.0,86.0,76.316703,49.840176,3.0
2026-06-24T15:27:38.9864269Z,1000,per_hit,raw_percent_of_host,api-node1,api-node2,7,3,10,25.252525,1.0,25.252525,2.0,100.0,50.0,0.0,0.0,0.0,0.0,0.0,0.0,50.0,70.666667,76.316703,57.924424,3.0
2026-06-24T15:27:39.986426591Z,1000,per_hit,raw_percent_of_host,api-node1,api-node2,6,4,10,15.151515,10.10101,15.151515,20.20202,100.0,50.0,0.0,0.0,0.0,0.0,0.0,0.0,50.0,65.25,76.316703,63.941537,3.0
2026-06-24T15:27:40.986426989Z,1000,per_hit,raw_percent_of_host,api-node1,api-node2,5,5,10,10.0,10.10101,10.0,20.20202,100.0,50.0,0.0,0.0,0.0,0.0,0.0,0.0,50.0,75.6,76.463769,60.612729,3.0
2026-06-24T15:27:41.986426344Z,1000,per_hit,raw_percent_of_host,api-node1,api-node2,8,2,10,30.30303,5.050505,30.30303,10.10101,100.0,50.0,0.0,0.0,0.0,0.0,0.0,0.0,50.0,50.0,76.033284,74.214471,3.0
2026-06-24T15:27:42.986428604Z,1000,per_hit,raw_percent_of_host,api-node1,api-node2,4,6,10,16.161616,10.10101,16.161616,20.20202,100.0,50.0,0.0,0.0,0.0,0.0,0.0,0.0,50.0,68.333333,76.757902,63.158352,3.0
2026-06-24T15:27:43.986428752Z,1000,per_hit,raw_percent_of_host,api-node1,api-node2,5,5,10,15.151515,11.0,15.151515,22.0,100.0,50.0,0.0,0.0,0.0,0.0,0.0,0.0,50.0,51.6,76.610836,63.119644,3.0
2026-06-24T15:27:44.986429885Z,1000,per_hit,raw_percent_of_host,api-node1,api-node2,6,4,10,25.252525,5.050505,25.252525,10.10101,100.0,50.0,0.0,0.0,0.0,0.0,0.0,0.0,50.0,55.5,76.463769,76.474483,3.0
2026-06-24T15:27:45.986426858Z,1000,per_hit,raw_percent_of_host,api-node1,api-node2,4,6,10,16.831683,10.10101,16.831683,20.20202,100.0,50.0,0.0,0.0,0.0,0.0,0.0,0.0,50.0,73.833333,76.610836,63.450293,3.0
2026-06-24T15:27:46.986426994Z,1000,per_hit,raw_percent_of_host,api-node1,api-node2,7,3,10,20.20202,10.10101,20.20202,20.20202,100.0,50.0,0.0,0.0,0.0,0.0,0.0,0.0,50.0,52.0,76.316703,72.673275,3.0
2026-06-24T15:27:47.986426265Z,1000,per_hit,raw_percent_of_host,api-node1,api-node2,6,4,10,15.151515,10.0,15.151515,20.0,100.0,50.0,0.0,0.0,0.0,0.0,0.0,0.0,50.0,64.25,76.463769,64.454718,3.0
2026-06-24T15:27:48.986426394Z,1000,per_hit,raw_percent_of_host,api-node1,api-node2,4,6,10,10.0,14.141414,10.0,28.282828,100.0,50.0,0.0,0.0,0.0,0.0,0.0,0.0,50.0,91.5,76.463769,57.836741,3.0
2026-06-24T15:27:49.986427759Z,1000,per_hit,raw_percent_of_host,api-node1,api-node2,6,4,10,15.151515,10.10101,15.151515,20.20202,100.0,50.0,0.0,0.0,0.0,0.0,0.0,0.0,50.0,53.25,76.18035,71.376908,3.0
2026-06-24T15:27:50.986426265Z,1000,per_hit,raw_percent_of_host,api-node1,api-node2,4,6,10,20.20202,16.0,20.20202,32.0,100.0,50.0,0.0,0.0,0.0,0.0,0.0,0.0,50.0,67.0,76.463769,71.034913,3.0
2026-06-24T15:27:51.986430658Z,1000,per_hit,raw_percent_of_host,api-node1,api-node2,7,4,11,19.230769,9.090909,19.230769,18.181818,100.0,50.0,0.0,0.0,0.0,0.0,0.0,0.0,50.0,70.25,77.222946,49.917401,3.0
2026-06-24T15:27:52.986430796Z,1000,per_hit,raw_percent_of_host,api-node1,api-node2,6,4,10,26.0,11.0,26.0,22.0,100.0,50.0,0.0,0.0,0.0,0.0,0.0,0.0,50.0,51.5,76.463769,66.178668,3.0
2026-06-24T15:27:53.986426323Z,1000,per_hit,raw_percent_of_host,api-node1,api-node2,4,6,10,15.151515,15.151515,15.151515,30.30303,100.0,50.0,0.0,0.0,0.0,0.0,0.0,0.0,50.0,60.5,76.463769,76.610836,3.0
2026-06-24T15:27:54.986428176Z,1000,per_hit,raw_percent_of_host,api-node1,api-node2,5,5,10,21.0,14.285714,21.0,28.571429,100.0,50.0,0.0,0.0,0.0,0.0,0.0,0.0,50.2,66.8,76.539607,55.158668,3.0
2026-06-24T15:27:55.986427058Z,1000,per_hit,raw_percent_of_host,api-node1,api-node2,5,5,10,15.151515,15.151515,15.151515,30.30303,100.0,50.0,0.0,0.0,0.0,0.0,0.0,0.0,50.0,54.2,76.610836,63.158352,3.0
2026-06-24T15:27:56.98643461Z,1000,per_hit,raw_percent_of_host,api-node1,api-node2,6,4,10,20.20202,0.0,20.20202,0.0,100.0,50.0,0.0,0.0,0.0,0.0,0.0,0.0,50.0,96.75,76.610836,78.434111,3.0
2026-06-24T15:27:57.986426513Z,1000,per_hit,raw_percent_of_host,api-node1,api-node2,3,7,10,5.050505,16.161616,5.050505,32.323232,100.0,50.0,0.0,0.0,0.0,0.0,0.0,0.0,50.0,71.571429,76.610836,63.530701,3.0
2026-06-24T15:27:58.986426305Z,1000,per_hit,raw_percent_of_host,api-node1,api-node2,6,4,10,10.10101,10.204082,10.10101,20.408163,100.0,50.0,0.0,0.0,0.0,0.0,0.0,0.0,50.0,67.0,76.610836,55.233927,3.0
2026-06-24T15:27:59.986427866Z,1000,per_hit,raw_percent_of_host,api-node1,api-node2,3,7,10,10.10101,15.0,10.10101,30.0,100.0,50.0,0.0,0.0,0.0,0.0,0.0,0.0,50.0,71.714286,76.757902,62.366898,3.0
2026-06-24T15:28:00.986436877Z,1000,per_hit,raw_percent_of_host,api-node1,api-node2,6,4,10,21.782178,11.0,21.782178,22.0,100.0,50.0,0.0,0.0,0.0,0.0,0.0,0.0,50.0,52.5,76.610836,68.833478,3.0
2026-06-24T15:28:01.986429878Z,1000,per_hit,raw_percent_of_host,api-node1,api-node2,5,5,10,15.151515,10.10101,15.151515,20.20202,100.0,50.0,0.0,0.0,0.0,0.0,0.0,0.0,50.0,50.0,76.610836,76.463769,3.0
2026-06-24T15:28:02.986429802Z,1000,per_hit,raw_percent_of_host,api-node1,api-node2,7,3,10,15.151515,10.10101,15.151515,20.20202,100.0,50.0,0.0,0.0,0.0,0.0,0.0,0.0,50.0,57.333333,76.463769,63.158352,3.0
2026-06-24T15:28:03.986427027Z,1000,per_hit,raw_percent_of_host,api-node1,api-node2,6,4,10,20.20202,10.10101,20.20202,20.20202,100.0,50.0,0.0,0.0,0.0,0.0,0.0,0.0,50.0,50.0,76.316703,71.899284,3.0
2026-06-24T15:28:04.986429735Z,1000,per_hit,raw_percent_of_host,api-node1,api-node2,5,5,10,20.20202,5.050505,20.20202,10.10101,100.0,50.0,0.0,0.0,0.0,0.0,0.0,0.0,50.0,65.6,76.757902,76.18035,3.0
2026-06-24T15:28:05.986430955Z,1000,per_hit,raw_percent_of_host,api-node1,api-node2,8,4,12,20.408163,10.10101,20.408163,20.20202,100.0,50.0,0.0,0.0,0.0,0.0,0.0,0.0,50.0,53.333333,76.465823,49.962048,3.0
2026-06-24T15:28:06.986431802Z,1000,per_hit,raw_percent_of_host,api-node1,api-node2,4,6,10,15.306122,15.306122,15.306122,30.612245,100.0,50.0,0.0,0.0,0.0,0.0,0.0,0.0,50.0,50.0,76.463769,76.610836,3.0
2026-06-24T15:28:07.986426545Z,1000,per_hit,raw_percent_of_host,api-node1,api-node2,5,5,10,15.151515,14.141414,15.151515,28.282828,100.0,50.0,0.0,0.0,0.0,0.0,0.0,0.0,50.0,62.2,76.463769,65.818029,3.0
2026-06-24T15:28:08.986428504Z,1000,per_hit,raw_percent_of_host,api-node1,api-node2,4,6,10,15.151515,10.10101,15.151515,20.20202,100.0,50.0,0.0,0.0,0.0,0.0,0.0,0.0,50.0,83.0,76.610836,68.539345,3.0
2026-06-24T15:28:09.98642708Z,1000,per_hit,raw_percent_of_host,api-node1,api-node2,8,2,10,20.0,10.10101,20.0,20.20202,100.0,50.0,0.0,0.0,0.0,0.0,0.0,0.0,50.0,50.0,76.316703,57.974508,3.0
2026-06-24T15:28:10.986426554Z,1000,per_hit,raw_percent_of_host,api-node1,api-node2,5,5,10,15.151515,16.161616,15.151515,32.323232,100.0,50.0,0.0,0.0,0.0,0.0,0.0,0.0,50.0,52.0,76.757902,70.923807,3.0
2026-06-24T15:28:11.98642645Z,1000,per_hit,raw_percent_of_host,api-node1,api-node2,5,5,10,15.151515,10.10101,15.151515,20.20202,100.0,50.0,0.0,0.0,0.0,0.0,0.0,0.0,50.0,54.6,76.757902,74.546015,3.0
2026-06-24T15:28:12.986428707Z,1000,per_hit,raw_percent_of_host,api-node1,api-node2,4,6,10,20.20202,10.10101,20.20202,20.20202,100.0,50.0,0.0,0.0,0.0,0.0,0.0,0.0,50.0,65.5,76.610836,76.327417,3.0
2026-06-24T15:28:13.986426841Z,1000,per_hit,raw_percent_of_host,api-node1,api-node2,8,2,10,21.782178,10.10101,21.782178,20.20202,100.0,50.0,0.0,0.0,0.0,0.0,0.0,0.0,50.0,55.5,76.316703,55.203108,3.0
2026-06-24T15:28:14.98643645Z,1000,per_hit,raw_percent_of_host,api-node1,api-node2,3,7,10,10.10101,14.141414,10.10101,28.282828,100.0,50.0,0.0,0.0,0.0,0.0,0.0,0.0,50.0,72.142857,76.757902,74.756105,3.0
2026-06-24T15:28:15.986429066Z,1000,per_hit,raw_percent_of_host,api-node1,api-node2,10,0,10,30.0,0.0,30.0,0.0,100.0,50.0,0.0,0.0,0.0,0.0,0.0,0.0,50.0,0.0,76.169637,60.020396,3.0
2026-06-24T15:28:16.98642967Z,1000,per_hit,raw_percent_of_host,api-node1,api-node2,5,5,10,15.151515,10.10101,15.151515,20.20202,100.0,50.0,0.0,0.0,0.0,0.0,0.0,0.0,50.0,73.0,76.610836,69.406004,3.0
2026-06-24T15:28:17.986426359Z,1000,per_hit,raw_percent_of_host,api-node1,api-node2,4,6,10,10.891089,14.141414,10.891089,28.282828,100.0,50.0,0.0,0.0,0.0,0.0,0.0,0.0,50.0,74.5,76.757902,65.655034,3.0
2026-06-24T15:28:18.986426664Z,1000,per_hit,raw_percent_of_host,api-node1,api-node2,3,7,10,10.10101,10.10101,10.10101,20.20202,100.0,50.0,0.0,0.0,0.0,0.0,0.0,0.0,50.0,78.0,76.904968,68.392279,3.0
2026-06-24T15:28:19.986427509Z,1000,per_hit,raw_percent_of_host,api-node1,api-node2,8,2,10,20.20202,6.0,20.20202,12.0,100.0,50.0,0.0,0.0,0.0,0.0,0.0,0.0,50.0,79.5,76.169637,49.806034,3.0
2026-06-24T15:28:20.986427354Z,1000,per_hit,raw_percent_of_host,api-node1,api-node2,2,8,10,5.050505,19.191919,5.050505,38.383838,100.0,50.0,0.0,0.0,0.0,0.0,0.0,0.0,50.5,89.875,76.857483,55.179648,3.0
2026-06-24T15:28:21.986438896Z,1000,per_hit,raw_percent_of_host,api-node1,api-node2,8,2,10,26.0,5.050505,26.0,10.10101,100.0,50.0,0.0,0.0,0.0,0.0,0.0,0.0,50.0,54.5,76.29296,49.736275,3.0
2026-06-24T15:28:22.986426482Z,1000,per_hit,raw_percent_of_host,api-node1,api-node2,4,6,10,16.161616,16.0,16.161616,32.0,100.0,50.0,0.0,0.0,0.0,0.0,0.0,0.0,50.0,51.5,76.463769,71.335254,3.0
2026-06-24T15:28:23.986426215Z,1000,per_hit,raw_percent_of_host,api-node1,api-node2,5,5,10,21.0,10.10101,21.0,20.20202,100.0,50.0,0.0,0.0,0.0,0.0,0.0,0.0,50.0,64.2,76.610836,68.675577,3.0
2026-06-24T15:28:24.986427212Z,1000,per_hit,raw_percent_of_host,api-node1,api-node2,3,7,10,11.0,19.0,11.0,38.0,100.0,50.0,0.0,0.0,0.0,0.0,0.0,0.0,50.0,68.857143,76.610836,57.924424,3.0
2026-06-24T15:28:25.986428914Z,1000,per_hit,raw_percent_of_host,api-node1,api-node2,7,3,10,15.0,14.141414,15.0,28.282828,100.0,50.0,0.0,0.0,0.0,0.0,0.0,0.0,50.0,71.333333,76.463769,62.823998,3.0
2026-06-24T15:28:26.986429459Z,1000,per_hit,raw_percent_of_host,api-node1,api-node2,2,8,10,5.050505,15.0,5.050505,30.0,100.0,50.0,0.0,0.0,0.0,0.0,0.0,0.0,50.0,80.25,76.757902,77.371519,3.0
2026-06-24T15:28:27.986426238Z,1000,per_hit,raw_percent_of_host,api-node1,api-node2,8,2,10,30.30303,6.0,30.30303,12.0,100.0,50.0,0.0,0.0,0.0,0.0,0.0,0.0,50.0,50.0,76.610836,74.214471,3.0
2026-06-24T15:28:28.986426901Z,1000,per_hit,raw_percent_of_host,api-node1,api-node2,7,3,10,20.20202,6.0,20.20202,12.0,100.0,50.0,0.0,0.0,0.0,0.0,0.0,0.0,50.0,53.666667,76.610836,71.229842,3.0
2026-06-24T15:28:29.986426222Z,1000,per_hit,raw_percent_of_host,api-node1,api-node2,7,3,10,26.0,5.050505,26.0,10.10101,100.0,50.0,0.0,0.0,0.0,0.0,0.0,0.0,50.0,81.0,76.463769,76.463769,3.0
2026-06-24T15:28:30.986436375Z,1000,per_hit,raw_percent_of_host,api-node1,api-node2,5,5,10,15.151515,10.10101,15.151515,20.20202,100.0,50.0,0.0,0.0,0.0,0.0,0.0,0.0,50.0,65.6,76.757902,63.118971,3.0
2026-06-24T15:28:31.98642645Z,1000,per_hit,raw_percent_of_host,api-node1,api-node2,7,3,10,25.252525,10.0,25.252525,20.0,100.0,50.0,0.0,0.0,0.0,0.0,0.0,0.0,50.0,60.0,76.316703,60.761987,3.0
2026-06-24T15:28:32.986427459Z,1000,per_hit,raw_percent_of_host,api-node1,api-node2,6,4,10,15.151515,15.841584,15.151515,31.683168,100.0,50.0,0.0,0.0,0.0,0.0,0.0,0.0,50.0,65.5,76.316703,63.305418,3.0
2026-06-24T15:28:33.986430779Z,1000,per_hit,raw_percent_of_host,api-node1,api-node2,5,5,10,25.252525,5.050505,25.252525,10.10101,100.0,50.0,0.0,0.0,0.0,0.0,0.0,0.0,50.0,68.2,76.463769,76.474483,3.0
2026-06-24T15:28:34.986426212Z,1000,per_hit,raw_percent_of_host,api-node1,api-node2,7,3,10,24.271845,6.0,24.271845,12.0,100.0,50.0,0.0,0.0,0.0,0.0,0.0,0.0,50.0,83.333333,76.316703,50.0,3.0
2026-06-24T15:28:35.986426239Z,1000,per_hit,raw_percent_of_host,api-node1,api-node2,6,4,10,20.20202,5.050505,20.20202,10.10101,100.0,50.0,0.0,0.0,0.0,0.0,0.0,0.0,50.0,52.25,76.463769,57.924424,3.0
2026-06-24T15:28:36.986426276Z,1000,per_hit,raw_percent_of_host,api-node1,api-node2,3,7,10,6.930693,14.141414,6.930693,28.282828,100.0,50.0,0.0,0.0,0.0,0.0,0.0,0.0,50.0,80.285714,76.904968,57.825782,3.0
2026-06-24T15:28:37.986431111Z,1000,per_hit,raw_percent_of_host,api-node1,api-node2,7,3,10,15.151515,10.10101,15.151515,20.20202,100.0,50.0,0.0,0.0,0.0,0.0,0.0,0.0,50.0,57.0,76.316703,63.305418,3.0
2026-06-24T15:28:38.986428911Z,1000,per_hit,raw_percent_of_host,api-node1,api-node2,9,1,10,25.252525,6.0,25.252525,12.0,100.0,50.0,0.0,0.0,0.0,0.0,0.0,0.0,50.0,50.0,76.316703,74.078014,3.0
2026-06-24T15:28:39.986426844Z,1000,per_hit,raw_percent_of_host,api-node1,api-node2,6,4,10,21.0,5.0,21.0,10.0,100.0,50.0,0.0,0.0,0.0,0.0,0.0,0.0,50.0,77.0,76.316703,68.833478,3.0
2026-06-24T15:28:40.986429825Z,1000,per_hit,raw_percent_of_host,api-node1,api-node2,5,5,10,14.285714,5.050505,14.285714,10.10101,100.0,50.0,0.0,0.0,0.0,0.0,0.0,0.0,50.0,72.0,76.463769,68.686411,3.0
2026-06-24T15:28:41.986430194Z,1000,per_hit,raw_percent_of_host,api-node1,api-node2,6,4,10,15.151515,6.930693,15.151515,13.861386,100.0,50.0,0.0,0.0,0.0,0.0,0.0,0.0,50.0,87.25,76.610836,56.781358,3.0
2026-06-24T15:28:42.986426216Z,1000,per_hit,raw_percent_of_host,api-node1,api-node2,3,7,10,16.161616,15.151515,16.161616,30.30303,100.0,50.0,0.0,0.0,0.0,0.0,0.0,0.0,50.0,71.285714,76.610836,60.614921,3.0
2026-06-24T15:28:43.986426813Z,1000,per_hit,raw_percent_of_host,api-node1,api-node2,6,4,10,21.212121,10.10101,21.212121,20.20202,100.0,50.0,0.0,0.0,0.0,0.0,0.0,0.0,50.0,50.5,76.610836,58.07149,3.0
2026-06-24T15:28:44.986426356Z,1000,per_hit,raw_percent_of_host,api-node1,api-node2,7,3,10,25.742574,5.050505,25.742574,10.10101,100.0,50.0,0.0,0.0,0.0,0.0,0.0,0.0,50.0,50.0,76.316703,76.610836,3.0
2026-06-24T15:28:45.986426352Z,1000,per_hit,raw_percent_of_host,api-node1,api-node2,6,4,10,15.151515,10.10101,15.151515,20.20202,100.0,50.0,0.0,0.0,0.0,0.0,0.0,0.0,50.0,50.0,76.316703,76.757902,3.0
2026-06-24T15:28:46.986426591Z,1000,per_hit,raw_percent_of_host,api-node1,api-node2,5,5,10,10.0,15.0,10.0,30.0,100.0,50.0,0.0,0.0,0.0,0.0,0.0,0.0,50.0,63.0,76.610836,71.063372,3.0
2026-06-24T15:28:47.986426247Z,1000,per_hit,raw_percent_of_host,api-node1,api-node2,6,4,10,21.0,14.851485,21.0,29.70297,100.0,50.0,0.0,0.0,0.0,0.0,0.0,0.0,50.0,69.0,76.463769,57.924424,3.0
2026-06-24T15:28:48.986426332Z,1000,per_hit,raw_percent_of_host,api-node1,api-node2,10,0,10,29.292929,0.0,29.292929,0.0,100.0,50.0,0.0,0.0,0.0,0.0,0.0,0.0,50.0,0.0,76.169637,58.72262,3.0
2026-06-24T15:28:49.986433508Z,1000,per_hit,raw_percent_of_host,api-node1,api-node2,5,5,10,20.20202,10.10101,20.20202,20.20202,100.0,50.0,0.0,0.0,0.0,0.0,0.0,0.0,50.0,55.4,76.316703,76.655387,3.0
2026-06-24T15:28:50.986426689Z,1000,per_hit,raw_percent_of_host,api-node1,api-node2,7,3,10,15.151515,15.151515,15.151515,30.30303,100.0,50.0,0.0,0.0,0.0,0.0,0.0,0.0,50.0,67.333333,76.316703,68.686411,3.0
2026-06-24T15:28:51.986427198Z,1000,per_hit,raw_percent_of_host,api-node1,api-node2,5,5,10,15.0,10.10101,15.0,20.20202,100.0,50.0,0.0,0.0,0.0,0.0,0.0,0.0,50.0,54.0,76.610836,68.255926,3.0
2026-06-24T15:28:52.9864297Z,1000,per_hit,raw_percent_of_host,api-node1,api-node2,4,6,10,10.10101,15.151515,10.10101,30.30303,100.0,50.0,0.0,0.0,0.0,0.0,0.0,0.0,50.0,70.5,76.610836,63.158352,3.0
2026-06-24T15:28:53.986426347Z,1000,per_hit,raw_percent_of_host,api-node1,api-node2,5,5,10,20.20202,10.0,20.20202,20.0,100.0,50.0,0.0,0.0,0.0,0.0,0.0,0.0,50.0,63.6,76.463769,76.610836,3.0
2026-06-24T15:28:54.986430801Z,1000,per_hit,raw_percent_of_host,api-node1,api-node2,7,3,10,25.252525,10.10101,25.252525,20.20202,100.0,50.0,0.0,0.0,0.0,0.0,0.0,0.0,50.0,61.666667,76.463769,60.562433,3.0
2026-06-24T15:28:55.98642632Z,1000,per_hit,raw_percent_of_host,api-node1,api-node2,3,7,10,16.0,15.151515,16.0,30.30303,100.0,50.0,0.0,0.0,0.0,0.0,0.0,0.0,50.0,62.714286,76.757902,73.489854,3.0
2026-06-24T15:28:56.986433903Z,1000,per_hit,raw_percent_of_host,api-node1,api-node2,6,4,10,20.20202,6.0,20.20202,12.0,100.0,50.0,0.0,0.0,0.0,0.0,0.0,0.0,50.0,50.0,76.610836,68.463441,3.0
2026-06-24T15:28:57.986427531Z,1000,per_hit,raw_percent_of_host,api-node1,api-node2,5,5,10,15.151515,11.0,15.151515,22.0,100.0,50.0,0.0,0.0,0.0,0.0,0.0,0.0,50.0,55.0,76.904968,70.799357,3.0
2026-06-24T15:28:58.986429285Z,1000,per_hit,raw_percent_of_host,api-node1,api-node2,6,4,10,25.252525,10.10101,25.252525,20.20202,100.0,50.0,0.0,0.0,0.0,0.0,0.0,0.0,50.0,55.25,76.610836,76.327417,3.0
2026-06-24T15:28:59.986429013Z,1000,per_hit,raw_percent_of_host,api-node1,api-node2,5,5,10,10.10101,19.191919,10.10101,38.383838,100.0,50.0,0.0,0.0,0.0,0.0,0.0,0.0,50.0,62.6,76.316703,62.669162,3.0
2026-06-24T15:29:00.986429589Z,1000,per_hit,raw_percent_of_host,api-node1,api-node2,4,6,10,10.204082,20.0,10.204082,40.0,100.0,50.0,0.0,0.0,0.0,0.0,0.0,0.0,50.0,61.833333,76.610836,55.22539,3.0
2026-06-24T15:29:01.986426987Z,1000,per_hit,raw_percent_of_host,api-node1,api-node2,4,6,10,15.151515,10.10101,15.151515,20.20202,100.0,50.0,0.0,0.0,0.0,0.0,0.0,0.0,50.0,66.166667,76.757902,68.255926,3.0
2026-06-24T15:29:02.986427587Z,1000,per_hit,raw_percent_of_host,api-node1,api-node2,5,5,10,16.161616,11.0,16.161616,22.0,100.0,50.0,0.0,0.0,0.0,0.0,0.0,0.0,50.0,58.0,76.757902,55.073529,3.0
2026-06-24T15:29:03.986428265Z,1000,per_hit,raw_percent_of_host,api-node1,api-node2,4,6,10,10.0,15.151515,10.0,30.30303,100.0,50.0,0.0,0.0,0.0,0.0,0.0,0.0,50.0,67.833333,76.610836,68.539345,3.0
2026-06-24T15:29:04.986429634Z,1000,per_hit,raw_percent_of_host,api-node1,api-node2,4,6,10,5.050505,15.841584,5.050505,31.683168,100.0,50.0,0.0,0.0,0.0,0.0,0.0,0.0,50.0,61.166667,76.610836,71.068108,3.0
2026-06-24T15:29:05.986426226Z,1000,per_hit,raw_percent_of_host,api-node1,api-node2,5,5,10,15.151515,14.0,15.151515,28.0,100.0,50.0,0.0,0.0,0.0,0.0,0.0,0.0,50.0,61.0,76.463769,65.848848,3.0
2026-06-24T15:29:06.986430681Z,1000,per_hit,raw_percent_of_host,api-node1,api-node2,7,3,10,15.306122,10.10101,15.306122,20.20202,100.0,50.0,0.0,0.0,0.0,0.0,0.0,0.0,50.0,50.0,76.463769,76.610836,3.0
2026-06-24T15:29:07.986426244Z,1000,per_hit,raw_percent_of_host,api-node1,api-node2,7,3,10,26.470588,1.0,26.470588,2.0,100.0,50.0,0.0,0.0,0.0,0.0,0.0,0.0,50.0,50.0,76.316703,76.757902,3.0
2026-06-24T15:29:08.986429483Z,1000,per_hit,raw_percent_of_host,api-node1,api-node2,6,4,10,15.151515,10.10101,15.151515,20.20202,100.0,50.0,0.0,0.0,0.0,0.0,0.0,0.0,50.0,52.5,76.610836,71.082776,3.0
2026-06-24T15:29:09.986430188Z,1000,per_hit,raw_percent_of_host,api-node1,api-node2,6,4,10,15.151515,10.0,15.151515,20.0,100.0,50.0,0.0,0.0,0.0,0.0,0.0,0.0,50.0,55.75,76.610836,76.169339,3.0
2026-06-24T15:29:10.986429424Z,1000,per_hit,raw_percent_of_host,api-node1,api-node2,6,4,10,15.0,14.851485,15.0,29.70297,100.0,50.0,0.0,0.0,0.0,0.0,0.0,0.0,50.0,73.0,76.610836,49.985632,3.0
2026-06-24T15:29:11.986426157Z,1000,per_hit,raw_percent_of_host,api-node1,api-node2,6,4,10,26.0,10.10101,26.0,20.20202,100.0,50.0,0.0,0.0,0.0,0.0,0.0,0.0,50.0,68.75,76.463769,60.614921,3.0
2026-06-24T15:29:12.986426305Z,1000,per_hit,raw_percent_of_host,api-node1,api-node2,7,3,10,15.151515,5.050505,15.151515,10.10101,100.0,50.0,0.0,0.0,0.0,0.0,0.0,0.0,50.142857,88.333333,76.18035,55.086563,3.0
2026-06-24T15:29:13.986429287Z,1000,per_hit,raw_percent_of_host,api-node1,api-node2,6,4,10,15.151515,10.0,15.151515,20.0,100.0,50.0,0.0,0.0,0.0,0.0,0.0,0.0,50.0,50.0,76.156608,68.686411,3.0
2026-06-24T15:29:14.986428134Z,1000,per_hit,raw_percent_of_host,api-node1,api-node2,3,7,10,15.151515,15.151515,15.151515,30.30303,100.0,50.0,0.0,0.0,0.0,0.0,0.0,0.0,50.0,62.857143,76.904968,76.033284,3.0
2026-06-24T15:29:15.986429489Z,1000,per_hit,raw_percent_of_host,api-node1,api-node2,8,2,10,26.0,5.050505,26.0,10.10101,100.0,50.0,0.0,0.0,0.0,0.0,0.0,0.0,50.0,66.0,76.463769,49.840176,3.0
2026-06-24T15:29:16.986427313Z,1000,per_hit,raw_percent_of_host,api-node1,api-node2,5,5,10,10.10101,10.10101,10.10101,20.20202,100.0,50.0,0.0,0.0,0.0,0.0,0.0,0.0,50.0,54.4,76.610836,63.158352,3.0
2026-06-24T15:29:17.986426941Z,1000,per_hit,raw_percent_of_host,api-node1,api-node2,5,5,10,20.20202,16.0,20.20202,32.0,100.0,50.0,0.0,0.0,0.0,0.0,0.0,0.0,50.0,55.2,76.757902,74.551816,3.0
2026-06-24T15:29:18.986426615Z,1000,per_hit,raw_percent_of_host,api-node1,api-node2,6,4,10,15.151515,15.151515,15.151515,30.30303,100.0,50.0,0.0,0.0,0.0,0.0,0.0,0.0,50.0,65.0,76.316703,63.294584,3.0
2026-06-24T15:29:19.986426284Z,1000,per_hit,raw_percent_of_host,api-node1,api-node2,5,5,10,16.0,10.10101,16.0,20.20202,100.0,50.0,0.0,0.0,0.0,0.0,0.0,0.0,50.0,77.8,76.610836,65.820035,3.0
2026-06-24T15:29:20.986428862Z,1000,per_hit,raw_percent_of_host,api-node1,api-node2,7,3,10,20.20202,5.050505,20.20202,10.10101,100.0,50.0,0.0,0.0,0.0,0.0,0.0,0.0,50.0,52.666667,76.316703,58.07149,3.0
2026-06-24T15:29:21.986430329Z,1000,per_hit,raw_percent_of_host,api-node1,api-node2,6,4,10,15.0,10.10101,15.0,20.20202,100.0,50.0,0.0,0.0,0.0,0.0,0.0,0.0,50.0,55.25,76.316703,71.376908,3.0
2026-06-24T15:29:22.986426213Z,1000,per_hit,raw_percent_of_host,api-node1,api-node2,7,3,10,21.212121,5.050505,21.212121,10.10101,100.0,50.0,0.0,0.0,0.0,0.0,0.0,0.0,50.0,50.0,76.610836,76.463769,3.0
2026-06-24T15:29:23.986426161Z,1000,per_hit,raw_percent_of_host,api-node1,api-node2,8,2,10,25.252525,10.10101,25.252525,20.20202,100.0,50.0,0.0,0.0,0.0,0.0,0.0,0.0,50.0,55.5,76.316703,63.305418,3.0
2026-06-24T15:29:24.986429455Z,1000,per_hit,raw_percent_of_host,api-node1,api-node2,6,4,10,20.792079,9.0,20.792079,18.0,100.0,50.0,0.0,0.0,0.0,0.0,0.0,0.0,50.0,70.0,76.610836,67.399332,3.0
2026-06-24T15:29:25.986441233Z,1000,per_hit,raw_percent_of_host,api-node1,api-node2,4,6,10,14.563107,15.151515,14.563107,30.30303,100.0,50.0,0.0,0.0,0.0,0.0,0.0,0.0,50.0,56.666667,76.610836,63.305418,3.0
2026-06-24T15:29:26.98642916Z,1000,per_hit,raw_percent_of_host,api-node1,api-node2,4,6,10,15.0,13.131313,15.0,26.262626,100.0,50.0,0.0,0.0,0.0,0.0,0.0,0.0,50.0,74.666667,76.610836,65.565429,3.0
2026-06-24T15:29:27.986429965Z,1000,per_hit,raw_percent_of_host,api-node1,api-node2,5,5,10,16.0,14.141414,16.0,28.282828,100.0,50.0,0.0,0.0,0.0,0.0,0.0,0.0,50.0,90.4,76.610836,71.2099,3.0
2026-06-24T15:29:28.986427086Z,1000,per_hit,raw_percent_of_host,api-node1,api-node2,5,5,10,10.10101,16.0,10.10101,32.0,100.0,50.0,0.0,0.0,0.0,0.0,0.0,0.0,50.0,53.4,76.463769,68.653909,3.0
2026-06-24T15:29:29.986426135Z,1000,per_hit,raw_percent_of_host,api-node1,api-node2,5,5,10,5.050505,11.0,5.050505,22.0,100.0,50.0,0.0,0.0,0.0,0.0,0.0,0.0,50.0,76.8,76.610836,63.147517,3.0
2026-06-24T15:29:30.986429366Z,1000,per_hit,raw_percent_of_host,api-node1,api-node2,5,5,10,10.10101,15.151515,10.10101,30.30303,100.0,50.0,0.0,0.0,0.0,0.0,0.0,0.0,50.0,73.0,76.316703,65.995915,3.0
2026-06-24T15:29:31.986426238Z,1000,per_hit,raw_percent_of_host,api-node1,api-node2,5,5,10,16.0,13.131313,16.0,26.262626,100.0,50.0,0.0,0.0,0.0,0.0,0.0,0.0,50.0,80.6,76.610836,63.009975,3.0
2026-06-24T15:29:32.986426183Z,1000,per_hit,raw_percent_of_host,api-node1,api-node2,5,5,10,15.0,15.0,15.0,30.0,100.0,50.0,0.0,0.0,0.0,0.0,0.0,0.0,50.0,66.4,76.463769,63.011285,3.0
2026-06-24T15:29:33.98642978Z,1000,per_hit,raw_percent_of_host,api-node1,api-node2,6,4,10,21.0,5.050505,21.0,10.10101,100.0,50.0,0.0,0.0,0.0,0.0,0.0,0.0,50.0,66.5,76.463769,68.686411,3.0
2026-06-24T15:29:34.986427067Z,1000,per_hit,raw_percent_of_host,api-node1,api-node2,2,8,10,5.050505,20.0,5.050505,40.0,100.0,50.0,0.0,0.0,0.0,0.0,0.0,0.0,50.0,63.0,76.610836,55.126075,3.0
2026-06-24T15:29:35.98642629Z,1000,per_hit,raw_percent_of_host,api-node1,api-node2,4,6,10,11.0,11.0,11.0,22.0,100.0,50.0,0.0,0.0,0.0,0.0,0.0,0.0,50.0,55.333333,76.757902,71.36447,3.0
2026-06-24T15:29:36.9864342Z,1000,per_hit,raw_percent_of_host,api-node1,api-node2,4,6,10,10.10101,10.10101,10.10101,20.20202,100.0,50.0,0.0,0.0,0.0,0.0,0.0,0.0,50.0,80.666667,76.316703,68.686411,3.0
2026-06-24T15:29:37.986426749Z,1000,per_hit,raw_percent_of_host,api-node1,api-node2,7,3,10,26.0,0.0,26.0,0.0,100.0,50.0,0.0,0.0,0.0,0.0,0.0,0.0,50.0,79.666667,76.463769,57.780542,3.0
2026-06-24T15:29:38.986428025Z,1000,per_hit,raw_percent_of_host,api-node1,api-node2,6,4,10,20.0,0.0,20.0,0.0,100.0,50.0,0.0,0.0,0.0,0.0,0.0,0.0,50.0,83.0,76.610836,63.203172,3.0
2026-06-24T15:29:39.986428297Z,1000,per_hit,raw_percent_of_host,api-node1,api-node2,8,2,10,25.252525,6.0,25.252525,12.0,100.0,50.0,0.0,0.0,0.0,0.0,0.0,0.0,50.0,66.5,76.316703,63.452484,3.0
2026-06-24T15:29:40.986426226Z,1000,per_hit,raw_percent_of_host,api-node1,api-node2,4,6,10,10.10101,16.0,10.10101,32.0,100.0,50.0,0.0,0.0,0.0,0.0,0.0,0.0,50.0,52.166667,76.610836,68.350625,3.0
2026-06-24T15:29:41.986426528Z,1000,per_hit,raw_percent_of_host,api-node1,api-node2,7,3,10,20.0,11.111111,20.0,22.222222,100.0,50.0,0.0,0.0,0.0,0.0,0.0,0.0,50.0,53.0,76.316703,71.065944,3.0
2026-06-24T15:29:42.986426154Z,1000,per_hit,raw_percent_of_host,api-node1,api-node2,4,6,10,10.204082,10.204082,10.204082,20.408163,100.0,50.0,0.0,0.0,0.0,0.0,0.0,0.0,50.0,57.5,76.610836,75.151881,3.0
2026-06-24T15:29:43.986426803Z,1000,per_hit,raw_percent_of_host,api-node1,api-node2,5,5,10,20.20202,15.151515,20.20202,30.30303,100.0,50.0,0.0,0.0,0.0,0.0,0.0,0.0,50.0,50.0,76.463769,76.610836,3.0
2026-06-24T15:29:44.986428763Z,1000,per_hit,raw_percent_of_host,api-node1,api-node2,7,3,10,22.680412,5.050505,22.680412,10.10101,100.0,50.0,0.0,0.0,0.0,0.0,0.0,0.0,50.0,53.333333,76.316703,71.376908,3.0
2026-06-24T15:29:45.986443381Z,1000,per_hit,raw_percent_of_host,api-node1,api-node2,4,6,10,10.10101,14.141414,10.10101,28.282828,100.0,50.0,0.0,0.0,0.0,0.0,0.0,0.0,50.0,78.666667,76.463769,57.914607,3.0
2026-06-24T15:29:46.986429912Z,1000,per_hit,raw_percent_of_host,api-node1,api-node2,5,5,10,15.151515,13.861386,15.151515,27.722772,100.0,50.0,0.0,0.0,0.0,0.0,0.0,0.0,50.0,65.8,76.463769,57.924424,3.0
2026-06-24T15:29:47.986429126Z,1000,per_hit,raw_percent_of_host,api-node1,api-node2,5,5,10,10.10101,10.10101,10.10101,20.20202,100.0,50.0,0.0,0.0,0.0,0.0,0.0,0.0,50.0,73.0,76.316703,68.686411,3.0
2026-06-24T15:29:48.986430055Z,1000,per_hit,raw_percent_of_host,api-node1,api-node2,6,4,10,20.20202,10.0,20.20202,20.0,100.0,50.0,0.0,0.0,0.0,0.0,0.0,0.0,50.0,52.0,76.316703,71.376908,3.0
2026-06-24T15:29:49.986427485Z,1000,per_hit,raw_percent_of_host,api-node1,api-node2,6,4,10,16.0,10.10101,16.0,20.20202,100.0,50.0,0.0,0.0,0.0,0.0,0.0,0.0,50.166667,78.25,76.327417,68.298292,3.0
2026-06-24T15:29:50.986429916Z,1000,per_hit,raw_percent_of_host,api-node1,api-node2,6,4,10,20.20202,14.0,20.20202,28.0,100.0,50.0,0.0,0.0,0.0,0.0,0.0,0.0,50.0,50.0,76.370859,73.920339,3.0
2026-06-24T15:29:51.986431111Z,1000,per_hit,raw_percent_of_host,api-node1,api-node2,8,2,10,25.252525,0.0,25.252525,0.0,100.0,50.0,0.0,0.0,0.0,0.0,0.0,0.0,50.125,60.0,76.223793,76.904968,3.0
2026-06-24T15:29:52.986426252Z,1000,per_hit,raw_percent_of_host,api-node1,api-node2,5,5,10,15.151515,9.090909,15.151515,18.181818,100.0,50.0,0.0,0.0,0.0,0.0,0.0,0.0,50.0,66.8,76.757902,60.505396,3.0
2026-06-24T15:29:53.986426238Z,1000,per_hit,raw_percent_of_host,api-node1,api-node2,2,8,10,5.0,15.151515,5.0,30.30303,100.0,50.0,0.0,0.0,0.0,0.0,0.0,0.0,50.0,73.75,76.757902,64.307652,3.0
2026-06-24T15:29:54.986426261Z,1000,per_hit,raw_percent_of_host,api-node1,api-node2,8,2,10,25.252525,1.0,25.252525,2.0,100.0,50.0,0.0,0.0,0.0,0.0,0.0,0.0,50.0,50.0,76.316703,57.034302,3.0
2026-06-24T15:29:55.986430716Z,1000,per_hit,raw_percent_of_host,api-node1,api-node2,5,5,10,10.10101,20.0,10.10101,40.0,100.0,50.0,0.0,0.0,0.0,0.0,0.0,0.0,50.0,64.6,76.463769,57.905601,3.0
2026-06-24T15:29:56.98642683Z,1000,per_hit,raw_percent_of_host,api-node1,api-node2,6,4,10,15.841584,8.080808,15.841584,16.161616,100.0,50.0,0.0,0.0,0.0,0.0,0.0,0.0,50.0,65.25,76.316703,63.305418,3.0
2026-06-24T15:29:57.986428765Z,1000,per_hit,raw_percent_of_host,api-node1,api-node2,5,5,10,21.0,15.151515,21.0,30.30303,100.0,50.0,0.0,0.0,0.0,0.0,0.0,0.0,50.0,56.4,76.757902,63.158352,3.0
2026-06-24T15:29:58.986429707Z,1000,per_hit,raw_percent_of_host,api-node1,api-node2,7,3,10,20.20202,5.940594,20.20202,11.881188,100.0,50.0,0.0,0.0,0.0,0.0,0.0,0.0,50.0,54.0,76.463769,71.229842,3.0
2026-06-24T15:29:59.986427025Z,1000,per_hit,raw_percent_of_host,api-node1,api-node2,3,7,10,0.0,14.141414,0.0,28.282828,100.0,50.0,0.0,0.0,0.0,0.0,0.0,0.0,50.0,79.857143,76.904968,57.905601,3.0
2026-06-24T15:30:00.986429001Z,1000,per_hit,raw_percent_of_host,api-node1,api-node2,4,6,10,16.161616,10.10101,16.161616,20.20202,100.0,50.0,0.0,0.0,0.0,0.0,0.0,0.0,50.0,68.333333,76.610836,55.233927,3.0
2026-06-24T15:30:01.986429923Z,1000,per_hit,raw_percent_of_host,api-node1,api-node2,5,5,10,20.0,15.151515,20.0,30.30303,100.0,50.0,0.0,0.0,0.0,0.0,0.0,0.0,50.0,62.4,76.757902,74.067405,3.0
2026-06-24T15:30:02.986426683Z,1000,per_hit,raw_percent_of_host,api-node1,api-node2,5,5,10,21.212121,10.10101,21.212121,20.20202,100.0,50.0,0.0,0.0,0.0,0.0,0.0,0.0,50.0,67.2,76.757902,68.232636,3.0
2026-06-24T15:30:03.986428882Z,1000,per_hit,raw_percent_of_host,api-node1,api-node2,8,2,10,30.0,0.0,30.0,0.0,100.0,50.0,0.0,0.0,0.0,0.0,0.0,0.0,50.0,83.5,76.316703,59.960283,3.0
2026-06-24T15:30:04.986427353Z,1000,per_hit,raw_percent_of_host,api-node1,api-node2,7,3,10,21.0,5.050505,21.0,10.10101,100.0,50.0,0.0,0.0,0.0,0.0,0.0,0.0,50.0,52.666667,76.316703,61.239535,3.0
2026-06-24T15:30:05.986429934Z,1000,per_hit,raw_percent_of_host,api-node1,api-node2,9,1,10,25.252525,5.050505,25.252525,10.10101,100.0,50.0,0.0,0.0,0.0,0.0,0.0,0.0,50.0,50.0,76.316703,76.757902,3.0
2026-06-24T15:30:06.986426307Z,1000,per_hit,raw_percent_of_host,api-node1,api-node2,3,7,10,6.930693,20.0,6.930693,40.0,100.0,50.0,0.0,0.0,0.0,0.0,0.0,0.0,50.0,75.714286,76.757902,68.078176,3.0
2026-06-24T15:30:07.986431303Z,1000,per_hit,raw_percent_of_host,api-node1,api-node2,3,7,10,5.050505,14.141414,5.050505,28.282828,100.0,50.0,0.0,0.0,0.0,0.0,0.0,0.0,50.0,76.571429,76.757902,58.339598,3.0
2026-06-24T15:30:08.986426709Z,1000,per_hit,raw_percent_of_host,api-node1,api-node2,4,6,10,16.831683,16.0,16.831683,32.0,100.0,50.0,0.0,0.0,0.0,0.0,0.0,0.0,50.0,56.666667,76.757902,63.158352,3.0
2026-06-24T15:30:09.986426333Z,1000,per_hit,raw_percent_of_host,api-node1,api-node2,3,7,10,5.050505,16.161616,5.050505,32.323232,100.0,50.0,0.0,0.0,0.0,0.0,0.0,0.0,50.0,69.142857,76.757902,63.013733,3.0
2026-06-24T15:30:10.98642622Z,1000,per_hit,raw_percent_of_host,api-node1,api-node2,7,3,10,15.151515,5.050505,15.151515,10.10101,100.0,50.0,0.0,0.0,0.0,0.0,0.0,0.0,50.0,74.0,76.463769,61.671082,3.0
2026-06-24T15:30:11.986426427Z,1000,per_hit,raw_percent_of_host,api-node1,api-node2,4,6,10,5.050505,11.0,5.050505,22.0,100.0,50.0,0.0,0.0,0.0,0.0,0.0,0.0,50.0,70.833333,76.610836,55.233927,3.0
2026-06-24T15:30:12.986426235Z,1000,per_hit,raw_percent_of_host,api-node1,api-node2,3,7,10,5.050505,16.161616,5.050505,32.323232,100.0,50.0,0.0,0.0,0.0,0.0,0.0,0.0,50.0,69.714286,76.757902,63.024567,3.0
2026-06-24T15:30:13.98642629Z,1000,per_hit,raw_percent_of_host,api-node1,api-node2,6,4,10,21.782178,10.10101,21.782178,20.20202,100.0,50.0,0.0,0.0,0.0,0.0,0.0,0.0,50.0,71.0,76.463769,74.829434,3.0
2026-06-24T15:30:14.986426154Z,1000,per_hit,raw_percent_of_host,api-node1,api-node2,7,3,10,25.0,11.0,25.0,22.0,100.0,50.0,0.0,0.0,0.0,0.0,0.0,0.0,50.0,50.0,76.316703,74.067405,3.0
2026-06-24T15:30:15.986430059Z,1000,per_hit,raw_percent_of_host,api-node1,api-node2,2,8,10,10.10101,18.181818,10.10101,36.363636,100.0,50.0,0.0,0.0,0.0,0.0,0.0,0.0,68.5,78.875,68.686411,57.083985,3.0
2026-06-24T15:30:16.986430791Z,1000,per_hit,raw_percent_of_host,api-node1,api-node2,5,5,10,20.20202,10.10101,20.20202,20.20202,100.0,50.0,0.0,0.0,0.0,0.0,0.0,0.0,50.0,62.4,75.070666,73.87611,3.0
2026-06-24T15:30:17.986426283Z,1000,per_hit,raw_percent_of_host,api-node1,api-node2,4,6,10,10.10101,11.111111,10.10101,22.222222,100.0,50.0,0.0,0.0,0.0,0.0,0.0,0.0,50.0,64.666667,76.757902,63.032816,3.0
2026-06-24T15:30:18.986426352Z,1000,per_hit,raw_percent_of_host,api-node1,api-node2,6,4,10,22.0,14.141414,22.0,28.282828,100.0,50.0,0.0,0.0,0.0,0.0,0.0,0.0,50.0,83.5,76.316703,55.233927,3.0
2026-06-24T15:30:19.986427291Z,1000,per_hit,raw_percent_of_host,api-node1,api-node2,5,5,10,21.212121,16.0,21.212121,32.0,100.0,50.0,0.0,0.0,0.0,0.0,0.0,0.0,50.0,54.6,76.463769,76.412964,3.0
2026-06-24T15:30:20.986429448Z,1000,per_hit,raw_percent_of_host,api-node1,api-node2,5,5,10,23.0,16.0,23.0,32.0,100.0,50.0,0.0,0.0,0.0,0.0,0.0,0.0,50.0,70.0,76.463769,63.294584,3.0
2026-06-24T15:30:21.986426318Z,1000,per_hit,raw_percent_of_host,api-node1,api-node2,5,5,10,15.151515,10.10101,15.151515,20.20202,100.0,50.0,0.0,0.0,0.0,0.0,0.0,0.0,50.0,73.8,76.316703,60.761987,3.0
2026-06-24T15:30:22.986431084Z,1000,per_hit,raw_percent_of_host,api-node1,api-node2,5,5,10,15.533981,16.161616,15.533981,32.323232,100.0,50.0,0.0,0.0,0.0,0.0,0.0,0.0,50.0,53.2,76.463769,63.158352,3.0
2026-06-24T15:30:23.986430049Z,1000,per_hit,raw_percent_of_host,api-node1,api-node2,6,4,10,20.20202,10.10101,20.20202,20.20202,100.0,50.0,0.0,0.0,0.0,0.0,0.0,0.0,51.0,64.25,72.232076,61.818149,3.0
2026-06-24T15:30:24.986437361Z,1000,per_hit,raw_percent_of_host,api-node1,api-node2,6,4,10,20.20202,15.151515,20.20202,30.30303,100.0,50.0,0.0,0.0,0.0,0.0,0.0,0.0,50.0,52.0,76.316703,63.305418,3.0
2026-06-24T15:30:25.986429466Z,1000,per_hit,raw_percent_of_host,api-node1,api-node2,8,2,10,20.20202,6.0,20.20202,12.0,100.0,50.0,0.0,0.0,0.0,0.0,0.0,0.0,50.0,50.0,76.316703,76.757902,3.0
2026-06-24T15:30:26.986426353Z,1000,per_hit,raw_percent_of_host,api-node1,api-node2,7,2,9,25.252525,5.050505,25.252525,10.10101,100.0,50.0,0.0,0.0,0.0,0.0,0.0,0.0,50.0,50.0,76.578154,76.578154,3.0
2026-06-24T15:30:27.986428963Z,1000,per_hit,raw_percent_of_host,api-node1,api-node2,8,3,11,20.20202,10.10101,20.20202,20.20202,100.0,50.0,0.0,0.0,0.0,0.0,0.0,0.0,50.0,56.0,76.503878,69.160707,3.0
2026-06-24T15:30:28.986427027Z,1000,per_hit,raw_percent_of_host,api-node1,api-node2,5,5,10,11.0,14.0,11.0,28.0,100.0,50.0,0.0,0.0,0.0,0.0,0.0,0.0,50.0,63.0,76.610836,58.07149,3.0
2026-06-24T15:30:29.986426916Z,1000,per_hit,raw_percent_of_host,api-node1,api-node2,5,5,10,15.0,10.10101,15.0,20.20202,100.0,50.0,0.0,0.0,0.0,0.0,0.0,0.0,50.0,71.8,76.610836,71.229842,3.0
2026-06-24T15:30:30.986428265Z,1000,per_hit,raw_percent_of_host,api-node1,api-node2,5,5,10,15.151515,16.0,15.151515,32.0,100.0,50.0,0.0,0.0,0.0,0.0,0.0,0.0,50.0,50.0,76.610836,76.578333,3.0
2026-06-24T15:30:31.986429183Z,1000,per_hit,raw_percent_of_host,api-node1,api-node2,5,5,10,15.151515,10.10101,15.151515,20.20202,100.0,50.0,0.0,0.0,0.0,0.0,0.0,0.0,50.0,60.2,76.610836,71.219008,3.0
2026-06-24T15:30:32.986426313Z,1000,per_hit,raw_percent_of_host,api-node1,api-node2,6,4,10,20.20202,5.050505,20.20202,10.10101,100.0,50.0,0.0,0.0,0.0,0.0,0.0,0.0,50.0,51.5,76.463769,72.526208,3.0
2026-06-24T15:30:33.986427051Z,1000,per_hit,raw_percent_of_host,api-node1,api-node2,6,4,10,21.0,15.0,21.0,30.0,100.0,50.0,0.0,0.0,0.0,0.0,0.0,0.0,50.0,52.75,76.610836,65.995915,3.0
2026-06-24T15:30:34.986433558Z,1000,per_hit,raw_percent_of_host,api-node1,api-node2,5,5,10,21.0,6.060606,21.0,12.121212,100.0,50.0,0.0,1.0,0.0,0.0,0.0,1.0,50.0,65.25,76.463769,76.610836,3.0
2026-06-24T15:30:35.986428429Z,1000,per_hit,raw_percent_of_host,api-node1,api-node2,7,3,10,20.20202,14.141414,20.20202,28.282828,100.0,50.0,0.0,0.0,0.0,0.0,0.0,0.0,50.0,88.5,76.757902,49.926196,3.0
2026-06-24T15:30:36.986430382Z,1000,per_hit,raw_percent_of_host,api-node1,api-node2,2,8,10,5.050505,14.0,5.050505,28.0,100.0,50.0,0.0,1.0,0.0,0.0,0.0,1.0,50.0,93.428571,76.757902,70.957896,3.0
2026-06-24T15:30:37.98642627Z,1000,per_hit,raw_percent_of_host,api-node1,api-node2,9,1,10,25.252525,5.0,25.252525,10.0,100.0,50.0,0.0,0.0,0.0,0.0,0.0,0.0,50.0,97.0,76.316703,57.758892,3.0
2026-06-24T15:30:38.986426211Z,1000,per_hit,raw_percent_of_host,api-node1,api-node2,7,3,10,25.252525,6.0,25.252525,12.0,100.0,50.0,0.0,0.0,0.0,0.0,0.0,0.0,50.0,50.0,76.463769,76.904968,3.0
2026-06-24T15:30:39.986426134Z,1000,per_hit,raw_percent_of_host,api-node1,api-node2,6,4,10,16.0,15.151515,16.0,30.30303,100.0,50.0,0.0,0.0,0.0,0.0,0.0,0.0,50.0,50.0,76.757902,76.463769,3.0
2026-06-24T15:30:40.986428281Z,1000,per_hit,raw_percent_of_host,api-node1,api-node2,3,7,10,10.10101,15.151515,10.10101,30.30303,100.0,50.0,0.0,0.0,0.0,0.0,0.0,0.0,50.0,51.857143,76.610836,72.379142,3.0
2026-06-24T15:30:41.986426982Z,1000,per_hit,raw_percent_of_host,api-node1,api-node2,7,3,10,15.0,6.0,15.0,12.0,100.0,50.0,0.0,0.0,0.0,0.0,0.0,0.0,50.0,87.0,76.463769,68.686411,3.0
2026-06-24T15:30:42.986426199Z,1000,per_hit,raw_percent_of_host,api-node1,api-node2,6,4,10,21.212121,10.10101,21.212121,20.20202,100.0,50.0,0.0,0.0,0.0,0.0,0.0,0.0,50.0,66.25,76.610836,68.539345,3.0
