timestamp_utc,window_ms,traffic_log_mode,cpu_usage_unit,node1_name,node2_name,node1_requests,node2_requests,total_requests,node1_cpu_raw_usage,node2_cpu_raw_usage,node1_cpu_normalized_usage,node2_cpu_normalized_usage,node1_cpu_capacity,node2_cpu_capacity,node1_inflight,node2_inflight,node1_backend_inflight,node2_backend_inflight,node1_queue,node2_queue,node1_response_ms,node2_response_ms,node1_fuzzy_score,node2_fuzzy_score,os_idle_cpu
2026-06-24T03:07:39.180979878Z,1000,per_hit,raw_percent_of_host,api-node1,api-node2,5,5,10,0.0,0.0,0.0,0.0,100.0,50.0,5.0,5.0,0.0,0.0,5.0,5.0,0.0,0.0,83.66436,83.663207,3.0
2026-06-24T03:07:40.180978763Z,1000,per_hit,raw_percent_of_host,api-node1,api-node2,5,5,10,0.0,6.122449,0.0,12.244898,100.0,50.0,5.0,5.0,0.0,0.0,5.0,5.0,115.4,141.8,82.702354,72.023928,3.0
2026-06-24T03:07:41.180978479Z,1000,per_hit,raw_percent_of_host,api-node1,api-node2,6,4,10,1.030928,6.122449,1.030928,12.244898,100.0,50.0,6.0,4.0,0.0,0.0,6.0,4.0,101.6,121.8,81.956885,72.050768,3.0
2026-06-24T03:07:42.180977938Z,1000,per_hit,raw_percent_of_host,api-node1,api-node2,5,5,10,0.0,8.0,0.0,16.0,100.0,50.0,5.0,5.0,0.0,0.0,5.0,5.0,89.5,119.25,82.785252,70.345879,3.0
2026-06-24T03:07:43.180978122Z,1000,per_hit,raw_percent_of_host,api-node1,api-node2,4,6,10,3.030303,6.122449,3.030303,12.244898,100.0,50.0,4.0,6.0,0.0,0.0,4.0,6.0,78.4,121.0,80.213358,72.050768,3.0
2026-06-24T03:07:44.180981781Z,1000,per_hit,raw_percent_of_host,api-node1,api-node2,7,3,10,0.0,8.080808,0.0,16.161616,100.0,50.0,7.0,3.0,0.0,0.0,7.0,3.0,90.75,142.333333,82.735832,70.379798,3.0
2026-06-24T03:07:45.180981052Z,1000,per_hit,raw_percent_of_host,api-node1,api-node2,4,6,10,3.157895,0.0,3.157895,0.0,100.0,50.0,4.0,6.0,0.0,0.0,4.0,6.0,97.142857,98.333333,80.132337,82.819584,3.0
2026-06-24T03:07:46.18097978Z,1000,per_hit,raw_percent_of_host,api-node1,api-node2,5,5,10,1.020408,6.024096,1.020408,12.048193,100.0,50.0,5.0,5.0,0.0,0.0,5.0,5.0,91.5,108.5,82.085013,72.418622,3.0
2026-06-24T03:07:47.180980175Z,1000,per_hit,raw_percent_of_host,api-node1,api-node2,7,3,10,0.0,8.163265,0.0,16.326531,100.0,50.0,7.0,3.0,0.0,0.0,7.0,3.0,94.2,131.4,82.733959,70.282768,3.0
2026-06-24T03:07:48.180977941Z,1000,per_hit,raw_percent_of_host,api-node1,api-node2,6,4,10,1.030928,1.020408,1.030928,2.040816,100.0,50.0,6.0,4.0,0.0,0.0,6.0,4.0,89.285714,97.666667,82.005691,81.255058,3.0
2026-06-24T03:07:49.18098469Z,1000,per_hit,raw_percent_of_host,api-node1,api-node2,4,6,10,0.0,6.024096,0.0,12.048193,100.0,50.0,4.0,6.0,0.0,0.0,4.0,6.0,86.0,128.0,82.718203,72.133055,3.0
2026-06-24T03:07:50.18097975Z,1000,per_hit,raw_percent_of_host,api-node1,api-node2,6,4,10,0.0,8.0,0.0,16.0,100.0,50.0,6.0,4.0,0.0,0.0,6.0,4.0,79.75,136.5,82.735442,70.293429,3.0
2026-06-24T03:07:51.180978326Z,1000,per_hit,raw_percent_of_host,api-node1,api-node2,5,5,10,0.0,6.185567,0.0,12.371134,100.0,50.0,5.0,5.0,0.0,0.0,5.0,5.0,86.333333,116.0,82.831181,72.291041,3.0
2026-06-24T03:07:52.180982341Z,1000,per_hit,raw_percent_of_host,api-node1,api-node2,5,5,10,0.0,5.154639,0.0,10.309278,100.0,50.0,5.0,5.0,0.0,0.0,5.0,5.0,80.2,119.4,82.663748,73.225932,3.0
2026-06-24T03:07:53.180979595Z,1000,per_hit,raw_percent_of_host,api-node1,api-node2,3,7,10,0.0,5.208333,0.0,10.416667,100.0,50.0,3.0,7.0,0.0,0.0,3.0,7.0,91.6,120.0,82.741587,73.159889,3.0
2026-06-24T03:07:54.180983308Z,1000,per_hit,raw_percent_of_host,api-node1,api-node2,7,3,10,1.0,9.0,1.0,18.0,100.0,50.0,7.0,3.0,0.0,0.0,7.0,3.0,53.666667,131.0,82.525307,69.588345,3.0
2026-06-24T03:07:55.18097804Z,1000,per_hit,raw_percent_of_host,api-node1,api-node2,8,2,10,0.0,0.0,0.0,0.0,100.0,50.0,8.0,2.0,0.0,0.0,8.0,2.0,106.142857,99.666667,82.548494,83.011397,3.0
2026-06-24T03:07:56.180981669Z,1000,per_hit,raw_percent_of_host,api-node1,api-node2,5,5,10,5.208333,0.0,5.208333,0.0,100.0,50.0,5.0,5.0,0.0,0.0,5.0,5.0,98.875,100.0,77.646883,82.900214,3.0
2026-06-24T03:07:57.180978925Z,1000,per_hit,raw_percent_of_host,api-node1,api-node2,5,5,10,1.030928,8.080808,1.030928,16.161616,100.0,50.0,5.0,5.0,0.0,0.0,5.0,5.0,95.8,135.8,82.052436,70.30183,3.0
2026-06-24T03:07:58.180978531Z,1000,per_hit,raw_percent_of_host,api-node1,api-node2,3,7,10,1.030928,6.024096,1.030928,12.048193,100.0,50.0,3.0,7.0,0.0,0.0,3.0,7.0,84.6,114.6,82.040922,72.341925,3.0
2026-06-24T03:07:59.180981415Z,1000,per_hit,raw_percent_of_host,api-node1,api-node2,6,4,10,0.0,6.122449,0.0,12.244898,100.0,50.0,6.0,4.0,0.0,0.0,6.0,4.0,54.0,141.285714,83.172191,72.077527,3.0
2026-06-24T03:08:00.180980891Z,1000,per_hit,raw_percent_of_host,api-node1,api-node2,5,5,10,1.041667,7.142857,1.041667,14.285714,100.0,50.0,5.0,5.0,0.0,0.0,5.0,5.0,85.833333,115.5,82.077053,71.260046,3.0
2026-06-24T03:08:01.180979315Z,1000,per_hit,raw_percent_of_host,api-node1,api-node2,7,3,10,0.0,6.0,0.0,12.0,100.0,50.0,7.0,3.0,0.0,0.0,7.0,3.0,94.6,81.6,82.842634,76.313723,3.0
2026-06-24T03:08:02.180979594Z,1000,per_hit,raw_percent_of_host,api-node1,api-node2,4,6,10,2.020202,0.0,2.020202,0.0,100.0,50.0,4.0,6.0,0.0,0.0,4.0,6.0,92.714286,96.333333,81.130265,82.877549,3.0
2026-06-24T03:08:03.180979674Z,1000,per_hit,raw_percent_of_host,api-node1,api-node2,5,5,10,0.0,8.080808,0.0,16.161616,100.0,50.0,5.0,5.0,0.0,0.0,5.0,5.0,93.0,143.666667,82.741113,70.275706,3.0
2026-06-24T03:08:04.180978689Z,1000,per_hit,raw_percent_of_host,api-node1,api-node2,3,7,10,0.0,6.122449,0.0,12.244898,100.0,50.0,3.0,7.0,0.0,0.0,3.0,7.0,79.8,118.2,82.792617,72.103647,3.0
2026-06-24T03:08:05.180977781Z,1000,per_hit,raw_percent_of_host,api-node1,api-node2,7,3,10,1.0,8.080808,1.0,16.161616,100.0,50.0,7.0,3.0,0.0,0.0,7.0,3.0,56.333333,132.142857,82.477592,70.275706,3.0
2026-06-24T03:08:06.180978508Z,1000,per_hit,raw_percent_of_host,api-node1,api-node2,7,3,10,0.0,3.030303,0.0,6.060606,100.0,50.0,7.0,3.0,0.0,0.0,7.0,3.0,93.0,94.0,82.645953,78.107996,3.0
2026-06-24T03:08:07.180977698Z,1000,per_hit,raw_percent_of_host,api-node1,api-node2,4,6,10,5.208333,9.090909,5.208333,18.181818,100.0,50.0,4.0,6.0,0.0,0.0,4.0,6.0,97.857143,124.0,77.83374,69.546026,3.0
2026-06-24T03:08:08.180981447Z,1000,per_hit,raw_percent_of_host,api-node1,api-node2,4,6,10,0.0,7.142857,0.0,14.285714,100.0,50.0,4.0,6.0,0.0,0.0,4.0,6.0,82.25,158.333333,82.806719,71.051644,3.0
2026-06-24T03:08:09.18097956Z,1000,per_hit,raw_percent_of_host,api-node1,api-node2,2,8,10,0.0,6.097561,0.0,12.195122,100.0,50.0,2.0,8.0,0.0,0.0,2.0,8.0,71.5,133.333333,82.848249,72.105029,3.0
2026-06-24T03:08:10.180977948Z,1000,per_hit,raw_percent_of_host,api-node1,api-node2,7,3,10,0.990099,2.5,0.990099,5.0,100.0,50.0,7.0,3.0,0.0,0.0,7.0,3.0,50.0,153.625,82.611706,77.087646,3.0
2026-06-24T03:08:11.180980035Z,1000,per_hit,raw_percent_of_host,api-node1,api-node2,7,3,10,0.0,3.030303,0.0,6.060606,100.0,50.0,7.0,3.0,0.0,0.0,7.0,3.0,91.571429,91.333333,82.725193,78.133044,3.0
2026-06-24T03:08:12.18097972Z,1000,per_hit,raw_percent_of_host,api-node1,api-node2,5,5,10,0.0,3.030303,0.0,6.060606,100.0,50.0,5.0,5.0,0.0,0.0,5.0,5.0,108.142857,93.666667,82.812704,78.107996,3.0
2026-06-24T03:08:13.18097792Z,1000,per_hit,raw_percent_of_host,api-node1,api-node2,4,6,10,0.0,6.122449,0.0,12.244898,100.0,50.0,4.0,6.0,0.0,0.0,4.0,6.0,88.2,122.4,82.827605,71.942925,3.0
2026-06-24T03:08:14.180979527Z,1000,per_hit,raw_percent_of_host,api-node1,api-node2,6,4,10,0.0,6.060606,0.0,12.121212,100.0,50.0,6.0,4.0,0.0,0.0,6.0,4.0,71.0,131.666667,82.721524,72.19809,3.0
2026-06-24T03:08:15.180978075Z,1000,per_hit,raw_percent_of_host,api-node1,api-node2,6,4,10,5.208333,8.0,5.208333,16.0,100.0,50.0,6.0,4.0,0.0,0.0,6.0,4.0,97.666667,120.5,77.741891,70.319688,3.0
2026-06-24T03:08:16.180980663Z,1000,per_hit,raw_percent_of_host,api-node1,api-node2,6,4,10,1.020408,8.080808,1.020408,16.161616,100.0,50.0,6.0,4.0,0.0,0.0,6.0,4.0,87.166667,116.75,82.073546,70.353876,3.0
2026-06-24T03:08:17.180977966Z,1000,per_hit,raw_percent_of_host,api-node1,api-node2,3,7,10,0.0,4.938272,0.0,9.876543,100.0,50.0,3.0,7.0,0.0,0.0,3.0,7.0,93.166667,120.0,82.769584,73.649379,3.0
2026-06-24T03:08:18.180977957Z,1000,per_hit,raw_percent_of_host,api-node1,api-node2,6,4,10,1.0,8.080808,1.0,16.161616,100.0,50.0,6.0,4.0,0.0,0.0,6.0,4.0,54.0,130.714286,82.525307,70.30183,3.0
2026-06-24T03:08:19.180978Z,1000,per_hit,raw_percent_of_host,api-node1,api-node2,4,6,10,2.040816,0.0,2.040816,0.0,100.0,50.0,4.0,6.0,0.0,0.0,4.0,6.0,77.666667,103.75,81.035697,82.717715,3.0
2026-06-24T03:08:20.180978136Z,1000,per_hit,raw_percent_of_host,api-node1,api-node2,6,4,10,0.0,7.142857,0.0,14.285714,100.0,50.0,6.0,4.0,0.0,0.0,6.0,4.0,80.5,131.333333,82.677886,71.051644,3.0
2026-06-24T03:08:21.180977979Z,1000,per_hit,raw_percent_of_host,api-node1,api-node2,7,3,10,1.030928,5.154639,1.030928,10.309278,100.0,50.0,7.0,3.0,0.0,0.0,7.0,3.0,79.166667,125.25,81.981336,73.225932,3.0
2026-06-24T03:08:22.180986319Z,1000,per_hit,raw_percent_of_host,api-node1,api-node2,5,5,10,1.030928,3.0,1.030928,6.0,100.0,50.0,5.0,5.0,0.0,0.0,5.0,5.0,109.857143,96.0,82.017833,78.13909,3.0
2026-06-24T03:08:23.180977896Z,1000,per_hit,raw_percent_of_host,api-node1,api-node2,3,7,10,6.25,8.163265,6.25,16.326531,100.0,50.0,3.0,7.0,0.0,0.0,3.0,7.0,98.6,130.2,77.143882,70.433952,3.0
2026-06-24T03:08:24.180980704Z,1000,per_hit,raw_percent_of_host,api-node1,api-node2,3,7,10,0.0,12.121212,0.0,24.242424,100.0,50.0,3.0,7.0,0.0,0.0,3.0,7.0,53.666667,171.285714,83.341178,66.144549,3.0
2026-06-24T03:08:25.180977763Z,1000,per_hit,raw_percent_of_host,api-node1,api-node2,7,3,10,1.0,9.090909,1.0,18.181818,100.0,50.0,7.0,3.0,0.0,0.0,7.0,3.0,66.0,114.142857,82.182037,69.671054,3.0
2026-06-24T03:08:26.180979804Z,1000,per_hit,raw_percent_of_host,api-node1,api-node2,7,3,10,1.030928,2.040816,1.030928,4.081633,100.0,50.0,7.0,3.0,0.0,0.0,7.0,3.0,97.857143,91.666667,82.063929,79.649148,3.0
2026-06-24T03:08:27.180980115Z,1000,per_hit,raw_percent_of_host,api-node1,api-node2,5,5,10,0.0,0.0,0.0,0.0,100.0,50.0,5.0,5.0,0.0,0.0,5.0,5.0,87.857143,93.666667,82.84239,82.861489,3.0
2026-06-24T03:08:28.180980522Z,1000,per_hit,raw_percent_of_host,api-node1,api-node2,3,7,10,1.030928,7.228916,1.030928,14.457831,100.0,50.0,3.0,7.0,0.0,0.0,3.0,7.0,75.2,138.2,82.052436,71.072694,3.0
2026-06-24T03:08:29.180980472Z,1000,per_hit,raw_percent_of_host,api-node1,api-node2,5,5,10,0.0,7.317073,0.0,14.634146,100.0,50.0,5.0,5.0,0.0,0.0,5.0,5.0,54.0,137.142857,83.109311,71.06551,3.0
2026-06-24T03:08:30.180978629Z,1000,per_hit,raw_percent_of_host,api-node1,api-node2,4,6,10,2.040816,6.024096,2.040816,12.048193,100.0,50.0,4.0,6.0,0.0,0.0,4.0,6.0,91.8,142.4,81.048571,72.186561,3.0
2026-06-24T03:08:31.180977864Z,1000,per_hit,raw_percent_of_host,api-node1,api-node2,4,6,10,1.030928,7.070707,1.030928,14.141414,100.0,50.0,4.0,6.0,0.0,0.0,4.0,6.0,69.25,134.166667,81.969123,71.042472,3.0
2026-06-24T03:08:32.180980774Z,1000,per_hit,raw_percent_of_host,api-node1,api-node2,7,3,10,0.0,8.080808,0.0,16.161616,100.0,50.0,7.0,3.0,0.0,0.0,7.0,3.0,80.75,176.5,82.686502,70.30183,3.0
2026-06-24T03:08:33.180977967Z,1000,per_hit,raw_percent_of_host,api-node1,api-node2,6,4,10,1.030928,3.030303,1.030928,6.060606,100.0,50.0,6.0,4.0,0.0,0.0,6.0,4.0,90.714286,93.333333,82.040922,78.107996,3.0
2026-06-24T03:08:34.180980149Z,1000,per_hit,raw_percent_of_host,api-node1,api-node2,4,6,10,1.030928,6.024096,1.030928,12.048193,100.0,50.0,4.0,6.0,0.0,0.0,4.0,6.0,86.666667,123.5,81.981336,72.238643,3.0
2026-06-24T03:08:35.180978395Z,1000,per_hit,raw_percent_of_host,api-node1,api-node2,7,3,10,0.0,5.208333,0.0,10.416667,100.0,50.0,7.0,3.0,0.0,0.0,7.0,3.0,88.0,127.833333,82.798237,73.50942,3.0
2026-06-24T03:08:36.18097787Z,1000,per_hit,raw_percent_of_host,api-node1,api-node2,5,5,10,0.0,1.030928,0.0,2.061856,100.0,50.0,5.0,5.0,0.0,0.0,5.0,5.0,80.857143,102.0,82.658588,81.202797,3.0
2026-06-24T03:08:37.180981634Z,1000,per_hit,raw_percent_of_host,api-node1,api-node2,4,6,10,2.040816,6.122449,2.040816,12.244898,100.0,50.0,4.0,6.0,0.0,0.0,4.0,6.0,80.4,139.8,81.074244,72.103647,3.0
2026-06-24T03:08:38.180977717Z,1000,per_hit,raw_percent_of_host,api-node1,api-node2,4,6,10,0.0,8.0,0.0,16.0,100.0,50.0,4.0,6.0,0.0,0.0,4.0,6.0,70.0,111.333333,82.831121,70.345879,3.0
2026-06-24T03:08:39.180977953Z,1000,per_hit,raw_percent_of_host,api-node1,api-node2,6,4,10,0.0,8.0,0.0,16.0,100.0,50.0,6.0,4.0,0.0,0.0,6.0,4.0,81.75,155.5,82.719326,70.319688,3.0
2026-06-24T03:08:40.180978005Z,1000,per_hit,raw_percent_of_host,api-node1,api-node2,4,6,10,1.041667,6.097561,1.041667,12.195122,100.0,50.0,4.0,6.0,0.0,0.0,4.0,6.0,100.5,119.75,82.031096,72.260583,3.0
2026-06-24T03:08:41.180980477Z,1000,per_hit,raw_percent_of_host,api-node1,api-node2,7,3,10,0.0,6.122449,0.0,12.244898,100.0,50.0,7.0,3.0,0.0,0.0,7.0,3.0,78.25,126.666667,82.662987,72.309972,3.0
2026-06-24T03:08:42.180978098Z,1000,per_hit,raw_percent_of_host,api-node1,api-node2,5,5,10,0.0,3.030303,0.0,6.060606,100.0,50.0,5.0,5.0,0.0,0.0,5.0,5.0,100.571429,94.0,82.73529,78.107996,3.0
2026-06-24T03:08:43.180978041Z,1000,per_hit,raw_percent_of_host,api-node1,api-node2,6,4,10,1.041667,8.080808,1.041667,16.161616,100.0,50.0,6.0,4.0,0.0,0.0,6.0,4.0,86.4,138.8,82.031096,70.275706,3.0
2026-06-24T03:08:44.180979056Z,1000,per_hit,raw_percent_of_host,api-node1,api-node2,5,5,10,0.0,8.080808,0.0,16.161616,100.0,50.0,5.0,5.0,0.0,0.0,5.0,5.0,96.333333,117.25,82.752201,70.327886,3.0
2026-06-24T03:08:45.18097908Z,1000,per_hit,raw_percent_of_host,api-node1,api-node2,7,3,10,4.166667,7.142857,4.166667,14.285714,100.0,50.0,7.0,3.0,0.0,0.0,7.0,3.0,85.2,133.8,79.384464,71.182421,3.0
2026-06-24T03:08:46.180979888Z,1000,per_hit,raw_percent_of_host,api-node1,api-node2,6,4,10,5.208333,0.0,5.208333,0.0,100.0,50.0,6.0,4.0,0.0,0.0,6.0,4.0,88.428571,97.666667,77.685236,82.994062,3.0
2026-06-24T03:08:47.180988117Z,1000,per_hit,raw_percent_of_host,api-node1,api-node2,2,8,10,6.122449,0.0,6.122449,0.0,100.0,50.0,2.0,8.0,0.0,0.0,2.0,8.0,104.166667,90.5,77.108226,82.847571,3.0
2026-06-24T03:08:48.180978559Z,1000,per_hit,raw_percent_of_host,api-node1,api-node2,7,3,10,0.0,6.122449,0.0,12.244898,100.0,50.0,7.0,3.0,0.0,0.0,7.0,3.0,50.0,147.375,83.219568,72.129694,3.0
2026-06-24T03:08:49.180980727Z,1000,per_hit,raw_percent_of_host,api-node1,api-node2,4,6,10,6.185567,2.040816,6.185567,4.081633,100.0,50.0,4.0,6.0,0.0,0.0,4.0,6.0,107.571429,95.0,77.004855,79.613453,3.0
2026-06-24T03:08:50.180977946Z,1000,per_hit,raw_percent_of_host,api-node1,api-node2,3,7,10,1.0,7.070707,1.0,14.141414,100.0,50.0,3.0,7.0,0.0,0.0,3.0,7.0,62.0,138.0,82.409306,70.933253,3.0
2026-06-24T03:08:51.180977883Z,1000,per_hit,raw_percent_of_host,api-node1,api-node2,3,7,10,0.0,5.154639,0.0,10.309278,100.0,50.0,3.0,7.0,0.0,0.0,3.0,7.0,54.0,129.142857,83.315541,73.199785,3.0
2026-06-24T03:08:52.180978007Z,1000,per_hit,raw_percent_of_host,api-node1,api-node2,6,4,10,0.0,13.0,0.0,26.0,100.0,50.0,6.0,4.0,0.0,0.0,6.0,4.0,54.0,168.571429,83.125881,65.144219,3.0
2026-06-24T03:08:53.180980281Z,1000,per_hit,raw_percent_of_host,api-node1,api-node2,4,6,10,0.0,8.163265,0.0,16.326531,100.0,50.0,4.0,6.0,0.0,0.0,4.0,6.0,105.666667,116.0,82.85296,70.282768,3.0
2026-06-24T03:08:54.180980381Z,1000,per_hit,raw_percent_of_host,api-node1,api-node2,5,5,10,1.980198,6.097561,1.980198,12.195122,100.0,50.0,5.0,5.0,0.0,0.0,5.0,5.0,66.75,151.333333,81.201207,72.260583,3.0
2026-06-24T03:08:55.180981461Z,1000,per_hit,raw_percent_of_host,api-node1,api-node2,6,4,10,1.030928,6.024096,1.030928,12.048193,100.0,50.0,6.0,4.0,0.0,0.0,6.0,4.0,85.2,134.6,82.040922,72.341925,3.0
2026-06-24T03:08:56.180980281Z,1000,per_hit,raw_percent_of_host,api-node1,api-node2,4,6,10,0.0,0.0,0.0,0.0,100.0,50.0,4.0,6.0,0.0,0.0,4.0,6.0,86.5,90.75,82.818071,82.937806,3.0
2026-06-24T03:08:57.180980615Z,1000,per_hit,raw_percent_of_host,api-node1,api-node2,5,5,10,0.0,8.080808,0.0,16.161616,100.0,50.0,5.0,5.0,0.0,0.0,5.0,5.0,82.25,129.666667,82.783278,70.275706,3.0
2026-06-24T03:08:58.180980547Z,1000,per_hit,raw_percent_of_host,api-node1,api-node2,7,3,10,1.020408,9.0,1.020408,18.0,100.0,50.0,7.0,3.0,0.0,0.0,7.0,3.0,86.6,134.4,82.062059,69.510268,3.0
2026-06-24T03:08:59.180978722Z,1000,per_hit,raw_percent_of_host,api-node1,api-node2,6,4,10,7.142857,3.030303,7.142857,6.060606,100.0,50.0,6.0,4.0,0.0,0.0,6.0,4.0,107.714286,95.666667,76.28961,78.082876,3.0
2026-06-24T03:09:00.180977986Z,1000,per_hit,raw_percent_of_host,api-node1,api-node2,6,4,10,0.0,0.0,0.0,0.0,100.0,50.0,6.0,4.0,0.0,0.0,6.0,4.0,105.666667,100.75,82.753568,82.786944,3.0
2026-06-24T03:09:01.180978233Z,1000,per_hit,raw_percent_of_host,api-node1,api-node2,6,4,10,0.0,7.142857,0.0,14.285714,100.0,50.0,6.0,4.0,0.0,0.0,6.0,4.0,98.333333,120.75,82.711776,71.130322,3.0
2026-06-24T03:09:02.180978023Z,1000,per_hit,raw_percent_of_host,api-node1,api-node2,7,3,10,0.0,8.163265,0.0,16.326531,100.0,50.0,7.0,3.0,0.0,0.0,7.0,3.0,91.833333,111.75,82.73649,70.409021,3.0
2026-06-24T03:09:03.180980479Z,1000,per_hit,raw_percent_of_host,api-node1,api-node2,8,2,10,2.040816,1.020408,2.040816,2.040816,100.0,50.0,8.0,2.0,0.0,0.0,8.0,2.0,91.571429,103.0,80.996928,81.20881,3.0
2026-06-24T03:09:04.180986475Z,1000,per_hit,raw_percent_of_host,api-node1,api-node2,5,5,10,5.154639,2.040816,5.154639,4.081633,100.0,50.0,5.0,5.0,0.0,0.0,5.0,5.0,94.5,95.0,77.766119,79.601519,3.0
2026-06-24T03:09:05.180978943Z,1000,per_hit,raw_percent_of_host,api-node1,api-node2,5,5,10,0.0,6.097561,0.0,12.195122,100.0,50.0,5.0,5.0,0.0,0.0,5.0,5.0,88.6,137.2,82.70532,72.183136,3.0
2026-06-24T03:09:06.180977796Z,1000,per_hit,raw_percent_of_host,api-node1,api-node2,4,6,10,1.020408,6.024096,1.020408,12.048193,100.0,50.0,4.0,6.0,0.0,0.0,4.0,6.0,80.2,139.8,81.990997,72.186561,3.0
2026-06-24T03:09:07.180980804Z,1000,per_hit,raw_percent_of_host,api-node1,api-node2,5,5,10,1.030928,7.070707,1.030928,14.141414,100.0,50.0,5.0,5.0,0.0,0.0,5.0,5.0,67.75,113.833333,82.029388,71.174858,3.0
2026-06-24T03:09:08.180981171Z,1000,per_hit,raw_percent_of_host,api-node1,api-node2,9,1,10,0.0,6.122449,0.0,12.244898,100.0,50.0,9.0,1.0,0.0,0.0,9.0,1.0,101.4,121.4,82.496843,72.050768,3.0
2026-06-24T03:09:09.180977997Z,1000,per_hit,raw_percent_of_host,api-node1,api-node2,6,4,10,0.0,5.0,0.0,10.0,100.0,50.0,6.0,4.0,0.0,0.0,6.0,4.0,88.555556,98.0,82.684893,75.51914,3.0
2026-06-24T03:09:10.180982936Z,1000,per_hit,raw_percent_of_host,api-node1,api-node2,5,5,10,0.0,1.030928,0.0,2.061856,100.0,50.0,5.0,5.0,0.0,0.0,5.0,5.0,78.666667,101.75,82.6679,81.166895,3.0
2026-06-24T03:09:11.180977947Z,1000,per_hit,raw_percent_of_host,api-node1,api-node2,7,3,10,0.0,7.142857,0.0,14.285714,100.0,50.0,7.0,3.0,0.0,0.0,7.0,3.0,89.0,134.4,82.728371,71.156406,3.0
2026-06-24T03:09:12.180980149Z,1000,per_hit,raw_percent_of_host,api-node1,api-node2,8,2,10,0.0,3.030303,0.0,6.060606,100.0,50.0,8.0,2.0,0.0,0.0,8.0,2.0,92.428571,94.333333,82.712301,78.107996,3.0
2026-06-24T03:09:13.180978227Z,1000,per_hit,raw_percent_of_host,api-node1,api-node2,2,7,9,0.0,0.0,0.0,0.0,100.0,50.0,2.0,7.0,0.0,0.0,2.0,7.0,102.625,97.0,82.883628,82.78145,3.0
2026-06-24T03:09:14.180980178Z,1000,per_hit,raw_percent_of_host,api-node1,api-node2,5,5,10,0.0,6.185567,0.0,12.371134,100.0,50.0,5.0,5.0,0.0,0.0,5.0,5.0,50.0,132.857143,83.335429,72.138046,3.0
2026-06-24T03:09:15.180977936Z,1000,per_hit,raw_percent_of_host,api-node1,api-node2,7,3,10,5.208333,7.142857,5.208333,14.285714,100.0,50.0,6.0,3.0,0.0,0.0,6.0,3.0,80.5,137.4,78.823753,71.601067,3.0
2026-06-24T03:09:16.180977934Z,1000,per_hit,raw_percent_of_host,api-node1,api-node2,4,6,10,0.0,8.910891,0.0,17.821782,100.0,50.0,4.0,5.0,0.0,0.0,4.0,5.0,84.166667,85.5,81.914397,77.73786,3.0
2026-06-24T03:09:17.180978136Z,1000,per_hit,raw_percent_of_host,api-node1,api-node2,2,8,10,0.0,12.244898,0.0,24.489796,100.0,50.0,2.0,7.0,0.0,0.0,2.0,7.0,67.25,134.0,81.976415,71.170526,3.0
2026-06-24T03:09:18.180980817Z,1000,per_hit,raw_percent_of_host,api-node1,api-node2,7,3,10,5.050505,8.0,5.050505,16.0,100.0,50.0,6.0,3.0,0.0,0.0,6.0,3.0,50.0,168.0,79.283272,71.050528,3.0
2026-06-24T03:09:19.180979352Z,1000,per_hit,raw_percent_of_host,api-node1,api-node2,3,7,10,0.0,8.080808,0.0,16.161616,100.0,50.0,3.0,6.0,0.0,0.0,3.0,6.0,99.166667,83.5,81.996253,78.035444,3.0
2026-06-24T03:09:20.180980572Z,1000,per_hit,raw_percent_of_host,api-node1,api-node2,4,5,9,0.0,10.10101,0.0,20.20202,100.0,50.0,4.0,4.0,0.0,0.0,4.0,4.0,55.666667,108.714286,82.609323,76.780593,3.0
2026-06-24T03:09:21.18097968Z,1000,per_hit,raw_percent_of_host,api-node1,api-node2,5,5,10,0.0,6.185567,0.0,12.371134,100.0,50.0,5.0,4.0,0.0,0.0,5.0,4.0,71.25,91.0,81.781905,78.193471,3.0
2026-06-24T03:09:22.180980157Z,1000,per_hit,raw_percent_of_host,api-node1,api-node2,4,6,10,11.340206,11.111111,11.340206,22.222222,100.0,50.0,3.0,5.0,0.0,0.0,3.0,5.0,93.166667,114.0,77.726797,71.896908,3.0
2026-06-24T03:09:23.180980176Z,1000,per_hit,raw_percent_of_host,api-node1,api-node2,4,6,10,7.0,11.340206,7.0,22.680412,100.0,50.0,3.0,5.0,0.0,0.0,3.0,5.0,53.0,109.166667,78.982359,75.870662,3.0
2026-06-24T03:09:24.180977926Z,1000,per_hit,raw_percent_of_host,api-node1,api-node2,4,6,10,6.060606,12.121212,6.060606,24.242424,100.0,50.0,3.0,5.0,0.0,0.0,3.0,5.0,52.75,111.0,79.031546,75.506816,3.0
2026-06-24T03:09:25.180981619Z,1000,per_hit,raw_percent_of_host,api-node1,api-node2,3,7,10,6.0,8.163265,6.0,16.326531,100.0,50.0,2.0,6.0,0.0,0.0,2.0,6.0,52.75,112.5,78.978237,77.676446,3.0
2026-06-24T03:09:26.180981435Z,1000,per_hit,raw_percent_of_host,api-node1,api-node2,8,2,10,10.204082,7.142857,10.204082,14.285714,100.0,50.0,6.0,2.0,0.0,0.0,6.0,2.0,50.0,117.666667,78.812672,71.688568,3.0
2026-06-24T03:09:27.18098012Z,1000,per_hit,raw_percent_of_host,api-node1,api-node2,4,6,10,10.416667,0.0,10.416667,0.0,100.0,50.0,2.0,6.0,0.0,0.0,2.0,6.0,75.25,98.0,78.264972,81.318502,3.0
2026-06-24T03:09:28.180980532Z,1000,per_hit,raw_percent_of_host,api-node1,api-node2,7,3,10,10.10101,7.142857,10.10101,14.285714,100.0,50.0,5.0,3.0,0.0,0.0,5.0,3.0,50.0,130.666667,78.797011,71.750334,3.0
2026-06-24T03:09:29.180980033Z,1000,per_hit,raw_percent_of_host,api-node1,api-node2,6,4,10,10.416667,0.0,10.416667,0.0,100.0,50.0,4.0,4.0,0.0,0.0,4.0,4.0,75.714286,97.0,78.309347,81.666879,3.0
2026-06-24T03:09:30.180981187Z,1000,per_hit,raw_percent_of_host,api-node1,api-node2,7,3,10,10.416667,7.142857,10.416667,14.285714,100.0,50.0,5.0,3.0,0.0,0.0,5.0,3.0,71.0,121.25,78.27674,72.329145,3.0
2026-06-24T03:09:31.180978469Z,1000,per_hit,raw_percent_of_host,api-node1,api-node2,8,2,10,10.416667,0.0,10.416667,0.0,100.0,50.0,6.0,2.0,0.0,0.0,6.0,2.0,85.0,97.333333,78.297611,81.626838,3.0
2026-06-24T03:09:32.180978307Z,1000,per_hit,raw_percent_of_host,api-node1,api-node2,8,2,10,10.416667,2.040816,10.416667,4.081633,100.0,50.0,6.0,2.0,0.0,0.0,6.0,2.0,83.875,95.0,78.37163,78.748903,3.0
2026-06-24T03:09:33.180980435Z,1000,per_hit,raw_percent_of_host,api-node1,api-node2,6,4,10,6.185567,6.185567,6.185567,12.371134,100.0,50.0,5.0,3.0,0.0,0.0,5.0,3.0,88.0,84.333333,78.199712,78.229314,3.0
2026-06-24T03:09:34.180977956Z,1000,per_hit,raw_percent_of_host,api-node1,api-node2,7,3,10,10.416667,0.0,10.416667,0.0,100.0,50.0,5.0,3.0,0.0,0.0,5.0,3.0,70.714286,101.0,78.247502,81.335261,3.0
2026-06-24T03:09:35.180986947Z,1000,per_hit,raw_percent_of_host,api-node1,api-node2,5,5,10,5.208333,8.163265,5.208333,16.326531,100.0,50.0,4.0,4.0,0.0,0.0,4.0,4.0,86.5,80.5,78.454479,78.244495,3.0
2026-06-24T03:09:36.180979096Z,1000,per_hit,raw_percent_of_host,api-node1,api-node2,6,4,10,10.10101,2.040816,10.10101,4.081633,100.0,50.0,4.0,4.0,0.0,0.0,4.0,4.0,66.333333,101.25,78.272527,78.698173,3.0
2026-06-24T03:09:37.180981061Z,1000,per_hit,raw_percent_of_host,api-node1,api-node2,4,6,10,10.10101,4.878049,10.10101,9.756098,100.0,50.0,2.0,6.0,0.0,0.0,2.0,6.0,63.833333,122.75,78.289031,73.810009,3.0
2026-06-24T03:09:38.180977849Z,1000,per_hit,raw_percent_of_host,api-node1,api-node2,9,1,10,11.0,7.070707,11.0,14.141414,100.0,50.0,7.0,1.0,0.0,0.0,7.0,1.0,50.0,139.5,78.725372,71.427535,3.0
2026-06-24T03:09:39.18098049Z,1000,per_hit,raw_percent_of_host,api-node1,api-node2,6,4,10,5.154639,10.0,5.154639,20.0,100.0,50.0,5.0,3.0,0.0,0.0,5.0,3.0,81.0,71.5,78.359453,77.956155,3.0
2026-06-24T03:09:40.180981496Z,1000,per_hit,raw_percent_of_host,api-node1,api-node2,6,5,11,11.22449,6.024096,11.22449,12.048193,100.0,50.0,4.0,4.0,0.0,0.0,4.0,4.0,71.0,86.5,77.841338,77.680395,3.0
2026-06-24T03:09:41.1809807Z,1000,per_hit,raw_percent_of_host,api-node1,api-node2,6,11,17,10.10101,15.306122,10.10101,30.612245,100.0,50.0,4.0,4.0,0.0,0.0,4.0,4.0,65.0,121.363636,76.423508,71.775278,3.0
2026-06-24T03:09:42.180984714Z,1000,per_hit,raw_percent_of_host,api-node1,api-node2,14,8,22,16.161616,15.463918,16.161616,30.927835,100.0,50.0,7.0,1.0,0.0,0.0,7.0,1.0,82.181818,135.363636,74.1031,72.796877,3.0
2026-06-24T03:09:43.180980936Z,1000,per_hit,raw_percent_of_host,api-node1,api-node2,16,12,28,26.804124,15.841584,26.804124,31.683168,100.0,50.0,5.0,3.0,0.0,0.0,5.0,3.0,122.333333,151.2,72.3375,76.412667,3.0
2026-06-24T03:09:44.180981471Z,1000,per_hit,raw_percent_of_host,api-node1,api-node2,13,21,34,25.773196,23.0,25.773196,46.0,100.0,50.0,2.0,6.0,0.0,0.0,2.0,6.0,121.0,276.0,72.431537,72.094775,3.0
2026-06-24T03:09:45.180977963Z,1000,per_hit,raw_percent_of_host,api-node1,api-node2,25,15,40,40.594059,23.469388,40.594059,46.938776,100.0,50.0,3.0,5.0,0.0,0.0,3.0,5.0,172.416667,174.875,75.359904,72.02982,3.0
2026-06-24T03:09:46.180978421Z,1000,per_hit,raw_percent_of_host,api-node1,api-node2,23,23,46,27.835052,25.862069,27.835052,51.724138,100.0,50.0,6.0,2.0,0.0,0.0,6.0,2.0,133.315789,260.961538,76.392976,76.102192,3.0
2026-06-24T03:09:47.1809809Z,1000,per_hit,raw_percent_of_host,api-node1,api-node2,25,26,51,32.989691,26.744186,32.989691,53.488372,100.0,50.0,5.0,3.0,0.0,0.0,5.0,3.0,177.615385,295.32,72.594559,69.815512,3.0
2026-06-24T03:09:48.180980422Z,1000,per_hit,raw_percent_of_host,api-node1,api-node2,30,27,57,36.734694,23.762376,36.734694,47.524752,100.0,50.0,4.0,4.0,0.0,0.0,4.0,4.0,185.129032,350.5,72.882705,71.320777,3.0
2026-06-24T03:09:49.180980208Z,1000,per_hit,raw_percent_of_host,api-node1,api-node2,39,23,62,45.0,25.742574,45.0,51.485149,100.0,50.0,5.0,3.0,0.0,0.0,5.0,3.0,253.315789,375.916667,71.963,67.76167,3.0
2026-06-24T03:09:50.180979076Z,1000,per_hit,raw_percent_of_host,api-node1,api-node2,33,35,68,40.816327,19.130435,40.816327,38.26087,100.0,50.0,5.0,3.0,0.0,0.0,5.0,3.0,207.484848,426.085714,72.402806,72.662989,3.0
2026-06-24T03:09:51.18098047Z,1000,per_hit,raw_percent_of_host,api-node1,api-node2,29,45,74,37.113402,24.752475,37.113402,49.50495,100.0,50.0,4.0,5.0,0.0,0.0,4.0,5.0,190.466667,615.627907,73.66502,73.099052,3.0
2026-06-24T03:09:52.180982012Z,1000,per_hit,raw_percent_of_host,api-node1,api-node2,46,33,79,46.153846,22.413793,46.153846,44.827586,100.0,50.0,6.0,2.0,0.0,0.0,6.0,2.0,279.636364,578.944444,71.674445,67.084769,3.0
2026-06-24T03:09:53.180979204Z,1000,per_hit,raw_percent_of_host,api-node1,api-node2,30,55,85,24.0,23.232323,24.0,46.464646,100.0,50.0,4.0,37.0,0.0,0.0,4.0,37.0,188.0,589.3,70.924495,72.699637,3.0
2026-06-24T03:09:54.180979156Z,1000,per_hit,raw_percent_of_host,api-node1,api-node2,50,31,81,47.115385,25.0,47.115385,50.0,100.0,50.0,0.0,2.0,0.0,0.0,0.0,2.0,292.833333,884.484848,74.784941,48.027227,3.0
2026-06-24T03:09:55.180979466Z,1000,per_hit,raw_percent_of_host,api-node1,api-node2,54,43,97,49.019608,20.869565,49.019608,41.73913,100.0,50.0,2.0,26.0,0.0,0.0,2.0,26.0,328.384615,754.263158,75.470745,47.955625,3.0
2026-06-24T03:09:56.180981828Z,1000,per_hit,raw_percent_of_host,api-node1,api-node2,57,46,103,49.038462,29.761905,49.038462,59.52381,100.0,50.0,1.0,27.0,0.0,0.0,1.0,27.0,337.396552,668.333333,75.681977,46.650135,3.0
2026-06-24T03:09:57.180979269Z,1000,per_hit,raw_percent_of_host,api-node1,api-node2,58,50,108,45.098039,26.0,45.098039,52.0,100.0,50.0,1.0,11.0,0.0,0.0,1.0,11.0,379.896552,671.833333,76.222624,66.310188,3.0
2026-06-24T03:09:58.180978576Z,1000,per_hit,raw_percent_of_host,api-node1,api-node2,67,46,113,49.019608,25.0,49.019608,50.0,100.0,50.0,2.0,23.0,0.0,0.0,2.0,23.0,463.575758,634.705882,77.558413,56.532548,3.0
2026-06-24T03:09:59.1809789Z,1000,per_hit,raw_percent_of_host,api-node1,api-node2,67,49,116,51.485149,25.0,51.485149,50.0,100.0,50.0,2.0,47.0,0.0,0.0,2.0,47.0,510.268657,804.84,73.450085,47.975658,3.0
2026-06-24T03:10:00.180981462Z,1000,per_hit,raw_percent_of_host,api-node1,api-node2,74,49,123,44.117647,25.0,44.117647,50.0,100.0,50.0,13.0,45.0,0.0,0.0,13.0,45.0,557.079365,925.215686,76.111811,50.101634,3.0
2026-06-24T03:10:01.180978978Z,1000,per_hit,raw_percent_of_host,api-node1,api-node2,66,60,126,50.0,23.931624,50.0,47.863248,100.0,50.0,1.0,54.0,0.0,0.0,1.0,54.0,476.192308,941.156863,66.815771,49.516508,3.0
2026-06-24T03:10:02.18097964Z,1000,per_hit,raw_percent_of_host,api-node1,api-node2,75,49,124,51.0,25.252525,51.0,50.505051,100.0,50.0,6.0,57.0,0.0,0.0,6.0,57.0,340.828571,1301.195652,69.120565,46.232471,3.0
2026-06-24T03:10:03.180978239Z,1000,per_hit,raw_percent_of_host,api-node1,api-node2,59,41,100,51.0,23.958333,51.0,47.916667,100.0,50.0,3.0,48.0,0.0,0.0,3.0,48.0,150.951613,1655.8,73.092798,44.79343,3.0
2026-06-24T03:10:04.180978858Z,1000,per_hit,raw_percent_of_host,api-node1,api-node2,88,45,133,51.960784,23.958333,51.960784,47.916667,100.0,50.0,13.0,54.0,0.0,0.0,13.0,54.0,458.089744,1312.384615,70.317373,46.074715,3.0
2026-06-24T03:10:05.180978324Z,1000,per_hit,raw_percent_of_host,api-node1,api-node2,65,49,114,52.427184,25.252525,52.427184,50.505051,100.0,50.0,3.0,88.0,0.0,0.0,3.0,88.0,294.746667,1297.266667,66.591072,44.921469,3.0
2026-06-24T03:10:06.180978999Z,1000,per_hit,raw_percent_of_host,api-node1,api-node2,100,56,156,50.0,27.710843,50.0,55.421687,100.0,50.0,59.0,54.0,0.0,0.0,59.0,54.0,232.545455,1563.822222,68.29745,44.833531,3.0
2026-06-24T03:10:07.180979487Z,1000,per_hit,raw_percent_of_host,api-node1,api-node2,79,62,141,50.0,27.710843,50.0,55.421687,100.0,50.0,46.0,78.0,0.0,0.0,46.0,78.0,504.228261,1293.131579,52.289565,44.923744,3.0
2026-06-24T03:10:08.180978627Z,1000,per_hit,raw_percent_of_host,api-node1,api-node2,70,41,111,54.819277,23.931624,54.819277,47.863248,100.0,50.0,6.0,99.0,0.0,0.0,6.0,99.0,417.109091,1437.2,53.66071,43.861392,3.0
2026-06-24T03:10:09.180979389Z,1000,per_hit,raw_percent_of_host,api-node1,api-node2,90,54,144,51.485149,25.252525,51.485149,50.505051,100.0,50.0,39.0,77.0,0.0,0.0,39.0,77.0,215.578947,1901.092105,69.9449,43.457203,3.0
2026-06-24T03:10:10.180979772Z,1000,per_hit,raw_percent_of_host,api-node1,api-node2,65,42,107,51.485149,25.252525,51.485149,50.505051,100.0,50.0,9.0,115.0,0.0,0.0,9.0,115.0,318.810526,1793.25,61.761506,43.598971,3.0
2026-06-24T03:10:11.180979614Z,1000,per_hit,raw_percent_of_host,api-node1,api-node2,43,30,73,50.505051,26.0,50.505051,52.0,100.0,50.0,4.0,136.0,0.0,0.0,4.0,136.0,147.9375,1275.555556,73.374585,41.401175,3.0
2026-06-24T03:10:12.180979287Z,1000,per_hit,raw_percent_of_host,api-node1,api-node2,109,71,180,50.0,24.489796,50.0,48.979592,100.0,50.0,61.0,47.0,0.0,0.0,61.0,47.0,211.134615,2257.29375,72.671637,46.479253,3.0
2026-06-24T03:10:13.180987918Z,1000,per_hit,raw_percent_of_host,api-node1,api-node2,75,68,143,51.0,24.489796,51.0,48.979592,100.0,50.0,61.0,103.0,0.0,0.0,61.0,103.0,666.2,508.0,54.769178,51.866653,3.0
2026-06-24T03:10:14.180979983Z,1000,per_hit,raw_percent_of_host,api-node1,api-node2,61,56,117,52.694611,21.929825,52.694611,43.859649,100.0,50.0,21.0,119.0,0.0,0.0,21.0,119.0,602.415842,1232.075,54.522027,43.566756,3.0
2026-06-24T03:10:15.180978928Z,1000,per_hit,raw_percent_of_host,api-node1,api-node2,58,34,92,51.485149,21.929825,51.485149,43.859649,100.0,50.0,22.0,116.0,0.0,0.0,22.0,116.0,187.789474,2093.72973,67.758726,41.908686,3.0
2026-06-24T03:10:16.180978771Z,1000,per_hit,raw_percent_of_host,api-node1,api-node2,64,32,96,50.505051,21.73913,50.505051,43.478261,100.0,50.0,23.0,116.0,0.0,0.0,23.0,116.0,180.539683,2643.78125,71.350627,41.889465,3.0
2026-06-24T03:10:17.180978903Z,1000,per_hit,raw_percent_of_host,api-node1,api-node2,31,33,64,50.505051,21.73913,50.505051,43.478261,100.0,50.0,6.0,149.0,0.0,0.0,6.0,149.0,186.458333,0.0,74.179401,41.093773,3.0
2026-06-24T03:10:18.18097814Z,1000,per_hit,raw_percent_of_host,api-node1,api-node2,17,16,33,50.0,21.73913,50.0,43.478261,100.0,50.0,1.0,160.0,0.0,0.0,1.0,160.0,81.545455,2158.8,78.533893,39.701177,3.0
2026-06-24T03:10:19.180979445Z,1000,per_hit,raw_percent_of_host,api-node1,api-node2,101,77,178,45.544554,25.252525,45.544554,50.505051,100.0,50.0,89.0,75.0,0.0,0.0,89.0,75.0,314.769231,2965.666667,75.984742,46.896314,3.0
2026-06-24T03:10:20.180978817Z,1000,per_hit,raw_percent_of_host,api-node1,api-node2,78,51,129,51.0,25.252525,51.0,50.505051,100.0,50.0,47.0,96.0,0.0,0.0,47.0,96.0,889.1,1423.4,47.776846,43.507137,3.0
2026-06-24T03:10:21.180986706Z,1000,per_hit,raw_percent_of_host,api-node1,api-node2,76,57,133,50.49505,25.252525,50.49505,50.505051,100.0,50.0,18.0,99.0,0.0,0.0,18.0,99.0,514.590476,1862.703704,52.344019,43.179385,3.0
2026-06-24T03:10:22.180978319Z,1000,per_hit,raw_percent_of_host,api-node1,api-node2,57,35,92,50.505051,25.252525,50.505051,50.505051,100.0,50.0,5.0,123.0,0.0,0.0,5.0,123.0,204.842857,2194.636364,69.397586,43.267298,3.0
2026-06-24T03:10:23.180979337Z,1000,per_hit,raw_percent_of_host,api-node1,api-node2,35,26,61,50.505051,25.252525,50.505051,50.505051,100.0,50.0,6.0,141.0,0.0,0.0,6.0,141.0,119.470588,2892.0,75.707251,39.96417,3.0
2026-06-24T03:10:24.180979292Z,1000,per_hit,raw_percent_of_host,api-node1,api-node2,88,64,152,40.0,25.252525,40.0,50.505051,100.0,50.0,69.0,92.0,0.0,0.0,69.0,92.0,159.0,2753.0,68.362694,44.770286,3.0
2026-06-24T03:10:25.180979384Z,1000,per_hit,raw_percent_of_host,api-node1,api-node2,51,37,88,50.49505,25.252525,50.49505,50.505051,100.0,50.0,2.0,126.0,0.0,0.0,2.0,126.0,485.974576,1478.0,71.132654,42.734132,3.0
2026-06-24T03:10:26.180979203Z,1000,per_hit,raw_percent_of_host,api-node1,api-node2,85,58,143,51.485149,21.929825,51.485149,43.859649,100.0,50.0,45.0,89.0,0.0,0.0,45.0,89.0,199.571429,2485.263158,68.220351,42.697286,3.0
2026-06-24T03:10:27.180979198Z,1000,per_hit,raw_percent_of_host,api-node1,api-node2,79,49,128,50.505051,25.0,50.505051,50.0,100.0,50.0,39.0,100.0,0.0,0.0,39.0,100.0,299.247059,2015.078947,69.339544,43.771302,3.0
2026-06-24T03:10:28.180978355Z,1000,per_hit,raw_percent_of_host,api-node1,api-node2,72,47,119,50.505051,25.0,50.505051,50.0,100.0,50.0,34.0,101.0,0.0,0.0,34.0,101.0,276.532468,1911.804348,69.716464,42.929299,3.0
2026-06-24T03:10:29.180978826Z,1000,per_hit,raw_percent_of_host,api-node1,api-node2,74,56,130,50.505051,25.0,50.505051,50.0,100.0,50.0,20.0,103.0,0.0,0.0,20.0,103.0,267.295455,1864.074074,66.457018,43.608131,3.0
2026-06-24T03:10:30.180978689Z,1000,per_hit,raw_percent_of_host,api-node1,api-node2,71,43,114,50.505051,26.0,50.505051,52.0,100.0,50.0,23.0,109.0,0.0,0.0,23.0,109.0,194.882353,2088.243243,71.757458,43.122481,3.0
2026-06-24T03:10:31.18097841Z,1000,per_hit,raw_percent_of_host,api-node1,api-node2,65,43,108,51.0,26.0,51.0,52.0,100.0,50.0,17.0,113.0,0.0,0.0,17.0,113.0,196.676056,2295.282051,71.042097,42.356462,3.0
2026-06-24T03:10:32.180979997Z,1000,per_hit,raw_percent_of_host,api-node1,api-node2,78,35,113,51.485149,25.0,51.485149,50.0,100.0,50.0,36.0,97.0,0.0,0.0,36.0,97.0,198.288136,2387.980392,70.440854,42.861468,3.0
2026-06-24T03:10:33.180978524Z,1000,per_hit,raw_percent_of_host,api-node1,api-node2,67,53,120,51.485149,25.0,51.485149,50.0,100.0,50.0,17.0,113.0,0.0,0.0,17.0,113.0,245.953488,2543.432432,67.532099,43.04426,3.0
2026-06-24T03:10:34.180979372Z,1000,per_hit,raw_percent_of_host,api-node1,api-node2,43,37,80,51.0,25.0,51.0,50.0,100.0,50.0,9.0,125.0,0.0,0.0,9.0,125.0,163.019608,2090.24,74.074526,41.523107,3.0
2026-06-24T03:10:35.180979154Z,1000,per_hit,raw_percent_of_host,api-node1,api-node2,56,32,88,51.0,24.489796,51.0,48.979592,100.0,50.0,19.0,58.0,0.0,0.0,19.0,58.0,111.108696,2896.434343,74.954841,42.019148,3.0
2026-06-24T03:10:36.180978381Z,1000,per_hit,raw_percent_of_host,api-node1,api-node2,88,58,146,50.49505,24.489796,50.49505,48.979592,100.0,50.0,13.0,92.0,0.0,0.0,13.0,92.0,513.478723,1626.791667,66.862841,45.162158,3.0
2026-06-24T03:10:37.180978801Z,1000,per_hit,raw_percent_of_host,api-node1,api-node2,80,56,136,50.0,24.489796,50.0,48.979592,100.0,50.0,10.0,100.0,0.0,0.0,10.0,100.0,625.879518,1713.270833,66.017498,43.369779,3.0
2026-06-24T03:10:38.180979162Z,1000,per_hit,raw_percent_of_host,api-node1,api-node2,57,41,98,51.0,22.608696,51.0,45.217391,100.0,50.0,5.0,123.0,0.0,0.0,5.0,123.0,221.629032,2151.555556,69.452298,42.17108,3.0
2026-06-24T03:10:39.180978473Z,1000,per_hit,raw_percent_of_host,api-node1,api-node2,72,47,119,51.0,22.608696,51.0,45.217391,100.0,50.0,6.0,107.0,0.0,0.0,6.0,107.0,213.71831,2518.285714,70.19795,42.286876,3.0
2026-06-24T03:10:40.180979643Z,1000,per_hit,raw_percent_of_host,api-node1,api-node2,47,30,77,51.0,22.608696,51.0,45.217391,100.0,50.0,1.0,58.0,0.0,0.0,1.0,58.0,157.769231,2432.050633,70.81245,42.15807,3.0
2026-06-24T03:10:41.180978496Z,1000,per_hit,raw_percent_of_host,api-node1,api-node2,100,76,176,50.0,22.608696,50.0,45.217391,100.0,50.0,24.0,122.0,0.0,0.0,24.0,122.0,460.805195,1797.916667,71.540023,48.514656,3.0
2026-06-24T03:10:42.1809782Z,1000,per_hit,raw_percent_of_host,api-node1,api-node2,55,29,84,51.0,22.608696,51.0,45.217391,100.0,50.0,16.0,118.0,0.0,0.0,16.0,118.0,171.111111,1996.909091,70.98725,40.929245,3.0
2026-06-24T03:10:43.180978095Z,1000,per_hit,raw_percent_of_host,api-node1,api-node2,41,23,64,51.515152,24.489796,51.515152,48.979592,100.0,50.0,8.0,97.0,0.0,0.0,8.0,97.0,153.326531,3352.477273,74.026141,40.879606,3.0
2026-06-24T03:10:44.180979345Z,1000,per_hit,raw_percent_of_host,api-node1,api-node2,113,64,177,51.0,26.0,51.0,52.0,100.0,50.0,38.0,44.0,0.0,0.0,38.0,44.0,436.73494,1947.948718,71.846003,46.723563,3.0
2026-06-24T03:10:45.18098031Z,1000,per_hit,raw_percent_of_host,api-node1,api-node2,83,48,131,55.882353,26.0,55.882353,52.0,100.0,50.0,46.0,88.0,0.0,0.0,46.0,88.0,616.986667,1344.75,63.929408,46.018227,3.0
2026-06-24T03:10:46.18097884Z,1000,per_hit,raw_percent_of_host,api-node1,api-node2,96,79,175,50.0,25.252525,50.0,50.505051,100.0,50.0,75.0,74.0,0.0,0.0,75.0,74.0,836.134328,1583.129032,53.461795,44.50245,3.0
2026-06-24T03:10:47.180978427Z,1000,per_hit,raw_percent_of_host,api-node1,api-node2,69,44,113,50.49505,25.252525,50.49505,50.505051,100.0,50.0,23.0,111.0,0.0,0.0,23.0,111.0,499.942149,1049.0,64.807593,43.665486,3.0
2026-06-24T03:10:48.180978493Z,1000,per_hit,raw_percent_of_host,api-node1,api-node2,76,54,130,51.0,0.0,51.0,0.0,100.0,50.0,36.0,103.0,0.0,0.0,36.0,103.0,254.793651,1721.032258,70.366015,48.465117,3.0
2026-06-24T03:10:49.180979643Z,1000,per_hit,raw_percent_of_host,api-node1,api-node2,64,42,106,43.661972,25.252525,43.661972,50.505051,100.0,50.0,5.0,116.0,0.0,0.0,5.0,116.0,336.273684,1898.965517,67.038575,44.580317,3.0
2026-06-24T03:10:50.180978421Z,1000,per_hit,raw_percent_of_host,api-node1,api-node2,53,26,79,51.0,25.252525,51.0,50.505051,100.0,50.0,3.0,123.0,0.0,0.0,3.0,123.0,133.690909,1986.210526,74.376396,41.715351,3.0
2026-06-24T03:10:51.180980223Z,1000,per_hit,raw_percent_of_host,api-node1,api-node2,105,75,180,50.49505,25.0,50.49505,50.0,100.0,50.0,75.0,65.0,0.0,0.0,75.0,65.0,135.757576,2319.225564,70.121817,46.920226,3.0
2026-06-24T03:10:52.180979371Z,1000,per_hit,raw_percent_of_host,api-node1,api-node2,72,60,132,51.0,27.0,51.0,54.0,100.0,50.0,57.0,105.0,0.0,0.0,57.0,105.0,669.577778,1008.0,52.226237,45.804783,3.0
2026-06-24T03:10:53.180979475Z,1000,per_hit,raw_percent_of_host,api-node1,api-node2,65,44,109,51.0,25.510204,51.0,51.020408,100.0,50.0,17.0,110.0,0.0,0.0,17.0,110.0,416.380952,1638.487179,60.76105,42.668756,3.0
2026-06-24T03:10:54.180979207Z,1000,per_hit,raw_percent_of_host,api-node1,api-node2,61,41,102,51.0,25.510204,51.0,51.020408,100.0,50.0,5.0,119.0,0.0,0.0,5.0,119.0,188.958904,1997.25,69.732851,42.492067,3.0
2026-06-24T03:10:55.180978441Z,1000,per_hit,raw_percent_of_host,api-node1,api-node2,53,31,84,51.0,25.510204,51.0,51.020408,100.0,50.0,5.0,71.0,0.0,0.0,5.0,71.0,156.54717,2425.240506,73.128555,41.616381,3.0
2026-06-24T03:10:56.180978011Z,1000,per_hit,raw_percent_of_host,api-node1,api-node2,67,63,130,51.0,25.510204,51.0,51.020408,100.0,50.0,13.0,127.0,0.0,0.0,13.0,127.0,223.372881,1469.857143,70.115798,44.29054,3.0
2026-06-24T03:10:57.180978269Z,1000,per_hit,raw_percent_of_host,api-node1,api-node2,78,64,142,45.454545,25.510204,45.454545,51.020408,100.0,50.0,11.0,105.0,0.0,0.0,11.0,105.0,411.8375,2196.674419,66.481825,43.526558,3.0
2026-06-24T03:10:58.18097917Z,1000,per_hit,raw_percent_of_host,api-node1,api-node2,46,30,76,52.884615,25.510204,52.884615,51.020408,100.0,50.0,5.0,90.0,0.0,0.0,5.0,90.0,151.5,2382.622222,72.575478,41.015109,3.0
2026-06-24T03:10:59.180978616Z,1000,per_hit,raw_percent_of_host,api-node1,api-node2,53,40,93,50.49505,25.510204,50.49505,51.020408,100.0,50.0,2.0,90.0,0.0,0.0,2.0,90.0,338.625,2611.05,72.463985,42.715136,3.0
2026-06-24T03:11:00.180979618Z,1000,per_hit,raw_percent_of_host,api-node1,api-node2,107,57,164,48.958333,25.0,48.958333,50.0,100.0,50.0,36.0,73.0,0.0,0.0,36.0,73.0,670.287671,1837.243243,73.681789,45.074088,3.0
2026-06-24T03:11:01.180978376Z,1000,per_hit,raw_percent_of_host,api-node1,api-node2,59,53,112,51.960784,25.0,51.960784,50.0,100.0,50.0,2.0,117.0,0.0,0.0,2.0,117.0,722.731183,1506.0,47.148777,43.362526,3.0
2026-06-24T03:11:02.180979065Z,1000,per_hit,raw_percent_of_host,api-node1,api-node2,90,60,150,48.484848,28.571429,48.484848,57.142857,100.0,50.0,1.0,90.0,0.0,0.0,1.0,90.0,437.340659,1812.747126,68.681335,44.316118,3.0
2026-06-24T03:11:03.1809784Z,1000,per_hit,raw_percent_of_host,api-node1,api-node2,47,43,90,51.485149,28.571429,51.485149,57.142857,100.0,50.0,0.0,133.0,0.0,0.0,0.0,133.0,187.666667,0.0,72.765179,42.456328,3.0
2026-06-24T03:11:04.180978982Z,1000,per_hit,raw_percent_of_host,api-node1,api-node2,94,56,150,51.485149,28.571429,51.485149,57.142857,100.0,50.0,60.0,61.0,0.0,0.0,60.0,61.0,169.705882,2206.648438,71.415232,43.332435,3.0
2026-06-24T03:11:05.180978351Z,1000,per_hit,raw_percent_of_host,api-node1,api-node2,78,63,141,50.49505,25.252525,50.49505,50.505051,100.0,50.0,27.0,96.0,0.0,0.0,27.0,96.0,541.594595,1374.25,52.992802,45.809851,3.0
2026-06-24T03:11:06.180978236Z,1000,per_hit,raw_percent_of_host,api-node1,api-node2,66,42,108,47.222222,25.252525,47.222222,50.505051,100.0,50.0,9.0,110.0,0.0,0.0,9.0,110.0,297.333333,1894.678571,63.900618,42.689494,3.0
2026-06-24T03:11:07.180978689Z,1000,per_hit,raw_percent_of_host,api-node1,api-node2,78,32,110,47.222222,25.252525,47.222222,50.505051,100.0,50.0,25.0,97.0,0.0,0.0,25.0,97.0,220.516129,2348.288889,73.883527,42.591002,3.0
2026-06-24T03:11:08.180979497Z,1000,per_hit,raw_percent_of_host,api-node1,api-node2,73,31,104,51.485149,25.252525,51.485149,50.505051,100.0,50.0,10.0,94.0,0.0,0.0,10.0,94.0,219.875,2365.529412,67.85624,44.431169,3.0
2026-06-24T03:11:09.180985575Z,1000,per_hit,raw_percent_of_host,api-node1,api-node2,100,71,171,50.49505,25.252525,50.49505,50.505051,100.0,50.0,35.0,78.0,0.0,0.0,35.0,78.0,354.946667,2138.942529,65.436588,44.808231,3.0
2026-06-24T03:11:10.180979817Z,1000,per_hit,raw_percent_of_host,api-node1,api-node2,77,63,140,51.0,25.252525,51.0,50.505051,100.0,50.0,12.0,100.0,0.0,0.0,12.0,100.0,354.77,1263.560976,57.35112,43.496882,3.0
2026-06-24T03:11:11.180978657Z,1000,per_hit,raw_percent_of_host,api-node1,api-node2,61,51,112,52.884615,29.761905,52.884615,59.52381,100.0,50.0,18.0,104.0,0.0,0.0,18.0,104.0,145.836364,1873.234043,73.203626,42.884781,3.0
2026-06-24T03:11:12.180978123Z,1000,per_hit,raw_percent_of_host,api-node1,api-node2,54,36,90,48.421053,29.761905,48.421053,59.52381,100.0,50.0,9.0,107.0,0.0,0.0,9.0,107.0,176.952381,2005.121212,69.785442,42.717413,3.0
2026-06-24T03:11:13.180978892Z,1000,per_hit,raw_percent_of_host,api-node1,api-node2,53,26,79,50.505051,29.761905,50.505051,59.52381,100.0,50.0,5.0,109.0,0.0,0.0,5.0,109.0,170.035088,2370.25,72.282269,45.134099,3.0
2026-06-24T03:11:14.18097884Z,1000,per_hit,raw_percent_of_host,api-node1,api-node2,97,58,155,51.0,22.608696,51.0,45.217391,100.0,50.0,65.0,46.0,0.0,0.0,65.0,46.0,137.378378,2303.628099,70.669486,50.33804,3.0
2026-06-24T03:11:15.180981841Z,1000,per_hit,raw_percent_of_host,api-node1,api-node2,61,56,117,51.0,22.608696,51.0,45.217391,100.0,50.0,43.0,87.0,0.0,0.0,43.0,87.0,510.144578,796.2,54.948981,50.03235,3.0
2026-06-24T03:11:16.180980318Z,1000,per_hit,raw_percent_of_host,api-node1,api-node2,33,28,61,51.0,22.608696,51.0,45.217391,100.0,50.0,1.0,111.0,0.0,0.0,1.0,111.0,361.986667,922.5,70.172426,45.641956,3.0
2026-06-24T03:11:17.180978571Z,1000,per_hit,raw_percent_of_host,api-node1,api-node2,76,53,129,42.718447,26.262626,42.718447,52.525253,100.0,50.0,0.0,61.0,0.0,0.0,0.0,61.0,290.597403,1634.941748,70.477073,46.829929,3.0
2026-06-24T03:11:18.180978416Z,1000,per_hit,raw_percent_of_host,api-node1,api-node2,52,33,85,45.631068,26.262626,45.631068,52.525253,100.0,50.0,0.0,84.0,0.0,0.0,0.0,84.0,214.230769,1423.9,69.984859,44.937061,3.0
2026-06-24T03:11:19.180979132Z,1000,per_hit,raw_percent_of_host,api-node1,api-node2,79,45,124,45.631068,26.262626,45.631068,52.525253,100.0,50.0,58.0,43.0,0.0,0.0,58.0,43.0,171.285714,1502.651163,74.406219,47.844418,3.0
2026-06-24T03:11:20.180978724Z,1000,per_hit,raw_percent_of_host,api-node1,api-node2,71,54,125,51.0,24.203822,51.0,48.407643,100.0,50.0,3.0,43.0,0.0,0.0,3.0,43.0,496.055556,906.759259,65.745403,54.266061,3.0
2026-06-24T03:11:21.180979141Z,1000,per_hit,raw_percent_of_host,api-node1,api-node2,67,41,108,51.0,24.203822,51.0,48.407643,100.0,50.0,1.0,42.0,0.0,0.0,1.0,42.0,296.347826,984.47619,74.004638,48.942756,3.0
2026-06-24T03:11:22.180978327Z,1000,per_hit,raw_percent_of_host,api-node1,api-node2,51,33,84,51.0,24.203822,51.0,48.407643,100.0,50.0,0.0,57.0,0.0,0.0,0.0,57.0,164.346154,838.0,72.583368,52.714392,3.0
2026-06-24T03:11:23.180979141Z,1000,per_hit,raw_percent_of_host,api-node1,api-node2,57,50,107,45.454545,26.262626,45.454545,52.525253,100.0,50.0,0.0,12.0,0.0,0.0,0.0,12.0,338.368421,902.831579,73.968909,55.387736,3.0
2026-06-24T03:11:24.180980339Z,1000,per_hit,raw_percent_of_host,api-node1,api-node2,54,47,101,50.0,28.571429,50.0,57.142857,100.0,50.0,0.0,17.0,0.0,0.0,0.0,17.0,237.592593,497.619048,73.045467,54.798113,3.0
2026-06-24T03:11:25.180979073Z,1000,per_hit,raw_percent_of_host,api-node1,api-node2,63,34,97,50.980392,25.252525,50.980392,50.505051,100.0,50.0,2.0,1.0,0.0,0.0,2.0,1.0,236.622951,538.62,73.374252,48.602002,3.0
2026-06-24T03:11:26.18097831Z,1000,per_hit,raw_percent_of_host,api-node1,api-node2,43,46,89,49.50495,26.829268,49.50495,53.658537,100.0,50.0,1.0,8.0,0.0,0.0,1.0,8.0,167.181818,446.692308,73.124254,68.086145,3.0
2026-06-24T03:11:27.180980472Z,1000,per_hit,raw_percent_of_host,api-node1,api-node2,48,38,86,46.464646,26.0,46.464646,52.0,100.0,50.0,1.0,1.0,0.0,0.0,1.0,1.0,145.375,484.2,74.254388,66.891937,3.0
2026-06-24T03:11:28.180978396Z,1000,per_hit,raw_percent_of_host,api-node1,api-node2,37,43,80,46.601942,27.722772,46.601942,55.445545,100.0,50.0,0.0,2.0,0.0,0.0,0.0,2.0,191.184211,277.119048,75.422159,69.696289,3.0
2026-06-24T03:11:29.180979579Z,1000,per_hit,raw_percent_of_host,api-node1,api-node2,33,39,72,50.0,24.0,50.0,48.0,100.0,50.0,0.0,1.0,0.0,0.0,0.0,1.0,74.121212,414.525,77.59882,68.546953,3.0
2026-06-24T03:11:30.18098069Z,1000,per_hit,raw_percent_of_host,api-node1,api-node2,29,39,68,46.078431,27.722772,46.078431,55.445545,100.0,50.0,0.0,1.0,0.0,0.0,0.0,1.0,121.517241,212.102564,75.701158,69.987296,3.0
2026-06-24T03:11:31.180980451Z,1000,per_hit,raw_percent_of_host,api-node1,api-node2,40,24,64,50.0,21.212121,50.0,42.424242,100.0,50.0,0.0,1.0,0.0,0.0,0.0,1.0,143.125,112.208333,75.436246,76.133104,3.0
2026-06-24T03:11:32.180980646Z,1000,per_hit,raw_percent_of_host,api-node1,api-node2,31,26,57,46.464646,26.0,46.464646,52.0,100.0,50.0,0.0,0.0,0.0,0.0,0.0,0.0,87.741935,126.148148,76.200539,74.429518,3.0
2026-06-24T03:11:33.180980783Z,1000,per_hit,raw_percent_of_host,api-node1,api-node2,29,21,50,48.076923,22.222222,48.076923,44.444444,100.0,50.0,0.0,0.0,0.0,0.0,0.0,0.0,89.896552,125.0,76.484434,76.14625,3.0
2026-06-24T03:11:34.180980889Z,1000,per_hit,raw_percent_of_host,api-node1,api-node2,18,26,44,41.414141,26.732673,41.414141,53.465347,100.0,50.0,0.0,0.0,0.0,0.0,0.0,0.0,69.777778,153.576923,75.29844,73.415026,3.0
2026-06-24T03:11:35.180978764Z,1000,per_hit,raw_percent_of_host,api-node1,api-node2,24,17,41,47.524752,21.212121,47.524752,42.424242,100.0,50.0,0.0,0.0,0.0,0.0,0.0,0.0,89.208333,117.705882,75.975642,77.228441,3.0
2026-06-24T03:11:36.180981235Z,1000,per_hit,raw_percent_of_host,api-node1,api-node2,15,20,35,39.795918,25.0,39.795918,50.0,100.0,50.0,0.0,0.0,0.0,0.0,0.0,0.0,52.4,132.4,76.73168,74.968206,3.0
2026-06-24T03:11:37.180980389Z,1000,per_hit,raw_percent_of_host,api-node1,api-node2,14,15,29,37.142857,27.272727,37.142857,54.545455,100.0,50.0,0.0,0.0,0.0,0.0,0.0,0.0,73.857143,86.133333,76.442403,75.897369,3.0
2026-06-24T03:11:38.180979892Z,1000,per_hit,raw_percent_of_host,api-node1,api-node2,9,13,22,24.242424,23.232323,24.242424,46.464646,100.0,50.0,0.0,0.0,0.0,0.0,0.0,0.0,51.222222,79.153846,77.687754,77.686604,3.0
2026-06-24T03:11:39.180978808Z,1000,per_hit,raw_percent_of_host,api-node1,api-node2,9,7,16,22.772277,23.0,22.772277,46.0,100.0,50.0,0.0,0.0,0.0,0.0,0.0,0.0,59.777778,84.857143,76.504129,77.224064,3.0
2026-06-24T03:11:40.180981766Z,1000,per_hit,raw_percent_of_host,api-node1,api-node2,5,7,12,11.111111,17.346939,11.111111,34.693878,100.0,50.0,0.0,0.0,0.0,0.0,0.0,0.0,52.0,71.142857,77.455997,76.276667,3.0
2026-06-24T03:11:41.180978807Z,1000,per_hit,raw_percent_of_host,api-node1,api-node2,3,7,10,5.050505,12.0,5.050505,24.0,100.0,50.0,0.0,0.0,0.0,0.0,0.0,0.0,50.0,77.428571,78.879358,73.403427,3.0
2026-06-24T03:11:42.180980956Z,1000,per_hit,raw_percent_of_host,api-node1,api-node2,8,2,10,21.0,0.0,21.0,0.0,100.0,50.0,0.0,0.0,0.0,0.0,0.0,0.0,61.25,50.0,77.655109,80.310524,3.0
2026-06-24T03:11:43.180979388Z,1000,per_hit,raw_percent_of_host,api-node1,api-node2,6,4,10,16.831683,5.050505,16.831683,10.10101,100.0,50.0,0.0,0.0,0.0,0.0,0.0,0.0,50.0,73.0,78.20534,77.248853,3.0
2026-06-24T03:11:44.18098276Z,1000,per_hit,raw_percent_of_host,api-node1,api-node2,5,5,10,7.070707,12.121212,7.070707,24.242424,100.0,50.0,0.0,0.0,0.0,0.0,0.0,0.0,50.0,83.2,78.491651,75.85757,3.0
2026-06-24T03:11:45.180979183Z,1000,per_hit,raw_percent_of_host,api-node1,api-node2,6,4,10,15.151515,7.0,15.151515,14.0,100.0,50.0,0.0,0.0,0.0,0.0,0.0,0.0,50.0,90.25,77.69329,76.307525,3.0
2026-06-24T03:11:46.180981537Z,1000,per_hit,raw_percent_of_host,api-node1,api-node2,5,5,10,13.131313,7.0,13.131313,14.0,100.0,50.0,0.0,0.0,0.0,0.0,0.0,0.0,50.0,80.2,77.700586,76.654677,3.0
2026-06-24T03:11:47.180982194Z,1000,per_hit,raw_percent_of_host,api-node1,api-node2,5,5,10,11.881188,5.050505,11.881188,10.10101,100.0,50.0,0.0,0.0,0.0,0.0,0.0,0.0,50.0,79.8,78.473983,77.210556,3.0
2026-06-24T03:11:48.180982633Z,1000,per_hit,raw_percent_of_host,api-node1,api-node2,6,4,10,12.121212,7.0,12.121212,14.0,100.0,50.0,0.0,0.0,0.0,0.0,0.0,0.0,50.0,88.5,78.24273,76.19107,3.0
2026-06-24T03:11:49.180981877Z,1000,per_hit,raw_percent_of_host,api-node1,api-node2,5,5,10,10.10101,12.0,10.10101,24.0,100.0,50.0,0.0,0.0,0.0,0.0,0.0,0.0,50.0,79.6,78.00393,76.789573,3.0
2026-06-24T03:11:50.180978734Z,1000,per_hit,raw_percent_of_host,api-node1,api-node2,4,6,10,2.020202,11.111111,2.020202,22.222222,100.0,50.0,0.0,0.0,0.0,0.0,0.0,0.0,50.0,84.0,79.511189,76.612646,3.0
2026-06-24T03:11:51.180978119Z,1000,per_hit,raw_percent_of_host,api-node1,api-node2,5,5,10,17.171717,6.060606,17.171717,12.121212,100.0,50.0,0.0,0.0,0.0,0.0,0.0,0.0,50.0,70.6,77.437388,76.396073,3.0
2026-06-24T03:11:52.180981977Z,1000,per_hit,raw_percent_of_host,api-node1,api-node2,5,5,10,18.0,6.060606,18.0,12.121212,100.0,50.0,0.0,0.0,0.0,0.0,0.0,0.0,50.0,84.2,78.434639,76.432381,3.0
2026-06-24T03:11:53.180978085Z,1000,per_hit,raw_percent_of_host,api-node1,api-node2,6,4,10,16.0,6.0,16.0,12.0,100.0,50.0,0.0,0.0,0.0,0.0,0.0,0.0,62.166667,60.25,78.051933,76.448926,3.0
2026-06-24T03:11:54.180978958Z,1000,per_hit,raw_percent_of_host,api-node1,api-node2,4,6,10,5.050505,11.111111,5.050505,22.222222,100.0,50.0,0.0,0.0,0.0,0.0,0.0,0.0,50.0,82.0,79.169631,75.550345,3.0
2026-06-24T03:11:55.180978904Z,1000,per_hit,raw_percent_of_host,api-node1,api-node2,4,6,10,15.0,7.142857,15.0,14.285714,100.0,50.0,0.0,0.0,0.0,0.0,0.0,0.0,50.0,68.833333,78.055189,76.829784,3.0
2026-06-24T03:11:56.180979197Z,1000,per_hit,raw_percent_of_host,api-node1,api-node2,6,4,10,14.0,11.0,14.0,22.0,100.0,50.0,0.0,0.0,0.0,0.0,0.0,0.0,51.666667,62.25,78.70377,77.37554,3.0
2026-06-24T03:11:57.180983678Z,1000,per_hit,raw_percent_of_host,api-node1,api-node2,4,6,10,15.151515,5.050505,15.151515,10.10101,100.0,50.0,0.0,0.0,0.0,0.0,0.0,0.0,50.0,77.166667,78.330692,76.644,3.0
2026-06-24T03:11:58.180979184Z,1000,per_hit,raw_percent_of_host,api-node1,api-node2,4,6,10,6.0,10.10101,6.0,20.20202,100.0,50.0,0.0,0.0,0.0,0.0,0.0,0.0,50.0,79.666667,79.30476,76.879977,3.0
2026-06-24T03:11:59.18098167Z,1000,per_hit,raw_percent_of_host,api-node1,api-node2,8,2,10,20.0,1.0,20.0,2.0,100.0,50.0,0.0,0.0,0.0,0.0,0.0,0.0,56.5,50.0,77.358052,79.373812,3.0
2026-06-24T03:12:00.180978588Z,1000,per_hit,raw_percent_of_host,api-node1,api-node2,8,2,10,18.181818,0.0,18.181818,0.0,100.0,50.0,0.0,0.0,0.0,0.0,0.0,0.0,61.125,50.0,77.363139,80.464685,3.0
2026-06-24T03:12:01.180981845Z,1000,per_hit,raw_percent_of_host,api-node1,api-node2,7,3,10,17.171717,6.0,17.171717,12.0,100.0,50.0,0.0,0.0,0.0,0.0,0.0,0.0,50.0,80.666667,77.892251,76.4214,3.0
2026-06-24T03:12:02.180984576Z,1000,per_hit,raw_percent_of_host,api-node1,api-node2,3,7,10,10.0,11.881188,10.0,23.762376,100.0,50.0,0.0,0.0,0.0,0.0,0.0,0.0,50.0,64.571429,78.009253,77.130217,3.0
2026-06-24T03:12:03.180982043Z,1000,per_hit,raw_percent_of_host,api-node1,api-node2,3,7,10,9.0,11.111111,9.0,22.222222,100.0,50.0,0.0,0.0,0.0,0.0,0.0,0.0,50.0,71.857143,79.183449,77.25786,3.0
2026-06-24T03:12:04.180977682Z,1000,per_hit,raw_percent_of_host,api-node1,api-node2,4,6,10,5.050505,11.0,5.050505,22.0,100.0,50.0,0.0,0.0,0.0,0.0,0.0,0.0,50.0,78.666667,79.169631,76.03471,3.0
2026-06-24T03:12:05.180978506Z,1000,per_hit,raw_percent_of_host,api-node1,api-node2,4,6,10,3.0,12.0,3.0,24.0,100.0,50.0,0.0,0.0,0.0,0.0,0.0,0.0,50.0,86.333333,79.189476,76.151224,3.0
2026-06-24T03:12:06.180982982Z,1000,per_hit,raw_percent_of_host,api-node1,api-node2,5,5,10,12.0,11.111111,12.0,22.222222,100.0,50.0,0.0,0.0,0.0,0.0,0.0,0.0,53.8,50.0,77.571616,77.679006,3.0
2026-06-24T03:12:07.180980851Z,1000,per_hit,raw_percent_of_host,api-node1,api-node2,5,5,10,10.10101,6.0,10.10101,12.0,100.0,50.0,0.0,0.0,0.0,0.0,0.0,0.0,50.0,78.6,78.820891,76.883053,3.0
2026-06-24T03:12:08.180978067Z,1000,per_hit,raw_percent_of_host,api-node1,api-node2,5,5,10,12.121212,10.10101,12.121212,20.20202,100.0,50.0,0.0,0.0,0.0,0.0,0.0,0.0,53.8,50.0,77.665001,77.019172,3.0
2026-06-24T03:12:09.180978046Z,1000,per_hit,raw_percent_of_host,api-node1,api-node2,7,3,10,18.181818,5.050505,18.181818,10.10101,100.0,50.0,0.0,0.0,0.0,0.0,0.0,0.0,51.428571,66.666667,78.208429,76.236779,3.0
2026-06-24T03:12:10.180979413Z,1000,per_hit,raw_percent_of_host,api-node1,api-node2,5,5,10,11.0,10.10101,11.0,20.20202,100.0,50.0,0.0,0.0,0.0,0.0,0.0,0.0,50.0,68.8,78.426792,76.67336,3.0
2026-06-24T03:12:11.180977795Z,1000,per_hit,raw_percent_of_host,api-node1,api-node2,5,5,10,12.121212,13.0,12.121212,26.0,100.0,50.0,0.0,0.0,0.0,0.0,0.0,0.0,50.0,79.8,78.24273,75.024341,3.0
2026-06-24T03:12:12.18099169Z,1000,per_hit,raw_percent_of_host,api-node1,api-node2,6,4,10,19.0,5.940594,19.0,11.881188,100.0,50.0,0.0,0.0,0.0,0.0,0.0,0.0,52.0,50.0,77.853838,77.797502,3.0
2026-06-24T03:12:13.180989606Z,1000,per_hit,raw_percent_of_host,api-node1,api-node2,4,6,10,5.050505,11.0,5.050505,22.0,100.0,50.0,0.0,0.0,0.0,0.0,0.0,0.0,50.0,74.833333,79.169631,76.298992,3.0
2026-06-24T03:12:14.180980061Z,1000,per_hit,raw_percent_of_host,api-node1,api-node2,5,5,10,12.121212,7.0,12.121212,14.0,100.0,50.0,0.0,0.0,0.0,0.0,0.0,0.0,50.0,81.2,78.150015,76.16737,3.0
2026-06-24T03:12:15.180978541Z,1000,per_hit,raw_percent_of_host,api-node1,api-node2,7,3,10,18.367347,6.060606,18.367347,12.121212,100.0,50.0,0.0,0.0,0.0,0.0,0.0,0.0,51.571429,50.0,77.829598,77.779782,3.0
2026-06-24T03:12:16.180984697Z,1000,per_hit,raw_percent_of_host,api-node1,api-node2,5,5,10,13.131313,6.060606,13.131313,12.121212,100.0,50.0,0.0,0.0,0.0,0.0,0.0,0.0,50.0,81.0,78.384953,76.105668,3.0
2026-06-24T03:12:17.180982855Z,1000,per_hit,raw_percent_of_host,api-node1,api-node2,6,4,10,19.191919,5.050505,19.191919,10.10101,100.0,50.0,0.0,0.0,0.0,0.0,0.0,0.0,50.0,75.25,77.843932,76.522392,3.0
2026-06-24T03:12:18.180978044Z,1000,per_hit,raw_percent_of_host,api-node1,api-node2,2,8,10,5.050505,12.0,5.050505,24.0,100.0,50.0,0.0,0.0,0.0,0.0,0.0,0.0,50.0,88.375,78.858094,75.435643,3.0
2026-06-24T03:12:19.180979057Z,1000,per_hit,raw_percent_of_host,api-node1,api-node2,6,4,10,20.0,5.102041,20.0,10.204082,100.0,50.0,0.0,0.0,0.0,0.0,0.0,0.0,51.666667,62.25,78.416343,74.882198,3.0
2026-06-24T03:12:20.180977962Z,1000,per_hit,raw_percent_of_host,api-node1,api-node2,3,7,10,2.040816,15.151515,2.040816,30.30303,100.0,50.0,0.0,0.0,0.0,0.0,0.0,0.0,50.0,90.428571,80.05773,75.452382,3.0
2026-06-24T03:12:21.180979492Z,1000,per_hit,raw_percent_of_host,api-node1,api-node2,4,6,10,10.10101,11.0,10.10101,22.0,100.0,50.0,0.0,0.0,0.0,0.0,0.0,0.0,50.0,69.666667,78.572006,76.324381,3.0
2026-06-24T03:12:22.180982275Z,1000,per_hit,raw_percent_of_host,api-node1,api-node2,5,5,10,12.121212,10.0,12.121212,20.0,100.0,50.0,0.0,0.0,0.0,0.0,0.0,0.0,53.6,67.6,78.231754,76.243735,3.0
2026-06-24T03:12:23.180982516Z,1000,per_hit,raw_percent_of_host,api-node1,api-node2,4,6,10,9.090909,10.0,9.090909,20.0,100.0,50.0,0.0,0.0,0.0,0.0,0.0,0.0,50.0,74.833333,78.870771,76.535416,3.0
2026-06-24T03:12:24.180978978Z,1000,per_hit,raw_percent_of_host,api-node1,api-node2,4,6,10,6.060606,10.10101,6.060606,20.20202,100.0,50.0,0.0,0.0,0.0,0.0,0.0,0.0,50.0,73.833333,78.745447,76.154216,3.0
2026-06-24T03:12:25.180978739Z,1000,per_hit,raw_percent_of_host,api-node1,api-node2,5,5,10,8.0,11.0,8.0,22.0,100.0,50.0,0.0,0.0,0.0,0.0,0.0,0.0,50.0,87.2,78.454019,75.23587,3.0
2026-06-24T03:12:26.180978945Z,1000,per_hit,raw_percent_of_host,api-node1,api-node2,5,5,10,15.151515,7.920792,15.151515,15.841584,100.0,50.0,0.0,0.0,0.0,0.0,0.0,0.0,50.0,70.8,77.69329,77.660001,3.0
2026-06-24T03:12:27.180978911Z,1000,per_hit,raw_percent_of_host,api-node1,api-node2,6,4,10,12.0,6.060606,12.0,12.121212,100.0,50.0,0.0,0.0,0.0,0.0,0.0,0.0,50.0,84.5,78.716028,75.687002,3.0
2026-06-24T03:12:28.181040086Z,1000,per_hit,raw_percent_of_host,api-node1,api-node2,4,6,10,11.0,7.0,11.0,14.0,100.0,50.0,0.0,0.0,0.0,0.0,0.0,0.0,50.0,76.833333,77.93285,77.803753,3.0
2026-06-24T03:12:29.18098078Z,1000,per_hit,raw_percent_of_host,api-node1,api-node2,6,4,10,15.841584,6.060606,15.841584,12.121212,100.0,50.0,0.0,0.0,0.0,0.0,0.0,0.0,50.0,75.75,78.46008,76.90731,3.0
2026-06-24T03:12:30.180978013Z,1000,per_hit,raw_percent_of_host,api-node1,api-node2,4,6,10,10.10101,10.10101,10.10101,20.20202,100.0,50.0,0.0,0.0,0.0,0.0,0.0,0.0,50.0,73.0,78.35493,76.141701,3.0
2026-06-24T03:12:31.180977992Z,1000,per_hit,raw_percent_of_host,api-node1,api-node2,5,5,10,12.121212,12.121212,12.121212,24.242424,100.0,50.0,0.0,0.0,0.0,0.0,0.0,0.0,50.0,78.2,78.637052,75.265501,3.0
2026-06-24T03:12:32.180979693Z,1000,per_hit,raw_percent_of_host,api-node1,api-node2,5,5,10,11.111111,11.0,11.111111,22.0,100.0,50.0,0.0,0.0,0.0,0.0,0.0,0.0,52.4,50.0,78.055042,76.80577,3.0
2026-06-24T03:12:33.180979087Z,1000,per_hit,raw_percent_of_host,api-node1,api-node2,4,6,10,12.121212,11.111111,12.121212,22.222222,100.0,50.0,0.0,0.0,0.0,0.0,0.0,0.0,50.0,67.0,78.708691,76.471224,3.0
2026-06-24T03:12:34.18097915Z,1000,per_hit,raw_percent_of_host,api-node1,api-node2,4,6,10,12.121212,10.10101,12.121212,20.20202,100.0,50.0,0.0,0.0,0.0,0.0,0.0,0.0,52.75,56.5,78.524815,76.582988,3.0
2026-06-24T03:12:35.18097917Z,1000,per_hit,raw_percent_of_host,api-node1,api-node2,5,5,10,19.191919,6.0,19.191919,12.0,100.0,50.0,0.0,0.0,0.0,0.0,0.0,0.0,50.0,69.2,78.5009,77.41412,3.0
2026-06-24T03:12:36.180978157Z,1000,per_hit,raw_percent_of_host,api-node1,api-node2,6,4,10,18.181818,5.0,18.181818,10.0,100.0,50.0,0.0,0.0,0.0,0.0,0.0,0.0,51.333333,50.0,78.421065,78.017784,3.0
2026-06-24T03:12:37.180978271Z,1000,per_hit,raw_percent_of_host,api-node1,api-node2,3,7,10,10.10101,6.060606,10.10101,12.121212,100.0,50.0,0.0,0.0,0.0,0.0,0.0,0.0,50.0,103.571429,78.902346,76.084203,3.0
2026-06-24T03:12:38.181024204Z,1000,per_hit,raw_percent_of_host,api-node1,api-node2,7,3,10,14.0,10.10101,14.0,20.20202,100.0,50.0,0.0,0.0,0.0,0.0,0.0,0.0,52.428571,66.666667,78.870211,75.28221,3.0
2026-06-24T03:12:39.180983058Z,1000,per_hit,raw_percent_of_host,api-node1,api-node2,4,6,10,7.142857,12.871287,7.142857,25.742574,100.0,50.0,0.0,0.0,0.0,0.0,0.0,0.0,50.0,83.666667,78.033881,75.834711,3.0
2026-06-24T03:12:40.180978867Z,1000,per_hit,raw_percent_of_host,api-node1,api-node2,2,8,10,5.050505,6.060606,5.050505,12.121212,100.0,50.0,0.0,0.0,0.0,0.0,0.0,0.0,50.0,94.125,78.693688,76.344957,3.0
2026-06-24T03:12:41.180981931Z,1000,per_hit,raw_percent_of_host,api-node1,api-node2,6,4,10,17.0,5.050505,17.0,10.10101,100.0,50.0,0.0,0.0,0.0,0.0,0.0,0.0,51.333333,50.0,78.650791,78.562008,3.0
2026-06-24T03:12:42.180980908Z,1000,per_hit,raw_percent_of_host,api-node1,api-node2,8,2,10,17.171717,6.060606,17.171717,12.121212,100.0,50.0,0.0,0.0,0.0,0.0,0.0,0.0,50.0,100.0,78.358212,75.741682,3.0
2026-06-24T03:12:43.180979377Z,1000,per_hit,raw_percent_of_host,api-node1,api-node2,4,6,10,12.121212,7.0,12.121212,14.0,100.0,50.0,0.0,0.0,0.0,0.0,0.0,0.0,50.0,77.166667,77.183871,79.467259,3.0
2026-06-24T03:12:44.180979015Z,1000,per_hit,raw_percent_of_host,api-node1,api-node2,5,5,10,11.111111,10.0,11.111111,20.0,100.0,50.0,0.0,0.0,0.0,0.0,0.0,0.0,52.2,50.0,78.509365,77.314021,3.0
2026-06-24T03:12:45.180978034Z,1000,per_hit,raw_percent_of_host,api-node1,api-node2,4,6,10,16.161616,11.111111,16.161616,22.222222,100.0,50.0,0.0,0.0,0.0,0.0,0.0,0.0,50.0,65.833333,78.444187,76.703694,3.0
2026-06-24T03:12:46.180978651Z,1000,per_hit,raw_percent_of_host,api-node1,api-node2,4,6,10,10.0,11.111111,10.0,22.222222,100.0,50.0,0.0,0.0,0.0,0.0,0.0,0.0,50.0,68.333333,78.907668,76.469491,3.0
2026-06-24T03:12:47.180982055Z,1000,per_hit,raw_percent_of_host,api-node1,api-node2,3,7,10,5.050505,11.0,5.050505,22.0,100.0,50.0,0.0,0.0,0.0,0.0,0.0,0.0,50.0,86.0,78.8691,75.720186,3.0
2026-06-24T03:12:48.180981594Z,1000,per_hit,raw_percent_of_host,api-node1,api-node2,4,6,10,8.0,10.10101,8.0,20.20202,100.0,50.0,0.0,0.0,0.0,0.0,0.0,0.0,50.0,73.666667,78.91998,74.160708,3.0
2026-06-24T03:12:49.180978587Z,1000,per_hit,raw_percent_of_host,api-node1,api-node2,6,4,10,13.265306,5.050505,13.265306,10.10101,100.0,50.0,0.0,0.0,0.0,0.0,0.0,0.0,59.333333,59.75,77.736511,77.205843,3.0
2026-06-24T03:12:50.180978918Z,1000,per_hit,raw_percent_of_host,api-node1,api-node2,4,6,10,10.10101,11.22449,10.10101,22.44898,100.0,50.0,0.0,0.0,0.0,0.0,0.0,0.0,50.0,74.0,78.828874,75.846802,3.0
2026-06-24T03:12:51.180977999Z,1000,per_hit,raw_percent_of_host,api-node1,api-node2,6,4,10,13.0,10.204082,13.0,20.408163,100.0,50.0,0.0,0.0,0.0,0.0,0.0,0.0,50.0,83.25,78.654968,76.418029,3.0
2026-06-24T03:12:52.180981877Z,1000,per_hit,raw_percent_of_host,api-node1,api-node2,2,8,10,2.020202,16.831683,2.020202,33.663366,100.0,50.0,0.0,0.0,0.0,0.0,0.0,0.0,50.0,93.75,79.16019,76.881716,3.0
2026-06-24T03:12:53.180979469Z,1000,per_hit,raw_percent_of_host,api-node1,api-node2,6,4,10,19.191919,0.0,19.191919,0.0,100.0,50.0,0.0,0.0,0.0,0.0,0.0,0.0,62.666667,50.0,77.968975,79.706268,3.0
2026-06-24T03:12:54.180980597Z,1000,per_hit,raw_percent_of_host,api-node1,api-node2,2,8,10,0.0,11.0,0.0,22.0,100.0,50.0,0.0,0.0,0.0,0.0,0.0,0.0,50.0,79.75,80.987019,77.077936,3.0
2026-06-24T03:12:55.180980506Z,1000,per_hit,raw_percent_of_host,api-node1,api-node2,5,5,10,13.131313,7.0,13.131313,14.0,100.0,50.0,0.0,0.0,0.0,0.0,0.0,0.0,50.0,82.4,78.654499,76.201681,3.0
2026-06-24T03:12:56.180977921Z,1000,per_hit,raw_percent_of_host,api-node1,api-node2,5,5,10,7.070707,12.0,7.070707,24.0,100.0,50.0,0.0,0.0,0.0,0.0,0.0,0.0,50.0,89.2,78.708728,75.46276,3.0
2026-06-24T03:12:57.180981492Z,1000,per_hit,raw_percent_of_host,api-node1,api-node2,5,5,10,10.10101,10.10101,10.10101,20.20202,100.0,50.0,0.0,0.0,0.0,0.0,0.0,0.0,50.0,69.2,78.00393,77.594666,3.0
2026-06-24T03:12:58.180982149Z,1000,per_hit,raw_percent_of_host,api-node1,api-node2,5,5,10,12.121212,11.0,12.121212,22.0,100.0,50.0,0.0,0.0,0.0,0.0,0.0,0.0,50.0,78.2,78.24273,75.301329,3.0
2026-06-24T03:12:59.180977645Z,1000,per_hit,raw_percent_of_host,api-node1,api-node2,6,4,10,18.0,7.070707,18.0,14.141414,100.0,50.0,0.0,0.0,0.0,0.0,0.0,0.0,50.0,77.5,77.84179,75.701803,3.0
2026-06-24T03:13:00.180985302Z,1000,per_hit,raw_percent_of_host,api-node1,api-node2,3,7,10,10.0,6.0,10.0,12.0,100.0,50.0,0.0,0.0,0.0,0.0,0.0,0.0,50.0,71.428571,78.56465,77.064663,3.0
2026-06-24T03:13:01.180981628Z,1000,per_hit,raw_percent_of_host,api-node1,api-node2,3,7,10,7.070707,6.060606,7.070707,12.121212,100.0,50.0,0.0,0.0,0.0,0.0,0.0,0.0,50.0,100.857143,79.265867,76.137197,3.0
2026-06-24T03:13:02.180978813Z,1000,per_hit,raw_percent_of_host,api-node1,api-node2,7,3,10,19.0,6.0,19.0,12.0,100.0,50.0,0.0,0.0,0.0,0.0,0.0,0.0,51.714286,50.0,78.260687,75.712834,3.0
2026-06-24T03:13:03.180978811Z,1000,per_hit,raw_percent_of_host,api-node1,api-node2,2,8,10,6.060606,5.050505,6.060606,10.10101,100.0,50.0,0.0,0.0,0.0,0.0,0.0,0.0,50.0,74.25,78.732768,77.223268,3.0
2026-06-24T03:13:04.180981571Z,1000,per_hit,raw_percent_of_host,api-node1,api-node2,6,4,10,12.0,10.10101,12.0,20.20202,100.0,50.0,0.0,0.0,0.0,0.0,0.0,0.0,52.0,59.75,78.815966,77.751502,3.0
2026-06-24T03:13:05.180980639Z,1000,per_hit,raw_percent_of_host,api-node1,api-node2,5,5,10,18.811881,6.0,18.811881,12.0,100.0,50.0,0.0,0.0,0.0,0.0,0.0,0.0,50.0,70.0,77.757124,76.407342,3.0
2026-06-24T03:13:06.180981424Z,1000,per_hit,raw_percent_of_host,api-node1,api-node2,5,5,10,10.0,10.10101,10.0,20.20202,100.0,50.0,0.0,0.0,0.0,0.0,0.0,0.0,50.0,69.2,78.969451,76.210934,3.0
2026-06-24T03:13:07.180978966Z,1000,per_hit,raw_percent_of_host,api-node1,api-node2,6,4,10,12.244898,5.050505,12.244898,10.10101,100.0,50.0,0.0,0.0,0.0,0.0,0.0,0.0,50.0,87.5,78.235225,76.571206,3.0
2026-06-24T03:13:08.180992855Z,1000,per_hit,raw_percent_of_host,api-node1,api-node2,5,5,10,17.0,6.0,17.0,12.0,100.0,50.0,0.0,0.0,0.0,0.0,0.0,0.0,50.0,70.0,77.45104,77.172197,3.0
2026-06-24T03:13:09.180978783Z,1000,per_hit,raw_percent_of_host,api-node1,api-node2,3,7,10,2.040816,11.0,2.040816,22.0,100.0,50.0,0.0,0.0,0.0,0.0,0.0,0.0,50.0,78.285714,80.113491,76.298992,3.0
2026-06-24T03:13:10.180979006Z,1000,per_hit,raw_percent_of_host,api-node1,api-node2,4,6,10,13.131313,10.10101,13.131313,20.20202,100.0,50.0,0.0,0.0,0.0,0.0,0.0,0.0,52.75,67.0,78.212349,76.382998,3.0
2026-06-24T03:13:11.180978024Z,1000,per_hit,raw_percent_of_host,api-node1,api-node2,5,5,10,10.10101,12.121212,10.10101,24.242424,100.0,50.0,0.0,0.0,0.0,0.0,0.0,0.0,50.0,71.8,80.054716,76.571689,3.0
2026-06-24T03:13:12.180980884Z,1000,per_hit,raw_percent_of_host,api-node1,api-node2,4,6,10,12.121212,5.050505,12.121212,10.10101,100.0,50.0,0.0,0.0,0.0,0.0,0.0,0.0,50.0,87.5,78.054702,76.302809,3.0
2026-06-24T03:13:13.180981446Z,1000,per_hit,raw_percent_of_host,api-node1,api-node2,7,3,10,14.141414,10.10101,14.141414,20.20202,100.0,50.0,0.0,0.0,0.0,0.0,0.0,0.0,57.571429,78.0,78.227391,73.202351,3.0
2026-06-24T03:13:14.180982524Z,1000,per_hit,raw_percent_of_host,api-node1,api-node2,5,5,10,11.111111,11.0,11.111111,22.0,100.0,50.0,0.0,0.0,0.0,0.0,0.0,0.0,52.2,81.0,77.443792,76.593529,3.0
2026-06-24T03:13:15.180978115Z,1000,per_hit,raw_percent_of_host,api-node1,api-node2,6,4,10,18.181818,5.102041,18.181818,10.204082,100.0,50.0,0.0,0.0,0.0,0.0,0.0,0.0,50.0,75.25,78.27625,74.112835,3.0
2026-06-24T03:13:16.180990047Z,1000,per_hit,raw_percent_of_host,api-node1,api-node2,4,6,10,10.891089,5.050505,10.891089,10.10101,100.0,50.0,0.0,0.0,0.0,0.0,0.0,0.0,50.0,72.0,78.517392,77.287646,3.0
2026-06-24T03:13:17.180978715Z,1000,per_hit,raw_percent_of_host,api-node1,api-node2,2,8,10,8.080808,11.111111,8.080808,22.222222,100.0,50.0,0.0,0.0,0.0,0.0,0.0,0.0,50.0,75.0,78.916382,75.738736,3.0
2026-06-24T03:13:18.180982703Z,1000,per_hit,raw_percent_of_host,api-node1,api-node2,1,9,10,0.0,11.111111,0.0,22.222222,100.0,50.0,0.0,0.0,0.0,0.0,0.0,0.0,50.0,77.222222,81.939591,76.847298,3.0
2026-06-24T03:13:19.180979185Z,1000,per_hit,raw_percent_of_host,api-node1,api-node2,4,6,10,11.0,12.0,11.0,24.0,100.0,50.0,0.0,0.0,0.0,0.0,0.0,0.0,50.0,75.0,79.081386,76.522722,3.0
2026-06-24T03:13:20.180981399Z,1000,per_hit,raw_percent_of_host,api-node1,api-node2,8,2,10,14.141414,10.10101,14.141414,20.20202,100.0,50.0,0.0,0.0,0.0,0.0,0.0,0.0,51.75,50.0,78.39989,77.076063,3.0
2026-06-24T03:13:21.180981232Z,1000,per_hit,raw_percent_of_host,api-node1,api-node2,4,6,10,11.111111,10.0,11.111111,20.0,100.0,50.0,0.0,0.0,0.0,0.0,0.0,0.0,52.75,55.5,76.723334,78.345932,3.0
2026-06-24T03:13:22.180987102Z,1000,per_hit,raw_percent_of_host,api-node1,api-node2,3,7,10,11.111111,10.10101,11.111111,20.20202,100.0,50.0,0.0,0.0,0.0,0.0,0.0,0.0,50.0,69.857143,79.077466,76.419652,3.0
2026-06-24T03:13:23.180979251Z,1000,per_hit,raw_percent_of_host,api-node1,api-node2,3,7,10,5.102041,5.050505,5.102041,10.10101,100.0,50.0,0.0,0.0,0.0,0.0,0.0,0.0,50.0,88.142857,79.2882,77.663877,3.0
2026-06-24T03:13:24.180978041Z,1000,per_hit,raw_percent_of_host,api-node1,api-node2,3,7,10,11.0,5.050505,11.0,10.10101,100.0,50.0,0.0,0.0,0.0,0.0,0.0,0.0,50.0,68.714286,78.773131,75.142025,3.0
2026-06-24T03:13:25.180989241Z,1000,per_hit,raw_percent_of_host,api-node1,api-node2,5,5,10,16.161616,5.050505,16.161616,10.10101,100.0,50.0,0.0,0.0,0.0,0.0,0.0,0.0,52.4,50.0,78.731337,78.877592,3.0
2026-06-24T03:13:26.180978123Z,1000,per_hit,raw_percent_of_host,api-node1,api-node2,6,4,10,16.161616,5.050505,16.161616,10.10101,100.0,50.0,0.0,0.0,0.0,0.0,0.0,0.0,51.833333,62.25,78.567178,78.151932,3.0
2026-06-24T03:13:27.18097886Z,1000,per_hit,raw_percent_of_host,api-node1,api-node2,5,5,10,12.244898,6.060606,12.244898,12.121212,100.0,50.0,0.0,0.0,0.0,0.0,0.0,0.0,50.0,82.0,78.701186,76.349097,3.0
2026-06-24T03:13:28.180978781Z,1000,per_hit,raw_percent_of_host,api-node1,api-node2,7,3,10,19.80198,6.0,19.80198,12.0,100.0,50.0,0.0,0.0,0.0,0.0,0.0,0.0,50.0,83.0,77.887473,76.634839,3.0
2026-06-24T03:13:29.180981297Z,1000,per_hit,raw_percent_of_host,api-node1,api-node2,8,2,10,19.191919,0.0,19.191919,0.0,100.0,50.0,0.0,0.0,0.0,0.0,0.0,0.0,60.875,50.0,77.061352,81.023415,3.0
2026-06-24T03:13:30.180978895Z,1000,per_hit,raw_percent_of_host,api-node1,api-node2,5,5,10,7.070707,6.0,7.070707,12.0,100.0,50.0,0.0,0.0,0.0,0.0,0.0,0.0,50.0,89.6,78.491651,75.728124,3.0
2026-06-24T03:13:31.180978045Z,1000,per_hit,raw_percent_of_host,api-node1,api-node2,7,3,10,18.0,6.060606,18.0,12.121212,100.0,50.0,0.0,0.0,0.0,0.0,0.0,0.0,50.0,84.333333,77.47444,77.252545,3.0
2026-06-24T03:13:32.180986131Z,1000,per_hit,raw_percent_of_host,api-node1,api-node2,6,4,10,15.0,5.050505,15.0,10.10101,100.0,50.0,0.0,0.0,0.0,0.0,0.0,0.0,50.0,74.0,77.806131,78.151932,3.0
2026-06-24T03:13:33.180978157Z,1000,per_hit,raw_percent_of_host,api-node1,api-node2,7,3,10,18.181818,7.0,18.181818,14.0,100.0,50.0,0.0,0.0,0.0,0.0,0.0,0.0,50.0,86.666667,77.810289,75.561363,3.0
2026-06-24T03:13:34.180985614Z,1000,per_hit,raw_percent_of_host,api-node1,api-node2,6,4,10,18.367347,6.0,18.367347,12.0,100.0,50.0,0.0,0.0,0.0,0.0,0.0,0.0,52.166667,50.0,77.260833,78.689813,3.0
2026-06-24T03:13:35.180981723Z,1000,per_hit,raw_percent_of_host,api-node1,api-node2,3,7,10,5.050505,11.111111,5.050505,22.222222,100.0,50.0,0.0,0.0,0.0,0.0,0.0,0.0,50.0,72.285714,79.175027,76.417813,3.0
2026-06-24T03:13:36.180978598Z,1000,per_hit,raw_percent_of_host,api-node1,api-node2,6,4,10,18.811881,0.0,18.811881,0.0,100.0,50.0,0.0,0.0,0.0,0.0,0.0,0.0,62.666667,67.75,77.859866,80.226614,3.0
2026-06-24T03:13:37.180981564Z,1000,per_hit,raw_percent_of_host,api-node1,api-node2,7,3,10,12.121212,11.0,12.121212,22.0,100.0,50.0,0.0,0.0,0.0,0.0,0.0,0.0,50.0,82.333333,79.016945,76.732325,3.0
2026-06-24T03:13:38.180979108Z,1000,per_hit,raw_percent_of_host,api-node1,api-node2,5,5,10,11.111111,11.881188,11.111111,23.762376,100.0,50.0,0.0,0.0,0.0,0.0,0.0,0.0,52.2,59.0,76.920641,79.776713,3.0
2026-06-24T03:13:39.180984699Z,1000,per_hit,raw_percent_of_host,api-node1,api-node2,6,4,10,15.0,6.060606,15.0,12.121212,100.0,50.0,0.0,0.0,0.0,0.0,0.0,0.0,50.0,75.5,78.449511,77.300838,3.0
2026-06-24T03:13:40.180981653Z,1000,per_hit,raw_percent_of_host,api-node1,api-node2,6,4,10,12.871287,10.10101,12.871287,20.20202,100.0,50.0,0.0,0.0,0.0,0.0,0.0,0.0,51.5,72.0,77.917513,76.367729,3.0
2026-06-24T03:13:41.180982281Z,1000,per_hit,raw_percent_of_host,api-node1,api-node2,7,3,10,12.244898,12.0,12.244898,24.0,100.0,50.0,0.0,0.0,0.0,0.0,0.0,0.0,50.0,85.666667,78.235225,76.588848,3.0
2026-06-24T03:13:42.180979371Z,1000,per_hit,raw_percent_of_host,api-node1,api-node2,7,3,10,19.0,5.050505,19.0,10.10101,100.0,50.0,0.0,0.0,0.0,0.0,0.0,0.0,51.428571,69.666667,76.474671,80.774723,3.0
2026-06-24T03:13:43.180978141Z,1000,per_hit,raw_percent_of_host,api-node1,api-node2,6,4,10,14.141414,11.0,14.141414,22.0,100.0,50.0,0.0,0.0,0.0,0.0,0.0,0.0,51.833333,60.0,78.232985,74.477702,3.0
2026-06-24T03:13:44.180979542Z,1000,per_hit,raw_percent_of_host,api-node1,api-node2,6,4,10,16.161616,5.0,16.161616,10.0,100.0,50.0,0.0,0.0,0.0,0.0,0.0,0.0,51.833333,62.25,78.005099,77.205717,3.0
2026-06-24T03:13:45.180981893Z,1000,per_hit,raw_percent_of_host,api-node1,api-node2,7,3,10,20.408163,7.0,20.408163,14.0,100.0,50.0,0.0,0.0,0.0,0.0,0.0,0.0,50.0,84.333333,78.089257,76.285332,3.0
2026-06-24T03:13:46.18098252Z,1000,per_hit,raw_percent_of_host,api-node1,api-node2,6,4,10,17.171717,6.0,17.171717,12.0,100.0,50.0,0.0,0.0,0.0,0.0,0.0,0.0,50.0,74.5,77.541251,77.330784,3.0
2026-06-24T03:13:47.180981466Z,1000,per_hit,raw_percent_of_host,api-node1,api-node2,4,6,10,17.0,5.0,17.0,10.0,100.0,50.0,0.0,0.0,0.0,0.0,0.0,0.0,52.5,81.333333,77.948112,76.938012,3.0
2026-06-24T03:13:48.180978823Z,1000,per_hit,raw_percent_of_host,api-node1,api-node2,5,5,10,12.244898,5.102041,12.244898,10.204082,100.0,50.0,0.0,0.0,0.0,0.0,0.0,0.0,50.0,80.4,80.975675,77.438627,3.0
2026-06-24T03:13:49.180981916Z,1000,per_hit,raw_percent_of_host,api-node1,api-node2,1,9,10,5.050505,12.0,5.050505,24.0,100.0,50.0,0.0,0.0,0.0,0.0,0.0,0.0,50.0,84.444444,78.777509,75.693371,3.0
2026-06-24T03:13:50.180982403Z,1000,per_hit,raw_percent_of_host,api-node1,api-node2,5,5,10,11.881188,11.0,11.881188,22.0,100.0,50.0,0.0,0.0,0.0,0.0,0.0,0.0,50.0,77.0,81.478223,77.148138,3.0
2026-06-24T03:13:51.180981957Z,1000,per_hit,raw_percent_of_host,api-node1,api-node2,6,4,10,11.111111,11.0,11.111111,22.0,100.0,50.0,0.0,0.0,0.0,0.0,0.0,0.0,51.5,72.5,78.022732,75.952062,3.0
2026-06-24T03:13:52.180978902Z,1000,per_hit,raw_percent_of_host,api-node1,api-node2,3,7,10,16.0,7.070707,16.0,14.141414,100.0,50.0,0.0,0.0,0.0,0.0,0.0,0.0,50.333333,75.285714,77.974525,76.866446,3.0
2026-06-24T03:13:53.180980439Z,1000,per_hit,raw_percent_of_host,api-node1,api-node2,4,6,10,13.0,10.204082,13.0,20.408163,100.0,50.0,0.0,0.0,0.0,0.0,0.0,0.0,50.0,71.166667,81.410324,76.879902,3.0
2026-06-24T03:13:54.180978912Z,1000,per_hit,raw_percent_of_host,api-node1,api-node2,7,3,10,19.0,5.050505,19.0,10.10101,100.0,50.0,0.0,0.0,0.0,0.0,0.0,0.0,50.857143,50.0,78.304721,77.976922,3.0
2026-06-24T03:13:55.18098176Z,1000,per_hit,raw_percent_of_host,api-node1,api-node2,4,6,10,6.0,11.0,6.0,22.0,100.0,50.0,0.0,0.0,0.0,0.0,0.0,0.0,50.0,74.333333,78.828206,76.446875,3.0
2026-06-24T03:13:56.180977993Z,1000,per_hit,raw_percent_of_host,api-node1,api-node2,2,8,10,10.10101,5.050505,10.10101,10.10101,100.0,50.0,0.0,0.0,0.0,0.0,0.0,0.0,50.0,73.25,78.35493,77.539142,3.0
2026-06-24T03:13:57.180979303Z,1000,per_hit,raw_percent_of_host,api-node1,api-node2,6,4,10,12.121212,10.204082,12.121212,20.408163,100.0,50.0,0.0,0.0,0.0,0.0,0.0,0.0,50.0,75.25,80.463417,77.559068,3.0
2026-06-24T03:13:58.180981912Z,1000,per_hit,raw_percent_of_host,api-node1,api-node2,6,4,10,13.131313,11.0,13.131313,22.0,100.0,50.0,0.0,0.0,0.0,0.0,0.0,0.0,51.666667,50.0,77.669678,77.713282,3.0
2026-06-24T03:13:59.180979198Z,1000,per_hit,raw_percent_of_host,api-node1,api-node2,3,7,10,5.050505,11.0,5.050505,22.0,100.0,50.0,0.0,0.0,0.0,0.0,0.0,0.0,50.0,83.571429,78.764831,75.708319,3.0
2026-06-24T03:14:00.180979353Z,1000,per_hit,raw_percent_of_host,api-node1,api-node2,5,5,10,15.0,5.050505,15.0,10.10101,100.0,50.0,0.0,0.0,0.0,0.0,0.0,0.0,50.0,69.6,78.374115,74.790807,3.0
2026-06-24T03:14:01.180978792Z,1000,per_hit,raw_percent_of_host,api-node1,api-node2,6,4,10,11.111111,10.10101,11.111111,20.20202,100.0,50.0,0.0,0.0,0.0,0.0,0.0,0.0,51.666667,61.0,78.462787,76.509701,3.0
2026-06-24T03:14:02.180977832Z,1000,per_hit,raw_percent_of_host,api-node1,api-node2,5,5,10,11.111111,12.0,11.111111,24.0,100.0,50.0,0.0,0.0,0.0,0.0,0.0,0.0,50.0,70.2,78.300876,76.182168,3.0
2026-06-24T03:14:03.180981519Z,1000,per_hit,raw_percent_of_host,api-node1,api-node2,5,5,10,17.0,5.050505,17.0,10.10101,100.0,50.0,0.0,0.0,0.0,0.0,0.0,0.0,50.0,69.6,77.922253,77.2597,3.0
2026-06-24T03:14:04.180981037Z,1000,per_hit,raw_percent_of_host,api-node1,api-node2,3,7,10,7.070707,11.111111,7.070707,22.222222,100.0,50.0,0.0,0.0,0.0,0.0,0.0,0.0,50.0,78.571429,78.957612,75.737507,3.0
2026-06-24T03:14:05.180980729Z,1000,per_hit,raw_percent_of_host,api-node1,api-node2,4,6,10,7.070707,11.0,7.070707,22.0,100.0,50.0,0.0,0.0,0.0,0.0,0.0,0.0,50.0,80.5,79.10085,75.58463,3.0
2026-06-24T03:14:06.18098145Z,1000,per_hit,raw_percent_of_host,api-node1,api-node2,9,2,11,19.0,0.0,19.0,0.0,100.0,50.0,0.0,0.0,0.0,0.0,0.0,0.0,60.875,50.0,79.04123,79.726789,3.0
2026-06-24T03:14:07.18098121Z,1000,per_hit,raw_percent_of_host,api-node1,api-node2,6,4,10,6.060606,6.060606,6.060606,12.121212,100.0,50.0,0.0,0.0,0.0,0.0,0.0,0.0,50.166667,100.75,78.435655,75.460676,3.0
2026-06-24T03:14:08.180977998Z,1000,per_hit,raw_percent_of_host,api-node1,api-node2,7,3,10,18.181818,1.0,18.181818,2.0,100.0,50.0,0.0,0.0,0.0,0.0,0.0,0.0,54.571429,50.0,76.401673,82.350918,3.0
2026-06-24T03:14:09.18098137Z,1000,per_hit,raw_percent_of_host,api-node1,api-node2,4,6,10,8.0,11.0,8.0,22.0,100.0,50.0,0.0,0.0,0.0,0.0,0.0,0.0,50.0,70.333333,78.91998,76.558197,3.0
2026-06-24T03:14:10.180978326Z,1000,per_hit,raw_percent_of_host,api-node1,api-node2,4,6,10,10.10101,11.111111,10.10101,22.222222,100.0,50.0,0.0,0.0,0.0,0.0,0.0,0.0,50.0,67.166667,78.641333,76.40651,3.0
2026-06-24T03:14:11.180979128Z,1000,per_hit,raw_percent_of_host,api-node1,api-node2,7,2,9,12.0,10.0,12.0,20.0,100.0,50.0,0.0,0.0,0.0,0.0,0.0,0.0,50.0,74.0,78.638045,76.70551,3.0
2026-06-24T03:14:12.180977839Z,1000,per_hit,raw_percent_of_host,api-node1,api-node2,7,4,11,18.181818,5.0,18.181818,10.0,100.0,50.0,0.0,0.0,0.0,0.0,0.0,0.0,76.428571,77.5,75.888318,80.772931,3.0
2026-06-24T03:14:13.18098167Z,1000,per_hit,raw_percent_of_host,api-node1,api-node2,6,4,10,12.121212,6.930693,12.121212,13.861386,100.0,50.0,0.0,0.0,0.0,0.0,0.0,0.0,50.0,89.0,78.708691,73.820358,3.0
2026-06-24T03:14:14.180978631Z,1000,per_hit,raw_percent_of_host,api-node1,api-node2,5,5,10,13.0,12.0,13.0,24.0,100.0,50.0,0.0,0.0,0.0,0.0,0.0,0.0,50.0,70.6,77.838007,76.612036,3.0
2026-06-24T03:14:15.18097953Z,1000,per_hit,raw_percent_of_host,api-node1,api-node2,6,4,10,14.0,11.22449,14.0,22.44898,100.0,50.0,0.0,0.0,0.0,0.0,0.0,0.0,50.0,75.75,78.328435,76.006431,3.0
2026-06-24T03:14:16.180984747Z,1000,per_hit,raw_percent_of_host,api-node1,api-node2,3,7,10,5.050505,13.861386,5.050505,27.722772,100.0,50.0,0.0,0.0,0.0,0.0,0.0,0.0,50.0,68.571429,78.311375,76.591065,3.0
2026-06-24T03:14:17.180978902Z,1000,per_hit,raw_percent_of_host,api-node1,api-node2,6,4,10,12.121212,11.111111,12.121212,22.222222,100.0,50.0,0.0,0.0,0.0,0.0,0.0,0.0,50.0,76.25,78.716675,76.10637,3.0
2026-06-24T03:14:18.180980882Z,1000,per_hit,raw_percent_of_host,api-node1,api-node2,3,7,10,5.050505,14.0,5.050505,28.0,100.0,50.0,0.0,0.0,0.0,0.0,0.0,0.0,50.0,69.857143,78.080464,76.726509,3.0
2026-06-24T03:14:19.180978026Z,1000,per_hit,raw_percent_of_host,api-node1,api-node2,4,6,10,5.050505,14.0,5.050505,28.0,100.0,50.0,0.0,0.0,0.0,0.0,0.0,0.0,50.25,71.166667,78.931766,75.711648,3.0
2026-06-24T03:14:20.18097893Z,1000,per_hit,raw_percent_of_host,api-node1,api-node2,6,4,10,15.0,8.080808,15.0,16.161616,100.0,50.0,0.0,0.0,0.0,0.0,0.0,0.0,53.0,59.75,77.594328,76.376331,3.0
2026-06-24T03:14:21.180978911Z,1000,per_hit,raw_percent_of_host,api-node1,api-node2,3,7,10,5.050505,11.111111,5.050505,22.222222,100.0,50.0,0.0,0.0,0.0,0.0,0.0,0.0,50.0,82.0,78.764831,75.569686,3.0
2026-06-24T03:14:22.180981785Z,1000,per_hit,raw_percent_of_host,api-node1,api-node2,5,5,10,17.171717,10.10101,17.171717,20.20202,100.0,50.0,0.0,0.0,0.0,0.0,0.0,0.0,50.0,59.8,78.358212,74.343807,3.0
2026-06-24T03:14:23.180978071Z,1000,per_hit,raw_percent_of_host,api-node1,api-node2,4,6,10,13.265306,11.0,13.265306,22.0,100.0,50.0,0.0,0.0,0.0,0.0,0.0,0.0,50.0,66.833333,78.7865,76.339738,3.0
2026-06-24T03:14:24.180981465Z,1000,per_hit,raw_percent_of_host,api-node1,api-node2,4,6,10,10.10101,13.0,10.10101,26.0,100.0,50.0,0.0,0.0,0.0,0.0,0.0,0.0,50.0,56.5,78.969524,76.548189,3.0
2026-06-24T03:14:25.18098109Z,1000,per_hit,raw_percent_of_host,api-node1,api-node2,5,5,10,22.222222,5.050505,22.222222,10.10101,100.0,50.0,0.0,0.0,0.0,0.0,0.0,0.0,50.0,61.6,77.835744,77.776238,3.0
2026-06-24T03:14:26.180982093Z,1000,per_hit,raw_percent_of_host,api-node1,api-node2,5,5,10,11.0,12.0,11.0,24.0,100.0,50.0,0.0,0.0,0.0,0.0,0.0,0.0,50.0,71.6,79.539101,76.214211,3.0
2026-06-24T03:14:27.18097889Z,1000,per_hit,raw_percent_of_host,api-node1,api-node2,8,2,10,23.469388,0.0,23.469388,0.0,100.0,50.0,0.0,0.0,0.0,0.0,0.0,0.0,51.625,50.0,77.019309,80.031224,3.0
2026-06-24T03:14:28.18098412Z,1000,per_hit,raw_percent_of_host,api-node1,api-node2,6,4,10,17.171717,5.050505,17.171717,10.10101,100.0,50.0,0.0,0.0,0.0,0.0,0.0,0.0,50.0,73.75,77.799536,76.220405,3.0
2026-06-24T03:14:29.180978637Z,1000,per_hit,raw_percent_of_host,api-node1,api-node2,6,4,10,15.0,10.0,15.0,20.0,100.0,50.0,0.0,0.0,0.0,0.0,0.0,0.0,50.0,62.25,78.259587,76.324404,3.0
2026-06-24T03:14:30.180982794Z,1000,per_hit,raw_percent_of_host,api-node1,api-node2,4,6,10,7.070707,14.0,7.070707,28.0,100.0,50.0,0.0,0.0,0.0,0.0,0.0,0.0,50.0,72.0,78.398936,75.241764,3.0
2026-06-24T03:14:31.180978613Z,1000,per_hit,raw_percent_of_host,api-node1,api-node2,6,4,10,21.212121,1.0,21.212121,2.0,100.0,50.0,0.0,0.0,0.0,0.0,0.0,0.0,51.833333,50.0,77.575742,79.593871,3.0
2026-06-24T03:14:32.180981503Z,1000,per_hit,raw_percent_of_host,api-node1,api-node2,8,2,10,22.222222,5.050505,22.222222,10.10101,100.0,50.0,0.0,0.0,0.0,0.0,0.0,0.0,50.0,74.0,78.1205,77.055305,3.0
2026-06-24T03:14:33.180980867Z,1000,per_hit,raw_percent_of_host,api-node1,api-node2,5,5,10,17.171717,10.10101,17.171717,20.20202,100.0,50.0,0.0,0.0,0.0,0.0,0.0,0.0,50.2,50.0,77.524937,77.926684,3.0
2026-06-24T03:14:34.180979497Z,1000,per_hit,raw_percent_of_host,api-node1,api-node2,6,4,10,15.151515,6.060606,15.151515,12.121212,100.0,50.0,0.0,0.0,0.0,0.0,0.0,0.0,50.0,76.25,78.653488,76.475883,3.0
2026-06-24T03:14:35.180981879Z,1000,per_hit,raw_percent_of_host,api-node1,api-node2,6,4,10,15.151515,10.10101,15.151515,20.20202,100.0,50.0,0.0,0.0,0.0,0.0,0.0,0.0,50.0,50.0,78.044289,77.019172,3.0
2026-06-24T03:14:36.180978548Z,1000,per_hit,raw_percent_of_host,api-node1,api-node2,7,3,10,23.232323,0.0,23.232323,0.0,100.0,50.0,0.0,0.0,0.0,0.0,0.0,0.0,51.428571,50.0,77.197654,79.804882,3.0
2026-06-24T03:14:37.180982532Z,1000,per_hit,raw_percent_of_host,api-node1,api-node2,5,5,10,18.181818,5.050505,18.181818,10.10101,100.0,50.0,0.0,0.0,0.0,0.0,0.0,0.0,50.0,68.6,78.363728,76.095804,3.0
2026-06-24T03:14:38.180982428Z,1000,per_hit,raw_percent_of_host,api-node1,api-node2,4,6,10,10.10101,10.204082,10.10101,20.408163,100.0,50.0,0.0,0.0,0.0,0.0,0.0,0.0,50.0,66.833333,78.969524,76.529478,3.0
2026-06-24T03:14:39.180989547Z,1000,per_hit,raw_percent_of_host,api-node1,api-node2,3,7,10,0.0,14.141414,0.0,28.282828,100.0,50.0,0.0,0.0,0.0,0.0,0.0,0.0,50.0,78.0,80.687772,75.999865,3.0
2026-06-24T03:14:40.180990454Z,1000,per_hit,raw_percent_of_host,api-node1,api-node2,3,7,10,15.151515,7.0,15.151515,14.0,100.0,50.0,0.0,0.0,0.0,0.0,0.0,0.0,50.0,64.714286,77.951574,76.287591,3.0
2026-06-24T03:14:41.180979634Z,1000,per_hit,raw_percent_of_host,api-node1,api-node2,5,5,10,12.121212,12.0,12.121212,24.0,100.0,50.0,0.0,0.0,0.0,0.0,0.0,0.0,50.0,71.4,81.500006,76.645849,3.0
2026-06-24T03:14:42.180979164Z,1000,per_hit,raw_percent_of_host,api-node1,api-node2,2,8,10,6.0,11.111111,6.0,22.222222,100.0,50.0,0.0,0.0,0.0,0.0,0.0,0.0,50.0,78.125,78.734943,75.754652,3.0
2026-06-24T03:14:43.180978515Z,1000,per_hit,raw_percent_of_host,api-node1,api-node2,4,6,10,12.0,12.121212,12.0,24.242424,100.0,50.0,0.0,0.0,0.0,0.0,0.0,0.0,50.0,67.166667,79.026657,76.414893,3.0
2026-06-24T03:14:44.180982749Z,1000,per_hit,raw_percent_of_host,api-node1,api-node2,4,6,10,15.151515,10.10101,15.151515,20.20202,100.0,50.0,0.0,0.0,0.0,0.0,0.0,0.0,50.0,56.5,78.51025,76.783672,3.0
2026-06-24T03:14:45.180983064Z,1000,per_hit,raw_percent_of_host,api-node1,api-node2,3,7,10,9.090909,11.22449,9.090909,22.44898,100.0,50.0,0.0,0.0,0.0,0.0,0.0,0.0,50.0,72.714286,79.179026,76.625803,3.0
2026-06-24T03:14:46.180982335Z,1000,per_hit,raw_percent_of_host,api-node1,api-node2,9,1,10,23.0,5.050505,23.0,10.10101,100.0,50.0,0.0,0.0,0.0,0.0,0.0,0.0,50.0,50.0,77.756825,77.943054,3.0
2026-06-24T03:14:47.180979277Z,1000,per_hit,raw_percent_of_host,api-node1,api-node2,7,3,10,15.151515,11.0,15.151515,22.0,100.0,50.0,0.0,0.0,0.0,0.0,0.0,0.0,50.0,50.0,76.98543,80.022216,3.0
2026-06-24T03:14:48.180978619Z,1000,per_hit,raw_percent_of_host,api-node1,api-node2,8,2,10,22.0,0.0,22.0,0.0,100.0,50.0,0.0,0.0,0.0,0.0,0.0,0.0,51.375,50.0,76.669941,81.014408,3.0
2026-06-24T03:14:49.180980699Z,1000,per_hit,raw_percent_of_host,api-node1,api-node2,6,4,10,22.222222,5.050505,22.222222,10.10101,100.0,50.0,0.0,0.0,0.0,0.0,0.0,0.0,50.0,67.0,77.348707,78.14009,3.0
2026-06-24T03:14:50.180978708Z,1000,per_hit,raw_percent_of_host,api-node1,api-node2,6,4,10,14.141414,8.080808,14.141414,16.161616,100.0,50.0,0.0,0.0,0.0,0.0,0.0,0.0,52.0,59.5,78.460389,76.137747,3.0
2026-06-24T03:14:51.180981788Z,1000,per_hit,raw_percent_of_host,api-node1,api-node2,4,6,10,12.121212,14.141414,12.121212,28.282828,100.0,50.0,0.0,0.0,0.0,0.0,0.0,0.0,50.0,66.833333,78.459807,76.249119,3.0
2026-06-24T03:14:52.180979113Z,1000,per_hit,raw_percent_of_host,api-node1,api-node2,5,5,10,10.0,11.111111,10.0,22.222222,100.0,50.0,0.0,0.0,0.0,0.0,0.0,0.0,50.0,79.2,78.963939,75.723825,3.0
2026-06-24T03:14:53.180978045Z,1000,per_hit,raw_percent_of_host,api-node1,api-node2,5,5,10,13.131313,9.0,13.131313,18.0,100.0,50.0,0.0,0.0,0.0,0.0,0.0,0.0,53.0,57.4,77.496509,76.98448,3.0
2026-06-24T03:14:54.180984251Z,1000,per_hit,raw_percent_of_host,api-node1,api-node2,7,3,10,24.242424,0.0,24.242424,0.0,100.0,50.0,0.0,0.0,0.0,0.0,0.0,0.0,51.285714,50.0,77.487656,79.817224,3.0
2026-06-24T03:14:55.180981546Z,1000,per_hit,raw_percent_of_host,api-node1,api-node2,2,8,10,6.0,15.0,6.0,30.0,100.0,50.0,0.0,0.0,0.0,0.0,0.0,0.0,50.0,76.75,79.201588,75.307631,3.0
2026-06-24T03:14:56.180982581Z,1000,per_hit,raw_percent_of_host,api-node1,api-node2,4,6,10,8.0,13.131313,8.0,26.262626,100.0,50.0,0.0,0.0,0.0,0.0,0.0,0.0,50.0,72.333333,79.228234,75.486828,3.0
2026-06-24T03:14:57.180984602Z,1000,per_hit,raw_percent_of_host,api-node1,api-node2,6,4,10,17.171717,10.10101,17.171717,20.20202,100.0,50.0,0.0,0.0,0.0,0.0,0.0,0.0,50.0,50.0,78.096649,77.042195,3.0
2026-06-24T03:14:58.180979273Z,1000,per_hit,raw_percent_of_host,api-node1,api-node2,6,4,10,15.151515,10.10101,15.151515,20.20202,100.0,50.0,0.0,0.0,0.0,0.0,0.0,0.0,50.0,50.0,78.248687,76.80577,3.0
2026-06-24T03:14:59.180988719Z,1000,per_hit,raw_percent_of_host,api-node1,api-node2,8,2,10,24.0,1.0,24.0,2.0,100.0,50.0,0.0,0.0,0.0,0.0,0.0,0.0,51.5,50.0,77.071361,79.373812,3.0
2026-06-24T03:15:00.180978022Z,1000,per_hit,raw_percent_of_host,api-node1,api-node2,3,7,10,10.10101,7.070707,10.10101,14.141414,100.0,50.0,0.0,0.0,0.0,0.0,0.0,0.0,56.666667,70.142857,77.97051,76.391267,3.0
2026-06-24T03:15:01.180981402Z,1000,per_hit,raw_percent_of_host,api-node1,api-node2,3,7,10,11.0,11.0,11.0,22.0,100.0,50.0,0.0,0.0,0.0,0.0,0.0,0.0,58.666667,61.714286,78.636218,76.376164,3.0
2026-06-24T03:15:02.180981646Z,1000,per_hit,raw_percent_of_host,api-node1,api-node2,6,4,10,10.10101,13.131313,10.10101,26.262626,100.0,50.0,0.0,0.0,0.0,0.0,0.0,0.0,50.0,58.25,79.126721,77.25367,3.0
2026-06-24T03:15:03.18098209Z,1000,per_hit,raw_percent_of_host,api-node1,api-node2,4,6,10,9.90099,15.0,9.90099,30.0,100.0,50.0,0.0,0.0,0.0,0.0,0.0,0.0,50.25,73.666667,77.734627,76.364428,3.0
2026-06-24T03:15:04.180977933Z,1000,per_hit,raw_percent_of_host,api-node1,api-node2,5,5,10,13.0,7.0,13.0,14.0,100.0,50.0,0.0,0.0,0.0,0.0,0.0,0.0,50.0,95.4,78.47541,75.479158,3.0
2026-06-24T03:15:05.180983608Z,1000,per_hit,raw_percent_of_host,api-node1,api-node2,6,4,10,15.151515,6.0,15.151515,12.0,100.0,50.0,0.0,0.0,0.0,0.0,0.0,0.0,50.0,74.0,78.248687,75.062066,3.0
2026-06-24T03:15:06.180981593Z,1000,per_hit,raw_percent_of_host,api-node1,api-node2,5,5,10,10.891089,11.22449,10.891089,22.44898,100.0,50.0,0.0,0.0,0.0,0.0,0.0,0.0,50.0,70.6,78.220279,76.006431,3.0
2026-06-24T03:15:07.180985226Z,1000,per_hit,raw_percent_of_host,api-node1,api-node2,7,3,10,17.346939,6.0,17.346939,12.0,100.0,50.0,0.0,0.0,0.0,0.0,0.0,0.0,50.0,83.0,77.87825,75.43796,3.0
2026-06-24T03:15:08.180979377Z,1000,per_hit,raw_percent_of_host,api-node1,api-node2,6,4,10,16.161616,5.050505,16.161616,10.10101,100.0,50.0,0.0,0.0,0.0,0.0,0.0,0.0,52.0,69.0,77.452168,78.153797,3.0
2026-06-24T03:15:09.18098133Z,1000,per_hit,raw_percent_of_host,api-node1,api-node2,6,4,10,20.20202,5.050505,20.20202,10.10101,100.0,50.0,0.0,0.0,0.0,0.0,0.0,0.0,64.833333,104.25,77.413641,76.338942,3.0
2026-06-24T03:15:10.180981105Z,1000,per_hit,raw_percent_of_host,api-node1,api-node2,5,5,10,16.0,10.10101,16.0,20.20202,100.0,50.0,0.0,0.0,0.0,0.0,0.0,0.0,50.0,57.8,78.44844,75.130518,3.0
2026-06-24T03:15:11.180979023Z,1000,per_hit,raw_percent_of_host,api-node1,api-node2,5,5,10,5.050505,13.72549,5.050505,27.45098,100.0,50.0,0.0,0.0,0.0,0.0,0.0,0.0,50.0,80.4,79.026394,76.053888,3.0
2026-06-24T03:15:12.180981835Z,1000,per_hit,raw_percent_of_host,api-node1,api-node2,5,5,10,13.0,11.22449,13.0,22.44898,100.0,50.0,0.0,0.0,0.0,0.0,0.0,0.0,50.0,71.8,77.573937,76.941635,3.0
2026-06-24T03:15:13.180978688Z,1000,per_hit,raw_percent_of_host,api-node1,api-node2,6,4,10,10.10101,12.871287,10.10101,25.742574,100.0,50.0,0.0,0.0,0.0,0.0,0.0,0.0,50.0,96.25,78.488185,74.301714,3.0
2026-06-24T03:15:14.180981355Z,1000,per_hit,raw_percent_of_host,api-node1,api-node2,6,4,10,17.346939,10.10101,17.346939,20.20202,100.0,50.0,0.0,0.0,0.0,0.0,0.0,0.0,54.0,55.25,76.88907,76.712391,3.0
2026-06-24T03:15:15.180992795Z,1000,per_hit,raw_percent_of_host,api-node1,api-node2,5,5,10,18.181818,10.10101,18.181818,20.20202,100.0,50.0,0.0,0.0,0.0,0.0,0.0,0.0,50.0,50.0,78.027366,77.019172,3.0
2026-06-24T03:15:16.180982993Z,1000,per_hit,raw_percent_of_host,api-node1,api-node2,3,7,10,10.10101,12.0,10.10101,24.0,100.0,50.0,0.0,0.0,0.0,0.0,0.0,0.0,50.0,64.857143,78.969524,75.851979,3.0
2026-06-24T03:15:17.180979062Z,1000,per_hit,raw_percent_of_host,api-node1,api-node2,2,8,10,12.0,10.10101,12.0,20.20202,100.0,50.0,0.0,0.0,0.0,0.0,0.0,0.0,50.0,61.0,79.024283,77.199977,3.0
2026-06-24T03:15:18.180978456Z,1000,per_hit,raw_percent_of_host,api-node1,api-node2,6,4,10,16.0,7.920792,16.0,15.841584,100.0,50.0,0.0,0.0,0.0,0.0,0.0,0.0,50.0,76.0,81.230748,77.287113,3.0
2026-06-24T03:15:19.18097945Z,1000,per_hit,raw_percent_of_host,api-node1,api-node2,6,4,10,10.10101,10.204082,10.10101,20.408163,100.0,50.0,0.0,0.0,0.0,0.0,0.0,0.0,50.0,69.25,78.35493,74.990815,3.0
2026-06-24T03:15:20.180978836Z,1000,per_hit,raw_percent_of_host,api-node1,api-node2,4,6,10,15.151515,10.0,15.151515,20.0,100.0,50.0,0.0,0.0,0.0,0.0,0.0,0.0,50.0,61.333333,77.564321,77.469526,3.0
2026-06-24T03:15:21.180982291Z,1000,per_hit,raw_percent_of_host,api-node1,api-node2,7,3,10,13.131313,12.0,13.131313,24.0,100.0,50.0,0.0,0.0,0.0,0.0,0.0,0.0,50.0,84.333333,78.957144,76.466716,3.0
2026-06-24T03:15:22.180989235Z,1000,per_hit,raw_percent_of_host,api-node1,api-node2,5,5,10,11.0,11.0,11.0,22.0,100.0,50.0,0.0,0.0,0.0,0.0,0.0,0.0,50.0,54.6,77.248311,79.85168,3.0
2026-06-24T03:15:23.180978842Z,1000,per_hit,raw_percent_of_host,api-node1,api-node2,5,5,10,11.111111,6.060606,11.111111,12.121212,100.0,50.0,0.0,0.0,0.0,0.0,0.0,0.0,50.0,79.8,78.300876,76.57432,3.0
2026-06-24T03:15:24.180977994Z,1000,per_hit,raw_percent_of_host,api-node1,api-node2,4,6,10,5.102041,16.0,5.102041,32.0,100.0,50.0,0.0,0.0,0.0,0.0,0.0,0.0,50.0,74.333333,78.575167,76.196558,3.0
2026-06-24T03:15:25.180979234Z,1000,per_hit,raw_percent_of_host,api-node1,api-node2,4,6,10,15.151515,10.10101,15.151515,20.20202,100.0,50.0,0.0,0.0,0.0,0.0,0.0,0.0,50.0,66.833333,78.060639,76.287438,3.0
2026-06-24T03:15:26.180982864Z,1000,per_hit,raw_percent_of_host,api-node1,api-node2,8,2,10,23.232323,0.0,23.232323,0.0,100.0,50.0,0.0,0.0,0.0,0.0,0.0,0.0,52.625,50.0,78.071907,80.865877,3.0
2026-06-24T03:15:27.180978935Z,1000,per_hit,raw_percent_of_host,api-node1,api-node2,6,4,10,18.181818,10.10101,18.181818,20.20202,100.0,50.0,0.0,0.0,0.0,0.0,0.0,0.0,50.0,50.0,77.82664,76.80577,3.0
2026-06-24T03:15:28.18097905Z,1000,per_hit,raw_percent_of_host,api-node1,api-node2,5,5,10,15.0,11.0,15.0,22.0,100.0,50.0,0.0,0.0,0.0,0.0,0.0,0.0,50.0,63.2,78.259587,76.556069,3.0
2026-06-24T03:15:29.180978826Z,1000,per_hit,raw_percent_of_host,api-node1,api-node2,4,6,10,15.151515,10.10101,15.151515,20.20202,100.0,50.0,0.0,0.0,0.0,0.0,0.0,0.0,50.0,50.0,78.51025,75.149279,3.0
2026-06-24T03:15:30.180977985Z,1000,per_hit,raw_percent_of_host,api-node1,api-node2,3,7,10,3.960396,15.0,3.960396,30.0,100.0,50.0,0.0,0.0,0.0,0.0,0.0,0.0,50.0,78.142857,79.652375,75.985067,3.0
2026-06-24T03:15:31.180982078Z,1000,per_hit,raw_percent_of_host,api-node1,api-node2,5,6,11,10.10101,12.0,10.10101,24.0,100.0,50.0,0.0,0.0,0.0,0.0,0.0,0.0,50.0,67.166667,79.881164,75.892176,3.0
2026-06-24T03:15:32.180977795Z,1000,per_hit,raw_percent_of_host,api-node1,api-node2,6,4,10,16.0,10.10101,16.0,20.20202,100.0,50.0,0.0,0.0,0.0,0.0,0.0,0.0,50.0,50.25,78.44844,76.574437,3.0
2026-06-24T03:15:33.180979311Z,1000,per_hit,raw_percent_of_host,api-node1,api-node2,3,7,10,11.0,14.0,11.0,28.0,100.0,50.0,0.0,0.0,0.0,0.0,0.0,0.0,50.0,61.571429,78.290423,75.844155,3.0
2026-06-24T03:15:34.180978957Z,1000,per_hit,raw_percent_of_host,api-node1,api-node2,2,8,10,5.050505,11.111111,5.050505,22.222222,100.0,50.0,0.0,0.0,0.0,0.0,0.0,0.0,50.0,69.875,79.337022,76.88835,3.0
2026-06-24T03:15:35.180978992Z,1000,per_hit,raw_percent_of_host,api-node1,api-node2,4,6,10,7.070707,14.141414,7.070707,28.282828,100.0,50.0,0.0,0.0,0.0,0.0,0.0,0.0,50.0,74.166667,79.221034,76.119896,3.0
2026-06-24T03:15:36.180987901Z,1000,per_hit,raw_percent_of_host,api-node1,api-node2,2,8,10,5.050505,10.10101,5.050505,20.20202,100.0,50.0,0.0,0.0,0.0,0.0,0.0,0.0,50.0,67.625,78.764831,76.089,3.0
2026-06-24T03:15:37.181031355Z,1000,per_hit,raw_percent_of_host,api-node1,api-node2,8,2,10,23.232323,6.0,23.232323,12.0,100.0,50.0,0.0,0.0,0.0,0.0,0.0,0.0,50.0,50.0,78.114973,78.25572,3.0
2026-06-24T03:15:38.180982215Z,1000,per_hit,raw_percent_of_host,api-node1,api-node2,5,5,10,10.10101,14.0,10.10101,28.0,100.0,50.0,0.0,0.0,0.0,0.0,0.0,0.0,50.0,57.6,77.900067,77.415835,3.0
2026-06-24T03:15:39.180981786Z,1000,per_hit,raw_percent_of_host,api-node1,api-node2,6,4,10,18.0,5.050505,18.0,10.10101,100.0,50.0,0.0,0.0,0.0,0.0,0.0,0.0,50.0,74.75,77.732725,76.150908,3.0
2026-06-24T03:15:40.180977961Z,1000,per_hit,raw_percent_of_host,api-node1,api-node2,4,6,10,5.050505,15.0,5.050505,30.0,100.0,50.0,0.0,0.0,0.0,0.0,0.0,0.0,50.0,73.833333,78.764831,76.000414,3.0
2026-06-24T03:15:41.180985603Z,1000,per_hit,raw_percent_of_host,api-node1,api-node2,7,3,10,23.0,5.050505,23.0,10.10101,100.0,50.0,0.0,0.0,0.0,0.0,0.0,0.0,50.0,64.0,77.362503,76.189494,3.0
2026-06-24T03:15:42.180978868Z,1000,per_hit,raw_percent_of_host,api-node1,api-node2,4,6,10,13.0,10.10101,13.0,20.20202,100.0,50.0,0.0,0.0,0.0,0.0,0.0,0.0,50.0,64.5,78.47541,75.875999,3.0
2026-06-24T03:15:43.180978004Z,1000,per_hit,raw_percent_of_host,api-node1,api-node2,7,3,10,24.242424,1.0,24.242424,2.0,100.0,50.0,0.0,0.0,0.0,0.0,0.0,0.0,51.428571,74.666667,77.68934,79.195051,3.0
2026-06-24T03:15:44.180981634Z,1000,per_hit,raw_percent_of_host,api-node1,api-node2,8,2,10,23.232323,0.0,23.232323,0.0,100.0,50.0,0.0,0.0,0.0,0.0,0.0,0.0,51.25,50.0,77.802488,77.811796,3.0
2026-06-24T03:15:45.18097888Z,1000,per_hit,raw_percent_of_host,api-node1,api-node2,5,5,10,20.0,10.10101,20.0,20.20202,100.0,50.0,0.0,0.0,0.0,0.0,0.0,0.0,50.0,59.2,77.857059,76.34072,3.0
2026-06-24T03:15:46.180984754Z,1000,per_hit,raw_percent_of_host,api-node1,api-node2,4,6,10,7.070707,14.141414,7.070707,28.282828,100.0,50.0,0.0,0.0,0.0,0.0,0.0,0.0,50.0,74.5,78.957612,75.201402,3.0
2026-06-24T03:15:47.180977736Z,1000,per_hit,raw_percent_of_host,api-node1,api-node2,2,8,10,3.960396,14.141414,3.960396,28.282828,100.0,50.0,0.0,0.0,0.0,0.0,0.0,0.0,50.0,74.5,79.082558,74.727667,3.0
2026-06-24T03:15:48.180981356Z,1000,per_hit,raw_percent_of_host,api-node1,api-node2,7,3,10,12.0,8.0,12.0,16.0,100.0,50.0,0.0,0.0,0.0,0.0,0.0,0.0,51.428571,61.0,78.480424,77.067478,3.0
2026-06-24T03:15:49.180979354Z,1000,per_hit,raw_percent_of_host,api-node1,api-node2,6,4,10,15.151515,6.060606,15.151515,12.121212,100.0,50.0,0.0,0.0,0.0,0.0,0.0,0.0,50.0,75.75,77.429219,77.491409,3.0
2026-06-24T03:15:50.180977996Z,1000,per_hit,raw_percent_of_host,api-node1,api-node2,6,4,10,16.161616,6.060606,16.161616,12.121212,100.0,50.0,0.0,0.0,0.0,0.0,0.0,0.0,50.0,76.5,77.970242,75.416244,3.0
2026-06-24T03:15:51.180978391Z,1000,per_hit,raw_percent_of_host,api-node1,api-node2,5,5,10,10.204082,12.244898,10.204082,24.489796,100.0,50.0,0.0,0.0,0.0,0.0,0.0,0.0,50.0,76.4,78.469111,75.031911,3.0
2026-06-24T03:15:52.180978056Z,1000,per_hit,raw_percent_of_host,api-node1,api-node2,5,5,10,7.070707,14.851485,7.070707,29.70297,100.0,50.0,0.0,0.0,0.0,0.0,0.0,0.0,50.0,75.6,78.491651,74.913396,3.0
2026-06-24T03:15:53.180982496Z,1000,per_hit,raw_percent_of_host,api-node1,api-node2,7,3,10,17.171717,10.10101,17.171717,20.20202,100.0,50.0,0.0,0.0,0.0,0.0,0.0,0.0,50.0,50.0,77.461503,77.788954,3.0
2026-06-24T03:15:54.180979326Z,1000,per_hit,raw_percent_of_host,api-node1,api-node2,4,6,10,10.10101,11.111111,10.10101,22.222222,100.0,50.0,0.0,0.0,0.0,0.0,0.0,0.0,50.0,67.166667,78.00393,76.833062,3.0
2026-06-24T03:15:55.180978883Z,1000,per_hit,raw_percent_of_host,api-node1,api-node2,4,6,10,12.121212,11.111111,12.121212,22.222222,100.0,50.0,0.0,0.0,0.0,0.0,0.0,0.0,50.0,66.5,78.708691,76.133375,3.0
2026-06-24T03:15:56.180979091Z,1000,per_hit,raw_percent_of_host,api-node1,api-node2,6,4,10,10.10101,13.0,10.10101,26.0,100.0,50.0,0.0,0.0,0.0,0.0,0.0,0.0,50.0,85.25,78.964128,75.539786,3.0
2026-06-24T03:15:57.180979045Z,1000,per_hit,raw_percent_of_host,api-node1,api-node2,5,5,10,18.811881,10.10101,18.811881,20.20202,100.0,50.0,0.0,0.0,0.0,0.0,0.0,0.0,50.0,60.0,77.030976,77.231867,3.0
2026-06-24T03:15:58.180982139Z,1000,per_hit,raw_percent_of_host,api-node1,api-node2,5,5,10,20.20202,5.0,20.20202,10.0,100.0,50.0,0.0,0.0,0.0,0.0,0.0,0.0,50.0,70.2,78.087299,75.82631,3.0
2026-06-24T03:15:59.18098212Z,1000,per_hit,raw_percent_of_host,api-node1,api-node2,7,3,10,19.191919,5.050505,19.191919,10.10101,100.0,50.0,0.0,0.0,0.0,0.0,0.0,0.0,53.142857,63.0,78.281514,76.592237,3.0
2026-06-24T03:16:00.180980858Z,1000,per_hit,raw_percent_of_host,api-node1,api-node2,7,3,10,23.0,5.050505,23.0,10.10101,100.0,50.0,0.0,0.0,0.0,0.0,0.0,0.0,50.0,50.0,77.566901,77.943054,3.0
2026-06-24T03:16:01.180980949Z,1000,per_hit,raw_percent_of_host,api-node1,api-node2,6,4,10,12.121212,14.0,12.121212,28.0,100.0,50.0,0.0,0.0,0.0,0.0,0.0,0.0,50.0,59.0,78.459807,75.997553,3.0
2026-06-24T03:16:02.180981792Z,1000,per_hit,raw_percent_of_host,api-node1,api-node2,4,6,10,10.10101,12.0,10.10101,24.0,100.0,50.0,0.0,0.0,0.0,0.0,0.0,0.0,50.0,67.166667,77.874961,76.748278,3.0
2026-06-24T03:16:03.180981944Z,1000,per_hit,raw_percent_of_host,api-node1,api-node2,5,5,10,14.0,13.131313,14.0,26.262626,100.0,50.0,0.0,0.0,0.0,0.0,0.0,0.0,50.0,57.8,78.589998,75.729292,3.0
2026-06-24T03:16:04.180982245Z,1000,per_hit,raw_percent_of_host,api-node1,api-node2,7,3,10,19.0,5.050505,19.0,10.10101,100.0,50.0,0.0,0.0,0.0,0.0,0.0,0.0,51.428571,50.0,77.791433,77.679006,3.0
2026-06-24T03:16:05.180981513Z,1000,per_hit,raw_percent_of_host,api-node1,api-node2,3,7,10,7.920792,11.111111,7.920792,22.222222,100.0,50.0,0.0,0.0,0.0,0.0,0.0,0.0,50.0,81.571429,78.743646,75.570644,3.0
2026-06-24T03:16:06.180980022Z,1000,per_hit,raw_percent_of_host,api-node1,api-node2,1,9,10,5.050505,15.0,5.050505,30.0,100.0,50.0,0.0,0.0,0.0,0.0,0.0,0.0,50.0,90.222222,79.107849,75.545712,3.0
2026-06-24T03:16:07.180978873Z,1000,per_hit,raw_percent_of_host,api-node1,api-node2,9,1,10,24.242424,0.0,24.242424,0.0,100.0,50.0,0.0,0.0,0.0,0.0,0.0,0.0,51.222222,50.0,80.447524,78.307196,3.0
2026-06-24T03:16:08.180979554Z,1000,per_hit,raw_percent_of_host,api-node1,api-node2,6,4,10,15.151515,6.0,15.151515,12.0,100.0,50.0,0.0,0.0,0.0,0.0,0.0,0.0,50.0,75.75,77.716015,77.637018,3.0
2026-06-24T03:16:09.180982743Z,1000,per_hit,raw_percent_of_host,api-node1,api-node2,5,5,10,16.666667,11.0,16.666667,22.0,100.0,50.0,0.0,0.0,0.0,0.0,0.0,0.0,50.0,58.8,77.91491,76.128939,3.0
2026-06-24T03:16:10.180979116Z,1000,per_hit,raw_percent_of_host,api-node1,api-node2,7,3,10,21.428571,5.050505,21.428571,10.10101,100.0,50.0,0.0,0.0,0.0,0.0,0.0,0.0,50.0,50.0,77.985168,77.741271,3.0
2026-06-24T03:16:11.180979298Z,1000,per_hit,raw_percent_of_host,api-node1,api-node2,6,4,10,17.0,6.0,17.0,12.0,100.0,50.0,0.0,0.0,0.0,0.0,0.0,0.0,52.0,50.0,77.927086,77.575551,3.0
2026-06-24T03:16:12.180981638Z,1000,per_hit,raw_percent_of_host,api-node1,api-node2,7,3,10,17.171717,5.0,17.171717,10.0,100.0,50.0,0.0,0.0,0.0,0.0,0.0,0.0,50.0,80.333333,78.358212,76.032288,3.0
2026-06-24T03:16:13.180986535Z,1000,per_hit,raw_percent_of_host,api-node1,api-node2,4,6,10,10.10101,12.0,10.10101,24.0,100.0,50.0,0.0,0.0,0.0,0.0,0.0,0.0,50.0,67.0,77.794091,76.748278,3.0
2026-06-24T03:16:14.180978771Z,1000,per_hit,raw_percent_of_host,api-node1,api-node2,8,2,10,22.222222,0.0,22.222222,0.0,100.0,50.0,0.0,0.0,0.0,0.0,0.0,0.0,51.125,83.0,77.698405,79.671131,3.0
2026-06-24T03:16:15.180983552Z,1000,per_hit,raw_percent_of_host,api-node1,api-node2,2,3,5,10.10101,5.0,10.10101,10.0,100.0,50.0,0.0,0.0,0.0,0.0,0.0,0.0,50.0,50.0,78.22141,74.969905,3.0
2026-06-24T03:16:17.180978617Z,1000,per_hit,raw_percent_of_host,api-node1,api-node2,1,2,3,0.0,1.0,0.0,2.0,100.0,50.0,0.0,0.0,0.0,0.0,0.0,0.0,50.0,50.0,83.541603,81.738019,3.0
2026-06-24T03:16:19.180981069Z,1000,per_hit,raw_percent_of_host,api-node1,api-node2,2,0,2,5.050505,0.0,5.050505,0.0,100.0,50.0,0.0,0.0,0.0,0.0,0.0,0.0,50.0,0.0,83.488095,83.494882,3.0
2026-06-24T03:16:20.180981141Z,1000,per_hit,raw_percent_of_host,api-node1,api-node2,2,0,2,0.0,0.0,0.0,0.0,100.0,50.0,1.0,0.0,0.0,0.0,1.0,0.0,50.0,0.0,81.374012,83.55287,3.0
2026-06-24T03:16:21.180979625Z,1000,per_hit,raw_percent_of_host,api-node1,api-node2,13,5,18,39.795918,13.675214,39.795918,27.350427,100.0,50.0,0.0,0.0,0.0,0.0,0.0,0.0,51.714286,73.2,78.469409,80.661696,3.0
2026-06-24T03:16:22.180979138Z,1000,per_hit,raw_percent_of_host,api-node1,api-node2,2,8,10,5.050505,8.0,5.050505,16.0,100.0,50.0,0.0,1.0,0.0,0.0,0.0,1.0,50.0,67.714286,77.256471,77.559389,3.0
2026-06-24T03:16:23.180980724Z,1000,per_hit,raw_percent_of_host,api-node1,api-node2,6,4,10,21.359223,8.080808,21.359223,16.161616,100.0,50.0,1.0,0.0,0.0,0.0,1.0,0.0,62.6,69.6,78.300099,76.276289,3.0
2026-06-24T03:16:24.180978472Z,1000,per_hit,raw_percent_of_host,api-node1,api-node2,4,6,10,6.060606,15.0,6.060606,30.0,100.0,50.0,0.0,1.0,0.0,0.0,0.0,1.0,50.0,55.0,79.126426,76.810864,3.0
2026-06-24T03:16:25.180982639Z,1000,per_hit,raw_percent_of_host,api-node1,api-node2,4,6,10,17.0,1.020408,17.0,2.040816,100.0,50.0,0.0,1.0,0.0,0.0,0.0,1.0,50.0,67.666667,77.905903,77.757073,3.0
2026-06-24T03:16:26.180978963Z,1000,per_hit,raw_percent_of_host,api-node1,api-node2,4,6,10,11.0,15.0,11.0,30.0,100.0,50.0,0.0,0.0,0.0,0.0,0.0,0.0,61.25,73.571429,79.212893,76.305009,3.0
2026-06-24T03:16:27.180980235Z,1000,per_hit,raw_percent_of_host,api-node1,api-node2,4,6,10,10.0,11.965812,10.0,23.931624,100.0,50.0,0.0,0.0,0.0,0.0,0.0,0.0,50.0,67.333333,78.803037,75.771437,3.0
2026-06-24T03:16:28.180977804Z,1000,per_hit,raw_percent_of_host,api-node1,api-node2,4,6,10,11.0,17.171717,11.0,34.343434,100.0,50.0,0.0,0.0,0.0,0.0,0.0,0.0,50.0,69.166667,78.775551,75.666885,3.0
2026-06-24T03:16:29.18097891Z,1000,per_hit,raw_percent_of_host,api-node1,api-node2,3,7,10,5.050505,17.171717,5.050505,34.343434,100.0,50.0,0.0,0.0,0.0,0.0,0.0,0.0,50.0,63.428571,78.891439,74.786225,3.0
2026-06-24T03:16:30.180980515Z,1000,per_hit,raw_percent_of_host,api-node1,api-node2,5,5,10,20.20202,1.0,20.20202,2.0,100.0,50.0,0.0,0.0,0.0,0.0,0.0,0.0,50.0,55.8,78.100203,79.710704,3.0
2026-06-24T03:16:31.180978848Z,1000,per_hit,raw_percent_of_host,api-node1,api-node2,5,5,10,15.151515,9.090909,15.151515,18.181818,100.0,50.0,0.0,0.0,0.0,0.0,0.0,0.0,50.0,66.2,78.895236,76.608662,3.0
2026-06-24T03:16:32.180978283Z,1000,per_hit,raw_percent_of_host,api-node1,api-node2,4,6,10,10.10101,12.931034,10.10101,25.862069,100.0,50.0,0.0,0.0,0.0,0.0,0.0,0.0,50.25,59.333333,78.820891,75.614161,3.0
2026-06-24T03:16:33.180981721Z,1000,per_hit,raw_percent_of_host,api-node1,api-node2,8,2,10,30.30303,0.0,30.30303,0.0,100.0,50.0,0.0,0.0,0.0,0.0,0.0,0.0,50.25,71.0,78.274842,78.01933,3.0
2026-06-24T03:16:34.180977904Z,1000,per_hit,raw_percent_of_host,api-node1,api-node2,5,5,10,15.151515,9.090909,15.151515,18.181818,100.0,50.0,0.0,0.0,0.0,0.0,0.0,0.0,50.0,68.8,78.58791,75.868516,3.0
2026-06-24T03:16:35.180977734Z,1000,per_hit,raw_percent_of_host,api-node1,api-node2,4,6,10,20.20202,6.0,20.20202,12.0,100.0,50.0,0.0,0.0,0.0,0.0,0.0,0.0,50.0,62.833333,78.280375,76.460967,3.0
2026-06-24T03:16:36.180978133Z,1000,per_hit,raw_percent_of_host,api-node1,api-node2,2,8,10,10.10101,15.306122,10.10101,30.612245,100.0,50.0,0.0,0.0,0.0,0.0,0.0,0.0,50.0,61.0,81.474462,76.909683,3.0
2026-06-24T03:16:37.180982695Z,1000,per_hit,raw_percent_of_host,api-node1,api-node2,7,3,10,26.732673,5.940594,26.732673,11.881188,100.0,50.0,0.0,0.0,0.0,0.0,0.0,0.0,50.285714,66.0,81.242728,76.79562,3.0
2026-06-24T03:16:38.180978657Z,1000,per_hit,raw_percent_of_host,api-node1,api-node2,4,6,10,15.151515,14.0,15.151515,28.0,100.0,50.0,0.0,0.0,0.0,0.0,0.0,0.0,50.0,60.333333,78.58791,77.370805,3.0
2026-06-24T03:16:39.18098141Z,1000,per_hit,raw_percent_of_host,api-node1,api-node2,1,9,10,5.102041,18.0,5.102041,36.0,100.0,50.0,0.0,0.0,0.0,0.0,0.0,0.0,50.0,71.888889,79.336206,74.842728,3.0
2026-06-24T03:16:40.180978065Z,1000,per_hit,raw_percent_of_host,api-node1,api-node2,9,1,10,25.252525,4.040404,25.252525,8.080808,100.0,50.0,0.0,0.0,0.0,0.0,0.0,0.0,50.0,50.0,80.5895,77.752605,3.0
2026-06-24T03:16:41.180978081Z,1000,per_hit,raw_percent_of_host,api-node1,api-node2,7,3,10,25.252525,5.050505,25.252525,10.10101,100.0,50.0,1.0,0.0,0.0,0.0,1.0,0.0,51.333333,54.0,76.609197,80.460563,3.0
2026-06-24T03:16:42.180978081Z,1000,per_hit,raw_percent_of_host,api-node1,api-node2,6,4,10,21.0,9.090909,21.0,18.181818,100.0,50.0,0.0,0.0,0.0,0.0,0.0,0.0,50.0,50.0,78.224836,77.022807,3.0
2026-06-24T03:16:43.180981419Z,1000,per_hit,raw_percent_of_host,api-node1,api-node2,4,6,10,21.212121,9.0,21.212121,18.0,100.0,50.0,0.0,0.0,0.0,0.0,0.0,0.0,50.0,54.833333,78.218999,76.38624,3.0
2026-06-24T03:16:44.180980661Z,1000,per_hit,raw_percent_of_host,api-node1,api-node2,1,9,10,5.050505,18.181818,5.050505,36.363636,100.0,50.0,0.0,0.0,0.0,0.0,0.0,0.0,50.0,63.888889,82.233054,76.869704,3.0
2026-06-24T03:16:45.180980707Z,1000,per_hit,raw_percent_of_host,api-node1,api-node2,7,3,10,25.510204,9.090909,25.510204,18.181818,100.0,50.0,0.0,0.0,0.0,0.0,0.0,0.0,50.0,68.0,81.215396,76.607999,3.0
2026-06-24T03:16:46.180980324Z,1000,per_hit,raw_percent_of_host,api-node1,api-node2,8,2,10,20.20202,10.891089,20.20202,21.782178,100.0,50.0,0.0,0.0,0.0,0.0,0.0,0.0,50.125,69.5,77.612255,75.904671,3.0
2026-06-24T03:16:47.180982449Z,1000,per_hit,raw_percent_of_host,api-node1,api-node2,6,4,10,20.20202,9.0,20.20202,18.0,100.0,50.0,0.0,0.0,0.0,0.0,0.0,0.0,50.0,50.0,76.720409,81.024486,3.0
2026-06-24T03:16:48.180978474Z,1000,per_hit,raw_percent_of_host,api-node1,api-node2,4,6,10,16.0,9.090909,16.0,18.181818,100.0,50.0,0.0,0.0,0.0,0.0,0.0,0.0,50.0,57.666667,78.532032,76.164889,3.0
2026-06-24T03:16:49.18097988Z,1000,per_hit,raw_percent_of_host,api-node1,api-node2,5,5,10,10.891089,14.141414,10.891089,28.282828,100.0,50.0,0.0,0.0,0.0,0.0,0.0,0.0,50.2,61.4,79.149069,76.024403,3.0
2026-06-24T03:16:50.180979105Z,1000,per_hit,raw_percent_of_host,api-node1,api-node2,0,10,10,0.0,19.827586,0.0,39.655172,100.0,50.0,0.0,0.0,0.0,0.0,0.0,0.0,0.0,77.4,79.489735,75.386461,3.0
2026-06-24T03:16:51.180983195Z,1000,per_hit,raw_percent_of_host,api-node1,api-node2,7,3,10,16.0,17.171717,16.0,34.343434,100.0,50.0,0.0,0.0,0.0,0.0,0.0,0.0,50.0,80.0,81.807261,75.981089,3.0
2026-06-24T03:16:52.180983768Z,1000,per_hit,raw_percent_of_host,api-node1,api-node2,6,4,10,20.20202,9.090909,20.20202,18.181818,100.0,50.0,0.0,0.0,0.0,0.0,0.0,0.0,50.0,71.0,77.019172,78.148945,3.0
2026-06-24T03:16:53.18098227Z,1000,per_hit,raw_percent_of_host,api-node1,api-node2,10,0,10,30.30303,0.0,30.30303,0.0,100.0,50.0,0.0,0.0,0.0,0.0,0.0,0.0,50.1,0.0,78.298503,78.296288,3.0
2026-06-24T03:16:54.180978564Z,1000,per_hit,raw_percent_of_host,api-node1,api-node2,5,5,10,21.212121,4.040404,21.212121,8.080808,100.0,50.0,0.0,0.0,0.0,0.0,0.0,0.0,50.0,67.0,76.818891,80.787629,3.0
2026-06-24T03:16:55.180982092Z,1000,per_hit,raw_percent_of_host,api-node1,api-node2,4,6,10,16.0,14.141414,16.0,28.282828,100.0,50.0,0.0,0.0,0.0,0.0,0.0,0.0,50.0,55.166667,78.903953,76.851802,3.0
2026-06-24T03:16:56.180980149Z,1000,per_hit,raw_percent_of_host,api-node1,api-node2,2,8,10,5.050505,18.811881,5.050505,37.623762,100.0,50.0,0.0,0.0,0.0,0.0,0.0,0.0,50.0,78.375,79.334648,75.694378,3.0
2026-06-24T03:16:57.180981406Z,1000,per_hit,raw_percent_of_host,api-node1,api-node2,3,7,10,10.10101,13.131313,10.10101,26.262626,100.0,50.0,0.0,0.0,0.0,0.0,0.0,0.0,50.0,62.714286,79.180521,75.975181,3.0
2026-06-24T03:16:58.180977896Z,1000,per_hit,raw_percent_of_host,api-node1,api-node2,3,7,10,5.050505,17.79661,5.050505,35.59322,100.0,50.0,0.0,0.0,0.0,0.0,0.0,0.0,50.0,93.142857,79.334648,75.693824,3.0
2026-06-24T03:16:59.180978552Z,1000,per_hit,raw_percent_of_host,api-node1,api-node2,3,7,10,10.10101,15.0,10.10101,30.0,100.0,50.0,0.0,0.0,0.0,0.0,0.0,0.0,50.0,73.857143,78.737312,74.863133,3.0
2026-06-24T03:17:00.180980287Z,1000,per_hit,raw_percent_of_host,api-node1,api-node2,2,8,10,6.0,17.241379,6.0,34.482759,100.0,50.0,0.0,0.0,0.0,0.0,0.0,0.0,50.0,104.0,79.315002,75.205004,3.0
2026-06-24T03:17:01.180978876Z,1000,per_hit,raw_percent_of_host,api-node1,api-node2,6,4,10,20.20202,4.040404,20.20202,8.080808,100.0,50.0,0.0,0.0,0.0,0.0,0.0,0.0,50.333333,61.0,78.606781,76.968552,3.0
2026-06-24T03:17:02.18097934Z,1000,per_hit,raw_percent_of_host,api-node1,api-node2,4,6,10,5.940594,21.367521,5.940594,42.735043,100.0,50.0,1.0,0.0,0.0,0.0,1.0,0.0,50.0,67.5,78.76647,75.290513,3.0
2026-06-24T03:17:03.180980057Z,1000,per_hit,raw_percent_of_host,api-node1,api-node2,2,8,10,6.060606,20.588235,6.060606,41.176471,100.0,50.0,0.0,0.0,0.0,0.0,0.0,0.0,50.0,57.625,78.40735,78.332532,3.0
2026-06-24T03:17:04.180981409Z,1000,per_hit,raw_percent_of_host,api-node1,api-node2,6,4,10,20.408163,4.081633,20.408163,8.163265,100.0,50.0,0.0,0.0,0.0,0.0,0.0,0.0,50.0,65.5,78.625808,76.796472,3.0
2026-06-24T03:17:05.180980965Z,1000,per_hit,raw_percent_of_host,api-node1,api-node2,6,4,10,10.10101,13.131313,10.10101,26.262626,100.0,50.0,0.0,0.0,0.0,0.0,0.0,0.0,50.0,60.0,78.747503,75.363217,3.0
2026-06-24T03:17:06.180987214Z,1000,per_hit,raw_percent_of_host,api-node1,api-node2,5,5,10,15.151515,14.141414,15.151515,28.282828,100.0,50.0,1.0,0.0,0.0,0.0,1.0,0.0,50.0,74.0,77.326707,76.093279,3.0
2026-06-24T03:17:07.180981279Z,1000,per_hit,raw_percent_of_host,api-node1,api-node2,5,5,10,10.10101,7.0,10.10101,14.0,100.0,50.0,0.0,0.0,0.0,0.0,0.0,0.0,50.0,91.8,78.737312,74.156288,3.0
2026-06-24T03:17:08.18097807Z,1000,per_hit,raw_percent_of_host,api-node1,api-node2,4,6,10,15.151515,14.141414,15.151515,28.282828,100.0,50.0,0.0,0.0,0.0,0.0,0.0,0.0,50.0,71.666667,77.956492,75.092799,3.0
2026-06-24T03:17:09.180979062Z,1000,per_hit,raw_percent_of_host,api-node1,api-node2,5,5,10,16.0,14.0,16.0,28.0,100.0,50.0,0.0,0.0,0.0,0.0,0.0,0.0,50.0,53.8,78.901183,77.174642,3.0
2026-06-24T03:17:10.180978675Z,1000,per_hit,raw_percent_of_host,api-node1,api-node2,4,6,10,11.111111,14.0,11.111111,28.0,100.0,50.0,0.0,0.0,0.0,0.0,0.0,0.0,50.0,56.0,78.780351,75.790858,3.0
2026-06-24T03:17:11.18098141Z,1000,per_hit,raw_percent_of_host,api-node1,api-node2,4,6,10,10.10101,10.10101,10.10101,20.20202,100.0,50.0,0.0,0.0,0.0,0.0,0.0,0.0,50.0,52.166667,78.820891,77.008126,3.0
2026-06-24T03:17:12.180978668Z,1000,per_hit,raw_percent_of_host,api-node1,api-node2,5,5,10,5.050505,20.588235,5.050505,41.176471,100.0,50.0,0.0,0.0,0.0,0.0,0.0,0.0,50.0,72.4,78.975018,76.625718,3.0
2026-06-24T03:17:13.180981194Z,1000,per_hit,raw_percent_of_host,api-node1,api-node2,6,4,10,10.10101,18.0,10.10101,36.0,100.0,50.0,0.0,0.0,0.0,0.0,0.0,0.0,50.0,57.5,77.591919,81.2471,3.0
2026-06-24T03:17:14.18097799Z,1000,per_hit,raw_percent_of_host,api-node1,api-node2,4,6,10,16.0,9.090909,16.0,18.181818,100.0,50.0,0.0,0.0,0.0,0.0,0.0,0.0,50.0,68.333333,77.150759,79.536431,3.0
2026-06-24T03:17:15.180978772Z,1000,per_hit,raw_percent_of_host,api-node1,api-node2,4,6,10,11.0,20.0,11.0,40.0,100.0,50.0,0.0,0.0,0.0,0.0,0.0,0.0,50.0,66.166667,79.144701,76.196835,3.0
2026-06-24T03:17:16.180982275Z,1000,per_hit,raw_percent_of_host,api-node1,api-node2,5,5,10,15.151515,14.141414,15.151515,28.282828,100.0,50.0,0.0,0.0,0.0,0.0,0.0,0.0,50.0,57.8,78.58791,75.761462,3.0
2026-06-24T03:17:17.180979113Z,1000,per_hit,raw_percent_of_host,api-node1,api-node2,5,5,10,15.151515,10.10101,15.151515,20.20202,100.0,50.0,0.0,0.0,0.0,0.0,0.0,0.0,50.4,55.6,78.556162,76.547308,3.0
2026-06-24T03:17:18.180981203Z,1000,per_hit,raw_percent_of_host,api-node1,api-node2,6,4,10,20.20202,4.040404,20.20202,8.080808,100.0,50.0,0.0,0.0,0.0,0.0,0.0,0.0,50.0,60.5,78.264956,75.674225,3.0
2026-06-24T03:17:19.180978178Z,1000,per_hit,raw_percent_of_host,api-node1,api-node2,7,3,10,25.252525,5.050505,25.252525,10.10101,100.0,50.0,0.0,0.0,0.0,0.0,0.0,0.0,50.285714,60.333333,77.920511,76.947372,3.0
2026-06-24T03:17:20.180978801Z,1000,per_hit,raw_percent_of_host,api-node1,api-node2,5,5,10,16.0,9.090909,16.0,18.181818,100.0,50.0,0.0,0.0,0.0,0.0,0.0,0.0,50.0,64.6,78.468165,75.43127,3.0
2026-06-24T03:17:21.180978554Z,1000,per_hit,raw_percent_of_host,api-node1,api-node2,4,6,10,10.10101,12.931034,10.10101,25.862069,100.0,50.0,0.0,0.0,0.0,0.0,0.0,0.0,50.0,73.5,78.820891,74.296965,3.0
2026-06-24T03:17:22.180983099Z,1000,per_hit,raw_percent_of_host,api-node1,api-node2,7,3,10,15.151515,9.090909,15.151515,18.181818,100.0,50.0,0.0,0.0,0.0,0.0,0.0,0.0,50.0,65.0,78.58791,75.576089,3.0
2026-06-24T03:17:23.180979322Z,1000,per_hit,raw_percent_of_host,api-node1,api-node2,5,5,10,17.0,14.141414,17.0,28.282828,100.0,50.0,0.0,0.0,0.0,0.0,0.0,0.0,50.0,55.8,77.222918,77.950922,3.0
2026-06-24T03:17:24.180978109Z,1000,per_hit,raw_percent_of_host,api-node1,api-node2,4,6,10,16.0,16.0,16.0,32.0,100.0,50.0,0.0,0.0,0.0,0.0,0.0,0.0,50.75,76.833333,78.352039,74.800163,3.0
2026-06-24T03:17:25.180977884Z,1000,per_hit,raw_percent_of_host,api-node1,api-node2,6,4,10,15.151515,9.090909,15.151515,18.181818,100.0,50.0,0.0,0.0,0.0,0.0,0.0,0.0,50.0,57.0,78.94754,75.59676,3.0
2026-06-24T03:17:26.18098123Z,1000,per_hit,raw_percent_of_host,api-node1,api-node2,4,6,10,11.0,14.141414,11.0,28.282828,100.0,50.0,0.0,0.0,0.0,0.0,0.0,0.0,50.0,67.333333,78.133282,75.930765,3.0
2026-06-24T03:17:27.180980749Z,1000,per_hit,raw_percent_of_host,api-node1,api-node2,6,4,10,20.20202,10.891089,20.20202,21.782178,100.0,50.0,0.0,0.0,0.0,0.0,0.0,0.0,50.0,50.25,78.280375,76.832482,3.0
2026-06-24T03:17:28.180978463Z,1000,per_hit,raw_percent_of_host,api-node1,api-node2,6,4,10,20.408163,5.050505,20.408163,10.10101,100.0,50.0,0.0,0.0,0.0,0.0,0.0,0.0,50.0,50.5,78.19279,77.639643,3.0
2026-06-24T03:17:29.180980953Z,1000,per_hit,raw_percent_of_host,api-node1,api-node2,7,3,10,25.0,5.050505,25.0,10.10101,100.0,50.0,0.0,0.0,0.0,0.0,0.0,0.0,50.142857,63.0,77.880369,77.808128,3.0
2026-06-24T03:17:30.180982814Z,1000,per_hit,raw_percent_of_host,api-node1,api-node2,7,3,10,21.212121,9.90099,21.212121,19.80198,100.0,50.0,0.0,0.0,0.0,0.0,0.0,0.0,50.0,64.0,78.209685,77.167099,3.0
2026-06-24T03:17:31.180982027Z,1000,per_hit,raw_percent_of_host,api-node1,api-node2,5,5,10,16.0,15.151515,16.0,30.30303,100.0,50.0,0.0,0.0,0.0,0.0,0.0,0.0,50.2,77.8,77.873753,75.086237,3.0
2026-06-24T03:17:32.180981496Z,1000,per_hit,raw_percent_of_host,api-node1,api-node2,6,4,10,30.30303,1.0,30.30303,2.0,100.0,50.0,0.0,0.0,0.0,0.0,0.0,0.0,50.0,61.25,78.314509,78.902884,3.0
2026-06-24T03:17:33.180979156Z,1000,per_hit,raw_percent_of_host,api-node1,api-node2,6,4,10,14.851485,15.151515,14.851485,30.30303,100.0,50.0,0.0,0.0,0.0,0.0,0.0,0.0,51.166667,85.5,81.784353,73.335779,3.0
2026-06-24T03:17:34.180985629Z,1000,per_hit,raw_percent_of_host,api-node1,api-node2,7,3,10,25.510204,5.050505,25.510204,10.10101,100.0,50.0,0.0,0.0,0.0,0.0,0.0,0.0,50.285714,76.333333,77.272051,76.609614,3.0
2026-06-24T03:17:35.180981028Z,1000,per_hit,raw_percent_of_host,api-node1,api-node2,5,5,10,15.151515,10.0,15.151515,20.0,100.0,50.0,0.0,0.0,0.0,0.0,0.0,0.0,50.0,58.4,78.514523,75.89358,3.0
2026-06-24T03:17:36.180981918Z,1000,per_hit,raw_percent_of_host,api-node1,api-node2,6,4,10,21.0,9.090909,21.0,18.181818,100.0,50.0,0.0,0.0,0.0,0.0,0.0,0.0,50.0,66.25,78.224836,75.774216,3.0
2026-06-24T03:17:37.180980952Z,1000,per_hit,raw_percent_of_host,api-node1,api-node2,4,6,10,10.10101,13.131313,10.10101,26.262626,100.0,50.0,0.0,0.0,0.0,0.0,0.0,0.0,50.0,66.0,78.820891,75.282291,3.0
2026-06-24T03:17:38.180981957Z,1000,per_hit,raw_percent_of_host,api-node1,api-node2,5,5,10,11.0,19.80198,11.0,39.60396,100.0,50.0,0.0,0.0,0.0,0.0,0.0,0.0,50.0,80.0,78.785071,75.136312,3.0
2026-06-24T03:17:39.180978828Z,1000,per_hit,raw_percent_of_host,api-node1,api-node2,5,5,10,25.252525,4.040404,25.252525,8.080808,100.0,50.0,0.0,0.0,0.0,0.0,0.0,0.0,50.0,60.8,77.392308,76.959189,3.0
2026-06-24T03:17:40.180980842Z,1000,per_hit,raw_percent_of_host,api-node1,api-node2,8,2,10,20.20202,10.0,20.20202,20.0,100.0,50.0,0.0,0.0,0.0,0.0,0.0,0.0,50.625,93.5,81.517087,73.75161,3.0
2026-06-24T03:17:41.180978949Z,1000,per_hit,raw_percent_of_host,api-node1,api-node2,5,5,10,10.10101,14.141414,10.10101,28.282828,100.0,50.0,0.0,0.0,0.0,0.0,0.0,0.0,50.0,66.0,77.591919,79.842197,3.0
2026-06-24T03:17:42.180978735Z,1000,per_hit,raw_percent_of_host,api-node1,api-node2,5,5,10,20.408163,4.040404,20.408163,8.080808,100.0,50.0,0.0,0.0,0.0,0.0,0.0,0.0,50.0,59.0,77.614389,76.968839,3.0
2026-06-24T03:17:43.180989377Z,1000,per_hit,raw_percent_of_host,api-node1,api-node2,1,9,10,2.0,21.782178,2.0,43.564356,100.0,50.0,0.0,0.0,0.0,0.0,0.0,0.0,50.0,84.0,80.055559,76.857088,3.0
2026-06-24T03:17:44.180981303Z,1000,per_hit,raw_percent_of_host,api-node1,api-node2,4,6,10,15.151515,15.0,15.151515,30.0,100.0,50.0,0.0,0.0,0.0,0.0,0.0,0.0,50.0,54.5,78.94754,76.653146,3.0
2026-06-24T03:17:45.18098469Z,1000,per_hit,raw_percent_of_host,api-node1,api-node2,3,7,10,13.131313,19.0,13.131313,38.0,100.0,50.0,0.0,0.0,0.0,0.0,0.0,0.0,50.0,54.857143,78.997435,76.651038,3.0
2026-06-24T03:17:46.180982635Z,1000,per_hit,raw_percent_of_host,api-node1,api-node2,8,2,10,25.252525,4.040404,25.252525,8.080808,100.0,50.0,0.0,0.0,0.0,0.0,0.0,0.0,50.0,50.0,78.295559,77.579269,3.0
2026-06-24T03:17:47.180978902Z,1000,per_hit,raw_percent_of_host,api-node1,api-node2,5,5,10,11.0,14.141414,11.0,28.282828,100.0,50.0,0.0,0.0,0.0,0.0,0.0,0.0,50.0,70.4,78.133282,76.587526,3.0
2026-06-24T03:17:48.180979066Z,1000,per_hit,raw_percent_of_host,api-node1,api-node2,4,6,10,5.050505,19.191919,5.050505,38.383838,100.0,50.0,0.0,0.0,0.0,0.0,0.0,0.0,50.0,73.0,78.431397,75.109212,3.0
2026-06-24T03:17:49.180979282Z,1000,per_hit,raw_percent_of_host,api-node1,api-node2,6,4,10,15.151515,14.141414,15.151515,28.282828,100.0,50.0,0.0,0.0,0.0,0.0,0.0,0.0,50.0,69.25,78.044289,75.418174,3.0
2026-06-24T03:17:50.180978119Z,1000,per_hit,raw_percent_of_host,api-node1,api-node2,5,5,10,15.151515,14.141414,15.151515,28.282828,100.0,50.0,0.0,0.0,0.0,0.0,0.0,0.0,50.0,52.6,78.044289,77.296165,3.0
2026-06-24T03:17:51.180982339Z,1000,per_hit,raw_percent_of_host,api-node1,api-node2,5,5,10,15.151515,10.10101,15.151515,20.20202,100.0,50.0,0.0,0.0,0.0,0.0,0.0,0.0,50.0,58.0,78.58791,76.344865,3.0
2026-06-24T03:17:52.180982423Z,1000,per_hit,raw_percent_of_host,api-node1,api-node2,4,6,10,15.151515,13.861386,15.151515,27.722772,100.0,50.0,0.0,0.0,0.0,0.0,0.0,0.0,50.0,80.666667,78.416369,75.488178,3.0
2026-06-24T03:17:53.180978073Z,1000,per_hit,raw_percent_of_host,api-node1,api-node2,5,5,10,15.151515,9.0,15.151515,18.0,100.0,50.0,0.0,0.0,0.0,0.0,0.0,0.0,50.0,96.2,78.895236,74.805048,3.0
2026-06-24T03:17:54.180978237Z,1000,per_hit,raw_percent_of_host,api-node1,api-node2,5,5,10,20.20202,9.090909,20.20202,18.181818,100.0,50.0,0.0,0.0,0.0,0.0,0.0,0.0,50.0,77.6,78.196796,73.877111,3.0
2026-06-24T03:17:55.180979658Z,1000,per_hit,raw_percent_of_host,api-node1,api-node2,7,3,10,17.346939,5.940594,17.346939,11.881188,100.0,50.0,0.0,0.0,0.0,0.0,0.0,0.0,50.0,67.0,78.652466,77.430081,3.0
2026-06-24T03:17:56.180980145Z,1000,per_hit,raw_percent_of_host,api-node1,api-node2,6,3,9,21.0,1.0,21.0,2.0,100.0,50.0,1.0,0.0,0.0,0.0,1.0,0.0,50.0,83.666667,77.276125,77.582432,3.0
2026-06-24T03:17:57.180980195Z,1000,per_hit,raw_percent_of_host,api-node1,api-node2,6,5,11,15.151515,5.940594,15.151515,11.881188,100.0,50.0,1.0,0.0,0.0,0.0,1.0,0.0,50.0,87.2,77.934267,76.890906,3.0
2026-06-24T03:17:58.180979497Z,1000,per_hit,raw_percent_of_host,api-node1,api-node2,5,5,10,15.151515,5.050505,15.151515,10.10101,100.0,50.0,0.0,1.0,0.0,0.0,0.0,1.0,50.0,65.25,78.51025,76.88991,3.0
2026-06-24T03:17:59.180978855Z,1000,per_hit,raw_percent_of_host,api-node1,api-node2,4,6,10,10.10101,12.871287,10.10101,25.742574,100.0,50.0,0.0,0.0,0.0,0.0,0.0,0.0,50.0,86.714286,78.737312,74.513668,3.0
2026-06-24T03:18:00.180980717Z,1000,per_hit,raw_percent_of_host,api-node1,api-node2,4,6,10,20.20202,5.050505,20.20202,10.10101,100.0,50.0,0.0,0.0,0.0,0.0,0.0,0.0,50.0,65.666667,78.280375,76.247457,3.0
2026-06-24T03:18:01.180982007Z,1000,per_hit,raw_percent_of_host,api-node1,api-node2,3,7,10,0.990099,22.222222,0.990099,44.444444,100.0,50.0,0.0,0.0,0.0,0.0,0.0,0.0,50.0,102.285714,83.225179,76.002884,3.0
2026-06-24T03:18:02.180982182Z,1000,per_hit,raw_percent_of_host,api-node1,api-node2,6,4,10,26.0,6.930693,26.0,13.861386,100.0,50.0,0.0,0.0,0.0,0.0,0.0,0.0,50.5,93.75,77.351841,76.019191,3.0
2026-06-24T03:18:03.180978034Z,1000,per_hit,raw_percent_of_host,api-node1,api-node2,8,2,10,25.510204,4.081633,25.510204,8.163265,100.0,50.0,0.0,0.0,0.0,0.0,0.0,0.0,50.125,56.5,78.303964,77.080317,3.0
2026-06-24T03:18:04.180984523Z,1000,per_hit,raw_percent_of_host,api-node1,api-node2,2,8,10,6.0,16.37931,6.0,32.758621,100.0,50.0,0.0,0.0,0.0,0.0,0.0,0.0,50.0,101.0,78.408981,75.861766,3.0
2026-06-24T03:18:05.180978017Z,1000,per_hit,raw_percent_of_host,api-node1,api-node2,6,4,10,21.0,4.040404,21.0,8.080808,100.0,50.0,0.0,0.0,0.0,0.0,0.0,0.0,50.0,56.25,78.584466,78.406395,3.0
2026-06-24T03:18:06.180978876Z,1000,per_hit,raw_percent_of_host,api-node1,api-node2,4,6,10,11.0,19.607843,11.0,39.215686,100.0,50.0,0.0,0.0,0.0,0.0,0.0,0.0,50.0,84.666667,78.794386,74.678242,3.0
2026-06-24T03:18:07.180978763Z,1000,per_hit,raw_percent_of_host,api-node1,api-node2,6,4,10,15.151515,9.090909,15.151515,18.181818,100.0,50.0,0.0,0.0,0.0,0.0,0.0,0.0,50.0,56.75,78.58791,77.18909,3.0
2026-06-24T03:18:08.18098181Z,1000,per_hit,raw_percent_of_host,api-node1,api-node2,5,5,10,15.151515,9.090909,15.151515,18.181818,100.0,50.0,0.0,0.0,0.0,0.0,0.0,0.0,50.0,63.2,78.044289,76.323237,3.0
2026-06-24T03:18:09.18098876Z,1000,per_hit,raw_percent_of_host,api-node1,api-node2,3,7,10,10.10101,19.191919,10.10101,38.383838,100.0,50.0,0.0,0.0,0.0,0.0,0.0,0.0,50.0,74.285714,78.820891,75.191826,3.0
2026-06-24T03:18:10.180982181Z,1000,per_hit,raw_percent_of_host,api-node1,api-node2,6,4,10,11.0,14.0,11.0,28.0,100.0,50.0,0.0,0.0,0.0,0.0,0.0,0.0,50.5,60.25,79.098351,75.741411,3.0
