timestamp_utc,window_ms,traffic_log_mode,cpu_usage_unit,node1_name,node2_name,node1_requests,node2_requests,total_requests,node1_cpu_raw_usage,node2_cpu_raw_usage,node1_cpu_normalized_usage,node2_cpu_normalized_usage,node1_cpu_capacity,node2_cpu_capacity,node1_inflight,node2_inflight,node1_backend_inflight,node2_backend_inflight,node1_queue,node2_queue,node1_response_ms,node2_response_ms,node1_fuzzy_score,node2_fuzzy_score,os_idle_cpu
2026-06-24T22:57:31.007784756Z,1000,per_hit,raw_percent_of_host,api-node1,api-node2,0,0,0,0.000000,0.000000,0.000000,0.000000,100.000000,50.000000,0.000000,0.000000,0.000000,0.000000,0.000000,0.000000,0.000000,0.000000,0.000000,0.000000,3.000000
2026-06-24T22:57:32.007783229Z,1000,per_hit,raw_percent_of_host,api-node1,api-node2,0,0,0,0.000000,0.000000,0.000000,0.000000,100.000000,50.000000,0.000000,0.000000,0.000000,0.000000,0.000000,0.000000,0.000000,0.000000,0.000000,0.000000,3.000000
2026-06-24T22:57:33.007784292Z,1000,per_hit,raw_percent_of_host,api-node1,api-node2,18,22,40,29.000000,18.750000,29.000000,37.500000,100.000000,50.000000,0.000000,0.000000,0.000000,0.000000,0.000000,0.000000,154.555556,407.454545,83.500998,83.402231,3.000000
2026-06-24T22:57:34.007780347Z,1000,per_hit,raw_percent_of_host,api-node1,api-node2,21,20,41,32.000000,18.750000,32.000000,37.500000,100.000000,50.000000,0.000000,0.000000,0.000000,0.000000,0.000000,0.000000,160.095238,236.300000,50.000000,45.244092,3.000000
2026-06-24T22:57:35.007785712Z,1000,per_hit,raw_percent_of_host,api-node1,api-node2,18,24,42,29.292929,18.750000,29.292929,37.500000,100.000000,50.000000,0.000000,0.000000,0.000000,0.000000,0.000000,0.000000,158.277778,324.083333,50.000000,50.000000,3.000000
2026-06-24T22:57:36.007788777Z,1000,per_hit,raw_percent_of_host,api-node1,api-node2,21,22,43,29.292929,18.750000,29.292929,37.500000,100.000000,50.000000,0.000000,0.000000,0.000000,0.000000,0.000000,0.000000,171.333333,368.136364,50.000000,50.000000,3.000000
2026-06-24T22:57:37.007784068Z,1000,per_hit,raw_percent_of_host,api-node1,api-node2,22,22,44,32.673267,18.181818,32.673267,36.363636,100.000000,50.000000,0.000000,0.000000,0.000000,0.000000,0.000000,0.000000,256.090909,337.636364,50.000000,44.845863,3.000000
2026-06-24T22:57:38.007784217Z,1000,per_hit,raw_percent_of_host,api-node1,api-node2,18,27,45,27.000000,18.750000,27.000000,37.500000,100.000000,50.000000,0.000000,0.000000,0.000000,0.000000,0.000000,0.000000,118.722222,355.111111,50.000000,50.000000,3.000000
2026-06-24T22:57:39.007779945Z,1000,per_hit,raw_percent_of_host,api-node1,api-node2,24,22,46,34.343434,18.750000,34.343434,37.500000,100.000000,50.000000,0.000000,0.000000,0.000000,0.000000,0.000000,0.000000,191.250000,340.454545,50.000000,50.000000,3.000000
2026-06-24T22:57:40.007785136Z,1000,per_hit,raw_percent_of_host,api-node1,api-node2,30,17,47,39.000000,18.918919,39.000000,37.837838,100.000000,50.000000,0.000000,0.000000,0.000000,0.000000,0.000000,0.000000,309.866667,268.823529,50.000000,50.000000,3.000000
2026-06-24T22:57:41.0077803Z,1000,per_hit,raw_percent_of_host,api-node1,api-node2,20,27,47,28.000000,18.018018,28.000000,36.036036,100.000000,50.000000,0.000000,0.000000,0.000000,0.000000,0.000000,0.000000,146.800000,450.925926,50.000000,50.000000,3.000000
2026-06-24T22:57:42.007781105Z,1000,per_hit,raw_percent_of_host,api-node1,api-node2,29,19,48,38.000000,20.175439,38.000000,40.350877,100.000000,50.000000,0.000000,0.000000,0.000000,0.000000,0.000000,0.000000,216.241379,298.947368,50.000000,45.454300,3.000000
2026-06-24T22:57:43.007787716Z,1000,per_hit,raw_percent_of_host,api-node1,api-node2,29,20,49,40.594059,18.181818,40.594059,36.363636,100.000000,50.000000,0.000000,0.000000,0.000000,0.000000,0.000000,0.000000,245.586207,432.800000,50.000000,50.000000,3.000000
2026-06-24T22:57:44.007783294Z,1000,per_hit,raw_percent_of_host,api-node1,api-node2,25,24,49,40.404040,20.175439,40.404040,40.350877,100.000000,50.000000,0.000000,0.000000,0.000000,0.000000,0.000000,0.000000,223.280000,354.875000,50.000000,44.742857,3.000000
2026-06-24T22:57:45.007781445Z,1000,per_hit,raw_percent_of_host,api-node1,api-node2,26,24,50,38.383838,18.750000,38.383838,37.500000,100.000000,50.000000,0.000000,0.000000,0.000000,0.000000,0.000000,0.000000,187.653846,414.958333,50.000000,50.000000,3.000000
2026-06-24T22:57:46.007784397Z,1000,per_hit,raw_percent_of_host,api-node1,api-node2,29,21,50,40.000000,18.750000,40.000000,37.500000,100.000000,50.000000,0.000000,0.000000,0.000000,0.000000,0.000000,0.000000,231.241379,327.571429,50.000000,45.458970,3.000000
2026-06-24T22:57:47.007783851Z,1000,per_hit,raw_percent_of_host,api-node1,api-node2,29,21,50,40.594059,18.918919,40.594059,37.837838,100.000000,50.000000,0.000000,0.000000,0.000000,0.000000,0.000000,0.000000,217.310345,449.380952,50.000000,50.000000,3.000000
2026-06-24T22:57:48.007784135Z,1000,per_hit,raw_percent_of_host,api-node1,api-node2,29,21,50,38.613861,18.018018,38.613861,36.036036,100.000000,50.000000,0.000000,0.000000,0.000000,0.000000,0.000000,0.000000,249.068966,407.285714,50.000000,50.000000,3.000000
2026-06-24T22:57:49.007780353Z,1000,per_hit,raw_percent_of_host,api-node1,api-node2,30,20,50,38.613861,18.018018,38.613861,36.036036,100.000000,50.000000,0.000000,0.000000,0.000000,0.000000,0.000000,0.000000,285.166667,270.850000,50.000000,50.000000,3.000000
2026-06-24T22:57:50.007784978Z,1000,per_hit,raw_percent_of_host,api-node1,api-node2,26,24,50,35.643564,18.750000,35.643564,37.500000,100.000000,50.000000,0.000000,0.000000,0.000000,0.000000,0.000000,0.000000,215.884615,318.541667,50.000000,50.000000,3.000000
2026-06-24T22:57:51.007788397Z,1000,per_hit,raw_percent_of_host,api-node1,api-node2,24,25,49,39.603960,22.321429,39.603960,44.642857,100.000000,50.000000,0.000000,0.000000,0.000000,0.000000,0.000000,0.000000,199.125000,318.440000,50.000000,50.000000,3.000000
2026-06-24T22:57:52.007799613Z,1000,per_hit,raw_percent_of_host,api-node1,api-node2,29,20,49,38.235294,18.018018,38.235294,36.036036,100.000000,50.000000,0.000000,0.000000,0.000000,0.000000,0.000000,0.000000,257.172414,383.000000,50.000000,45.599761,3.000000
2026-06-24T22:57:53.007783307Z,1000,per_hit,raw_percent_of_host,api-node1,api-node2,27,22,49,36.633663,18.750000,36.633663,37.500000,100.000000,50.000000,0.000000,0.000000,0.000000,0.000000,0.000000,0.000000,251.148148,437.090909,50.000000,50.000000,3.000000
2026-06-24T22:57:54.00778337Z,1000,per_hit,raw_percent_of_host,api-node1,api-node2,29,20,49,39.603960,19.642857,39.603960,39.285714,100.000000,50.000000,0.000000,0.000000,0.000000,0.000000,0.000000,0.000000,233.793103,289.700000,54.007803,45.236238,3.000000
2026-06-24T22:57:55.007782721Z,1000,per_hit,raw_percent_of_host,api-node1,api-node2,24,24,48,35.353535,19.642857,35.353535,39.285714,100.000000,50.000000,0.000000,0.000000,0.000000,0.000000,0.000000,0.000000,160.916667,332.041667,50.000000,54.125454,3.000000
2026-06-24T22:57:56.007781056Z,1000,per_hit,raw_percent_of_host,api-node1,api-node2,22,25,47,30.000000,18.918919,30.000000,37.837838,100.000000,50.000000,0.000000,0.000000,0.000000,0.000000,0.000000,0.000000,175.090909,424.120000,50.000000,44.637495,3.000000
2026-06-24T22:57:57.007781693Z,1000,per_hit,raw_percent_of_host,api-node1,api-node2,23,24,47,30.303030,18.750000,30.303030,37.500000,100.000000,50.000000,0.000000,0.000000,0.000000,0.000000,0.000000,0.000000,173.478261,437.416667,54.223371,43.303711,3.000000
2026-06-24T22:57:58.007780354Z,1000,per_hit,raw_percent_of_host,api-node1,api-node2,25,21,46,31.000000,18.750000,31.000000,37.500000,100.000000,50.000000,0.000000,0.000000,0.000000,0.000000,0.000000,0.000000,216.280000,386.285714,50.000000,49.674470,3.000000
2026-06-24T22:57:59.007781124Z,1000,per_hit,raw_percent_of_host,api-node1,api-node2,31,14,45,39.603960,18.750000,39.603960,37.500000,100.000000,50.000000,0.000000,0.000000,0.000000,0.000000,0.000000,0.000000,224.387097,265.428571,54.356840,46.220723,3.000000
2026-06-24T22:58:00.007780277Z,1000,per_hit,raw_percent_of_host,api-node1,api-node2,22,22,44,29.591837,18.918919,29.591837,37.837838,100.000000,50.000000,0.000000,0.000000,0.000000,0.000000,0.000000,0.000000,165.090909,360.454545,50.000000,54.520484,3.000000
2026-06-24T22:58:01.007780945Z,1000,per_hit,raw_percent_of_host,api-node1,api-node2,23,20,43,30.000000,18.750000,30.000000,37.500000,100.000000,50.000000,0.000000,0.000000,0.000000,0.000000,0.000000,0.000000,160.434783,308.750000,50.000000,54.636615,3.000000
2026-06-24T22:58:02.007786386Z,1000,per_hit,raw_percent_of_host,api-node1,api-node2,23,19,42,33.333333,18.181818,33.333333,36.363636,100.000000,50.000000,0.000000,0.000000,0.000000,0.000000,0.000000,0.000000,185.739130,260.736842,54.722278,50.000000,3.000000
2026-06-24T22:58:03.007780131Z,1000,per_hit,raw_percent_of_host,api-node1,api-node2,22,19,41,30.612245,18.750000,30.612245,37.500000,100.000000,50.000000,0.000000,0.000000,0.000000,0.000000,0.000000,0.000000,143.681818,312.105263,54.041060,50.000000,3.000000
2026-06-24T22:58:04.007780197Z,1000,per_hit,raw_percent_of_host,api-node1,api-node2,25,15,40,29.000000,20.000000,29.000000,40.000000,100.000000,50.000000,0.000000,0.000000,0.000000,0.000000,0.000000,0.000000,202.000000,237.266667,54.121080,50.000000,3.000000
2026-06-24T22:58:05.007781493Z,1000,per_hit,raw_percent_of_host,api-node1,api-node2,24,15,39,34.343434,16.161616,34.343434,32.323232,100.000000,50.000000,0.000000,0.000000,0.000000,0.000000,0.000000,0.000000,186.625000,189.400000,55.085530,50.000000,3.000000
2026-06-24T22:58:06.007785223Z,1000,per_hit,raw_percent_of_host,api-node1,api-node2,20,18,38,31.683168,18.018018,31.683168,36.036036,100.000000,50.000000,0.000000,0.000000,0.000000,0.000000,0.000000,0.000000,141.050000,286.055556,54.370084,50.000000,3.000000
2026-06-24T22:58:07.00778367Z,1000,per_hit,raw_percent_of_host,api-node1,api-node2,16,21,37,21.000000,18.750000,21.000000,37.500000,100.000000,50.000000,0.000000,0.000000,0.000000,0.000000,0.000000,0.000000,108.000000,304.428571,50.000000,54.485793,3.000000
2026-06-24T22:58:08.007784195Z,1000,per_hit,raw_percent_of_host,api-node1,api-node2,26,10,36,35.353535,15.841584,35.353535,31.683168,100.000000,50.000000,0.000000,0.000000,0.000000,0.000000,0.000000,0.000000,168.230769,146.500000,78.822121,50.000000,3.000000
2026-06-24T22:58:09.007784542Z,1000,per_hit,raw_percent_of_host,api-node1,api-node2,23,12,35,31.683168,15.151515,31.683168,30.303030,100.000000,50.000000,0.000000,0.000000,0.000000,0.000000,0.000000,0.000000,153.521739,173.500000,50.000000,50.000000,3.000000
2026-06-24T22:58:10.007783637Z,1000,per_hit,raw_percent_of_host,api-node1,api-node2,19,15,34,29.000000,16.161616,29.000000,32.323232,100.000000,50.000000,0.000000,0.000000,0.000000,0.000000,0.000000,0.000000,123.263158,258.533333,50.000000,50.000000,3.000000
2026-06-24T22:58:11.007780202Z,1000,per_hit,raw_percent_of_host,api-node1,api-node2,18,15,33,26.000000,18.918919,26.000000,37.837838,100.000000,50.000000,0.000000,0.000000,0.000000,0.000000,0.000000,0.000000,123.555556,254.800000,50.000000,50.000000,3.000000
2026-06-24T22:58:12.007780755Z,1000,per_hit,raw_percent_of_host,api-node1,api-node2,23,9,32,31.000000,11.000000,31.000000,22.000000,100.000000,50.000000,0.000000,0.000000,0.000000,0.000000,0.000000,0.000000,140.869565,116.111111,78.984042,50.000000,3.000000
2026-06-24T22:58:13.007780487Z,1000,per_hit,raw_percent_of_host,api-node1,api-node2,17,15,32,21.000000,20.000000,21.000000,40.000000,100.000000,50.000000,0.000000,0.000000,0.000000,0.000000,0.000000,0.000000,132.411765,253.400000,50.000000,50.000000,3.000000
2026-06-24T22:58:14.007782646Z,1000,per_hit,raw_percent_of_host,api-node1,api-node2,14,17,31,30.303030,18.918919,30.303030,37.837838,100.000000,50.000000,0.000000,0.000000,0.000000,0.000000,0.000000,0.000000,130.214286,346.647059,80.439499,50.000000,3.000000
2026-06-24T22:58:15.007784849Z,1000,per_hit,raw_percent_of_host,api-node1,api-node2,19,11,30,31.000000,15.151515,31.000000,30.303030,100.000000,50.000000,0.000000,0.000000,0.000000,0.000000,0.000000,0.000000,143.473684,190.272727,54.433084,50.000000,3.000000
2026-06-24T22:58:16.007780443Z,1000,per_hit,raw_percent_of_host,api-node1,api-node2,14,16,30,21.000000,20.792079,21.000000,41.584158,100.000000,50.000000,0.000000,0.000000,0.000000,0.000000,0.000000,0.000000,95.000000,222.562500,50.000000,50.000000,3.000000
2026-06-24T22:58:17.00778039Z,1000,per_hit,raw_percent_of_host,api-node1,api-node2,21,9,30,30.303030,15.151515,30.303030,30.303030,100.000000,50.000000,0.000000,0.000000,0.000000,0.000000,0.000000,0.000000,136.904762,156.777778,78.995587,50.000000,3.000000
2026-06-24T22:58:18.007780396Z,1000,per_hit,raw_percent_of_host,api-node1,api-node2,14,16,30,21.000000,18.750000,21.000000,37.500000,100.000000,50.000000,0.000000,0.000000,0.000000,0.000000,0.000000,0.000000,97.357143,354.875000,54.454937,50.000000,3.000000
2026-06-24T22:58:19.007783115Z,1000,per_hit,raw_percent_of_host,api-node1,api-node2,22,8,30,31.000000,12.000000,31.000000,24.000000,100.000000,50.000000,0.000000,0.000000,0.000000,0.000000,0.000000,0.000000,227.136364,108.000000,79.105020,50.000000,3.000000
2026-06-24T22:58:20.007783394Z,1000,per_hit,raw_percent_of_host,api-node1,api-node2,12,18,30,20.202020,20.202020,20.202020,40.404040,100.000000,50.000000,0.000000,0.000000,0.000000,0.000000,0.000000,0.000000,105.916667,235.833333,50.000000,77.036801,3.000000
2026-06-24T22:58:21.007783964Z,1000,per_hit,raw_percent_of_host,api-node1,api-node2,22,9,31,35.353535,15.151515,35.353535,30.303030,100.000000,50.000000,0.000000,0.000000,0.000000,0.000000,0.000000,0.000000,178.045455,128.444444,70.383164,50.918741,3.000000
2026-06-24T22:58:22.007783329Z,1000,per_hit,raw_percent_of_host,api-node1,api-node2,21,10,31,30.303030,15.841584,30.303030,31.683168,100.000000,50.000000,0.000000,0.000000,0.000000,0.000000,0.000000,0.000000,171.904762,128.600000,50.446583,50.785258,3.000000
2026-06-24T22:58:23.007784333Z,1000,per_hit,raw_percent_of_host,api-node1,api-node2,18,13,31,31.313131,21.568627,31.313131,43.137255,100.000000,50.000000,0.000000,0.000000,0.000000,0.000000,0.000000,0.000000,136.666667,229.461538,51.039167,50.000000,3.000000
2026-06-24T22:58:24.007780383Z,1000,per_hit,raw_percent_of_host,api-node1,api-node2,17,15,32,31.000000,17.000000,31.000000,34.000000,100.000000,50.000000,0.000000,0.000000,0.000000,0.000000,0.000000,0.000000,153.529412,196.533333,50.000000,51.080798,3.000000
2026-06-24T22:58:25.007783181Z,1000,per_hit,raw_percent_of_host,api-node1,api-node2,18,15,33,30.303030,18.918919,30.303030,37.837838,100.000000,50.000000,0.000000,0.000000,0.000000,0.000000,0.000000,0.000000,136.166667,284.266667,53.008923,53.034865,3.000000
2026-06-24T22:58:26.007780275Z,1000,per_hit,raw_percent_of_host,api-node1,api-node2,19,14,33,31.313131,16.000000,31.313131,32.000000,100.000000,50.000000,0.000000,0.000000,0.000000,0.000000,0.000000,0.000000,110.473684,202.214286,51.818046,52.483437,3.000000
2026-06-24T22:58:27.007783692Z,1000,per_hit,raw_percent_of_host,api-node1,api-node2,17,17,34,31.000000,16.000000,31.000000,32.000000,100.000000,50.000000,0.000000,0.000000,0.000000,0.000000,0.000000,0.000000,112.941176,182.117647,78.192757,52.310607,3.000000
2026-06-24T22:58:28.007780168Z,1000,per_hit,raw_percent_of_host,api-node1,api-node2,22,13,35,30.303030,16.000000,30.303030,32.000000,100.000000,50.000000,0.000000,0.000000,0.000000,0.000000,0.000000,0.000000,139.272727,181.769231,78.515014,53.380881,3.000000
2026-06-24T22:58:29.007781024Z,1000,per_hit,raw_percent_of_host,api-node1,api-node2,20,16,36,31.372549,18.918919,31.372549,37.837838,100.000000,50.000000,0.000000,0.000000,0.000000,0.000000,0.000000,0.000000,139.900000,249.312500,76.792397,55.206242,3.000000
2026-06-24T22:58:30.007780363Z,1000,per_hit,raw_percent_of_host,api-node1,api-node2,22,15,37,31.000000,18.918919,31.000000,37.837838,100.000000,50.000000,0.000000,0.000000,0.000000,0.000000,0.000000,0.000000,146.045455,200.400000,77.249937,53.797097,3.000000
2026-06-24T22:58:31.007783794Z,1000,per_hit,raw_percent_of_host,api-node1,api-node2,20,18,38,31.000000,18.018018,31.000000,36.036036,100.000000,50.000000,0.000000,0.000000,0.000000,0.000000,0.000000,0.000000,124.950000,325.222222,79.832312,57.028882,3.000000
2026-06-24T22:58:32.007784524Z,1000,per_hit,raw_percent_of_host,api-node1,api-node2,21,18,39,35.353535,20.202020,35.353535,40.404040,100.000000,50.000000,0.000000,0.000000,0.000000,0.000000,0.000000,0.000000,136.238095,224.333333,57.125201,53.872626,3.000000
2026-06-24T22:58:33.007781209Z,1000,per_hit,raw_percent_of_host,api-node1,api-node2,19,21,40,35.353535,19.469027,35.353535,38.938053,100.000000,50.000000,0.000000,0.000000,0.000000,0.000000,0.000000,0.000000,130.000000,331.380952,57.895510,50.000000,3.000000
2026-06-24T22:58:34.007780152Z,1000,per_hit,raw_percent_of_host,api-node1,api-node2,21,20,41,31.683168,18.918919,31.683168,37.837838,100.000000,50.000000,0.000000,0.000000,0.000000,0.000000,0.000000,0.000000,113.190476,291.950000,58.233667,52.746670,3.000000
2026-06-24T22:58:35.007783209Z,1000,per_hit,raw_percent_of_host,api-node1,api-node2,26,16,42,40.000000,18.918919,40.000000,37.837838,100.000000,50.000000,0.000000,0.000000,0.000000,0.000000,0.000000,0.000000,172.615385,239.187500,78.407868,58.873914,3.000000
2026-06-24T22:58:36.007783587Z,1000,per_hit,raw_percent_of_host,api-node1,api-node2,22,21,43,31.372549,18.750000,31.372549,37.500000,100.000000,50.000000,0.000000,0.000000,0.000000,0.000000,0.000000,0.000000,121.909091,264.238095,59.940044,59.278107,3.000000
2026-06-24T22:58:37.007780526Z,1000,per_hit,raw_percent_of_host,api-node1,api-node2,25,19,44,40.000000,19.469027,40.000000,38.938053,100.000000,50.000000,0.000000,0.000000,0.000000,0.000000,0.000000,0.000000,130.160000,174.315789,75.370175,59.642335,3.000000
2026-06-24T22:58:38.007780919Z,1000,per_hit,raw_percent_of_host,api-node1,api-node2,23,22,45,30.303030,18.918919,30.303030,37.837838,100.000000,50.000000,0.000000,0.000000,0.000000,0.000000,0.000000,0.000000,127.391304,357.363636,59.105935,61.055902,3.000000
2026-06-24T22:58:39.007783804Z,1000,per_hit,raw_percent_of_host,api-node1,api-node2,23,23,46,36.000000,18.750000,36.000000,37.500000,100.000000,50.000000,0.000000,0.000000,0.000000,0.000000,0.000000,0.000000,155.086957,237.826087,76.610750,55.768928,3.000000
2026-06-24T22:58:40.007783972Z,1000,per_hit,raw_percent_of_host,api-node1,api-node2,26,21,47,31.000000,18.018018,31.000000,36.036036,100.000000,50.000000,0.000000,0.000000,0.000000,0.000000,0.000000,0.000000,117.923077,268.000000,59.880908,61.167868,3.000000
2026-06-24T22:58:41.00778029Z,1000,per_hit,raw_percent_of_host,api-node1,api-node2,32,16,48,40.594059,18.750000,40.594059,37.500000,100.000000,50.000000,0.000000,0.000000,0.000000,0.000000,0.000000,0.000000,174.250000,168.500000,75.362104,57.521058,3.000000
2026-06-24T22:58:42.007785286Z,1000,per_hit,raw_percent_of_host,api-node1,api-node2,23,25,48,37.000000,19.642857,37.000000,39.285714,100.000000,50.000000,0.000000,0.000000,0.000000,0.000000,0.000000,0.000000,153.913043,287.600000,62.422202,50.000000,3.000000
2026-06-24T22:58:43.007780988Z,1000,per_hit,raw_percent_of_host,api-node1,api-node2,32,17,49,41.000000,20.000000,41.000000,40.000000,100.000000,50.000000,0.000000,0.000000,0.000000,0.000000,0.000000,0.000000,153.718750,235.117647,60.917867,44.094139,3.000000
2026-06-24T22:58:44.007780213Z,1000,per_hit,raw_percent_of_host,api-node1,api-node2,26,23,49,41.000000,18.750000,41.000000,37.500000,100.000000,50.000000,0.000000,0.000000,0.000000,0.000000,0.000000,0.000000,143.423077,221.000000,57.773405,60.134255,3.000000
2026-06-24T22:58:45.007784233Z,1000,per_hit,raw_percent_of_host,api-node1,api-node2,28,22,50,43.434343,18.750000,43.434343,37.500000,100.000000,50.000000,0.000000,0.000000,0.000000,0.000000,0.000000,0.000000,126.785714,294.636364,60.549829,50.000000,3.000000
2026-06-24T22:58:46.007782902Z,1000,per_hit,raw_percent_of_host,api-node1,api-node2,29,21,50,41.176471,19.642857,41.176471,39.285714,100.000000,50.000000,0.000000,0.000000,0.000000,0.000000,0.000000,0.000000,155.758621,276.142857,61.237938,56.392276,3.000000
2026-06-24T22:58:47.007781234Z,1000,per_hit,raw_percent_of_host,api-node1,api-node2,29,21,50,40.404040,18.018018,40.404040,36.036036,100.000000,50.000000,0.000000,0.000000,0.000000,0.000000,0.000000,0.000000,169.344828,250.190476,62.793988,63.303716,3.000000
2026-06-24T22:58:48.007781391Z,1000,per_hit,raw_percent_of_host,api-node1,api-node2,24,26,50,40.404040,18.750000,40.404040,37.500000,100.000000,50.000000,0.000000,0.000000,0.000000,0.000000,0.000000,0.000000,123.541667,450.076923,62.566513,62.632817,3.000000
2026-06-24T22:58:49.007785191Z,1000,per_hit,raw_percent_of_host,api-node1,api-node2,33,17,50,40.594059,18.018018,40.594059,36.036036,100.000000,50.000000,0.000000,0.000000,0.000000,0.000000,0.000000,0.000000,143.939394,217.176471,62.574377,44.573184,3.000000
2026-06-24T22:58:50.007781312Z,1000,per_hit,raw_percent_of_host,api-node1,api-node2,24,26,50,40.404040,19.642857,40.404040,39.285714,100.000000,50.000000,0.000000,0.000000,0.000000,0.000000,0.000000,0.000000,161.791667,277.807692,62.369052,62.350348,3.000000
2026-06-24T22:58:51.007780432Z,1000,per_hit,raw_percent_of_host,api-node1,api-node2,26,23,49,36.000000,20.909091,36.000000,41.818182,100.000000,50.000000,0.000000,0.000000,0.000000,0.000000,0.000000,0.000000,190.192308,252.956522,56.186569,44.157360,3.000000
2026-06-24T22:58:52.007781242Z,1000,per_hit,raw_percent_of_host,api-node1,api-node2,31,18,49,40.000000,18.750000,40.000000,37.500000,100.000000,50.000000,0.000000,0.000000,0.000000,0.000000,0.000000,0.000000,188.000000,247.722222,81.795468,61.043643,3.000000
2026-06-24T22:58:53.007784748Z,1000,per_hit,raw_percent_of_host,api-node1,api-node2,27,22,49,41.176471,18.750000,41.176471,37.500000,100.000000,50.000000,0.000000,0.000000,0.000000,0.000000,0.000000,0.000000,152.888889,296.681818,61.556593,50.000000,3.000000
2026-06-24T22:58:54.007784527Z,1000,per_hit,raw_percent_of_host,api-node1,api-node2,30,19,49,40.594059,18.018018,40.594059,36.036036,100.000000,50.000000,0.000000,0.000000,0.000000,0.000000,0.000000,0.000000,167.100000,208.000000,60.888042,62.043170,3.000000
2026-06-24T22:58:55.00778045Z,1000,per_hit,raw_percent_of_host,api-node1,api-node2,26,22,48,37.373737,18.918919,37.373737,37.837838,100.000000,50.000000,0.000000,0.000000,0.000000,0.000000,0.000000,0.000000,170.500000,238.571429,61.956919,62.515888,3.000000
2026-06-24T22:58:56.007781416Z,1000,per_hit,raw_percent_of_host,api-node1,api-node2,30,17,47,41.176471,19.469027,41.176471,38.938053,100.000000,50.000000,0.000000,0.000000,0.000000,0.000000,0.000000,0.000000,193.500000,190.529412,60.079375,61.031413,3.000000
2026-06-24T22:58:57.007789584Z,1000,per_hit,raw_percent_of_host,api-node1,api-node2,17,30,47,40.000000,18.018018,40.000000,36.036036,100.000000,50.000000,0.000000,3.000000,0.000000,0.000000,0.000000,3.000000,127.941176,389.037037,61.661333,61.857736,3.000000
2026-06-24T22:58:58.007783795Z,1000,per_hit,raw_percent_of_host,api-node1,api-node2,31,15,46,40.000000,20.202020,40.000000,40.404040,100.000000,50.000000,0.000000,0.000000,0.000000,0.000000,0.000000,0.000000,204.548387,194.500000,60.674478,57.057779,3.000000
2026-06-24T22:58:59.007780439Z,1000,per_hit,raw_percent_of_host,api-node1,api-node2,26,19,45,36.000000,18.750000,36.000000,37.500000,100.000000,50.000000,0.000000,0.000000,0.000000,0.000000,0.000000,0.000000,149.923077,197.157895,58.754628,61.009274,3.000000
2026-06-24T22:59:00.007783401Z,1000,per_hit,raw_percent_of_host,api-node1,api-node2,19,25,44,30.303030,18.918919,30.303030,37.837838,100.000000,50.000000,0.000000,0.000000,0.000000,0.000000,0.000000,0.000000,104.368421,253.920000,57.406262,56.695382,3.000000
2026-06-24T22:59:01.007780377Z,1000,per_hit,raw_percent_of_host,api-node1,api-node2,22,20,42,30.693069,18.918919,30.693069,37.837838,100.000000,50.000000,0.000000,0.000000,0.000000,0.000000,0.000000,0.000000,157.863636,344.600000,55.860765,58.768321,3.000000
2026-06-24T22:59:02.007780961Z,1000,per_hit,raw_percent_of_host,api-node1,api-node2,27,15,42,35.353535,20.792079,35.353535,41.584158,100.000000,50.000000,0.000000,0.000000,0.000000,0.000000,0.000000,0.000000,155.370370,144.866667,72.381971,58.255053,3.000000
2026-06-24T22:59:03.00778098Z,1000,per_hit,raw_percent_of_host,api-node1,api-node2,27,14,41,40.404040,18.918919,40.404040,37.837838,100.000000,50.000000,0.000000,0.000000,0.000000,0.000000,0.000000,0.000000,221.666667,191.714286,58.411307,58.642830,3.000000
2026-06-24T22:59:04.007784215Z,1000,per_hit,raw_percent_of_host,api-node1,api-node2,20,20,40,31.000000,18.750000,31.000000,37.500000,100.000000,50.000000,0.000000,0.000000,0.000000,0.000000,0.000000,0.000000,117.400000,301.950000,58.441892,59.072801,3.000000
2026-06-24T22:59:05.00777987Z,1000,per_hit,raw_percent_of_host,api-node1,api-node2,26,13,39,36.633663,16.000000,36.633663,32.000000,100.000000,50.000000,0.000000,0.000000,0.000000,0.000000,0.000000,0.000000,129.961538,125.076923,75.320541,58.907755,3.000000
2026-06-24T22:59:06.007782318Z,1000,per_hit,raw_percent_of_host,api-node1,api-node2,19,19,38,31.000000,19.469027,31.000000,38.938053,100.000000,50.000000,0.000000,0.000000,0.000000,0.000000,0.000000,0.000000,141.368421,201.578947,57.116609,75.554480,3.000000
2026-06-24T22:59:07.007783481Z,1000,per_hit,raw_percent_of_host,api-node1,api-node2,21,16,37,30.693069,19.642857,30.693069,39.285714,100.000000,50.000000,0.000000,0.000000,0.000000,0.000000,0.000000,0.000000,126.523810,155.250000,61.001129,56.405243,3.000000
2026-06-24T22:59:08.007780235Z,1000,per_hit,raw_percent_of_host,api-node1,api-node2,22,14,36,31.000000,21.000000,31.000000,42.000000,100.000000,50.000000,0.000000,0.000000,0.000000,0.000000,0.000000,0.000000,118.000000,204.714286,77.139411,58.524756,3.000000
2026-06-24T22:59:09.007780253Z,1000,per_hit,raw_percent_of_host,api-node1,api-node2,15,20,35,30.303030,18.750000,30.303030,37.500000,100.000000,50.000000,0.000000,0.000000,0.000000,0.000000,0.000000,0.000000,109.133333,233.700000,77.824818,56.393562,3.000000
2026-06-24T22:59:10.007780202Z,1000,per_hit,raw_percent_of_host,api-node1,api-node2,14,20,34,30.303030,18.750000,30.303030,37.500000,100.000000,50.000000,0.000000,0.000000,0.000000,0.000000,0.000000,0.000000,98.857143,246.350000,78.138007,54.987290,3.000000
2026-06-24T22:59:11.007784323Z,1000,per_hit,raw_percent_of_host,api-node1,api-node2,14,19,33,30.303030,18.750000,30.303030,37.500000,100.000000,50.000000,0.000000,0.000000,0.000000,0.000000,0.000000,0.000000,107.285714,181.368421,79.088862,54.602126,3.000000
2026-06-24T22:59:12.007780375Z,1000,per_hit,raw_percent_of_host,api-node1,api-node2,15,17,32,31.000000,18.918919,31.000000,37.837838,100.000000,50.000000,0.000000,0.000000,0.000000,0.000000,0.000000,0.000000,89.533333,288.941176,77.532169,50.000000,3.000000
2026-06-24T22:59:13.007780239Z,1000,per_hit,raw_percent_of_host,api-node1,api-node2,20,12,32,30.612245,21.782178,30.612245,43.564356,100.000000,50.000000,0.000000,0.000000,0.000000,0.000000,0.000000,0.000000,119.650000,162.833333,75.605618,56.533927,3.000000
2026-06-24T22:59:14.0077804Z,1000,per_hit,raw_percent_of_host,api-node1,api-node2,12,11,23,31.313131,19.191919,31.313131,38.383838,100.000000,50.000000,0.000000,0.000000,0.000000,0.000000,0.000000,0.000000,97.250000,136.636364,79.253866,58.374216,3.000000
2026-06-24T22:59:15.007780281Z,1000,per_hit,raw_percent_of_host,api-node1,api-node2,23,16,39,41.747573,18.918919,41.747573,37.837838,100.000000,50.000000,0.000000,0.000000,0.000000,0.000000,0.000000,0.000000,128.869565,154.187500,73.465693,59.582455,3.000000
2026-06-24T22:59:16.007783626Z,1000,per_hit,raw_percent_of_host,api-node1,api-node2,14,16,30,40.000000,19.469027,40.000000,38.938053,100.000000,50.000000,0.000000,0.000000,0.000000,0.000000,0.000000,0.000000,90.428571,143.062500,81.678597,75.257276,3.000000
2026-06-24T22:59:17.007784504Z,1000,per_hit,raw_percent_of_host,api-node1,api-node2,15,15,30,40.594059,18.181818,40.594059,36.363636,100.000000,50.000000,0.000000,0.000000,0.000000,0.000000,0.000000,0.000000,92.933333,150.933333,78.258864,76.549182,3.000000
2026-06-24T22:59:18.007790369Z,1000,per_hit,raw_percent_of_host,api-node1,api-node2,15,15,30,37.755102,18.750000,37.755102,37.500000,100.000000,50.000000,0.000000,0.000000,0.000000,0.000000,0.000000,0.000000,71.200000,178.133333,83.404118,75.541211,3.000000
2026-06-24T22:59:19.007783812Z,1000,per_hit,raw_percent_of_host,api-node1,api-node2,10,20,30,31.000000,18.750000,31.000000,37.500000,100.000000,50.000000,0.000000,0.000000,0.000000,0.000000,0.000000,0.000000,88.000000,172.050000,81.075540,80.893588,3.000000
2026-06-24T22:59:20.007783473Z,1000,per_hit,raw_percent_of_host,api-node1,api-node2,15,15,30,40.594059,18.750000,40.594059,37.500000,100.000000,50.000000,0.000000,0.000000,0.000000,0.000000,0.000000,0.000000,72.133333,179.933333,80.975833,56.461678,3.000000
2026-06-24T22:59:21.007780705Z,1000,per_hit,raw_percent_of_host,api-node1,api-node2,14,17,31,40.594059,18.750000,40.594059,37.500000,100.000000,50.000000,0.000000,0.000000,0.000000,0.000000,0.000000,0.000000,75.571429,189.705882,83.398601,71.715525,3.000000
2026-06-24T22:59:22.007780586Z,1000,per_hit,raw_percent_of_host,api-node1,api-node2,13,18,31,40.404040,19.642857,40.404040,39.285714,100.000000,50.000000,0.000000,0.000000,0.000000,0.000000,0.000000,0.000000,70.307692,253.277778,81.988967,75.122495,3.000000
2026-06-24T22:59:23.007780606Z,1000,per_hit,raw_percent_of_host,api-node1,api-node2,15,16,31,41.000000,18.018018,41.000000,36.036036,100.000000,50.000000,0.000000,0.000000,0.000000,0.000000,0.000000,0.000000,98.066667,164.375000,79.853178,76.211566,3.000000
2026-06-24T22:59:24.00778418Z,1000,per_hit,raw_percent_of_host,api-node1,api-node2,20,12,32,40.594059,18.750000,40.594059,37.500000,100.000000,50.000000,0.000000,0.000000,0.000000,0.000000,0.000000,0.000000,91.100000,161.500000,81.080402,62.304366,3.000000
2026-06-24T22:59:25.007781225Z,1000,per_hit,raw_percent_of_host,api-node1,api-node2,17,16,33,40.594059,18.181818,40.594059,36.363636,100.000000,50.000000,0.000000,0.000000,0.000000,0.000000,0.000000,0.000000,103.647059,139.625000,82.379900,74.836200,3.000000
2026-06-24T22:59:26.007780071Z,1000,per_hit,raw_percent_of_host,api-node1,api-node2,20,14,34,41.000000,19.469027,41.000000,38.938053,100.000000,50.000000,0.000000,0.000000,0.000000,0.000000,0.000000,0.000000,120.450000,147.357143,77.215391,78.850133,3.000000
2026-06-24T22:59:27.007784761Z,1000,per_hit,raw_percent_of_host,api-node1,api-node2,18,16,34,40.196078,18.918919,40.196078,37.837838,100.000000,50.000000,0.000000,0.000000,0.000000,0.000000,0.000000,0.000000,102.888889,245.812500,79.733119,72.789278,3.000000
2026-06-24T22:59:28.007780972Z,1000,per_hit,raw_percent_of_host,api-node1,api-node2,15,20,35,38.000000,18.918919,38.000000,37.837838,100.000000,50.000000,0.000000,0.000000,0.000000,0.000000,0.000000,0.000000,90.000000,303.800000,81.395475,75.108251,3.000000
2026-06-24T22:59:29.007789271Z,1000,per_hit,raw_percent_of_host,api-node1,api-node2,19,17,36,40.000000,19.469027,40.000000,38.938053,100.000000,50.000000,0.000000,0.000000,0.000000,0.000000,0.000000,0.000000,90.684211,162.705882,78.185050,70.236651,3.000000
2026-06-24T22:59:30.007780322Z,1000,per_hit,raw_percent_of_host,api-node1,api-node2,22,15,37,40.000000,18.181818,40.000000,36.363636,100.000000,50.000000,0.000000,0.000000,0.000000,0.000000,0.000000,0.000000,117.318182,159.333333,71.393150,67.777781,3.000000
2026-06-24T22:59:31.00778418Z,1000,per_hit,raw_percent_of_host,api-node1,api-node2,17,21,38,40.594059,19.642857,40.594059,39.285714,100.000000,50.000000,0.000000,0.000000,0.000000,0.000000,0.000000,0.000000,85.000000,184.761905,82.712006,79.690171,3.000000
2026-06-24T22:59:32.007780353Z,1000,per_hit,raw_percent_of_host,api-node1,api-node2,18,21,39,41.584158,19.469027,41.584158,38.938053,100.000000,50.000000,0.000000,0.000000,0.000000,0.000000,0.000000,0.000000,100.500000,174.380952,82.608074,67.845901,3.000000
2026-06-24T22:59:33.007781147Z,1000,per_hit,raw_percent_of_host,api-node1,api-node2,23,17,40,40.594059,18.181818,40.594059,36.363636,100.000000,50.000000,0.000000,0.000000,0.000000,0.000000,0.000000,0.000000,115.565217,146.941176,72.801561,56.567764,3.000000
2026-06-24T22:59:34.00778308Z,1000,per_hit,raw_percent_of_host,api-node1,api-node2,19,22,41,40.000000,18.750000,40.000000,37.500000,100.000000,50.000000,0.000000,0.000000,0.000000,0.000000,0.000000,0.000000,90.052632,207.636364,71.893111,80.388404,3.000000
2026-06-24T22:59:35.007779996Z,1000,per_hit,raw_percent_of_host,api-node1,api-node2,24,18,42,40.594059,18.918919,40.594059,37.837838,100.000000,50.000000,0.000000,0.000000,0.000000,0.000000,0.000000,0.000000,129.041667,163.111111,82.848498,69.852238,3.000000
2026-06-24T22:59:36.00778087Z,1000,per_hit,raw_percent_of_host,api-node1,api-node2,20,23,43,40.776699,18.750000,40.776699,37.500000,100.000000,50.000000,0.000000,0.000000,0.000000,0.000000,0.000000,0.000000,104.500000,197.739130,79.261134,68.534195,3.000000
2026-06-24T22:59:37.007783414Z,1000,per_hit,raw_percent_of_host,api-node1,api-node2,29,15,44,40.000000,18.181818,40.000000,36.363636,100.000000,50.000000,0.000000,0.000000,0.000000,0.000000,0.000000,0.000000,122.068966,148.733333,76.953053,53.087327,3.000000
2026-06-24T22:59:38.007784121Z,1000,per_hit,raw_percent_of_host,api-node1,api-node2,22,23,45,40.594059,18.750000,40.594059,37.500000,100.000000,50.000000,0.000000,0.000000,0.000000,0.000000,0.000000,0.000000,128.681818,214.565217,74.392309,76.687987,3.000000
2026-06-24T22:59:39.007783634Z,1000,per_hit,raw_percent_of_host,api-node1,api-node2,25,21,46,38.613861,18.018018,38.613861,36.036036,100.000000,50.000000,0.000000,0.000000,0.000000,0.000000,0.000000,0.000000,122.480000,173.476190,71.396570,55.532862,3.000000
2026-06-24T22:59:40.007785253Z,1000,per_hit,raw_percent_of_host,api-node1,api-node2,22,25,47,40.000000,18.750000,40.000000,37.500000,100.000000,50.000000,0.000000,0.000000,0.000000,0.000000,0.000000,0.000000,98.363636,242.360000,74.045369,48.792351,3.000000
2026-06-24T22:59:41.007781005Z,1000,per_hit,raw_percent_of_host,api-node1,api-node2,25,23,48,40.594059,18.018018,40.594059,36.036036,100.000000,50.000000,0.000000,0.000000,0.000000,0.000000,0.000000,0.000000,116.680000,244.565217,69.392540,46.665760,3.000000
2026-06-24T22:59:42.007780868Z,1000,per_hit,raw_percent_of_host,api-node1,api-node2,32,16,48,41.176471,18.018018,41.176471,36.036036,100.000000,50.000000,0.000000,0.000000,0.000000,0.000000,0.000000,0.000000,155.343750,158.375000,71.882080,47.988624,3.000000
2026-06-24T22:59:43.007783468Z,1000,per_hit,raw_percent_of_host,api-node1,api-node2,24,25,49,40.594059,18.750000,40.594059,37.500000,100.000000,50.000000,0.000000,0.000000,0.000000,0.000000,0.000000,0.000000,106.541667,208.120000,69.422107,66.170890,3.000000
2026-06-24T22:59:44.00778126Z,1000,per_hit,raw_percent_of_host,api-node1,api-node2,29,20,49,40.594059,18.018018,40.594059,36.036036,100.000000,50.000000,0.000000,0.000000,0.000000,0.000000,0.000000,0.000000,146.068966,174.050000,75.171368,54.827953,3.000000
2026-06-24T22:59:45.007781075Z,1000,per_hit,raw_percent_of_host,api-node1,api-node2,24,26,50,40.404040,18.750000,40.404040,37.500000,100.000000,50.000000,0.000000,1.000000,0.000000,0.000000,0.000000,1.000000,116.791667,201.920000,68.079897,67.634518,3.000000
2026-06-24T22:59:46.007784107Z,1000,per_hit,raw_percent_of_host,api-node1,api-node2,25,25,50,36.274510,18.018018,36.274510,36.036036,100.000000,50.000000,0.000000,0.000000,0.000000,0.000000,0.000000,0.000000,147.960000,235.692308,76.126886,41.267929,3.000000
2026-06-24T22:59:47.00778281Z,1000,per_hit,raw_percent_of_host,api-node1,api-node2,29,21,50,40.000000,19.642857,40.000000,39.285714,100.000000,50.000000,0.000000,0.000000,0.000000,0.000000,0.000000,0.000000,127.310345,210.523810,71.018610,49.652461,3.000000
2026-06-24T22:59:48.007781083Z,1000,per_hit,raw_percent_of_host,api-node1,api-node2,29,21,50,40.000000,18.018018,40.000000,36.036036,100.000000,50.000000,0.000000,0.000000,0.000000,0.000000,0.000000,0.000000,157.931034,172.571429,76.069526,43.913711,3.000000
2026-06-24T22:59:49.007783865Z,1000,per_hit,raw_percent_of_host,api-node1,api-node2,23,27,50,15.306122,5.681818,15.306122,11.363636,100.000000,50.000000,0.000000,6.000000,0.000000,0.000000,0.000000,6.000000,119.173913,278.809524,73.188754,69.354427,3.000000
2026-06-24T22:59:50.007780441Z,1000,per_hit,raw_percent_of_host,api-node1,api-node2,29,21,50,41.176471,18.750000,41.176471,37.500000,100.000000,50.000000,0.000000,0.000000,0.000000,0.000000,0.000000,0.000000,127.517241,257.296296,72.000557,45.632920,3.000000
2026-06-24T22:59:51.007791319Z,1000,per_hit,raw_percent_of_host,api-node1,api-node2,25,25,50,41.000000,21.428571,41.000000,42.857143,100.000000,50.000000,0.000000,0.000000,0.000000,0.000000,0.000000,0.000000,123.560000,216.320000,72.347518,70.436381,3.000000
2026-06-24T22:59:52.007784347Z,1000,per_hit,raw_percent_of_host,api-node1,api-node2,31,18,49,40.000000,19.469027,40.000000,38.938053,100.000000,50.000000,0.000000,0.000000,0.000000,0.000000,0.000000,0.000000,185.806452,157.055556,75.241996,47.662961,3.000000
2026-06-24T22:59:53.00778484Z,1000,per_hit,raw_percent_of_host,api-node1,api-node2,23,26,49,40.594059,18.750000,40.594059,37.500000,100.000000,50.000000,0.000000,0.000000,0.000000,0.000000,0.000000,0.000000,103.217391,193.192308,68.085512,62.859163,3.000000
2026-06-24T22:59:54.007780255Z,1000,per_hit,raw_percent_of_host,api-node1,api-node2,29,19,48,40.000000,18.750000,40.000000,37.500000,100.000000,50.000000,0.000000,0.000000,0.000000,0.000000,0.000000,0.000000,122.448276,218.105263,75.341620,43.737732,3.000000
2026-06-24T22:59:55.007780357Z,1000,per_hit,raw_percent_of_host,api-node1,api-node2,23,24,47,40.000000,19.642857,40.000000,39.285714,100.000000,50.000000,0.000000,2.000000,0.000000,0.000000,0.000000,2.000000,106.478261,227.136364,69.973712,65.064854,3.000000
2026-06-24T22:59:56.00778094Z,1000,per_hit,raw_percent_of_host,api-node1,api-node2,25,21,46,41.000000,19.819820,41.000000,39.639640,100.000000,50.000000,0.000000,0.000000,0.000000,0.000000,0.000000,0.000000,96.760000,217.173913,80.588971,68.917308,3.000000
2026-06-24T22:59:57.007783628Z,1000,per_hit,raw_percent_of_host,api-node1,api-node2,25,21,46,41.000000,18.918919,41.000000,37.837838,100.000000,50.000000,0.000000,0.000000,0.000000,0.000000,0.000000,0.000000,137.760000,182.238095,80.378154,55.208039,3.000000
2026-06-24T22:59:58.007784343Z,1000,per_hit,raw_percent_of_host,api-node1,api-node2,23,23,46,40.594059,18.750000,40.594059,37.500000,100.000000,50.000000,0.000000,0.000000,0.000000,0.000000,0.000000,0.000000,123.043478,207.521739,68.467988,62.035607,3.000000
2026-06-24T22:59:59.007789938Z,1000,per_hit,raw_percent_of_host,api-node1,api-node2,24,20,44,40.776699,18.750000,40.776699,37.500000,100.000000,50.000000,0.000000,0.000000,0.000000,0.000000,0.000000,0.000000,113.916667,175.800000,74.426606,59.596376,3.000000
2026-06-24T23:00:00.007780742Z,1000,per_hit,raw_percent_of_host,api-node1,api-node2,28,16,44,40.000000,18.918919,40.000000,37.837838,100.000000,50.000000,0.000000,0.000000,0.000000,0.000000,0.000000,0.000000,146.250000,165.562500,78.553851,69.537062,3.000000
2026-06-24T23:00:01.007780202Z,1000,per_hit,raw_percent_of_host,api-node1,api-node2,27,15,42,40.000000,18.750000,40.000000,37.500000,100.000000,50.000000,0.000000,0.000000,0.000000,0.000000,0.000000,0.000000,132.037037,183.800000,59.584536,67.513008,3.000000
2026-06-24T23:00:02.00778452Z,1000,per_hit,raw_percent_of_host,api-node1,api-node2,21,21,42,41.176471,19.469027,41.176471,38.938053,100.000000,50.000000,0.000000,0.000000,0.000000,0.000000,0.000000,0.000000,107.190476,232.095238,72.286620,65.718350,3.000000
2026-06-24T23:00:03.007785475Z,1000,per_hit,raw_percent_of_host,api-node1,api-node2,21,20,41,42.000000,18.918919,42.000000,37.837838,100.000000,50.000000,0.000000,0.000000,0.000000,0.000000,0.000000,0.000000,112.380952,171.950000,79.265401,51.422050,3.000000
2026-06-24T23:00:04.007784326Z,1000,per_hit,raw_percent_of_host,api-node1,api-node2,17,23,40,40.000000,18.750000,40.000000,37.500000,100.000000,50.000000,0.000000,0.000000,0.000000,0.000000,0.000000,0.000000,79.705882,252.347826,74.376342,50.411855,3.000000
2026-06-24T23:00:05.00777995Z,1000,per_hit,raw_percent_of_host,api-node1,api-node2,26,12,38,40.404040,18.018018,40.404040,36.036036,100.000000,50.000000,0.000000,0.000000,0.000000,0.000000,0.000000,0.000000,109.692308,130.666667,77.221837,49.417489,3.000000
2026-06-24T23:00:06.007780582Z,1000,per_hit,raw_percent_of_host,api-node1,api-node2,23,15,38,41.176471,18.918919,41.176471,37.837838,100.000000,50.000000,0.000000,0.000000,0.000000,0.000000,0.000000,0.000000,108.478261,118.666667,76.914198,80.325010,3.000000
2026-06-24T23:00:07.007783604Z,1000,per_hit,raw_percent_of_host,api-node1,api-node2,21,16,37,40.000000,18.750000,40.000000,37.500000,100.000000,50.000000,0.000000,0.000000,0.000000,0.000000,0.000000,0.000000,101.900000,181.437500,77.338225,65.150032,3.000000
2026-06-24T23:00:08.007783804Z,1000,per_hit,raw_percent_of_host,api-node1,api-node2,18,18,36,40.594059,18.918919,40.594059,37.837838,100.000000,50.000000,0.000000,0.000000,0.000000,0.000000,0.000000,0.000000,74.555556,164.555556,82.446161,58.486148,3.000000
2026-06-24T23:00:09.007784595Z,1000,per_hit,raw_percent_of_host,api-node1,api-node2,13,22,35,40.594059,18.750000,40.594059,37.500000,100.000000,50.000000,0.000000,0.000000,0.000000,0.000000,0.000000,0.000000,93.076923,167.136364,82.161455,69.551254,3.000000
2026-06-24T23:00:10.007781746Z,1000,per_hit,raw_percent_of_host,api-node1,api-node2,16,18,34,40.000000,18.018018,40.000000,36.036036,100.000000,50.000000,0.000000,0.000000,0.000000,0.000000,0.000000,0.000000,93.750000,171.111111,79.505806,80.694107,3.000000
2026-06-24T23:00:11.007781656Z,1000,per_hit,raw_percent_of_host,api-node1,api-node2,15,18,33,40.776699,19.469027,40.776699,38.938053,100.000000,50.000000,0.000000,0.000000,0.000000,0.000000,0.000000,0.000000,100.200000,179.888889,80.533902,59.411727,3.000000
2026-06-24T23:00:12.007781353Z,1000,per_hit,raw_percent_of_host,api-node1,api-node2,14,18,32,38.000000,18.750000,38.000000,37.500000,100.000000,50.000000,0.000000,0.000000,0.000000,0.000000,0.000000,0.000000,67.285714,171.611111,81.891246,78.481904,3.000000
2026-06-24T23:00:13.007781259Z,1000,per_hit,raw_percent_of_host,api-node1,api-node2,18,14,32,41.176471,18.750000,41.176471,37.500000,100.000000,50.000000,0.000000,0.000000,0.000000,0.000000,0.000000,0.000000,83.333333,160.071429,82.140305,81.147690,3.000000
2026-06-24T23:00:14.007780262Z,1000,per_hit,raw_percent_of_host,api-node1,api-node2,19,12,31,39.603960,18.750000,39.603960,37.500000,100.000000,50.000000,0.000000,0.000000,0.000000,0.000000,0.000000,0.000000,93.842105,141.750000,80.239791,82.451068,3.000000
2026-06-24T23:00:15.00778108Z,1000,per_hit,raw_percent_of_host,api-node1,api-node2,18,13,31,41.176471,18.918919,41.176471,37.837838,100.000000,50.000000,0.000000,0.000000,0.000000,0.000000,0.000000,0.000000,117.833333,169.307692,77.004148,66.910767,3.000000
2026-06-24T23:00:16.007783749Z,1000,per_hit,raw_percent_of_host,api-node1,api-node2,18,12,30,40.000000,20.000000,40.000000,40.000000,100.000000,50.000000,0.000000,0.000000,0.000000,0.000000,0.000000,0.000000,101.666667,110.916667,79.361222,68.950825,3.000000
2026-06-24T23:00:17.007781103Z,1000,per_hit,raw_percent_of_host,api-node1,api-node2,9,21,30,33.000000,18.181818,33.000000,36.363636,100.000000,50.000000,0.000000,0.000000,0.000000,0.000000,0.000000,0.000000,66.555556,310.952381,70.193660,70.782120,3.000000
2026-06-24T23:00:18.007783635Z,1000,per_hit,raw_percent_of_host,api-node1,api-node2,16,14,30,41.747573,18.750000,41.747573,37.500000,100.000000,50.000000,0.000000,0.000000,0.000000,0.000000,0.000000,0.000000,94.750000,116.642857,77.768059,68.378297,3.000000
2026-06-24T23:00:19.007780805Z,1000,per_hit,raw_percent_of_host,api-node1,api-node2,14,16,30,40.594059,18.750000,40.594059,37.500000,100.000000,50.000000,0.000000,0.000000,0.000000,0.000000,0.000000,0.000000,96.071429,155.812500,77.994464,66.874617,3.000000
2026-06-24T23:00:20.007784285Z,1000,per_hit,raw_percent_of_host,api-node1,api-node2,12,18,30,37.755102,18.918919,37.755102,37.837838,100.000000,50.000000,0.000000,0.000000,0.000000,0.000000,0.000000,0.000000,68.833333,170.611111,81.170802,79.882377,3.000000
2026-06-24T23:00:21.007781718Z,1000,per_hit,raw_percent_of_host,api-node1,api-node2,19,12,31,42.574257,15.151515,42.574257,30.303030,100.000000,50.000000,0.000000,0.000000,0.000000,0.000000,0.000000,0.000000,80.000000,160.916667,83.186524,77.853331,3.000000
2026-06-24T23:00:22.007781051Z,1000,per_hit,raw_percent_of_host,api-node1,api-node2,14,17,31,40.000000,19.469027,40.000000,38.938053,100.000000,50.000000,0.000000,0.000000,0.000000,0.000000,0.000000,0.000000,77.000000,159.823529,83.131495,71.236518,3.000000
2026-06-24T23:00:23.00778135Z,1000,per_hit,raw_percent_of_host,api-node1,api-node2,14,18,32,39.000000,18.181818,39.000000,36.363636,100.000000,50.000000,0.000000,0.000000,0.000000,0.000000,0.000000,0.000000,82.428571,154.277778,82.392477,78.405256,3.000000
2026-06-24T23:00:24.007780847Z,1000,per_hit,raw_percent_of_host,api-node1,api-node2,14,18,32,40.000000,18.750000,40.000000,37.500000,100.000000,50.000000,0.000000,0.000000,0.000000,0.000000,0.000000,0.000000,81.857143,134.555556,81.898658,68.906212,3.000000
2026-06-24T23:00:25.007781163Z,1000,per_hit,raw_percent_of_host,api-node1,api-node2,13,20,33,40.594059,18.918919,40.594059,37.837838,100.000000,50.000000,0.000000,0.000000,0.000000,0.000000,0.000000,0.000000,82.230769,162.500000,81.389883,72.180609,3.000000
2026-06-24T23:00:26.007781534Z,1000,per_hit,raw_percent_of_host,api-node1,api-node2,23,11,34,41.176471,18.750000,41.176471,37.500000,100.000000,50.000000,0.000000,0.000000,0.000000,0.000000,0.000000,0.000000,100.739130,140.454545,80.988400,51.898334,3.000000
2026-06-24T23:00:27.007780265Z,1000,per_hit,raw_percent_of_host,api-node1,api-node2,19,15,34,39.603960,18.918919,39.603960,37.837838,100.000000,50.000000,0.000000,0.000000,0.000000,0.000000,0.000000,0.000000,92.842105,162.266667,78.617607,66.223886,3.000000
2026-06-24T23:00:28.007781545Z,1000,per_hit,raw_percent_of_host,api-node1,api-node2,15,20,35,39.000000,18.018018,39.000000,36.036036,100.000000,50.000000,0.000000,0.000000,0.000000,0.000000,0.000000,0.000000,75.400000,209.400000,80.680468,79.783803,3.000000
2026-06-24T23:00:29.007779945Z,1000,per_hit,raw_percent_of_host,api-node1,api-node2,19,17,36,40.196078,20.869565,40.196078,41.739130,100.000000,50.000000,0.000000,0.000000,0.000000,0.000000,0.000000,0.000000,101.631579,135.058824,80.490920,50.959268,3.000000
2026-06-24T23:00:30.007783523Z,1000,per_hit,raw_percent_of_host,api-node1,api-node2,14,23,37,35.294118,18.181818,35.294118,36.363636,100.000000,50.000000,0.000000,0.000000,0.000000,0.000000,0.000000,0.000000,85.714286,212.608696,79.852356,77.645151,3.000000
2026-06-24T23:00:31.007783927Z,1000,per_hit,raw_percent_of_host,api-node1,api-node2,22,16,38,40.000000,18.750000,40.000000,37.500000,100.000000,50.000000,0.000000,0.000000,0.000000,0.000000,0.000000,0.000000,88.909091,139.750000,81.016132,68.878529,3.000000
2026-06-24T23:00:32.007780552Z,1000,per_hit,raw_percent_of_host,api-node1,api-node2,22,17,39,40.594059,18.750000,40.594059,37.500000,100.000000,50.000000,0.000000,0.000000,0.000000,0.000000,0.000000,0.000000,106.636364,141.705882,76.125122,60.462094,3.000000
2026-06-24T23:00:33.007780509Z,1000,per_hit,raw_percent_of_host,api-node1,api-node2,22,18,40,40.594059,20.895522,40.594059,41.791045,100.000000,50.000000,0.000000,0.000000,0.000000,0.000000,0.000000,0.000000,104.818182,168.666667,68.686375,69.776089,3.000000
2026-06-24T23:00:34.007783891Z,1000,per_hit,raw_percent_of_host,api-node1,api-node2,20,21,41,40.594059,18.750000,40.594059,37.500000,100.000000,50.000000,0.000000,0.000000,0.000000,0.000000,0.000000,0.000000,98.050000,147.619048,80.141605,69.373490,3.000000
2026-06-24T23:00:35.007781366Z,1000,per_hit,raw_percent_of_host,api-node1,api-node2,24,18,42,40.000000,18.918919,40.000000,37.837838,100.000000,50.000000,0.000000,0.000000,0.000000,0.000000,0.000000,0.000000,104.458333,159.611111,82.018563,65.099904,3.000000
2026-06-24T23:00:36.007782904Z,1000,per_hit,raw_percent_of_host,api-node1,api-node2,21,22,43,37.254902,18.018018,37.254902,36.036036,100.000000,50.000000,0.000000,0.000000,0.000000,0.000000,0.000000,0.000000,98.809524,175.136364,68.571281,53.264337,3.000000
2026-06-24T23:00:37.007780246Z,1000,per_hit,raw_percent_of_host,api-node1,api-node2,24,20,44,40.000000,18.750000,40.000000,37.500000,100.000000,50.000000,0.000000,0.000000,0.000000,0.000000,0.000000,0.000000,105.083333,155.400000,72.691095,57.716549,3.000000
2026-06-24T23:00:38.007784965Z,1000,per_hit,raw_percent_of_host,api-node1,api-node2,22,23,45,40.000000,18.750000,40.000000,37.500000,100.000000,50.000000,0.000000,0.000000,0.000000,0.000000,0.000000,0.000000,101.863636,172.782609,78.717129,51.145385,3.000000
2026-06-24T23:00:39.007781426Z,1000,per_hit,raw_percent_of_host,api-node1,api-node2,29,17,46,40.594059,18.018018,40.594059,36.036036,100.000000,50.000000,0.000000,1.000000,0.000000,0.000000,0.000000,1.000000,117.827586,165.687500,75.417835,71.872094,3.000000
2026-06-24T23:00:40.007781538Z,1000,per_hit,raw_percent_of_host,api-node1,api-node2,27,20,47,37.623762,20.000000,37.623762,40.000000,100.000000,50.000000,0.000000,0.000000,0.000000,0.000000,0.000000,0.000000,121.407407,170.428571,67.730453,53.456961,3.000000
2026-06-24T23:00:41.007783685Z,1000,per_hit,raw_percent_of_host,api-node1,api-node2,22,26,48,40.594059,21.428571,40.594059,42.857143,100.000000,50.000000,0.000000,3.000000,0.000000,0.000000,0.000000,3.000000,104.000000,213.260870,68.409480,50.452191,3.000000
2026-06-24T23:00:42.007781027Z,1000,per_hit,raw_percent_of_host,api-node1,api-node2,23,25,48,40.594059,18.181818,40.594059,36.363636,100.000000,50.000000,0.000000,10.000000,0.000000,0.000000,0.000000,10.000000,99.869565,223.888889,79.950176,65.448475,3.000000
2026-06-24T23:00:43.007780233Z,1000,per_hit,raw_percent_of_host,api-node1,api-node2,34,15,49,40.594059,18.750000,40.594059,37.500000,100.000000,50.000000,0.000000,0.000000,0.000000,0.000000,0.000000,0.000000,143.088235,220.760000,78.809599,60.234928,3.000000
2026-06-24T23:00:44.007783305Z,1000,per_hit,raw_percent_of_host,api-node1,api-node2,24,25,49,40.594059,18.918919,40.594059,37.837838,100.000000,50.000000,0.000000,2.000000,0.000000,0.000000,0.000000,2.000000,122.083333,225.478261,61.826661,50.668788,3.000000
2026-06-24T23:00:45.00778005Z,1000,per_hit,raw_percent_of_host,api-node1,api-node2,25,25,50,45.192308,18.750000,45.192308,37.500000,100.000000,50.000000,0.000000,1.000000,0.000000,0.000000,0.000000,1.000000,121.400000,212.653846,66.590489,53.119215,3.000000
2026-06-24T23:00:46.007781577Z,1000,per_hit,raw_percent_of_host,api-node1,api-node2,27,23,50,40.594059,18.181818,40.594059,36.363636,100.000000,50.000000,0.000000,0.000000,0.000000,0.000000,0.000000,0.000000,111.259259,168.708333,71.978485,59.120477,3.000000
2026-06-24T23:00:47.00778372Z,1000,per_hit,raw_percent_of_host,api-node1,api-node2,28,22,50,40.000000,18.750000,40.000000,37.500000,100.000000,50.000000,0.000000,1.000000,0.000000,0.000000,0.000000,1.000000,119.178571,175.095238,66.932632,53.077501,3.000000
2026-06-24T23:00:48.007780213Z,1000,per_hit,raw_percent_of_host,api-node1,api-node2,30,20,50,34.000000,18.181818,34.000000,36.363636,100.000000,50.000000,0.000000,0.000000,0.000000,0.000000,0.000000,0.000000,178.400000,145.619048,69.156067,53.823636,3.000000
2026-06-24T23:00:49.007781811Z,1000,per_hit,raw_percent_of_host,api-node1,api-node2,20,30,50,40.594059,6.741573,40.594059,13.483146,100.000000,50.000000,0.000000,21.000000,0.000000,0.000000,0.000000,21.000000,92.950000,100.777778,69.186491,76.896905,3.000000
2026-06-24T23:00:50.007781872Z,1000,per_hit,raw_percent_of_host,api-node1,api-node2,28,22,50,40.000000,18.750000,40.000000,37.500000,100.000000,50.000000,0.000000,3.000000,0.000000,0.000000,0.000000,3.000000,112.642857,301.775000,78.388934,50.995684,3.000000
2026-06-24T23:00:51.007784995Z,1000,per_hit,raw_percent_of_host,api-node1,api-node2,31,19,50,40.594059,21.238938,40.594059,42.477876,100.000000,50.000000,0.000000,0.000000,0.000000,0.000000,0.000000,0.000000,137.387097,184.727273,62.168110,53.883388,3.000000
2026-06-24T23:00:52.007785103Z,1000,per_hit,raw_percent_of_host,api-node1,api-node2,27,22,49,40.404040,18.918919,40.404040,37.837838,100.000000,50.000000,0.000000,1.000000,0.000000,0.000000,0.000000,1.000000,118.111111,201.000000,64.059265,48.335056,3.000000
2026-06-24T23:00:53.00778615Z,1000,per_hit,raw_percent_of_host,api-node1,api-node2,31,17,48,40.594059,18.750000,40.594059,37.500000,100.000000,50.000000,0.000000,0.000000,0.000000,0.000000,0.000000,0.000000,128.612903,160.555556,71.208928,50.127992,3.000000
2026-06-24T23:00:54.007784061Z,1000,per_hit,raw_percent_of_host,api-node1,api-node2,30,18,48,41.176471,18.018018,41.176471,36.036036,100.000000,50.000000,0.000000,0.000000,0.000000,0.000000,0.000000,0.000000,134.700000,166.000000,67.473439,54.425962,3.000000
2026-06-24T23:00:55.007781098Z,1000,per_hit,raw_percent_of_host,api-node1,api-node2,29,19,48,39.603960,18.918919,39.603960,37.837838,100.000000,50.000000,0.000000,0.000000,0.000000,0.000000,0.000000,0.000000,116.000000,149.210526,68.013977,51.889058,3.000000
2026-06-24T23:00:56.007784456Z,1000,per_hit,raw_percent_of_host,api-node1,api-node2,26,21,47,41.000000,18.750000,41.000000,37.500000,100.000000,50.000000,0.000000,0.000000,0.000000,0.000000,0.000000,0.000000,116.961538,168.809524,68.090935,58.490411,3.000000
2026-06-24T23:00:57.007781218Z,1000,per_hit,raw_percent_of_host,api-node1,api-node2,23,23,46,41.176471,20.895522,41.176471,41.791045,100.000000,50.000000,0.000000,1.000000,0.000000,0.000000,0.000000,1.000000,93.956522,188.772727,71.056499,52.544919,3.000000
2026-06-24T23:00:58.007780861Z,1000,per_hit,raw_percent_of_host,api-node1,api-node2,29,17,46,40.594059,18.018018,40.594059,36.036036,100.000000,50.000000,0.000000,0.000000,0.000000,0.000000,0.000000,0.000000,117.620690,159.166667,69.559797,54.751374,3.000000
2026-06-24T23:00:59.00778036Z,1000,per_hit,raw_percent_of_host,api-node1,api-node2,25,20,45,40.196078,18.018018,40.196078,36.036036,100.000000,50.000000,0.000000,1.000000,0.000000,0.000000,0.000000,1.000000,107.640000,184.052632,60.388470,54.195947,3.000000
2026-06-24T23:01:00.00778101Z,1000,per_hit,raw_percent_of_host,api-node1,api-node2,26,18,44,40.000000,18.750000,40.000000,37.500000,100.000000,50.000000,0.000000,0.000000,0.000000,0.000000,0.000000,0.000000,115.192308,175.684211,81.330580,60.578805,3.000000
2026-06-24T23:01:01.007780387Z,1000,per_hit,raw_percent_of_host,api-node1,api-node2,24,19,43,40.000000,18.918919,40.000000,37.837838,100.000000,50.000000,0.000000,0.000000,0.000000,0.000000,0.000000,0.000000,103.458333,192.210526,68.070652,61.196798,3.000000
2026-06-24T23:01:02.007781599Z,1000,per_hit,raw_percent_of_host,api-node1,api-node2,24,18,42,40.594059,18.181818,40.594059,36.363636,100.000000,50.000000,0.000000,0.000000,0.000000,0.000000,0.000000,0.000000,114.000000,182.444444,77.638758,48.417492,3.000000
2026-06-24T23:01:03.007785929Z,1000,per_hit,raw_percent_of_host,api-node1,api-node2,20,21,41,40.000000,18.018018,40.000000,36.036036,100.000000,50.000000,0.000000,0.000000,0.000000,0.000000,0.000000,0.000000,92.600000,210.952381,70.880632,46.895762,3.000000
2026-06-24T23:01:04.007783101Z,1000,per_hit,raw_percent_of_host,api-node1,api-node2,19,21,40,38.834951,18.918919,38.834951,37.837838,100.000000,50.000000,0.000000,0.000000,0.000000,0.000000,0.000000,0.000000,74.526316,164.142857,83.063275,50.327718,3.000000
2026-06-24T23:01:05.007781196Z,1000,per_hit,raw_percent_of_host,api-node1,api-node2,24,15,39,40.000000,19.469027,40.000000,38.938053,100.000000,50.000000,0.000000,0.000000,0.000000,0.000000,0.000000,0.000000,115.583333,150.266667,79.340449,60.419203,3.000000
2026-06-24T23:01:06.007781132Z,1000,per_hit,raw_percent_of_host,api-node1,api-node2,19,18,37,34.653465,18.181818,34.653465,36.363636,100.000000,50.000000,0.000000,0.000000,0.000000,0.000000,0.000000,0.000000,82.315789,142.111111,67.278208,59.306550,3.000000
2026-06-24T23:01:07.007783953Z,1000,per_hit,raw_percent_of_host,api-node1,api-node2,19,17,36,40.000000,18.750000,40.000000,37.500000,100.000000,50.000000,0.000000,0.000000,0.000000,0.000000,0.000000,0.000000,95.842105,152.294118,72.579703,62.741892,3.000000
2026-06-24T23:01:08.007781177Z,1000,per_hit,raw_percent_of_host,api-node1,api-node2,19,17,36,40.196078,18.018018,40.196078,36.036036,100.000000,50.000000,0.000000,0.000000,0.000000,0.000000,0.000000,0.000000,105.684211,143.647059,71.001216,48.320464,3.000000
2026-06-24T23:01:09.007783314Z,1000,per_hit,raw_percent_of_host,api-node1,api-node2,18,17,35,39.603960,18.181818,39.603960,36.363636,100.000000,50.000000,0.000000,0.000000,0.000000,0.000000,0.000000,0.000000,76.277778,158.941176,69.476847,52.285832,3.000000
2026-06-24T23:01:10.007783771Z,1000,per_hit,raw_percent_of_host,api-node1,api-node2,22,12,34,40.000000,20.792079,40.000000,41.584158,100.000000,50.000000,0.000000,0.000000,0.000000,0.000000,0.000000,0.000000,99.500000,114.750000,80.682153,58.834763,3.000000
2026-06-24T23:01:11.007780227Z,1000,per_hit,raw_percent_of_host,api-node1,api-node2,15,18,33,42.307692,18.918919,42.307692,37.837838,100.000000,50.000000,0.000000,1.000000,0.000000,0.000000,0.000000,1.000000,74.000000,156.529412,82.277993,82.931282,3.000000
2026-06-24T23:01:12.007780293Z,1000,per_hit,raw_percent_of_host,api-node1,api-node2,14,18,32,40.594059,18.018018,40.594059,36.036036,100.000000,50.000000,0.000000,0.000000,0.000000,0.000000,0.000000,0.000000,65.714286,161.421053,82.024577,71.245964,3.000000
2026-06-24T23:01:13.007781364Z,1000,per_hit,raw_percent_of_host,api-node1,api-node2,19,13,32,40.594059,16.161616,40.594059,32.323232,100.000000,50.000000,0.000000,0.000000,0.000000,0.000000,0.000000,0.000000,85.894737,100.923077,81.639126,69.565392,3.000000
2026-06-24T23:01:14.007781321Z,1000,per_hit,raw_percent_of_host,api-node1,api-node2,16,14,30,26.000000,20.000000,26.000000,40.000000,100.000000,50.000000,0.000000,0.000000,0.000000,0.000000,0.000000,0.000000,100.875000,123.000000,81.466316,52.987567,3.000000
2026-06-24T23:01:15.007781343Z,1000,per_hit,raw_percent_of_host,api-node1,api-node2,16,16,32,35.294118,19.469027,35.294118,38.938053,100.000000,50.000000,0.000000,0.000000,0.000000,0.000000,0.000000,0.000000,73.937500,156.562500,70.782204,78.445934,3.000000
2026-06-24T23:01:16.00778097Z,1000,per_hit,raw_percent_of_host,api-node1,api-node2,14,16,30,36.633663,21.551724,36.633663,43.103448,100.000000,50.000000,0.000000,0.000000,0.000000,0.000000,0.000000,0.000000,69.571429,135.437500,82.732659,52.879964,3.000000
2026-06-24T23:01:17.007781709Z,1000,per_hit,raw_percent_of_host,api-node1,api-node2,15,15,30,33.663366,18.750000,33.663366,37.500000,100.000000,50.000000,0.000000,0.000000,0.000000,0.000000,0.000000,0.000000,73.866667,116.666667,82.858571,73.828854,3.000000
2026-06-24T23:01:18.00778126Z,1000,per_hit,raw_percent_of_host,api-node1,api-node2,14,16,30,27.184466,18.750000,27.184466,37.500000,100.000000,50.000000,0.000000,0.000000,0.000000,0.000000,0.000000,0.000000,93.428571,139.750000,83.026604,65.665008,3.000000
2026-06-24T23:01:19.007784742Z,1000,per_hit,raw_percent_of_host,api-node1,api-node2,11,19,30,35.922330,18.918919,35.922330,37.837838,100.000000,50.000000,0.000000,0.000000,0.000000,0.000000,0.000000,0.000000,63.454545,186.315789,83.540235,79.627307,3.000000
2026-06-24T23:01:20.007780446Z,1000,per_hit,raw_percent_of_host,api-node1,api-node2,16,14,30,40.000000,20.202020,40.000000,40.404040,100.000000,50.000000,0.000000,0.000000,0.000000,0.000000,0.000000,0.000000,82.937500,122.928571,82.779925,66.164805,3.000000
2026-06-24T23:01:21.00778309Z,1000,per_hit,raw_percent_of_host,api-node1,api-node2,18,13,31,24.000000,20.000000,24.000000,40.000000,100.000000,50.000000,0.000000,0.000000,0.000000,0.000000,0.000000,0.000000,116.222222,125.923077,78.366900,47.852057,3.000000
2026-06-24T23:01:22.0077848Z,1000,per_hit,raw_percent_of_host,api-node1,api-node2,15,16,31,40.000000,20.202020,40.000000,40.404040,100.000000,50.000000,0.000000,0.000000,0.000000,0.000000,0.000000,0.000000,97.200000,132.437500,69.913680,82.762014,3.000000
2026-06-24T23:01:23.007781127Z,1000,per_hit,raw_percent_of_host,api-node1,api-node2,20,12,32,41.000000,18.000000,41.000000,36.000000,100.000000,50.000000,0.000000,0.000000,0.000000,0.000000,0.000000,0.000000,95.600000,80.750000,79.441207,73.143506,3.000000
2026-06-24T23:01:24.007780318Z,1000,per_hit,raw_percent_of_host,api-node1,api-node2,19,13,32,40.000000,18.918919,40.000000,37.837838,100.000000,50.000000,0.000000,0.000000,0.000000,0.000000,0.000000,0.000000,99.368421,129.692308,71.374956,53.697839,3.000000
2026-06-24T23:01:25.007781278Z,1000,per_hit,raw_percent_of_host,api-node1,api-node2,13,20,33,25.252525,20.175439,25.252525,40.350877,100.000000,50.000000,0.000000,0.000000,0.000000,0.000000,0.000000,0.000000,87.230769,155.150000,76.839334,71.953467,3.000000
2026-06-24T23:01:26.007781112Z,1000,per_hit,raw_percent_of_host,api-node1,api-node2,18,16,34,39.000000,18.918919,39.000000,37.837838,100.000000,50.000000,0.000000,0.000000,0.000000,0.000000,0.000000,0.000000,88.722222,123.000000,77.107653,68.738940,3.000000
2026-06-24T23:01:27.007780698Z,1000,per_hit,raw_percent_of_host,api-node1,api-node2,19,16,35,35.643564,18.918919,35.643564,37.837838,100.000000,50.000000,0.000000,0.000000,0.000000,0.000000,0.000000,0.000000,93.263158,140.750000,78.511069,70.294797,3.000000
2026-06-24T23:01:28.007781211Z,1000,per_hit,raw_percent_of_host,api-node1,api-node2,19,16,35,40.594059,19.191919,40.594059,38.383838,100.000000,50.000000,0.000000,1.000000,0.000000,0.000000,0.000000,1.000000,104.578947,156.600000,70.231483,67.837790,3.000000
2026-06-24T23:01:29.007788291Z,1000,per_hit,raw_percent_of_host,api-node1,api-node2,21,15,36,40.594059,19.642857,40.594059,39.285714,100.000000,50.000000,0.000000,1.000000,0.000000,0.000000,0.000000,1.000000,100.000000,134.466667,77.041649,68.869032,3.000000
2026-06-24T23:01:30.007780246Z,1000,per_hit,raw_percent_of_host,api-node1,api-node2,20,17,37,36.633663,18.918919,36.633663,37.837838,100.000000,50.000000,0.000000,0.000000,0.000000,0.000000,0.000000,0.000000,91.750000,152.277778,78.062155,47.895898,3.000000
2026-06-24T23:01:31.00778247Z,1000,per_hit,raw_percent_of_host,api-node1,api-node2,18,20,38,35.000000,18.750000,35.000000,37.500000,100.000000,50.000000,0.000000,4.000000,0.000000,0.000000,0.000000,4.000000,72.611111,184.500000,76.630549,54.028049,3.000000
2026-06-24T23:01:32.007784332Z,1000,per_hit,raw_percent_of_host,api-node1,api-node2,25,14,39,40.000000,15.151515,40.000000,30.303030,100.000000,50.000000,0.000000,0.000000,0.000000,0.000000,0.000000,0.000000,106.040000,163.944444,72.217286,53.042543,3.000000
2026-06-24T23:01:33.007781632Z,1000,per_hit,raw_percent_of_host,api-node1,api-node2,23,18,41,40.404040,18.018018,40.404040,36.036036,100.000000,50.000000,0.000000,3.000000,0.000000,0.000000,0.000000,3.000000,78.130435,134.333333,73.782873,68.026973,3.000000
2026-06-24T23:01:34.00778339Z,1000,per_hit,raw_percent_of_host,api-node1,api-node2,24,18,42,39.603960,18.750000,39.603960,37.500000,100.000000,50.000000,0.000000,0.000000,0.000000,0.000000,0.000000,0.000000,118.291667,145.380952,77.665429,52.504959,3.000000
2026-06-24T23:01:35.00778402Z,1000,per_hit,raw_percent_of_host,api-node1,api-node2,23,20,43,37.000000,18.181818,37.000000,36.363636,100.000000,50.000000,0.000000,1.000000,0.000000,0.000000,0.000000,1.000000,95.217391,115.421053,76.212293,74.161352,3.000000
2026-06-24T23:01:36.00778091Z,1000,per_hit,raw_percent_of_host,api-node1,api-node2,25,19,44,36.633663,18.918919,36.633663,37.837838,100.000000,50.000000,0.000000,2.000000,0.000000,0.000000,0.000000,2.000000,88.480000,126.055556,75.043592,65.360141,3.000000
2026-06-24T23:01:37.007781576Z,1000,per_hit,raw_percent_of_host,api-node1,api-node2,29,16,45,40.000000,15.151515,40.000000,30.303030,100.000000,50.000000,0.000000,3.000000,0.000000,0.000000,0.000000,3.000000,108.103448,143.733333,64.097606,72.630484,3.000000
2026-06-24T23:01:38.007780337Z,1000,per_hit,raw_percent_of_host,api-node1,api-node2,26,19,45,35.353535,18.918919,35.353535,37.837838,100.000000,50.000000,0.000000,1.000000,0.000000,0.000000,0.000000,1.000000,111.730769,170.000000,78.092827,64.731584,3.000000
2026-06-24T23:01:39.007781744Z,1000,per_hit,raw_percent_of_host,api-node1,api-node2,25,21,46,35.643564,18.181818,35.643564,36.363636,100.000000,50.000000,0.000000,2.000000,0.000000,0.000000,0.000000,2.000000,114.800000,177.800000,69.707123,49.508103,3.000000
2026-06-24T23:01:40.007779881Z,1000,per_hit,raw_percent_of_host,api-node1,api-node2,27,20,47,39.603960,19.191919,39.603960,38.383838,100.000000,50.000000,0.000000,3.000000,0.000000,0.000000,0.000000,3.000000,87.407407,134.842105,68.136918,62.010921,3.000000
2026-06-24T23:01:41.007781042Z,1000,per_hit,raw_percent_of_host,api-node1,api-node2,26,22,48,36.000000,18.750000,36.000000,37.500000,100.000000,50.000000,0.000000,8.000000,0.000000,0.000000,0.000000,8.000000,109.576923,160.000000,75.007961,48.844495,3.000000
2026-06-24T23:01:42.00778061Z,1000,per_hit,raw_percent_of_host,api-node1,api-node2,29,19,48,39.215686,20.792079,39.215686,41.584158,100.000000,50.000000,0.000000,3.000000,0.000000,0.000000,0.000000,3.000000,102.379310,159.291667,74.920768,50.781759,3.000000
2026-06-24T23:01:43.007784763Z,1000,per_hit,raw_percent_of_host,api-node1,api-node2,25,24,49,35.353535,18.750000,35.353535,37.500000,100.000000,50.000000,0.000000,7.000000,0.000000,0.000000,0.000000,7.000000,92.840000,163.400000,73.325614,55.352387,3.000000
2026-06-24T23:01:44.007780538Z,1000,per_hit,raw_percent_of_host,api-node1,api-node2,33,15,48,40.594059,16.000000,40.594059,32.000000,100.000000,50.000000,0.000000,2.000000,0.000000,0.000000,0.000000,2.000000,126.606061,174.300000,62.815463,56.185005,3.000000
2026-06-24T23:01:45.007781647Z,1000,per_hit,raw_percent_of_host,api-node1,api-node2,29,22,51,47.115385,21.000000,47.115385,42.000000,100.000000,50.000000,0.000000,9.000000,0.000000,0.000000,0.000000,9.000000,93.862069,133.866667,68.775827,56.434102,3.000000
2026-06-24T23:01:46.007781238Z,1000,per_hit,raw_percent_of_host,api-node1,api-node2,19,31,50,31.000000,16.000000,31.000000,32.000000,100.000000,50.000000,0.000000,20.000000,0.000000,0.000000,0.000000,20.000000,94.473684,159.850000,57.243645,61.155217,3.000000
2026-06-24T23:01:47.007781372Z,1000,per_hit,raw_percent_of_host,api-node1,api-node2,27,23,50,41.176471,16.000000,41.176471,32.000000,100.000000,50.000000,0.000000,16.000000,0.000000,0.000000,0.000000,16.000000,105.777778,285.666667,59.767613,55.076513,3.000000
2026-06-24T23:01:48.00778054Z,1000,per_hit,raw_percent_of_host,api-node1,api-node2,27,23,50,36.000000,18.750000,36.000000,37.500000,100.000000,50.000000,0.000000,7.000000,0.000000,0.000000,0.000000,7.000000,103.851852,214.812500,71.905598,48.158748,3.000000
2026-06-24T23:01:49.007780967Z,1000,per_hit,raw_percent_of_host,api-node1,api-node2,25,25,50,25.742574,18.181818,25.742574,36.363636,100.000000,50.000000,0.000000,6.000000,0.000000,0.000000,0.000000,6.000000,129.600000,164.615385,64.677740,50.489555,3.000000
2026-06-24T23:01:50.007781095Z,1000,per_hit,raw_percent_of_host,api-node1,api-node2,21,29,50,35.238095,18.750000,35.238095,37.500000,100.000000,50.000000,0.000000,14.000000,0.000000,0.000000,0.000000,14.000000,98.476190,175.333333,61.772488,64.204750,3.000000
2026-06-24T23:01:51.007781422Z,1000,per_hit,raw_percent_of_host,api-node1,api-node2,21,29,50,33.000000,20.792079,33.000000,41.584158,100.000000,50.000000,0.000000,16.000000,0.000000,0.000000,0.000000,16.000000,100.857143,178.777778,65.303264,62.646283,3.000000
2026-06-24T23:01:52.007781416Z,1000,per_hit,raw_percent_of_host,api-node1,api-node2,30,19,49,41.176471,18.750000,41.176471,37.500000,100.000000,50.000000,0.000000,7.000000,0.000000,0.000000,0.000000,7.000000,101.433333,227.321429,69.521420,53.358240,3.000000
2026-06-24T23:01:53.007781297Z,1000,per_hit,raw_percent_of_host,api-node1,api-node2,22,27,49,37.000000,16.000000,37.000000,32.000000,100.000000,50.000000,0.000000,15.000000,0.000000,0.000000,0.000000,15.000000,83.909091,158.000000,72.084167,59.986134,3.000000
2026-06-24T23:01:54.007780614Z,1000,per_hit,raw_percent_of_host,api-node1,api-node2,28,20,48,40.000000,20.000000,40.000000,40.000000,100.000000,50.000000,0.000000,7.000000,0.000000,0.000000,0.000000,7.000000,109.750000,220.214286,79.036866,55.550659,3.000000
2026-06-24T23:01:55.007782563Z,1000,per_hit,raw_percent_of_host,api-node1,api-node2,26,21,47,40.594059,14.414414,40.594059,28.828829,100.000000,50.000000,0.000000,5.000000,0.000000,0.000000,0.000000,5.000000,103.115385,176.304348,69.362607,53.161734,3.000000
2026-06-24T23:01:56.007780421Z,1000,per_hit,raw_percent_of_host,api-node1,api-node2,25,22,47,34.313725,17.000000,34.313725,34.000000,100.000000,50.000000,0.000000,10.000000,0.000000,0.000000,0.000000,10.000000,104.000000,138.352941,74.481506,74.322482,3.000000
2026-06-24T23:01:57.007780212Z,1000,per_hit,raw_percent_of_host,api-node1,api-node2,31,15,46,37.623762,19.801980,37.623762,39.603960,100.000000,50.000000,2.000000,0.000000,0.000000,0.000000,2.000000,0.000000,100.379310,173.440000,76.669265,65.249698,3.000000
2026-06-24T23:01:58.007781931Z,1000,per_hit,raw_percent_of_host,api-node1,api-node2,28,17,45,36.633663,18.181818,36.633663,36.363636,100.000000,50.000000,0.000000,2.000000,0.000000,0.000000,0.000000,2.000000,138.000000,113.933333,72.801623,63.403102,3.000000
2026-06-24T23:01:59.007781787Z,1000,per_hit,raw_percent_of_host,api-node1,api-node2,25,20,45,37.000000,18.018018,37.000000,36.036036,100.000000,50.000000,0.000000,6.000000,0.000000,0.000000,0.000000,6.000000,104.291667,130.937500,70.550985,65.748799,3.000000
2026-06-24T23:02:00.007780174Z,1000,per_hit,raw_percent_of_host,api-node1,api-node2,24,20,44,38.613861,18.181818,38.613861,36.363636,100.000000,50.000000,0.000000,2.000000,0.000000,0.000000,0.000000,2.000000,78.333333,164.458333,77.055366,53.204144,3.000000
2026-06-24T23:02:01.007780248Z,1000,per_hit,raw_percent_of_host,api-node1,api-node2,25,18,43,38.383838,18.750000,38.383838,37.500000,100.000000,50.000000,0.000000,2.000000,0.000000,0.000000,0.000000,2.000000,102.240000,129.777778,77.273153,52.839180,3.000000
2026-06-24T23:02:02.007781303Z,1000,per_hit,raw_percent_of_host,api-node1,api-node2,27,15,42,31.683168,18.918919,31.683168,37.837838,100.000000,50.000000,0.000000,0.000000,0.000000,0.000000,0.000000,0.000000,111.962963,142.176471,76.589600,48.471807,3.000000
2026-06-24T23:02:03.007780341Z,1000,per_hit,raw_percent_of_host,api-node1,api-node2,25,14,39,42.718447,18.918919,42.718447,37.837838,100.000000,50.000000,0.000000,0.000000,0.000000,0.000000,0.000000,0.000000,92.040000,108.928571,75.139213,68.374473,3.000000
2026-06-24T23:02:04.00778353Z,1000,per_hit,raw_percent_of_host,api-node1,api-node2,21,18,39,40.776699,13.513514,40.776699,27.027027,100.000000,50.000000,0.000000,1.000000,0.000000,0.000000,0.000000,1.000000,84.619048,163.529412,72.899696,66.928984,3.000000
2026-06-24T23:02:05.007780934Z,1000,per_hit,raw_percent_of_host,api-node1,api-node2,21,17,38,34.313725,19.298246,34.313725,38.596491,100.000000,50.000000,0.000000,1.000000,0.000000,0.000000,0.000000,1.000000,92.285714,119.176471,72.531949,68.219810,3.000000
2026-06-24T23:02:06.007785616Z,1000,per_hit,raw_percent_of_host,api-node1,api-node2,19,18,37,36.000000,18.018018,36.000000,36.036036,100.000000,50.000000,0.000000,2.000000,0.000000,0.000000,0.000000,2.000000,84.842105,151.941176,79.214743,57.532322,3.000000
2026-06-24T23:02:07.00778086Z,1000,per_hit,raw_percent_of_host,api-node1,api-node2,19,17,36,40.594059,17.171717,40.594059,34.343434,100.000000,50.000000,0.000000,1.000000,0.000000,0.000000,0.000000,1.000000,82.894737,134.444444,74.270724,75.823909,3.000000
2026-06-24T23:02:08.007782127Z,1000,per_hit,raw_percent_of_host,api-node1,api-node2,17,18,35,38.000000,18.750000,38.000000,37.500000,100.000000,50.000000,0.000000,0.000000,0.000000,0.000000,0.000000,0.000000,75.235294,132.052632,76.465877,71.218351,3.000000
2026-06-24T23:02:09.00778114Z,1000,per_hit,raw_percent_of_host,api-node1,api-node2,19,16,35,33.980583,18.750000,33.980583,37.500000,100.000000,50.000000,0.000000,0.000000,0.000000,0.000000,0.000000,0.000000,100.368421,114.000000,76.733344,65.979566,3.000000
2026-06-24T23:02:10.007783931Z,1000,per_hit,raw_percent_of_host,api-node1,api-node2,17,17,34,33.653846,18.750000,33.653846,37.500000,100.000000,50.000000,0.000000,0.000000,0.000000,0.000000,0.000000,0.000000,82.882353,129.470588,74.172885,63.574051,3.000000
2026-06-24T23:02:11.007784301Z,1000,per_hit,raw_percent_of_host,api-node1,api-node2,22,11,33,40.594059,18.750000,40.594059,37.500000,100.000000,50.000000,0.000000,0.000000,0.000000,0.000000,0.000000,0.000000,77.000000,116.545455,80.726652,59.385008,3.000000
2026-06-24T23:02:12.007780285Z,1000,per_hit,raw_percent_of_host,api-node1,api-node2,21,11,32,38.000000,18.018018,38.000000,36.036036,100.000000,50.000000,0.000000,0.000000,0.000000,0.000000,0.000000,0.000000,83.000000,108.636364,77.810243,71.600133,3.000000
2026-06-24T23:02:13.007783486Z,1000,per_hit,raw_percent_of_host,api-node1,api-node2,15,17,32,32.673267,18.918919,32.673267,37.837838,100.000000,50.000000,0.000000,0.000000,0.000000,0.000000,0.000000,0.000000,95.800000,135.117647,75.593006,57.919105,3.000000
2026-06-24T23:02:14.007783734Z,1000,per_hit,raw_percent_of_host,api-node1,api-node2,18,13,31,33.663366,20.000000,33.663366,40.000000,100.000000,50.000000,0.000000,0.000000,0.000000,0.000000,0.000000,0.000000,87.500000,125.692308,76.702688,60.329625,3.000000
2026-06-24T23:02:15.007783463Z,1000,per_hit,raw_percent_of_host,api-node1,api-node2,17,14,31,26.732673,17.171717,26.732673,34.343434,100.000000,50.000000,0.000000,0.000000,0.000000,0.000000,0.000000,0.000000,105.823529,104.285714,72.201409,68.743581,3.000000
2026-06-24T23:02:16.007780328Z,1000,per_hit,raw_percent_of_host,api-node1,api-node2,18,12,30,40.594059,10.101010,40.594059,20.202020,100.000000,50.000000,0.000000,1.000000,0.000000,0.000000,0.000000,1.000000,93.388889,109.818182,75.970773,72.268805,3.000000
2026-06-24T23:02:17.007781722Z,1000,per_hit,raw_percent_of_host,api-node1,api-node2,14,16,30,35.576923,14.285714,35.576923,28.571429,100.000000,50.000000,0.000000,0.000000,0.000000,0.000000,0.000000,0.000000,66.000000,141.352941,82.641781,66.593932,3.000000
2026-06-24T23:02:18.007781279Z,1000,per_hit,raw_percent_of_host,api-node1,api-node2,19,11,30,37.864078,16.964286,37.864078,33.928571,100.000000,50.000000,0.000000,0.000000,0.000000,0.000000,0.000000,0.000000,91.105263,116.000000,81.148298,62.246365,3.000000
2026-06-24T23:02:19.007781865Z,1000,per_hit,raw_percent_of_host,api-node1,api-node2,18,12,30,40.196078,17.117117,40.196078,34.234234,100.000000,50.000000,0.000000,0.000000,0.000000,0.000000,0.000000,0.000000,80.166667,134.083333,77.194478,63.538491,3.000000
2026-06-24T23:02:20.007781806Z,1000,per_hit,raw_percent_of_host,api-node1,api-node2,19,11,30,40.000000,6.000000,40.000000,12.000000,100.000000,50.000000,0.000000,0.000000,0.000000,0.000000,0.000000,0.000000,99.684211,113.272727,75.003863,66.689405,3.000000
2026-06-24T23:02:21.007781339Z,1000,per_hit,raw_percent_of_host,api-node1,api-node2,15,16,31,40.594059,17.821782,40.594059,35.643564,100.000000,50.000000,0.000000,0.000000,0.000000,0.000000,0.000000,0.000000,61.866667,112.187500,82.934337,80.077352,3.000000
2026-06-24T23:02:22.007781413Z,1000,per_hit,raw_percent_of_host,api-node1,api-node2,17,14,31,38.613861,18.367347,38.613861,36.734694,100.000000,50.000000,0.000000,0.000000,0.000000,0.000000,0.000000,0.000000,69.000000,106.214286,78.332448,74.637713,3.000000
2026-06-24T23:02:23.00778064Z,1000,per_hit,raw_percent_of_host,api-node1,api-node2,20,12,32,32.000000,18.750000,32.000000,37.500000,100.000000,50.000000,0.000000,1.000000,0.000000,0.000000,0.000000,1.000000,95.500000,133.818182,76.605402,69.406715,3.000000
2026-06-24T23:02:24.007780412Z,1000,per_hit,raw_percent_of_host,api-node1,api-node2,21,11,32,40.404040,14.141414,40.404040,28.282828,100.000000,50.000000,0.000000,1.000000,0.000000,0.000000,0.000000,1.000000,82.952381,82.181818,72.849680,77.121659,3.000000
2026-06-24T23:02:25.00778632Z,1000,per_hit,raw_percent_of_host,api-node1,api-node2,14,19,33,35.643564,16.071429,35.643564,32.142857,100.000000,50.000000,0.000000,2.000000,0.000000,0.000000,0.000000,2.000000,67.214286,156.500000,81.509021,61.343198,3.000000
2026-06-24T23:02:26.007783456Z,1000,per_hit,raw_percent_of_host,api-node1,api-node2,14,20,34,28.282828,18.750000,28.282828,37.500000,100.000000,50.000000,0.000000,2.000000,0.000000,0.000000,0.000000,2.000000,60.357143,121.900000,81.722545,61.123726,3.000000
2026-06-24T23:02:27.007781855Z,1000,per_hit,raw_percent_of_host,api-node1,api-node2,17,18,35,35.294118,14.285714,35.294118,28.571429,100.000000,50.000000,0.000000,6.000000,0.000000,0.000000,0.000000,6.000000,72.411765,145.214286,81.338461,68.140164,3.000000
2026-06-24T23:02:28.007782137Z,1000,per_hit,raw_percent_of_host,api-node1,api-node2,22,14,36,40.594059,9.009009,40.594059,18.018018,100.000000,50.000000,0.000000,5.000000,0.000000,0.000000,0.000000,5.000000,94.818182,171.533333,67.573134,65.758719,3.000000
2026-06-24T23:02:29.007780038Z,1000,per_hit,raw_percent_of_host,api-node1,api-node2,26,11,37,37.000000,13.131313,37.000000,26.262626,100.000000,50.000000,5.000000,1.000000,0.000000,0.000000,5.000000,1.000000,90.619048,118.266667,80.350486,70.545243,3.000000
2026-06-24T23:02:30.007780248Z,1000,per_hit,raw_percent_of_host,api-node1,api-node2,24,14,38,31.067961,20.000000,31.067961,40.000000,100.000000,50.000000,7.000000,1.000000,0.000000,0.000000,7.000000,1.000000,82.954545,126.285714,76.422006,55.659345,3.000000
2026-06-24T23:02:31.007780706Z,1000,per_hit,raw_percent_of_host,api-node1,api-node2,18,21,39,37.373737,18.181818,37.373737,36.363636,100.000000,50.000000,1.000000,8.000000,0.000000,0.000000,1.000000,8.000000,88.833333,137.142857,71.678050,70.474131,3.000000
2026-06-24T23:02:32.007780648Z,1000,per_hit,raw_percent_of_host,api-node1,api-node2,24,16,40,39.603960,15.151515,39.603960,30.303030,100.000000,50.000000,5.000000,3.000000,0.000000,0.000000,5.000000,3.000000,76.950000,144.285714,76.061276,64.166139,3.000000
2026-06-24T23:02:33.007780126Z,1000,per_hit,raw_percent_of_host,api-node1,api-node2,25,16,41,31.000000,20.202020,31.000000,40.404040,100.000000,50.000000,5.000000,4.000000,0.000000,0.000000,5.000000,4.000000,94.760000,128.666667,69.167125,51.637865,3.000000
2026-06-24T23:02:34.007782859Z,1000,per_hit,raw_percent_of_host,api-node1,api-node2,26,16,42,32.000000,16.216216,32.000000,32.432432,100.000000,50.000000,5.000000,4.000000,0.000000,0.000000,5.000000,4.000000,94.769231,117.875000,78.638375,60.232954,3.000000
2026-06-24T23:02:35.00778061Z,1000,per_hit,raw_percent_of_host,api-node1,api-node2,24,19,43,37.000000,18.000000,37.000000,36.000000,100.000000,50.000000,6.000000,6.000000,0.000000,0.000000,6.000000,6.000000,82.347826,90.352941,67.109619,66.019393,3.000000
2026-06-24T23:02:36.007781376Z,1000,per_hit,raw_percent_of_host,api-node1,api-node2,32,12,44,41.176471,16.216216,41.176471,32.432432,100.000000,50.000000,3.000000,5.000000,0.000000,0.000000,3.000000,5.000000,99.457143,119.538462,64.997432,65.800205,3.000000
2026-06-24T23:02:37.007780729Z,1000,per_hit,raw_percent_of_host,api-node1,api-node2,24,21,45,33.000000,20.202020,33.000000,40.404040,100.000000,50.000000,11.000000,5.000000,0.000000,0.000000,11.000000,5.000000,68.812500,141.047619,78.879593,66.026860,3.000000
2026-06-24T23:02:38.007780205Z,1000,per_hit,raw_percent_of_host,api-node1,api-node2,21,25,46,31.000000,18.918919,31.000000,37.837838,100.000000,50.000000,0.000000,13.000000,0.000000,0.000000,0.000000,13.000000,93.500000,133.470588,68.380075,57.554630,3.000000
2026-06-24T23:02:39.007780551Z,1000,per_hit,raw_percent_of_host,api-node1,api-node2,27,19,46,35.000000,12.500000,35.000000,25.000000,100.000000,50.000000,3.000000,10.000000,0.000000,0.000000,3.000000,10.000000,98.875000,150.954545,65.404240,74.659512,3.000000
2026-06-24T23:02:40.007780739Z,1000,per_hit,raw_percent_of_host,api-node1,api-node2,20,27,47,31.683168,18.750000,31.683168,37.500000,100.000000,50.000000,4.000000,11.000000,0.000000,0.000000,4.000000,11.000000,84.105263,160.846154,67.459743,55.426803,3.000000
2026-06-24T23:02:41.007782474Z,1000,per_hit,raw_percent_of_host,api-node1,api-node2,24,24,48,32.673267,17.857143,32.673267,35.714286,100.000000,50.000000,3.000000,13.000000,0.000000,0.000000,3.000000,13.000000,89.120000,130.909091,66.215429,70.245184,3.000000
2026-06-24T23:02:42.007780361Z,1000,per_hit,raw_percent_of_host,api-node1,api-node2,29,19,48,38.000000,23.300971,38.000000,46.601942,100.000000,50.000000,10.000000,8.000000,0.000000,0.000000,10.000000,8.000000,88.181818,154.791667,64.582463,60.015946,3.000000
2026-06-24T23:02:43.007780925Z,1000,per_hit,raw_percent_of_host,api-node1,api-node2,28,21,49,37.623762,23.595506,37.623762,47.191011,100.000000,50.000000,14.000000,6.000000,0.000000,0.000000,14.000000,6.000000,92.666667,143.826087,76.912625,63.532695,3.000000
2026-06-24T23:02:44.007781558Z,1000,per_hit,raw_percent_of_host,api-node1,api-node2,29,20,49,28.000000,14.000000,28.000000,28.000000,100.000000,50.000000,10.000000,8.000000,0.000000,0.000000,10.000000,8.000000,107.606061,126.722222,75.040012,65.932186,3.000000
2026-06-24T23:02:45.0077808Z,1000,per_hit,raw_percent_of_host,api-node1,api-node2,28,22,50,46.601942,18.446602,46.601942,36.893204,100.000000,50.000000,7.000000,12.000000,0.000000,0.000000,7.000000,12.000000,103.709677,140.611111,61.060234,65.905306,3.000000
2026-06-24T23:02:46.00778088Z,1000,per_hit,raw_percent_of_host,api-node1,api-node2,30,20,50,37.623762,17.171717,37.623762,34.343434,100.000000,50.000000,12.000000,7.000000,0.000000,0.000000,12.000000,7.000000,88.440000,127.720000,77.494522,61.121695,3.000000
2026-06-24T23:02:47.0077815Z,1000,per_hit,raw_percent_of_host,api-node1,api-node2,26,24,50,34.343434,17.117117,34.343434,34.234234,100.000000,50.000000,12.000000,9.000000,0.000000,0.000000,12.000000,9.000000,98.884615,156.090909,76.286031,56.835432,3.000000
2026-06-24T23:02:48.007782465Z,1000,per_hit,raw_percent_of_host,api-node1,api-node2,26,24,50,37.623762,16.000000,37.623762,32.000000,100.000000,50.000000,10.000000,10.000000,0.000000,0.000000,10.000000,10.000000,99.250000,157.304348,72.094929,60.376271,3.000000
2026-06-24T23:02:49.007780384Z,1000,per_hit,raw_percent_of_host,api-node1,api-node2,33,17,50,41.176471,11.363636,41.176471,22.727273,100.000000,50.000000,14.000000,5.000000,0.000000,0.000000,14.000000,5.000000,94.413793,164.818182,71.582755,58.599531,3.000000
2026-06-24T23:02:50.007783136Z,1000,per_hit,raw_percent_of_host,api-node1,api-node2,25,25,50,30.000000,17.171717,30.000000,34.343434,100.000000,50.000000,7.000000,10.000000,0.000000,0.000000,7.000000,10.000000,112.500000,125.700000,59.047170,59.385607,3.000000
2026-06-24T23:02:51.007782593Z,1000,per_hit,raw_percent_of_host,api-node1,api-node2,27,22,49,25.490196,22.222222,25.490196,44.444444,100.000000,50.000000,12.000000,7.000000,0.000000,0.000000,12.000000,7.000000,101.727273,182.800000,73.149747,47.495131,3.000000
2026-06-24T23:02:52.007780074Z,1000,per_hit,raw_percent_of_host,api-node1,api-node2,26,23,49,30.000000,20.202020,30.000000,40.404040,100.000000,50.000000,11.000000,7.000000,0.000000,0.000000,11.000000,7.000000,98.222222,126.391304,78.435837,53.153464,3.000000
2026-06-24T23:02:53.00778045Z,1000,per_hit,raw_percent_of_host,api-node1,api-node2,27,22,49,36.633663,14.414414,36.633663,28.828829,100.000000,50.000000,9.000000,8.000000,0.000000,0.000000,9.000000,8.000000,93.551724,133.047619,79.057029,66.025340,3.000000
2026-06-24T23:02:54.007780068Z,1000,per_hit,raw_percent_of_host,api-node1,api-node2,19,29,48,27.450980,19.642857,27.450980,39.285714,100.000000,50.000000,6.000000,11.000000,0.000000,0.000000,6.000000,11.000000,87.909091,188.692308,68.195237,47.547523,3.000000
2026-06-24T23:02:55.007782371Z,1000,per_hit,raw_percent_of_host,api-node1,api-node2,26,21,47,35.000000,21.000000,35.000000,42.000000,100.000000,50.000000,8.000000,8.000000,0.000000,0.000000,8.000000,8.000000,84.333333,178.833333,80.047289,51.582705,3.000000
2026-06-24T23:02:56.007781416Z,1000,per_hit,raw_percent_of_host,api-node1,api-node2,20,26,46,29.702970,20.792079,29.702970,41.584158,100.000000,50.000000,9.000000,7.000000,0.000000,0.000000,9.000000,7.000000,85.473684,135.148148,79.231493,63.633398,3.000000
2026-06-24T23:02:57.007780629Z,1000,per_hit,raw_percent_of_host,api-node1,api-node2,19,27,46,31.067961,18.918919,31.067961,37.837838,100.000000,50.000000,3.000000,9.000000,0.000000,0.000000,3.000000,9.000000,88.160000,127.440000,77.298059,61.005849,3.000000
2026-06-24T23:02:58.007780059Z,1000,per_hit,raw_percent_of_host,api-node1,api-node2,22,23,45,36.274510,18.181818,36.274510,36.363636,100.000000,50.000000,5.000000,9.000000,0.000000,0.000000,5.000000,9.000000,76.200000,158.478261,66.880093,60.844236,3.000000
2026-06-24T23:02:59.007783912Z,1000,per_hit,raw_percent_of_host,api-node1,api-node2,25,19,44,36.633663,19.191919,36.633663,38.383838,100.000000,50.000000,6.000000,6.000000,0.000000,0.000000,6.000000,6.000000,85.708333,156.136364,78.571025,55.612260,3.000000
2026-06-24T23:03:00.007780659Z,1000,per_hit,raw_percent_of_host,api-node1,api-node2,25,17,42,32.352941,18.918919,32.352941,37.837838,100.000000,50.000000,5.000000,6.000000,0.000000,0.000000,5.000000,6.000000,106.846154,126.058824,67.261655,54.691753,3.000000
2026-06-24T23:03:01.007780994Z,1000,per_hit,raw_percent_of_host,api-node1,api-node2,23,19,42,23.762376,20.353982,23.762376,40.707965,100.000000,50.000000,5.000000,4.000000,0.000000,0.000000,5.000000,4.000000,98.739130,127.476190,63.729351,53.142108,3.000000
2026-06-24T23:03:02.007781073Z,1000,per_hit,raw_percent_of_host,api-node1,api-node2,23,18,41,35.643564,18.750000,35.643564,37.500000,100.000000,50.000000,7.000000,5.000000,0.000000,0.000000,7.000000,5.000000,72.238095,140.117647,77.844820,65.145619,3.000000
2026-06-24T23:03:03.007782284Z,1000,per_hit,raw_percent_of_host,api-node1,api-node2,22,18,40,29.702970,18.181818,29.702970,36.363636,100.000000,50.000000,5.000000,3.000000,0.000000,0.000000,5.000000,3.000000,81.541667,151.350000,79.123084,64.080670,3.000000
2026-06-24T23:03:04.007780173Z,1000,per_hit,raw_percent_of_host,api-node1,api-node2,19,20,39,25.961538,19.469027,25.961538,38.938053,100.000000,50.000000,2.000000,4.000000,0.000000,0.000000,2.000000,4.000000,80.818182,130.210526,77.970064,60.164719,3.000000
2026-06-24T23:03:05.007785492Z,1000,per_hit,raw_percent_of_host,api-node1,api-node2,20,18,38,39.603960,12.612613,39.603960,25.225225,100.000000,50.000000,1.000000,5.000000,0.000000,0.000000,1.000000,5.000000,76.904762,108.882353,74.822267,65.228805,3.000000
2026-06-24T23:03:06.007780989Z,1000,per_hit,raw_percent_of_host,api-node1,api-node2,19,18,37,33.663366,14.285714,33.663366,28.571429,100.000000,50.000000,2.000000,4.000000,0.000000,0.000000,2.000000,4.000000,60.555556,136.105263,82.042850,63.999948,3.000000
2026-06-24T23:03:07.007780615Z,1000,per_hit,raw_percent_of_host,api-node1,api-node2,20,16,36,34.653465,16.363636,34.653465,32.727273,100.000000,50.000000,0.000000,4.000000,0.000000,0.000000,0.000000,4.000000,94.090909,114.312500,74.035768,56.216395,3.000000
2026-06-24T23:03:08.007780528Z,1000,per_hit,raw_percent_of_host,api-node1,api-node2,21,14,35,32.352941,16.000000,32.352941,32.000000,100.000000,50.000000,2.000000,2.000000,0.000000,0.000000,2.000000,2.000000,87.894737,110.562500,78.203240,68.952909,3.000000
2026-06-24T23:03:09.00778342Z,1000,per_hit,raw_percent_of_host,api-node1,api-node2,14,20,34,33.009709,18.018018,33.009709,36.036036,100.000000,50.000000,0.000000,7.000000,0.000000,0.000000,0.000000,7.000000,76.625000,119.866667,75.772830,71.801224,3.000000
2026-06-24T23:03:10.00778016Z,1000,per_hit,raw_percent_of_host,api-node1,api-node2,18,16,34,32.323232,17.117117,32.323232,34.234234,100.000000,50.000000,0.000000,3.000000,0.000000,0.000000,0.000000,3.000000,67.833333,125.500000,82.206518,65.281046,3.000000
2026-06-24T23:03:11.007782192Z,1000,per_hit,raw_percent_of_host,api-node1,api-node2,17,16,33,32.673267,17.171717,32.673267,34.343434,100.000000,50.000000,1.000000,4.000000,0.000000,0.000000,1.000000,4.000000,57.375000,117.200000,77.950678,67.297862,3.000000
2026-06-24T23:03:12.007782021Z,1000,per_hit,raw_percent_of_host,api-node1,api-node2,18,14,32,30.769231,16.216216,30.769231,32.432432,100.000000,50.000000,1.000000,2.000000,0.000000,0.000000,1.000000,2.000000,76.111111,159.562500,75.324308,59.701180,3.000000
2026-06-24T23:03:13.007780499Z,1000,per_hit,raw_percent_of_host,api-node1,api-node2,16,16,32,31.372549,18.181818,31.372549,36.363636,100.000000,50.000000,0.000000,2.000000,0.000000,0.000000,0.000000,2.000000,69.058824,153.250000,81.743987,68.024424,3.000000
2026-06-24T23:03:14.007781734Z,1000,per_hit,raw_percent_of_host,api-node1,api-node2,16,15,31,29.292929,18.750000,29.292929,37.500000,100.000000,50.000000,1.000000,1.000000,0.000000,0.000000,1.000000,1.000000,77.066667,130.062500,80.975742,55.563526,3.000000
2026-06-24T23:03:15.007781448Z,1000,per_hit,raw_percent_of_host,api-node1,api-node2,13,18,31,31.000000,18.181818,31.000000,36.363636,100.000000,50.000000,1.000000,2.000000,0.000000,0.000000,1.000000,2.000000,62.461538,128.529412,82.571364,77.594331,3.000000
2026-06-24T23:03:16.00778029Z,1000,per_hit,raw_percent_of_host,api-node1,api-node2,17,13,30,25.000000,16.161616,25.000000,32.323232,100.000000,50.000000,0.000000,2.000000,0.000000,0.000000,0.000000,2.000000,73.722222,105.846154,77.321228,66.433809,3.000000
2026-06-24T23:03:17.007780994Z,1000,per_hit,raw_percent_of_host,api-node1,api-node2,20,6,26,35.000000,15.454545,35.000000,30.909091,100.000000,50.000000,0.000000,0.000000,0.000000,0.000000,0.000000,0.000000,83.300000,87.000000,78.570515,75.790478,3.000000
2026-06-24T23:03:18.007781841Z,1000,per_hit,raw_percent_of_host,api-node1,api-node2,21,13,34,33.980583,18.918919,33.980583,37.837838,100.000000,50.000000,1.000000,1.000000,0.000000,0.000000,1.000000,1.000000,72.550000,96.833333,77.637822,68.595542,3.000000
2026-06-24T23:03:19.007780462Z,1000,per_hit,raw_percent_of_host,api-node1,api-node2,17,13,30,34.313725,18.000000,34.313725,36.000000,100.000000,50.000000,1.000000,1.000000,0.000000,0.000000,1.000000,1.000000,67.470588,86.153846,79.965108,76.013040,3.000000
2026-06-24T23:03:20.007780276Z,1000,per_hit,raw_percent_of_host,api-node1,api-node2,19,11,30,28.000000,18.181818,28.000000,36.363636,100.000000,50.000000,1.000000,2.000000,0.000000,0.000000,1.000000,2.000000,84.210526,111.700000,75.889157,60.650324,3.000000
2026-06-24T23:03:21.00778054Z,1000,per_hit,raw_percent_of_host,api-node1,api-node2,18,12,30,31.000000,16.831683,31.000000,33.663366,100.000000,50.000000,1.000000,2.000000,0.000000,0.000000,1.000000,2.000000,76.777778,101.916667,77.772289,72.306712,3.000000
2026-06-24T23:03:22.007782704Z,1000,per_hit,raw_percent_of_host,api-node1,api-node2,18,13,31,29.292929,18.018018,29.292929,36.036036,100.000000,50.000000,1.000000,2.000000,0.000000,0.000000,1.000000,2.000000,74.055556,118.769231,76.991681,68.809385,3.000000
2026-06-24T23:03:23.007782473Z,1000,per_hit,raw_percent_of_host,api-node1,api-node2,17,14,31,33.663366,18.811881,33.663366,37.623762,100.000000,50.000000,0.000000,2.000000,0.000000,0.000000,0.000000,2.000000,79.722222,93.071429,75.548184,74.294555,3.000000
2026-06-24T23:03:24.007780121Z,1000,per_hit,raw_percent_of_host,api-node1,api-node2,17,15,32,28.282828,20.202020,28.282828,40.404040,100.000000,50.000000,1.000000,1.000000,0.000000,0.000000,1.000000,1.000000,66.625000,92.000000,78.984654,68.349034,3.000000
2026-06-24T23:03:25.007782547Z,1000,per_hit,raw_percent_of_host,api-node1,api-node2,18,14,32,34.653465,13.513514,34.653465,27.027027,100.000000,50.000000,1.000000,1.000000,0.000000,0.000000,1.000000,1.000000,66.611111,110.428571,78.701636,65.633133,3.000000
2026-06-24T23:03:26.007781738Z,1000,per_hit,raw_percent_of_host,api-node1,api-node2,14,19,33,24.000000,18.918919,24.000000,37.837838,100.000000,50.000000,0.000000,2.000000,0.000000,0.000000,0.000000,2.000000,60.533333,130.111111,79.985596,56.275190,3.000000
2026-06-24T23:03:27.007780912Z,1000,per_hit,raw_percent_of_host,api-node1,api-node2,22,12,34,36.000000,14.285714,36.000000,28.571429,100.000000,50.000000,0.000000,2.000000,0.000000,0.000000,0.000000,2.000000,76.272727,95.500000,79.547587,73.499622,3.000000
2026-06-24T23:03:28.00778138Z,1000,per_hit,raw_percent_of_host,api-node1,api-node2,18,17,35,23.584906,20.000000,23.584906,40.000000,100.000000,50.000000,1.000000,0.000000,0.000000,0.000000,1.000000,0.000000,75.117647,120.210526,78.333451,61.143359,3.000000
2026-06-24T23:03:29.007780061Z,1000,per_hit,raw_percent_of_host,api-node1,api-node2,20,17,37,32.323232,20.869565,32.323232,41.739130,100.000000,50.000000,0.000000,3.000000,0.000000,0.000000,0.000000,3.000000,71.150000,90.214286,81.263859,68.107930,3.000000
2026-06-24T23:03:30.007780065Z,1000,per_hit,raw_percent_of_host,api-node1,api-node2,20,17,37,27.184466,18.018018,27.184466,36.036036,100.000000,50.000000,1.000000,1.000000,0.000000,0.000000,1.000000,1.000000,71.473684,107.000000,82.013306,65.874482,3.000000
2026-06-24T23:03:31.007782306Z,1000,per_hit,raw_percent_of_host,api-node1,api-node2,20,18,38,33.663366,20.792079,33.663366,41.584158,100.000000,50.000000,0.000000,4.000000,0.000000,0.000000,0.000000,4.000000,75.666667,110.066667,80.390802,60.689660,3.000000
2026-06-24T23:03:32.007780179Z,1000,per_hit,raw_percent_of_host,api-node1,api-node2,19,20,39,25.252525,18.181818,25.252525,36.363636,100.000000,50.000000,1.000000,2.000000,0.000000,0.000000,1.000000,2.000000,73.555556,160.045455,80.454465,58.644730,3.000000
2026-06-24T23:03:33.007780051Z,1000,per_hit,raw_percent_of_host,api-node1,api-node2,25,15,40,33.000000,19.101124,33.000000,38.202247,100.000000,50.000000,1.000000,0.000000,0.000000,0.000000,1.000000,0.000000,81.760000,117.117647,66.901165,73.493415,3.000000
2026-06-24T23:03:34.007780821Z,1000,per_hit,raw_percent_of_host,api-node1,api-node2,28,13,41,31.683168,18.918919,31.683168,37.837838,100.000000,50.000000,0.000000,2.000000,0.000000,0.000000,0.000000,2.000000,83.103448,88.909091,77.547676,60.466357,3.000000
2026-06-24T23:03:35.007780669Z,1000,per_hit,raw_percent_of_host,api-node1,api-node2,25,17,42,32.673267,15.151515,32.673267,30.303030,100.000000,50.000000,2.000000,0.000000,0.000000,0.000000,2.000000,0.000000,72.086957,112.473684,78.726783,69.316230,3.000000
2026-06-24T23:03:36.007782511Z,1000,per_hit,raw_percent_of_host,api-node1,api-node2,20,23,43,32.653061,21.590909,32.653061,43.181818,100.000000,50.000000,0.000000,4.000000,0.000000,0.000000,0.000000,4.000000,92.863636,101.421053,75.645645,64.638824,3.000000
2026-06-24T23:03:37.007782108Z,1000,per_hit,raw_percent_of_host,api-node1,api-node2,21,23,44,18.367347,26.732673,18.367347,53.465347,100.000000,50.000000,1.000000,2.000000,0.000000,0.000000,1.000000,2.000000,77.300000,127.640000,79.587051,63.542523,3.000000
2026-06-24T23:03:38.007780753Z,1000,per_hit,raw_percent_of_host,api-node1,api-node2,25,20,45,25.490196,21.782178,25.490196,43.564356,100.000000,50.000000,0.000000,2.000000,0.000000,0.000000,0.000000,2.000000,81.692308,128.850000,75.644624,61.290368,3.000000
2026-06-24T23:03:39.007780459Z,1000,per_hit,raw_percent_of_host,api-node1,api-node2,29,17,46,37.373737,20.792079,37.373737,41.584158,100.000000,50.000000,1.000000,0.000000,0.000000,0.000000,1.000000,0.000000,85.321429,119.684211,73.969282,65.928932,3.000000
2026-06-24T23:03:40.007780289Z,1000,per_hit,raw_percent_of_host,api-node1,api-node2,25,22,47,33.000000,26.136364,33.000000,52.272727,100.000000,50.000000,1.000000,1.000000,0.000000,0.000000,1.000000,1.000000,77.440000,149.000000,74.262005,71.465875,3.000000
2026-06-24T23:03:41.007780609Z,1000,per_hit,raw_percent_of_host,api-node1,api-node2,30,17,47,37.623762,15.151515,37.623762,30.303030,100.000000,50.000000,1.000000,1.000000,0.000000,0.000000,1.000000,1.000000,80.900000,109.117647,77.609987,60.292643,3.000000
2026-06-24T23:03:42.0077806Z,1000,per_hit,raw_percent_of_host,api-node1,api-node2,33,15,48,45.454545,17.977528,45.454545,35.955056,100.000000,50.000000,0.000000,1.000000,0.000000,0.000000,0.000000,1.000000,94.000000,87.733333,77.847972,61.233069,3.000000
2026-06-24T23:03:43.007781881Z,1000,per_hit,raw_percent_of_host,api-node1,api-node2,26,23,49,32.323232,25.252525,32.323232,50.505051,100.000000,50.000000,0.000000,1.000000,0.000000,0.000000,0.000000,1.000000,82.230769,149.086957,74.648363,71.244812,3.000000
2026-06-24T23:03:44.007780197Z,1000,per_hit,raw_percent_of_host,api-node1,api-node2,28,21,49,47.474747,20.454545,47.474747,40.909091,100.000000,50.000000,0.000000,2.000000,0.000000,0.000000,0.000000,2.000000,93.857143,126.250000,76.093122,64.058715,3.000000
2026-06-24T23:03:45.007780834Z,1000,per_hit,raw_percent_of_host,api-node1,api-node2,23,26,49,32.323232,23.595506,32.323232,47.191011,100.000000,50.000000,0.000000,2.000000,0.000000,0.000000,0.000000,2.000000,79.826087,141.884615,77.391446,66.239516,3.000000
2026-06-24T23:03:46.00778011Z,1000,per_hit,raw_percent_of_host,api-node1,api-node2,29,21,50,33.663366,21.649485,33.663366,43.298969,100.000000,50.000000,1.000000,0.000000,0.000000,0.000000,1.000000,0.000000,85.714286,145.000000,79.352330,64.480613,3.000000
2026-06-24T23:03:47.007782059Z,1000,per_hit,raw_percent_of_host,api-node1,api-node2,34,16,50,33.000000,18.181818,33.000000,36.363636,100.000000,50.000000,1.000000,0.000000,0.000000,0.000000,1.000000,0.000000,110.000000,112.687500,68.466452,56.413777,3.000000
2026-06-24T23:03:48.00778331Z,1000,per_hit,raw_percent_of_host,api-node1,api-node2,29,21,50,37.373737,23.863636,37.373737,47.727273,100.000000,50.000000,1.000000,1.000000,0.000000,0.000000,1.000000,1.000000,77.862069,130.950000,76.256959,73.935672,3.000000
2026-06-24T23:03:49.007780747Z,1000,per_hit,raw_percent_of_host,api-node1,api-node2,28,22,50,32.323232,24.719101,32.323232,49.438202,100.000000,50.000000,0.000000,2.000000,0.000000,0.000000,0.000000,2.000000,86.241379,144.571429,72.282683,66.763502,3.000000
2026-06-24T23:03:50.00778073Z,1000,per_hit,raw_percent_of_host,api-node1,api-node2,24,26,50,34.000000,26.732673,34.000000,53.465347,100.000000,50.000000,0.000000,3.000000,0.000000,0.000000,0.000000,3.000000,80.416667,156.200000,77.393222,60.098793,3.000000
2026-06-24T23:03:51.007783481Z,1000,per_hit,raw_percent_of_host,api-node1,api-node2,24,26,50,33.663366,28.712871,33.663366,57.425743,100.000000,50.000000,0.000000,4.000000,0.000000,0.000000,0.000000,4.000000,74.458333,168.960000,79.610642,59.333728,3.000000
2026-06-24T23:03:52.00778247Z,1000,per_hit,raw_percent_of_host,api-node1,api-node2,27,23,50,32.323232,23.762376,32.323232,47.524752,100.000000,50.000000,1.000000,0.000000,0.000000,0.000000,1.000000,0.000000,77.846154,152.703704,80.370274,60.396086,3.000000
2026-06-24T23:03:53.007781525Z,1000,per_hit,raw_percent_of_host,api-node1,api-node2,22,27,49,31.632653,28.089888,31.632653,56.179775,100.000000,50.000000,1.000000,0.000000,0.000000,0.000000,1.000000,0.000000,81.227273,139.777778,77.498198,69.566303,3.000000
2026-06-24T23:03:54.007783076Z,1000,per_hit,raw_percent_of_host,api-node1,api-node2,25,24,49,36.000000,20.000000,36.000000,40.000000,100.000000,50.000000,0.000000,1.000000,0.000000,0.000000,0.000000,1.000000,74.846154,146.304348,80.420853,59.664725,3.000000
2026-06-24T23:03:55.007782348Z,1000,per_hit,raw_percent_of_host,api-node1,api-node2,18,30,48,30.000000,25.000000,30.000000,50.000000,100.000000,50.000000,0.000000,3.000000,0.000000,0.000000,0.000000,3.000000,59.277778,154.285714,78.640336,64.098339,3.000000
2026-06-24T23:03:56.007780269Z,1000,per_hit,raw_percent_of_host,api-node1,api-node2,22,25,47,38.613861,20.202020,38.613861,40.404040,100.000000,50.000000,0.000000,3.000000,0.000000,0.000000,0.000000,3.000000,69.045455,131.280000,80.824689,64.045818,3.000000
2026-06-24T23:03:57.007782672Z,1000,per_hit,raw_percent_of_host,api-node1,api-node2,27,20,47,25.490196,21.000000,25.490196,42.000000,100.000000,50.000000,1.000000,0.000000,0.000000,0.000000,1.000000,0.000000,88.360000,134.260870,75.082673,53.164022,3.000000
2026-06-24T23:03:58.00778193Z,1000,per_hit,raw_percent_of_host,api-node1,api-node2,28,18,46,49.019608,16.000000,49.019608,32.000000,100.000000,50.000000,0.000000,4.000000,0.000000,0.000000,0.000000,4.000000,100.068966,95.285714,73.592328,60.934279,3.000000
2026-06-24T23:03:59.007780485Z,1000,per_hit,raw_percent_of_host,api-node1,api-node2,24,21,45,24.242424,21.000000,24.242424,42.000000,100.000000,50.000000,0.000000,2.000000,0.000000,0.000000,0.000000,2.000000,80.166667,129.217391,73.470551,53.664230,3.000000
2026-06-24T23:04:00.007780191Z,1000,per_hit,raw_percent_of_host,api-node1,api-node2,24,20,44,37.373737,17.241379,37.373737,34.482759,100.000000,50.000000,1.000000,2.000000,0.000000,0.000000,1.000000,2.000000,71.434783,93.450000,75.518987,70.384199,3.000000
2026-06-24T23:04:01.007782562Z,1000,per_hit,raw_percent_of_host,api-node1,api-node2,26,17,43,26.000000,22.471910,26.000000,44.943820,100.000000,50.000000,0.000000,2.000000,0.000000,0.000000,0.000000,2.000000,78.000000,123.176471,72.031944,52.478064,3.000000
2026-06-24T23:04:02.00778222Z,1000,per_hit,raw_percent_of_host,api-node1,api-node2,26,16,42,38.000000,11.494253,38.000000,22.988506,100.000000,50.000000,0.000000,1.000000,0.000000,0.000000,0.000000,1.000000,76.961538,102.705882,76.131517,71.378949,3.000000
2026-06-24T23:04:03.007780024Z,1000,per_hit,raw_percent_of_host,api-node1,api-node2,19,22,41,35.714286,22.222222,35.714286,44.444444,100.000000,50.000000,0.000000,1.000000,0.000000,0.000000,0.000000,1.000000,65.157895,108.045455,79.784377,68.120847,3.000000
2026-06-24T23:04:04.007781808Z,1000,per_hit,raw_percent_of_host,api-node1,api-node2,22,18,40,34.343434,20.792079,34.343434,41.584158,100.000000,50.000000,1.000000,1.000000,0.000000,0.000000,1.000000,1.000000,68.571429,106.555556,79.396656,69.853947,3.000000
2026-06-24T23:04:05.00778148Z,1000,per_hit,raw_percent_of_host,api-node1,api-node2,22,17,39,31.683168,16.000000,31.683168,32.000000,100.000000,50.000000,1.000000,3.000000,0.000000,0.000000,1.000000,3.000000,75.318182,89.066667,74.633445,68.423957,3.000000
2026-06-24T23:04:06.007781671Z,1000,per_hit,raw_percent_of_host,api-node1,api-node2,22,16,38,33.000000,19.090909,33.000000,38.181818,100.000000,50.000000,0.000000,3.000000,0.000000,0.000000,0.000000,3.000000,76.043478,131.437500,72.329446,66.417498,3.000000
2026-06-24T23:04:07.007782716Z,1000,per_hit,raw_percent_of_host,api-node1,api-node2,19,18,37,24.242424,17.117117,24.242424,34.234234,100.000000,50.000000,0.000000,3.000000,0.000000,0.000000,0.000000,3.000000,65.421053,116.888889,80.211844,58.826427,3.000000
2026-06-24T23:04:08.007780053Z,1000,per_hit,raw_percent_of_host,api-node1,api-node2,19,17,36,25.000000,21.839080,25.000000,43.678161,100.000000,50.000000,0.000000,3.000000,0.000000,0.000000,0.000000,3.000000,68.526316,105.823529,81.124600,57.489239,3.000000
2026-06-24T23:04:09.007782461Z,1000,per_hit,raw_percent_of_host,api-node1,api-node2,19,16,35,38.000000,15.151515,38.000000,30.303030,100.000000,50.000000,0.000000,2.000000,0.000000,0.000000,0.000000,2.000000,66.210526,90.529412,80.554885,66.996273,3.000000
2026-06-24T23:04:10.007779971Z,1000,per_hit,raw_percent_of_host,api-node1,api-node2,16,18,34,28.712871,18.750000,28.712871,37.500000,100.000000,50.000000,0.000000,2.000000,0.000000,0.000000,0.000000,2.000000,62.062500,127.000000,81.852114,59.134163,3.000000
2026-06-24T23:04:11.007780285Z,1000,per_hit,raw_percent_of_host,api-node1,api-node2,18,15,33,23.232323,18.018018,23.232323,36.036036,100.000000,50.000000,1.000000,0.000000,0.000000,0.000000,1.000000,0.000000,73.882353,124.941176,78.535787,58.779110,3.000000
2026-06-24T23:04:12.007780039Z,1000,per_hit,raw_percent_of_host,api-node1,api-node2,19,13,32,30.303030,20.202020,30.303030,40.404040,100.000000,50.000000,0.000000,1.000000,0.000000,0.000000,0.000000,1.000000,69.250000,97.750000,79.958215,72.647973,3.000000
2026-06-24T23:04:13.007781459Z,1000,per_hit,raw_percent_of_host,api-node1,api-node2,20,12,32,32.000000,17.117117,32.000000,34.234234,100.000000,50.000000,0.000000,2.000000,0.000000,0.000000,0.000000,2.000000,68.200000,94.636364,79.390814,73.650580,3.000000
2026-06-24T23:04:14.007780687Z,1000,per_hit,raw_percent_of_host,api-node1,api-node2,18,13,31,30.769231,18.750000,30.769231,37.500000,100.000000,50.000000,1.000000,1.000000,0.000000,0.000000,1.000000,1.000000,69.352941,110.357143,81.364741,67.055479,3.000000
2026-06-24T23:04:15.007781345Z,1000,per_hit,raw_percent_of_host,api-node1,api-node2,15,16,31,23.000000,19.469027,23.000000,38.938053,100.000000,50.000000,0.000000,4.000000,0.000000,0.000000,0.000000,4.000000,70.750000,112.307692,81.017531,60.040684,3.000000
2026-06-24T23:04:16.007783281Z,1000,per_hit,raw_percent_of_host,api-node1,api-node2,15,15,30,33.980583,18.018018,33.980583,36.036036,100.000000,50.000000,1.000000,2.000000,0.000000,0.000000,1.000000,2.000000,56.428571,119.882353,82.376321,68.288556,3.000000
2026-06-24T23:04:17.007780369Z,1000,per_hit,raw_percent_of_host,api-node1,api-node2,16,14,30,33.333333,20.000000,33.333333,40.000000,100.000000,50.000000,1.000000,1.000000,0.000000,0.000000,1.000000,1.000000,63.625000,91.466667,82.319830,73.007823,3.000000
2026-06-24T23:04:18.007780196Z,1000,per_hit,raw_percent_of_host,api-node1,api-node2,18,12,30,33.000000,16.161616,33.000000,32.323232,100.000000,50.000000,1.000000,0.000000,0.000000,0.000000,1.000000,0.000000,67.277778,80.615385,80.589513,76.673620,3.000000
2026-06-24T23:04:19.007782867Z,1000,per_hit,raw_percent_of_host,api-node1,api-node2,14,16,30,23.000000,15.151515,23.000000,30.303030,100.000000,50.000000,1.000000,3.000000,0.000000,0.000000,1.000000,3.000000,72.785714,112.076923,76.946922,62.579467,3.000000
2026-06-24T23:04:20.007781963Z,1000,per_hit,raw_percent_of_host,api-node1,api-node2,21,9,30,28.712871,20.000000,28.712871,40.000000,100.000000,50.000000,1.000000,1.000000,0.000000,0.000000,1.000000,1.000000,76.333333,93.636364,80.673618,70.271231,3.000000
2026-06-24T23:04:21.007780689Z,1000,per_hit,raw_percent_of_host,api-node1,api-node2,11,19,30,29.000000,18.750000,29.000000,37.500000,100.000000,50.000000,0.000000,2.000000,0.000000,0.000000,0.000000,2.000000,54.166667,112.500000,82.662305,74.157120,3.000000
2026-06-24T23:04:22.007780719Z,1000,per_hit,raw_percent_of_host,api-node1,api-node2,17,14,31,29.702970,18.750000,29.702970,37.500000,100.000000,50.000000,0.000000,2.000000,0.000000,0.000000,0.000000,2.000000,85.941176,102.642857,78.410366,63.281463,3.000000
2026-06-24T23:04:23.007782227Z,1000,per_hit,raw_percent_of_host,api-node1,api-node2,13,18,31,27.450980,23.423423,27.450980,46.846847,100.000000,50.000000,1.000000,2.000000,0.000000,0.000000,1.000000,2.000000,72.500000,106.000000,76.425727,68.200499,3.000000
2026-06-24T23:04:24.007781033Z,1000,per_hit,raw_percent_of_host,api-node1,api-node2,16,16,32,33.009709,28.712871,33.009709,57.425743,100.000000,50.000000,0.000000,3.000000,0.000000,0.000000,0.000000,3.000000,64.941176,85.866667,80.967691,69.417530,3.000000
2026-06-24T23:04:25.007780612Z,1000,per_hit,raw_percent_of_host,api-node1,api-node2,15,17,32,32.673267,18.750000,32.673267,37.500000,100.000000,50.000000,1.000000,1.000000,0.000000,0.000000,1.000000,1.000000,55.571429,120.631579,82.963362,66.638422,3.000000
2026-06-24T23:04:26.007780038Z,1000,per_hit,raw_percent_of_host,api-node1,api-node2,21,12,33,45.098039,18.181818,45.098039,36.363636,100.000000,50.000000,1.000000,2.000000,0.000000,0.000000,1.000000,2.000000,73.476190,91.181818,76.484912,67.628301,3.000000
2026-06-24T23:04:27.007780802Z,1000,per_hit,raw_percent_of_host,api-node1,api-node2,20,14,34,45.000000,24.324324,45.000000,48.648649,100.000000,50.000000,0.000000,2.000000,0.000000,0.000000,0.000000,2.000000,66.809524,91.642857,80.537466,72.801985,3.000000
2026-06-24T23:04:28.007780186Z,1000,per_hit,raw_percent_of_host,api-node1,api-node2,20,15,35,37.000000,27.272727,37.000000,54.545455,100.000000,50.000000,0.000000,1.000000,0.000000,0.000000,0.000000,1.000000,83.550000,72.375000,80.485882,77.743019,3.000000
2026-06-24T23:04:29.007780061Z,1000,per_hit,raw_percent_of_host,api-node1,api-node2,17,19,36,48.484848,24.000000,48.484848,48.000000,100.000000,50.000000,0.000000,2.000000,0.000000,0.000000,0.000000,2.000000,55.470588,85.722222,81.742737,74.360849,3.000000
2026-06-24T23:04:30.007780716Z,1000,per_hit,raw_percent_of_host,api-node1,api-node2,24,13,37,47.524752,21.818182,47.524752,43.636364,100.000000,50.000000,0.000000,2.000000,0.000000,0.000000,0.000000,2.000000,77.083333,93.461538,76.764812,66.158420,3.000000
2026-06-24T23:04:31.007780144Z,1000,per_hit,raw_percent_of_host,api-node1,api-node2,21,17,38,45.918367,23.636364,45.918367,47.272727,100.000000,50.000000,1.000000,2.000000,0.000000,0.000000,1.000000,2.000000,65.800000,119.529412,79.507088,72.511414,3.000000
2026-06-24T23:04:32.007781905Z,1000,per_hit,raw_percent_of_host,api-node1,api-node2,26,13,39,47.572816,25.252525,47.572816,50.505051,100.000000,50.000000,0.000000,1.000000,0.000000,0.000000,0.000000,1.000000,88.370370,104.214286,78.221732,64.576850,3.000000
2026-06-24T23:04:33.007780039Z,1000,per_hit,raw_percent_of_host,api-node1,api-node2,23,17,40,51.000000,29.292929,51.000000,58.585859,100.000000,50.000000,0.000000,2.000000,0.000000,0.000000,0.000000,2.000000,78.608696,110.187500,78.228416,64.140754,3.000000
2026-06-24T23:04:34.007781662Z,1000,per_hit,raw_percent_of_host,api-node1,api-node2,23,18,41,48.484848,26.126126,48.484848,52.252252,100.000000,50.000000,1.000000,4.000000,0.000000,0.000000,1.000000,4.000000,95.272727,93.812500,78.196737,73.903488,3.000000
2026-06-24T23:04:35.007780839Z,1000,per_hit,raw_percent_of_host,api-node1,api-node2,22,20,42,41.414141,26.000000,41.414141,52.000000,100.000000,50.000000,0.000000,2.000000,0.000000,0.000000,0.000000,2.000000,73.608696,119.000000,79.219095,63.823834,3.000000
2026-06-24T23:04:36.007781924Z,1000,per_hit,raw_percent_of_host,api-node1,api-node2,24,19,43,51.923077,24.545455,51.923077,49.090909,100.000000,50.000000,0.000000,2.000000,0.000000,0.000000,0.000000,2.000000,67.125000,128.263158,79.758958,65.091354,3.000000
2026-06-24T23:04:37.00778048Z,1000,per_hit,raw_percent_of_host,api-node1,api-node2,24,20,44,48.000000,26.262626,48.000000,52.525253,100.000000,50.000000,0.000000,3.000000,0.000000,0.000000,0.000000,3.000000,74.166667,101.210526,79.487738,66.592778,3.000000
2026-06-24T23:04:38.007780456Z,1000,per_hit,raw_percent_of_host,api-node1,api-node2,32,13,45,51.000000,24.752475,51.000000,49.504950,100.000000,50.000000,1.000000,1.000000,0.000000,0.000000,1.000000,1.000000,91.193548,115.866667,74.755290,48.526752,3.000000
2026-06-24T23:04:39.007780236Z,1000,per_hit,raw_percent_of_host,api-node1,api-node2,26,20,46,46.000000,25.742574,46.000000,51.485149,100.000000,50.000000,0.000000,1.000000,0.000000,0.000000,0.000000,1.000000,90.148148,150.800000,73.636909,62.319032,3.000000
2026-06-24T23:04:40.007781476Z,1000,per_hit,raw_percent_of_host,api-node1,api-node2,28,19,47,50.000000,20.202020,50.000000,40.404040,100.000000,50.000000,1.000000,0.000000,0.000000,0.000000,1.000000,0.000000,80.592593,112.500000,79.425739,62.785761,3.000000
2026-06-24T23:04:41.007780459Z,1000,per_hit,raw_percent_of_host,api-node1,api-node2,21,26,47,41.176471,26.785714,41.176471,53.571429,100.000000,50.000000,0.000000,2.000000,0.000000,0.000000,0.000000,2.000000,78.363636,183.791667,78.487314,61.676062,3.000000
2026-06-24T23:04:42.007782367Z,1000,per_hit,raw_percent_of_host,api-node1,api-node2,26,22,48,50.495050,26.785714,50.495050,53.571429,100.000000,50.000000,0.000000,1.000000,0.000000,0.000000,0.000000,1.000000,79.730769,155.913043,78.620001,62.076481,3.000000
2026-06-24T23:04:43.007781688Z,1000,per_hit,raw_percent_of_host,api-node1,api-node2,26,23,49,50.495050,25.892857,50.495050,51.785714,100.000000,50.000000,1.000000,2.000000,0.000000,0.000000,1.000000,2.000000,84.120000,164.181818,78.128548,61.482541,3.000000
2026-06-24T23:04:44.007783115Z,1000,per_hit,raw_percent_of_host,api-node1,api-node2,27,21,48,51.000000,26.785714,51.000000,53.571429,100.000000,50.000000,1.000000,1.000000,0.000000,0.000000,1.000000,1.000000,88.592593,170.045455,72.870044,43.027048,3.000000
2026-06-24T23:04:45.007780861Z,1000,per_hit,raw_percent_of_host,api-node1,api-node2,24,26,50,50.980392,25.000000,50.980392,50.000000,100.000000,50.000000,0.000000,3.000000,0.000000,0.000000,0.000000,3.000000,81.680000,139.833333,75.271505,65.891586,3.000000
2026-06-24T23:04:46.007781421Z,1000,per_hit,raw_percent_of_host,api-node1,api-node2,29,21,50,46.534653,28.000000,46.534653,56.000000,100.000000,50.000000,1.000000,1.000000,0.000000,0.000000,1.000000,1.000000,97.821429,146.652174,77.326395,61.723306,3.000000
2026-06-24T23:04:47.007780945Z,1000,per_hit,raw_percent_of_host,api-node1,api-node2,26,24,50,50.495050,24.324324,50.495050,48.648649,100.000000,50.000000,0.000000,2.000000,0.000000,0.000000,0.000000,2.000000,102.814815,165.000000,73.332846,59.013391,3.000000
2026-06-24T23:04:48.007780424Z,1000,per_hit,raw_percent_of_host,api-node1,api-node2,32,18,50,50.980392,20.000000,50.980392,40.000000,100.000000,50.000000,0.000000,1.000000,0.000000,0.000000,0.000000,1.000000,87.031250,115.000000,74.045956,67.042019,3.000000
2026-06-24T23:04:49.007782223Z,1000,per_hit,raw_percent_of_host,api-node1,api-node2,31,19,50,49.504950,24.107143,49.504950,48.214286,100.000000,50.000000,1.000000,0.000000,0.000000,0.000000,1.000000,0.000000,106.466667,117.500000,74.045984,64.714556,3.000000
2026-06-24T23:04:50.007780178Z,1000,per_hit,raw_percent_of_host,api-node1,api-node2,30,20,50,50.000000,27.000000,50.000000,54.000000,100.000000,50.000000,1.000000,1.000000,0.000000,0.000000,1.000000,1.000000,85.233333,148.736842,77.664796,68.906186,3.000000
2026-06-24T23:04:51.007780489Z,1000,per_hit,raw_percent_of_host,api-node1,api-node2,30,20,50,51.000000,26.000000,51.000000,52.000000,100.000000,50.000000,0.000000,4.000000,0.000000,0.000000,0.000000,4.000000,129.741935,143.000000,71.177608,60.660348,3.000000
2026-06-24T23:04:52.007781821Z,1000,per_hit,raw_percent_of_host,api-node1,api-node2,29,20,49,48.000000,29.411765,48.000000,58.823529,100.000000,50.000000,1.000000,0.000000,0.000000,0.000000,1.000000,0.000000,102.035714,149.625000,72.317050,59.938028,3.000000
2026-06-24T23:04:53.007782667Z,1000,per_hit,raw_percent_of_host,api-node1,api-node2,29,20,49,51.923077,23.423423,51.923077,46.846847,100.000000,50.000000,0.000000,2.000000,0.000000,0.000000,0.000000,2.000000,92.833333,162.888889,74.360888,59.233523,3.000000
2026-06-24T23:04:54.007784499Z,1000,per_hit,raw_percent_of_host,api-node1,api-node2,24,24,48,47.115385,28.318584,47.115385,56.637168,100.000000,50.000000,1.000000,3.000000,0.000000,0.000000,1.000000,3.000000,96.608696,199.086957,76.219670,60.902504,3.000000
2026-06-24T23:04:55.0077803Z,1000,per_hit,raw_percent_of_host,api-node1,api-node2,28,20,48,49.000000,26.000000,49.000000,52.000000,100.000000,50.000000,0.000000,4.000000,0.000000,0.000000,0.000000,4.000000,87.724138,108.052632,79.331126,54.881811,3.000000
2026-06-24T23:04:56.00778114Z,1000,per_hit,raw_percent_of_host,api-node1,api-node2,26,21,47,50.000000,26.732673,50.000000,53.465347,100.000000,50.000000,1.000000,0.000000,0.000000,0.000000,1.000000,0.000000,78.440000,137.720000,79.233261,48.972113,3.000000
2026-06-24T23:04:57.007780175Z,1000,per_hit,raw_percent_of_host,api-node1,api-node2,24,23,47,48.000000,26.785714,48.000000,53.571429,100.000000,50.000000,1.000000,1.000000,0.000000,0.000000,1.000000,1.000000,74.791667,158.681818,79.162949,59.718122,3.000000
2026-06-24T23:04:58.007780726Z,1000,per_hit,raw_percent_of_host,api-node1,api-node2,25,21,46,50.495050,27.000000,50.495050,54.000000,100.000000,50.000000,0.000000,2.000000,0.000000,0.000000,0.000000,2.000000,71.807692,107.950000,79.485970,70.086372,3.000000
2026-06-24T23:04:59.00778054Z,1000,per_hit,raw_percent_of_host,api-node1,api-node2,23,22,45,50.000000,26.126126,50.000000,52.252252,100.000000,50.000000,0.000000,3.000000,0.000000,0.000000,0.000000,3.000000,106.956522,131.238095,73.911033,61.012733,3.000000
2026-06-24T23:05:00.007780475Z,1000,per_hit,raw_percent_of_host,api-node1,api-node2,28,16,44,50.980392,20.000000,50.980392,40.000000,100.000000,50.000000,0.000000,3.000000,0.000000,0.000000,0.000000,3.000000,89.000000,94.125000,75.306980,56.761717,3.000000
2026-06-24T23:05:01.00778239Z,1000,per_hit,raw_percent_of_host,api-node1,api-node2,26,17,43,50.000000,23.893805,50.000000,47.787611,100.000000,50.000000,1.000000,1.000000,0.000000,0.000000,1.000000,1.000000,83.800000,112.684211,74.213419,65.576170,3.000000
2026-06-24T23:05:02.007782318Z,1000,per_hit,raw_percent_of_host,api-node1,api-node2,26,16,42,41.584158,22.222222,41.584158,44.444444,100.000000,50.000000,0.000000,3.000000,0.000000,0.000000,0.000000,3.000000,93.888889,79.785714,74.192911,72.927571,3.000000
2026-06-24T23:05:03.007780881Z,1000,per_hit,raw_percent_of_host,api-node1,api-node2,24,17,41,44.444444,22.522523,44.444444,45.045045,100.000000,50.000000,0.000000,1.000000,0.000000,0.000000,0.000000,1.000000,93.958333,136.473684,74.174746,56.913860,3.000000
2026-06-24T23:05:04.00778371Z,1000,per_hit,raw_percent_of_host,api-node1,api-node2,20,20,40,48.039216,23.893805,48.039216,47.787611,100.000000,50.000000,1.000000,1.000000,0.000000,0.000000,1.000000,1.000000,58.684211,138.550000,80.979323,59.827644,3.000000
2026-06-24T23:05:05.007786801Z,1000,per_hit,raw_percent_of_host,api-node1,api-node2,25,14,39,42.156863,14.414414,42.156863,28.828829,100.000000,50.000000,0.000000,4.000000,0.000000,0.000000,0.000000,4.000000,64.769231,111.909091,80.758936,63.380528,3.000000
2026-06-24T23:05:06.00778327Z,1000,per_hit,raw_percent_of_host,api-node1,api-node2,22,16,38,44.000000,26.732673,44.000000,53.465347,100.000000,50.000000,1.000000,3.000000,0.000000,0.000000,1.000000,3.000000,84.095238,85.705882,77.397265,71.517062,3.000000
2026-06-24T23:05:07.00778028Z,1000,per_hit,raw_percent_of_host,api-node1,api-node2,21,16,37,42.000000,23.214286,42.000000,46.428571,100.000000,50.000000,0.000000,3.000000,0.000000,0.000000,0.000000,3.000000,79.545455,123.687500,79.303453,55.572326,3.000000
2026-06-24T23:05:08.007781331Z,1000,per_hit,raw_percent_of_host,api-node1,api-node2,22,14,36,45.544554,23.214286,45.544554,46.428571,100.000000,50.000000,1.000000,0.000000,0.000000,0.000000,1.000000,0.000000,71.285714,107.588235,79.581818,72.655328,3.000000
2026-06-24T23:05:09.007782048Z,1000,per_hit,raw_percent_of_host,api-node1,api-node2,23,12,35,42.000000,14.285714,42.000000,28.571429,100.000000,50.000000,0.000000,3.000000,0.000000,0.000000,0.000000,3.000000,77.291667,103.444444,75.080618,62.809901,3.000000
2026-06-24T23:05:10.007783165Z,1000,per_hit,raw_percent_of_host,api-node1,api-node2,18,15,33,35.000000,21.000000,35.000000,42.000000,100.000000,50.000000,0.000000,1.000000,0.000000,0.000000,0.000000,1.000000,77.944444,89.647059,81.842963,69.403002,3.000000
2026-06-24T23:05:11.00778096Z,1000,per_hit,raw_percent_of_host,api-node1,api-node2,17,16,33,47.524752,20.720721,47.524752,41.441441,100.000000,50.000000,0.000000,3.000000,0.000000,0.000000,0.000000,3.000000,68.882353,135.285714,72.960821,77.216044,3.000000
2026-06-24T23:05:12.007782153Z,1000,per_hit,raw_percent_of_host,api-node1,api-node2,16,17,33,30.693069,23.423423,30.693069,46.846847,100.000000,50.000000,1.000000,1.000000,0.000000,0.000000,1.000000,1.000000,76.333333,126.263158,76.453520,53.736312,3.000000
2026-06-24T23:05:13.007781249Z,1000,per_hit,raw_percent_of_host,api-node1,api-node2,18,13,31,39.000000,24.242424,39.000000,48.484848,100.000000,50.000000,0.000000,1.000000,0.000000,0.000000,0.000000,1.000000,72.842105,97.769231,76.434141,62.570333,3.000000
2026-06-24T23:05:14.007780119Z,1000,per_hit,raw_percent_of_host,api-node1,api-node2,14,17,31,43.434343,24.242424,43.434343,48.484848,100.000000,50.000000,1.000000,1.000000,0.000000,0.000000,1.000000,1.000000,51.461538,96.529412,83.119149,74.403863,3.000000
2026-06-24T23:05:15.007787183Z,1000,per_hit,raw_percent_of_host,api-node1,api-node2,14,16,30,37.755102,24.000000,37.755102,48.000000,100.000000,50.000000,0.000000,2.000000,0.000000,0.000000,0.000000,2.000000,53.466667,94.200000,82.607233,70.965701,3.000000
2026-06-24T23:05:16.007780538Z,1000,per_hit,raw_percent_of_host,api-node1,api-node2,17,13,30,39.603960,25.252525,39.603960,50.505051,100.000000,50.000000,0.000000,1.000000,0.000000,0.000000,0.000000,1.000000,67.588235,84.714286,81.099382,73.686728,3.000000
2026-06-24T23:05:17.007782573Z,1000,per_hit,raw_percent_of_host,api-node1,api-node2,19,11,30,42.424242,18.918919,42.424242,37.837838,100.000000,50.000000,1.000000,0.000000,0.000000,0.000000,1.000000,0.000000,59.722222,91.833333,82.385725,71.587577,3.000000
2026-06-24T23:05:18.007781348Z,1000,per_hit,raw_percent_of_host,api-node1,api-node2,12,18,30,20.000000,20.202020,20.000000,40.404040,100.000000,50.000000,0.000000,4.000000,0.000000,0.000000,0.000000,4.000000,81.538462,101.500000,79.882053,66.240495,3.000000
2026-06-24T23:05:19.00778266Z,1000,per_hit,raw_percent_of_host,api-node1,api-node2,16,14,30,30.000000,25.000000,30.000000,50.000000,100.000000,50.000000,0.000000,2.000000,0.000000,0.000000,0.000000,2.000000,73.437500,118.187500,75.435936,57.046254,3.000000
2026-06-24T23:05:20.007780383Z,1000,per_hit,raw_percent_of_host,api-node1,api-node2,16,14,30,48.039216,18.918919,48.039216,37.837838,100.000000,50.000000,1.000000,2.000000,0.000000,0.000000,1.000000,2.000000,53.200000,98.071429,81.870563,77.431028,3.000000
2026-06-24T23:05:21.007782958Z,1000,per_hit,raw_percent_of_host,api-node1,api-node2,18,12,30,44.444444,23.232323,44.444444,46.464646,100.000000,50.000000,1.000000,0.000000,0.000000,0.000000,1.000000,0.000000,56.222222,88.071429,82.660873,66.347729,3.000000
2026-06-24T23:05:22.007780941Z,1000,per_hit,raw_percent_of_host,api-node1,api-node2,16,15,31,42.718447,21.621622,42.718447,43.243243,100.000000,50.000000,0.000000,1.000000,0.000000,0.000000,0.000000,1.000000,56.117647,89.928571,82.065898,74.855877,3.000000
2026-06-24T23:05:23.007784893Z,1000,per_hit,raw_percent_of_host,api-node1,api-node2,20,11,31,48.000000,18.000000,48.000000,36.000000,100.000000,50.000000,0.000000,4.000000,0.000000,0.000000,0.000000,4.000000,71.700000,66.250000,77.441765,76.251251,3.000000
2026-06-24T23:05:24.007780121Z,1000,per_hit,raw_percent_of_host,api-node1,api-node2,19,13,32,43.137255,23.423423,43.137255,46.846847,100.000000,50.000000,1.000000,1.000000,0.000000,0.000000,1.000000,1.000000,67.111111,109.062500,80.195212,59.433285,3.000000
2026-06-24T23:05:25.007782096Z,1000,per_hit,raw_percent_of_host,api-node1,api-node2,17,16,33,41.414141,25.000000,41.414141,50.000000,100.000000,50.000000,0.000000,2.000000,0.000000,0.000000,0.000000,2.000000,68.611111,119.133333,78.051734,63.237149,3.000000
2026-06-24T23:05:26.007783031Z,1000,per_hit,raw_percent_of_host,api-node1,api-node2,18,15,33,45.544554,24.107143,45.544554,48.214286,100.000000,50.000000,1.000000,0.000000,0.000000,0.000000,1.000000,0.000000,58.823529,93.588235,81.480130,72.393889,3.000000
2026-06-24T23:05:27.007783467Z,1000,per_hit,raw_percent_of_host,api-node1,api-node2,19,15,34,47.524752,23.893805,47.524752,47.787611,100.000000,50.000000,1.000000,1.000000,0.000000,0.000000,1.000000,1.000000,67.894737,138.642857,81.270599,63.095120,3.000000
2026-06-24T23:05:28.007781976Z,1000,per_hit,raw_percent_of_host,api-node1,api-node2,19,16,35,50.000000,22.522523,50.000000,45.045045,100.000000,50.000000,0.000000,2.000000,0.000000,0.000000,0.000000,2.000000,73.000000,109.866667,74.571281,71.385611,3.000000
2026-06-24T23:05:29.007780118Z,1000,per_hit,raw_percent_of_host,api-node1,api-node2,17,19,36,50.505051,16.000000,50.505051,32.000000,100.000000,50.000000,1.000000,3.000000,0.000000,0.000000,1.000000,3.000000,61.437500,105.000000,78.662232,66.449542,3.000000
2026-06-24T23:05:30.007789556Z,1000,per_hit,raw_percent_of_host,api-node1,api-node2,22,15,37,50.495050,17.000000,50.495050,34.000000,100.000000,50.000000,0.000000,3.000000,0.000000,0.000000,0.000000,3.000000,79.956522,89.000000,79.435053,69.925435,3.000000
2026-06-24T23:05:31.00778227Z,1000,per_hit,raw_percent_of_host,api-node1,api-node2,21,17,38,45.000000,24.107143,45.000000,48.214286,100.000000,50.000000,1.000000,0.000000,0.000000,0.000000,1.000000,0.000000,72.700000,119.800000,77.091423,53.092422,3.000000
2026-06-24T23:05:32.007780048Z,1000,per_hit,raw_percent_of_host,api-node1,api-node2,22,17,39,50.495050,22.727273,50.495050,45.454545,100.000000,50.000000,0.000000,3.000000,0.000000,0.000000,0.000000,3.000000,73.000000,107.285714,78.687545,66.696813,3.000000
2026-06-24T23:05:33.007782846Z,1000,per_hit,raw_percent_of_host,api-node1,api-node2,23,17,40,50.000000,21.782178,50.000000,43.564356,100.000000,50.000000,1.000000,1.000000,0.000000,0.000000,1.000000,1.000000,84.090909,133.842105,78.881383,56.734899,3.000000
2026-06-24T23:05:34.007782608Z,1000,per_hit,raw_percent_of_host,api-node1,api-node2,24,17,41,50.495050,22.772277,50.495050,45.544554,100.000000,50.000000,0.000000,3.000000,0.000000,0.000000,0.000000,3.000000,86.480000,118.200000,79.157526,63.227831,3.000000
2026-06-24T23:05:35.007783361Z,1000,per_hit,raw_percent_of_host,api-node1,api-node2,21,21,42,46.000000,25.742574,46.000000,51.485149,100.000000,50.000000,1.000000,2.000000,0.000000,0.000000,1.000000,2.000000,68.700000,141.500000,78.057839,58.842282,3.000000
2026-06-24T23:05:36.007780847Z,1000,per_hit,raw_percent_of_host,api-node1,api-node2,23,20,43,40.000000,25.000000,40.000000,50.000000,100.000000,50.000000,0.000000,2.000000,0.000000,0.000000,0.000000,2.000000,91.750000,140.500000,74.757552,66.403488,3.000000
2026-06-24T23:05:37.00778032Z,1000,per_hit,raw_percent_of_host,api-node1,api-node2,20,24,44,45.544554,22.727273,45.544554,45.454545,100.000000,50.000000,1.000000,2.000000,0.000000,0.000000,1.000000,2.000000,77.000000,201.875000,77.191887,62.178995,3.000000
2026-06-24T23:05:38.007784003Z,1000,per_hit,raw_percent_of_host,api-node1,api-node2,24,21,45,50.495050,24.242424,50.495050,48.484848,100.000000,50.000000,0.000000,3.000000,0.000000,0.000000,0.000000,3.000000,82.520000,147.850000,78.573591,65.894902,3.000000
2026-06-24T23:05:39.007781136Z,1000,per_hit,raw_percent_of_host,api-node1,api-node2,29,17,46,51.923077,18.018018,51.923077,36.036036,100.000000,50.000000,0.000000,4.000000,0.000000,0.000000,0.000000,4.000000,115.689655,138.562500,71.728806,47.555674,3.000000
2026-06-24T23:05:40.007781466Z,1000,per_hit,raw_percent_of_host,api-node1,api-node2,27,20,47,45.000000,25.000000,45.000000,50.000000,100.000000,50.000000,0.000000,3.000000,0.000000,0.000000,0.000000,3.000000,100.296296,140.000000,79.526227,58.822858,3.000000
2026-06-24T23:05:41.007780333Z,1000,per_hit,raw_percent_of_host,api-node1,api-node2,20,27,47,48.000000,23.893805,48.000000,47.787611,100.000000,50.000000,1.000000,1.000000,0.000000,0.000000,1.000000,1.000000,69.473684,269.137931,76.249192,63.305255,3.000000
2026-06-24T23:05:42.00778076Z,1000,per_hit,raw_percent_of_host,api-node1,api-node2,25,23,48,45.544554,26.000000,45.544554,52.000000,100.000000,50.000000,0.000000,3.000000,0.000000,0.000000,0.000000,3.000000,117.923077,155.619048,65.985505,59.071912,3.000000
2026-06-24T23:05:43.007782599Z,1000,per_hit,raw_percent_of_host,api-node1,api-node2,26,23,49,45.454545,23.423423,45.454545,46.846847,100.000000,50.000000,0.000000,1.000000,0.000000,0.000000,0.000000,1.000000,87.038462,171.000000,82.411294,64.902914,3.000000
2026-06-24T23:05:44.007782542Z,1000,per_hit,raw_percent_of_host,api-node1,api-node2,33,16,49,50.495050,18.018018,50.495050,36.036036,100.000000,50.000000,1.000000,0.000000,0.000000,0.000000,1.000000,0.000000,108.093750,144.529412,74.569758,69.728528,3.000000
2026-06-24T23:05:45.007782056Z,1000,per_hit,raw_percent_of_host,api-node1,api-node2,27,23,50,51.000000,23.214286,51.000000,46.428571,100.000000,50.000000,1.000000,2.000000,0.000000,0.000000,1.000000,2.000000,91.481481,185.238095,73.744755,66.585929,3.000000
2026-06-24T23:05:46.007780379Z,1000,per_hit,raw_percent_of_host,api-node1,api-node2,26,24,50,50.000000,23.214286,50.000000,46.428571,100.000000,50.000000,0.000000,3.000000,0.000000,0.000000,0.000000,3.000000,96.814815,170.391304,75.884213,65.511397,3.000000
2026-06-24T23:05:47.007784738Z,1000,per_hit,raw_percent_of_host,api-node1,api-node2,28,22,50,49.504950,23.893805,49.504950,47.787611,100.000000,50.000000,1.000000,2.000000,0.000000,0.000000,1.000000,2.000000,94.444444,190.000000,77.611874,62.570238,3.000000
2026-06-24T23:05:48.00778088Z,1000,per_hit,raw_percent_of_host,api-node1,api-node2,27,23,50,50.000000,23.423423,50.000000,46.846847,100.000000,50.000000,1.000000,1.000000,0.000000,0.000000,1.000000,1.000000,104.666667,143.791667,75.210630,66.247521,3.000000
2026-06-24T23:05:49.007780862Z,1000,per_hit,raw_percent_of_host,api-node1,api-node2,29,21,50,50.980392,23.214286,50.980392,46.428571,100.000000,50.000000,0.000000,3.000000,0.000000,0.000000,0.000000,3.000000,108.200000,238.315789,73.894850,69.326901,3.000000
2026-06-24T23:05:50.007780093Z,1000,per_hit,raw_percent_of_host,api-node1,api-node2,28,22,50,41.000000,21.000000,41.000000,42.000000,100.000000,50.000000,0.000000,2.000000,0.000000,0.000000,0.000000,2.000000,107.785714,135.173913,72.494144,67.953464,3.000000
2026-06-24T23:05:51.007780555Z,1000,per_hit,raw_percent_of_host,api-node1,api-node2,23,26,49,40.594059,25.663717,40.594059,51.327434,100.000000,50.000000,1.000000,2.000000,0.000000,0.000000,1.000000,2.000000,95.227273,185.384615,78.196325,65.827456,3.000000
2026-06-24T23:05:52.007783957Z,1000,per_hit,raw_percent_of_host,api-node1,api-node2,18,31,49,40.000000,23.423423,40.000000,46.846847,100.000000,50.000000,0.000000,5.000000,0.000000,0.000000,0.000000,5.000000,67.157895,303.357143,81.961217,65.295341,3.000000
2026-06-24T23:05:53.007780606Z,1000,per_hit,raw_percent_of_host,api-node1,api-node2,33,16,49,50.000000,18.750000,50.000000,37.500000,100.000000,50.000000,1.000000,1.000000,0.000000,0.000000,1.000000,1.000000,109.437500,184.550000,74.909064,44.059756,3.000000
2026-06-24T23:05:54.007780305Z,1000,per_hit,raw_percent_of_host,api-node1,api-node2,28,21,49,48.598131,24.107143,48.598131,48.214286,100.000000,50.000000,0.000000,2.000000,0.000000,0.000000,0.000000,2.000000,90.620690,179.900000,74.552736,59.188389,3.000000
2026-06-24T23:05:55.007781202Z,1000,per_hit,raw_percent_of_host,api-node1,api-node2,26,21,47,51.485149,22.522523,51.485149,45.045045,100.000000,50.000000,0.000000,4.000000,0.000000,0.000000,0.000000,4.000000,113.230769,106.894737,79.924721,70.220366,3.000000
2026-06-24T23:05:56.007780266Z,1000,per_hit,raw_percent_of_host,api-node1,api-node2,31,16,47,51.000000,26.470588,51.000000,52.941176,100.000000,50.000000,1.000000,1.000000,0.000000,0.000000,1.000000,1.000000,95.766667,119.736842,77.990412,63.351660,3.000000
2026-06-24T23:05:57.007779994Z,1000,per_hit,raw_percent_of_host,api-node1,api-node2,26,21,47,40.594059,25.742574,40.594059,51.485149,100.000000,50.000000,0.000000,2.000000,0.000000,0.000000,0.000000,2.000000,93.185185,148.450000,76.012613,62.912705,3.000000
2026-06-24T23:05:58.007781837Z,1000,per_hit,raw_percent_of_host,api-node1,api-node2,29,17,46,50.495050,23.214286,50.495050,46.428571,100.000000,50.000000,1.000000,0.000000,0.000000,0.000000,1.000000,0.000000,93.714286,135.526316,76.125926,63.221914,3.000000
2026-06-24T23:05:59.007789216Z,1000,per_hit,raw_percent_of_host,api-node1,api-node2,21,24,45,37.254902,24.107143,37.254902,48.214286,100.000000,50.000000,0.000000,4.000000,0.000000,0.000000,0.000000,4.000000,66.000000,144.550000,81.217256,63.273148,3.000000
2026-06-24T23:06:00.007782955Z,1000,per_hit,raw_percent_of_host,api-node1,api-node2,24,20,44,38.834951,23.636364,38.834951,47.272727,100.000000,50.000000,0.000000,2.000000,0.000000,0.000000,0.000000,2.000000,87.416667,119.954545,78.510335,62.249181,3.000000
2026-06-24T23:06:01.007780216Z,1000,per_hit,raw_percent_of_host,api-node1,api-node2,22,21,43,50.000000,20.202020,50.000000,40.404040,100.000000,50.000000,0.000000,3.000000,0.000000,0.000000,0.000000,3.000000,78.681818,124.450000,75.987162,60.702462,3.000000
2026-06-24T23:06:02.007783071Z,1000,per_hit,raw_percent_of_host,api-node1,api-node2,22,20,42,46.601942,25.252525,46.601942,50.505051,100.000000,50.000000,0.000000,3.000000,0.000000,0.000000,0.000000,3.000000,71.909091,125.400000,82.184956,63.261011,3.000000
2026-06-24T23:06:03.007785034Z,1000,per_hit,raw_percent_of_host,api-node1,api-node2,20,21,41,35.353535,22.727273,35.353535,45.454545,100.000000,50.000000,1.000000,1.000000,0.000000,0.000000,1.000000,1.000000,76.263158,121.086957,77.085645,63.008381,3.000000
2026-06-24T23:06:04.007780423Z,1000,per_hit,raw_percent_of_host,api-node1,api-node2,22,18,40,50.980392,18.018018,50.980392,36.036036,100.000000,50.000000,1.000000,1.000000,0.000000,0.000000,1.000000,1.000000,56.772727,119.944444,81.363037,52.882244,3.000000
2026-06-24T23:06:05.007781489Z,1000,per_hit,raw_percent_of_host,api-node1,api-node2,24,15,39,47.058824,19.469027,47.058824,38.938053,100.000000,50.000000,1.000000,1.000000,0.000000,0.000000,1.000000,1.000000,67.958333,113.000000,80.019478,52.338300,3.000000
2026-06-24T23:06:06.007782519Z,1000,per_hit,raw_percent_of_host,api-node1,api-node2,19,19,38,50.495050,26.000000,50.495050,52.000000,100.000000,50.000000,1.000000,3.000000,0.000000,0.000000,1.000000,3.000000,69.368421,138.529412,79.932029,64.629175,3.000000
2026-06-24T23:06:07.007782639Z,1000,per_hit,raw_percent_of_host,api-node1,api-node2,19,18,37,49.504950,23.214286,49.504950,46.428571,100.000000,50.000000,0.000000,3.000000,0.000000,0.000000,0.000000,3.000000,67.350000,131.555556,75.260719,55.940920,3.000000
2026-06-24T23:06:08.007781067Z,1000,per_hit,raw_percent_of_host,api-node1,api-node2,24,12,36,48.514851,19.191919,48.514851,38.383838,100.000000,50.000000,0.000000,1.000000,0.000000,0.000000,0.000000,1.000000,72.125000,103.571429,79.663480,56.850251,3.000000
2026-06-24T23:06:09.007780207Z,1000,per_hit,raw_percent_of_host,api-node1,api-node2,18,17,35,44.117647,24.107143,44.117647,48.214286,100.000000,50.000000,1.000000,2.000000,0.000000,0.000000,1.000000,2.000000,77.058824,101.812500,77.151741,67.227329,3.000000
2026-06-24T23:06:10.007782575Z,1000,per_hit,raw_percent_of_host,api-node1,api-node2,16,18,34,44.554455,23.423423,44.554455,46.846847,100.000000,50.000000,1.000000,1.000000,0.000000,0.000000,1.000000,1.000000,50.625000,117.947368,82.789803,63.806541,3.000000
2026-06-24T23:06:11.007782693Z,1000,per_hit,raw_percent_of_host,api-node1,api-node2,18,14,32,40.000000,25.000000,40.000000,50.000000,100.000000,50.000000,1.000000,0.000000,0.000000,0.000000,1.000000,0.000000,63.666667,97.733333,77.372859,74.175693,3.000000
2026-06-24T23:06:12.007780529Z,1000,per_hit,raw_percent_of_host,api-node1,api-node2,17,15,32,49.000000,21.212121,49.000000,42.424242,100.000000,50.000000,0.000000,2.000000,0.000000,0.000000,0.000000,2.000000,58.388889,71.769231,81.324738,72.196538,3.000000
2026-06-24T23:06:13.007782314Z,1000,per_hit,raw_percent_of_host,api-node1,api-node2,19,12,31,50.961538,20.202020,50.961538,40.404040,100.000000,50.000000,1.000000,1.000000,0.000000,0.000000,1.000000,1.000000,60.222222,90.230769,80.774319,74.108605,3.000000
2026-06-24T23:06:14.007782497Z,1000,per_hit,raw_percent_of_host,api-node1,api-node2,21,10,31,48.484848,25.252525,48.484848,50.505051,100.000000,50.000000,1.000000,0.000000,0.000000,0.000000,1.000000,0.000000,59.809524,83.363636,79.704874,74.291059,3.000000
2026-06-24T23:06:15.007780617Z,1000,per_hit,raw_percent_of_host,api-node1,api-node2,12,18,30,28.712871,23.423423,28.712871,46.846847,100.000000,50.000000,0.000000,1.000000,0.000000,0.000000,0.000000,1.000000,52.384615,134.235294,82.985469,75.702580,3.000000
2026-06-24T23:06:16.007782641Z,1000,per_hit,raw_percent_of_host,api-node1,api-node2,18,12,30,44.000000,25.000000,44.000000,50.000000,100.000000,50.000000,1.000000,0.000000,0.000000,0.000000,1.000000,0.000000,68.529412,107.769231,77.481438,64.987583,3.000000
2026-06-24T23:06:17.007780034Z,1000,per_hit,raw_percent_of_host,api-node1,api-node2,21,9,30,45.000000,18.000000,45.000000,36.000000,100.000000,50.000000,0.000000,1.000000,0.000000,0.000000,0.000000,1.000000,73.454545,70.875000,79.484046,80.714831,3.000000
2026-06-24T23:06:18.007780233Z,1000,per_hit,raw_percent_of_host,api-node1,api-node2,16,14,30,47.000000,23.423423,47.000000,46.846847,100.000000,50.000000,0.000000,1.000000,0.000000,0.000000,0.000000,1.000000,58.875000,109.428571,82.320558,70.083442,3.000000
2026-06-24T23:06:19.007780174Z,1000,per_hit,raw_percent_of_host,api-node1,api-node2,15,15,30,49.494949,22.522523,49.494949,45.045045,100.000000,50.000000,0.000000,1.000000,0.000000,0.000000,0.000000,1.000000,51.600000,86.733333,80.011815,77.598347,3.000000
2026-06-24T23:06:20.0077805Z,1000,per_hit,raw_percent_of_host,api-node1,api-node2,14,16,30,45.098039,23.423423,45.098039,46.846847,100.000000,50.000000,0.000000,2.000000,0.000000,0.000000,0.000000,2.000000,54.642857,94.333333,80.807986,76.597742,3.000000
2026-06-24T23:06:21.007781896Z,1000,per_hit,raw_percent_of_host,api-node1,api-node2,22,9,31,46.000000,21.212121,46.000000,42.424242,100.000000,50.000000,1.000000,0.000000,0.000000,0.000000,1.000000,0.000000,98.047619,72.545455,81.061239,74.919824,3.000000
2026-06-24T23:06:22.007780072Z,1000,per_hit,raw_percent_of_host,api-node1,api-node2,12,19,31,45.544554,23.214286,45.544554,46.428571,100.000000,50.000000,0.000000,2.000000,0.000000,0.000000,0.000000,2.000000,73.000000,120.823529,74.934640,74.435830,3.000000
2026-06-24T23:06:23.00778008Z,1000,per_hit,raw_percent_of_host,api-node1,api-node2,20,11,31,47.000000,21.212121,47.000000,42.424242,100.000000,50.000000,0.000000,2.000000,0.000000,0.000000,0.000000,2.000000,75.000000,105.090909,81.823835,67.557195,3.000000
2026-06-24T23:06:24.007780798Z,1000,per_hit,raw_percent_of_host,api-node1,api-node2,19,13,32,49.494949,18.181818,49.494949,36.363636,100.000000,50.000000,0.000000,1.000000,0.000000,0.000000,0.000000,1.000000,64.526316,99.142857,81.172703,73.373759,3.000000
2026-06-24T23:06:25.007782605Z,1000,per_hit,raw_percent_of_host,api-node1,api-node2,17,16,33,48.514851,24.107143,48.514851,48.214286,100.000000,50.000000,0.000000,0.000000,0.000000,0.000000,0.000000,0.000000,52.294118,125.882353,78.563238,69.469854,3.000000
2026-06-24T23:06:26.007780336Z,1000,per_hit,raw_percent_of_host,api-node1,api-node2,15,18,33,36.274510,22.727273,36.274510,45.454545,100.000000,50.000000,1.000000,0.000000,0.000000,0.000000,1.000000,0.000000,62.642857,149.388889,82.571447,64.573786,3.000000
2026-06-24T23:06:27.007782221Z,1000,per_hit,raw_percent_of_host,api-node1,api-node2,17,17,34,46.938776,22.522523,46.938776,45.045045,100.000000,50.000000,0.000000,1.000000,0.000000,0.000000,0.000000,1.000000,61.055556,133.812500,80.778524,65.708377,3.000000
2026-06-24T23:06:28.007780098Z,1000,per_hit,raw_percent_of_host,api-node1,api-node2,21,14,35,45.000000,23.423423,45.000000,46.846847,100.000000,50.000000,1.000000,0.000000,0.000000,0.000000,1.000000,0.000000,72.500000,141.400000,77.711710,64.078079,3.000000
2026-06-24T23:06:29.007779992Z,1000,per_hit,raw_percent_of_host,api-node1,api-node2,19,17,36,41.584158,23.214286,41.584158,46.428571,100.000000,50.000000,0.000000,1.000000,0.000000,0.000000,0.000000,1.000000,66.600000,118.312500,81.260180,65.709726,3.000000
2026-06-24T23:06:30.007780925Z,1000,per_hit,raw_percent_of_host,api-node1,api-node2,23,14,37,45.000000,21.000000,45.000000,42.000000,100.000000,50.000000,0.000000,1.000000,0.000000,0.000000,0.000000,1.000000,89.608696,104.785714,74.309975,64.495893,3.000000
2026-06-24T23:06:31.007779857Z,1000,per_hit,raw_percent_of_host,api-node1,api-node2,20,18,38,45.000000,24.107143,45.000000,48.214286,100.000000,50.000000,0.000000,1.000000,0.000000,0.000000,0.000000,1.000000,83.500000,120.555556,76.875951,66.784925,3.000000
2026-06-24T23:06:32.007780097Z,1000,per_hit,raw_percent_of_host,api-node1,api-node2,20,19,39,43.000000,23.214286,43.000000,46.428571,100.000000,50.000000,0.000000,0.000000,0.000000,0.000000,0.000000,0.000000,68.000000,175.650000,83.028477,66.201059,3.000000
2026-06-24T23:06:33.007782256Z,1000,per_hit,raw_percent_of_host,api-node1,api-node2,22,18,40,45.544554,22.522523,45.544554,45.045045,100.000000,50.000000,0.000000,1.000000,0.000000,0.000000,0.000000,1.000000,88.318182,115.235294,73.721099,70.059894,3.000000
2026-06-24T23:06:34.00778038Z,1000,per_hit,raw_percent_of_host,api-node1,api-node2,25,16,41,44.000000,23.423423,44.000000,46.846847,100.000000,50.000000,1.000000,1.000000,0.000000,0.000000,1.000000,1.000000,101.875000,120.000000,75.548402,70.791485,3.000000
2026-06-24T23:06:35.007783638Z,1000,per_hit,raw_percent_of_host,api-node1,api-node2,22,20,42,46.000000,23.423423,46.000000,46.846847,100.000000,50.000000,0.000000,2.000000,0.000000,0.000000,0.000000,2.000000,109.478261,155.736842,78.893745,71.110100,3.000000
2026-06-24T23:06:36.007782468Z,1000,per_hit,raw_percent_of_host,api-node1,api-node2,23,20,43,51.515152,18.918919,51.515152,37.837838,100.000000,50.000000,1.000000,0.000000,0.000000,0.000000,1.000000,0.000000,72.090909,188.409091,82.681952,74.003770,3.000000
2026-06-24T23:06:37.007780445Z,1000,per_hit,raw_percent_of_host,api-node1,api-node2,26,18,44,49.000000,23.214286,49.000000,46.428571,100.000000,50.000000,1.000000,0.000000,0.000000,0.000000,1.000000,0.000000,88.423077,184.166667,76.687273,64.071560,3.000000
2026-06-24T23:06:38.007781637Z,1000,per_hit,raw_percent_of_host,api-node1,api-node2,23,22,45,43.564356,23.214286,43.564356,46.428571,100.000000,50.000000,0.000000,1.000000,0.000000,0.000000,0.000000,1.000000,108.375000,157.571429,73.143210,56.581210,3.000000
2026-06-24T23:06:39.007783094Z,1000,per_hit,raw_percent_of_host,api-node1,api-node2,27,19,46,46.000000,23.423423,46.000000,46.846847,100.000000,50.000000,0.000000,0.000000,0.000000,0.000000,0.000000,0.000000,98.888889,136.150000,76.171228,72.108819,3.000000
2026-06-24T23:06:40.007780061Z,1000,per_hit,raw_percent_of_host,api-node1,api-node2,30,17,47,50.505051,22.522523,50.505051,45.045045,100.000000,50.000000,1.000000,0.000000,0.000000,0.000000,1.000000,0.000000,112.413793,148.000000,74.684054,70.961455,3.000000
2026-06-24T23:06:41.007780737Z,1000,per_hit,raw_percent_of_host,api-node1,api-node2,27,21,48,32.000000,23.423423,32.000000,46.846847,100.000000,50.000000,1.000000,0.000000,0.000000,0.000000,1.000000,0.000000,108.814815,167.333333,76.281650,61.095226,3.000000
2026-06-24T23:06:42.007786059Z,1000,per_hit,raw_percent_of_host,api-node1,api-node2,26,22,48,49.494949,19.642857,49.494949,39.285714,100.000000,50.000000,0.000000,1.000000,0.000000,0.000000,0.000000,1.000000,112.185185,163.000000,74.482609,74.032718,3.000000
2026-06-24T23:06:43.007782528Z,1000,per_hit,raw_percent_of_host,api-node1,api-node2,25,24,49,45.544554,23.893805,45.544554,47.787611,100.000000,50.000000,0.000000,2.000000,0.000000,0.000000,0.000000,2.000000,96.240000,148.173913,78.974885,68.281084,3.000000
2026-06-24T23:06:44.007783033Z,1000,per_hit,raw_percent_of_host,api-node1,api-node2,30,19,49,40.196078,24.107143,40.196078,48.214286,100.000000,50.000000,1.000000,0.000000,0.000000,0.000000,1.000000,0.000000,113.586207,200.476190,82.243156,69.261296,3.000000
2026-06-24T23:06:45.007780373Z,1000,per_hit,raw_percent_of_host,api-node1,api-node2,26,24,50,43.000000,22.522523,43.000000,45.045045,100.000000,50.000000,0.000000,2.000000,0.000000,0.000000,0.000000,2.000000,151.037037,227.772727,79.369034,76.404062,3.000000
2026-06-24T23:06:46.007780936Z,1000,per_hit,raw_percent_of_host,api-node1,api-node2,24,26,50,50.980392,23.423423,50.980392,46.846847,100.000000,50.000000,0.000000,2.000000,0.000000,0.000000,0.000000,2.000000,118.125000,185.692308,77.287164,76.220336,3.000000
2026-06-24T23:06:47.007780831Z,1000,per_hit,raw_percent_of_host,api-node1,api-node2,25,25,50,45.544554,22.522523,45.544554,45.045045,100.000000,50.000000,0.000000,2.000000,0.000000,0.000000,0.000000,2.000000,92.200000,179.600000,76.016730,70.491488,3.000000
2026-06-24T23:06:48.007780098Z,1000,per_hit,raw_percent_of_host,api-node1,api-node2,24,26,50,38.000000,24.107143,38.000000,48.214286,100.000000,50.000000,0.000000,1.000000,0.000000,0.000000,0.000000,1.000000,131.750000,142.185185,78.662078,66.069291,3.000000
2026-06-24T23:06:49.007787294Z,1000,per_hit,raw_percent_of_host,api-node1,api-node2,24,26,50,44.444444,23.664122,44.444444,47.328244,100.000000,50.000000,1.000000,0.000000,0.000000,0.000000,1.000000,0.000000,98.000000,249.296296,77.385286,68.671870,3.000000
2026-06-24T23:06:50.007783527Z,1000,per_hit,raw_percent_of_host,api-node1,api-node2,29,21,50,50.000000,23.893805,50.000000,47.787611,100.000000,50.000000,0.000000,2.000000,0.000000,0.000000,0.000000,2.000000,87.033333,225.578947,78.130144,75.119975,3.000000
2026-06-24T23:06:51.007780526Z,1000,per_hit,raw_percent_of_host,api-node1,api-node2,31,19,50,50.980392,20.535714,50.980392,41.071429,100.000000,50.000000,1.000000,0.000000,0.000000,0.000000,1.000000,0.000000,105.200000,184.333333,76.830289,74.733703,3.000000
2026-06-24T23:06:52.007780318Z,1000,per_hit,raw_percent_of_host,api-node1,api-node2,24,25,49,32.673267,24.107143,32.673267,48.214286,100.000000,50.000000,1.000000,1.000000,0.000000,0.000000,1.000000,1.000000,112.125000,218.666667,75.843692,62.543807,3.000000
2026-06-24T23:06:53.007784106Z,1000,per_hit,raw_percent_of_host,api-node1,api-node2,23,26,49,44.554455,24.107143,44.554455,48.214286,100.000000,50.000000,0.000000,2.000000,0.000000,0.000000,0.000000,2.000000,117.625000,181.800000,76.668723,68.934232,3.000000
2026-06-24T23:06:54.007780357Z,1000,per_hit,raw_percent_of_host,api-node1,api-node2,30,19,49,45.000000,24.561404,45.000000,49.122807,100.000000,50.000000,1.000000,1.000000,0.000000,0.000000,1.000000,1.000000,142.482759,135.750000,75.710040,69.524033,3.000000
2026-06-24T23:06:55.007781724Z,1000,per_hit,raw_percent_of_host,api-node1,api-node2,22,26,48,40.594059,23.893805,40.594059,47.787611,100.000000,50.000000,0.000000,2.000000,0.000000,0.000000,0.000000,2.000000,86.478261,241.200000,79.100503,59.876073,3.000000
2026-06-24T23:06:56.007780145Z,1000,per_hit,raw_percent_of_host,api-node1,api-node2,27,20,47,46.000000,23.423423,46.000000,46.846847,100.000000,50.000000,0.000000,0.000000,0.000000,0.000000,0.000000,0.000000,98.444444,150.227273,75.936382,65.268231,3.000000
2026-06-24T23:06:57.007780541Z,1000,per_hit,raw_percent_of_host,api-node1,api-node2,24,23,47,45.544554,23.423423,45.544554,46.846847,100.000000,50.000000,0.000000,1.000000,0.000000,0.000000,0.000000,1.000000,86.375000,121.000000,75.785589,69.551831,3.000000
2026-06-24T23:06:58.00778033Z,1000,per_hit,raw_percent_of_host,api-node1,api-node2,30,16,46,50.000000,18.018018,50.000000,36.036036,100.000000,50.000000,0.000000,0.000000,0.000000,0.000000,0.000000,0.000000,111.600000,132.058824,73.405811,67.049847,3.000000
2026-06-24T23:06:59.007780514Z,1000,per_hit,raw_percent_of_host,api-node1,api-node2,19,26,45,42.000000,23.423423,42.000000,46.846847,100.000000,50.000000,0.000000,1.000000,0.000000,0.000000,0.000000,1.000000,100.842105,211.320000,75.427539,63.978455,3.000000
2026-06-24T23:07:00.007780192Z,1000,per_hit,raw_percent_of_host,api-node1,api-node2,24,20,44,50.495050,23.214286,50.495050,46.428571,100.000000,50.000000,0.000000,2.000000,0.000000,0.000000,0.000000,2.000000,97.958333,115.894737,74.933237,71.886121,3.000000
2026-06-24T23:07:01.007780237Z,1000,per_hit,raw_percent_of_host,api-node1,api-node2,25,18,43,46.000000,24.107143,46.000000,48.214286,100.000000,50.000000,0.000000,0.000000,0.000000,0.000000,0.000000,0.000000,92.360000,112.100000,79.812794,71.023556,3.000000
2026-06-24T23:07:02.007781736Z,1000,per_hit,raw_percent_of_host,api-node1,api-node2,19,22,41,47.115385,23.214286,47.115385,46.428571,100.000000,50.000000,0.000000,0.000000,0.000000,0.000000,0.000000,0.000000,82.105263,126.136364,77.799085,67.191128,3.000000
2026-06-24T23:07:03.007780289Z,1000,per_hit,raw_percent_of_host,api-node1,api-node2,22,19,41,42.000000,23.214286,42.000000,46.428571,100.000000,50.000000,0.000000,1.000000,0.000000,0.000000,0.000000,1.000000,85.136364,147.055556,74.658440,69.276035,3.000000
2026-06-24T23:07:04.00778003Z,1000,per_hit,raw_percent_of_host,api-node1,api-node2,20,20,40,42.574257,23.893805,42.574257,47.787611,100.000000,50.000000,0.000000,0.000000,0.000000,0.000000,0.000000,0.000000,90.050000,171.190476,76.483046,62.618688,3.000000
2026-06-24T23:07:05.007783461Z,1000,per_hit,raw_percent_of_host,api-node1,api-node2,19,20,39,46.464646,24.561404,46.464646,49.122807,100.000000,50.000000,1.000000,1.000000,0.000000,0.000000,1.000000,1.000000,67.055556,166.578947,81.326615,70.831172,3.000000
2026-06-24T23:07:06.007784121Z,1000,per_hit,raw_percent_of_host,api-node1,api-node2,18,20,38,39.393939,24.107143,39.393939,48.214286,100.000000,50.000000,0.000000,2.000000,0.000000,0.000000,0.000000,2.000000,78.631579,131.578947,76.774770,66.668238,3.000000
2026-06-24T23:07:07.007780304Z,1000,per_hit,raw_percent_of_host,api-node1,api-node2,24,13,37,45.000000,26.000000,45.000000,52.000000,100.000000,50.000000,1.000000,0.000000,0.000000,0.000000,1.000000,0.000000,92.043478,79.600000,77.411743,75.451945,3.000000
2026-06-24T23:07:08.007780165Z,1000,per_hit,raw_percent_of_host,api-node1,api-node2,18,18,36,47.000000,24.107143,47.000000,48.214286,100.000000,50.000000,1.000000,0.000000,0.000000,0.000000,1.000000,0.000000,63.611111,131.611111,76.886440,66.043310,3.000000
2026-06-24T23:07:09.007780317Z,1000,per_hit,raw_percent_of_host,api-node1,api-node2,20,15,35,49.000000,23.214286,49.000000,46.428571,100.000000,50.000000,1.000000,1.000000,0.000000,0.000000,1.000000,1.000000,74.200000,129.142857,80.529197,63.182773,3.000000
2026-06-24T23:07:10.00778009Z,1000,per_hit,raw_percent_of_host,api-node1,api-node2,19,15,34,43.564356,23.423423,43.564356,46.846847,100.000000,50.000000,0.000000,0.000000,0.000000,0.000000,0.000000,0.000000,64.650000,116.250000,80.336866,66.612221,3.000000
2026-06-24T23:07:11.007782316Z,1000,per_hit,raw_percent_of_host,api-node1,api-node2,18,14,32,47.000000,23.214286,47.000000,46.428571,100.000000,50.000000,0.000000,0.000000,0.000000,0.000000,0.000000,0.000000,61.944444,155.714286,82.104212,67.750756,3.000000
2026-06-24T23:07:12.007780126Z,1000,per_hit,raw_percent_of_host,api-node1,api-node2,20,13,33,44.000000,23.893805,44.000000,47.787611,100.000000,50.000000,0.000000,1.000000,0.000000,0.000000,0.000000,1.000000,72.300000,113.833333,78.562957,61.070564,3.000000
2026-06-24T23:07:13.007780111Z,1000,per_hit,raw_percent_of_host,api-node1,api-node2,14,17,31,40.594059,24.107143,40.594059,48.214286,100.000000,50.000000,0.000000,1.000000,0.000000,0.000000,0.000000,1.000000,57.642857,113.941176,81.445218,69.869423,3.000000
2026-06-24T23:07:14.007779926Z,1000,per_hit,raw_percent_of_host,api-node1,api-node2,17,14,31,42.718447,23.423423,42.718447,46.846847,100.000000,50.000000,0.000000,1.000000,0.000000,0.000000,0.000000,1.000000,71.647059,103.285714,82.444396,64.982601,3.000000
2026-06-24T23:07:15.007781338Z,1000,per_hit,raw_percent_of_host,api-node1,api-node2,16,15,31,36.363636,24.242424,36.363636,48.484848,100.000000,50.000000,1.000000,0.000000,0.000000,0.000000,1.000000,0.000000,81.466667,106.750000,82.711510,64.147956,3.000000
2026-06-24T23:07:16.007780408Z,1000,per_hit,raw_percent_of_host,api-node1,api-node2,17,13,30,48.514851,20.202020,48.514851,40.404040,100.000000,50.000000,0.000000,0.000000,0.000000,0.000000,0.000000,0.000000,63.555556,103.846154,78.637004,78.956251,3.000000
2026-06-24T23:07:17.007780857Z,1000,per_hit,raw_percent_of_host,api-node1,api-node2,20,10,30,43.000000,23.893805,43.000000,47.787611,100.000000,50.000000,0.000000,0.000000,0.000000,0.000000,0.000000,0.000000,74.950000,107.700000,79.050783,70.535832,3.000000
2026-06-24T23:07:18.007780435Z,1000,per_hit,raw_percent_of_host,api-node1,api-node2,17,13,30,41.584158,21.428571,41.584158,42.857143,100.000000,50.000000,0.000000,0.000000,0.000000,0.000000,0.000000,0.000000,76.882353,66.384615,76.926289,79.491030,3.000000
2026-06-24T23:07:19.007781494Z,1000,per_hit,raw_percent_of_host,api-node1,api-node2,15,15,30,40.000000,18.918919,40.000000,37.837838,100.000000,50.000000,0.000000,1.000000,0.000000,0.000000,0.000000,1.000000,59.733333,146.428571,79.580991,69.815140,3.000000
2026-06-24T23:07:20.007784539Z,1000,per_hit,raw_percent_of_host,api-node1,api-node2,16,14,30,43.137255,19.090909,43.137255,38.181818,100.000000,50.000000,1.000000,0.000000,0.000000,0.000000,1.000000,0.000000,78.933333,87.666667,77.793075,73.710883,3.000000
2026-06-24T23:07:21.007782736Z,1000,per_hit,raw_percent_of_host,api-node1,api-node2,16,15,31,51.000000,13.513514,51.000000,27.027027,100.000000,50.000000,1.000000,0.000000,0.000000,0.000000,1.000000,0.000000,59.875000,146.466667,81.484314,71.752554,3.000000
2026-06-24T23:07:22.007779986Z,1000,per_hit,raw_percent_of_host,api-node1,api-node2,19,12,31,50.000000,22.522523,50.000000,45.045045,100.000000,50.000000,0.000000,0.000000,0.000000,0.000000,0.000000,0.000000,75.800000,92.166667,78.423379,79.039950,3.000000
2026-06-24T23:07:23.00778111Z,1000,per_hit,raw_percent_of_host,api-node1,api-node2,18,13,31,35.000000,23.423423,35.000000,46.846847,100.000000,50.000000,1.000000,0.000000,0.000000,0.000000,1.000000,0.000000,72.941176,106.846154,80.883238,66.606305,3.000000
2026-06-24T23:07:24.007783449Z,1000,per_hit,raw_percent_of_host,api-node1,api-node2,19,13,32,45.544554,26.470588,45.544554,52.941176,100.000000,50.000000,1.000000,0.000000,0.000000,0.000000,1.000000,0.000000,77.894737,80.384615,79.318789,77.206940,3.000000
2026-06-24T23:07:25.007781763Z,1000,per_hit,raw_percent_of_host,api-node1,api-node2,18,15,33,50.000000,18.750000,50.000000,37.500000,100.000000,50.000000,0.000000,0.000000,0.000000,0.000000,0.000000,0.000000,69.157895,108.200000,77.594673,70.502960,3.000000
2026-06-24T23:07:26.007780203Z,1000,per_hit,raw_percent_of_host,api-node1,api-node2,21,13,34,43.564356,26.000000,43.564356,52.000000,100.000000,50.000000,1.000000,0.000000,0.000000,0.000000,1.000000,0.000000,89.350000,69.769231,78.048196,80.398985,3.000000
2026-06-24T23:07:27.007780071Z,1000,per_hit,raw_percent_of_host,api-node1,api-node2,18,16,34,43.564356,22.727273,43.564356,45.454545,100.000000,50.000000,0.000000,0.000000,0.000000,0.000000,0.000000,0.000000,62.315789,131.312500,81.369843,66.025810,3.000000
2026-06-24T23:07:28.007782938Z,1000,per_hit,raw_percent_of_host,api-node1,api-node2,20,15,35,45.000000,22.522523,45.000000,45.045045,100.000000,50.000000,0.000000,0.000000,0.000000,0.000000,0.000000,0.000000,75.400000,129.066667,77.568570,76.845843,3.000000
2026-06-24T23:07:29.007780192Z,1000,per_hit,raw_percent_of_host,api-node1,api-node2,19,17,36,43.564356,24.107143,43.564356,48.214286,100.000000,50.000000,1.000000,0.000000,0.000000,0.000000,1.000000,0.000000,83.500000,119.176471,73.905589,75.462265,3.000000
2026-06-24T23:07:30.007782277Z,1000,per_hit,raw_percent_of_host,api-node1,api-node2,19,18,37,37.000000,22.522523,37.000000,45.045045,100.000000,50.000000,0.000000,1.000000,0.000000,0.000000,0.000000,1.000000,92.150000,117.647059,78.017074,62.244953,3.000000
2026-06-24T23:07:31.007781942Z,1000,per_hit,raw_percent_of_host,api-node1,api-node2,23,15,38,41.000000,18.918919,41.000000,37.837838,100.000000,50.000000,0.000000,0.000000,0.000000,0.000000,0.000000,0.000000,100.608696,100.625000,78.457699,72.191165,3.000000
2026-06-24T23:07:32.007781019Z,1000,per_hit,raw_percent_of_host,api-node1,api-node2,21,18,39,50.495050,23.423423,50.495050,46.846847,100.000000,50.000000,0.000000,1.000000,0.000000,0.000000,0.000000,1.000000,81.523810,194.294118,71.784352,67.739339,3.000000
2026-06-24T23:07:33.007780195Z,1000,per_hit,raw_percent_of_host,api-node1,api-node2,19,21,40,37.000000,23.214286,37.000000,46.428571,100.000000,50.000000,0.000000,0.000000,0.000000,0.000000,0.000000,0.000000,73.052632,137.863636,80.150461,70.307101,3.000000
2026-06-24T23:07:34.00778288Z,1000,per_hit,raw_percent_of_host,api-node1,api-node2,21,20,41,50.495050,22.727273,50.495050,45.454545,100.000000,50.000000,0.000000,1.000000,0.000000,0.000000,0.000000,1.000000,83.714286,142.894737,80.307737,66.644791,3.000000
2026-06-24T23:07:35.007781274Z,1000,per_hit,raw_percent_of_host,api-node1,api-node2,24,18,42,33.333333,24.778761,33.333333,49.557522,100.000000,50.000000,1.000000,0.000000,0.000000,0.000000,1.000000,0.000000,113.086957,132.210526,75.465171,59.318448,3.000000
2026-06-24T23:07:36.007780442Z,1000,per_hit,raw_percent_of_host,api-node1,api-node2,16,27,43,45.000000,24.107143,45.000000,48.214286,100.000000,50.000000,0.000000,5.000000,0.000000,0.000000,0.000000,5.000000,60.647059,199.818182,82.753666,74.076707,3.000000
2026-06-24T23:07:37.007780776Z,1000,per_hit,raw_percent_of_host,api-node1,api-node2,19,25,44,45.631068,23.893805,45.631068,47.787611,100.000000,50.000000,0.000000,1.000000,0.000000,0.000000,0.000000,1.000000,84.263158,197.724138,78.623459,66.774689,3.000000
2026-06-24T23:07:38.007783426Z,1000,per_hit,raw_percent_of_host,api-node1,api-node2,24,21,45,42.000000,23.423423,42.000000,46.846847,100.000000,50.000000,1.000000,0.000000,0.000000,0.000000,1.000000,0.000000,104.739130,153.318182,78.061388,57.626002,3.000000
2026-06-24T23:07:39.007780316Z,1000,per_hit,raw_percent_of_host,api-node1,api-node2,28,18,46,49.000000,19.642857,49.000000,39.285714,100.000000,50.000000,0.000000,0.000000,0.000000,0.000000,0.000000,0.000000,106.137931,167.333333,74.450793,78.681188,3.000000
2026-06-24T23:07:40.007780871Z,1000,per_hit,raw_percent_of_host,api-node1,api-node2,25,22,47,39.000000,22.522523,39.000000,45.045045,100.000000,50.000000,1.000000,1.000000,0.000000,0.000000,1.000000,1.000000,116.791667,157.285714,79.104823,54.780307,3.000000
2026-06-24T23:07:41.007780931Z,1000,per_hit,raw_percent_of_host,api-node1,api-node2,24,24,48,37.373737,23.423423,37.373737,46.846847,100.000000,50.000000,1.000000,1.000000,0.000000,0.000000,1.000000,1.000000,135.833333,157.291667,79.349620,60.565018,3.000000
2026-06-24T23:07:42.007781009Z,1000,per_hit,raw_percent_of_host,api-node1,api-node2,31,17,48,49.504950,18.018018,49.504950,36.036036,100.000000,50.000000,1.000000,0.000000,0.000000,0.000000,1.000000,0.000000,95.612903,159.722222,70.997904,73.468227,3.000000
2026-06-24T23:07:43.007781894Z,1000,per_hit,raw_percent_of_host,api-node1,api-node2,24,25,49,49.504950,22.522523,49.504950,45.045045,100.000000,50.000000,0.000000,5.000000,0.000000,0.000000,0.000000,5.000000,78.920000,177.650000,77.624432,75.220207,3.000000
2026-06-24T23:07:44.00778018Z,1000,per_hit,raw_percent_of_host,api-node1,api-node2,24,25,49,47.000000,23.423423,47.000000,46.846847,100.000000,50.000000,0.000000,1.000000,0.000000,0.000000,0.000000,1.000000,104.416667,224.413793,73.533241,57.343545,3.000000
2026-06-24T23:07:45.007781014Z,1000,per_hit,raw_percent_of_host,api-node1,api-node2,22,28,50,50.000000,23.423423,50.000000,46.846847,100.000000,50.000000,0.000000,14.000000,0.000000,0.000000,0.000000,14.000000,80.545455,163.866667,81.497224,63.080402,3.000000
2026-06-24T23:07:46.007782644Z,1000,per_hit,raw_percent_of_host,api-node1,api-node2,32,18,50,43.564356,23.893805,43.564356,47.787611,100.000000,50.000000,0.000000,0.000000,0.000000,0.000000,0.000000,0.000000,98.000000,235.625000,73.385521,62.039368,3.000000
2026-06-24T23:07:47.007791372Z,1000,per_hit,raw_percent_of_host,api-node1,api-node2,27,23,50,39.000000,23.423423,39.000000,46.846847,100.000000,50.000000,0.000000,3.000000,0.000000,0.000000,0.000000,3.000000,117.074074,154.200000,75.296329,73.887946,3.000000
2026-06-24T23:07:48.007780262Z,1000,per_hit,raw_percent_of_host,api-node1,api-node2,31,19,50,42.574257,23.214286,42.574257,46.428571,100.000000,50.000000,0.000000,0.000000,0.000000,0.000000,0.000000,0.000000,111.806452,159.045455,74.351699,62.631071,3.000000
2026-06-24T23:07:49.007780767Z,1000,per_hit,raw_percent_of_host,api-node1,api-node2,23,27,50,40.000000,23.214286,40.000000,46.428571,100.000000,50.000000,0.000000,3.000000,0.000000,0.000000,0.000000,3.000000,93.347826,174.666667,75.366987,78.091824,3.000000
2026-06-24T23:07:50.007794678Z,1000,per_hit,raw_percent_of_host,api-node1,api-node2,28,22,50,49.504950,23.423423,49.504950,46.846847,100.000000,50.000000,1.000000,0.000000,0.000000,0.000000,1.000000,0.000000,119.518519,178.920000,76.442565,65.226204,3.000000
2026-06-24T23:07:51.007784661Z,1000,per_hit,raw_percent_of_host,api-node1,api-node2,30,20,50,50.495050,24.107143,50.495050,48.214286,100.000000,50.000000,0.000000,1.000000,0.000000,0.000000,0.000000,1.000000,137.129032,129.263158,74.034032,63.280892,3.000000
2026-06-24T23:07:52.007782433Z,1000,per_hit,raw_percent_of_host,api-node1,api-node2,25,24,49,48.000000,24.183007,48.000000,48.366013,100.000000,50.000000,0.000000,9.000000,0.000000,0.000000,0.000000,9.000000,115.240000,168.687500,70.506026,64.771980,3.000000
2026-06-24T23:07:53.007781439Z,1000,per_hit,raw_percent_of_host,api-node1,api-node2,24,25,49,45.000000,23.423423,45.000000,46.846847,100.000000,50.000000,1.000000,3.000000,0.000000,0.000000,1.000000,3.000000,110.521739,224.709677,65.459468,73.320557,3.000000
2026-06-24T23:07:54.007783192Z,1000,per_hit,raw_percent_of_host,api-node1,api-node2,27,21,48,40.196078,23.423423,40.196078,46.846847,100.000000,50.000000,0.000000,1.000000,0.000000,0.000000,0.000000,1.000000,118.142857,166.000000,74.174122,74.181486,3.000000
2026-06-24T23:07:55.007780877Z,1000,per_hit,raw_percent_of_host,api-node1,api-node2,23,24,47,28.712871,23.423423,28.712871,46.846847,100.000000,50.000000,0.000000,1.000000,0.000000,0.000000,0.000000,1.000000,95.043478,195.708333,77.543909,61.588336,3.000000
2026-06-24T23:07:56.007791918Z,1000,per_hit,raw_percent_of_host,api-node1,api-node2,23,25,48,50.505051,18.018018,50.505051,36.036036,100.000000,50.000000,1.000000,1.000000,0.000000,0.000000,1.000000,1.000000,73.363636,236.160000,80.634108,60.884205,3.000000
2026-06-24T23:07:57.007780819Z,1000,per_hit,raw_percent_of_host,api-node1,api-node2,27,19,46,45.544554,23.423423,45.544554,46.846847,100.000000,50.000000,0.000000,1.000000,0.000000,0.000000,0.000000,1.000000,95.285714,146.631579,78.718380,64.978210,3.000000
2026-06-24T23:07:58.007780346Z,1000,per_hit,raw_percent_of_host,api-node1,api-node2,26,20,46,45.000000,18.018018,45.000000,36.036036,100.000000,50.000000,1.000000,0.000000,0.000000,0.000000,1.000000,0.000000,109.880000,170.619048,77.927364,64.472981,3.000000
2026-06-24T23:07:59.007781053Z,1000,per_hit,raw_percent_of_host,api-node1,api-node2,23,22,45,42.000000,19.642857,42.000000,39.285714,100.000000,50.000000,0.000000,3.000000,0.000000,0.000000,0.000000,3.000000,96.583333,188.000000,77.273250,58.697236,3.000000
2026-06-24T23:08:00.007781149Z,1000,per_hit,raw_percent_of_host,api-node1,api-node2,25,19,44,50.980392,16.666667,50.980392,33.333333,100.000000,50.000000,0.000000,1.000000,0.000000,0.000000,0.000000,1.000000,89.200000,240.666667,76.780748,51.242690,3.000000
2026-06-24T23:08:01.007781474Z,1000,per_hit,raw_percent_of_host,api-node1,api-node2,22,21,43,35.353535,25.862069,35.353535,51.724138,100.000000,50.000000,0.000000,1.000000,0.000000,0.000000,0.000000,1.000000,94.363636,147.285714,77.649023,61.617585,3.000000
2026-06-24T23:08:02.00778235Z,1000,per_hit,raw_percent_of_host,api-node1,api-node2,25,17,42,45.000000,22.522523,45.000000,45.045045,100.000000,50.000000,0.000000,0.000000,0.000000,0.000000,0.000000,0.000000,86.560000,125.888889,76.498798,65.879909,3.000000
2026-06-24T23:08:03.007779956Z,1000,per_hit,raw_percent_of_host,api-node1,api-node2,19,22,41,32.673267,22.727273,32.673267,45.454545,100.000000,50.000000,0.000000,0.000000,0.000000,0.000000,0.000000,0.000000,91.894737,176.772727,77.963045,62.336608,3.000000
2026-06-24T23:08:04.007780235Z,1000,per_hit,raw_percent_of_host,api-node1,api-node2,27,13,40,42.000000,22.522523,42.000000,45.045045,100.000000,50.000000,0.000000,0.000000,0.000000,0.000000,0.000000,0.000000,91.740741,122.384615,76.785383,58.032321,3.000000
2026-06-24T23:08:05.007780275Z,1000,per_hit,raw_percent_of_host,api-node1,api-node2,24,15,39,42.000000,24.107143,42.000000,48.214286,100.000000,50.000000,1.000000,0.000000,0.000000,0.000000,1.000000,0.000000,86.695652,132.933333,69.815624,62.937576,3.000000
2026-06-24T23:08:06.007780018Z,1000,per_hit,raw_percent_of_host,api-node1,api-node2,23,14,37,40.000000,20.000000,40.000000,40.000000,100.000000,50.000000,0.000000,0.000000,0.000000,0.000000,0.000000,0.000000,87.250000,119.785714,77.793095,74.606357,3.000000
2026-06-24T23:08:07.007782215Z,1000,per_hit,raw_percent_of_host,api-node1,api-node2,20,16,36,41.584158,23.423423,41.584158,46.846847,100.000000,50.000000,0.000000,0.000000,0.000000,0.000000,0.000000,0.000000,70.400000,136.312500,81.204985,63.719216,3.000000
2026-06-24T23:08:08.007780585Z,1000,per_hit,raw_percent_of_host,api-node1,api-node2,18,18,36,48.000000,18.750000,48.000000,37.500000,100.000000,50.000000,0.000000,1.000000,0.000000,0.000000,0.000000,1.000000,74.222222,121.470588,78.085309,70.194610,3.000000
2026-06-24T23:08:09.007781321Z,1000,per_hit,raw_percent_of_host,api-node1,api-node2,19,16,35,45.544554,22.727273,45.544554,45.454545,100.000000,50.000000,1.000000,0.000000,0.000000,0.000000,1.000000,0.000000,71.444444,115.529412,77.122927,72.140932,3.000000
2026-06-24T23:08:10.007779994Z,1000,per_hit,raw_percent_of_host,api-node1,api-node2,17,17,34,36.633663,24.107143,36.633663,48.214286,100.000000,50.000000,0.000000,0.000000,0.000000,0.000000,0.000000,0.000000,73.444444,141.588235,79.009766,64.366826,3.000000
2026-06-24T23:08:11.007780063Z,1000,per_hit,raw_percent_of_host,api-node1,api-node2,19,14,33,45.000000,25.000000,45.000000,50.000000,100.000000,50.000000,0.000000,0.000000,0.000000,0.000000,0.000000,0.000000,95.842105,95.642857,79.727576,72.751928,3.000000
2026-06-24T23:08:12.007782433Z,1000,per_hit,raw_percent_of_host,api-node1,api-node2,18,14,32,43.000000,19.469027,43.000000,38.938053,100.000000,50.000000,1.000000,0.000000,0.000000,0.000000,1.000000,0.000000,65.529412,118.642857,79.593376,68.480455,3.000000
2026-06-24T23:08:13.00778194Z,1000,per_hit,raw_percent_of_host,api-node1,api-node2,15,17,32,38.000000,24.107143,38.000000,48.214286,100.000000,50.000000,0.000000,0.000000,0.000000,0.000000,0.000000,0.000000,66.437500,129.647059,79.554080,76.277832,3.000000
2026-06-24T23:08:14.007782366Z,1000,per_hit,raw_percent_of_host,api-node1,api-node2,18,13,31,45.000000,18.750000,45.000000,37.500000,100.000000,50.000000,0.000000,1.000000,0.000000,0.000000,0.000000,1.000000,89.611111,108.083333,76.093753,68.181238,3.000000
2026-06-24T23:08:15.007780037Z,1000,per_hit,raw_percent_of_host,api-node1,api-node2,15,16,31,38.613861,24.107143,38.613861,48.214286,100.000000,50.000000,0.000000,0.000000,0.000000,0.000000,0.000000,0.000000,64.933333,111.764706,77.786751,68.726472,3.000000
2026-06-24T23:08:16.007780106Z,1000,per_hit,raw_percent_of_host,api-node1,api-node2,16,14,30,40.404040,23.214286,40.404040,46.428571,100.000000,50.000000,0.000000,0.000000,0.000000,0.000000,0.000000,0.000000,56.187500,109.142857,80.330713,78.803536,3.000000
2026-06-24T23:08:17.007780712Z,1000,per_hit,raw_percent_of_host,api-node1,api-node2,20,10,30,50.000000,18.018018,50.000000,36.036036,100.000000,50.000000,0.000000,0.000000,0.000000,0.000000,0.000000,0.000000,68.450000,101.900000,79.273100,67.437320,3.000000
2026-06-24T23:08:18.007780479Z,1000,per_hit,raw_percent_of_host,api-node1,api-node2,15,15,30,42.424242,24.107143,42.424242,48.214286,100.000000,50.000000,1.000000,0.000000,0.000000,0.000000,1.000000,0.000000,62.357143,123.466667,82.594127,70.930059,3.000000
2026-06-24T23:08:19.007780984Z,1000,per_hit,raw_percent_of_host,api-node1,api-node2,13,17,30,45.454545,18.181818,45.454545,36.363636,100.000000,50.000000,1.000000,1.000000,0.000000,0.000000,1.000000,1.000000,63.461538,117.125000,82.570180,78.839462,3.000000
2026-06-24T23:08:20.007780441Z,1000,per_hit,raw_percent_of_host,api-node1,api-node2,16,14,30,37.000000,25.252525,37.000000,50.505051,100.000000,50.000000,0.000000,1.000000,0.000000,0.000000,0.000000,1.000000,75.588235,106.142857,80.937895,61.222213,3.000000
2026-06-24T23:08:21.007783534Z,1000,per_hit,raw_percent_of_host,api-node1,api-node2,20,11,31,45.544554,22.522523,45.544554,45.045045,100.000000,50.000000,1.000000,0.000000,0.000000,0.000000,1.000000,0.000000,84.315789,68.333333,81.746597,81.970208,3.000000
2026-06-24T23:08:22.007780114Z,1000,per_hit,raw_percent_of_host,api-node1,api-node2,14,17,31,33.000000,23.423423,33.000000,46.846847,100.000000,50.000000,1.000000,0.000000,0.000000,0.000000,1.000000,0.000000,67.857143,119.294118,80.623526,78.324894,3.000000
2026-06-24T23:08:23.007782048Z,1000,per_hit,raw_percent_of_host,api-node1,api-node2,18,14,32,39.000000,23.423423,39.000000,46.846847,100.000000,50.000000,0.000000,0.000000,0.000000,0.000000,0.000000,0.000000,69.473684,116.428571,75.985835,66.421224,3.000000
2026-06-24T23:08:24.007787075Z,1000,per_hit,raw_percent_of_host,api-node1,api-node2,20,12,32,43.000000,25.742574,43.000000,51.485149,100.000000,50.000000,1.000000,0.000000,0.000000,0.000000,1.000000,0.000000,82.578947,100.083333,81.633323,67.351258,3.000000
2026-06-24T23:08:25.007783715Z,1000,per_hit,raw_percent_of_host,api-node1,api-node2,17,16,33,39.603960,24.107143,39.603960,48.214286,100.000000,50.000000,0.000000,1.000000,0.000000,0.000000,0.000000,1.000000,77.222222,112.400000,78.930287,73.576879,3.000000
2026-06-24T23:08:26.007781197Z,1000,per_hit,raw_percent_of_host,api-node1,api-node2,23,11,34,50.000000,14.285714,50.000000,28.571429,100.000000,50.000000,0.000000,1.000000,0.000000,0.000000,0.000000,1.000000,81.043478,93.909091,78.039390,76.089128,3.000000
2026-06-24T23:08:27.007783151Z,1000,per_hit,raw_percent_of_host,api-node1,api-node2,19,16,35,44.000000,22.522523,44.000000,45.045045,100.000000,50.000000,1.000000,0.000000,0.000000,0.000000,1.000000,0.000000,69.111111,120.058824,76.828044,65.973846,3.000000
2026-06-24T23:08:28.007783271Z,1000,per_hit,raw_percent_of_host,api-node1,api-node2,18,17,35,40.594059,20.353982,40.594059,40.707965,100.000000,50.000000,0.000000,1.000000,0.000000,0.000000,0.000000,1.000000,76.631579,103.125000,79.581787,60.204682,3.000000
2026-06-24T23:08:29.007780113Z,1000,per_hit,raw_percent_of_host,api-node1,api-node2,22,14,36,41.000000,23.423423,41.000000,46.846847,100.000000,50.000000,0.000000,0.000000,0.000000,0.000000,0.000000,0.000000,84.363636,118.466667,75.440891,61.981144,3.000000
2026-06-24T23:08:30.007782504Z,1000,per_hit,raw_percent_of_host,api-node1,api-node2,20,17,37,37.623762,23.423423,37.623762,46.846847,100.000000,50.000000,0.000000,1.000000,0.000000,0.000000,0.000000,1.000000,82.750000,113.500000,80.847493,61.460046,3.000000
2026-06-24T23:08:31.007782177Z,1000,per_hit,raw_percent_of_host,api-node1,api-node2,25,13,38,32.673267,22.522523,32.673267,45.045045,100.000000,50.000000,0.000000,0.000000,0.000000,0.000000,0.000000,0.000000,89.200000,105.642857,67.038426,57.074523,3.000000
2026-06-24T23:08:32.007780112Z,1000,per_hit,raw_percent_of_host,api-node1,api-node2,23,16,39,49.494949,19.642857,49.494949,39.285714,100.000000,50.000000,1.000000,0.000000,0.000000,0.000000,1.000000,0.000000,70.500000,110.250000,79.891018,64.474898,3.000000
2026-06-24T23:08:33.007780634Z,1000,per_hit,raw_percent_of_host,api-node1,api-node2,24,17,41,44.000000,22.522523,44.000000,45.045045,100.000000,50.000000,1.000000,0.000000,0.000000,0.000000,1.000000,0.000000,86.791667,152.882353,81.222669,58.688936,3.000000
2026-06-24T23:08:34.007780759Z,1000,per_hit,raw_percent_of_host,api-node1,api-node2,24,18,42,43.000000,23.893805,43.000000,47.787611,100.000000,50.000000,0.000000,2.000000,0.000000,0.000000,0.000000,2.000000,96.880000,124.312500,76.858413,58.994041,3.000000
2026-06-24T23:08:35.0077806Z,1000,per_hit,raw_percent_of_host,api-node1,api-node2,20,23,43,40.594059,25.217391,40.594059,50.434783,100.000000,50.000000,1.000000,5.000000,0.000000,0.000000,1.000000,5.000000,81.947368,123.400000,79.031832,63.990994,3.000000
2026-06-24T23:08:36.007782094Z,1000,per_hit,raw_percent_of_host,api-node1,api-node2,30,14,44,45.000000,22.522523,45.000000,45.045045,100.000000,50.000000,1.000000,0.000000,0.000000,0.000000,1.000000,0.000000,99.266667,139.421053,69.443038,61.749139,3.000000
2026-06-24T23:08:37.007780416Z,1000,per_hit,raw_percent_of_host,api-node1,api-node2,25,20,45,49.504950,18.018018,49.504950,36.036036,100.000000,50.000000,0.000000,3.000000,0.000000,0.000000,0.000000,3.000000,83.807692,113.705882,76.779866,64.392884,3.000000
2026-06-24T23:08:38.007780821Z,1000,per_hit,raw_percent_of_host,api-node1,api-node2,29,16,45,50.000000,18.181818,50.000000,36.363636,100.000000,50.000000,1.000000,1.000000,0.000000,0.000000,1.000000,1.000000,97.392857,116.833333,75.691342,56.192593,3.000000
2026-06-24T23:08:39.007780622Z,1000,per_hit,raw_percent_of_host,api-node1,api-node2,29,17,46,45.454545,21.212121,45.454545,42.424242,100.000000,50.000000,1.000000,5.000000,0.000000,0.000000,1.000000,5.000000,96.620690,100.692308,72.127370,74.404182,3.000000
2026-06-24T23:08:40.0077806Z,1000,per_hit,raw_percent_of_host,api-node1,api-node2,31,16,47,37.254902,26.262626,37.254902,52.525253,100.000000,50.000000,1.000000,0.000000,0.000000,0.000000,1.000000,0.000000,121.870968,132.714286,71.203404,53.521275,3.000000
2026-06-24T23:08:41.007781503Z,1000,per_hit,raw_percent_of_host,api-node1,api-node2,21,27,48,45.000000,16.831683,45.000000,33.663366,100.000000,50.000000,0.000000,17.000000,0.000000,0.000000,0.000000,17.000000,86.318182,80.100000,69.103225,75.868938,3.000000
2026-06-24T23:08:42.007781827Z,1000,per_hit,raw_percent_of_host,api-node1,api-node2,26,22,48,38.000000,26.000000,38.000000,52.000000,100.000000,50.000000,1.000000,7.000000,0.000000,0.000000,1.000000,7.000000,99.680000,198.781250,65.691681,54.819663,3.000000
2026-06-24T23:08:43.007780652Z,1000,per_hit,raw_percent_of_host,api-node1,api-node2,31,18,49,41.000000,18.918919,41.000000,37.837838,100.000000,50.000000,1.000000,8.000000,0.000000,0.000000,1.000000,8.000000,121.000000,141.705882,63.182005,61.949510,3.000000
2026-06-24T23:08:44.007780194Z,1000,per_hit,raw_percent_of_host,api-node1,api-node2,28,20,48,39.000000,18.750000,39.000000,37.500000,100.000000,50.000000,0.000000,3.000000,0.000000,0.000000,0.000000,3.000000,114.655172,133.880000,75.660561,64.181557,3.000000
2026-06-24T23:08:45.007781759Z,1000,per_hit,raw_percent_of_host,api-node1,api-node2,29,22,51,55.882353,13.636364,55.882353,27.272727,100.000000,50.000000,1.000000,10.000000,0.000000,0.000000,1.000000,10.000000,97.607143,127.200000,66.320428,51.912269,3.000000
2026-06-24T23:08:46.00778119Z,1000,per_hit,raw_percent_of_host,api-node1,api-node2,32,18,50,40.594059,19.090909,40.594059,38.181818,100.000000,50.000000,1.000000,9.000000,0.000000,0.000000,1.000000,9.000000,116.687500,178.315789,63.173771,55.124333,3.000000
2026-06-24T23:08:47.007781484Z,1000,per_hit,raw_percent_of_host,api-node1,api-node2,28,22,50,37.000000,23.595506,37.000000,47.191011,100.000000,50.000000,0.000000,10.000000,0.000000,0.000000,0.000000,10.000000,108.413793,156.761905,67.052314,55.285719,3.000000
2026-06-24T23:08:48.007782341Z,1000,per_hit,raw_percent_of_host,api-node1,api-node2,22,28,50,37.000000,23.423423,37.000000,46.846847,100.000000,50.000000,0.000000,6.000000,0.000000,0.000000,0.000000,6.000000,103.681818,170.906250,78.592681,51.775877,3.000000
2026-06-24T23:08:49.007780648Z,1000,per_hit,raw_percent_of_host,api-node1,api-node2,30,20,50,36.633663,23.214286,36.633663,46.428571,100.000000,50.000000,4.000000,2.000000,0.000000,0.000000,4.000000,2.000000,105.038462,137.708333,77.736145,56.518398,3.000000
2026-06-24T23:08:50.007780455Z,1000,per_hit,raw_percent_of_host,api-node1,api-node2,28,22,50,47.058824,19.469027,47.058824,38.938053,100.000000,50.000000,0.000000,6.000000,0.000000,0.000000,0.000000,6.000000,114.656250,123.277778,67.925401,59.020660,3.000000
2026-06-24T23:08:51.007780073Z,1000,per_hit,raw_percent_of_host,api-node1,api-node2,24,25,49,35.000000,24.324324,35.000000,48.648649,100.000000,50.000000,1.000000,4.000000,0.000000,0.000000,1.000000,4.000000,103.043478,138.111111,77.153751,60.788746,3.000000
2026-06-24T23:08:52.007780132Z,1000,per_hit,raw_percent_of_host,api-node1,api-node2,28,21,49,38.000000,23.423423,38.000000,46.846847,100.000000,50.000000,0.000000,2.000000,0.000000,0.000000,0.000000,2.000000,110.931034,127.000000,74.738258,54.825060,3.000000
2026-06-24T23:08:53.007780129Z,1000,per_hit,raw_percent_of_host,api-node1,api-node2,25,24,49,35.000000,24.107143,35.000000,48.214286,100.000000,50.000000,0.000000,5.000000,0.000000,0.000000,0.000000,5.000000,108.000000,112.857143,77.928921,61.971982,3.000000
2026-06-24T23:08:54.007783067Z,1000,per_hit,raw_percent_of_host,api-node1,api-node2,31,17,48,47.000000,18.018018,47.000000,36.036036,100.000000,50.000000,0.000000,2.000000,0.000000,0.000000,0.000000,2.000000,107.193548,124.850000,69.333315,56.953210,3.000000
2026-06-24T23:08:55.007781332Z,1000,per_hit,raw_percent_of_host,api-node1,api-node2,22,25,47,31.313131,24.107143,31.313131,48.214286,100.000000,50.000000,1.000000,5.000000,0.000000,0.000000,1.000000,5.000000,107.714286,120.636364,68.743636,61.074294,3.000000
2026-06-24T23:08:56.007781408Z,1000,per_hit,raw_percent_of_host,api-node1,api-node2,28,19,47,44.117647,18.018018,44.117647,36.036036,100.000000,50.000000,1.000000,3.000000,0.000000,0.000000,1.000000,3.000000,97.964286,164.523810,77.403277,56.164324,3.000000
2026-06-24T23:08:57.007781172Z,1000,per_hit,raw_percent_of_host,api-node1,api-node2,25,20,45,42.000000,22.522523,42.000000,45.045045,100.000000,50.000000,1.000000,5.000000,0.000000,0.000000,1.000000,5.000000,91.560000,158.166667,70.011089,57.898443,3.000000
2026-06-24T23:08:58.007779869Z,1000,per_hit,raw_percent_of_host,api-node1,api-node2,26,18,44,40.594059,23.423423,40.594059,46.846847,100.000000,50.000000,0.000000,2.000000,0.000000,0.000000,0.000000,2.000000,90.074074,137.428571,69.978620,61.291356,3.000000
2026-06-24T23:08:59.007780124Z,1000,per_hit,raw_percent_of_host,api-node1,api-node2,24,20,44,48.039216,18.750000,48.039216,37.500000,100.000000,50.000000,0.000000,2.000000,0.000000,0.000000,0.000000,2.000000,90.041667,106.300000,78.783133,69.069933,3.000000
2026-06-24T23:09:00.007781063Z,1000,per_hit,raw_percent_of_host,api-node1,api-node2,26,18,44,37.000000,23.214286,37.000000,46.428571,100.000000,50.000000,1.000000,1.000000,0.000000,0.000000,1.000000,1.000000,93.160000,128.263158,75.959579,56.575369,3.000000
2026-06-24T23:09:01.007782329Z,1000,per_hit,raw_percent_of_host,api-node1,api-node2,18,25,43,31.683168,23.423423,31.683168,46.846847,100.000000,50.000000,1.000000,7.000000,0.000000,0.000000,1.000000,7.000000,77.444444,119.210526,73.767766,61.916968,3.000000
2026-06-24T23:09:02.007791213Z,1000,per_hit,raw_percent_of_host,api-node1,api-node2,24,18,42,51.000000,15.178571,51.000000,30.357143,100.000000,50.000000,0.000000,3.000000,0.000000,0.000000,0.000000,3.000000,74.360000,144.772727,78.331419,56.272582,3.000000
2026-06-24T23:09:03.007780107Z,1000,per_hit,raw_percent_of_host,api-node1,api-node2,21,19,40,28.712871,23.214286,28.712871,46.428571,100.000000,50.000000,1.000000,1.000000,0.000000,0.000000,1.000000,1.000000,89.000000,135.571429,71.704957,56.108491,3.000000
2026-06-24T23:09:04.007781378Z,1000,per_hit,raw_percent_of_host,api-node1,api-node2,19,20,39,32.673267,24.107143,32.673267,48.214286,100.000000,50.000000,0.000000,1.000000,0.000000,0.000000,0.000000,1.000000,81.900000,142.200000,80.229827,60.189032,3.000000
2026-06-24T23:09:05.007783503Z,1000,per_hit,raw_percent_of_host,api-node1,api-node2,13,25,38,37.373737,22.522523,37.373737,45.045045,100.000000,50.000000,0.000000,3.000000,0.000000,0.000000,0.000000,3.000000,51.769231,124.347826,82.065721,61.886235,3.000000
2026-06-24T23:09:06.00778279Z,1000,per_hit,raw_percent_of_host,api-node1,api-node2,20,17,37,40.594059,23.423423,40.594059,46.846847,100.000000,50.000000,0.000000,3.000000,0.000000,0.000000,0.000000,3.000000,80.700000,106.705882,72.563279,69.526690,3.000000
2026-06-24T23:09:07.007780118Z,1000,per_hit,raw_percent_of_host,api-node1,api-node2,22,14,36,42.000000,18.750000,42.000000,37.500000,100.000000,50.000000,0.000000,2.000000,0.000000,0.000000,0.000000,2.000000,77.136364,125.200000,80.187854,52.642034,3.000000
2026-06-24T23:09:08.007781684Z,1000,per_hit,raw_percent_of_host,api-node1,api-node2,24,11,35,44.000000,18.918919,44.000000,37.837838,100.000000,50.000000,1.000000,0.000000,0.000000,0.000000,1.000000,0.000000,77.652174,91.615385,79.481007,76.003313,3.000000
2026-06-24T23:09:09.00778051Z,1000,per_hit,raw_percent_of_host,api-node1,api-node2,12,22,34,32.000000,18.918919,32.000000,37.837838,100.000000,50.000000,0.000000,2.000000,0.000000,0.000000,0.000000,2.000000,55.230769,127.650000,81.925867,60.167544,3.000000
2026-06-24T23:09:10.007779997Z,1000,per_hit,raw_percent_of_host,api-node1,api-node2,16,18,34,33.000000,23.423423,33.000000,46.846847,100.000000,50.000000,0.000000,0.000000,0.000000,0.000000,0.000000,0.000000,78.500000,115.350000,82.191413,57.380967,3.000000
2026-06-24T23:09:11.007783517Z,1000,per_hit,raw_percent_of_host,api-node1,api-node2,19,14,33,44.554455,18.918919,44.554455,37.837838,100.000000,50.000000,0.000000,1.000000,0.000000,0.000000,0.000000,1.000000,79.947368,119.846154,74.149753,66.966136,3.000000
2026-06-24T23:09:12.007781887Z,1000,per_hit,raw_percent_of_host,api-node1,api-node2,13,19,32,33.333333,22.727273,33.333333,45.454545,100.000000,50.000000,1.000000,0.000000,0.000000,0.000000,1.000000,0.000000,59.750000,135.000000,77.748500,64.473059,3.000000
2026-06-24T23:09:13.007782181Z,1000,per_hit,raw_percent_of_host,api-node1,api-node2,17,15,32,43.564356,22.522523,43.564356,45.045045,100.000000,50.000000,1.000000,1.000000,0.000000,0.000000,1.000000,1.000000,75.764706,98.928571,77.213161,71.427247,3.000000
2026-06-24T23:09:14.007783172Z,1000,per_hit,raw_percent_of_host,api-node1,api-node2,12,19,31,34.000000,23.423423,34.000000,46.846847,100.000000,50.000000,0.000000,1.000000,0.000000,0.000000,0.000000,1.000000,73.384615,143.578947,77.544744,59.448002,3.000000
2026-06-24T23:09:15.007780026Z,1000,per_hit,raw_percent_of_host,api-node1,api-node2,17,14,31,36.000000,19.642857,36.000000,39.285714,100.000000,50.000000,0.000000,0.000000,0.000000,0.000000,0.000000,0.000000,70.058824,85.733333,76.588975,79.431580,3.000000
2026-06-24T23:09:16.007780826Z,1000,per_hit,raw_percent_of_host,api-node1,api-node2,16,14,30,47.474747,18.750000,47.474747,37.500000,100.000000,50.000000,0.000000,1.000000,0.000000,0.000000,0.000000,1.000000,65.687500,109.076923,76.294777,72.567303,3.000000
2026-06-24T23:09:17.007780408Z,1000,per_hit,raw_percent_of_host,api-node1,api-node2,17,13,30,40.594059,22.222222,40.594059,44.444444,100.000000,50.000000,0.000000,1.000000,0.000000,0.000000,0.000000,1.000000,79.588235,74.076923,79.288805,74.748374,3.000000
2026-06-24T23:09:18.007783251Z,1000,per_hit,raw_percent_of_host,api-node1,api-node2,19,11,30,50.000000,13.513514,50.000000,27.027027,100.000000,50.000000,0.000000,1.000000,0.000000,0.000000,0.000000,1.000000,84.684211,89.545455,75.865385,80.531428,3.000000
2026-06-24T23:09:19.007785218Z,1000,per_hit,raw_percent_of_host,api-node1,api-node2,15,15,30,42.574257,19.469027,42.574257,38.938053,100.000000,50.000000,0.000000,1.000000,0.000000,0.000000,0.000000,1.000000,74.800000,117.733333,80.498076,62.344159,3.000000
2026-06-24T23:09:20.007780102Z,1000,per_hit,raw_percent_of_host,api-node1,api-node2,16,14,30,36.633663,22.727273,36.633663,45.454545,100.000000,50.000000,0.000000,0.000000,0.000000,0.000000,0.000000,0.000000,77.312500,131.200000,77.203048,64.468094,3.000000
2026-06-24T23:09:21.007780364Z,1000,per_hit,raw_percent_of_host,api-node1,api-node2,19,12,31,40.000000,22.522523,40.000000,45.045045,100.000000,50.000000,0.000000,0.000000,0.000000,0.000000,0.000000,0.000000,77.894737,106.666667,79.474771,72.035428,3.000000
2026-06-24T23:09:22.007783419Z,1000,per_hit,raw_percent_of_host,api-node1,api-node2,13,18,31,33.000000,24.107143,33.000000,48.214286,100.000000,50.000000,0.000000,2.000000,0.000000,0.000000,0.000000,2.000000,57.461538,101.500000,82.256167,71.777216,3.000000
2026-06-24T23:09:23.007780068Z,1000,per_hit,raw_percent_of_host,api-node1,api-node2,17,15,32,37.373737,24.242424,37.373737,48.484848,100.000000,50.000000,0.000000,0.000000,0.000000,0.000000,0.000000,0.000000,65.529412,106.411765,77.183862,66.154471,3.000000
2026-06-24T23:09:24.007782238Z,1000,per_hit,raw_percent_of_host,api-node1,api-node2,15,17,32,49.019608,16.071429,49.019608,32.142857,100.000000,50.000000,0.000000,3.000000,0.000000,0.000000,0.000000,3.000000,57.666667,139.357143,81.751389,67.084572,3.000000
2026-06-24T23:09:25.007780613Z,1000,per_hit,raw_percent_of_host,api-node1,api-node2,20,13,33,40.196078,24.242424,40.196078,48.484848,100.000000,50.000000,1.000000,1.000000,0.000000,0.000000,1.000000,1.000000,87.526316,104.000000,75.326999,62.703864,3.000000
2026-06-24T23:09:26.007780771Z,1000,per_hit,raw_percent_of_host,api-node1,api-node2,19,15,34,42.574257,19.642857,42.574257,39.285714,100.000000,50.000000,1.000000,2.000000,0.000000,0.000000,1.000000,2.000000,59.000000,119.428571,81.165605,65.745559,3.000000
2026-06-24T23:09:27.007782039Z,1000,per_hit,raw_percent_of_host,api-node1,api-node2,18,17,35,47.524752,18.918919,47.524752,37.837838,100.000000,50.000000,0.000000,4.000000,0.000000,0.000000,0.000000,4.000000,71.421053,101.333333,73.024102,68.717688,3.000000
2026-06-24T23:09:28.007781417Z,1000,per_hit,raw_percent_of_host,api-node1,api-node2,19,17,36,32.673267,23.893805,32.673267,47.787611,100.000000,50.000000,0.000000,3.000000,0.000000,0.000000,0.000000,3.000000,83.736842,108.277778,77.741719,66.364802,3.000000
2026-06-24T23:09:29.007780649Z,1000,per_hit,raw_percent_of_host,api-node1,api-node2,20,17,37,41.000000,23.214286,41.000000,46.428571,100.000000,50.000000,5.000000,2.000000,0.000000,0.000000,5.000000,2.000000,57.866667,133.611111,82.426288,64.110205,3.000000
2026-06-24T23:09:30.007782403Z,1000,per_hit,raw_percent_of_host,api-node1,api-node2,20,18,38,33.000000,22.522523,33.000000,45.045045,100.000000,50.000000,2.000000,4.000000,0.000000,0.000000,2.000000,4.000000,76.521739,128.937500,81.496636,60.972624,3.000000
2026-06-24T23:09:31.007780177Z,1000,per_hit,raw_percent_of_host,api-node1,api-node2,25,14,39,47.000000,16.071429,47.000000,32.142857,100.000000,50.000000,5.000000,2.000000,0.000000,0.000000,5.000000,2.000000,74.545455,130.125000,80.726902,61.945972,3.000000
2026-06-24T23:09:32.007780956Z,1000,per_hit,raw_percent_of_host,api-node1,api-node2,18,22,40,35.353535,23.423423,35.353535,46.846847,100.000000,50.000000,1.000000,6.000000,0.000000,0.000000,1.000000,6.000000,79.500000,120.944444,79.592538,60.991891,3.000000
2026-06-24T23:09:33.00778373Z,1000,per_hit,raw_percent_of_host,api-node1,api-node2,32,9,41,50.000000,14.000000,50.000000,28.000000,100.000000,50.000000,7.000000,4.000000,0.000000,0.000000,7.000000,4.000000,87.615385,110.272727,77.018076,63.357060,3.000000
2026-06-24T23:09:34.007780327Z,1000,per_hit,raw_percent_of_host,api-node1,api-node2,24,18,42,38.235294,25.742574,38.235294,51.485149,100.000000,50.000000,3.000000,7.000000,0.000000,0.000000,3.000000,7.000000,92.964286,111.333333,66.562066,64.826073,3.000000
2026-06-24T23:09:35.007782086Z,1000,per_hit,raw_percent_of_host,api-node1,api-node2,23,20,43,42.000000,22.522523,42.000000,45.045045,100.000000,50.000000,2.000000,11.000000,0.000000,0.000000,2.000000,11.000000,78.083333,110.875000,80.396161,73.575654,3.000000
2026-06-24T23:09:36.007780973Z,1000,per_hit,raw_percent_of_host,api-node1,api-node2,25,19,44,40.594059,25.000000,40.594059,50.000000,100.000000,50.000000,10.000000,5.000000,0.000000,0.000000,10.000000,5.000000,60.705882,140.600000,81.930387,72.107829,3.000000
2026-06-24T23:09:37.007782007Z,1000,per_hit,raw_percent_of_host,api-node1,api-node2,29,16,45,47.000000,18.018018,47.000000,36.036036,100.000000,50.000000,9.000000,6.000000,0.000000,0.000000,9.000000,6.000000,97.566667,127.666667,77.343324,55.996847,3.000000
2026-06-24T23:09:38.00778015Z,1000,per_hit,raw_percent_of_host,api-node1,api-node2,22,24,46,37.623762,18.181818,37.623762,36.363636,100.000000,50.000000,8.000000,7.000000,0.000000,0.000000,8.000000,7.000000,102.608696,133.260870,75.357088,65.448063,3.000000
2026-06-24T23:09:39.007780314Z,1000,per_hit,raw_percent_of_host,api-node1,api-node2,26,20,46,37.000000,23.423423,37.000000,46.846847,100.000000,50.000000,12.000000,5.000000,0.000000,0.000000,12.000000,5.000000,112.636364,113.636364,74.218897,60.156528,3.000000
2026-06-24T23:09:40.007782508Z,1000,per_hit,raw_percent_of_host,api-node1,api-node2,28,19,47,41.414141,20.535714,41.414141,41.071429,100.000000,50.000000,13.000000,3.000000,0.000000,0.000000,13.000000,3.000000,90.814815,139.571429,76.678240,56.310512,3.000000
2026-06-24T23:09:41.00778069Z,1000,per_hit,raw_percent_of_host,api-node1,api-node2,27,21,48,44.444444,21.739130,44.444444,43.478261,100.000000,50.000000,10.000000,6.000000,0.000000,0.000000,10.000000,6.000000,97.233333,104.111111,77.760982,65.134399,3.000000
2026-06-24T23:09:42.007780048Z,1000,per_hit,raw_percent_of_host,api-node1,api-node2,33,15,48,48.039216,17.857143,48.039216,35.714286,100.000000,50.000000,12.000000,5.000000,0.000000,0.000000,12.000000,5.000000,89.129032,122.562500,77.364501,60.277681,3.000000
2026-06-24T23:09:43.00778035Z,1000,per_hit,raw_percent_of_host,api-node1,api-node2,28,21,49,36.274510,24.107143,36.274510,48.214286,100.000000,50.000000,12.000000,5.000000,0.000000,0.000000,12.000000,5.000000,93.892857,134.523810,78.529458,59.053939,3.000000
2026-06-24T23:09:44.007780211Z,1000,per_hit,raw_percent_of_host,api-node1,api-node2,28,21,49,42.424242,24.107143,42.424242,48.214286,100.000000,50.000000,13.000000,6.000000,0.000000,0.000000,13.000000,6.000000,92.481481,132.500000,78.962759,55.841908,3.000000
2026-06-24T23:09:45.007782232Z,1000,per_hit,raw_percent_of_host,api-node1,api-node2,27,22,49,54.545455,13.513514,54.545455,27.027027,100.000000,50.000000,8.000000,10.000000,0.000000,0.000000,8.000000,10.000000,109.562500,121.166667,70.075440,63.196190,3.000000
2026-06-24T23:09:46.007782544Z,1000,per_hit,raw_percent_of_host,api-node1,api-node2,34,17,51,45.454545,21.000000,45.454545,42.000000,100.000000,50.000000,16.000000,5.000000,0.000000,0.000000,16.000000,5.000000,83.423077,141.818182,77.230996,60.958393,3.000000
2026-06-24T23:09:47.007780159Z,1000,per_hit,raw_percent_of_host,api-node1,api-node2,25,25,50,48.039216,17.117117,48.039216,34.234234,100.000000,50.000000,8.000000,13.000000,0.000000,0.000000,8.000000,13.000000,135.030303,112.647059,60.722381,69.761023,3.000000
2026-06-24T23:09:48.007780965Z,1000,per_hit,raw_percent_of_host,api-node1,api-node2,30,20,50,49.494949,20.202020,49.494949,40.404040,100.000000,50.000000,7.000000,12.000000,0.000000,0.000000,7.000000,12.000000,86.967742,198.761905,77.242834,65.175241,3.000000
2026-06-24T23:09:49.007780492Z,1000,per_hit,raw_percent_of_host,api-node1,api-node2,28,22,50,41.176471,27.272727,41.176471,54.545455,100.000000,50.000000,7.000000,13.000000,0.000000,0.000000,7.000000,13.000000,83.714286,149.952381,78.736708,55.071558,3.000000
2026-06-24T23:09:50.007781833Z,1000,per_hit,raw_percent_of_host,api-node1,api-node2,26,24,50,48.484848,17.171717,48.484848,34.343434,100.000000,50.000000,10.000000,8.000000,0.000000,0.000000,10.000000,8.000000,64.782609,169.137931,80.478641,56.209070,3.000000
2026-06-24T23:09:51.007781873Z,1000,per_hit,raw_percent_of_host,api-node1,api-node2,32,18,50,43.000000,28.409091,43.000000,56.818182,100.000000,50.000000,11.000000,8.000000,0.000000,0.000000,11.000000,8.000000,109.354839,141.277778,75.904963,54.961331,3.000000
2026-06-24T23:09:52.007780889Z,1000,per_hit,raw_percent_of_host,api-node1,api-node2,27,22,49,49.000000,20.000000,49.000000,40.000000,100.000000,50.000000,8.000000,10.000000,0.000000,0.000000,8.000000,10.000000,90.800000,139.000000,69.783308,56.171537,3.000000
2026-06-24T23:09:53.007781816Z,1000,per_hit,raw_percent_of_host,api-node1,api-node2,23,26,49,28.000000,23.423423,28.000000,46.846847,100.000000,50.000000,9.000000,7.000000,0.000000,0.000000,9.000000,7.000000,82.545455,147.896552,72.028062,52.591916,3.000000
2026-06-24T23:09:54.007782287Z,1000,per_hit,raw_percent_of_host,api-node1,api-node2,28,20,48,32.323232,25.742574,32.323232,51.485149,100.000000,50.000000,8.000000,8.000000,0.000000,0.000000,8.000000,8.000000,95.724138,128.894737,78.916442,63.379580,3.000000
2026-06-24T23:09:55.007782211Z,1000,per_hit,raw_percent_of_host,api-node1,api-node2,30,18,48,45.000000,19.642857,45.000000,39.285714,100.000000,50.000000,9.000000,8.000000,0.000000,0.000000,9.000000,8.000000,83.310345,126.111111,77.746863,51.388356,3.000000
2026-06-24T23:09:56.007780555Z,1000,per_hit,raw_percent_of_host,api-node1,api-node2,28,18,46,39.603960,24.107143,39.603960,48.214286,100.000000,50.000000,10.000000,5.000000,0.000000,0.000000,10.000000,5.000000,91.333333,144.619048,75.996894,54.851159,3.000000
2026-06-24T23:09:57.007780134Z,1000,per_hit,raw_percent_of_host,api-node1,api-node2,25,20,45,45.000000,18.918919,45.000000,37.837838,100.000000,50.000000,5.000000,8.000000,0.000000,0.000000,5.000000,8.000000,97.466667,116.764706,78.297571,57.760347,3.000000
2026-06-24T23:09:58.007780279Z,1000,per_hit,raw_percent_of_host,api-node1,api-node2,20,24,44,44.444444,19.642857,44.444444,39.285714,100.000000,50.000000,2.000000,11.000000,0.000000,0.000000,2.000000,11.000000,75.260870,144.428571,79.713914,58.969597,3.000000
2026-06-24T23:09:59.007780263Z,1000,per_hit,raw_percent_of_host,api-node1,api-node2,25,19,44,49.019608,20.792079,49.019608,41.584158,100.000000,50.000000,6.000000,5.000000,0.000000,0.000000,6.000000,5.000000,68.619048,160.240000,77.022502,58.586277,3.000000
2026-06-24T23:10:00.007780829Z,1000,per_hit,raw_percent_of_host,api-node1,api-node2,18,25,43,44.000000,18.918919,44.000000,37.837838,100.000000,50.000000,1.000000,9.000000,0.000000,0.000000,1.000000,9.000000,84.739130,114.047619,76.415131,60.479994,3.000000
2026-06-24T23:10:01.00777989Z,1000,per_hit,raw_percent_of_host,api-node1,api-node2,21,21,42,44.000000,23.333333,44.000000,46.666667,100.000000,50.000000,3.000000,6.000000,0.000000,0.000000,3.000000,6.000000,71.210526,137.875000,70.453168,66.419303,3.000000
2026-06-24T23:10:02.007780262Z,1000,per_hit,raw_percent_of_host,api-node1,api-node2,22,19,41,41.414141,18.750000,41.414141,37.500000,100.000000,50.000000,2.000000,6.000000,0.000000,0.000000,2.000000,6.000000,57.260870,137.052632,82.587925,54.151802,3.000000
2026-06-24T23:10:03.007781255Z,1000,per_hit,raw_percent_of_host,api-node1,api-node2,21,19,40,41.000000,22.727273,41.000000,45.454545,100.000000,50.000000,4.000000,4.000000,0.000000,0.000000,4.000000,4.000000,80.421053,126.380952,76.979767,68.112262,3.000000
2026-06-24T23:10:04.007780162Z,1000,per_hit,raw_percent_of_host,api-node1,api-node2,21,18,39,32.673267,18.918919,32.673267,37.837838,100.000000,50.000000,7.000000,1.000000,0.000000,0.000000,7.000000,1.000000,78.611111,168.238095,81.532598,58.001913,3.000000
2026-06-24T23:10:05.007782879Z,1000,per_hit,raw_percent_of_host,api-node1,api-node2,23,15,38,48.514851,19.469027,48.514851,38.938053,100.000000,50.000000,5.000000,2.000000,0.000000,0.000000,5.000000,2.000000,88.800000,113.500000,77.412164,69.390311,3.000000
2026-06-24T23:10:06.007780076Z,1000,per_hit,raw_percent_of_host,api-node1,api-node2,18,19,37,37.000000,22.522523,37.000000,45.045045,100.000000,50.000000,1.000000,4.000000,0.000000,0.000000,1.000000,4.000000,77.954545,138.176471,72.968798,58.145378,3.000000
2026-06-24T23:10:07.007780209Z,1000,per_hit,raw_percent_of_host,api-node1,api-node2,18,18,36,39.215686,18.918919,39.215686,37.837838,100.000000,50.000000,3.000000,2.000000,0.000000,0.000000,3.000000,2.000000,55.562500,121.150000,82.962671,64.157339,3.000000
2026-06-24T23:10:08.007782084Z,1000,per_hit,raw_percent_of_host,api-node1,api-node2,15,20,35,31.683168,24.107143,31.683168,48.214286,100.000000,50.000000,1.000000,2.000000,0.000000,0.000000,1.000000,2.000000,61.411765,113.600000,82.490603,67.212814,3.000000
2026-06-24T23:10:09.007781719Z,1000,per_hit,raw_percent_of_host,api-node1,api-node2,20,14,34,44.554455,21.551724,44.554455,43.103448,100.000000,50.000000,3.000000,0.000000,0.000000,0.000000,3.000000,0.000000,58.777778,147.375000,82.096193,68.651348,3.000000
2026-06-24T23:10:10.007780198Z,1000,per_hit,raw_percent_of_host,api-node1,api-node2,22,20,42,40.404040,24.107143,40.404040,48.214286,100.000000,50.000000,4.000000,2.000000,0.000000,0.000000,4.000000,2.000000,74.571429,103.722222,80.426590,68.000799,3.000000
2026-06-24T23:10:11.007780588Z,1000,per_hit,raw_percent_of_host,api-node1,api-node2,20,14,34,38.775510,16.853933,38.775510,33.707865,100.000000,50.000000,1.000000,3.000000,0.000000,0.000000,1.000000,3.000000,93.260870,86.769231,71.768759,78.358249,3.000000
2026-06-24T23:10:12.007780032Z,1000,per_hit,raw_percent_of_host,api-node1,api-node2,16,16,32,25.252525,23.595506,25.252525,47.191011,100.000000,50.000000,0.000000,3.000000,0.000000,0.000000,0.000000,3.000000,85.176471,87.187500,75.335410,69.604840,3.000000
2026-06-24T23:10:13.007780039Z,1000,per_hit,raw_percent_of_host,api-node1,api-node2,19,12,31,30.612245,18.181818,30.612245,36.363636,100.000000,50.000000,2.000000,1.000000,0.000000,0.000000,2.000000,1.000000,67.529412,102.000000,81.869747,71.046837,3.000000
2026-06-24T23:10:14.007781594Z,1000,per_hit,raw_percent_of_host,api-node1,api-node2,17,14,31,30.612245,17.241379,30.612245,34.482759,100.000000,50.000000,1.000000,3.000000,0.000000,0.000000,1.000000,3.000000,100.222222,109.166667,76.053672,69.899849,3.000000
2026-06-24T23:10:15.007780306Z,1000,per_hit,raw_percent_of_host,api-node1,api-node2,16,15,31,20.408163,22.471910,20.408163,44.943820,100.000000,50.000000,1.000000,3.000000,0.000000,0.000000,1.000000,3.000000,74.625000,93.733333,78.754914,67.897403,3.000000
2026-06-24T23:10:16.007780618Z,1000,per_hit,raw_percent_of_host,api-node1,api-node2,20,10,30,25.510204,16.000000,25.510204,32.000000,100.000000,50.000000,1.000000,2.000000,0.000000,0.000000,1.000000,2.000000,76.300000,85.363636,78.901263,72.723231,3.000000
2026-06-24T23:10:17.007781747Z,1000,per_hit,raw_percent_of_host,api-node1,api-node2,17,13,30,25.510204,22.727273,25.510204,45.454545,100.000000,50.000000,1.000000,3.000000,0.000000,0.000000,1.000000,3.000000,65.470588,128.000000,81.843824,70.154691,3.000000
2026-06-24T23:10:18.007781972Z,1000,per_hit,raw_percent_of_host,api-node1,api-node2,21,9,30,34.343434,11.363636,34.343434,22.727273,100.000000,50.000000,1.000000,2.000000,0.000000,0.000000,1.000000,2.000000,99.238095,116.600000,79.071612,63.574598,3.000000
2026-06-24T23:10:19.00778019Z,1000,per_hit,raw_percent_of_host,api-node1,api-node2,12,18,30,19.387755,21.590909,19.387755,43.181818,100.000000,50.000000,0.000000,3.000000,0.000000,0.000000,0.000000,3.000000,72.615385,102.176471,81.393340,73.337467,3.000000
2026-06-24T23:10:20.007780135Z,1000,per_hit,raw_percent_of_host,api-node1,api-node2,14,16,30,16.326531,28.409091,16.326531,56.818182,100.000000,50.000000,2.000000,2.000000,0.000000,0.000000,2.000000,2.000000,59.916667,140.058824,82.626637,62.531801,3.000000
2026-06-24T23:10:21.00777997Z,1000,per_hit,raw_percent_of_host,api-node1,api-node2,14,16,30,20.408163,18.888889,20.408163,37.777778,100.000000,50.000000,1.000000,2.000000,0.000000,0.000000,1.000000,2.000000,61.000000,108.250000,82.721404,68.301842,3.000000
2026-06-24T23:10:22.007780136Z,1000,per_hit,raw_percent_of_host,api-node1,api-node2,17,14,31,30.612245,17.045455,30.612245,34.090909,100.000000,50.000000,2.000000,1.000000,0.000000,0.000000,2.000000,1.000000,83.812500,94.133333,78.468702,77.131693,3.000000
2026-06-24T23:10:23.007781633Z,1000,per_hit,raw_percent_of_host,api-node1,api-node2,15,16,31,26.530612,17.241379,26.530612,34.482759,100.000000,50.000000,1.000000,2.000000,0.000000,0.000000,1.000000,2.000000,100.750000,118.733333,69.078128,66.946668,3.000000
2026-06-24T23:10:24.007780327Z,1000,per_hit,raw_percent_of_host,api-node1,api-node2,16,14,30,21.212121,20.689655,21.212121,41.379310,100.000000,50.000000,0.000000,0.000000,0.000000,0.000000,0.000000,0.000000,90.000000,113.250000,68.475354,68.444936,3.000000
2026-06-24T23:10:25.007780529Z,1000,per_hit,raw_percent_of_host,api-node1,api-node2,20,14,34,30.303030,17.241379,30.303030,34.482759,100.000000,50.000000,1.000000,2.000000,0.000000,0.000000,1.000000,2.000000,91.000000,113.750000,72.449105,69.431177,3.000000
2026-06-24T23:10:26.007781889Z,1000,per_hit,raw_percent_of_host,api-node1,api-node2,20,13,33,31.632653,12.359551,31.632653,24.719101,100.000000,50.000000,0.000000,3.000000,0.000000,0.000000,0.000000,3.000000,90.904762,118.750000,74.292783,74.225509,3.000000
2026-06-24T23:10:27.00778149Z,1000,per_hit,raw_percent_of_host,api-node1,api-node2,17,17,34,25.252525,17.045455,25.252525,34.090909,100.000000,50.000000,2.000000,2.000000,0.000000,0.000000,2.000000,2.000000,68.066667,124.777778,82.361158,73.849124,3.000000
2026-06-24T23:10:28.007780299Z,1000,per_hit,raw_percent_of_host,api-node1,api-node2,16,19,35,25.510204,17.045455,25.510204,34.090909,100.000000,50.000000,1.000000,2.000000,0.000000,0.000000,1.000000,2.000000,71.000000,127.578947,77.081199,70.055342,3.000000
2026-06-24T23:10:29.007782427Z,1000,per_hit,raw_percent_of_host,api-node1,api-node2,21,15,36,30.612245,16.853933,30.612245,33.707865,100.000000,50.000000,1.000000,1.000000,0.000000,0.000000,1.000000,1.000000,109.952381,124.875000,76.636121,61.837762,3.000000
2026-06-24T23:10:30.007780545Z,1000,per_hit,raw_percent_of_host,api-node1,api-node2,20,18,38,26.262626,23.595506,26.262626,47.191011,100.000000,50.000000,2.000000,1.000000,0.000000,0.000000,2.000000,1.000000,107.315789,176.500000,75.537182,68.406206,3.000000
2026-06-24T23:10:31.007782486Z,1000,per_hit,raw_percent_of_host,api-node1,api-node2,18,19,37,32.653061,17.977528,32.653061,35.955056,100.000000,50.000000,1.000000,1.000000,0.000000,0.000000,1.000000,1.000000,69.052632,235.526316,81.085375,64.152721,3.000000
2026-06-24T23:10:32.00778041Z,1000,per_hit,raw_percent_of_host,api-node1,api-node2,19,20,39,25.510204,17.977528,25.510204,35.955056,100.000000,50.000000,1.000000,1.000000,0.000000,0.000000,1.000000,1.000000,88.894737,168.550000,76.403276,70.069971,3.000000
2026-06-24T23:10:33.007784203Z,1000,per_hit,raw_percent_of_host,api-node1,api-node2,14,26,40,15.463918,28.888889,15.463918,57.777778,100.000000,50.000000,2.000000,3.000000,0.000000,0.000000,2.000000,3.000000,82.461538,341.375000,76.658644,66.701536,3.000000
2026-06-24T23:10:34.00778203Z,1000,per_hit,raw_percent_of_host,api-node1,api-node2,17,22,39,25.510204,19.318182,25.510204,38.636364,100.000000,50.000000,0.000000,3.000000,0.000000,0.000000,0.000000,3.000000,103.105263,144.500000,77.422461,55.721714,3.000000
2026-06-24T23:10:35.007782482Z,1000,per_hit,raw_percent_of_host,api-node1,api-node2,28,16,44,30.612245,17.045455,30.612245,34.090909,100.000000,50.000000,1.000000,2.000000,0.000000,0.000000,1.000000,2.000000,156.814815,110.058824,71.163661,61.445508,3.000000
2026-06-24T23:10:36.007781411Z,1000,per_hit,raw_percent_of_host,api-node1,api-node2,16,27,43,26.262626,23.595506,26.262626,47.191011,100.000000,50.000000,1.000000,4.000000,0.000000,0.000000,1.000000,4.000000,88.687500,295.760000,75.177160,65.861960,3.000000
2026-06-24T23:10:37.007781633Z,1000,per_hit,raw_percent_of_host,api-node1,api-node2,26,17,43,23.232323,23.333333,23.232323,46.666667,100.000000,50.000000,1.000000,2.000000,0.000000,0.000000,1.000000,2.000000,108.500000,153.526316,74.148444,63.521191,3.000000
2026-06-24T23:10:38.007782738Z,1000,per_hit,raw_percent_of_host,api-node1,api-node2,26,20,46,26.530612,17.977528,26.530612,35.955056,100.000000,50.000000,2.000000,1.000000,0.000000,0.000000,2.000000,1.000000,81.800000,254.476190,74.482651,60.902132,3.000000
2026-06-24T23:10:39.007783832Z,1000,per_hit,raw_percent_of_host,api-node1,api-node2,25,19,44,24.000000,22.727273,24.000000,45.454545,100.000000,50.000000,0.000000,2.000000,0.000000,0.000000,0.000000,2.000000,148.370370,172.666667,72.898332,52.518493,3.000000
2026-06-24T23:10:40.007781404Z,1000,per_hit,raw_percent_of_host,api-node1,api-node2,27,22,49,20.408163,28.089888,20.408163,56.179775,100.000000,50.000000,1.000000,1.000000,0.000000,0.000000,1.000000,1.000000,201.576923,129.739130,71.253158,62.171531,3.000000
2026-06-24T23:10:41.007781633Z,1000,per_hit,raw_percent_of_host,api-node1,api-node2,30,17,47,40.404040,17.045455,40.404040,34.090909,100.000000,50.000000,3.000000,0.000000,0.000000,0.000000,3.000000,0.000000,122.357143,243.111111,74.148160,64.982671,3.000000
2026-06-24T23:10:42.007781646Z,1000,per_hit,raw_percent_of_host,api-node1,api-node2,29,19,48,25.510204,23.595506,25.510204,47.191011,100.000000,50.000000,2.000000,1.000000,0.000000,0.000000,2.000000,1.000000,127.466667,239.833333,74.448267,68.240417,3.000000
2026-06-24T23:10:43.007783041Z,1000,per_hit,raw_percent_of_host,api-node1,api-node2,18,31,49,18.000000,25.252525,18.000000,50.505051,100.000000,50.000000,0.000000,2.000000,0.000000,0.000000,0.000000,2.000000,96.400000,323.733333,72.445153,66.887703,3.000000
2026-06-24T23:10:44.007780217Z,1000,per_hit,raw_percent_of_host,api-node1,api-node2,27,20,47,21.212121,20.224719,21.212121,40.449438,100.000000,50.000000,0.000000,0.000000,0.000000,0.000000,0.000000,0.000000,118.037037,174.000000,79.334367,68.143229,3.000000
2026-06-24T23:10:45.00778005Z,1000,per_hit,raw_percent_of_host,api-node1,api-node2,24,27,51,39.175258,17.241379,39.175258,34.482759,100.000000,50.000000,0.000000,2.000000,0.000000,0.000000,0.000000,2.000000,100.791667,273.760000,74.602098,69.539500,3.000000
2026-06-24T23:10:46.007780513Z,1000,per_hit,raw_percent_of_host,api-node1,api-node2,29,21,50,37.000000,17.977528,37.000000,35.955056,100.000000,50.000000,2.000000,0.000000,0.000000,0.000000,2.000000,0.000000,94.888889,260.086957,76.451135,67.263457,3.000000
2026-06-24T23:10:47.007780647Z,1000,per_hit,raw_percent_of_host,api-node1,api-node2,25,25,50,27.000000,28.089888,27.000000,56.179775,100.000000,50.000000,2.000000,1.000000,0.000000,0.000000,2.000000,1.000000,105.160000,284.375000,74.130618,67.255233,3.000000
2026-06-24T23:10:48.0077815Z,1000,per_hit,raw_percent_of_host,api-node1,api-node2,32,18,50,40.816327,12.359551,40.816327,24.719101,100.000000,50.000000,2.000000,2.000000,0.000000,0.000000,2.000000,2.000000,194.375000,173.411765,73.585982,52.771143,3.000000
2026-06-24T23:10:49.007783527Z,1000,per_hit,raw_percent_of_host,api-node1,api-node2,24,24,48,30.612245,22.727273,30.612245,45.454545,100.000000,50.000000,0.000000,2.000000,0.000000,0.000000,0.000000,2.000000,127.461538,239.583333,74.697958,72.086411,3.000000
2026-06-24T23:10:50.007780104Z,1000,per_hit,raw_percent_of_host,api-node1,api-node2,26,25,51,15.306122,25.842697,15.306122,51.685393,100.000000,50.000000,0.000000,1.000000,0.000000,0.000000,0.000000,1.000000,131.307692,253.769231,74.348568,68.342139,3.000000
2026-06-24T23:10:51.007792787Z,1000,per_hit,raw_percent_of_host,api-node1,api-node2,31,20,51,36.363636,23.595506,36.363636,47.191011,100.000000,50.000000,3.000000,1.000000,0.000000,0.000000,3.000000,1.000000,124.107143,352.500000,79.321815,61.487579,3.000000
2026-06-24T23:10:52.007780211Z,1000,per_hit,raw_percent_of_host,api-node1,api-node2,29,20,49,31.313131,17.241379,31.313131,34.482759,100.000000,50.000000,0.000000,4.000000,0.000000,0.000000,0.000000,4.000000,210.531250,134.588235,72.688933,54.778276,3.000000
2026-06-24T23:10:53.007781371Z,1000,per_hit,raw_percent_of_host,api-node1,api-node2,28,21,49,30.612245,17.045455,30.612245,34.090909,100.000000,50.000000,3.000000,0.000000,0.000000,0.000000,3.000000,0.000000,148.040000,267.880000,77.366850,58.521752,3.000000
2026-06-24T23:10:54.007780525Z,1000,per_hit,raw_percent_of_host,api-node1,api-node2,29,20,49,35.714286,18.181818,35.714286,36.363636,100.000000,50.000000,3.000000,0.000000,0.000000,0.000000,3.000000,0.000000,137.827586,281.750000,73.564198,75.844333,3.000000
2026-06-24T23:10:55.007780549Z,1000,per_hit,raw_percent_of_host,api-node1,api-node2,20,28,48,20.408163,22.988506,20.408163,45.977011,100.000000,50.000000,2.000000,1.000000,0.000000,0.000000,2.000000,1.000000,115.380952,274.296296,73.864101,72.322019,3.000000
2026-06-24T23:10:56.007781651Z,1000,per_hit,raw_percent_of_host,api-node1,api-node2,30,18,48,26.262626,23.595506,26.262626,47.191011,100.000000,50.000000,1.000000,2.000000,0.000000,0.000000,1.000000,2.000000,118.935484,214.705882,76.556458,66.969872,3.000000
2026-06-24T23:10:57.007780626Z,1000,per_hit,raw_percent_of_host,api-node1,api-node2,24,23,47,20.408163,27.272727,20.408163,54.545455,100.000000,50.000000,2.000000,3.000000,0.000000,0.000000,2.000000,3.000000,154.260870,182.136364,71.349890,62.487429,3.000000
2026-06-24T23:10:58.007779919Z,1000,per_hit,raw_percent_of_host,api-node1,api-node2,29,17,46,32.000000,17.977528,32.000000,35.955056,100.000000,50.000000,2.000000,1.000000,0.000000,0.000000,2.000000,1.000000,133.344828,165.631579,74.549697,63.240345,3.000000
2026-06-24T23:10:59.007781962Z,1000,per_hit,raw_percent_of_host,api-node1,api-node2,26,19,45,25.510204,24.719101,25.510204,49.438202,100.000000,50.000000,2.000000,1.000000,0.000000,0.000000,2.000000,1.000000,128.769231,218.842105,74.515226,71.237497,3.000000
2026-06-24T23:11:00.007782117Z,1000,per_hit,raw_percent_of_host,api-node1,api-node2,21,23,44,19.354839,21.590909,19.354839,43.181818,100.000000,50.000000,1.000000,1.000000,0.000000,0.000000,1.000000,1.000000,93.590909,209.391304,73.587749,67.940574,3.000000
2026-06-24T23:11:01.00778213Z,1000,per_hit,raw_percent_of_host,api-node1,api-node2,19,24,43,31.000000,18.181818,31.000000,36.363636,100.000000,50.000000,0.000000,4.000000,0.000000,0.000000,0.000000,4.000000,101.150000,188.857143,80.960230,74.027147,3.000000
2026-06-24T23:11:02.007782223Z,1000,per_hit,raw_percent_of_host,api-node1,api-node2,25,17,42,30.612245,11.363636,30.612245,22.727273,100.000000,50.000000,3.000000,0.000000,0.000000,0.000000,3.000000,0.000000,92.500000,166.809524,74.211367,57.237335,3.000000
2026-06-24T23:11:03.007780832Z,1000,per_hit,raw_percent_of_host,api-node1,api-node2,20,21,41,30.927835,17.045455,30.927835,34.090909,100.000000,50.000000,0.000000,4.000000,0.000000,0.000000,0.000000,4.000000,89.565217,185.000000,76.231661,62.202953,3.000000
2026-06-24T23:11:04.007781187Z,1000,per_hit,raw_percent_of_host,api-node1,api-node2,21,19,40,21.000000,22.058824,21.000000,44.117647,100.000000,50.000000,2.000000,3.000000,0.000000,0.000000,2.000000,3.000000,105.421053,142.947368,75.150264,63.832874,3.000000
2026-06-24T23:11:05.007780355Z,1000,per_hit,raw_percent_of_host,api-node1,api-node2,20,19,39,28.571429,23.595506,28.571429,47.191011,100.000000,50.000000,0.000000,3.000000,0.000000,0.000000,0.000000,3.000000,93.454545,139.263158,77.848160,56.926163,3.000000
2026-06-24T23:11:06.007780225Z,1000,per_hit,raw_percent_of_host,api-node1,api-node2,25,13,38,27.083333,12.500000,27.083333,25.000000,100.000000,50.000000,2.000000,1.000000,0.000000,0.000000,2.000000,1.000000,95.913043,94.666667,76.739341,70.465782,3.000000
2026-06-24T23:11:07.007780469Z,1000,per_hit,raw_percent_of_host,api-node1,api-node2,20,17,37,29.591837,13.953488,29.591837,27.906977,100.000000,50.000000,1.000000,2.000000,0.000000,0.000000,1.000000,2.000000,105.523810,106.687500,71.314950,73.301043,3.000000
2026-06-24T23:11:08.007781518Z,1000,per_hit,raw_percent_of_host,api-node1,api-node2,18,18,36,16.161616,23.863636,16.161616,47.727273,100.000000,50.000000,1.000000,1.000000,0.000000,0.000000,1.000000,1.000000,91.833333,138.894737,77.944729,67.100723,3.000000
2026-06-24T23:11:09.0077821Z,1000,per_hit,raw_percent_of_host,api-node1,api-node2,20,15,35,26.530612,17.241379,26.530612,34.482759,100.000000,50.000000,2.000000,2.000000,0.000000,0.000000,2.000000,2.000000,69.368421,130.285714,82.614056,72.710123,3.000000
2026-06-24T23:11:10.007780558Z,1000,per_hit,raw_percent_of_host,api-node1,api-node2,20,14,34,30.612245,17.045455,30.612245,34.090909,100.000000,50.000000,0.000000,4.000000,0.000000,0.000000,0.000000,4.000000,95.318182,108.916667,75.627226,71.707689,3.000000
2026-06-24T23:11:11.007780204Z,1000,per_hit,raw_percent_of_host,api-node1,api-node2,20,13,33,30.612245,17.977528,30.612245,35.955056,100.000000,50.000000,0.000000,3.000000,0.000000,0.000000,0.000000,3.000000,76.550000,135.142857,76.842337,54.900074,3.000000
2026-06-24T23:11:12.007780021Z,1000,per_hit,raw_percent_of_host,api-node1,api-node2,14,17,31,26.262626,17.045455,26.262626,34.090909,100.000000,50.000000,0.000000,2.000000,0.000000,0.000000,0.000000,2.000000,65.785714,163.111111,81.287322,60.857333,3.000000
2026-06-24T23:11:13.007781575Z,1000,per_hit,raw_percent_of_host,api-node1,api-node2,23,11,34,20.408163,23.595506,20.408163,47.191011,100.000000,50.000000,3.000000,0.000000,0.000000,0.000000,3.000000,0.000000,79.250000,113.461538,76.446821,68.707892,3.000000
2026-06-24T23:11:14.007781382Z,1000,per_hit,raw_percent_of_host,api-node1,api-node2,10,21,31,6.000000,25.842697,6.000000,51.685393,100.000000,50.000000,1.000000,2.000000,0.000000,0.000000,1.000000,2.000000,67.583333,133.526316,80.053050,65.616413,3.000000
2026-06-24T23:11:15.007782455Z,1000,per_hit,raw_percent_of_host,api-node1,api-node2,18,13,31,30.612245,17.045455,30.612245,34.090909,100.000000,50.000000,2.000000,1.000000,0.000000,0.000000,2.000000,1.000000,86.058824,126.428571,82.210866,66.522157,3.000000
2026-06-24T23:11:16.007780069Z,1000,per_hit,raw_percent_of_host,api-node1,api-node2,20,11,31,31.632653,5.681818,31.632653,11.363636,100.000000,50.000000,2.000000,3.000000,0.000000,0.000000,2.000000,3.000000,78.750000,88.555556,80.597410,78.440995,3.000000
2026-06-24T23:11:17.007781394Z,1000,per_hit,raw_percent_of_host,api-node1,api-node2,19,11,30,27.551020,16.091954,27.551020,32.183908,100.000000,50.000000,1.000000,1.000000,0.000000,0.000000,1.000000,1.000000,95.500000,86.230769,76.051382,80.876757,3.000000
2026-06-24T23:11:18.007782385Z,1000,per_hit,raw_percent_of_host,api-node1,api-node2,13,17,30,26.262626,17.045455,26.262626,34.090909,100.000000,50.000000,1.000000,3.000000,0.000000,0.000000,1.000000,3.000000,53.538462,138.733333,83.238328,64.247821,3.000000
2026-06-24T23:11:19.007781438Z,1000,per_hit,raw_percent_of_host,api-node1,api-node2,15,14,29,19.587629,22.727273,19.587629,45.454545,100.000000,50.000000,1.000000,0.000000,0.000000,0.000000,1.000000,0.000000,60.533333,101.000000,79.748492,65.522957,3.000000
2026-06-24T23:11:20.007781908Z,1000,per_hit,raw_percent_of_host,api-node1,api-node2,20,11,31,35.714286,11.363636,35.714286,22.727273,100.000000,50.000000,1.000000,2.000000,0.000000,0.000000,1.000000,2.000000,94.750000,96.777778,74.181023,69.346923,3.000000
2026-06-24T23:11:21.007780207Z,1000,per_hit,raw_percent_of_host,api-node1,api-node2,20,10,30,34.000000,11.363636,34.000000,22.727273,100.000000,50.000000,4.000000,0.000000,0.000000,0.000000,4.000000,0.000000,68.117647,131.250000,81.739604,61.830729,3.000000
2026-06-24T23:11:22.007782807Z,1000,per_hit,raw_percent_of_host,api-node1,api-node2,16,15,31,25.510204,17.977528,25.510204,35.955056,100.000000,50.000000,1.000000,3.000000,0.000000,0.000000,1.000000,3.000000,78.736842,90.750000,79.557663,73.120753,3.000000
2026-06-24T23:11:23.007780092Z,1000,per_hit,raw_percent_of_host,api-node1,api-node2,17,14,31,27.272727,22.727273,27.272727,45.454545,100.000000,50.000000,1.000000,3.000000,0.000000,0.000000,1.000000,3.000000,93.588235,116.928571,71.425518,64.859408,3.000000
2026-06-24T23:11:24.007780136Z,1000,per_hit,raw_percent_of_host,api-node1,api-node2,17,15,32,32.653061,11.363636,32.653061,22.727273,100.000000,50.000000,0.000000,3.000000,0.000000,0.000000,0.000000,3.000000,71.611111,116.800000,81.392186,67.298884,3.000000
2026-06-24T23:11:25.007781332Z,1000,per_hit,raw_percent_of_host,api-node1,api-node2,15,17,32,23.958333,22.727273,23.958333,45.454545,100.000000,50.000000,1.000000,3.000000,0.000000,0.000000,1.000000,3.000000,94.428571,101.764706,81.976741,71.134985,3.000000
2026-06-24T23:11:26.007780946Z,1000,per_hit,raw_percent_of_host,api-node1,api-node2,17,16,33,32.653061,11.363636,32.653061,22.727273,100.000000,50.000000,2.000000,2.000000,0.000000,0.000000,2.000000,2.000000,58.250000,165.000000,81.840723,56.148399,3.000000
2026-06-24T23:11:27.007782543Z,1000,per_hit,raw_percent_of_host,api-node1,api-node2,17,16,33,24.489796,22.727273,24.489796,45.454545,100.000000,50.000000,2.000000,1.000000,0.000000,0.000000,2.000000,1.000000,83.705882,115.777778,66.215516,62.205550,3.000000
2026-06-24T23:11:28.007780082Z,1000,per_hit,raw_percent_of_host,api-node1,api-node2,20,14,34,26.262626,21.839080,26.262626,43.678161,100.000000,50.000000,0.000000,0.000000,0.000000,0.000000,0.000000,0.000000,77.818182,110.214286,78.482623,74.877479,3.000000
2026-06-24T23:11:29.00777993Z,1000,per_hit,raw_percent_of_host,api-node1,api-node2,18,19,37,18.367347,17.977528,18.367347,35.955056,100.000000,50.000000,1.000000,1.000000,0.000000,0.000000,1.000000,1.000000,67.529412,135.222222,81.525343,60.557260,3.000000
2026-06-24T23:11:30.007780607Z,1000,per_hit,raw_percent_of_host,api-node1,api-node2,22,16,38,40.816327,12.359551,40.816327,24.719101,100.000000,50.000000,1.000000,3.000000,0.000000,0.000000,1.000000,3.000000,90.500000,128.928571,80.649303,68.986615,3.000000
2026-06-24T23:11:31.007779926Z,1000,per_hit,raw_percent_of_host,api-node1,api-node2,19,19,38,20.408163,24.719101,20.408163,49.438202,100.000000,50.000000,1.000000,3.000000,0.000000,0.000000,1.000000,3.000000,98.789474,138.842105,78.110980,65.884027,3.000000
2026-06-24T23:11:32.007780344Z,1000,per_hit,raw_percent_of_host,api-node1,api-node2,24,14,38,25.510204,20.000000,25.510204,40.000000,100.000000,50.000000,1.000000,3.000000,0.000000,0.000000,1.000000,3.000000,125.875000,95.214286,77.288662,58.207197,3.000000
2026-06-24T23:11:33.007780068Z,1000,per_hit,raw_percent_of_host,api-node1,api-node2,22,19,41,30.612245,17.777778,30.612245,35.555556,100.000000,50.000000,1.000000,1.000000,0.000000,0.000000,1.000000,1.000000,106.363636,142.714286,70.702251,57.647273,3.000000
2026-06-24T23:11:34.007782551Z,1000,per_hit,raw_percent_of_host,api-node1,api-node2,22,19,41,25.510204,22.727273,25.510204,45.454545,100.000000,50.000000,1.000000,2.000000,0.000000,0.000000,1.000000,2.000000,98.863636,110.888889,79.418581,68.074253,3.000000
2026-06-24T23:11:35.007781444Z,1000,per_hit,raw_percent_of_host,api-node1,api-node2,22,18,40,42.424242,13.333333,42.424242,26.666667,100.000000,50.000000,0.000000,0.000000,0.000000,0.000000,0.000000,0.000000,91.130435,150.600000,76.870810,60.656252,3.000000
2026-06-24T23:11:36.007780358Z,1000,per_hit,raw_percent_of_host,api-node1,api-node2,25,20,45,30.303030,22.471910,30.303030,44.943820,100.000000,50.000000,2.000000,1.000000,0.000000,0.000000,2.000000,1.000000,113.695652,121.894737,77.348782,64.178430,3.000000
2026-06-24T23:11:37.007780635Z,1000,per_hit,raw_percent_of_host,api-node1,api-node2,21,23,44,26.000000,28.409091,26.000000,56.818182,100.000000,50.000000,1.000000,3.000000,0.000000,0.000000,1.000000,3.000000,83.863636,198.238095,79.347329,72.256169,3.000000
2026-06-24T23:11:38.007780659Z,1000,per_hit,raw_percent_of_host,api-node1,api-node2,24,21,45,30.612245,23.595506,30.612245,47.191011,100.000000,50.000000,1.000000,2.000000,0.000000,0.000000,1.000000,2.000000,91.333333,216.636364,80.589139,51.262487,3.000000
2026-06-24T23:11:39.007780295Z,1000,per_hit,raw_percent_of_host,api-node1,api-node2,27,19,46,36.000000,23.595506,36.000000,47.191011,100.000000,50.000000,0.000000,3.000000,0.000000,0.000000,0.000000,3.000000,115.928571,140.333333,78.335619,63.072409,3.000000
2026-06-24T23:11:40.007782434Z,1000,per_hit,raw_percent_of_host,api-node1,api-node2,23,24,47,40.404040,22.727273,40.404040,45.454545,100.000000,50.000000,1.000000,3.000000,0.000000,0.000000,1.000000,3.000000,99.818182,193.041667,80.603395,63.856944,3.000000
2026-06-24T23:11:41.007782563Z,1000,per_hit,raw_percent_of_host,api-node1,api-node2,21,26,47,29.166667,20.238095,29.166667,40.476190,100.000000,50.000000,1.000000,3.000000,0.000000,0.000000,1.000000,3.000000,103.714286,149.307692,78.408931,60.612251,3.000000
2026-06-24T23:11:42.007802522Z,1000,per_hit,raw_percent_of_host,api-node1,api-node2,32,16,48,40.816327,18.888889,40.816327,37.777778,100.000000,50.000000,1.000000,1.000000,0.000000,0.000000,1.000000,1.000000,141.125000,160.611111,77.182025,61.836535,3.000000
2026-06-24T23:11:43.007780549Z,1000,per_hit,raw_percent_of_host,api-node1,api-node2,30,19,49,41.414141,17.977528,41.414141,35.955056,100.000000,50.000000,3.000000,1.000000,0.000000,0.000000,3.000000,1.000000,158.892857,157.421053,79.476114,59.298884,3.000000
2026-06-24T23:11:44.007782131Z,1000,per_hit,raw_percent_of_host,api-node1,api-node2,19,30,49,25.510204,28.089888,25.510204,56.179775,100.000000,50.000000,1.000000,3.000000,0.000000,0.000000,1.000000,3.000000,103.428571,194.107143,78.176435,64.852607,3.000000
2026-06-24T23:11:45.007783042Z,1000,per_hit,raw_percent_of_host,api-node1,api-node2,26,23,49,34.693878,24.000000,34.693878,48.000000,100.000000,50.000000,1.000000,2.000000,0.000000,0.000000,1.000000,2.000000,104.423077,131.708333,80.264280,62.892926,3.000000
2026-06-24T23:11:46.007780778Z,1000,per_hit,raw_percent_of_host,api-node1,api-node2,31,19,50,41.414141,18.888889,41.414141,37.777778,100.000000,50.000000,0.000000,3.000000,0.000000,0.000000,0.000000,3.000000,120.375000,154.722222,77.624560,49.993590,3.000000
2026-06-24T23:11:47.007780439Z,1000,per_hit,raw_percent_of_host,api-node1,api-node2,27,23,50,30.303030,25.000000,30.303030,50.000000,100.000000,50.000000,2.000000,1.000000,0.000000,0.000000,2.000000,1.000000,113.760000,235.600000,75.115884,60.110185,3.000000
2026-06-24T23:11:48.007780043Z,1000,per_hit,raw_percent_of_host,api-node1,api-node2,29,21,50,31.313131,23.595506,31.313131,47.191011,100.000000,50.000000,1.000000,1.000000,0.000000,0.000000,1.000000,1.000000,101.866667,176.952381,78.748556,65.725850,3.000000
2026-06-24T23:11:49.007781921Z,1000,per_hit,raw_percent_of_host,api-node1,api-node2,29,21,50,31.000000,24.719101,31.000000,49.438202,100.000000,50.000000,1.000000,2.000000,0.000000,0.000000,1.000000,2.000000,136.137931,126.700000,74.586105,54.963773,3.000000
2026-06-24T23:11:50.007780205Z,1000,per_hit,raw_percent_of_host,api-node1,api-node2,32,19,51,40.816327,17.045455,40.816327,34.090909,100.000000,50.000000,3.000000,3.000000,0.000000,0.000000,3.000000,3.000000,133.300000,165.000000,76.062816,52.665815,3.000000
2026-06-24T23:11:51.007780551Z,1000,per_hit,raw_percent_of_host,api-node1,api-node2,32,17,49,40.816327,23.595506,40.816327,47.191011,100.000000,50.000000,2.000000,1.000000,0.000000,0.000000,2.000000,1.000000,145.454545,167.947368,72.636338,65.835745,3.000000
2026-06-24T23:11:52.007781959Z,1000,per_hit,raw_percent_of_host,api-node1,api-node2,29,21,50,40.816327,17.241379,40.816327,34.482759,100.000000,50.000000,0.000000,3.000000,0.000000,0.000000,0.000000,3.000000,159.612903,161.052632,79.238215,69.414936,3.000000
2026-06-24T23:11:53.007781629Z,1000,per_hit,raw_percent_of_host,api-node1,api-node2,29,20,49,37.000000,24.444444,37.000000,48.888889,100.000000,50.000000,1.000000,1.000000,0.000000,0.000000,1.000000,1.000000,136.500000,168.818182,78.391926,55.527241,3.000000
2026-06-24T23:11:54.00778028Z,1000,per_hit,raw_percent_of_host,api-node1,api-node2,23,24,47,20.202020,25.742574,20.202020,51.485149,100.000000,50.000000,1.000000,2.000000,0.000000,0.000000,1.000000,2.000000,106.608696,239.826087,71.808305,69.022407,3.000000
2026-06-24T23:11:55.00778247Z,1000,per_hit,raw_percent_of_host,api-node1,api-node2,24,25,49,26.262626,29.213483,26.262626,58.426966,100.000000,50.000000,2.000000,2.000000,0.000000,0.000000,2.000000,2.000000,115.652174,231.200000,62.936345,59.191430,3.000000
2026-06-24T23:11:56.007780583Z,1000,per_hit,raw_percent_of_host,api-node1,api-node2,27,20,47,41.237113,19.101124,41.237113,38.202247,100.000000,50.000000,0.000000,4.000000,0.000000,0.000000,0.000000,4.000000,130.620690,142.111111,76.163846,49.898290,3.000000
2026-06-24T23:11:57.007781528Z,1000,per_hit,raw_percent_of_host,api-node1,api-node2,24,23,47,41.584158,17.045455,41.584158,34.090909,100.000000,50.000000,1.000000,2.000000,0.000000,0.000000,1.000000,2.000000,110.826087,155.760000,78.688760,64.109790,3.000000
2026-06-24T23:11:58.007782254Z,1000,per_hit,raw_percent_of_host,api-node1,api-node2,24,22,46,26.262626,24.719101,26.262626,49.438202,100.000000,50.000000,2.000000,0.000000,0.000000,0.000000,2.000000,0.000000,99.913043,153.500000,78.857996,53.834871,3.000000
2026-06-24T23:11:59.007781606Z,1000,per_hit,raw_percent_of_host,api-node1,api-node2,22,22,44,30.612245,17.977528,30.612245,35.955056,100.000000,50.000000,3.000000,0.000000,0.000000,0.000000,3.000000,0.000000,92.142857,192.681818,76.174798,65.159506,3.000000
2026-06-24T23:12:00.007780979Z,1000,per_hit,raw_percent_of_host,api-node1,api-node2,21,23,44,30.303030,23.595506,30.303030,47.191011,100.000000,50.000000,1.000000,2.000000,0.000000,0.000000,1.000000,2.000000,92.695652,166.714286,78.797857,66.190232,3.000000
2026-06-24T23:12:01.007779917Z,1000,per_hit,raw_percent_of_host,api-node1,api-node2,22,21,43,30.612245,23.863636,30.612245,47.727273,100.000000,50.000000,2.000000,2.000000,0.000000,0.000000,2.000000,2.000000,97.380952,141.761905,78.224046,69.188386,3.000000
2026-06-24T23:12:02.007780226Z,1000,per_hit,raw_percent_of_host,api-node1,api-node2,23,19,42,30.612245,22.727273,30.612245,45.454545,100.000000,50.000000,1.000000,2.000000,0.000000,0.000000,1.000000,2.000000,88.958333,120.842105,80.545833,72.725200,3.000000
2026-06-24T23:12:03.007781384Z,1000,per_hit,raw_percent_of_host,api-node1,api-node2,25,16,41,28.421053,17.977528,28.421053,35.955056,100.000000,50.000000,2.000000,0.000000,0.000000,0.000000,2.000000,0.000000,80.916667,142.166667,79.047220,56.609692,3.000000
2026-06-24T23:12:04.00778043Z,1000,per_hit,raw_percent_of_host,api-node1,api-node2,27,13,40,31.000000,16.161616,31.000000,32.323232,100.000000,50.000000,1.000000,2.000000,0.000000,0.000000,1.000000,2.000000,96.357143,126.181818,75.833346,60.236161,3.000000
2026-06-24T23:12:05.007780461Z,1000,per_hit,raw_percent_of_host,api-node1,api-node2,21,17,38,30.612245,17.045455,30.612245,34.090909,100.000000,50.000000,1.000000,1.000000,0.000000,0.000000,1.000000,1.000000,82.952381,112.944444,82.073085,61.643165,3.000000
2026-06-24T23:12:06.007781371Z,1000,per_hit,raw_percent_of_host,api-node1,api-node2,23,16,39,26.000000,23.595506,26.000000,47.191011,100.000000,50.000000,0.000000,3.000000,0.000000,0.000000,0.000000,3.000000,90.416667,107.214286,81.124174,69.901310,3.000000
2026-06-24T23:12:07.007781438Z,1000,per_hit,raw_percent_of_host,api-node1,api-node2,20,17,37,35.714286,18.181818,35.714286,36.363636,100.000000,50.000000,0.000000,3.000000,0.000000,0.000000,0.000000,3.000000,93.700000,147.235294,80.335077,60.149796,3.000000
2026-06-24T23:12:08.007781799Z,1000,per_hit,raw_percent_of_host,api-node1,api-node2,18,18,36,21.428571,25.000000,21.428571,50.000000,100.000000,50.000000,0.000000,4.000000,0.000000,0.000000,0.000000,4.000000,69.000000,113.235294,79.471707,72.841829,3.000000
2026-06-24T23:12:09.007782003Z,1000,per_hit,raw_percent_of_host,api-node1,api-node2,17,18,35,20.408163,25.000000,20.408163,50.000000,100.000000,50.000000,2.000000,2.000000,0.000000,0.000000,2.000000,2.000000,62.800000,132.450000,78.817595,61.377718,3.000000
2026-06-24T23:12:10.007781639Z,1000,per_hit,raw_percent_of_host,api-node1,api-node2,19,15,34,25.510204,16.853933,25.510204,33.707865,100.000000,50.000000,2.000000,0.000000,0.000000,0.000000,2.000000,0.000000,65.684211,113.470588,80.972239,61.481810,3.000000
2026-06-24T23:12:11.007780158Z,1000,per_hit,raw_percent_of_host,api-node1,api-node2,18,15,33,26.262626,22.727273,26.262626,45.454545,100.000000,50.000000,0.000000,3.000000,0.000000,0.000000,0.000000,3.000000,71.500000,114.166667,79.155988,69.850061,3.000000
2026-06-24T23:12:12.007780081Z,1000,per_hit,raw_percent_of_host,api-node1,api-node2,16,17,33,26.262626,21.839080,26.262626,43.678161,100.000000,50.000000,0.000000,5.000000,0.000000,0.000000,0.000000,5.000000,98.937500,90.866667,73.757891,69.763864,3.000000
2026-06-24T23:12:13.007780248Z,1000,per_hit,raw_percent_of_host,api-node1,api-node2,15,17,32,27.551020,12.359551,27.551020,24.719101,100.000000,50.000000,1.000000,3.000000,0.000000,0.000000,1.000000,3.000000,52.571429,142.421053,77.182874,67.051372,3.000000
2026-06-24T23:12:14.007780887Z,1000,per_hit,raw_percent_of_host,api-node1,api-node2,11,18,29,20.202020,20.224719,20.202020,40.449438,100.000000,50.000000,0.000000,2.000000,0.000000,0.000000,0.000000,2.000000,72.250000,130.578947,77.258458,71.333198,3.000000
2026-06-24T23:12:15.007779978Z,1000,per_hit,raw_percent_of_host,api-node1,api-node2,15,18,33,25.252525,16.853933,25.252525,33.707865,100.000000,50.000000,2.000000,1.000000,0.000000,0.000000,2.000000,1.000000,58.538462,116.368421,80.781443,67.476201,3.000000
2026-06-24T23:12:16.007781511Z,1000,per_hit,raw_percent_of_host,api-node1,api-node2,14,16,30,20.408163,17.045455,20.408163,34.090909,100.000000,50.000000,1.000000,2.000000,0.000000,0.000000,1.000000,2.000000,82.000000,128.200000,75.882480,59.658441,3.000000
2026-06-24T23:12:17.007781822Z,1000,per_hit,raw_percent_of_host,api-node1,api-node2,21,9,30,31.313131,12.359551,31.313131,24.719101,100.000000,50.000000,1.000000,1.000000,0.000000,0.000000,1.000000,1.000000,77.857143,101.600000,80.002328,72.084658,3.000000
2026-06-24T23:12:18.007782873Z,1000,per_hit,raw_percent_of_host,api-node1,api-node2,16,14,30,27.272727,17.045455,27.272727,34.090909,100.000000,50.000000,0.000000,4.000000,0.000000,0.000000,0.000000,4.000000,78.235294,100.818182,80.313699,68.546216,3.000000
2026-06-24T23:12:19.007780511Z,1000,per_hit,raw_percent_of_host,api-node1,api-node2,14,16,30,20.202020,22.988506,20.202020,45.977011,100.000000,50.000000,1.000000,3.000000,0.000000,0.000000,1.000000,3.000000,66.230769,110.058824,81.875072,73.038142,3.000000
2026-06-24T23:12:20.007781867Z,1000,per_hit,raw_percent_of_host,api-node1,api-node2,19,11,30,31.632653,12.359551,31.632653,24.719101,100.000000,50.000000,1.000000,2.000000,0.000000,0.000000,1.000000,2.000000,65.000000,127.083333,81.545369,55.833620,3.000000
2026-06-24T23:12:21.007781869Z,1000,per_hit,raw_percent_of_host,api-node1,api-node2,21,7,28,34.000000,12.359551,34.000000,24.719101,100.000000,50.000000,1.000000,0.000000,0.000000,0.000000,1.000000,0.000000,84.952381,104.888889,73.467544,58.438155,3.000000
2026-06-24T23:12:22.007780031Z,1000,per_hit,raw_percent_of_host,api-node1,api-node2,19,14,33,20.202020,22.727273,20.202020,45.454545,100.000000,50.000000,2.000000,0.000000,0.000000,0.000000,2.000000,0.000000,71.833333,107.285714,76.261445,59.951382,3.000000
2026-06-24T23:12:23.00778036Z,1000,per_hit,raw_percent_of_host,api-node1,api-node2,18,11,29,31.632653,17.241379,31.632653,34.482759,100.000000,50.000000,0.000000,1.000000,0.000000,0.000000,0.000000,1.000000,92.450000,97.800000,79.259012,69.864720,3.000000
2026-06-24T23:12:24.007780035Z,1000,per_hit,raw_percent_of_host,api-node1,api-node2,19,15,34,21.212121,27.272727,21.212121,54.545455,100.000000,50.000000,1.000000,3.000000,0.000000,0.000000,1.000000,3.000000,71.611111,121.846154,79.706644,62.130993,3.000000
2026-06-24T23:12:25.007780036Z,1000,per_hit,raw_percent_of_host,api-node1,api-node2,17,16,33,27.722772,24.719101,27.722772,49.438202,100.000000,50.000000,2.000000,1.000000,0.000000,0.000000,2.000000,1.000000,66.250000,126.666667,80.056683,61.207533,3.000000
2026-06-24T23:12:26.007780725Z,1000,per_hit,raw_percent_of_host,api-node1,api-node2,19,13,32,25.510204,24.444444,25.510204,48.888889,100.000000,50.000000,0.000000,2.000000,0.000000,0.000000,0.000000,2.000000,78.428571,106.500000,78.059382,61.994813,3.000000
2026-06-24T23:12:27.007781807Z,1000,per_hit,raw_percent_of_host,api-node1,api-node2,14,21,35,26.262626,22.727273,26.262626,45.454545,100.000000,50.000000,0.000000,5.000000,0.000000,0.000000,0.000000,5.000000,58.142857,140.166667,82.481023,55.645508,3.000000
2026-06-24T23:12:28.00778024Z,1000,per_hit,raw_percent_of_host,api-node1,api-node2,15,20,35,30.612245,25.842697,30.612245,51.685393,100.000000,50.000000,0.000000,4.000000,0.000000,0.000000,0.000000,4.000000,78.200000,160.761905,75.739570,60.573939,3.000000
2026-06-24T23:12:29.007781608Z,1000,per_hit,raw_percent_of_host,api-node1,api-node2,22,14,36,35.714286,24.444444,35.714286,48.888889,100.000000,50.000000,2.000000,0.000000,0.000000,0.000000,2.000000,0.000000,65.300000,115.055556,80.751323,62.025373,3.000000
2026-06-24T23:12:30.007780486Z,1000,per_hit,raw_percent_of_host,api-node1,api-node2,20,17,37,30.612245,20.000000,30.612245,40.000000,100.000000,50.000000,1.000000,4.000000,0.000000,0.000000,1.000000,4.000000,92.047619,123.769231,76.927820,66.741222,3.000000
2026-06-24T23:12:31.007779834Z,1000,per_hit,raw_percent_of_host,api-node1,api-node2,18,17,35,40.404040,17.045455,40.404040,34.090909,100.000000,50.000000,0.000000,2.000000,0.000000,0.000000,0.000000,2.000000,69.368421,161.263158,82.357193,55.559471,3.000000
2026-06-24T23:12:32.00778203Z,1000,per_hit,raw_percent_of_host,api-node1,api-node2,18,24,42,31.313131,24.719101,31.313131,49.438202,100.000000,50.000000,0.000000,4.000000,0.000000,0.000000,0.000000,4.000000,74.388889,102.318182,76.965412,69.662077,3.000000
2026-06-24T23:12:33.007783733Z,1000,per_hit,raw_percent_of_host,api-node1,api-node2,14,11,25,26.530612,14.772727,26.530612,29.545455,100.000000,50.000000,0.000000,0.000000,0.000000,0.000000,0.000000,0.000000,62.714286,101.285714,80.960898,58.393957,3.000000
2026-06-24T23:12:34.00778021Z,1000,per_hit,raw_percent_of_host,api-node1,api-node2,0,0,0,0.000000,1.000000,0.000000,2.000000,100.000000,50.000000,0.000000,0.000000,0.000000,0.000000,0.000000,0.000000,0.000000,0.000000,0.000000,0.000000,3.000000
2026-06-24T23:12:35.007781551Z,1000,per_hit,raw_percent_of_host,api-node1,api-node2,0,0,0,0.000000,1.000000,0.000000,2.000000,100.000000,50.000000,0.000000,0.000000,0.000000,0.000000,0.000000,0.000000,0.000000,0.000000,0.000000,0.000000,3.000000
2026-06-24T23:12:36.007781591Z,1000,per_hit,raw_percent_of_host,api-node1,api-node2,0,0,0,0.990099,0.990099,0.990099,1.980198,100.000000,50.000000,0.000000,0.000000,0.000000,0.000000,0.000000,0.000000,0.000000,0.000000,0.000000,0.000000,3.000000
2026-06-24T23:12:37.007780399Z,1000,per_hit,raw_percent_of_host,api-node1,api-node2,0,0,0,1.000000,0.000000,1.000000,0.000000,100.000000,50.000000,0.000000,0.000000,0.000000,0.000000,0.000000,0.000000,0.000000,0.000000,0.000000,0.000000,3.000000
