timestamp_utc,window_ms,traffic_log_mode,cpu_usage_unit,node1_name,node2_name,node1_requests,node2_requests,total_requests,node1_cpu_raw_usage,node2_cpu_raw_usage,node1_cpu_normalized_usage,node2_cpu_normalized_usage,node1_cpu_capacity,node2_cpu_capacity,node1_inflight,node2_inflight,node1_backend_inflight,node2_backend_inflight,node1_queue,node2_queue,node1_response_ms,node2_response_ms,node1_fuzzy_score,node2_fuzzy_score,os_idle_cpu
2026-06-25T00:04:02.325621223Z,1000,per_hit,raw_percent_of_host,api-node1,api-node2,18,22,40,0.0,0.0,0.0,0.0,100.0,50.0,13.0,22.0,0.0,0.0,13.0,22.0,75.8,0.0,83.666667,83.666667,3.0
2026-06-25T00:04:03.325622207Z,1000,per_hit,raw_percent_of_host,api-node1,api-node2,28,13,41,11.111111,19.767442,11.111111,39.534884,100.0,50.0,28.0,13.0,0.0,0.0,28.0,13.0,229.538462,351.181818,50.0,16.333333,3.0
2026-06-25T00:04:04.325625226Z,1000,per_hit,raw_percent_of_host,api-node1,api-node2,21,21,42,23.076923,5.952381,23.076923,11.904762,100.0,50.0,21.0,21.0,0.0,0.0,21.0,21.0,232.714286,240.769231,27.342736,48.503951,3.0
2026-06-25T00:04:05.325621972Z,1000,per_hit,raw_percent_of_host,api-node1,api-node2,28,15,43,11.235955,11.904762,11.235955,23.809524,100.0,50.0,28.0,15.0,0.0,0.0,28.0,15.0,206.47619,337.333333,50.0,25.821544,3.0
2026-06-25T00:04:06.325621556Z,1000,per_hit,raw_percent_of_host,api-node1,api-node2,23,21,44,7.5,5.952381,7.5,11.904762,100.0,50.0,23.0,21.0,0.0,0.0,23.0,21.0,253.857143,206.533333,50.0,48.487796,3.0
2026-06-25T00:04:07.325622921Z,1000,per_hit,raw_percent_of_host,api-node1,api-node2,33,12,45,13.043478,17.857143,13.043478,35.714286,100.0,50.0,33.0,12.0,0.0,0.0,33.0,12.0,222.521739,389.904762,45.319195,16.333333,3.0
2026-06-25T00:04:08.325621972Z,1000,per_hit,raw_percent_of_host,api-node1,api-node2,17,29,46,22.47191,5.882353,22.47191,11.764706,100.0,50.0,17.0,29.0,0.0,0.0,17.0,29.0,265.575758,170.916667,28.556972,48.83178,3.0
2026-06-25T00:04:09.325620851Z,1000,per_hit,raw_percent_of_host,api-node1,api-node2,34,13,47,0.0,26.0,0.0,52.0,100.0,50.0,34.0,13.0,0.0,0.0,34.0,13.0,140.470588,541.310345,50.0,16.333333,3.0
2026-06-25T00:04:10.325620882Z,1000,per_hit,raw_percent_of_host,api-node1,api-node2,14,33,47,23.595506,1.176471,23.595506,2.352941,100.0,50.0,12.0,33.0,0.0,0.0,12.0,33.0,321.638889,177.384615,26.274445,50.0,3.0
2026-06-25T00:04:11.325622761Z,1000,per_hit,raw_percent_of_host,api-node1,api-node2,40,8,48,0.0,26.0,0.0,52.0,100.0,50.0,40.0,8.0,0.0,0.0,40.0,8.0,113.833333,534.545455,50.0,16.333333,3.0
2026-06-25T00:04:12.325623581Z,1000,per_hit,raw_percent_of_host,api-node1,api-node2,14,35,49,34.444444,0.0,34.444444,0.0,100.0,50.0,14.0,35.0,0.0,0.0,14.0,35.0,381.075,164.125,16.333333,50.0,3.0
2026-06-25T00:04:13.32562307Z,1000,per_hit,raw_percent_of_host,api-node1,api-node2,39,10,49,0.0,25.252525,0.0,50.505051,100.0,50.0,39.0,10.0,0.0,0.0,39.0,10.0,132.142857,765.2,50.0,16.333333,3.0
2026-06-25T00:04:14.325622412Z,1000,per_hit,raw_percent_of_host,api-node1,api-node2,14,36,50,33.707865,0.0,33.707865,0.0,100.0,50.0,13.0,36.0,0.0,0.0,13.0,36.0,406.275,137.5,16.333333,50.0,3.0
2026-06-25T00:04:15.325621753Z,1000,per_hit,raw_percent_of_host,api-node1,api-node2,37,13,50,1.0,25.252525,1.0,50.505051,100.0,50.0,37.0,13.0,0.0,0.0,37.0,13.0,138.0,654.583333,50.0,16.333333,3.0
2026-06-25T00:04:16.325620844Z,1000,per_hit,raw_percent_of_host,api-node1,api-node2,24,26,50,23.333333,11.764706,23.333333,23.529412,100.0,50.0,24.0,26.0,0.0,0.0,24.0,26.0,371.081081,272.230769,26.814435,26.411019,3.0
2026-06-25T00:04:17.325624688Z,1000,per_hit,raw_percent_of_host,api-node1,api-node2,40,10,50,11.235955,19.54023,11.235955,39.08046,100.0,50.0,39.0,10.0,0.0,0.0,39.0,10.0,190.28,501.730769,50.0,16.333333,3.0
2026-06-25T00:04:18.325621164Z,1000,per_hit,raw_percent_of_host,api-node1,api-node2,13,37,50,34.065934,5.882353,34.065934,11.764706,100.0,50.0,11.0,37.0,0.0,0.0,11.0,37.0,350.658537,165.4,16.333333,48.772848,3.0
2026-06-25T00:04:19.325621672Z,1000,per_hit,raw_percent_of_host,api-node1,api-node2,35,13,48,0.0,25.252525,0.0,50.505051,100.0,50.0,35.0,13.0,0.0,0.0,35.0,13.0,133.545455,701.243243,50.0,16.333333,3.0
2026-06-25T00:04:20.325621085Z,1000,per_hit,raw_percent_of_host,api-node1,api-node2,16,33,49,22.47191,5.952381,22.47191,11.904762,100.0,50.0,14.0,33.0,0.0,0.0,14.0,33.0,345.945946,169.846154,29.432198,47.07707,3.0
2026-06-25T00:04:21.325622258Z,1000,per_hit,raw_percent_of_host,api-node1,api-node2,28,21,49,43.75,25.581395,43.75,51.162791,100.0,50.0,26.0,21.0,0.0,0.0,26.0,21.0,129.25,514.606061,22.851089,17.641577,3.0
2026-06-25T00:04:22.325622025Z,1000,per_hit,raw_percent_of_host,api-node1,api-node2,27,22,49,22.47191,11.764706,22.47191,23.529412,100.0,50.0,25.0,22.0,0.0,0.0,25.0,22.0,292.464286,313.809524,30.451739,25.999685,3.0
2026-06-25T00:04:23.325622874Z,1000,per_hit,raw_percent_of_host,api-node1,api-node2,39,10,49,13.333333,24.705882,13.333333,49.411765,100.0,50.0,37.0,9.0,0.0,0.0,37.0,9.0,228.555556,385.130435,46.75162,16.744667,3.0
2026-06-25T00:04:24.32562214Z,1000,per_hit,raw_percent_of_host,api-node1,api-node2,16,32,48,34.065934,0.0,34.065934,0.0,100.0,50.0,13.0,32.0,0.0,0.0,13.0,32.0,338.125,151.666667,21.008917,48.597222,3.0
2026-06-25T00:04:25.325621649Z,1000,per_hit,raw_percent_of_host,api-node1,api-node2,39,8,47,0.0,25.252525,0.0,50.505051,100.0,50.0,39.0,5.0,0.0,0.0,39.0,5.0,148.923077,653.457143,48.914894,17.765957,3.0
2026-06-25T00:04:26.325621454Z,1000,per_hit,raw_percent_of_host,api-node1,api-node2,10,37,47,33.333333,0.0,33.333333,0.0,100.0,50.0,2.0,35.0,0.0,0.0,2.0,35.0,312.808511,115.0,17.765957,52.122243,3.0
2026-06-25T00:04:27.325621644Z,1000,per_hit,raw_percent_of_host,api-node1,api-node2,37,9,46,2.020202,26.470588,2.020202,52.941176,100.0,50.0,35.0,7.0,0.0,0.0,35.0,7.0,79.0,613.810811,76.509602,19.242687,3.0
2026-06-25T00:04:28.32562289Z,1000,per_hit,raw_percent_of_host,api-node1,api-node2,31,14,45,6.349206,0.0,6.349206,0.0,100.0,50.0,29.0,13.0,0.0,0.0,29.0,13.0,347.837838,148.375,51.407183,50.735652,3.0
2026-06-25T00:04:29.325622107Z,1000,per_hit,raw_percent_of_host,api-node1,api-node2,20,24,44,22.47191,5.952381,22.47191,11.904762,100.0,50.0,19.0,22.0,0.0,0.0,19.0,22.0,308.333333,200.066667,31.433223,51.396497,3.0
2026-06-25T00:04:30.325621762Z,1000,per_hit,raw_percent_of_host,api-node1,api-node2,29,14,43,12.222222,12.790698,12.222222,25.581395,100.0,50.0,26.0,14.0,0.0,0.0,26.0,14.0,155.090909,332.954545,47.76267,24.636036,3.0
2026-06-25T00:04:31.325621066Z,1000,per_hit,raw_percent_of_host,api-node1,api-node2,15,27,42,16.853933,7.058824,16.853933,14.117647,100.0,50.0,14.0,25.0,0.0,0.0,14.0,25.0,259.925926,215.9375,40.635124,43.242995,3.0
2026-06-25T00:04:32.325622787Z,1000,per_hit,raw_percent_of_host,api-node1,api-node2,33,8,41,2.197802,23.809524,2.197802,47.619048,100.0,50.0,31.0,6.0,0.0,0.0,31.0,6.0,150.9375,472.962963,50.126014,19.157194,3.0
2026-06-25T00:04:33.325622473Z,1000,per_hit,raw_percent_of_host,api-node1,api-node2,16,24,40,28.089888,0.0,28.089888,0.0,100.0,50.0,15.0,23.0,0.0,0.0,15.0,23.0,335.3125,148.571429,19.574994,50.0,3.0
2026-06-25T00:04:34.325621375Z,1000,per_hit,raw_percent_of_host,api-node1,api-node2,29,10,39,0.0,18.823529,0.0,37.647059,100.0,50.0,29.0,8.0,0.0,0.0,29.0,8.0,156.533333,427.36,49.136752,18.059829,3.0
2026-06-25T00:04:35.325621327Z,1000,per_hit,raw_percent_of_host,api-node1,api-node2,13,25,38,21.590909,0.0,21.590909,0.0,100.0,50.0,12.0,25.0,0.0,0.0,12.0,25.0,310.3,172.875,30.783001,50.0,3.0
2026-06-25T00:04:36.325620919Z,1000,per_hit,raw_percent_of_host,api-node1,api-node2,25,12,37,0.0,18.604651,0.0,37.209302,100.0,50.0,24.0,12.0,0.0,0.0,24.0,12.0,164.384615,389.56,50.0,16.333333,3.0
2026-06-25T00:04:37.325621604Z,1000,per_hit,raw_percent_of_host,api-node1,api-node2,9,27,36,17.777778,5.882353,17.777778,11.764706,100.0,50.0,8.0,27.0,0.0,0.0,8.0,27.0,211.56,224.916667,37.060665,48.79839,3.0
2026-06-25T00:04:38.325623311Z,1000,per_hit,raw_percent_of_host,api-node1,api-node2,31,4,35,0.0,22.222222,0.0,44.444444,100.0,50.0,30.0,4.0,0.0,0.0,30.0,4.0,109.0,505.481481,50.0,16.333333,3.0
2026-06-25T00:04:39.325625525Z,1000,per_hit,raw_percent_of_host,api-node1,api-node2,13,21,34,23.333333,1.0,23.333333,2.0,100.0,50.0,13.0,20.0,0.0,0.0,13.0,20.0,271.166667,108.6,26.814435,50.0,3.0
2026-06-25T00:04:40.325621635Z,1000,per_hit,raw_percent_of_host,api-node1,api-node2,20,13,33,0.0,11.764706,0.0,23.529412,100.0,50.0,19.0,13.0,0.0,0.0,19.0,13.0,131.285714,333.7,50.0,26.411019,3.0
2026-06-25T00:04:41.325621337Z,1000,per_hit,raw_percent_of_host,api-node1,api-node2,17,15,32,11.111111,1.190476,11.111111,2.380952,100.0,50.0,17.0,15.0,0.0,0.0,17.0,15.0,181.736842,217.923077,50.0,50.0,3.0
2026-06-25T00:04:42.325621617Z,1000,per_hit,raw_percent_of_host,api-node1,api-node2,16,15,31,0.0,5.882353,0.0,11.764706,100.0,50.0,16.0,14.0,0.0,0.0,16.0,14.0,187.058824,236.25,50.0,48.846656,3.0
2026-06-25T00:04:43.325622706Z,1000,per_hit,raw_percent_of_host,api-node1,api-node2,21,11,32,5.0,13.095238,5.0,26.190476,100.0,50.0,21.0,9.0,0.0,0.0,21.0,9.0,185.0,235.3125,49.493752,31.852764,3.0
2026-06-25T00:04:44.325622044Z,1000,per_hit,raw_percent_of_host,api-node1,api-node2,12,19,31,11.235955,1.176471,11.235955,2.352941,100.0,50.0,10.0,18.0,0.0,0.0,10.0,18.0,181.173913,154.1,50.447496,50.0,3.0
2026-06-25T00:04:45.325621482Z,1000,per_hit,raw_percent_of_host,api-node1,api-node2,23,7,30,0.0,12.941176,0.0,25.882353,100.0,50.0,23.0,6.0,0.0,0.0,23.0,6.0,151.7,287.052632,50.0,21.261818,3.0
2026-06-25T00:04:46.325620969Z,1000,per_hit,raw_percent_of_host,api-node1,api-node2,13,17,30,14.285714,2.020202,14.285714,4.040404,100.0,50.0,11.0,17.0,0.0,0.0,11.0,17.0,204.2,138.0,42.345266,50.0,3.0
2026-06-25T00:04:47.32562079Z,1000,per_hit,raw_percent_of_host,api-node1,api-node2,13,17,30,0.0,6.976744,0.0,13.953488,100.0,50.0,12.0,17.0,0.0,0.0,12.0,17.0,138.833333,240.588235,50.0,43.616469,3.0
2026-06-25T00:04:48.325621804Z,1000,per_hit,raw_percent_of_host,api-node1,api-node2,21,9,30,0.0,11.764706,0.0,23.529412,100.0,50.0,21.0,8.0,0.0,0.0,21.0,8.0,165.0,266.111111,50.0,26.411019,3.0
2026-06-25T00:04:49.325621374Z,1000,per_hit,raw_percent_of_host,api-node1,api-node2,19,11,30,11.235955,3.0,11.235955,6.0,100.0,50.0,19.0,9.0,0.0,0.0,19.0,9.0,214.380952,118.2,50.0,50.0,3.0
2026-06-25T00:04:50.325622453Z,1000,per_hit,raw_percent_of_host,api-node1,api-node2,17,13,30,12.222222,2.020202,12.222222,4.040404,100.0,50.0,15.0,13.0,0.0,0.0,15.0,13.0,189.809524,129.777778,47.566751,50.0,3.0
2026-06-25T00:04:51.32562272Z,1000,per_hit,raw_percent_of_host,api-node1,api-node2,18,13,31,5.617978,5.882353,5.617978,11.764706,100.0,50.0,18.0,12.0,0.0,0.0,18.0,12.0,188.933333,176.214286,50.0,48.886057,3.0
2026-06-25T00:04:52.325621051Z,1000,per_hit,raw_percent_of_host,api-node1,api-node2,12,19,31,2.197802,3.529412,2.197802,7.058824,100.0,50.0,6.0,19.0,0.0,0.0,6.0,19.0,138.791667,186.416667,50.0,49.962869,3.0
2026-06-25T00:04:53.325622406Z,1000,per_hit,raw_percent_of_host,api-node1,api-node2,19,12,31,0.0,11.904762,0.0,23.809524,100.0,50.0,19.0,11.0,0.0,0.0,19.0,11.0,114.166667,322.95,50.0,26.601494,3.0
2026-06-25T00:04:54.325622603Z,1000,per_hit,raw_percent_of_host,api-node1,api-node2,15,17,32,0.0,5.952381,0.0,11.904762,100.0,50.0,14.0,16.0,0.0,0.0,14.0,16.0,143.25,210.583333,50.0,47.094486,3.0
2026-06-25T00:04:55.325621704Z,1000,per_hit,raw_percent_of_host,api-node1,api-node2,18,15,33,5.617978,6.976744,5.617978,13.953488,100.0,50.0,17.0,13.0,0.0,0.0,17.0,13.0,156.333333,233.555556,50.0,44.06158,3.0
2026-06-25T00:04:56.32562185Z,1000,per_hit,raw_percent_of_host,api-node1,api-node2,24,9,33,10.891089,12.790698,10.891089,25.581395,100.0,50.0,22.0,7.0,0.0,0.0,22.0,7.0,178.157895,278.133333,50.0,23.893112,3.0
2026-06-25T00:04:57.325622994Z,1000,per_hit,raw_percent_of_host,api-node1,api-node2,21,13,34,11.235955,1.162791,11.235955,2.325581,100.0,50.0,18.0,12.0,0.0,0.0,18.0,12.0,196.44,186.125,50.0,51.005302,3.0
2026-06-25T00:04:58.325622116Z,1000,per_hit,raw_percent_of_host,api-node1,api-node2,25,10,35,11.235955,5.952381,11.235955,11.904762,100.0,50.0,21.0,8.0,0.0,0.0,21.0,8.0,187.318182,156.357143,50.0,48.725156,3.0
2026-06-25T00:04:59.325621271Z,1000,per_hit,raw_percent_of_host,api-node1,api-node2,17,19,36,12.222222,7.058824,12.222222,14.117647,100.0,50.0,14.0,15.0,0.0,0.0,14.0,15.0,181.291667,201.0,45.849359,46.776487,3.0
2026-06-25T00:05:00.325622068Z,1000,per_hit,raw_percent_of_host,api-node1,api-node2,21,16,37,11.0,11.764706,11.0,23.529412,100.0,50.0,16.0,14.0,0.0,0.0,16.0,14.0,124.736842,243.882353,48.005399,30.247588,3.0
2026-06-25T00:05:01.325621693Z,1000,per_hit,raw_percent_of_host,api-node1,api-node2,26,12,38,11.235955,12.790698,11.235955,25.581395,100.0,50.0,20.0,9.0,0.0,0.0,20.0,9.0,174.454545,272.0,50.0,24.365077,3.0
2026-06-25T00:05:02.325621462Z,1000,per_hit,raw_percent_of_host,api-node1,api-node2,20,19,39,9.195402,11.764706,9.195402,23.529412,100.0,50.0,18.0,11.0,0.0,0.0,18.0,11.0,184.454545,188.588235,50.0,33.313231,3.0
2026-06-25T00:05:03.325627482Z,1000,per_hit,raw_percent_of_host,api-node1,api-node2,16,24,40,11.111111,6.024096,11.111111,12.048193,100.0,50.0,11.0,17.0,0.0,0.0,11.0,17.0,146.347826,170.611111,50.0,48.861673,3.0
2026-06-25T00:05:04.325620657Z,1000,per_hit,raw_percent_of_host,api-node1,api-node2,28,13,41,11.235955,20.930233,11.235955,41.860465,100.0,50.0,23.0,5.0,0.0,0.0,23.0,5.0,169.0,274.12,50.0,24.544253,3.0
2026-06-25T00:05:05.325621975Z,1000,per_hit,raw_percent_of_host,api-node1,api-node2,19,23,42,24.175824,0.0,24.175824,0.0,100.0,50.0,8.0,21.0,0.0,0.0,8.0,21.0,220.382353,120.857143,35.032921,46.911354,3.0
2026-06-25T00:05:06.325621845Z,1000,per_hit,raw_percent_of_host,api-node1,api-node2,31,12,43,9.195402,24.705882,9.195402,49.411765,100.0,50.0,27.0,3.0,0.0,0.0,27.0,3.0,131.833333,368.533333,46.069767,26.511628,3.0
2026-06-25T00:05:07.325621182Z,1000,per_hit,raw_percent_of_host,api-node1,api-node2,20,24,44,34.090909,0.0,34.090909,0.0,100.0,50.0,6.0,22.0,0.0,0.0,6.0,22.0,305.926829,121.0,27.045455,40.475944,3.0
2026-06-25T00:05:08.325621787Z,1000,per_hit,raw_percent_of_host,api-node1,api-node2,28,17,45,11.235955,26.0,11.235955,52.0,100.0,50.0,22.0,7.0,0.0,0.0,22.0,7.0,131.666667,504.34375,50.0,27.555556,3.0
2026-06-25T00:05:09.325622423Z,1000,per_hit,raw_percent_of_host,api-node1,api-node2,22,24,46,28.888889,11.904762,28.888889,23.809524,100.0,50.0,11.0,18.0,0.0,0.0,11.0,18.0,334.333333,152.230769,29.15771,29.36259,3.0
2026-06-25T00:05:10.325624117Z,1000,per_hit,raw_percent_of_host,api-node1,api-node2,32,15,47,10.10101,27.906977,10.10101,55.813953,100.0,50.0,24.0,6.0,0.0,0.0,24.0,6.0,142.789474,425.333333,41.576005,20.549786,3.0
2026-06-25T00:05:11.325621448Z,1000,per_hit,raw_percent_of_host,api-node1,api-node2,20,28,48,33.707865,12.941176,33.707865,25.882353,100.0,50.0,6.0,22.0,0.0,0.0,6.0,22.0,297.526316,156.666667,29.575959,23.403237,3.0
2026-06-25T00:05:12.325621918Z,1000,per_hit,raw_percent_of_host,api-node1,api-node2,32,16,48,11.111111,25.742574,11.111111,51.485149,100.0,50.0,24.0,5.0,0.0,0.0,24.0,5.0,128.642857,550.69697,41.426017,22.164997,3.0
2026-06-25T00:05:13.325622384Z,1000,per_hit,raw_percent_of_host,api-node1,api-node2,16,33,49,35.869565,5.952381,35.869565,11.904762,100.0,50.0,0.0,28.0,0.0,0.0,0.0,28.0,257.15,155.4,29.823704,41.809903,3.0
2026-06-25T00:05:14.325621428Z,1000,per_hit,raw_percent_of_host,api-node1,api-node2,28,20,48,12.371134,26.0,12.371134,52.0,100.0,50.0,20.0,8.0,0.0,0.0,20.0,8.0,105.25,504.475,45.193993,27.861581,3.0
2026-06-25T00:05:15.325626222Z,1000,per_hit,raw_percent_of_host,api-node1,api-node2,34,17,51,39.325843,11.904762,39.325843,23.809524,100.0,50.0,20.0,10.0,0.0,0.0,20.0,10.0,266.441176,206.8,49.732265,29.001032,3.0
2026-06-25T00:05:16.325621155Z,1000,per_hit,raw_percent_of_host,api-node1,api-node2,31,19,50,29.213483,5.952381,29.213483,11.904762,100.0,50.0,14.0,14.0,0.0,0.0,14.0,14.0,185.324324,167.933333,40.906403,41.221312,3.0
2026-06-25T00:05:17.325621048Z,1000,per_hit,raw_percent_of_host,api-node1,api-node2,31,19,50,12.087912,23.529412,12.087912,47.058824,100.0,50.0,24.0,4.0,0.0,0.0,24.0,4.0,152.047619,301.482759,38.206312,27.187773,3.0
2026-06-25T00:05:18.325629251Z,1000,per_hit,raw_percent_of_host,api-node1,api-node2,24,26,50,13.75,17.857143,13.75,35.714286,100.0,50.0,14.0,14.0,0.0,0.0,14.0,14.0,205.205882,222.0625,42.800971,49.360088,3.0
2026-06-25T00:05:19.325621479Z,1000,per_hit,raw_percent_of_host,api-node1,api-node2,32,18,50,28.089888,18.604651,28.089888,37.209302,100.0,50.0,21.0,8.0,0.0,0.0,21.0,8.0,178.0,253.083333,46.765057,23.125379,3.0
2026-06-25T00:05:20.325621268Z,1000,per_hit,raw_percent_of_host,api-node1,api-node2,34,16,50,28.888889,11.764706,28.888889,23.529412,100.0,50.0,18.0,7.0,0.0,0.0,18.0,7.0,198.540541,194.705882,39.927561,24.867902,3.0
2026-06-25T00:05:21.32562129Z,1000,per_hit,raw_percent_of_host,api-node1,api-node2,29,20,49,17.777778,19.767442,17.777778,39.534884,100.0,50.0,22.0,6.0,0.0,0.0,22.0,6.0,181.56,229.666667,52.284582,27.893027,3.0
2026-06-25T00:05:22.325621725Z,1000,per_hit,raw_percent_of_host,api-node1,api-node2,31,18,49,40.449438,5.882353,40.449438,11.764706,100.0,50.0,14.0,16.0,0.0,0.0,14.0,16.0,282.820513,151.875,49.70686,42.597703,3.0
2026-06-25T00:05:23.325621901Z,1000,per_hit,raw_percent_of_host,api-node1,api-node2,31,18,49,17.777778,20.0,17.777778,40.0,100.0,50.0,23.0,7.0,0.0,0.0,23.0,7.0,151.727273,263.592593,48.708311,27.154343,3.0
2026-06-25T00:05:24.325621638Z,1000,per_hit,raw_percent_of_host,api-node1,api-node2,37,12,49,40.0,5.952381,40.0,11.904762,100.0,50.0,20.0,10.0,0.0,0.0,20.0,10.0,252.179487,165.555556,55.425854,36.888773,3.0
2026-06-25T00:05:25.325622159Z,1000,per_hit,raw_percent_of_host,api-node1,api-node2,20,27,47,22.47191,23.809524,22.47191,47.619048,100.0,50.0,12.0,16.0,0.0,0.0,12.0,16.0,210.857143,272.0,37.259121,31.223289,3.0
2026-06-25T00:05:26.325622782Z,1000,per_hit,raw_percent_of_host,api-node1,api-node2,27,20,47,12.222222,24.705882,12.222222,49.411765,100.0,50.0,19.0,11.0,0.0,0.0,19.0,11.0,140.75,398.32,41.73097,26.606751,3.0
2026-06-25T00:05:27.325621578Z,1000,per_hit,raw_percent_of_host,api-node1,api-node2,18,29,47,16.666667,19.767442,16.666667,39.534884,100.0,50.0,9.0,20.0,0.0,0.0,9.0,20.0,177.357143,208.3,39.109681,40.2722,3.0
2026-06-25T00:05:28.325621544Z,1000,per_hit,raw_percent_of_host,api-node1,api-node2,27,19,46,17.777778,24.705882,17.777778,49.411765,100.0,50.0,17.0,9.0,0.0,0.0,17.0,9.0,119.210526,333.5,55.283295,23.361497,3.0
2026-06-25T00:05:29.325620794Z,1000,per_hit,raw_percent_of_host,api-node1,api-node2,30,14,44,28.089888,11.904762,28.089888,23.809524,100.0,50.0,19.0,8.0,0.0,0.0,19.0,8.0,227.25,199.466667,47.292367,26.091749,3.0
2026-06-25T00:05:30.325621389Z,1000,per_hit,raw_percent_of_host,api-node1,api-node2,19,25,44,5.952381,17.647059,5.952381,35.294118,100.0,50.0,11.0,17.0,0.0,0.0,11.0,17.0,208.185185,197.6875,45.444382,49.469153,3.0
2026-06-25T00:05:31.325621477Z,1000,per_hit,raw_percent_of_host,api-node1,api-node2,27,15,42,11.0,12.941176,11.0,25.882353,100.0,50.0,20.0,8.0,0.0,0.0,20.0,8.0,141.888889,258.375,50.0,29.447897,3.0
2026-06-25T00:05:32.325621481Z,1000,per_hit,raw_percent_of_host,api-node1,api-node2,18,23,41,11.235955,5.952381,11.235955,11.904762,100.0,50.0,12.0,16.0,0.0,0.0,12.0,16.0,162.538462,173.6,50.0,46.542536,3.0
2026-06-25T00:05:33.325622219Z,1000,per_hit,raw_percent_of_host,api-node1,api-node2,24,17,41,22.47191,11.764706,22.47191,23.529412,100.0,50.0,14.0,15.0,0.0,0.0,14.0,15.0,151.772727,356.111111,37.604554,32.482675,3.0
2026-06-25T00:05:34.325622303Z,1000,per_hit,raw_percent_of_host,api-node1,api-node2,28,11,39,11.235955,13.793103,11.235955,27.586207,100.0,50.0,23.0,3.0,0.0,0.0,23.0,3.0,157.157895,265.043478,46.946631,21.546423,3.0
2026-06-25T00:05:35.325622013Z,1000,per_hit,raw_percent_of_host,api-node1,api-node2,19,19,38,23.333333,5.952381,23.333333,11.904762,100.0,50.0,12.0,14.0,0.0,0.0,12.0,14.0,254.4,111.875,36.21377,43.27327,3.0
2026-06-25T00:05:36.325622169Z,1000,per_hit,raw_percent_of_host,api-node1,api-node2,22,15,37,11.235955,11.904762,11.235955,23.809524,100.0,50.0,18.0,6.0,0.0,0.0,18.0,6.0,152.6875,267.521739,46.09817,34.373405,3.0
2026-06-25T00:05:37.325622854Z,1000,per_hit,raw_percent_of_host,api-node1,api-node2,23,13,36,16.853933,6.976744,16.853933,13.953488,100.0,50.0,18.0,6.0,0.0,0.0,18.0,6.0,178.0,144.076923,39.814267,40.736226,3.0
2026-06-25T00:05:38.325621456Z,1000,per_hit,raw_percent_of_host,api-node1,api-node2,22,13,35,11.111111,12.941176,11.111111,25.882353,100.0,50.0,18.0,6.0,0.0,0.0,18.0,6.0,149.454545,166.692308,45.758478,28.862111,3.0
2026-06-25T00:05:39.32562118Z,1000,per_hit,raw_percent_of_host,api-node1,api-node2,22,13,35,11.881188,5.952381,11.881188,11.904762,100.0,50.0,13.0,8.0,0.0,0.0,13.0,8.0,183.0,128.909091,46.826295,42.414155,3.0
2026-06-25T00:05:40.325621427Z,1000,per_hit,raw_percent_of_host,api-node1,api-node2,18,15,33,12.222222,5.882353,12.222222,11.764706,100.0,50.0,6.0,11.0,0.0,0.0,6.0,11.0,157.88,159.583333,43.795058,48.645794,3.0
2026-06-25T00:05:41.325620761Z,1000,per_hit,raw_percent_of_host,api-node1,api-node2,16,17,33,12.222222,1.25,12.222222,2.5,100.0,50.0,1.0,13.0,0.0,0.0,1.0,13.0,110.809524,170.4,42.798346,50.08079,3.0
2026-06-25T00:05:42.32562103Z,1000,per_hit,raw_percent_of_host,api-node1,api-node2,19,13,32,11.235955,12.941176,11.235955,25.882353,100.0,50.0,10.0,8.0,0.0,0.0,10.0,8.0,94.9,272.055556,48.78125,30.931658,3.0
2026-06-25T00:05:43.325622179Z,1000,per_hit,raw_percent_of_host,api-node1,api-node2,13,18,31,17.582418,5.952381,17.582418,11.904762,100.0,50.0,1.0,16.0,0.0,0.0,1.0,16.0,148.545455,148.0,39.628263,41.711043,3.0
2026-06-25T00:05:44.325621419Z,1000,per_hit,raw_percent_of_host,api-node1,api-node2,14,17,31,7.070707,6.25,7.070707,12.5,100.0,50.0,1.0,10.0,0.0,0.0,1.0,10.0,86.642857,226.26087,48.682067,46.38141,3.0
2026-06-25T00:05:45.325621955Z,1000,per_hit,raw_percent_of_host,api-node1,api-node2,14,17,31,15.306122,5.952381,15.306122,11.904762,100.0,50.0,1.0,11.0,0.0,0.0,1.0,11.0,89.785714,158.625,40.363622,50.669808,3.0
2026-06-25T00:05:46.325622895Z,1000,per_hit,raw_percent_of_host,api-node1,api-node2,14,16,30,12.121212,7.058824,12.121212,14.117647,100.0,50.0,7.0,12.0,0.0,0.0,7.0,12.0,100.875,280.8,43.942157,43.988271,3.0
2026-06-25T00:05:47.325620797Z,1000,per_hit,raw_percent_of_host,api-node1,api-node2,17,13,30,11.0,11.904762,11.0,23.809524,100.0,50.0,10.0,7.0,0.0,0.0,10.0,7.0,111.214286,226.722222,46.521749,30.601846,3.0
2026-06-25T00:05:48.325621971Z,1000,per_hit,raw_percent_of_host,api-node1,api-node2,18,12,30,11.0,5.952381,11.0,11.904762,100.0,50.0,12.0,8.0,0.0,0.0,12.0,8.0,147.9375,153.545455,50.0,47.33643,3.0
2026-06-25T00:05:49.325621391Z,1000,per_hit,raw_percent_of_host,api-node1,api-node2,13,17,30,11.235955,5.952381,11.235955,11.904762,100.0,50.0,4.0,11.0,0.0,0.0,4.0,11.0,131.190476,144.357143,50.0,46.290741,3.0
2026-06-25T00:05:50.32562129Z,1000,per_hit,raw_percent_of_host,api-node1,api-node2,19,11,30,5.050505,7.058824,5.050505,14.117647,100.0,50.0,15.0,5.0,0.0,0.0,15.0,5.0,108.125,243.823529,50.0,43.001275,3.0
2026-06-25T00:05:51.325620841Z,1000,per_hit,raw_percent_of_host,api-node1,api-node2,15,16,31,16.853933,7.070707,16.853933,14.141414,100.0,50.0,3.0,13.0,0.0,0.0,3.0,13.0,142.0,114.5,39.615551,48.470862,3.0
2026-06-25T00:05:52.32562261Z,1000,per_hit,raw_percent_of_host,api-node1,api-node2,19,12,31,11.111111,12.941176,11.111111,25.882353,100.0,50.0,15.0,6.0,0.0,0.0,15.0,6.0,133.0,263.526316,46.645161,28.440879,3.0
2026-06-25T00:05:53.325621931Z,1000,per_hit,raw_percent_of_host,api-node1,api-node2,13,18,31,12.222222,8.235294,12.222222,16.470588,100.0,50.0,1.0,11.0,0.0,0.0,1.0,11.0,144.0,109.230769,45.95287,39.48893,3.0
2026-06-25T00:05:54.325621399Z,1000,per_hit,raw_percent_of_host,api-node1,api-node2,16,16,32,13.131313,7.5,13.131313,15.0,100.0,50.0,8.0,10.0,0.0,0.0,8.0,10.0,83.555556,253.176471,52.199854,42.88941,3.0
2026-06-25T00:05:55.325620783Z,1000,per_hit,raw_percent_of_host,api-node1,api-node2,11,22,33,17.777778,5.952381,17.777778,11.904762,100.0,50.0,1.0,16.0,0.0,0.0,1.0,16.0,127.777778,187.5625,37.449335,45.6184,3.0
2026-06-25T00:05:56.32562228Z,1000,per_hit,raw_percent_of_host,api-node1,api-node2,15,19,34,6.185567,12.941176,6.185567,25.882353,100.0,50.0,10.0,11.0,0.0,0.0,10.0,11.0,82.666667,206.875,49.268273,35.533099,3.0
2026-06-25T00:05:57.325621315Z,1000,per_hit,raw_percent_of_host,api-node1,api-node2,17,17,34,15.151515,13.953488,15.151515,27.906977,100.0,50.0,10.0,10.0,0.0,0.0,10.0,10.0,132.294118,181.611111,39.84088,27.095352,3.0
2026-06-25T00:05:58.325621221Z,1000,per_hit,raw_percent_of_host,api-node1,api-node2,17,18,35,20.20202,5.952381,20.20202,11.904762,100.0,50.0,1.0,13.0,0.0,0.0,1.0,13.0,148.461538,157.733333,38.317439,37.709402,3.0
2026-06-25T00:05:59.325622184Z,1000,per_hit,raw_percent_of_host,api-node1,api-node2,24,12,36,13.131313,18.604651,13.131313,37.209302,100.0,50.0,17.0,5.0,0.0,0.0,17.0,5.0,70.875,241.75,55.241904,30.721017,3.0
2026-06-25T00:06:00.325621434Z,1000,per_hit,raw_percent_of_host,api-node1,api-node2,21,16,37,20.408163,10.714286,20.408163,21.428571,100.0,50.0,6.0,10.0,0.0,0.0,6.0,10.0,168.09375,117.909091,40.194271,32.630652,3.0
2026-06-25T00:06:01.325622252Z,1000,per_hit,raw_percent_of_host,api-node1,api-node2,21,17,38,20.689655,5.952381,20.689655,11.904762,100.0,50.0,0.0,14.0,0.0,0.0,0.0,14.0,129.0,132.769231,36.400863,43.464131,3.0
2026-06-25T00:06:02.325621472Z,1000,per_hit,raw_percent_of_host,api-node1,api-node2,25,14,39,27.0,18.823529,27.0,37.647059,100.0,50.0,16.0,5.0,0.0,0.0,16.0,5.0,92.444444,284.913043,35.990851,31.281392,3.0
2026-06-25T00:06:03.325622512Z,1000,per_hit,raw_percent_of_host,api-node1,api-node2,25,15,40,22.891566,13.953488,22.891566,27.906977,100.0,50.0,12.0,10.0,0.0,0.0,12.0,10.0,173.206897,142.2,34.557855,25.642256,3.0
2026-06-25T00:06:04.325621236Z,1000,per_hit,raw_percent_of_host,api-node1,api-node2,23,18,41,22.47191,11.904762,22.47191,23.809524,100.0,50.0,5.0,7.0,0.0,0.0,5.0,7.0,129.266667,175.904762,41.78431,32.486115,3.0
2026-06-25T00:06:05.325622481Z,1000,per_hit,raw_percent_of_host,api-node1,api-node2,25,17,42,22.47191,17.857143,22.47191,35.714286,100.0,50.0,12.0,3.0,0.0,0.0,12.0,3.0,135.333333,157.333333,36.455691,25.185316,3.0
2026-06-25T00:06:06.325621298Z,1000,per_hit,raw_percent_of_host,api-node1,api-node2,22,21,43,28.888889,17.857143,28.888889,35.714286,100.0,50.0,0.0,10.0,0.0,0.0,0.0,10.0,136.205882,142.857143,28.911843,24.962033,3.0
2026-06-25T00:06:07.325622141Z,1000,per_hit,raw_percent_of_host,api-node1,api-node2,25,19,44,29.0,17.647059,29.0,35.294118,100.0,50.0,11.0,6.0,0.0,0.0,11.0,6.0,97.642857,176.086957,34.131461,23.388225,3.0
2026-06-25T00:06:08.325623157Z,1000,per_hit,raw_percent_of_host,api-node1,api-node2,28,17,45,20.20202,17.647059,20.20202,35.294118,100.0,50.0,19.0,2.0,0.0,0.0,19.0,2.0,148.9,196.619048,28.686874,21.919859,3.0
2026-06-25T00:06:09.325620956Z,1000,per_hit,raw_percent_of_host,api-node1,api-node2,27,19,46,23.333333,17.647059,23.333333,35.294118,100.0,50.0,14.0,2.0,0.0,0.0,14.0,2.0,146.90625,143.684211,36.041754,34.660737,3.0
2026-06-25T00:06:10.325620977Z,1000,per_hit,raw_percent_of_host,api-node1,api-node2,28,19,47,34.444444,17.647059,34.444444,35.294118,100.0,50.0,10.0,7.0,0.0,0.0,10.0,7.0,155.0625,158.0,30.182557,26.017829,3.0
2026-06-25T00:06:11.325621784Z,1000,per_hit,raw_percent_of_host,api-node1,api-node2,27,21,48,28.089888,24.705882,28.089888,49.411765,100.0,50.0,12.0,6.0,0.0,0.0,12.0,6.0,151.44,171.863636,25.911447,31.485996,3.0
2026-06-25T00:06:12.325621891Z,1000,per_hit,raw_percent_of_host,api-node1,api-node2,29,18,47,33.707865,6.976744,33.707865,13.953488,100.0,50.0,0.0,14.0,0.0,0.0,0.0,14.0,175.121951,148.0,32.630912,38.303175,3.0
2026-06-25T00:06:13.325625279Z,1000,per_hit,raw_percent_of_host,api-node1,api-node2,31,18,49,22.340426,24.705882,22.340426,49.411765,100.0,50.0,11.0,5.0,0.0,0.0,11.0,5.0,110.25,332.62963,39.826219,25.210329,3.0
2026-06-25T00:06:14.325621407Z,1000,per_hit,raw_percent_of_host,api-node1,api-node2,29,20,49,31.0,17.857143,31.0,35.714286,100.0,50.0,10.0,8.0,0.0,0.0,10.0,8.0,164.2,150.529412,29.704573,24.149176,3.0
2026-06-25T00:06:15.325621108Z,1000,per_hit,raw_percent_of_host,api-node1,api-node2,20,30,50,22.47191,26.732673,22.47191,53.465347,100.0,50.0,8.0,8.0,0.0,0.0,8.0,8.0,115.590909,357.066667,32.870796,35.86,3.0
2026-06-25T00:06:16.325620854Z,1000,per_hit,raw_percent_of_host,api-node1,api-node2,26,24,50,21.0,23.529412,21.0,47.058824,100.0,50.0,12.0,5.0,0.0,0.0,12.0,5.0,137.045455,198.0,36.829503,19.690046,3.0
2026-06-25T00:06:17.325621416Z,1000,per_hit,raw_percent_of_host,api-node1,api-node2,30,20,50,33.707865,19.047619,33.707865,38.095238,100.0,50.0,11.0,8.0,0.0,0.0,11.0,8.0,157.225806,177.705882,33.236204,25.62747,3.0
2026-06-25T00:06:18.325621668Z,1000,per_hit,raw_percent_of_host,api-node1,api-node2,35,15,50,30.30303,17.857143,30.30303,35.714286,100.0,50.0,8.0,7.0,0.0,0.0,8.0,7.0,179.315789,184.75,22.132463,22.145261,3.0
2026-06-25T00:06:19.325622032Z,1000,per_hit,raw_percent_of_host,api-node1,api-node2,26,24,50,33.707865,17.647059,33.707865,35.294118,100.0,50.0,8.0,10.0,0.0,0.0,8.0,10.0,173.346154,152.142857,30.291753,22.48042,3.0
2026-06-25T00:06:20.325621664Z,1000,per_hit,raw_percent_of_host,api-node1,api-node2,31,19,50,30.30303,17.647059,30.30303,35.294118,100.0,50.0,9.0,9.0,0.0,0.0,9.0,9.0,157.733333,191.8,33.263193,22.586387,3.0
2026-06-25T00:06:21.325621059Z,1000,per_hit,raw_percent_of_host,api-node1,api-node2,28,21,49,32.954545,17.857143,32.954545,35.714286,100.0,50.0,8.0,8.0,0.0,0.0,8.0,8.0,162.827586,178.727273,30.960936,25.344159,3.0
2026-06-25T00:06:22.325621303Z,1000,per_hit,raw_percent_of_host,api-node1,api-node2,31,18,49,34.090909,17.647059,34.090909,35.294118,100.0,50.0,5.0,7.0,0.0,0.0,5.0,7.0,150.941176,153.368421,28.075409,21.736489,3.0
2026-06-25T00:06:23.325621764Z,1000,per_hit,raw_percent_of_host,api-node1,api-node2,26,23,49,22.47191,18.072289,22.47191,36.144578,100.0,50.0,13.0,5.0,0.0,0.0,13.0,5.0,128.055556,180.12,45.853821,35.084213,3.0
2026-06-25T00:06:24.325622047Z,1000,per_hit,raw_percent_of_host,api-node1,api-node2,22,26,48,28.089888,25.581395,28.089888,51.162791,100.0,50.0,8.0,8.0,0.0,0.0,8.0,8.0,197.777778,181.391304,30.456201,21.221669,3.0
2026-06-25T00:06:25.325621532Z,1000,per_hit,raw_percent_of_host,api-node1,api-node2,26,21,47,33.707865,17.647059,33.707865,35.294118,100.0,50.0,9.0,7.0,0.0,0.0,9.0,7.0,133.04,146.409091,30.370878,33.439069,3.0
2026-06-25T00:06:26.325621413Z,1000,per_hit,raw_percent_of_host,api-node1,api-node2,24,23,47,26.136364,17.857143,26.136364,35.714286,100.0,50.0,12.0,8.0,0.0,0.0,12.0,8.0,145.714286,213.636364,25.570856,26.08946,3.0
2026-06-25T00:06:27.325622136Z,1000,per_hit,raw_percent_of_host,api-node1,api-node2,26,20,46,34.444444,17.647059,34.444444,35.294118,100.0,50.0,4.0,9.0,0.0,0.0,4.0,9.0,154.117647,168.368421,30.037663,21.713181,3.0
2026-06-25T00:06:28.32562135Z,1000,per_hit,raw_percent_of_host,api-node1,api-node2,27,19,46,29.213483,17.857143,29.213483,35.714286,100.0,50.0,13.0,5.0,0.0,0.0,13.0,5.0,126.166667,197.652174,24.23276,21.420428,3.0
2026-06-25T00:06:29.325622256Z,1000,per_hit,raw_percent_of_host,api-node1,api-node2,26,19,45,30.0,17.857143,30.0,35.714286,100.0,50.0,9.0,8.0,0.0,0.0,9.0,8.0,147.793103,205.25,33.139835,22.1481,3.0
2026-06-25T00:06:30.325621606Z,1000,per_hit,raw_percent_of_host,api-node1,api-node2,26,18,44,31.0,12.790698,31.0,25.581395,100.0,50.0,8.0,12.0,0.0,0.0,8.0,12.0,137.185185,147.857143,31.666679,28.613155,3.0
2026-06-25T00:06:31.325621721Z,1000,per_hit,raw_percent_of_host,api-node1,api-node2,27,16,43,28.888889,19.767442,28.888889,39.534884,100.0,50.0,12.0,7.0,0.0,0.0,12.0,7.0,133.782609,219.380952,35.929842,26.489545,3.0
2026-06-25T00:06:32.325623164Z,1000,per_hit,raw_percent_of_host,api-node1,api-node2,28,14,42,21.0,18.604651,21.0,37.209302,100.0,50.0,19.0,1.0,0.0,0.0,19.0,1.0,150.809524,156.7,33.871724,23.102854,3.0
2026-06-25T00:06:33.325620899Z,1000,per_hit,raw_percent_of_host,api-node1,api-node2,26,15,41,23.333333,13.953488,23.333333,27.906977,100.0,50.0,13.0,5.0,0.0,0.0,13.0,5.0,139.34375,137.090909,36.305196,27.624005,3.0
2026-06-25T00:06:34.32562218Z,1000,per_hit,raw_percent_of_host,api-node1,api-node2,18,22,40,22.47191,17.857143,22.47191,35.714286,100.0,50.0,11.0,8.0,0.0,0.0,11.0,8.0,140.3,165.052632,38.433155,30.050698,3.0
2026-06-25T00:06:35.325621213Z,1000,per_hit,raw_percent_of_host,api-node1,api-node2,25,14,39,28.089888,11.764706,28.089888,23.529412,100.0,50.0,11.0,9.0,0.0,0.0,11.0,9.0,163.916667,148.230769,29.684918,30.94172,3.0
2026-06-25T00:06:36.325621913Z,1000,per_hit,raw_percent_of_host,api-node1,api-node2,23,15,38,21.782178,13.095238,21.782178,26.190476,100.0,50.0,10.0,7.0,0.0,0.0,10.0,7.0,125.75,136.941176,33.729544,32.742501,3.0
2026-06-25T00:06:37.325621369Z,1000,per_hit,raw_percent_of_host,api-node1,api-node2,21,16,37,17.777778,17.647059,17.777778,35.294118,100.0,50.0,15.0,3.0,0.0,0.0,15.0,3.0,119.1875,183.35,52.227305,28.859278,3.0
2026-06-25T00:06:38.325622149Z,1000,per_hit,raw_percent_of_host,api-node1,api-node2,19,17,36,9.090909,5.882353,9.090909,11.764706,100.0,50.0,6.0,13.0,0.0,0.0,6.0,13.0,155.857143,110.0,44.667253,41.841935,3.0
2026-06-25T00:06:39.325622273Z,1000,per_hit,raw_percent_of_host,api-node1,api-node2,24,10,34,13.0,17.857143,13.0,35.714286,100.0,50.0,17.0,0.0,0.0,0.0,17.0,0.0,100.384615,245.130435,57.628972,31.382469,3.0
2026-06-25T00:06:40.325621527Z,1000,per_hit,raw_percent_of_host,api-node1,api-node2,17,17,34,18.0,11.904762,18.0,23.809524,100.0,50.0,11.0,6.0,0.0,0.0,11.0,6.0,166.304348,138.454545,36.755743,39.447402,3.0
2026-06-25T00:06:41.32562129Z,1000,per_hit,raw_percent_of_host,api-node1,api-node2,20,12,32,16.831683,11.764706,16.831683,23.529412,100.0,50.0,10.0,4.0,0.0,0.0,10.0,4.0,106.809524,120.285714,46.68956,40.893685,3.0
2026-06-25T00:06:42.325622612Z,1000,per_hit,raw_percent_of_host,api-node1,api-node2,13,19,32,20.20202,5.952381,20.20202,11.904762,100.0,50.0,1.0,14.0,0.0,0.0,1.0,14.0,128.954545,112.444444,36.414321,54.878415,3.0
2026-06-25T00:06:43.325622813Z,1000,per_hit,raw_percent_of_host,api-node1,api-node2,18,13,31,11.111111,18.823529,11.111111,37.647059,100.0,50.0,12.0,1.0,0.0,0.0,12.0,1.0,69.714286,176.307692,57.07622,33.323351,3.0
2026-06-25T00:06:44.325621996Z,1000,per_hit,raw_percent_of_host,api-node1,api-node2,18,13,31,22.222222,11.904762,22.222222,23.809524,100.0,50.0,5.0,5.0,0.0,0.0,5.0,5.0,121.2,124.333333,47.864374,37.713269,3.0
2026-06-25T00:06:45.325621249Z,1000,per_hit,raw_percent_of_host,api-node1,api-node2,22,9,31,24.242424,11.764706,24.242424,23.529412,100.0,50.0,14.0,2.0,0.0,0.0,14.0,2.0,109.153846,125.916667,37.365076,38.725096,3.0
2026-06-25T00:06:46.325621072Z,1000,per_hit,raw_percent_of_host,api-node1,api-node2,14,16,30,11.111111,11.764706,11.111111,23.529412,100.0,50.0,5.0,7.0,0.0,0.0,5.0,7.0,136.434783,112.909091,44.477973,40.819799,3.0
2026-06-25T00:06:47.325621139Z,1000,per_hit,raw_percent_of_host,api-node1,api-node2,19,11,30,23.333333,11.111111,23.333333,22.222222,100.0,50.0,9.0,6.0,0.0,0.0,9.0,6.0,122.0,125.583333,40.073429,34.698272,3.0
2026-06-25T00:06:48.325621194Z,1000,per_hit,raw_percent_of_host,api-node1,api-node2,14,16,30,16.853933,11.904762,16.853933,23.809524,100.0,50.0,3.0,10.0,0.0,0.0,3.0,10.0,130.85,117.25,44.528228,36.420105,3.0
2026-06-25T00:06:49.325621489Z,1000,per_hit,raw_percent_of_host,api-node1,api-node2,19,11,30,22.222222,12.790698,22.222222,25.581395,100.0,50.0,11.0,7.0,0.0,0.0,11.0,7.0,146.363636,168.642857,36.415805,32.247435,3.0
2026-06-25T00:06:50.325620874Z,1000,per_hit,raw_percent_of_host,api-node1,api-node2,15,15,30,23.333333,5.882353,23.333333,11.764706,100.0,50.0,6.0,10.0,0.0,0.0,6.0,10.0,111.8,141.583333,39.71257,42.173868,3.0
2026-06-25T00:06:51.325621492Z,1000,per_hit,raw_percent_of_host,api-node1,api-node2,19,12,31,22.47191,11.904762,22.47191,23.809524,100.0,50.0,10.0,6.0,0.0,0.0,10.0,6.0,100.133333,191.625,53.72281,37.884881,3.0
2026-06-25T00:06:52.325621413Z,1000,per_hit,raw_percent_of_host,api-node1,api-node2,16,15,31,28.089888,9.411765,28.089888,18.823529,100.0,50.0,5.0,11.0,0.0,0.0,5.0,11.0,125.428571,139.3,47.01723,35.781506,3.0
2026-06-25T00:06:53.325621917Z,1000,per_hit,raw_percent_of_host,api-node1,api-node2,17,15,32,23.595506,11.904762,23.595506,23.809524,100.0,50.0,8.0,7.0,0.0,0.0,8.0,7.0,99.428571,205.315789,51.050563,34.575371,3.0
2026-06-25T00:06:54.325621816Z,1000,per_hit,raw_percent_of_host,api-node1,api-node2,18,14,32,16.853933,17.647059,16.853933,35.294118,100.0,50.0,12.0,5.0,0.0,0.0,12.0,5.0,152.071429,186.625,45.771799,30.875405,3.0
2026-06-25T00:06:55.325621955Z,1000,per_hit,raw_percent_of_host,api-node1,api-node2,22,11,33,33.707865,13.265306,33.707865,26.530612,100.0,50.0,7.0,6.0,0.0,0.0,7.0,6.0,116.777778,93.7,46.082618,47.298525,3.0
2026-06-25T00:06:56.325621309Z,1000,per_hit,raw_percent_of_host,api-node1,api-node2,16,18,34,35.164835,12.941176,35.164835,25.882353,100.0,50.0,6.0,9.0,0.0,0.0,6.0,9.0,134.941176,120.066667,28.238161,43.902084,3.0
2026-06-25T00:06:57.325620995Z,1000,per_hit,raw_percent_of_host,api-node1,api-node2,19,15,34,32.0,18.823529,32.0,37.647059,100.0,50.0,1.0,7.0,0.0,0.0,1.0,7.0,95.708333,229.647059,33.675008,29.707835,3.0
2026-06-25T00:06:58.325621442Z,1000,per_hit,raw_percent_of_host,api-node1,api-node2,17,18,35,23.595506,17.857143,23.595506,35.714286,100.0,50.0,1.0,4.0,0.0,0.0,1.0,4.0,78.352941,151.047619,46.120938,24.385585,3.0
2026-06-25T00:06:59.325620997Z,1000,per_hit,raw_percent_of_host,api-node1,api-node2,16,20,36,32.323232,13.0,32.323232,26.0,100.0,50.0,0.0,14.0,0.0,0.0,0.0,14.0,103.0,97.4,34.421568,34.000225,3.0
2026-06-25T00:07:00.325621666Z,1000,per_hit,raw_percent_of_host,api-node1,api-node2,22,15,37,38.77551,11.904762,38.77551,23.809524,100.0,50.0,8.0,10.0,0.0,0.0,8.0,10.0,99.0,234.315789,35.641091,26.684927,3.0
2026-06-25T00:07:01.325621306Z,1000,per_hit,raw_percent_of_host,api-node1,api-node2,20,18,38,34.065934,18.823529,34.065934,37.647059,100.0,50.0,7.0,9.0,0.0,0.0,7.0,9.0,102.52381,190.947368,31.316906,25.531486,3.0
2026-06-25T00:07:02.32562087Z,1000,per_hit,raw_percent_of_host,api-node1,api-node2,22,17,39,33.707865,12.941176,33.707865,25.882353,100.0,50.0,0.0,9.0,0.0,0.0,0.0,9.0,101.551724,205.058824,37.164699,22.800624,3.0
2026-06-25T00:07:03.325621686Z,1000,per_hit,raw_percent_of_host,api-node1,api-node2,24,16,40,35.416667,18.823529,35.416667,37.647059,100.0,50.0,6.0,7.0,0.0,0.0,6.0,7.0,100.0,158.055556,35.724915,26.080289,3.0
2026-06-25T00:07:04.32562066Z,1000,per_hit,raw_percent_of_host,api-node1,api-node2,19,22,41,33.707865,24.705882,33.707865,49.411765,100.0,50.0,2.0,10.0,0.0,0.0,2.0,10.0,122.217391,188.526316,31.99302,24.492139,3.0
2026-06-25T00:07:05.325621532Z,1000,per_hit,raw_percent_of_host,api-node1,api-node2,26,16,42,31.683168,18.823529,31.683168,37.647059,100.0,50.0,8.0,10.0,0.0,0.0,8.0,10.0,133.9,170.1875,33.281491,26.546867,3.0
2026-06-25T00:07:06.325621093Z,1000,per_hit,raw_percent_of_host,api-node1,api-node2,21,22,43,38.888889,34.883721,38.888889,69.767442,100.0,50.0,3.0,8.0,0.0,0.0,3.0,8.0,120.692308,215.083333,31.165669,20.765998,3.0
2026-06-25T00:07:07.325620881Z,1000,per_hit,raw_percent_of_host,api-node1,api-node2,21,23,44,39.325843,18.604651,39.325843,37.209302,100.0,50.0,0.0,12.0,0.0,0.0,0.0,12.0,108.958333,141.684211,37.518982,34.668298,3.0
2026-06-25T00:07:08.325620766Z,1000,per_hit,raw_percent_of_host,api-node1,api-node2,25,20,45,42.424242,24.418605,42.424242,48.837209,100.0,50.0,1.0,6.0,0.0,0.0,1.0,6.0,89.958333,220.884615,40.252881,20.325587,3.0
2026-06-25T00:07:09.325623621Z,1000,per_hit,raw_percent_of_host,api-node1,api-node2,28,18,46,41.836735,17.857143,41.836735,35.714286,100.0,50.0,4.0,9.0,0.0,0.0,4.0,9.0,135.2,154.266667,43.007961,28.145294,3.0
2026-06-25T00:07:10.325622099Z,1000,per_hit,raw_percent_of_host,api-node1,api-node2,27,20,47,44.94382,18.072289,44.94382,36.144578,100.0,50.0,6.0,6.0,0.0,0.0,6.0,6.0,127.88,157.304348,37.728921,34.242091,3.0
2026-06-25T00:07:11.325622746Z,1000,per_hit,raw_percent_of_host,api-node1,api-node2,23,25,48,26.262626,25.742574,26.262626,51.485149,100.0,50.0,10.0,5.0,0.0,0.0,10.0,5.0,107.157895,229.923077,33.691966,24.707926,3.0
2026-06-25T00:07:12.325620987Z,1000,per_hit,raw_percent_of_host,api-node1,api-node2,29,19,48,40.40404,17.857143,40.40404,35.714286,100.0,50.0,1.0,10.0,0.0,0.0,1.0,10.0,133.736842,149.428571,30.914537,23.806686,3.0
2026-06-25T00:07:13.325621649Z,1000,per_hit,raw_percent_of_host,api-node1,api-node2,27,22,49,43.0,23.529412,43.0,47.058824,100.0,50.0,1.0,11.0,0.0,0.0,1.0,11.0,104.296296,195.952381,36.988216,21.180244,3.0
2026-06-25T00:07:14.32562141Z,1000,per_hit,raw_percent_of_host,api-node1,api-node2,25,24,49,41.237113,24.418605,41.237113,48.837209,100.0,50.0,5.0,11.0,0.0,0.0,5.0,11.0,116.857143,167.5,38.26405,34.547344,3.0
2026-06-25T00:07:15.325621114Z,1000,per_hit,raw_percent_of_host,api-node1,api-node2,29,21,50,43.820225,25.609756,43.820225,51.219512,100.0,50.0,6.0,6.0,0.0,0.0,6.0,6.0,122.714286,169.269231,34.948546,33.830463,3.0
2026-06-25T00:07:16.325622295Z,1000,per_hit,raw_percent_of_host,api-node1,api-node2,24,26,50,38.888889,25.742574,38.888889,51.485149,100.0,50.0,2.0,6.0,0.0,0.0,2.0,6.0,121.142857,209.423077,29.399377,22.889135,3.0
2026-06-25T00:07:17.325622265Z,1000,per_hit,raw_percent_of_host,api-node1,api-node2,30,20,50,50.49505,23.809524,50.49505,47.619048,100.0,50.0,6.0,11.0,0.0,0.0,6.0,11.0,139.961538,147.866667,37.857538,22.677276,3.0
2026-06-25T00:07:18.325621392Z,1000,per_hit,raw_percent_of_host,api-node1,api-node2,39,11,50,45.054945,11.764706,45.054945,23.529412,100.0,50.0,7.0,6.0,0.0,0.0,7.0,6.0,157.0,170.5,34.512545,25.513545,3.0
2026-06-25T00:07:19.325622621Z,1000,per_hit,raw_percent_of_host,api-node1,api-node2,26,24,50,44.94382,21.95122,44.94382,43.902439,100.0,50.0,0.0,9.0,0.0,0.0,0.0,9.0,127.939394,178.666667,30.172593,25.946711,3.0
2026-06-25T00:07:20.325621896Z,1000,per_hit,raw_percent_of_host,api-node1,api-node2,29,21,50,47.42268,24.418605,47.42268,48.837209,100.0,50.0,7.0,8.0,0.0,0.0,7.0,8.0,108.272727,174.318182,45.09363,22.041728,3.0
2026-06-25T00:07:21.325621842Z,1000,per_hit,raw_percent_of_host,api-node1,api-node2,28,22,50,45.454545,24.705882,45.454545,49.411765,100.0,50.0,8.0,2.0,0.0,0.0,8.0,2.0,95.555556,164.678571,36.984414,25.427332,3.0
2026-06-25T00:07:22.325628712Z,1000,per_hit,raw_percent_of_host,api-node1,api-node2,24,25,49,34.444444,24.778761,34.444444,49.557522,100.0,50.0,9.0,5.0,0.0,0.0,9.0,5.0,141.608696,177.909091,29.852894,34.866733,3.0
2026-06-25T00:07:23.325621474Z,1000,per_hit,raw_percent_of_host,api-node1,api-node2,23,26,49,40.40404,15.853659,40.40404,31.707317,100.0,50.0,0.0,11.0,0.0,0.0,0.0,11.0,124.9375,126.65,35.906066,24.586678,3.0
2026-06-25T00:07:24.325621865Z,1000,per_hit,raw_percent_of_host,api-node1,api-node2,26,22,48,44.444444,18.604651,44.444444,37.209302,100.0,50.0,3.0,10.0,0.0,0.0,3.0,10.0,115.826087,176.565217,40.464073,21.601394,3.0
2026-06-25T00:07:25.325621572Z,1000,per_hit,raw_percent_of_host,api-node1,api-node2,30,18,48,45.054945,17.857143,45.054945,35.714286,100.0,50.0,1.0,8.0,0.0,0.0,1.0,8.0,112.5,162.35,35.461831,23.383942,3.0
2026-06-25T00:07:26.325620763Z,1000,per_hit,raw_percent_of_host,api-node1,api-node2,26,21,47,45.454545,17.647059,45.454545,35.294118,100.0,50.0,4.0,13.0,0.0,0.0,4.0,13.0,133.869565,131.1875,34.365442,26.189871,3.0
2026-06-25T00:07:27.325622213Z,1000,per_hit,raw_percent_of_host,api-node1,api-node2,27,19,46,38.383838,23.809524,38.383838,47.619048,100.0,50.0,1.0,8.0,0.0,0.0,1.0,8.0,83.833333,193.208333,38.698189,20.642888,3.0
2026-06-25T00:07:28.325621645Z,1000,per_hit,raw_percent_of_host,api-node1,api-node2,23,22,45,33.333333,24.418605,33.333333,48.837209,100.0,50.0,0.0,8.0,0.0,0.0,0.0,8.0,89.833333,190.409091,40.453051,23.388206,3.0
2026-06-25T00:07:29.325624763Z,1000,per_hit,raw_percent_of_host,api-node1,api-node2,29,16,45,43.434343,17.857143,43.434343,35.714286,100.0,50.0,6.0,5.0,0.0,0.0,6.0,5.0,82.434783,147.210526,37.091602,23.902733,3.0
2026-06-25T00:07:30.325622316Z,1000,per_hit,raw_percent_of_host,api-node1,api-node2,22,22,44,36.633663,23.529412,36.633663,47.058824,100.0,50.0,9.0,6.0,0.0,0.0,9.0,6.0,106.157895,136.666667,34.413337,34.049121,3.0
2026-06-25T00:07:31.325620708Z,1000,per_hit,raw_percent_of_host,api-node1,api-node2,17,25,42,27.777778,17.857143,27.777778,35.714286,100.0,50.0,1.0,10.0,0.0,0.0,1.0,10.0,109.16,194.857143,29.859879,21.250543,3.0
2026-06-25T00:07:32.325621344Z,1000,per_hit,raw_percent_of_host,api-node1,api-node2,24,18,42,32.323232,23.529412,32.323232,47.058824,100.0,50.0,5.0,9.0,0.0,0.0,5.0,9.0,105.0,175.894737,36.691497,29.862212,3.0
2026-06-25T00:07:33.32562233Z,1000,per_hit,raw_percent_of_host,api-node1,api-node2,21,19,40,30.0,24.705882,30.0,49.411765,100.0,50.0,10.0,3.0,0.0,0.0,10.0,3.0,88.625,180.68,36.824711,31.757312,3.0
2026-06-25T00:07:34.325621398Z,1000,per_hit,raw_percent_of_host,api-node1,api-node2,23,15,38,40.0,17.647059,40.0,35.294118,100.0,50.0,6.0,5.0,0.0,0.0,6.0,5.0,118.888889,124.0,37.993261,24.405812,3.0
2026-06-25T00:07:35.325621564Z,1000,per_hit,raw_percent_of_host,api-node1,api-node2,22,16,38,44.94382,17.857143,44.94382,35.714286,100.0,50.0,1.0,7.0,0.0,0.0,1.0,7.0,122.518519,111.0,37.211125,35.053704,3.0
2026-06-25T00:07:36.325621954Z,1000,per_hit,raw_percent_of_host,api-node1,api-node2,18,18,36,34.0,17.857143,34.0,35.714286,100.0,50.0,0.0,5.0,0.0,0.0,0.0,5.0,89.684211,117.8,43.427366,35.745324,3.0
2026-06-25T00:07:37.325621531Z,1000,per_hit,raw_percent_of_host,api-node1,api-node2,17,18,35,33.673469,17.857143,33.673469,35.714286,100.0,50.0,0.0,7.0,0.0,0.0,0.0,7.0,79.470588,106.3125,41.252429,38.023924,3.0
2026-06-25T00:07:38.325621274Z,1000,per_hit,raw_percent_of_host,api-node1,api-node2,23,12,35,45.454545,18.823529,45.454545,37.647059,100.0,50.0,1.0,1.0,0.0,0.0,1.0,1.0,87.090909,111.944444,39.809069,25.270485,3.0
2026-06-25T00:07:39.325622012Z,1000,per_hit,raw_percent_of_host,api-node1,api-node2,19,16,35,21.212121,23.529412,21.212121,47.058824,100.0,50.0,5.0,2.0,0.0,0.0,5.0,2.0,94.866667,171.2,51.378607,30.119547,3.0
2026-06-25T00:07:40.325621135Z,1000,per_hit,raw_percent_of_host,api-node1,api-node2,21,12,33,33.333333,17.647059,33.333333,35.294118,100.0,50.0,5.0,0.0,0.0,0.0,5.0,0.0,98.428571,89.142857,53.32894,36.042398,3.0
2026-06-25T00:07:41.325622235Z,1000,per_hit,raw_percent_of_host,api-node1,api-node2,20,12,32,32.222222,17.857143,32.222222,35.714286,100.0,50.0,6.0,2.0,0.0,0.0,6.0,2.0,101.105263,129.9,49.977774,30.356502,3.0
2026-06-25T00:07:42.325621068Z,1000,per_hit,raw_percent_of_host,api-node1,api-node2,16,16,32,27.777778,22.619048,27.777778,45.238095,100.0,50.0,1.0,0.0,0.0,0.0,1.0,0.0,102.714286,110.555556,42.403165,38.337032,3.0
2026-06-25T00:07:43.325621323Z,1000,per_hit,raw_percent_of_host,api-node1,api-node2,16,15,31,34.343434,24.096386,34.343434,48.192771,100.0,50.0,0.0,3.0,0.0,0.0,0.0,3.0,71.352941,115.416667,47.802558,28.03155,3.0
2026-06-25T00:07:44.325621203Z,1000,per_hit,raw_percent_of_host,api-node1,api-node2,17,14,31,32.323232,23.809524,32.323232,47.619048,100.0,50.0,0.0,1.0,0.0,0.0,0.0,1.0,74.058824,105.75,48.198106,38.634851,3.0
2026-06-25T00:07:45.325621253Z,1000,per_hit,raw_percent_of_host,api-node1,api-node2,18,13,31,40.40404,19.0,40.40404,38.0,100.0,50.0,2.0,1.0,0.0,0.0,2.0,1.0,79.625,81.153846,48.107061,42.559253,3.0
2026-06-25T00:07:46.325621571Z,1000,per_hit,raw_percent_of_host,api-node1,api-node2,14,16,30,28.089888,17.857143,28.089888,35.714286,100.0,50.0,0.0,2.0,0.0,0.0,0.0,2.0,86.5,118.8,44.495078,41.432288,3.0
2026-06-25T00:07:47.325621793Z,1000,per_hit,raw_percent_of_host,api-node1,api-node2,19,11,30,34.693878,16.0,34.693878,32.0,100.0,50.0,0.0,2.0,0.0,0.0,0.0,2.0,79.473684,142.272727,42.541047,30.277754,3.0
2026-06-25T00:07:48.325621491Z,1000,per_hit,raw_percent_of_host,api-node1,api-node2,13,17,30,23.469388,23.809524,23.469388,47.619048,100.0,50.0,1.0,0.0,0.0,0.0,1.0,0.0,77.833333,103.157895,51.298956,42.569578,3.0
2026-06-25T00:07:49.325620695Z,1000,per_hit,raw_percent_of_host,api-node1,api-node2,14,16,30,32.58427,22.352941,32.58427,44.705882,100.0,50.0,0.0,2.0,0.0,0.0,0.0,2.0,74.6,113.5,53.38229,40.651397,3.0
2026-06-25T00:07:50.325621338Z,1000,per_hit,raw_percent_of_host,api-node1,api-node2,19,11,30,30.612245,18.823529,30.612245,37.647059,100.0,50.0,3.0,0.0,0.0,0.0,3.0,0.0,69.0625,95.692308,56.727655,44.765319,3.0
2026-06-25T00:07:51.325621268Z,1000,per_hit,raw_percent_of_host,api-node1,api-node2,18,13,31,38.888889,23.809524,38.888889,47.619048,100.0,50.0,3.0,0.0,0.0,0.0,3.0,0.0,106.666667,120.230769,44.540466,38.557497,3.0
2026-06-25T00:07:52.325620813Z,1000,per_hit,raw_percent_of_host,api-node1,api-node2,17,14,31,24.719101,23.809524,24.719101,47.619048,100.0,50.0,1.0,0.0,0.0,0.0,1.0,0.0,95.526316,102.714286,35.672102,42.512876,3.0
2026-06-25T00:07:53.325622849Z,1000,per_hit,raw_percent_of_host,api-node1,api-node2,16,16,32,28.571429,22.680412,28.571429,45.360825,100.0,50.0,4.0,1.0,0.0,0.0,4.0,1.0,62.461538,92.0,52.980396,42.781346,3.0
2026-06-25T00:07:54.325621823Z,1000,per_hit,raw_percent_of_host,api-node1,api-node2,20,12,32,40.449438,24.418605,40.449438,48.837209,100.0,50.0,2.0,0.0,0.0,0.0,2.0,0.0,95.318182,108.846154,50.312211,40.564875,3.0
2026-06-25T00:07:55.325621473Z,1000,per_hit,raw_percent_of_host,api-node1,api-node2,20,13,33,38.0,21.212121,38.0,42.424242,100.0,50.0,2.0,1.0,0.0,0.0,2.0,1.0,95.5,105.75,48.365121,38.176093,3.0
2026-06-25T00:07:56.325621052Z,1000,per_hit,raw_percent_of_host,api-node1,api-node2,18,16,34,45.555556,26.88172,45.555556,53.763441,100.0,50.0,0.0,2.0,0.0,0.0,0.0,2.0,99.9,88.933333,43.850789,40.094621,3.0
2026-06-25T00:07:57.325621832Z,1000,per_hit,raw_percent_of_host,api-node1,api-node2,19,16,35,46.391753,22.619048,46.391753,45.238095,100.0,50.0,0.0,5.0,0.0,0.0,0.0,5.0,64.789474,106.384615,50.124962,44.140585,3.0
2026-06-25T00:07:58.325622085Z,1000,per_hit,raw_percent_of_host,api-node1,api-node2,20,16,36,48.484848,23.529412,48.484848,47.058824,100.0,50.0,1.0,2.0,0.0,0.0,1.0,2.0,73.842105,112.210526,53.767963,35.33227,3.0
2026-06-25T00:07:59.325620833Z,1000,per_hit,raw_percent_of_host,api-node1,api-node2,19,17,36,43.434343,23.809524,43.434343,47.619048,100.0,50.0,0.0,3.0,0.0,0.0,0.0,3.0,75.3,107.0625,52.322238,37.865342,3.0
2026-06-25T00:08:00.325621421Z,1000,per_hit,raw_percent_of_host,api-node1,api-node2,22,15,37,48.351648,17.857143,48.351648,35.714286,100.0,50.0,0.0,2.0,0.0,0.0,0.0,2.0,71.363636,108.625,50.901623,38.098381,3.0
2026-06-25T00:08:01.325621743Z,1000,per_hit,raw_percent_of_host,api-node1,api-node2,20,19,39,41.052632,23.469388,41.052632,46.938776,100.0,50.0,0.0,5.0,0.0,0.0,0.0,5.0,81.55,82.6875,45.114582,46.702314,3.0
2026-06-25T00:08:02.325622745Z,1000,per_hit,raw_percent_of_host,api-node1,api-node2,22,18,40,50.505051,26.0,50.505051,52.0,100.0,50.0,0.0,3.0,0.0,0.0,0.0,3.0,72.272727,104.1,43.862607,42.282946,3.0
2026-06-25T00:08:03.325622307Z,1000,per_hit,raw_percent_of_host,api-node1,api-node2,20,21,41,41.284404,22.807018,41.284404,45.614035,100.0,50.0,1.0,2.0,0.0,0.0,1.0,2.0,84.210526,153.0,51.878314,40.852524,3.0
2026-06-25T00:08:04.32562135Z,1000,per_hit,raw_percent_of_host,api-node1,api-node2,24,18,42,47.272727,26.190476,47.272727,52.380952,100.0,50.0,0.0,3.0,0.0,0.0,0.0,3.0,87.28,80.705882,40.7165,38.885399,3.0
2026-06-25T00:08:05.32562234Z,1000,per_hit,raw_percent_of_host,api-node1,api-node2,24,19,43,50.0,24.0,50.0,48.0,100.0,50.0,0.0,5.0,0.0,0.0,0.0,5.0,137.208333,108.941176,44.533262,33.782424,3.0
2026-06-25T00:08:06.325622314Z,1000,per_hit,raw_percent_of_host,api-node1,api-node2,29,15,44,51.376147,25.252525,51.376147,50.505051,100.0,50.0,5.0,0.0,0.0,0.0,5.0,0.0,86.416667,127.9,41.846328,26.518521,3.0
2026-06-25T00:08:07.325620876Z,1000,per_hit,raw_percent_of_host,api-node1,api-node2,28,17,45,51.0,27.058824,51.0,54.117647,100.0,50.0,1.0,2.0,0.0,0.0,1.0,2.0,113.34375,97.733333,36.366257,29.187445,3.0
2026-06-25T00:08:08.325621635Z,1000,per_hit,raw_percent_of_host,api-node1,api-node2,29,17,46,45.454545,27.380952,45.454545,54.761905,100.0,50.0,0.0,3.0,0.0,0.0,0.0,3.0,103.233333,104.0625,43.734268,34.665043,3.0
2026-06-25T00:08:09.325621374Z,1000,per_hit,raw_percent_of_host,api-node1,api-node2,21,25,46,51.515152,25.252525,51.515152,50.505051,100.0,50.0,0.0,3.0,0.0,0.0,0.0,3.0,79.809524,132.28,41.15203,32.874266,3.0
2026-06-25T00:08:10.325621269Z,1000,per_hit,raw_percent_of_host,api-node1,api-node2,35,12,47,58.585859,10.0,58.585859,20.0,100.0,50.0,1.0,1.0,0.0,0.0,1.0,1.0,102.823529,123.857143,40.416484,28.022956,3.0
2026-06-25T00:08:11.32562108Z,1000,per_hit,raw_percent_of_host,api-node1,api-node2,30,18,48,46.788991,26.0,46.788991,52.0,100.0,50.0,0.0,6.0,0.0,0.0,0.0,6.0,98.451613,112.538462,47.925464,36.695085,3.0
2026-06-25T00:08:12.325622141Z,1000,per_hit,raw_percent_of_host,api-node1,api-node2,29,19,48,51.401869,21.0,51.401869,42.0,100.0,50.0,1.0,1.0,0.0,0.0,1.0,1.0,83.321429,146.833333,35.099249,26.732939,3.0
2026-06-25T00:08:13.325621589Z,1000,per_hit,raw_percent_of_host,api-node1,api-node2,27,22,49,41.666667,25.252525,41.666667,50.505051,100.0,50.0,1.0,1.0,0.0,0.0,1.0,1.0,103.37037,142.454545,42.619799,31.872867,3.0
2026-06-25T00:08:14.325621482Z,1000,per_hit,raw_percent_of_host,api-node1,api-node2,28,21,49,42.424242,26.0,42.424242,52.0,100.0,50.0,0.0,2.0,0.0,0.0,0.0,2.0,99.517241,142.4,34.750975,35.309843,3.0
2026-06-25T00:08:15.325621074Z,1000,per_hit,raw_percent_of_host,api-node1,api-node2,28,22,50,47.747748,26.0,47.747748,52.0,100.0,50.0,0.0,3.0,0.0,0.0,0.0,3.0,92.821429,114.285714,48.838986,33.674944,3.0
2026-06-25T00:08:16.325621535Z,1000,per_hit,raw_percent_of_host,api-node1,api-node2,26,24,50,46.788991,26.0,46.788991,52.0,100.0,50.0,1.0,1.0,0.0,0.0,1.0,1.0,90.56,142.384615,44.142593,34.063109,3.0
2026-06-25T00:08:17.325621079Z,1000,per_hit,raw_percent_of_host,api-node1,api-node2,26,24,50,50.505051,26.0,50.505051,52.0,100.0,50.0,0.0,1.0,0.0,0.0,0.0,1.0,88.481481,139.625,42.37573,32.214275,3.0
2026-06-25T00:08:18.325621059Z,1000,per_hit,raw_percent_of_host,api-node1,api-node2,32,18,50,53.061224,15.789474,53.061224,31.578947,100.0,50.0,0.0,2.0,0.0,0.0,0.0,2.0,86.40625,139.0,43.890754,35.046251,3.0
2026-06-25T00:08:19.325621132Z,1000,per_hit,raw_percent_of_host,api-node1,api-node2,28,22,50,56.122449,21.0,56.122449,42.0,100.0,50.0,1.0,0.0,0.0,0.0,1.0,0.0,81.925926,154.083333,48.677811,34.61316,3.0
2026-06-25T00:08:20.325621902Z,1000,per_hit,raw_percent_of_host,api-node1,api-node2,25,25,50,39.090909,26.0,39.090909,52.0,100.0,50.0,0.0,3.0,0.0,0.0,0.0,3.0,102.807692,123.409091,40.451334,33.620756,3.0
2026-06-25T00:08:21.325621428Z,1000,per_hit,raw_percent_of_host,api-node1,api-node2,30,19,49,50.0,20.20202,50.0,40.40404,100.0,50.0,0.0,2.0,0.0,0.0,0.0,2.0,86.2,132.75,41.679884,34.864099,3.0
2026-06-25T00:08:22.325621333Z,1000,per_hit,raw_percent_of_host,api-node1,api-node2,31,18,49,52.083333,22.807018,52.083333,45.614035,100.0,50.0,0.0,2.0,0.0,0.0,0.0,2.0,90.354839,149.388889,48.616823,33.944996,3.0
2026-06-25T00:08:23.325622897Z,1000,per_hit,raw_percent_of_host,api-node1,api-node2,26,22,48,46.938776,27.0,46.938776,54.0,100.0,50.0,1.0,1.0,0.0,0.0,1.0,1.0,100.48,128.695652,54.36393,36.301211,3.0
2026-06-25T00:08:24.325622768Z,1000,per_hit,raw_percent_of_host,api-node1,api-node2,31,17,48,52.0,24.347826,52.0,48.695652,100.0,50.0,1.0,2.0,0.0,0.0,1.0,2.0,96.387097,118.375,35.771988,35.773864,3.0
2026-06-25T00:08:25.32562114Z,1000,per_hit,raw_percent_of_host,api-node1,api-node2,26,17,43,34.444444,13.095238,34.444444,26.190476,100.0,50.0,0.0,6.0,0.0,0.0,0.0,6.0,81.076923,89.615385,39.990314,28.216711,3.0
2026-06-25T00:08:26.325622483Z,1000,per_hit,raw_percent_of_host,api-node1,api-node2,30,21,51,54.0,25.0,54.0,50.0,100.0,50.0,1.0,2.0,0.0,0.0,1.0,2.0,92.1,126.48,43.208491,45.632857,3.0
2026-06-25T00:08:27.32562138Z,1000,per_hit,raw_percent_of_host,api-node1,api-node2,24,22,46,36.363636,25.742574,36.363636,51.485149,100.0,50.0,1.0,1.0,0.0,0.0,1.0,1.0,82.666667,127.304348,44.948035,40.390458,3.0
2026-06-25T00:08:28.325620873Z,1000,per_hit,raw_percent_of_host,api-node1,api-node2,27,18,45,42.424242,25.252525,42.424242,50.505051,100.0,50.0,6.0,0.0,0.0,0.0,6.0,0.0,69.454545,112.052632,41.488912,34.345782,3.0
2026-06-25T00:08:29.325621782Z,1000,per_hit,raw_percent_of_host,api-node1,api-node2,21,23,44,39.393939,27.058824,39.393939,54.117647,100.0,50.0,0.0,7.0,0.0,0.0,0.0,7.0,87.555556,129.25,38.282471,41.198804,3.0
2026-06-25T00:08:30.325621139Z,1000,per_hit,raw_percent_of_host,api-node1,api-node2,21,22,43,53.0,27.058824,53.0,54.117647,100.0,50.0,0.0,2.0,0.0,0.0,0.0,2.0,74.714286,111.518519,52.226085,39.411477,3.0
2026-06-25T00:08:31.325621828Z,1000,per_hit,raw_percent_of_host,api-node1,api-node2,26,15,41,43.518519,26.190476,43.518519,52.380952,100.0,50.0,1.0,1.0,0.0,0.0,1.0,1.0,87.36,87.5625,47.215316,41.620661,3.0
2026-06-25T00:08:32.325622272Z,1000,per_hit,raw_percent_of_host,api-node1,api-node2,28,13,41,48.0,23.232323,48.0,46.464646,100.0,50.0,0.0,1.0,0.0,0.0,0.0,1.0,81.724138,86.076923,44.958714,44.141597,3.0
2026-06-25T00:08:33.325621829Z,1000,per_hit,raw_percent_of_host,api-node1,api-node2,18,22,40,36.363636,24.418605,36.363636,48.837209,100.0,50.0,0.0,4.0,0.0,0.0,0.0,4.0,75.222222,120.684211,40.338022,34.569727,3.0
2026-06-25T00:08:34.325622579Z,1000,per_hit,raw_percent_of_host,api-node1,api-node2,21,18,39,43.434343,17.0,43.434343,34.0,100.0,50.0,0.0,3.0,0.0,0.0,0.0,3.0,74.904762,101.894737,44.990883,35.911522,3.0
2026-06-25T00:08:35.325622818Z,1000,per_hit,raw_percent_of_host,api-node1,api-node2,18,19,37,54.0,21.0,54.0,42.0,100.0,50.0,0.0,3.0,0.0,0.0,0.0,3.0,68.0,104.684211,49.479548,36.613125,3.0
2026-06-25T00:08:36.325621981Z,1000,per_hit,raw_percent_of_host,api-node1,api-node2,23,13,36,40.40404,17.54386,40.40404,35.087719,100.0,50.0,1.0,0.0,0.0,0.0,1.0,0.0,68.590909,122.1875,51.914551,27.319055,3.0
2026-06-25T00:08:37.325621518Z,1000,per_hit,raw_percent_of_host,api-node1,api-node2,14,21,35,41.0,24.242424,41.0,48.484848,100.0,50.0,0.0,1.0,0.0,0.0,0.0,1.0,62.333333,133.7,47.085714,42.923199,3.0
2026-06-25T00:08:38.325622394Z,1000,per_hit,raw_percent_of_host,api-node1,api-node2,22,13,35,51.0,23.469388,51.0,46.938776,100.0,50.0,0.0,2.0,0.0,0.0,0.0,2.0,71.181818,75.583333,53.495959,46.976712,3.0
2026-06-25T00:08:39.325620934Z,1000,per_hit,raw_percent_of_host,api-node1,api-node2,23,11,34,44.0,25.252525,44.0,50.505051,100.0,50.0,1.0,0.0,0.0,0.0,1.0,0.0,77.636364,106.0,53.40497,35.228437,3.0
2026-06-25T00:08:40.325620852Z,1000,per_hit,raw_percent_of_host,api-node1,api-node2,17,16,33,50.0,26.744186,50.0,53.488372,100.0,50.0,0.0,0.0,0.0,0.0,0.0,0.0,67.444444,97.4375,44.558983,38.056834,3.0
2026-06-25T00:08:41.325621242Z,1000,per_hit,raw_percent_of_host,api-node1,api-node2,18,15,33,43.434343,25.742574,43.434343,51.485149,100.0,50.0,0.0,1.0,0.0,0.0,0.0,1.0,69.777778,98.642857,54.335935,42.09312,3.0
2026-06-25T00:08:42.325622197Z,1000,per_hit,raw_percent_of_host,api-node1,api-node2,20,12,32,40.816327,21.212121,40.816327,42.424242,100.0,50.0,0.0,0.0,0.0,0.0,0.0,0.0,82.85,88.230769,53.922969,47.434833,3.0
2026-06-25T00:08:43.325621654Z,1000,per_hit,raw_percent_of_host,api-node1,api-node2,23,9,32,49.0,23.809524,49.0,47.619048,100.0,50.0,0.0,0.0,0.0,0.0,0.0,0.0,75.391304,93.888889,52.224734,33.155653,3.0
2026-06-25T00:08:44.325621825Z,1000,per_hit,raw_percent_of_host,api-node1,api-node2,15,16,31,35.714286,26.0,35.714286,52.0,100.0,50.0,0.0,2.0,0.0,0.0,0.0,2.0,56.266667,92.928571,50.0,50.018959,3.0
2026-06-25T00:08:45.325622447Z,1000,per_hit,raw_percent_of_host,api-node1,api-node2,15,16,31,30.30303,25.252525,30.30303,50.505051,100.0,50.0,0.0,0.0,0.0,0.0,0.0,0.0,74.933333,91.722222,51.605615,36.675228,3.0
2026-06-25T00:08:46.32562079Z,1000,per_hit,raw_percent_of_host,api-node1,api-node2,16,14,30,40.816327,21.649485,40.816327,43.298969,100.0,50.0,0.0,1.0,0.0,0.0,0.0,1.0,62.3125,87.461538,55.720153,45.686415,3.0
2026-06-25T00:08:47.325622013Z,1000,per_hit,raw_percent_of_host,api-node1,api-node2,13,17,30,34.020619,23.469388,34.020619,46.938776,100.0,50.0,0.0,1.0,0.0,0.0,0.0,1.0,52.0,116.235294,50.0,45.59758,3.0
2026-06-25T00:08:48.325620902Z,1000,per_hit,raw_percent_of_host,api-node1,api-node2,15,15,30,31.632653,18.26087,31.632653,36.521739,100.0,50.0,0.0,2.0,0.0,0.0,0.0,2.0,66.6,107.642857,44.04457,45.686415,3.0
2026-06-25T00:08:49.32562106Z,1000,per_hit,raw_percent_of_host,api-node1,api-node2,19,11,30,32.653061,25.252525,32.653061,50.505051,100.0,50.0,0.0,0.0,0.0,0.0,0.0,0.0,72.421053,84.307692,47.769507,47.270894,3.0
2026-06-25T00:08:50.325621321Z,1000,per_hit,raw_percent_of_host,api-node1,api-node2,11,19,30,21.212121,25.581395,21.212121,51.162791,100.0,50.0,0.0,1.0,0.0,0.0,0.0,1.0,53.727273,115.555556,38.76647,41.29911,3.0
2026-06-25T00:08:51.325621666Z,1000,per_hit,raw_percent_of_host,api-node1,api-node2,12,19,31,32.989691,25.510204,32.989691,51.020408,100.0,50.0,0.0,1.0,0.0,0.0,0.0,1.0,58.75,136.157895,50.0,44.421503,3.0
2026-06-25T00:08:52.325620721Z,1000,per_hit,raw_percent_of_host,api-node1,api-node2,20,11,31,34.736842,21.176471,34.736842,42.352941,100.0,50.0,0.0,0.0,0.0,0.0,0.0,0.0,76.25,78.916667,56.37615,46.681039,3.0
2026-06-25T00:08:53.325620901Z,1000,per_hit,raw_percent_of_host,api-node1,api-node2,17,15,32,34.375,24.742268,34.375,49.484536,100.0,50.0,0.0,0.0,0.0,0.0,0.0,0.0,59.823529,102.4,50.0,44.086975,3.0
2026-06-25T00:08:54.325621453Z,1000,per_hit,raw_percent_of_host,api-node1,api-node2,21,11,32,35.714286,22.222222,35.714286,44.444444,100.0,50.0,0.0,0.0,0.0,0.0,0.0,0.0,77.47619,97.454545,45.127374,39.85151,3.0
2026-06-25T00:08:55.325621757Z,1000,per_hit,raw_percent_of_host,api-node1,api-node2,16,17,33,26.530612,24.489796,26.530612,48.979592,100.0,50.0,0.0,1.0,0.0,0.0,0.0,1.0,62.75,107.6875,51.297611,41.03299,3.0
2026-06-25T00:08:56.325621429Z,1000,per_hit,raw_percent_of_host,api-node1,api-node2,18,16,34,38.14433,26.262626,38.14433,52.525253,100.0,50.0,0.0,2.0,0.0,0.0,0.0,2.0,63.555556,100.533333,47.713605,41.307855,3.0
2026-06-25T00:08:57.325621238Z,1000,per_hit,raw_percent_of_host,api-node1,api-node2,24,11,35,44.444444,19.0,44.444444,38.0,100.0,50.0,0.0,0.0,0.0,0.0,0.0,0.0,63.083333,110.769231,50.0,29.113264,3.0
2026-06-25T00:08:58.325622709Z,1000,per_hit,raw_percent_of_host,api-node1,api-node2,14,22,36,27.835052,22.608696,27.835052,45.217391,100.0,50.0,0.0,2.0,0.0,0.0,0.0,2.0,58.642857,115.5,42.975195,39.165568,3.0
2026-06-25T00:08:59.325622981Z,1000,per_hit,raw_percent_of_host,api-node1,api-node2,21,16,37,38.541667,23.809524,38.541667,47.619048,100.0,50.0,0.0,0.0,0.0,0.0,0.0,0.0,65.714286,87.944444,51.116551,40.983503,3.0
2026-06-25T00:09:00.325622236Z,1000,per_hit,raw_percent_of_host,api-node1,api-node2,23,15,38,39.393939,23.809524,39.393939,47.619048,100.0,50.0,0.0,0.0,0.0,0.0,0.0,0.0,79.26087,85.4,43.771339,43.219814,3.0
2026-06-25T00:09:01.325621382Z,1000,per_hit,raw_percent_of_host,api-node1,api-node2,19,20,39,32.323232,27.058824,32.323232,54.117647,100.0,50.0,0.0,0.0,0.0,0.0,0.0,0.0,68.684211,124.45,50.0,36.753473,3.0
2026-06-25T00:09:02.325621466Z,1000,per_hit,raw_percent_of_host,api-node1,api-node2,25,15,40,44.329897,22.0,44.329897,44.0,100.0,50.0,0.0,1.0,0.0,0.0,0.0,1.0,73.12,73.071429,50.0,42.245182,3.0
2026-06-25T00:09:03.325622234Z,1000,per_hit,raw_percent_of_host,api-node1,api-node2,25,16,41,38.383838,18.181818,38.383838,36.363636,100.0,50.0,0.0,0.0,0.0,0.0,0.0,0.0,66.2,186.764706,46.801361,37.346565,3.0
2026-06-25T00:09:04.325622449Z,1000,per_hit,raw_percent_of_host,api-node1,api-node2,23,19,42,27.083333,27.272727,27.083333,54.545455,100.0,50.0,0.0,2.0,0.0,0.0,0.0,2.0,79.869565,123.764706,48.22504,33.15989,3.0
2026-06-25T00:09:05.325621293Z,1000,per_hit,raw_percent_of_host,api-node1,api-node2,23,20,43,32.323232,24.242424,32.323232,48.484848,100.0,50.0,0.0,0.0,0.0,0.0,0.0,0.0,67.782609,126.045455,50.227969,35.838493,3.0
2026-06-25T00:09:06.325621917Z,1000,per_hit,raw_percent_of_host,api-node1,api-node2,27,17,44,34.375,23.0,34.375,46.0,100.0,50.0,0.0,1.0,0.0,0.0,0.0,1.0,83.962963,108.4375,45.238907,37.489081,3.0
2026-06-25T00:09:07.32562139Z,1000,per_hit,raw_percent_of_host,api-node1,api-node2,25,20,45,38.77551,23.0,38.77551,46.0,100.0,50.0,0.0,1.0,0.0,0.0,0.0,1.0,73.64,131.1,50.0,34.51007,3.0
2026-06-25T00:09:08.325621205Z,1000,per_hit,raw_percent_of_host,api-node1,api-node2,21,25,46,31.313131,26.0,31.313131,52.0,100.0,50.0,0.0,2.0,0.0,0.0,0.0,2.0,82.0,169.125,35.984898,33.069923,3.0
2026-06-25T00:09:09.325621751Z,1000,per_hit,raw_percent_of_host,api-node1,api-node2,19,27,46,35.353535,27.058824,35.353535,54.117647,100.0,50.0,0.0,2.0,0.0,0.0,0.0,2.0,74.578947,141.481481,47.775402,41.310692,3.0
2026-06-25T00:09:10.325623952Z,1000,per_hit,raw_percent_of_host,api-node1,api-node2,27,20,47,36.082474,24.418605,36.082474,48.837209,100.0,50.0,0.0,2.0,0.0,0.0,0.0,2.0,110.592593,91.35,46.924313,36.687914,3.0
2026-06-25T00:09:11.325621361Z,1000,per_hit,raw_percent_of_host,api-node1,api-node2,25,23,48,35.714286,21.0,35.714286,42.0,100.0,50.0,0.0,3.0,0.0,0.0,0.0,3.0,86.72,185.045455,41.321365,26.979428,3.0
2026-06-25T00:09:12.325621917Z,1000,per_hit,raw_percent_of_host,api-node1,api-node2,30,19,49,35.353535,24.242424,35.353535,48.484848,100.0,50.0,0.0,1.0,0.0,0.0,0.0,1.0,95.933333,107.666667,45.510941,33.807383,3.0
2026-06-25T00:09:13.325621012Z,1000,per_hit,raw_percent_of_host,api-node1,api-node2,34,15,49,42.708333,21.428571,42.708333,42.857143,100.0,50.0,0.0,0.0,0.0,0.0,0.0,0.0,104.363636,97.5625,45.234777,31.133623,3.0
2026-06-25T00:09:14.325622344Z,1000,per_hit,raw_percent_of_host,api-node1,api-node2,28,21,49,45.0,25.581395,45.0,51.162791,100.0,50.0,0.0,2.0,0.0,0.0,0.0,2.0,89.896552,128.684211,47.066932,33.095306,3.0
2026-06-25T00:09:15.325621802Z,1000,per_hit,raw_percent_of_host,api-node1,api-node2,34,16,50,38.14433,21.428571,38.14433,42.857143,100.0,50.0,0.0,1.0,0.0,0.0,0.0,1.0,103.588235,107.058824,47.13557,34.748485,3.0
2026-06-25T00:09:16.325622152Z,1000,per_hit,raw_percent_of_host,api-node1,api-node2,24,26,50,37.373737,26.190476,37.373737,52.380952,100.0,50.0,0.0,2.0,0.0,0.0,0.0,2.0,84.333333,121.84,47.13557,34.965915,3.0
2026-06-25T00:09:17.325621189Z,1000,per_hit,raw_percent_of_host,api-node1,api-node2,29,21,50,26.262626,26.190476,26.262626,52.380952,100.0,50.0,0.0,0.0,0.0,0.0,0.0,0.0,113.103448,133.913043,47.584718,34.116722,3.0
2026-06-25T00:09:18.325621528Z,1000,per_hit,raw_percent_of_host,api-node1,api-node2,29,21,50,43.434343,23.809524,43.434343,47.619048,100.0,50.0,0.0,2.0,0.0,0.0,0.0,2.0,114.827586,105.0,45.800765,34.903141,3.0
2026-06-25T00:09:19.325621915Z,1000,per_hit,raw_percent_of_host,api-node1,api-node2,28,22,50,39.393939,26.0,39.393939,52.0,100.0,50.0,0.0,2.0,0.0,0.0,0.0,2.0,100.678571,150.409091,47.166345,30.679573,3.0
2026-06-25T00:09:20.325621457Z,1000,per_hit,raw_percent_of_host,api-node1,api-node2,29,21,50,49.494949,12.244898,49.494949,24.489796,100.0,50.0,0.0,3.0,0.0,0.0,0.0,3.0,76.482759,161.2,47.380117,39.811615,3.0
2026-06-25T00:09:21.325622923Z,1000,per_hit,raw_percent_of_host,api-node1,api-node2,26,24,50,23.157895,23.0,23.157895,46.0,100.0,50.0,0.0,1.0,0.0,0.0,0.0,1.0,109.153846,167.0,49.456588,29.333282,3.0
2026-06-25T00:09:22.325622278Z,1000,per_hit,raw_percent_of_host,api-node1,api-node2,31,18,49,30.30303,22.807018,30.30303,45.614035,100.0,50.0,0.0,0.0,0.0,0.0,0.0,0.0,97.258065,132.842105,46.669351,32.389684,3.0
2026-06-25T00:09:23.325624032Z,1000,per_hit,raw_percent_of_host,api-node1,api-node2,24,24,48,38.383838,23.809524,38.383838,47.619048,100.0,50.0,0.0,2.0,0.0,0.0,0.0,2.0,90.666667,109.545455,46.998925,36.42183,3.0
2026-06-25T00:09:24.325621411Z,1000,per_hit,raw_percent_of_host,api-node1,api-node2,29,19,48,42.424242,24.0,42.424242,48.0,100.0,50.0,0.0,1.0,0.0,0.0,0.0,1.0,99.482759,121.1,47.040919,34.767223,3.0
2026-06-25T00:09:25.325622501Z,1000,per_hit,raw_percent_of_host,api-node1,api-node2,29,18,47,39.393939,20.20202,39.393939,40.40404,100.0,50.0,0.0,1.0,0.0,0.0,0.0,1.0,89.896552,120.833333,47.209698,32.824061,3.0
2026-06-25T00:09:26.325621401Z,1000,per_hit,raw_percent_of_host,api-node1,api-node2,29,18,47,43.434343,21.0,43.434343,42.0,100.0,50.0,0.0,1.0,0.0,0.0,0.0,1.0,93.551724,116.222222,38.716886,28.204984,3.0
2026-06-25T00:09:27.325621377Z,1000,per_hit,raw_percent_of_host,api-node1,api-node2,28,17,45,43.877551,21.176471,43.877551,42.352941,100.0,50.0,0.0,0.0,0.0,0.0,0.0,0.0,112.035714,108.722222,46.866407,28.551676,3.0
2026-06-25T00:09:28.325621705Z,1000,per_hit,raw_percent_of_host,api-node1,api-node2,30,15,45,46.464646,17.647059,46.464646,35.294118,100.0,50.0,0.0,0.0,0.0,0.0,0.0,0.0,85.866667,87.733333,45.352045,31.427516,3.0
2026-06-25T00:09:29.325622149Z,1000,per_hit,raw_percent_of_host,api-node1,api-node2,23,21,44,45.544554,23.529412,45.544554,47.058824,100.0,50.0,0.0,3.0,0.0,0.0,0.0,3.0,76.956522,103.5,48.840909,44.238972,3.0
2026-06-25T00:09:30.325622014Z,1000,per_hit,raw_percent_of_host,api-node1,api-node2,27,16,43,40.816327,16.161616,40.816327,32.323232,100.0,50.0,0.0,2.0,0.0,0.0,0.0,2.0,78.185185,84.294118,45.143006,33.310504,3.0
2026-06-25T00:09:31.325621347Z,1000,per_hit,raw_percent_of_host,api-node1,api-node2,27,15,42,41.414141,14.285714,41.414141,28.571429,100.0,50.0,0.0,1.0,0.0,0.0,0.0,1.0,81.444444,155.125,49.364867,43.20102,3.0
2026-06-25T00:09:32.325621882Z,1000,per_hit,raw_percent_of_host,api-node1,api-node2,23,18,41,36.363636,27.380952,36.363636,54.761905,100.0,50.0,0.0,0.0,0.0,0.0,0.0,0.0,71.913043,132.157895,50.0,31.39789,3.0
2026-06-25T00:09:33.325620978Z,1000,per_hit,raw_percent_of_host,api-node1,api-node2,22,18,40,33.333333,21.0,33.333333,42.0,100.0,50.0,0.0,2.0,0.0,0.0,0.0,2.0,71.909091,113.5625,46.041967,38.727521,3.0
2026-06-25T00:09:34.325621009Z,1000,per_hit,raw_percent_of_host,api-node1,api-node2,23,16,39,41.836735,23.469388,41.836735,46.938776,100.0,50.0,0.0,0.0,0.0,0.0,0.0,0.0,68.434783,90.5,47.987201,45.131508,3.0
2026-06-25T00:09:35.325621468Z,1000,per_hit,raw_percent_of_host,api-node1,api-node2,24,13,37,32.323232,18.421053,32.323232,36.842105,100.0,50.0,0.0,1.0,0.0,0.0,0.0,1.0,70.541667,134.166667,41.72973,45.909222,3.0
2026-06-25T00:09:36.325622713Z,1000,per_hit,raw_percent_of_host,api-node1,api-node2,16,21,37,31.313131,25.742574,31.313131,51.485149,100.0,50.0,0.0,2.0,0.0,0.0,0.0,2.0,68.4375,125.45,50.0,35.38698,3.0
2026-06-25T00:09:37.325622698Z,1000,per_hit,raw_percent_of_host,api-node1,api-node2,17,19,36,34.343434,21.212121,34.343434,42.424242,100.0,50.0,0.0,1.0,0.0,0.0,0.0,1.0,71.882353,98.25,50.611442,41.880531,3.0
2026-06-25T00:09:38.325621531Z,1000,per_hit,raw_percent_of_host,api-node1,api-node2,18,17,35,38.383838,21.686747,38.383838,43.373494,100.0,50.0,0.0,2.0,0.0,0.0,0.0,2.0,67.777778,94.5,50.0,35.102429,3.0
2026-06-25T00:09:39.325620894Z,1000,per_hit,raw_percent_of_host,api-node1,api-node2,18,16,34,25.0,25.581395,25.0,51.162791,100.0,50.0,0.0,0.0,0.0,0.0,0.0,0.0,69.388889,100.722222,52.934278,29.369748,3.0
2026-06-25T00:09:40.325620703Z,1000,per_hit,raw_percent_of_host,api-node1,api-node2,20,13,33,30.927835,26.0,30.927835,52.0,100.0,50.0,0.0,0.0,0.0,0.0,0.0,0.0,69.2,87.307692,46.909091,35.486835,3.0
2026-06-25T00:09:41.325621269Z,1000,per_hit,raw_percent_of_host,api-node1,api-node2,19,14,33,25.773196,24.242424,25.773196,48.484848,100.0,50.0,0.0,1.0,0.0,0.0,0.0,1.0,76.578947,80.230769,40.909604,39.838244,3.0
2026-06-25T00:09:42.325622451Z,1000,per_hit,raw_percent_of_host,api-node1,api-node2,13,19,32,36.633663,23.529412,36.633663,47.058824,100.0,50.0,0.0,2.0,0.0,0.0,0.0,2.0,57.846154,102.555556,50.0,30.472121,3.0
2026-06-25T00:09:43.325621104Z,1000,per_hit,raw_percent_of_host,api-node1,api-node2,21,10,31,42.0,16.161616,42.0,32.323232,100.0,50.0,0.0,1.0,0.0,0.0,0.0,1.0,80.428571,78.545455,45.840483,34.255738,3.0
2026-06-25T00:09:44.325622454Z,1000,per_hit,raw_percent_of_host,api-node1,api-node2,16,15,31,34.020619,19.0,34.020619,38.0,100.0,50.0,0.0,2.0,0.0,0.0,0.0,2.0,69.875,80.571429,39.161058,45.021558,3.0
2026-06-25T00:09:45.325620826Z,1000,per_hit,raw_percent_of_host,api-node1,api-node2,21,10,31,43.157895,20.20202,43.157895,40.40404,100.0,50.0,0.0,0.0,0.0,0.0,0.0,0.0,62.428571,95.333333,50.0,37.826314,3.0
2026-06-25T00:09:46.325622088Z,1000,per_hit,raw_percent_of_host,api-node1,api-node2,19,11,30,37.0,26.0,37.0,52.0,100.0,50.0,0.0,0.0,0.0,0.0,0.0,0.0,71.052632,74.0,50.0,42.05028,3.0
2026-06-25T00:09:47.325621477Z,1000,per_hit,raw_percent_of_host,api-node1,api-node2,14,16,30,24.489796,23.529412,24.489796,47.058824,100.0,50.0,0.0,1.0,0.0,0.0,0.0,1.0,64.071429,91.333333,53.050125,44.030735,3.0
2026-06-25T00:09:48.325621166Z,1000,per_hit,raw_percent_of_host,api-node1,api-node2,17,13,30,38.541667,16.0,38.541667,32.0,100.0,50.0,0.0,2.0,0.0,0.0,0.0,2.0,62.647059,75.083333,49.56716,34.594552,3.0
2026-06-25T00:09:49.325620679Z,1000,per_hit,raw_percent_of_host,api-node1,api-node2,17,13,30,28.712871,23.809524,28.712871,47.619048,100.0,50.0,0.0,0.0,0.0,0.0,0.0,0.0,73.352941,84.933333,42.308594,44.000962,3.0
2026-06-25T00:09:50.325621116Z,1000,per_hit,raw_percent_of_host,api-node1,api-node2,15,15,30,37.373737,19.277108,37.373737,38.554217,100.0,50.0,0.0,2.0,0.0,0.0,0.0,2.0,71.733333,82.461538,43.958143,35.607793,3.0
2026-06-25T00:09:51.325621622Z,1000,per_hit,raw_percent_of_host,api-node1,api-node2,19,12,31,34.343434,22.352941,34.343434,44.705882,100.0,50.0,0.0,1.0,0.0,0.0,0.0,1.0,78.947368,89.307692,47.696772,34.407609,3.0
2026-06-25T00:09:52.325621864Z,1000,per_hit,raw_percent_of_host,api-node1,api-node2,16,15,31,22.0,29.411765,22.0,58.823529,100.0,50.0,0.0,0.0,0.0,0.0,0.0,0.0,65.0,104.125,47.701339,37.22729,3.0
2026-06-25T00:09:53.325621377Z,1000,per_hit,raw_percent_of_host,api-node1,api-node2,20,12,32,41.414141,12.121212,41.414141,24.242424,100.0,50.0,0.0,1.0,0.0,0.0,0.0,1.0,71.95,82.272727,50.0,42.513442,3.0
2026-06-25T00:09:54.325620863Z,1000,per_hit,raw_percent_of_host,api-node1,api-node2,16,16,32,34.343434,23.529412,34.343434,47.058824,100.0,50.0,0.0,2.0,0.0,0.0,0.0,2.0,80.25,80.866667,40.178889,38.080415,3.0
2026-06-25T00:09:55.325621882Z,1000,per_hit,raw_percent_of_host,api-node1,api-node2,20,13,33,37.113402,20.20202,37.113402,40.40404,100.0,50.0,0.0,1.0,0.0,0.0,0.0,1.0,64.1,93.857143,50.0,42.064517,3.0
2026-06-25T00:09:56.325622294Z,1000,per_hit,raw_percent_of_host,api-node1,api-node2,23,11,34,47.0,13.095238,47.0,26.190476,100.0,50.0,1.0,0.0,0.0,0.0,1.0,0.0,69.954545,83.0,50.0,39.776015,3.0
2026-06-25T00:09:57.325621079Z,1000,per_hit,raw_percent_of_host,api-node1,api-node2,20,15,35,35.714286,17.857143,35.714286,35.714286,100.0,50.0,0.0,1.0,0.0,0.0,0.0,1.0,68.190476,92.285714,49.246089,35.714884,3.0
2026-06-25T00:09:58.325621209Z,1000,per_hit,raw_percent_of_host,api-node1,api-node2,21,15,36,25.0,22.352941,25.0,44.705882,100.0,50.0,0.0,0.0,0.0,0.0,0.0,0.0,75.190476,95.875,46.716451,34.304739,3.0
2026-06-25T00:09:59.325620761Z,1000,per_hit,raw_percent_of_host,api-node1,api-node2,17,19,36,35.643564,23.529412,35.643564,47.058824,100.0,50.0,0.0,5.0,0.0,0.0,0.0,5.0,72.882353,97.285714,47.222195,42.870064,3.0
2026-06-25T00:10:00.325621478Z,1000,per_hit,raw_percent_of_host,api-node1,api-node2,23,16,39,41.0,24.418605,41.0,48.837209,100.0,50.0,0.0,1.0,0.0,0.0,0.0,1.0,71.391304,152.05,53.237056,25.49764,3.0
2026-06-25T00:10:01.325620732Z,1000,per_hit,raw_percent_of_host,api-node1,api-node2,21,18,39,35.353535,11.904762,35.353535,23.809524,100.0,50.0,0.0,2.0,0.0,0.0,0.0,2.0,74.571429,133.529412,48.692308,47.282805,3.0
2026-06-25T00:10:02.325621753Z,1000,per_hit,raw_percent_of_host,api-node1,api-node2,20,20,40,28.282828,23.809524,28.282828,47.619048,100.0,50.0,0.0,3.0,0.0,0.0,0.0,3.0,86.4,114.210526,41.544257,42.109027,3.0
2026-06-25T00:10:03.325621289Z,1000,per_hit,raw_percent_of_host,api-node1,api-node2,23,18,41,36.082474,18.811881,36.082474,37.623762,100.0,50.0,0.0,2.0,0.0,0.0,0.0,2.0,68.869565,103.368421,45.646341,33.266542,3.0
2026-06-25T00:10:04.325621229Z,1000,per_hit,raw_percent_of_host,api-node1,api-node2,26,16,42,30.927835,15.151515,30.927835,30.30303,100.0,50.0,1.0,1.0,0.0,0.0,1.0,1.0,83.96,116.117647,46.214176,33.341864,3.0
2026-06-25T00:10:05.325621851Z,1000,per_hit,raw_percent_of_host,api-node1,api-node2,24,19,43,30.0,21.0,30.0,42.0,100.0,50.0,0.0,1.0,0.0,0.0,0.0,1.0,73.68,130.157895,44.580626,38.957775,3.0
2026-06-25T00:10:06.32562218Z,1000,per_hit,raw_percent_of_host,api-node1,api-node2,26,18,44,29.166667,17.171717,29.166667,34.343434,100.0,50.0,0.0,3.0,0.0,0.0,0.0,3.0,85.192308,121.3125,46.979866,34.518688,3.0
2026-06-25T00:10:07.325621819Z,1000,per_hit,raw_percent_of_host,api-node1,api-node2,23,22,45,32.653061,14.285714,32.653061,28.571429,100.0,50.0,0.0,5.0,0.0,0.0,0.0,5.0,92.826087,128.4,47.001409,44.038191,3.0
2026-06-25T00:10:08.32562209Z,1000,per_hit,raw_percent_of_host,api-node1,api-node2,22,24,46,21.649485,22.680412,21.649485,45.360825,100.0,50.0,0.0,3.0,0.0,0.0,0.0,3.0,88.409091,121.730769,44.53162,42.502192,3.0
2026-06-25T00:10:09.325623689Z,1000,per_hit,raw_percent_of_host,api-node1,api-node2,26,21,47,29.292929,21.0,29.292929,42.0,100.0,50.0,0.0,4.0,0.0,0.0,0.0,4.0,108.769231,135.5,47.301098,38.81976,3.0
2026-06-25T00:10:10.325621943Z,1000,per_hit,raw_percent_of_host,api-node1,api-node2,25,22,47,31.313131,18.181818,31.313131,36.363636,100.0,50.0,0.0,3.0,0.0,0.0,0.0,3.0,92.88,129.608696,48.795573,42.977463,3.0
2026-06-25T00:10:11.325620934Z,1000,per_hit,raw_percent_of_host,api-node1,api-node2,23,25,48,38.0,17.0,38.0,34.0,100.0,50.0,0.0,6.0,0.0,0.0,0.0,6.0,99.0,114.818182,42.861717,40.613957,3.0
2026-06-25T00:10:12.32562116Z,1000,per_hit,raw_percent_of_host,api-node1,api-node2,22,27,49,20.20202,24.705882,20.20202,49.411765,100.0,50.0,0.0,3.0,0.0,0.0,0.0,3.0,101.727273,159.233333,46.611181,41.388188,3.0
2026-06-25T00:10:13.325622518Z,1000,per_hit,raw_percent_of_host,api-node1,api-node2,29,20,49,38.14433,12.121212,38.14433,24.242424,100.0,50.0,0.0,5.0,0.0,0.0,0.0,5.0,88.137931,142.222222,46.752811,43.683219,3.0
2026-06-25T00:10:14.325621057Z,1000,per_hit,raw_percent_of_host,api-node1,api-node2,27,22,49,39.393939,17.857143,39.393939,35.714286,100.0,50.0,0.0,4.0,0.0,0.0,0.0,4.0,107.333333,134.217391,43.039161,30.296697,3.0
2026-06-25T00:10:15.325621352Z,1000,per_hit,raw_percent_of_host,api-node1,api-node2,26,24,50,34.693878,19.191919,34.693878,38.383838,100.0,50.0,0.0,4.0,0.0,0.0,0.0,4.0,96.230769,118.416667,44.390087,43.102732,3.0
2026-06-25T00:10:16.325621092Z,1000,per_hit,raw_percent_of_host,api-node1,api-node2,28,22,50,34.693878,24.242424,34.693878,48.484848,100.0,50.0,0.0,5.0,0.0,0.0,0.0,5.0,112.214286,105.142857,46.81429,45.713758,3.0
2026-06-25T00:10:17.325621646Z,1000,per_hit,raw_percent_of_host,api-node1,api-node2,24,26,50,37.0,16.0,37.0,32.0,100.0,50.0,0.0,9.0,0.0,0.0,0.0,9.0,111.625,107.227273,43.215703,39.035635,3.0
2026-06-25T00:10:18.325621079Z,1000,per_hit,raw_percent_of_host,api-node1,api-node2,25,25,50,36.0,23.809524,36.0,47.619048,100.0,50.0,0.0,4.0,0.0,0.0,0.0,4.0,92.84,174.7,44.431865,41.863967,3.0
2026-06-25T00:10:19.32562251Z,1000,per_hit,raw_percent_of_host,api-node1,api-node2,25,25,50,35.353535,12.941176,35.353535,25.882353,100.0,50.0,0.0,7.0,0.0,0.0,0.0,7.0,95.72,168.227273,48.89141,42.673794,3.0
2026-06-25T00:10:20.325621039Z,1000,per_hit,raw_percent_of_host,api-node1,api-node2,24,26,50,31.632653,22.619048,31.632653,45.238095,100.0,50.0,0.0,9.0,0.0,0.0,0.0,9.0,85.958333,156.958333,45.267838,46.852188,3.0
2026-06-25T00:10:21.325622348Z,1000,per_hit,raw_percent_of_host,api-node1,api-node2,24,25,49,36.734694,18.823529,36.734694,37.647059,100.0,50.0,0.0,12.0,0.0,0.0,0.0,12.0,86.875,191.136364,43.704898,36.851555,3.0
2026-06-25T00:10:22.325621387Z,1000,per_hit,raw_percent_of_host,api-node1,api-node2,26,23,49,38.0,24.705882,38.0,49.411765,100.0,50.0,0.0,7.0,0.0,0.0,0.0,7.0,104.5,222.142857,37.815047,44.346649,3.0
2026-06-25T00:10:23.325620855Z,1000,per_hit,raw_percent_of_host,api-node1,api-node2,30,19,49,44.897959,15.294118,44.897959,30.588235,100.0,50.0,1.0,1.0,0.0,0.0,1.0,1.0,93.37931,185.72,44.986371,34.59338,3.0
2026-06-25T00:10:24.325622152Z,1000,per_hit,raw_percent_of_host,api-node1,api-node2,23,25,48,29.292929,23.809524,29.292929,47.619048,100.0,50.0,0.0,5.0,0.0,0.0,0.0,5.0,95.291667,111.904762,44.51064,40.591232,3.0
2026-06-25T00:10:25.325621767Z,1000,per_hit,raw_percent_of_host,api-node1,api-node2,27,21,48,45.360825,13.095238,45.360825,26.190476,100.0,50.0,0.0,5.0,0.0,0.0,0.0,5.0,70.333333,129.380952,42.546111,30.748011,3.0
2026-06-25T00:10:26.325622273Z,1000,per_hit,raw_percent_of_host,api-node1,api-node2,22,24,46,38.383838,18.823529,38.383838,37.647059,100.0,50.0,0.0,14.0,0.0,0.0,0.0,14.0,113.227273,185.4,39.205978,38.299716,3.0
2026-06-25T00:10:27.325622311Z,1000,per_hit,raw_percent_of_host,api-node1,api-node2,33,13,46,46.391753,0.0,46.391753,0.0,100.0,50.0,0.0,5.0,0.0,0.0,0.0,5.0,101.69697,207.090909,43.925374,40.091932,3.0
2026-06-25T00:10:28.32562294Z,1000,per_hit,raw_percent_of_host,api-node1,api-node2,23,22,45,44.0,11.764706,44.0,23.529412,100.0,50.0,0.0,10.0,0.0,0.0,0.0,10.0,72.173913,116.882353,43.543515,45.730183,3.0
2026-06-25T00:10:29.325621197Z,1000,per_hit,raw_percent_of_host,api-node1,api-node2,22,22,44,31.632653,23.529412,31.632653,47.058824,100.0,50.0,0.0,7.0,0.0,0.0,0.0,7.0,65.590909,186.28,45.767233,37.78216,3.0
2026-06-25T00:10:30.325621515Z,1000,per_hit,raw_percent_of_host,api-node1,api-node2,23,20,43,25.773196,25.252525,25.773196,50.505051,100.0,50.0,0.0,3.0,0.0,0.0,0.0,3.0,86.043478,159.541667,48.593081,40.626835,3.0
2026-06-25T00:10:31.325621131Z,1000,per_hit,raw_percent_of_host,api-node1,api-node2,17,25,42,28.571429,21.0,28.571429,42.0,100.0,50.0,0.0,2.0,0.0,0.0,0.0,2.0,60.588235,111.0,50.759038,40.739318,3.0
2026-06-25T00:10:32.32562114Z,1000,per_hit,raw_percent_of_host,api-node1,api-node2,21,20,41,27.272727,20.238095,27.272727,40.47619,100.0,50.0,1.0,2.0,0.0,0.0,1.0,2.0,91.8,117.05,45.35536,37.097023,3.0
2026-06-25T00:10:33.325623301Z,1000,per_hit,raw_percent_of_host,api-node1,api-node2,20,20,40,36.363636,17.647059,36.363636,35.294118,100.0,50.0,0.0,2.0,0.0,0.0,0.0,2.0,70.428571,95.0,44.559259,43.246193,3.0
2026-06-25T00:10:34.325620729Z,1000,per_hit,raw_percent_of_host,api-node1,api-node2,24,15,39,35.353535,20.0,35.353535,40.0,100.0,50.0,0.0,2.0,0.0,0.0,0.0,2.0,91.958333,97.2,43.054015,37.867039,3.0
2026-06-25T00:10:35.32562191Z,1000,per_hit,raw_percent_of_host,api-node1,api-node2,21,17,38,30.30303,14.285714,30.30303,28.571429,100.0,50.0,0.0,1.0,0.0,0.0,0.0,1.0,80.333333,80.944444,46.572966,46.644737,3.0
2026-06-25T00:10:36.325621127Z,1000,per_hit,raw_percent_of_host,api-node1,api-node2,23,14,37,39.393939,18.823529,39.393939,37.647059,100.0,50.0,0.0,0.0,0.0,0.0,0.0,0.0,65.565217,83.066667,45.175676,31.109287,3.0
2026-06-25T00:10:37.325621303Z,1000,per_hit,raw_percent_of_host,api-node1,api-node2,19,17,36,31.0,22.0,31.0,44.0,100.0,50.0,0.0,1.0,0.0,0.0,0.0,1.0,60.631579,101.4375,50.0,42.040889,3.0
2026-06-25T00:10:38.325622296Z,1000,per_hit,raw_percent_of_host,api-node1,api-node2,15,20,35,28.282828,21.649485,28.282828,43.298969,100.0,50.0,0.0,2.0,0.0,0.0,0.0,2.0,65.333333,97.263158,47.047367,40.359571,3.0
2026-06-25T00:10:39.325623109Z,1000,per_hit,raw_percent_of_host,api-node1,api-node2,21,13,34,39.393939,14.285714,39.393939,28.571429,100.0,50.0,0.0,0.0,0.0,0.0,0.0,0.0,68.333333,86.8,50.0,35.735686,3.0
2026-06-25T00:10:40.325621756Z,1000,per_hit,raw_percent_of_host,api-node1,api-node2,21,12,33,41.584158,14.0,41.584158,28.0,100.0,50.0,0.0,1.0,0.0,0.0,0.0,1.0,65.714286,74.727273,49.227273,42.140393,3.0
2026-06-25T00:10:41.325620672Z,1000,per_hit,raw_percent_of_host,api-node1,api-node2,17,16,33,30.927835,22.222222,30.927835,44.444444,100.0,50.0,0.0,1.0,0.0,0.0,0.0,1.0,62.882353,81.25,50.0,44.57899,3.0
2026-06-25T00:10:42.325621514Z,1000,per_hit,raw_percent_of_host,api-node1,api-node2,14,18,32,32.653061,18.823529,32.653061,37.647059,100.0,50.0,0.0,4.0,0.0,0.0,0.0,4.0,63.5,89.466667,49.203125,41.904196,3.0
2026-06-25T00:10:43.325621562Z,1000,per_hit,raw_percent_of_host,api-node1,api-node2,17,14,31,26.804124,18.181818,26.804124,36.363636,100.0,50.0,1.0,0.0,0.0,0.0,1.0,0.0,63.75,116.833333,51.566274,34.403503,3.0
2026-06-25T00:10:44.325621129Z,1000,per_hit,raw_percent_of_host,api-node1,api-node2,14,17,31,13.131313,18.0,13.131313,36.0,100.0,50.0,0.0,2.0,0.0,0.0,0.0,2.0,66.866667,90.0,51.370654,36.377444,3.0
2026-06-25T00:10:45.32562127Z,1000,per_hit,raw_percent_of_host,api-node1,api-node2,18,13,31,39.795918,12.121212,39.795918,24.242424,100.0,50.0,0.0,1.0,0.0,0.0,0.0,1.0,61.166667,78.5,48.322581,39.710844,3.0
2026-06-25T00:10:46.325621457Z,1000,per_hit,raw_percent_of_host,api-node1,api-node2,14,16,30,28.571429,16.494845,28.571429,32.989691,100.0,50.0,0.0,1.0,0.0,0.0,0.0,1.0,61.0,92.1875,50.0,38.569341,3.0
2026-06-25T00:10:47.325621335Z,1000,per_hit,raw_percent_of_host,api-node1,api-node2,15,15,30,30.927835,15.151515,30.927835,30.30303,100.0,50.0,0.0,2.0,0.0,0.0,0.0,2.0,64.4,66.928571,50.0,50.0,3.0
2026-06-25T00:10:48.325621763Z,1000,per_hit,raw_percent_of_host,api-node1,api-node2,13,17,30,33.673469,17.821782,33.673469,35.643564,100.0,50.0,0.0,4.0,0.0,0.0,0.0,4.0,57.769231,81.266667,51.564728,48.274909,3.0
2026-06-25T00:10:49.325621637Z,1000,per_hit,raw_percent_of_host,api-node1,api-node2,15,15,30,31.313131,17.857143,31.313131,35.714286,100.0,50.0,0.0,3.0,0.0,0.0,0.0,3.0,60.4,106.625,56.011369,37.750544,3.0
2026-06-25T00:10:50.325621215Z,1000,per_hit,raw_percent_of_host,api-node1,api-node2,15,15,30,24.0,23.809524,24.0,47.619048,100.0,50.0,0.0,0.0,0.0,0.0,0.0,0.0,58.533333,84.722222,55.220297,37.754197,3.0
2026-06-25T00:10:51.325622038Z,1000,per_hit,raw_percent_of_host,api-node1,api-node2,15,16,31,22.680412,18.367347,22.680412,36.734694,100.0,50.0,0.0,2.0,0.0,0.0,0.0,2.0,61.533333,75.428571,53.976486,46.709677,3.0
2026-06-25T00:10:52.32562063Z,1000,per_hit,raw_percent_of_host,api-node1,api-node2,19,12,31,35.353535,14.141414,35.353535,28.282828,100.0,50.0,0.0,1.0,0.0,0.0,0.0,1.0,68.0,82.615385,48.212053,46.525374,3.0
2026-06-25T00:10:53.325621094Z,1000,per_hit,raw_percent_of_host,api-node1,api-node2,17,15,32,27.272727,20.0,27.272727,40.0,100.0,50.0,0.0,1.0,0.0,0.0,0.0,1.0,60.823529,100.0,50.806574,28.608001,3.0
2026-06-25T00:10:54.325621461Z,1000,per_hit,raw_percent_of_host,api-node1,api-node2,22,11,33,34.693878,12.121212,34.693878,24.242424,100.0,50.0,0.0,3.0,0.0,0.0,0.0,3.0,60.227273,70.111111,50.255163,51.850124,3.0
2026-06-25T00:10:55.325620682Z,1000,per_hit,raw_percent_of_host,api-node1,api-node2,17,16,33,26.262626,19.0,26.262626,38.0,100.0,50.0,0.0,2.0,0.0,0.0,0.0,2.0,55.235294,98.294118,51.545871,46.078477,3.0
2026-06-25T00:10:56.325621197Z,1000,per_hit,raw_percent_of_host,api-node1,api-node2,18,16,34,27.0,23.0,27.0,46.0,100.0,50.0,0.0,3.0,0.0,0.0,0.0,3.0,66.222222,92.333333,49.136529,46.11737,3.0
2026-06-25T00:10:57.325621372Z,1000,per_hit,raw_percent_of_host,api-node1,api-node2,19,16,35,30.612245,18.0,30.612245,36.0,100.0,50.0,0.0,6.0,0.0,0.0,0.0,6.0,67.842105,104.923077,45.628571,33.086213,3.0
2026-06-25T00:10:58.32562221Z,1000,per_hit,raw_percent_of_host,api-node1,api-node2,21,15,36,35.051546,8.235294,35.051546,16.470588,100.0,50.0,1.0,3.0,0.0,0.0,1.0,3.0,63.4,115.666667,50.0,41.286025,3.0
2026-06-25T00:10:59.325622294Z,1000,per_hit,raw_percent_of_host,api-node1,api-node2,20,17,37,27.0,24.705882,27.0,49.411765,100.0,50.0,0.0,4.0,0.0,0.0,0.0,4.0,63.285714,109.125,48.796878,43.032141,3.0
2026-06-25T00:11:00.325620978Z,1000,per_hit,raw_percent_of_host,api-node1,api-node2,22,16,38,20.20202,23.529412,20.20202,47.058824,100.0,50.0,1.0,2.0,0.0,0.0,1.0,2.0,79.952381,112.833333,52.192495,42.478053,3.0
2026-06-25T00:11:01.325621484Z,1000,per_hit,raw_percent_of_host,api-node1,api-node2,21,18,39,23.0,13.095238,23.0,26.190476,100.0,50.0,0.0,9.0,0.0,0.0,0.0,9.0,67.818182,91.818182,48.078899,49.972871,3.0
2026-06-25T00:11:02.325621543Z,1000,per_hit,raw_percent_of_host,api-node1,api-node2,24,16,40,39.0,7.058824,39.0,14.117647,100.0,50.0,0.0,11.0,0.0,0.0,0.0,11.0,75.083333,165.928571,41.310238,39.834518,3.0
2026-06-25T00:11:03.32562113Z,1000,per_hit,raw_percent_of_host,api-node1,api-node2,21,20,41,28.571429,18.823529,28.571429,37.647059,100.0,50.0,0.0,4.0,0.0,0.0,0.0,4.0,79.428571,174.592593,50.0,25.307255,3.0
2026-06-25T00:11:04.325621065Z,1000,per_hit,raw_percent_of_host,api-node1,api-node2,23,19,42,40.40404,11.764706,40.40404,23.529412,100.0,50.0,1.0,7.0,0.0,0.0,1.0,7.0,68.136364,95.75,47.532145,42.219373,3.0
2026-06-25T00:11:05.325622388Z,1000,per_hit,raw_percent_of_host,api-node1,api-node2,16,27,43,24.242424,24.418605,24.242424,48.837209,100.0,50.0,0.0,12.0,0.0,0.0,0.0,12.0,64.058824,122.863636,52.96497,45.485736,3.0
2026-06-25T00:11:06.325625228Z,1000,per_hit,raw_percent_of_host,api-node1,api-node2,20,17,37,25.0,11.904762,25.0,23.809524,100.0,50.0,9.0,7.0,0.0,0.0,9.0,7.0,68.454545,226.454545,46.008513,43.3907,3.0
2026-06-25T00:11:07.325621051Z,1000,per_hit,raw_percent_of_host,api-node1,api-node2,33,16,49,44.0,23.529412,44.0,47.058824,100.0,50.0,13.0,5.0,0.0,0.0,13.0,5.0,83.275862,124.666667,46.303263,34.052316,3.0
2026-06-25T00:11:08.325621922Z,1000,per_hit,raw_percent_of_host,api-node1,api-node2,24,22,46,32.608696,21.212121,32.608696,42.424242,100.0,50.0,7.0,6.0,0.0,0.0,7.0,6.0,131.9,111.714286,42.598886,33.356271,3.0
2026-06-25T00:11:09.325623798Z,1000,per_hit,raw_percent_of_host,api-node1,api-node2,25,22,47,32.58427,19.191919,32.58427,38.383838,100.0,50.0,0.0,12.0,0.0,0.0,0.0,12.0,97.1875,109.0,45.547344,39.150616,3.0
2026-06-25T00:11:10.325622303Z,1000,per_hit,raw_percent_of_host,api-node1,api-node2,24,23,47,41.0,19.047619,41.0,38.095238,100.0,50.0,10.0,9.0,0.0,0.0,10.0,9.0,58.142857,204.692308,43.426651,31.243054,3.0
2026-06-25T00:11:11.325621211Z,1000,per_hit,raw_percent_of_host,api-node1,api-node2,29,19,48,35.643564,18.604651,35.643564,37.209302,100.0,50.0,10.0,8.0,0.0,0.0,10.0,8.0,111.172414,186.5,44.905023,23.362436,3.0
2026-06-25T00:11:12.325621217Z,1000,per_hit,raw_percent_of_host,api-node1,api-node2,25,24,49,28.089888,17.857143,28.089888,35.714286,100.0,50.0,5.0,13.0,0.0,0.0,5.0,13.0,111.2,146.631579,43.463282,37.073811,3.0
2026-06-25T00:11:13.325621242Z,1000,per_hit,raw_percent_of_host,api-node1,api-node2,32,17,49,40.0,18.823529,40.0,37.647059,100.0,50.0,13.0,4.0,0.0,0.0,13.0,4.0,90.416667,244.0,47.268214,24.505245,3.0
2026-06-25T00:11:14.325621925Z,1000,per_hit,raw_percent_of_host,api-node1,api-node2,23,27,50,30.0,17.171717,30.0,34.343434,100.0,50.0,1.0,16.0,0.0,0.0,1.0,16.0,103.228571,120.0,46.193025,44.799244,3.0
2026-06-25T00:11:15.32562144Z,1000,per_hit,raw_percent_of_host,api-node1,api-node2,31,19,50,35.0,23.809524,35.0,47.619048,100.0,50.0,14.0,5.0,0.0,0.0,14.0,5.0,61.333333,284.7,47.439726,30.283088,3.0
2026-06-25T00:11:16.325621201Z,1000,per_hit,raw_percent_of_host,api-node1,api-node2,28,20,48,25.252525,14.285714,25.252525,28.571429,100.0,50.0,17.0,7.0,0.0,0.0,17.0,7.0,141.44,101.5,51.068529,30.586497,3.0
2026-06-25T00:11:17.325620904Z,1000,per_hit,raw_percent_of_host,api-node1,api-node2,25,25,50,47.727273,23.529412,47.727273,47.058824,100.0,50.0,5.0,14.0,0.0,0.0,5.0,14.0,131.648649,110.944444,44.817614,40.309479,3.0
2026-06-25T00:11:18.325622283Z,1000,per_hit,raw_percent_of_host,api-node1,api-node2,22,25,47,28.089888,15.625,28.089888,31.25,100.0,50.0,4.0,14.0,0.0,0.0,4.0,14.0,83.826087,221.84,46.578638,40.746408,3.0
2026-06-25T00:11:19.325621384Z,1000,per_hit,raw_percent_of_host,api-node1,api-node2,30,16,46,37.837838,29.069767,37.837838,58.139535,100.0,50.0,10.0,4.0,0.0,0.0,10.0,4.0,72.333333,283.038462,46.904821,23.93881,3.0
2026-06-25T00:11:20.325622401Z,1000,per_hit,raw_percent_of_host,api-node1,api-node2,28,24,52,30.909091,17.857143,30.909091,35.714286,100.0,50.0,9.0,13.0,0.0,0.0,9.0,13.0,82.448276,109.533333,47.450539,37.901266,3.0
2026-06-25T00:11:21.325627432Z,1000,per_hit,raw_percent_of_host,api-node1,api-node2,27,20,47,38.202247,26.732673,38.202247,53.465347,100.0,50.0,7.0,5.0,0.0,0.0,7.0,5.0,99.689655,233.0,38.890147,21.767044,3.0
2026-06-25T00:11:22.325621246Z,1000,per_hit,raw_percent_of_host,api-node1,api-node2,26,23,49,39.56044,20.689655,39.56044,41.37931,100.0,50.0,1.0,7.0,0.0,0.0,1.0,7.0,80.46875,129.52381,45.83334,27.621242,3.0
2026-06-25T00:11:23.325621288Z,1000,per_hit,raw_percent_of_host,api-node1,api-node2,19,21,40,31.313131,19.0,31.313131,38.0,100.0,50.0,3.0,5.0,0.0,0.0,3.0,5.0,72.058824,133.434783,41.642575,29.56836,3.0
2026-06-25T00:11:24.325621662Z,1000,per_hit,raw_percent_of_host,api-node1,api-node2,27,19,46,40.0,18.604651,40.0,37.209302,100.0,50.0,3.0,6.0,0.0,0.0,3.0,6.0,71.740741,116.777778,42.730754,37.815472,3.0
2026-06-25T00:11:25.325620744Z,1000,per_hit,raw_percent_of_host,api-node1,api-node2,26,21,47,43.333333,27.380952,43.333333,54.761905,100.0,50.0,4.0,1.0,0.0,0.0,4.0,1.0,89.88,131.192308,42.641915,35.569164,3.0
2026-06-25T00:11:26.325620772Z,1000,per_hit,raw_percent_of_host,api-node1,api-node2,25,24,49,33.333333,27.0,33.333333,54.0,100.0,50.0,0.0,4.0,0.0,0.0,0.0,4.0,99.965517,139.47619,40.81165,38.501923,3.0
2026-06-25T00:11:27.325621412Z,1000,per_hit,raw_percent_of_host,api-node1,api-node2,20,19,39,34.343434,23.762376,34.343434,47.524752,100.0,50.0,1.0,2.0,0.0,0.0,1.0,2.0,71.157895,100.333333,45.402906,45.909811,3.0
2026-06-25T00:11:28.325621056Z,1000,per_hit,raw_percent_of_host,api-node1,api-node2,26,23,49,41.414141,23.0,41.414141,46.0,100.0,50.0,1.0,3.0,0.0,0.0,1.0,3.0,77.461538,140.181818,48.889163,39.346916,3.0
2026-06-25T00:11:29.32562206Z,1000,per_hit,raw_percent_of_host,api-node1,api-node2,23,21,44,33.333333,24.418605,33.333333,48.837209,100.0,50.0,1.0,2.0,0.0,0.0,1.0,2.0,82.521739,130.909091,44.761199,30.148822,3.0
2026-06-25T00:11:30.325621165Z,1000,per_hit,raw_percent_of_host,api-node1,api-node2,21,22,43,34.020619,27.272727,34.020619,54.545455,100.0,50.0,0.0,4.0,0.0,0.0,0.0,4.0,90.045455,114.666667,41.618899,41.981735,3.0
2026-06-25T00:11:31.325622138Z,1000,per_hit,raw_percent_of_host,api-node1,api-node2,21,20,41,31.313131,19.191919,31.313131,38.383838,100.0,50.0,1.0,2.0,0.0,0.0,1.0,2.0,75.95,118.047619,50.0,40.104891,3.0
2026-06-25T00:11:32.325621172Z,1000,per_hit,raw_percent_of_host,api-node1,api-node2,22,21,43,38.0,25.0,38.0,50.0,100.0,50.0,1.0,1.0,0.0,0.0,1.0,1.0,76.0,111.045455,47.54293,33.349333,3.0
2026-06-25T00:11:33.325620871Z,1000,per_hit,raw_percent_of_host,api-node1,api-node2,18,21,39,28.0,17.647059,28.0,35.294118,100.0,50.0,0.0,3.0,0.0,0.0,0.0,3.0,61.526316,117.315789,50.0,39.632034,3.0
2026-06-25T00:11:34.325620694Z,1000,per_hit,raw_percent_of_host,api-node1,api-node2,17,20,37,38.0,18.181818,38.0,36.363636,100.0,50.0,1.0,3.0,0.0,0.0,1.0,3.0,55.8125,135.7,50.0,41.936444,3.0
2026-06-25T00:11:35.325624778Z,1000,per_hit,raw_percent_of_host,api-node1,api-node2,21,18,39,32.58427,27.0,32.58427,54.0,100.0,50.0,1.0,1.0,0.0,0.0,1.0,1.0,65.095238,129.3,48.00951,33.557341,3.0
2026-06-25T00:11:36.325621735Z,1000,per_hit,raw_percent_of_host,api-node1,api-node2,22,13,35,34.343434,23.469388,34.343434,46.938776,100.0,50.0,0.0,1.0,0.0,0.0,0.0,1.0,63.869565,73.923077,50.0,41.914887,3.0
2026-06-25T00:11:37.325621362Z,1000,per_hit,raw_percent_of_host,api-node1,api-node2,24,16,40,43.434343,18.181818,43.434343,36.363636,100.0,50.0,1.0,4.0,0.0,0.0,1.0,4.0,77.608696,102.0,47.285376,43.982962,3.0
2026-06-25T00:11:38.325622068Z,1000,per_hit,raw_percent_of_host,api-node1,api-node2,17,17,34,15.306122,18.823529,15.306122,37.647059,100.0,50.0,3.0,1.0,0.0,0.0,3.0,1.0,57.266667,122.4,56.936195,36.277454,3.0
2026-06-25T00:11:39.325621096Z,1000,per_hit,raw_percent_of_host,api-node1,api-node2,21,14,35,28.571429,18.181818,28.571429,36.363636,100.0,50.0,0.0,4.0,0.0,0.0,0.0,4.0,84.916667,103.181818,45.0576,39.553299,3.0
2026-06-25T00:11:40.325620681Z,1000,per_hit,raw_percent_of_host,api-node1,api-node2,18,13,31,25.0,18.072289,25.0,36.144578,100.0,50.0,2.0,0.0,0.0,0.0,2.0,0.0,64.3125,113.705882,51.771246,38.744985,3.0
2026-06-25T00:11:41.325621595Z,1000,per_hit,raw_percent_of_host,api-node1,api-node2,18,17,35,29.67033,18.181818,29.67033,36.363636,100.0,50.0,0.0,3.0,0.0,0.0,0.0,3.0,76.2,101.642857,46.34626,43.616064,3.0
2026-06-25T00:11:42.325621255Z,1000,per_hit,raw_percent_of_host,api-node1,api-node2,20,12,32,28.282828,14.0,28.282828,28.0,100.0,50.0,1.0,4.0,0.0,0.0,1.0,4.0,63.263158,90.272727,50.0,44.282352,3.0
2026-06-25T00:11:43.325620696Z,1000,per_hit,raw_percent_of_host,api-node1,api-node2,10,17,27,10.10101,18.181818,10.10101,36.363636,100.0,50.0,0.0,2.0,0.0,0.0,0.0,2.0,56.363636,114.473684,53.596546,32.45127,3.0
2026-06-25T00:11:44.325621244Z,1000,per_hit,raw_percent_of_host,api-node1,api-node2,16,13,29,27.835052,16.0,27.835052,32.0,100.0,50.0,0.0,2.0,0.0,0.0,0.0,2.0,65.0625,106.307692,51.988311,39.01804,3.0
2026-06-25T00:11:45.325620799Z,1000,per_hit,raw_percent_of_host,api-node1,api-node2,11,20,31,30.612245,25.882353,30.612245,51.764706,100.0,50.0,0.0,1.0,0.0,0.0,0.0,1.0,58.181818,113.190476,50.041462,38.031865,3.0
2026-06-25T00:11:46.325620574Z,1000,per_hit,raw_percent_of_host,api-node1,api-node2,16,16,32,17.0,18.823529,17.0,37.647059,100.0,50.0,5.0,1.0,0.0,0.0,5.0,1.0,59.272727,108.0,57.563558,35.190652,3.0
2026-06-25T00:11:47.325621925Z,1000,per_hit,raw_percent_of_host,api-node1,api-node2,15,12,27,23.333333,16.0,23.333333,32.0,100.0,50.0,0.0,1.0,0.0,0.0,0.0,1.0,73.85,115.25,48.026877,31.541615,3.0
2026-06-25T00:11:48.325621051Z,1000,per_hit,raw_percent_of_host,api-node1,api-node2,21,11,32,33.333333,15.151515,33.333333,30.30303,100.0,50.0,1.0,1.0,0.0,0.0,1.0,1.0,64.75,78.454545,52.167561,45.892248,3.0
2026-06-25T00:11:49.325621626Z,1000,per_hit,raw_percent_of_host,api-node1,api-node2,19,14,33,23.0,18.823529,23.0,37.647059,100.0,50.0,3.0,0.0,0.0,0.0,3.0,0.0,89.235294,92.866667,48.032013,40.465058,3.0
2026-06-25T00:11:50.325622259Z,1000,per_hit,raw_percent_of_host,api-node1,api-node2,11,18,29,15.151515,17.171717,15.151515,34.343434,100.0,50.0,1.0,2.0,0.0,0.0,1.0,2.0,74.769231,105.5,49.459044,45.439005,3.0
2026-06-25T00:11:51.325621079Z,1000,per_hit,raw_percent_of_host,api-node1,api-node2,18,15,33,26.262626,15.47619,26.262626,30.952381,100.0,50.0,1.0,3.0,0.0,0.0,1.0,3.0,67.277778,95.0,54.290858,40.271,3.0
2026-06-25T00:11:52.32562124Z,1000,per_hit,raw_percent_of_host,api-node1,api-node2,17,14,31,23.0,18.0,23.0,36.0,100.0,50.0,2.0,2.0,0.0,0.0,2.0,2.0,59.4375,84.133333,57.036162,42.258724,3.0
2026-06-25T00:11:53.325621863Z,1000,per_hit,raw_percent_of_host,api-node1,api-node2,20,12,32,12.244898,15.306122,12.244898,30.612245,100.0,50.0,2.0,3.0,0.0,0.0,2.0,3.0,67.2,66.181818,56.813331,49.177785,3.0
2026-06-25T00:11:54.325629515Z,1000,per_hit,raw_percent_of_host,api-node1,api-node2,17,16,33,23.333333,18.604651,23.333333,37.209302,100.0,50.0,3.0,4.0,0.0,0.0,3.0,4.0,63.5,106.933333,58.139487,40.954646,3.0
2026-06-25T00:11:55.325621178Z,1000,per_hit,raw_percent_of_host,api-node1,api-node2,16,17,33,35.955056,11.764706,35.955056,23.529412,100.0,50.0,3.0,4.0,0.0,0.0,3.0,4.0,66.0,110.117647,47.58233,43.900614,3.0
2026-06-25T00:11:56.325633898Z,1000,per_hit,raw_percent_of_host,api-node1,api-node2,18,16,34,28.089888,12.941176,28.089888,25.882353,100.0,50.0,6.0,4.0,0.0,0.0,6.0,4.0,72.533333,110.4375,46.060967,35.701158,3.0
2026-06-25T00:11:57.325620674Z,1000,per_hit,raw_percent_of_host,api-node1,api-node2,19,14,33,27.777778,17.857143,27.777778,35.714286,100.0,50.0,3.0,4.0,0.0,0.0,3.0,4.0,68.772727,102.285714,46.231757,34.421526,3.0
2026-06-25T00:11:58.325620879Z,1000,per_hit,raw_percent_of_host,api-node1,api-node2,21,17,38,29.213483,17.857143,29.213483,35.714286,100.0,50.0,3.0,7.0,0.0,0.0,3.0,7.0,76.47619,107.785714,46.604692,35.340298,3.0
2026-06-25T00:11:59.32562059Z,1000,per_hit,raw_percent_of_host,api-node1,api-node2,21,16,37,26.262626,11.764706,26.262626,23.529412,100.0,50.0,5.0,6.0,0.0,0.0,5.0,6.0,59.157895,136.411765,53.29652,45.291832,3.0
2026-06-25T00:12:00.325620971Z,1000,per_hit,raw_percent_of_host,api-node1,api-node2,24,14,38,28.089888,18.823529,28.089888,37.647059,100.0,50.0,4.0,6.0,0.0,0.0,4.0,6.0,88.44,125.285714,45.817702,36.460738,3.0
2026-06-25T00:12:01.325621185Z,1000,per_hit,raw_percent_of_host,api-node1,api-node2,16,17,33,17.777778,16.666667,17.777778,33.333333,100.0,50.0,3.0,3.0,0.0,0.0,3.0,3.0,90.375,100.65,48.641383,43.617816,3.0
2026-06-25T00:12:02.325621279Z,1000,per_hit,raw_percent_of_host,api-node1,api-node2,26,17,43,33.707865,11.904762,33.707865,23.809524,100.0,50.0,8.0,4.0,0.0,0.0,8.0,4.0,83.727273,114.625,48.773029,44.583329,3.0
2026-06-25T00:12:03.32562156Z,1000,per_hit,raw_percent_of_host,api-node1,api-node2,23,18,41,27.272727,18.823529,27.272727,37.647059,100.0,50.0,7.0,6.0,0.0,0.0,7.0,6.0,93.541667,113.0,47.636284,42.934248,3.0
2026-06-25T00:12:04.325620632Z,1000,per_hit,raw_percent_of_host,api-node1,api-node2,20,21,41,20.879121,23.529412,20.879121,47.058824,100.0,50.0,6.0,5.0,0.0,0.0,6.0,5.0,70.095238,133.954545,56.543216,33.14694,3.0
2026-06-25T00:12:05.325620663Z,1000,per_hit,raw_percent_of_host,api-node1,api-node2,28,11,39,26.0,17.647059,26.0,35.294118,100.0,50.0,8.0,1.0,0.0,0.0,8.0,1.0,98.615385,104.133333,47.509364,31.141362,3.0
2026-06-25T00:12:06.325621475Z,1000,per_hit,raw_percent_of_host,api-node1,api-node2,22,24,46,28.089888,23.809524,28.089888,47.619048,100.0,50.0,3.0,8.0,0.0,0.0,3.0,8.0,114.740741,98.176471,46.315077,38.031263,3.0
2026-06-25T00:12:07.325620737Z,1000,per_hit,raw_percent_of_host,api-node1,api-node2,21,13,34,39.56044,11.904762,39.56044,23.809524,100.0,50.0,0.0,2.0,0.0,0.0,0.0,2.0,83.916667,189.894737,46.130755,40.152574,3.0
2026-06-25T00:12:08.325621207Z,1000,per_hit,raw_percent_of_host,api-node1,api-node2,32,21,53,32.323232,20.0,32.323232,40.0,100.0,50.0,6.0,5.0,0.0,0.0,6.0,5.0,88.384615,110.666667,47.014577,38.300033,3.0
2026-06-25T00:12:09.325621201Z,1000,per_hit,raw_percent_of_host,api-node1,api-node2,25,23,48,24.444444,23.529412,24.444444,47.058824,100.0,50.0,7.0,5.0,0.0,0.0,7.0,5.0,94.208333,191.391304,51.400907,47.837136,3.0
2026-06-25T00:12:10.325621419Z,1000,per_hit,raw_percent_of_host,api-node1,api-node2,19,25,44,32.954545,17.857143,32.954545,35.714286,100.0,50.0,2.0,9.0,0.0,0.0,2.0,9.0,120.0,143.095238,43.846527,45.390233,3.0
2026-06-25T00:12:11.325621038Z,1000,per_hit,raw_percent_of_host,api-node1,api-node2,25,25,50,28.888889,24.418605,28.888889,48.837209,100.0,50.0,4.0,6.0,0.0,0.0,4.0,6.0,70.565217,229.107143,40.749049,39.016848,3.0
2026-06-25T00:12:12.32562106Z,1000,per_hit,raw_percent_of_host,api-node1,api-node2,24,26,50,22.222222,23.809524,22.222222,47.619048,100.0,50.0,4.0,7.0,0.0,0.0,4.0,7.0,95.5,219.84,53.695981,47.656331,3.0
2026-06-25T00:12:13.325620854Z,1000,per_hit,raw_percent_of_host,api-node1,api-node2,23,25,48,31.111111,17.647059,31.111111,35.294118,100.0,50.0,5.0,8.0,0.0,0.0,5.0,8.0,83.318182,211.0,45.24498,44.161019,3.0
2026-06-25T00:12:14.325622295Z,1000,per_hit,raw_percent_of_host,api-node1,api-node2,32,14,46,39.325843,12.790698,39.325843,25.581395,100.0,50.0,5.0,4.0,0.0,0.0,5.0,4.0,99.9375,207.777778,47.550697,35.110228,3.0
2026-06-25T00:12:15.32562126Z,1000,per_hit,raw_percent_of_host,api-node1,api-node2,34,15,49,34.444444,17.647059,34.444444,35.294118,100.0,50.0,6.0,2.0,0.0,0.0,6.0,2.0,130.30303,136.058824,47.254965,30.799673,3.0
2026-06-25T00:12:16.325621793Z,1000,per_hit,raw_percent_of_host,api-node1,api-node2,33,20,53,33.333333,23.809524,33.333333,47.619048,100.0,50.0,7.0,4.0,0.0,0.0,7.0,4.0,130.15625,132.166667,44.094517,37.16686,3.0
2026-06-25T00:12:17.325621898Z,1000,per_hit,raw_percent_of_host,api-node1,api-node2,28,21,49,40.659341,11.904762,40.659341,23.809524,100.0,50.0,7.0,5.0,0.0,0.0,7.0,5.0,111.586207,185.1,45.070549,40.824007,3.0
2026-06-25T00:12:18.32562185Z,1000,per_hit,raw_percent_of_host,api-node1,api-node2,24,28,52,20.0,19.54023,20.0,39.08046,100.0,50.0,4.0,8.0,0.0,0.0,4.0,8.0,100.222222,197.68,52.180304,43.771271,3.0
2026-06-25T00:12:19.325621119Z,1000,per_hit,raw_percent_of_host,api-node1,api-node2,24,19,43,33.333333,22.891566,33.333333,45.783133,100.0,50.0,2.0,4.0,0.0,0.0,2.0,4.0,92.92,199.0,48.077962,47.136959,3.0
2026-06-25T00:12:20.325621507Z,1000,per_hit,raw_percent_of_host,api-node1,api-node2,35,20,55,28.089888,17.857143,28.089888,35.714286,100.0,50.0,9.0,2.0,0.0,0.0,9.0,2.0,120.482759,159.227273,47.563215,38.34049,3.0
2026-06-25T00:12:21.32562114Z,1000,per_hit,raw_percent_of_host,api-node1,api-node2,26,25,51,22.47191,17.857143,22.47191,35.714286,100.0,50.0,4.0,9.0,0.0,0.0,4.0,9.0,126.6,147.111111,44.152915,31.798928,3.0
2026-06-25T00:12:22.325622283Z,1000,per_hit,raw_percent_of_host,api-node1,api-node2,23,24,47,32.323232,23.529412,32.323232,47.058824,100.0,50.0,2.0,9.0,0.0,0.0,2.0,9.0,99.16,222.04,48.779681,38.916285,3.0
2026-06-25T00:12:23.3256211Z,1000,per_hit,raw_percent_of_host,api-node1,api-node2,34,18,52,39.325843,12.941176,39.325843,25.882353,100.0,50.0,7.0,5.0,0.0,0.0,7.0,5.0,92.965517,183.809524,46.799759,43.638219,3.0
2026-06-25T00:12:24.325620759Z,1000,per_hit,raw_percent_of_host,api-node1,api-node2,29,18,47,30.0,17.647059,30.0,35.294118,100.0,50.0,8.0,2.0,0.0,0.0,8.0,2.0,91.107143,157.047619,47.720389,40.633922,3.0
2026-06-25T00:12:25.325621217Z,1000,per_hit,raw_percent_of_host,api-node1,api-node2,29,16,45,40.0,12.941176,40.0,25.882353,100.0,50.0,6.0,2.0,0.0,0.0,6.0,2.0,123.580645,98.8125,46.851495,36.79037,3.0
2026-06-25T00:12:26.325621033Z,1000,per_hit,raw_percent_of_host,api-node1,api-node2,15,18,33,17.045455,24.705882,17.045455,49.411765,100.0,50.0,1.0,1.0,0.0,0.0,1.0,1.0,114.4,143.210526,50.806186,33.417134,3.0
2026-06-25T00:12:27.325621446Z,1000,per_hit,raw_percent_of_host,api-node1,api-node2,16,9,25,26.262626,15.151515,26.262626,30.30303,100.0,50.0,1.0,0.0,0.0,0.0,1.0,0.0,57.25,100.1,53.881741,41.430047,3.0
2026-06-25T00:12:28.325621179Z,1000,per_hit,raw_percent_of_host,api-node1,api-node2,32,33,65,54.545455,27.906977,54.545455,55.813953,100.0,50.0,2.0,5.0,0.0,0.0,2.0,5.0,81.451613,243.464286,52.211568,41.318431,3.0
2026-06-25T00:12:29.325621527Z,1000,per_hit,raw_percent_of_host,api-node1,api-node2,20,18,38,44.036697,23.809524,44.036697,47.619048,100.0,50.0,0.0,2.0,0.0,0.0,0.0,2.0,75.272727,148.681818,45.20147,38.133113,3.0
2026-06-25T00:12:30.325622183Z,1000,per_hit,raw_percent_of_host,api-node1,api-node2,26,17,43,40.0,16.470588,40.0,32.941176,100.0,50.0,1.0,0.0,0.0,0.0,1.0,0.0,87.32,97.222222,45.351256,40.570909,3.0
2026-06-25T00:12:31.325620734Z,1000,per_hit,raw_percent_of_host,api-node1,api-node2,25,23,48,52.173913,18.0,52.173913,36.0,100.0,50.0,4.0,3.0,0.0,0.0,4.0,3.0,69.818182,157.75,47.867159,39.028557,3.0
2026-06-25T00:12:32.325621896Z,1000,per_hit,raw_percent_of_host,api-node1,api-node2,22,13,35,38.043478,17.647059,38.043478,35.294118,100.0,50.0,0.0,0.0,0.0,0.0,0.0,0.0,86.230769,141.0625,44.702943,32.398304,3.0
2026-06-25T00:12:33.325620791Z,1000,per_hit,raw_percent_of_host,api-node1,api-node2,23,17,40,34.653465,21.052632,34.653465,42.105263,100.0,50.0,0.0,0.0,0.0,0.0,0.0,0.0,82.173913,155.411765,42.847372,39.438391,3.0
2026-06-25T00:12:34.325621916Z,1000,per_hit,raw_percent_of_host,api-node1,api-node2,21,14,35,30.927835,18.811881,30.927835,37.623762,100.0,50.0,0.0,1.0,0.0,0.0,0.0,1.0,61.428571,104.615385,50.0,37.040227,3.0
2026-06-25T00:12:35.325621673Z,1000,per_hit,raw_percent_of_host,api-node1,api-node2,26,18,44,42.424242,22.608696,42.424242,45.217391,100.0,50.0,3.0,2.0,0.0,0.0,3.0,2.0,93.478261,122.117647,45.227793,33.602382,3.0
2026-06-25T00:12:36.325621049Z,1000,per_hit,raw_percent_of_host,api-node1,api-node2,24,12,36,26.262626,17.857143,26.262626,35.714286,100.0,50.0,1.0,0.0,0.0,0.0,1.0,0.0,72.384615,143.928571,49.205678,33.82874,3.0
2026-06-25T00:12:37.325623149Z,1000,per_hit,raw_percent_of_host,api-node1,api-node2,22,14,36,43.137255,28.0,43.137255,56.0,100.0,50.0,0.0,1.0,0.0,0.0,0.0,1.0,73.695652,99.923077,47.946278,40.599212,3.0
2026-06-25T00:12:38.325621697Z,1000,per_hit,raw_percent_of_host,api-node1,api-node2,17,15,32,36.0,15.151515,36.0,30.30303,100.0,50.0,0.0,2.0,0.0,0.0,0.0,2.0,82.764706,84.285714,43.5453,43.103805,3.0
2026-06-25T00:12:39.325624541Z,1000,per_hit,raw_percent_of_host,api-node1,api-node2,17,21,38,50.49505,23.529412,50.49505,47.058824,100.0,50.0,0.0,1.0,0.0,0.0,0.0,1.0,69.176471,119.136364,50.0,41.571784,3.0
2026-06-25T00:12:40.325621345Z,1000,per_hit,raw_percent_of_host,api-node1,api-node2,21,12,33,48.453608,25.252525,48.453608,50.505051,100.0,50.0,0.0,0.0,0.0,0.0,0.0,0.0,58.238095,89.153846,54.309214,35.021692,3.0
2026-06-25T00:12:41.325621266Z,1000,per_hit,raw_percent_of_host,api-node1,api-node2,17,15,32,41.0,23.275862,41.0,46.551724,100.0,50.0,0.0,3.0,0.0,0.0,0.0,3.0,76.647059,159.0,43.619182,36.031335,3.0
2026-06-25T00:12:42.325621134Z,1000,per_hit,raw_percent_of_host,api-node1,api-node2,20,12,32,43.564356,21.929825,43.564356,43.859649,100.0,50.0,0.0,1.0,0.0,0.0,0.0,1.0,84.65,110.571429,49.422538,35.115967,3.0
2026-06-25T00:12:43.325621283Z,1000,per_hit,raw_percent_of_host,api-node1,api-node2,17,14,31,37.0,19.047619,37.0,38.095238,100.0,50.0,0.0,0.0,0.0,0.0,0.0,0.0,67.0,138.133333,40.851213,31.373324,3.0
2026-06-25T00:12:44.325622591Z,1000,per_hit,raw_percent_of_host,api-node1,api-node2,19,12,31,53.535354,21.782178,53.535354,43.564356,100.0,50.0,0.0,2.0,0.0,0.0,0.0,2.0,55.684211,97.3,50.0,44.13131,3.0
2026-06-25T00:12:45.325621806Z,1000,per_hit,raw_percent_of_host,api-node1,api-node2,15,15,30,41.414141,28.0,41.414141,56.0,100.0,50.0,1.0,2.0,0.0,0.0,1.0,2.0,57.214286,95.733333,55.078486,35.08316,3.0
2026-06-25T00:12:46.325621408Z,1000,per_hit,raw_percent_of_host,api-node1,api-node2,17,15,32,32.323232,26.262626,32.323232,52.525253,100.0,50.0,1.0,1.0,0.0,0.0,1.0,1.0,57.117647,129.0625,52.354116,35.914507,3.0
2026-06-25T00:12:47.325623584Z,1000,per_hit,raw_percent_of_host,api-node1,api-node2,13,15,28,40.776699,25.438596,40.776699,50.877193,100.0,50.0,0.0,0.0,0.0,0.0,0.0,0.0,51.071429,96.5,50.0,42.607737,3.0
2026-06-25T00:12:48.325621946Z,1000,per_hit,raw_percent_of_host,api-node1,api-node2,23,9,32,48.421053,20.20202,48.421053,40.40404,100.0,50.0,2.0,0.0,0.0,0.0,2.0,0.0,76.857143,80.444444,47.702164,40.977805,3.0
2026-06-25T00:12:49.325622453Z,1000,per_hit,raw_percent_of_host,api-node1,api-node2,17,11,28,37.0,28.282828,37.0,56.565657,100.0,50.0,0.0,0.0,0.0,0.0,0.0,0.0,53.263158,99.818182,50.0,38.752789,3.0
2026-06-25T00:12:50.325622278Z,1000,per_hit,raw_percent_of_host,api-node1,api-node2,14,16,30,39.090909,20.408163,39.090909,40.816327,100.0,50.0,0.0,0.0,0.0,0.0,0.0,0.0,62.785714,97.4375,50.0,44.508569,3.0
2026-06-25T00:12:51.325620925Z,1000,per_hit,raw_percent_of_host,api-node1,api-node2,21,10,31,41.414141,18.0,41.414141,36.0,100.0,50.0,0.0,0.0,0.0,0.0,0.0,0.0,54.904762,87.7,57.600485,39.700916,3.0
2026-06-25T00:12:52.32562167Z,1000,per_hit,raw_percent_of_host,api-node1,api-node2,16,15,31,45.454545,26.0,45.454545,52.0,100.0,50.0,0.0,0.0,0.0,0.0,0.0,0.0,72.9375,94.066667,45.669665,43.888255,3.0
2026-06-25T00:12:53.325622559Z,1000,per_hit,raw_percent_of_host,api-node1,api-node2,19,12,31,49.038462,17.54386,49.038462,35.087719,100.0,50.0,0.0,3.0,0.0,0.0,0.0,3.0,63.947368,97.555556,54.587531,30.776681,3.0
2026-06-25T00:12:54.325621106Z,1000,per_hit,raw_percent_of_host,api-node1,api-node2,13,12,25,34.0,26.0,34.0,52.0,100.0,50.0,0.0,0.0,0.0,0.0,0.0,0.0,62.461538,109.533333,52.589178,34.189008,3.0
2026-06-25T00:12:55.325622621Z,1000,per_hit,raw_percent_of_host,api-node1,api-node2,20,18,38,36.363636,28.712871,36.363636,57.425743,100.0,50.0,0.0,1.0,0.0,0.0,0.0,1.0,68.5,129.411765,51.058917,38.117929,3.0
2026-06-25T00:12:56.325621337Z,1000,per_hit,raw_percent_of_host,api-node1,api-node2,19,15,34,38.383838,25.0,38.383838,50.0,100.0,50.0,1.0,0.0,0.0,0.0,1.0,0.0,76.0,106.125,49.199544,37.631342,3.0
2026-06-25T00:12:57.325620803Z,1000,per_hit,raw_percent_of_host,api-node1,api-node2,18,15,33,40.40404,26.0,40.40404,52.0,100.0,50.0,0.0,0.0,0.0,0.0,0.0,0.0,69.578947,90.333333,47.651315,45.262127,3.0
2026-06-25T00:12:58.325620811Z,1000,per_hit,raw_percent_of_host,api-node1,api-node2,14,20,34,37.5,17.171717,37.5,34.343434,100.0,50.0,0.0,2.0,0.0,0.0,0.0,2.0,51.071429,152.555556,50.0,43.973314,3.0
2026-06-25T00:12:59.325620974Z,1000,per_hit,raw_percent_of_host,api-node1,api-node2,24,16,40,43.564356,23.0,43.564356,46.0,100.0,50.0,2.0,0.0,0.0,0.0,2.0,0.0,78.772727,106.888889,51.604907,36.760997,3.0
2026-06-25T00:13:00.325622611Z,1000,per_hit,raw_percent_of_host,api-node1,api-node2,17,18,35,35.0,28.712871,35.0,57.425743,100.0,50.0,0.0,1.0,0.0,0.0,0.0,1.0,67.0,158.705882,48.542857,40.599878,3.0
2026-06-25T00:13:01.325621713Z,1000,per_hit,raw_percent_of_host,api-node1,api-node2,26,14,40,44.554455,22.680412,44.554455,45.360825,100.0,50.0,1.0,1.0,0.0,0.0,1.0,1.0,98.52,104.0,47.380898,37.498767,3.0
2026-06-25T00:13:02.325620883Z,1000,per_hit,raw_percent_of_host,api-node1,api-node2,23,13,36,45.454545,24.561404,45.454545,49.122807,100.0,50.0,0.0,0.0,0.0,0.0,0.0,0.0,74.041667,98.5,47.822399,45.001221,3.0
2026-06-25T00:13:03.325622328Z,1000,per_hit,raw_percent_of_host,api-node1,api-node2,23,20,43,45.918367,26.530612,45.918367,53.061224,100.0,50.0,1.0,1.0,0.0,0.0,1.0,1.0,76.181818,166.789474,46.975572,41.420799,3.0
2026-06-25T00:13:04.325621011Z,1000,per_hit,raw_percent_of_host,api-node1,api-node2,23,18,41,43.434343,28.0,43.434343,56.0,100.0,50.0,2.0,0.0,0.0,0.0,2.0,0.0,60.454545,145.105263,50.0,39.810823,3.0
2026-06-25T00:13:05.325622633Z,1000,per_hit,raw_percent_of_host,api-node1,api-node2,22,18,40,36.633663,25.252525,36.633663,50.505051,100.0,50.0,0.0,1.0,0.0,0.0,0.0,1.0,82.75,98.588235,47.364987,48.684767,3.0
2026-06-25T00:13:06.32562149Z,1000,per_hit,raw_percent_of_host,api-node1,api-node2,33,12,45,50.0,19.191919,50.0,38.383838,100.0,50.0,2.0,0.0,0.0,0.0,2.0,0.0,110.16129,112.923077,46.868636,40.650435,3.0
2026-06-25T00:13:07.325622803Z,1000,per_hit,raw_percent_of_host,api-node1,api-node2,20,24,44,37.373737,26.0,37.373737,52.0,100.0,50.0,0.0,3.0,0.0,0.0,0.0,3.0,126.0,111.142857,46.14112,39.110919,3.0
2026-06-25T00:13:08.325622063Z,1000,per_hit,raw_percent_of_host,api-node1,api-node2,23,22,45,44.0,25.882353,44.0,51.764706,100.0,50.0,1.0,2.0,0.0,0.0,1.0,2.0,75.954545,219.086957,53.191006,29.71563,3.0
2026-06-25T00:13:09.325623807Z,1000,per_hit,raw_percent_of_host,api-node1,api-node2,21,25,46,36.0,25.217391,36.0,50.434783,100.0,50.0,0.0,2.0,0.0,0.0,0.0,2.0,100.181818,156.64,41.783517,39.406835,3.0
2026-06-25T00:13:10.325621634Z,1000,per_hit,raw_percent_of_host,api-node1,api-node2,28,19,47,47.474747,22.222222,47.474747,44.444444,100.0,50.0,2.0,0.0,0.0,0.0,2.0,0.0,83.461538,174.333333,47.745377,41.828483,3.0
2026-06-25T00:13:11.325621196Z,1000,per_hit,raw_percent_of_host,api-node1,api-node2,28,20,48,36.363636,27.722772,36.363636,55.445545,100.0,50.0,1.0,1.0,0.0,0.0,1.0,1.0,113.310345,173.421053,45.439706,46.507472,3.0
2026-06-25T00:13:12.32562093Z,1000,per_hit,raw_percent_of_host,api-node1,api-node2,24,24,48,41.0,25.0,41.0,50.0,100.0,50.0,0.0,2.0,0.0,0.0,0.0,2.0,93.76,183.434783,46.175939,45.752242,3.0
2026-06-25T00:13:13.325621306Z,1000,per_hit,raw_percent_of_host,api-node1,api-node2,26,23,49,47.0,24.0,47.0,48.0,100.0,50.0,1.0,1.0,0.0,0.0,1.0,1.0,93.88,189.333333,46.057674,46.300294,3.0
2026-06-25T00:13:14.325621398Z,1000,per_hit,raw_percent_of_host,api-node1,api-node2,23,26,49,42.424242,25.438596,42.424242,50.877193,100.0,50.0,0.0,2.0,0.0,0.0,0.0,2.0,100.125,269.6,46.547965,43.324503,3.0
2026-06-25T00:13:15.325622361Z,1000,per_hit,raw_percent_of_host,api-node1,api-node2,27,23,50,50.0,25.742574,50.0,51.485149,100.0,50.0,1.0,1.0,0.0,0.0,1.0,1.0,118.961538,146.291667,46.188037,46.467833,3.0
2026-06-25T00:13:16.325621048Z,1000,per_hit,raw_percent_of_host,api-node1,api-node2,28,22,50,47.0,25.742574,47.0,51.485149,100.0,50.0,1.0,1.0,0.0,0.0,1.0,1.0,93.928571,225.363636,45.272189,46.140089,3.0
2026-06-25T00:13:17.325621644Z,1000,per_hit,raw_percent_of_host,api-node1,api-node2,23,27,50,41.414141,26.732673,41.414141,53.465347,100.0,50.0,0.0,3.0,0.0,0.0,0.0,3.0,85.916667,155.8,47.423215,48.410802,3.0
2026-06-25T00:13:18.325621673Z,1000,per_hit,raw_percent_of_host,api-node1,api-node2,30,20,50,48.514851,22.222222,48.514851,44.444444,100.0,50.0,1.0,1.0,0.0,0.0,1.0,1.0,116.62069,171.318182,55.511053,46.041192,3.0
2026-06-25T00:13:19.325621466Z,1000,per_hit,raw_percent_of_host,api-node1,api-node2,26,25,51,40.816327,25.0,40.816327,50.0,100.0,50.0,1.0,1.0,0.0,0.0,1.0,1.0,94.72,158.04,46.37204,44.200695,3.0
2026-06-25T00:13:20.325622582Z,1000,per_hit,raw_percent_of_host,api-node1,api-node2,28,22,50,47.0,25.0,47.0,50.0,100.0,50.0,2.0,0.0,0.0,0.0,2.0,0.0,99.333333,179.695652,46.336771,44.5065,3.0
2026-06-25T00:13:21.325622008Z,1000,per_hit,raw_percent_of_host,api-node1,api-node2,27,23,50,32.323232,25.252525,32.323232,50.505051,100.0,50.0,0.0,2.0,0.0,0.0,0.0,2.0,106.793103,117.238095,46.460372,43.926305,3.0
2026-06-25T00:13:22.325622562Z,1000,per_hit,raw_percent_of_host,api-node1,api-node2,30,19,49,48.484848,22.222222,48.484848,44.444444,100.0,50.0,1.0,1.0,0.0,0.0,1.0,1.0,89.689655,214.65,53.374236,37.914606,3.0
2026-06-25T00:13:23.32562242Z,1000,per_hit,raw_percent_of_host,api-node1,api-node2,24,25,49,46.0,26.0,46.0,52.0,100.0,50.0,2.0,0.0,0.0,0.0,2.0,0.0,114.782609,150.461538,47.635447,47.424044,3.0
2026-06-25T00:13:24.325622755Z,1000,per_hit,raw_percent_of_host,api-node1,api-node2,33,15,48,42.424242,24.0,42.424242,48.0,100.0,50.0,2.0,0.0,0.0,0.0,2.0,0.0,151.818182,123.733333,49.276583,32.828218,3.0
2026-06-25T00:13:25.325622672Z,1000,per_hit,raw_percent_of_host,api-node1,api-node2,30,18,48,37.623762,26.732673,37.623762,53.465347,100.0,50.0,1.0,1.0,0.0,0.0,1.0,1.0,118.903226,104.764706,44.799046,46.720782,3.0
2026-06-25T00:13:26.325621466Z,1000,per_hit,raw_percent_of_host,api-node1,api-node2,22,25,47,45.454545,24.242424,45.454545,48.484848,100.0,50.0,1.0,2.0,0.0,0.0,1.0,2.0,86.318182,148.916667,47.762969,46.4287,3.0
2026-06-25T00:13:27.325621408Z,1000,per_hit,raw_percent_of_host,api-node1,api-node2,23,23,46,33.333333,22.222222,33.333333,44.444444,100.0,50.0,2.0,0.0,0.0,0.0,2.0,0.0,114.5,149.48,45.66747,29.221846,3.0
2026-06-25T00:13:28.32562134Z,1000,per_hit,raw_percent_of_host,api-node1,api-node2,29,17,46,32.653061,27.722772,32.653061,55.445545,100.0,50.0,1.0,1.0,0.0,0.0,1.0,1.0,81.7,247.4375,44.983408,31.379701,3.0
2026-06-25T00:13:29.325622482Z,1000,per_hit,raw_percent_of_host,api-node1,api-node2,19,26,45,36.0,26.086957,36.0,52.173913,100.0,50.0,2.0,0.0,0.0,0.0,2.0,0.0,60.277778,320.444444,50.0,48.582369,3.0
2026-06-25T00:13:30.325621471Z,1000,per_hit,raw_percent_of_host,api-node1,api-node2,26,18,44,41.414141,26.262626,41.414141,52.525253,100.0,50.0,2.0,0.0,0.0,0.0,2.0,0.0,80.192308,131.055556,45.845849,45.725903,3.0
2026-06-25T00:13:31.325621955Z,1000,per_hit,raw_percent_of_host,api-node1,api-node2,26,17,43,43.0,21.0,43.0,42.0,100.0,50.0,2.0,0.0,0.0,0.0,2.0,0.0,94.230769,124.235294,50.0,44.052409,3.0
2026-06-25T00:13:32.325621917Z,1000,per_hit,raw_percent_of_host,api-node1,api-node2,17,25,42,22.0,26.724138,22.0,53.448276,100.0,50.0,1.0,1.0,0.0,0.0,1.0,1.0,72.277778,168.833333,48.283412,42.59062,3.0
2026-06-25T00:13:33.325623689Z,1000,per_hit,raw_percent_of_host,api-node1,api-node2,24,17,41,41.584158,25.0,41.584158,50.0,100.0,50.0,2.0,0.0,0.0,0.0,2.0,0.0,61.521739,219.388889,52.368457,43.409866,3.0
2026-06-25T00:13:34.325621321Z,1000,per_hit,raw_percent_of_host,api-node1,api-node2,20,20,40,41.414141,25.252525,41.414141,50.505051,100.0,50.0,1.0,1.0,0.0,0.0,1.0,1.0,71.809524,146.789474,49.348721,45.811542,3.0
2026-06-25T00:13:35.325621007Z,1000,per_hit,raw_percent_of_host,api-node1,api-node2,23,16,39,41.0,21.0,41.0,42.0,100.0,50.0,2.0,0.0,0.0,0.0,2.0,0.0,81.227273,86.352941,47.302527,45.24456,3.0
2026-06-25T00:13:36.325622408Z,1000,per_hit,raw_percent_of_host,api-node1,api-node2,25,13,38,42.424242,21.212121,42.424242,42.424242,100.0,50.0,2.0,0.0,0.0,0.0,2.0,0.0,58.92,130.769231,49.321343,42.825135,3.0
2026-06-25T00:13:37.325621389Z,1000,per_hit,raw_percent_of_host,api-node1,api-node2,15,22,37,37.0,26.0,37.0,52.0,100.0,50.0,1.0,1.0,0.0,0.0,1.0,1.0,60.8125,112.761905,50.0,43.170705,3.0
2026-06-25T00:13:38.325621482Z,1000,per_hit,raw_percent_of_host,api-node1,api-node2,18,18,36,44.0,20.0,44.0,40.0,100.0,50.0,0.0,2.0,0.0,0.0,0.0,2.0,67.894737,107.647059,47.801093,44.512852,3.0
2026-06-25T00:13:39.325621302Z,1000,per_hit,raw_percent_of_host,api-node1,api-node2,22,13,35,43.434343,21.0,43.434343,42.0,100.0,50.0,1.0,1.0,0.0,0.0,1.0,1.0,75.0,60.785714,47.814286,50.0,3.0
2026-06-25T00:13:40.325622428Z,1000,per_hit,raw_percent_of_host,api-node1,api-node2,21,13,34,35.294118,18.181818,35.294118,36.363636,100.0,50.0,2.0,0.0,0.0,0.0,2.0,0.0,71.9,99.071429,48.396271,42.133665,3.0
2026-06-25T00:13:41.325621807Z,1000,per_hit,raw_percent_of_host,api-node1,api-node2,18,15,33,38.383838,28.15534,38.383838,56.31068,100.0,50.0,1.0,1.0,0.0,0.0,1.0,1.0,57.842105,108.428571,50.0,39.654738,3.0
2026-06-25T00:13:42.325621302Z,1000,per_hit,raw_percent_of_host,api-node1,api-node2,18,13,31,39.393939,20.20202,39.393939,40.40404,100.0,50.0,0.0,1.0,0.0,0.0,0.0,1.0,55.736842,112.230769,50.0,38.913757,3.0
2026-06-25T00:13:43.325622286Z,1000,per_hit,raw_percent_of_host,api-node1,api-node2,14,19,33,35.643564,27.722772,35.643564,55.445545,100.0,50.0,0.0,2.0,0.0,0.0,0.0,2.0,50.071429,82.833333,50.0,44.457152,3.0
2026-06-25T00:13:44.325621448Z,1000,per_hit,raw_percent_of_host,api-node1,api-node2,14,17,31,42.424242,19.0,42.424242,38.0,100.0,50.0,0.0,2.0,0.0,0.0,0.0,2.0,53.928571,78.882353,50.557799,48.244161,3.0
2026-06-25T00:13:45.325621831Z,1000,per_hit,raw_percent_of_host,api-node1,api-node2,14,16,30,44.0,13.131313,44.0,26.262626,100.0,50.0,1.0,1.0,0.0,0.0,1.0,1.0,58.923077,104.235294,51.532803,42.921444,3.0
2026-06-25T00:13:46.325621056Z,1000,per_hit,raw_percent_of_host,api-node1,api-node2,16,14,30,43.434343,17.346939,43.434343,34.693878,100.0,50.0,2.0,1.0,0.0,0.0,2.0,1.0,52.733333,108.714286,53.357357,41.385204,3.0
2026-06-25T00:13:47.325622518Z,1000,per_hit,raw_percent_of_host,api-node1,api-node2,20,10,30,29.292929,21.212121,29.292929,42.424242,100.0,50.0,3.0,0.0,0.0,0.0,3.0,0.0,63.789474,63.727273,47.373117,44.019844,3.0
2026-06-25T00:13:48.325622245Z,1000,per_hit,raw_percent_of_host,api-node1,api-node2,18,12,30,31.683168,17.171717,31.683168,34.343434,100.0,50.0,2.0,0.0,0.0,0.0,2.0,0.0,70.684211,82.5,50.0,47.186987,3.0
2026-06-25T00:13:49.325620737Z,1000,per_hit,raw_percent_of_host,api-node1,api-node2,12,18,30,33.333333,24.0,33.333333,48.0,100.0,50.0,0.0,2.0,0.0,0.0,0.0,2.0,50.0,90.75,50.0,44.576146,3.0
2026-06-25T00:13:50.325621885Z,1000,per_hit,raw_percent_of_host,api-node1,api-node2,16,14,30,43.434343,23.0,43.434343,46.0,100.0,50.0,1.0,2.0,0.0,0.0,1.0,2.0,59.733333,79.857143,51.267614,43.060393,3.0
2026-06-25T00:13:51.325621885Z,1000,per_hit,raw_percent_of_host,api-node1,api-node2,18,13,31,38.613861,26.213592,38.613861,52.427184,100.0,50.0,2.0,0.0,0.0,0.0,2.0,0.0,55.058824,75.866667,50.0,46.672389,3.0
2026-06-25T00:13:52.325621018Z,1000,per_hit,raw_percent_of_host,api-node1,api-node2,13,18,31,17.171717,25.252525,17.171717,50.505051,100.0,50.0,1.0,1.0,0.0,0.0,1.0,1.0,53.857143,103.058824,53.579972,41.761829,3.0
2026-06-25T00:13:53.325620722Z,1000,per_hit,raw_percent_of_host,api-node1,api-node2,14,18,32,30.612245,23.762376,30.612245,47.524752,100.0,50.0,1.0,2.0,0.0,0.0,1.0,2.0,65.857143,97.0,52.167561,43.23761,3.0
2026-06-25T00:13:54.325621771Z,1000,per_hit,raw_percent_of_host,api-node1,api-node2,22,10,32,44.444444,13.0,44.444444,26.0,100.0,50.0,1.0,1.0,0.0,0.0,1.0,1.0,58.863636,122.0,53.042656,32.04573,3.0
2026-06-25T00:13:55.325623093Z,1000,per_hit,raw_percent_of_host,api-node1,api-node2,20,13,33,40.40404,23.469388,40.40404,46.938776,100.0,50.0,2.0,0.0,0.0,0.0,2.0,0.0,63.421053,80.5,48.43421,49.093939,3.0
2026-06-25T00:13:56.325622075Z,1000,per_hit,raw_percent_of_host,api-node1,api-node2,16,18,34,29.292929,26.732673,29.292929,53.465347,100.0,50.0,1.0,1.0,0.0,0.0,1.0,1.0,60.647059,108.352941,50.0,42.382237,3.0
2026-06-25T00:13:57.325621509Z,1000,per_hit,raw_percent_of_host,api-node1,api-node2,16,18,34,40.594059,25.0,40.594059,50.0,100.0,50.0,1.0,2.0,0.0,0.0,1.0,2.0,53.625,103.176471,50.0,40.755188,3.0
2026-06-25T00:13:58.325620748Z,1000,per_hit,raw_percent_of_host,api-node1,api-node2,16,19,35,40.816327,23.0,40.816327,46.0,100.0,50.0,2.0,1.0,0.0,0.0,2.0,1.0,65.0,111.75,47.732534,35.41469,3.0
2026-06-25T00:13:59.32562122Z,1000,per_hit,raw_percent_of_host,api-node1,api-node2,20,16,36,35.353535,27.0,35.353535,54.0,100.0,50.0,1.0,1.0,0.0,0.0,1.0,1.0,72.190476,74.9375,46.387489,43.566172,3.0
2026-06-25T00:14:00.325622179Z,1000,per_hit,raw_percent_of_host,api-node1,api-node2,20,17,37,43.0,22.44898,43.0,44.897959,100.0,50.0,1.0,1.0,0.0,0.0,1.0,1.0,66.75,101.470588,50.0,38.906547,3.0
2026-06-25T00:14:01.325621305Z,1000,per_hit,raw_percent_of_host,api-node1,api-node2,20,18,38,41.0,25.0,41.0,50.0,100.0,50.0,1.0,1.0,0.0,0.0,1.0,1.0,56.75,110.0,50.0,48.605967,3.0
2026-06-25T00:14:02.325621997Z,1000,per_hit,raw_percent_of_host,api-node1,api-node2,25,14,39,46.464646,22.772277,46.464646,45.544554,100.0,50.0,0.0,2.0,0.0,0.0,0.0,2.0,75.923077,75.0,48.692308,38.127075,3.0
2026-06-25T00:14:03.325621524Z,1000,per_hit,raw_percent_of_host,api-node1,api-node2,16,24,40,42.857143,25.0,42.857143,50.0,100.0,50.0,0.0,2.0,0.0,0.0,0.0,2.0,71.625,127.75,50.0,36.517729,3.0
2026-06-25T00:14:04.325621025Z,1000,per_hit,raw_percent_of_host,api-node1,api-node2,23,19,42,35.353535,24.0,35.353535,48.0,100.0,50.0,2.0,0.0,0.0,0.0,2.0,0.0,82.047619,133.904762,52.246767,35.99858,3.0
2026-06-25T00:14:05.325620896Z,1000,per_hit,raw_percent_of_host,api-node1,api-node2,23,20,43,35.643564,25.252525,35.643564,50.505051,100.0,50.0,2.0,0.0,0.0,0.0,2.0,0.0,68.782609,137.45,50.0,34.073937,3.0
2026-06-25T00:14:06.325621039Z,1000,per_hit,raw_percent_of_host,api-node1,api-node2,23,21,44,42.0,26.548673,42.0,53.097345,100.0,50.0,2.0,0.0,0.0,0.0,2.0,0.0,66.217391,140.333333,50.0,30.81657,3.0
2026-06-25T00:14:07.325620871Z,1000,per_hit,raw_percent_of_host,api-node1,api-node2,21,23,44,30.30303,26.956522,30.30303,53.913043,100.0,50.0,1.0,1.0,0.0,0.0,1.0,1.0,66.863636,183.545455,38.298481,28.819657,3.0
2026-06-25T00:14:08.325621923Z,1000,per_hit,raw_percent_of_host,api-node1,api-node2,22,23,45,41.836735,26.724138,41.836735,53.448276,100.0,50.0,1.0,1.0,0.0,0.0,1.0,1.0,68.409091,151.956522,48.285203,45.473606,3.0
2026-06-25T00:14:09.325622445Z,1000,per_hit,raw_percent_of_host,api-node1,api-node2,24,22,46,42.0,26.0,42.0,52.0,100.0,50.0,1.0,2.0,0.0,0.0,1.0,2.0,76.0,110.047619,46.08579,35.757851,3.0
2026-06-25T00:14:10.325621107Z,1000,per_hit,raw_percent_of_host,api-node1,api-node2,26,21,47,41.0,25.217391,41.0,50.434783,100.0,50.0,0.0,2.0,0.0,0.0,0.0,2.0,86.888889,203.47619,46.030117,40.019969,3.0
2026-06-25T00:14:11.325621535Z,1000,per_hit,raw_percent_of_host,api-node1,api-node2,30,18,48,48.0,24.347826,48.0,48.695652,100.0,50.0,2.0,0.0,0.0,0.0,2.0,0.0,108.214286,105.85,45.434626,46.111801,3.0
2026-06-25T00:14:12.325621281Z,1000,per_hit,raw_percent_of_host,api-node1,api-node2,26,22,48,46.464646,28.431373,46.464646,56.862745,100.0,50.0,1.0,2.0,0.0,0.0,1.0,2.0,116.888889,134.95,42.483287,31.385521,3.0
2026-06-25T00:14:13.325621517Z,1000,per_hit,raw_percent_of_host,api-node1,api-node2,31,16,47,52.0,24.0,52.0,48.0,100.0,50.0,0.0,0.0,0.0,0.0,0.0,0.0,100.0625,96.111111,49.280425,30.55123,3.0
2026-06-25T00:14:14.325621937Z,1000,per_hit,raw_percent_of_host,api-node1,api-node2,28,23,51,51.515152,26.0,51.515152,52.0,100.0,50.0,0.0,3.0,0.0,0.0,0.0,3.0,96.25,111.5,47.472582,46.72231,3.0
2026-06-25T00:14:15.325620916Z,1000,per_hit,raw_percent_of_host,api-node1,api-node2,28,22,50,59.0,22.0,59.0,44.0,100.0,50.0,1.0,1.0,0.0,0.0,1.0,1.0,112.148148,133.791667,48.873998,28.948398,3.0
2026-06-25T00:14:16.32562128Z,1000,per_hit,raw_percent_of_host,api-node1,api-node2,31,19,50,49.541284,27.722772,49.541284,55.445545,100.0,50.0,1.0,1.0,0.0,0.0,1.0,1.0,132.193548,120.947368,46.644905,35.193912,3.0
2026-06-25T00:14:17.325622795Z,1000,per_hit,raw_percent_of_host,api-node1,api-node2,26,24,50,47.0,26.086957,47.0,52.173913,100.0,50.0,0.0,2.0,0.0,0.0,0.0,2.0,91.703704,153.434783,47.260534,43.20085,3.0
2026-06-25T00:14:18.325622675Z,1000,per_hit,raw_percent_of_host,api-node1,api-node2,23,27,50,53.535354,23.684211,53.535354,47.368421,100.0,50.0,0.0,3.0,0.0,0.0,0.0,3.0,87.913043,227.730769,47.414292,41.98205,3.0
2026-06-25T00:14:19.325620853Z,1000,per_hit,raw_percent_of_host,api-node1,api-node2,34,16,50,54.0,24.705882,54.0,49.411765,100.0,50.0,2.0,0.0,0.0,0.0,2.0,0.0,113.09375,131.473684,48.468604,30.528806,3.0
2026-06-25T00:14:20.325621111Z,1000,per_hit,raw_percent_of_host,api-node1,api-node2,25,25,50,43.434343,22.608696,43.434343,45.217391,100.0,50.0,2.0,0.0,0.0,0.0,2.0,0.0,76.72,254.28,38.482933,41.790742,3.0
2026-06-25T00:14:21.325621372Z,1000,per_hit,raw_percent_of_host,api-node1,api-node2,35,14,49,47.0,17.821782,47.0,35.643564,100.0,50.0,2.0,0.0,0.0,0.0,2.0,0.0,109.657143,125.142857,45.312944,27.015522,3.0
2026-06-25T00:14:22.325621335Z,1000,per_hit,raw_percent_of_host,api-node1,api-node2,26,23,49,41.414141,22.608696,41.414141,45.217391,100.0,50.0,1.0,1.0,0.0,0.0,1.0,1.0,82.111111,228.590909,48.93342,38.864704,3.0
2026-06-25T00:14:23.325621492Z,1000,per_hit,raw_percent_of_host,api-node1,api-node2,28,21,49,38.77551,25.742574,38.77551,51.485149,100.0,50.0,2.0,0.0,0.0,0.0,2.0,0.0,123.259259,112.5,44.946106,35.383491,3.0
2026-06-25T00:14:24.325622429Z,1000,per_hit,raw_percent_of_host,api-node1,api-node2,26,22,48,46.464646,26.956522,46.464646,53.913043,100.0,50.0,1.0,2.0,0.0,0.0,1.0,2.0,102.814815,158.5,47.310261,39.335852,3.0
2026-06-25T00:14:25.325621215Z,1000,per_hit,raw_percent_of_host,api-node1,api-node2,27,21,48,49.0,23.00885,49.0,46.017699,100.0,50.0,2.0,0.0,0.0,0.0,2.0,0.0,88.307692,139.217391,47.322888,26.169113,3.0
2026-06-25T00:14:26.32562166Z,1000,per_hit,raw_percent_of_host,api-node1,api-node2,29,18,47,46.464646,26.0,46.464646,52.0,100.0,50.0,2.0,0.0,0.0,0.0,2.0,0.0,89.103448,113.777778,47.264707,32.244018,3.0
2026-06-25T00:14:27.325621353Z,1000,per_hit,raw_percent_of_host,api-node1,api-node2,25,21,46,47.0,26.262626,47.0,52.525253,100.0,50.0,1.0,1.0,0.0,0.0,1.0,1.0,90.423077,115.35,47.181272,32.784542,3.0
2026-06-25T00:14:28.325621254Z,1000,per_hit,raw_percent_of_host,api-node1,api-node2,26,19,45,47.0,24.752475,47.0,49.50495,100.0,50.0,1.0,1.0,0.0,0.0,1.0,1.0,86.730769,109.947368,48.294475,44.31654,3.0
2026-06-25T00:14:29.325622168Z,1000,per_hit,raw_percent_of_host,api-node1,api-node2,27,18,45,51.0,24.242424,51.0,48.484848,100.0,50.0,1.0,2.0,0.0,0.0,1.0,2.0,92.259259,96.529412,47.154367,37.905525,3.0
2026-06-25T00:14:30.325621723Z,1000,per_hit,raw_percent_of_host,api-node1,api-node2,25,18,43,46.0,24.0,46.0,48.0,100.0,50.0,1.0,0.0,0.0,0.0,1.0,0.0,64.2,134.6,50.0,40.995716,3.0
2026-06-25T00:14:31.325621655Z,1000,per_hit,raw_percent_of_host,api-node1,api-node2,30,14,44,46.938776,25.252525,46.938776,50.505051,100.0,50.0,2.0,0.0,0.0,0.0,2.0,0.0,92.758621,102.642857,47.080476,35.850026,3.0
2026-06-25T00:14:32.325621321Z,1000,per_hit,raw_percent_of_host,api-node1,api-node2,28,14,42,42.0,24.0,42.0,48.0,100.0,50.0,2.0,0.0,0.0,0.0,2.0,0.0,80.928571,111.857143,39.332601,39.488691,3.0
