timestamp_utc,window_ms,traffic_log_mode,cpu_usage_unit,node1_name,node2_name,node1_requests,node2_requests,total_requests,node1_cpu_raw_usage,node2_cpu_raw_usage,node1_cpu_normalized_usage,node2_cpu_normalized_usage,node1_cpu_capacity,node2_cpu_capacity,node1_inflight,node2_inflight,node1_backend_inflight,node2_backend_inflight,node1_queue,node2_queue,node1_response_ms,node2_response_ms,node1_fuzzy_score,node2_fuzzy_score,os_idle_cpu
2026-06-24T03:27:19.841172804Z,1000,per_hit,raw_percent_of_host,api-node1,api-node2,0,0,0,0.000000,1.000000,0.000000,2.000000,100.000000,50.000000,0.000000,0.000000,0.000000,0.000000,0.000000,0.000000,0.000000,0.000000,0.000000,0.000000,3.000000
2026-06-24T03:27:20.84117725Z,1000,per_hit,raw_percent_of_host,api-node1,api-node2,0,0,0,0.000000,1.000000,0.000000,2.000000,100.000000,50.000000,0.000000,0.000000,0.000000,0.000000,0.000000,0.000000,0.000000,0.000000,0.000000,0.000000,3.000000
2026-06-24T03:27:21.841172608Z,1000,per_hit,raw_percent_of_host,api-node1,api-node2,8,2,10,0.000000,0.000000,0.000000,0.000000,100.000000,50.000000,6.000000,0.000000,0.000000,0.000000,6.000000,0.000000,57.000000,51.500000,83.662181,83.665385,3.000000
2026-06-24T03:27:22.841173157Z,1000,per_hit,raw_percent_of_host,api-node1,api-node2,4,6,10,11.363636,0.000000,11.363636,0.000000,100.000000,50.000000,0.000000,3.000000,0.000000,0.000000,0.000000,3.000000,110.000000,54.000000,73.248268,83.268352,3.000000
2026-06-24T03:27:23.841172005Z,1000,per_hit,raw_percent_of_host,api-node1,api-node2,7,3,10,2.000000,8.163265,2.000000,16.326531,100.000000,50.000000,2.000000,0.000000,0.000000,0.000000,2.000000,0.000000,62.000000,118.666667,81.499226,68.588233,3.000000
2026-06-24T03:27:24.841174079Z,1000,per_hit,raw_percent_of_host,api-node1,api-node2,4,6,10,1.010101,9.708738,1.010101,19.417476,100.000000,50.000000,0.000000,3.000000,0.000000,0.000000,0.000000,3.000000,83.333333,67.333333,81.836945,83.197492,3.000000
2026-06-24T03:27:25.84117194Z,1000,per_hit,raw_percent_of_host,api-node1,api-node2,3,7,10,2.000000,9.000000,2.000000,18.000000,100.000000,50.000000,0.000000,3.000000,0.000000,0.000000,0.000000,3.000000,55.000000,95.571429,81.508511,80.622933,3.000000
2026-06-24T03:27:26.841172574Z,1000,per_hit,raw_percent_of_host,api-node1,api-node2,6,4,10,0.000000,2.040816,0.000000,4.081633,100.000000,50.000000,2.000000,1.000000,0.000000,0.000000,2.000000,1.000000,57.750000,100.000000,83.191322,78.917626,3.000000
2026-06-24T03:27:27.841175242Z,1000,per_hit,raw_percent_of_host,api-node1,api-node2,6,4,10,0.000000,3.061224,0.000000,6.122449,100.000000,50.000000,1.000000,1.000000,0.000000,0.000000,1.000000,1.000000,77.285714,77.750000,82.591533,77.326610,3.000000
2026-06-24T03:27:28.84117211Z,1000,per_hit,raw_percent_of_host,api-node1,api-node2,6,4,10,1.010101,4.000000,1.010101,8.000000,100.000000,50.000000,3.000000,1.000000,0.000000,0.000000,3.000000,1.000000,76.500000,78.000000,81.810850,75.797833,3.000000
2026-06-24T03:27:29.84117206Z,1000,per_hit,raw_percent_of_host,api-node1,api-node2,4,6,10,2.020202,2.040816,2.020202,4.081633,100.000000,50.000000,1.000000,3.000000,0.000000,0.000000,1.000000,3.000000,86.333333,77.000000,81.001764,78.867618,3.000000
2026-06-24T03:27:30.841172074Z,1000,per_hit,raw_percent_of_host,api-node1,api-node2,9,1,10,1.010101,4.040404,1.010101,8.080808,100.000000,50.000000,5.000000,0.000000,0.000000,0.000000,5.000000,0.000000,72.400000,119.500000,81.963796,75.932442,3.000000
2026-06-24T03:27:31.841171701Z,1000,per_hit,raw_percent_of_host,api-node1,api-node2,5,5,10,6.060606,0.000000,6.060606,0.000000,100.000000,50.000000,2.000000,1.000000,0.000000,0.000000,2.000000,1.000000,105.375000,58.000000,76.737286,83.320047,3.000000
2026-06-24T03:27:32.841172883Z,1000,per_hit,raw_percent_of_host,api-node1,api-node2,4,6,10,3.030303,2.061856,3.030303,4.123711,100.000000,50.000000,1.000000,4.000000,0.000000,0.000000,1.000000,4.000000,82.200000,82.000000,80.146117,78.850432,3.000000
2026-06-24T03:27:33.841174523Z,1000,per_hit,raw_percent_of_host,api-node1,api-node2,5,5,10,1.000000,3.061224,1.000000,6.122449,100.000000,50.000000,2.000000,2.000000,0.000000,0.000000,2.000000,2.000000,72.250000,106.428571,81.973101,77.326610,3.000000
2026-06-24T03:27:34.841176592Z,1000,per_hit,raw_percent_of_host,api-node1,api-node2,6,4,10,1.123596,2.061856,1.123596,4.123711,100.000000,50.000000,2.000000,1.000000,0.000000,0.000000,2.000000,1.000000,78.333333,90.800000,81.822420,78.816924,3.000000
2026-06-24T03:27:35.841172058Z,1000,per_hit,raw_percent_of_host,api-node1,api-node2,5,5,10,0.000000,7.920792,0.000000,15.841584,100.000000,50.000000,1.000000,2.000000,0.000000,0.000000,1.000000,2.000000,81.333333,78.750000,82.540888,80.592338,3.000000
2026-06-24T03:27:36.841172158Z,1000,per_hit,raw_percent_of_host,api-node1,api-node2,4,6,10,0.000000,4.040404,0.000000,8.080808,100.000000,50.000000,0.000000,3.000000,0.000000,0.000000,0.000000,3.000000,71.200000,89.800000,82.715751,75.932442,3.000000
2026-06-24T03:27:37.841172456Z,1000,per_hit,raw_percent_of_host,api-node1,api-node2,4,6,10,1.000000,3.030303,1.000000,6.060606,100.000000,50.000000,0.000000,3.000000,0.000000,0.000000,0.000000,3.000000,59.000000,106.166667,82.391503,77.210175,3.000000
2026-06-24T03:27:38.841181297Z,1000,per_hit,raw_percent_of_host,api-node1,api-node2,4,6,10,2.000000,7.000000,2.000000,14.000000,100.000000,50.000000,0.000000,1.000000,0.000000,0.000000,0.000000,1.000000,65.750000,93.250000,81.517785,77.301057,3.000000
2026-06-24T03:27:39.841172298Z,1000,per_hit,raw_percent_of_host,api-node1,api-node2,5,5,10,2.000000,3.061224,2.000000,6.122449,100.000000,50.000000,0.000000,1.000000,0.000000,0.000000,0.000000,1.000000,62.800000,87.600000,81.409364,77.219659,3.000000
2026-06-24T03:27:40.84117203Z,1000,per_hit,raw_percent_of_host,api-node1,api-node2,4,6,10,0.000000,2.040816,0.000000,4.081633,100.000000,50.000000,1.000000,2.000000,0.000000,0.000000,1.000000,2.000000,55.666667,75.200000,83.068262,78.730512,3.000000
2026-06-24T03:27:41.841175675Z,1000,per_hit,raw_percent_of_host,api-node1,api-node2,4,6,10,3.000000,7.000000,3.000000,14.000000,100.000000,50.000000,0.000000,2.000000,0.000000,0.000000,0.000000,2.000000,72.800000,90.666667,80.115227,77.219659,3.000000
2026-06-24T03:27:42.841175372Z,1000,per_hit,raw_percent_of_host,api-node1,api-node2,5,5,10,1.010101,3.030303,1.010101,6.060606,100.000000,50.000000,2.000000,2.000000,0.000000,0.000000,2.000000,2.000000,58.000000,93.400000,82.373481,77.247363,3.000000
2026-06-24T03:27:43.84117325Z,1000,per_hit,raw_percent_of_host,api-node1,api-node2,5,5,10,0.000000,3.061224,0.000000,6.122449,100.000000,50.000000,2.000000,3.000000,0.000000,0.000000,2.000000,3.000000,85.000000,107.250000,82.621443,77.183089,3.000000
2026-06-24T03:27:44.841174048Z,1000,per_hit,raw_percent_of_host,api-node1,api-node2,5,5,10,3.000000,3.030303,3.000000,6.060606,100.000000,50.000000,3.000000,2.000000,0.000000,0.000000,3.000000,2.000000,92.750000,103.166667,80.086716,77.191514,3.000000
2026-06-24T03:27:45.841175795Z,1000,per_hit,raw_percent_of_host,api-node1,api-node2,4,6,10,2.247191,1.030928,2.247191,2.061856,100.000000,50.000000,0.000000,2.000000,0.000000,0.000000,0.000000,2.000000,87.285714,87.166667,80.792823,80.576983,3.000000
2026-06-24T03:27:46.84117367Z,1000,per_hit,raw_percent_of_host,api-node1,api-node2,6,4,10,1.010101,4.040404,1.010101,8.080808,100.000000,50.000000,3.000000,1.000000,0.000000,0.000000,3.000000,1.000000,60.333333,93.600000,82.391314,75.762952,3.000000
2026-06-24T03:27:47.841174879Z,1000,per_hit,raw_percent_of_host,api-node1,api-node2,8,2,10,14.141414,1.030928,14.141414,2.061856,100.000000,50.000000,2.000000,0.000000,0.000000,0.000000,2.000000,0.000000,86.444444,83.333333,82.556489,80.622933,3.000000
2026-06-24T03:27:48.841184191Z,1000,per_hit,raw_percent_of_host,api-node1,api-node2,5,5,10,1.010101,1.000000,1.010101,2.000000,100.000000,50.000000,2.000000,2.000000,0.000000,0.000000,2.000000,2.000000,86.000000,59.333333,81.836945,81.714002,3.000000
2026-06-24T03:27:49.84117533Z,1000,per_hit,raw_percent_of_host,api-node1,api-node2,7,3,10,2.000000,2.040816,2.000000,4.081633,100.000000,50.000000,5.000000,0.000000,0.000000,0.000000,5.000000,0.000000,84.750000,90.400000,81.032181,78.884327,3.000000
2026-06-24T03:27:50.841174365Z,1000,per_hit,raw_percent_of_host,api-node1,api-node2,4,6,10,0.000000,2.020202,0.000000,4.040404,100.000000,50.000000,0.000000,2.000000,0.000000,0.000000,0.000000,2.000000,92.222222,56.000000,82.688553,79.971757,3.000000
2026-06-24T03:27:51.841172548Z,1000,per_hit,raw_percent_of_host,api-node1,api-node2,4,6,10,2.000000,5.000000,2.000000,10.000000,100.000000,50.000000,1.000000,2.000000,0.000000,0.000000,1.000000,2.000000,56.333333,86.500000,81.419586,74.552448,3.000000
2026-06-24T03:27:52.841174573Z,1000,per_hit,raw_percent_of_host,api-node1,api-node2,5,5,10,3.061224,3.030303,3.061224,6.060606,100.000000,50.000000,2.000000,1.000000,0.000000,0.000000,2.000000,1.000000,75.500000,92.166667,80.119843,77.301057,3.000000
2026-06-24T03:27:53.841172682Z,1000,per_hit,raw_percent_of_host,api-node1,api-node2,4,6,10,1.020408,2.061856,1.020408,4.123711,100.000000,50.000000,0.000000,2.000000,0.000000,0.000000,0.000000,2.000000,83.833333,75.400000,81.827384,78.713943,3.000000
2026-06-24T03:27:54.841172421Z,1000,per_hit,raw_percent_of_host,api-node1,api-node2,6,4,10,0.000000,3.030303,0.000000,6.060606,100.000000,50.000000,3.000000,1.000000,0.000000,0.000000,3.000000,1.000000,61.000000,94.000000,83.014110,77.228792,3.000000
2026-06-24T03:27:55.841171928Z,1000,per_hit,raw_percent_of_host,api-node1,api-node2,7,3,10,14.705882,3.030303,14.705882,6.060606,100.000000,50.000000,5.000000,0.000000,0.000000,0.000000,5.000000,0.000000,94.800000,77.750000,81.905048,77.336650,3.000000
2026-06-24T03:27:56.841176112Z,1000,per_hit,raw_percent_of_host,api-node1,api-node2,7,3,10,0.000000,2.020202,0.000000,4.040404,100.000000,50.000000,4.000000,0.000000,0.000000,0.000000,4.000000,0.000000,94.875000,53.666667,82.524754,79.936567,3.000000
2026-06-24T03:27:57.841171923Z,1000,per_hit,raw_percent_of_host,api-node1,api-node2,4,6,10,5.617978,1.010101,5.617978,2.020202,100.000000,50.000000,0.000000,2.000000,0.000000,0.000000,0.000000,2.000000,97.125000,56.000000,77.205250,81.630737,3.000000
2026-06-24T03:27:58.84117305Z,1000,per_hit,raw_percent_of_host,api-node1,api-node2,5,5,10,2.020202,4.000000,2.020202,8.000000,100.000000,50.000000,3.000000,2.000000,0.000000,0.000000,3.000000,2.000000,57.500000,92.400000,81.392222,75.836863,3.000000
2026-06-24T03:27:59.841172908Z,1000,per_hit,raw_percent_of_host,api-node1,api-node2,6,4,10,0.000000,2.040816,0.000000,4.081633,100.000000,50.000000,1.000000,1.000000,0.000000,0.000000,1.000000,1.000000,81.250000,90.200000,82.594440,78.950769,3.000000
2026-06-24T03:28:00.84117357Z,1000,per_hit,raw_percent_of_host,api-node1,api-node2,5,5,10,1.010101,2.040816,1.010101,4.081633,100.000000,50.000000,1.000000,2.000000,0.000000,0.000000,1.000000,2.000000,74.400000,82.750000,81.849951,78.782983,3.000000
2026-06-24T03:28:01.841174928Z,1000,per_hit,raw_percent_of_host,api-node1,api-node2,5,4,9,1.010101,3.030303,1.010101,6.060606,100.000000,50.000000,1.000000,1.000000,0.000000,0.000000,1.000000,1.000000,80.800000,95.200000,81.823911,77.191514,3.000000
2026-06-24T03:28:02.841175224Z,1000,per_hit,raw_percent_of_host,api-node1,api-node2,5,5,10,1.010101,3.061224,1.010101,6.122449,100.000000,50.000000,1.000000,2.000000,0.000000,0.000000,1.000000,2.000000,78.000000,78.000000,81.926909,77.273316,3.000000
2026-06-24T03:28:03.841172769Z,1000,per_hit,raw_percent_of_host,api-node1,api-node2,7,3,10,5.102041,4.040404,5.102041,8.080808,100.000000,50.000000,1.000000,0.000000,0.000000,0.000000,1.000000,0.000000,69.714286,94.800000,78.681639,76.047148,3.000000
2026-06-24T03:28:04.841175116Z,1000,per_hit,raw_percent_of_host,api-node1,api-node2,6,4,10,5.154639,1.000000,5.154639,2.000000,100.000000,50.000000,2.000000,2.000000,0.000000,0.000000,2.000000,2.000000,69.400000,52.000000,78.675907,81.240349,3.000000
2026-06-24T03:28:05.841172664Z,1000,per_hit,raw_percent_of_host,api-node1,api-node2,7,3,10,7.070707,4.040404,7.070707,8.080808,100.000000,50.000000,2.000000,0.000000,0.000000,0.000000,2.000000,0.000000,74.142857,87.600000,78.633121,76.622257,3.000000
2026-06-24T03:28:06.841175384Z,1000,per_hit,raw_percent_of_host,api-node1,api-node2,3,7,10,1.010101,5.050505,1.010101,10.101010,100.000000,50.000000,0.000000,4.000000,0.000000,0.000000,0.000000,4.000000,82.400000,50.000000,80.958179,78.701742,3.000000
2026-06-24T03:28:07.84117206Z,1000,per_hit,raw_percent_of_host,api-node1,api-node2,5,5,10,1.000000,8.080808,1.000000,16.161616,100.000000,50.000000,2.000000,1.000000,0.000000,0.000000,2.000000,1.000000,61.666667,116.250000,82.073912,70.118996,3.000000
2026-06-24T03:28:08.841172474Z,1000,per_hit,raw_percent_of_host,api-node1,api-node2,8,2,10,5.617978,3.030303,5.617978,6.060606,100.000000,50.000000,3.000000,0.000000,0.000000,0.000000,3.000000,0.000000,80.285714,83.333333,79.546990,77.207668,3.000000
2026-06-24T03:28:09.841172366Z,1000,per_hit,raw_percent_of_host,api-node1,api-node2,6,4,10,6.122449,0.000000,6.122449,0.000000,100.000000,50.000000,2.000000,1.000000,0.000000,0.000000,2.000000,1.000000,84.714286,57.666667,78.658930,82.905226,3.000000
2026-06-24T03:28:10.841172553Z,1000,per_hit,raw_percent_of_host,api-node1,api-node2,6,4,10,3.000000,8.080808,3.000000,16.161616,100.000000,50.000000,3.000000,0.000000,0.000000,0.000000,3.000000,0.000000,86.400000,88.600000,79.328336,74.201538,3.000000
2026-06-24T03:28:11.841172016Z,1000,per_hit,raw_percent_of_host,api-node1,api-node2,6,4,10,5.102041,2.020202,5.102041,4.040404,100.000000,50.000000,2.000000,1.000000,0.000000,0.000000,2.000000,1.000000,82.428571,58.000000,78.760847,79.585905,3.000000
2026-06-24T03:28:12.84117196Z,1000,per_hit,raw_percent_of_host,api-node1,api-node2,3,7,10,1.010101,7.142857,1.010101,14.285714,100.000000,50.000000,0.000000,3.000000,0.000000,0.000000,0.000000,3.000000,80.800000,88.000000,81.046000,74.061024,3.000000
2026-06-24T03:28:13.841172076Z,1000,per_hit,raw_percent_of_host,api-node1,api-node2,2,8,10,0.000000,8.080808,0.000000,16.161616,100.000000,50.000000,0.000000,3.000000,0.000000,0.000000,0.000000,3.000000,50.000000,97.875000,82.772036,73.461772,3.000000
2026-06-24T03:28:14.841172319Z,1000,per_hit,raw_percent_of_host,api-node1,api-node2,4,6,10,0.000000,8.080808,0.000000,16.161616,100.000000,50.000000,0.000000,1.000000,0.000000,0.000000,0.000000,1.000000,59.250000,100.625000,82.829959,73.823348,3.000000
2026-06-24T03:28:15.841172309Z,1000,per_hit,raw_percent_of_host,api-node1,api-node2,5,5,10,1.000000,8.080808,1.000000,16.161616,100.000000,50.000000,1.000000,1.000000,0.000000,0.000000,1.000000,1.000000,65.750000,87.200000,81.792507,73.397523,3.000000
2026-06-24T03:28:16.841171909Z,1000,per_hit,raw_percent_of_host,api-node1,api-node2,7,3,10,5.102041,3.030303,5.102041,6.060606,100.000000,50.000000,1.000000,0.000000,0.000000,0.000000,1.000000,0.000000,67.000000,80.750000,78.690342,77.198347,3.000000
2026-06-24T03:28:17.841173167Z,1000,per_hit,raw_percent_of_host,api-node1,api-node2,5,5,10,2.020202,6.000000,2.020202,12.000000,100.000000,50.000000,2.000000,0.000000,0.000000,0.000000,2.000000,0.000000,75.750000,58.200000,80.097597,78.465802,3.000000
2026-06-24T03:28:18.841174497Z,1000,per_hit,raw_percent_of_host,api-node1,api-node2,6,4,10,2.222222,5.102041,2.222222,10.204082,100.000000,50.000000,1.000000,0.000000,0.000000,0.000000,1.000000,0.000000,78.142857,54.250000,80.817937,78.610467,3.000000
2026-06-24T03:28:19.841174247Z,1000,per_hit,raw_percent_of_host,api-node1,api-node2,4,6,10,2.000000,7.000000,2.000000,14.000000,100.000000,50.000000,1.000000,2.000000,0.000000,0.000000,1.000000,2.000000,73.500000,54.000000,80.256640,78.420600,3.000000
2026-06-24T03:28:20.841174379Z,1000,per_hit,raw_percent_of_host,api-node1,api-node2,6,4,10,6.060606,5.000000,6.060606,10.000000,100.000000,50.000000,5.000000,1.000000,0.000000,0.000000,5.000000,1.000000,83.000000,90.000000,78.742254,74.999429,3.000000
2026-06-24T03:28:21.84117453Z,1000,per_hit,raw_percent_of_host,api-node1,api-node2,5,5,10,1.111111,6.060606,1.111111,12.121212,100.000000,50.000000,1.000000,1.000000,0.000000,0.000000,1.000000,1.000000,96.333333,73.200000,81.334638,78.392389,3.000000
2026-06-24T03:28:22.841172002Z,1000,per_hit,raw_percent_of_host,api-node1,api-node2,4,6,10,0.000000,8.080808,0.000000,16.161616,100.000000,50.000000,0.000000,2.000000,0.000000,0.000000,0.000000,2.000000,72.000000,88.400000,81.672465,73.490032,3.000000
2026-06-24T03:28:23.841172028Z,1000,per_hit,raw_percent_of_host,api-node1,api-node2,5,5,10,0.000000,6.185567,0.000000,12.371134,100.000000,50.000000,1.000000,1.000000,0.000000,0.000000,1.000000,1.000000,62.750000,98.833333,82.486948,74.026300,3.000000
2026-06-24T03:28:24.841175068Z,1000,per_hit,raw_percent_of_host,api-node1,api-node2,5,5,10,1.020408,7.000000,1.020408,14.000000,100.000000,50.000000,1.000000,0.000000,0.000000,0.000000,1.000000,0.000000,71.800000,86.666667,80.969484,73.914637,3.000000
2026-06-24T03:28:25.841173149Z,1000,per_hit,raw_percent_of_host,api-node1,api-node2,3,7,10,7.000000,1.010101,7.000000,2.020202,100.000000,50.000000,0.000000,2.000000,0.000000,0.000000,0.000000,2.000000,69.250000,63.000000,78.569308,81.044396,3.000000
2026-06-24T03:28:26.84117213Z,1000,per_hit,raw_percent_of_host,api-node1,api-node2,5,5,10,0.000000,8.080808,0.000000,16.161616,100.000000,50.000000,2.000000,1.000000,0.000000,0.000000,2.000000,1.000000,55.666667,96.166667,82.843229,74.022845,3.000000
2026-06-24T03:28:27.841176657Z,1000,per_hit,raw_percent_of_host,api-node1,api-node2,7,3,10,0.000000,7.142857,0.000000,14.285714,100.000000,50.000000,4.000000,0.000000,0.000000,0.000000,4.000000,0.000000,84.400000,92.500000,82.606127,73.730996,3.000000
2026-06-24T03:28:28.841176547Z,1000,per_hit,raw_percent_of_host,api-node1,api-node2,8,2,10,6.741573,1.000000,6.741573,2.000000,100.000000,50.000000,3.000000,0.000000,0.000000,0.000000,3.000000,0.000000,85.777778,51.000000,78.648467,81.411480,3.000000
2026-06-24T03:28:29.841174301Z,1000,per_hit,raw_percent_of_host,api-node1,api-node2,8,2,10,6.060606,1.000000,6.060606,2.000000,100.000000,50.000000,5.000000,0.000000,0.000000,0.000000,5.000000,0.000000,93.000000,50.000000,78.616466,81.397183,3.000000
2026-06-24T03:28:30.841173479Z,1000,per_hit,raw_percent_of_host,api-node1,api-node2,7,3,10,6.741573,0.000000,6.741573,0.000000,100.000000,50.000000,3.000000,0.000000,0.000000,0.000000,3.000000,0.000000,90.555556,54.000000,78.635631,82.867433,3.000000
2026-06-24T03:28:31.841171957Z,1000,per_hit,raw_percent_of_host,api-node1,api-node2,4,6,10,0.000000,6.060606,0.000000,12.121212,100.000000,50.000000,0.000000,1.000000,0.000000,0.000000,0.000000,1.000000,85.857143,56.400000,81.759602,78.458430,3.000000
2026-06-24T03:28:32.841176562Z,1000,per_hit,raw_percent_of_host,api-node1,api-node2,3,7,10,6.060606,7.920792,6.060606,15.841584,100.000000,50.000000,0.000000,4.000000,0.000000,0.000000,0.000000,4.000000,50.000000,83.000000,78.971456,77.174261,3.000000
2026-06-24T03:28:33.841173949Z,1000,per_hit,raw_percent_of_host,api-node1,api-node2,4,6,10,0.000000,8.080808,0.000000,16.161616,100.000000,50.000000,1.000000,2.000000,0.000000,0.000000,1.000000,2.000000,56.666667,128.250000,82.877751,69.499368,3.000000
2026-06-24T03:28:34.841176194Z,1000,per_hit,raw_percent_of_host,api-node1,api-node2,4,6,10,6.060606,1.030928,6.060606,2.061856,100.000000,50.000000,0.000000,4.000000,0.000000,0.000000,0.000000,4.000000,65.600000,96.750000,78.669498,80.245681,3.000000
2026-06-24T03:28:35.841175944Z,1000,per_hit,raw_percent_of_host,api-node1,api-node2,3,7,10,5.050505,9.000000,5.050505,18.000000,100.000000,50.000000,0.000000,3.000000,0.000000,0.000000,0.000000,3.000000,50.000000,111.250000,79.173261,69.485675,3.000000
2026-06-24T03:28:36.841175512Z,1000,per_hit,raw_percent_of_host,api-node1,api-node2,5,5,10,5.000000,9.090909,5.000000,18.181818,100.000000,50.000000,0.000000,2.000000,0.000000,0.000000,0.000000,2.000000,60.400000,116.833333,79.286834,68.731580,3.000000
2026-06-24T03:28:37.841172607Z,1000,per_hit,raw_percent_of_host,api-node1,api-node2,6,4,10,6.060606,2.061856,6.060606,4.123711,100.000000,50.000000,2.000000,1.000000,0.000000,0.000000,2.000000,1.000000,56.250000,94.000000,78.969197,78.593924,3.000000
2026-06-24T03:28:38.841172865Z,1000,per_hit,raw_percent_of_host,api-node1,api-node2,5,5,10,2.000000,7.070707,2.000000,14.141414,100.000000,50.000000,1.000000,0.000000,0.000000,0.000000,1.000000,0.000000,81.000000,87.166667,80.163304,73.613650,3.000000
2026-06-24T03:28:39.841175079Z,1000,per_hit,raw_percent_of_host,api-node1,api-node2,4,6,10,1.010101,6.060606,1.010101,12.121212,100.000000,50.000000,0.000000,0.000000,0.000000,0.000000,0.000000,0.000000,77.000000,63.833333,80.975244,78.351402,3.000000
2026-06-24T03:28:40.841173202Z,1000,per_hit,raw_percent_of_host,api-node1,api-node2,5,5,10,7.070707,7.920792,7.070707,15.841584,100.000000,50.000000,0.000000,0.000000,0.000000,0.000000,0.000000,0.000000,56.400000,66.200000,78.810883,78.164138,3.000000
2026-06-24T03:28:41.841172036Z,1000,per_hit,raw_percent_of_host,api-node1,api-node2,3,7,10,0.000000,6.060606,0.000000,12.121212,100.000000,50.000000,0.000000,3.000000,0.000000,0.000000,0.000000,3.000000,55.333333,53.250000,82.570769,78.312314,3.000000
2026-06-24T03:28:42.841178586Z,1000,per_hit,raw_percent_of_host,api-node1,api-node2,5,5,10,5.050505,2.061856,5.050505,4.123711,100.000000,50.000000,1.000000,2.000000,0.000000,0.000000,1.000000,2.000000,53.000000,99.666667,79.137343,78.728329,3.000000
2026-06-24T03:28:43.841175584Z,1000,per_hit,raw_percent_of_host,api-node1,api-node2,4,6,10,6.060606,4.000000,6.060606,8.000000,100.000000,50.000000,0.000000,3.000000,0.000000,0.000000,0.000000,3.000000,65.400000,91.600000,78.714685,76.412736,3.000000
2026-06-24T03:28:44.841175086Z,1000,per_hit,raw_percent_of_host,api-node1,api-node2,5,5,10,0.000000,8.080808,0.000000,16.161616,100.000000,50.000000,1.000000,1.000000,0.000000,0.000000,1.000000,1.000000,63.250000,106.571429,82.681249,73.544301,3.000000
2026-06-24T03:28:45.841172783Z,1000,per_hit,raw_percent_of_host,api-node1,api-node2,5,5,10,1.010101,8.910891,1.010101,17.821782,100.000000,50.000000,2.000000,1.000000,0.000000,0.000000,2.000000,1.000000,71.250000,86.600000,80.909099,73.476372,3.000000
2026-06-24T03:28:46.841172948Z,1000,per_hit,raw_percent_of_host,api-node1,api-node2,5,5,10,7.070707,4.000000,7.070707,8.000000,100.000000,50.000000,0.000000,2.000000,0.000000,0.000000,0.000000,2.000000,76.857143,76.500000,78.656136,76.119134,3.000000
2026-06-24T03:28:47.841171924Z,1000,per_hit,raw_percent_of_host,api-node1,api-node2,5,5,10,6.060606,2.040816,6.060606,4.081633,100.000000,50.000000,0.000000,2.000000,0.000000,0.000000,0.000000,2.000000,57.400000,94.600000,78.874750,78.706310,3.000000
2026-06-24T03:28:48.841174917Z,1000,per_hit,raw_percent_of_host,api-node1,api-node2,6,4,10,0.000000,8.080808,0.000000,16.161616,100.000000,50.000000,3.000000,0.000000,0.000000,0.000000,3.000000,0.000000,59.333333,98.666667,82.376354,73.763915,3.000000
2026-06-24T03:28:49.841172576Z,1000,per_hit,raw_percent_of_host,api-node1,api-node2,5,5,10,0.000000,7.070707,0.000000,14.141414,100.000000,50.000000,1.000000,1.000000,0.000000,0.000000,1.000000,1.000000,84.857143,53.500000,81.707116,78.055482,3.000000
2026-06-24T03:28:50.84117239Z,1000,per_hit,raw_percent_of_host,api-node1,api-node2,6,4,10,2.000000,7.142857,2.000000,14.285714,100.000000,50.000000,2.000000,0.000000,0.000000,0.000000,2.000000,0.000000,71.400000,88.200000,80.200952,73.745755,3.000000
2026-06-24T03:28:51.841172524Z,1000,per_hit,raw_percent_of_host,api-node1,api-node2,4,6,10,1.123596,6.060606,1.123596,12.121212,100.000000,50.000000,0.000000,2.000000,0.000000,0.000000,0.000000,2.000000,82.000000,55.250000,81.704885,78.253432,3.000000
2026-06-24T03:28:52.841172078Z,1000,per_hit,raw_percent_of_host,api-node1,api-node2,6,4,10,7.000000,3.061224,7.000000,6.122449,100.000000,50.000000,0.000000,0.000000,0.000000,0.000000,0.000000,0.000000,59.166667,87.000000,78.902633,77.364137,3.000000
2026-06-24T03:28:53.841174652Z,1000,per_hit,raw_percent_of_host,api-node1,api-node2,8,2,10,0.000000,7.000000,0.000000,14.000000,100.000000,50.000000,1.000000,0.000000,0.000000,0.000000,1.000000,0.000000,73.142857,53.500000,82.351705,78.072592,3.000000
2026-06-24T03:28:54.841172111Z,1000,per_hit,raw_percent_of_host,api-node1,api-node2,4,6,10,5.102041,8.000000,5.102041,16.000000,100.000000,50.000000,0.000000,4.000000,0.000000,0.000000,0.000000,4.000000,68.200000,53.000000,78.636665,81.353978,3.000000
2026-06-24T03:28:55.841172407Z,1000,per_hit,raw_percent_of_host,api-node1,api-node2,4,6,10,1.000000,7.142857,1.000000,14.285714,100.000000,50.000000,0.000000,2.000000,0.000000,0.000000,0.000000,2.000000,58.500000,108.250000,82.073912,73.878749,3.000000
2026-06-24T03:28:56.841172953Z,1000,per_hit,raw_percent_of_host,api-node1,api-node2,5,5,10,6.000000,3.030303,6.000000,6.060606,100.000000,50.000000,0.000000,2.000000,0.000000,0.000000,0.000000,2.000000,56.800000,95.200000,79.009314,77.134802,3.000000
2026-06-24T03:28:57.841172086Z,1000,per_hit,raw_percent_of_host,api-node1,api-node2,5,5,10,1.980198,7.216495,1.980198,14.432990,100.000000,50.000000,1.000000,1.000000,0.000000,0.000000,1.000000,1.000000,61.500000,98.666667,81.089119,73.848041,3.000000
2026-06-24T03:28:58.841172663Z,1000,per_hit,raw_percent_of_host,api-node1,api-node2,6,4,10,1.123596,5.102041,1.123596,10.204082,100.000000,50.000000,2.000000,0.000000,0.000000,0.000000,2.000000,0.000000,79.000000,72.800000,81.693582,78.617813,3.000000
2026-06-24T03:28:59.841172551Z,1000,per_hit,raw_percent_of_host,api-node1,api-node2,6,4,10,6.060606,0.000000,6.060606,0.000000,100.000000,50.000000,0.000000,1.000000,0.000000,0.000000,0.000000,1.000000,79.750000,57.000000,78.639332,82.703388,3.000000
2026-06-24T03:29:00.841175459Z,1000,per_hit,raw_percent_of_host,api-node1,api-node2,6,4,10,0.000000,8.080808,0.000000,16.161616,100.000000,50.000000,3.000000,0.000000,0.000000,0.000000,3.000000,0.000000,54.666667,87.000000,82.390866,74.100597,3.000000
2026-06-24T03:29:01.841172775Z,1000,per_hit,raw_percent_of_host,api-node1,api-node2,6,4,10,2.020202,7.070707,2.020202,14.141414,100.000000,50.000000,3.000000,0.000000,0.000000,0.000000,3.000000,0.000000,86.833333,52.750000,80.328929,78.039994,3.000000
2026-06-24T03:29:02.841175278Z,1000,per_hit,raw_percent_of_host,api-node1,api-node2,6,4,10,7.070707,1.010101,7.070707,2.020202,100.000000,50.000000,1.000000,1.000000,0.000000,0.000000,1.000000,1.000000,82.875000,54.666667,78.610886,81.254431,3.000000
2026-06-24T03:29:03.841172681Z,1000,per_hit,raw_percent_of_host,api-node1,api-node2,5,5,10,6.060606,7.000000,6.060606,14.000000,100.000000,50.000000,0.000000,3.000000,0.000000,0.000000,0.000000,3.000000,69.666667,87.333333,78.613135,75.931127,3.000000
2026-06-24T03:29:04.841174807Z,1000,per_hit,raw_percent_of_host,api-node1,api-node2,7,3,10,6.060606,4.950495,6.060606,9.900990,100.000000,50.000000,2.000000,0.000000,0.000000,0.000000,2.000000,0.000000,56.400000,98.500000,79.020832,75.011749,3.000000
2026-06-24T03:29:05.841172052Z,1000,per_hit,raw_percent_of_host,api-node1,api-node2,8,2,10,14.000000,1.010101,14.000000,2.020202,100.000000,50.000000,4.000000,0.000000,0.000000,0.000000,4.000000,0.000000,79.333333,50.000000,78.717025,81.207264,3.000000
2026-06-24T03:29:06.841171976Z,1000,per_hit,raw_percent_of_host,api-node1,api-node2,4,6,10,1.010101,5.050505,1.010101,10.101010,100.000000,50.000000,0.000000,2.000000,0.000000,0.000000,0.000000,2.000000,91.500000,53.000000,81.063041,78.820891,3.000000
2026-06-24T03:29:07.841172231Z,1000,per_hit,raw_percent_of_host,api-node1,api-node2,2,8,10,1.020408,7.070707,1.020408,14.141414,100.000000,50.000000,0.000000,2.000000,0.000000,0.000000,0.000000,2.000000,50.000000,92.000000,81.778222,74.218355,3.000000
2026-06-24T03:29:08.841175434Z,1000,per_hit,raw_percent_of_host,api-node1,api-node2,6,4,10,6.000000,3.030303,6.000000,6.060606,100.000000,50.000000,2.000000,1.000000,0.000000,0.000000,2.000000,1.000000,52.250000,93.400000,79.217355,77.212758,3.000000
2026-06-24T03:29:09.841172039Z,1000,per_hit,raw_percent_of_host,api-node1,api-node2,4,6,10,6.060606,8.823529,6.060606,17.647059,100.000000,50.000000,0.000000,3.000000,0.000000,0.000000,0.000000,3.000000,76.500000,79.500000,78.627232,77.225655,3.000000
2026-06-24T03:29:10.841171743Z,1000,per_hit,raw_percent_of_host,api-node1,api-node2,7,3,10,6.000000,2.061856,6.000000,4.123711,100.000000,50.000000,3.000000,0.000000,0.000000,0.000000,3.000000,0.000000,54.750000,97.333333,79.119083,78.710395,3.000000
2026-06-24T03:29:11.841172107Z,1000,per_hit,raw_percent_of_host,api-node1,api-node2,5,5,10,0.000000,6.060606,0.000000,12.121212,100.000000,50.000000,0.000000,1.000000,0.000000,0.000000,0.000000,1.000000,85.250000,52.500000,82.134514,78.458430,3.000000
2026-06-24T03:29:12.841175038Z,1000,per_hit,raw_percent_of_host,api-node1,api-node2,7,3,10,1.010101,7.142857,1.010101,14.285714,100.000000,50.000000,4.000000,0.000000,0.000000,0.000000,4.000000,0.000000,62.000000,92.000000,81.769330,73.849707,3.000000
2026-06-24T03:29:13.841174599Z,1000,per_hit,raw_percent_of_host,api-node1,api-node2,7,3,10,6.741573,0.000000,6.741573,0.000000,100.000000,50.000000,4.000000,0.000000,0.000000,0.000000,4.000000,0.000000,86.714286,53.333333,78.705276,82.871380,3.000000
2026-06-24T03:29:14.841172361Z,1000,per_hit,raw_percent_of_host,api-node1,api-node2,3,7,10,0.000000,6.000000,0.000000,12.000000,100.000000,50.000000,0.000000,1.000000,0.000000,0.000000,0.000000,1.000000,93.285714,64.166667,81.733385,78.449814,3.000000
2026-06-24T03:29:15.841172109Z,1000,per_hit,raw_percent_of_host,api-node1,api-node2,4,6,10,5.050505,7.920792,5.050505,15.841584,100.000000,50.000000,0.000000,3.000000,0.000000,0.000000,0.000000,3.000000,52.750000,83.000000,79.166019,78.438532,3.000000
2026-06-24T03:29:16.841172032Z,1000,per_hit,raw_percent_of_host,api-node1,api-node2,9,1,10,5.050505,2.040816,5.050505,4.081633,100.000000,50.000000,2.000000,0.000000,0.000000,0.000000,2.000000,0.000000,63.142857,121.750000,79.173261,78.686894,3.000000
2026-06-24T03:29:17.841172508Z,1000,per_hit,raw_percent_of_host,api-node1,api-node2,8,2,10,7.070707,0.000000,7.070707,0.000000,100.000000,50.000000,3.000000,0.000000,0.000000,0.000000,3.000000,0.000000,77.857143,50.000000,78.592504,82.923099,3.000000
2026-06-24T03:29:18.841172066Z,1000,per_hit,raw_percent_of_host,api-node1,api-node2,4,6,10,1.010101,5.050505,1.010101,10.101010,100.000000,50.000000,1.000000,2.000000,0.000000,0.000000,1.000000,2.000000,91.166667,56.750000,81.029357,78.765440,3.000000
2026-06-24T03:29:19.841176362Z,1000,per_hit,raw_percent_of_host,api-node1,api-node2,6,4,10,2.000000,8.080808,2.000000,16.161616,100.000000,50.000000,3.000000,0.000000,0.000000,0.000000,3.000000,0.000000,72.250000,96.833333,80.199611,73.654696,3.000000
2026-06-24T03:29:20.841172031Z,1000,per_hit,raw_percent_of_host,api-node1,api-node2,6,4,10,7.000000,0.000000,7.000000,0.000000,100.000000,50.000000,2.000000,0.000000,0.000000,0.000000,2.000000,0.000000,81.428571,56.250000,78.609802,82.713540,3.000000
2026-06-24T03:29:21.841174169Z,1000,per_hit,raw_percent_of_host,api-node1,api-node2,6,4,10,2.020202,5.102041,2.020202,10.204082,100.000000,50.000000,4.000000,0.000000,0.000000,0.000000,4.000000,0.000000,87.000000,53.500000,80.291864,78.614788,3.000000
2026-06-24T03:29:22.84117209Z,1000,per_hit,raw_percent_of_host,api-node1,api-node2,5,6,11,1.020408,6.122449,1.020408,12.244898,100.000000,50.000000,2.000000,1.000000,0.000000,0.000000,2.000000,1.000000,97.000000,57.000000,80.205454,76.944096,3.000000
2026-06-24T03:29:23.841173014Z,1000,per_hit,raw_percent_of_host,api-node1,api-node2,11,6,17,20.224719,7.142857,20.224719,14.285714,100.000000,50.000000,2.000000,1.000000,0.000000,0.000000,2.000000,1.000000,71.181818,72.666667,78.683844,74.936421,3.000000
2026-06-24T03:29:24.84117484Z,1000,per_hit,raw_percent_of_host,api-node1,api-node2,11,11,22,18.888889,12.371134,18.888889,24.742268,100.000000,50.000000,0.000000,2.000000,0.000000,0.000000,0.000000,2.000000,80.692308,95.900000,73.036507,73.829546,3.000000
2026-06-24T03:29:25.841175258Z,1000,per_hit,raw_percent_of_host,api-node1,api-node2,12,16,28,21.212121,19.000000,21.212121,38.000000,100.000000,50.000000,0.000000,2.000000,0.000000,0.000000,0.000000,2.000000,92.500000,131.500000,76.259451,70.419515,3.000000
2026-06-24T03:29:26.841172193Z,1000,per_hit,raw_percent_of_host,api-node1,api-node2,17,17,34,27.000000,25.000000,27.000000,50.000000,100.000000,50.000000,0.000000,2.000000,0.000000,0.000000,0.000000,2.000000,108.058824,174.352941,75.101020,69.133585,3.000000
2026-06-24T03:29:27.841172603Z,1000,per_hit,raw_percent_of_host,api-node1,api-node2,20,20,40,31.000000,22.680412,31.000000,45.360825,100.000000,50.000000,2.000000,1.000000,0.000000,0.000000,2.000000,1.000000,116.722222,242.523810,75.804597,67.640153,3.000000
2026-06-24T03:29:28.841174594Z,1000,per_hit,raw_percent_of_host,api-node1,api-node2,19,26,45,18.000000,26.732673,18.000000,53.465347,100.000000,50.000000,2.000000,0.000000,0.000000,0.000000,2.000000,0.000000,97.631579,319.296296,73.844346,65.698457,3.000000
2026-06-24T03:29:29.841174222Z,1000,per_hit,raw_percent_of_host,api-node1,api-node2,22,29,51,41.836735,11.000000,41.836735,22.000000,100.000000,50.000000,0.000000,2.000000,0.000000,0.000000,0.000000,2.000000,168.958333,201.703704,75.186740,71.815849,3.000000
2026-06-24T03:29:30.841172294Z,1000,per_hit,raw_percent_of_host,api-node1,api-node2,30,27,57,43.636364,24.242424,43.636364,48.484848,100.000000,50.000000,1.000000,4.000000,0.000000,0.000000,1.000000,4.000000,225.206897,240.440000,75.519230,67.864530,3.000000
2026-06-24T03:29:31.841172309Z,1000,per_hit,raw_percent_of_host,api-node1,api-node2,28,34,62,32.673267,26.000000,32.673267,52.000000,100.000000,50.000000,2.000000,0.000000,0.000000,0.000000,2.000000,0.000000,155.074074,495.105263,76.833038,67.423201,3.000000
2026-06-24T03:29:32.841173677Z,1000,per_hit,raw_percent_of_host,api-node1,api-node2,37,31,68,46.534653,25.742574,46.534653,51.485149,100.000000,50.000000,4.000000,0.000000,0.000000,0.000000,4.000000,0.000000,242.257143,474.096774,70.688635,75.289507,3.000000
2026-06-24T03:29:33.841174144Z,1000,per_hit,raw_percent_of_host,api-node1,api-node2,38,36,74,46.846847,23.000000,46.846847,46.000000,100.000000,50.000000,0.000000,2.000000,0.000000,0.000000,0.000000,2.000000,238.619048,477.705882,75.155980,75.504561,3.000000
2026-06-24T03:29:34.841172627Z,1000,per_hit,raw_percent_of_host,api-node1,api-node2,41,38,79,51.485149,26.000000,51.485149,52.000000,100.000000,50.000000,0.000000,2.000000,0.000000,0.000000,0.000000,2.000000,278.439024,595.552632,74.439045,69.336094,3.000000
2026-06-24T03:29:35.841172186Z,1000,per_hit,raw_percent_of_host,api-node1,api-node2,46,39,85,43.750000,25.742574,43.750000,51.485149,100.000000,50.000000,0.000000,4.000000,0.000000,0.000000,0.000000,4.000000,301.456522,490.945946,72.938924,68.354481,3.000000
2026-06-24T03:29:36.841174868Z,1000,per_hit,raw_percent_of_host,api-node1,api-node2,45,46,91,49.504950,25.000000,49.504950,50.000000,100.000000,50.000000,0.000000,7.000000,0.000000,0.000000,0.000000,7.000000,313.533333,596.162791,73.761015,69.152978,3.000000
2026-06-24T03:29:37.841180657Z,1000,per_hit,raw_percent_of_host,api-node1,api-node2,57,39,96,50.495050,23.469388,50.495050,46.938776,100.000000,50.000000,0.000000,1.000000,0.000000,0.000000,0.000000,1.000000,413.157895,495.000000,74.406580,67.630294,3.000000
2026-06-24T03:29:38.841174174Z,1000,per_hit,raw_percent_of_host,api-node1,api-node2,52,50,102,35.353535,26.732673,35.353535,53.465347,100.000000,50.000000,0.000000,35.000000,0.000000,0.000000,0.000000,35.000000,406.096154,486.375000,75.135913,68.563962,3.000000
2026-06-24T03:29:39.841176606Z,1000,per_hit,raw_percent_of_host,api-node1,api-node2,72,36,108,45.801527,24.489796,45.801527,48.979592,100.000000,50.000000,5.000000,1.000000,0.000000,0.000000,5.000000,1.000000,543.238806,757.714286,74.411900,47.479499,3.000000
2026-06-24T03:29:40.84117452Z,1000,per_hit,raw_percent_of_host,api-node1,api-node2,63,51,114,51.250000,26.000000,51.250000,52.000000,100.000000,50.000000,1.000000,30.000000,0.000000,0.000000,1.000000,30.000000,389.880597,587.636364,73.869921,74.684267,3.000000
2026-06-24T03:29:41.841173783Z,1000,per_hit,raw_percent_of_host,api-node1,api-node2,76,43,119,45.000000,25.000000,45.000000,50.000000,100.000000,50.000000,8.000000,10.000000,0.000000,0.000000,8.000000,10.000000,468.652174,770.746032,70.288622,47.087739,3.000000
2026-06-24T03:29:42.841172837Z,1000,per_hit,raw_percent_of_host,api-node1,api-node2,66,59,125,46.000000,23.931624,46.000000,47.863248,100.000000,50.000000,3.000000,31.000000,0.000000,0.000000,3.000000,31.000000,453.943662,752.368421,70.385944,50.345557,3.000000
2026-06-24T03:29:43.841178323Z,1000,per_hit,raw_percent_of_host,api-node1,api-node2,78,52,130,56.179775,23.931624,56.179775,47.863248,100.000000,50.000000,5.000000,35.000000,0.000000,0.000000,5.000000,35.000000,413.276316,1068.208333,72.861200,48.020256,3.000000
2026-06-24T03:29:44.841174017Z,1000,per_hit,raw_percent_of_host,api-node1,api-node2,71,65,136,52.808989,25.252525,52.808989,50.505051,100.000000,50.000000,12.000000,59.000000,0.000000,0.000000,12.000000,59.000000,354.359375,908.878049,69.744268,49.033934,3.000000
2026-06-24T03:29:45.841173645Z,1000,per_hit,raw_percent_of_host,api-node1,api-node2,56,53,109,55.000000,25.742574,55.000000,51.485149,100.000000,50.000000,5.000000,84.000000,0.000000,0.000000,5.000000,84.000000,202.158730,1118.214286,70.284497,44.266064,3.000000
2026-06-24T03:29:46.841173376Z,1000,per_hit,raw_percent_of_host,api-node1,api-node2,59,33,92,53.571429,25.742574,53.571429,51.485149,100.000000,50.000000,0.000000,88.000000,0.000000,0.000000,0.000000,88.000000,222.515625,1740.586207,71.756979,44.011960,3.000000
2026-06-24T03:29:47.841172789Z,1000,per_hit,raw_percent_of_host,api-node1,api-node2,60,36,96,41.071429,25.742574,41.071429,51.485149,100.000000,50.000000,0.000000,93.000000,0.000000,0.000000,0.000000,93.000000,298.200000,2030.967742,71.763047,44.004405,3.000000
2026-06-24T03:29:48.841173135Z,1000,per_hit,raw_percent_of_host,api-node1,api-node2,82,47,129,46.464646,25.000000,46.464646,50.000000,100.000000,50.000000,25.000000,47.000000,0.000000,0.000000,25.000000,47.000000,294.298246,2155.548387,74.052098,44.332370,3.000000
2026-06-24T03:29:49.841174119Z,1000,per_hit,raw_percent_of_host,api-node1,api-node2,91,49,140,54.000000,24.489796,54.000000,48.979592,100.000000,50.000000,86.000000,56.000000,0.000000,0.000000,86.000000,56.000000,402.066667,1170.600000,68.896319,45.973429,3.000000
2026-06-24T03:29:50.841173625Z,1000,per_hit,raw_percent_of_host,api-node1,api-node2,75,70,145,50.980392,25.252525,50.980392,50.505051,100.000000,50.000000,34.000000,93.000000,0.000000,0.000000,34.000000,93.000000,889.070866,1166.363636,56.314623,45.170343,3.000000
2026-06-24T03:29:51.841172989Z,1000,per_hit,raw_percent_of_host,api-node1,api-node2,65,53,118,51.000000,25.252525,51.000000,50.505051,100.000000,50.000000,21.000000,111.000000,0.000000,0.000000,21.000000,111.000000,265.217949,1863.142857,69.763142,42.452539,3.000000
2026-06-24T03:29:52.841172443Z,1000,per_hit,raw_percent_of_host,api-node1,api-node2,53,36,89,51.485149,25.252525,51.485149,50.505051,100.000000,50.000000,11.000000,127.000000,0.000000,0.000000,11.000000,127.000000,199.920635,1790.850000,70.996970,42.332912,3.000000
2026-06-24T03:29:53.841172287Z,1000,per_hit,raw_percent_of_host,api-node1,api-node2,71,45,116,48.000000,25.252525,48.000000,50.505051,100.000000,50.000000,37.000000,109.000000,0.000000,0.000000,37.000000,109.000000,112.000000,2733.492063,77.628146,41.861264,3.000000
2026-06-24T03:29:54.841172901Z,1000,per_hit,raw_percent_of_host,api-node1,api-node2,54,37,91,48.000000,25.252525,48.000000,50.505051,100.000000,50.000000,22.000000,126.000000,0.000000,0.000000,22.000000,126.000000,297.521739,2321.100000,70.433397,45.359274,3.000000
2026-06-24T03:29:55.841172462Z,1000,per_hit,raw_percent_of_host,api-node1,api-node2,39,27,66,51.960784,25.252525,51.960784,50.505051,100.000000,50.000000,10.000000,89.000000,0.000000,0.000000,10.000000,89.000000,165.980392,3157.109375,73.950248,43.295048,3.000000
2026-06-24T03:29:56.841173006Z,1000,per_hit,raw_percent_of_host,api-node1,api-node2,101,72,173,53.465347,26.470588,53.465347,52.941176,100.000000,50.000000,53.000000,73.000000,0.000000,0.000000,53.000000,73.000000,304.586207,2243.886364,71.298989,44.370547,3.000000
2026-06-24T03:29:57.841172778Z,1000,per_hit,raw_percent_of_host,api-node1,api-node2,78,59,137,36.697248,26.000000,36.697248,52.000000,100.000000,50.000000,66.000000,104.000000,0.000000,0.000000,66.000000,104.000000,477.261538,1160.571429,63.358362,44.043584,3.000000
2026-06-24T03:29:58.841172394Z,1000,per_hit,raw_percent_of_host,api-node1,api-node2,50,53,103,55.555556,26.000000,55.555556,52.000000,100.000000,50.000000,43.000000,115.000000,0.000000,0.000000,43.000000,115.000000,941.479452,1671.404762,47.686433,42.592526,3.000000
2026-06-24T03:29:59.841172884Z,1000,per_hit,raw_percent_of_host,api-node1,api-node2,72,34,106,51.000000,26.000000,51.000000,52.000000,100.000000,50.000000,13.000000,106.000000,0.000000,0.000000,13.000000,106.000000,326.823529,2178.046512,67.329709,42.261626,3.000000
2026-06-24T03:30:00.841173353Z,1000,per_hit,raw_percent_of_host,api-node1,api-node2,64,36,100,51.063830,26.000000,51.063830,52.000000,100.000000,50.000000,7.000000,116.000000,0.000000,0.000000,7.000000,116.000000,182.200000,2224.269231,71.051811,42.697911,3.000000
2026-06-24T03:30:01.841173818Z,1000,per_hit,raw_percent_of_host,api-node1,api-node2,47,41,88,56.179775,25.000000,56.179775,50.000000,100.000000,50.000000,11.000000,132.000000,0.000000,0.000000,11.000000,132.000000,132.232558,2142.320000,74.867258,41.235338,3.000000
2026-06-24T03:30:02.84117496Z,1000,per_hit,raw_percent_of_host,api-node1,api-node2,81,64,145,56.179775,25.000000,56.179775,50.000000,100.000000,50.000000,17.000000,98.000000,0.000000,0.000000,17.000000,98.000000,431.506667,2718.877551,68.221577,44.432438,3.000000
2026-06-24T03:30:03.841172579Z,1000,per_hit,raw_percent_of_host,api-node1,api-node2,62,39,101,51.485149,25.000000,51.485149,50.000000,100.000000,50.000000,1.000000,119.000000,0.000000,0.000000,1.000000,119.000000,348.141026,1635.722222,69.152910,42.438374,3.000000
2026-06-24T03:30:04.841172718Z,1000,per_hit,raw_percent_of_host,api-node1,api-node2,51,27,78,51.685393,25.000000,51.685393,50.000000,100.000000,50.000000,1.000000,129.000000,0.000000,0.000000,1.000000,129.000000,246.470588,1945.705882,70.232672,41.435735,3.000000
2026-06-24T03:30:05.84117247Z,1000,per_hit,raw_percent_of_host,api-node1,api-node2,110,65,175,46.000000,26.262626,46.000000,52.525253,100.000000,50.000000,56.000000,63.000000,0.000000,0.000000,56.000000,63.000000,278.418182,2349.282443,70.026850,46.645430,3.000000
2026-06-24T03:30:06.841173149Z,1000,per_hit,raw_percent_of_host,api-node1,api-node2,60,62,122,46.000000,26.262626,46.000000,52.525253,100.000000,50.000000,43.000000,114.000000,0.000000,0.000000,43.000000,114.000000,943.986301,1268.909091,48.726409,44.064214,3.000000
2026-06-24T03:30:07.841173598Z,1000,per_hit,raw_percent_of_host,api-node1,api-node2,49,18,67,51.000000,26.262626,51.000000,52.525253,100.000000,50.000000,5.000000,128.000000,0.000000,0.000000,5.000000,128.000000,371.655172,2079.750000,67.729804,41.636876,3.000000
2026-06-24T03:30:08.84117281Z,1000,per_hit,raw_percent_of_host,api-node1,api-node2,97,66,163,50.495050,25.252525,50.495050,50.505051,100.000000,50.000000,50.000000,76.000000,0.000000,0.000000,50.000000,76.000000,158.115385,2325.211864,70.361086,44.049532,3.000000
2026-06-24T03:30:09.84117342Z,1000,per_hit,raw_percent_of_host,api-node1,api-node2,82,64,146,51.000000,25.252525,51.000000,50.505051,100.000000,50.000000,42.000000,92.000000,0.000000,0.000000,42.000000,92.000000,380.877778,1454.291667,63.706931,45.688999,3.000000
2026-06-24T03:30:10.841172536Z,1000,per_hit,raw_percent_of_host,api-node1,api-node2,78,45,123,49.137931,25.252525,49.137931,50.505051,100.000000,50.000000,33.000000,103.000000,0.000000,0.000000,33.000000,103.000000,295.252874,1557.558824,67.216298,43.262667,3.000000
2026-06-24T03:30:11.841172496Z,1000,per_hit,raw_percent_of_host,api-node1,api-node2,72,34,106,49.137931,25.252525,49.137931,50.505051,100.000000,50.000000,25.000000,100.000000,0.000000,0.000000,25.000000,100.000000,229.475000,1944.621622,69.829392,43.194352,3.000000
2026-06-24T03:30:12.841173032Z,1000,per_hit,raw_percent_of_host,api-node1,api-node2,59,31,90,50.495050,25.252525,50.495050,50.505051,100.000000,50.000000,11.000000,118.000000,0.000000,0.000000,11.000000,118.000000,234.630137,2211.307692,69.977336,42.382240,3.000000
2026-06-24T03:30:13.841172886Z,1000,per_hit,raw_percent_of_host,api-node1,api-node2,101,68,169,55.056180,25.252525,55.056180,50.505051,100.000000,50.000000,45.000000,73.000000,0.000000,0.000000,45.000000,73.000000,281.149254,2348.433628,66.764870,42.971473,3.000000
2026-06-24T03:30:14.841172474Z,1000,per_hit,raw_percent_of_host,api-node1,api-node2,71,66,137,55.555556,26.000000,55.555556,52.000000,100.000000,50.000000,25.000000,111.000000,0.000000,0.000000,25.000000,111.000000,446.197802,1342.178571,55.180439,43.319483,3.000000
2026-06-24T03:30:15.841172716Z,1000,per_hit,raw_percent_of_host,api-node1,api-node2,56,45,101,55.555556,26.000000,55.555556,52.000000,100.000000,50.000000,11.000000,125.000000,0.000000,0.000000,11.000000,125.000000,263.485714,1869.193548,69.875739,42.016617,3.000000
2026-06-24T03:30:16.841173121Z,1000,per_hit,raw_percent_of_host,api-node1,api-node2,63,40,103,51.000000,26.000000,51.000000,52.000000,100.000000,50.000000,15.000000,113.000000,0.000000,0.000000,15.000000,113.000000,157.728814,2230.076923,73.117272,41.911993,3.000000
2026-06-24T03:30:17.841172876Z,1000,per_hit,raw_percent_of_host,api-node1,api-node2,60,48,108,50.495050,24.489796,50.495050,48.979592,100.000000,50.000000,11.000000,108.000000,0.000000,0.000000,11.000000,108.000000,144.937500,2542.377358,71.745388,42.345793,3.000000
2026-06-24T03:30:18.841173568Z,1000,per_hit,raw_percent_of_host,api-node1,api-node2,69,50,119,51.000000,25.510204,51.000000,51.020408,100.000000,50.000000,10.000000,116.000000,0.000000,0.000000,10.000000,116.000000,158.742857,2194.833333,71.808845,42.649564,3.000000
2026-06-24T03:30:19.84117279Z,1000,per_hit,raw_percent_of_host,api-node1,api-node2,76,38,114,50.000000,26.732673,50.000000,53.465347,100.000000,50.000000,9.000000,104.000000,0.000000,0.000000,9.000000,104.000000,259.909091,2386.980000,71.283183,42.846855,3.000000
2026-06-24T03:30:20.841172839Z,1000,per_hit,raw_percent_of_host,api-node1,api-node2,62,38,100,46.363636,25.742574,46.363636,51.485149,100.000000,50.000000,12.000000,112.000000,0.000000,0.000000,12.000000,112.000000,143.542373,2276.666667,73.777138,42.234101,3.000000
2026-06-24T03:30:21.841173212Z,1000,per_hit,raw_percent_of_host,api-node1,api-node2,51,23,74,46.363636,25.742574,46.363636,51.485149,100.000000,50.000000,10.000000,131.000000,0.000000,0.000000,10.000000,131.000000,132.830189,2877.750000,72.954296,41.708262,3.000000
2026-06-24T03:30:22.841175129Z,1000,per_hit,raw_percent_of_host,api-node1,api-node2,61,39,100,45.945946,100.000000,45.945946,100.000000,100.000000,50.000000,20.000000,8.000000,0.000000,0.000000,20.000000,8.000000,135.607843,2464.234568,75.062479,45.145485,3.000000
2026-06-24T03:30:23.841174892Z,1000,per_hit,raw_percent_of_host,api-node1,api-node2,84,96,180,56.666667,28.431373,56.666667,56.862745,100.000000,50.000000,26.000000,95.000000,0.000000,0.000000,26.000000,95.000000,570.346154,283.555556,59.280233,61.368413,3.000000
2026-06-24T03:30:24.84117286Z,1000,per_hit,raw_percent_of_host,api-node1,api-node2,55,41,96,46.363636,25.000000,46.363636,50.000000,100.000000,50.000000,4.000000,127.000000,0.000000,0.000000,4.000000,127.000000,519.792208,1017.666667,64.146636,42.424353,3.000000
2026-06-24T03:30:25.841172705Z,1000,per_hit,raw_percent_of_host,api-node1,api-node2,80,55,135,56.179775,25.252525,56.179775,50.505051,100.000000,50.000000,49.000000,100.000000,0.000000,0.000000,49.000000,100.000000,124.428571,2288.670732,75.515971,43.243703,3.000000
2026-06-24T03:30:26.84117256Z,1000,per_hit,raw_percent_of_host,api-node1,api-node2,54,32,86,56.179775,25.252525,56.179775,50.505051,100.000000,50.000000,31.000000,126.000000,0.000000,0.000000,31.000000,126.000000,491.611111,1813.500000,72.209129,42.221162,3.000000
2026-06-24T03:30:27.841173245Z,1000,per_hit,raw_percent_of_host,api-node1,api-node2,81,59,140,39.795918,25.252525,39.795918,50.505051,100.000000,50.000000,10.000000,97.000000,0.000000,0.000000,10.000000,97.000000,356.558824,2255.284091,64.357534,43.811492,3.000000
2026-06-24T03:30:28.841172482Z,1000,per_hit,raw_percent_of_host,api-node1,api-node2,71,44,115,50.505051,25.252525,50.505051,50.505051,100.000000,50.000000,0.000000,109.000000,0.000000,0.000000,0.000000,109.000000,206.518519,1998.375000,71.058692,43.232589,3.000000
2026-06-24T03:30:29.84117419Z,1000,per_hit,raw_percent_of_host,api-node1,api-node2,43,28,71,51.000000,25.252525,51.000000,50.505051,100.000000,50.000000,0.000000,137.000000,0.000000,0.000000,0.000000,137.000000,120.186047,0.000000,76.166442,41.777839,3.000000
2026-06-24T03:30:30.841174033Z,1000,per_hit,raw_percent_of_host,api-node1,api-node2,112,66,178,50.000000,26.000000,50.000000,52.000000,100.000000,50.000000,71.000000,52.000000,0.000000,0.000000,71.000000,52.000000,98.414634,2443.642384,77.068218,48.017880,3.000000
2026-06-24T03:30:31.841172634Z,1000,per_hit,raw_percent_of_host,api-node1,api-node2,84,58,142,50.000000,26.000000,50.000000,52.000000,100.000000,50.000000,82.000000,86.000000,0.000000,0.000000,82.000000,86.000000,785.150685,778.583333,55.819044,48.522068,3.000000
2026-06-24T03:30:32.841176182Z,1000,per_hit,raw_percent_of_host,api-node1,api-node2,36,27,63,50.000000,26.000000,50.000000,52.000000,100.000000,50.000000,101.000000,77.000000,0.000000,0.000000,101.000000,77.000000,758.941176,1244.750000,46.170851,44.146310,3.000000
2026-06-24T03:30:33.841173104Z,1000,per_hit,raw_percent_of_host,api-node1,api-node2,95,50,145,50.505051,26.000000,50.505051,52.000000,100.000000,50.000000,63.000000,84.000000,0.000000,0.000000,63.000000,84.000000,941.601504,1745.418605,64.985895,43.944656,3.000000
2026-06-24T03:30:34.841172592Z,1000,per_hit,raw_percent_of_host,api-node1,api-node2,103,63,166,56.666667,26.000000,56.666667,52.000000,100.000000,50.000000,39.000000,71.000000,0.000000,0.000000,39.000000,71.000000,608.811024,1957.776316,60.055398,44.136567,3.000000
2026-06-24T03:30:35.841172929Z,1000,per_hit,raw_percent_of_host,api-node1,api-node2,62,47,109,56.666667,26.000000,56.666667,52.000000,100.000000,50.000000,29.000000,112.000000,0.000000,0.000000,29.000000,112.000000,500.763889,1423.500000,57.947423,43.374092,3.000000
2026-06-24T03:30:36.841172946Z,1000,per_hit,raw_percent_of_host,api-node1,api-node2,87,54,141,51.000000,26.000000,51.000000,52.000000,100.000000,50.000000,31.000000,93.000000,0.000000,0.000000,31.000000,93.000000,291.200000,1937.232877,64.425797,43.868375,3.000000
2026-06-24T03:30:37.84117269Z,1000,per_hit,raw_percent_of_host,api-node1,api-node2,65,47,112,46.846847,25.252525,46.846847,50.505051,100.000000,50.000000,14.000000,115.000000,0.000000,0.000000,14.000000,115.000000,276.524390,1628.440000,63.208242,43.304734,3.000000
2026-06-24T03:30:38.841173557Z,1000,per_hit,raw_percent_of_host,api-node1,api-node2,91,41,132,48.039216,25.252525,48.039216,50.505051,100.000000,50.000000,48.000000,68.000000,0.000000,0.000000,48.000000,68.000000,151.385965,2230.113636,75.107460,43.956047,3.000000
2026-06-24T03:30:39.84117247Z,1000,per_hit,raw_percent_of_host,api-node1,api-node2,73,49,122,48.039216,26.732673,48.039216,53.465347,100.000000,50.000000,75.000000,82.000000,0.000000,0.000000,75.000000,82.000000,647.065217,1705.885714,60.013383,45.104157,3.000000
2026-06-24T03:30:40.841174116Z,1000,per_hit,raw_percent_of_host,api-node1,api-node2,50,46,96,46.846847,26.732673,46.846847,53.465347,100.000000,50.000000,7.000000,128.000000,0.000000,0.000000,7.000000,128.000000,682.906780,0.000000,67.405331,42.252207,3.000000
2026-06-24T03:30:41.841172689Z,1000,per_hit,raw_percent_of_host,api-node1,api-node2,40,19,59,55.056180,26.732673,55.056180,53.465347,100.000000,50.000000,4.000000,141.000000,0.000000,0.000000,4.000000,141.000000,157.441860,1742.333333,75.104328,41.022174,3.000000
2026-06-24T03:30:42.841173081Z,1000,per_hit,raw_percent_of_host,api-node1,api-node2,103,75,178,46.363636,24.242424,46.363636,48.484848,100.000000,50.000000,87.000000,68.000000,0.000000,0.000000,87.000000,68.000000,475.500000,2162.709459,70.056526,51.215045,3.000000
2026-06-24T03:30:43.841172993Z,1000,per_hit,raw_percent_of_host,api-node1,api-node2,85,72,157,51.000000,26.000000,51.000000,52.000000,100.000000,50.000000,37.000000,91.000000,0.000000,0.000000,37.000000,91.000000,926.081481,1197.979592,58.795333,44.539820,3.000000
2026-06-24T03:30:44.841172715Z,1000,per_hit,raw_percent_of_host,api-node1,api-node2,80,55,135,50.505051,25.252525,50.505051,50.505051,100.000000,50.000000,29.000000,102.000000,0.000000,0.000000,29.000000,102.000000,435.568182,1522.659091,61.386578,43.535732,3.000000
2026-06-24T03:30:45.841172921Z,1000,per_hit,raw_percent_of_host,api-node1,api-node2,69,33,102,46.846847,25.252525,46.846847,50.505051,100.000000,50.000000,11.000000,109.000000,0.000000,0.000000,11.000000,109.000000,192.390805,1685.653846,68.128769,43.131877,3.000000
2026-06-24T03:30:46.841172952Z,1000,per_hit,raw_percent_of_host,api-node1,api-node2,59,39,98,46.846847,26.732673,46.846847,53.465347,100.000000,50.000000,5.000000,45.000000,0.000000,0.000000,5.000000,45.000000,133.107692,2204.912621,74.382974,42.245050,3.000000
2026-06-24T03:30:47.841172962Z,1000,per_hit,raw_percent_of_host,api-node1,api-node2,83,78,161,55.681818,26.732673,55.681818,53.465347,100.000000,50.000000,0.000000,95.000000,0.000000,0.000000,0.000000,95.000000,468.931818,1131.000000,64.050437,45.479345,3.000000
2026-06-24T03:30:48.841172462Z,1000,per_hit,raw_percent_of_host,api-node1,api-node2,59,27,86,50.495050,26.732673,50.495050,53.465347,100.000000,50.000000,0.000000,121.000000,0.000000,0.000000,0.000000,121.000000,311.067797,1228.000000,69.340426,42.660886,3.000000
2026-06-24T03:30:49.841172885Z,1000,per_hit,raw_percent_of_host,api-node1,api-node2,52,23,75,42.424242,25.104603,42.424242,50.209205,100.000000,50.000000,0.000000,21.000000,0.000000,0.000000,0.000000,21.000000,176.576923,2401.756098,73.312097,41.360215,3.000000
2026-06-24T03:30:50.84117349Z,1000,per_hit,raw_percent_of_host,api-node1,api-node2,112,64,176,49.504950,26.229508,49.504950,52.459016,100.000000,50.000000,38.000000,58.000000,0.000000,0.000000,38.000000,58.000000,595.256757,976.111111,74.226701,54.287013,3.000000
2026-06-24T03:30:51.841172687Z,1000,per_hit,raw_percent_of_host,api-node1,api-node2,73,61,134,51.000000,26.229508,51.000000,52.459016,100.000000,50.000000,51.000000,107.000000,0.000000,0.000000,51.000000,107.000000,882.666667,967.833333,47.521672,44.659894,3.000000
2026-06-24T03:30:52.841173586Z,1000,per_hit,raw_percent_of_host,api-node1,api-node2,53,46,99,51.485149,26.229508,51.485149,52.459016,100.000000,50.000000,10.000000,124.000000,0.000000,0.000000,10.000000,124.000000,547.287234,1856.965517,60.824044,41.832266,3.000000
2026-06-24T03:30:53.841172671Z,1000,per_hit,raw_percent_of_host,api-node1,api-node2,92,54,146,38.738739,26.229508,38.738739,52.459016,100.000000,50.000000,61.000000,81.000000,0.000000,0.000000,61.000000,81.000000,111.195122,2623.608247,72.956291,44.114800,3.000000
2026-06-24T03:30:54.841173981Z,1000,per_hit,raw_percent_of_host,api-node1,api-node2,49,46,95,38.738739,26.229508,38.738739,52.459016,100.000000,50.000000,33.000000,117.000000,0.000000,0.000000,33.000000,117.000000,622.194805,1211.700000,73.044122,54.088690,3.000000
2026-06-24T03:30:55.841172484Z,1000,per_hit,raw_percent_of_host,api-node1,api-node2,69,49,118,49.494949,26.229508,49.494949,52.459016,100.000000,50.000000,20.000000,89.000000,0.000000,0.000000,20.000000,89.000000,346.804878,1723.545455,60.986203,48.591890,3.000000
2026-06-24T03:30:56.841172486Z,1000,per_hit,raw_percent_of_host,api-node1,api-node2,47,33,80,53.012048,26.000000,53.012048,52.000000,100.000000,50.000000,6.000000,108.000000,0.000000,0.000000,6.000000,108.000000,169.327869,1746.500000,71.730524,44.075149,3.000000
2026-06-24T03:30:57.841172619Z,1000,per_hit,raw_percent_of_host,api-node1,api-node2,87,53,140,40.000000,26.470588,40.000000,52.941176,100.000000,50.000000,60.000000,60.000000,0.000000,0.000000,60.000000,60.000000,130.030303,2207.099010,76.804003,45.312478,3.000000
2026-06-24T03:30:58.841173719Z,1000,per_hit,raw_percent_of_host,api-node1,api-node2,61,49,110,56.043956,26.470588,56.043956,52.941176,100.000000,50.000000,26.000000,78.000000,0.000000,0.000000,26.000000,78.000000,511.631579,1027.096774,55.802887,45.527210,3.000000
2026-06-24T03:30:59.841172702Z,1000,per_hit,raw_percent_of_host,api-node1,api-node2,65,43,108,56.043956,26.470588,56.043956,52.941176,100.000000,50.000000,22.000000,75.000000,0.000000,0.000000,22.000000,75.000000,287.652174,1229.760870,64.284972,44.799953,3.000000
2026-06-24T03:31:00.841174474Z,1000,per_hit,raw_percent_of_host,api-node1,api-node2,78,45,123,51.456311,25.252525,51.456311,50.505051,100.000000,50.000000,25.000000,49.000000,0.000000,0.000000,25.000000,49.000000,154.973333,1452.422535,71.245840,47.213742,3.000000
2026-06-24T03:31:01.841172616Z,1000,per_hit,raw_percent_of_host,api-node1,api-node2,72,54,126,46.846847,0.000000,46.846847,0.000000,100.000000,50.000000,29.000000,43.000000,0.000000,0.000000,29.000000,43.000000,199.343284,1028.633333,72.798575,52.171214,3.000000
2026-06-24T03:31:02.84118829Z,1000,per_hit,raw_percent_of_host,api-node1,api-node2,70,47,117,47.787611,25.252525,47.787611,50.505051,100.000000,50.000000,21.000000,32.000000,0.000000,0.000000,21.000000,32.000000,205.205128,842.620690,71.887207,49.809793,3.000000
2026-06-24T03:31:03.841172631Z,1000,per_hit,raw_percent_of_host,api-node1,api-node2,55,42,97,46.000000,25.252525,46.000000,50.505051,100.000000,50.000000,12.000000,53.000000,0.000000,0.000000,12.000000,53.000000,210.312500,569.476190,72.493146,51.511716,3.000000
2026-06-24T03:31:04.84117293Z,1000,per_hit,raw_percent_of_host,api-node1,api-node2,65,44,109,48.314607,27.000000,48.314607,54.000000,100.000000,50.000000,9.000000,16.000000,0.000000,0.000000,9.000000,16.000000,193.250000,864.493827,74.190583,54.501566,3.000000
2026-06-24T03:31:05.841172535Z,1000,per_hit,raw_percent_of_host,api-node1,api-node2,53,53,106,43.000000,25.000000,43.000000,50.000000,100.000000,50.000000,11.000000,27.000000,0.000000,0.000000,11.000000,27.000000,126.588235,313.476190,74.609910,62.007354,3.000000
2026-06-24T03:31:06.84117258Z,1000,per_hit,raw_percent_of_host,api-node1,api-node2,55,47,102,43.434343,25.252525,43.434343,50.505051,100.000000,50.000000,11.000000,30.000000,0.000000,0.000000,11.000000,30.000000,151.763636,523.977273,75.971985,52.500891,3.000000
2026-06-24T03:31:07.841173274Z,1000,per_hit,raw_percent_of_host,api-node1,api-node2,51,41,92,45.544554,26.732673,45.544554,53.465347,100.000000,50.000000,13.000000,11.000000,0.000000,0.000000,13.000000,11.000000,116.959184,394.200000,74.976602,63.081180,3.000000
2026-06-24T03:31:08.841172862Z,1000,per_hit,raw_percent_of_host,api-node1,api-node2,49,37,86,49.504950,26.470588,49.504950,52.941176,100.000000,50.000000,8.000000,16.000000,0.000000,0.000000,8.000000,16.000000,132.814815,240.906250,74.834618,70.481880,3.000000
2026-06-24T03:31:09.841173549Z,1000,per_hit,raw_percent_of_host,api-node1,api-node2,42,39,81,42.000000,25.742574,42.000000,51.485149,100.000000,50.000000,8.000000,16.000000,0.000000,0.000000,8.000000,16.000000,129.380952,264.871795,73.870989,66.878298,3.000000
2026-06-24T03:31:10.84117257Z,1000,per_hit,raw_percent_of_host,api-node1,api-node2,45,33,78,53.846154,22.680412,53.846154,45.360825,100.000000,50.000000,11.000000,11.000000,0.000000,0.000000,11.000000,11.000000,96.714286,208.289474,75.600672,71.546398,3.000000
2026-06-24T03:31:11.841173948Z,1000,per_hit,raw_percent_of_host,api-node1,api-node2,40,31,71,51.111111,24.000000,51.111111,48.000000,100.000000,50.000000,5.000000,11.000000,0.000000,0.000000,5.000000,11.000000,114.891304,169.129032,76.002444,72.867340,3.000000
2026-06-24T03:31:12.841174026Z,1000,per_hit,raw_percent_of_host,api-node1,api-node2,45,18,63,46.000000,26.000000,46.000000,52.000000,100.000000,50.000000,8.000000,4.000000,0.000000,0.000000,8.000000,4.000000,100.452381,258.720000,76.442310,70.042568,3.000000
2026-06-24T03:31:13.841172161Z,1000,per_hit,raw_percent_of_host,api-node1,api-node2,38,23,61,42.574257,25.742574,42.574257,51.485149,100.000000,50.000000,6.000000,9.000000,0.000000,0.000000,6.000000,9.000000,92.600000,125.833333,77.159950,74.895286,3.000000
2026-06-24T03:31:14.841172269Z,1000,per_hit,raw_percent_of_host,api-node1,api-node2,26,23,49,43.434343,25.490196,43.434343,50.980392,100.000000,50.000000,3.000000,4.000000,0.000000,0.000000,3.000000,4.000000,94.655172,159.000000,77.135021,70.967680,3.000000
2026-06-24T03:31:15.841173652Z,1000,per_hit,raw_percent_of_host,api-node1,api-node2,23,26,49,43.000000,19.387755,43.000000,38.775510,100.000000,50.000000,1.000000,4.000000,0.000000,0.000000,1.000000,4.000000,79.360000,129.461538,78.063604,74.076989,3.000000
2026-06-24T03:31:16.841174602Z,1000,per_hit,raw_percent_of_host,api-node1,api-node2,21,24,45,34.343434,21.428571,34.343434,42.857143,100.000000,50.000000,3.000000,3.000000,0.000000,0.000000,3.000000,3.000000,67.789474,136.360000,77.743278,73.277378,3.000000
2026-06-24T03:31:17.841172615Z,1000,per_hit,raw_percent_of_host,api-node1,api-node2,17,19,36,44.000000,24.489796,44.000000,48.979592,100.000000,50.000000,0.000000,2.000000,0.000000,0.000000,0.000000,2.000000,66.000000,101.750000,77.436410,75.675966,3.000000
2026-06-24T03:31:18.841174782Z,1000,per_hit,raw_percent_of_host,api-node1,api-node2,11,20,31,15.000000,26.732673,15.000000,53.465347,100.000000,50.000000,1.000000,2.000000,0.000000,0.000000,1.000000,2.000000,69.800000,124.600000,78.064282,74.117238,3.000000
2026-06-24T03:31:19.841175627Z,1000,per_hit,raw_percent_of_host,api-node1,api-node2,17,8,25,30.693069,25.000000,30.693069,50.000000,100.000000,50.000000,1.000000,0.000000,0.000000,0.000000,1.000000,0.000000,70.000000,94.800000,75.826329,75.361246,3.000000
2026-06-24T03:31:20.841175683Z,1000,per_hit,raw_percent_of_host,api-node1,api-node2,7,13,20,28.000000,23.529412,28.000000,47.058824,100.000000,50.000000,0.000000,1.000000,0.000000,0.000000,0.000000,1.000000,50.000000,94.666667,77.139760,75.570854,3.000000
2026-06-24T03:31:21.841175255Z,1000,per_hit,raw_percent_of_host,api-node1,api-node2,8,6,14,25.252525,26.732673,25.252525,53.465347,100.000000,50.000000,1.000000,0.000000,0.000000,0.000000,1.000000,0.000000,50.000000,70.428571,77.881546,77.256816,3.000000
2026-06-24T03:31:22.841174514Z,1000,per_hit,raw_percent_of_host,api-node1,api-node2,3,8,11,15.151515,19.000000,15.151515,38.000000,100.000000,50.000000,1.000000,0.000000,0.000000,0.000000,1.000000,0.000000,50.000000,82.375000,78.522255,76.295397,3.000000
2026-06-24T03:31:23.841172623Z,1000,per_hit,raw_percent_of_host,api-node1,api-node2,6,4,10,20.202020,12.000000,20.202020,24.000000,100.000000,50.000000,1.000000,0.000000,0.000000,0.000000,1.000000,0.000000,50.000000,69.750000,81.529403,74.465857,3.000000
2026-06-24T03:31:24.841175403Z,1000,per_hit,raw_percent_of_host,api-node1,api-node2,3,7,10,19.387755,19.607843,19.387755,39.215686,100.000000,50.000000,0.000000,1.000000,0.000000,0.000000,0.000000,1.000000,50.000000,50.000000,78.163493,78.924758,3.000000
2026-06-24T03:31:25.841174691Z,1000,per_hit,raw_percent_of_host,api-node1,api-node2,4,6,10,19.000000,17.171717,19.000000,34.343434,100.000000,50.000000,0.000000,1.000000,0.000000,0.000000,0.000000,1.000000,62.250000,50.000000,79.341885,78.086431,3.000000
2026-06-24T03:31:26.841173228Z,1000,per_hit,raw_percent_of_host,api-node1,api-node2,5,5,10,14.141414,19.191919,14.141414,38.383838,100.000000,50.000000,1.000000,0.000000,0.000000,0.000000,1.000000,0.000000,50.000000,50.000000,81.152152,77.236205,3.000000
2026-06-24T03:31:27.841172505Z,1000,per_hit,raw_percent_of_host,api-node1,api-node2,4,6,10,20.000000,16.000000,20.000000,32.000000,100.000000,50.000000,0.000000,1.000000,0.000000,0.000000,0.000000,1.000000,50.000000,50.000000,78.597710,78.002842,3.000000
2026-06-24T03:31:28.841174207Z,1000,per_hit,raw_percent_of_host,api-node1,api-node2,2,8,10,10.000000,23.469388,10.000000,46.938776,100.000000,50.000000,0.000000,1.000000,0.000000,0.000000,0.000000,1.000000,50.000000,78.000000,79.184513,76.799003,3.000000
2026-06-24T03:31:29.841171671Z,1000,per_hit,raw_percent_of_host,api-node1,api-node2,6,4,10,19.191919,17.171717,19.191919,34.343434,100.000000,50.000000,1.000000,0.000000,0.000000,0.000000,1.000000,0.000000,50.000000,76.400000,80.371380,75.979288,3.000000
2026-06-24T03:31:30.841172865Z,1000,per_hit,raw_percent_of_host,api-node1,api-node2,8,2,10,30.693069,5.940594,30.693069,11.881188,100.000000,50.000000,0.000000,1.000000,0.000000,0.000000,0.000000,1.000000,56.111111,50.000000,77.931541,78.326441,3.000000
2026-06-24T03:31:31.841172062Z,1000,per_hit,raw_percent_of_host,api-node1,api-node2,6,4,10,24.000000,12.000000,24.000000,24.000000,100.000000,50.000000,0.000000,1.000000,0.000000,0.000000,0.000000,1.000000,50.000000,50.000000,77.987888,80.032701,3.000000
2026-06-24T03:31:32.841176516Z,1000,per_hit,raw_percent_of_host,api-node1,api-node2,8,2,10,24.242424,13.000000,24.242424,26.000000,100.000000,50.000000,1.000000,0.000000,0.000000,0.000000,1.000000,0.000000,50.000000,50.000000,78.285024,77.302258,3.000000
2026-06-24T03:31:33.841172098Z,1000,per_hit,raw_percent_of_host,api-node1,api-node2,5,5,10,15.151515,21.428571,15.151515,42.857143,100.000000,50.000000,1.000000,0.000000,0.000000,0.000000,1.000000,0.000000,50.000000,94.800000,78.587910,79.475694,3.000000
2026-06-24T03:31:34.841172205Z,1000,per_hit,raw_percent_of_host,api-node1,api-node2,7,3,10,29.292929,9.000000,29.292929,18.000000,100.000000,50.000000,1.000000,0.000000,0.000000,0.000000,1.000000,0.000000,50.000000,50.000000,78.245407,80.447227,3.000000
2026-06-24T03:31:35.841172973Z,1000,per_hit,raw_percent_of_host,api-node1,api-node2,5,5,10,25.252525,12.871287,25.252525,25.742574,100.000000,50.000000,1.000000,0.000000,0.000000,0.000000,1.000000,0.000000,50.000000,50.200000,78.243255,77.766987,3.000000
2026-06-24T03:31:36.841173092Z,1000,per_hit,raw_percent_of_host,api-node1,api-node2,5,5,10,25.252525,13.000000,25.252525,26.000000,100.000000,50.000000,0.000000,1.000000,0.000000,0.000000,0.000000,1.000000,50.000000,82.750000,81.175950,75.004459,3.000000
2026-06-24T03:31:37.84117584Z,1000,per_hit,raw_percent_of_host,api-node1,api-node2,9,1,10,25.000000,10.101010,25.000000,20.202020,100.000000,50.000000,1.000000,0.000000,0.000000,0.000000,1.000000,0.000000,56.375000,50.000000,77.519591,78.084025,3.000000
2026-06-24T03:31:38.841172039Z,1000,per_hit,raw_percent_of_host,api-node1,api-node2,3,7,10,20.000000,17.000000,20.000000,34.000000,100.000000,50.000000,0.000000,1.000000,0.000000,0.000000,0.000000,1.000000,50.000000,50.000000,78.188333,80.576845,3.000000
2026-06-24T03:31:39.841173737Z,1000,per_hit,raw_percent_of_host,api-node1,api-node2,5,5,10,10.101010,20.000000,10.101010,40.000000,100.000000,50.000000,1.000000,0.000000,0.000000,0.000000,1.000000,0.000000,63.000000,86.333333,80.164944,74.040066,3.000000
2026-06-24T03:31:40.841174267Z,1000,per_hit,raw_percent_of_host,api-node1,api-node2,6,4,10,29.702970,8.080808,29.702970,16.161616,100.000000,50.000000,1.000000,0.000000,0.000000,0.000000,1.000000,0.000000,57.166667,50.000000,77.618659,78.532375,3.000000
2026-06-24T03:31:41.841174475Z,1000,per_hit,raw_percent_of_host,api-node1,api-node2,6,4,10,25.252525,13.000000,25.252525,26.000000,100.000000,50.000000,1.000000,0.000000,0.000000,0.000000,1.000000,0.000000,50.000000,82.750000,81.131649,75.366338,3.000000
2026-06-24T03:31:42.841172061Z,1000,per_hit,raw_percent_of_host,api-node1,api-node2,7,3,10,26.000000,12.121212,26.000000,24.242424,100.000000,50.000000,1.000000,0.000000,0.000000,0.000000,1.000000,0.000000,50.142857,94.666667,78.339576,76.441677,3.000000
2026-06-24T03:31:43.841175846Z,1000,per_hit,raw_percent_of_host,api-node1,api-node2,5,5,10,25.742574,13.000000,25.742574,26.000000,100.000000,50.000000,0.000000,1.000000,0.000000,0.000000,0.000000,1.000000,50.000000,82.250000,77.881878,77.891281,3.000000
2026-06-24T03:31:44.84117527Z,1000,per_hit,raw_percent_of_host,api-node1,api-node2,7,3,10,24.242424,13.131313,24.242424,26.262626,100.000000,50.000000,1.000000,0.000000,0.000000,0.000000,1.000000,0.000000,50.000000,50.000000,78.337328,77.822179,3.000000
2026-06-24T03:31:45.841174101Z,1000,per_hit,raw_percent_of_host,api-node1,api-node2,3,7,10,10.000000,20.000000,10.000000,40.000000,100.000000,50.000000,1.000000,0.000000,0.000000,0.000000,1.000000,0.000000,50.000000,61.000000,78.904264,77.322865,3.000000
2026-06-24T03:31:46.841175456Z,1000,per_hit,raw_percent_of_host,api-node1,api-node2,3,7,10,15.151515,21.568627,15.151515,43.137255,100.000000,50.000000,0.000000,1.000000,0.000000,0.000000,0.000000,1.000000,50.000000,70.333333,78.947540,76.977288,3.000000
2026-06-24T03:31:47.841175506Z,1000,per_hit,raw_percent_of_host,api-node1,api-node2,6,4,10,19.191919,13.131313,19.191919,26.262626,100.000000,50.000000,0.000000,1.000000,0.000000,0.000000,0.000000,1.000000,58.166667,50.000000,77.995897,77.795607,3.000000
2026-06-24T03:31:48.841172688Z,1000,per_hit,raw_percent_of_host,api-node1,api-node2,6,4,10,20.202020,18.181818,20.202020,36.363636,100.000000,50.000000,1.000000,0.000000,0.000000,0.000000,1.000000,0.000000,50.000000,50.000000,78.583896,78.482052,3.000000
2026-06-24T03:31:49.841173076Z,1000,per_hit,raw_percent_of_host,api-node1,api-node2,4,6,10,15.000000,21.212121,15.000000,42.424242,100.000000,50.000000,1.000000,0.000000,0.000000,0.000000,1.000000,0.000000,50.000000,87.833333,78.903411,76.755370,3.000000
2026-06-24T03:31:50.841172859Z,1000,per_hit,raw_percent_of_host,api-node1,api-node2,5,5,10,20.202020,20.588235,20.202020,41.176471,100.000000,50.000000,1.000000,0.000000,0.000000,0.000000,1.000000,0.000000,50.000000,50.000000,78.587701,78.671228,3.000000
2026-06-24T03:31:51.841175585Z,1000,per_hit,raw_percent_of_host,api-node1,api-node2,4,6,10,20.202020,19.607843,20.202020,39.215686,100.000000,50.000000,0.000000,1.000000,0.000000,0.000000,0.000000,1.000000,50.000000,50.000000,78.640005,78.337826,3.000000
2026-06-24T03:31:52.841172054Z,1000,per_hit,raw_percent_of_host,api-node1,api-node2,6,4,10,23.232323,14.851485,23.232323,29.702970,100.000000,50.000000,0.000000,1.000000,0.000000,0.000000,0.000000,1.000000,50.000000,50.000000,78.365807,78.244638,3.000000
2026-06-24T03:31:53.841173684Z,1000,per_hit,raw_percent_of_host,api-node1,api-node2,4,6,10,10.101010,20.202020,10.101010,40.404040,100.000000,50.000000,0.000000,1.000000,0.000000,0.000000,0.000000,1.000000,50.000000,63.166667,79.060153,76.964815,3.000000
2026-06-24T03:31:54.84117508Z,1000,per_hit,raw_percent_of_host,api-node1,api-node2,5,5,10,20.408163,18.811881,20.408163,37.623762,100.000000,50.000000,0.000000,1.000000,0.000000,0.000000,0.000000,1.000000,50.000000,50.000000,78.275492,78.864005,3.000000
2026-06-24T03:31:55.841172379Z,1000,per_hit,raw_percent_of_host,api-node1,api-node2,2,8,10,6.060606,29.807692,6.060606,59.615385,100.000000,50.000000,0.000000,1.000000,0.000000,0.000000,0.000000,1.000000,50.000000,78.500000,79.313371,76.127982,3.000000
2026-06-24T03:31:56.841171957Z,1000,per_hit,raw_percent_of_host,api-node1,api-node2,5,5,10,20.202020,17.171717,20.202020,34.343434,100.000000,50.000000,1.000000,0.000000,0.000000,0.000000,1.000000,0.000000,50.000000,50.000000,78.640005,78.531229,3.000000
2026-06-24T03:31:57.841175196Z,1000,per_hit,raw_percent_of_host,api-node1,api-node2,5,5,10,25.742574,12.000000,25.742574,24.000000,100.000000,50.000000,0.000000,1.000000,0.000000,0.000000,0.000000,1.000000,50.000000,82.500000,81.207520,74.607028,3.000000
2026-06-24T03:31:58.841175107Z,1000,per_hit,raw_percent_of_host,api-node1,api-node2,4,6,10,15.000000,22.549020,15.000000,45.098039,100.000000,50.000000,0.000000,1.000000,0.000000,0.000000,0.000000,1.000000,70.750000,61.166667,78.826998,77.740839,3.000000
2026-06-24T03:31:59.841172008Z,1000,per_hit,raw_percent_of_host,api-node1,api-node2,7,3,10,25.000000,14.000000,25.000000,28.000000,100.000000,50.000000,1.000000,0.000000,0.000000,0.000000,1.000000,0.000000,56.833333,50.000000,78.132094,77.915660,3.000000
2026-06-24T03:32:00.841172112Z,1000,per_hit,raw_percent_of_host,api-node1,api-node2,5,5,10,25.252525,12.000000,25.252525,24.000000,100.000000,50.000000,0.000000,1.000000,0.000000,0.000000,0.000000,1.000000,50.000000,50.000000,78.295559,77.593346,3.000000
2026-06-24T03:32:01.841172165Z,1000,per_hit,raw_percent_of_host,api-node1,api-node2,5,5,10,19.387755,17.171717,19.387755,34.343434,100.000000,50.000000,1.000000,0.000000,0.000000,0.000000,1.000000,0.000000,50.000000,50.000000,78.642361,78.364086,3.000000
2026-06-24T03:32:02.841174498Z,1000,per_hit,raw_percent_of_host,api-node1,api-node2,7,3,10,24.489796,13.861386,24.489796,27.722772,100.000000,50.000000,1.000000,0.000000,0.000000,0.000000,1.000000,0.000000,50.000000,50.000000,80.604916,77.178514,3.000000
2026-06-24T03:32:03.841175363Z,1000,per_hit,raw_percent_of_host,api-node1,api-node2,5,5,10,29.292929,9.000000,29.292929,18.000000,100.000000,50.000000,0.000000,1.000000,0.000000,0.000000,0.000000,1.000000,58.166667,50.000000,76.980304,79.273252,3.000000
2026-06-24T03:32:04.841175674Z,1000,per_hit,raw_percent_of_host,api-node1,api-node2,5,5,10,20.202020,17.171717,20.202020,34.343434,100.000000,50.000000,1.000000,0.000000,0.000000,0.000000,1.000000,0.000000,50.000000,50.000000,80.798401,77.607315,3.000000
2026-06-24T03:32:05.841174656Z,1000,per_hit,raw_percent_of_host,api-node1,api-node2,5,5,10,24.000000,8.000000,24.000000,16.000000,100.000000,50.000000,0.000000,1.000000,0.000000,0.000000,0.000000,1.000000,50.000000,67.000000,81.246436,76.666770,3.000000
2026-06-24T03:32:06.84117617Z,1000,per_hit,raw_percent_of_host,api-node1,api-node2,6,4,10,19.387755,12.121212,19.387755,24.242424,100.000000,50.000000,0.000000,1.000000,0.000000,0.000000,0.000000,1.000000,65.833333,50.000000,77.994824,77.304495,3.000000
2026-06-24T03:32:07.841179256Z,1000,per_hit,raw_percent_of_host,api-node1,api-node2,3,7,10,10.101010,21.000000,10.101010,42.000000,100.000000,50.000000,1.000000,0.000000,0.000000,0.000000,1.000000,0.000000,50.000000,59.500000,79.065135,77.597807,3.000000
2026-06-24T03:32:08.841174251Z,1000,per_hit,raw_percent_of_host,api-node1,api-node2,5,5,10,30.693069,9.090909,30.693069,18.181818,100.000000,50.000000,0.000000,1.000000,0.000000,0.000000,0.000000,1.000000,50.000000,50.000000,81.580386,76.813772,3.000000
2026-06-24T03:32:09.84117202Z,1000,per_hit,raw_percent_of_host,api-node1,api-node2,5,5,10,15.151515,17.821782,15.151515,35.643564,100.000000,50.000000,1.000000,0.000000,0.000000,0.000000,1.000000,0.000000,50.000000,74.166667,81.845946,76.431384,3.000000
2026-06-24T03:32:10.841172967Z,1000,per_hit,raw_percent_of_host,api-node1,api-node2,5,5,10,25.252525,12.000000,25.252525,24.000000,100.000000,50.000000,0.000000,1.000000,0.000000,0.000000,0.000000,1.000000,50.000000,50.000000,78.243255,77.541521,3.000000
2026-06-24T03:32:11.841175469Z,1000,per_hit,raw_percent_of_host,api-node1,api-node2,5,5,10,13.131313,16.000000,13.131313,32.000000,100.000000,50.000000,0.000000,1.000000,0.000000,0.000000,0.000000,1.000000,50.000000,65.600000,79.049739,76.185391,3.000000
2026-06-24T03:32:12.841174939Z,1000,per_hit,raw_percent_of_host,api-node1,api-node2,5,5,10,20.202020,18.811881,20.202020,37.623762,100.000000,50.000000,1.000000,0.000000,0.000000,0.000000,1.000000,0.000000,50.000000,50.000000,78.280375,78.865587,3.000000
2026-06-24T03:32:13.84117531Z,1000,per_hit,raw_percent_of_host,api-node1,api-node2,4,6,10,19.387755,15.841584,19.387755,31.683168,100.000000,50.000000,1.000000,0.000000,0.000000,0.000000,1.000000,0.000000,50.000000,50.000000,80.988606,77.174960,3.000000
2026-06-24T03:32:14.841175086Z,1000,per_hit,raw_percent_of_host,api-node1,api-node2,6,4,10,24.489796,13.725490,24.489796,27.450980,100.000000,50.000000,0.000000,1.000000,0.000000,0.000000,0.000000,1.000000,50.000000,50.000000,79.417815,77.102857,3.000000
2026-06-24T03:32:15.841174308Z,1000,per_hit,raw_percent_of_host,api-node1,api-node2,2,8,10,5.000000,28.431373,5.000000,56.862745,100.000000,50.000000,0.000000,1.000000,0.000000,0.000000,0.000000,1.000000,50.000000,77.250000,78.976205,81.423287,3.000000
2026-06-24T03:32:16.841178315Z,1000,per_hit,raw_percent_of_host,api-node1,api-node2,7,3,10,29.702970,9.090909,29.702970,18.181818,100.000000,50.000000,1.000000,0.000000,0.000000,0.000000,1.000000,0.000000,50.000000,50.000000,78.633475,78.393157,3.000000
2026-06-24T03:32:17.841172259Z,1000,per_hit,raw_percent_of_host,api-node1,api-node2,4,6,10,20.202020,15.841584,20.202020,31.683168,100.000000,50.000000,0.000000,1.000000,0.000000,0.000000,0.000000,1.000000,50.000000,50.000000,81.538411,77.142728,3.000000
2026-06-24T03:32:18.841176177Z,1000,per_hit,raw_percent_of_host,api-node1,api-node2,4,6,10,15.841584,19.191919,15.841584,38.383838,100.000000,50.000000,0.000000,1.000000,0.000000,0.000000,0.000000,1.000000,50.000000,50.000000,78.909913,78.085571,3.000000
2026-06-24T03:32:19.841172835Z,1000,per_hit,raw_percent_of_host,api-node1,api-node2,4,6,10,15.000000,19.387755,15.000000,38.775510,100.000000,50.000000,1.000000,0.000000,0.000000,0.000000,1.000000,0.000000,50.000000,50.000000,78.952888,78.371461,3.000000
2026-06-24T03:32:20.84117213Z,1000,per_hit,raw_percent_of_host,api-node1,api-node2,4,6,10,20.202020,15.841584,20.202020,31.683168,100.000000,50.000000,0.000000,1.000000,0.000000,0.000000,0.000000,1.000000,50.000000,50.000000,81.529403,77.174960,3.000000
2026-06-24T03:32:21.841172373Z,1000,per_hit,raw_percent_of_host,api-node1,api-node2,9,1,10,26.000000,10.101010,26.000000,20.202020,100.000000,50.000000,1.000000,0.000000,0.000000,0.000000,1.000000,0.000000,56.375000,50.000000,77.585025,78.070891,3.000000
2026-06-24T03:32:22.841173103Z,1000,per_hit,raw_percent_of_host,api-node1,api-node2,6,4,10,25.252525,15.000000,25.252525,30.000000,100.000000,50.000000,0.000000,1.000000,0.000000,0.000000,0.000000,1.000000,50.142857,50.000000,77.841336,81.543217,3.000000
2026-06-24T03:32:23.841177991Z,1000,per_hit,raw_percent_of_host,api-node1,api-node2,2,8,10,11.111111,21.000000,11.111111,42.000000,100.000000,50.000000,0.000000,1.000000,0.000000,0.000000,0.000000,1.000000,50.000000,59.375000,78.489986,78.707421,3.000000
2026-06-24T03:32:24.841174571Z,1000,per_hit,raw_percent_of_host,api-node1,api-node2,3,7,10,15.306122,22.549020,15.306122,45.098039,100.000000,50.000000,0.000000,1.000000,0.000000,0.000000,0.000000,1.000000,50.000000,50.000000,81.227092,77.377566,3.000000
2026-06-24T03:32:25.84117226Z,1000,per_hit,raw_percent_of_host,api-node1,api-node2,4,6,10,16.000000,15.151515,16.000000,30.303030,100.000000,50.000000,0.000000,1.000000,0.000000,0.000000,0.000000,1.000000,62.750000,50.000000,80.108665,77.277568,3.000000
2026-06-24T03:32:26.841174727Z,1000,per_hit,raw_percent_of_host,api-node1,api-node2,5,5,10,14.141414,21.568627,14.141414,43.137255,100.000000,50.000000,1.000000,0.000000,0.000000,0.000000,1.000000,0.000000,50.000000,62.000000,81.236336,76.922715,3.000000
2026-06-24T03:32:27.841175385Z,1000,per_hit,raw_percent_of_host,api-node1,api-node2,7,3,10,25.252525,13.000000,25.252525,26.000000,100.000000,50.000000,1.000000,0.000000,0.000000,0.000000,1.000000,0.000000,50.000000,50.000000,78.184566,77.760734,3.000000
2026-06-24T03:32:28.841174404Z,1000,per_hit,raw_percent_of_host,api-node1,api-node2,3,7,10,15.151515,18.627451,15.151515,37.254902,100.000000,50.000000,0.000000,1.000000,0.000000,0.000000,0.000000,1.000000,50.000000,63.000000,78.587910,79.714313,3.000000
2026-06-24T03:32:29.841172046Z,1000,per_hit,raw_percent_of_host,api-node1,api-node2,2,8,10,5.050505,23.762376,5.050505,47.524752,100.000000,50.000000,0.000000,1.000000,0.000000,0.000000,0.000000,1.000000,50.000000,78.500000,79.282344,77.557563,3.000000
2026-06-24T03:32:30.841174383Z,1000,per_hit,raw_percent_of_host,api-node1,api-node2,4,6,10,14.141414,19.191919,14.141414,38.383838,100.000000,50.000000,0.000000,1.000000,0.000000,0.000000,0.000000,1.000000,50.000000,50.000000,78.947817,78.063624,3.000000
2026-06-24T03:32:31.841174878Z,1000,per_hit,raw_percent_of_host,api-node1,api-node2,6,4,10,15.000000,15.306122,15.000000,30.612245,100.000000,50.000000,1.000000,0.000000,0.000000,0.000000,1.000000,0.000000,60.000000,50.000000,78.199593,77.930973,3.000000
2026-06-24T03:32:32.841174658Z,1000,per_hit,raw_percent_of_host,api-node1,api-node2,4,6,10,15.151515,20.792079,15.151515,41.584158,100.000000,50.000000,0.000000,1.000000,0.000000,0.000000,0.000000,1.000000,50.000000,95.000000,78.887546,77.195269,3.000000
2026-06-24T03:32:33.841173029Z,1000,per_hit,raw_percent_of_host,api-node1,api-node2,6,4,10,20.202020,17.171717,20.202020,34.343434,100.000000,50.000000,1.000000,0.000000,0.000000,0.000000,1.000000,0.000000,50.000000,50.000000,78.196796,79.409914,3.000000
2026-06-24T03:32:34.841173391Z,1000,per_hit,raw_percent_of_host,api-node1,api-node2,4,6,10,20.202020,13.725490,20.202020,27.450980,100.000000,50.000000,1.000000,0.000000,0.000000,0.000000,1.000000,0.000000,50.000000,63.000000,78.642775,76.637405,3.000000
2026-06-24T03:32:35.841172033Z,1000,per_hit,raw_percent_of_host,api-node1,api-node2,7,3,10,25.000000,10.891089,25.000000,21.782178,100.000000,50.000000,0.000000,1.000000,0.000000,0.000000,0.000000,1.000000,56.375000,50.000000,80.364599,77.131419,3.000000
2026-06-24T03:32:36.841174256Z,1000,per_hit,raw_percent_of_host,api-node1,api-node2,3,7,10,15.000000,19.387755,15.000000,38.775510,100.000000,50.000000,0.000000,1.000000,0.000000,0.000000,0.000000,1.000000,50.000000,50.000000,78.586565,80.810816,3.000000
2026-06-24T03:32:37.841171666Z,1000,per_hit,raw_percent_of_host,api-node1,api-node2,6,4,10,20.000000,18.811881,20.000000,37.623762,100.000000,50.000000,1.000000,0.000000,0.000000,0.000000,1.000000,0.000000,50.000000,50.000000,81.561232,76.848275,3.000000
2026-06-24T03:32:38.841172322Z,1000,per_hit,raw_percent_of_host,api-node1,api-node2,5,5,10,24.752475,11.000000,24.752475,22.000000,100.000000,50.000000,0.000000,1.000000,0.000000,0.000000,0.000000,1.000000,73.333333,50.000000,77.150926,78.133080,3.000000
2026-06-24T03:32:39.841172898Z,1000,per_hit,raw_percent_of_host,api-node1,api-node2,5,5,10,10.101010,21.782178,10.101010,43.564356,100.000000,50.000000,1.000000,0.000000,0.000000,0.000000,1.000000,0.000000,50.000000,85.666667,81.421079,75.163531,3.000000
2026-06-24T03:32:40.841174462Z,1000,per_hit,raw_percent_of_host,api-node1,api-node2,5,5,10,24.242424,11.111111,24.242424,22.222222,100.000000,50.000000,0.000000,1.000000,0.000000,0.000000,0.000000,1.000000,50.000000,50.000000,77.977698,79.892875,3.000000
2026-06-24T03:32:41.841174739Z,1000,per_hit,raw_percent_of_host,api-node1,api-node2,6,4,10,20.792079,19.000000,20.792079,38.000000,100.000000,50.000000,1.000000,0.000000,0.000000,0.000000,1.000000,0.000000,50.000000,77.000000,78.546785,76.987393,3.000000
2026-06-24T03:32:42.841171989Z,1000,per_hit,raw_percent_of_host,api-node1,api-node2,5,5,10,25.252525,13.000000,25.252525,26.000000,100.000000,50.000000,0.000000,1.000000,0.000000,0.000000,0.000000,1.000000,50.000000,50.000000,78.239450,77.801059,3.000000
2026-06-24T03:32:43.841175129Z,1000,per_hit,raw_percent_of_host,api-node1,api-node2,4,6,10,15.151515,22.549020,15.151515,45.098039,100.000000,50.000000,0.000000,1.000000,0.000000,0.000000,0.000000,1.000000,50.000000,72.000000,78.947540,76.953877,3.000000
2026-06-24T03:32:44.841183122Z,1000,per_hit,raw_percent_of_host,api-node1,api-node2,5,5,10,15.151515,20.000000,15.151515,40.000000,100.000000,50.000000,0.000000,1.000000,0.000000,0.000000,0.000000,1.000000,50.000000,77.200000,78.895236,77.260891,3.000000
2026-06-24T03:32:45.841175503Z,1000,per_hit,raw_percent_of_host,api-node1,api-node2,6,4,10,20.000000,14.000000,20.000000,28.000000,100.000000,50.000000,0.000000,1.000000,0.000000,0.000000,0.000000,1.000000,58.666667,50.000000,77.118906,80.175788,3.000000
2026-06-24T03:32:46.841173841Z,1000,per_hit,raw_percent_of_host,api-node1,api-node2,4,6,10,10.101010,23.762376,10.101010,47.524752,100.000000,50.000000,1.000000,0.000000,0.000000,0.000000,1.000000,0.000000,50.000000,50.000000,79.124412,78.976205,3.000000
2026-06-24T03:32:47.841176262Z,1000,per_hit,raw_percent_of_host,api-node1,api-node2,5,5,10,19.387755,16.161616,19.387755,32.323232,100.000000,50.000000,1.000000,0.000000,0.000000,0.000000,1.000000,0.000000,50.000000,50.000000,78.583672,77.987583,3.000000
2026-06-24T03:32:48.841172195Z,1000,per_hit,raw_percent_of_host,api-node1,api-node2,3,7,10,15.151515,21.568627,15.151515,43.137255,100.000000,50.000000,0.000000,1.000000,0.000000,0.000000,0.000000,1.000000,50.000000,50.000000,78.895236,78.525231,3.000000
2026-06-24T03:32:49.841174867Z,1000,per_hit,raw_percent_of_host,api-node1,api-node2,4,6,10,10.101010,28.155340,10.101010,56.310680,100.000000,50.000000,1.000000,0.000000,0.000000,0.000000,1.000000,0.000000,50.000000,92.428571,79.180521,76.405290,3.000000
2026-06-24T03:32:50.841172997Z,1000,per_hit,raw_percent_of_host,api-node1,api-node2,4,6,10,16.000000,19.191919,16.000000,38.383838,100.000000,50.000000,1.000000,0.000000,0.000000,0.000000,1.000000,0.000000,50.000000,72.333333,78.845074,76.967823,3.000000
2026-06-24T03:32:51.841175906Z,1000,per_hit,raw_percent_of_host,api-node1,api-node2,6,4,10,25.252525,14.563107,25.252525,29.126214,100.000000,50.000000,0.000000,1.000000,0.000000,0.000000,0.000000,1.000000,50.000000,50.000000,78.295559,76.635087,3.000000
2026-06-24T03:32:52.841172167Z,1000,per_hit,raw_percent_of_host,api-node1,api-node2,3,7,10,5.050505,22.772277,5.050505,45.544554,100.000000,50.000000,1.000000,0.000000,0.000000,0.000000,1.000000,0.000000,50.000000,59.250000,78.984332,81.067620,3.000000
2026-06-24T03:32:53.841172074Z,1000,per_hit,raw_percent_of_host,api-node1,api-node2,4,6,10,20.000000,16.326531,20.000000,32.653061,100.000000,50.000000,1.000000,0.000000,0.000000,0.000000,1.000000,0.000000,50.000000,50.000000,78.542826,77.483053,3.000000
2026-06-24T03:32:54.841172039Z,1000,per_hit,raw_percent_of_host,api-node1,api-node2,6,4,10,25.252525,14.141414,25.252525,28.282828,100.000000,50.000000,1.000000,0.000000,0.000000,0.000000,1.000000,0.000000,50.000000,50.000000,81.175950,76.613153,3.000000
2026-06-24T03:32:55.841174112Z,1000,per_hit,raw_percent_of_host,api-node1,api-node2,3,7,10,15.000000,21.568627,15.000000,43.137255,100.000000,50.000000,0.000000,1.000000,0.000000,0.000000,0.000000,1.000000,50.000000,72.500000,78.955715,77.174443,3.000000
2026-06-24T03:32:56.841175151Z,1000,per_hit,raw_percent_of_host,api-node1,api-node2,3,7,10,15.000000,21.782178,15.000000,43.564356,100.000000,50.000000,0.000000,1.000000,0.000000,0.000000,0.000000,1.000000,50.000000,50.000000,78.899606,78.704184,3.000000
2026-06-24T03:32:57.841172968Z,1000,per_hit,raw_percent_of_host,api-node1,api-node2,6,4,10,20.202020,13.000000,20.202020,26.000000,100.000000,50.000000,1.000000,0.000000,0.000000,0.000000,1.000000,0.000000,52.200000,50.000000,81.266817,76.703078,3.000000
2026-06-24T03:32:58.841172428Z,1000,per_hit,raw_percent_of_host,api-node1,api-node2,4,6,10,19.191919,17.000000,19.191919,34.000000,100.000000,50.000000,0.000000,1.000000,0.000000,0.000000,0.000000,1.000000,50.000000,76.200000,80.375967,76.519225,3.000000
2026-06-24T03:32:59.841174866Z,1000,per_hit,raw_percent_of_host,api-node1,api-node2,4,6,10,15.151515,19.607843,15.151515,39.215686,100.000000,50.000000,0.000000,1.000000,0.000000,0.000000,0.000000,1.000000,50.000000,63.000000,78.891431,77.315298,3.000000
2026-06-24T03:33:00.84117193Z,1000,per_hit,raw_percent_of_host,api-node1,api-node2,3,7,10,5.000000,24.509804,5.000000,49.019608,100.000000,50.000000,0.000000,1.000000,0.000000,0.000000,0.000000,1.000000,50.000000,61.142857,79.335835,76.959263,3.000000
2026-06-24T03:33:01.841172489Z,1000,per_hit,raw_percent_of_host,api-node1,api-node2,5,5,10,25.252525,13.131313,25.252525,26.262626,100.000000,50.000000,0.000000,1.000000,0.000000,0.000000,0.000000,1.000000,50.000000,50.000000,77.852351,78.757243,3.000000
2026-06-24T03:33:02.841173318Z,1000,per_hit,raw_percent_of_host,api-node1,api-node2,6,4,10,20.202020,13.131313,20.202020,26.262626,100.000000,50.000000,0.000000,1.000000,0.000000,0.000000,0.000000,1.000000,58.666667,50.000000,80.764725,77.065409,3.000000
2026-06-24T03:33:03.841172582Z,1000,per_hit,raw_percent_of_host,api-node1,api-node2,7,3,10,20.202020,18.627451,20.202020,37.254902,100.000000,50.000000,1.000000,0.000000,0.000000,0.000000,1.000000,0.000000,50.000000,50.000000,78.453781,78.511858,3.000000
2026-06-24T03:33:04.841172895Z,1000,per_hit,raw_percent_of_host,api-node1,api-node2,5,5,10,25.000000,11.224490,25.000000,22.448980,100.000000,50.000000,0.000000,1.000000,0.000000,0.000000,0.000000,1.000000,50.000000,50.000000,77.914679,80.130079,3.000000
2026-06-24T03:33:05.841172695Z,1000,per_hit,raw_percent_of_host,api-node1,api-node2,6,4,10,26.000000,15.000000,26.000000,30.000000,100.000000,50.000000,1.000000,0.000000,0.000000,0.000000,1.000000,0.000000,50.000000,50.000000,78.357038,77.890126,3.000000
2026-06-24T03:33:06.841174368Z,1000,per_hit,raw_percent_of_host,api-node1,api-node2,5,5,10,20.000000,13.131313,20.000000,26.262626,100.000000,50.000000,0.000000,1.000000,0.000000,0.000000,0.000000,1.000000,51.500000,106.250000,80.794963,74.013456,3.000000
2026-06-24T03:33:07.841179838Z,1000,per_hit,raw_percent_of_host,api-node1,api-node2,6,4,10,20.000000,18.000000,20.000000,36.000000,100.000000,50.000000,1.000000,0.000000,0.000000,0.000000,1.000000,0.000000,50.000000,50.000000,78.593825,78.647721,3.000000
2026-06-24T03:33:08.841176098Z,1000,per_hit,raw_percent_of_host,api-node1,api-node2,8,2,10,30.000000,6.000000,30.000000,12.000000,100.000000,50.000000,1.000000,0.000000,0.000000,0.000000,1.000000,0.000000,56.250000,50.000000,77.921530,78.321312,3.000000
2026-06-24T03:33:09.841172086Z,1000,per_hit,raw_percent_of_host,api-node1,api-node2,6,4,10,30.000000,8.080808,30.000000,16.161616,100.000000,50.000000,1.000000,0.000000,0.000000,0.000000,1.000000,0.000000,50.000000,50.000000,78.597710,78.532375,3.000000
2026-06-24T03:33:10.841172971Z,1000,per_hit,raw_percent_of_host,api-node1,api-node2,6,4,10,29.000000,9.090909,29.000000,18.181818,100.000000,50.000000,0.000000,1.000000,0.000000,0.000000,0.000000,1.000000,50.000000,50.000000,81.446877,77.183439,3.000000
2026-06-24T03:33:11.841172818Z,1000,per_hit,raw_percent_of_host,api-node1,api-node2,6,4,10,20.000000,15.000000,20.000000,30.000000,100.000000,50.000000,0.000000,1.000000,0.000000,0.000000,0.000000,1.000000,52.000000,50.000000,78.460359,78.097839,3.000000
2026-06-24T03:33:12.841173077Z,1000,per_hit,raw_percent_of_host,api-node1,api-node2,3,7,10,6.000000,23.000000,6.000000,46.000000,100.000000,50.000000,1.000000,0.000000,0.000000,0.000000,1.000000,0.000000,50.000000,60.000000,79.113282,77.775493,3.000000
2026-06-24T03:33:13.841172242Z,1000,per_hit,raw_percent_of_host,api-node1,api-node2,6,4,10,30.000000,8.080808,30.000000,16.161616,100.000000,50.000000,1.000000,0.000000,0.000000,0.000000,1.000000,0.000000,50.000000,50.000000,78.653819,77.579255,3.000000
2026-06-24T03:33:14.84117489Z,1000,per_hit,raw_percent_of_host,api-node1,api-node2,5,5,10,25.252525,10.101010,25.252525,20.202020,100.000000,50.000000,0.000000,1.000000,0.000000,0.000000,0.000000,1.000000,58.666667,50.000000,79.970481,76.720409,3.000000
2026-06-24T03:33:15.8411727Z,1000,per_hit,raw_percent_of_host,api-node1,api-node2,3,7,10,15.000000,21.428571,15.000000,42.857143,100.000000,50.000000,0.000000,1.000000,0.000000,0.000000,0.000000,1.000000,50.000000,82.000000,80.571028,76.490205,3.000000
2026-06-24T03:33:16.841173176Z,1000,per_hit,raw_percent_of_host,api-node1,api-node2,8,2,10,29.000000,9.000000,29.000000,18.000000,100.000000,50.000000,1.000000,0.000000,0.000000,0.000000,1.000000,0.000000,50.000000,50.000000,81.464857,77.162570,3.000000
2026-06-24T03:33:17.841172072Z,1000,per_hit,raw_percent_of_host,api-node1,api-node2,4,6,10,15.151515,23.300971,15.151515,46.601942,100.000000,50.000000,0.000000,1.000000,0.000000,0.000000,0.000000,1.000000,50.000000,76.600000,78.895236,77.457372,3.000000
2026-06-24T03:33:18.841175447Z,1000,per_hit,raw_percent_of_host,api-node1,api-node2,8,2,10,28.571429,9.000000,28.571429,18.000000,100.000000,50.000000,1.000000,0.000000,0.000000,0.000000,1.000000,0.000000,50.000000,50.000000,78.120711,81.681809,3.000000
2026-06-24T03:33:19.841171955Z,1000,per_hit,raw_percent_of_host,api-node1,api-node2,4,6,10,20.202020,18.000000,20.202020,36.000000,100.000000,50.000000,0.000000,1.000000,0.000000,0.000000,0.000000,1.000000,50.000000,50.000000,78.640005,77.995932,3.000000
2026-06-24T03:33:20.84117518Z,1000,per_hit,raw_percent_of_host,api-node1,api-node2,6,4,10,25.000000,14.000000,25.000000,28.000000,100.000000,50.000000,1.000000,0.000000,0.000000,0.000000,1.000000,0.000000,50.000000,50.000000,78.274309,77.714132,3.000000
2026-06-24T03:33:21.84117257Z,1000,per_hit,raw_percent_of_host,api-node1,api-node2,4,6,10,20.000000,17.171717,20.000000,34.343434,100.000000,50.000000,0.000000,1.000000,0.000000,0.000000,0.000000,1.000000,50.000000,50.000000,81.525202,77.607315,3.000000
2026-06-24T03:33:22.841175954Z,1000,per_hit,raw_percent_of_host,api-node1,api-node2,4,6,10,6.000000,24.509804,6.000000,49.019608,100.000000,50.000000,1.000000,0.000000,0.000000,0.000000,1.000000,0.000000,50.000000,61.000000,79.312232,77.006903,3.000000
2026-06-24T03:33:23.841172759Z,1000,per_hit,raw_percent_of_host,api-node1,api-node2,5,5,10,20.000000,16.161616,20.000000,32.323232,100.000000,50.000000,1.000000,0.000000,0.000000,0.000000,1.000000,0.000000,50.000000,50.000000,78.199595,78.577681,3.000000
2026-06-24T03:33:24.841172512Z,1000,per_hit,raw_percent_of_host,api-node1,api-node2,7,3,10,30.693069,5.050505,30.693069,10.101010,100.000000,50.000000,0.000000,1.000000,0.000000,0.000000,0.000000,1.000000,56.500000,50.000000,77.947110,78.399959,3.000000
2026-06-24T03:33:25.841171987Z,1000,per_hit,raw_percent_of_host,api-node1,api-node2,5,5,10,18.367347,14.705882,18.367347,29.411765,100.000000,50.000000,1.000000,0.000000,0.000000,0.000000,1.000000,0.000000,50.000000,62.166667,78.704271,77.072902,3.000000
2026-06-24T03:33:26.841174956Z,1000,per_hit,raw_percent_of_host,api-node1,api-node2,2,7,9,5.050505,17.000000,5.050505,34.000000,100.000000,50.000000,0.000000,0.000000,0.000000,0.000000,0.000000,0.000000,50.000000,84.714286,82.535082,76.617939,3.000000
2026-06-24T03:33:27.841173745Z,1000,per_hit,raw_percent_of_host,api-node1,api-node2,2,8,10,6.000000,12.871287,6.000000,25.742574,100.000000,50.000000,0.000000,0.000000,0.000000,0.000000,0.000000,0.000000,50.000000,86.125000,78.908698,73.672684,3.000000
2026-06-24T03:33:28.841181387Z,1000,per_hit,raw_percent_of_host,api-node1,api-node2,8,3,11,23.232323,13.861386,23.232323,27.722772,100.000000,50.000000,1.000000,0.000000,0.000000,0.000000,1.000000,0.000000,51.428571,50.000000,78.470550,77.472060,3.000000
2026-06-24T03:33:29.841172175Z,1000,per_hit,raw_percent_of_host,api-node1,api-node2,2,8,10,15.000000,23.076923,15.000000,46.153846,100.000000,50.000000,0.000000,1.000000,0.000000,0.000000,0.000000,1.000000,50.000000,69.000000,78.501492,80.790009,3.000000
2026-06-24T03:33:30.841173336Z,1000,per_hit,raw_percent_of_host,api-node1,api-node2,7,3,10,24.242424,14.000000,24.242424,28.000000,100.000000,50.000000,1.000000,0.000000,0.000000,0.000000,1.000000,0.000000,50.000000,50.000000,80.618945,77.085927,3.000000
2026-06-24T03:33:31.841175224Z,1000,per_hit,raw_percent_of_host,api-node1,api-node2,2,8,10,14.285714,22.330097,14.285714,44.660194,100.000000,50.000000,0.000000,1.000000,0.000000,0.000000,0.000000,1.000000,50.000000,69.142857,78.940416,77.435554,3.000000
2026-06-24T03:33:32.841173602Z,1000,per_hit,raw_percent_of_host,api-node1,api-node2,5,5,10,11.111111,24.509804,11.111111,49.019608,100.000000,50.000000,1.000000,0.000000,0.000000,0.000000,1.000000,0.000000,50.000000,50.000000,81.427906,77.939263,3.000000
2026-06-24T03:33:33.841174595Z,1000,per_hit,raw_percent_of_host,api-node1,api-node2,3,7,10,15.841584,21.568627,15.841584,43.137255,100.000000,50.000000,1.000000,0.000000,0.000000,0.000000,1.000000,0.000000,50.000000,67.571429,78.466704,80.762335,3.000000
2026-06-24T03:33:34.841171972Z,1000,per_hit,raw_percent_of_host,api-node1,api-node2,4,6,10,19.191919,17.475728,19.191919,34.951456,100.000000,50.000000,0.000000,1.000000,0.000000,0.000000,0.000000,1.000000,50.000000,50.000000,81.596954,77.852744,3.000000
2026-06-24T03:33:35.841172011Z,1000,per_hit,raw_percent_of_host,api-node1,api-node2,8,2,10,25.252525,13.861386,25.252525,27.722772,100.000000,50.000000,1.000000,0.000000,0.000000,0.000000,1.000000,0.000000,51.857143,50.000000,77.995382,78.112381,3.000000
2026-06-24T03:33:36.841172097Z,1000,per_hit,raw_percent_of_host,api-node1,api-node2,7,3,10,20.000000,13.000000,20.000000,26.000000,100.000000,50.000000,1.000000,0.000000,0.000000,0.000000,1.000000,0.000000,57.428571,50.000000,77.552255,81.264451,3.000000
2026-06-24T03:33:37.841173097Z,1000,per_hit,raw_percent_of_host,api-node1,api-node2,5,5,10,20.000000,16.161616,20.000000,32.323232,100.000000,50.000000,0.000000,1.000000,0.000000,0.000000,0.000000,1.000000,50.000000,50.000000,78.097839,80.478764,3.000000
2026-06-24T03:33:38.841171988Z,1000,per_hit,raw_percent_of_host,api-node1,api-node2,4,6,10,14.285714,20.202020,14.285714,40.404040,100.000000,50.000000,0.000000,1.000000,0.000000,0.000000,0.000000,1.000000,50.000000,50.000000,78.633090,79.733422,3.000000
2026-06-24T03:33:39.841179498Z,1000,per_hit,raw_percent_of_host,api-node1,api-node2,4,6,10,14.141414,22.000000,14.141414,44.000000,100.000000,50.000000,0.000000,1.000000,0.000000,0.000000,0.000000,1.000000,50.000000,87.166667,78.947817,76.860096,3.000000
2026-06-24T03:33:40.84117336Z,1000,per_hit,raw_percent_of_host,api-node1,api-node2,5,5,10,15.151515,22.549020,15.151515,45.098039,100.000000,50.000000,0.000000,1.000000,0.000000,0.000000,0.000000,1.000000,50.000000,50.000000,78.832155,78.555274,3.000000
2026-06-24T03:33:41.841174698Z,1000,per_hit,raw_percent_of_host,api-node1,api-node2,4,6,10,15.000000,22.772277,15.000000,45.544554,100.000000,50.000000,0.000000,1.000000,0.000000,0.000000,0.000000,1.000000,50.000000,50.000000,78.596085,82.225233,3.000000
2026-06-24T03:33:42.841171931Z,1000,per_hit,raw_percent_of_host,api-node1,api-node2,5,5,10,14.141414,18.803419,14.141414,37.606838,100.000000,50.000000,0.000000,1.000000,0.000000,0.000000,0.000000,1.000000,50.000000,78.400000,78.947817,76.894726,3.000000
2026-06-24T03:33:43.84118067Z,1000,per_hit,raw_percent_of_host,api-node1,api-node2,4,6,10,10.784314,24.242424,10.784314,48.484848,100.000000,50.000000,0.000000,1.000000,0.000000,0.000000,0.000000,1.000000,50.000000,86.500000,78.687857,81.852492,3.000000
2026-06-24T03:33:44.841172712Z,1000,per_hit,raw_percent_of_host,api-node1,api-node2,5,5,10,20.202020,17.171717,20.202020,34.343434,100.000000,50.000000,1.000000,0.000000,0.000000,0.000000,1.000000,0.000000,50.000000,71.666667,78.185782,79.247156,3.000000
2026-06-24T03:33:45.841175346Z,1000,per_hit,raw_percent_of_host,api-node1,api-node2,2,8,10,15.841584,21.359223,15.841584,42.718447,100.000000,50.000000,0.000000,1.000000,0.000000,0.000000,0.000000,1.000000,50.000000,68.142857,79.422043,76.339779,3.000000
2026-06-24T03:33:46.841171933Z,1000,per_hit,raw_percent_of_host,api-node1,api-node2,4,6,10,14.285714,19.000000,14.285714,38.000000,100.000000,50.000000,0.000000,1.000000,0.000000,0.000000,0.000000,1.000000,50.000000,73.333333,81.882118,76.807234,3.000000
2026-06-24T03:33:47.841175414Z,1000,per_hit,raw_percent_of_host,api-node1,api-node2,3,7,10,10.101010,28.431373,10.101010,56.862745,100.000000,50.000000,1.000000,0.000000,0.000000,0.000000,1.000000,0.000000,50.000000,78.375000,79.128217,75.771188,3.000000
2026-06-24T03:33:48.841174769Z,1000,per_hit,raw_percent_of_host,api-node1,api-node2,5,5,10,20.000000,16.666667,20.000000,33.333333,100.000000,50.000000,1.000000,0.000000,0.000000,0.000000,1.000000,0.000000,50.000000,50.000000,81.534209,77.785786,3.000000
2026-06-24T03:33:49.841175608Z,1000,per_hit,raw_percent_of_host,api-node1,api-node2,6,4,10,24.752475,13.131313,24.752475,26.262626,100.000000,50.000000,0.000000,1.000000,0.000000,0.000000,0.000000,1.000000,50.000000,50.000000,78.292313,77.795607,3.000000
2026-06-24T03:33:50.841172155Z,1000,per_hit,raw_percent_of_host,api-node1,api-node2,5,5,10,15.000000,21.782178,15.000000,43.564356,100.000000,50.000000,0.000000,1.000000,0.000000,0.000000,0.000000,1.000000,50.000000,50.000000,78.586565,79.812618,3.000000
2026-06-24T03:33:51.84117281Z,1000,per_hit,raw_percent_of_host,api-node1,api-node2,4,6,10,14.141414,20.202020,14.141414,40.404040,100.000000,50.000000,0.000000,1.000000,0.000000,0.000000,0.000000,1.000000,50.000000,50.000000,78.456982,78.656282,3.000000
2026-06-24T03:33:52.841172929Z,1000,per_hit,raw_percent_of_host,api-node1,api-node2,7,3,10,20.000000,12.121212,20.000000,24.242424,100.000000,50.000000,1.000000,0.000000,0.000000,0.000000,1.000000,0.000000,57.833333,50.000000,77.907356,77.781348,3.000000
2026-06-24T03:33:53.841175841Z,1000,per_hit,raw_percent_of_host,api-node1,api-node2,2,8,10,15.151515,23.529412,15.151515,47.058824,100.000000,50.000000,0.000000,1.000000,0.000000,0.000000,0.000000,1.000000,50.000000,82.571429,78.891431,77.278522,3.000000
2026-06-24T03:33:54.841172009Z,1000,per_hit,raw_percent_of_host,api-node1,api-node2,6,4,10,23.232323,13.000000,23.232323,26.000000,100.000000,50.000000,1.000000,0.000000,0.000000,0.000000,1.000000,0.000000,57.400000,50.000000,80.706036,76.989149,3.000000
2026-06-24T03:33:55.841174762Z,1000,per_hit,raw_percent_of_host,api-node1,api-node2,3,7,10,14.285714,19.417476,14.285714,38.834951,100.000000,50.000000,0.000000,1.000000,0.000000,0.000000,0.000000,1.000000,60.000000,62.166667,80.607143,76.818581,3.000000
2026-06-24T03:33:56.841172046Z,1000,per_hit,raw_percent_of_host,api-node1,api-node2,6,4,10,20.202020,18.627451,20.202020,37.254902,100.000000,50.000000,0.000000,1.000000,0.000000,0.000000,0.000000,1.000000,50.000000,50.000000,78.642775,78.471533,3.000000
2026-06-24T03:33:57.841174415Z,1000,per_hit,raw_percent_of_host,api-node1,api-node2,7,3,10,20.000000,14.000000,20.000000,28.000000,100.000000,50.000000,0.000000,1.000000,0.000000,0.000000,0.000000,1.000000,57.428571,50.000000,77.356329,80.151409,3.000000
2026-06-24T03:33:58.841173841Z,1000,per_hit,raw_percent_of_host,api-node1,api-node2,7,3,10,24.242424,14.563107,24.242424,29.126214,100.000000,50.000000,1.000000,0.000000,0.000000,0.000000,1.000000,0.000000,50.000000,68.500000,77.871842,80.461090,3.000000
2026-06-24T03:33:59.841174907Z,1000,per_hit,raw_percent_of_host,api-node1,api-node2,6,4,10,25.000000,8.163265,25.000000,16.326531,100.000000,50.000000,1.000000,0.000000,0.000000,0.000000,1.000000,0.000000,51.833333,82.750000,78.014506,76.104781,3.000000
2026-06-24T03:34:00.841175248Z,1000,per_hit,raw_percent_of_host,api-node1,api-node2,6,4,10,30.303030,11.000000,30.303030,22.000000,100.000000,50.000000,1.000000,0.000000,0.000000,0.000000,1.000000,0.000000,50.000000,50.000000,80.948766,76.923362,3.000000
2026-06-24T03:34:01.841173019Z,1000,per_hit,raw_percent_of_host,api-node1,api-node2,5,5,10,19.801980,16.831683,19.801980,33.663366,100.000000,50.000000,0.000000,1.000000,0.000000,0.000000,0.000000,1.000000,50.000000,82.250000,80.955046,76.237835,3.000000
2026-06-24T03:34:02.841176948Z,1000,per_hit,raw_percent_of_host,api-node1,api-node2,4,6,10,15.151515,22.549020,15.151515,45.098039,100.000000,50.000000,0.000000,1.000000,0.000000,0.000000,0.000000,1.000000,50.000000,50.000000,78.578390,79.847965,3.000000
2026-06-24T03:34:03.841175677Z,1000,per_hit,raw_percent_of_host,api-node1,api-node2,6,4,10,16.000000,22.549020,16.000000,45.098039,100.000000,50.000000,1.000000,0.000000,0.000000,0.000000,1.000000,0.000000,50.000000,50.000000,78.780815,78.520317,3.000000
2026-06-24T03:34:04.841173921Z,1000,per_hit,raw_percent_of_host,api-node1,api-node2,6,4,10,25.000000,14.000000,25.000000,28.000000,100.000000,50.000000,1.000000,0.000000,0.000000,0.000000,1.000000,0.000000,50.000000,50.000000,77.831100,81.419377,3.000000
2026-06-24T03:34:05.841172954Z,1000,per_hit,raw_percent_of_host,api-node1,api-node2,6,4,10,20.202020,17.000000,20.202020,34.000000,100.000000,50.000000,1.000000,0.000000,0.000000,0.000000,1.000000,0.000000,50.000000,50.000000,78.637177,78.332069,3.000000
2026-06-24T03:34:06.841187189Z,1000,per_hit,raw_percent_of_host,api-node1,api-node2,6,4,10,24.000000,13.000000,24.000000,26.000000,100.000000,50.000000,0.000000,1.000000,0.000000,0.000000,0.000000,1.000000,50.000000,50.333333,77.997408,78.891040,3.000000
2026-06-24T03:34:07.841175661Z,1000,per_hit,raw_percent_of_host,api-node1,api-node2,7,3,10,15.000000,16.000000,15.000000,32.000000,100.000000,50.000000,1.000000,0.000000,0.000000,0.000000,1.000000,0.000000,58.500000,50.000000,77.892267,79.273252,3.000000
2026-06-24T03:34:08.841172366Z,1000,per_hit,raw_percent_of_host,api-node1,api-node2,5,5,10,21.000000,16.161616,21.000000,32.323232,100.000000,50.000000,1.000000,0.000000,0.000000,0.000000,1.000000,0.000000,50.000000,50.000000,78.130243,80.478764,3.000000
2026-06-24T03:34:09.841172729Z,1000,per_hit,raw_percent_of_host,api-node1,api-node2,5,5,10,25.000000,12.000000,25.000000,24.000000,100.000000,50.000000,1.000000,0.000000,0.000000,0.000000,1.000000,0.000000,50.000000,50.000000,78.218200,77.801059,3.000000
2026-06-24T03:34:10.841173403Z,1000,per_hit,raw_percent_of_host,api-node1,api-node2,2,8,10,10.101010,26.470588,10.101010,52.941176,100.000000,50.000000,0.000000,1.000000,0.000000,0.000000,0.000000,1.000000,50.000000,82.285714,82.060911,76.280105,3.000000
2026-06-24T03:34:11.841172819Z,1000,per_hit,raw_percent_of_host,api-node1,api-node2,6,4,10,19.191919,17.171717,19.191919,34.343434,100.000000,50.000000,1.000000,0.000000,0.000000,0.000000,1.000000,0.000000,50.000000,50.000000,78.655252,78.337513,3.000000
2026-06-24T03:34:12.841174338Z,1000,per_hit,raw_percent_of_host,api-node1,api-node2,4,6,10,19.191919,17.171717,19.191919,34.343434,100.000000,50.000000,0.000000,1.000000,0.000000,0.000000,0.000000,1.000000,50.000000,94.200000,78.655252,76.397632,3.000000
2026-06-24T03:34:13.841172907Z,1000,per_hit,raw_percent_of_host,api-node1,api-node2,6,4,10,19.191919,17.171717,19.191919,34.343434,100.000000,50.000000,0.000000,1.000000,0.000000,0.000000,0.000000,1.000000,50.000000,50.000000,78.651447,78.364086,3.000000
2026-06-24T03:34:14.841175631Z,1000,per_hit,raw_percent_of_host,api-node1,api-node2,4,6,10,9.900990,24.000000,9.900990,48.000000,100.000000,50.000000,1.000000,0.000000,0.000000,0.000000,1.000000,0.000000,83.000000,82.142857,78.058682,80.688632,3.000000
2026-06-24T03:34:15.841172941Z,1000,per_hit,raw_percent_of_host,api-node1,api-node2,7,3,10,20.000000,13.131313,20.000000,26.262626,100.000000,50.000000,1.000000,0.000000,0.000000,0.000000,1.000000,0.000000,57.428571,125.333333,77.855776,73.710813,3.000000
2026-06-24T03:34:16.841175369Z,1000,per_hit,raw_percent_of_host,api-node1,api-node2,5,5,10,25.252525,12.121212,25.252525,24.242424,100.000000,50.000000,0.000000,1.000000,0.000000,0.000000,0.000000,1.000000,50.000000,50.000000,77.830073,79.714376,3.000000
2026-06-24T03:34:17.841172231Z,1000,per_hit,raw_percent_of_host,api-node1,api-node2,5,5,10,16.000000,16.000000,16.000000,32.000000,100.000000,50.000000,1.000000,0.000000,0.000000,0.000000,1.000000,0.000000,62.750000,50.000000,77.823509,77.985572,3.000000
2026-06-24T03:34:18.841173228Z,1000,per_hit,raw_percent_of_host,api-node1,api-node2,7,3,10,30.000000,5.050505,30.000000,10.101010,100.000000,50.000000,0.000000,1.000000,0.000000,0.000000,0.000000,1.000000,56.500000,50.000000,80.148099,78.169102,3.000000
2026-06-24T03:34:19.841172786Z,1000,per_hit,raw_percent_of_host,api-node1,api-node2,3,7,10,15.000000,23.300971,15.000000,46.601942,100.000000,50.000000,0.000000,1.000000,0.000000,0.000000,0.000000,1.000000,50.000000,50.000000,78.895721,78.966685,3.000000
2026-06-24T03:34:20.841172862Z,1000,per_hit,raw_percent_of_host,api-node1,api-node2,7,3,10,25.742574,13.000000,25.742574,26.000000,100.000000,50.000000,1.000000,0.000000,0.000000,0.000000,1.000000,0.000000,52.833333,50.000000,81.189352,77.279758,3.000000
2026-06-24T03:34:21.841172823Z,1000,per_hit,raw_percent_of_host,api-node1,api-node2,3,7,10,20.202020,18.811881,20.202020,37.623762,100.000000,50.000000,0.000000,1.000000,0.000000,0.000000,0.000000,1.000000,50.000000,50.000000,78.583896,78.321057,3.000000
2026-06-24T03:34:22.841173109Z,1000,per_hit,raw_percent_of_host,api-node1,api-node2,4,6,10,11.000000,21.568627,11.000000,43.137255,100.000000,50.000000,1.000000,0.000000,0.000000,0.000000,1.000000,0.000000,50.000000,70.714286,82.052114,76.826852,3.000000
2026-06-24T03:34:23.841174102Z,1000,per_hit,raw_percent_of_host,api-node1,api-node2,8,2,10,33.333333,5.050505,33.333333,10.101010,100.000000,50.000000,0.000000,1.000000,0.000000,0.000000,0.000000,1.000000,58.777778,50.000000,78.806958,78.365003,3.000000
2026-06-24T03:34:24.841174055Z,1000,per_hit,raw_percent_of_host,api-node1,api-node2,6,4,10,15.151515,21.568627,15.151515,43.137255,100.000000,50.000000,1.000000,0.000000,0.000000,0.000000,1.000000,0.000000,50.000000,50.000000,78.504332,80.952748,3.000000
2026-06-24T03:34:25.841172772Z,1000,per_hit,raw_percent_of_host,api-node1,api-node2,8,2,10,34.653465,3.000000,34.653465,6.000000,100.000000,50.000000,1.000000,0.000000,0.000000,0.000000,1.000000,0.000000,51.125000,50.000000,78.372158,82.219645,3.000000
2026-06-24T03:34:26.841172798Z,1000,per_hit,raw_percent_of_host,api-node1,api-node2,4,6,10,25.252525,14.705882,25.252525,29.411765,100.000000,50.000000,0.000000,1.000000,0.000000,0.000000,0.000000,1.000000,50.000000,50.000000,78.292731,77.832760,3.000000
2026-06-24T03:34:27.841175347Z,1000,per_hit,raw_percent_of_host,api-node1,api-node2,5,5,10,18.181818,18.811881,18.181818,37.623762,100.000000,50.000000,0.000000,1.000000,0.000000,0.000000,0.000000,1.000000,56.600000,50.000000,81.053658,77.716860,3.000000
2026-06-24T03:34:28.841174843Z,1000,per_hit,raw_percent_of_host,api-node1,api-node2,6,4,10,20.202020,18.627451,20.202020,37.254902,100.000000,50.000000,1.000000,0.000000,0.000000,0.000000,1.000000,0.000000,50.000000,64.200000,78.587701,77.346802,3.000000
2026-06-24T03:34:29.841175126Z,1000,per_hit,raw_percent_of_host,api-node1,api-node2,7,3,10,24.489796,12.000000,24.489796,24.000000,100.000000,50.000000,1.000000,0.000000,0.000000,0.000000,1.000000,0.000000,50.000000,50.000000,78.264686,77.760734,3.000000
2026-06-24T03:34:30.841171918Z,1000,per_hit,raw_percent_of_host,api-node1,api-node2,5,5,10,19.387755,19.417476,19.387755,38.834951,100.000000,50.000000,0.000000,1.000000,0.000000,0.000000,0.000000,1.000000,50.000000,50.000000,78.251456,79.627534,3.000000
2026-06-24T03:34:31.841175391Z,1000,per_hit,raw_percent_of_host,api-node1,api-node2,7,3,10,19.191919,18.000000,19.191919,36.000000,100.000000,50.000000,1.000000,0.000000,0.000000,0.000000,1.000000,0.000000,50.000000,50.000000,78.264347,81.887742,3.000000
2026-06-24T03:34:32.841175539Z,1000,per_hit,raw_percent_of_host,api-node1,api-node2,6,4,10,24.489796,11.111111,24.489796,22.222222,100.000000,50.000000,1.000000,0.000000,0.000000,0.000000,1.000000,0.000000,50.000000,50.000000,77.873782,78.439281,3.000000
2026-06-24T03:34:33.841174597Z,1000,per_hit,raw_percent_of_host,api-node1,api-node2,6,4,10,28.282828,7.070707,28.282828,14.141414,100.000000,50.000000,1.000000,0.000000,0.000000,0.000000,1.000000,0.000000,50.000000,50.000000,78.476640,78.236429,3.000000
2026-06-24T03:34:34.841175424Z,1000,per_hit,raw_percent_of_host,api-node1,api-node2,5,5,10,25.252525,15.000000,25.252525,30.000000,100.000000,50.000000,0.000000,1.000000,0.000000,0.000000,0.000000,1.000000,50.000000,50.250000,79.983110,77.056911,3.000000
2026-06-24T03:34:35.841180801Z,1000,per_hit,raw_percent_of_host,api-node1,api-node2,2,8,10,1.000000,28.000000,1.000000,56.000000,100.000000,50.000000,1.000000,0.000000,0.000000,0.000000,1.000000,0.000000,50.000000,82.777778,80.315187,75.964821,3.000000
2026-06-24T03:34:36.841184989Z,1000,per_hit,raw_percent_of_host,api-node1,api-node2,4,6,10,20.202020,17.475728,20.202020,34.951456,100.000000,50.000000,0.000000,1.000000,0.000000,0.000000,0.000000,1.000000,50.000000,50.000000,78.519638,78.155268,3.000000
2026-06-24T03:34:37.841178256Z,1000,per_hit,raw_percent_of_host,api-node1,api-node2,7,3,10,23.232323,10.101010,23.232323,20.202020,100.000000,50.000000,0.000000,1.000000,0.000000,0.000000,0.000000,1.000000,61.857143,50.000000,77.541584,78.261122,3.000000
2026-06-24T03:34:38.841173498Z,1000,per_hit,raw_percent_of_host,api-node1,api-node2,4,6,10,14.000000,23.000000,14.000000,46.000000,100.000000,50.000000,1.000000,0.000000,0.000000,0.000000,1.000000,0.000000,50.000000,81.142857,78.886984,77.745656,3.000000
2026-06-24T03:34:39.841174329Z,1000,per_hit,raw_percent_of_host,api-node1,api-node2,5,5,10,24.242424,12.871287,24.242424,25.742574,100.000000,50.000000,0.000000,1.000000,0.000000,0.000000,0.000000,1.000000,50.000000,50.000000,80.612511,77.023351,3.000000
2026-06-24T03:34:40.841182899Z,1000,per_hit,raw_percent_of_host,api-node1,api-node2,2,8,10,5.050505,28.431373,5.050505,56.862745,100.000000,50.000000,0.000000,1.000000,0.000000,0.000000,0.000000,1.000000,50.000000,74.625000,79.223655,76.503169,3.000000
2026-06-24T03:34:41.841173014Z,1000,per_hit,raw_percent_of_host,api-node1,api-node2,5,5,10,19.191919,19.417476,19.191919,38.834951,100.000000,50.000000,1.000000,0.000000,0.000000,0.000000,1.000000,0.000000,50.000000,62.166667,78.707556,77.561777,3.000000
2026-06-24T03:34:42.84117348Z,1000,per_hit,raw_percent_of_host,api-node1,api-node2,6,4,10,25.000000,13.000000,25.000000,26.000000,100.000000,50.000000,1.000000,0.000000,0.000000,0.000000,1.000000,0.000000,50.000000,83.250000,80.555926,75.588196,3.000000
2026-06-24T03:34:43.841174192Z,1000,per_hit,raw_percent_of_host,api-node1,api-node2,8,2,10,25.742574,8.910891,25.742574,17.821782,100.000000,50.000000,1.000000,0.000000,0.000000,0.000000,1.000000,0.000000,56.250000,50.000000,77.514605,78.013725,3.000000
2026-06-24T03:34:44.841176057Z,1000,per_hit,raw_percent_of_host,api-node1,api-node2,4,6,10,20.202020,12.121212,20.202020,24.242424,100.000000,50.000000,1.000000,0.000000,0.000000,0.000000,1.000000,0.000000,50.000000,59.833333,78.270855,80.333921,3.000000
2026-06-24T03:34:45.841175581Z,1000,per_hit,raw_percent_of_host,api-node1,api-node2,6,4,10,20.202020,15.841584,20.202020,31.683168,100.000000,50.000000,1.000000,0.000000,0.000000,0.000000,1.000000,0.000000,50.000000,68.750000,79.174007,75.285291,3.000000
2026-06-24T03:34:46.84117456Z,1000,per_hit,raw_percent_of_host,api-node1,api-node2,6,4,10,24.489796,14.141414,24.489796,28.282828,100.000000,50.000000,1.000000,0.000000,0.000000,0.000000,1.000000,0.000000,50.000000,50.000000,77.873782,78.939108,3.000000
2026-06-24T03:34:47.841172582Z,1000,per_hit,raw_percent_of_host,api-node1,api-node2,6,4,10,20.202020,18.811881,20.202020,37.623762,100.000000,50.000000,1.000000,0.000000,0.000000,0.000000,1.000000,0.000000,50.000000,50.000000,78.529012,78.093701,3.000000
2026-06-24T03:34:48.841174775Z,1000,per_hit,raw_percent_of_host,api-node1,api-node2,5,5,10,19.191919,17.647059,19.191919,35.294118,100.000000,50.000000,1.000000,0.000000,0.000000,0.000000,1.000000,0.000000,50.000000,50.000000,78.347926,81.851453,3.000000
2026-06-24T03:34:49.84117462Z,1000,per_hit,raw_percent_of_host,api-node1,api-node2,4,6,10,20.792079,17.171717,20.792079,34.343434,100.000000,50.000000,1.000000,0.000000,0.000000,0.000000,1.000000,0.000000,50.000000,50.000000,78.542980,78.337513,3.000000
2026-06-24T03:34:50.841171722Z,1000,per_hit,raw_percent_of_host,api-node1,api-node2,3,7,10,15.151515,21.782178,15.151515,43.564356,100.000000,50.000000,0.000000,1.000000,0.000000,0.000000,0.000000,1.000000,50.250000,87.666667,81.823920,75.840369,3.000000
2026-06-24T03:34:51.841176134Z,1000,per_hit,raw_percent_of_host,api-node1,api-node2,5,5,10,15.151515,23.529412,15.151515,47.058824,100.000000,50.000000,0.000000,1.000000,0.000000,0.000000,0.000000,1.000000,50.000000,50.000000,78.947540,77.681875,3.000000
2026-06-24T03:34:52.841172578Z,1000,per_hit,raw_percent_of_host,api-node1,api-node2,6,4,10,20.000000,16.161616,20.000000,32.323232,100.000000,50.000000,0.000000,1.000000,0.000000,0.000000,0.000000,1.000000,50.000000,50.000000,78.294189,80.442546,3.000000
2026-06-24T03:34:53.841175994Z,1000,per_hit,raw_percent_of_host,api-node1,api-node2,5,5,10,20.000000,19.000000,20.000000,38.000000,100.000000,50.000000,0.000000,1.000000,0.000000,0.000000,0.000000,1.000000,50.000000,50.000000,78.097839,79.045765,3.000000
2026-06-24T03:34:54.841172757Z,1000,per_hit,raw_percent_of_host,api-node1,api-node2,4,6,10,14.141414,16.000000,14.141414,32.000000,100.000000,50.000000,1.000000,0.000000,0.000000,0.000000,1.000000,0.000000,77.000000,61.142857,78.937781,77.183971,3.000000
2026-06-24T03:34:55.841175989Z,1000,per_hit,raw_percent_of_host,api-node1,api-node2,5,5,10,20.202020,19.607843,20.202020,39.215686,100.000000,50.000000,0.000000,1.000000,0.000000,0.000000,0.000000,1.000000,50.000000,50.000000,81.528062,76.872254,3.000000
2026-06-24T03:34:56.84117468Z,1000,per_hit,raw_percent_of_host,api-node1,api-node2,6,4,10,23.000000,13.131313,23.000000,26.262626,100.000000,50.000000,1.000000,0.000000,0.000000,0.000000,1.000000,0.000000,50.000000,50.000000,77.992992,81.267557,3.000000
2026-06-24T03:34:57.841172219Z,1000,per_hit,raw_percent_of_host,api-node1,api-node2,6,4,10,20.792079,15.000000,20.792079,30.000000,100.000000,50.000000,1.000000,0.000000,0.000000,0.000000,1.000000,0.000000,58.666667,50.000000,80.133512,76.771620,3.000000
2026-06-24T03:34:58.841173097Z,1000,per_hit,raw_percent_of_host,api-node1,api-node2,5,5,10,25.252525,12.121212,25.252525,24.242424,100.000000,50.000000,0.000000,1.000000,0.000000,0.000000,0.000000,1.000000,50.000000,50.000000,78.235565,77.977698,3.000000
2026-06-24T03:34:59.841172917Z,1000,per_hit,raw_percent_of_host,api-node1,api-node2,6,4,10,20.000000,18.627451,20.000000,37.254902,100.000000,50.000000,1.000000,0.000000,0.000000,0.000000,1.000000,0.000000,57.600000,50.000000,78.535517,78.035005,3.000000
2026-06-24T03:35:00.841173118Z,1000,per_hit,raw_percent_of_host,api-node1,api-node2,6,3,9,24.242424,14.000000,24.242424,28.000000,100.000000,50.000000,0.000000,0.000000,0.000000,0.000000,0.000000,0.000000,50.000000,50.000000,78.537777,78.293212,3.000000
2026-06-24T03:35:01.841172046Z,1000,per_hit,raw_percent_of_host,api-node1,api-node2,6,5,11,24.489796,12.121212,24.489796,24.242424,100.000000,50.000000,0.000000,1.000000,0.000000,0.000000,0.000000,1.000000,50.000000,50.000000,77.845204,78.960077,3.000000
2026-06-24T03:35:02.841177449Z,1000,per_hit,raw_percent_of_host,api-node1,api-node2,5,5,10,15.151515,21.000000,15.151515,42.000000,100.000000,50.000000,1.000000,0.000000,0.000000,0.000000,1.000000,0.000000,50.000000,50.000000,78.836547,78.491145,3.000000
2026-06-24T03:35:03.841183306Z,1000,per_hit,raw_percent_of_host,api-node1,api-node2,6,4,10,24.242424,13.725490,24.242424,27.450980,100.000000,50.000000,0.000000,1.000000,0.000000,0.000000,0.000000,1.000000,50.000000,73.666667,78.334500,75.653276,3.000000
2026-06-24T03:35:04.841171964Z,1000,per_hit,raw_percent_of_host,api-node1,api-node2,5,5,10,16.000000,20.792079,16.000000,41.584158,100.000000,50.000000,1.000000,0.000000,0.000000,0.000000,1.000000,0.000000,50.000000,50.000000,78.457974,80.807919,3.000000
2026-06-24T03:35:05.841171883Z,1000,per_hit,raw_percent_of_host,api-node1,api-node2,4,6,10,15.000000,21.212121,15.000000,42.424242,100.000000,50.000000,1.000000,0.000000,0.000000,0.000000,1.000000,0.000000,50.000000,87.666667,78.955715,76.694099,3.000000
2026-06-24T03:35:06.841173784Z,1000,per_hit,raw_percent_of_host,api-node1,api-node2,5,5,10,20.202020,15.000000,20.202020,30.000000,100.000000,50.000000,1.000000,0.000000,0.000000,0.000000,1.000000,0.000000,50.000000,50.000000,78.640005,77.662770,3.000000
2026-06-24T03:35:07.841173914Z,1000,per_hit,raw_percent_of_host,api-node1,api-node2,5,5,10,25.252525,14.141414,25.252525,28.282828,100.000000,50.000000,0.000000,1.000000,0.000000,0.000000,0.000000,1.000000,50.000000,50.000000,78.295559,77.734917,3.000000
2026-06-24T03:35:08.841174763Z,1000,per_hit,raw_percent_of_host,api-node1,api-node2,4,6,10,15.841584,19.000000,15.841584,38.000000,100.000000,50.000000,0.000000,1.000000,0.000000,0.000000,0.000000,1.000000,50.000000,69.500000,78.909913,77.127346,3.000000
2026-06-24T03:35:09.841173279Z,1000,per_hit,raw_percent_of_host,api-node1,api-node2,4,6,10,10.000000,25.242718,10.000000,50.485437,100.000000,50.000000,1.000000,0.000000,0.000000,0.000000,1.000000,0.000000,50.000000,50.000000,79.181685,78.766721,3.000000
2026-06-24T03:35:10.841172561Z,1000,per_hit,raw_percent_of_host,api-node1,api-node2,7,3,10,29.000000,9.090909,29.000000,18.181818,100.000000,50.000000,1.000000,0.000000,0.000000,0.000000,1.000000,0.000000,50.000000,50.000000,78.532162,78.383204,3.000000
2026-06-24T03:35:11.841172156Z,1000,per_hit,raw_percent_of_host,api-node1,api-node2,4,6,10,24.489796,13.265306,24.489796,26.530612,100.000000,50.000000,0.000000,1.000000,0.000000,0.000000,0.000000,1.000000,50.000000,50.000000,78.316990,77.635773,3.000000
2026-06-24T03:35:12.841175682Z,1000,per_hit,raw_percent_of_host,api-node1,api-node2,3,7,10,9.000000,24.242424,9.000000,48.484848,100.000000,50.000000,0.000000,1.000000,0.000000,0.000000,0.000000,1.000000,50.000000,82.142857,81.509174,75.607463,3.000000
2026-06-24T03:35:13.841172118Z,1000,per_hit,raw_percent_of_host,api-node1,api-node2,3,7,10,9.900990,24.242424,9.900990,48.484848,100.000000,50.000000,0.000000,1.000000,0.000000,0.000000,0.000000,1.000000,50.000000,81.714286,79.128180,76.847083,3.000000
2026-06-24T03:35:14.84117646Z,1000,per_hit,raw_percent_of_host,api-node1,api-node2,3,7,10,10.101010,24.752475,10.101010,49.504950,100.000000,50.000000,0.000000,1.000000,0.000000,0.000000,0.000000,1.000000,50.000000,50.000000,79.177693,78.572143,3.000000
2026-06-24T03:35:15.841173657Z,1000,per_hit,raw_percent_of_host,api-node1,api-node2,4,6,10,10.891089,23.762376,10.891089,47.524752,100.000000,50.000000,1.000000,0.000000,0.000000,0.000000,1.000000,0.000000,50.000000,50.000000,79.038076,78.956952,3.000000
2026-06-24T03:35:16.841172939Z,1000,per_hit,raw_percent_of_host,api-node1,api-node2,4,6,10,19.000000,16.000000,19.000000,32.000000,100.000000,50.000000,1.000000,0.000000,0.000000,0.000000,1.000000,0.000000,50.000000,50.000000,78.717281,78.002842,3.000000
2026-06-24T03:35:17.841174919Z,1000,per_hit,raw_percent_of_host,api-node1,api-node2,4,6,10,25.252525,11.224490,25.252525,22.448980,100.000000,50.000000,0.000000,1.000000,0.000000,0.000000,0.000000,1.000000,50.000000,50.000000,80.577176,77.138366,3.000000
2026-06-24T03:35:18.841171938Z,1000,per_hit,raw_percent_of_host,api-node1,api-node2,5,5,10,15.000000,19.000000,15.000000,38.000000,100.000000,50.000000,0.000000,1.000000,0.000000,0.000000,0.000000,1.000000,50.000000,75.000000,81.836142,75.486189,3.000000
2026-06-24T03:35:19.841178977Z,1000,per_hit,raw_percent_of_host,api-node1,api-node2,4,6,10,15.151515,22.549020,15.151515,45.098039,100.000000,50.000000,0.000000,1.000000,0.000000,0.000000,0.000000,1.000000,59.750000,62.333333,77.764577,78.708332,3.000000
2026-06-24T03:35:20.841172159Z,1000,per_hit,raw_percent_of_host,api-node1,api-node2,6,4,10,19.191919,18.000000,19.191919,36.000000,100.000000,50.000000,1.000000,0.000000,0.000000,0.000000,1.000000,0.000000,50.000000,76.600000,78.651447,77.100929,3.000000
2026-06-24T03:35:21.841172091Z,1000,per_hit,raw_percent_of_host,api-node1,api-node2,6,4,10,30.693069,8.080808,30.693069,16.161616,100.000000,50.000000,0.000000,1.000000,0.000000,0.000000,0.000000,1.000000,50.000000,50.000000,78.643886,78.111444,3.000000
2026-06-24T03:35:22.841175302Z,1000,per_hit,raw_percent_of_host,api-node1,api-node2,5,5,10,15.000000,19.191919,15.000000,38.383838,100.000000,50.000000,0.000000,1.000000,0.000000,0.000000,0.000000,1.000000,60.000000,94.200000,78.195788,75.202559,3.000000
2026-06-24T03:35:23.841173119Z,1000,per_hit,raw_percent_of_host,api-node1,api-node2,5,5,10,15.000000,20.000000,15.000000,40.000000,100.000000,50.000000,0.000000,1.000000,0.000000,0.000000,0.000000,1.000000,50.000000,75.400000,78.891754,77.701928,3.000000
2026-06-24T03:35:24.841171991Z,1000,per_hit,raw_percent_of_host,api-node1,api-node2,4,6,10,15.151515,22.330097,15.151515,44.660194,100.000000,50.000000,1.000000,0.000000,0.000000,0.000000,1.000000,0.000000,50.000000,50.000000,78.504332,80.991662,3.000000
2026-06-24T03:35:25.84117514Z,1000,per_hit,raw_percent_of_host,api-node1,api-node2,4,6,10,14.851485,21.212121,14.851485,42.424242,100.000000,50.000000,1.000000,0.000000,0.000000,0.000000,1.000000,0.000000,62.000000,85.333333,81.156946,76.264696,3.000000
2026-06-24T03:35:26.841172801Z,1000,per_hit,raw_percent_of_host,api-node1,api-node2,4,6,10,16.000000,16.161616,16.000000,32.323232,100.000000,50.000000,0.000000,1.000000,0.000000,0.000000,0.000000,1.000000,50.000000,91.600000,78.845074,76.625092,3.000000
2026-06-24T03:35:27.841176078Z,1000,per_hit,raw_percent_of_host,api-node1,api-node2,6,4,10,19.191919,17.821782,19.191919,35.643564,100.000000,50.000000,0.000000,1.000000,0.000000,0.000000,0.000000,1.000000,50.000000,50.000000,78.264347,78.524785,3.000000
2026-06-24T03:35:28.841174877Z,1000,per_hit,raw_percent_of_host,api-node1,api-node2,5,5,10,20.000000,17.000000,20.000000,34.000000,100.000000,50.000000,1.000000,0.000000,0.000000,0.000000,1.000000,0.000000,62.000000,50.000000,77.155438,79.391031,3.000000
2026-06-24T03:35:29.841174324Z,1000,per_hit,raw_percent_of_host,api-node1,api-node2,6,4,10,29.292929,9.090909,29.292929,18.181818,100.000000,50.000000,1.000000,0.000000,0.000000,0.000000,1.000000,0.000000,62.666667,64.250000,81.317819,76.487758,3.000000
2026-06-24T03:35:30.84117278Z,1000,per_hit,raw_percent_of_host,api-node1,api-node2,7,3,10,24.752475,7.070707,24.752475,14.141414,100.000000,50.000000,1.000000,0.000000,0.000000,0.000000,1.000000,0.000000,56.571429,50.000000,79.865007,76.153720,3.000000
2026-06-24T03:35:31.841175249Z,1000,per_hit,raw_percent_of_host,api-node1,api-node2,6,4,10,29.000000,9.090909,29.000000,18.181818,100.000000,50.000000,0.000000,1.000000,0.000000,0.000000,0.000000,1.000000,50.000000,50.000000,78.581638,78.421725,3.000000
2026-06-24T03:35:32.841180569Z,1000,per_hit,raw_percent_of_host,api-node1,api-node2,7,3,10,24.242424,13.131313,24.242424,26.262626,100.000000,50.000000,0.000000,1.000000,0.000000,0.000000,0.000000,1.000000,52.142857,50.000000,78.031627,77.822179,3.000000
2026-06-24T03:35:33.84117204Z,1000,per_hit,raw_percent_of_host,api-node1,api-node2,2,8,10,10.000000,23.469388,10.000000,46.938776,100.000000,50.000000,0.000000,1.000000,0.000000,0.000000,0.000000,1.000000,50.000000,78.000000,78.628533,79.545535,3.000000
2026-06-24T03:35:34.841172583Z,1000,per_hit,raw_percent_of_host,api-node1,api-node2,5,5,10,20.202020,19.417476,20.202020,38.834951,100.000000,50.000000,0.000000,1.000000,0.000000,0.000000,0.000000,1.000000,50.000000,50.000000,81.520396,76.901211,3.000000
2026-06-24T03:35:35.841175431Z,1000,per_hit,raw_percent_of_host,api-node1,api-node2,5,5,10,15.000000,22.222222,15.000000,44.444444,100.000000,50.000000,1.000000,0.000000,0.000000,0.000000,1.000000,0.000000,50.000000,86.666667,78.844722,77.605482,3.000000
2026-06-24T03:35:36.841172511Z,1000,per_hit,raw_percent_of_host,api-node1,api-node2,2,8,10,15.000000,17.821782,15.000000,35.643564,100.000000,50.000000,0.000000,1.000000,0.000000,0.000000,0.000000,1.000000,50.000000,60.857143,78.952888,76.996693,3.000000
2026-06-24T03:35:37.841172813Z,1000,per_hit,raw_percent_of_host,api-node1,api-node2,7,3,10,20.202020,15.841584,20.202020,31.683168,100.000000,50.000000,0.000000,1.000000,0.000000,0.000000,0.000000,1.000000,57.285714,50.000000,80.768150,76.765474,3.000000
2026-06-24T03:35:38.841172504Z,1000,per_hit,raw_percent_of_host,api-node1,api-node2,5,5,10,19.191919,18.627451,19.191919,37.254902,100.000000,50.000000,0.000000,1.000000,0.000000,0.000000,0.000000,1.000000,50.000000,50.000000,78.164417,81.957236,3.000000
2026-06-24T03:35:39.84117276Z,1000,per_hit,raw_percent_of_host,api-node1,api-node2,7,3,10,25.000000,12.121212,25.000000,24.242424,100.000000,50.000000,0.000000,1.000000,0.000000,0.000000,0.000000,1.000000,52.428571,50.000000,77.963074,77.741024,3.000000
2026-06-24T03:35:40.84117596Z,1000,per_hit,raw_percent_of_host,api-node1,api-node2,2,8,10,10.000000,23.762376,10.000000,47.524752,100.000000,50.000000,0.000000,1.000000,0.000000,0.000000,0.000000,1.000000,50.000000,50.125000,78.815362,79.839579,3.000000
2026-06-24T03:35:41.841172055Z,1000,per_hit,raw_percent_of_host,api-node1,api-node2,1,9,10,5.000000,25.641026,5.000000,51.282051,100.000000,50.000000,0.000000,1.000000,0.000000,0.000000,0.000000,1.000000,50.000000,82.222222,82.243248,74.806044,3.000000
2026-06-24T03:35:42.841172077Z,1000,per_hit,raw_percent_of_host,api-node1,api-node2,8,2,10,25.742574,10.101010,25.742574,20.202020,100.000000,50.000000,1.000000,0.000000,0.000000,0.000000,1.000000,0.000000,57.285714,50.000000,79.856216,76.728811,3.000000
2026-06-24T03:35:43.841174895Z,1000,per_hit,raw_percent_of_host,api-node1,api-node2,3,7,10,20.000000,16.326531,20.000000,32.653061,100.000000,50.000000,0.000000,1.000000,0.000000,0.000000,0.000000,1.000000,50.000000,86.333333,78.528364,76.759852,3.000000
2026-06-24T03:35:44.841172664Z,1000,per_hit,raw_percent_of_host,api-node1,api-node2,6,4,10,20.792079,16.161616,20.792079,32.323232,100.000000,50.000000,1.000000,0.000000,0.000000,0.000000,1.000000,0.000000,50.000000,50.000000,81.470508,76.566626,3.000000
2026-06-24T03:35:45.841172969Z,1000,per_hit,raw_percent_of_host,api-node1,api-node2,5,5,10,20.000000,16.161616,20.000000,32.323232,100.000000,50.000000,1.000000,0.000000,0.000000,0.000000,1.000000,0.000000,50.000000,75.800000,78.373571,76.705414,3.000000
2026-06-24T03:35:46.841172827Z,1000,per_hit,raw_percent_of_host,api-node1,api-node2,3,7,10,20.202020,17.171717,20.202020,34.343434,100.000000,50.000000,0.000000,1.000000,0.000000,0.000000,0.000000,1.000000,50.000000,50.000000,78.640005,78.156373,3.000000
2026-06-24T03:35:47.841174803Z,1000,per_hit,raw_percent_of_host,api-node1,api-node2,6,4,10,20.202020,20.388350,20.202020,40.776699,100.000000,50.000000,1.000000,0.000000,0.000000,0.000000,1.000000,0.000000,50.000000,50.000000,81.547418,77.900342,3.000000
2026-06-24T03:35:48.841172156Z,1000,per_hit,raw_percent_of_host,api-node1,api-node2,3,7,10,20.792079,18.627451,20.792079,37.254902,100.000000,50.000000,0.000000,1.000000,0.000000,0.000000,0.000000,1.000000,50.000000,74.833333,78.599090,77.716090,3.000000
2026-06-24T03:35:49.841172138Z,1000,per_hit,raw_percent_of_host,api-node1,api-node2,6,4,10,19.387755,19.607843,19.387755,39.215686,100.000000,50.000000,1.000000,0.000000,0.000000,0.000000,1.000000,0.000000,50.000000,50.000000,80.382216,77.756771,3.000000
2026-06-24T03:35:50.841174915Z,1000,per_hit,raw_percent_of_host,api-node1,api-node2,5,5,10,25.252525,14.563107,25.252525,29.126214,100.000000,50.000000,1.000000,0.000000,0.000000,0.000000,1.000000,0.000000,50.000000,50.000000,78.243255,78.010804,3.000000
2026-06-24T03:35:51.841173331Z,1000,per_hit,raw_percent_of_host,api-node1,api-node2,3,7,10,15.841584,18.000000,15.841584,36.000000,100.000000,50.000000,0.000000,1.000000,0.000000,0.000000,0.000000,1.000000,62.750000,87.333333,80.739250,73.504499,3.000000
2026-06-24T03:35:52.84117493Z,1000,per_hit,raw_percent_of_host,api-node1,api-node2,4,6,10,15.000000,19.000000,15.000000,38.000000,100.000000,50.000000,0.000000,1.000000,0.000000,0.000000,0.000000,1.000000,50.000000,72.000000,81.680178,76.719916,3.000000
2026-06-24T03:35:53.841173077Z,1000,per_hit,raw_percent_of_host,api-node1,api-node2,7,3,10,23.232323,14.705882,23.232323,29.411765,100.000000,50.000000,0.000000,1.000000,0.000000,0.000000,0.000000,1.000000,59.142857,50.000000,78.362002,78.044207,3.000000
2026-06-24T03:35:54.841174824Z,1000,per_hit,raw_percent_of_host,api-node1,api-node2,2,8,10,10.000000,24.242424,10.000000,48.484848,100.000000,50.000000,0.000000,1.000000,0.000000,0.000000,0.000000,1.000000,50.000000,76.375000,78.824882,81.926582,3.000000
2026-06-24T03:35:55.84117507Z,1000,per_hit,raw_percent_of_host,api-node1,api-node2,5,5,10,11.764706,23.300971,11.764706,46.601942,100.000000,50.000000,1.000000,0.000000,0.000000,0.000000,1.000000,0.000000,50.000000,63.000000,82.010426,76.250133,3.000000
2026-06-24T03:35:56.841173072Z,1000,per_hit,raw_percent_of_host,api-node1,api-node2,7,3,10,25.000000,15.151515,25.000000,30.303030,100.000000,50.000000,1.000000,0.000000,0.000000,0.000000,1.000000,0.000000,50.000000,50.000000,77.914679,80.232931,3.000000
2026-06-24T03:35:57.841176655Z,1000,per_hit,raw_percent_of_host,api-node1,api-node2,6,4,10,25.000000,11.111111,25.000000,22.222222,100.000000,50.000000,0.000000,1.000000,0.000000,0.000000,0.000000,1.000000,50.000000,50.000000,77.905159,80.159214,3.000000
2026-06-24T03:35:58.841172235Z,1000,per_hit,raw_percent_of_host,api-node1,api-node2,4,6,10,10.891089,24.752475,10.891089,49.504950,100.000000,50.000000,1.000000,0.000000,0.000000,0.000000,1.000000,0.000000,50.000000,50.000000,78.779918,79.286816,3.000000
2026-06-24T03:35:59.841174356Z,1000,per_hit,raw_percent_of_host,api-node1,api-node2,5,5,10,25.252525,13.725490,25.252525,27.450980,100.000000,50.000000,0.000000,1.000000,0.000000,0.000000,0.000000,1.000000,50.000000,50.000000,78.295559,77.888195,3.000000
2026-06-24T03:36:00.841172522Z,1000,per_hit,raw_percent_of_host,api-node1,api-node2,9,1,10,25.000000,10.101010,25.000000,20.202020,100.000000,50.000000,1.000000,0.000000,0.000000,0.000000,1.000000,0.000000,56.250000,50.000000,77.453805,77.842173,3.000000
2026-06-24T03:36:01.841172096Z,1000,per_hit,raw_percent_of_host,api-node1,api-node2,6,4,10,25.000000,11.000000,25.000000,22.000000,100.000000,50.000000,1.000000,0.000000,0.000000,0.000000,1.000000,0.000000,65.000000,50.000000,75.716339,81.419377,3.000000
2026-06-24T03:36:02.841173725Z,1000,per_hit,raw_percent_of_host,api-node1,api-node2,7,3,10,24.509804,13.131313,24.509804,26.262626,100.000000,50.000000,1.000000,0.000000,0.000000,0.000000,1.000000,0.000000,50.142857,50.000000,80.543956,77.345326,3.000000
2026-06-24T03:36:03.841173925Z,1000,per_hit,raw_percent_of_host,api-node1,api-node2,8,2,10,30.303030,5.050505,30.303030,10.101010,100.000000,50.000000,1.000000,0.000000,0.000000,0.000000,1.000000,0.000000,56.375000,50.000000,77.545226,79.124412,3.000000
2026-06-24T03:36:04.841175392Z,1000,per_hit,raw_percent_of_host,api-node1,api-node2,5,5,10,15.841584,18.181818,15.841584,36.363636,100.000000,50.000000,1.000000,0.000000,0.000000,0.000000,1.000000,0.000000,60.200000,92.200000,78.074915,76.289788,3.000000
2026-06-24T03:36:05.841176142Z,1000,per_hit,raw_percent_of_host,api-node1,api-node2,7,3,10,25.000000,8.910891,25.000000,17.821782,100.000000,50.000000,0.000000,1.000000,0.000000,0.000000,0.000000,1.000000,56.250000,50.000000,77.450000,78.434657,3.000000
2026-06-24T03:36:06.841175784Z,1000,per_hit,raw_percent_of_host,api-node1,api-node2,4,6,10,10.000000,26.732673,10.000000,53.465347,100.000000,50.000000,1.000000,0.000000,0.000000,0.000000,1.000000,0.000000,50.000000,82.142857,78.719027,81.890090,3.000000
2026-06-24T03:36:07.841174768Z,1000,per_hit,raw_percent_of_host,api-node1,api-node2,3,7,10,19.191919,14.705882,19.191919,29.411765,100.000000,50.000000,0.000000,1.000000,0.000000,0.000000,0.000000,1.000000,50.000000,63.666667,78.707556,77.160735,3.000000
2026-06-24T03:36:08.84118059Z,1000,per_hit,raw_percent_of_host,api-node1,api-node2,6,4,10,24.242424,15.000000,24.242424,30.000000,100.000000,50.000000,0.000000,1.000000,0.000000,0.000000,0.000000,1.000000,50.000000,50.000000,81.235734,77.285929,3.000000
2026-06-24T03:36:09.841172036Z,1000,per_hit,raw_percent_of_host,api-node1,api-node2,3,7,10,9.183673,24.509804,9.183673,49.019608,100.000000,50.000000,0.000000,1.000000,0.000000,0.000000,0.000000,1.000000,50.000000,50.000000,79.158432,78.779855,3.000000
2026-06-24T03:36:10.841176313Z,1000,per_hit,raw_percent_of_host,api-node1,api-node2,6,4,10,15.000000,19.000000,15.000000,38.000000,100.000000,50.000000,1.000000,0.000000,0.000000,0.000000,1.000000,0.000000,60.200000,95.400000,78.153540,75.691952,3.000000
2026-06-24T03:36:11.841175546Z,1000,per_hit,raw_percent_of_host,api-node1,api-node2,4,6,10,15.151515,22.549020,15.151515,45.098039,100.000000,50.000000,0.000000,1.000000,0.000000,0.000000,0.000000,1.000000,50.000000,94.400000,78.891431,77.734762,3.000000
2026-06-24T03:36:12.841176373Z,1000,per_hit,raw_percent_of_host,api-node1,api-node2,3,7,10,15.000000,19.387755,15.000000,38.775510,100.000000,50.000000,0.000000,1.000000,0.000000,0.000000,0.000000,1.000000,50.000000,50.000000,78.596085,80.786908,3.000000
2026-06-24T03:36:13.841175841Z,1000,per_hit,raw_percent_of_host,api-node1,api-node2,7,3,10,20.202020,14.000000,20.202020,28.000000,100.000000,50.000000,0.000000,1.000000,0.000000,0.000000,0.000000,1.000000,62.714286,50.000000,80.677571,76.923362,3.000000
2026-06-24T03:36:14.841175504Z,1000,per_hit,raw_percent_of_host,api-node1,api-node2,4,6,10,10.101010,24.000000,10.101010,48.000000,100.000000,50.000000,1.000000,0.000000,0.000000,0.000000,1.000000,0.000000,50.000000,50.000000,78.726297,82.207218,3.000000
2026-06-24T03:36:15.841172896Z,1000,per_hit,raw_percent_of_host,api-node1,api-node2,5,5,10,24.000000,11.111111,24.000000,22.222222,100.000000,50.000000,1.000000,0.000000,0.000000,0.000000,1.000000,0.000000,50.000000,50.000000,78.246045,77.714828,3.000000
2026-06-24T03:36:16.841173819Z,1000,per_hit,raw_percent_of_host,api-node1,api-node2,5,5,10,24.242424,13.000000,24.242424,26.000000,100.000000,50.000000,1.000000,0.000000,0.000000,0.000000,1.000000,0.000000,50.000000,50.000000,80.618945,76.768437,3.000000
2026-06-24T03:36:17.841171782Z,1000,per_hit,raw_percent_of_host,api-node1,api-node2,4,6,10,10.101010,26.470588,10.101010,52.941176,100.000000,50.000000,1.000000,0.000000,0.000000,0.000000,1.000000,0.000000,50.000000,86.000000,82.060911,75.524917,3.000000
2026-06-24T03:36:18.841172755Z,1000,per_hit,raw_percent_of_host,api-node1,api-node2,5,5,10,19.191919,16.949153,19.191919,33.898305,100.000000,50.000000,1.000000,0.000000,0.000000,0.000000,1.000000,0.000000,50.000000,79.000000,78.347926,79.567774,3.000000
2026-06-24T03:36:19.841172Z,1000,per_hit,raw_percent_of_host,api-node1,api-node2,7,3,10,25.000000,7.142857,25.000000,14.285714,100.000000,50.000000,1.000000,0.000000,0.000000,0.000000,1.000000,0.000000,57.285714,50.000000,77.390723,78.412880,3.000000
2026-06-24T03:36:20.841171923Z,1000,per_hit,raw_percent_of_host,api-node1,api-node2,7,3,10,30.000000,9.000000,30.000000,18.000000,100.000000,50.000000,1.000000,0.000000,0.000000,0.000000,1.000000,0.000000,53.285714,50.000000,78.324975,78.240264,3.000000
2026-06-24T03:36:21.841173975Z,1000,per_hit,raw_percent_of_host,api-node1,api-node2,5,6,11,19.191919,12.000000,19.191919,24.000000,100.000000,50.000000,1.000000,0.000000,0.000000,0.000000,1.000000,0.000000,70.000000,63.166667,79.773197,75.931543,3.000000
2026-06-24T03:36:22.841174522Z,1000,per_hit,raw_percent_of_host,api-node1,api-node2,5,5,10,26.000000,13.725490,26.000000,27.450980,100.000000,50.000000,1.000000,0.000000,0.000000,0.000000,1.000000,0.000000,50.000000,50.000000,81.255158,76.472660,3.000000
2026-06-24T03:36:23.841171972Z,1000,per_hit,raw_percent_of_host,api-node1,api-node2,4,6,10,20.202020,17.647059,20.202020,35.294118,100.000000,50.000000,0.000000,1.000000,0.000000,0.000000,0.000000,1.000000,50.000000,76.200000,80.927931,75.513478,3.000000
2026-06-24T03:36:24.841172806Z,1000,per_hit,raw_percent_of_host,api-node1,api-node2,9,1,10,25.252525,11.000000,25.252525,22.000000,100.000000,50.000000,1.000000,0.000000,0.000000,0.000000,1.000000,0.000000,56.250000,50.000000,77.529641,77.929412,3.000000
2026-06-24T03:36:25.841172219Z,1000,per_hit,raw_percent_of_host,api-node1,api-node2,4,6,10,20.202020,13.000000,20.202020,26.000000,100.000000,50.000000,1.000000,0.000000,0.000000,0.000000,1.000000,0.000000,50.000000,63.166667,78.096866,80.133135,3.000000
2026-06-24T03:36:26.841175712Z,1000,per_hit,raw_percent_of_host,api-node1,api-node2,7,3,10,25.252525,15.000000,25.252525,30.000000,100.000000,50.000000,1.000000,0.000000,0.000000,0.000000,1.000000,0.000000,50.000000,50.000000,81.175950,76.655732,3.000000
2026-06-24T03:36:27.841174592Z,1000,per_hit,raw_percent_of_host,api-node1,api-node2,5,5,10,20.792079,13.000000,20.792079,26.000000,100.000000,50.000000,0.000000,1.000000,0.000000,0.000000,0.000000,1.000000,59.000000,82.250000,77.408686,78.897203,3.000000
2026-06-24T03:36:28.841172436Z,1000,per_hit,raw_percent_of_host,api-node1,api-node2,7,3,10,26.000000,14.000000,26.000000,28.000000,100.000000,50.000000,1.000000,0.000000,0.000000,0.000000,1.000000,0.000000,50.166667,50.000000,78.336115,78.152334,3.000000
2026-06-24T03:36:29.841171953Z,1000,per_hit,raw_percent_of_host,api-node1,api-node2,4,6,10,19.387755,16.161616,19.387755,32.323232,100.000000,50.000000,0.000000,1.000000,0.000000,0.000000,0.000000,1.000000,50.000000,50.000000,78.642361,78.039409,3.000000
2026-06-24T03:36:30.84117486Z,1000,per_hit,raw_percent_of_host,api-node1,api-node2,5,5,10,14.141414,22.222222,14.141414,44.444444,100.000000,50.000000,1.000000,0.000000,0.000000,0.000000,1.000000,0.000000,50.000000,87.666667,78.947817,76.785915,3.000000
2026-06-24T03:36:31.841172757Z,1000,per_hit,raw_percent_of_host,api-node1,api-node2,7,3,10,24.242424,11.224490,24.242424,22.448980,100.000000,50.000000,1.000000,0.000000,0.000000,0.000000,1.000000,0.000000,50.000000,50.000000,78.226335,77.714632,3.000000
2026-06-24T03:36:32.841173731Z,1000,per_hit,raw_percent_of_host,api-node1,api-node2,6,4,10,25.252525,14.705882,25.252525,29.411765,100.000000,50.000000,1.000000,0.000000,0.000000,0.000000,1.000000,0.000000,50.000000,50.000000,77.841336,79.147323,3.000000
2026-06-24T03:36:33.841175437Z,1000,per_hit,raw_percent_of_host,api-node1,api-node2,7,3,10,25.252525,8.910891,25.252525,17.821782,100.000000,50.000000,1.000000,0.000000,0.000000,0.000000,1.000000,0.000000,57.285714,89.333333,77.516739,76.450401,3.000000
2026-06-24T03:36:34.841175448Z,1000,per_hit,raw_percent_of_host,api-node1,api-node2,6,4,10,25.742574,12.000000,25.742574,24.000000,100.000000,50.000000,1.000000,0.000000,0.000000,0.000000,1.000000,0.000000,50.166667,50.000000,78.203187,77.997408,3.000000
2026-06-24T03:36:35.841172674Z,1000,per_hit,raw_percent_of_host,api-node1,api-node2,2,8,10,15.151515,22.000000,15.151515,44.000000,100.000000,50.000000,0.000000,1.000000,0.000000,0.000000,0.000000,1.000000,50.000000,82.142857,78.944712,77.194207,3.000000
2026-06-24T03:36:36.84117272Z,1000,per_hit,raw_percent_of_host,api-node1,api-node2,6,4,10,20.000000,17.171717,20.000000,34.343434,100.000000,50.000000,0.000000,1.000000,0.000000,0.000000,0.000000,1.000000,50.000000,50.000000,81.534209,77.299232,3.000000
2026-06-24T03:36:37.841173026Z,1000,per_hit,raw_percent_of_host,api-node1,api-node2,2,8,10,5.050505,24.509804,5.050505,49.019608,100.000000,50.000000,1.000000,0.000000,0.000000,0.000000,1.000000,0.000000,50.000000,73.111111,78.975018,78.529140,3.000000
2026-06-24T03:36:38.841172156Z,1000,per_hit,raw_percent_of_host,api-node1,api-node2,5,5,10,21.000000,14.563107,21.000000,29.126214,100.000000,50.000000,1.000000,0.000000,0.000000,0.000000,1.000000,0.000000,50.000000,65.400000,80.872392,76.142333,3.000000
2026-06-24T03:36:39.84117208Z,1000,per_hit,raw_percent_of_host,api-node1,api-node2,8,2,10,30.000000,8.163265,30.000000,16.326531,100.000000,50.000000,1.000000,0.000000,0.000000,0.000000,1.000000,0.000000,50.000000,50.000000,78.653819,78.084767,3.000000
2026-06-24T03:36:40.841175976Z,1000,per_hit,raw_percent_of_host,api-node1,api-node2,6,4,10,25.252525,12.000000,25.252525,24.000000,100.000000,50.000000,1.000000,0.000000,0.000000,0.000000,1.000000,0.000000,50.000000,68.000000,77.926409,77.862367,3.000000
2026-06-24T03:36:41.841172957Z,1000,per_hit,raw_percent_of_host,api-node1,api-node2,5,5,10,20.202020,16.161616,20.202020,32.323232,100.000000,50.000000,0.000000,1.000000,0.000000,0.000000,0.000000,1.000000,50.000000,50.250000,78.524620,77.740294,3.000000
2026-06-24T03:36:42.841175793Z,1000,per_hit,raw_percent_of_host,api-node1,api-node2,4,6,10,14.285714,21.568627,14.285714,43.137255,100.000000,50.000000,0.000000,1.000000,0.000000,0.000000,0.000000,1.000000,50.000000,50.166667,78.549511,80.937476,3.000000
2026-06-24T03:36:43.841176321Z,1000,per_hit,raw_percent_of_host,api-node1,api-node2,2,8,10,11.000000,21.000000,11.000000,42.000000,100.000000,50.000000,0.000000,1.000000,0.000000,0.000000,0.000000,1.000000,50.000000,67.750000,79.029316,77.629282,3.000000
2026-06-24T03:36:44.84117301Z,1000,per_hit,raw_percent_of_host,api-node1,api-node2,7,3,10,25.000000,14.851485,25.000000,29.702970,100.000000,50.000000,1.000000,0.000000,0.000000,0.000000,1.000000,0.000000,50.000000,50.250000,81.163707,76.609736,3.000000
2026-06-24T03:36:45.841174621Z,1000,per_hit,raw_percent_of_host,api-node1,api-node2,7,3,10,25.252525,13.861386,25.252525,27.722772,100.000000,50.000000,1.000000,0.000000,0.000000,0.000000,1.000000,0.000000,50.000000,50.000000,77.945244,77.727572,3.000000
2026-06-24T03:36:46.841175268Z,1000,per_hit,raw_percent_of_host,api-node1,api-node2,1,9,10,6.000000,26.470588,6.000000,52.941176,100.000000,50.000000,0.000000,1.000000,0.000000,0.000000,0.000000,1.000000,50.500000,87.750000,78.944983,78.298442,3.000000
2026-06-24T03:36:47.841172917Z,1000,per_hit,raw_percent_of_host,api-node1,api-node2,3,7,10,7.000000,27.272727,7.000000,54.545455,100.000000,50.000000,0.000000,1.000000,0.000000,0.000000,0.000000,1.000000,50.000000,81.857143,79.255575,77.213038,3.000000
2026-06-24T03:36:48.841173506Z,1000,per_hit,raw_percent_of_host,api-node1,api-node2,7,3,10,25.252525,14.000000,25.252525,28.000000,100.000000,50.000000,1.000000,0.000000,0.000000,0.000000,1.000000,0.000000,50.166667,50.000000,77.918273,79.001813,3.000000
2026-06-24T03:36:49.841174563Z,1000,per_hit,raw_percent_of_host,api-node1,api-node2,7,3,10,25.252525,8.080808,25.252525,16.161616,100.000000,50.000000,1.000000,0.000000,0.000000,0.000000,1.000000,0.000000,57.428571,50.000000,77.503900,78.128313,3.000000
2026-06-24T03:36:50.841175886Z,1000,per_hit,raw_percent_of_host,api-node1,api-node2,3,7,10,15.151515,24.242424,15.151515,48.484848,100.000000,50.000000,0.000000,1.000000,0.000000,0.000000,0.000000,1.000000,50.000000,50.000000,78.891431,78.985519,3.000000
2026-06-24T03:36:51.841174251Z,1000,per_hit,raw_percent_of_host,api-node1,api-node2,4,6,10,10.101010,21.000000,10.101010,42.000000,100.000000,50.000000,1.000000,0.000000,0.000000,0.000000,1.000000,0.000000,50.000000,61.142857,79.128217,76.800072,3.000000
2026-06-24T03:36:52.841173355Z,1000,per_hit,raw_percent_of_host,api-node1,api-node2,7,3,10,30.000000,7.070707,30.000000,14.141414,100.000000,50.000000,0.000000,1.000000,0.000000,0.000000,0.000000,1.000000,50.000000,50.000000,78.601515,77.967288,3.000000
2026-06-24T03:36:53.841172777Z,1000,per_hit,raw_percent_of_host,api-node1,api-node2,7,3,10,23.762376,13.131313,23.762376,26.262626,100.000000,50.000000,1.000000,0.000000,0.000000,0.000000,1.000000,0.000000,50.000000,50.000000,78.016529,78.197576,3.000000
2026-06-24T03:36:54.841175676Z,1000,per_hit,raw_percent_of_host,api-node1,api-node2,7,3,10,28.712871,8.080808,28.712871,16.161616,100.000000,50.000000,1.000000,0.000000,0.000000,0.000000,1.000000,0.000000,50.142857,50.000000,78.550609,78.111444,3.000000
2026-06-24T03:36:55.841172005Z,1000,per_hit,raw_percent_of_host,api-node1,api-node2,8,2,10,34.000000,3.030303,34.000000,6.060606,100.000000,50.000000,1.000000,0.000000,0.000000,0.000000,1.000000,0.000000,54.875000,50.000000,78.845074,78.299182,3.000000
2026-06-24T03:36:56.841172016Z,1000,per_hit,raw_percent_of_host,api-node1,api-node2,3,7,10,16.000000,21.782178,16.000000,43.564356,100.000000,50.000000,0.000000,1.000000,0.000000,0.000000,0.000000,1.000000,50.000000,97.333333,78.901183,75.851422,3.000000
2026-06-24T03:36:57.841179562Z,1000,per_hit,raw_percent_of_host,api-node1,api-node2,6,4,10,14.000000,17.647059,14.000000,35.294118,100.000000,50.000000,1.000000,0.000000,0.000000,0.000000,1.000000,0.000000,58.000000,65.400000,79.007351,76.867924,3.000000
2026-06-24T03:36:58.841172274Z,1000,per_hit,raw_percent_of_host,api-node1,api-node2,6,4,10,25.252525,14.141414,25.252525,28.282828,100.000000,50.000000,0.000000,1.000000,0.000000,0.000000,0.000000,1.000000,50.000000,50.000000,77.935929,80.091540,3.000000
2026-06-24T03:36:59.841172229Z,1000,per_hit,raw_percent_of_host,api-node1,api-node2,7,3,10,20.792079,17.000000,20.792079,34.000000,100.000000,50.000000,1.000000,0.000000,0.000000,0.000000,1.000000,0.000000,50.000000,50.000000,78.239459,80.565007,3.000000
2026-06-24T03:37:00.841172165Z,1000,per_hit,raw_percent_of_host,api-node1,api-node2,3,7,10,15.151515,16.000000,15.151515,32.000000,100.000000,50.000000,0.000000,1.000000,0.000000,0.000000,0.000000,1.000000,50.000000,85.000000,78.578390,78.073603,3.000000
2026-06-24T03:37:01.84117295Z,1000,per_hit,raw_percent_of_host,api-node1,api-node2,5,5,10,10.101010,24.271845,10.101010,48.543689,100.000000,50.000000,1.000000,0.000000,0.000000,0.000000,1.000000,0.000000,50.000000,72.333333,79.183291,76.913173,3.000000
2026-06-24T03:37:02.841171751Z,1000,per_hit,raw_percent_of_host,api-node1,api-node2,4,6,10,20.000000,20.192308,20.000000,40.384615,100.000000,50.000000,0.000000,1.000000,0.000000,0.000000,0.000000,1.000000,50.000000,50.000000,78.294189,82.079132,3.000000
2026-06-24T03:37:03.841172972Z,1000,per_hit,raw_percent_of_host,api-node1,api-node2,6,4,10,20.000000,17.171717,20.000000,34.343434,100.000000,50.000000,1.000000,0.000000,0.000000,0.000000,1.000000,0.000000,50.000000,50.000000,78.533451,78.309683,3.000000
2026-06-24T03:37:04.841175485Z,1000,per_hit,raw_percent_of_host,api-node1,api-node2,6,4,10,24.000000,15.384615,24.000000,30.769231,100.000000,50.000000,1.000000,0.000000,0.000000,0.000000,1.000000,0.000000,50.000000,68.750000,78.354210,77.129250,3.000000
2026-06-24T03:37:05.841174845Z,1000,per_hit,raw_percent_of_host,api-node1,api-node2,3,7,10,15.151515,16.161616,15.151515,32.323232,100.000000,50.000000,0.000000,1.000000,0.000000,0.000000,0.000000,1.000000,50.000000,71.666667,78.818504,77.521265,3.000000
2026-06-24T03:37:06.841172254Z,1000,per_hit,raw_percent_of_host,api-node1,api-node2,3,7,10,10.101010,23.232323,10.101010,46.464646,100.000000,50.000000,0.000000,1.000000,0.000000,0.000000,0.000000,1.000000,50.000000,50.000000,79.180521,77.747234,3.000000
2026-06-24T03:37:07.841172492Z,1000,per_hit,raw_percent_of_host,api-node1,api-node2,6,4,10,19.191919,14.141414,19.191919,28.282828,100.000000,50.000000,1.000000,0.000000,0.000000,0.000000,1.000000,0.000000,60.000000,75.200000,77.568394,75.568803,3.000000
2026-06-24T03:37:08.841172481Z,1000,per_hit,raw_percent_of_host,api-node1,api-node2,4,6,10,13.131313,17.171717,13.131313,34.343434,100.000000,50.000000,1.000000,0.000000,0.000000,0.000000,1.000000,0.000000,70.500000,86.000000,79.227046,74.483828,3.000000
2026-06-24T03:37:09.841175702Z,1000,per_hit,raw_percent_of_host,api-node1,api-node2,7,3,10,25.252525,10.101010,25.252525,20.202020,100.000000,50.000000,1.000000,0.000000,0.000000,0.000000,1.000000,0.000000,50.000000,50.000000,79.922164,77.353768,3.000000
2026-06-24T03:37:10.841172527Z,1000,per_hit,raw_percent_of_host,api-node1,api-node2,4,6,10,15.151515,20.588235,15.151515,41.176471,100.000000,50.000000,0.000000,1.000000,0.000000,0.000000,0.000000,1.000000,50.000000,92.800000,78.587910,79.409683,3.000000
2026-06-24T03:37:11.841171991Z,1000,per_hit,raw_percent_of_host,api-node1,api-node2,6,4,10,20.588235,17.000000,20.588235,34.000000,100.000000,50.000000,1.000000,0.000000,0.000000,0.000000,1.000000,0.000000,68.400000,76.400000,77.572841,80.342889,3.000000
2026-06-24T03:37:12.841172905Z,1000,per_hit,raw_percent_of_host,api-node1,api-node2,4,6,10,20.202020,15.841584,20.202020,31.683168,100.000000,50.000000,0.000000,1.000000,0.000000,0.000000,0.000000,1.000000,50.000000,50.000000,78.637177,77.983000,3.000000
2026-06-24T03:37:13.841174204Z,1000,per_hit,raw_percent_of_host,api-node1,api-node2,7,3,10,24.242424,15.000000,24.242424,30.000000,100.000000,50.000000,1.000000,0.000000,0.000000,0.000000,1.000000,0.000000,50.000000,50.000000,78.281219,77.855987,3.000000
2026-06-24T03:37:14.84117546Z,1000,per_hit,raw_percent_of_host,api-node1,api-node2,6,4,10,19.387755,17.000000,19.387755,34.000000,100.000000,50.000000,1.000000,0.000000,0.000000,0.000000,1.000000,0.000000,50.000000,105.000000,78.642361,76.800694,3.000000
2026-06-24T03:37:15.841173837Z,1000,per_hit,raw_percent_of_host,api-node1,api-node2,1,9,10,11.000000,19.801980,11.000000,39.603960,100.000000,50.000000,0.000000,1.000000,0.000000,0.000000,0.000000,1.000000,50.000000,94.375000,78.701493,78.441348,3.000000
2026-06-24T03:37:16.841180474Z,1000,per_hit,raw_percent_of_host,api-node1,api-node2,4,6,10,15.841584,22.330097,15.841584,44.660194,100.000000,50.000000,0.000000,1.000000,0.000000,0.000000,0.000000,1.000000,50.000000,50.000000,81.817326,77.329750,3.000000
2026-06-24T03:37:17.841172688Z,1000,per_hit,raw_percent_of_host,api-node1,api-node2,7,3,10,25.000000,14.000000,25.000000,28.000000,100.000000,50.000000,0.000000,1.000000,0.000000,0.000000,0.000000,1.000000,50.000000,50.000000,78.271481,78.123127,3.000000
2026-06-24T03:37:18.841175594Z,1000,per_hit,raw_percent_of_host,api-node1,api-node2,6,4,10,24.242424,14.141414,24.242424,28.282828,100.000000,50.000000,0.000000,1.000000,0.000000,0.000000,0.000000,1.000000,50.000000,50.000000,77.871842,80.196573,3.000000
2026-06-24T03:37:19.841172542Z,1000,per_hit,raw_percent_of_host,api-node1,api-node2,4,6,10,19.191919,17.000000,19.191919,34.000000,100.000000,50.000000,0.000000,1.000000,0.000000,0.000000,0.000000,1.000000,50.000000,50.000000,78.592170,78.137490,3.000000
2026-06-24T03:37:20.841171956Z,1000,per_hit,raw_percent_of_host,api-node1,api-node2,3,7,10,9.090909,24.752475,9.090909,49.504950,100.000000,50.000000,1.000000,0.000000,0.000000,0.000000,1.000000,0.000000,50.000000,50.000000,81.499548,77.715002,3.000000
2026-06-24T03:37:21.841172255Z,1000,per_hit,raw_percent_of_host,api-node1,api-node2,5,5,10,25.000000,13.725490,25.000000,27.450980,100.000000,50.000000,1.000000,0.000000,0.000000,0.000000,1.000000,0.000000,50.000000,64.200000,80.555926,76.127641,3.000000
2026-06-24T03:37:22.841173059Z,1000,per_hit,raw_percent_of_host,api-node1,api-node2,4,6,10,19.387755,20.192308,19.387755,40.384615,100.000000,50.000000,0.000000,1.000000,0.000000,0.000000,0.000000,1.000000,50.000000,50.000000,80.982590,77.802134,3.000000
2026-06-24T03:37:23.841172675Z,1000,per_hit,raw_percent_of_host,api-node1,api-node2,3,7,10,10.101010,24.242424,10.101010,48.484848,100.000000,50.000000,1.000000,0.000000,0.000000,0.000000,1.000000,0.000000,50.000000,77.375000,78.999938,77.184410,3.000000
2026-06-24T03:37:24.841174457Z,1000,per_hit,raw_percent_of_host,api-node1,api-node2,5,5,10,24.242424,14.141414,24.242424,28.282828,100.000000,50.000000,1.000000,0.000000,0.000000,0.000000,1.000000,0.000000,50.000000,50.000000,80.618945,76.944147,3.000000
2026-06-24T03:37:25.841172049Z,1000,per_hit,raw_percent_of_host,api-node1,api-node2,4,6,10,20.000000,14.705882,20.000000,29.411765,100.000000,50.000000,0.000000,1.000000,0.000000,0.000000,0.000000,1.000000,50.000000,65.400000,80.941744,75.983481,3.000000
2026-06-24T03:37:26.841173911Z,1000,per_hit,raw_percent_of_host,api-node1,api-node2,7,3,10,20.202020,16.161616,20.202020,32.323232,100.000000,50.000000,1.000000,0.000000,0.000000,0.000000,1.000000,0.000000,50.000000,50.000000,78.640005,78.206797,3.000000
2026-06-24T03:37:27.841172069Z,1000,per_hit,raw_percent_of_host,api-node1,api-node2,6,4,10,25.000000,14.000000,25.000000,28.000000,100.000000,50.000000,1.000000,0.000000,0.000000,0.000000,1.000000,0.000000,56.166667,50.000000,77.129700,78.459660,3.000000
2026-06-24T03:37:28.84117325Z,1000,per_hit,raw_percent_of_host,api-node1,api-node2,4,6,10,15.841584,22.222222,15.841584,44.444444,100.000000,50.000000,1.000000,0.000000,0.000000,0.000000,1.000000,0.000000,50.000000,87.500000,78.907085,77.244083,3.000000
2026-06-24T03:37:29.841172625Z,1000,per_hit,raw_percent_of_host,api-node1,api-node2,6,4,10,29.292929,9.708738,29.292929,19.417476,100.000000,50.000000,0.000000,1.000000,0.000000,0.000000,0.000000,1.000000,57.428571,50.000000,78.546878,78.136722,3.000000
2026-06-24T03:37:30.841173597Z,1000,per_hit,raw_percent_of_host,api-node1,api-node2,5,5,10,15.151515,22.330097,15.151515,44.660194,100.000000,50.000000,1.000000,0.000000,0.000000,0.000000,1.000000,0.000000,50.000000,70.833333,78.895236,77.473437,3.000000
2026-06-24T03:37:31.841175376Z,1000,per_hit,raw_percent_of_host,api-node1,api-node2,3,7,10,15.000000,21.212121,15.000000,42.424242,100.000000,50.000000,0.000000,1.000000,0.000000,0.000000,0.000000,1.000000,75.000000,86.000000,78.251897,77.593115,3.000000
2026-06-24T03:37:32.841176327Z,1000,per_hit,raw_percent_of_host,api-node1,api-node2,3,7,10,15.151515,20.202020,15.151515,40.404040,100.000000,50.000000,0.000000,1.000000,0.000000,0.000000,0.000000,1.000000,50.000000,50.000000,78.944712,78.435728,3.000000
2026-06-24T03:37:33.841174201Z,1000,per_hit,raw_percent_of_host,api-node1,api-node2,6,4,10,15.151515,20.792079,15.151515,41.584158,100.000000,50.000000,1.000000,0.000000,0.000000,0.000000,1.000000,0.000000,50.000000,50.000000,81.235466,77.620090,3.000000
2026-06-24T03:37:34.841172627Z,1000,per_hit,raw_percent_of_host,api-node1,api-node2,6,4,10,30.693069,8.080808,30.693069,16.161616,100.000000,50.000000,1.000000,0.000000,0.000000,0.000000,1.000000,0.000000,50.166667,50.000000,78.315623,78.835896,3.000000
2026-06-24T03:37:35.841173002Z,1000,per_hit,raw_percent_of_host,api-node1,api-node2,3,7,10,15.841584,22.000000,15.841584,44.000000,100.000000,50.000000,1.000000,0.000000,0.000000,0.000000,1.000000,0.000000,50.000000,82.142857,81.190834,75.866740,3.000000
2026-06-24T03:37:36.841174045Z,1000,per_hit,raw_percent_of_host,api-node1,api-node2,5,5,10,24.242424,13.265306,24.242424,26.530612,100.000000,50.000000,0.000000,1.000000,0.000000,0.000000,0.000000,1.000000,50.000000,50.000000,81.208711,76.810864,3.000000
2026-06-24T03:37:37.841172966Z,1000,per_hit,raw_percent_of_host,api-node1,api-node2,6,4,10,20.202020,19.000000,20.202020,38.000000,100.000000,50.000000,0.000000,1.000000,0.000000,0.000000,0.000000,1.000000,50.000000,50.000000,78.587701,78.338182,3.000000
2026-06-24T03:37:38.841172864Z,1000,per_hit,raw_percent_of_host,api-node1,api-node2,6,4,10,25.000000,13.131313,25.000000,26.262626,100.000000,50.000000,0.000000,1.000000,0.000000,0.000000,0.000000,1.000000,50.000000,50.000000,77.914679,78.322050,3.000000
2026-06-24T03:37:39.841173469Z,1000,per_hit,raw_percent_of_host,api-node1,api-node2,6,4,10,20.000000,15.000000,20.000000,30.000000,100.000000,50.000000,0.000000,1.000000,0.000000,0.000000,0.000000,1.000000,58.000000,50.000000,77.890376,77.890126,3.000000
2026-06-24T03:37:40.841182291Z,1000,per_hit,raw_percent_of_host,api-node1,api-node2,4,6,10,10.101010,24.509804,10.101010,49.019608,100.000000,50.000000,1.000000,0.000000,0.000000,0.000000,1.000000,0.000000,50.000000,50.000000,79.124412,78.976205,3.000000
2026-06-24T03:37:41.841172561Z,1000,per_hit,raw_percent_of_host,api-node1,api-node2,6,4,10,20.000000,16.161616,20.000000,32.323232,100.000000,50.000000,1.000000,0.000000,0.000000,0.000000,1.000000,0.000000,50.000000,50.000000,78.601515,78.220549,3.000000
2026-06-24T03:37:42.841171782Z,1000,per_hit,raw_percent_of_host,api-node1,api-node2,6,4,10,23.762376,13.000000,23.762376,26.000000,100.000000,50.000000,0.000000,1.000000,0.000000,0.000000,0.000000,1.000000,50.000000,50.000000,78.007008,80.020862,3.000000
2026-06-24T03:37:43.841174124Z,1000,per_hit,raw_percent_of_host,api-node1,api-node2,2,8,10,10.000000,24.242424,10.000000,48.484848,100.000000,50.000000,0.000000,1.000000,0.000000,0.000000,0.000000,1.000000,50.000000,77.625000,78.719027,79.528215,3.000000
2026-06-24T03:37:44.841175095Z,1000,per_hit,raw_percent_of_host,api-node1,api-node2,5,5,10,25.742574,13.265306,25.742574,26.530612,100.000000,50.000000,0.000000,1.000000,0.000000,0.000000,0.000000,1.000000,50.000000,50.000000,81.207520,76.479870,3.000000
2026-06-24T03:37:45.841172528Z,1000,per_hit,raw_percent_of_host,api-node1,api-node2,7,3,10,24.000000,14.563107,24.000000,29.126214,100.000000,50.000000,1.000000,0.000000,0.000000,0.000000,1.000000,0.000000,50.000000,50.000000,78.869169,77.004755,3.000000
2026-06-24T03:37:46.84117253Z,1000,per_hit,raw_percent_of_host,api-node1,api-node2,4,6,10,15.151515,19.607843,15.151515,39.215686,100.000000,50.000000,0.000000,1.000000,0.000000,0.000000,0.000000,1.000000,50.000000,65.400000,78.891431,76.987697,3.000000
2026-06-24T03:37:47.84117426Z,1000,per_hit,raw_percent_of_host,api-node1,api-node2,6,4,10,19.801980,17.171717,19.801980,34.343434,100.000000,50.000000,1.000000,0.000000,0.000000,0.000000,1.000000,0.000000,50.000000,50.000000,78.307491,79.324940,3.000000
2026-06-24T03:37:48.841174735Z,1000,per_hit,raw_percent_of_host,api-node1,api-node2,6,4,10,19.191919,16.161616,19.191919,32.323232,100.000000,50.000000,1.000000,0.000000,0.000000,0.000000,1.000000,0.000000,50.000000,103.250000,78.704728,76.350965,3.000000
2026-06-24T03:37:49.841175122Z,1000,per_hit,raw_percent_of_host,api-node1,api-node2,5,5,10,20.202020,19.607843,20.202020,39.215686,100.000000,50.000000,1.000000,0.000000,0.000000,0.000000,1.000000,0.000000,50.000000,50.000000,78.096866,79.665474,3.000000
2026-06-24T03:37:50.841175403Z,1000,per_hit,raw_percent_of_host,api-node1,api-node2,7,3,10,28.000000,12.000000,28.000000,24.000000,100.000000,50.000000,1.000000,0.000000,0.000000,0.000000,1.000000,0.000000,50.000000,50.000000,78.511964,77.968202,3.000000
2026-06-24T03:37:51.841172803Z,1000,per_hit,raw_percent_of_host,api-node1,api-node2,7,3,10,31.000000,9.000000,31.000000,18.000000,100.000000,50.000000,1.000000,0.000000,0.000000,0.000000,1.000000,0.000000,50.000000,50.000000,78.664000,77.750570,3.000000
2026-06-24T03:37:52.841174751Z,1000,per_hit,raw_percent_of_host,api-node1,api-node2,6,4,10,24.489796,14.563107,24.489796,29.126214,100.000000,50.000000,0.000000,1.000000,0.000000,0.000000,0.000000,1.000000,50.000000,50.000000,78.264686,77.812794,3.000000
2026-06-24T03:37:53.841172581Z,1000,per_hit,raw_percent_of_host,api-node1,api-node2,1,9,10,5.000000,27.272727,5.000000,54.545455,100.000000,50.000000,0.000000,1.000000,0.000000,0.000000,0.000000,1.000000,50.000000,75.444444,78.881611,79.504222,3.000000
2026-06-24T03:37:54.841174309Z,1000,per_hit,raw_percent_of_host,api-node1,api-node2,3,7,10,0.000000,26.050420,0.000000,52.100840,100.000000,50.000000,1.000000,0.000000,0.000000,0.000000,1.000000,0.000000,50.000000,94.875000,83.480286,73.981413,3.000000
2026-06-24T03:37:55.841174791Z,1000,per_hit,raw_percent_of_host,api-node1,api-node2,5,5,10,19.191919,19.607843,19.191919,39.215686,100.000000,50.000000,1.000000,0.000000,0.000000,0.000000,1.000000,0.000000,50.000000,50.000000,78.347926,81.975630,3.000000
2026-06-24T03:37:56.841172383Z,1000,per_hit,raw_percent_of_host,api-node1,api-node2,2,8,10,5.050505,25.490196,5.050505,50.980392,100.000000,50.000000,1.000000,0.000000,0.000000,0.000000,1.000000,0.000000,50.000000,86.000000,79.282344,76.487581,3.000000
2026-06-24T03:37:57.841175155Z,1000,per_hit,raw_percent_of_host,api-node1,api-node2,2,8,10,15.000000,21.000000,15.000000,42.000000,100.000000,50.000000,0.000000,1.000000,0.000000,0.000000,0.000000,1.000000,50.000000,81.285714,78.903411,77.143163,3.000000
2026-06-24T03:37:58.841174544Z,1000,per_hit,raw_percent_of_host,api-node1,api-node2,2,8,10,5.050505,26.470588,5.050505,52.941176,100.000000,50.000000,0.000000,1.000000,0.000000,0.000000,0.000000,1.000000,50.000000,86.125000,82.242061,74.737145,3.000000
2026-06-24T03:37:59.841172859Z,1000,per_hit,raw_percent_of_host,api-node1,api-node2,2,8,10,5.940594,27.000000,5.940594,54.000000,100.000000,50.000000,0.000000,1.000000,0.000000,0.000000,0.000000,1.000000,50.000000,78.375000,79.313640,76.804153,3.000000
2026-06-24T03:38:00.841175868Z,1000,per_hit,raw_percent_of_host,api-node1,api-node2,3,7,10,15.151515,21.000000,15.151515,42.000000,100.000000,50.000000,0.000000,1.000000,0.000000,0.000000,0.000000,1.000000,50.000000,50.000000,78.947540,78.222004,3.000000
2026-06-24T03:38:01.841175445Z,1000,per_hit,raw_percent_of_host,api-node1,api-node2,6,4,10,21.000000,18.000000,21.000000,36.000000,100.000000,50.000000,1.000000,0.000000,0.000000,0.000000,1.000000,0.000000,50.000000,50.000000,81.473864,77.353391,3.000000
2026-06-24T03:38:02.841173274Z,1000,per_hit,raw_percent_of_host,api-node1,api-node2,3,7,10,15.151515,22.330097,15.151515,44.660194,100.000000,50.000000,0.000000,1.000000,0.000000,0.000000,0.000000,1.000000,50.000000,50.000000,78.944712,78.547276,3.000000
2026-06-24T03:38:03.841172593Z,1000,per_hit,raw_percent_of_host,api-node1,api-node2,3,7,10,11.000000,23.232323,11.000000,46.464646,100.000000,50.000000,1.000000,0.000000,0.000000,0.000000,1.000000,0.000000,50.000000,76.750000,79.033708,77.184410,3.000000
2026-06-24T03:38:04.841172643Z,1000,per_hit,raw_percent_of_host,api-node1,api-node2,7,3,10,30.303030,5.050505,30.303030,10.101010,100.000000,50.000000,0.000000,1.000000,0.000000,0.000000,0.000000,1.000000,56.125000,50.000000,80.821878,77.591919,3.000000
2026-06-24T03:38:05.841175561Z,1000,per_hit,raw_percent_of_host,api-node1,api-node2,6,4,10,25.000000,15.000000,25.000000,30.000000,100.000000,50.000000,0.000000,1.000000,0.000000,0.000000,0.000000,1.000000,50.000000,50.000000,78.158923,78.294189,3.000000
2026-06-24T03:38:06.841173145Z,1000,per_hit,raw_percent_of_host,api-node1,api-node2,5,5,10,20.202020,18.627451,20.202020,37.254902,100.000000,50.000000,1.000000,0.000000,0.000000,0.000000,1.000000,0.000000,50.000000,50.000000,78.637177,78.304145,3.000000
2026-06-24T03:38:07.841172483Z,1000,per_hit,raw_percent_of_host,api-node1,api-node2,5,5,10,20.000000,16.326531,20.000000,32.653061,100.000000,50.000000,1.000000,0.000000,0.000000,0.000000,1.000000,0.000000,50.000000,50.000000,81.534209,77.134991,3.000000
2026-06-24T03:38:08.841174016Z,1000,per_hit,raw_percent_of_host,api-node1,api-node2,4,6,10,21.000000,17.171717,21.000000,34.343434,100.000000,50.000000,0.000000,1.000000,0.000000,0.000000,0.000000,1.000000,50.000000,50.000000,78.532162,78.156373,3.000000
2026-06-24T03:38:09.84117254Z,1000,per_hit,raw_percent_of_host,api-node1,api-node2,7,3,10,24.242424,14.000000,24.242424,28.000000,100.000000,50.000000,1.000000,0.000000,0.000000,0.000000,1.000000,0.000000,57.666667,50.000000,77.577627,77.731402,3.000000
2026-06-24T03:38:10.841175223Z,1000,per_hit,raw_percent_of_host,api-node1,api-node2,6,2,8,27.551020,0.000000,27.551020,0.000000,100.000000,50.000000,0.000000,1.000000,0.000000,0.000000,0.000000,1.000000,50.000000,50.000000,78.214147,80.210322,3.000000
2026-06-24T03:38:11.841175013Z,1000,per_hit,raw_percent_of_host,api-node1,api-node2,8,4,12,22.772277,11.111111,22.772277,22.222222,100.000000,50.000000,1.000000,0.000000,0.000000,0.000000,1.000000,0.000000,54.714286,50.000000,78.067555,77.869320,3.000000
2026-06-24T03:38:12.841175907Z,1000,per_hit,raw_percent_of_host,api-node1,api-node2,4,6,10,15.151515,13.131313,15.151515,26.262626,100.000000,50.000000,1.000000,0.000000,0.000000,0.000000,1.000000,0.000000,50.250000,50.000000,78.268477,76.111151,3.000000
2026-06-24T03:38:13.841174487Z,1000,per_hit,raw_percent_of_host,api-node1,api-node2,5,5,10,15.151515,13.000000,15.151515,26.000000,100.000000,50.000000,1.000000,0.000000,0.000000,0.000000,1.000000,0.000000,50.000000,76.000000,78.685237,76.149660,3.000000
2026-06-24T03:38:14.841172654Z,1000,per_hit,raw_percent_of_host,api-node1,api-node2,8,4,12,25.000000,5.050505,25.000000,10.101010,100.000000,50.000000,1.000000,0.000000,0.000000,0.000000,1.000000,0.000000,50.000000,50.000000,77.476779,78.382799,3.000000
2026-06-24T03:38:15.841173684Z,1000,per_hit,raw_percent_of_host,api-node1,api-node2,5,5,10,25.000000,5.050505,25.000000,10.101010,100.000000,50.000000,0.000000,1.000000,0.000000,0.000000,0.000000,1.000000,50.000000,50.000000,77.718138,77.943054,3.000000
2026-06-24T03:38:16.841172774Z,1000,per_hit,raw_percent_of_host,api-node1,api-node2,6,4,10,19.000000,9.090909,19.000000,18.181818,100.000000,50.000000,0.000000,1.000000,0.000000,0.000000,0.000000,1.000000,62.166667,50.000000,77.561680,77.025829,3.000000
2026-06-24T03:38:17.841174333Z,1000,per_hit,raw_percent_of_host,api-node1,api-node2,2,8,10,5.940594,19.191919,5.940594,38.383838,100.000000,50.000000,0.000000,1.000000,0.000000,0.000000,0.000000,1.000000,50.000000,50.000000,78.335411,77.816503,3.000000
2026-06-24T03:38:18.841172807Z,1000,per_hit,raw_percent_of_host,api-node1,api-node2,5,5,10,10.101010,16.326531,10.101010,32.653061,100.000000,50.000000,1.000000,0.000000,0.000000,0.000000,1.000000,0.000000,50.000000,68.333333,79.077769,76.399988,3.000000
2026-06-24T03:38:19.841174514Z,1000,per_hit,raw_percent_of_host,api-node1,api-node2,4,6,10,21.782178,9.090909,21.782178,18.181818,100.000000,50.000000,0.000000,1.000000,0.000000,0.000000,0.000000,1.000000,50.000000,50.000000,77.733341,76.137236,3.000000
2026-06-24T03:38:20.841174381Z,1000,per_hit,raw_percent_of_host,api-node1,api-node2,5,5,10,9.090909,16.161616,9.090909,32.323232,100.000000,50.000000,1.000000,0.000000,0.000000,0.000000,1.000000,0.000000,50.000000,50.000000,79.140120,77.529996,3.000000
2026-06-24T03:38:21.841174665Z,1000,per_hit,raw_percent_of_host,api-node1,api-node2,4,6,10,15.151515,11.111111,15.151515,22.222222,100.000000,50.000000,1.000000,0.000000,0.000000,0.000000,1.000000,0.000000,50.000000,69.333333,78.365023,75.692637,3.000000
2026-06-24T03:38:22.841175259Z,1000,per_hit,raw_percent_of_host,api-node1,api-node2,4,10,14,10.101010,17.171717,10.101010,34.343434,100.000000,50.000000,0.000000,1.000000,0.000000,0.000000,0.000000,1.000000,50.000000,65.444444,79.103129,76.187975,3.000000
2026-06-24T03:38:23.841172579Z,1000,per_hit,raw_percent_of_host,api-node1,api-node2,9,10,19,15.151515,14.000000,15.151515,28.000000,100.000000,50.000000,0.000000,1.000000,0.000000,0.000000,0.000000,1.000000,80.888889,107.800000,77.421892,73.070382,3.000000
2026-06-24T03:38:24.841172489Z,1000,per_hit,raw_percent_of_host,api-node1,api-node2,14,11,25,16.000000,14.000000,16.000000,28.000000,100.000000,50.000000,0.000000,1.000000,0.000000,0.000000,0.000000,1.000000,118.571429,105.363636,76.796736,76.348057,3.000000
2026-06-24T03:38:25.841172572Z,1000,per_hit,raw_percent_of_host,api-node1,api-node2,14,17,31,5.050505,19.191919,5.050505,38.383838,100.000000,50.000000,0.000000,1.000000,0.000000,0.000000,0.000000,1.000000,139.071429,177.647059,77.792044,77.699388,3.000000
2026-06-24T03:38:26.841172618Z,1000,per_hit,raw_percent_of_host,api-node1,api-node2,17,19,36,11.000000,17.171717,11.000000,34.343434,100.000000,50.000000,0.000000,1.000000,0.000000,0.000000,0.000000,1.000000,125.411765,230.473684,78.032367,77.051628,3.000000
2026-06-24T03:38:27.841172508Z,1000,per_hit,raw_percent_of_host,api-node1,api-node2,23,19,42,10.101010,16.161616,10.101010,32.323232,100.000000,50.000000,0.000000,1.000000,0.000000,0.000000,0.000000,1.000000,170.130435,220.157895,78.127526,76.746713,3.000000
2026-06-24T03:38:28.841172777Z,1000,per_hit,raw_percent_of_host,api-node1,api-node2,25,23,48,15.841584,26.732673,15.841584,53.465347,100.000000,50.000000,1.000000,4.000000,0.000000,0.000000,1.000000,4.000000,142.666667,314.850000,77.362749,76.167622,3.000000
2026-06-24T03:38:29.841173412Z,1000,per_hit,raw_percent_of_host,api-node1,api-node2,29,24,53,21.000000,28.155340,21.000000,56.310680,100.000000,50.000000,1.000000,4.000000,0.000000,0.000000,1.000000,4.000000,196.896552,368.916667,76.436767,75.109774,3.000000
2026-06-24T03:38:30.841174157Z,1000,per_hit,raw_percent_of_host,api-node1,api-node2,26,30,56,14.141414,12.371134,14.141414,24.742268,100.000000,50.000000,1.000000,24.000000,0.000000,0.000000,1.000000,24.000000,146.846154,277.000000,77.681150,69.851609,3.000000
2026-06-24T03:38:31.841172659Z,1000,per_hit,raw_percent_of_host,api-node1,api-node2,27,41,68,25.252525,24.242424,25.252525,48.484848,100.000000,50.000000,0.000000,32.000000,0.000000,0.000000,0.000000,32.000000,155.428571,481.545455,75.868651,76.605397,3.000000
2026-06-24T03:38:32.841174581Z,1000,per_hit,raw_percent_of_host,api-node1,api-node2,43,28,71,15.151515,26.732673,15.151515,53.465347,100.000000,50.000000,1.000000,26.000000,0.000000,0.000000,1.000000,26.000000,309.666667,752.588235,77.565441,51.540064,3.000000
2026-06-24T03:38:33.841173069Z,1000,per_hit,raw_percent_of_host,api-node1,api-node2,41,35,76,14.285714,17.171717,14.285714,34.343434,100.000000,50.000000,2.000000,32.000000,0.000000,0.000000,2.000000,32.000000,272.375000,473.862069,77.879690,76.689331,3.000000
2026-06-24T03:38:34.841173445Z,1000,per_hit,raw_percent_of_host,api-node1,api-node2,56,26,82,27.835052,25.000000,27.835052,50.000000,100.000000,50.000000,21.000000,9.000000,0.000000,0.000000,21.000000,9.000000,292.378378,588.346939,76.462313,63.275826,3.000000
2026-06-24T03:38:35.84117353Z,1000,per_hit,raw_percent_of_host,api-node1,api-node2,43,45,88,30.337079,17.171717,30.337079,34.343434,100.000000,50.000000,4.000000,43.000000,0.000000,0.000000,4.000000,43.000000,331.200000,471.090909,75.421477,76.487905,3.000000
2026-06-24T03:38:36.841174738Z,1000,per_hit,raw_percent_of_host,api-node1,api-node2,55,37,92,16.161616,26.000000,16.161616,52.000000,100.000000,50.000000,26.000000,31.000000,0.000000,0.000000,26.000000,31.000000,346.878788,665.326531,77.580126,50.092043,3.000000
2026-06-24T03:38:37.841174027Z,1000,per_hit,raw_percent_of_host,api-node1,api-node2,50,49,99,26.262626,23.232323,26.262626,46.464646,100.000000,50.000000,6.000000,42.000000,0.000000,0.000000,6.000000,42.000000,389.228571,643.868421,75.068452,71.069713,3.000000
2026-06-24T03:38:38.841172773Z,1000,per_hit,raw_percent_of_host,api-node1,api-node2,58,47,105,27.000000,25.000000,27.000000,50.000000,100.000000,50.000000,26.000000,45.000000,0.000000,0.000000,26.000000,45.000000,296.842105,743.659091,75.914994,72.389033,3.000000
2026-06-24T03:38:39.841173568Z,1000,per_hit,raw_percent_of_host,api-node1,api-node2,72,35,107,45.945946,26.000000,45.945946,52.000000,100.000000,50.000000,42.000000,37.000000,0.000000,0.000000,42.000000,37.000000,382.767857,653.139535,78.186000,48.511435,3.000000
2026-06-24T03:38:40.841172649Z,1000,per_hit,raw_percent_of_host,api-node1,api-node2,45,71,116,50.980392,18.181818,50.980392,36.363636,100.000000,50.000000,17.000000,63.000000,0.000000,0.000000,17.000000,63.000000,509.100000,654.444444,49.237490,66.254447,3.000000
2026-06-24T03:38:41.841172508Z,1000,per_hit,raw_percent_of_host,api-node1,api-node2,62,42,104,50.980392,18.181818,50.980392,36.363636,100.000000,50.000000,40.000000,57.000000,0.000000,0.000000,40.000000,57.000000,327.025641,891.562500,76.006863,57.970160,3.000000
2026-06-24T03:38:42.841173127Z,1000,per_hit,raw_percent_of_host,api-node1,api-node2,70,48,118,46.913580,25.742574,46.913580,51.485149,100.000000,50.000000,44.000000,53.000000,0.000000,0.000000,44.000000,53.000000,355.166667,1308.365385,73.460764,46.153188,3.000000
2026-06-24T03:38:43.841173169Z,1000,per_hit,raw_percent_of_host,api-node1,api-node2,83,30,113,52.475248,27.722772,52.475248,55.445545,100.000000,50.000000,52.000000,50.000000,0.000000,0.000000,52.000000,50.000000,385.506667,1067.636364,72.202309,46.198902,3.000000
2026-06-24T03:38:44.841174491Z,1000,per_hit,raw_percent_of_host,api-node1,api-node2,66,73,139,62.222222,23.711340,62.222222,47.422680,100.000000,50.000000,28.000000,57.000000,0.000000,0.000000,28.000000,57.000000,551.655556,842.030303,62.282662,62.007551,3.000000
2026-06-24T03:38:45.841172771Z,1000,per_hit,raw_percent_of_host,api-node1,api-node2,69,53,122,62.222222,25.742574,62.222222,51.485149,100.000000,50.000000,27.000000,67.000000,0.000000,0.000000,27.000000,67.000000,307.214286,1011.511628,67.940342,45.224202,3.000000
2026-06-24T03:38:46.841173297Z,1000,per_hit,raw_percent_of_host,api-node1,api-node2,69,54,123,50.980392,25.742574,50.980392,51.485149,100.000000,50.000000,20.000000,76.000000,0.000000,0.000000,20.000000,76.000000,265.368421,1272.844444,68.738798,44.744852,3.000000
2026-06-24T03:38:47.841172569Z,1000,per_hit,raw_percent_of_host,api-node1,api-node2,58,37,95,56.179775,25.742574,56.179775,51.485149,100.000000,50.000000,3.000000,101.000000,0.000000,0.000000,3.000000,101.000000,249.186667,1404.666667,67.889018,43.989073,3.000000
2026-06-24T03:38:48.841172659Z,1000,per_hit,raw_percent_of_host,api-node1,api-node2,81,62,143,56.179775,24.489796,56.179775,48.979592,100.000000,50.000000,67.000000,80.000000,0.000000,0.000000,67.000000,80.000000,106.764706,1794.987952,74.226125,46.865348,3.000000
2026-06-24T03:38:49.841173095Z,1000,per_hit,raw_percent_of_host,api-node1,api-node2,63,53,116,47.321429,25.252525,47.321429,50.505051,100.000000,50.000000,18.000000,98.000000,0.000000,0.000000,18.000000,98.000000,510.776786,1863.028571,69.406672,43.465079,3.000000
2026-06-24T03:38:50.841172556Z,1000,per_hit,raw_percent_of_host,api-node1,api-node2,52,24,76,47.321429,25.252525,47.321429,50.505051,100.000000,50.000000,8.000000,122.000000,0.000000,0.000000,8.000000,122.000000,220.564516,0.000000,73.098354,42.543189,3.000000
2026-06-24T03:38:51.841173749Z,1000,per_hit,raw_percent_of_host,api-node1,api-node2,93,61,154,54.022989,25.000000,54.022989,50.000000,100.000000,50.000000,77.000000,85.000000,0.000000,0.000000,77.000000,85.000000,144.000000,2176.602041,74.274606,45.289053,3.000000
2026-06-24T03:38:52.841173095Z,1000,per_hit,raw_percent_of_host,api-node1,api-node2,62,52,114,51.485149,25.000000,51.485149,50.000000,100.000000,50.000000,24.000000,88.000000,0.000000,0.000000,24.000000,88.000000,593.147826,1930.612245,49.320236,42.636564,3.000000
2026-06-24T03:38:53.84117393Z,1000,per_hit,raw_percent_of_host,api-node1,api-node2,66,29,95,47.651007,25.000000,47.651007,50.000000,100.000000,50.000000,4.000000,117.000000,0.000000,0.000000,4.000000,117.000000,306.651163,0.000000,67.106273,42.881901,3.000000
2026-06-24T03:38:54.84117659Z,1000,per_hit,raw_percent_of_host,api-node1,api-node2,112,67,179,47.651007,25.000000,47.651007,50.000000,100.000000,50.000000,81.000000,67.000000,0.000000,0.000000,81.000000,67.000000,148.571429,2216.393162,75.794100,47.223330,3.000000
2026-06-24T03:38:55.841172559Z,1000,per_hit,raw_percent_of_host,api-node1,api-node2,64,54,118,52.000000,25.000000,52.000000,50.000000,100.000000,50.000000,37.000000,116.000000,0.000000,0.000000,37.000000,116.000000,842.962963,1014.200000,65.619113,43.411346,3.000000
2026-06-24T03:38:56.841172658Z,1000,per_hit,raw_percent_of_host,api-node1,api-node2,68,52,120,47.000000,25.000000,47.000000,50.000000,100.000000,50.000000,26.000000,112.000000,0.000000,0.000000,26.000000,112.000000,299.000000,1781.767857,68.772237,42.283069,3.000000
2026-06-24T03:38:57.84117382Z,1000,per_hit,raw_percent_of_host,api-node1,api-node2,46,22,68,51.000000,25.000000,51.000000,50.000000,100.000000,50.000000,15.000000,134.000000,0.000000,0.000000,15.000000,134.000000,175.157895,0.000000,74.771966,42.899671,3.000000
2026-06-24T03:38:58.84117302Z,1000,per_hit,raw_percent_of_host,api-node1,api-node2,87,57,144,50.000000,25.742574,50.000000,51.485149,100.000000,50.000000,51.000000,90.000000,0.000000,0.000000,51.000000,90.000000,262.274510,2301.742574,69.965799,45.606683,3.000000
2026-06-24T03:38:59.841173211Z,1000,per_hit,raw_percent_of_host,api-node1,api-node2,81,66,147,56.179775,25.742574,56.179775,51.485149,100.000000,50.000000,28.000000,99.000000,0.000000,0.000000,28.000000,99.000000,403.317308,1723.157895,66.276646,43.807630,3.000000
2026-06-24T03:39:00.841173271Z,1000,per_hit,raw_percent_of_host,api-node1,api-node2,66,44,110,51.000000,26.000000,51.000000,52.000000,100.000000,50.000000,6.000000,109.000000,0.000000,0.000000,6.000000,109.000000,252.818182,1652.676471,70.483662,43.009260,3.000000
2026-06-24T03:39:01.841172547Z,1000,per_hit,raw_percent_of_host,api-node1,api-node2,76,36,112,53.000000,26.000000,53.000000,52.000000,100.000000,50.000000,16.000000,105.000000,0.000000,0.000000,16.000000,105.000000,191.333333,2211.075000,70.265809,42.606995,3.000000
2026-06-24T03:39:02.841174887Z,1000,per_hit,raw_percent_of_host,api-node1,api-node2,69,52,121,46.846847,26.000000,46.846847,52.000000,100.000000,50.000000,4.000000,107.000000,0.000000,0.000000,4.000000,107.000000,165.777778,2155.400000,73.549767,43.178919,3.000000
2026-06-24T03:39:03.841172907Z,1000,per_hit,raw_percent_of_host,api-node1,api-node2,35,38,73,54.022989,26.000000,54.022989,52.000000,100.000000,50.000000,0.000000,145.000000,0.000000,0.000000,0.000000,145.000000,99.153846,0.000000,75.512699,71.598486,3.000000
2026-06-24T03:39:04.841173011Z,1000,per_hit,raw_percent_of_host,api-node1,api-node2,63,31,94,43.636364,25.000000,43.636364,50.000000,100.000000,50.000000,31.000000,47.000000,0.000000,0.000000,31.000000,47.000000,99.750000,2853.705426,75.178019,46.915757,3.000000
2026-06-24T03:39:05.841172911Z,1000,per_hit,raw_percent_of_host,api-node1,api-node2,105,67,172,50.931677,27.450980,50.931677,54.901961,100.000000,50.000000,62.000000,90.000000,0.000000,0.000000,62.000000,90.000000,387.297297,1266.583333,64.815127,45.573336,3.000000
2026-06-24T03:39:06.84117261Z,1000,per_hit,raw_percent_of_host,api-node1,api-node2,64,71,135,46.363636,27.450980,46.363636,54.901961,100.000000,50.000000,43.000000,115.000000,0.000000,0.000000,43.000000,115.000000,939.048193,1616.239130,48.800191,43.385090,3.000000
2026-06-24T03:39:07.841173685Z,1000,per_hit,raw_percent_of_host,api-node1,api-node2,70,38,108,55.555556,25.252525,55.555556,50.505051,100.000000,50.000000,18.000000,106.000000,0.000000,0.000000,18.000000,106.000000,352.084211,1749.340426,64.830988,42.842563,3.000000
2026-06-24T03:39:08.841173237Z,1000,per_hit,raw_percent_of_host,api-node1,api-node2,65,47,112,51.485149,25.252525,51.485149,50.505051,100.000000,50.000000,20.000000,115.000000,0.000000,0.000000,20.000000,115.000000,150.650794,1967.236842,71.805867,42.526286,3.000000
2026-06-24T03:39:09.841172611Z,1000,per_hit,raw_percent_of_host,api-node1,api-node2,80,45,125,47.321429,26.000000,47.321429,52.000000,100.000000,50.000000,18.000000,92.000000,0.000000,0.000000,18.000000,92.000000,189.024390,2160.470588,68.934290,43.118099,3.000000
2026-06-24T03:39:10.841177942Z,1000,per_hit,raw_percent_of_host,api-node1,api-node2,91,56,147,50.980392,0.000000,50.980392,0.000000,100.000000,50.000000,26.000000,90.000000,0.000000,0.000000,26.000000,90.000000,245.373494,1718.293103,67.493284,46.222365,3.000000
2026-06-24T03:39:11.841174429Z,1000,per_hit,raw_percent_of_host,api-node1,api-node2,68,61,129,50.980392,0.000000,50.980392,0.000000,100.000000,50.000000,10.000000,111.000000,0.000000,0.000000,10.000000,111.000000,197.250000,1890.250000,70.404285,50.238355,3.000000
2026-06-24T03:39:12.841173278Z,1000,per_hit,raw_percent_of_host,api-node1,api-node2,46,23,69,51.485149,0.000000,51.485149,0.000000,100.000000,50.000000,7.000000,134.000000,0.000000,0.000000,7.000000,134.000000,117.020408,0.000000,74.553766,50.000000,3.000000
2026-06-24T03:39:13.841172183Z,1000,per_hit,raw_percent_of_host,api-node1,api-node2,87,83,170,51.000000,0.000000,51.000000,0.000000,100.000000,50.000000,66.000000,80.000000,0.000000,0.000000,66.000000,80.000000,81.000000,2433.474453,77.916180,69.928008,3.000000
2026-06-24T03:39:14.841173187Z,1000,per_hit,raw_percent_of_host,api-node1,api-node2,54,46,100,41.964286,28.431373,41.964286,56.862745,100.000000,50.000000,46.000000,117.000000,0.000000,0.000000,46.000000,117.000000,400.581081,752.111111,57.191925,46.044156,3.000000
2026-06-24T03:39:15.841174064Z,1000,per_hit,raw_percent_of_host,api-node1,api-node2,53,37,90,56.179775,28.431373,56.179775,56.862745,100.000000,50.000000,29.000000,126.000000,0.000000,0.000000,29.000000,126.000000,552.642857,2022.500000,66.834247,41.875956,3.000000
2026-06-24T03:39:16.841173159Z,1000,per_hit,raw_percent_of_host,api-node1,api-node2,57,33,90,46.846847,25.742574,46.846847,51.485149,100.000000,50.000000,23.000000,117.000000,0.000000,0.000000,23.000000,117.000000,218.984127,2501.857143,74.335124,41.967510,3.000000
2026-06-24T03:39:17.841172667Z,1000,per_hit,raw_percent_of_host,api-node1,api-node2,48,23,71,46.846847,25.742574,46.846847,51.485149,100.000000,50.000000,12.000000,131.000000,0.000000,0.000000,12.000000,131.000000,149.474576,2857.777778,74.460026,41.776234,3.000000
2026-06-24T03:39:18.841172653Z,1000,per_hit,raw_percent_of_host,api-node1,api-node2,95,74,169,43.119266,26.000000,43.119266,52.000000,100.000000,50.000000,64.000000,83.000000,0.000000,0.000000,64.000000,83.000000,244.441860,2614.221311,69.177785,43.991509,3.000000
2026-06-24T03:39:19.84117252Z,1000,per_hit,raw_percent_of_host,api-node1,api-node2,76,48,124,51.485149,25.252525,51.485149,50.505051,100.000000,50.000000,29.000000,104.000000,0.000000,0.000000,29.000000,104.000000,569.846847,1511.740741,51.786193,43.170119,3.000000
2026-06-24T03:39:20.841172527Z,1000,per_hit,raw_percent_of_host,api-node1,api-node2,74,43,117,51.485149,25.252525,51.485149,50.505051,100.000000,50.000000,31.000000,106.000000,0.000000,0.000000,31.000000,106.000000,207.652778,2006.195122,71.825782,42.659925,3.000000
2026-06-24T03:39:21.841172344Z,1000,per_hit,raw_percent_of_host,api-node1,api-node2,76,45,121,51.485149,25.252525,51.485149,50.505051,100.000000,50.000000,15.000000,104.000000,0.000000,0.000000,15.000000,104.000000,205.228261,2158.170213,70.982824,43.234797,3.000000
2026-06-24T03:39:22.841173867Z,1000,per_hit,raw_percent_of_host,api-node1,api-node2,68,38,106,46.846847,26.000000,46.846847,52.000000,100.000000,50.000000,13.000000,112.000000,0.000000,0.000000,13.000000,112.000000,182.271429,1898.100000,70.896884,43.209670,3.000000
2026-06-24T03:39:23.841175329Z,1000,per_hit,raw_percent_of_host,api-node1,api-node2,75,29,104,51.485149,26.000000,51.485149,52.000000,100.000000,50.000000,7.000000,104.000000,0.000000,0.000000,7.000000,104.000000,152.654321,1784.810811,69.309476,42.607133,3.000000
2026-06-24T03:39:24.841173482Z,1000,per_hit,raw_percent_of_host,api-node1,api-node2,116,62,178,46.846847,25.000000,46.846847,50.000000,100.000000,50.000000,61.000000,48.000000,0.000000,0.000000,61.000000,48.000000,161.709677,2394.152542,69.394508,61.840846,3.000000
2026-06-24T03:39:25.841172616Z,1000,per_hit,raw_percent_of_host,api-node1,api-node2,67,72,139,51.456311,27.000000,51.456311,54.000000,100.000000,50.000000,36.000000,110.000000,0.000000,0.000000,36.000000,110.000000,581.434783,495.000000,54.886745,47.316277,3.000000
2026-06-24T03:39:26.841172849Z,1000,per_hit,raw_percent_of_host,api-node1,api-node2,73,45,118,51.485149,27.000000,51.485149,54.000000,100.000000,50.000000,43.000000,105.000000,0.000000,0.000000,43.000000,105.000000,272.560606,1665.160000,73.044458,42.977884,3.000000
2026-06-24T03:39:27.841173897Z,1000,per_hit,raw_percent_of_host,api-node1,api-node2,59,47,106,46.363636,25.742574,46.363636,51.485149,100.000000,50.000000,18.000000,121.000000,0.000000,0.000000,18.000000,121.000000,444.785714,1791.000000,68.729772,42.722890,3.000000
2026-06-24T03:39:28.841172304Z,1000,per_hit,raw_percent_of_host,api-node1,api-node2,33,27,60,35.353535,25.742574,35.353535,51.485149,100.000000,50.000000,2.000000,148.000000,0.000000,0.000000,2.000000,148.000000,168.489796,0.000000,73.458586,40.898378,3.000000
2026-06-24T03:39:29.84117273Z,1000,per_hit,raw_percent_of_host,api-node1,api-node2,98,67,165,20.000000,27.450980,20.000000,54.901961,100.000000,50.000000,92.000000,80.000000,0.000000,0.000000,92.000000,80.000000,77.125000,2486.933333,74.402392,45.182719,3.000000
2026-06-24T03:39:30.841172834Z,1000,per_hit,raw_percent_of_host,api-node1,api-node2,62,41,103,46.846847,27.450980,46.846847,54.901961,100.000000,50.000000,50.000000,86.000000,0.000000,0.000000,50.000000,86.000000,802.586538,1616.885714,55.645065,43.430926,3.000000
2026-06-24T03:39:31.841173174Z,1000,per_hit,raw_percent_of_host,api-node1,api-node2,68,55,123,51.000000,27.450980,51.000000,54.901961,100.000000,50.000000,13.000000,120.000000,0.000000,0.000000,13.000000,120.000000,476.752381,1867.761905,55.933768,43.045458,3.000000
2026-06-24T03:39:32.841178789Z,1000,per_hit,raw_percent_of_host,api-node1,api-node2,40,21,61,51.000000,27.450980,51.000000,54.901961,100.000000,50.000000,8.000000,80.000000,0.000000,0.000000,8.000000,80.000000,153.688889,2733.426230,76.226718,41.420641,3.000000
2026-06-24T03:39:33.841173624Z,1000,per_hit,raw_percent_of_host,api-node1,api-node2,103,69,172,47.706422,26.000000,47.706422,52.000000,100.000000,50.000000,43.000000,82.000000,0.000000,0.000000,43.000000,82.000000,465.250000,2335.507463,73.093056,44.108394,3.000000
2026-06-24T03:39:34.841172573Z,1000,per_hit,raw_percent_of_host,api-node1,api-node2,62,35,97,47.706422,26.000000,47.706422,52.000000,100.000000,50.000000,27.000000,117.000000,0.000000,0.000000,27.000000,117.000000,614.576923,0.000000,63.330317,43.199516,3.000000
2026-06-24T03:39:35.841173108Z,1000,per_hit,raw_percent_of_host,api-node1,api-node2,97,68,165,47.747748,25.000000,47.747748,50.000000,100.000000,50.000000,62.000000,82.000000,0.000000,0.000000,62.000000,82.000000,484.483871,1837.407767,54.696142,44.691319,3.000000
2026-06-24T03:39:36.841172684Z,1000,per_hit,raw_percent_of_host,api-node1,api-node2,44,59,103,100.000000,25.000000,100.000000,50.000000,100.000000,50.000000,5.000000,136.000000,0.000000,0.000000,5.000000,136.000000,486.059406,1260.400000,55.333212,42.623955,3.000000
2026-06-24T03:39:37.841173966Z,1000,per_hit,raw_percent_of_host,api-node1,api-node2,26,27,53,20.618557,25.000000,20.618557,50.000000,100.000000,50.000000,3.000000,154.000000,0.000000,0.000000,3.000000,154.000000,142.714286,1748.777778,51.970424,40.529068,3.000000
2026-06-24T03:39:38.841172858Z,1000,per_hit,raw_percent_of_host,api-node1,api-node2,47,22,69,20.618557,25.000000,20.618557,50.000000,100.000000,50.000000,14.000000,132.000000,0.000000,0.000000,14.000000,132.000000,143.194444,2077.909091,73.481728,40.457200,3.000000
2026-06-24T03:39:39.841172883Z,1000,per_hit,raw_percent_of_host,api-node1,api-node2,128,52,180,50.442478,40.000000,50.442478,80.000000,100.000000,50.000000,105.000000,51.000000,0.000000,0.000000,105.000000,51.000000,362.729730,2927.992481,76.618279,37.431731,3.000000
2026-06-24T03:39:40.841172434Z,1000,per_hit,raw_percent_of_host,api-node1,api-node2,54,34,88,50.442478,40.000000,50.442478,80.000000,100.000000,50.000000,96.000000,84.000000,0.000000,0.000000,96.000000,84.000000,645.428571,1048.000000,44.563995,31.371756,3.000000
2026-06-24T03:39:41.841173166Z,1000,per_hit,raw_percent_of_host,api-node1,api-node2,67,98,165,51.000000,25.000000,51.000000,50.000000,100.000000,50.000000,71.000000,96.000000,0.000000,0.000000,71.000000,96.000000,1191.304348,1194.290698,46.686516,66.098795,3.000000
2026-06-24T03:39:42.841172572Z,1000,per_hit,raw_percent_of_host,api-node1,api-node2,32,51,83,51.485149,25.000000,51.485149,50.000000,100.000000,50.000000,1.000000,147.000000,0.000000,0.000000,1.000000,147.000000,651.176471,0.000000,53.509679,68.153804,3.000000
2026-06-24T03:39:43.841172884Z,1000,per_hit,raw_percent_of_host,api-node1,api-node2,65,28,93,51.485149,25.000000,51.485149,50.000000,100.000000,50.000000,27.000000,115.000000,0.000000,0.000000,27.000000,115.000000,135.410256,2247.450000,72.943136,41.657702,3.000000
2026-06-24T03:39:44.841173707Z,1000,per_hit,raw_percent_of_host,api-node1,api-node2,51,27,78,51.485149,25.000000,51.485149,50.000000,100.000000,50.000000,19.000000,128.000000,0.000000,0.000000,19.000000,128.000000,175.525424,1759.214286,71.197240,43.844302,3.000000
2026-06-24T03:39:45.841173625Z,1000,per_hit,raw_percent_of_host,api-node1,api-node2,104,74,178,51.685393,27.184466,51.685393,54.368932,100.000000,50.000000,94.000000,72.000000,0.000000,0.000000,94.000000,72.000000,200.896552,2352.076923,66.981571,45.864940,3.000000
2026-06-24T03:39:46.841172868Z,1000,per_hit,raw_percent_of_host,api-node1,api-node2,68,55,123,51.000000,25.925926,51.000000,51.851852,100.000000,50.000000,51.000000,112.000000,0.000000,0.000000,51.000000,112.000000,754.000000,1164.133333,64.118983,43.602878,3.000000
2026-06-24T03:39:47.841172263Z,1000,per_hit,raw_percent_of_host,api-node1,api-node2,56,28,84,50.000000,25.925926,50.000000,51.851852,100.000000,50.000000,15.000000,121.000000,0.000000,0.000000,15.000000,121.000000,382.924731,1903.684211,72.360342,41.641059,3.000000
2026-06-24T03:39:48.841172989Z,1000,per_hit,raw_percent_of_host,api-node1,api-node2,101,60,161,33.707865,25.742574,33.707865,51.485149,100.000000,50.000000,71.000000,81.000000,0.000000,0.000000,71.000000,81.000000,160.409091,2524.860000,72.574693,44.075046,3.000000
2026-06-24T03:39:49.841172352Z,1000,per_hit,raw_percent_of_host,api-node1,api-node2,70,36,106,33.707865,25.742574,33.707865,51.485149,100.000000,50.000000,53.000000,110.000000,0.000000,0.000000,53.000000,110.000000,650.511364,1409.142857,59.582079,42.286316,3.000000
2026-06-24T03:39:50.841173589Z,1000,per_hit,raw_percent_of_host,api-node1,api-node2,64,61,125,46.846847,25.742574,46.846847,51.485149,100.000000,50.000000,18.000000,116.000000,0.000000,0.000000,18.000000,116.000000,455.585859,1884.527273,54.713593,43.604474,3.000000
2026-06-24T03:39:51.841172579Z,1000,per_hit,raw_percent_of_host,api-node1,api-node2,47,22,69,56.179775,24.242424,56.179775,48.484848,100.000000,50.000000,9.000000,133.000000,0.000000,0.000000,9.000000,133.000000,169.392857,1784.000000,72.838988,41.686538,3.000000
2026-06-24T03:39:52.841172613Z,1000,per_hit,raw_percent_of_host,api-node1,api-node2,96,78,174,53.465347,24.242424,53.465347,48.484848,100.000000,50.000000,52.000000,81.000000,0.000000,0.000000,52.000000,81.000000,282.471698,2123.907692,62.694826,44.853852,3.000000
2026-06-24T03:39:53.841172989Z,1000,per_hit,raw_percent_of_host,api-node1,api-node2,61,49,110,51.020408,25.252525,51.020408,50.505051,100.000000,50.000000,5.000000,109.000000,0.000000,0.000000,5.000000,109.000000,495.092593,1386.809524,61.085131,42.995990,3.000000
2026-06-24T03:39:54.841172462Z,1000,per_hit,raw_percent_of_host,api-node1,api-node2,35,25,60,50.495050,25.252525,50.495050,50.505051,100.000000,50.000000,0.000000,128.000000,0.000000,0.000000,0.000000,128.000000,112.250000,1827.500000,74.223510,41.824665,3.000000
2026-06-24T03:39:55.841172668Z,1000,per_hit,raw_percent_of_host,api-node1,api-node2,50,38,88,42.000000,25.252525,42.000000,50.505051,100.000000,50.000000,0.000000,110.000000,0.000000,0.000000,0.000000,110.000000,174.880000,2445.482143,75.312344,43.281025,3.000000
2026-06-24T03:39:56.84117223Z,1000,per_hit,raw_percent_of_host,api-node1,api-node2,75,47,122,39.285714,25.000000,39.285714,50.000000,100.000000,50.000000,41.000000,76.000000,0.000000,0.000000,41.000000,76.000000,153.705882,2903.185185,75.396446,49.358050,3.000000
2026-06-24T03:39:57.841172313Z,1000,per_hit,raw_percent_of_host,api-node1,api-node2,80,49,129,50.505051,26.732673,50.505051,53.465347,100.000000,50.000000,40.000000,64.000000,0.000000,0.000000,40.000000,64.000000,496.086420,1406.163934,70.074945,46.909071,3.000000
2026-06-24T03:39:58.841172692Z,1000,per_hit,raw_percent_of_host,api-node1,api-node2,61,61,122,56.179775,26.000000,56.179775,52.000000,100.000000,50.000000,15.000000,79.000000,0.000000,0.000000,15.000000,79.000000,465.674419,1162.239130,63.251514,47.144122,3.000000
2026-06-24T03:39:59.841173234Z,1000,per_hit,raw_percent_of_host,api-node1,api-node2,54,44,98,55.555556,25.742574,55.555556,51.485149,100.000000,50.000000,11.000000,81.000000,0.000000,0.000000,11.000000,81.000000,133.103448,1428.452381,72.627471,44.593857,3.000000
2026-06-24T03:40:00.841173683Z,1000,per_hit,raw_percent_of_host,api-node1,api-node2,66,40,106,45.871560,25.252525,45.871560,50.505051,100.000000,50.000000,20.000000,64.000000,0.000000,0.000000,20.000000,64.000000,132.982456,1606.666667,72.763927,45.456601,3.000000
2026-06-24T03:40:01.841173469Z,1000,per_hit,raw_percent_of_host,api-node1,api-node2,61,41,102,50.505051,26.470588,50.505051,52.941176,100.000000,50.000000,9.000000,63.000000,0.000000,0.000000,9.000000,63.000000,191.930556,1528.880952,69.392978,45.898171,3.000000
2026-06-24T03:40:02.841175419Z,1000,per_hit,raw_percent_of_host,api-node1,api-node2,72,50,122,52.000000,25.000000,52.000000,50.000000,100.000000,50.000000,36.000000,32.000000,0.000000,0.000000,36.000000,32.000000,110.733333,1312.271605,74.211978,49.957411,3.000000
2026-06-24T03:40:03.841173285Z,1000,per_hit,raw_percent_of_host,api-node1,api-node2,56,40,96,51.351351,27.000000,51.351351,54.000000,100.000000,50.000000,25.000000,59.000000,0.000000,0.000000,25.000000,59.000000,290.686567,749.384615,68.970927,50.581726,3.000000
2026-06-24T03:40:04.841175941Z,1000,per_hit,raw_percent_of_host,api-node1,api-node2,70,40,110,51.239669,26.000000,51.239669,52.000000,100.000000,50.000000,24.000000,17.000000,0.000000,0.000000,24.000000,17.000000,213.183099,764.878049,73.996218,57.951467,3.000000
2026-06-24T03:40:05.841175757Z,1000,per_hit,raw_percent_of_host,api-node1,api-node2,59,45,104,51.485149,26.000000,51.485149,52.000000,100.000000,50.000000,25.000000,30.000000,0.000000,0.000000,25.000000,30.000000,177.500000,379.937500,71.368776,55.091849,3.000000
2026-06-24T03:40:06.841172531Z,1000,per_hit,raw_percent_of_host,api-node1,api-node2,57,42,99,46.363636,26.000000,46.363636,52.000000,100.000000,50.000000,19.000000,16.000000,0.000000,0.000000,19.000000,16.000000,158.126984,473.178571,72.194387,59.568810,3.000000
2026-06-24T03:40:07.841173416Z,1000,per_hit,raw_percent_of_host,api-node1,api-node2,46,47,93,51.485149,23.469388,51.485149,46.938776,100.000000,50.000000,17.000000,19.000000,0.000000,0.000000,17.000000,19.000000,180.875000,264.318182,75.411433,66.389293,3.000000
2026-06-24T03:40:08.841174802Z,1000,per_hit,raw_percent_of_host,api-node1,api-node2,55,34,89,42.857143,25.742574,42.857143,51.485149,100.000000,50.000000,19.000000,13.000000,0.000000,0.000000,19.000000,13.000000,194.207547,349.550000,73.264954,64.605774,3.000000
2026-06-24T03:40:09.84117294Z,1000,per_hit,raw_percent_of_host,api-node1,api-node2,42,41,83,40.816327,23.931624,40.816327,47.863248,100.000000,50.000000,18.000000,14.000000,0.000000,0.000000,18.000000,14.000000,149.232558,234.450000,71.292206,67.870997,3.000000
2026-06-24T03:40:10.841173777Z,1000,per_hit,raw_percent_of_host,api-node1,api-node2,44,31,75,51.020408,28.155340,51.020408,56.310680,100.000000,50.000000,17.000000,11.000000,0.000000,0.000000,17.000000,11.000000,163.622222,206.352941,76.144986,67.103976,3.000000
2026-06-24T03:40:11.841174291Z,1000,per_hit,raw_percent_of_host,api-node1,api-node2,40,31,71,50.505051,25.490196,50.505051,50.980392,100.000000,50.000000,13.000000,14.000000,0.000000,0.000000,13.000000,14.000000,127.454545,153.214286,75.360235,73.718902,3.000000
2026-06-24T03:40:12.841174442Z,1000,per_hit,raw_percent_of_host,api-node1,api-node2,34,31,65,37.623762,25.742574,37.623762,51.485149,100.000000,50.000000,16.000000,9.000000,0.000000,0.000000,16.000000,9.000000,115.096774,198.500000,76.007448,68.653615,3.000000
2026-06-24T03:40:13.84117367Z,1000,per_hit,raw_percent_of_host,api-node1,api-node2,26,32,58,36.000000,26.000000,36.000000,52.000000,100.000000,50.000000,10.000000,12.000000,0.000000,0.000000,10.000000,12.000000,119.093750,174.137931,76.030077,71.662872,3.000000
2026-06-24T03:40:14.841173467Z,1000,per_hit,raw_percent_of_host,api-node1,api-node2,30,21,51,46.000000,27.450980,46.000000,54.901961,100.000000,50.000000,11.000000,8.000000,0.000000,0.000000,11.000000,8.000000,101.241379,178.000000,77.786570,70.937068,3.000000
2026-06-24T03:40:15.841174275Z,1000,per_hit,raw_percent_of_host,api-node1,api-node2,23,24,47,41.414141,24.489796,41.414141,48.979592,100.000000,50.000000,7.000000,5.000000,0.000000,0.000000,7.000000,5.000000,116.740741,132.148148,78.236764,74.912645,3.000000
2026-06-24T03:40:16.84117463Z,1000,per_hit,raw_percent_of_host,api-node1,api-node2,24,16,40,49.504950,18.181818,49.504950,36.363636,100.000000,50.000000,7.000000,4.000000,0.000000,0.000000,7.000000,4.000000,81.708333,144.411765,77.669151,72.727935,3.000000
2026-06-24T03:40:17.84117595Z,1000,per_hit,raw_percent_of_host,api-node1,api-node2,23,13,36,40.404040,21.212121,40.404040,42.424242,100.000000,50.000000,2.000000,5.000000,0.000000,0.000000,2.000000,5.000000,97.107143,110.750000,77.423376,76.612505,3.000000
2026-06-24T03:40:18.841175618Z,1000,per_hit,raw_percent_of_host,api-node1,api-node2,19,13,32,25.454545,25.000000,25.454545,50.000000,100.000000,50.000000,4.000000,2.000000,0.000000,0.000000,4.000000,2.000000,74.529412,125.937500,77.251924,76.143573,3.000000
2026-06-24T03:40:19.841174148Z,1000,per_hit,raw_percent_of_host,api-node1,api-node2,9,15,24,28.409091,21.000000,28.409091,42.000000,100.000000,50.000000,2.000000,0.000000,0.000000,0.000000,2.000000,0.000000,74.545455,115.823529,74.694832,76.044459,3.000000
2026-06-24T03:40:20.841174528Z,1000,per_hit,raw_percent_of_host,api-node1,api-node2,7,14,21,19.801980,10.101010,19.801980,20.202020,100.000000,50.000000,0.000000,3.000000,0.000000,0.000000,0.000000,3.000000,51.444444,92.181818,77.083562,77.014726,3.000000
2026-06-24T03:40:21.841172109Z,1000,per_hit,raw_percent_of_host,api-node1,api-node2,7,6,13,20.202020,16.831683,20.202020,33.663366,100.000000,50.000000,0.000000,2.000000,0.000000,0.000000,0.000000,2.000000,58.571429,81.714286,76.489564,73.827464,3.000000
2026-06-24T03:40:22.841172683Z,1000,per_hit,raw_percent_of_host,api-node1,api-node2,5,5,10,10.101010,11.111111,10.101010,22.222222,100.000000,50.000000,1.000000,1.000000,0.000000,0.000000,1.000000,1.000000,50.000000,78.000000,78.761192,75.589567,3.000000
2026-06-24T03:40:23.841172932Z,1000,per_hit,raw_percent_of_host,api-node1,api-node2,7,3,10,20.202020,10.000000,20.202020,20.000000,100.000000,50.000000,1.000000,1.000000,0.000000,0.000000,1.000000,1.000000,50.000000,59.000000,77.852465,76.587568,3.000000
2026-06-24T03:40:24.841173804Z,1000,per_hit,raw_percent_of_host,api-node1,api-node2,3,7,10,10.101010,12.121212,10.101010,24.242424,100.000000,50.000000,1.000000,1.000000,0.000000,0.000000,1.000000,1.000000,50.000000,93.571429,78.340031,74.415240,3.000000
2026-06-24T03:40:25.841172347Z,1000,per_hit,raw_percent_of_host,api-node1,api-node2,3,7,10,5.940594,16.161616,5.940594,32.323232,100.000000,50.000000,1.000000,1.000000,0.000000,0.000000,1.000000,1.000000,50.000000,80.571429,79.262274,76.459919,3.000000
2026-06-24T03:40:26.841172338Z,1000,per_hit,raw_percent_of_host,api-node1,api-node2,6,4,10,15.151515,15.151515,15.151515,30.303030,100.000000,50.000000,2.000000,0.000000,0.000000,0.000000,2.000000,0.000000,50.000000,63.200000,78.432590,75.772770,3.000000
2026-06-24T03:40:27.841171644Z,1000,per_hit,raw_percent_of_host,api-node1,api-node2,3,7,10,12.121212,8.080808,12.121212,16.161616,100.000000,50.000000,0.000000,2.000000,0.000000,0.000000,0.000000,2.000000,50.600000,106.000000,78.672916,76.405944,3.000000
2026-06-24T03:40:28.841172055Z,1000,per_hit,raw_percent_of_host,api-node1,api-node2,4,6,10,5.050505,18.000000,5.050505,36.000000,100.000000,50.000000,1.000000,1.000000,0.000000,0.000000,1.000000,1.000000,50.000000,74.000000,79.077769,76.850909,3.000000
2026-06-24T03:40:29.84117489Z,1000,per_hit,raw_percent_of_host,api-node1,api-node2,4,6,10,4.000000,18.181818,4.000000,36.363636,100.000000,50.000000,0.000000,0.000000,0.000000,0.000000,0.000000,0.000000,50.000000,78.571429,79.459199,75.636134,3.000000
2026-06-24T03:40:30.841172298Z,1000,per_hit,raw_percent_of_host,api-node1,api-node2,7,3,10,31.000000,1.020408,31.000000,2.040816,100.000000,50.000000,1.000000,1.000000,0.000000,0.000000,1.000000,1.000000,50.000000,50.000000,78.053537,78.916990,3.000000
2026-06-24T03:40:31.841172129Z,1000,per_hit,raw_percent_of_host,api-node1,api-node2,5,5,10,25.252525,4.040404,25.252525,8.080808,100.000000,50.000000,0.000000,2.000000,0.000000,0.000000,0.000000,2.000000,53.666667,56.250000,77.183238,77.519921,3.000000
2026-06-24T03:40:32.841174505Z,1000,per_hit,raw_percent_of_host,api-node1,api-node2,4,6,10,15.151515,10.000000,15.151515,20.000000,100.000000,50.000000,0.000000,1.000000,0.000000,0.000000,0.000000,1.000000,50.000000,58.428571,78.610188,76.431338,3.000000
2026-06-24T03:40:33.841174212Z,1000,per_hit,raw_percent_of_host,api-node1,api-node2,6,4,10,25.252525,4.000000,25.252525,8.000000,100.000000,50.000000,0.000000,2.000000,0.000000,0.000000,0.000000,2.000000,52.166667,60.333333,79.661542,77.364461,3.000000
2026-06-24T03:40:34.841176267Z,1000,per_hit,raw_percent_of_host,api-node1,api-node2,3,7,10,6.000000,17.346939,6.000000,34.693878,100.000000,50.000000,2.000000,0.000000,0.000000,0.000000,2.000000,0.000000,50.000000,68.444444,79.040409,76.974837,3.000000
2026-06-24T03:40:35.841174365Z,1000,per_hit,raw_percent_of_host,api-node1,api-node2,5,5,10,21.000000,8.080808,21.000000,16.161616,100.000000,50.000000,0.000000,2.000000,0.000000,0.000000,0.000000,2.000000,50.000000,50.000000,80.161069,78.020969,3.000000
2026-06-24T03:40:36.841171993Z,1000,per_hit,raw_percent_of_host,api-node1,api-node2,5,5,10,5.000000,17.171717,5.000000,34.343434,100.000000,50.000000,2.000000,0.000000,0.000000,0.000000,2.000000,0.000000,50.000000,72.571429,78.691447,77.318210,3.000000
2026-06-24T03:40:37.841172093Z,1000,per_hit,raw_percent_of_host,api-node1,api-node2,5,5,10,12.000000,13.131313,12.000000,26.262626,100.000000,50.000000,2.000000,0.000000,0.000000,0.000000,2.000000,0.000000,51.000000,72.000000,78.628138,76.287095,3.000000
2026-06-24T03:40:38.841175418Z,1000,per_hit,raw_percent_of_host,api-node1,api-node2,3,7,10,16.000000,8.163265,16.000000,16.326531,100.000000,50.000000,1.000000,1.000000,0.000000,0.000000,1.000000,1.000000,50.000000,50.000000,78.355327,77.210093,3.000000
2026-06-24T03:40:39.841175472Z,1000,per_hit,raw_percent_of_host,api-node1,api-node2,6,4,10,10.101010,10.204082,10.101010,20.408163,100.000000,50.000000,2.000000,0.000000,0.000000,0.000000,2.000000,0.000000,50.000000,110.800000,81.154493,73.616100,3.000000
2026-06-24T03:40:40.841175928Z,1000,per_hit,raw_percent_of_host,api-node1,api-node2,4,6,10,14.851485,9.090909,14.851485,18.181818,100.000000,50.000000,0.000000,2.000000,0.000000,0.000000,0.000000,2.000000,54.166667,50.000000,77.846786,76.903642,3.000000
2026-06-24T03:40:41.841172655Z,1000,per_hit,raw_percent_of_host,api-node1,api-node2,5,5,10,15.151515,11.000000,15.151515,22.000000,100.000000,50.000000,2.000000,0.000000,0.000000,0.000000,2.000000,0.000000,50.000000,62.571429,78.432590,75.535253,3.000000
2026-06-24T03:40:42.841177098Z,1000,per_hit,raw_percent_of_host,api-node1,api-node2,6,4,10,20.000000,7.142857,20.000000,14.285714,100.000000,50.000000,1.000000,1.000000,0.000000,0.000000,1.000000,1.000000,50.142857,87.333333,80.275989,76.385000,3.000000
2026-06-24T03:40:43.841176328Z,1000,per_hit,raw_percent_of_host,api-node1,api-node2,6,4,10,21.000000,9.090909,21.000000,18.181818,100.000000,50.000000,1.000000,1.000000,0.000000,0.000000,1.000000,1.000000,50.833333,56.250000,77.344131,77.958353,3.000000
2026-06-24T03:40:44.841176279Z,1000,per_hit,raw_percent_of_host,api-node1,api-node2,6,4,10,20.202020,8.080808,20.202020,16.161616,100.000000,50.000000,1.000000,1.000000,0.000000,0.000000,1.000000,1.000000,50.000000,54.000000,77.860332,76.953967,3.000000
2026-06-24T03:40:45.84117348Z,1000,per_hit,raw_percent_of_host,api-node1,api-node2,5,5,10,16.000000,13.000000,16.000000,26.000000,100.000000,50.000000,1.000000,1.000000,0.000000,0.000000,1.000000,1.000000,50.000000,55.000000,78.126547,76.595976,3.000000
2026-06-24T03:40:46.841175109Z,1000,per_hit,raw_percent_of_host,api-node1,api-node2,7,3,10,21.000000,8.080808,21.000000,16.161616,100.000000,50.000000,1.000000,1.000000,0.000000,0.000000,1.000000,1.000000,51.714286,58.000000,77.737232,76.433645,3.000000
2026-06-24T03:40:47.841171914Z,1000,per_hit,raw_percent_of_host,api-node1,api-node2,3,7,10,10.101010,15.151515,10.101010,30.303030,100.000000,50.000000,0.000000,2.000000,0.000000,0.000000,0.000000,2.000000,50.000000,54.666667,78.432590,77.482010,3.000000
2026-06-24T03:40:48.841182176Z,1000,per_hit,raw_percent_of_host,api-node1,api-node2,5,5,10,5.000000,16.161616,5.000000,32.323232,100.000000,50.000000,2.000000,0.000000,0.000000,0.000000,2.000000,0.000000,50.000000,73.571429,79.079748,74.701691,3.000000
2026-06-24T03:40:49.841174348Z,1000,per_hit,raw_percent_of_host,api-node1,api-node2,8,2,10,30.303030,0.000000,30.303030,0.000000,100.000000,50.000000,2.000000,0.000000,0.000000,0.000000,2.000000,0.000000,51.625000,50.000000,77.915502,80.501762,3.000000
2026-06-24T03:40:50.84117218Z,1000,per_hit,raw_percent_of_host,api-node1,api-node2,5,5,10,20.202020,11.881188,20.202020,23.762376,100.000000,50.000000,2.000000,0.000000,0.000000,0.000000,2.000000,0.000000,50.200000,72.200000,77.732134,76.747535,3.000000
2026-06-24T03:40:51.841172625Z,1000,per_hit,raw_percent_of_host,api-node1,api-node2,4,6,10,18.181818,6.060606,18.181818,12.121212,100.000000,50.000000,0.000000,2.000000,0.000000,0.000000,0.000000,2.000000,50.500000,60.500000,78.351990,77.836672,3.000000
2026-06-24T03:40:52.841173071Z,1000,per_hit,raw_percent_of_host,api-node1,api-node2,4,6,10,10.101010,13.000000,10.101010,26.000000,100.000000,50.000000,1.000000,1.000000,0.000000,0.000000,1.000000,1.000000,50.000000,58.000000,78.761192,75.898369,3.000000
2026-06-24T03:40:53.841174641Z,1000,per_hit,raw_percent_of_host,api-node1,api-node2,5,5,10,10.101010,16.000000,10.101010,32.000000,100.000000,50.000000,1.000000,1.000000,0.000000,0.000000,1.000000,1.000000,50.000000,62.800000,79.077769,76.634795,3.000000
2026-06-24T03:40:54.841172035Z,1000,per_hit,raw_percent_of_host,api-node1,api-node2,3,7,10,10.101010,17.171717,10.101010,34.343434,100.000000,50.000000,0.000000,2.000000,0.000000,0.000000,0.000000,2.000000,50.000000,73.333333,78.432590,77.736470,3.000000
2026-06-24T03:40:55.841172124Z,1000,per_hit,raw_percent_of_host,api-node1,api-node2,5,5,10,11.881188,14.000000,11.881188,28.000000,100.000000,50.000000,2.000000,0.000000,0.000000,0.000000,2.000000,0.000000,50.000000,56.285714,78.705014,76.272225,3.000000
2026-06-24T03:40:56.841175251Z,1000,per_hit,raw_percent_of_host,api-node1,api-node2,4,6,10,15.151515,12.244898,15.151515,24.489796,100.000000,50.000000,2.000000,0.000000,0.000000,0.000000,2.000000,0.000000,50.000000,68.333333,78.560433,75.035932,3.000000
2026-06-24T03:40:57.841172061Z,1000,per_hit,raw_percent_of_host,api-node1,api-node2,6,4,10,26.000000,5.050505,26.000000,10.101010,100.000000,50.000000,1.000000,1.000000,0.000000,0.000000,1.000000,1.000000,50.285714,61.000000,77.700282,76.950363,3.000000
2026-06-24T03:40:58.841172167Z,1000,per_hit,raw_percent_of_host,api-node1,api-node2,6,4,10,20.000000,10.000000,20.000000,20.000000,100.000000,50.000000,1.000000,1.000000,0.000000,0.000000,1.000000,1.000000,50.000000,57.000000,77.943054,76.604343,3.000000
2026-06-24T03:40:59.841174641Z,1000,per_hit,raw_percent_of_host,api-node1,api-node2,3,7,10,10.000000,17.821782,10.000000,35.643564,100.000000,50.000000,1.000000,1.000000,0.000000,0.000000,1.000000,1.000000,50.000000,68.714286,78.820744,76.961833,3.000000
2026-06-24T03:41:00.841172037Z,1000,per_hit,raw_percent_of_host,api-node1,api-node2,5,5,10,10.000000,16.000000,10.000000,32.000000,100.000000,50.000000,2.000000,0.000000,0.000000,0.000000,2.000000,0.000000,50.000000,67.666667,79.082403,75.940157,3.000000
2026-06-24T03:41:01.841172068Z,1000,per_hit,raw_percent_of_host,api-node1,api-node2,6,4,10,26.000000,4.081633,26.000000,8.163265,100.000000,50.000000,1.000000,1.000000,0.000000,0.000000,1.000000,1.000000,50.000000,50.000000,77.308170,77.563192,3.000000
2026-06-24T03:41:02.841175211Z,1000,per_hit,raw_percent_of_host,api-node1,api-node2,5,5,10,10.101010,15.151515,10.101010,30.303030,100.000000,50.000000,0.000000,2.000000,0.000000,0.000000,0.000000,2.000000,50.000000,76.250000,78.820891,74.670049,3.000000
2026-06-24T03:41:03.841175707Z,1000,per_hit,raw_percent_of_host,api-node1,api-node2,7,3,10,15.151515,10.101010,15.151515,20.202020,100.000000,50.000000,2.000000,0.000000,0.000000,0.000000,2.000000,0.000000,50.000000,62.200000,77.413913,77.124357,3.000000
2026-06-24T03:41:04.841174962Z,1000,per_hit,raw_percent_of_host,api-node1,api-node2,5,5,10,17.000000,10.000000,17.000000,20.000000,100.000000,50.000000,2.000000,0.000000,0.000000,0.000000,2.000000,0.000000,54.200000,50.200000,77.896285,77.226206,3.000000
2026-06-24T03:41:05.84117468Z,1000,per_hit,raw_percent_of_host,api-node1,api-node2,7,3,10,20.202020,11.111111,20.202020,22.222222,100.000000,50.000000,1.000000,1.000000,0.000000,0.000000,1.000000,1.000000,50.000000,50.000000,78.176910,76.333037,3.000000
2026-06-24T03:41:06.841174277Z,1000,per_hit,raw_percent_of_host,api-node1,api-node2,5,5,10,14.000000,15.151515,14.000000,30.303030,100.000000,50.000000,0.000000,2.000000,0.000000,0.000000,0.000000,2.000000,50.000000,56.750000,77.631415,80.290263,3.000000
2026-06-24T03:41:07.841172541Z,1000,per_hit,raw_percent_of_host,api-node1,api-node2,6,4,10,10.000000,11.000000,10.000000,22.000000,100.000000,50.000000,1.000000,1.000000,0.000000,0.000000,1.000000,1.000000,50.000000,68.800000,78.425287,77.081305,3.000000
2026-06-24T03:41:08.841172015Z,1000,per_hit,raw_percent_of_host,api-node1,api-node2,1,9,10,6.000000,16.326531,6.000000,32.653061,100.000000,50.000000,0.000000,2.000000,0.000000,0.000000,0.000000,2.000000,50.000000,74.500000,78.574846,76.883402,3.000000
2026-06-24T03:41:09.841175123Z,1000,per_hit,raw_percent_of_host,api-node1,api-node2,5,5,10,10.101010,11.000000,10.101010,22.000000,100.000000,50.000000,0.000000,2.000000,0.000000,0.000000,0.000000,2.000000,50.000000,84.600000,79.077769,75.827748,3.000000
2026-06-24T03:41:10.841172316Z,1000,per_hit,raw_percent_of_host,api-node1,api-node2,6,4,10,11.000000,11.111111,11.000000,22.222222,100.000000,50.000000,0.000000,2.000000,0.000000,0.000000,0.000000,2.000000,50.000000,73.750000,78.372891,76.703911,3.000000
2026-06-24T03:41:11.841176244Z,1000,per_hit,raw_percent_of_host,api-node1,api-node2,4,6,10,10.000000,15.151515,10.000000,30.303030,100.000000,50.000000,1.000000,1.000000,0.000000,0.000000,1.000000,1.000000,50.000000,58.571429,78.017784,78.580055,3.000000
2026-06-24T03:41:12.841172351Z,1000,per_hit,raw_percent_of_host,api-node1,api-node2,6,4,10,20.202020,8.080808,20.202020,16.161616,100.000000,50.000000,1.000000,1.000000,0.000000,0.000000,1.000000,1.000000,50.166667,56.250000,78.077841,76.358673,3.000000
2026-06-24T03:41:13.841176475Z,1000,per_hit,raw_percent_of_host,api-node1,api-node2,4,6,10,2.020202,18.811881,2.020202,37.623762,100.000000,50.000000,1.000000,1.000000,0.000000,0.000000,1.000000,1.000000,50.500000,85.333333,80.189122,76.567436,3.000000
2026-06-24T03:41:14.841172242Z,1000,per_hit,raw_percent_of_host,api-node1,api-node2,5,5,10,8.080808,17.171717,8.080808,34.343434,100.000000,50.000000,1.000000,1.000000,0.000000,0.000000,1.000000,1.000000,50.400000,78.000000,78.502155,76.202392,3.000000
2026-06-24T03:41:15.84117302Z,1000,per_hit,raw_percent_of_host,api-node1,api-node2,4,6,10,17.171717,14.000000,17.171717,28.000000,100.000000,50.000000,1.000000,1.000000,0.000000,0.000000,1.000000,1.000000,54.250000,54.833333,77.173266,77.613509,3.000000
2026-06-24T03:41:16.841172105Z,1000,per_hit,raw_percent_of_host,api-node1,api-node2,5,5,10,20.202020,9.090909,20.202020,18.181818,100.000000,50.000000,0.000000,1.000000,0.000000,0.000000,0.000000,1.000000,52.500000,55.800000,78.071111,77.073539,3.000000
2026-06-24T03:41:17.841173057Z,1000,per_hit,raw_percent_of_host,api-node1,api-node2,4,6,10,15.151515,10.101010,15.151515,20.202020,100.000000,50.000000,1.000000,1.000000,0.000000,0.000000,1.000000,1.000000,50.000000,62.166667,78.652108,76.185733,3.000000
2026-06-24T03:41:18.841172459Z,1000,per_hit,raw_percent_of_host,api-node1,api-node2,5,5,10,15.000000,14.141414,15.000000,28.282828,100.000000,50.000000,1.000000,1.000000,0.000000,0.000000,1.000000,1.000000,50.000000,55.400000,78.701074,76.413953,3.000000
2026-06-24T03:41:19.841172073Z,1000,per_hit,raw_percent_of_host,api-node1,api-node2,4,6,10,7.070707,18.000000,7.070707,36.000000,100.000000,50.000000,0.000000,2.000000,0.000000,0.000000,0.000000,2.000000,50.200000,77.400000,78.916813,77.089054,3.000000
2026-06-24T03:41:20.841172065Z,1000,per_hit,raw_percent_of_host,api-node1,api-node2,5,5,10,15.151515,10.101010,15.151515,20.202020,100.000000,50.000000,1.000000,1.000000,0.000000,0.000000,1.000000,1.000000,50.250000,59.666667,78.084254,77.148179,3.000000
2026-06-24T03:41:21.84117385Z,1000,per_hit,raw_percent_of_host,api-node1,api-node2,5,5,10,19.387755,8.080808,19.387755,16.161616,100.000000,50.000000,1.000000,1.000000,0.000000,0.000000,1.000000,1.000000,50.000000,64.000000,78.230650,75.399807,3.000000
2026-06-24T03:41:22.841172277Z,1000,per_hit,raw_percent_of_host,api-node1,api-node2,7,3,10,25.000000,3.030303,25.000000,6.060606,100.000000,50.000000,1.000000,1.000000,0.000000,0.000000,1.000000,1.000000,52.857143,59.666667,77.461870,76.462299,3.000000
2026-06-24T03:41:23.841184261Z,1000,per_hit,raw_percent_of_host,api-node1,api-node2,8,2,10,20.000000,10.101010,20.000000,20.202020,100.000000,50.000000,2.000000,0.000000,0.000000,0.000000,2.000000,0.000000,52.428571,59.666667,77.802804,76.577940,3.000000
2026-06-24T03:41:24.841172076Z,1000,per_hit,raw_percent_of_host,api-node1,api-node2,6,4,10,18.181818,5.050505,18.181818,10.101010,100.000000,50.000000,0.000000,2.000000,0.000000,0.000000,0.000000,2.000000,50.000000,72.000000,77.737833,77.595207,3.000000
2026-06-24T03:41:25.841174422Z,1000,per_hit,raw_percent_of_host,api-node1,api-node2,4,6,10,0.990099,17.346939,0.990099,34.693878,100.000000,50.000000,2.000000,0.000000,0.000000,0.000000,2.000000,0.000000,50.000000,90.625000,80.327998,76.192592,3.000000
2026-06-24T03:41:26.841174823Z,1000,per_hit,raw_percent_of_host,api-node1,api-node2,4,6,10,12.000000,9.000000,12.000000,18.000000,100.000000,50.000000,2.000000,0.000000,0.000000,0.000000,2.000000,0.000000,50.500000,95.333333,78.675284,76.148959,3.000000
2026-06-24T03:41:27.841171721Z,1000,per_hit,raw_percent_of_host,api-node1,api-node2,6,4,10,11.111111,9.000000,11.111111,18.000000,100.000000,50.000000,2.000000,0.000000,0.000000,0.000000,2.000000,0.000000,50.166667,97.250000,78.972842,77.621278,3.000000
2026-06-24T03:41:28.841174913Z,1000,per_hit,raw_percent_of_host,api-node1,api-node2,6,4,10,20.000000,5.000000,20.000000,10.000000,100.000000,50.000000,2.000000,0.000000,0.000000,0.000000,2.000000,0.000000,50.166667,50.000000,77.469485,78.827544,3.000000
2026-06-24T03:41:29.841175493Z,1000,per_hit,raw_percent_of_host,api-node1,api-node2,6,4,10,25.000000,5.102041,25.000000,10.204082,100.000000,50.000000,1.000000,1.000000,0.000000,0.000000,1.000000,1.000000,50.571429,50.000000,77.562399,77.441620,3.000000
2026-06-24T03:41:30.841174852Z,1000,per_hit,raw_percent_of_host,api-node1,api-node2,5,5,10,15.151515,13.131313,15.151515,26.262626,100.000000,50.000000,1.000000,1.000000,0.000000,0.000000,1.000000,1.000000,50.000000,54.600000,78.425790,76.273867,3.000000
2026-06-24T03:41:31.841174995Z,1000,per_hit,raw_percent_of_host,api-node1,api-node2,6,4,10,15.841584,15.151515,15.841584,30.303030,100.000000,50.000000,1.000000,1.000000,0.000000,0.000000,1.000000,1.000000,50.000000,65.750000,78.369878,75.579654,3.000000
2026-06-24T03:41:32.841171981Z,1000,per_hit,raw_percent_of_host,api-node1,api-node2,7,3,10,20.202020,8.080808,20.202020,16.161616,100.000000,50.000000,2.000000,0.000000,0.000000,0.000000,2.000000,0.000000,53.000000,57.000000,77.381235,77.537268,3.000000
2026-06-24T03:41:33.841174658Z,1000,per_hit,raw_percent_of_host,api-node1,api-node2,4,6,10,20.202020,10.204082,20.202020,20.408163,100.000000,50.000000,0.000000,2.000000,0.000000,0.000000,0.000000,2.000000,50.000000,50.000000,77.860332,77.234507,3.000000
2026-06-24T03:41:34.841176224Z,1000,per_hit,raw_percent_of_host,api-node1,api-node2,5,5,10,5.050505,16.161616,5.050505,32.323232,100.000000,50.000000,2.000000,0.000000,0.000000,0.000000,2.000000,0.000000,50.000000,64.000000,79.018070,77.098058,3.000000
2026-06-24T03:41:35.841172352Z,1000,per_hit,raw_percent_of_host,api-node1,api-node2,5,5,10,15.151515,13.265306,15.151515,26.530612,100.000000,50.000000,1.000000,1.000000,0.000000,0.000000,1.000000,1.000000,50.000000,50.000000,78.432590,76.875409,3.000000
2026-06-24T03:41:36.841172027Z,1000,per_hit,raw_percent_of_host,api-node1,api-node2,2,8,10,10.101010,13.000000,10.101010,26.000000,100.000000,50.000000,0.000000,2.000000,0.000000,0.000000,0.000000,2.000000,50.000000,80.428571,78.432590,76.358184,3.000000
2026-06-24T03:41:37.841172161Z,1000,per_hit,raw_percent_of_host,api-node1,api-node2,9,1,10,15.000000,8.163265,15.000000,16.326531,100.000000,50.000000,2.000000,0.000000,0.000000,0.000000,2.000000,0.000000,51.428571,68.000000,78.665734,76.733691,3.000000
2026-06-24T03:41:38.841175517Z,1000,per_hit,raw_percent_of_host,api-node1,api-node2,3,7,10,13.000000,9.090909,13.000000,18.181818,100.000000,50.000000,0.000000,2.000000,0.000000,0.000000,0.000000,2.000000,53.600000,50.400000,77.435726,80.441138,3.000000
2026-06-24T03:41:39.841172588Z,1000,per_hit,raw_percent_of_host,api-node1,api-node2,5,5,10,10.101010,10.204082,10.101010,20.408163,100.000000,50.000000,0.000000,2.000000,0.000000,0.000000,0.000000,2.000000,50.000000,59.800000,79.077769,75.824075,3.000000
2026-06-24T03:41:40.841174384Z,1000,per_hit,raw_percent_of_host,api-node1,api-node2,2,8,10,1.010101,18.181818,1.010101,36.363636,100.000000,50.000000,1.000000,1.000000,0.000000,0.000000,1.000000,1.000000,50.000000,85.888889,80.162505,75.983937,3.000000
2026-06-24T03:41:41.841174509Z,1000,per_hit,raw_percent_of_host,api-node1,api-node2,6,4,10,15.151515,9.183673,15.151515,18.367347,100.000000,50.000000,2.000000,0.000000,0.000000,0.000000,2.000000,0.000000,50.000000,75.600000,78.689469,76.189471,3.000000
2026-06-24T03:41:42.841177066Z,1000,per_hit,raw_percent_of_host,api-node1,api-node2,6,4,10,21.212121,6.930693,21.212121,13.861386,100.000000,50.000000,1.000000,1.000000,0.000000,0.000000,1.000000,1.000000,51.142857,50.000000,77.740729,77.862836,3.000000
2026-06-24T03:41:43.841176719Z,1000,per_hit,raw_percent_of_host,api-node1,api-node2,7,3,10,15.151515,12.121212,15.151515,24.242424,100.000000,50.000000,2.000000,0.000000,0.000000,0.000000,2.000000,0.000000,50.000000,57.000000,78.301512,75.610618,3.000000
2026-06-24T03:41:44.841175817Z,1000,per_hit,raw_percent_of_host,api-node1,api-node2,3,7,10,3.960396,12.121212,3.960396,24.242424,100.000000,50.000000,1.000000,1.000000,0.000000,0.000000,1.000000,1.000000,50.500000,80.666667,79.060526,76.324619,3.000000
2026-06-24T03:41:45.841174946Z,1000,per_hit,raw_percent_of_host,api-node1,api-node2,5,5,10,15.151515,11.000000,15.151515,22.000000,100.000000,50.000000,2.000000,0.000000,0.000000,0.000000,2.000000,0.000000,50.000000,61.666667,78.171905,75.800117,3.000000
2026-06-24T03:41:46.841171769Z,1000,per_hit,raw_percent_of_host,api-node1,api-node2,6,4,10,25.252525,5.050505,25.252525,10.101010,100.000000,50.000000,1.000000,1.000000,0.000000,0.000000,1.000000,1.000000,50.000000,50.000000,77.602834,77.483621,3.000000
2026-06-24T03:41:47.841172752Z,1000,per_hit,raw_percent_of_host,api-node1,api-node2,4,6,10,11.000000,15.151515,11.000000,30.303030,100.000000,50.000000,2.000000,0.000000,0.000000,0.000000,2.000000,0.000000,50.000000,67.714286,78.761192,77.179245,3.000000
2026-06-24T03:41:48.841172042Z,1000,per_hit,raw_percent_of_host,api-node1,api-node2,5,5,10,17.000000,11.000000,17.000000,22.000000,100.000000,50.000000,1.000000,1.000000,0.000000,0.000000,1.000000,1.000000,50.000000,61.000000,78.516486,76.529865,3.000000
2026-06-24T03:41:49.841176105Z,1000,per_hit,raw_percent_of_host,api-node1,api-node2,3,7,10,10.101010,15.151515,10.101010,30.303030,100.000000,50.000000,1.000000,1.000000,0.000000,0.000000,1.000000,1.000000,50.000000,65.285714,78.761192,76.866951,3.000000
2026-06-24T03:41:50.841174722Z,1000,per_hit,raw_percent_of_host,api-node1,api-node2,6,4,10,20.202020,7.142857,20.202020,14.285714,100.000000,50.000000,1.000000,1.000000,0.000000,0.000000,1.000000,1.000000,50.000000,56.750000,78.176910,76.504184,3.000000
2026-06-24T03:41:51.841172549Z,1000,per_hit,raw_percent_of_host,api-node1,api-node2,5,5,10,13.131313,9.183673,13.131313,18.367347,100.000000,50.000000,1.000000,1.000000,0.000000,0.000000,1.000000,1.000000,50.000000,77.600000,78.559328,75.492474,3.000000
2026-06-24T03:41:52.841175648Z,1000,per_hit,raw_percent_of_host,api-node1,api-node2,3,7,10,11.000000,15.151515,11.000000,30.303030,100.000000,50.000000,0.000000,2.000000,0.000000,0.000000,0.000000,2.000000,50.000000,67.833333,78.620942,75.069666,3.000000
2026-06-24T03:41:53.841174364Z,1000,per_hit,raw_percent_of_host,api-node1,api-node2,5,5,10,5.050505,14.285714,5.050505,28.571429,100.000000,50.000000,2.000000,0.000000,0.000000,0.000000,2.000000,0.000000,50.000000,63.428571,79.018070,76.193171,3.000000
2026-06-24T03:41:54.841176089Z,1000,per_hit,raw_percent_of_host,api-node1,api-node2,5,5,10,19.191919,10.101010,19.191919,20.202020,100.000000,50.000000,0.000000,2.000000,0.000000,0.000000,0.000000,2.000000,50.142857,50.000000,77.949645,77.258169,3.000000
2026-06-24T03:41:55.841174188Z,1000,per_hit,raw_percent_of_host,api-node1,api-node2,6,4,10,5.050505,13.131313,5.050505,26.262626,100.000000,50.000000,2.000000,0.000000,0.000000,0.000000,2.000000,0.000000,50.000000,90.500000,78.596910,74.681281,3.000000
2026-06-24T03:41:56.841183206Z,1000,per_hit,raw_percent_of_host,api-node1,api-node2,5,5,10,17.821782,11.000000,17.821782,22.000000,100.000000,50.000000,1.000000,1.000000,0.000000,0.000000,1.000000,1.000000,50.833333,50.000000,77.741244,77.225770,3.000000
2026-06-24T03:41:57.841177045Z,1000,per_hit,raw_percent_of_host,api-node1,api-node2,4,6,10,14.141414,15.151515,14.141414,30.303030,100.000000,50.000000,0.000000,2.000000,0.000000,0.000000,0.000000,2.000000,50.000000,55.400000,78.520225,76.866951,3.000000
2026-06-24T03:41:58.841175187Z,1000,per_hit,raw_percent_of_host,api-node1,api-node2,4,6,10,10.000000,15.000000,10.000000,30.000000,100.000000,50.000000,0.000000,2.000000,0.000000,0.000000,0.000000,2.000000,50.000000,66.500000,78.687294,76.430486,3.000000
2026-06-24T03:41:59.841172805Z,1000,per_hit,raw_percent_of_host,api-node1,api-node2,6,4,10,20.000000,5.050505,20.000000,10.101010,100.000000,50.000000,1.000000,1.000000,0.000000,0.000000,1.000000,1.000000,50.400000,60.600000,77.810271,76.874470,3.000000
2026-06-24T03:42:00.841173211Z,1000,per_hit,raw_percent_of_host,api-node1,api-node2,8,2,10,20.202020,9.090909,20.202020,18.181818,100.000000,50.000000,2.000000,0.000000,0.000000,0.000000,2.000000,0.000000,50.000000,58.666667,78.176910,76.658097,3.000000
2026-06-24T03:42:01.841174777Z,1000,per_hit,raw_percent_of_host,api-node1,api-node2,6,4,10,22.000000,5.050505,22.000000,10.101010,100.000000,50.000000,2.000000,0.000000,0.000000,0.000000,2.000000,0.000000,53.333333,50.000000,77.201828,78.820891,3.000000
2026-06-24T03:42:02.841173115Z,1000,per_hit,raw_percent_of_host,api-node1,api-node2,2,8,10,16.831683,9.000000,16.831683,18.000000,100.000000,50.000000,1.000000,1.000000,0.000000,0.000000,1.000000,1.000000,50.000000,75.857143,78.532779,76.718591,3.000000
2026-06-24T03:42:03.841172885Z,1000,per_hit,raw_percent_of_host,api-node1,api-node2,5,5,10,10.101010,14.285714,10.101010,28.571429,100.000000,50.000000,1.000000,1.000000,0.000000,0.000000,1.000000,1.000000,50.000000,55.400000,80.707496,77.447970,3.000000
2026-06-24T03:42:04.841172016Z,1000,per_hit,raw_percent_of_host,api-node1,api-node2,7,3,10,15.151515,10.101010,15.151515,20.202020,100.000000,50.000000,1.000000,1.000000,0.000000,0.000000,1.000000,1.000000,50.000000,80.000000,78.044289,75.614706,3.000000
2026-06-24T03:42:05.841172519Z,1000,per_hit,raw_percent_of_host,api-node1,api-node2,4,6,10,4.000000,18.181818,4.000000,36.363636,100.000000,50.000000,2.000000,0.000000,0.000000,0.000000,2.000000,0.000000,50.000000,92.000000,78.465775,76.610607,3.000000
2026-06-24T03:42:06.841172694Z,1000,per_hit,raw_percent_of_host,api-node1,api-node2,7,3,10,22.000000,5.102041,22.000000,10.204082,100.000000,50.000000,1.000000,1.000000,0.000000,0.000000,1.000000,1.000000,53.000000,50.000000,77.607655,77.699829,3.000000
2026-06-24T03:42:07.841172062Z,1000,per_hit,raw_percent_of_host,api-node1,api-node2,7,3,10,25.252525,4.040404,25.252525,8.080808,100.000000,50.000000,2.000000,0.000000,0.000000,0.000000,2.000000,0.000000,50.833333,56.250000,76.805004,78.038604,3.000000
2026-06-24T03:42:08.841182772Z,1000,per_hit,raw_percent_of_host,api-node1,api-node2,3,7,10,16.000000,11.000000,16.000000,22.000000,100.000000,50.000000,1.000000,1.000000,0.000000,0.000000,1.000000,1.000000,50.000000,50.000000,78.612206,77.044767,3.000000
2026-06-24T03:42:09.841175799Z,1000,per_hit,raw_percent_of_host,api-node1,api-node2,7,3,10,20.202020,6.122449,20.202020,12.244898,100.000000,50.000000,2.000000,0.000000,0.000000,0.000000,2.000000,0.000000,50.000000,56.750000,79.806637,77.585405,3.000000
2026-06-24T03:42:10.84117201Z,1000,per_hit,raw_percent_of_host,api-node1,api-node2,5,5,10,20.202020,11.000000,20.202020,22.000000,100.000000,50.000000,2.000000,0.000000,0.000000,0.000000,2.000000,0.000000,50.000000,50.000000,77.920031,77.225770,3.000000
2026-06-24T03:42:11.841173291Z,1000,per_hit,raw_percent_of_host,api-node1,api-node2,7,3,10,30.000000,0.000000,30.000000,0.000000,100.000000,50.000000,0.000000,2.000000,0.000000,0.000000,0.000000,2.000000,51.333333,50.000000,78.169325,79.773015,3.000000
2026-06-24T03:42:12.841177244Z,1000,per_hit,raw_percent_of_host,api-node1,api-node2,2,8,10,10.000000,12.000000,10.000000,24.000000,100.000000,50.000000,0.000000,2.000000,0.000000,0.000000,0.000000,2.000000,50.000000,62.000000,78.266260,76.666158,3.000000
2026-06-24T03:42:13.841175282Z,1000,per_hit,raw_percent_of_host,api-node1,api-node2,6,4,10,10.101010,13.265306,10.101010,26.530612,100.000000,50.000000,1.000000,1.000000,0.000000,0.000000,1.000000,1.000000,50.000000,60.000000,81.145485,77.045268,3.000000
2026-06-24T03:42:14.841173482Z,1000,per_hit,raw_percent_of_host,api-node1,api-node2,6,4,10,21.428571,5.050505,21.428571,10.101010,100.000000,50.000000,1.000000,1.000000,0.000000,0.000000,1.000000,1.000000,50.000000,56.750000,77.387937,77.850122,3.000000
2026-06-24T03:42:15.841176327Z,1000,per_hit,raw_percent_of_host,api-node1,api-node2,6,4,10,16.000000,11.111111,16.000000,22.222222,100.000000,50.000000,1.000000,1.000000,0.000000,0.000000,1.000000,1.000000,50.000000,66.000000,78.614185,75.084774,3.000000
2026-06-24T03:42:16.841172036Z,1000,per_hit,raw_percent_of_host,api-node1,api-node2,3,7,10,5.000000,17.171717,5.000000,34.343434,100.000000,50.000000,1.000000,1.000000,0.000000,0.000000,1.000000,1.000000,50.000000,91.857143,78.598889,77.354257,3.000000
2026-06-24T03:42:17.841174592Z,1000,per_hit,raw_percent_of_host,api-node1,api-node2,5,5,10,17.171717,10.101010,17.171717,20.202020,100.000000,50.000000,0.000000,2.000000,0.000000,0.000000,0.000000,2.000000,50.333333,57.500000,78.111454,76.142953,3.000000
2026-06-24T03:42:18.841172261Z,1000,per_hit,raw_percent_of_host,api-node1,api-node2,5,5,10,10.101010,13.000000,10.101010,26.000000,100.000000,50.000000,0.000000,2.000000,0.000000,0.000000,0.000000,2.000000,50.000000,82.800000,78.820891,74.811290,3.000000
2026-06-24T03:42:19.841173077Z,1000,per_hit,raw_percent_of_host,api-node1,api-node2,6,4,10,10.101010,12.121212,10.101010,24.242424,100.000000,50.000000,2.000000,0.000000,0.000000,0.000000,2.000000,0.000000,50.000000,75.333333,78.355327,75.854122,3.000000
2026-06-24T03:42:20.841172494Z,1000,per_hit,raw_percent_of_host,api-node1,api-node2,6,4,10,16.000000,11.224490,16.000000,22.448980,100.000000,50.000000,1.000000,1.000000,0.000000,0.000000,1.000000,1.000000,50.285714,64.000000,78.332151,75.723034,3.000000
2026-06-24T03:42:21.84117651Z,1000,per_hit,raw_percent_of_host,api-node1,api-node2,7,3,10,24.242424,5.000000,24.242424,10.000000,100.000000,50.000000,1.000000,1.000000,0.000000,0.000000,1.000000,1.000000,50.142857,59.000000,76.917932,77.975892,3.000000
2026-06-24T03:42:22.841173469Z,1000,per_hit,raw_percent_of_host,api-node1,api-node2,0,0,0,5.050505,5.050505,5.050505,10.101010,100.000000,50.000000,0.000000,0.000000,0.000000,0.000000,0.000000,0.000000,50.000000,77.000000,0.000000,0.000000,3.000000
2026-06-24T03:42:23.841173176Z,1000,per_hit,raw_percent_of_host,api-node1,api-node2,0,0,0,0.000000,2.000000,0.000000,4.000000,100.000000,50.000000,0.000000,0.000000,0.000000,0.000000,0.000000,0.000000,0.000000,0.000000,0.000000,0.000000,3.000000
2026-06-24T03:42:24.841172013Z,1000,per_hit,raw_percent_of_host,api-node1,api-node2,0,0,0,0.000000,0.000000,0.000000,0.000000,100.000000,50.000000,0.000000,0.000000,0.000000,0.000000,0.000000,0.000000,0.000000,0.000000,0.000000,0.000000,3.000000
2026-06-24T03:42:25.84118293Z,1000,per_hit,raw_percent_of_host,api-node1,api-node2,0,0,0,0.000000,1.000000,0.000000,2.000000,100.000000,50.000000,0.000000,0.000000,0.000000,0.000000,0.000000,0.000000,0.000000,0.000000,0.000000,0.000000,3.000000
2026-06-24T03:42:26.841177721Z,1000,per_hit,raw_percent_of_host,api-node1,api-node2,0,0,0,0.000000,0.000000,0.000000,0.000000,100.000000,50.000000,0.000000,0.000000,0.000000,0.000000,0.000000,0.000000,0.000000,0.000000,0.000000,0.000000,3.000000
