timestamp_utc,window_ms,traffic_log_mode,cpu_usage_unit,node1_name,node2_name,node1_requests,node2_requests,total_requests,node1_cpu_raw_usage,node2_cpu_raw_usage,node1_cpu_normalized_usage,node2_cpu_normalized_usage,node1_cpu_capacity,node2_cpu_capacity,node1_inflight,node2_inflight,node1_backend_inflight,node2_backend_inflight,node1_queue,node2_queue,node1_response_ms,node2_response_ms,node1_fuzzy_score,node2_fuzzy_score,os_idle_cpu
2026-06-24T14:36:52.485841941Z,1000,per_hit,raw_percent_of_host,api-node1,api-node2,5,5,10,0.0,0.0,0.0,0.0,100.0,50.0,0.0,0.0,0.0,0.0,0.0,0.0,82.8,126.2,83.666667,83.666667,3.0
2026-06-24T14:36:53.485839787Z,1000,per_hit,raw_percent_of_host,api-node1,api-node2,4,6,10,0.0,0.0,0.0,0.0,100.0,50.0,0.0,0.0,0.0,0.0,0.0,0.0,82.0,97.166667,81.483707,83.279089,3.0
2026-06-24T14:36:54.485840141Z,1000,per_hit,raw_percent_of_host,api-node1,api-node2,6,4,10,0.0,0.0,0.0,0.0,100.0,50.0,0.0,0.0,0.0,0.0,0.0,0.0,77.833333,80.25,80.85376,83.612694,3.0
2026-06-24T14:36:55.48584038Z,1000,per_hit,raw_percent_of_host,api-node1,api-node2,5,5,10,0.0,0.0,0.0,0.0,100.0,50.0,0.0,0.0,0.0,0.0,0.0,0.0,99.6,120.4,80.85376,80.514312,3.0
2026-06-24T14:36:56.485841439Z,1000,per_hit,raw_percent_of_host,api-node1,api-node2,6,4,10,0.0,0.0,0.0,0.0,100.0,50.0,0.0,0.0,0.0,0.0,0.0,0.0,90.666667,96.0,81.06968,83.556787,3.0
2026-06-24T14:36:57.485841107Z,1000,per_hit,raw_percent_of_host,api-node1,api-node2,6,4,10,0.0,0.0,0.0,0.0,100.0,50.0,0.0,0.0,0.0,0.0,0.0,0.0,90.5,102.0,80.175333,83.652412,3.0
2026-06-24T14:36:58.485840855Z,1000,per_hit,raw_percent_of_host,api-node1,api-node2,4,6,10,0.0,0.0,0.0,0.0,100.0,50.0,0.0,0.0,0.0,0.0,0.0,0.0,71.25,142.0,80.63212,83.642136,3.0
2026-06-24T14:36:59.485842811Z,1000,per_hit,raw_percent_of_host,api-node1,api-node2,6,4,10,0.0,0.0,0.0,0.0,100.0,50.0,0.0,0.0,0.0,0.0,0.0,0.0,87.666667,110.5,81.483707,83.279089,3.0
2026-06-24T14:37:00.485858759Z,1000,per_hit,raw_percent_of_host,api-node1,api-node2,3,7,10,0.0,0.0,0.0,0.0,100.0,50.0,0.0,1.0,0.0,0.0,0.0,1.0,53.0,137.0,81.583417,83.279089,3.0
2026-06-24T14:37:01.485840038Z,1000,per_hit,raw_percent_of_host,api-node1,api-node2,5,5,10,0.0,0.0,0.0,0.0,100.0,50.0,0.0,0.0,0.0,0.0,0.0,0.0,80.6,153.0,83.37512,78.286617,3.0
2026-06-24T14:37:02.485841458Z,1000,per_hit,raw_percent_of_host,api-node1,api-node2,6,4,10,0.0,1.0,0.0,2.0,100.0,50.0,0.0,0.0,0.0,0.0,0.0,0.0,76.5,111.0,81.382302,83.389803,3.0
2026-06-24T14:37:03.485846848Z,1000,per_hit,raw_percent_of_host,api-node1,api-node2,5,5,10,0.0,1.010101,0.0,2.020202,100.0,50.0,0.0,0.0,0.0,0.0,0.0,0.0,82.2,85.0,81.382302,83.279089,3.0
2026-06-24T14:37:04.48584008Z,1000,per_hit,raw_percent_of_host,api-node1,api-node2,4,6,10,0.0,0.0,0.0,0.0,100.0,50.0,0.0,0.0,0.0,0.0,0.0,0.0,74.25,120.5,81.583417,79.561336,3.0
2026-06-24T14:37:05.4858421Z,1000,per_hit,raw_percent_of_host,api-node1,api-node2,4,6,10,0.0,0.0,0.0,0.0,100.0,50.0,0.0,0.0,0.0,0.0,0.0,0.0,94.0,111.5,81.681414,83.168166,3.0
2026-06-24T14:37:06.485841997Z,1000,per_hit,raw_percent_of_host,api-node1,api-node2,4,6,10,0.0,1.0,0.0,2.0,100.0,50.0,0.0,0.0,0.0,0.0,0.0,0.0,68.75,140.333333,80.744119,83.640667,3.0
2026-06-24T14:37:07.485840058Z,1000,per_hit,raw_percent_of_host,api-node1,api-node2,4,6,10,0.0,0.0,0.0,0.0,100.0,50.0,4.0,4.0,0.0,0.0,4.0,4.0,0.0,50.0,81.279724,83.389803,3.0
2026-06-24T14:37:08.485848463Z,1000,per_hit,raw_percent_of_host,api-node1,api-node2,7,3,10,0.0,1.010101,0.0,2.020202,100.0,50.0,0.0,0.0,0.0,0.0,0.0,0.0,92.545455,97.285714,80.695445,83.633763,3.0
2026-06-24T14:37:09.485841647Z,1000,per_hit,raw_percent_of_host,api-node1,api-node2,4,6,10,0.0,0.0,0.0,0.0,100.0,50.0,0.0,0.0,0.0,0.0,0.0,0.0,71.75,118.833333,83.656133,79.361979,3.0
2026-06-24T14:37:10.485840452Z,1000,per_hit,raw_percent_of_host,api-node1,api-node2,6,4,10,0.0,0.0,0.0,0.0,100.0,50.0,0.0,0.0,0.0,0.0,0.0,0.0,86.833333,112.5,81.483707,83.279089,3.0
2026-06-24T14:37:11.485841735Z,1000,per_hit,raw_percent_of_host,api-node1,api-node2,4,6,10,1.980198,0.0,1.980198,0.0,100.0,50.0,0.0,0.0,0.0,0.0,0.0,0.0,57.75,118.5,81.777995,83.168166,3.0
2026-06-24T14:37:12.485839729Z,1000,per_hit,raw_percent_of_host,api-node1,api-node2,4,6,10,0.0,0.0,0.0,0.0,100.0,50.0,0.0,0.0,0.0,0.0,0.0,0.0,68.5,115.666667,82.009959,83.501003,3.0
2026-06-24T14:37:13.485839952Z,1000,per_hit,raw_percent_of_host,api-node1,api-node2,5,5,10,0.0,0.0,0.0,0.0,100.0,50.0,0.0,0.0,0.0,0.0,0.0,0.0,77.2,101.8,81.279724,83.445342,3.0
2026-06-24T14:37:14.485842042Z,1000,per_hit,raw_percent_of_host,api-node1,api-node2,6,4,10,0.0,0.0,0.0,0.0,100.0,50.0,0.0,0.0,0.0,0.0,0.0,0.0,86.0,108.5,81.17499,83.445342,3.0
2026-06-24T14:37:15.4858402Z,1000,per_hit,raw_percent_of_host,api-node1,api-node2,4,6,10,0.0,0.0,0.0,0.0,100.0,50.0,0.0,0.0,0.0,0.0,0.0,0.0,72.75,120.666667,81.483707,83.389803,3.0
2026-06-24T14:37:16.48584214Z,1000,per_hit,raw_percent_of_host,api-node1,api-node2,4,6,10,0.0,0.0,0.0,0.0,100.0,50.0,0.0,0.0,0.0,0.0,0.0,0.0,60.5,133.666667,81.483707,83.279089,3.0
2026-06-24T14:37:17.485840697Z,1000,per_hit,raw_percent_of_host,api-node1,api-node2,2,8,10,0.0,1.0,0.0,2.0,100.0,50.0,0.0,2.0,0.0,0.0,0.0,2.0,50.0,127.833333,81.860117,83.389803,3.0
2026-06-24T14:37:18.485839667Z,1000,per_hit,raw_percent_of_host,api-node1,api-node2,4,6,10,0.0,1.0,0.0,2.0,100.0,50.0,0.0,0.0,0.0,0.0,0.0,0.0,60.0,146.375,83.666667,78.436868,3.0
2026-06-24T14:37:19.485841904Z,1000,per_hit,raw_percent_of_host,api-node1,api-node2,6,4,10,0.0,0.0,0.0,0.0,100.0,50.0,0.0,0.0,0.0,0.0,0.0,0.0,87.166667,113.5,81.217829,83.279089,3.0
2026-06-24T14:37:20.485842098Z,1000,per_hit,raw_percent_of_host,api-node1,api-node2,4,6,10,0.0,0.0,0.0,0.0,100.0,50.0,0.0,0.0,0.0,0.0,0.0,0.0,68.0,138.833333,81.777995,83.112547,3.0
2026-06-24T14:37:21.48584076Z,1000,per_hit,raw_percent_of_host,api-node1,api-node2,6,5,11,0.0,0.0,0.0,0.0,100.0,50.0,0.0,0.0,0.0,0.0,0.0,0.0,94.0,104.5,79.861294,80.606061,3.0
2026-06-24T14:37:22.485841801Z,1000,per_hit,raw_percent_of_host,api-node1,api-node2,5,5,10,0.0,1.0,0.0,2.0,100.0,50.0,0.0,0.0,0.0,0.0,0.0,0.0,92.0,124.6,80.962365,83.612694,3.0
2026-06-24T14:37:23.485840908Z,1000,per_hit,raw_percent_of_host,api-node1,api-node2,6,4,10,0.0,1.010101,0.0,2.020202,100.0,50.0,0.0,0.0,0.0,0.0,0.0,0.0,87.666667,84.5,81.483707,83.334385,3.0
2026-06-24T14:37:24.485839638Z,1000,per_hit,raw_percent_of_host,api-node1,api-node2,2,8,10,0.0,0.0,0.0,0.0,100.0,50.0,0.0,2.0,0.0,0.0,0.0,2.0,50.0,137.333333,81.483707,79.95157,3.0
2026-06-24T14:37:25.485840568Z,1000,per_hit,raw_percent_of_host,api-node1,api-node2,4,6,10,0.0,0.0,0.0,0.0,100.0,50.0,0.0,0.0,0.0,0.0,0.0,0.0,68.25,174.5,83.666667,78.286617,3.0
2026-06-24T14:37:26.485841552Z,1000,per_hit,raw_percent_of_host,api-node1,api-node2,4,6,10,0.0,0.0,0.0,0.0,100.0,50.0,0.0,0.0,0.0,0.0,0.0,0.0,71.5,140.0,81.279724,83.334385,3.0
2026-06-24T14:37:27.485840713Z,1000,per_hit,raw_percent_of_host,api-node1,api-node2,5,5,10,0.0,0.0,0.0,0.0,100.0,50.0,0.0,0.0,0.0,0.0,0.0,0.0,91.2,82.2,81.279724,83.389803,3.0
2026-06-24T14:37:28.485842142Z,1000,per_hit,raw_percent_of_host,api-node1,api-node2,4,6,10,0.0,0.0,0.0,0.0,100.0,50.0,4.0,6.0,0.0,0.0,4.0,6.0,0.0,0.0,81.06968,80.329882,3.0
2026-06-24T14:37:29.485839578Z,1000,per_hit,raw_percent_of_host,api-node1,api-node2,5,5,10,0.0,0.0,0.0,0.0,100.0,50.0,0.0,0.0,0.0,0.0,0.0,0.0,94.444444,90.363636,78.955189,83.663693,3.0
2026-06-24T14:37:30.485840348Z,1000,per_hit,raw_percent_of_host,api-node1,api-node2,5,5,10,0.0,0.0,0.0,0.0,100.0,50.0,0.0,0.0,0.0,0.0,0.0,0.0,101.8,147.2,80.962365,80.514312,3.0
2026-06-24T14:37:31.485840972Z,1000,per_hit,raw_percent_of_host,api-node1,api-node2,8,2,10,1.0,0.0,1.0,0.0,100.0,50.0,0.0,0.0,0.0,0.0,0.0,0.0,106.125,83.0,81.17499,83.445342,3.0
2026-06-24T14:37:32.485848056Z,1000,per_hit,raw_percent_of_host,api-node1,api-node2,8,2,10,0.0,0.0,0.0,0.0,100.0,50.0,0.0,0.0,0.0,0.0,0.0,0.0,86.75,87.0,83.657645,80.142265,3.0
2026-06-24T14:37:33.485841836Z,1000,per_hit,raw_percent_of_host,api-node1,api-node2,3,7,10,0.0,0.0,0.0,0.0,100.0,50.0,0.0,0.0,0.0,0.0,0.0,0.0,55.666667,133.142857,81.777995,79.159905,3.0
2026-06-24T14:37:34.485842279Z,1000,per_hit,raw_percent_of_host,api-node1,api-node2,5,5,10,0.0,1.0,0.0,2.0,100.0,50.0,0.0,0.0,0.0,0.0,0.0,0.0,82.2,126.0,82.802767,83.223901,3.0
2026-06-24T14:37:35.485839609Z,1000,per_hit,raw_percent_of_host,api-node1,api-node2,5,5,10,0.0,0.990099,0.0,1.980198,100.0,50.0,0.0,0.0,0.0,0.0,0.0,0.0,102.4,113.2,81.777995,83.223901,3.0
2026-06-24T14:37:36.485847161Z,1000,per_hit,raw_percent_of_host,api-node1,api-node2,6,4,10,0.0,0.0,0.0,0.0,100.0,50.0,0.0,0.0,0.0,0.0,0.0,0.0,85.166667,108.75,83.66596,83.649478,3.0
2026-06-24T14:37:37.485848454Z,1000,per_hit,raw_percent_of_host,api-node1,api-node2,8,2,10,0.0,0.0,0.0,0.0,100.0,50.0,0.0,0.0,0.0,0.0,0.0,0.0,110.0,83.5,81.382302,83.389803,3.0
2026-06-24T14:37:38.48583973Z,1000,per_hit,raw_percent_of_host,api-node1,api-node2,1,9,10,0.0,1.0,0.0,2.0,100.0,50.0,0.0,1.0,0.0,0.0,0.0,1.0,50.0,127.375,81.681414,79.159905,3.0
2026-06-24T14:37:39.485841493Z,1000,per_hit,raw_percent_of_host,api-node1,api-node2,5,5,10,0.0,0.0,0.0,0.0,100.0,50.0,0.0,0.0,0.0,0.0,0.0,0.0,79.8,136.333333,83.666667,78.040146,3.0
2026-06-24T14:37:40.485841687Z,1000,per_hit,raw_percent_of_host,api-node1,api-node2,6,4,10,1.0,0.0,1.0,0.0,100.0,50.0,0.0,0.0,0.0,0.0,0.0,0.0,87.166667,109.75,81.681414,83.168166,3.0
2026-06-24T14:37:41.485839549Z,1000,per_hit,raw_percent_of_host,api-node1,api-node2,7,3,10,1.960784,0.0,1.960784,0.0,100.0,50.0,0.0,0.0,0.0,0.0,0.0,0.0,99.714286,85.0,81.681414,83.279089,3.0
2026-06-24T14:37:42.485839572Z,1000,per_hit,raw_percent_of_host,api-node1,api-node2,4,6,10,0.990099,0.990099,0.990099,1.980198,100.0,50.0,0.0,0.0,0.0,0.0,0.0,0.0,68.0,142.166667,81.583417,79.561336,3.0
2026-06-24T14:37:43.485840706Z,1000,per_hit,raw_percent_of_host,api-node1,api-node2,4,6,10,0.0,1.010101,0.0,2.020202,100.0,50.0,0.0,0.0,0.0,0.0,0.0,0.0,74.5,142.0,81.06968,83.445342,3.0
2026-06-24T14:37:44.485841183Z,1000,per_hit,raw_percent_of_host,api-node1,api-node2,5,5,10,0.0,1.010101,0.0,2.020202,100.0,50.0,0.0,0.0,0.0,0.0,0.0,0.0,77.6,97.2,81.583417,83.279089,3.0
2026-06-24T14:37:45.485840696Z,1000,per_hit,raw_percent_of_host,api-node1,api-node2,4,6,10,1.0,0.0,1.0,0.0,100.0,50.0,0.0,0.0,0.0,0.0,0.0,0.0,69.25,134.5,80.520409,83.642136,3.0
2026-06-24T14:37:46.485839854Z,1000,per_hit,raw_percent_of_host,api-node1,api-node2,6,4,10,0.0,0.0,0.0,0.0,100.0,50.0,0.0,0.0,0.0,0.0,0.0,0.0,97.166667,112.0,80.744119,83.642136,3.0
2026-06-24T14:37:47.485842619Z,1000,per_hit,raw_percent_of_host,api-node1,api-node2,5,5,10,0.0,0.0,0.0,0.0,100.0,50.0,0.0,0.0,0.0,0.0,0.0,0.0,94.6,124.6,81.681414,83.223901,3.0
2026-06-24T14:37:48.485839509Z,1000,per_hit,raw_percent_of_host,api-node1,api-node2,3,7,10,0.0,1.0,0.0,2.0,100.0,50.0,0.0,0.0,0.0,0.0,0.0,0.0,54.0,114.428571,81.583417,83.334385,3.0
2026-06-24T14:37:49.485839421Z,1000,per_hit,raw_percent_of_host,api-node1,api-node2,6,4,10,0.0,0.0,0.0,0.0,100.0,50.0,0.0,0.0,0.0,0.0,0.0,0.0,84.333333,79.75,83.120341,83.223901,3.0
2026-06-24T14:37:50.485840119Z,1000,per_hit,raw_percent_of_host,api-node1,api-node2,2,8,10,0.0,0.0,0.0,0.0,100.0,50.0,0.0,0.0,0.0,0.0,0.0,0.0,50.0,136.75,80.962365,80.329882,3.0
2026-06-24T14:37:51.485841574Z,1000,per_hit,raw_percent_of_host,api-node1,api-node2,5,5,10,0.0,0.0,0.0,0.0,100.0,50.0,5.0,5.0,0.0,0.0,5.0,5.0,0.0,0.0,83.666667,83.640667,3.0
2026-06-24T14:37:52.485841387Z,1000,per_hit,raw_percent_of_host,api-node1,api-node2,1,3,4,1.980198,0.0,1.980198,0.0,100.0,50.0,1.0,3.0,0.0,0.0,1.0,3.0,66.6,117.8,82.009959,81.681414,3.0
2026-06-24T14:37:53.485839987Z,1000,per_hit,raw_percent_of_host,api-node1,api-node2,5,9,14,0.0,0.0,0.0,0.0,100.0,50.0,0.0,3.0,0.0,0.0,0.0,3.0,70.5,120.111111,83.457913,79.500866,3.0
2026-06-24T14:37:54.485842779Z,1000,per_hit,raw_percent_of_host,api-node1,api-node2,7,3,10,0.990099,0.0,0.990099,0.0,100.0,50.0,3.0,0.0,0.0,0.0,3.0,0.0,50.0,103.833333,83.666667,81.622598,3.0
2026-06-24T14:37:55.485842194Z,1000,per_hit,raw_percent_of_host,api-node1,api-node2,7,3,10,0.0,1.0,0.0,2.0,100.0,50.0,1.0,2.0,0.0,0.0,1.0,2.0,61.555556,85.0,83.098381,79.073273,3.0
2026-06-24T14:37:56.485839624Z,1000,per_hit,raw_percent_of_host,api-node1,api-node2,4,6,10,1.0,0.0,1.0,0.0,100.0,50.0,1.0,1.0,0.0,0.0,1.0,1.0,55.75,94.857143,83.274496,80.690157,3.0
2026-06-24T14:37:57.48584146Z,1000,per_hit,raw_percent_of_host,api-node1,api-node2,4,4,8,0.0,0.0,0.0,0.0,100.0,50.0,2.0,0.0,0.0,0.0,2.0,0.0,50.0,91.6,83.666667,83.086837,3.0
2026-06-24T14:37:58.485839449Z,1000,per_hit,raw_percent_of_host,api-node1,api-node2,5,7,12,0.0,0.0,0.0,0.0,100.0,50.0,0.0,3.0,0.0,0.0,0.0,3.0,60.857143,78.75,82.218703,82.054402,3.0
2026-06-24T14:37:59.485839433Z,1000,per_hit,raw_percent_of_host,api-node1,api-node2,7,3,10,0.0,1.111111,0.0,2.222222,100.0,50.0,3.0,0.0,0.0,0.0,3.0,0.0,57.75,102.166667,80.889343,81.920299,3.0
2026-06-24T14:38:00.485839219Z,1000,per_hit,raw_percent_of_host,api-node1,api-node2,5,5,10,1.0,0.0,1.0,0.0,100.0,50.0,1.0,1.0,0.0,0.0,1.0,1.0,53.571429,74.75,83.493887,81.337849,3.0
2026-06-24T14:38:01.485839838Z,1000,per_hit,raw_percent_of_host,api-node1,api-node2,3,7,10,1.0,0.0,1.0,0.0,100.0,50.0,1.0,1.0,0.0,0.0,1.0,1.0,50.0,67.714286,83.666667,82.024534,3.0
2026-06-24T14:38:02.485839859Z,1000,per_hit,raw_percent_of_host,api-node1,api-node2,6,4,10,0.0,1.0,0.0,2.0,100.0,50.0,2.0,1.0,0.0,0.0,2.0,1.0,59.0,89.5,82.944047,80.366856,3.0
2026-06-24T14:38:03.485840955Z,1000,per_hit,raw_percent_of_host,api-node1,api-node2,7,3,10,0.0,1.010101,0.0,2.020202,100.0,50.0,2.0,1.0,0.0,0.0,2.0,1.0,56.714286,88.333333,83.024594,80.517314,3.0
2026-06-24T14:38:04.485839623Z,1000,per_hit,raw_percent_of_host,api-node1,api-node2,7,3,10,0.0,0.0,0.0,0.0,100.0,50.0,1.0,1.0,0.0,0.0,1.0,1.0,56.625,71.666667,82.85641,81.729481,3.0
2026-06-24T14:38:05.485840016Z,1000,per_hit,raw_percent_of_host,api-node1,api-node2,4,3,7,0.0,0.0,0.0,0.0,100.0,50.0,0.0,1.0,0.0,0.0,0.0,1.0,52.4,70.0,83.58862,83.15051,3.0
2026-06-24T14:38:06.485839511Z,1000,per_hit,raw_percent_of_host,api-node1,api-node2,6,7,13,1.0,6.593407,1.0,13.186813,100.0,50.0,2.0,1.0,0.0,0.0,2.0,1.0,53.0,92.285714,83.372491,77.213792,3.0
2026-06-24T14:38:07.485841126Z,1000,per_hit,raw_percent_of_host,api-node1,api-node2,6,4,10,0.0,0.0,0.0,0.0,100.0,50.0,2.0,0.0,0.0,0.0,2.0,0.0,50.0,69.6,83.666667,80.949543,3.0
2026-06-24T14:38:08.485841451Z,1000,per_hit,raw_percent_of_host,api-node1,api-node2,7,3,10,0.0,1.0,0.0,2.0,100.0,50.0,2.0,1.0,0.0,0.0,2.0,1.0,53.714286,50.0,83.387061,83.364352,3.0
2026-06-24T14:38:09.485840579Z,1000,per_hit,raw_percent_of_host,api-node1,api-node2,5,5,10,0.0,0.0,0.0,0.0,100.0,50.0,1.0,1.0,0.0,0.0,1.0,1.0,56.0,62.6,83.485074,81.625359,3.0
2026-06-24T14:38:10.485840901Z,1000,per_hit,raw_percent_of_host,api-node1,api-node2,4,6,10,2.0,1.098901,2.0,2.197802,100.0,50.0,1.0,1.0,0.0,0.0,1.0,1.0,50.0,91.833333,83.666667,81.111521,3.0
2026-06-24T14:38:11.48583957Z,1000,per_hit,raw_percent_of_host,api-node1,api-node2,5,5,10,0.0,1.0,0.0,2.0,100.0,50.0,2.0,1.0,0.0,0.0,2.0,1.0,50.0,104.2,83.666667,81.194514,3.0
2026-06-24T14:38:12.485841935Z,1000,per_hit,raw_percent_of_host,api-node1,api-node2,8,2,10,0.990099,0.0,0.990099,0.0,100.0,50.0,3.0,0.0,0.0,0.0,3.0,0.0,55.0,62.666667,83.557402,81.782076,3.0
2026-06-24T14:38:13.485839489Z,1000,per_hit,raw_percent_of_host,api-node1,api-node2,5,5,10,1.0,0.0,1.0,0.0,100.0,50.0,2.0,0.0,0.0,0.0,2.0,0.0,59.833333,91.2,81.203468,79.644269,3.0
2026-06-24T14:38:14.485840492Z,1000,per_hit,raw_percent_of_host,api-node1,api-node2,4,6,10,0.0,1.0,0.0,2.0,100.0,50.0,1.0,1.0,0.0,0.0,1.0,1.0,50.0,78.2,83.666667,81.625359,3.0
2026-06-24T14:38:15.485841457Z,1000,per_hit,raw_percent_of_host,api-node1,api-node2,6,4,10,0.0,0.0,0.0,0.0,100.0,50.0,1.0,2.0,0.0,0.0,1.0,2.0,53.833333,96.0,82.882325,80.382643,3.0
2026-06-24T14:38:16.485842742Z,1000,per_hit,raw_percent_of_host,api-node1,api-node2,4,6,10,0.0,0.0,0.0,0.0,100.0,50.0,2.0,1.0,0.0,0.0,2.0,1.0,50.0,97.428571,83.666667,81.676243,3.0
2026-06-24T14:38:17.485839831Z,1000,per_hit,raw_percent_of_host,api-node1,api-node2,4,6,10,0.0,0.0,0.0,0.0,100.0,50.0,1.0,1.0,0.0,0.0,1.0,1.0,54.2,69.5,83.666667,81.699159,3.0
2026-06-24T14:38:18.485841883Z,1000,per_hit,raw_percent_of_host,api-node1,api-node2,3,7,10,1.0,1.0,1.0,2.0,100.0,50.0,1.0,2.0,0.0,0.0,1.0,2.0,64.333333,105.5,82.341301,80.311042,3.0
2026-06-24T14:38:19.485839503Z,1000,per_hit,raw_percent_of_host,api-node1,api-node2,2,4,6,0.0,0.0,0.0,0.0,100.0,50.0,0.0,0.0,0.0,0.0,0.0,0.0,50.0,109.333333,83.666667,82.718147,3.0
2026-06-24T14:38:20.485839385Z,1000,per_hit,raw_percent_of_host,api-node1,api-node2,7,7,14,5.940594,0.0,5.940594,0.0,100.0,50.0,2.0,2.0,0.0,0.0,2.0,2.0,50.0,66.2,83.443171,82.279698,3.0
2026-06-24T14:38:21.485840072Z,1000,per_hit,raw_percent_of_host,api-node1,api-node2,6,4,10,0.0,0.0,0.0,0.0,100.0,50.0,1.0,2.0,0.0,0.0,1.0,2.0,51.714286,99.75,83.557402,80.443932,3.0
2026-06-24T14:38:22.485841898Z,1000,per_hit,raw_percent_of_host,api-node1,api-node2,9,1,10,1.010101,0.0,1.010101,0.0,100.0,50.0,2.0,1.0,0.0,0.0,2.0,1.0,65.75,80.0,82.891122,81.416342,3.0
2026-06-24T14:38:23.485840181Z,1000,per_hit,raw_percent_of_host,api-node1,api-node2,5,5,10,0.0,0.0,0.0,0.0,100.0,50.0,1.0,2.0,0.0,0.0,1.0,2.0,54.166667,52.0,83.664382,83.640015,3.0
2026-06-24T14:38:24.48583945Z,1000,per_hit,raw_percent_of_host,api-node1,api-node2,4,4,8,1.0,0.0,1.0,0.0,100.0,50.0,1.0,1.0,0.0,0.0,1.0,1.0,50.25,84.6,83.666667,83.234366,3.0
2026-06-24T14:38:25.485842332Z,1000,per_hit,raw_percent_of_host,api-node1,api-node2,5,5,10,0.0,1.0,0.0,2.0,100.0,50.0,2.0,1.0,0.0,0.0,2.0,1.0,50.0,69.6,83.666667,81.699159,3.0
2026-06-24T14:38:26.485839553Z,1000,per_hit,raw_percent_of_host,api-node1,api-node2,6,6,12,10.891089,0.0,10.891089,0.0,100.0,50.0,0.0,2.0,0.0,0.0,0.0,2.0,50.0,77.8,82.043518,81.689459,3.0
2026-06-24T14:38:27.485840201Z,1000,per_hit,raw_percent_of_host,api-node1,api-node2,2,8,10,1.0,9.090909,1.0,18.181818,100.0,50.0,0.0,2.0,0.0,0.0,0.0,2.0,50.0,97.0,83.179722,64.644394,3.0
2026-06-24T14:38:28.48584814Z,1000,per_hit,raw_percent_of_host,api-node1,api-node2,5,5,10,11.111111,0.0,11.111111,0.0,100.0,50.0,2.0,1.0,0.0,0.0,2.0,1.0,50.0,114.0,81.624598,74.801945,3.0
2026-06-24T14:38:29.485839908Z,1000,per_hit,raw_percent_of_host,api-node1,api-node2,3,7,10,5.050505,5.050505,5.050505,10.10101,100.0,50.0,1.0,1.0,0.0,0.0,1.0,1.0,50.0,101.714286,82.906864,70.534876,3.0
2026-06-24T14:38:30.485840465Z,1000,per_hit,raw_percent_of_host,api-node1,api-node2,4,6,10,10.0,0.0,10.0,0.0,100.0,50.0,0.0,3.0,0.0,0.0,0.0,3.0,50.6,89.75,82.04775,78.796242,3.0
2026-06-24T14:38:31.485841802Z,1000,per_hit,raw_percent_of_host,api-node1,api-node2,4,6,10,5.050505,6.060606,5.050505,12.121212,100.0,50.0,1.0,2.0,0.0,0.0,1.0,2.0,50.0,83.428571,83.121065,74.584847,3.0
2026-06-24T14:38:32.485840722Z,1000,per_hit,raw_percent_of_host,api-node1,api-node2,8,2,10,5.050505,5.102041,5.050505,10.204082,100.0,50.0,3.0,0.0,0.0,0.0,3.0,0.0,52.166667,59.0,83.407137,76.796418,3.0
2026-06-24T14:38:33.485840982Z,1000,per_hit,raw_percent_of_host,api-node1,api-node2,5,5,10,5.0,5.050505,5.0,10.10101,100.0,50.0,2.0,0.0,0.0,0.0,2.0,0.0,60.666667,75.6,82.503768,74.308955,3.0
2026-06-24T14:38:34.485841992Z,1000,per_hit,raw_percent_of_host,api-node1,api-node2,5,5,10,0.0,8.080808,0.0,16.161616,100.0,50.0,0.0,3.0,0.0,0.0,0.0,3.0,57.285714,112.0,83.107239,63.824933,3.0
2026-06-24T14:38:35.485840167Z,1000,per_hit,raw_percent_of_host,api-node1,api-node2,6,4,10,10.10101,0.0,10.10101,0.0,100.0,50.0,1.0,2.0,0.0,0.0,1.0,2.0,50.0,92.6,82.045215,75.717349,3.0
2026-06-24T14:38:36.485839642Z,1000,per_hit,raw_percent_of_host,api-node1,api-node2,7,3,10,10.10101,1.0,10.10101,2.0,100.0,50.0,2.0,1.0,0.0,0.0,2.0,1.0,51.833333,80.75,81.639852,79.992655,3.0
2026-06-24T14:38:37.48583993Z,1000,per_hit,raw_percent_of_host,api-node1,api-node2,4,4,8,5.0,5.940594,5.0,11.881188,100.0,50.0,1.0,0.0,0.0,0.0,1.0,0.0,50.0,91.0,83.026608,80.728882,3.0
2026-06-24T14:38:38.48583981Z,1000,per_hit,raw_percent_of_host,api-node1,api-node2,8,4,12,6.0,5.050505,6.0,10.10101,100.0,50.0,1.0,1.0,0.0,0.0,1.0,1.0,58.375,56.666667,77.747068,73.860455,3.0
2026-06-24T14:38:39.485842379Z,1000,per_hit,raw_percent_of_host,api-node1,api-node2,6,4,10,0.990099,9.090909,0.990099,18.181818,100.0,50.0,1.0,1.0,0.0,0.0,1.0,1.0,55.666667,102.75,82.672527,58.147344,3.0
2026-06-24T14:38:40.485841497Z,1000,per_hit,raw_percent_of_host,api-node1,api-node2,7,3,10,0.0,9.0,0.0,18.0,100.0,50.0,2.0,1.0,0.0,0.0,2.0,1.0,56.166667,93.333333,83.242778,60.374367,3.0
2026-06-24T14:38:41.48583973Z,1000,per_hit,raw_percent_of_host,api-node1,api-node2,3,4,7,5.050505,5.050505,5.050505,10.10101,100.0,50.0,1.0,0.0,0.0,0.0,1.0,0.0,56.25,91.8,83.532502,81.644238,3.0
2026-06-24T14:38:42.485842588Z,1000,per_hit,raw_percent_of_host,api-node1,api-node2,6,4,10,5.050505,5.0,5.050505,10.0,100.0,50.0,1.0,0.0,0.0,0.0,1.0,0.0,59.166667,60.25,82.867889,73.191305,3.0
2026-06-24T14:38:43.485841457Z,1000,per_hit,raw_percent_of_host,api-node1,api-node2,7,6,13,6.060606,6.060606,6.060606,12.121212,100.0,50.0,1.0,1.0,0.0,0.0,1.0,1.0,50.0,71.2,77.996339,76.072621,3.0
2026-06-24T14:38:44.485839623Z,1000,per_hit,raw_percent_of_host,api-node1,api-node2,5,5,10,0.0,9.090909,0.0,18.181818,100.0,50.0,2.0,1.0,0.0,0.0,2.0,1.0,50.0,103.6,83.582018,61.905486,3.0
2026-06-24T14:38:45.485839485Z,1000,per_hit,raw_percent_of_host,api-node1,api-node2,6,4,10,10.10101,0.0,10.10101,0.0,100.0,50.0,1.0,1.0,0.0,0.0,1.0,1.0,53.0,75.75,82.045215,81.313144,3.0
2026-06-24T14:38:46.485839567Z,1000,per_hit,raw_percent_of_host,api-node1,api-node2,6,4,10,5.050505,5.050505,5.050505,10.10101,100.0,50.0,2.0,1.0,0.0,0.0,2.0,1.0,50.0,84.0,83.11104,76.628932,3.0
2026-06-24T14:38:47.485841648Z,1000,per_hit,raw_percent_of_host,api-node1,api-node2,5,5,10,0.0,9.090909,0.0,18.181818,100.0,50.0,2.0,1.0,0.0,0.0,2.0,1.0,57.2,87.2,83.481527,64.797182,3.0
2026-06-24T14:38:48.485840638Z,1000,per_hit,raw_percent_of_host,api-node1,api-node2,4,6,10,0.0,8.080808,0.0,16.161616,100.0,50.0,0.0,2.0,0.0,0.0,0.0,2.0,50.0,87.4,83.666667,69.931081,3.0
2026-06-24T14:38:49.485840222Z,1000,per_hit,raw_percent_of_host,api-node1,api-node2,6,4,10,0.0,9.0,0.0,18.0,100.0,50.0,2.0,1.0,0.0,0.0,2.0,1.0,61.0,103.0,82.944047,55.963309,3.0
2026-06-24T14:38:50.485839905Z,1000,per_hit,raw_percent_of_host,api-node1,api-node2,5,5,10,5.0,5.102041,5.0,10.204082,100.0,50.0,3.0,0.0,0.0,0.0,3.0,0.0,50.0,91.833333,83.524421,76.634009,3.0
2026-06-24T14:38:51.485842078Z,1000,per_hit,raw_percent_of_host,api-node1,api-node2,2,8,10,0.0,9.090909,0.0,18.181818,100.0,50.0,1.0,1.0,0.0,0.0,1.0,1.0,66.5,88.428571,80.604706,62.892982,3.0
2026-06-24T14:38:52.485841565Z,1000,per_hit,raw_percent_of_host,api-node1,api-node2,5,5,10,6.0,5.050505,6.0,10.10101,100.0,50.0,3.0,0.0,0.0,0.0,3.0,0.0,50.0,102.166667,83.341564,71.424453,3.0
2026-06-24T14:38:53.485841925Z,1000,per_hit,raw_percent_of_host,api-node1,api-node2,5,5,10,6.0,5.050505,6.0,10.10101,100.0,50.0,1.0,1.0,0.0,0.0,1.0,1.0,54.857143,78.0,83.260288,74.871448,3.0
2026-06-24T14:38:54.485846763Z,1000,per_hit,raw_percent_of_host,api-node1,api-node2,10,8,18,5.050505,5.555556,5.050505,11.111111,100.0,50.0,1.0,2.0,0.0,0.0,1.0,2.0,65.7,114.0,80.878779,72.908598,3.0
2026-06-24T14:38:55.48583967Z,1000,per_hit,raw_percent_of_host,api-node1,api-node2,9,14,23,5.050505,5.555556,5.050505,11.111111,100.0,50.0,0.0,2.0,0.0,0.0,0.0,2.0,67.9,165.857143,82.261264,76.955744,3.0
2026-06-24T14:38:56.485840172Z,1000,per_hit,raw_percent_of_host,api-node1,api-node2,13,15,28,5.050505,13.186813,5.050505,26.373626,100.0,50.0,2.0,1.0,0.0,0.0,2.0,1.0,67.545455,229.875,83.138979,69.509497,3.0
2026-06-24T14:38:57.485842072Z,1000,per_hit,raw_percent_of_host,api-node1,api-node2,15,19,34,9.183673,11.111111,9.183673,22.222222,100.0,50.0,2.0,1.0,0.0,0.0,2.0,1.0,103.666667,202.947368,81.371697,52.240106,3.0
2026-06-24T14:38:58.485841943Z,1000,per_hit,raw_percent_of_host,api-node1,api-node2,21,19,40,15.151515,12.087912,15.151515,24.175824,100.0,50.0,1.0,2.0,0.0,0.0,1.0,2.0,160.590909,169.055556,79.613507,78.023453,3.0
2026-06-24T14:38:59.485840311Z,1000,per_hit,raw_percent_of_host,api-node1,api-node2,25,20,45,13.402062,22.222222,13.402062,44.444444,100.0,50.0,3.0,0.0,0.0,0.0,3.0,0.0,153.869565,341.590909,78.122487,76.329829,3.0
2026-06-24T14:39:00.485842849Z,1000,per_hit,raw_percent_of_host,api-node1,api-node2,35,11,46,35.353535,6.593407,35.353535,13.186813,100.0,50.0,0.0,1.0,0.0,0.0,0.0,1.0,291.921053,131.4,73.004971,51.08187,3.0
2026-06-24T14:39:01.485839799Z,1000,per_hit,raw_percent_of_host,api-node1,api-node2,14,17,31,7.291667,17.582418,7.291667,35.164835,100.0,50.0,4.0,1.0,0.0,0.0,4.0,1.0,62.8,196.941176,60.598424,58.753626,3.0
2026-06-24T14:39:02.485839734Z,1000,per_hit,raw_percent_of_host,api-node1,api-node2,53,40,93,47.959184,26.732673,47.959184,53.465347,100.0,50.0,2.0,2.0,0.0,0.0,2.0,2.0,240.763636,340.948718,63.671858,45.712397,3.0
2026-06-24T14:39:03.485842948Z,1000,per_hit,raw_percent_of_host,api-node1,api-node2,29,39,68,41.414141,26.0,41.414141,52.0,100.0,50.0,4.0,1.0,0.0,0.0,4.0,1.0,115.333333,295.825,49.987372,46.416439,3.0
2026-06-24T14:39:04.485841454Z,1000,per_hit,raw_percent_of_host,api-node1,api-node2,33,41,74,44.897959,25.0,44.897959,50.0,100.0,50.0,1.0,4.0,0.0,0.0,1.0,4.0,164.361111,242.552632,48.374683,46.603175,3.0
2026-06-24T14:39:05.485840199Z,1000,per_hit,raw_percent_of_host,api-node1,api-node2,45,34,79,51.0,25.252525,51.0,50.505051,100.0,50.0,4.0,1.0,0.0,0.0,4.0,1.0,168.690476,319.648649,48.355349,46.110811,3.0
2026-06-24T14:39:06.485840148Z,1000,per_hit,raw_percent_of_host,api-node1,api-node2,49,36,85,50.0,26.0,50.0,52.0,100.0,50.0,5.0,0.0,0.0,0.0,5.0,0.0,198.5625,407.324324,47.182006,45.597435,3.0
2026-06-24T14:39:07.485841272Z,1000,per_hit,raw_percent_of_host,api-node1,api-node2,49,42,91,50.505051,25.252525,50.505051,50.505051,100.0,50.0,1.0,4.0,0.0,0.0,1.0,4.0,198.358491,389.631579,48.096919,45.782676,3.0
2026-06-24T14:39:08.485839867Z,1000,per_hit,raw_percent_of_host,api-node1,api-node2,54,43,97,50.505051,28.0,50.505051,56.0,100.0,50.0,3.0,2.0,0.0,0.0,3.0,2.0,213.769231,511.4,46.835291,48.198319,3.0
2026-06-24T14:39:09.485840874Z,1000,per_hit,raw_percent_of_host,api-node1,api-node2,51,51,102,47.42268,26.315789,47.42268,52.631579,100.0,50.0,2.0,15.0,0.0,0.0,2.0,15.0,218.557692,507.631579,47.630998,49.017589,3.0
2026-06-24T14:39:10.485840831Z,1000,per_hit,raw_percent_of_host,api-node1,api-node2,56,52,108,51.485149,25.252525,51.485149,50.505051,100.0,50.0,2.0,16.0,0.0,0.0,2.0,16.0,417.339286,681.098039,47.864191,39.290089,3.0
2026-06-24T14:39:11.485841793Z,1000,per_hit,raw_percent_of_host,api-node1,api-node2,65,49,114,50.505051,25.742574,50.505051,51.485149,100.0,50.0,3.0,3.0,0.0,0.0,3.0,3.0,329.703125,660.725806,48.467818,35.225808,3.0
2026-06-24T14:39:12.48584071Z,1000,per_hit,raw_percent_of_host,api-node1,api-node2,64,55,119,51.485149,26.0,51.485149,52.0,100.0,50.0,5.0,24.0,0.0,0.0,5.0,24.0,350.774194,721.823529,48.242705,34.914886,3.0
2026-06-24T14:39:13.485840699Z,1000,per_hit,raw_percent_of_host,api-node1,api-node2,72,53,125,49.494949,0.0,49.494949,0.0,100.0,50.0,2.0,26.0,0.0,0.0,2.0,26.0,479.226667,802.627451,48.598221,33.441908,3.0
2026-06-24T14:39:14.485840657Z,1000,per_hit,raw_percent_of_host,api-node1,api-node2,56,57,113,51.485149,0.0,51.485149,0.0,100.0,50.0,4.0,28.0,0.0,0.0,4.0,28.0,396.092593,1051.6,49.652237,56.830908,3.0
2026-06-24T14:39:15.485839707Z,1000,per_hit,raw_percent_of_host,api-node1,api-node2,73,63,136,31.0,25.742574,31.0,51.485149,100.0,50.0,12.0,70.0,0.0,0.0,12.0,70.0,442.384615,1011.238095,49.154604,49.416084,3.0
2026-06-24T14:39:16.485839935Z,1000,per_hit,raw_percent_of_host,api-node1,api-node2,70,35,105,41.509434,25.742574,41.509434,51.485149,100.0,50.0,9.0,71.0,0.0,0.0,9.0,71.0,491.863014,1442.0,48.657993,25.849733,3.0
2026-06-24T14:39:17.485840779Z,1000,per_hit,raw_percent_of_host,api-node1,api-node2,75,38,113,42.718447,25.742574,42.718447,51.485149,100.0,50.0,5.0,73.0,0.0,0.0,5.0,73.0,424.341772,1784.638889,47.306089,23.16447,3.0
2026-06-24T14:39:18.485839651Z,1000,per_hit,raw_percent_of_host,api-node1,api-node2,110,42,152,50.505051,25.0,50.505051,50.0,100.0,50.0,67.0,12.0,0.0,0.0,67.0,12.0,265.122449,1345.990291,49.126096,22.363708,3.0
2026-06-24T14:39:19.485839984Z,1000,per_hit,raw_percent_of_host,api-node1,api-node2,81,79,160,50.505051,26.0,50.505051,52.0,100.0,50.0,57.0,57.0,0.0,0.0,57.0,57.0,640.244444,575.117647,36.872783,40.586701,3.0
2026-06-24T14:39:20.485839827Z,1000,per_hit,raw_percent_of_host,api-node1,api-node2,60,53,113,51.0,26.0,51.0,52.0,100.0,50.0,7.0,103.0,0.0,0.0,7.0,103.0,532.018182,1213.571429,37.462126,30.967299,3.0
2026-06-24T14:39:21.485839954Z,1000,per_hit,raw_percent_of_host,api-node1,api-node2,104,34,138,51.0,25.252525,51.0,50.505051,100.0,50.0,42.0,59.0,0.0,0.0,42.0,59.0,598.550725,1622.25641,48.987316,21.010939,3.0
2026-06-24T14:39:22.485840322Z,1000,per_hit,raw_percent_of_host,api-node1,api-node2,101,55,156,48.958333,25.0,48.958333,50.0,100.0,50.0,67.0,67.0,0.0,0.0,67.0,67.0,650.710526,1509.765957,35.032492,20.854144,3.0
2026-06-24T14:39:23.48584156Z,1000,per_hit,raw_percent_of_host,api-node1,api-node2,49,55,104,51.0,26.0,51.0,52.0,100.0,50.0,5.0,84.0,0.0,0.0,5.0,84.0,1051.936937,1322.421053,26.023178,24.705489,3.0
2026-06-24T14:39:24.485839546Z,1000,per_hit,raw_percent_of_host,api-node1,api-node2,80,25,105,52.03252,26.0,52.03252,52.0,100.0,50.0,10.0,102.0,0.0,0.0,10.0,102.0,498.2,1810.0,47.054305,20.613454,3.0
2026-06-24T14:39:25.485839863Z,1000,per_hit,raw_percent_of_host,api-node1,api-node2,119,58,177,37.179487,25.252525,37.179487,50.505051,100.0,50.0,58.0,46.0,0.0,0.0,58.0,46.0,654.225352,1967.640351,43.398771,22.067002,3.0
2026-06-24T14:39:26.485840269Z,1000,per_hit,raw_percent_of_host,api-node1,api-node2,88,66,154,50.505051,25.252525,50.505051,50.505051,100.0,50.0,91.0,79.0,0.0,0.0,91.0,79.0,714.854545,981.272727,34.10982,25.551456,3.0
2026-06-24T14:39:27.485839968Z,1000,per_hit,raw_percent_of_host,api-node1,api-node2,96,58,154,47.368421,25.742574,47.368421,51.485149,100.0,50.0,50.0,81.0,0.0,0.0,50.0,81.0,899.613139,1309.160714,40.477668,21.677197,3.0
2026-06-24T14:39:28.485840832Z,1000,per_hit,raw_percent_of_host,api-node1,api-node2,73,44,117,47.368421,25.742574,47.368421,51.485149,100.0,50.0,40.0,107.0,0.0,0.0,40.0,107.0,495.120482,1357.388889,36.526405,22.639453,3.0
2026-06-24T14:39:29.485840208Z,1000,per_hit,raw_percent_of_host,api-node1,api-node2,108,51,159,51.515152,25.742574,51.515152,51.485149,100.0,50.0,77.0,70.0,0.0,0.0,77.0,70.0,310.788732,1882.840909,47.081996,21.323908,3.0
2026-06-24T14:39:30.485840954Z,1000,per_hit,raw_percent_of_host,api-node1,api-node2,73,48,121,50.49505,25.252525,50.49505,50.505051,100.0,50.0,55.0,103.0,0.0,0.0,55.0,103.0,689.821053,1378.2,32.876642,22.130527,3.0
2026-06-24T14:39:31.48584021Z,1000,per_hit,raw_percent_of_host,api-node1,api-node2,76,44,120,51.0,25.742574,51.0,51.485149,100.0,50.0,40.0,64.0,0.0,0.0,40.0,64.0,470.879121,1948.216867,45.170172,25.326119,3.0
2026-06-24T14:39:32.485840296Z,1000,per_hit,raw_percent_of_host,api-node1,api-node2,91,53,144,51.0,25.742574,51.0,51.485149,100.0,50.0,64.0,96.0,0.0,0.0,64.0,96.0,468.671642,1404.333333,40.813467,23.152197,3.0
2026-06-24T14:39:33.485840486Z,1000,per_hit,raw_percent_of_host,api-node1,api-node2,103,39,142,50.505051,25.252525,50.505051,50.505051,100.0,50.0,71.0,69.0,0.0,0.0,71.0,69.0,571.78125,1956.090909,38.8922,20.890848,3.0
2026-06-24T14:39:34.485839681Z,1000,per_hit,raw_percent_of_host,api-node1,api-node2,114,53,167,51.0,25.252525,51.0,50.505051,100.0,50.0,82.0,64.0,0.0,0.0,82.0,64.0,659.990291,1788.241379,46.098493,20.825242,3.0
2026-06-24T14:39:35.485839627Z,1000,per_hit,raw_percent_of_host,api-node1,api-node2,84,41,125,50.980392,26.732673,50.980392,53.465347,100.0,50.0,60.0,40.0,0.0,0.0,60.0,40.0,857.028302,1033.6,41.310666,22.72625,3.0
2026-06-24T14:39:36.485839956Z,1000,per_hit,raw_percent_of_host,api-node1,api-node2,66,43,109,50.980392,16.666667,50.980392,33.333333,100.0,50.0,120.0,58.0,0.0,0.0,120.0,58.0,751.666667,851.32,40.398351,24.979799,3.0
2026-06-24T14:39:37.485844909Z,1000,per_hit,raw_percent_of_host,api-node1,api-node2,70,80,150,51.515152,25.252525,51.515152,50.505051,100.0,50.0,29.0,110.0,0.0,0.0,29.0,110.0,1050.534161,1366.678571,25.320388,23.00567,3.0
2026-06-24T14:39:38.485840278Z,1000,per_hit,raw_percent_of_host,api-node1,api-node2,66,34,100,48.514851,25.252525,48.514851,50.505051,100.0,50.0,0.0,114.0,0.0,0.0,0.0,114.0,431.726316,1879.833333,47.993474,20.825242,3.0
2026-06-24T14:39:39.485839835Z,1000,per_hit,raw_percent_of_host,api-node1,api-node2,90,48,138,48.514851,25.252525,48.514851,50.505051,100.0,50.0,81.0,87.0,0.0,0.0,81.0,87.0,121.111111,2169.306667,49.836053,21.440851,3.0
2026-06-24T14:39:40.485840785Z,1000,per_hit,raw_percent_of_host,api-node1,api-node2,81,54,135,50.0,26.262626,50.0,52.525253,100.0,50.0,21.0,97.0,0.0,0.0,21.0,97.0,535.531915,1984.363636,43.481417,23.46744,3.0
2026-06-24T14:39:41.485840736Z,1000,per_hit,raw_percent_of_host,api-node1,api-node2,82,42,124,51.485149,26.470588,51.485149,52.941176,100.0,50.0,18.0,98.0,0.0,0.0,18.0,98.0,283.364706,1862.341463,46.377269,21.534965,3.0
2026-06-24T14:39:42.485841487Z,1000,per_hit,raw_percent_of_host,api-node1,api-node2,71,33,104,53.333333,26.470588,53.333333,52.941176,100.0,50.0,19.0,48.0,0.0,0.0,19.0,48.0,209.671429,2197.421687,49.101017,20.484307,3.0
2026-06-24T14:39:43.485842297Z,1000,per_hit,raw_percent_of_host,api-node1,api-node2,113,57,170,50.49505,23.376623,50.49505,46.753247,100.0,50.0,52.0,75.0,0.0,0.0,52.0,75.0,509.225,1415.4,40.473645,21.028778,3.0
2026-06-24T14:39:44.485840637Z,1000,per_hit,raw_percent_of_host,api-node1,api-node2,94,58,152,52.0,26.0,52.0,52.0,100.0,50.0,42.0,85.0,0.0,0.0,42.0,85.0,788.153846,1550.791667,35.289163,20.787216,3.0
2026-06-24T14:39:45.485840535Z,1000,per_hit,raw_percent_of_host,api-node1,api-node2,93,43,136,52.0,26.0,52.0,52.0,100.0,50.0,80.0,68.0,0.0,0.0,80.0,68.0,557.236364,1637.883333,37.797842,20.737773,3.0
2026-06-24T14:39:46.485840148Z,1000,per_hit,raw_percent_of_host,api-node1,api-node2,104,48,152,51.0,25.0,51.0,50.0,100.0,50.0,91.0,74.0,0.0,0.0,91.0,74.0,763.043011,1414.97619,37.172659,21.246713,3.0
2026-06-24T14:39:47.485840691Z,1000,per_hit,raw_percent_of_host,api-node1,api-node2,99,45,144,50.49505,25.742574,50.49505,51.485149,100.0,50.0,93.0,71.0,0.0,0.0,93.0,71.0,950.917526,1499.291667,35.722737,20.82924,3.0
2026-06-24T14:39:48.48584561Z,1000,per_hit,raw_percent_of_host,api-node1,api-node2,54,38,92,50.49505,25.252525,50.49505,50.505051,100.0,50.0,88.0,44.0,0.0,0.0,88.0,44.0,1050.576271,1472.415385,29.936852,21.784229,3.0
2026-06-24T14:39:49.485840047Z,1000,per_hit,raw_percent_of_host,api-node1,api-node2,87,73,160,51.0,25.252525,51.0,50.505051,100.0,50.0,41.0,92.0,0.0,0.0,41.0,92.0,921.910448,1103.48,34.180362,22.012049,3.0
2026-06-24T14:39:50.485840005Z,1000,per_hit,raw_percent_of_host,api-node1,api-node2,56,34,90,51.0,25.252525,51.0,50.505051,100.0,50.0,7.0,117.0,0.0,0.0,7.0,117.0,340.666667,1694.0,47.300265,20.962546,3.0
2026-06-24T14:39:51.485839969Z,1000,per_hit,raw_percent_of_host,api-node1,api-node2,87,63,150,50.505051,25.252525,50.505051,50.505051,100.0,50.0,18.0,83.0,0.0,0.0,18.0,83.0,467.934211,1745.948454,42.981332,27.476955,3.0
2026-06-24T14:39:52.485841944Z,1000,per_hit,raw_percent_of_host,api-node1,api-node2,74,35,109,50.505051,25.252525,50.505051,50.505051,100.0,50.0,5.0,108.0,0.0,0.0,5.0,108.0,420.034483,1714.5,38.988638,24.26327,3.0
2026-06-24T14:39:53.485840549Z,1000,per_hit,raw_percent_of_host,api-node1,api-node2,43,29,72,51.020408,25.252525,51.020408,50.505051,100.0,50.0,3.0,137.0,0.0,0.0,3.0,137.0,175.266667,0.0,49.366719,31.875452,3.0
2026-06-24T14:39:54.485840026Z,1000,per_hit,raw_percent_of_host,api-node1,api-node2,100,73,173,52.525253,29.52381,52.525253,59.047619,100.0,50.0,65.0,76.0,0.0,0.0,65.0,76.0,314.026316,2342.701493,49.769693,47.544178,3.0
2026-06-24T14:39:55.485840146Z,1000,per_hit,raw_percent_of_host,api-node1,api-node2,51,55,106,50.505051,29.52381,50.505051,59.047619,100.0,50.0,4.0,129.0,0.0,0.0,4.0,129.0,594.089286,741.5,35.292882,30.184616,3.0
2026-06-24T14:39:56.485840327Z,1000,per_hit,raw_percent_of_host,api-node1,api-node2,40,22,62,55.882353,29.52381,55.882353,59.047619,100.0,50.0,4.0,140.0,0.0,0.0,4.0,140.0,137.3,2128.454545,49.691384,27.924041,3.0
2026-06-24T14:39:57.485839724Z,1000,per_hit,raw_percent_of_host,api-node1,api-node2,59,26,85,55.882353,27.5,55.882353,55.0,100.0,50.0,16.0,1.0,0.0,0.0,16.0,1.0,160.829787,2439.745455,49.715806,27.068175,3.0
2026-06-24T14:39:58.485840433Z,1000,per_hit,raw_percent_of_host,api-node1,api-node2,99,81,180,50.505051,28.225806,50.505051,56.451613,100.0,50.0,74.0,75.0,0.0,0.0,74.0,75.0,462.097561,603.0,45.985106,49.375822,3.0
2026-06-24T14:39:59.485839975Z,1000,per_hit,raw_percent_of_host,api-node1,api-node2,84,42,126,51.485149,28.225806,51.485149,56.451613,100.0,50.0,34.0,94.0,0.0,0.0,34.0,94.0,698.032258,990.652174,35.15579,22.386389,3.0
2026-06-24T14:40:00.485840807Z,1000,per_hit,raw_percent_of_host,api-node1,api-node2,72,48,120,51.485149,28.225806,51.485149,56.451613,100.0,50.0,4.0,108.0,0.0,0.0,4.0,108.0,543.882353,1798.617647,34.209796,21.427236,3.0
2026-06-24T14:40:01.485840074Z,1000,per_hit,raw_percent_of_host,api-node1,api-node2,123,55,178,51.485149,25.252525,51.485149,50.505051,100.0,50.0,79.0,48.0,0.0,0.0,79.0,48.0,272.791667,1855.382609,49.393543,23.300079,3.0
2026-06-24T14:40:02.485840146Z,1000,per_hit,raw_percent_of_host,api-node1,api-node2,104,64,168,49.494949,27.0,49.494949,54.0,100.0,50.0,70.0,69.0,0.0,0.0,70.0,69.0,866.982301,1201.744186,38.53322,28.097472,3.0
2026-06-24T14:40:03.485839905Z,1000,per_hit,raw_percent_of_host,api-node1,api-node2,68,63,131,52.941176,27.0,52.941176,54.0,100.0,50.0,51.0,109.0,0.0,0.0,51.0,109.0,803.229885,1137.913043,31.66767,26.094743,3.0
2026-06-24T14:40:04.485840019Z,1000,per_hit,raw_percent_of_host,api-node1,api-node2,89,30,119,51.960784,27.0,51.960784,54.0,100.0,50.0,61.0,91.0,0.0,0.0,61.0,91.0,418.417722,1909.833333,47.953886,20.766458,3.0
2026-06-24T14:40:05.485841308Z,1000,per_hit,raw_percent_of_host,api-node1,api-node2,87,55,142,53.465347,25.742574,53.465347,51.485149,100.0,50.0,64.0,93.0,0.0,0.0,64.0,93.0,708.904762,1869.301887,38.93263,22.25082,3.0
2026-06-24T14:40:06.485840323Z,1000,per_hit,raw_percent_of_host,api-node1,api-node2,68,21,89,53.465347,25.742574,53.465347,51.485149,100.0,50.0,33.0,113.0,0.0,0.0,33.0,113.0,539.959596,2701.0,45.39521,20.684951,3.0
2026-06-24T14:40:07.485839922Z,1000,per_hit,raw_percent_of_host,api-node1,api-node2,120,59,179,52.380952,25.0,52.380952,50.0,100.0,50.0,87.0,42.0,0.0,0.0,87.0,42.0,238.484848,2034.4,45.940416,31.84645,3.0
2026-06-24T14:40:08.485846284Z,1000,per_hit,raw_percent_of_host,api-node1,api-node2,57,78,135,49.484536,26.0,49.484536,52.0,100.0,50.0,51.0,99.0,0.0,0.0,51.0,99.0,863.397849,1015.380952,34.197704,35.141412,3.0
2026-06-24T14:40:09.485840796Z,1000,per_hit,raw_percent_of_host,api-node1,api-node2,72,38,110,52.427184,25.252525,52.427184,50.505051,100.0,50.0,56.0,105.0,0.0,0.0,56.0,105.0,750.0,1109.6875,32.781264,21.185899,3.0
2026-06-24T14:40:10.485840582Z,1000,per_hit,raw_percent_of_host,api-node1,api-node2,50,42,92,51.0,25.252525,51.0,50.505051,100.0,50.0,14.0,129.0,0.0,0.0,14.0,129.0,528.445652,1912.666667,39.363171,20.972704,3.0
2026-06-24T14:40:11.485840789Z,1000,per_hit,raw_percent_of_host,api-node1,api-node2,102,45,147,51.456311,25.252525,51.456311,50.505051,100.0,50.0,77.0,78.0,0.0,0.0,77.0,78.0,139.589744,2372.0,49.814015,22.097529,3.0
2026-06-24T14:40:12.485840599Z,1000,per_hit,raw_percent_of_host,api-node1,api-node2,102,56,158,51.456311,25.0,51.456311,50.0,100.0,50.0,104.0,62.0,0.0,0.0,104.0,62.0,736.16,1560.680556,36.96734,22.176447,3.0
2026-06-24T14:40:13.485840757Z,1000,per_hit,raw_percent_of_host,api-node1,api-node2,64,73,137,50.0,25.742574,50.0,51.485149,100.0,50.0,59.0,112.0,0.0,0.0,59.0,112.0,981.422018,1205.391304,33.737411,26.738987,3.0
2026-06-24T14:40:14.485840621Z,1000,per_hit,raw_percent_of_host,api-node1,api-node2,50,29,79,51.0,25.742574,51.0,51.485149,100.0,50.0,17.0,130.0,0.0,0.0,17.0,130.0,437.467391,1663.545455,45.614902,20.684951,3.0
2026-06-24T14:40:15.485840757Z,1000,per_hit,raw_percent_of_host,api-node1,api-node2,85,46,131,44.897959,25.742574,44.897959,51.485149,100.0,50.0,68.0,95.0,0.0,0.0,68.0,95.0,160.352941,2221.345679,48.856714,21.063198,3.0
2026-06-24T14:40:16.485840025Z,1000,per_hit,raw_percent_of_host,api-node1,api-node2,69,33,102,51.0,25.0,51.0,50.0,100.0,50.0,26.0,108.0,0.0,0.0,26.0,108.0,435.576577,1565.25,46.685671,21.952193,3.0
2026-06-24T14:40:17.485841484Z,1000,per_hit,raw_percent_of_host,api-node1,api-node2,58,27,85,51.0,25.0,51.0,50.0,100.0,50.0,13.0,115.0,0.0,0.0,13.0,115.0,213.253521,1138.3,49.090941,23.132422,3.0
2026-06-24T14:40:18.485842361Z,1000,per_hit,raw_percent_of_host,api-node1,api-node2,105,75,180,51.485149,26.732673,51.485149,53.465347,100.0,50.0,91.0,58.0,0.0,0.0,91.0,58.0,403.296296,2224.128788,44.114653,36.438444,3.0
2026-06-24T14:40:19.485840018Z,1000,per_hit,raw_percent_of_host,api-node1,api-node2,83,67,150,52.0,26.732673,52.0,53.465347,100.0,50.0,48.0,90.0,0.0,0.0,48.0,90.0,790.825397,888.457143,35.279811,27.923224,3.0
2026-06-24T14:40:20.485840567Z,1000,per_hit,raw_percent_of_host,api-node1,api-node2,83,38,121,50.505051,25.0,50.505051,50.0,100.0,50.0,50.0,97.0,0.0,0.0,50.0,97.0,398.37037,1642.258065,45.774104,22.211895,3.0
2026-06-24T14:40:21.485840595Z,1000,per_hit,raw_percent_of_host,api-node1,api-node2,107,52,159,50.0,25.0,50.0,50.0,100.0,50.0,96.0,72.0,0.0,0.0,96.0,72.0,593.639344,1693.532468,46.344706,21.839979,3.0
2026-06-24T14:40:22.485841095Z,1000,per_hit,raw_percent_of_host,api-node1,api-node2,95,53,148,50.505051,25.0,50.505051,50.0,100.0,50.0,80.0,81.0,0.0,0.0,80.0,81.0,772.756757,1605.477273,33.812195,21.681497,3.0
2026-06-24T14:40:23.485840587Z,1000,per_hit,raw_percent_of_host,api-node1,api-node2,96,49,145,50.505051,25.510204,50.505051,51.020408,100.0,50.0,71.0,73.0,0.0,0.0,71.0,73.0,846.228571,1590.631579,35.236942,21.475393,3.0
2026-06-24T14:40:24.485840697Z,1000,per_hit,raw_percent_of_host,api-node1,api-node2,70,59,129,51.485149,25.252525,51.485149,50.50505,100.0,50.0,35.0,97.0,0.0,0.0,35.0,97.0,655.09434,1486.2,31.51315,21.906624,3.0
2026-06-24T14:40:25.485841197Z,1000,per_hit,raw_percent_of_host,api-node1,api-node2,95,34,129,50.505051,25.252525,50.505051,50.505051,100.0,50.0,58.0,64.0,0.0,0.0,58.0,64.0,294.944444,1630.761194,47.891691,20.825242,3.0
2026-06-24T14:40:26.485840895Z,1000,per_hit,raw_percent_of_host,api-node1,api-node2,87,43,130,51.485149,26.0,51.485149,52.0,100.0,50.0,42.0,52.0,0.0,0.0,42.0,52.0,639.495146,1440.545455,39.387427,23.693213,3.0
2026-06-24T14:40:27.48584044Z,1000,per_hit,raw_percent_of_host,api-node1,api-node2,88,47,135,50.505051,26.0,50.505051,52.0,100.0,50.0,35.0,59.0,0.0,0.0,35.0,59.0,584.947368,1157.25,36.874803,25.780835,3.0
2026-06-24T14:40:28.48583984Z,1000,per_hit,raw_percent_of_host,api-node1,api-node2,85,51,136,50.505051,21.052632,50.505051,42.105263,100.0,50.0,37.0,40.0,0.0,0.0,37.0,40.0,673.204819,1150.114286,39.862619,23.420947,3.0
2026-06-24T14:40:29.485840766Z,1000,per_hit,raw_percent_of_host,api-node1,api-node2,73,49,122,51.485149,21.052632,51.485149,42.105263,100.0,50.0,11.0,78.0,0.0,0.0,11.0,78.0,429.666667,943.0,39.008064,35.2403,3.0
2026-06-24T14:40:30.485839806Z,1000,per_hit,raw_percent_of_host,api-node1,api-node2,74,63,137,44.329897,25.0,44.329897,50.0,100.0,50.0,37.0,40.0,0.0,0.0,37.0,40.0,137.020833,1353.910891,49.73358,36.632403,3.0
2026-06-24T14:40:31.485840519Z,1000,per_hit,raw_percent_of_host,api-node1,api-node2,64,43,107,55.445545,26.0,55.445545,52.0,100.0,50.0,33.0,62.0,0.0,0.0,33.0,62.0,325.117647,847.952381,46.30387,34.485889,3.0
2026-06-24T14:40:32.485840757Z,1000,per_hit,raw_percent_of_host,api-node1,api-node2,84,45,129,46.0,26.0,46.0,52.0,100.0,50.0,51.0,39.0,0.0,0.0,51.0,39.0,374.757576,1185.911765,47.775106,29.458856,3.0
2026-06-24T14:40:33.485840164Z,1000,per_hit,raw_percent_of_host,api-node1,api-node2,67,38,105,53.0,26.732673,53.0,53.465347,100.0,50.0,45.0,52.0,0.0,0.0,45.0,52.0,437.0,734.24,46.295242,24.732594,3.0
2026-06-24T14:40:34.485841131Z,1000,per_hit,raw_percent_of_host,api-node1,api-node2,69,49,118,50.0,25.252525,50.0,50.505051,100.0,50.0,45.0,32.0,0.0,0.0,45.0,32.0,401.869565,891.086957,44.235506,37.809716,3.0
2026-06-24T14:40:35.485839977Z,1000,per_hit,raw_percent_of_host,api-node1,api-node2,65,44,109,50.49505,25.252525,50.49505,50.505051,100.0,50.0,34.0,28.0,0.0,0.0,34.0,28.0,269.644737,599.291667,48.846036,34.639232,3.0
2026-06-24T14:40:36.485840873Z,1000,per_hit,raw_percent_of_host,api-node1,api-node2,68,37,105,51.0,26.0,51.0,52.0,100.0,50.0,35.0,15.0,0.0,0.0,35.0,15.0,327.253731,424.38,48.859134,40.972444,3.0
2026-06-24T14:40:37.485840495Z,1000,per_hit,raw_percent_of_host,api-node1,api-node2,45,54,99,51.0,25.252525,51.0,50.505051,100.0,50.0,10.0,26.0,0.0,0.0,10.0,26.0,241.542857,274.953488,48.779497,46.477858,3.0
2026-06-24T14:40:38.485841163Z,1000,per_hit,raw_percent_of_host,api-node1,api-node2,49,44,93,47.474747,25.252525,47.474747,50.505051,100.0,50.0,20.0,26.0,0.0,0.0,20.0,26.0,126.435897,524.136364,49.817847,40.837033,3.0
2026-06-24T14:40:39.485862548Z,1000,per_hit,raw_percent_of_host,api-node1,api-node2,46,41,87,40.40404,25.0,40.40404,50.0,100.0,50.0,21.0,22.0,0.0,0.0,21.0,22.0,169.111111,396.355556,49.741093,46.06025,3.0
2026-06-24T14:40:40.485841056Z,1000,per_hit,raw_percent_of_host,api-node1,api-node2,38,44,82,45.454545,26.0,45.454545,52.0,100.0,50.0,5.0,21.0,0.0,0.0,5.0,21.0,172.962963,307.311111,49.610248,48.251253,3.0
2026-06-24T14:40:41.48584096Z,1000,per_hit,raw_percent_of_host,api-node1,api-node2,37,41,78,33.333333,26.0,33.333333,52.0,100.0,50.0,6.0,17.0,0.0,0.0,6.0,17.0,115.555556,282.377778,50.0,45.919307,3.0
2026-06-24T14:40:42.4858406Z,1000,per_hit,raw_percent_of_host,api-node1,api-node2,37,32,69,37.0,22.916667,37.0,45.833333,100.0,50.0,8.0,10.0,0.0,0.0,8.0,10.0,133.657143,206.538462,49.375616,49.796396,3.0
2026-06-24T14:40:43.485840835Z,1000,per_hit,raw_percent_of_host,api-node1,api-node2,34,30,64,45.454545,21.0,45.454545,42.0,100.0,50.0,3.0,18.0,0.0,0.0,3.0,18.0,112.205128,185.227273,50.0,48.198814,3.0
2026-06-24T14:40:44.485841266Z,1000,per_hit,raw_percent_of_host,api-node1,api-node2,32,26,58,43.0,17.431193,43.0,34.862385,100.0,50.0,1.0,5.0,0.0,0.0,1.0,5.0,81.911765,206.769231,50.0,49.203101,3.0
2026-06-24T14:40:45.485842317Z,1000,per_hit,raw_percent_of_host,api-node1,api-node2,29,24,53,38.461538,26.0,38.461538,52.0,100.0,50.0,2.0,6.0,0.0,0.0,2.0,6.0,111.142857,124.826087,50.0,49.98704,3.0
2026-06-24T14:40:46.4858412Z,1000,per_hit,raw_percent_of_host,api-node1,api-node2,32,16,48,41.414141,12.844037,41.414141,25.688073,100.0,50.0,2.0,2.0,0.0,0.0,2.0,2.0,90.53125,159.5,50.0,48.388128,3.0
2026-06-24T14:40:47.485841943Z,1000,per_hit,raw_percent_of_host,api-node1,api-node2,22,20,42,33.333333,19.191919,33.333333,38.383838,100.0,50.0,1.0,2.0,0.0,0.0,1.0,2.0,75.0,128.95,50.0,49.071429,3.0
2026-06-24T14:40:48.485842744Z,1000,per_hit,raw_percent_of_host,api-node1,api-node2,16,20,36,26.262626,15.730337,26.262626,31.460674,100.0,50.0,1.0,9.0,0.0,0.0,1.0,9.0,61.3125,119.307692,50.0,49.750213,3.0
2026-06-24T14:40:49.485840652Z,1000,per_hit,raw_percent_of_host,api-node1,api-node2,12,17,29,21.0,15.555556,21.0,31.111111,100.0,50.0,0.0,9.0,0.0,0.0,0.0,9.0,54.153846,177.411765,66.981807,48.31142,3.0
2026-06-24T14:40:50.485839783Z,1000,per_hit,raw_percent_of_host,api-node1,api-node2,11,12,23,15.151515,6.0,15.151515,12.0,100.0,50.0,3.0,1.0,0.0,0.0,3.0,1.0,57.125,159.05,71.180935,66.70269,3.0
2026-06-24T14:40:51.485839892Z,1000,per_hit,raw_percent_of_host,api-node1,api-node2,14,7,21,28.712871,10.10101,28.712871,20.20202,100.0,50.0,0.0,0.0,0.0,0.0,0.0,0.0,72.058824,123.75,54.32039,53.658222,3.0
2026-06-24T14:40:52.48584202Z,1000,per_hit,raw_percent_of_host,api-node1,api-node2,8,5,13,17.171717,4.0,17.171717,8.0,100.0,50.0,0.0,0.0,0.0,0.0,0.0,0.0,68.375,73.8,73.017509,67.120749,3.0
2026-06-24T14:40:53.485840065Z,1000,per_hit,raw_percent_of_host,api-node1,api-node2,4,6,10,5.0,5.050505,5.0,10.10101,100.0,50.0,0.0,3.0,0.0,0.0,0.0,3.0,50.0,86.333333,82.200505,72.147896,3.0
2026-06-24T14:40:54.485839882Z,1000,per_hit,raw_percent_of_host,api-node1,api-node2,4,6,10,6.0,11.0,6.0,22.0,100.0,50.0,0.0,0.0,0.0,0.0,0.0,0.0,50.0,107.777778,82.355021,76.54932,3.0
2026-06-24T14:40:55.485842647Z,1000,per_hit,raw_percent_of_host,api-node1,api-node2,6,4,10,15.151515,0.0,15.151515,0.0,100.0,50.0,0.0,0.0,0.0,0.0,0.0,0.0,52.5,90.75,80.24273,73.999918,3.0
2026-06-24T14:40:56.485842783Z,1000,per_hit,raw_percent_of_host,api-node1,api-node2,5,5,10,15.306122,0.0,15.306122,0.0,100.0,50.0,0.0,0.0,0.0,0.0,0.0,0.0,50.0,95.0,80.237703,72.997349,3.0
2026-06-24T14:40:57.485844416Z,1000,per_hit,raw_percent_of_host,api-node1,api-node2,4,6,10,5.050505,9.183673,5.050505,18.367347,100.0,50.0,0.0,0.0,0.0,0.0,0.0,0.0,50.0,77.5,82.942179,72.272932,3.0
2026-06-24T14:40:58.48584108Z,1000,per_hit,raw_percent_of_host,api-node1,api-node2,4,6,10,10.10101,5.940594,10.10101,11.881188,100.0,50.0,0.0,0.0,0.0,0.0,0.0,0.0,50.0,109.333333,81.354548,74.149975,3.0
2026-06-24T14:40:59.485843142Z,1000,per_hit,raw_percent_of_host,api-node1,api-node2,7,3,10,15.841584,0.0,15.841584,0.0,100.0,50.0,0.0,0.0,0.0,0.0,0.0,0.0,53.142857,80.333333,80.595467,73.040904,3.0
2026-06-24T14:41:00.485839296Z,1000,per_hit,raw_percent_of_host,api-node1,api-node2,6,4,10,15.151515,0.0,15.151515,0.0,100.0,50.0,0.0,0.0,0.0,0.0,0.0,0.0,50.0,89.5,80.550988,74.323065,3.0
2026-06-24T14:41:01.485839597Z,1000,per_hit,raw_percent_of_host,api-node1,api-node2,5,5,10,10.10101,5.050505,10.10101,10.10101,100.0,50.0,0.0,0.0,0.0,0.0,0.0,0.0,53.2,59.0,81.220715,76.874193,3.0
2026-06-24T14:41:02.485842697Z,1000,per_hit,raw_percent_of_host,api-node1,api-node2,4,6,10,10.10101,5.102041,10.10101,10.204082,100.0,50.0,0.0,0.0,0.0,0.0,0.0,0.0,50.0,87.333333,81.030837,82.176419,3.0
2026-06-24T14:41:03.48584154Z,1000,per_hit,raw_percent_of_host,api-node1,api-node2,5,5,10,10.10101,6.060606,10.10101,12.121212,100.0,50.0,0.0,0.0,0.0,0.0,0.0,0.0,50.0,116.2,81.499931,71.385106,3.0
2026-06-24T14:41:04.485842238Z,1000,per_hit,raw_percent_of_host,api-node1,api-node2,6,4,10,10.10101,5.050505,10.10101,10.10101,100.0,50.0,0.0,0.0,0.0,0.0,0.0,0.0,55.333333,87.75,81.220715,71.200937,3.0
2026-06-24T14:41:05.485852784Z,1000,per_hit,raw_percent_of_host,api-node1,api-node2,4,6,10,10.10101,5.050505,10.10101,10.10101,100.0,50.0,0.0,0.0,0.0,0.0,0.0,0.0,50.0,82.166667,81.437005,72.147896,3.0
2026-06-24T14:41:06.485839594Z,1000,per_hit,raw_percent_of_host,api-node1,api-node2,5,5,10,5.050505,10.10101,5.050505,20.20202,100.0,50.0,0.0,0.0,0.0,0.0,0.0,0.0,59.6,66.2,82.787221,72.789279,3.0
2026-06-24T14:41:07.485841366Z,1000,per_hit,raw_percent_of_host,api-node1,api-node2,5,4,9,10.10101,5.050505,10.10101,10.10101,100.0,50.0,0.0,0.0,0.0,0.0,0.0,0.0,60.4,74.75,79.817538,70.993106,3.0
2026-06-24T14:41:08.485840927Z,1000,per_hit,raw_percent_of_host,api-node1,api-node2,7,4,11,10.10101,6.0,10.10101,12.0,100.0,50.0,0.0,0.0,0.0,0.0,0.0,0.0,57.0,82.25,79.511933,76.418508,3.0
2026-06-24T14:41:09.48584391Z,1000,per_hit,raw_percent_of_host,api-node1,api-node2,4,6,10,10.10101,5.050505,10.10101,10.10101,100.0,50.0,0.0,0.0,0.0,0.0,0.0,0.0,50.0,93.666667,81.774306,71.432683,3.0
2026-06-24T14:41:10.485841301Z,1000,per_hit,raw_percent_of_host,api-node1,api-node2,7,3,10,5.050505,11.0,5.050505,22.0,100.0,50.0,0.0,0.0,0.0,0.0,0.0,0.0,59.857143,73.666667,82.694995,53.248177,3.0
2026-06-24T14:41:11.485839675Z,1000,per_hit,raw_percent_of_host,api-node1,api-node2,5,5,10,10.891089,6.060606,10.891089,12.121212,100.0,50.0,0.0,0.0,0.0,0.0,0.0,0.0,50.0,77.6,81.629195,79.746224,3.0
2026-06-24T14:41:12.485839507Z,1000,per_hit,raw_percent_of_host,api-node1,api-node2,6,4,10,15.151515,0.0,15.151515,0.0,100.0,50.0,0.0,0.0,0.0,0.0,0.0,0.0,50.0,62.0,80.24273,73.293504,3.0
2026-06-24T14:41:13.485841261Z,1000,per_hit,raw_percent_of_host,api-node1,api-node2,4,6,10,5.050505,10.10101,5.050505,20.20202,100.0,50.0,0.0,0.0,0.0,0.0,0.0,0.0,50.0,75.666667,82.508005,69.533668,3.0
2026-06-24T14:41:14.48584198Z,1000,per_hit,raw_percent_of_host,api-node1,api-node2,6,4,10,10.10101,6.0,10.10101,12.0,100.0,50.0,0.0,0.0,0.0,0.0,0.0,0.0,55.5,52.75,81.012963,71.433283,3.0
2026-06-24T14:41:15.485842065Z,1000,per_hit,raw_percent_of_host,api-node1,api-node2,6,4,10,5.0,10.10101,5.0,20.20202,100.0,50.0,0.0,0.0,0.0,0.0,0.0,0.0,54.833333,68.0,82.425719,66.278057,3.0
2026-06-24T14:41:16.485839871Z,1000,per_hit,raw_percent_of_host,api-node1,api-node2,5,5,10,10.10101,5.0,10.10101,10.0,100.0,50.0,0.0,0.0,0.0,0.0,0.0,0.0,50.0,86.8,81.644458,80.88084,3.0
2026-06-24T14:41:17.485841116Z,1000,per_hit,raw_percent_of_host,api-node1,api-node2,4,6,10,5.050505,9.090909,5.050505,18.181818,100.0,50.0,0.0,0.0,0.0,0.0,0.0,0.0,53.75,75.5,82.451629,61.966081,3.0
2026-06-24T14:41:18.485840879Z,1000,per_hit,raw_percent_of_host,api-node1,api-node2,6,4,10,10.204082,6.0,10.204082,12.0,100.0,50.0,0.0,0.0,0.0,0.0,0.0,0.0,53.333333,62.25,80.994593,71.433283,3.0
2026-06-24T14:41:19.485841579Z,1000,per_hit,raw_percent_of_host,api-node1,api-node2,5,5,10,5.102041,11.0,5.102041,22.0,100.0,50.0,0.0,0.0,0.0,0.0,0.0,0.0,55.4,65.0,82.726351,66.565206,3.0
2026-06-24T14:41:20.48584139Z,1000,per_hit,raw_percent_of_host,api-node1,api-node2,6,4,10,5.0,9.183673,5.0,18.367347,100.0,50.0,0.0,0.0,0.0,0.0,0.0,0.0,53.5,66.5,82.434573,68.373877,3.0
2026-06-24T14:41:21.48584148Z,1000,per_hit,raw_percent_of_host,api-node1,api-node2,5,5,10,10.10101,5.050505,10.10101,10.10101,100.0,50.0,0.0,0.0,0.0,0.0,0.0,0.0,50.0,93.4,82.242555,81.177215,3.0
2026-06-24T14:41:22.485840521Z,1000,per_hit,raw_percent_of_host,api-node1,api-node2,2,8,10,1.960784,10.185185,1.960784,20.37037,100.0,50.0,0.0,0.0,0.0,0.0,0.0,0.0,50.0,80.75,82.639486,56.523334,3.0
2026-06-24T14:41:23.485840287Z,1000,per_hit,raw_percent_of_host,api-node1,api-node2,6,4,10,11.881188,6.060606,11.881188,12.121212,100.0,50.0,0.0,0.0,0.0,0.0,0.0,0.0,52.333333,50.0,81.105071,71.385106,3.0
2026-06-24T14:41:24.485841665Z,1000,per_hit,raw_percent_of_host,api-node1,api-node2,5,5,10,5.050505,10.204082,5.050505,20.408163,100.0,50.0,0.0,0.0,0.0,0.0,0.0,0.0,50.0,90.4,83.085242,79.642771,3.0
2026-06-24T14:41:25.485842049Z,1000,per_hit,raw_percent_of_host,api-node1,api-node2,5,5,10,10.10101,5.050505,10.10101,10.10101,100.0,50.0,0.0,0.0,0.0,0.0,0.0,0.0,51.2,75.6,81.91473,72.462054,3.0
2026-06-24T14:41:26.485844641Z,1000,per_hit,raw_percent_of_host,api-node1,api-node2,5,5,10,5.050505,5.050505,5.050505,10.10101,100.0,50.0,0.0,0.0,0.0,0.0,0.0,0.0,57.0,51.8,82.346787,72.147896,3.0
2026-06-24T14:41:27.485840326Z,1000,per_hit,raw_percent_of_host,api-node1,api-node2,6,4,10,15.151515,0.0,15.151515,0.0,100.0,50.0,0.0,0.0,0.0,0.0,0.0,0.0,50.0,109.0,80.501648,72.970399,3.0
2026-06-24T14:41:28.485841566Z,1000,per_hit,raw_percent_of_host,api-node1,api-node2,6,4,10,15.151515,0.0,15.151515,0.0,100.0,50.0,0.0,0.0,0.0,0.0,0.0,0.0,50.0,97.75,80.24273,72.845643,3.0
2026-06-24T14:41:29.485839581Z,1000,per_hit,raw_percent_of_host,api-node1,api-node2,5,5,10,0.0,12.121212,0.0,24.242424,100.0,50.0,0.0,0.0,0.0,0.0,0.0,0.0,53.8,76.2,82.639486,73.461234,3.0
2026-06-24T14:41:30.48584163Z,1000,per_hit,raw_percent_of_host,api-node1,api-node2,5,5,10,15.0,0.0,15.0,0.0,100.0,50.0,0.0,0.0,0.0,0.0,0.0,0.0,50.0,107.6,81.211683,71.923212,3.0
2026-06-24T14:41:31.485840217Z,1000,per_hit,raw_percent_of_host,api-node1,api-node2,6,4,10,10.10101,5.050505,10.10101,10.10101,100.0,50.0,0.0,0.0,0.0,0.0,0.0,0.0,50.166667,78.0,81.639852,70.89077,3.0
2026-06-24T14:41:32.485848371Z,1000,per_hit,raw_percent_of_host,api-node1,api-node2,5,5,10,11.881188,5.050505,11.881188,10.10101,100.0,50.0,0.0,0.0,0.0,0.0,0.0,0.0,52.2,52.2,81.247913,75.704143,3.0
2026-06-24T14:41:33.485841475Z,1000,per_hit,raw_percent_of_host,api-node1,api-node2,4,6,10,16.161616,0.0,16.161616,0.0,100.0,50.0,0.0,0.0,0.0,0.0,0.0,0.0,50.0,85.5,80.525658,73.178713,3.0
2026-06-24T14:41:34.485840074Z,1000,per_hit,raw_percent_of_host,api-node1,api-node2,7,3,10,10.10101,6.0,10.10101,12.0,100.0,50.0,0.0,0.0,0.0,0.0,0.0,0.0,53.285714,85.666667,82.191547,69.989543,3.0
2026-06-24T14:41:35.485841061Z,1000,per_hit,raw_percent_of_host,api-node1,api-node2,5,5,10,10.10101,5.050505,10.10101,10.10101,100.0,50.0,0.0,0.0,0.0,0.0,0.0,0.0,50.0,61.8,81.997344,75.839019,3.0
2026-06-24T14:41:36.485841179Z,1000,per_hit,raw_percent_of_host,api-node1,api-node2,5,5,10,10.10101,5.050505,10.10101,10.10101,100.0,50.0,0.0,0.0,0.0,0.0,0.0,0.0,50.0,79.8,81.220715,71.432683,3.0
2026-06-24T14:41:37.485842433Z,1000,per_hit,raw_percent_of_host,api-node1,api-node2,4,6,10,5.0,9.090909,5.0,18.181818,100.0,50.0,0.0,0.0,0.0,0.0,0.0,0.0,50.0,81.833333,82.648854,69.729452,3.0
2026-06-24T14:41:38.485840317Z,1000,per_hit,raw_percent_of_host,api-node1,api-node2,6,4,10,11.0,5.102041,11.0,10.204082,100.0,50.0,0.0,0.0,0.0,0.0,0.0,0.0,51.166667,50.0,80.894235,76.79969,3.0
2026-06-24T14:41:39.485839638Z,1000,per_hit,raw_percent_of_host,api-node1,api-node2,4,6,10,5.050505,9.090909,5.050505,18.181818,100.0,50.0,0.0,0.0,0.0,0.0,0.0,0.0,50.5,96.5,82.956162,79.895975,3.0
2026-06-24T14:41:40.48584165Z,1000,per_hit,raw_percent_of_host,api-node1,api-node2,4,6,10,6.0,10.891089,6.0,21.782178,100.0,50.0,0.0,0.0,0.0,0.0,0.0,0.0,50.0,82.0,82.355021,70.631472,3.0
2026-06-24T14:41:41.485840334Z,1000,per_hit,raw_percent_of_host,api-node1,api-node2,6,4,10,10.10101,5.050505,10.10101,10.10101,100.0,50.0,0.0,0.0,0.0,0.0,0.0,0.0,51.666667,92.25,81.196606,71.226604,3.0
2026-06-24T14:41:42.485839491Z,1000,per_hit,raw_percent_of_host,api-node1,api-node2,7,3,10,15.0,0.0,15.0,0.0,100.0,50.0,0.0,0.0,0.0,0.0,0.0,0.0,54.428571,96.333333,80.518403,72.518304,3.0
2026-06-24T14:41:43.485841708Z,1000,per_hit,raw_percent_of_host,api-node1,api-node2,6,4,10,10.10101,6.930693,10.10101,13.861386,100.0,50.0,0.0,0.0,0.0,0.0,0.0,0.0,52.166667,70.25,81.023646,69.213734,3.0
2026-06-24T14:41:44.485840098Z,1000,per_hit,raw_percent_of_host,api-node1,api-node2,5,5,10,5.050505,8.080808,5.050505,16.161616,100.0,50.0,0.0,0.0,0.0,0.0,0.0,0.0,57.6,52.6,82.840186,71.539933,3.0
2026-06-24T14:41:45.485839528Z,1000,per_hit,raw_percent_of_host,api-node1,api-node2,7,3,10,16.0,0.0,16.0,0.0,100.0,50.0,0.0,0.0,0.0,0.0,0.0,0.0,53.428571,92.333333,81.132245,72.810222,3.0
2026-06-24T14:41:46.485847385Z,1000,per_hit,raw_percent_of_host,api-node1,api-node2,6,4,10,10.0,5.050505,10.0,10.10101,100.0,50.0,0.0,0.0,0.0,0.0,0.0,0.0,54.0,64.5,81.414384,74.369727,3.0
2026-06-24T14:41:47.485841184Z,1000,per_hit,raw_percent_of_host,api-node1,api-node2,6,4,10,10.10101,5.050505,10.10101,10.10101,100.0,50.0,0.0,0.0,0.0,0.0,0.0,0.0,51.333333,50.0,81.379296,72.147896,3.0
2026-06-24T14:41:48.485842761Z,1000,per_hit,raw_percent_of_host,api-node1,api-node2,4,6,10,5.050505,10.10101,5.050505,20.20202,100.0,50.0,0.0,0.0,0.0,0.0,0.0,0.0,54.75,63.333333,82.864297,82.863376,3.0
2026-06-24T14:41:49.485841074Z,1000,per_hit,raw_percent_of_host,api-node1,api-node2,6,4,10,15.841584,0.0,15.841584,0.0,100.0,50.0,0.0,0.0,0.0,0.0,0.0,0.0,50.0,98.25,80.331704,72.842606,3.0
2026-06-24T14:41:50.485841129Z,1000,per_hit,raw_percent_of_host,api-node1,api-node2,7,3,10,15.151515,1.980198,15.151515,3.960396,100.0,50.0,0.0,0.0,0.0,0.0,0.0,0.0,56.142857,54.0,79.06842,73.121687,3.0
2026-06-24T14:41:51.485842183Z,1000,per_hit,raw_percent_of_host,api-node1,api-node2,6,4,10,5.050505,13.131313,5.050505,26.262626,100.0,50.0,0.0,0.0,0.0,0.0,0.0,0.0,51.5,95.75,80.767987,59.9821,3.0
2026-06-24T14:41:52.485839542Z,1000,per_hit,raw_percent_of_host,api-node1,api-node2,8,2,10,10.10101,0.0,10.10101,0.0,100.0,50.0,1.0,0.0,0.0,0.0,1.0,0.0,71.428571,61.0,81.118295,73.766296,3.0
2026-06-24T14:41:53.485842641Z,1000,per_hit,raw_percent_of_host,api-node1,api-node2,3,5,8,6.0,5.050505,6.0,10.10101,100.0,50.0,1.0,0.0,0.0,0.0,1.0,0.0,50.0,84.6,83.410213,81.315892,3.0
2026-06-24T14:41:54.48584232Z,1000,per_hit,raw_percent_of_host,api-node1,api-node2,7,3,10,10.10101,2.020202,10.10101,4.040404,100.0,50.0,1.0,0.0,0.0,0.0,1.0,0.0,52.571429,55.666667,81.801895,72.247588,3.0
2026-06-24T14:41:55.485841411Z,1000,per_hit,raw_percent_of_host,api-node1,api-node2,7,4,11,8.080808,10.0,8.080808,20.0,100.0,50.0,0.0,0.0,0.0,0.0,0.0,0.0,52.625,71.0,70.633906,79.010865,3.0
2026-06-24T14:41:56.485841824Z,1000,per_hit,raw_percent_of_host,api-node1,api-node2,6,4,10,15.0,4.0,15.0,8.0,100.0,50.0,0.0,0.0,0.0,0.0,0.0,0.0,50.0,99.0,81.242866,78.074592,3.0
2026-06-24T14:41:57.485842432Z,1000,per_hit,raw_percent_of_host,api-node1,api-node2,8,2,10,18.181818,0.0,18.181818,0.0,100.0,50.0,0.0,0.0,0.0,0.0,0.0,0.0,50.0,89.0,81.579167,72.312137,3.0
2026-06-24T14:41:58.485839643Z,1000,per_hit,raw_percent_of_host,api-node1,api-node2,3,7,10,8.0,8.080808,8.0,16.161616,100.0,50.0,0.0,0.0,0.0,0.0,0.0,0.0,50.0,74.142857,82.738206,76.914709,3.0
2026-06-24T14:41:59.485841851Z,1000,per_hit,raw_percent_of_host,api-node1,api-node2,3,7,10,6.060606,12.0,6.060606,24.0,100.0,50.0,0.0,0.0,0.0,0.0,0.0,0.0,50.0,71.428571,83.248514,69.276907,3.0
2026-06-24T14:42:00.485840713Z,1000,per_hit,raw_percent_of_host,api-node1,api-node2,5,5,10,8.0,10.10101,8.0,20.20202,100.0,50.0,0.0,0.0,0.0,0.0,0.0,0.0,50.0,72.0,82.042235,57.574539,3.0
2026-06-24T14:42:01.485841284Z,1000,per_hit,raw_percent_of_host,api-node1,api-node2,6,4,10,13.0,6.0,13.0,12.0,100.0,50.0,0.0,0.0,0.0,0.0,0.0,0.0,50.0,62.0,80.683275,73.269793,3.0
2026-06-24T14:42:02.485840248Z,1000,per_hit,raw_percent_of_host,api-node1,api-node2,8,2,10,15.151515,4.950495,15.151515,9.90099,100.0,50.0,0.0,0.0,0.0,0.0,0.0,0.0,51.875,59.5,80.221542,71.693529,3.0
2026-06-24T14:42:03.485841567Z,1000,per_hit,raw_percent_of_host,api-node1,api-node2,3,7,10,10.10101,8.163265,10.10101,16.326531,100.0,50.0,0.0,0.0,0.0,0.0,0.0,0.0,50.0,66.142857,82.102843,79.425176,3.0
2026-06-24T14:42:04.485839594Z,1000,per_hit,raw_percent_of_host,api-node1,api-node2,8,2,10,18.811881,1.0,18.811881,2.0,100.0,50.0,0.0,0.0,0.0,0.0,0.0,0.0,50.75,55.0,82.241793,73.066944,3.0
2026-06-24T14:42:05.485840185Z,1000,per_hit,raw_percent_of_host,api-node1,api-node2,6,4,10,15.151515,2.040816,15.151515,4.081633,100.0,50.0,0.0,0.0,0.0,0.0,0.0,0.0,50.0,73.25,80.972996,73.502262,3.0
2026-06-24T14:42:06.485842102Z,1000,per_hit,raw_percent_of_host,api-node1,api-node2,5,5,10,8.910891,8.080808,8.910891,16.161616,100.0,50.0,0.0,0.0,0.0,0.0,0.0,0.0,50.0,73.6,81.44418,73.729501,3.0
2026-06-24T14:42:07.485839667Z,1000,per_hit,raw_percent_of_host,api-node1,api-node2,7,3,10,15.151515,3.960396,15.151515,7.920792,100.0,50.0,0.0,0.0,0.0,0.0,0.0,0.0,52.0,56.333333,80.438791,69.985941,3.0
2026-06-24T14:42:08.485843535Z,1000,per_hit,raw_percent_of_host,api-node1,api-node2,6,4,10,2.020202,13.888889,2.020202,27.777778,100.0,50.0,0.0,0.0,0.0,0.0,0.0,0.0,53.833333,89.0,83.149085,63.006446,3.0
2026-06-24T14:42:09.485839867Z,1000,per_hit,raw_percent_of_host,api-node1,api-node2,7,3,10,7.070707,10.0,7.070707,20.0,100.0,50.0,0.0,0.0,0.0,0.0,0.0,0.0,65.571429,74.0,83.18732,59.334224,3.0
2026-06-24T14:42:10.485842439Z,1000,per_hit,raw_percent_of_host,api-node1,api-node2,4,6,10,7.070707,10.10101,7.070707,20.20202,100.0,50.0,0.0,0.0,0.0,0.0,0.0,0.0,50.0,59.333333,83.117248,79.701081,3.0
2026-06-24T14:42:11.485842702Z,1000,per_hit,raw_percent_of_host,api-node1,api-node2,6,4,10,10.10101,8.080808,10.10101,16.161616,100.0,50.0,0.0,0.0,0.0,0.0,0.0,0.0,50.0,62.25,81.629158,69.725913,3.0
2026-06-24T14:42:12.485841794Z,1000,per_hit,raw_percent_of_host,api-node1,api-node2,3,7,10,5.050505,13.0,5.050505,26.0,100.0,50.0,0.0,0.0,0.0,0.0,0.0,0.0,50.0,59.142857,83.018121,60.459967,3.0
2026-06-24T14:42:13.485840523Z,1000,per_hit,raw_percent_of_host,api-node1,api-node2,3,7,10,10.891089,8.0,10.891089,16.0,100.0,50.0,0.0,0.0,0.0,0.0,0.0,0.0,50.0,110.142857,81.579006,66.481051,3.0
2026-06-24T14:42:14.485841413Z,1000,per_hit,raw_percent_of_host,api-node1,api-node2,5,5,10,13.0,6.0,13.0,12.0,100.0,50.0,0.0,0.0,0.0,0.0,0.0,0.0,50.0,59.6,81.013828,69.347356,3.0
2026-06-24T14:42:15.485839477Z,1000,per_hit,raw_percent_of_host,api-node1,api-node2,6,4,10,13.0,5.050505,13.0,10.10101,100.0,50.0,0.0,0.0,0.0,0.0,0.0,0.0,50.0,89.25,80.165104,80.895684,3.0
2026-06-24T14:42:16.485841751Z,1000,per_hit,raw_percent_of_host,api-node1,api-node2,4,6,10,10.10101,8.910891,10.10101,17.821782,100.0,50.0,0.0,0.0,0.0,0.0,0.0,0.0,50.0,58.0,81.059815,81.467437,3.0
2026-06-24T14:42:17.485839995Z,1000,per_hit,raw_percent_of_host,api-node1,api-node2,6,4,10,7.142857,10.0,7.142857,20.0,100.0,50.0,0.0,0.0,0.0,0.0,0.0,0.0,51.666667,77.75,81.767981,64.976188,3.0
2026-06-24T14:42:18.485843041Z,1000,per_hit,raw_percent_of_host,api-node1,api-node2,6,4,10,10.204082,9.090909,10.204082,18.181818,100.0,50.0,0.0,0.0,0.0,0.0,0.0,0.0,52.166667,64.5,81.869964,81.767884,3.0
2026-06-24T14:42:19.485842992Z,1000,per_hit,raw_percent_of_host,api-node1,api-node2,8,2,10,12.244898,5.940594,12.244898,11.881188,100.0,50.0,0.0,0.0,0.0,0.0,0.0,0.0,54.25,50.0,81.248938,80.492959,3.0
2026-06-24T14:42:20.485839955Z,1000,per_hit,raw_percent_of_host,api-node1,api-node2,2,8,10,5.050505,12.121212,5.050505,24.242424,100.0,50.0,0.0,0.0,0.0,0.0,0.0,0.0,50.0,81.0,83.189041,67.301371,3.0
2026-06-24T14:42:21.48583967Z,1000,per_hit,raw_percent_of_host,api-node1,api-node2,5,5,10,5.0,13.131313,5.0,26.262626,100.0,50.0,0.0,0.0,0.0,0.0,0.0,0.0,53.4,54.8,83.414847,50.0,3.0
2026-06-24T14:42:22.485840065Z,1000,per_hit,raw_percent_of_host,api-node1,api-node2,3,7,10,3.030303,13.0,3.030303,26.0,100.0,50.0,0.0,0.0,0.0,0.0,0.0,0.0,50.0,60.714286,83.43878,59.937109,3.0
2026-06-24T14:42:23.485841811Z,1000,per_hit,raw_percent_of_host,api-node1,api-node2,4,6,10,5.050505,13.265306,5.050505,26.530612,100.0,50.0,0.0,0.0,0.0,0.0,0.0,0.0,50.0,80.5,82.945924,50.0,3.0
2026-06-24T14:42:24.485842241Z,1000,per_hit,raw_percent_of_host,api-node1,api-node2,6,4,10,13.131313,5.050505,13.131313,10.10101,100.0,50.0,0.0,0.0,0.0,0.0,0.0,0.0,50.0,53.0,80.945744,68.983911,3.0
2026-06-24T14:42:25.485840098Z,1000,per_hit,raw_percent_of_host,api-node1,api-node2,2,8,10,0.990099,14.141414,0.990099,28.282828,100.0,50.0,0.0,0.0,0.0,0.0,0.0,0.0,50.0,64.125,82.293148,53.163985,3.0
2026-06-24T14:42:26.485839507Z,1000,per_hit,raw_percent_of_host,api-node1,api-node2,8,2,10,17.346939,2.0,17.346939,4.0,100.0,50.0,0.0,0.0,0.0,0.0,0.0,0.0,50.0,90.5,81.18784,69.623758,3.0
2026-06-24T14:42:27.485845912Z,1000,per_hit,raw_percent_of_host,api-node1,api-node2,5,5,10,7.142857,10.10101,7.142857,20.20202,100.0,50.0,0.0,0.0,0.0,0.0,0.0,0.0,50.0,96.6,82.891272,60.857487,3.0
2026-06-24T14:42:28.485841038Z,1000,per_hit,raw_percent_of_host,api-node1,api-node2,2,8,10,0.0,15.0,0.0,30.0,100.0,50.0,0.0,0.0,0.0,0.0,0.0,0.0,50.0,64.0,82.697361,60.074097,3.0
2026-06-24T14:42:29.48584065Z,1000,per_hit,raw_percent_of_host,api-node1,api-node2,4,6,10,5.050505,12.121212,5.050505,24.242424,100.0,50.0,0.0,0.0,0.0,0.0,0.0,0.0,50.0,56.0,82.945924,68.622226,3.0
2026-06-24T14:42:30.485840519Z,1000,per_hit,raw_percent_of_host,api-node1,api-node2,4,6,10,7.142857,8.163265,7.142857,16.326531,100.0,50.0,0.0,0.0,0.0,0.0,0.0,0.0,50.0,55.833333,82.588697,77.31608,3.0
2026-06-24T14:42:31.485847668Z,1000,per_hit,raw_percent_of_host,api-node1,api-node2,5,4,9,8.080808,9.183673,8.080808,18.367347,100.0,50.0,0.0,0.0,0.0,0.0,0.0,0.0,50.0,68.5,81.769907,61.90856,3.0
2026-06-24T14:42:32.485839431Z,1000,per_hit,raw_percent_of_host,api-node1,api-node2,5,6,11,15.151515,3.030303,15.151515,6.060606,100.0,50.0,0.0,0.0,0.0,0.0,0.0,0.0,50.0,61.166667,80.57465,82.808952,3.0
2026-06-24T14:42:33.485839506Z,1000,per_hit,raw_percent_of_host,api-node1,api-node2,6,4,10,15.151515,2.040816,15.151515,4.081633,100.0,50.0,0.0,0.0,0.0,0.0,0.0,0.0,50.0,52.5,80.661867,73.474593,3.0
2026-06-24T14:42:34.485840666Z,1000,per_hit,raw_percent_of_host,api-node1,api-node2,7,3,10,13.131313,5.050505,13.131313,10.10101,100.0,50.0,0.0,0.0,0.0,0.0,0.0,0.0,50.0,65.0,80.3768,70.150085,3.0
2026-06-24T14:42:35.485839846Z,1000,per_hit,raw_percent_of_host,api-node1,api-node2,4,6,10,13.0,6.0,13.0,12.0,100.0,50.0,0.0,0.0,0.0,0.0,0.0,0.0,50.0,55.166667,80.987845,79.641494,3.0
2026-06-24T14:42:36.485839505Z,1000,per_hit,raw_percent_of_host,api-node1,api-node2,5,5,10,11.0,9.0,11.0,18.0,100.0,50.0,0.0,0.0,0.0,0.0,0.0,0.0,50.0,61.2,81.750806,69.213307,3.0
2026-06-24T14:42:37.485842044Z,1000,per_hit,raw_percent_of_host,api-node1,api-node2,5,5,10,13.861386,5.050505,13.861386,10.10101,100.0,50.0,0.0,0.0,0.0,0.0,0.0,0.0,50.0,60.8,80.333394,79.56595,3.0
2026-06-24T14:42:38.485841235Z,1000,per_hit,raw_percent_of_host,api-node1,api-node2,6,4,10,15.151515,3.030303,15.151515,6.060606,100.0,50.0,0.0,0.0,0.0,0.0,0.0,0.0,50.0,68.25,80.590842,72.060455,3.0
2026-06-24T14:42:39.485839914Z,1000,per_hit,raw_percent_of_host,api-node1,api-node2,6,4,10,3.030303,12.121212,3.030303,24.242424,100.0,50.0,0.0,0.0,0.0,0.0,0.0,0.0,51.166667,68.25,82.58922,83.23937,3.0
2026-06-24T14:42:40.485839684Z,1000,per_hit,raw_percent_of_host,api-node1,api-node2,7,3,10,8.080808,10.10101,8.080808,20.20202,100.0,50.0,0.0,0.0,0.0,0.0,0.0,0.0,50.0,50.0,72.899978,82.370434,3.0
2026-06-24T14:42:41.485839927Z,1000,per_hit,raw_percent_of_host,api-node1,api-node2,3,7,10,10.10101,8.080808,10.10101,16.161616,100.0,50.0,0.0,0.0,0.0,0.0,0.0,0.0,50.0,59.142857,72.239463,80.695178,3.0
2026-06-24T14:42:42.485840159Z,1000,per_hit,raw_percent_of_host,api-node1,api-node2,6,4,10,10.10101,8.080808,10.10101,16.161616,100.0,50.0,0.0,0.0,0.0,0.0,0.0,0.0,50.0,50.0,82.191547,71.539933,3.0
2026-06-24T14:42:43.485840127Z,1000,per_hit,raw_percent_of_host,api-node1,api-node2,4,6,10,5.0,14.141414,5.0,28.282828,100.0,50.0,0.0,0.0,0.0,0.0,0.0,0.0,50.0,54.0,83.046303,63.000293,3.0
2026-06-24T14:42:44.485839921Z,1000,per_hit,raw_percent_of_host,api-node1,api-node2,5,5,10,14.851485,5.050505,14.851485,10.10101,100.0,50.0,0.0,0.0,0.0,0.0,0.0,0.0,50.0,54.8,80.77886,68.983911,3.0
2026-06-24T14:42:45.485841503Z,1000,per_hit,raw_percent_of_host,api-node1,api-node2,7,3,10,15.151515,3.0,15.151515,6.0,100.0,50.0,0.0,0.0,0.0,0.0,0.0,0.0,52.142857,58.0,80.084984,72.622237,3.0
2026-06-24T14:42:46.485839591Z,1000,per_hit,raw_percent_of_host,api-node1,api-node2,7,3,10,9.183673,8.080808,9.183673,16.161616,100.0,50.0,0.0,0.0,0.0,0.0,0.0,0.0,51.571429,58.666667,82.016789,80.431195,3.0
2026-06-24T14:42:47.48584039Z,1000,per_hit,raw_percent_of_host,api-node1,api-node2,5,5,10,13.131313,5.050505,13.131313,10.10101,100.0,50.0,0.0,0.0,0.0,0.0,0.0,0.0,50.0,57.8,71.179447,81.246737,3.0
2026-06-24T14:42:48.485840258Z,1000,per_hit,raw_percent_of_host,api-node1,api-node2,6,4,10,10.10101,8.080808,10.10101,16.161616,100.0,50.0,0.0,0.0,0.0,0.0,0.0,0.0,50.0,54.25,81.486146,71.626785,3.0
2026-06-24T14:42:49.485845669Z,1000,per_hit,raw_percent_of_host,api-node1,api-node2,8,2,10,18.181818,0.0,18.181818,0.0,100.0,50.0,0.0,0.0,0.0,0.0,0.0,0.0,50.0,55.0,82.217639,83.043967,3.0
2026-06-24T14:42:50.485841795Z,1000,per_hit,raw_percent_of_host,api-node1,api-node2,5,5,10,6.060606,13.131313,6.060606,26.262626,100.0,50.0,0.0,0.0,0.0,0.0,0.0,0.0,50.0,53.6,82.864246,63.089574,3.0
2026-06-24T14:42:51.485842481Z,1000,per_hit,raw_percent_of_host,api-node1,api-node2,5,5,10,8.080808,10.10101,8.080808,20.20202,100.0,50.0,1.0,0.0,0.0,0.0,1.0,0.0,50.0,57.2,82.869354,69.533668,3.0
2026-06-24T14:42:52.485842558Z,1000,per_hit,raw_percent_of_host,api-node1,api-node2,6,4,10,14.0,5.050505,14.0,10.10101,100.0,50.0,0.0,0.0,0.0,0.0,0.0,0.0,56.285714,80.25,79.655466,79.453023,3.0
2026-06-24T14:42:53.485842381Z,1000,per_hit,raw_percent_of_host,api-node1,api-node2,4,6,10,10.10101,9.0,10.10101,18.0,100.0,50.0,0.0,0.0,0.0,0.0,0.0,0.0,50.0,56.666667,80.993601,71.441895,3.0
2026-06-24T14:42:54.485841385Z,1000,per_hit,raw_percent_of_host,api-node1,api-node2,7,3,10,12.121212,5.050505,12.121212,10.10101,100.0,50.0,0.0,0.0,0.0,0.0,0.0,0.0,50.0,59.666667,80.479801,70.620051,3.0
2026-06-24T14:42:55.48584248Z,1000,per_hit,raw_percent_of_host,api-node1,api-node2,5,5,10,13.131313,6.060606,13.131313,12.121212,100.0,50.0,0.0,1.0,0.0,0.0,0.0,1.0,50.0,72.0,81.038165,77.927271,3.0
2026-06-24T14:42:56.485839485Z,1000,per_hit,raw_percent_of_host,api-node1,api-node2,5,5,10,10.10101,8.0,10.10101,16.0,100.0,50.0,0.0,0.0,0.0,0.0,0.0,0.0,50.0,91.0,81.486146,67.689041,3.0
2026-06-24T14:42:57.485841888Z,1000,per_hit,raw_percent_of_host,api-node1,api-node2,5,5,10,7.070707,8.080808,7.070707,16.161616,100.0,50.0,0.0,0.0,0.0,0.0,0.0,0.0,50.0,57.2,82.444232,66.948635,3.0
2026-06-24T14:42:58.485840618Z,1000,per_hit,raw_percent_of_host,api-node1,api-node2,5,5,10,14.0,5.050505,14.0,10.10101,100.0,50.0,0.0,0.0,0.0,0.0,0.0,0.0,50.0,52.0,80.44017,77.793149,3.0
2026-06-24T14:42:59.485848056Z,1000,per_hit,raw_percent_of_host,api-node1,api-node2,6,4,10,15.151515,4.0,15.151515,8.0,100.0,50.0,0.0,0.0,0.0,0.0,0.0,0.0,50.0,85.5,80.598574,71.234398,3.0
2026-06-24T14:43:00.485839543Z,1000,per_hit,raw_percent_of_host,api-node1,api-node2,5,5,10,10.10101,8.080808,10.10101,16.161616,100.0,50.0,0.0,0.0,0.0,0.0,0.0,0.0,50.0,55.2,81.056894,81.591677,3.0
2026-06-24T14:43:01.485841432Z,1000,per_hit,raw_percent_of_host,api-node1,api-node2,4,6,10,5.050505,13.131313,5.050505,26.262626,100.0,50.0,0.0,0.0,0.0,0.0,0.0,0.0,50.0,55.833333,82.324106,53.077133,3.0
2026-06-24T14:43:02.485842432Z,1000,per_hit,raw_percent_of_host,api-node1,api-node2,5,5,10,9.0,10.10101,9.0,20.20202,100.0,50.0,0.0,0.0,0.0,0.0,0.0,0.0,50.0,63.8,82.027068,69.705957,3.0
2026-06-24T14:43:03.485839832Z,1000,per_hit,raw_percent_of_host,api-node1,api-node2,6,4,10,3.0,13.0,3.0,26.0,100.0,50.0,0.0,0.0,0.0,0.0,0.0,0.0,54.333333,68.75,82.900435,53.255611,3.0
2026-06-24T14:43:04.485839295Z,1000,per_hit,raw_percent_of_host,api-node1,api-node2,6,4,10,18.181818,0.0,18.181818,0.0,100.0,50.0,0.0,0.0,0.0,0.0,0.0,0.0,50.0,54.75,72.40862,79.555761,3.0
2026-06-24T14:43:05.485841186Z,1000,per_hit,raw_percent_of_host,api-node1,api-node2,2,8,10,11.0,8.080808,11.0,16.161616,100.0,50.0,0.0,1.0,0.0,0.0,0.0,1.0,50.0,67.428571,81.369685,69.965803,3.0
2026-06-24T14:43:06.485839524Z,1000,per_hit,raw_percent_of_host,api-node1,api-node2,8,2,10,15.151515,3.960396,15.151515,7.920792,100.0,50.0,0.0,0.0,0.0,0.0,0.0,0.0,51.125,94.0,81.362983,70.508608,3.0
2026-06-24T14:43:07.485844913Z,1000,per_hit,raw_percent_of_host,api-node1,api-node2,4,6,10,12.121212,5.050505,12.121212,10.10101,100.0,50.0,0.0,0.0,0.0,0.0,0.0,0.0,50.0,56.666667,71.354364,81.737781,3.0
2026-06-24T14:43:08.485840943Z,1000,per_hit,raw_percent_of_host,api-node1,api-node2,5,5,10,10.10101,8.080808,10.10101,16.161616,100.0,50.0,0.0,0.0,0.0,0.0,0.0,0.0,50.0,56.6,82.082577,71.626785,3.0
2026-06-24T14:43:09.485839514Z,1000,per_hit,raw_percent_of_host,api-node1,api-node2,5,5,10,8.080808,10.10101,8.080808,20.20202,100.0,50.0,0.0,0.0,0.0,0.0,0.0,0.0,50.0,64.2,82.193858,72.783091,3.0
2026-06-24T14:43:10.485848752Z,1000,per_hit,raw_percent_of_host,api-node1,api-node2,5,5,10,10.0,7.070707,10.0,14.141414,100.0,50.0,0.0,0.0,0.0,0.0,0.0,0.0,50.0,54.6,81.342358,71.069505,3.0
2026-06-24T14:43:11.48584066Z,1000,per_hit,raw_percent_of_host,api-node1,api-node2,5,5,10,12.244898,5.0,12.244898,10.0,100.0,50.0,0.0,0.0,0.0,0.0,0.0,0.0,50.0,57.4,81.082433,71.982969,3.0
2026-06-24T14:43:12.485841294Z,1000,per_hit,raw_percent_of_host,api-node1,api-node2,7,3,10,15.151515,3.030303,15.151515,6.060606,100.0,50.0,0.0,0.0,0.0,0.0,0.0,0.0,50.0,56.0,80.700469,72.871151,3.0
2026-06-24T14:43:13.485841293Z,1000,per_hit,raw_percent_of_host,api-node1,api-node2,7,3,10,8.0,10.0,8.0,20.0,100.0,50.0,0.0,0.0,0.0,0.0,0.0,0.0,50.857143,71.333333,82.551216,69.587531,3.0
2026-06-24T14:43:14.485840693Z,1000,per_hit,raw_percent_of_host,api-node1,api-node2,3,7,10,8.080808,9.090909,8.080808,18.181818,100.0,50.0,0.0,0.0,0.0,0.0,0.0,0.0,50.0,53.285714,72.792119,81.782086,3.0
2026-06-24T14:43:15.485839549Z,1000,per_hit,raw_percent_of_host,api-node1,api-node2,6,4,10,10.10101,8.080808,10.10101,16.161616,100.0,50.0,0.0,0.0,0.0,0.0,0.0,0.0,51.166667,57.25,82.283114,71.636459,3.0
2026-06-24T14:43:16.48584166Z,1000,per_hit,raw_percent_of_host,api-node1,api-node2,5,5,10,8.080808,10.10101,8.080808,20.20202,100.0,50.0,0.0,0.0,0.0,0.0,0.0,0.0,50.0,51.6,82.654156,81.842201,3.0
2026-06-24T14:43:17.485843135Z,1000,per_hit,raw_percent_of_host,api-node1,api-node2,5,5,10,10.891089,8.163265,10.891089,16.326531,100.0,50.0,0.0,0.0,0.0,0.0,0.0,0.0,50.0,54.2,81.067537,71.768458,3.0
2026-06-24T14:43:18.485840078Z,1000,per_hit,raw_percent_of_host,api-node1,api-node2,6,4,10,12.121212,5.102041,12.121212,10.204082,100.0,50.0,0.0,0.0,0.0,0.0,0.0,0.0,54.166667,51.5,80.974262,72.03832,3.0
2026-06-24T14:43:19.485840098Z,1000,per_hit,raw_percent_of_host,api-node1,api-node2,4,6,10,11.0,8.080808,11.0,16.161616,100.0,50.0,0.0,0.0,0.0,0.0,0.0,0.0,50.0,52.166667,80.831905,79.108379,3.0
2026-06-24T14:43:20.485839459Z,1000,per_hit,raw_percent_of_host,api-node1,api-node2,8,2,10,16.161616,3.030303,16.161616,6.060606,100.0,50.0,0.0,0.0,0.0,0.0,0.0,0.0,52.0,55.5,81.072101,73.023189,3.0
2026-06-24T14:43:21.485839538Z,1000,per_hit,raw_percent_of_host,api-node1,api-node2,7,3,10,10.10101,9.0,10.10101,18.0,100.0,50.0,0.0,0.0,0.0,0.0,0.0,0.0,51.142857,57.666667,82.12581,81.457904,3.0
2026-06-24T14:43:22.485841958Z,1000,per_hit,raw_percent_of_host,api-node1,api-node2,5,5,10,15.151515,4.950495,15.151515,9.90099,100.0,50.0,0.0,0.0,0.0,0.0,0.0,0.0,50.0,76.0,81.404282,79.327889,3.0
2026-06-24T14:43:23.485839466Z,1000,per_hit,raw_percent_of_host,api-node1,api-node2,8,2,10,13.0,6.122449,13.0,12.244898,100.0,50.0,0.0,0.0,0.0,0.0,0.0,0.0,50.0,69.5,80.00379,78.262433,3.0
2026-06-24T14:43:24.485840245Z,1000,per_hit,raw_percent_of_host,api-node1,api-node2,5,5,10,8.0,9.183673,8.0,18.367347,100.0,50.0,0.0,0.0,0.0,0.0,0.0,0.0,53.2,66.0,72.555931,66.674316,3.0
2026-06-24T14:43:25.485841555Z,1000,per_hit,raw_percent_of_host,api-node1,api-node2,4,6,10,10.0,9.0,10.0,18.0,100.0,50.0,0.0,0.0,0.0,0.0,0.0,0.0,50.0,61.333333,81.179741,79.276116,3.0
2026-06-24T14:43:26.485841951Z,1000,per_hit,raw_percent_of_host,api-node1,api-node2,5,5,10,12.121212,5.050505,12.121212,10.10101,100.0,50.0,0.0,0.0,0.0,0.0,0.0,0.0,50.0,59.2,80.484814,72.149431,3.0
2026-06-24T14:43:27.485842483Z,1000,per_hit,raw_percent_of_host,api-node1,api-node2,5,5,10,10.10101,7.142857,10.10101,14.285714,100.0,50.0,0.0,0.0,0.0,0.0,0.0,0.0,50.0,50.0,81.390961,71.026378,3.0
2026-06-24T14:43:28.485841252Z,1000,per_hit,raw_percent_of_host,api-node1,api-node2,4,6,10,10.10101,8.910891,10.10101,17.821782,100.0,50.0,0.0,0.0,0.0,0.0,0.0,0.0,50.0,59.333333,81.220715,71.921634,3.0
2026-06-24T14:43:29.485839533Z,1000,per_hit,raw_percent_of_host,api-node1,api-node2,4,6,10,13.0,5.050505,13.0,10.10101,100.0,50.0,0.0,0.0,0.0,0.0,0.0,0.0,50.0,57.5,80.191746,72.141339,3.0
2026-06-24T14:43:30.485842018Z,1000,per_hit,raw_percent_of_host,api-node1,api-node2,5,5,10,10.10101,9.0,10.10101,18.0,100.0,50.0,0.0,0.0,0.0,0.0,0.0,0.0,50.2,55.2,82.030646,72.157108,3.0
2026-06-24T14:43:31.485841159Z,1000,per_hit,raw_percent_of_host,api-node1,api-node2,6,4,10,5.0,11.22449,5.0,22.44898,100.0,50.0,0.0,0.0,0.0,0.0,0.0,0.0,51.333333,55.25,82.33012,73.113713,3.0
2026-06-24T14:43:32.485841191Z,1000,per_hit,raw_percent_of_host,api-node1,api-node2,5,5,10,7.070707,10.10101,7.070707,20.20202,100.0,50.0,1.0,0.0,0.0,0.0,1.0,0.0,50.0,57.0,73.108156,82.36536,3.0
2026-06-24T14:43:33.485841206Z,1000,per_hit,raw_percent_of_host,api-node1,api-node2,6,4,10,10.10101,8.080808,10.10101,16.161616,100.0,50.0,0.0,0.0,0.0,0.0,0.0,0.0,55.857143,63.5,77.753909,69.228276,3.0
2026-06-24T14:43:34.485840368Z,1000,per_hit,raw_percent_of_host,api-node1,api-node2,5,5,10,5.050505,12.121212,5.050505,24.242424,100.0,50.0,0.0,0.0,0.0,0.0,0.0,0.0,53.0,67.0,82.997378,68.314964,3.0
2026-06-24T14:43:35.485839433Z,1000,per_hit,raw_percent_of_host,api-node1,api-node2,7,3,10,13.0,6.0,13.0,12.0,100.0,50.0,0.0,0.0,0.0,0.0,0.0,0.0,50.0,50.0,81.305514,80.940298,3.0
2026-06-24T14:43:36.485840643Z,1000,per_hit,raw_percent_of_host,api-node1,api-node2,4,6,10,0.0,16.513761,0.0,33.027523,100.0,50.0,0.0,0.0,0.0,0.0,0.0,0.0,50.0,74.833333,83.052533,63.126664,3.0
2026-06-24T14:43:37.485839785Z,1000,per_hit,raw_percent_of_host,api-node1,api-node2,5,5,10,5.0,13.131313,5.0,26.262626,100.0,50.0,0.0,0.0,0.0,0.0,0.0,0.0,50.0,55.6,83.309431,50.0,3.0
2026-06-24T14:43:38.485839555Z,1000,per_hit,raw_percent_of_host,api-node1,api-node2,5,4,9,8.0,5.050505,8.0,10.10101,100.0,50.0,0.0,0.0,0.0,0.0,0.0,0.0,50.0,53.0,82.834589,78.455548,3.0
2026-06-24T14:43:39.48584134Z,1000,per_hit,raw_percent_of_host,api-node1,api-node2,6,5,11,13.0,9.090909,13.0,18.181818,100.0,50.0,0.0,0.0,0.0,0.0,0.0,0.0,50.0,72.4,80.744177,68.494552,3.0
2026-06-24T14:43:40.485841217Z,1000,per_hit,raw_percent_of_host,api-node1,api-node2,5,5,10,11.0,8.080808,11.0,16.161616,100.0,50.0,0.0,0.0,0.0,0.0,0.0,0.0,50.0,55.6,80.779974,68.907635,3.0
2026-06-24T14:43:41.4858424Z,1000,per_hit,raw_percent_of_host,api-node1,api-node2,6,4,10,13.131313,6.0,13.131313,12.0,100.0,50.0,0.0,0.0,0.0,0.0,0.0,0.0,50.0,61.25,80.715205,68.988855,3.0
2026-06-24T14:43:42.485841504Z,1000,per_hit,raw_percent_of_host,api-node1,api-node2,5,5,10,0.0,12.844037,0.0,25.688073,100.0,50.0,0.0,0.0,0.0,0.0,0.0,0.0,50.0,61.6,82.268061,53.061898,3.0
2026-06-24T14:43:43.485841133Z,1000,per_hit,raw_percent_of_host,api-node1,api-node2,4,6,10,5.0,15.151515,5.0,30.30303,100.0,50.0,0.0,0.0,0.0,0.0,0.0,0.0,50.0,52.666667,73.459983,58.948392,3.0
2026-06-24T14:43:44.485841933Z,1000,per_hit,raw_percent_of_host,api-node1,api-node2,5,5,10,12.121212,5.0,12.121212,10.0,100.0,50.0,0.0,0.0,0.0,0.0,0.0,0.0,50.0,53.4,81.199954,69.013987,3.0
2026-06-24T14:43:45.485841649Z,1000,per_hit,raw_percent_of_host,api-node1,api-node2,4,6,10,5.050505,11.111111,5.050505,22.222222,100.0,50.0,0.0,0.0,0.0,0.0,0.0,0.0,50.0,54.833333,82.474054,73.082718,3.0
2026-06-24T14:43:46.485839513Z,1000,per_hit,raw_percent_of_host,api-node1,api-node2,5,5,10,10.0,8.080808,10.0,16.161616,100.0,50.0,0.0,0.0,0.0,0.0,0.0,0.0,50.0,60.2,81.434689,68.757839,3.0
2026-06-24T14:43:47.485841355Z,1000,per_hit,raw_percent_of_host,api-node1,api-node2,7,3,10,17.171717,0.0,17.171717,0.0,100.0,50.0,0.0,0.0,0.0,0.0,0.0,0.0,50.0,52.333333,81.452128,73.113236,3.0
2026-06-24T14:43:48.485839569Z,1000,per_hit,raw_percent_of_host,api-node1,api-node2,5,5,10,13.131313,5.050505,13.131313,10.10101,100.0,50.0,0.0,0.0,0.0,0.0,0.0,0.0,50.0,53.4,80.504435,72.334448,3.0
2026-06-24T14:43:49.485839547Z,1000,per_hit,raw_percent_of_host,api-node1,api-node2,6,4,10,0.0,15.306122,0.0,30.612245,100.0,50.0,0.0,0.0,0.0,0.0,0.0,0.0,51.666667,69.0,82.650304,53.163985,3.0
2026-06-24T14:43:50.485841925Z,1000,per_hit,raw_percent_of_host,api-node1,api-node2,5,5,10,14.0,6.0,14.0,12.0,100.0,50.0,0.0,0.0,0.0,0.0,0.0,0.0,50.0,60.4,71.132548,75.304746,3.0
2026-06-24T14:43:51.485839982Z,1000,per_hit,raw_percent_of_host,api-node1,api-node2,7,3,10,12.244898,5.050505,12.244898,10.10101,100.0,50.0,0.0,0.0,0.0,0.0,0.0,0.0,52.142857,53.666667,80.257259,72.045809,3.0
2026-06-24T14:43:52.485841179Z,1000,per_hit,raw_percent_of_host,api-node1,api-node2,4,6,10,5.0,11.0,5.0,22.0,100.0,50.0,0.0,0.0,0.0,0.0,0.0,0.0,50.0,69.666667,82.79121,79.862338,3.0
2026-06-24T14:43:53.485839842Z,1000,per_hit,raw_percent_of_host,api-node1,api-node2,5,5,10,5.050505,12.0,5.050505,24.0,100.0,50.0,0.0,0.0,0.0,0.0,0.0,0.0,52.0,72.2,82.62473,55.999126,3.0
2026-06-24T14:43:54.485841501Z,1000,per_hit,raw_percent_of_host,api-node1,api-node2,5,5,10,7.070707,8.256881,7.070707,16.513761,100.0,50.0,0.0,0.0,0.0,0.0,0.0,0.0,50.0,88.0,83.133277,69.821992,3.0
2026-06-24T14:43:55.485839626Z,1000,per_hit,raw_percent_of_host,api-node1,api-node2,3,7,10,5.0,13.0,5.0,26.0,100.0,50.0,0.0,0.0,0.0,0.0,0.0,0.0,50.333333,67.142857,82.459347,50.851588,3.0
2026-06-24T14:43:56.485841883Z,1000,per_hit,raw_percent_of_host,api-node1,api-node2,9,1,10,17.171717,1.0,17.171717,2.0,100.0,50.0,0.0,0.0,0.0,0.0,0.0,0.0,50.0,50.0,81.096765,70.180012,3.0
2026-06-24T14:43:57.485839504Z,1000,per_hit,raw_percent_of_host,api-node1,api-node2,5,5,10,13.131313,5.050505,13.131313,10.10101,100.0,50.0,0.0,0.0,0.0,0.0,0.0,0.0,50.0,73.4,71.098475,79.492218,3.0
2026-06-24T14:43:58.485852989Z,1000,per_hit,raw_percent_of_host,api-node1,api-node2,7,3,10,13.0,5.0,13.0,10.0,100.0,50.0,0.0,0.0,0.0,0.0,0.0,0.0,51.142857,52.666667,80.178794,72.177972,3.0
2026-06-24T14:43:59.485841447Z,1000,per_hit,raw_percent_of_host,api-node1,api-node2,4,6,10,5.050505,11.22449,5.050505,22.44898,100.0,50.0,0.0,0.0,0.0,0.0,0.0,0.0,50.0,54.666667,82.740443,83.03478,3.0
2026-06-24T14:44:00.485841513Z,1000,per_hit,raw_percent_of_host,api-node1,api-node2,4,6,10,10.10101,8.080808,10.10101,16.161616,100.0,50.0,0.0,0.0,0.0,0.0,0.0,0.0,50.0,60.666667,81.404614,69.297363,3.0
2026-06-24T14:44:01.485844862Z,1000,per_hit,raw_percent_of_host,api-node1,api-node2,4,6,10,3.0,11.009174,3.0,22.018349,100.0,50.0,0.0,0.0,0.0,0.0,0.0,0.0,50.0,65.833333,82.529031,59.95331,3.0
2026-06-24T14:44:02.48584243Z,1000,per_hit,raw_percent_of_host,api-node1,api-node2,4,6,10,11.0,9.0,11.0,18.0,100.0,50.0,0.0,0.0,0.0,0.0,0.0,0.0,50.0,57.666667,81.143556,72.306667,3.0
2026-06-24T14:44:03.485839437Z,1000,per_hit,raw_percent_of_host,api-node1,api-node2,8,2,10,12.121212,6.0,12.121212,12.0,100.0,50.0,0.0,0.0,0.0,0.0,0.0,0.0,50.875,54.0,80.354383,71.536906,3.0
2026-06-24T14:44:04.485839862Z,1000,per_hit,raw_percent_of_host,api-node1,api-node2,4,6,10,5.0,12.0,5.0,24.0,100.0,50.0,0.0,0.0,0.0,0.0,0.0,0.0,50.0,50.0,83.222428,82.098377,3.0
2026-06-24T14:44:05.485839442Z,1000,per_hit,raw_percent_of_host,api-node1,api-node2,6,4,10,7.142857,10.10101,7.142857,20.20202,100.0,50.0,0.0,0.0,0.0,0.0,0.0,0.0,51.0,52.5,82.614114,82.962687,3.0
2026-06-24T14:44:06.485839762Z,1000,per_hit,raw_percent_of_host,api-node1,api-node2,2,8,10,6.060606,11.111111,6.060606,22.222222,100.0,50.0,0.0,0.0,0.0,0.0,0.0,0.0,50.0,58.75,82.958896,82.938486,3.0
2026-06-24T14:44:07.485849652Z,1000,per_hit,raw_percent_of_host,api-node1,api-node2,6,4,10,8.0,9.174312,8.0,18.348624,100.0,50.0,0.0,0.0,0.0,0.0,0.0,0.0,50.0,64.25,82.756825,74.259795,3.0
2026-06-24T14:44:08.48584047Z,1000,per_hit,raw_percent_of_host,api-node1,api-node2,6,4,10,13.0,6.0,13.0,12.0,100.0,50.0,0.0,0.0,0.0,0.0,0.0,0.0,50.0,59.25,81.251411,81.321734,3.0
2026-06-24T14:44:09.485839405Z,1000,per_hit,raw_percent_of_host,api-node1,api-node2,6,4,10,13.131313,5.050505,13.131313,10.10101,100.0,50.0,0.0,0.0,0.0,0.0,0.0,0.0,50.0,54.0,80.355611,81.984932,3.0
2026-06-24T14:44:10.485839901Z,1000,per_hit,raw_percent_of_host,api-node1,api-node2,4,6,10,0.0,14.141414,0.0,28.282828,100.0,50.0,0.0,0.0,0.0,0.0,0.0,0.0,50.0,64.333333,82.268061,63.080934,3.0
2026-06-24T14:44:11.485841642Z,1000,per_hit,raw_percent_of_host,api-node1,api-node2,6,4,10,14.0,5.050505,14.0,10.10101,100.0,50.0,0.0,0.0,0.0,0.0,0.0,0.0,50.0,51.25,81.158671,78.750745,3.0
2026-06-24T14:44:12.485841245Z,1000,per_hit,raw_percent_of_host,api-node1,api-node2,4,6,10,11.0,8.910891,11.0,17.821782,100.0,50.0,0.0,0.0,0.0,0.0,0.0,0.0,50.0,54.833333,80.713761,72.108554,3.0
2026-06-24T14:44:13.485839535Z,1000,per_hit,raw_percent_of_host,api-node1,api-node2,7,3,10,13.0,5.050505,13.0,10.10101,100.0,50.0,0.0,0.0,0.0,0.0,0.0,0.0,50.0,50.0,80.279365,72.141339,3.0
2026-06-24T14:44:14.485842354Z,1000,per_hit,raw_percent_of_host,api-node1,api-node2,3,7,10,10.10101,8.080808,10.10101,16.161616,100.0,50.0,0.0,0.0,0.0,0.0,0.0,0.0,50.0,59.285714,81.753829,79.56807,3.0
2026-06-24T14:44:15.485839442Z,1000,per_hit,raw_percent_of_host,api-node1,api-node2,7,3,10,17.346939,0.0,17.346939,0.0,100.0,50.0,0.0,0.0,0.0,0.0,0.0,0.0,50.0,50.0,81.752328,73.210474,3.0
2026-06-24T14:44:16.485839567Z,1000,per_hit,raw_percent_of_host,api-node1,api-node2,3,7,10,5.050505,11.009174,5.050505,22.018349,100.0,50.0,0.0,0.0,0.0,0.0,0.0,0.0,50.0,68.571429,82.271332,60.169539,3.0
2026-06-24T14:44:17.485839867Z,1000,per_hit,raw_percent_of_host,api-node1,api-node2,5,5,10,13.131313,5.050505,13.131313,10.10101,100.0,50.0,0.0,0.0,0.0,0.0,0.0,0.0,50.0,51.6,80.328587,72.297455,3.0
2026-06-24T14:44:18.485839565Z,1000,per_hit,raw_percent_of_host,api-node1,api-node2,5,5,10,10.10101,9.174312,10.10101,18.348624,100.0,50.0,0.0,0.0,0.0,0.0,0.0,0.0,50.0,63.4,81.471108,64.074728,3.0
2026-06-24T14:44:19.485841287Z,1000,per_hit,raw_percent_of_host,api-node1,api-node2,4,6,10,10.10101,8.080808,10.10101,16.161616,100.0,50.0,0.0,0.0,0.0,0.0,0.0,0.0,50.0,57.166667,81.354548,71.643828,3.0
2026-06-24T14:44:20.485839783Z,1000,per_hit,raw_percent_of_host,api-node1,api-node2,4,6,10,10.0,9.090909,10.0,18.181818,100.0,50.0,0.0,0.0,0.0,0.0,0.0,0.0,50.0,82.0,81.669927,74.479904,3.0
2026-06-24T14:44:21.485839737Z,1000,per_hit,raw_percent_of_host,api-node1,api-node2,3,7,10,7.070707,10.10101,7.070707,20.20202,100.0,50.0,0.0,0.0,0.0,0.0,0.0,0.0,50.0,53.142857,81.913993,76.688347,3.0
2026-06-24T14:44:22.485839483Z,1000,per_hit,raw_percent_of_host,api-node1,api-node2,5,5,10,16.0,3.030303,16.0,6.060606,100.0,50.0,0.0,0.0,0.0,0.0,0.0,0.0,50.2,76.2,81.750167,72.257664,3.0
2026-06-24T14:44:23.48583948Z,1000,per_hit,raw_percent_of_host,api-node1,api-node2,6,4,10,15.151515,4.040404,15.151515,8.080808,100.0,50.0,0.0,0.0,0.0,0.0,0.0,0.0,50.0,56.75,80.690945,72.575012,3.0
2026-06-24T14:44:24.485841673Z,1000,per_hit,raw_percent_of_host,api-node1,api-node2,6,4,10,8.080808,9.174312,8.080808,18.348624,100.0,50.0,0.0,0.0,0.0,0.0,0.0,0.0,50.0,64.5,81.938661,64.18563,3.0
2026-06-24T14:44:25.485843982Z,1000,per_hit,raw_percent_of_host,api-node1,api-node2,4,6,10,11.0,9.0,11.0,18.0,100.0,50.0,0.0,0.0,0.0,0.0,0.0,0.0,50.0,60.166667,81.809071,82.080461,3.0
2026-06-24T14:44:26.485842364Z,1000,per_hit,raw_percent_of_host,api-node1,api-node2,6,4,10,5.050505,12.121212,5.050505,24.242424,100.0,50.0,0.0,0.0,0.0,0.0,0.0,0.0,50.0,55.0,82.57423,73.313714,3.0
2026-06-24T14:44:27.485839597Z,1000,per_hit,raw_percent_of_host,api-node1,api-node2,4,6,10,5.050505,13.131313,5.050505,26.262626,100.0,50.0,0.0,0.0,0.0,0.0,0.0,0.0,50.0,56.166667,83.533212,62.514735,3.0
2026-06-24T14:44:28.485841298Z,1000,per_hit,raw_percent_of_host,api-node1,api-node2,7,3,10,8.0,10.10101,8.0,20.20202,100.0,50.0,0.0,0.0,0.0,0.0,0.0,0.0,50.0,50.0,82.421707,79.300502,3.0
2026-06-24T14:44:29.485841387Z,1000,per_hit,raw_percent_of_host,api-node1,api-node2,7,3,10,15.0,3.030303,15.0,6.060606,100.0,50.0,0.0,0.0,0.0,0.0,0.0,0.0,50.0,71.0,81.454254,80.947829,3.0
2026-06-24T14:44:30.485839639Z,1000,per_hit,raw_percent_of_host,api-node1,api-node2,6,4,10,10.0,8.080808,10.0,16.161616,100.0,50.0,0.0,0.0,0.0,0.0,0.0,0.0,51.166667,56.0,81.819226,81.716557,3.0
2026-06-24T14:44:31.485845599Z,1000,per_hit,raw_percent_of_host,api-node1,api-node2,6,4,10,6.060606,13.861386,6.060606,27.722772,100.0,50.0,0.0,0.0,0.0,0.0,0.0,0.0,52.833333,54.5,82.76511,62.987862,3.0
2026-06-24T14:44:32.485841652Z,1000,per_hit,raw_percent_of_host,api-node1,api-node2,8,2,10,13.131313,5.050505,13.131313,10.10101,100.0,50.0,0.0,0.0,0.0,0.0,0.0,0.0,50.0,50.0,71.295792,78.475866,3.0
2026-06-24T14:44:33.485840388Z,1000,per_hit,raw_percent_of_host,api-node1,api-node2,5,5,10,5.940594,12.121212,5.940594,24.242424,100.0,50.0,0.0,0.0,0.0,0.0,0.0,0.0,50.0,73.8,72.960571,64.985354,3.0
2026-06-24T14:44:34.48584231Z,1000,per_hit,raw_percent_of_host,api-node1,api-node2,5,5,10,18.0,0.0,18.0,0.0,100.0,50.0,0.0,0.0,0.0,0.0,0.0,0.0,50.0,59.8,82.359815,83.292416,3.0
2026-06-24T14:44:35.485839549Z,1000,per_hit,raw_percent_of_host,api-node1,api-node2,5,5,10,15.151515,3.0,15.151515,6.0,100.0,50.0,0.0,0.0,0.0,0.0,0.0,0.0,50.0,57.4,81.35481,73.057749,3.0
2026-06-24T14:44:36.485840144Z,1000,per_hit,raw_percent_of_host,api-node1,api-node2,7,2,9,13.0,0.0,13.0,0.0,100.0,50.0,0.0,0.0,0.0,0.0,0.0,0.0,50.0,50.0,80.054388,76.04285,3.0
2026-06-24T14:44:37.485839777Z,1000,per_hit,raw_percent_of_host,api-node1,api-node2,5,6,11,5.050505,13.131313,5.050505,26.262626,100.0,50.0,0.0,0.0,0.0,0.0,0.0,0.0,52.0,60.833333,82.813383,65.12877,3.0
2026-06-24T14:44:38.485841001Z,1000,per_hit,raw_percent_of_host,api-node1,api-node2,6,4,10,12.244898,0.0,12.244898,0.0,100.0,50.0,0.0,0.0,0.0,0.0,0.0,0.0,50.0,55.0,81.646609,70.112536,3.0
2026-06-24T14:44:39.485839578Z,1000,per_hit,raw_percent_of_host,api-node1,api-node2,5,5,10,3.0,8.080808,3.0,16.161616,100.0,50.0,0.0,0.0,0.0,0.0,0.0,0.0,50.0,51.6,82.768814,71.792573,3.0
2026-06-24T14:44:40.485842854Z,1000,per_hit,raw_percent_of_host,api-node1,api-node2,5,5,10,5.0,9.0,5.0,18.0,100.0,50.0,0.0,0.0,0.0,0.0,0.0,0.0,50.0,60.0,83.226817,72.070256,3.0
2026-06-24T14:44:41.485841417Z,1000,per_hit,raw_percent_of_host,api-node1,api-node2,7,3,10,10.10101,4.040404,10.10101,8.080808,100.0,50.0,0.0,0.0,0.0,0.0,0.0,0.0,50.0,56.0,82.099631,72.534829,3.0
2026-06-24T14:44:42.485841501Z,1000,per_hit,raw_percent_of_host,api-node1,api-node2,5,5,10,6.0,9.0,6.0,18.0,100.0,50.0,0.0,0.0,0.0,0.0,0.0,0.0,50.0,84.0,83.178204,76.570269,3.0
2026-06-24T14:44:43.485839574Z,1000,per_hit,raw_percent_of_host,api-node1,api-node2,1,9,10,0.0,12.121212,0.0,24.242424,100.0,50.0,0.0,1.0,0.0,0.0,0.0,1.0,50.0,73.75,83.375477,74.642179,3.0
2026-06-24T14:44:44.485842233Z,1000,per_hit,raw_percent_of_host,api-node1,api-node2,8,2,10,13.131313,0.0,13.131313,0.0,100.0,50.0,0.0,0.0,0.0,0.0,0.0,0.0,52.75,99.666667,81.217752,70.197299,3.0
2026-06-24T14:44:45.485839837Z,1000,per_hit,raw_percent_of_host,api-node1,api-node2,4,6,10,5.0,8.080808,5.0,16.161616,100.0,50.0,0.0,0.0,0.0,0.0,0.0,0.0,50.0,63.666667,73.088558,79.352119,3.0
2026-06-24T14:44:46.485842595Z,1000,per_hit,raw_percent_of_host,api-node1,api-node2,7,3,10,10.10101,2.020202,10.10101,4.040404,100.0,50.0,0.0,0.0,0.0,0.0,0.0,0.0,50.0,62.333333,81.405616,72.359241,3.0
2026-06-24T14:44:47.48584039Z,1000,per_hit,raw_percent_of_host,api-node1,api-node2,9,1,10,10.10101,3.030303,10.10101,6.060606,100.0,50.0,1.0,0.0,0.0,0.0,1.0,0.0,56.5,68.0,82.245922,81.976895,3.0
2026-06-24T14:44:48.485841445Z,1000,per_hit,raw_percent_of_host,api-node1,api-node2,3,7,10,5.940594,9.0,5.940594,18.0,100.0,50.0,0.0,0.0,0.0,0.0,0.0,0.0,60.0,82.571429,71.796343,79.003581,3.0
2026-06-24T14:44:49.485846348Z,1000,per_hit,raw_percent_of_host,api-node1,api-node2,6,4,10,8.0,6.930693,8.0,13.861386,100.0,50.0,0.0,0.0,0.0,0.0,0.0,0.0,56.166667,55.75,82.023914,70.885008,3.0
2026-06-24T14:44:50.485841186Z,1000,per_hit,raw_percent_of_host,api-node1,api-node2,7,3,10,13.131313,0.0,13.131313,0.0,100.0,50.0,0.0,0.0,0.0,0.0,0.0,0.0,50.0,65.666667,80.997092,81.841755,3.0
2026-06-24T14:44:51.485839964Z,1000,per_hit,raw_percent_of_host,api-node1,api-node2,3,7,10,0.0,12.121212,0.0,24.242424,100.0,50.0,0.0,0.0,0.0,0.0,0.0,0.0,50.0,62.428571,82.962076,73.51486,3.0
2026-06-24T14:44:52.485840163Z,1000,per_hit,raw_percent_of_host,api-node1,api-node2,9,1,10,13.131313,0.0,13.131313,0.0,100.0,50.0,0.0,0.0,0.0,0.0,0.0,0.0,54.444444,50.0,80.834678,73.420893,3.0
2026-06-24T14:44:53.48584195Z,1000,per_hit,raw_percent_of_host,api-node1,api-node2,2,8,10,5.050505,8.080808,5.050505,16.161616,100.0,50.0,0.0,1.0,0.0,0.0,0.0,1.0,50.0,81.285714,73.082544,76.456387,3.0
2026-06-24T14:44:54.485840763Z,1000,per_hit,raw_percent_of_host,api-node1,api-node2,5,5,10,3.0,8.0,3.0,16.0,100.0,50.0,0.0,0.0,0.0,0.0,0.0,0.0,50.0,88.666667,83.196937,63.274478,3.0
2026-06-24T14:44:55.485839415Z,1000,per_hit,raw_percent_of_host,api-node1,api-node2,5,5,10,9.0,5.050505,9.0,10.10101,100.0,50.0,0.0,0.0,0.0,0.0,0.0,0.0,50.0,60.6,82.63887,72.146483,3.0
2026-06-24T14:44:56.485839448Z,1000,per_hit,raw_percent_of_host,api-node1,api-node2,7,3,10,10.10101,2.020202,10.10101,4.040404,100.0,50.0,0.0,0.0,0.0,0.0,0.0,0.0,53.0,66.0,81.406914,72.363691,3.0
2026-06-24T14:44:57.48584193Z,1000,per_hit,raw_percent_of_host,api-node1,api-node2,6,4,10,14.0,1.0,14.0,2.0,100.0,50.0,0.0,0.0,0.0,0.0,0.0,0.0,50.0,51.75,70.929866,83.216882,3.0
2026-06-24T14:44:58.485841229Z,1000,per_hit,raw_percent_of_host,api-node1,api-node2,5,5,10,13.131313,0.0,13.131313,0.0,100.0,50.0,0.0,0.0,0.0,0.0,0.0,0.0,50.0,117.6,80.313507,72.356329,3.0
2026-06-24T14:44:59.485848777Z,1000,per_hit,raw_percent_of_host,api-node1,api-node2,5,5,10,10.10101,3.0,10.10101,6.0,100.0,50.0,0.0,0.0,0.0,0.0,0.0,0.0,50.0,107.2,81.486146,72.3076,3.0
2026-06-24T14:45:00.485842206Z,1000,per_hit,raw_percent_of_host,api-node1,api-node2,6,4,10,13.861386,0.0,13.861386,0.0,100.0,50.0,0.0,0.0,0.0,0.0,0.0,0.0,50.0,52.25,80.289432,73.187121,3.0
2026-06-24T14:45:01.485839532Z,1000,per_hit,raw_percent_of_host,api-node1,api-node2,5,5,10,10.10101,3.0,10.10101,6.0,100.0,50.0,0.0,0.0,0.0,0.0,0.0,0.0,50.0,58.6,81.009978,73.293685,3.0
2026-06-24T14:45:02.485839496Z,1000,per_hit,raw_percent_of_host,api-node1,api-node2,4,6,10,4.0,8.080808,4.0,16.161616,100.0,50.0,0.0,0.0,0.0,0.0,0.0,0.0,50.0,53.166667,82.722748,71.788829,3.0
2026-06-24T14:45:03.485839616Z,1000,per_hit,raw_percent_of_host,api-node1,api-node2,6,4,10,4.0,9.183673,4.0,18.367347,100.0,50.0,0.0,0.0,0.0,0.0,0.0,0.0,50.0,52.5,82.946593,72.168218,3.0
2026-06-24T14:45:04.485841542Z,1000,per_hit,raw_percent_of_host,api-node1,api-node2,5,5,10,13.131313,0.0,13.131313,0.0,100.0,50.0,0.0,0.0,0.0,0.0,0.0,0.0,50.0,61.6,71.334398,82.114346,3.0
2026-06-24T14:45:05.485839547Z,1000,per_hit,raw_percent_of_host,api-node1,api-node2,4,6,10,14.0,1.0,14.0,2.0,100.0,50.0,0.0,1.0,0.0,0.0,0.0,1.0,50.0,98.4,79.926168,71.71682,3.0
2026-06-24T14:45:06.48583984Z,1000,per_hit,raw_percent_of_host,api-node1,api-node2,6,4,10,13.0,0.0,13.0,0.0,100.0,50.0,0.0,0.0,0.0,0.0,0.0,0.0,50.0,72.4,80.859123,73.566143,3.0
2026-06-24T14:45:07.485841283Z,1000,per_hit,raw_percent_of_host,api-node1,api-node2,5,5,10,13.131313,2.0,13.131313,4.0,100.0,50.0,0.0,0.0,0.0,0.0,0.0,0.0,50.0,99.4,80.380494,71.754205,3.0
2026-06-24T14:45:08.485842519Z,1000,per_hit,raw_percent_of_host,api-node1,api-node2,8,2,10,13.131313,0.0,13.131313,0.0,100.0,50.0,0.0,0.0,0.0,0.0,0.0,0.0,52.125,54.0,79.975945,73.537512,3.0
2026-06-24T14:45:09.485839459Z,1000,per_hit,raw_percent_of_host,api-node1,api-node2,5,5,10,5.050505,8.080808,5.050505,16.161616,100.0,50.0,0.0,0.0,0.0,0.0,0.0,0.0,50.0,53.8,83.177202,81.677316,3.0
2026-06-24T14:45:10.485842525Z,1000,per_hit,raw_percent_of_host,api-node1,api-node2,4,6,10,10.10101,3.030303,10.10101,6.060606,100.0,50.0,0.0,0.0,0.0,0.0,0.0,0.0,50.0,56.166667,82.098629,72.738756,3.0
2026-06-24T14:45:11.48584153Z,1000,per_hit,raw_percent_of_host,api-node1,api-node2,5,5,10,11.0,3.0,11.0,6.0,100.0,50.0,0.0,0.0,0.0,0.0,0.0,0.0,50.0,61.0,81.360011,73.031555,3.0
2026-06-24T14:45:12.485841859Z,1000,per_hit,raw_percent_of_host,api-node1,api-node2,4,6,10,12.121212,1.0,12.121212,2.0,100.0,50.0,0.0,1.0,0.0,0.0,0.0,1.0,50.25,99.2,80.943998,81.745046,3.0
2026-06-24T14:45:13.485839568Z,1000,per_hit,raw_percent_of_host,api-node1,api-node2,4,6,10,10.10101,3.030303,10.10101,6.060606,100.0,50.0,0.0,0.0,0.0,0.0,0.0,0.0,50.0,92.571429,82.017013,71.493573,3.0
2026-06-24T14:45:14.485841383Z,1000,per_hit,raw_percent_of_host,api-node1,api-node2,5,5,10,3.030303,8.080808,3.030303,16.161616,100.0,50.0,0.0,0.0,0.0,0.0,0.0,0.0,50.0,58.0,82.529031,69.11913,3.0
2026-06-24T14:45:15.485839471Z,1000,per_hit,raw_percent_of_host,api-node1,api-node2,5,5,10,10.10101,3.030303,10.10101,6.060606,100.0,50.0,0.0,0.0,0.0,0.0,0.0,0.0,50.0,61.8,82.117412,72.656539,3.0
2026-06-24T14:45:16.485839911Z,1000,per_hit,raw_percent_of_host,api-node1,api-node2,6,4,10,10.0,3.030303,10.0,6.060606,100.0,50.0,0.0,0.0,0.0,0.0,0.0,0.0,50.0,56.5,81.250791,73.065426,3.0
2026-06-24T14:45:17.485842326Z,1000,per_hit,raw_percent_of_host,api-node1,api-node2,5,5,10,13.0,0.0,13.0,0.0,100.0,50.0,0.0,0.0,0.0,0.0,0.0,0.0,50.0,60.8,81.161601,72.655124,3.0
2026-06-24T14:45:18.485841565Z,1000,per_hit,raw_percent_of_host,api-node1,api-node2,4,6,10,5.050505,10.0,5.050505,20.0,100.0,50.0,0.0,0.0,0.0,0.0,0.0,0.0,50.0,62.666667,82.582342,69.81181,3.0
2026-06-24T14:45:19.485841805Z,1000,per_hit,raw_percent_of_host,api-node1,api-node2,8,2,10,13.131313,0.0,13.131313,0.0,100.0,50.0,0.0,0.0,0.0,0.0,0.0,0.0,50.25,74.0,80.815895,71.653553,3.0
2026-06-24T14:45:20.485841154Z,1000,per_hit,raw_percent_of_host,api-node1,api-node2,5,5,10,3.0,10.0,3.0,20.0,100.0,50.0,0.0,0.0,0.0,0.0,0.0,0.0,50.0,82.2,73.195242,74.876145,3.0
2026-06-24T14:45:21.48584008Z,1000,per_hit,raw_percent_of_host,api-node1,api-node2,5,5,10,3.0,9.090909,3.0,18.181818,100.0,50.0,0.0,0.0,0.0,0.0,0.0,0.0,50.0,60.8,83.540763,76.758477,3.0
2026-06-24T14:45:22.485839845Z,1000,per_hit,raw_percent_of_host,api-node1,api-node2,5,5,10,10.10101,3.960396,10.10101,7.920792,100.0,50.0,0.0,0.0,0.0,0.0,0.0,0.0,50.0,112.4,82.200026,72.298134,3.0
2026-06-24T14:45:23.485841512Z,1000,per_hit,raw_percent_of_host,api-node1,api-node2,4,6,10,0.0,12.121212,0.0,24.242424,100.0,50.0,0.0,0.0,0.0,0.0,0.0,0.0,50.0,67.0,82.620409,67.574735,3.0
2026-06-24T14:45:24.485839593Z,1000,per_hit,raw_percent_of_host,api-node1,api-node2,7,3,10,7.070707,5.050505,7.070707,10.10101,100.0,50.0,1.0,0.0,0.0,0.0,1.0,0.0,50.0,65.333333,83.15206,76.62845,3.0
2026-06-24T14:45:25.485841963Z,1000,per_hit,raw_percent_of_host,api-node1,api-node2,6,4,10,14.0,0.0,14.0,0.0,100.0,50.0,0.0,0.0,0.0,0.0,0.0,0.0,58.142857,63.75,70.614576,82.595385,3.0
2026-06-24T14:45:26.485839475Z,1000,per_hit,raw_percent_of_host,api-node1,api-node2,5,5,10,2.020202,9.090909,2.020202,18.181818,100.0,50.0,0.0,0.0,0.0,0.0,0.0,0.0,50.0,73.6,82.367632,79.288309,3.0
2026-06-24T14:45:27.485841165Z,1000,per_hit,raw_percent_of_host,api-node1,api-node2,6,4,10,10.10101,3.030303,10.10101,6.060606,100.0,50.0,0.0,0.0,0.0,0.0,0.0,0.0,50.0,58.0,82.117412,70.258693,3.0
2026-06-24T14:45:28.485840233Z,1000,per_hit,raw_percent_of_host,api-node1,api-node2,6,4,10,11.0,4.0,11.0,8.0,100.0,50.0,0.0,0.0,0.0,0.0,0.0,0.0,50.0,68.0,81.63489,71.961028,3.0
2026-06-24T14:45:29.485839574Z,1000,per_hit,raw_percent_of_host,api-node1,api-node2,5,5,10,3.0,8.080808,3.0,16.161616,100.0,50.0,0.0,0.0,0.0,0.0,0.0,0.0,50.0,50.0,83.291441,71.721608,3.0
2026-06-24T14:45:30.485840705Z,1000,per_hit,raw_percent_of_host,api-node1,api-node2,7,3,10,9.0,6.060606,9.0,12.121212,100.0,50.0,0.0,0.0,0.0,0.0,0.0,0.0,50.0,50.0,82.621634,71.407224,3.0
2026-06-24T14:45:31.485839964Z,1000,per_hit,raw_percent_of_host,api-node1,api-node2,4,6,10,3.030303,8.080808,3.030303,16.161616,100.0,50.0,0.0,0.0,0.0,0.0,0.0,0.0,50.0,77.833333,73.416351,73.183969,3.0
2026-06-24T14:45:32.485839412Z,1000,per_hit,raw_percent_of_host,api-node1,api-node2,3,7,10,0.990099,11.22449,0.990099,22.44898,100.0,50.0,0.0,0.0,0.0,0.0,0.0,0.0,50.0,53.285714,82.639486,73.025326,3.0
2026-06-24T14:45:33.485847761Z,1000,per_hit,raw_percent_of_host,api-node1,api-node2,6,4,10,13.0,0.0,13.0,0.0,100.0,50.0,0.0,0.0,0.0,0.0,0.0,0.0,53.166667,61.0,80.791134,73.435819,3.0
2026-06-24T14:45:34.485840191Z,1000,per_hit,raw_percent_of_host,api-node1,api-node2,4,6,10,5.050505,8.0,5.050505,16.0,100.0,50.0,0.0,0.0,0.0,0.0,0.0,0.0,50.0,54.166667,82.076111,71.776588,3.0
2026-06-24T14:45:35.485842185Z,1000,per_hit,raw_percent_of_host,api-node1,api-node2,7,3,10,12.121212,0.0,12.121212,0.0,100.0,50.0,1.0,0.0,0.0,0.0,1.0,0.0,50.0,88.333333,81.174536,72.359557,3.0
2026-06-24T14:45:36.485843688Z,1000,per_hit,raw_percent_of_host,api-node1,api-node2,4,6,10,5.050505,8.080808,5.050505,16.161616,100.0,50.0,0.0,0.0,0.0,0.0,0.0,0.0,57.0,85.333333,79.093792,67.446985,3.0
2026-06-24T14:45:37.485840985Z,1000,per_hit,raw_percent_of_host,api-node1,api-node2,6,4,10,13.131313,0.0,13.131313,0.0,100.0,50.0,0.0,0.0,0.0,0.0,0.0,0.0,50.0,72.75,80.815895,69.716827,3.0
2026-06-24T14:45:38.485839543Z,1000,per_hit,raw_percent_of_host,api-node1,api-node2,5,5,10,14.0,0.0,14.0,0.0,100.0,50.0,0.0,0.0,0.0,0.0,0.0,0.0,50.0,84.4,80.1422,72.834439,3.0
2026-06-24T14:45:39.485840604Z,1000,per_hit,raw_percent_of_host,api-node1,api-node2,3,7,10,5.0,8.080808,5.0,16.161616,100.0,50.0,0.0,0.0,0.0,0.0,0.0,0.0,50.0,94.0,82.406331,63.605184,3.0
2026-06-24T14:45:40.485841334Z,1000,per_hit,raw_percent_of_host,api-node1,api-node2,5,5,10,5.050505,8.080808,5.050505,16.161616,100.0,50.0,0.0,0.0,0.0,0.0,0.0,0.0,54.0,57.4,82.897028,69.39992,3.0
2026-06-24T14:45:41.485839463Z,1000,per_hit,raw_percent_of_host,api-node1,api-node2,4,6,10,7.070707,6.0,7.070707,12.0,100.0,50.0,0.0,0.0,0.0,0.0,0.0,0.0,50.0,92.166667,82.976854,76.239144,3.0
2026-06-24T14:45:42.485839473Z,1000,per_hit,raw_percent_of_host,api-node1,api-node2,6,4,10,7.070707,5.0,7.070707,10.0,100.0,50.0,0.0,0.0,0.0,0.0,0.0,0.0,50.0,61.75,82.038207,68.745063,3.0
2026-06-24T14:45:43.485839467Z,1000,per_hit,raw_percent_of_host,api-node1,api-node2,6,4,10,13.131313,1.0,13.131313,2.0,100.0,50.0,0.0,0.0,0.0,0.0,0.0,0.0,50.0,62.25,81.329428,73.232804,3.0
2026-06-24T14:45:44.485841397Z,1000,per_hit,raw_percent_of_host,api-node1,api-node2,4,6,10,8.0,5.050505,8.0,10.10101,100.0,50.0,0.0,0.0,0.0,0.0,0.0,0.0,50.0,98.833333,81.929165,68.647938,3.0
2026-06-24T14:45:45.48584044Z,1000,per_hit,raw_percent_of_host,api-node1,api-node2,7,3,10,13.131313,1.980198,13.131313,3.960396,100.0,50.0,0.0,0.0,0.0,0.0,0.0,0.0,50.0,52.666667,80.726819,73.243039,3.0
2026-06-24T14:45:46.485842688Z,1000,per_hit,raw_percent_of_host,api-node1,api-node2,5,5,10,8.0,5.0,8.0,10.0,100.0,50.0,0.0,0.0,0.0,0.0,0.0,0.0,50.0,75.2,82.522185,79.907413,3.0
2026-06-24T14:45:47.485841592Z,1000,per_hit,raw_percent_of_host,api-node1,api-node2,4,6,10,5.0,8.080808,5.0,16.161616,100.0,50.0,0.0,0.0,0.0,0.0,0.0,0.0,50.0,69.833333,82.424943,64.274653,3.0
2026-06-24T14:45:48.485842425Z,1000,per_hit,raw_percent_of_host,api-node1,api-node2,4,6,10,5.050505,8.080808,5.050505,16.161616,100.0,50.0,0.0,0.0,0.0,0.0,0.0,0.0,50.0,54.5,82.509007,71.539933,3.0
2026-06-24T14:45:49.485839833Z,1000,per_hit,raw_percent_of_host,api-node1,api-node2,5,5,10,13.131313,0.0,13.131313,0.0,100.0,50.0,0.0,0.0,0.0,0.0,0.0,0.0,50.0,61.4,80.815895,73.210474,3.0
2026-06-24T14:45:50.485842233Z,1000,per_hit,raw_percent_of_host,api-node1,api-node2,5,5,10,8.163265,5.050505,8.163265,10.10101,100.0,50.0,0.0,0.0,0.0,0.0,0.0,0.0,50.0,57.6,81.368236,70.232132,3.0
2026-06-24T14:45:51.485840313Z,1000,per_hit,raw_percent_of_host,api-node1,api-node2,3,7,10,0.0,13.131313,0.0,26.262626,100.0,50.0,0.0,0.0,0.0,0.0,0.0,0.0,50.0,60.285714,82.500918,53.163985,3.0
2026-06-24T14:45:52.485839395Z,1000,per_hit,raw_percent_of_host,api-node1,api-node2,5,5,10,7.070707,5.102041,7.070707,10.204082,100.0,50.0,0.0,0.0,0.0,0.0,0.0,0.0,50.0,60.0,82.646914,66.469099,3.0
2026-06-24T14:45:53.485841349Z,1000,per_hit,raw_percent_of_host,api-node1,api-node2,5,5,10,8.080808,6.0,8.080808,12.0,100.0,50.0,0.0,0.0,0.0,0.0,0.0,0.0,50.0,60.8,82.323084,70.178338,3.0
2026-06-24T14:45:54.485842313Z,1000,per_hit,raw_percent_of_host,api-node1,api-node2,4,6,10,4.0,8.163265,4.0,16.326531,100.0,50.0,0.0,0.0,0.0,0.0,0.0,0.0,50.0,65.5,82.689661,66.895673,3.0
2026-06-24T14:45:55.485839545Z,1000,per_hit,raw_percent_of_host,api-node1,api-node2,5,5,10,0.0,11.111111,0.0,22.222222,100.0,50.0,0.0,0.0,0.0,0.0,0.0,0.0,50.0,60.8,82.635767,69.850616,3.0
2026-06-24T14:45:56.48584075Z,1000,per_hit,raw_percent_of_host,api-node1,api-node2,3,7,10,3.960396,9.90099,3.960396,19.80198,100.0,50.0,0.0,0.0,0.0,0.0,0.0,0.0,50.0,84.285714,73.546136,72.320824,3.0
2026-06-24T14:45:57.485839442Z,1000,per_hit,raw_percent_of_host,api-node1,api-node2,6,4,10,10.204082,4.040404,10.204082,8.080808,100.0,50.0,0.0,0.0,0.0,0.0,0.0,0.0,50.0,82.75,81.823083,71.350711,3.0
2026-06-24T14:45:58.485840024Z,1000,per_hit,raw_percent_of_host,api-node1,api-node2,5,5,10,9.0,5.050505,9.0,10.10101,100.0,50.0,0.0,0.0,0.0,0.0,0.0,0.0,50.0,83.2,82.413775,71.633449,3.0
2026-06-24T14:45:59.485843795Z,1000,per_hit,raw_percent_of_host,api-node1,api-node2,5,5,10,7.142857,6.930693,7.142857,13.861386,100.0,50.0,0.0,0.0,0.0,0.0,0.0,0.0,50.0,52.6,82.457164,70.883473,3.0
2026-06-24T14:46:00.485839669Z,1000,per_hit,raw_percent_of_host,api-node1,api-node2,8,2,10,11.0,3.030303,11.0,6.060606,100.0,50.0,0.0,0.0,0.0,0.0,0.0,0.0,50.0,50.0,81.067598,72.899303,3.0
2026-06-24T14:46:01.485839885Z,1000,per_hit,raw_percent_of_host,api-node1,api-node2,5,5,10,0.0,11.0,0.0,22.0,100.0,50.0,0.0,0.0,0.0,0.0,0.0,0.0,55.0,63.0,73.262713,79.040863,3.0
2026-06-24T14:46:02.485839987Z,1000,per_hit,raw_percent_of_host,api-node1,api-node2,3,7,10,0.0,12.0,0.0,24.0,100.0,50.0,0.0,0.0,0.0,0.0,0.0,0.0,50.0,78.0,83.578367,76.706826,3.0
2026-06-24T14:46:03.485839465Z,1000,per_hit,raw_percent_of_host,api-node1,api-node2,6,4,10,12.121212,1.010101,12.121212,2.020202,100.0,50.0,0.0,0.0,0.0,0.0,0.0,0.0,50.0,69.25,81.185144,73.125918,3.0
2026-06-24T14:46:04.485839541Z,1000,per_hit,raw_percent_of_host,api-node1,api-node2,5,5,10,8.0,5.050505,8.0,10.10101,100.0,50.0,0.0,0.0,0.0,0.0,0.0,0.0,50.0,59.8,82.128839,72.339649,3.0
2026-06-24T14:46:05.485840157Z,1000,per_hit,raw_percent_of_host,api-node1,api-node2,9,1,10,12.0,1.0,12.0,2.0,100.0,50.0,0.0,0.0,0.0,0.0,0.0,0.0,50.0,50.0,81.15117,73.253305,3.0
2026-06-24T14:46:06.485841771Z,1000,per_hit,raw_percent_of_host,api-node1,api-node2,6,4,10,12.121212,0.0,12.121212,0.0,100.0,50.0,0.0,0.0,0.0,0.0,0.0,0.0,50.0,71.75,71.391989,82.191367,3.0
2026-06-24T14:46:07.485841286Z,1000,per_hit,raw_percent_of_host,api-node1,api-node2,7,3,10,13.861386,0.0,13.861386,0.0,100.0,50.0,0.0,0.0,0.0,0.0,0.0,0.0,50.0,61.666667,80.295479,73.502147,3.0
2026-06-24T14:46:08.485840422Z,1000,per_hit,raw_percent_of_host,api-node1,api-node2,6,4,10,8.0,5.050505,8.0,10.10101,100.0,50.0,0.0,0.0,0.0,0.0,0.0,0.0,53.833333,62.0,82.4143,82.15247,3.0
2026-06-24T14:46:09.485839516Z,1000,per_hit,raw_percent_of_host,api-node1,api-node2,2,6,8,8.0,7.920792,8.0,15.841584,100.0,50.0,0.0,0.0,0.0,0.0,0.0,0.0,50.0,68.166667,82.26877,81.439045,3.0
2026-06-24T14:46:10.485839568Z,1000,per_hit,raw_percent_of_host,api-node1,api-node2,6,6,12,10.10101,5.050505,10.10101,10.10101,100.0,50.0,0.0,0.0,0.0,0.0,0.0,0.0,52.166667,58.166667,82.183406,72.697588,3.0
2026-06-24T14:46:11.485839634Z,1000,per_hit,raw_percent_of_host,api-node1,api-node2,2,7,9,5.050505,9.090909,5.050505,18.181818,100.0,50.0,0.0,1.0,0.0,0.0,0.0,1.0,50.0,69.0,82.654506,82.141617,3.0
2026-06-24T14:46:12.485842017Z,1000,per_hit,raw_percent_of_host,api-node1,api-node2,7,4,11,10.10101,6.060606,10.10101,12.121212,100.0,50.0,0.0,0.0,0.0,0.0,0.0,0.0,51.714286,82.6,82.143215,70.553496,3.0
2026-06-24T14:46:13.48584243Z,1000,per_hit,raw_percent_of_host,api-node1,api-node2,4,6,10,6.060606,8.0,6.060606,16.0,100.0,50.0,0.0,0.0,0.0,0.0,0.0,0.0,50.0,62.833333,76.434383,74.537203,3.0
2026-06-24T14:46:14.485841009Z,1000,per_hit,raw_percent_of_host,api-node1,api-node2,7,3,10,13.131313,0.0,13.131313,0.0,100.0,50.0,0.0,0.0,0.0,0.0,0.0,0.0,50.0,63.333333,80.622075,82.277995,3.0
2026-06-24T14:46:15.485839582Z,1000,per_hit,raw_percent_of_host,api-node1,api-node2,8,2,10,13.131313,0.0,13.131313,0.0,100.0,50.0,0.0,0.0,0.0,0.0,0.0,0.0,50.0,50.0,80.6364,76.844454,3.0
2026-06-24T14:46:16.485839509Z,1000,per_hit,raw_percent_of_host,api-node1,api-node2,5,5,10,10.0,4.0,10.0,8.0,100.0,50.0,0.0,0.0,0.0,0.0,0.0,0.0,50.0,78.2,75.178226,82.290472,3.0
2026-06-24T14:46:17.485851401Z,1000,per_hit,raw_percent_of_host,api-node1,api-node2,6,4,10,13.0,0.0,13.0,0.0,100.0,50.0,0.0,0.0,0.0,0.0,0.0,0.0,50.0,80.75,80.461229,76.189131,3.0
2026-06-24T14:46:18.485842409Z,1000,per_hit,raw_percent_of_host,api-node1,api-node2,6,4,10,9.090909,6.060606,9.090909,12.121212,100.0,50.0,0.0,0.0,0.0,0.0,0.0,0.0,50.0,53.0,81.742781,74.656887,3.0
2026-06-24T14:46:19.485841728Z,1000,per_hit,raw_percent_of_host,api-node1,api-node2,6,4,10,9.0,5.0,9.0,10.0,100.0,50.0,0.0,0.0,0.0,0.0,0.0,0.0,56.0,52.25,81.36746,75.238,3.0
2026-06-24T14:46:20.485839992Z,1000,per_hit,raw_percent_of_host,api-node1,api-node2,9,1,10,8.080808,5.0,8.080808,10.0,100.0,50.0,1.0,0.0,0.0,0.0,1.0,0.0,55.375,50.0,81.711756,75.351982,3.0
2026-06-24T14:46:21.485840239Z,1000,per_hit,raw_percent_of_host,api-node1,api-node2,8,2,10,13.0,0.0,13.0,0.0,100.0,50.0,0.0,0.0,0.0,0.0,0.0,0.0,54.222222,50.0,73.530673,83.468998,3.0
2026-06-24T14:46:22.485839458Z,1000,per_hit,raw_percent_of_host,api-node1,api-node2,7,3,10,8.0,5.050505,8.0,10.10101,100.0,50.0,0.0,0.0,0.0,0.0,0.0,0.0,51.285714,53.0,75.814739,82.025785,3.0
2026-06-24T14:46:23.485843212Z,1000,per_hit,raw_percent_of_host,api-node1,api-node2,6,4,10,5.0,10.10101,5.0,20.20202,100.0,50.0,0.0,0.0,0.0,0.0,0.0,0.0,50.0,59.25,83.433027,79.557452,3.0
2026-06-24T14:46:24.485841137Z,1000,per_hit,raw_percent_of_host,api-node1,api-node2,5,5,10,3.0,8.163265,3.0,16.326531,100.0,50.0,0.0,0.0,0.0,0.0,0.0,0.0,50.0,52.2,76.915553,78.245077,3.0
2026-06-24T14:46:25.485839911Z,1000,per_hit,raw_percent_of_host,api-node1,api-node2,6,4,10,13.0,0.0,13.0,0.0,100.0,50.0,0.0,0.0,0.0,0.0,0.0,0.0,50.0,99.5,81.037656,75.643397,3.0
2026-06-24T14:46:26.485840874Z,1000,per_hit,raw_percent_of_host,api-node1,api-node2,4,6,10,5.050505,8.080808,5.050505,16.161616,100.0,50.0,0.0,0.0,0.0,0.0,0.0,0.0,50.0,58.5,82.486816,74.88438,3.0
2026-06-24T14:46:27.485839698Z,1000,per_hit,raw_percent_of_host,api-node1,api-node2,5,5,10,5.050505,8.080808,5.050505,16.161616,100.0,50.0,1.0,0.0,0.0,0.0,1.0,0.0,50.5,75.0,82.920837,66.647075,3.0
2026-06-24T14:46:28.485839677Z,1000,per_hit,raw_percent_of_host,api-node1,api-node2,5,5,10,6.862745,8.080808,6.862745,16.161616,100.0,50.0,0.0,0.0,0.0,0.0,0.0,0.0,56.833333,53.4,80.411277,81.129104,3.0
2026-06-24T14:46:29.485848283Z,1000,per_hit,raw_percent_of_host,api-node1,api-node2,4,6,10,3.030303,9.0,3.030303,18.0,100.0,50.0,0.0,0.0,0.0,0.0,0.0,0.0,59.25,52.5,83.080849,81.861859,3.0
2026-06-24T14:46:30.485841827Z,1000,per_hit,raw_percent_of_host,api-node1,api-node2,4,6,10,5.050505,8.080808,5.050505,16.161616,100.0,50.0,0.0,0.0,0.0,0.0,0.0,0.0,50.0,57.333333,81.85455,74.705454,3.0
2026-06-24T14:46:31.48584153Z,1000,per_hit,raw_percent_of_host,api-node1,api-node2,3,7,10,3.0,9.090909,3.0,18.181818,100.0,50.0,0.0,0.0,0.0,0.0,0.0,0.0,50.0,57.142857,83.245591,82.001315,3.0
2026-06-24T14:46:32.485840784Z,1000,per_hit,raw_percent_of_host,api-node1,api-node2,3,7,10,8.0,6.0,8.0,12.0,100.0,50.0,0.0,1.0,0.0,0.0,0.0,1.0,50.0,70.833333,82.273996,72.810643,3.0
2026-06-24T14:46:33.485841211Z,1000,per_hit,raw_percent_of_host,api-node1,api-node2,2,8,10,0.0,12.121212,0.0,24.242424,100.0,50.0,0.0,0.0,0.0,0.0,0.0,0.0,50.0,94.777778,83.521242,68.745344,3.0
2026-06-24T14:46:34.48584057Z,1000,per_hit,raw_percent_of_host,api-node1,api-node2,5,5,10,12.244898,0.0,12.244898,0.0,100.0,50.0,0.0,1.0,0.0,0.0,0.0,1.0,50.0,83.75,80.707698,72.375167,3.0
2026-06-24T14:46:35.485841238Z,1000,per_hit,raw_percent_of_host,api-node1,api-node2,4,6,10,5.050505,8.163265,5.050505,16.326531,100.0,50.0,0.0,0.0,0.0,0.0,0.0,0.0,50.25,69.428571,82.810993,74.964766,3.0
2026-06-24T14:46:36.485841194Z,1000,per_hit,raw_percent_of_host,api-node1,api-node2,5,5,10,11.0,3.0,11.0,6.0,100.0,50.0,0.0,0.0,0.0,0.0,0.0,0.0,50.0,59.6,81.217845,76.367676,3.0
2026-06-24T14:46:37.485840983Z,1000,per_hit,raw_percent_of_host,api-node1,api-node2,6,4,10,5.050505,9.0,5.050505,18.0,100.0,50.0,0.0,0.0,0.0,0.0,0.0,0.0,50.0,62.5,82.601077,73.476367,3.0
2026-06-24T14:46:38.485841042Z,1000,per_hit,raw_percent_of_host,api-node1,api-node2,5,5,10,0.0,13.861386,0.0,27.722772,100.0,50.0,0.0,0.0,0.0,0.0,0.0,0.0,52.2,52.6,76.823754,58.674971,3.0
2026-06-24T14:46:39.485841478Z,1000,per_hit,raw_percent_of_host,api-node1,api-node2,6,4,10,2.020202,9.0,2.020202,18.0,100.0,50.0,0.0,0.0,0.0,0.0,0.0,0.0,57.666667,54.0,76.804207,78.31291,3.0
2026-06-24T14:46:40.485839659Z,1000,per_hit,raw_percent_of_host,api-node1,api-node2,5,5,10,2.020202,8.080808,2.020202,16.161616,100.0,50.0,0.0,0.0,0.0,0.0,0.0,0.0,50.0,50.0,83.578614,81.033424,3.0
2026-06-24T14:46:41.485839535Z,1000,per_hit,raw_percent_of_host,api-node1,api-node2,9,1,10,13.0,1.0,13.0,2.0,100.0,50.0,1.0,0.0,0.0,0.0,1.0,0.0,51.5,86.0,81.07234,82.408945,3.0
2026-06-24T14:46:42.485840137Z,1000,per_hit,raw_percent_of_host,api-node1,api-node2,7,3,10,13.131313,0.0,13.131313,0.0,100.0,50.0,0.0,0.0,0.0,0.0,0.0,0.0,55.0,65.333333,72.438517,78.460197,3.0
2026-06-24T14:46:43.485842215Z,1000,per_hit,raw_percent_of_host,api-node1,api-node2,6,3,9,6.060606,9.090909,6.060606,18.181818,100.0,50.0,0.0,0.0,0.0,0.0,0.0,0.0,51.5,58.0,82.786218,74.848025,3.0
2026-06-24T14:46:44.485840217Z,1000,per_hit,raw_percent_of_host,api-node1,api-node2,4,6,10,12.0,3.0,12.0,6.0,100.0,50.0,0.0,1.0,0.0,0.0,0.0,1.0,50.0,67.2,81.47369,82.074252,3.0
2026-06-24T14:46:45.48583945Z,1000,per_hit,raw_percent_of_host,api-node1,api-node2,3,7,10,11.0,0.0,11.0,0.0,100.0,50.0,0.0,0.0,0.0,0.0,0.0,0.0,50.0,83.0,80.818349,75.598169,3.0
2026-06-24T14:46:46.485841469Z,1000,per_hit,raw_percent_of_host,api-node1,api-node2,5,5,10,5.050505,8.080808,5.050505,16.161616,100.0,50.0,0.0,0.0,0.0,0.0,0.0,0.0,50.0,57.4,82.649962,75.163874,3.0
2026-06-24T14:46:47.485839623Z,1000,per_hit,raw_percent_of_host,api-node1,api-node2,6,4,10,8.080808,5.0,8.080808,10.0,100.0,50.0,1.0,0.0,0.0,0.0,1.0,0.0,50.0,58.25,82.903545,79.950962,3.0
2026-06-24T14:46:48.485840685Z,1000,per_hit,raw_percent_of_host,api-node1,api-node2,7,3,10,14.141414,0.0,14.141414,0.0,100.0,50.0,0.0,0.0,0.0,0.0,0.0,0.0,56.25,57.333333,78.927268,75.584903,3.0
2026-06-24T14:46:49.485839581Z,1000,per_hit,raw_percent_of_host,api-node1,api-node2,3,7,10,10.10101,3.0,10.10101,6.0,100.0,50.0,0.0,0.0,0.0,0.0,0.0,0.0,50.0,60.0,81.339482,82.166452,3.0
2026-06-24T14:46:50.485841746Z,1000,per_hit,raw_percent_of_host,api-node1,api-node2,5,5,10,5.050505,8.0,5.050505,16.0,100.0,50.0,0.0,0.0,0.0,0.0,0.0,0.0,50.0,60.2,82.743243,75.065362,3.0
2026-06-24T14:46:51.485839553Z,1000,per_hit,raw_percent_of_host,api-node1,api-node2,6,4,10,13.131313,0.0,13.131313,0.0,100.0,50.0,0.0,0.0,0.0,0.0,0.0,0.0,50.0,52.0,81.305124,76.337768,3.0
2026-06-24T14:46:52.48584223Z,1000,per_hit,raw_percent_of_host,api-node1,api-node2,6,4,10,7.070707,6.930693,7.070707,13.861386,100.0,50.0,0.0,0.0,0.0,0.0,0.0,0.0,50.0,50.0,81.755923,74.430601,3.0
2026-06-24T14:46:53.485841933Z,1000,per_hit,raw_percent_of_host,api-node1,api-node2,7,3,10,8.0,5.050505,8.0,10.10101,100.0,50.0,0.0,0.0,0.0,0.0,0.0,0.0,50.0,64.666667,76.13927,79.312338,3.0
2026-06-24T14:46:54.485841755Z,1000,per_hit,raw_percent_of_host,api-node1,api-node2,5,5,10,8.080808,5.050505,8.080808,10.10101,100.0,50.0,0.0,0.0,0.0,0.0,0.0,0.0,50.0,67.0,82.688833,73.881455,3.0
2026-06-24T14:46:55.485839996Z,1000,per_hit,raw_percent_of_host,api-node1,api-node2,4,6,10,1.0,11.111111,1.0,22.222222,100.0,50.0,0.0,0.0,0.0,0.0,0.0,0.0,50.0,51.5,83.277403,76.241691,3.0
2026-06-24T14:46:56.485841982Z,1000,per_hit,raw_percent_of_host,api-node1,api-node2,6,4,10,13.131313,0.0,13.131313,0.0,100.0,50.0,0.0,0.0,0.0,0.0,0.0,0.0,50.0,59.0,80.958834,75.976969,3.0
2026-06-24T14:46:57.485839487Z,1000,per_hit,raw_percent_of_host,api-node1,api-node2,5,5,10,0.0,12.121212,0.0,24.242424,100.0,50.0,0.0,0.0,0.0,0.0,0.0,0.0,52.0,60.6,82.591025,76.020589,3.0
2026-06-24T14:46:58.485839481Z,1000,per_hit,raw_percent_of_host,api-node1,api-node2,6,4,10,8.080808,5.050505,8.080808,10.10101,100.0,50.0,0.0,0.0,0.0,0.0,0.0,0.0,50.0,59.5,76.266644,79.361563,3.0
2026-06-24T14:46:59.48584152Z,1000,per_hit,raw_percent_of_host,api-node1,api-node2,3,7,10,5.0,8.080808,5.0,16.161616,100.0,50.0,0.0,0.0,0.0,0.0,0.0,0.0,50.0,59.857143,83.170718,70.021981,3.0
2026-06-24T14:47:00.485841758Z,1000,per_hit,raw_percent_of_host,api-node1,api-node2,6,4,10,5.050505,8.080808,5.050505,16.161616,100.0,50.0,0.0,0.0,0.0,0.0,0.0,0.0,53.0,56.0,82.903361,74.617067,3.0
2026-06-24T14:47:01.485842173Z,1000,per_hit,raw_percent_of_host,api-node1,api-node2,5,5,10,12.121212,0.0,12.121212,0.0,100.0,50.0,0.0,0.0,0.0,0.0,0.0,0.0,50.0,52.0,81.70994,76.354267,3.0
2026-06-24T14:47:02.485839561Z,1000,per_hit,raw_percent_of_host,api-node1,api-node2,8,2,10,12.244898,1.980198,12.244898,3.960396,100.0,50.0,0.0,0.0,0.0,0.0,0.0,0.0,50.0,50.0,80.728096,76.889754,3.0
2026-06-24T14:47:03.485841497Z,1000,per_hit,raw_percent_of_host,api-node1,api-node2,6,4,10,11.0,3.061224,11.0,6.122449,100.0,50.0,0.0,0.0,0.0,0.0,0.0,0.0,50.0,58.5,81.531763,82.825226,3.0
2026-06-24T14:47:04.485841133Z,1000,per_hit,raw_percent_of_host,api-node1,api-node2,3,7,10,0.0,11.111111,0.0,22.222222,100.0,50.0,0.0,0.0,0.0,0.0,0.0,0.0,50.0,59.285714,82.483236,73.409024,3.0
2026-06-24T14:47:05.485841178Z,1000,per_hit,raw_percent_of_host,api-node1,api-node2,6,4,10,7.070707,5.050505,7.070707,10.10101,100.0,50.0,0.0,0.0,0.0,0.0,0.0,0.0,50.0,50.0,82.839922,75.621818,3.0
2026-06-24T14:47:06.485842224Z,1000,per_hit,raw_percent_of_host,api-node1,api-node2,4,6,10,3.030303,8.0,3.030303,16.0,100.0,50.0,0.0,0.0,0.0,0.0,0.0,0.0,50.0,56.833333,83.470505,72.769436,3.0
2026-06-24T14:47:07.485839474Z,1000,per_hit,raw_percent_of_host,api-node1,api-node2,7,3,10,13.131313,0.0,13.131313,0.0,100.0,50.0,0.0,0.0,0.0,0.0,0.0,0.0,50.0,62.0,81.37925,75.410171,3.0
2026-06-24T14:47:08.485841003Z,1000,per_hit,raw_percent_of_host,api-node1,api-node2,5,5,10,0.0,12.871287,0.0,25.742574,100.0,50.0,0.0,0.0,0.0,0.0,0.0,0.0,53.0,55.4,82.177559,56.302865,3.0
2026-06-24T14:47:09.485839537Z,1000,per_hit,raw_percent_of_host,api-node1,api-node2,3,7,10,3.0,8.080808,3.0,16.161616,100.0,50.0,0.0,0.0,0.0,0.0,0.0,0.0,50.0,57.142857,76.933333,74.974023,3.0
2026-06-24T14:47:10.485842844Z,1000,per_hit,raw_percent_of_host,api-node1,api-node2,6,4,10,10.10101,3.030303,10.10101,6.060606,100.0,50.0,0.0,0.0,0.0,0.0,0.0,0.0,50.0,51.75,81.76579,82.816387,3.0
2026-06-24T14:47:11.485840187Z,1000,per_hit,raw_percent_of_host,api-node1,api-node2,6,4,10,13.131313,0.0,13.131313,0.0,100.0,50.0,0.0,1.0,0.0,0.0,0.0,1.0,50.0,65.0,80.553471,75.987748,3.0
2026-06-24T14:47:12.485841561Z,1000,per_hit,raw_percent_of_host,api-node1,api-node2,7,3,10,7.070707,5.050505,7.070707,10.10101,100.0,50.0,0.0,0.0,0.0,0.0,0.0,0.0,50.0,52.0,82.424221,82.427088,3.0
2026-06-24T14:47:13.485841462Z,1000,per_hit,raw_percent_of_host,api-node1,api-node2,4,6,10,8.080808,5.050505,8.080808,10.10101,100.0,50.0,0.0,0.0,0.0,0.0,0.0,0.0,50.0,58.0,82.794201,72.961566,3.0
2026-06-24T14:47:14.48584056Z,1000,per_hit,raw_percent_of_host,api-node1,api-node2,6,4,10,10.10101,4.950495,10.10101,9.90099,100.0,50.0,0.0,0.0,0.0,0.0,0.0,0.0,50.0,51.5,81.717831,75.371351,3.0
2026-06-24T14:47:15.485841677Z,1000,per_hit,raw_percent_of_host,api-node1,api-node2,5,5,10,2.020202,9.090909,2.020202,18.181818,100.0,50.0,0.0,0.0,0.0,0.0,0.0,0.0,50.0,57.2,76.52797,79.387571,3.0
2026-06-24T14:47:16.485840593Z,1000,per_hit,raw_percent_of_host,api-node1,api-node2,8,2,10,13.131313,1.0,13.131313,2.0,100.0,50.0,0.0,0.0,0.0,0.0,0.0,0.0,50.0,68.5,81.37925,75.734887,3.0
2026-06-24T14:47:17.485839588Z,1000,per_hit,raw_percent_of_host,api-node1,api-node2,5,5,10,7.070707,5.0,7.070707,10.0,100.0,50.0,0.0,0.0,0.0,0.0,0.0,0.0,50.0,52.0,75.749754,78.335295,3.0
2026-06-24T14:47:18.485841838Z,1000,per_hit,raw_percent_of_host,api-node1,api-node2,3,7,10,5.050505,9.090909,5.050505,18.181818,100.0,50.0,0.0,0.0,0.0,0.0,0.0,0.0,50.0,59.857143,82.811493,75.379949,3.0
2026-06-24T14:47:19.485842142Z,1000,per_hit,raw_percent_of_host,api-node1,api-node2,2,8,10,5.0,8.0,5.0,16.0,100.0,50.0,0.0,0.0,0.0,0.0,0.0,0.0,50.0,53.125,83.441141,74.760622,3.0
2026-06-24T14:47:20.485841153Z,1000,per_hit,raw_percent_of_host,api-node1,api-node2,4,6,10,3.0,8.080808,3.0,16.161616,100.0,50.0,0.0,0.0,0.0,0.0,0.0,0.0,50.0,58.333333,82.993447,72.773798,3.0
2026-06-24T14:47:21.48584239Z,1000,per_hit,raw_percent_of_host,api-node1,api-node2,6,4,10,10.10101,4.0,10.10101,8.0,100.0,50.0,0.0,0.0,0.0,0.0,0.0,0.0,50.0,60.75,81.76579,74.330599,3.0
