timestamp_utc,window_ms,traffic_log_mode,cpu_usage_unit,node1_name,node2_name,node1_requests,node2_requests,total_requests,node1_cpu_raw_usage,node2_cpu_raw_usage,node1_cpu_normalized_usage,node2_cpu_normalized_usage,node1_cpu_capacity,node2_cpu_capacity,node1_inflight,node2_inflight,node1_backend_inflight,node2_backend_inflight,node1_queue,node2_queue,node1_response_ms,node2_response_ms,node1_fuzzy_score,node2_fuzzy_score,os_idle_cpu
2026-06-24T05:06:00.471315495Z,1000,per_hit,raw_percent_of_host,api-node1,api-node2,0,0,0,1.000000,0.000000,1.000000,0.000000,100.000000,50.000000,0.000000,0.000000,0.000000,0.000000,0.000000,0.000000,0.000000,0.000000,0.000000,0.000000,3.000000
2026-06-24T05:06:01.471316676Z,1000,per_hit,raw_percent_of_host,api-node1,api-node2,0,0,0,0.000000,1.000000,0.000000,2.000000,100.000000,50.000000,0.000000,0.000000,0.000000,0.000000,0.000000,0.000000,0.000000,0.000000,0.000000,0.000000,3.000000
2026-06-24T05:06:02.471316767Z,1000,per_hit,raw_percent_of_host,api-node1,api-node2,0,0,0,0.000000,0.000000,0.000000,0.000000,100.000000,50.000000,0.000000,0.000000,0.000000,0.000000,0.000000,0.000000,0.000000,0.000000,0.000000,0.000000,3.000000
2026-06-24T05:06:03.471323608Z,1000,per_hit,raw_percent_of_host,api-node1,api-node2,4,6,10,9.708738,5.000000,9.708738,10.000000,100.000000,50.000000,0.000000,0.000000,0.000000,0.000000,0.000000,0.000000,70.250000,149.500000,83.439875,83.663976,3.000000
2026-06-24T05:06:04.471317204Z,1000,per_hit,raw_percent_of_host,api-node1,api-node2,5,5,10,8.000000,4.950495,8.000000,9.900990,100.000000,50.000000,0.000000,0.000000,0.000000,0.000000,0.000000,0.000000,68.200000,130.200000,79.582638,68.836131,3.000000
2026-06-24T05:06:05.471315735Z,1000,per_hit,raw_percent_of_host,api-node1,api-node2,7,3,10,10.891089,5.825243,10.891089,11.650485,100.000000,50.000000,0.000000,0.000000,0.000000,0.000000,0.000000,0.000000,73.142857,110.666667,75.982019,69.698492,3.000000
2026-06-24T05:06:06.471320372Z,1000,per_hit,raw_percent_of_host,api-node1,api-node2,5,5,10,9.708738,4.950495,9.708738,9.900990,100.000000,50.000000,0.000000,0.000000,0.000000,0.000000,0.000000,0.000000,66.800000,116.600000,76.048239,79.331535,3.000000
2026-06-24T05:06:07.4713202Z,1000,per_hit,raw_percent_of_host,api-node1,api-node2,8,2,10,10.000000,5.000000,10.000000,10.000000,100.000000,50.000000,0.000000,0.000000,0.000000,0.000000,0.000000,0.000000,73.125000,117.000000,80.494344,76.318074,3.000000
2026-06-24T05:06:08.471319628Z,1000,per_hit,raw_percent_of_host,api-node1,api-node2,5,5,10,7.920792,3.960396,7.920792,7.920792,100.000000,50.000000,0.000000,0.000000,0.000000,0.000000,0.000000,0.000000,67.400000,125.000000,78.013208,75.078996,3.000000
2026-06-24T05:06:09.471316559Z,1000,per_hit,raw_percent_of_host,api-node1,api-node2,9,3,12,9.900990,5.000000,9.900990,10.000000,100.000000,50.000000,0.000000,0.000000,0.000000,0.000000,0.000000,0.000000,83.333333,114.000000,75.216865,69.738354,3.000000
2026-06-24T05:06:10.471319859Z,1000,per_hit,raw_percent_of_host,api-node1,api-node2,3,8,11,10.679612,2.020202,10.679612,4.040404,100.000000,50.000000,0.000000,0.000000,0.000000,0.000000,0.000000,0.000000,55.000000,153.250000,73.683964,83.113072,3.000000
2026-06-24T05:06:11.471318231Z,1000,per_hit,raw_percent_of_host,api-node1,api-node2,8,3,11,9.708738,5.882353,9.708738,11.764706,100.000000,50.000000,0.000000,0.000000,0.000000,0.000000,0.000000,0.000000,87.250000,112.000000,81.587537,67.904820,3.000000
2026-06-24T05:06:12.471321927Z,1000,per_hit,raw_percent_of_host,api-node1,api-node2,7,6,13,9.803922,5.940594,9.803922,11.881188,100.000000,50.000000,0.000000,0.000000,0.000000,0.000000,0.000000,0.000000,71.166667,131.500000,73.682452,77.456856,3.000000
2026-06-24T05:06:13.471316721Z,1000,per_hit,raw_percent_of_host,api-node1,api-node2,4,8,12,9.090909,5.940594,9.090909,11.881188,100.000000,50.000000,0.000000,0.000000,0.000000,0.000000,0.000000,0.000000,60.500000,150.875000,83.116457,70.537620,3.000000
2026-06-24T05:06:14.47131928Z,1000,per_hit,raw_percent_of_host,api-node1,api-node2,9,3,12,9.708738,5.940594,9.708738,11.881188,100.000000,50.000000,0.000000,0.000000,0.000000,0.000000,0.000000,0.000000,98.333333,108.333333,80.727919,69.078409,3.000000
2026-06-24T05:06:15.471321266Z,1000,per_hit,raw_percent_of_host,api-node1,api-node2,6,7,13,10.891089,4.950495,10.891089,9.900990,100.000000,50.000000,0.000000,0.000000,0.000000,0.000000,0.000000,0.000000,71.166667,109.857143,74.075204,77.748858,3.000000
2026-06-24T05:06:16.471315665Z,1000,per_hit,raw_percent_of_host,api-node1,api-node2,4,9,13,9.900990,5.882353,9.900990,11.764706,100.000000,50.000000,0.000000,0.000000,0.000000,0.000000,0.000000,0.000000,61.250000,154.555556,76.394504,76.467672,3.000000
2026-06-24T05:06:17.471319608Z,1000,per_hit,raw_percent_of_host,api-node1,api-node2,10,4,14,9.803922,5.882353,9.803922,11.764706,100.000000,50.000000,0.000000,0.000000,0.000000,0.000000,0.000000,0.000000,98.100000,134.250000,80.629124,69.874104,3.000000
2026-06-24T05:06:18.471319948Z,1000,per_hit,raw_percent_of_host,api-node1,api-node2,6,8,14,9.000000,4.000000,9.000000,8.000000,100.000000,50.000000,0.000000,0.000000,0.000000,0.000000,0.000000,0.000000,72.000000,132.250000,74.096565,70.282768,3.000000
2026-06-24T05:06:19.471319508Z,1000,per_hit,raw_percent_of_host,api-node1,api-node2,10,5,15,8.000000,5.882353,8.000000,11.764706,100.000000,50.000000,0.000000,0.000000,0.000000,0.000000,0.000000,0.000000,136.000000,130.800000,74.596740,68.967705,3.000000
2026-06-24T05:06:20.471316767Z,1000,per_hit,raw_percent_of_host,api-node1,api-node2,7,9,16,8.080808,5.882353,8.080808,11.764706,100.000000,50.000000,0.000000,0.000000,0.000000,0.000000,0.000000,0.000000,70.000000,189.444444,73.540610,70.652160,3.000000
2026-06-24T05:06:21.471319215Z,1000,per_hit,raw_percent_of_host,api-node1,api-node2,8,8,16,9.000000,4.000000,9.000000,8.000000,100.000000,50.000000,0.000000,0.000000,0.000000,0.000000,0.000000,0.000000,74.375000,161.875000,76.449704,68.894011,3.000000
2026-06-24T05:06:22.471316456Z,1000,per_hit,raw_percent_of_host,api-node1,api-node2,10,7,17,10.679612,5.940594,10.679612,11.881188,100.000000,50.000000,0.000000,0.000000,0.000000,0.000000,0.000000,0.000000,95.200000,140.857143,76.335217,68.202809,3.000000
2026-06-24T05:06:23.471318913Z,1000,per_hit,raw_percent_of_host,api-node1,api-node2,6,12,18,9.000000,4.040404,9.000000,8.080808,100.000000,50.000000,0.000000,0.000000,0.000000,0.000000,0.000000,0.000000,79.833333,272.583333,73.954086,69.133326,3.000000
2026-06-24T05:06:24.471315442Z,1000,per_hit,raw_percent_of_host,api-node1,api-node2,11,7,18,8.080808,5.882353,8.080808,11.764706,100.000000,50.000000,0.000000,0.000000,0.000000,0.000000,0.000000,0.000000,88.272727,141.000000,76.763164,62.372350,3.000000
2026-06-24T05:06:25.471315458Z,1000,per_hit,raw_percent_of_host,api-node1,api-node2,7,12,19,10.891089,5.940594,10.891089,11.881188,100.000000,50.000000,0.000000,0.000000,0.000000,0.000000,0.000000,0.000000,73.000000,213.000000,73.650842,70.707778,3.000000
2026-06-24T05:06:26.471318891Z,1000,per_hit,raw_percent_of_host,api-node1,api-node2,10,10,20,9.000000,5.000000,9.000000,10.000000,100.000000,50.000000,0.000000,0.000000,0.000000,0.000000,0.000000,0.000000,93.500000,188.500000,77.332043,64.693649,3.000000
2026-06-24T05:06:27.471315546Z,1000,per_hit,raw_percent_of_host,api-node1,api-node2,10,11,21,9.708738,6.862745,9.708738,13.725490,100.000000,50.000000,0.000000,0.000000,0.000000,0.000000,0.000000,0.000000,99.200000,200.545455,74.138574,69.499543,3.000000
2026-06-24T05:06:28.471318597Z,1000,per_hit,raw_percent_of_host,api-node1,api-node2,16,6,22,8.910891,5.000000,8.910891,10.000000,100.000000,50.000000,0.000000,0.000000,0.000000,0.000000,0.000000,0.000000,119.875000,128.666667,74.063309,64.847098,3.000000
2026-06-24T05:06:29.471316552Z,1000,per_hit,raw_percent_of_host,api-node1,api-node2,9,14,23,11.428571,5.882353,11.428571,11.764706,100.000000,50.000000,0.000000,0.000000,0.000000,0.000000,0.000000,0.000000,84.111111,221.142857,67.134296,70.575306,3.000000
2026-06-24T05:06:30.471319964Z,1000,per_hit,raw_percent_of_host,api-node1,api-node2,8,15,23,7.070707,3.000000,7.070707,6.000000,100.000000,50.000000,0.000000,0.000000,0.000000,0.000000,0.000000,0.000000,83.875000,254.000000,75.929039,59.937427,3.000000
2026-06-24T05:06:31.471320439Z,1000,per_hit,raw_percent_of_host,api-node1,api-node2,13,11,24,9.803922,5.825243,9.803922,11.650485,100.000000,50.000000,0.000000,0.000000,0.000000,0.000000,0.000000,0.000000,118.307692,175.363636,73.352740,63.735135,3.000000
2026-06-24T05:06:32.471317053Z,1000,per_hit,raw_percent_of_host,api-node1,api-node2,9,16,25,6.930693,3.921569,6.930693,7.843137,100.000000,50.000000,0.000000,0.000000,0.000000,0.000000,0.000000,0.000000,96.333333,231.750000,74.200500,65.861730,3.000000
2026-06-24T05:06:33.471315425Z,1000,per_hit,raw_percent_of_host,api-node1,api-node2,9,17,26,9.900990,5.882353,9.900990,11.764706,100.000000,50.000000,0.000000,0.000000,0.000000,0.000000,0.000000,0.000000,94.000000,208.176471,72.885910,58.922625,3.000000
2026-06-24T05:06:34.471316626Z,1000,per_hit,raw_percent_of_host,api-node1,api-node2,18,9,27,10.576923,4.950495,10.576923,9.900990,100.000000,50.000000,0.000000,0.000000,0.000000,0.000000,0.000000,0.000000,123.444444,133.000000,74.352960,65.149239,3.000000
2026-06-24T05:06:35.471318666Z,1000,per_hit,raw_percent_of_host,api-node1,api-node2,19,9,28,8.000000,6.796117,8.000000,13.592233,100.000000,50.000000,0.000000,0.000000,0.000000,0.000000,0.000000,0.000000,171.578947,153.444444,67.610675,70.181571,3.000000
2026-06-24T05:06:36.471316427Z,1000,per_hit,raw_percent_of_host,api-node1,api-node2,13,16,29,9.900990,5.882353,9.900990,11.764706,100.000000,50.000000,0.000000,0.000000,0.000000,0.000000,0.000000,0.000000,105.692308,204.062500,67.720774,69.345913,3.000000
2026-06-24T05:06:37.47131551Z,1000,per_hit,raw_percent_of_host,api-node1,api-node2,14,16,30,9.900990,5.000000,9.900990,10.000000,100.000000,50.000000,0.000000,0.000000,0.000000,0.000000,0.000000,0.000000,114.857143,225.125000,74.624477,64.693649,3.000000
2026-06-24T05:06:38.471319658Z,1000,per_hit,raw_percent_of_host,api-node1,api-node2,12,19,31,9.900990,4.950495,9.900990,9.900990,100.000000,50.000000,0.000000,0.000000,0.000000,0.000000,0.000000,0.000000,93.750000,323.894737,70.883706,58.922625,3.000000
2026-06-24T05:06:39.471316542Z,1000,per_hit,raw_percent_of_host,api-node1,api-node2,18,15,33,8.910891,3.000000,8.910891,6.000000,100.000000,50.000000,0.000000,0.000000,0.000000,0.000000,0.000000,0.000000,140.888889,224.400000,74.684162,57.900794,3.000000
2026-06-24T05:06:40.471329818Z,1000,per_hit,raw_percent_of_host,api-node1,api-node2,14,20,34,9.803922,3.000000,9.803922,6.000000,100.000000,50.000000,0.000000,2.000000,0.000000,0.000000,0.000000,2.000000,127.642857,343.666667,67.328861,58.639396,3.000000
2026-06-24T05:06:41.471319086Z,1000,per_hit,raw_percent_of_host,api-node1,api-node2,13,22,35,8.163265,4.950495,8.163265,9.900990,100.000000,50.000000,0.000000,19.000000,0.000000,0.000000,0.000000,19.000000,101.384615,298.800000,73.568120,51.721007,3.000000
2026-06-24T05:06:42.471317849Z,1000,per_hit,raw_percent_of_host,api-node1,api-node2,22,14,36,8.910891,9.900990,8.910891,19.801980,100.000000,50.000000,0.000000,0.000000,0.000000,0.000000,0.000000,0.000000,182.272727,367.818182,74.453193,49.480969,3.000000
2026-06-24T05:06:43.471319612Z,1000,per_hit,raw_percent_of_host,api-node1,api-node2,17,20,37,10.101010,6.000000,10.101010,12.000000,100.000000,50.000000,0.000000,0.000000,0.000000,0.000000,0.000000,0.000000,127.588235,316.650000,69.884099,64.695964,3.000000
2026-06-24T05:06:44.471316334Z,1000,per_hit,raw_percent_of_host,api-node1,api-node2,23,15,38,7.070707,9.016393,7.070707,18.032787,100.000000,50.000000,0.000000,0.000000,0.000000,0.000000,0.000000,0.000000,155.043478,264.000000,68.864543,57.669425,3.000000
2026-06-24T05:06:45.471319352Z,1000,per_hit,raw_percent_of_host,api-node1,api-node2,27,12,39,12.000000,6.796117,12.000000,13.592233,100.000000,50.000000,0.000000,0.000000,0.000000,0.000000,0.000000,0.000000,187.629630,195.416667,67.480018,62.446900,3.000000
2026-06-24T05:06:46.471317366Z,1000,per_hit,raw_percent_of_host,api-node1,api-node2,15,25,40,10.576923,5.050505,10.576923,10.101010,100.000000,50.000000,0.000000,13.000000,0.000000,0.000000,0.000000,13.000000,131.466667,341.916667,65.927790,59.937427,3.000000
2026-06-24T05:06:47.471316983Z,1000,per_hit,raw_percent_of_host,api-node1,api-node2,25,16,41,11.428571,10.891089,11.428571,21.782178,100.000000,50.000000,0.000000,0.000000,0.000000,0.000000,0.000000,0.000000,197.040000,362.965517,68.443855,49.358721,3.000000
2026-06-24T05:06:48.471318829Z,1000,per_hit,raw_percent_of_host,api-node1,api-node2,22,21,43,9.000000,4.950495,9.000000,9.900990,100.000000,50.000000,0.000000,2.000000,0.000000,0.000000,0.000000,2.000000,165.363636,268.210526,67.859672,58.578100,3.000000
2026-06-24T05:06:49.471317724Z,1000,per_hit,raw_percent_of_host,api-node1,api-node2,24,20,44,9.900990,3.000000,9.900990,6.000000,100.000000,50.000000,0.000000,5.000000,0.000000,0.000000,0.000000,5.000000,189.666667,364.529412,67.787356,52.742403,3.000000
2026-06-24T05:06:50.471320801Z,1000,per_hit,raw_percent_of_host,api-node1,api-node2,32,13,45,7.000000,8.000000,7.000000,16.000000,100.000000,50.000000,0.000000,0.000000,0.000000,0.000000,0.000000,0.000000,228.343750,317.888889,67.168375,49.418087,3.000000
2026-06-24T05:06:51.471323519Z,1000,per_hit,raw_percent_of_host,api-node1,api-node2,29,17,46,9.900990,8.910891,9.900990,17.821782,100.000000,50.000000,0.000000,0.000000,0.000000,0.000000,0.000000,0.000000,192.034483,265.823529,68.895940,66.320316,3.000000
2026-06-24T05:06:52.471319325Z,1000,per_hit,raw_percent_of_host,api-node1,api-node2,25,22,47,8.080808,6.796117,8.080808,13.592233,100.000000,50.000000,0.000000,3.000000,0.000000,0.000000,0.000000,3.000000,176.840000,339.684211,67.874401,58.922625,3.000000
2026-06-24T05:06:53.471317081Z,1000,per_hit,raw_percent_of_host,api-node1,api-node2,23,25,48,10.784314,5.940594,10.784314,11.881188,100.000000,50.000000,0.000000,6.000000,0.000000,0.000000,0.000000,6.000000,175.086957,364.045455,70.584537,65.299589,3.000000
2026-06-24T05:06:54.471317585Z,1000,per_hit,raw_percent_of_host,api-node1,api-node2,21,28,49,10.679612,9.900990,10.679612,19.801980,100.000000,50.000000,0.000000,20.000000,0.000000,0.000000,0.000000,20.000000,162.761905,275.785714,63.709801,60.721354,3.000000
2026-06-24T05:06:55.471318866Z,1000,per_hit,raw_percent_of_host,api-node1,api-node2,25,25,50,9.803922,14.000000,9.803922,28.000000,100.000000,50.000000,0.000000,7.000000,0.000000,0.000000,0.000000,7.000000,201.240000,469.500000,68.921158,48.311619,3.000000
2026-06-24T05:06:56.471316342Z,1000,per_hit,raw_percent_of_host,api-node1,api-node2,29,23,52,10.000000,8.163265,10.000000,16.326531,100.000000,50.000000,0.000000,0.000000,0.000000,0.000000,0.000000,0.000000,245.137931,324.400000,70.443676,48.476528,3.000000
2026-06-24T05:06:57.471317515Z,1000,per_hit,raw_percent_of_host,api-node1,api-node2,32,21,53,14.678899,5.882353,14.678899,11.764706,100.000000,50.000000,0.000000,18.000000,0.000000,0.000000,0.000000,18.000000,253.000000,118.333333,64.413393,68.731433,3.000000
2026-06-24T05:06:58.471316728Z,1000,per_hit,raw_percent_of_host,api-node1,api-node2,31,23,54,8.080808,6.796117,8.080808,13.592233,100.000000,50.000000,0.000000,19.000000,0.000000,0.000000,0.000000,19.000000,201.322581,397.227273,67.560983,54.031774,3.000000
2026-06-24T05:06:59.47131547Z,1000,per_hit,raw_percent_of_host,api-node1,api-node2,36,19,55,9.900990,8.080808,9.900990,16.161616,100.000000,50.000000,0.000000,3.000000,0.000000,0.000000,0.000000,3.000000,245.555556,452.971429,69.960928,49.141718,3.000000
2026-06-24T05:07:00.471318151Z,1000,per_hit,raw_percent_of_host,api-node1,api-node2,33,23,56,9.708738,5.940594,9.708738,11.881188,100.000000,50.000000,0.000000,8.000000,0.000000,0.000000,0.000000,8.000000,221.121212,387.111111,66.481649,53.556513,3.000000
2026-06-24T05:07:01.471316869Z,1000,per_hit,raw_percent_of_host,api-node1,api-node2,35,22,57,10.000000,8.080808,10.000000,16.161616,100.000000,50.000000,0.000000,10.000000,0.000000,0.000000,0.000000,10.000000,258.171429,386.650000,72.145984,48.793271,3.000000
2026-06-24T05:07:02.471318126Z,1000,per_hit,raw_percent_of_host,api-node1,api-node2,27,31,58,10.576923,24.489796,10.576923,48.979592,100.000000,50.000000,0.000000,17.000000,0.000000,0.000000,0.000000,17.000000,175.370370,392.166667,66.236002,53.693439,3.000000
2026-06-24T05:07:03.471317371Z,1000,per_hit,raw_percent_of_host,api-node1,api-node2,31,28,59,9.900990,14.851485,9.900990,29.702970,100.000000,50.000000,0.000000,22.000000,0.000000,0.000000,0.000000,22.000000,215.935484,432.608696,70.722769,48.295389,3.000000
2026-06-24T05:07:04.471316203Z,1000,per_hit,raw_percent_of_host,api-node1,api-node2,41,19,60,8.080808,8.333333,8.080808,16.666667,100.000000,50.000000,0.000000,3.000000,0.000000,0.000000,0.000000,3.000000,309.609756,444.605263,71.192338,49.597345,3.000000
2026-06-24T05:07:05.471316201Z,1000,per_hit,raw_percent_of_host,api-node1,api-node2,33,28,61,8.080808,4.950495,8.080808,9.900990,100.000000,50.000000,0.000000,16.000000,0.000000,0.000000,0.000000,16.000000,186.090909,351.200000,68.221179,68.777298,3.000000
2026-06-24T05:07:06.471317332Z,1000,per_hit,raw_percent_of_host,api-node1,api-node2,35,27,62,9.000000,10.000000,9.000000,20.000000,100.000000,50.000000,0.000000,24.000000,0.000000,0.000000,0.000000,24.000000,225.142857,399.000000,71.477759,68.760275,3.000000
2026-06-24T05:07:07.471317006Z,1000,per_hit,raw_percent_of_host,api-node1,api-node2,38,25,63,15.596330,26.000000,15.596330,52.000000,100.000000,50.000000,0.000000,25.000000,0.000000,0.000000,0.000000,25.000000,265.763158,519.500000,70.932567,48.448957,3.000000
2026-06-24T05:07:08.471316833Z,1000,per_hit,raw_percent_of_host,api-node1,api-node2,39,24,63,8.823529,4.123711,8.823529,8.247423,100.000000,50.000000,0.000000,19.000000,0.000000,0.000000,0.000000,19.000000,321.923077,455.266667,58.283132,48.605244,3.000000
2026-06-24T05:07:09.471317565Z,1000,per_hit,raw_percent_of_host,api-node1,api-node2,38,26,64,8.080808,8.910891,8.080808,17.821782,100.000000,50.000000,0.000000,16.000000,0.000000,0.000000,0.000000,16.000000,282.631579,381.103448,70.130889,48.430073,3.000000
2026-06-24T05:07:10.471316467Z,1000,per_hit,raw_percent_of_host,api-node1,api-node2,42,23,65,9.900990,13.000000,9.900990,26.000000,100.000000,50.000000,0.000000,15.000000,0.000000,0.000000,0.000000,15.000000,326.928571,465.000000,68.135020,49.501650,3.000000
2026-06-24T05:07:11.471317429Z,1000,per_hit,raw_percent_of_host,api-node1,api-node2,33,33,66,6.000000,2.970297,6.000000,5.940594,100.000000,50.000000,0.000000,30.000000,0.000000,0.000000,0.000000,30.000000,226.424242,407.833333,63.358768,52.594574,3.000000
2026-06-24T05:07:12.471316432Z,1000,per_hit,raw_percent_of_host,api-node1,api-node2,39,28,67,9.708738,17.821782,9.708738,35.643564,100.000000,50.000000,0.000000,22.000000,0.000000,0.000000,0.000000,22.000000,299.461538,574.611111,70.253078,48.319541,3.000000
2026-06-24T05:07:13.471316896Z,1000,per_hit,raw_percent_of_host,api-node1,api-node2,36,31,67,9.803922,9.803922,9.803922,19.607843,100.000000,50.000000,0.000000,27.000000,0.000000,0.000000,0.000000,27.000000,223.611111,490.461538,66.637562,49.540701,3.000000
2026-06-24T05:07:14.471316352Z,1000,per_hit,raw_percent_of_host,api-node1,api-node2,38,30,68,9.900990,24.489796,9.900990,48.979592,100.000000,50.000000,0.000000,28.000000,0.000000,0.000000,0.000000,28.000000,334.526316,609.344828,70.938504,51.076260,3.000000
2026-06-24T05:07:15.471318666Z,1000,per_hit,raw_percent_of_host,api-node1,api-node2,48,21,69,9.000000,12.371134,9.000000,24.742268,100.000000,50.000000,6.000000,3.000000,0.000000,0.000000,6.000000,3.000000,287.761905,521.369565,70.379810,47.340647,3.000000
2026-06-24T05:07:16.471316956Z,1000,per_hit,raw_percent_of_host,api-node1,api-node2,36,34,70,10.309278,6.000000,10.309278,12.000000,100.000000,50.000000,0.000000,31.000000,0.000000,0.000000,0.000000,31.000000,282.285714,284.666667,69.013637,51.396883,3.000000
2026-06-24T05:07:17.471315976Z,1000,per_hit,raw_percent_of_host,api-node1,api-node2,42,28,70,9.708738,14.000000,9.708738,28.000000,100.000000,50.000000,3.000000,11.000000,0.000000,0.000000,3.000000,11.000000,330.666667,463.562500,70.933284,48.802689,3.000000
2026-06-24T05:07:18.471316712Z,1000,per_hit,raw_percent_of_host,api-node1,api-node2,37,34,71,8.333333,4.123711,8.333333,8.247423,100.000000,50.000000,1.000000,29.000000,0.000000,0.000000,1.000000,29.000000,289.948718,395.500000,64.047655,50.651719,3.000000
2026-06-24T05:07:19.471316062Z,1000,per_hit,raw_percent_of_host,api-node1,api-node2,42,29,71,8.000000,19.607843,8.000000,39.215686,100.000000,50.000000,4.000000,23.000000,0.000000,0.000000,4.000000,23.000000,292.051282,546.685714,67.723395,58.561464,3.000000
2026-06-24T05:07:20.47131599Z,1000,per_hit,raw_percent_of_host,api-node1,api-node2,43,29,72,10.309278,24.489796,10.309278,48.979592,100.000000,50.000000,2.000000,27.000000,0.000000,0.000000,2.000000,27.000000,314.222222,514.880000,68.207155,52.184821,3.000000
2026-06-24T05:07:21.47131575Z,1000,per_hit,raw_percent_of_host,api-node1,api-node2,43,29,72,9.803922,26.000000,9.803922,52.000000,100.000000,50.000000,3.000000,29.000000,0.000000,0.000000,3.000000,29.000000,358.952381,519.777778,63.345860,48.381079,3.000000
2026-06-24T05:07:22.471315903Z,1000,per_hit,raw_percent_of_host,api-node1,api-node2,49,24,73,10.309278,10.416667,10.309278,20.833333,100.000000,50.000000,8.000000,22.000000,0.000000,0.000000,8.000000,22.000000,314.818182,485.806452,65.731896,48.049400,3.000000
2026-06-24T05:07:23.471316675Z,1000,per_hit,raw_percent_of_host,api-node1,api-node2,44,29,73,20.408163,8.163265,20.408163,16.326531,100.000000,50.000000,1.000000,20.000000,0.000000,0.000000,1.000000,20.000000,358.509804,398.935484,68.399268,48.300234,3.000000
2026-06-24T05:07:24.471316267Z,1000,per_hit,raw_percent_of_host,api-node1,api-node2,40,33,73,17.272727,13.861386,17.272727,27.722772,100.000000,50.000000,0.000000,28.000000,0.000000,0.000000,0.000000,28.000000,270.463415,538.040000,73.003639,61.973293,3.000000
2026-06-24T05:07:25.47131606Z,1000,per_hit,raw_percent_of_host,api-node1,api-node2,41,33,74,38.888889,26.000000,38.888889,52.000000,100.000000,50.000000,0.000000,33.000000,0.000000,0.000000,0.000000,33.000000,271.463415,633.000000,65.048115,47.941496,3.000000
2026-06-24T05:07:26.471316621Z,1000,per_hit,raw_percent_of_host,api-node1,api-node2,41,33,74,8.910891,19.000000,8.910891,38.000000,100.000000,50.000000,2.000000,31.000000,0.000000,0.000000,2.000000,31.000000,299.205128,633.000000,67.758685,55.804825,3.000000
2026-06-24T05:07:27.471317023Z,1000,per_hit,raw_percent_of_host,api-node1,api-node2,41,33,74,7.920792,11.224490,7.920792,22.448980,100.000000,50.000000,3.000000,12.000000,0.000000,0.000000,3.000000,12.000000,387.500000,423.096154,55.446904,51.831983,3.000000
2026-06-24T05:07:28.471317533Z,1000,per_hit,raw_percent_of_host,api-node1,api-node2,37,38,75,11.000000,8.080808,11.000000,16.161616,100.000000,50.000000,0.000000,31.000000,0.000000,0.000000,0.000000,31.000000,245.525000,347.000000,64.800344,52.058426,3.000000
2026-06-24T05:07:29.471317119Z,1000,per_hit,raw_percent_of_host,api-node1,api-node2,37,38,75,13.888889,19.000000,13.888889,38.000000,100.000000,50.000000,0.000000,33.000000,0.000000,0.000000,0.000000,33.000000,271.378378,531.611111,71.706380,57.292901,3.000000
2026-06-24T05:07:30.471316324Z,1000,per_hit,raw_percent_of_host,api-node1,api-node2,44,31,75,9.708738,16.326531,9.708738,32.653061,100.000000,50.000000,3.000000,22.000000,0.000000,0.000000,3.000000,22.000000,314.195122,589.071429,71.573405,51.723131,3.000000
2026-06-24T05:07:31.471317117Z,1000,per_hit,raw_percent_of_host,api-node1,api-node2,38,37,75,7.368421,8.910891,7.368421,17.821782,100.000000,50.000000,0.000000,31.000000,0.000000,0.000000,0.000000,31.000000,316.024390,385.821429,66.202718,51.664942,3.000000
2026-06-24T05:07:32.471328037Z,1000,per_hit,raw_percent_of_host,api-node1,api-node2,45,30,75,9.900990,23.232323,9.900990,46.464646,100.000000,50.000000,3.000000,27.000000,0.000000,0.000000,3.000000,27.000000,274.928571,588.176471,70.900809,51.419697,3.000000
2026-06-24T05:07:33.47131713Z,1000,per_hit,raw_percent_of_host,api-node1,api-node2,40,35,75,10.101010,26.732673,10.101010,53.465347,100.000000,50.000000,0.000000,31.000000,0.000000,0.000000,0.000000,31.000000,314.139535,478.225806,59.213196,69.899096,3.000000
2026-06-24T05:07:34.47131734Z,1000,per_hit,raw_percent_of_host,api-node1,api-node2,43,32,75,8.910891,21.212121,8.910891,42.424242,100.000000,50.000000,6.000000,29.000000,0.000000,0.000000,6.000000,29.000000,324.702703,655.029412,71.354335,49.960330,3.000000
2026-06-24T05:07:35.47131642Z,1000,per_hit,raw_percent_of_host,api-node1,api-node2,41,33,74,10.204082,19.047619,10.204082,38.095238,100.000000,50.000000,2.000000,25.000000,0.000000,0.000000,2.000000,25.000000,309.022222,524.918919,62.916239,50.880748,3.000000
2026-06-24T05:07:36.471321238Z,1000,per_hit,raw_percent_of_host,api-node1,api-node2,38,37,75,9.000000,14.000000,9.000000,28.000000,100.000000,50.000000,0.000000,32.000000,0.000000,0.000000,0.000000,32.000000,235.175000,458.466667,69.438484,61.593627,3.000000
2026-06-24T05:07:37.471318636Z,1000,per_hit,raw_percent_of_host,api-node1,api-node2,38,37,75,9.708738,26.262626,9.708738,52.525253,100.000000,50.000000,0.000000,32.000000,0.000000,0.000000,0.000000,32.000000,297.789474,642.594595,69.013250,66.883872,3.000000
2026-06-24T05:07:38.47131645Z,1000,per_hit,raw_percent_of_host,api-node1,api-node2,51,24,75,7.070707,11.458333,7.070707,22.916667,100.000000,50.000000,12.000000,12.000000,0.000000,0.000000,12.000000,12.000000,298.102564,507.250000,78.735227,48.175515,3.000000
2026-06-24T05:07:39.471316228Z,1000,per_hit,raw_percent_of_host,api-node1,api-node2,35,39,74,20.202020,14.851485,20.202020,29.702970,100.000000,50.000000,0.000000,38.000000,0.000000,0.000000,0.000000,38.000000,297.042553,413.769231,61.648867,76.885985,3.000000
2026-06-24T05:07:40.471316979Z,1000,per_hit,raw_percent_of_host,api-node1,api-node2,26,48,74,9.803922,26.000000,9.803922,52.000000,100.000000,50.000000,0.000000,44.000000,0.000000,0.000000,0.000000,44.000000,171.923077,677.738095,71.340440,67.211579,3.000000
2026-06-24T05:07:41.471315914Z,1000,per_hit,raw_percent_of_host,api-node1,api-node2,44,30,74,14.000000,24.358974,14.000000,48.717949,100.000000,50.000000,2.000000,27.000000,0.000000,0.000000,2.000000,27.000000,292.571429,707.042553,76.051136,47.382941,3.000000
2026-06-24T05:07:42.471316685Z,1000,per_hit,raw_percent_of_host,api-node1,api-node2,40,34,74,15.789474,20.000000,15.789474,40.000000,100.000000,50.000000,0.000000,29.000000,0.000000,0.000000,0.000000,29.000000,287.428571,513.125000,76.885361,49.840089,3.000000
2026-06-24T05:07:43.471316392Z,1000,per_hit,raw_percent_of_host,api-node1,api-node2,39,34,73,8.910891,25.252525,8.910891,50.505051,100.000000,50.000000,0.000000,30.000000,0.000000,0.000000,0.000000,30.000000,240.051282,610.030303,68.463720,78.377340,3.000000
2026-06-24T05:07:44.471316032Z,1000,per_hit,raw_percent_of_host,api-node1,api-node2,49,24,73,14.851485,18.181818,14.851485,36.363636,100.000000,50.000000,19.000000,17.000000,0.000000,0.000000,19.000000,17.000000,304.433333,593.972973,76.740578,48.395442,3.000000
2026-06-24T05:07:45.471316824Z,1000,per_hit,raw_percent_of_host,api-node1,api-node2,33,40,73,18.947368,10.000000,18.947368,20.000000,100.000000,50.000000,0.000000,36.000000,0.000000,0.000000,0.000000,36.000000,299.519231,382.000000,77.794082,68.571371,3.000000
2026-06-24T05:07:46.471316896Z,1000,per_hit,raw_percent_of_host,api-node1,api-node2,50,22,72,16.346154,23.232323,16.346154,46.464646,100.000000,50.000000,1.000000,3.000000,0.000000,0.000000,1.000000,3.000000,278.714286,571.836364,76.905305,50.119122,3.000000
2026-06-24T05:07:47.471316857Z,1000,per_hit,raw_percent_of_host,api-node1,api-node2,37,35,72,14.000000,5.882353,14.000000,11.764706,100.000000,50.000000,0.000000,30.000000,0.000000,0.000000,0.000000,30.000000,248.710526,233.000000,77.663409,69.988048,3.000000
2026-06-24T05:07:48.471316578Z,1000,per_hit,raw_percent_of_host,api-node1,api-node2,37,34,71,9.900990,26.000000,9.900990,52.000000,100.000000,50.000000,0.000000,28.000000,0.000000,0.000000,0.000000,28.000000,301.918919,601.388889,72.309724,76.719790,3.000000
2026-06-24T05:07:49.4713164Z,1000,per_hit,raw_percent_of_host,api-node1,api-node2,38,33,71,15.841584,18.000000,15.841584,36.000000,100.000000,50.000000,0.000000,16.000000,0.000000,0.000000,0.000000,16.000000,223.552632,460.644444,77.134163,52.496572,3.000000
2026-06-24T05:07:50.471322766Z,1000,per_hit,raw_percent_of_host,api-node1,api-node2,47,23,70,14.563107,12.244898,14.563107,24.489796,100.000000,50.000000,7.000000,2.000000,0.000000,0.000000,7.000000,2.000000,340.375000,346.351351,78.749171,49.398103,3.000000
2026-06-24T05:07:51.471316272Z,1000,per_hit,raw_percent_of_host,api-node1,api-node2,32,36,68,22.935780,10.101010,22.935780,20.202020,100.000000,50.000000,0.000000,32.000000,0.000000,0.000000,0.000000,32.000000,250.717949,214.333333,68.243646,75.634803,3.000000
2026-06-24T05:07:52.471317597Z,1000,per_hit,raw_percent_of_host,api-node1,api-node2,39,31,70,13.000000,27.184466,13.000000,54.368932,100.000000,50.000000,0.000000,25.000000,0.000000,0.000000,0.000000,25.000000,275.743590,563.894737,76.887844,48.893997,3.000000
2026-06-24T05:07:53.471319057Z,1000,per_hit,raw_percent_of_host,api-node1,api-node2,42,26,68,14.000000,12.244898,14.000000,24.489796,100.000000,50.000000,0.000000,10.000000,0.000000,0.000000,0.000000,10.000000,275.333333,465.951220,78.181503,49.114758,3.000000
2026-06-24T05:07:54.471316385Z,1000,per_hit,raw_percent_of_host,api-node1,api-node2,40,27,67,8.000000,8.000000,8.000000,16.000000,100.000000,50.000000,0.000000,23.000000,0.000000,0.000000,0.000000,23.000000,297.575000,365.000000,72.943886,49.678488,3.000000
2026-06-24T05:07:55.47131772Z,1000,per_hit,raw_percent_of_host,api-node1,api-node2,37,29,66,9.803922,25.510204,9.803922,51.020408,100.000000,50.000000,0.000000,25.000000,0.000000,0.000000,0.000000,25.000000,256.513514,475.074074,67.948291,59.086356,3.000000
2026-06-24T05:07:56.471317559Z,1000,per_hit,raw_percent_of_host,api-node1,api-node2,40,26,66,10.576923,13.131313,10.576923,26.262626,100.000000,50.000000,2.000000,3.000000,0.000000,0.000000,2.000000,3.000000,279.263158,492.812500,59.796713,48.710699,3.000000
2026-06-24T05:07:57.471317593Z,1000,per_hit,raw_percent_of_host,api-node1,api-node2,34,31,65,12.745098,7.843137,12.745098,15.686275,100.000000,50.000000,0.000000,27.000000,0.000000,0.000000,0.000000,27.000000,220.361111,402.857143,69.009998,54.770111,3.000000
2026-06-24T05:07:58.471316157Z,1000,per_hit,raw_percent_of_host,api-node1,api-node2,43,21,64,10.576923,10.000000,10.576923,20.000000,100.000000,50.000000,1.000000,3.000000,0.000000,0.000000,1.000000,3.000000,282.214286,389.000000,74.635824,51.814865,3.000000
2026-06-24T05:07:59.471317764Z,1000,per_hit,raw_percent_of_host,api-node1,api-node2,33,30,63,9.000000,5.000000,9.000000,10.000000,100.000000,50.000000,0.000000,26.000000,0.000000,0.000000,0.000000,26.000000,216.235294,265.142857,69.300463,62.470738,3.000000
2026-06-24T05:08:00.471317542Z,1000,per_hit,raw_percent_of_host,api-node1,api-node2,34,27,61,9.708738,14.000000,9.708738,28.000000,100.000000,50.000000,0.000000,6.000000,0.000000,0.000000,0.000000,6.000000,272.441176,414.425532,76.950711,50.123423,3.000000
2026-06-24T05:08:01.471316455Z,1000,per_hit,raw_percent_of_host,api-node1,api-node2,32,29,61,16.363636,11.764706,16.363636,23.529412,100.000000,50.000000,0.000000,22.000000,0.000000,0.000000,0.000000,22.000000,181.531250,312.000000,69.093831,51.705529,3.000000
2026-06-24T05:08:02.471317336Z,1000,per_hit,raw_percent_of_host,api-node1,api-node2,33,27,60,12.380952,18.367347,12.380952,36.734694,100.000000,50.000000,0.000000,18.000000,0.000000,0.000000,0.000000,18.000000,213.454545,473.161290,71.465570,67.319893,3.000000
2026-06-24T05:08:03.471316871Z,1000,per_hit,raw_percent_of_host,api-node1,api-node2,35,24,59,8.000000,9.900990,8.000000,19.801980,100.000000,50.000000,0.000000,8.000000,0.000000,0.000000,0.000000,8.000000,238.828571,424.529412,69.944550,52.761162,3.000000
2026-06-24T05:08:04.471317549Z,1000,per_hit,raw_percent_of_host,api-node1,api-node2,28,27,55,5.000000,5.000000,5.000000,10.000000,100.000000,50.000000,0.000000,14.000000,0.000000,0.000000,0.000000,14.000000,165.821429,365.952381,67.973966,57.446640,3.000000
2026-06-24T05:08:05.471315637Z,1000,per_hit,raw_percent_of_host,api-node1,api-node2,21,28,49,0.000000,6.250000,0.000000,12.500000,100.000000,50.000000,0.000000,22.000000,0.000000,0.000000,0.000000,22.000000,117.142857,351.500000,80.639234,65.756921,3.000000
2026-06-24T05:08:06.471316336Z,1000,per_hit,raw_percent_of_host,api-node1,api-node2,30,25,55,2.970297,15.000000,2.970297,30.000000,100.000000,50.000000,3.000000,17.000000,0.000000,0.000000,3.000000,17.000000,190.962963,457.966667,78.442111,71.892807,3.000000
2026-06-24T05:08:07.471317583Z,1000,per_hit,raw_percent_of_host,api-node1,api-node2,26,31,57,18.750000,15.306122,18.750000,30.612245,100.000000,50.000000,1.000000,15.000000,0.000000,0.000000,1.000000,15.000000,106.821429,320.181818,76.723836,70.885950,3.000000
2026-06-24T05:08:08.471317273Z,1000,per_hit,raw_percent_of_host,api-node1,api-node2,31,22,53,26.000000,16.161616,26.000000,32.323232,100.000000,50.000000,4.000000,3.000000,0.000000,0.000000,4.000000,3.000000,139.750000,278.617647,76.224258,70.643623,3.000000
2026-06-24T05:08:09.471315921Z,1000,per_hit,raw_percent_of_host,api-node1,api-node2,33,21,54,26.041667,15.151515,26.041667,30.303030,100.000000,50.000000,2.000000,3.000000,0.000000,0.000000,2.000000,3.000000,137.914286,152.666667,76.673988,74.042700,3.000000
2026-06-24T05:08:10.471317167Z,1000,per_hit,raw_percent_of_host,api-node1,api-node2,26,26,52,33.333333,16.161616,33.333333,32.323232,100.000000,50.000000,0.000000,7.000000,0.000000,0.000000,0.000000,7.000000,102.535714,271.318182,75.860347,75.384295,3.000000
2026-06-24T05:08:11.471315459Z,1000,per_hit,raw_percent_of_host,api-node1,api-node2,24,27,51,22.115385,20.000000,22.115385,40.000000,100.000000,50.000000,2.000000,3.000000,0.000000,0.000000,2.000000,3.000000,85.090909,244.709677,77.160997,69.423082,3.000000
2026-06-24T05:08:12.471316102Z,1000,per_hit,raw_percent_of_host,api-node1,api-node2,21,29,50,31.578947,14.851485,31.578947,29.702970,100.000000,50.000000,0.000000,6.000000,0.000000,0.000000,0.000000,6.000000,71.739130,276.846154,77.182917,70.870699,3.000000
2026-06-24T05:08:13.471315461Z,1000,per_hit,raw_percent_of_host,api-node1,api-node2,28,21,49,28.846154,12.244898,28.846154,24.489796,100.000000,50.000000,1.000000,4.000000,0.000000,0.000000,1.000000,4.000000,116.851852,191.043478,76.110212,72.665730,3.000000
2026-06-24T05:08:14.471317005Z,1000,per_hit,raw_percent_of_host,api-node1,api-node2,20,28,48,20.792079,20.000000,20.792079,40.000000,100.000000,50.000000,2.000000,6.000000,0.000000,0.000000,2.000000,6.000000,88.578947,264.846154,77.997149,72.927651,3.000000
2026-06-24T05:08:15.471317113Z,1000,per_hit,raw_percent_of_host,api-node1,api-node2,17,30,47,26.000000,13.265306,26.000000,26.530612,100.000000,50.000000,2.000000,18.000000,0.000000,0.000000,2.000000,18.000000,71.882353,243.722222,77.992019,72.549266,3.000000
2026-06-24T05:08:16.471315867Z,1000,per_hit,raw_percent_of_host,api-node1,api-node2,21,25,46,24.000000,17.171717,24.000000,34.343434,100.000000,50.000000,1.000000,5.000000,0.000000,0.000000,1.000000,5.000000,103.045455,286.184211,76.363170,70.692160,3.000000
2026-06-24T05:08:17.471315375Z,1000,per_hit,raw_percent_of_host,api-node1,api-node2,28,15,43,28.282828,6.315789,28.282828,12.631579,100.000000,50.000000,4.000000,1.000000,0.000000,0.000000,4.000000,1.000000,91.120000,187.947368,76.601606,71.297418,3.000000
2026-06-24T05:08:18.471315836Z,1000,per_hit,raw_percent_of_host,api-node1,api-node2,18,25,43,24.742268,20.792079,24.742268,41.584158,100.000000,50.000000,0.000000,6.000000,0.000000,0.000000,0.000000,6.000000,96.454545,173.550000,76.746945,75.892026,3.000000
2026-06-24T05:08:19.471315944Z,1000,per_hit,raw_percent_of_host,api-node1,api-node2,16,26,42,15.533981,14.141414,15.533981,28.282828,100.000000,50.000000,0.000000,7.000000,0.000000,0.000000,0.000000,7.000000,119.687500,232.160000,75.617992,72.392613,3.000000
2026-06-24T05:08:20.471316149Z,1000,per_hit,raw_percent_of_host,api-node1,api-node2,20,21,41,8.910891,18.367347,8.910891,36.734694,100.000000,50.000000,1.000000,3.000000,0.000000,0.000000,1.000000,3.000000,109.157895,185.920000,76.794362,73.136447,3.000000
2026-06-24T05:08:21.471315792Z,1000,per_hit,raw_percent_of_host,api-node1,api-node2,21,18,39,24.752475,16.666667,24.752475,33.333333,100.000000,50.000000,3.000000,1.000000,0.000000,0.000000,3.000000,1.000000,98.157895,172.350000,77.406110,74.234624,3.000000
2026-06-24T05:08:22.471316892Z,1000,per_hit,raw_percent_of_host,api-node1,api-node2,20,19,39,24.000000,7.920792,24.000000,15.841584,100.000000,50.000000,3.000000,3.000000,0.000000,0.000000,3.000000,3.000000,86.600000,290.529412,77.301886,76.193689,3.000000
2026-06-24T05:08:23.471315184Z,1000,per_hit,raw_percent_of_host,api-node1,api-node2,20,18,38,20.202020,19.000000,20.202020,38.000000,100.000000,50.000000,2.000000,3.000000,0.000000,0.000000,2.000000,3.000000,104.238095,162.833333,77.025290,74.891028,3.000000
2026-06-24T05:08:24.471315433Z,1000,per_hit,raw_percent_of_host,api-node1,api-node2,16,21,37,19.417476,13.861386,19.417476,27.722772,100.000000,50.000000,1.000000,2.000000,0.000000,0.000000,1.000000,2.000000,81.000000,227.500000,77.561133,73.174002,3.000000
2026-06-24T05:08:25.471315292Z,1000,per_hit,raw_percent_of_host,api-node1,api-node2,16,19,35,15.533981,22.549020,15.533981,45.098039,100.000000,50.000000,0.000000,3.000000,0.000000,0.000000,0.000000,3.000000,93.764706,131.388889,77.435588,77.011004,3.000000
2026-06-24T05:08:26.471326672Z,1000,per_hit,raw_percent_of_host,api-node1,api-node2,14,20,34,17.307692,15.841584,17.307692,31.683168,100.000000,50.000000,0.000000,6.000000,0.000000,0.000000,0.000000,6.000000,117.785714,169.470588,75.879933,74.286549,3.000000
2026-06-24T05:08:27.471314979Z,1000,per_hit,raw_percent_of_host,api-node1,api-node2,16,17,33,17.171717,13.131313,17.171717,26.262626,100.000000,50.000000,0.000000,3.000000,0.000000,0.000000,0.000000,3.000000,79.250000,158.150000,75.634823,73.756031,3.000000
2026-06-24T05:08:28.471317048Z,1000,per_hit,raw_percent_of_host,api-node1,api-node2,21,11,32,14.851485,17.346939,14.851485,34.693878,100.000000,50.000000,2.000000,1.000000,0.000000,0.000000,2.000000,1.000000,114.578947,79.615385,75.855471,77.067819,3.000000
2026-06-24T05:08:29.471318134Z,1000,per_hit,raw_percent_of_host,api-node1,api-node2,16,15,31,19.000000,11.764706,19.000000,23.529412,100.000000,50.000000,3.000000,1.000000,0.000000,0.000000,3.000000,1.000000,79.600000,116.600000,77.467089,76.878231,3.000000
2026-06-24T05:08:30.471315824Z,1000,per_hit,raw_percent_of_host,api-node1,api-node2,12,18,30,17.708333,11.111111,17.708333,22.222222,100.000000,50.000000,1.000000,3.000000,0.000000,0.000000,1.000000,3.000000,62.357143,147.750000,76.957714,76.870516,3.000000
2026-06-24T05:08:31.471315118Z,1000,per_hit,raw_percent_of_host,api-node1,api-node2,17,12,29,20.388350,16.190476,20.388350,32.380952,100.000000,50.000000,1.000000,2.000000,0.000000,0.000000,1.000000,2.000000,80.529412,130.153846,75.495330,76.429680,3.000000
2026-06-24T05:08:32.471315637Z,1000,per_hit,raw_percent_of_host,api-node1,api-node2,13,15,28,15.151515,10.000000,15.151515,20.000000,100.000000,50.000000,3.000000,1.000000,0.000000,0.000000,3.000000,1.000000,94.090909,136.000000,77.214621,75.346689,3.000000
2026-06-24T05:08:33.471315154Z,1000,per_hit,raw_percent_of_host,api-node1,api-node2,18,8,26,14.583333,12.244898,14.583333,24.489796,100.000000,50.000000,1.000000,1.000000,0.000000,0.000000,1.000000,1.000000,87.600000,91.000000,76.677073,76.186755,3.000000
2026-06-24T05:08:34.471315813Z,1000,per_hit,raw_percent_of_host,api-node1,api-node2,17,9,26,20.792079,8.080808,20.792079,16.161616,100.000000,50.000000,1.000000,1.000000,0.000000,0.000000,1.000000,1.000000,66.294118,94.000000,77.832678,75.439634,3.000000
2026-06-24T05:08:35.471326727Z,1000,per_hit,raw_percent_of_host,api-node1,api-node2,9,16,25,6.796117,18.627451,6.796117,37.254902,100.000000,50.000000,0.000000,3.000000,0.000000,0.000000,0.000000,3.000000,80.200000,149.500000,78.218541,73.506332,3.000000
2026-06-24T05:08:36.471317379Z,1000,per_hit,raw_percent_of_host,api-node1,api-node2,14,10,24,13.000000,13.000000,13.000000,26.000000,100.000000,50.000000,1.000000,2.000000,0.000000,0.000000,1.000000,2.000000,103.615385,72.545455,76.579890,76.947887,3.000000
2026-06-24T05:08:37.471317208Z,1000,per_hit,raw_percent_of_host,api-node1,api-node2,9,13,22,17.647059,9.000000,17.647059,18.000000,100.000000,50.000000,0.000000,2.000000,0.000000,0.000000,0.000000,2.000000,61.800000,135.230769,76.377575,74.628373,3.000000
2026-06-24T05:08:38.471315646Z,1000,per_hit,raw_percent_of_host,api-node1,api-node2,10,11,21,6.000000,6.060606,6.000000,12.121212,100.000000,50.000000,0.000000,1.000000,0.000000,0.000000,0.000000,1.000000,95.200000,143.000000,76.865726,76.048704,3.000000
2026-06-24T05:08:39.471326973Z,1000,per_hit,raw_percent_of_host,api-node1,api-node2,4,17,21,7.000000,10.101010,7.000000,20.202020,100.000000,50.000000,1.000000,2.000000,0.000000,0.000000,1.000000,2.000000,50.000000,169.062500,77.969942,75.993584,3.000000
2026-06-24T05:08:40.471315334Z,1000,per_hit,raw_percent_of_host,api-node1,api-node2,12,8,20,17.171717,3.030303,17.171717,6.060606,100.000000,50.000000,0.000000,1.000000,0.000000,0.000000,0.000000,1.000000,75.692308,126.111111,76.770934,75.329580,3.000000
2026-06-24T05:08:41.4713178Z,1000,per_hit,raw_percent_of_host,api-node1,api-node2,8,12,20,11.538462,10.000000,11.538462,20.000000,100.000000,50.000000,0.000000,1.000000,0.000000,0.000000,0.000000,1.000000,65.250000,116.333333,76.959598,76.609549,3.000000
2026-06-24T05:08:42.471319169Z,1000,per_hit,raw_percent_of_host,api-node1,api-node2,7,12,19,10.101010,5.050505,10.101010,10.101010,100.000000,50.000000,1.000000,0.000000,0.000000,0.000000,1.000000,0.000000,56.000000,135.000000,77.191138,77.891226,3.000000
2026-06-24T05:08:43.471322433Z,1000,per_hit,raw_percent_of_host,api-node1,api-node2,10,8,18,5.882353,8.080808,5.882353,16.161616,100.000000,50.000000,0.000000,1.000000,0.000000,0.000000,0.000000,1.000000,97.818182,68.714286,76.806493,78.628054,3.000000
2026-06-24T05:08:44.471317397Z,1000,per_hit,raw_percent_of_host,api-node1,api-node2,7,10,17,2.000000,8.000000,2.000000,16.000000,100.000000,50.000000,0.000000,1.000000,0.000000,0.000000,0.000000,1.000000,66.142857,103.500000,77.444332,76.544681,3.000000
2026-06-24T05:08:45.471316655Z,1000,per_hit,raw_percent_of_host,api-node1,api-node2,7,10,17,13.592233,5.050505,13.592233,10.101010,100.000000,50.000000,0.000000,1.000000,0.000000,0.000000,0.000000,1.000000,71.285714,98.600000,76.512790,78.279034,3.000000
2026-06-24T05:08:46.471319059Z,1000,per_hit,raw_percent_of_host,api-node1,api-node2,7,9,16,5.940594,3.030303,5.940594,6.060606,100.000000,50.000000,0.000000,1.000000,0.000000,0.000000,0.000000,1.000000,69.428571,137.888889,78.138227,78.719315,3.000000
2026-06-24T05:08:47.471318164Z,1000,per_hit,raw_percent_of_host,api-node1,api-node2,5,10,15,2.020202,8.080808,2.020202,16.161616,100.000000,50.000000,0.000000,0.000000,0.000000,0.000000,0.000000,0.000000,50.000000,113.363636,78.098799,76.770460,3.000000
2026-06-24T05:08:48.471315504Z,1000,per_hit,raw_percent_of_host,api-node1,api-node2,10,5,15,2.020202,9.000000,2.020202,18.000000,100.000000,50.000000,0.000000,0.000000,0.000000,0.000000,0.000000,0.000000,89.300000,52.200000,77.447176,78.445783,3.000000
2026-06-24T05:08:49.471315342Z,1000,per_hit,raw_percent_of_host,api-node1,api-node2,9,5,14,6.000000,3.030303,6.000000,6.060606,100.000000,50.000000,1.000000,0.000000,0.000000,0.000000,1.000000,0.000000,63.000000,76.400000,78.477284,77.400413,3.000000
2026-06-24T05:08:50.471317597Z,1000,per_hit,raw_percent_of_host,api-node1,api-node2,6,8,14,2.000000,8.080808,2.000000,16.161616,100.000000,50.000000,0.000000,0.000000,0.000000,0.000000,0.000000,0.000000,51.000000,80.250000,78.653193,76.295667,3.000000
2026-06-24T05:08:51.471319071Z,1000,per_hit,raw_percent_of_host,api-node1,api-node2,5,8,13,6.000000,4.000000,6.000000,8.000000,100.000000,50.000000,0.000000,1.000000,0.000000,0.000000,0.000000,1.000000,51.000000,95.571429,77.389388,78.131269,3.000000
2026-06-24T05:08:52.471315336Z,1000,per_hit,raw_percent_of_host,api-node1,api-node2,6,7,13,12.121212,0.000000,12.121212,0.000000,100.000000,50.000000,1.000000,0.000000,0.000000,0.000000,1.000000,0.000000,50.000000,80.375000,77.823920,79.218420,3.000000
2026-06-24T05:08:53.47131538Z,1000,per_hit,raw_percent_of_host,api-node1,api-node2,8,4,12,6.060606,1.010101,6.060606,2.020202,100.000000,50.000000,0.000000,1.000000,0.000000,0.000000,0.000000,1.000000,78.444444,59.000000,77.756145,80.146340,3.000000
2026-06-24T05:08:54.471317878Z,1000,per_hit,raw_percent_of_host,api-node1,api-node2,7,4,11,7.070707,0.000000,7.070707,0.000000,100.000000,50.000000,0.000000,0.000000,0.000000,0.000000,0.000000,0.000000,59.285714,60.200000,77.733676,77.938949,3.000000
2026-06-24T05:08:55.471318109Z,1000,per_hit,raw_percent_of_host,api-node1,api-node2,4,7,11,7.142857,0.000000,7.142857,0.000000,100.000000,50.000000,0.000000,1.000000,0.000000,0.000000,0.000000,1.000000,55.250000,86.833333,77.673310,78.350566,3.000000
2026-06-24T05:08:56.471316232Z,1000,per_hit,raw_percent_of_host,api-node1,api-node2,4,7,11,0.000000,5.050505,0.000000,10.101010,100.000000,50.000000,1.000000,0.000000,0.000000,0.000000,1.000000,0.000000,54.000000,83.875000,78.510158,78.917621,3.000000
2026-06-24T05:08:57.471315412Z,1000,per_hit,raw_percent_of_host,api-node1,api-node2,4,7,11,5.050505,0.000000,5.050505,0.000000,100.000000,50.000000,0.000000,1.000000,0.000000,0.000000,0.000000,1.000000,54.400000,101.166667,78.335225,78.414962,3.000000
2026-06-24T05:08:58.471318436Z,1000,per_hit,raw_percent_of_host,api-node1,api-node2,5,5,10,5.000000,1.000000,5.000000,2.000000,100.000000,50.000000,1.000000,0.000000,0.000000,0.000000,1.000000,0.000000,65.500000,96.666667,78.538370,78.824601,3.000000
2026-06-24T05:08:59.471315409Z,1000,per_hit,raw_percent_of_host,api-node1,api-node2,7,3,10,7.070707,0.000000,7.070707,0.000000,100.000000,50.000000,1.000000,0.000000,0.000000,0.000000,1.000000,0.000000,67.142857,78.666667,78.107535,72.326297,3.000000
2026-06-24T05:09:00.471316411Z,1000,per_hit,raw_percent_of_host,api-node1,api-node2,5,5,10,0.000000,6.000000,0.000000,12.000000,100.000000,50.000000,0.000000,1.000000,0.000000,0.000000,0.000000,1.000000,72.500000,80.000000,78.048537,77.293268,3.000000
2026-06-24T05:09:01.471315304Z,1000,per_hit,raw_percent_of_host,api-node1,api-node2,4,6,10,3.000000,5.000000,3.000000,10.000000,100.000000,50.000000,0.000000,1.000000,0.000000,0.000000,0.000000,1.000000,73.000000,76.000000,76.029094,77.009190,3.000000
2026-06-24T05:09:02.471318084Z,1000,per_hit,raw_percent_of_host,api-node1,api-node2,3,7,10,1.000000,6.000000,1.000000,12.000000,100.000000,50.000000,0.000000,0.000000,0.000000,0.000000,0.000000,0.000000,50.000000,118.250000,77.533090,76.585594,3.000000
2026-06-24T05:09:03.471315239Z,1000,per_hit,raw_percent_of_host,api-node1,api-node2,7,3,10,9.000000,1.010101,9.000000,2.020202,100.000000,50.000000,0.000000,1.000000,0.000000,0.000000,0.000000,1.000000,69.714286,80.500000,78.281336,67.756092,3.000000
2026-06-24T05:09:04.47131703Z,1000,per_hit,raw_percent_of_host,api-node1,api-node2,5,5,10,1.000000,5.050505,1.000000,10.101010,100.000000,50.000000,1.000000,0.000000,0.000000,0.000000,1.000000,0.000000,78.500000,91.333333,77.040990,77.252095,3.000000
2026-06-24T05:09:05.471316401Z,1000,per_hit,raw_percent_of_host,api-node1,api-node2,6,4,10,8.000000,0.000000,8.000000,0.000000,100.000000,50.000000,1.000000,0.000000,0.000000,0.000000,1.000000,0.000000,56.166667,102.250000,77.626429,71.460242,3.000000
2026-06-24T05:09:06.471318791Z,1000,per_hit,raw_percent_of_host,api-node1,api-node2,8,2,10,0.000000,5.050505,0.000000,10.101010,100.000000,50.000000,1.000000,0.000000,0.000000,0.000000,1.000000,0.000000,84.875000,70.500000,78.166483,77.673269,3.000000
2026-06-24T05:09:07.471315439Z,1000,per_hit,raw_percent_of_host,api-node1,api-node2,8,2,10,7.070707,0.000000,7.070707,0.000000,100.000000,50.000000,1.000000,0.000000,0.000000,0.000000,1.000000,0.000000,71.625000,63.500000,77.253921,76.702419,3.000000
2026-06-24T05:09:08.471318745Z,1000,per_hit,raw_percent_of_host,api-node1,api-node2,6,5,11,6.930693,1.000000,6.930693,2.000000,100.000000,50.000000,0.000000,0.000000,0.000000,0.000000,0.000000,0.000000,52.000000,108.800000,77.198064,79.254998,3.000000
2026-06-24T05:09:09.471319062Z,1000,per_hit,raw_percent_of_host,api-node1,api-node2,7,4,11,3.960396,5.050505,3.960396,10.101010,100.000000,50.000000,0.000000,0.000000,0.000000,0.000000,0.000000,0.000000,77.000000,51.500000,77.137082,77.683654,3.000000
2026-06-24T05:09:10.471318485Z,1000,per_hit,raw_percent_of_host,api-node1,api-node2,1,10,11,0.000000,5.050505,0.000000,10.101010,100.000000,50.000000,0.000000,1.000000,0.000000,0.000000,0.000000,1.000000,50.000000,96.000000,78.515115,76.771068,3.000000
2026-06-24T05:09:11.471315143Z,1000,per_hit,raw_percent_of_host,api-node1,api-node2,4,7,11,0.000000,5.050505,0.000000,10.101010,100.000000,50.000000,0.000000,0.000000,0.000000,0.000000,0.000000,0.000000,53.500000,84.500000,80.449692,78.593934,3.000000
2026-06-24T05:09:12.471316593Z,1000,per_hit,raw_percent_of_host,api-node1,api-node2,6,6,12,2.000000,5.000000,2.000000,10.000000,100.000000,50.000000,1.000000,0.000000,0.000000,0.000000,1.000000,0.000000,79.200000,67.166667,78.901818,77.055689,3.000000
2026-06-24T05:09:13.471318153Z,1000,per_hit,raw_percent_of_host,api-node1,api-node2,5,7,12,7.070707,0.000000,7.070707,0.000000,100.000000,50.000000,0.000000,0.000000,0.000000,0.000000,0.000000,0.000000,50.500000,116.000000,77.480509,79.022261,3.000000
2026-06-24T05:09:14.471315427Z,1000,per_hit,raw_percent_of_host,api-node1,api-node2,6,7,13,5.050505,0.000000,5.050505,0.000000,100.000000,50.000000,1.000000,0.000000,0.000000,0.000000,1.000000,0.000000,65.800000,110.428571,78.332007,79.548883,3.000000
2026-06-24T05:09:15.471317674Z,1000,per_hit,raw_percent_of_host,api-node1,api-node2,9,4,13,6.122449,0.000000,6.122449,0.000000,100.000000,50.000000,1.000000,0.000000,0.000000,0.000000,1.000000,0.000000,64.222222,61.000000,77.228951,74.794144,3.000000
2026-06-24T05:09:16.4713155Z,1000,per_hit,raw_percent_of_host,api-node1,api-node2,5,8,13,0.000000,6.000000,0.000000,12.000000,100.000000,50.000000,1.000000,0.000000,0.000000,0.000000,1.000000,0.000000,50.000000,90.500000,80.023651,76.811423,3.000000
2026-06-24T05:09:17.471318525Z,1000,per_hit,raw_percent_of_host,api-node1,api-node2,6,8,14,1.000000,5.050505,1.000000,10.101010,100.000000,50.000000,1.000000,0.000000,0.000000,0.000000,1.000000,0.000000,58.666667,93.250000,78.459004,76.691444,3.000000
2026-06-24T05:09:18.471317703Z,1000,per_hit,raw_percent_of_host,api-node1,api-node2,5,10,15,0.000000,5.000000,0.000000,10.000000,100.000000,50.000000,0.000000,1.000000,0.000000,0.000000,0.000000,1.000000,57.500000,114.555556,78.689932,75.639079,3.000000
2026-06-24T05:09:19.471315572Z,1000,per_hit,raw_percent_of_host,api-node1,api-node2,7,8,15,4.901961,6.000000,4.901961,12.000000,100.000000,50.000000,0.000000,0.000000,0.000000,0.000000,0.000000,0.000000,55.142857,84.333333,77.990260,76.836423,3.000000
2026-06-24T05:09:20.471324918Z,1000,per_hit,raw_percent_of_host,api-node1,api-node2,5,11,16,3.960396,5.050505,3.960396,10.101010,100.000000,50.000000,0.000000,2.000000,0.000000,0.000000,0.000000,2.000000,50.000000,82.111111,78.518955,77.277968,3.000000
2026-06-24T05:09:21.47131829Z,1000,per_hit,raw_percent_of_host,api-node1,api-node2,6,10,16,2.020202,10.000000,2.020202,20.000000,100.000000,50.000000,1.000000,2.000000,0.000000,0.000000,1.000000,2.000000,67.000000,94.900000,78.741531,75.764779,3.000000
2026-06-24T05:09:22.471317708Z,1000,per_hit,raw_percent_of_host,api-node1,api-node2,9,8,17,6.000000,1.000000,6.000000,2.000000,100.000000,50.000000,1.000000,0.000000,0.000000,0.000000,1.000000,0.000000,65.333333,106.100000,77.648973,76.640814,3.000000
2026-06-24T05:09:23.471315743Z,1000,per_hit,raw_percent_of_host,api-node1,api-node2,10,8,18,9.000000,2.020202,9.000000,4.040404,100.000000,50.000000,1.000000,0.000000,0.000000,0.000000,1.000000,0.000000,64.600000,97.125000,77.928294,78.689543,3.000000
2026-06-24T05:09:24.471318455Z,1000,per_hit,raw_percent_of_host,api-node1,api-node2,10,9,19,1.000000,5.000000,1.000000,10.000000,100.000000,50.000000,2.000000,3.000000,0.000000,0.000000,2.000000,3.000000,68.777778,85.000000,79.573492,77.094534,3.000000
2026-06-24T05:09:25.471317632Z,1000,per_hit,raw_percent_of_host,api-node1,api-node2,7,12,19,7.291667,0.000000,7.291667,0.000000,100.000000,50.000000,0.000000,6.000000,0.000000,0.000000,0.000000,6.000000,77.333333,101.888889,77.207921,78.445894,3.000000
2026-06-24T05:09:26.471315506Z,1000,per_hit,raw_percent_of_host,api-node1,api-node2,10,10,20,5.050505,4.040404,5.050505,8.080808,100.000000,50.000000,0.000000,6.000000,0.000000,0.000000,0.000000,6.000000,66.500000,139.100000,77.659256,74.584496,3.000000
2026-06-24T05:09:27.471325193Z,1000,per_hit,raw_percent_of_host,api-node1,api-node2,11,10,21,0.000000,9.000000,0.000000,18.000000,100.000000,50.000000,5.000000,0.000000,0.000000,0.000000,5.000000,0.000000,86.666667,113.000000,80.265337,74.493193,3.000000
2026-06-24T05:09:28.471316484Z,1000,per_hit,raw_percent_of_host,api-node1,api-node2,9,13,22,0.000000,5.050505,0.000000,10.101010,100.000000,50.000000,1.000000,6.000000,0.000000,0.000000,1.000000,6.000000,102.153846,92.857143,78.477558,76.318771,3.000000
2026-06-24T05:09:29.471315351Z,1000,per_hit,raw_percent_of_host,api-node1,api-node2,10,13,23,0.000000,9.090909,0.000000,18.181818,100.000000,50.000000,3.000000,3.000000,0.000000,0.000000,3.000000,3.000000,69.000000,122.312500,80.980490,70.790821,3.000000
2026-06-24T05:09:30.471315266Z,1000,per_hit,raw_percent_of_host,api-node1,api-node2,4,20,24,0.000000,9.090909,0.000000,18.181818,100.000000,50.000000,0.000000,10.000000,0.000000,0.000000,0.000000,10.000000,80.285714,153.769231,78.411529,72.148370,3.000000
2026-06-24T05:09:31.471316136Z,1000,per_hit,raw_percent_of_host,api-node1,api-node2,18,7,25,9.803922,8.163265,9.803922,16.326531,100.000000,50.000000,9.000000,4.000000,0.000000,0.000000,9.000000,4.000000,72.666667,198.000000,77.873355,71.885601,3.000000
2026-06-24T05:09:32.471315566Z,1000,per_hit,raw_percent_of_host,api-node1,api-node2,16,10,26,9.278351,4.040404,9.278351,8.080808,100.000000,50.000000,4.000000,5.000000,0.000000,0.000000,4.000000,5.000000,109.619048,101.000000,76.198721,73.628800,3.000000
2026-06-24T05:09:33.471316635Z,1000,per_hit,raw_percent_of_host,api-node1,api-node2,13,14,27,10.101010,2.040816,10.101010,4.081633,100.000000,50.000000,4.000000,8.000000,0.000000,0.000000,4.000000,8.000000,100.230769,106.727273,78.019954,76.617781,3.000000
2026-06-24T05:09:34.471316166Z,1000,per_hit,raw_percent_of_host,api-node1,api-node2,13,15,28,7.368421,3.092784,7.368421,6.185567,100.000000,50.000000,2.000000,11.000000,0.000000,0.000000,2.000000,11.000000,90.200000,135.333333,77.392877,74.295220,3.000000
2026-06-24T05:09:35.471315447Z,1000,per_hit,raw_percent_of_host,api-node1,api-node2,10,19,29,0.000000,8.163265,0.000000,16.326531,100.000000,50.000000,5.000000,9.000000,0.000000,0.000000,5.000000,9.000000,89.000000,190.571429,80.467908,68.771670,3.000000
2026-06-24T05:09:36.471316443Z,1000,per_hit,raw_percent_of_host,api-node1,api-node2,15,15,30,6.185567,4.040404,6.185567,8.080808,100.000000,50.000000,5.000000,10.000000,0.000000,0.000000,5.000000,10.000000,106.200000,137.714286,77.645139,74.222222,3.000000
2026-06-24T05:09:37.47131633Z,1000,per_hit,raw_percent_of_host,api-node1,api-node2,14,17,31,0.000000,8.163265,0.000000,16.326531,100.000000,50.000000,6.000000,10.000000,0.000000,0.000000,6.000000,10.000000,101.923077,137.235294,79.909251,72.995632,3.000000
2026-06-24T05:09:38.47131546Z,1000,per_hit,raw_percent_of_host,api-node1,api-node2,19,13,32,5.263158,2.061856,5.263158,4.123711,100.000000,50.000000,11.000000,6.000000,0.000000,0.000000,11.000000,6.000000,103.785714,145.235294,78.631903,75.677952,3.000000
2026-06-24T05:09:39.471317349Z,1000,per_hit,raw_percent_of_host,api-node1,api-node2,19,14,33,12.631579,8.163265,12.631579,16.326531,100.000000,50.000000,10.000000,7.000000,0.000000,0.000000,10.000000,7.000000,132.750000,121.923077,76.051311,72.768400,3.000000
2026-06-24T05:09:40.471316741Z,1000,per_hit,raw_percent_of_host,api-node1,api-node2,13,21,34,12.500000,5.050505,12.500000,10.101010,100.000000,50.000000,7.000000,15.000000,0.000000,0.000000,7.000000,15.000000,123.500000,109.538462,77.592707,73.446839,3.000000
2026-06-24T05:09:41.471316592Z,1000,per_hit,raw_percent_of_host,api-node1,api-node2,19,16,35,5.263158,13.265306,5.263158,26.530612,100.000000,50.000000,12.000000,13.000000,0.000000,0.000000,12.000000,13.000000,97.500000,230.500000,78.202653,67.930794,3.000000
2026-06-24T05:09:42.471317324Z,1000,per_hit,raw_percent_of_host,api-node1,api-node2,19,17,36,2.083333,7.216495,2.083333,14.432990,100.000000,50.000000,9.000000,11.000000,0.000000,0.000000,9.000000,11.000000,103.454545,231.526316,79.960668,70.421418,3.000000
2026-06-24T05:09:43.471315769Z,1000,per_hit,raw_percent_of_host,api-node1,api-node2,16,21,37,7.368421,0.000000,7.368421,0.000000,100.000000,50.000000,6.000000,17.000000,0.000000,0.000000,6.000000,17.000000,110.578947,156.466667,77.365389,78.687419,3.000000
2026-06-24T05:09:44.47131898Z,1000,per_hit,raw_percent_of_host,api-node1,api-node2,21,17,38,3.092784,17.525773,3.092784,35.051546,100.000000,50.000000,13.000000,12.000000,0.000000,0.000000,13.000000,12.000000,97.142857,305.909091,78.920088,74.224874,3.000000
2026-06-24T05:09:45.471317143Z,1000,per_hit,raw_percent_of_host,api-node1,api-node2,18,22,40,13.829787,8.163265,13.829787,16.326531,100.000000,50.000000,11.000000,16.000000,0.000000,0.000000,11.000000,16.000000,119.700000,162.277778,77.713102,69.817679,3.000000
2026-06-24T05:09:46.471315957Z,1000,per_hit,raw_percent_of_host,api-node1,api-node2,23,18,41,5.263158,13.265306,5.263158,26.530612,100.000000,50.000000,15.000000,12.000000,0.000000,0.000000,15.000000,12.000000,114.947368,277.681818,77.136692,67.843209,3.000000
2026-06-24T05:09:47.471315323Z,1000,per_hit,raw_percent_of_host,api-node1,api-node2,23,19,42,16.842105,8.163265,16.842105,16.326531,100.000000,50.000000,14.000000,14.000000,0.000000,0.000000,14.000000,14.000000,161.166667,199.529412,72.899825,73.071677,3.000000
2026-06-24T05:09:48.471317173Z,1000,per_hit,raw_percent_of_host,api-node1,api-node2,23,20,43,11.578947,14.141414,11.578947,28.282828,100.000000,50.000000,15.000000,16.000000,0.000000,0.000000,15.000000,16.000000,120.500000,245.333333,76.445809,72.625265,3.000000
2026-06-24T05:09:49.471319465Z,1000,per_hit,raw_percent_of_host,api-node1,api-node2,23,21,44,20.408163,12.371134,20.408163,24.742268,100.000000,50.000000,14.000000,16.000000,0.000000,0.000000,14.000000,16.000000,134.875000,226.333333,75.152609,68.795661,3.000000
2026-06-24T05:09:50.471317014Z,1000,per_hit,raw_percent_of_host,api-node1,api-node2,22,22,44,10.416667,13.265306,10.416667,26.530612,100.000000,50.000000,14.000000,17.000000,0.000000,0.000000,14.000000,17.000000,124.863636,204.904762,74.828204,69.259988,3.000000
2026-06-24T05:09:51.471316015Z,1000,per_hit,raw_percent_of_host,api-node1,api-node2,25,22,47,17.525773,14.141414,17.525773,28.282828,100.000000,50.000000,18.000000,17.000000,0.000000,0.000000,18.000000,17.000000,122.333333,267.727273,76.554585,70.752718,3.000000
2026-06-24T05:09:52.471316397Z,1000,per_hit,raw_percent_of_host,api-node1,api-node2,20,28,48,12.631579,15.151515,12.631579,30.303030,100.000000,50.000000,12.000000,24.000000,0.000000,0.000000,12.000000,24.000000,153.576923,290.666667,73.542949,71.133898,3.000000
2026-06-24T05:09:53.471315857Z,1000,per_hit,raw_percent_of_host,api-node1,api-node2,22,27,49,15.053763,18.367347,15.053763,36.734694,100.000000,50.000000,15.000000,20.000000,0.000000,0.000000,15.000000,20.000000,143.157895,285.516129,77.554543,72.403593,3.000000
2026-06-24T05:09:54.471320204Z,1000,per_hit,raw_percent_of_host,api-node1,api-node2,30,20,50,10.416667,18.367347,10.416667,36.734694,100.000000,50.000000,25.000000,13.000000,0.000000,0.000000,25.000000,13.000000,165.250000,326.222222,76.975574,70.394148,3.000000
2026-06-24T05:09:55.471319764Z,1000,per_hit,raw_percent_of_host,api-node1,api-node2,31,20,51,21.875000,13.131313,21.875000,26.262626,100.000000,50.000000,26.000000,14.000000,0.000000,0.000000,26.000000,14.000000,235.400000,178.842105,71.353287,68.620832,3.000000
2026-06-24T05:09:56.471318372Z,1000,per_hit,raw_percent_of_host,api-node1,api-node2,24,28,52,31.250000,9.090909,31.250000,18.181818,100.000000,50.000000,16.000000,23.000000,0.000000,0.000000,16.000000,23.000000,194.911765,229.368421,74.137236,70.972253,3.000000
2026-06-24T05:09:57.471317416Z,1000,per_hit,raw_percent_of_host,api-node1,api-node2,24,29,53,17.894737,18.367347,17.894737,36.734694,100.000000,50.000000,17.000000,23.000000,0.000000,0.000000,17.000000,23.000000,140.652174,342.931034,76.535739,71.488177,3.000000
2026-06-24T05:09:58.471315274Z,1000,per_hit,raw_percent_of_host,api-node1,api-node2,26,23,49,17.525773,16.666667,17.525773,33.333333,100.000000,50.000000,20.000000,19.000000,0.000000,0.000000,20.000000,19.000000,155.130435,368.481481,74.182250,68.485068,3.000000
2026-06-24T05:09:59.4713158Z,1000,per_hit,raw_percent_of_host,api-node1,api-node2,29,31,60,20.833333,18.367347,20.833333,36.734694,100.000000,50.000000,19.000000,23.000000,0.000000,0.000000,19.000000,23.000000,188.866667,284.296296,72.590987,72.713286,3.000000
2026-06-24T05:10:00.471316Z,1000,per_hit,raw_percent_of_host,api-node1,api-node2,27,29,56,25.510204,18.367347,25.510204,36.734694,100.000000,50.000000,21.000000,22.000000,0.000000,0.000000,21.000000,22.000000,171.240000,256.600000,75.507177,71.074507,3.000000
2026-06-24T05:10:01.471315387Z,1000,per_hit,raw_percent_of_host,api-node1,api-node2,33,24,57,21.649485,18.367347,21.649485,36.734694,100.000000,50.000000,26.000000,18.000000,0.000000,0.000000,26.000000,18.000000,163.107143,312.928571,75.848005,64.181907,3.000000
2026-06-24T05:10:02.471317349Z,1000,per_hit,raw_percent_of_host,api-node1,api-node2,31,27,58,21.052632,13.265306,21.052632,26.530612,100.000000,50.000000,25.000000,21.000000,0.000000,0.000000,25.000000,21.000000,220.093750,227.291667,74.857463,70.247562,3.000000
2026-06-24T05:10:03.471315777Z,1000,per_hit,raw_percent_of_host,api-node1,api-node2,35,24,59,21.875000,18.367347,21.875000,36.734694,100.000000,50.000000,29.000000,20.000000,0.000000,0.000000,29.000000,20.000000,261.419355,340.160000,71.654139,72.879661,3.000000
2026-06-24T05:10:04.471317053Z,1000,per_hit,raw_percent_of_host,api-node1,api-node2,34,26,60,20.833333,13.265306,20.833333,26.530612,100.000000,50.000000,26.000000,22.000000,0.000000,0.000000,26.000000,22.000000,236.027027,266.833333,73.046527,70.708514,3.000000
2026-06-24T05:10:05.471316237Z,1000,per_hit,raw_percent_of_host,api-node1,api-node2,33,28,61,21.052632,22.680412,21.052632,45.360825,100.000000,50.000000,30.000000,20.000000,0.000000,0.000000,30.000000,20.000000,223.137931,365.700000,73.456211,74.424358,3.000000
2026-06-24T05:10:06.471316733Z,1000,per_hit,raw_percent_of_host,api-node1,api-node2,32,30,62,26.262626,21.000000,26.262626,42.000000,100.000000,50.000000,20.000000,28.000000,0.000000,0.000000,20.000000,28.000000,239.119048,398.818182,72.481658,74.854826,3.000000
2026-06-24T05:10:07.471316202Z,1000,per_hit,raw_percent_of_host,api-node1,api-node2,35,28,63,25.000000,23.711340,25.000000,47.422680,100.000000,50.000000,28.000000,22.000000,0.000000,0.000000,28.000000,22.000000,194.666667,453.176471,72.501918,74.535493,3.000000
2026-06-24T05:10:08.471318079Z,1000,per_hit,raw_percent_of_host,api-node1,api-node2,30,34,64,20.833333,23.469388,20.833333,46.938776,100.000000,50.000000,24.000000,28.000000,0.000000,0.000000,24.000000,28.000000,231.323529,417.428571,73.574693,72.754526,3.000000
2026-06-24T05:10:09.471316096Z,1000,per_hit,raw_percent_of_host,api-node1,api-node2,32,33,65,21.649485,25.252525,21.649485,50.505051,100.000000,50.000000,23.000000,26.000000,0.000000,0.000000,23.000000,26.000000,208.242424,541.314286,74.804196,67.279273,3.000000
2026-06-24T05:10:10.471317432Z,1000,per_hit,raw_percent_of_host,api-node1,api-node2,32,33,65,24.489796,23.469388,24.489796,46.938776,100.000000,50.000000,25.000000,29.000000,0.000000,0.000000,25.000000,29.000000,172.733333,440.966667,70.904198,76.215778,3.000000
2026-06-24T05:10:11.471316437Z,1000,per_hit,raw_percent_of_host,api-node1,api-node2,37,29,66,22.105263,25.000000,22.105263,50.000000,100.000000,50.000000,30.000000,24.000000,0.000000,0.000000,30.000000,24.000000,203.250000,548.088235,74.311334,73.758798,3.000000
2026-06-24T05:10:12.47131703Z,1000,per_hit,raw_percent_of_host,api-node1,api-node2,30,37,67,24.742268,23.469388,24.742268,46.938776,100.000000,50.000000,23.000000,32.000000,0.000000,0.000000,23.000000,32.000000,241.540541,347.448276,71.542272,76.031404,3.000000
2026-06-24T05:10:13.471315511Z,1000,per_hit,raw_percent_of_host,api-node1,api-node2,34,34,68,24.742268,23.469388,24.742268,46.938776,100.000000,50.000000,29.000000,27.000000,0.000000,0.000000,29.000000,27.000000,189.321429,393.461538,70.719899,74.184724,3.000000
2026-06-24T05:10:14.471317286Z,1000,per_hit,raw_percent_of_host,api-node1,api-node2,38,30,68,21.875000,26.470588,21.875000,52.941176,100.000000,50.000000,32.000000,23.000000,0.000000,0.000000,32.000000,23.000000,230.028571,399.941176,72.538935,72.339459,3.000000
2026-06-24T05:10:15.471317447Z,1000,per_hit,raw_percent_of_host,api-node1,api-node2,31,38,69,34.375000,22.680412,34.375000,45.360825,100.000000,50.000000,25.000000,31.000000,0.000000,0.000000,25.000000,31.000000,340.552632,346.333333,76.690846,74.492199,3.000000
2026-06-24T05:10:16.471317155Z,1000,per_hit,raw_percent_of_host,api-node1,api-node2,39,31,70,21.649485,23.931624,21.649485,47.863248,100.000000,50.000000,32.000000,27.000000,0.000000,0.000000,32.000000,27.000000,194.062500,578.457143,73.879127,64.566400,3.000000
2026-06-24T05:10:17.471316177Z,1000,per_hit,raw_percent_of_host,api-node1,api-node2,41,29,70,33.684211,26.470588,33.684211,52.941176,100.000000,50.000000,36.000000,23.000000,0.000000,0.000000,36.000000,23.000000,251.216216,425.121212,73.964694,69.982804,3.000000
2026-06-24T05:10:18.471316024Z,1000,per_hit,raw_percent_of_host,api-node1,api-node2,38,33,71,36.363636,24.489796,36.363636,48.979592,100.000000,50.000000,32.000000,27.000000,0.000000,0.000000,32.000000,27.000000,260.642857,361.206897,75.461739,74.228209,3.000000
2026-06-24T05:10:19.47131599Z,1000,per_hit,raw_percent_of_host,api-node1,api-node2,33,38,71,29.896907,23.931624,29.896907,47.863248,100.000000,50.000000,23.000000,35.000000,0.000000,0.000000,23.000000,35.000000,218.309524,513.700000,72.650469,72.844231,3.000000
2026-06-24T05:10:20.47131583Z,1000,per_hit,raw_percent_of_host,api-node1,api-node2,42,30,72,22.916667,27.184466,22.916667,54.368932,100.000000,50.000000,34.000000,27.000000,0.000000,0.000000,34.000000,27.000000,197.354839,545.368421,71.947819,47.994308,3.000000
2026-06-24T05:10:21.47131651Z,1000,per_hit,raw_percent_of_host,api-node1,api-node2,43,29,72,36.000000,24.242424,36.000000,48.484848,100.000000,50.000000,34.000000,24.000000,0.000000,0.000000,34.000000,24.000000,265.953488,420.781250,76.092155,73.589198,3.000000
2026-06-24T05:10:22.471317714Z,1000,per_hit,raw_percent_of_host,api-node1,api-node2,39,34,73,36.363636,18.918919,36.363636,37.837838,100.000000,50.000000,29.000000,30.000000,0.000000,0.000000,29.000000,30.000000,316.681818,395.857143,75.364970,75.537607,3.000000
2026-06-24T05:10:23.471317592Z,1000,per_hit,raw_percent_of_host,api-node1,api-node2,38,35,73,24.742268,26.262626,24.742268,52.525253,100.000000,50.000000,35.000000,26.000000,0.000000,0.000000,35.000000,26.000000,262.500000,459.307692,75.281329,70.345693,3.000000
2026-06-24T05:10:24.471316211Z,1000,per_hit,raw_percent_of_host,api-node1,api-node2,37,37,74,34.020619,24.242424,34.020619,48.484848,100.000000,50.000000,29.000000,31.000000,0.000000,0.000000,29.000000,31.000000,256.232558,517.312500,76.411171,71.908915,3.000000
2026-06-24T05:10:25.471316147Z,1000,per_hit,raw_percent_of_host,api-node1,api-node2,37,37,74,35.714286,25.000000,35.714286,50.000000,100.000000,50.000000,28.000000,32.000000,0.000000,0.000000,28.000000,32.000000,235.263158,559.555556,76.555273,72.992272,3.000000
2026-06-24T05:10:26.471316366Z,1000,per_hit,raw_percent_of_host,api-node1,api-node2,49,25,74,31.313131,25.000000,31.313131,50.000000,100.000000,50.000000,40.000000,25.000000,0.000000,0.000000,40.000000,25.000000,227.594595,582.343750,70.379005,49.515022,3.000000
2026-06-24T05:10:27.471316442Z,1000,per_hit,raw_percent_of_host,api-node1,api-node2,35,39,74,33.333333,27.450980,33.333333,54.901961,100.000000,50.000000,27.000000,34.000000,0.000000,0.000000,27.000000,34.000000,311.500000,394.066667,75.289259,73.178783,3.000000
2026-06-24T05:10:28.471315439Z,1000,per_hit,raw_percent_of_host,api-node1,api-node2,29,46,75,30.612245,25.000000,30.612245,50.000000,100.000000,50.000000,22.000000,41.000000,0.000000,0.000000,22.000000,41.000000,208.205882,521.153846,75.817947,73.810937,3.000000
2026-06-24T05:10:29.471317099Z,1000,per_hit,raw_percent_of_host,api-node1,api-node2,33,42,75,18.750000,25.742574,18.750000,51.485149,100.000000,50.000000,26.000000,36.000000,0.000000,0.000000,26.000000,36.000000,181.862069,554.319149,73.511755,63.874919,3.000000
2026-06-24T05:10:30.47131588Z,1000,per_hit,raw_percent_of_host,api-node1,api-node2,42,33,75,22.105263,25.742574,22.105263,51.485149,100.000000,50.000000,36.000000,27.000000,0.000000,0.000000,36.000000,27.000000,248.468750,630.238095,74.483132,69.747431,3.000000
2026-06-24T05:10:31.47131646Z,1000,per_hit,raw_percent_of_host,api-node1,api-node2,44,31,75,31.250000,23.469388,31.250000,46.938776,100.000000,50.000000,39.000000,24.000000,0.000000,0.000000,39.000000,24.000000,286.804878,334.558824,72.694088,73.311878,3.000000
2026-06-24T05:10:32.47131646Z,1000,per_hit,raw_percent_of_host,api-node1,api-node2,35,40,75,41.414141,23.469388,41.414141,46.938776,100.000000,50.000000,25.000000,38.000000,0.000000,0.000000,25.000000,38.000000,359.897959,383.807692,75.925676,76.450895,3.000000
2026-06-24T05:10:33.471317024Z,1000,per_hit,raw_percent_of_host,api-node1,api-node2,41,34,75,27.083333,25.000000,27.083333,50.000000,100.000000,50.000000,34.000000,30.000000,0.000000,0.000000,34.000000,30.000000,219.687500,786.166667,72.763023,69.338180,3.000000
2026-06-24T05:10:34.471316199Z,1000,per_hit,raw_percent_of_host,api-node1,api-node2,40,35,75,23.157895,24.242424,23.157895,48.484848,100.000000,50.000000,32.000000,28.000000,0.000000,0.000000,32.000000,28.000000,267.666667,450.567568,74.701669,74.039222,3.000000
2026-06-24T05:10:35.471316967Z,1000,per_hit,raw_percent_of_host,api-node1,api-node2,35,40,75,35.353535,21.875000,35.353535,43.750000,100.000000,50.000000,25.000000,37.000000,0.000000,0.000000,25.000000,37.000000,268.571429,351.677419,75.002830,72.943807,3.000000
2026-06-24T05:10:36.471316188Z,1000,per_hit,raw_percent_of_host,api-node1,api-node2,43,32,75,23.711340,23.275862,23.711340,46.551724,100.000000,50.000000,38.000000,27.000000,0.000000,0.000000,38.000000,27.000000,180.066667,585.142857,74.894696,63.508901,3.000000
2026-06-24T05:10:37.471316281Z,1000,per_hit,raw_percent_of_host,api-node1,api-node2,37,38,75,32.291667,23.469388,32.291667,46.938776,100.000000,50.000000,28.000000,35.000000,0.000000,0.000000,28.000000,35.000000,308.829787,414.166667,73.857020,74.399139,3.000000
2026-06-24T05:10:38.4713166Z,1000,per_hit,raw_percent_of_host,api-node1,api-node2,35,40,75,20.833333,25.000000,20.833333,50.000000,100.000000,50.000000,27.000000,33.000000,0.000000,0.000000,27.000000,33.000000,188.555556,633.119048,74.726768,72.147868,3.000000
2026-06-24T05:10:39.471318105Z,1000,per_hit,raw_percent_of_host,api-node1,api-node2,37,37,74,22.916667,25.252525,22.916667,50.505051,100.000000,50.000000,29.000000,31.000000,0.000000,0.000000,29.000000,31.000000,224.085714,344.076923,72.216127,73.115842,3.000000
2026-06-24T05:10:40.471316101Z,1000,per_hit,raw_percent_of_host,api-node1,api-node2,42,32,74,24.742268,25.000000,24.742268,50.000000,100.000000,50.000000,36.000000,26.000000,0.000000,0.000000,36.000000,26.000000,224.942857,658.027027,74.774569,60.032062,3.000000
2026-06-24T05:10:41.47131811Z,1000,per_hit,raw_percent_of_host,api-node1,api-node2,44,30,74,32.989691,23.469388,32.989691,46.938776,100.000000,50.000000,37.000000,27.000000,0.000000,0.000000,37.000000,27.000000,304.651163,451.413793,73.217128,72.577593,3.000000
2026-06-24T05:10:42.471316851Z,1000,per_hit,raw_percent_of_host,api-node1,api-node2,38,36,74,37.500000,24.489796,37.500000,48.979592,100.000000,50.000000,29.000000,31.000000,0.000000,0.000000,29.000000,31.000000,306.782609,448.531250,74.112646,73.862873,3.000000
2026-06-24T05:10:43.471316049Z,1000,per_hit,raw_percent_of_host,api-node1,api-node2,35,38,73,32.291667,28.431373,32.291667,56.862745,100.000000,50.000000,32.000000,31.000000,0.000000,0.000000,32.000000,31.000000,314.593750,398.921053,75.887704,70.262392,3.000000
2026-06-24T05:10:44.471315598Z,1000,per_hit,raw_percent_of_host,api-node1,api-node2,44,29,73,23.958333,23.469388,23.958333,46.938776,100.000000,50.000000,35.000000,25.000000,0.000000,0.000000,35.000000,25.000000,240.024390,542.428571,70.000078,72.095148,3.000000
2026-06-24T05:10:45.471315624Z,1000,per_hit,raw_percent_of_host,api-node1,api-node2,45,27,72,38.144330,23.469388,38.144330,46.938776,100.000000,50.000000,38.000000,23.000000,0.000000,0.000000,38.000000,23.000000,255.261905,363.379310,75.630821,74.516904,3.000000
2026-06-24T05:10:46.471319746Z,1000,per_hit,raw_percent_of_host,api-node1,api-node2,31,41,72,34.375000,23.469388,34.375000,46.938776,100.000000,50.000000,22.000000,35.000000,0.000000,0.000000,22.000000,35.000000,281.510638,356.758621,76.447493,74.006810,3.000000
2026-06-24T05:10:47.471315804Z,1000,per_hit,raw_percent_of_host,api-node1,api-node2,35,36,71,25.510204,26.000000,25.510204,52.000000,100.000000,50.000000,28.000000,31.000000,0.000000,0.000000,28.000000,31.000000,251.310345,570.300000,72.341598,70.357426,3.000000
2026-06-24T05:10:48.471316637Z,1000,per_hit,raw_percent_of_host,api-node1,api-node2,41,30,71,32.291667,24.242424,32.291667,48.484848,100.000000,50.000000,33.000000,25.000000,0.000000,0.000000,33.000000,25.000000,257.805556,454.861111,75.667977,73.004648,3.000000
2026-06-24T05:10:49.47131653Z,1000,per_hit,raw_percent_of_host,api-node1,api-node2,32,38,70,37.000000,23.469388,37.000000,46.938776,100.000000,50.000000,24.000000,33.000000,0.000000,0.000000,24.000000,33.000000,302.585366,350.266667,75.438272,75.383875,3.000000
2026-06-24T05:10:50.471321371Z,1000,per_hit,raw_percent_of_host,api-node1,api-node2,42,28,70,14.285714,26.470588,14.285714,52.941176,100.000000,50.000000,34.000000,22.000000,0.000000,0.000000,34.000000,22.000000,152.437500,672.025641,77.336403,72.368405,3.000000
2026-06-24T05:10:51.471318225Z,1000,per_hit,raw_percent_of_host,api-node1,api-node2,32,37,69,32.989691,15.151515,32.989691,30.303030,100.000000,50.000000,24.000000,31.000000,0.000000,0.000000,24.000000,31.000000,287.761905,252.892857,74.741504,72.608355,3.000000
2026-06-24T05:10:52.471317238Z,1000,per_hit,raw_percent_of_host,api-node1,api-node2,29,39,68,22.448980,27.450980,22.448980,54.901961,100.000000,50.000000,22.000000,31.000000,0.000000,0.000000,22.000000,31.000000,188.387097,570.153846,74.753017,74.412796,3.000000
2026-06-24T05:10:53.471316613Z,1000,per_hit,raw_percent_of_host,api-node1,api-node2,35,33,68,16.666667,26.470588,16.666667,52.941176,100.000000,50.000000,28.000000,26.000000,0.000000,0.000000,28.000000,26.000000,174.793103,554.815789,75.603487,71.023601,3.000000
2026-06-24T05:10:54.471316219Z,1000,per_hit,raw_percent_of_host,api-node1,api-node2,33,34,67,25.000000,24.242424,25.000000,48.484848,100.000000,50.000000,27.000000,28.000000,0.000000,0.000000,27.000000,28.000000,241.676471,370.437500,71.302767,75.514555,3.000000
2026-06-24T05:10:55.471316267Z,1000,per_hit,raw_percent_of_host,api-node1,api-node2,30,36,66,23.711340,25.000000,23.711340,50.000000,100.000000,50.000000,20.000000,31.000000,0.000000,0.000000,20.000000,31.000000,179.216216,468.606061,73.815570,70.902557,3.000000
2026-06-24T05:10:56.471316771Z,1000,per_hit,raw_percent_of_host,api-node1,api-node2,31,34,65,24.742268,24.489796,24.742268,48.979592,100.000000,50.000000,22.000000,28.000000,0.000000,0.000000,22.000000,28.000000,209.482759,513.702703,74.509983,72.831580,3.000000
2026-06-24T05:10:57.471315941Z,1000,per_hit,raw_percent_of_host,api-node1,api-node2,32,33,65,23.157895,25.742574,23.157895,51.485149,100.000000,50.000000,26.000000,27.000000,0.000000,0.000000,26.000000,27.000000,171.392857,369.500000,75.042116,65.132455,3.000000
2026-06-24T05:10:58.471316681Z,1000,per_hit,raw_percent_of_host,api-node1,api-node2,25,39,64,23.711340,23.711340,23.711340,47.422680,100.000000,50.000000,18.000000,34.000000,0.000000,0.000000,18.000000,34.000000,222.424242,388.250000,72.767077,73.064712,3.000000
2026-06-24T05:10:59.471316427Z,1000,per_hit,raw_percent_of_host,api-node1,api-node2,32,31,63,10.416667,25.000000,10.416667,50.000000,100.000000,50.000000,26.000000,23.000000,0.000000,0.000000,26.000000,23.000000,155.416667,525.119048,76.847003,62.787094,3.000000
2026-06-24T05:11:00.471315059Z,1000,per_hit,raw_percent_of_host,api-node1,api-node2,41,21,62,23.711340,22.680412,23.711340,45.360825,100.000000,50.000000,30.000000,16.000000,0.000000,0.000000,30.000000,16.000000,182.054054,368.857143,74.897187,74.008222,3.000000
2026-06-24T05:11:01.471315822Z,1000,per_hit,raw_percent_of_host,api-node1,api-node2,26,35,61,21.649485,12.500000,21.649485,25.000000,100.000000,50.000000,16.000000,32.000000,0.000000,0.000000,16.000000,32.000000,262.675000,254.052632,72.387815,68.831443,3.000000
2026-06-24T05:11:02.471316913Z,1000,per_hit,raw_percent_of_host,api-node1,api-node2,28,32,60,10.526316,26.000000,10.526316,52.000000,100.000000,50.000000,19.000000,25.000000,0.000000,0.000000,19.000000,25.000000,116.880000,454.820513,77.573897,69.609100,3.000000
2026-06-24T05:11:03.47131638Z,1000,per_hit,raw_percent_of_host,api-node1,api-node2,31,28,59,21.052632,24.489796,21.052632,48.979592,100.000000,50.000000,23.000000,22.000000,0.000000,0.000000,23.000000,22.000000,190.555556,336.483871,75.406838,76.863872,3.000000
2026-06-24T05:11:04.471316083Z,1000,per_hit,raw_percent_of_host,api-node1,api-node2,31,27,58,24.742268,16.666667,24.742268,33.333333,100.000000,50.000000,20.000000,26.000000,0.000000,0.000000,20.000000,26.000000,173.852941,336.782609,71.931515,69.975256,3.000000
2026-06-24T05:11:05.471317751Z,1000,per_hit,raw_percent_of_host,api-node1,api-node2,25,32,57,21.875000,23.809524,21.875000,47.619048,100.000000,50.000000,17.000000,26.000000,0.000000,0.000000,17.000000,26.000000,152.428571,365.656250,74.190432,74.216999,3.000000
2026-06-24T05:11:06.471315647Z,1000,per_hit,raw_percent_of_host,api-node1,api-node2,24,32,56,13.541667,25.641026,13.541667,51.282051,100.000000,50.000000,17.000000,25.000000,0.000000,0.000000,17.000000,25.000000,130.208333,358.393939,76.971919,66.998910,3.000000
2026-06-24T05:11:07.471319301Z,1000,per_hit,raw_percent_of_host,api-node1,api-node2,23,32,55,10.526316,23.711340,10.526316,47.422680,100.000000,50.000000,17.000000,25.000000,0.000000,0.000000,17.000000,25.000000,152.869565,357.875000,76.820282,63.074398,3.000000
2026-06-24T05:11:08.471316223Z,1000,per_hit,raw_percent_of_host,api-node1,api-node2,28,26,54,19.387755,20.000000,19.387755,40.000000,100.000000,50.000000,18.000000,22.000000,0.000000,0.000000,18.000000,22.000000,128.444444,352.482759,74.349614,72.537513,3.000000
2026-06-24T05:11:09.471318232Z,1000,per_hit,raw_percent_of_host,api-node1,api-node2,29,24,53,20.408163,22.680412,20.408163,45.360825,100.000000,50.000000,19.000000,21.000000,0.000000,0.000000,19.000000,21.000000,134.500000,337.520000,75.031108,75.309605,3.000000
2026-06-24T05:11:10.471315962Z,1000,per_hit,raw_percent_of_host,api-node1,api-node2,27,25,52,16.666667,19.191919,16.666667,38.383838,100.000000,50.000000,18.000000,19.000000,0.000000,0.000000,18.000000,19.000000,137.571429,329.851852,73.532372,72.875833,3.000000
2026-06-24T05:11:11.471315623Z,1000,per_hit,raw_percent_of_host,api-node1,api-node2,29,22,51,19.587629,17.525773,19.587629,35.051546,100.000000,50.000000,19.000000,17.000000,0.000000,0.000000,19.000000,17.000000,125.857143,257.125000,75.641762,73.893688,3.000000
2026-06-24T05:11:12.471315329Z,1000,per_hit,raw_percent_of_host,api-node1,api-node2,31,19,50,19.587629,19.191919,19.587629,38.383838,100.000000,50.000000,24.000000,12.000000,0.000000,0.000000,24.000000,12.000000,147.000000,270.375000,75.853992,74.166067,3.000000
2026-06-24T05:11:13.471315352Z,1000,per_hit,raw_percent_of_host,api-node1,api-node2,23,26,49,22.916667,8.163265,22.916667,16.326531,100.000000,50.000000,15.000000,20.000000,0.000000,0.000000,15.000000,20.000000,195.875000,166.777778,74.655969,73.402538,3.000000
2026-06-24T05:11:14.471315952Z,1000,per_hit,raw_percent_of_host,api-node1,api-node2,21,27,48,14.285714,15.000000,14.285714,30.000000,100.000000,50.000000,13.000000,22.000000,0.000000,0.000000,13.000000,22.000000,118.913043,307.080000,76.260570,70.923623,3.000000
2026-06-24T05:11:15.471318319Z,1000,per_hit,raw_percent_of_host,api-node1,api-node2,18,28,46,16.842105,18.367347,16.842105,36.734694,100.000000,50.000000,11.000000,22.000000,0.000000,0.000000,11.000000,22.000000,122.850000,250.892857,76.728032,69.918766,3.000000
2026-06-24T05:11:16.471317666Z,1000,per_hit,raw_percent_of_host,api-node1,api-node2,25,20,45,13.402062,10.256410,13.402062,20.512821,100.000000,50.000000,16.000000,14.000000,0.000000,0.000000,16.000000,14.000000,110.950000,324.964286,75.743424,71.773404,3.000000
2026-06-24T05:11:17.471315937Z,1000,per_hit,raw_percent_of_host,api-node1,api-node2,19,25,44,11.458333,14.141414,11.458333,28.282828,100.000000,50.000000,13.000000,17.000000,0.000000,0.000000,13.000000,17.000000,156.772727,214.681818,76.554171,70.124537,3.000000
2026-06-24T05:11:18.471319148Z,1000,per_hit,raw_percent_of_host,api-node1,api-node2,25,18,43,15.789474,12.371134,15.789474,24.742268,100.000000,50.000000,14.000000,14.000000,0.000000,0.000000,14.000000,14.000000,109.958333,242.238095,76.076312,71.825220,3.000000
2026-06-24T05:11:19.471317441Z,1000,per_hit,raw_percent_of_host,api-node1,api-node2,21,21,42,22.000000,12.500000,22.000000,25.000000,100.000000,50.000000,14.000000,18.000000,0.000000,0.000000,14.000000,18.000000,125.714286,170.941176,75.903277,68.393408,3.000000
2026-06-24T05:11:20.471316543Z,1000,per_hit,raw_percent_of_host,api-node1,api-node2,17,24,41,6.250000,13.265306,6.250000,26.530612,100.000000,50.000000,9.000000,20.000000,0.000000,0.000000,9.000000,20.000000,100.045455,242.136364,77.388762,73.153166,3.000000
2026-06-24T05:11:21.471318151Z,1000,per_hit,raw_percent_of_host,api-node1,api-node2,16,24,40,15.306122,19.000000,15.306122,38.000000,100.000000,50.000000,9.000000,22.000000,0.000000,0.000000,9.000000,22.000000,91.750000,364.363636,77.884650,76.127924,3.000000
2026-06-24T05:11:22.471320215Z,1000,per_hit,raw_percent_of_host,api-node1,api-node2,18,20,38,4.123711,23.469388,4.123711,46.938776,100.000000,50.000000,12.000000,15.000000,0.000000,0.000000,12.000000,15.000000,85.200000,354.814815,79.219205,75.994315,3.000000
2026-06-24T05:11:23.471320892Z,1000,per_hit,raw_percent_of_host,api-node1,api-node2,19,18,37,12.631579,13.402062,12.631579,26.804124,100.000000,50.000000,14.000000,13.000000,0.000000,0.000000,14.000000,13.000000,112.588235,223.400000,77.339249,74.112126,3.000000
2026-06-24T05:11:24.471317416Z,1000,per_hit,raw_percent_of_host,api-node1,api-node2,16,20,36,12.631579,12.371134,12.631579,24.742268,100.000000,50.000000,9.000000,17.000000,0.000000,0.000000,9.000000,17.000000,115.523810,231.687500,77.884322,72.587048,3.000000
2026-06-24T05:11:25.471315428Z,1000,per_hit,raw_percent_of_host,api-node1,api-node2,23,12,35,12.631579,13.265306,12.631579,26.530612,100.000000,50.000000,17.000000,10.000000,0.000000,0.000000,17.000000,10.000000,97.933333,329.789474,77.887997,71.362770,3.000000
2026-06-24T05:11:26.471318049Z,1000,per_hit,raw_percent_of_host,api-node1,api-node2,16,18,34,11.340206,11.458333,11.340206,22.916667,100.000000,50.000000,12.000000,16.000000,0.000000,0.000000,12.000000,16.000000,155.333333,204.500000,77.595283,72.843624,3.000000
2026-06-24T05:11:27.471315458Z,1000,per_hit,raw_percent_of_host,api-node1,api-node2,14,19,33,15.625000,12.371134,15.625000,24.742268,100.000000,50.000000,12.000000,14.000000,0.000000,0.000000,12.000000,14.000000,141.928571,220.857143,74.772849,74.054173,3.000000
2026-06-24T05:11:28.471316286Z,1000,per_hit,raw_percent_of_host,api-node1,api-node2,19,13,32,10.526316,12.244898,10.526316,24.489796,100.000000,50.000000,12.000000,13.000000,0.000000,0.000000,12.000000,13.000000,90.210526,220.928571,77.731495,65.676647,3.000000
2026-06-24T05:11:29.471317856Z,1000,per_hit,raw_percent_of_host,api-node1,api-node2,14,17,31,10.416667,11.458333,10.416667,22.916667,100.000000,50.000000,9.000000,15.000000,0.000000,0.000000,9.000000,15.000000,121.235294,211.066667,77.282390,74.254015,3.000000
2026-06-24T05:11:30.471316084Z,1000,per_hit,raw_percent_of_host,api-node1,api-node2,13,17,30,10.416667,12.371134,10.416667,24.742268,100.000000,50.000000,8.000000,13.000000,0.000000,0.000000,8.000000,13.000000,108.357143,242.684211,77.605508,74.199844,3.000000
2026-06-24T05:11:31.471315393Z,1000,per_hit,raw_percent_of_host,api-node1,api-node2,15,14,29,9.473684,13.265306,9.473684,26.530612,100.000000,50.000000,12.000000,11.000000,0.000000,0.000000,12.000000,11.000000,106.272727,205.250000,77.552665,74.402554,3.000000
2026-06-24T05:11:32.471317562Z,1000,per_hit,raw_percent_of_host,api-node1,api-node2,11,17,28,11.340206,11.458333,11.340206,22.916667,100.000000,50.000000,6.000000,15.000000,0.000000,0.000000,6.000000,15.000000,118.588235,247.307692,77.240645,73.892323,3.000000
2026-06-24T05:11:33.47131723Z,1000,per_hit,raw_percent_of_host,api-node1,api-node2,14,13,27,10.416667,14.141414,10.416667,28.282828,100.000000,50.000000,8.000000,11.000000,0.000000,0.000000,8.000000,11.000000,88.166667,223.647059,77.744143,70.543320,3.000000
2026-06-24T05:11:34.471317416Z,1000,per_hit,raw_percent_of_host,api-node1,api-node2,15,11,26,10.526316,11.458333,10.526316,22.916667,100.000000,50.000000,9.000000,9.000000,0.000000,0.000000,9.000000,9.000000,103.000000,205.461538,78.055771,74.919566,3.000000
2026-06-24T05:11:35.471315639Z,1000,per_hit,raw_percent_of_host,api-node1,api-node2,11,14,25,15.625000,7.216495,15.625000,14.432990,100.000000,50.000000,5.000000,12.000000,0.000000,0.000000,5.000000,12.000000,98.333333,195.454545,77.216023,76.201925,3.000000
2026-06-24T05:11:36.471315757Z,1000,per_hit,raw_percent_of_host,api-node1,api-node2,11,13,24,11.340206,11.458333,11.340206,22.916667,100.000000,50.000000,7.000000,11.000000,0.000000,0.000000,7.000000,11.000000,80.777778,168.928571,78.123784,74.790873,3.000000
2026-06-24T05:11:37.47131526Z,1000,per_hit,raw_percent_of_host,api-node1,api-node2,15,8,23,0.000000,12.244898,0.000000,24.489796,100.000000,50.000000,10.000000,7.000000,0.000000,0.000000,10.000000,7.000000,90.000000,215.666667,81.486433,65.585905,3.000000
2026-06-24T05:11:38.471317541Z,1000,per_hit,raw_percent_of_host,api-node1,api-node2,9,13,22,5.208333,6.250000,5.208333,12.500000,100.000000,50.000000,7.000000,10.000000,0.000000,0.000000,7.000000,10.000000,111.083333,144.300000,77.025658,76.153551,3.000000
2026-06-24T05:11:39.47131641Z,1000,per_hit,raw_percent_of_host,api-node1,api-node2,8,13,21,5.263158,6.250000,5.263158,12.500000,100.000000,50.000000,4.000000,11.000000,0.000000,0.000000,4.000000,11.000000,77.090909,151.083333,78.319590,76.013149,3.000000
2026-06-24T05:11:40.471315231Z,1000,per_hit,raw_percent_of_host,api-node1,api-node2,9,11,20,0.000000,13.265306,0.000000,26.530612,100.000000,50.000000,6.000000,8.000000,0.000000,0.000000,6.000000,8.000000,82.571429,169.500000,81.510926,74.045681,3.000000
2026-06-24T05:11:41.471318393Z,1000,per_hit,raw_percent_of_host,api-node1,api-node2,10,9,19,10.526316,2.061856,10.526316,4.123711,100.000000,50.000000,6.000000,8.000000,0.000000,0.000000,6.000000,8.000000,86.100000,147.777778,78.788950,78.199323,3.000000
2026-06-24T05:11:42.471317499Z,1000,per_hit,raw_percent_of_host,api-node1,api-node2,12,7,19,0.000000,6.250000,0.000000,12.500000,100.000000,50.000000,8.000000,6.000000,0.000000,0.000000,8.000000,6.000000,78.100000,165.666667,81.294822,74.407074,3.000000
2026-06-24T05:11:43.471316758Z,1000,per_hit,raw_percent_of_host,api-node1,api-node2,9,9,18,1.030928,8.247423,1.030928,16.494845,100.000000,50.000000,5.000000,6.000000,0.000000,0.000000,5.000000,6.000000,82.666667,116.777778,80.861268,76.165103,3.000000
2026-06-24T05:11:44.471315197Z,1000,per_hit,raw_percent_of_host,api-node1,api-node2,10,7,17,6.250000,8.163265,6.250000,16.326531,100.000000,50.000000,3.000000,6.000000,0.000000,0.000000,3.000000,6.000000,73.583333,140.000000,78.288617,71.923218,3.000000
2026-06-24T05:11:45.471315941Z,1000,per_hit,raw_percent_of_host,api-node1,api-node2,12,4,16,9.473684,3.061224,9.473684,6.122449,100.000000,50.000000,7.000000,3.000000,0.000000,0.000000,7.000000,3.000000,66.750000,116.857143,78.283603,77.033384,3.000000
2026-06-24T05:11:46.471315028Z,1000,per_hit,raw_percent_of_host,api-node1,api-node2,6,10,16,0.000000,8.080808,0.000000,16.161616,100.000000,50.000000,3.000000,7.000000,0.000000,0.000000,3.000000,7.000000,83.800000,80.833333,81.157326,76.016254,3.000000
2026-06-24T05:11:47.471315715Z,1000,per_hit,raw_percent_of_host,api-node1,api-node2,9,5,14,0.000000,8.163265,0.000000,16.326531,100.000000,50.000000,4.000000,3.000000,0.000000,0.000000,4.000000,3.000000,73.875000,112.777778,81.591449,74.198633,3.000000
2026-06-24T05:11:48.47131535Z,1000,per_hit,raw_percent_of_host,api-node1,api-node2,5,11,16,0.000000,6.250000,0.000000,12.500000,100.000000,50.000000,1.000000,8.000000,0.000000,0.000000,1.000000,8.000000,64.875000,87.000000,81.415750,77.670928,3.000000
2026-06-24T05:11:49.471315846Z,1000,per_hit,raw_percent_of_host,api-node1,api-node2,6,8,14,0.000000,6.250000,0.000000,12.500000,100.000000,50.000000,3.000000,4.000000,0.000000,0.000000,3.000000,4.000000,52.750000,144.000000,82.252594,76.448302,3.000000
2026-06-24T05:11:50.471315854Z,1000,per_hit,raw_percent_of_host,api-node1,api-node2,6,7,13,0.000000,6.250000,0.000000,12.500000,100.000000,50.000000,2.000000,4.000000,0.000000,0.000000,2.000000,4.000000,71.714286,111.000000,81.227686,76.673511,3.000000
2026-06-24T05:11:51.471315651Z,1000,per_hit,raw_percent_of_host,api-node1,api-node2,8,5,13,5.208333,3.061224,5.208333,6.122449,100.000000,50.000000,3.000000,3.000000,0.000000,0.000000,3.000000,3.000000,68.428571,96.833333,78.220677,77.511590,3.000000
2026-06-24T05:11:52.471315663Z,1000,per_hit,raw_percent_of_host,api-node1,api-node2,9,4,13,0.000000,10.000000,0.000000,20.000000,100.000000,50.000000,4.000000,2.000000,0.000000,0.000000,4.000000,2.000000,77.250000,89.400000,80.577149,75.072743,3.000000
2026-06-24T05:11:53.471316977Z,1000,per_hit,raw_percent_of_host,api-node1,api-node2,4,8,12,12.371134,2.000000,12.371134,4.000000,100.000000,50.000000,1.000000,5.000000,0.000000,0.000000,1.000000,5.000000,85.571429,72.600000,78.173916,78.679702,3.000000
2026-06-24T05:11:54.47131564Z,1000,per_hit,raw_percent_of_host,api-node1,api-node2,2,10,12,0.000000,8.080808,0.000000,16.161616,100.000000,50.000000,1.000000,6.000000,0.000000,0.000000,1.000000,6.000000,50.000000,105.444444,82.124826,76.462848,3.000000
2026-06-24T05:11:55.471315988Z,1000,per_hit,raw_percent_of_host,api-node1,api-node2,7,4,11,5.050505,4.040404,5.050505,8.080808,100.000000,50.000000,2.000000,2.000000,0.000000,0.000000,2.000000,2.000000,50.000000,120.500000,79.194532,76.404699,3.000000
2026-06-24T05:11:56.471317079Z,1000,per_hit,raw_percent_of_host,api-node1,api-node2,3,8,11,6.000000,0.000000,6.000000,0.000000,100.000000,50.000000,2.000000,5.000000,0.000000,0.000000,2.000000,5.000000,63.000000,66.600000,78.658081,80.709164,3.000000
2026-06-24T05:11:57.471316949Z,1000,per_hit,raw_percent_of_host,api-node1,api-node2,7,4,11,0.000000,6.250000,0.000000,12.500000,100.000000,50.000000,3.000000,1.000000,0.000000,0.000000,3.000000,1.000000,51.500000,124.500000,82.092070,76.701481,3.000000
2026-06-24T05:11:58.471317291Z,1000,per_hit,raw_percent_of_host,api-node1,api-node2,5,6,11,1.041667,6.000000,1.041667,12.000000,100.000000,50.000000,1.000000,3.000000,0.000000,0.000000,1.000000,3.000000,75.571429,57.250000,80.573442,77.249378,3.000000
2026-06-24T05:11:59.471317163Z,1000,per_hit,raw_percent_of_host,api-node1,api-node2,6,4,10,1.041667,8.080808,1.041667,16.161616,100.000000,50.000000,2.000000,1.000000,0.000000,0.000000,2.000000,1.000000,60.000000,80.000000,80.414834,77.009480,3.000000
2026-06-24T05:12:00.471321871Z,1000,per_hit,raw_percent_of_host,api-node1,api-node2,3,7,10,5.208333,1.000000,5.208333,2.000000,100.000000,50.000000,0.000000,4.000000,0.000000,0.000000,0.000000,4.000000,68.000000,56.750000,78.928059,80.159122,3.000000
2026-06-24T05:12:01.471315286Z,1000,per_hit,raw_percent_of_host,api-node1,api-node2,5,5,10,1.000000,6.185567,1.000000,12.371134,100.000000,50.000000,1.000000,3.000000,0.000000,0.000000,1.000000,3.000000,50.000000,99.500000,81.518584,76.259656,3.000000
2026-06-24T05:12:02.471316984Z,1000,per_hit,raw_percent_of_host,api-node1,api-node2,4,6,10,5.050505,5.940594,5.050505,11.881188,100.000000,50.000000,1.000000,4.000000,0.000000,0.000000,1.000000,4.000000,50.250000,79.400000,78.951842,76.490226,3.000000
2026-06-24T05:12:03.471316981Z,1000,per_hit,raw_percent_of_host,api-node1,api-node2,5,5,10,0.000000,6.315789,0.000000,12.631579,100.000000,50.000000,3.000000,2.000000,0.000000,0.000000,3.000000,2.000000,50.000000,96.428571,81.887809,75.945222,3.000000
2026-06-24T05:12:04.47131676Z,1000,per_hit,raw_percent_of_host,api-node1,api-node2,1,9,10,1.010101,5.050505,1.010101,10.101010,100.000000,50.000000,0.000000,5.000000,0.000000,0.000000,0.000000,5.000000,60.250000,66.500000,80.876989,77.744485,3.000000
2026-06-24T05:12:05.471315894Z,1000,per_hit,raw_percent_of_host,api-node1,api-node2,4,6,10,5.050505,3.030303,5.050505,6.060606,100.000000,50.000000,1.000000,2.000000,0.000000,0.000000,1.000000,2.000000,50.000000,95.888889,79.646588,76.865810,3.000000
2026-06-24T05:12:06.47131779Z,1000,per_hit,raw_percent_of_host,api-node1,api-node2,6,4,10,5.050505,4.040404,5.050505,8.080808,100.000000,50.000000,1.000000,3.000000,0.000000,0.000000,1.000000,3.000000,50.833333,82.666667,79.069199,76.646920,3.000000
2026-06-24T05:12:07.471318589Z,1000,per_hit,raw_percent_of_host,api-node1,api-node2,4,6,10,6.250000,5.940594,6.250000,11.881188,100.000000,50.000000,0.000000,4.000000,0.000000,0.000000,0.000000,4.000000,57.800000,94.000000,78.572258,76.250346,3.000000
2026-06-24T05:12:08.471315714Z,1000,per_hit,raw_percent_of_host,api-node1,api-node2,2,8,10,5.050505,3.061224,5.050505,6.122449,100.000000,50.000000,1.000000,6.000000,0.000000,0.000000,1.000000,6.000000,50.000000,102.833333,79.066860,76.642413,3.000000
2026-06-24T05:12:09.471315309Z,1000,per_hit,raw_percent_of_host,api-node1,api-node2,4,7,11,5.050505,6.250000,5.050505,12.500000,100.000000,50.000000,0.000000,4.000000,0.000000,0.000000,0.000000,4.000000,50.000000,114.222222,79.334648,76.604458,3.000000
2026-06-24T05:12:10.471317399Z,1000,per_hit,raw_percent_of_host,api-node1,api-node2,5,6,11,0.000000,11.458333,0.000000,22.916667,100.000000,50.000000,1.000000,1.000000,0.000000,0.000000,1.000000,1.000000,50.000000,99.222222,81.437977,74.215130,3.000000
2026-06-24T05:12:11.471315282Z,1000,per_hit,raw_percent_of_host,api-node1,api-node2,4,7,11,11.458333,0.000000,11.458333,0.000000,100.000000,50.000000,1.000000,4.000000,0.000000,0.000000,1.000000,4.000000,59.750000,60.250000,78.655927,80.528509,3.000000
2026-06-24T05:12:12.471318458Z,1000,per_hit,raw_percent_of_host,api-node1,api-node2,6,5,11,5.050505,10.000000,5.050505,20.000000,100.000000,50.000000,2.000000,2.000000,0.000000,0.000000,2.000000,2.000000,50.000000,85.428571,79.131053,76.910260,3.000000
2026-06-24T05:12:13.471315937Z,1000,per_hit,raw_percent_of_host,api-node1,api-node2,6,6,12,10.526316,5.940594,10.526316,11.881188,100.000000,50.000000,1.000000,3.000000,0.000000,0.000000,1.000000,3.000000,55.285714,61.000000,77.880518,76.622411,3.000000
2026-06-24T05:12:14.471315294Z,1000,per_hit,raw_percent_of_host,api-node1,api-node2,5,7,12,11.000000,10.000000,11.000000,20.000000,100.000000,50.000000,1.000000,3.000000,0.000000,0.000000,1.000000,3.000000,50.000000,75.714286,78.145980,75.307648,3.000000
2026-06-24T05:12:15.471317927Z,1000,per_hit,raw_percent_of_host,api-node1,api-node2,7,6,13,16.000000,10.000000,16.000000,20.000000,100.000000,50.000000,2.000000,3.000000,0.000000,0.000000,2.000000,3.000000,50.000000,80.166667,78.011637,74.815521,3.000000
2026-06-24T05:12:16.471316804Z,1000,per_hit,raw_percent_of_host,api-node1,api-node2,6,7,13,0.000000,15.000000,0.000000,30.000000,100.000000,50.000000,1.000000,3.000000,0.000000,0.000000,1.000000,3.000000,52.857143,109.000000,80.495597,71.106588,3.000000
2026-06-24T05:12:17.471319114Z,1000,per_hit,raw_percent_of_host,api-node1,api-node2,7,7,14,5.050505,15.000000,5.050505,30.000000,100.000000,50.000000,2.000000,2.000000,0.000000,0.000000,2.000000,2.000000,54.333333,91.625000,78.425555,74.402597,3.000000
2026-06-24T05:12:18.471317713Z,1000,per_hit,raw_percent_of_host,api-node1,api-node2,7,7,14,10.101010,11.111111,10.101010,22.222222,100.000000,50.000000,3.000000,2.000000,0.000000,0.000000,3.000000,2.000000,63.333333,54.000000,76.520700,76.407880,3.000000
2026-06-24T05:12:19.471317509Z,1000,per_hit,raw_percent_of_host,api-node1,api-node2,11,4,15,16.666667,7.000000,16.666667,14.000000,100.000000,50.000000,3.000000,1.000000,0.000000,0.000000,3.000000,1.000000,60.727273,63.400000,77.103222,76.314007,3.000000
2026-06-24T05:12:20.471317959Z,1000,per_hit,raw_percent_of_host,api-node1,api-node2,11,4,15,11.458333,9.090909,11.458333,18.181818,100.000000,50.000000,2.000000,2.000000,0.000000,0.000000,2.000000,2.000000,67.166667,59.666667,75.988905,77.556024,3.000000
2026-06-24T05:12:21.471315977Z,1000,per_hit,raw_percent_of_host,api-node1,api-node2,7,9,16,10.526316,11.224490,10.526316,22.448980,100.000000,50.000000,2.000000,3.000000,0.000000,0.000000,2.000000,3.000000,69.285714,66.375000,75.700988,76.426220,3.000000
2026-06-24T05:12:22.471315124Z,1000,per_hit,raw_percent_of_host,api-node1,api-node2,7,10,17,11.000000,16.000000,11.000000,32.000000,100.000000,50.000000,2.000000,2.000000,0.000000,0.000000,2.000000,2.000000,56.857143,95.727273,76.200796,73.311806,3.000000
2026-06-24T05:12:23.471317763Z,1000,per_hit,raw_percent_of_host,api-node1,api-node2,5,12,17,11.578947,14.141414,11.578947,28.282828,100.000000,50.000000,0.000000,4.000000,0.000000,0.000000,0.000000,4.000000,66.000000,86.200000,76.634738,75.738113,3.000000
2026-06-24T05:12:24.471315266Z,1000,per_hit,raw_percent_of_host,api-node1,api-node2,12,6,18,27.272727,12.244898,27.272727,24.489796,100.000000,50.000000,2.000000,2.000000,0.000000,0.000000,2.000000,2.000000,80.000000,84.875000,76.880859,73.500451,3.000000
2026-06-24T05:12:25.471316393Z,1000,per_hit,raw_percent_of_host,api-node1,api-node2,14,5,19,21.000000,12.000000,21.000000,24.000000,100.000000,50.000000,2.000000,3.000000,0.000000,0.000000,2.000000,3.000000,88.642857,87.750000,74.237667,75.937486,3.000000
2026-06-24T05:12:26.471317691Z,1000,per_hit,raw_percent_of_host,api-node1,api-node2,11,9,20,17.708333,15.151515,17.708333,30.303030,100.000000,50.000000,2.000000,2.000000,0.000000,0.000000,2.000000,2.000000,57.727273,89.300000,76.731406,76.751969,3.000000
2026-06-24T05:12:27.471315259Z,1000,per_hit,raw_percent_of_host,api-node1,api-node2,9,12,21,22.000000,12.121212,22.000000,24.242424,100.000000,50.000000,1.000000,6.000000,0.000000,0.000000,1.000000,6.000000,78.900000,83.500000,74.008408,74.289182,3.000000
2026-06-24T05:12:28.471317729Z,1000,per_hit,raw_percent_of_host,api-node1,api-node2,9,12,21,15.151515,17.525773,15.151515,35.051546,100.000000,50.000000,2.000000,4.000000,0.000000,0.000000,2.000000,4.000000,65.875000,125.571429,77.691514,73.307120,3.000000
2026-06-24T05:12:29.471315947Z,1000,per_hit,raw_percent_of_host,api-node1,api-node2,11,11,22,18.000000,16.494845,18.000000,32.989691,100.000000,50.000000,1.000000,3.000000,0.000000,0.000000,1.000000,3.000000,65.750000,140.666667,75.425456,71.635005,3.000000
2026-06-24T05:12:30.471317212Z,1000,per_hit,raw_percent_of_host,api-node1,api-node2,8,10,18,21.000000,19.191919,21.000000,38.383838,100.000000,50.000000,0.000000,0.000000,0.000000,0.000000,0.000000,0.000000,61.888889,110.461538,75.680592,72.279274,3.000000
2026-06-24T05:12:31.471318544Z,1000,per_hit,raw_percent_of_host,api-node1,api-node2,17,12,29,30.612245,20.202020,30.612245,40.404040,100.000000,50.000000,2.000000,3.000000,0.000000,0.000000,2.000000,3.000000,93.066667,90.777778,76.684271,74.206424,3.000000
2026-06-24T05:12:32.471315365Z,1000,per_hit,raw_percent_of_host,api-node1,api-node2,14,9,23,25.000000,15.000000,25.000000,30.000000,100.000000,50.000000,1.000000,2.000000,0.000000,0.000000,1.000000,2.000000,88.266667,105.300000,74.842108,72.916211,3.000000
2026-06-24T05:12:33.47131757Z,1000,per_hit,raw_percent_of_host,api-node1,api-node2,11,14,25,18.000000,18.367347,18.000000,36.734694,100.000000,50.000000,0.000000,4.000000,0.000000,0.000000,0.000000,4.000000,89.916667,113.583333,77.476082,75.164191,3.000000
2026-06-24T05:12:34.471316069Z,1000,per_hit,raw_percent_of_host,api-node1,api-node2,13,13,26,26.804124,21.875000,26.804124,43.750000,100.000000,50.000000,3.000000,0.000000,0.000000,0.000000,3.000000,0.000000,65.500000,161.588235,77.346303,76.034593,3.000000
2026-06-24T05:12:35.471315461Z,1000,per_hit,raw_percent_of_host,api-node1,api-node2,19,13,32,32.989691,25.000000,32.989691,50.000000,100.000000,50.000000,3.000000,0.000000,0.000000,0.000000,3.000000,0.000000,96.684211,144.153846,74.819666,76.936907,3.000000
2026-06-24T05:12:36.471319805Z,1000,per_hit,raw_percent_of_host,api-node1,api-node2,16,13,29,20.833333,16.161616,20.833333,32.323232,100.000000,50.000000,2.000000,1.000000,0.000000,0.000000,2.000000,1.000000,93.411765,152.916667,74.454128,78.139874,3.000000
2026-06-24T05:12:37.471315897Z,1000,per_hit,raw_percent_of_host,api-node1,api-node2,17,9,26,36.458333,16.000000,36.458333,32.000000,100.000000,50.000000,1.000000,2.000000,0.000000,0.000000,1.000000,2.000000,125.277778,159.625000,75.313829,74.953544,3.000000
2026-06-24T05:12:38.471315308Z,1000,per_hit,raw_percent_of_host,api-node1,api-node2,20,12,32,31.683168,24.000000,31.683168,48.000000,100.000000,50.000000,2.000000,1.000000,0.000000,0.000000,2.000000,1.000000,133.789474,101.153846,75.533749,77.078862,3.000000
2026-06-24T05:12:39.471316512Z,1000,per_hit,raw_percent_of_host,api-node1,api-node2,16,19,35,25.773196,26.732673,25.773196,53.465347,100.000000,50.000000,1.000000,4.000000,0.000000,0.000000,1.000000,4.000000,98.411765,163.187500,77.774298,75.532726,3.000000
2026-06-24T05:12:40.471315405Z,1000,per_hit,raw_percent_of_host,api-node1,api-node2,20,13,33,31.313131,17.346939,31.313131,34.693878,100.000000,50.000000,0.000000,3.000000,0.000000,0.000000,0.000000,3.000000,132.380952,152.000000,76.463333,73.050248,3.000000
2026-06-24T05:12:41.471316685Z,1000,per_hit,raw_percent_of_host,api-node1,api-node2,18,16,34,26.262626,25.000000,26.262626,50.000000,100.000000,50.000000,1.000000,5.000000,0.000000,0.000000,1.000000,5.000000,113.117647,132.642857,76.566995,73.630659,3.000000
2026-06-24T05:12:42.471315528Z,1000,per_hit,raw_percent_of_host,api-node1,api-node2,16,19,35,25.252525,22.916667,25.252525,45.833333,100.000000,50.000000,1.000000,3.000000,0.000000,0.000000,1.000000,3.000000,76.187500,199.095238,77.274279,70.848495,3.000000
2026-06-24T05:12:43.471318208Z,1000,per_hit,raw_percent_of_host,api-node1,api-node2,16,21,37,26.262626,25.252525,26.262626,50.505051,100.000000,50.000000,0.000000,3.000000,0.000000,0.000000,0.000000,3.000000,103.411765,178.095238,75.700030,76.357125,3.000000
2026-06-24T05:12:44.471316416Z,1000,per_hit,raw_percent_of_host,api-node1,api-node2,14,24,38,27.272727,22.000000,27.272727,44.000000,100.000000,50.000000,1.000000,4.000000,0.000000,0.000000,1.000000,4.000000,89.615385,222.739130,76.498951,73.764456,3.000000
2026-06-24T05:12:45.47131707Z,1000,per_hit,raw_percent_of_host,api-node1,api-node2,24,15,39,40.404040,23.469388,40.404040,46.938776,100.000000,50.000000,1.000000,2.000000,0.000000,0.000000,1.000000,2.000000,123.333333,161.823529,76.508077,73.118349,3.000000
2026-06-24T05:12:46.47131852Z,1000,per_hit,raw_percent_of_host,api-node1,api-node2,19,21,40,26.262626,23.300971,26.262626,46.601942,100.000000,50.000000,1.000000,2.000000,0.000000,0.000000,1.000000,2.000000,88.842105,265.285714,76.786427,74.232514,3.000000
2026-06-24T05:12:47.471317642Z,1000,per_hit,raw_percent_of_host,api-node1,api-node2,16,25,41,20.202020,23.762376,20.202020,47.524752,100.000000,50.000000,2.000000,1.000000,0.000000,0.000000,2.000000,1.000000,87.466667,245.384615,75.755095,76.428070,3.000000
2026-06-24T05:12:48.471316085Z,1000,per_hit,raw_percent_of_host,api-node1,api-node2,23,19,42,37.234043,21.212121,37.234043,42.424242,100.000000,50.000000,2.000000,2.000000,0.000000,0.000000,2.000000,2.000000,117.565217,211.277778,76.078346,72.540015,3.000000
2026-06-24T05:12:49.471315407Z,1000,per_hit,raw_percent_of_host,api-node1,api-node2,19,24,43,21.875000,23.762376,21.875000,47.524752,100.000000,50.000000,2.000000,3.000000,0.000000,0.000000,2.000000,3.000000,89.947368,324.391304,73.534065,72.247722,3.000000
2026-06-24T05:12:50.471315273Z,1000,per_hit,raw_percent_of_host,api-node1,api-node2,20,25,45,31.000000,28.155340,31.000000,56.310680,100.000000,50.000000,1.000000,2.000000,0.000000,0.000000,1.000000,2.000000,112.428571,247.538462,75.159714,71.590764,3.000000
2026-06-24T05:12:51.471315675Z,1000,per_hit,raw_percent_of_host,api-node1,api-node2,26,20,46,37.000000,24.271845,37.000000,48.543689,100.000000,50.000000,1.000000,2.000000,0.000000,0.000000,1.000000,2.000000,137.807692,216.650000,77.843108,77.285560,3.000000
2026-06-24T05:12:52.471318709Z,1000,per_hit,raw_percent_of_host,api-node1,api-node2,19,28,47,31.000000,23.762376,31.000000,47.524752,100.000000,50.000000,2.000000,1.000000,0.000000,0.000000,2.000000,1.000000,100.833333,297.413793,74.360242,75.434516,3.000000
2026-06-24T05:12:53.47131544Z,1000,per_hit,raw_percent_of_host,api-node1,api-node2,24,24,48,32.989691,23.000000,32.989691,46.000000,100.000000,50.000000,1.000000,4.000000,0.000000,0.000000,1.000000,4.000000,166.160000,189.333333,74.109863,77.459405,3.000000
2026-06-24T05:12:54.471315268Z,1000,per_hit,raw_percent_of_host,api-node1,api-node2,25,24,49,32.000000,25.742574,32.000000,51.485149,100.000000,50.000000,1.000000,3.000000,0.000000,0.000000,1.000000,3.000000,154.840000,233.480000,77.636187,75.208151,3.000000
2026-06-24T05:12:55.471315874Z,1000,per_hit,raw_percent_of_host,api-node1,api-node2,26,24,50,36.363636,26.732673,36.363636,53.465347,100.000000,50.000000,2.000000,2.000000,0.000000,0.000000,2.000000,2.000000,143.920000,226.640000,76.834702,72.964016,3.000000
2026-06-24T05:12:56.471315404Z,1000,per_hit,raw_percent_of_host,api-node1,api-node2,31,20,51,45.454545,17.346939,45.454545,34.693878,100.000000,50.000000,1.000000,3.000000,0.000000,0.000000,1.000000,3.000000,200.968750,176.631579,76.576045,77.205445,3.000000
2026-06-24T05:12:57.471317423Z,1000,per_hit,raw_percent_of_host,api-node1,api-node2,28,24,52,32.000000,26.732673,32.000000,53.465347,100.000000,50.000000,1.000000,2.000000,0.000000,0.000000,1.000000,2.000000,149.821429,274.800000,75.941159,74.472624,3.000000
2026-06-24T05:12:58.471318164Z,1000,per_hit,raw_percent_of_host,api-node1,api-node2,29,24,53,30.303030,23.762376,30.303030,47.524752,100.000000,50.000000,3.000000,1.000000,0.000000,0.000000,3.000000,1.000000,168.148148,345.960000,74.578945,73.488964,3.000000
2026-06-24T05:12:59.471317417Z,1000,per_hit,raw_percent_of_host,api-node1,api-node2,30,24,54,42.708333,22.772277,42.708333,45.544554,100.000000,50.000000,2.000000,2.000000,0.000000,0.000000,2.000000,2.000000,153.354839,322.391304,75.947791,76.958425,3.000000
2026-06-24T05:13:00.471315561Z,1000,per_hit,raw_percent_of_host,api-node1,api-node2,27,28,55,37.500000,24.271845,37.500000,48.543689,100.000000,50.000000,3.000000,0.000000,0.000000,0.000000,3.000000,0.000000,116.730769,360.033333,75.592687,71.814955,3.000000
2026-06-24T05:13:01.471317962Z,1000,per_hit,raw_percent_of_host,api-node1,api-node2,25,32,57,38.144330,22.549020,38.144330,45.098039,100.000000,50.000000,2.000000,4.000000,0.000000,0.000000,2.000000,4.000000,137.769231,548.785714,75.742549,59.625873,3.000000
2026-06-24T05:13:02.471318566Z,1000,per_hit,raw_percent_of_host,api-node1,api-node2,31,27,58,44.117647,21.782178,44.117647,43.564356,100.000000,50.000000,3.000000,1.000000,0.000000,0.000000,3.000000,1.000000,166.000000,390.266667,75.876734,73.178320,3.000000
2026-06-24T05:13:03.471315271Z,1000,per_hit,raw_percent_of_host,api-node1,api-node2,28,31,59,37.500000,23.529412,37.500000,47.058824,100.000000,50.000000,1.000000,2.000000,0.000000,0.000000,1.000000,2.000000,131.600000,431.200000,76.852152,76.559733,3.000000
2026-06-24T05:13:04.47131544Z,1000,per_hit,raw_percent_of_host,api-node1,api-node2,34,26,60,38.834951,26.732673,38.834951,53.465347,100.000000,50.000000,2.000000,1.000000,0.000000,0.000000,2.000000,1.000000,206.878788,328.962963,73.909256,74.736447,3.000000
2026-06-24T05:13:05.471319564Z,1000,per_hit,raw_percent_of_host,api-node1,api-node2,29,31,60,37.500000,23.762376,37.500000,47.524752,100.000000,50.000000,2.000000,1.000000,0.000000,0.000000,2.000000,1.000000,159.172414,403.451613,74.184846,77.750387,3.000000
2026-06-24T05:13:06.47131534Z,1000,per_hit,raw_percent_of_host,api-node1,api-node2,30,31,61,47.368421,22.772277,47.368421,45.544554,100.000000,50.000000,0.000000,4.000000,0.000000,0.000000,0.000000,4.000000,163.437500,445.428571,76.424804,75.896714,3.000000
2026-06-24T05:13:07.471315362Z,1000,per_hit,raw_percent_of_host,api-node1,api-node2,33,29,62,39.805825,26.732673,39.805825,53.465347,100.000000,50.000000,1.000000,2.000000,0.000000,0.000000,1.000000,2.000000,196.031250,315.870968,76.745086,72.931656,3.000000
2026-06-24T05:13:08.471316006Z,1000,per_hit,raw_percent_of_host,api-node1,api-node2,26,37,63,38.541667,22.000000,38.541667,44.000000,100.000000,50.000000,2.000000,4.000000,0.000000,0.000000,2.000000,4.000000,166.920000,593.800000,75.292088,74.265329,3.000000
2026-06-24T05:13:09.47131683Z,1000,per_hit,raw_percent_of_host,api-node1,api-node2,36,28,64,46.464646,27.450980,46.464646,54.901961,100.000000,50.000000,2.000000,3.000000,0.000000,0.000000,2.000000,3.000000,215.833333,356.827586,75.373867,73.902018,3.000000
2026-06-24T05:13:10.471321874Z,1000,per_hit,raw_percent_of_host,api-node1,api-node2,27,38,65,40.404040,26.732673,40.404040,53.465347,100.000000,50.000000,2.000000,2.000000,0.000000,0.000000,2.000000,2.000000,164.037037,523.589744,74.756642,75.629542,3.000000
2026-06-24T05:13:11.471317002Z,1000,per_hit,raw_percent_of_host,api-node1,api-node2,28,38,66,32.989691,24.000000,32.989691,48.000000,100.000000,50.000000,3.000000,4.000000,0.000000,0.000000,3.000000,4.000000,128.000000,482.527778,75.220748,76.038277,3.000000
2026-06-24T05:13:12.471315701Z,1000,per_hit,raw_percent_of_host,api-node1,api-node2,33,34,67,45.918367,26.732673,45.918367,53.465347,100.000000,50.000000,2.000000,2.000000,0.000000,0.000000,2.000000,2.000000,142.647059,611.944444,76.133637,73.793132,3.000000
2026-06-24T05:13:13.471315428Z,1000,per_hit,raw_percent_of_host,api-node1,api-node2,34,33,67,46.000000,24.000000,46.000000,48.000000,100.000000,50.000000,2.000000,2.000000,0.000000,0.000000,2.000000,2.000000,157.470588,362.818182,76.040581,77.423862,3.000000
2026-06-24T05:13:14.471318502Z,1000,per_hit,raw_percent_of_host,api-node1,api-node2,27,41,68,31.000000,23.529412,31.000000,47.058824,100.000000,50.000000,3.000000,8.000000,0.000000,0.000000,3.000000,8.000000,102.076923,559.285714,74.113664,75.655759,3.000000
2026-06-24T05:13:15.471317624Z,1000,per_hit,raw_percent_of_host,api-node1,api-node2,34,35,69,41.000000,25.252525,41.000000,50.505051,100.000000,50.000000,2.000000,3.000000,0.000000,0.000000,2.000000,3.000000,201.628571,568.575000,74.963004,72.303433,3.000000
2026-06-24T05:13:16.471315453Z,1000,per_hit,raw_percent_of_host,api-node1,api-node2,41,28,69,44.230769,26.732673,44.230769,53.465347,100.000000,50.000000,1.000000,3.000000,0.000000,0.000000,1.000000,3.000000,251.619048,321.678571,73.537006,77.233238,3.000000
2026-06-24T05:13:17.471315407Z,1000,per_hit,raw_percent_of_host,api-node1,api-node2,36,34,70,44.230769,27.450980,44.230769,54.901961,100.000000,50.000000,3.000000,1.000000,0.000000,0.000000,3.000000,1.000000,175.882353,393.861111,76.130518,74.628178,3.000000
2026-06-24T05:13:18.471315584Z,1000,per_hit,raw_percent_of_host,api-node1,api-node2,31,40,71,41.000000,23.762376,41.000000,47.524752,100.000000,50.000000,1.000000,4.000000,0.000000,0.000000,1.000000,4.000000,245.424242,406.837838,74.424311,77.502211,3.000000
2026-06-24T05:13:19.471325445Z,1000,per_hit,raw_percent_of_host,api-node1,api-node2,35,36,71,47.000000,25.000000,47.000000,50.000000,100.000000,50.000000,2.000000,3.000000,0.000000,0.000000,2.000000,3.000000,161.352941,579.702703,75.803874,75.009345,3.000000
2026-06-24T05:13:20.471315786Z,1000,per_hit,raw_percent_of_host,api-node1,api-node2,40,32,72,38.834951,26.732673,38.834951,53.465347,100.000000,50.000000,2.000000,1.000000,0.000000,0.000000,2.000000,1.000000,209.100000,458.205882,74.062085,75.852505,3.000000
2026-06-24T05:13:21.471317133Z,1000,per_hit,raw_percent_of_host,api-node1,api-node2,31,41,72,40.404040,24.509804,40.404040,49.019608,100.000000,50.000000,2.000000,13.000000,0.000000,0.000000,2.000000,13.000000,207.258065,484.103448,74.579003,75.407432,3.000000
2026-06-24T05:13:22.471315802Z,1000,per_hit,raw_percent_of_host,api-node1,api-node2,41,32,73,46.666667,25.742574,46.666667,51.485149,100.000000,50.000000,2.000000,2.000000,0.000000,0.000000,2.000000,2.000000,231.756098,484.720930,75.081333,73.934987,3.000000
2026-06-24T05:13:23.471316218Z,1000,per_hit,raw_percent_of_host,api-node1,api-node2,33,40,73,41.584158,24.752475,41.584158,49.504950,100.000000,50.000000,2.000000,5.000000,0.000000,0.000000,2.000000,5.000000,240.303030,486.783784,75.327348,76.117031,3.000000
2026-06-24T05:13:24.471316147Z,1000,per_hit,raw_percent_of_host,api-node1,api-node2,32,41,73,39.423077,25.252525,39.423077,50.505051,100.000000,50.000000,2.000000,27.000000,0.000000,0.000000,2.000000,27.000000,190.562500,449.210526,75.382211,71.433680,3.000000
2026-06-24T05:13:25.471315982Z,1000,per_hit,raw_percent_of_host,api-node1,api-node2,47,27,74,40.404040,27.450980,40.404040,54.901961,100.000000,50.000000,2.000000,1.000000,0.000000,0.000000,2.000000,1.000000,273.425532,524.886792,76.089046,69.825880,3.000000
2026-06-24T05:13:26.471316826Z,1000,per_hit,raw_percent_of_host,api-node1,api-node2,36,38,74,46.000000,24.271845,46.000000,48.543689,100.000000,50.000000,1.000000,11.000000,0.000000,0.000000,1.000000,11.000000,245.810811,400.071429,76.239776,75.260919,3.000000
2026-06-24T05:13:27.471317412Z,1000,per_hit,raw_percent_of_host,api-node1,api-node2,40,34,74,38.834951,25.000000,38.834951,50.000000,100.000000,50.000000,3.000000,0.000000,0.000000,0.000000,3.000000,0.000000,236.736842,447.355556,74.953856,71.984202,3.000000
2026-06-24T05:13:28.471316306Z,1000,per_hit,raw_percent_of_host,api-node1,api-node2,37,37,74,41.000000,23.000000,41.000000,46.000000,100.000000,50.000000,0.000000,5.000000,0.000000,0.000000,0.000000,5.000000,256.350000,446.437500,75.295827,76.445911,3.000000
2026-06-24T05:13:29.471316413Z,1000,per_hit,raw_percent_of_host,api-node1,api-node2,37,38,75,44.230769,25.742574,44.230769,51.485149,100.000000,50.000000,1.000000,5.000000,0.000000,0.000000,1.000000,5.000000,241.194444,471.105263,76.363984,72.410122,3.000000
2026-06-24T05:13:30.471318467Z,1000,per_hit,raw_percent_of_host,api-node1,api-node2,42,33,75,45.000000,26.732673,45.000000,53.465347,100.000000,50.000000,1.000000,5.000000,0.000000,0.000000,1.000000,5.000000,298.238095,422.212121,75.147623,73.823928,3.000000
2026-06-24T05:13:31.471315263Z,1000,per_hit,raw_percent_of_host,api-node1,api-node2,44,31,75,38.834951,25.000000,38.834951,50.000000,100.000000,50.000000,3.000000,1.000000,0.000000,0.000000,3.000000,1.000000,245.857143,415.285714,74.399902,70.705335,3.000000
2026-06-24T05:13:32.471316942Z,1000,per_hit,raw_percent_of_host,api-node1,api-node2,36,39,75,45.918367,22.772277,45.918367,45.544554,100.000000,50.000000,2.000000,4.000000,0.000000,0.000000,2.000000,4.000000,204.432432,486.472222,76.999152,74.897163,3.000000
2026-06-24T05:13:33.47131638Z,1000,per_hit,raw_percent_of_host,api-node1,api-node2,34,41,75,41.584158,23.762376,41.584158,47.524752,100.000000,50.000000,1.000000,7.000000,0.000000,0.000000,1.000000,7.000000,234.800000,506.526316,71.850448,76.360866,3.000000
2026-06-24T05:13:34.471317663Z,1000,per_hit,raw_percent_of_host,api-node1,api-node2,29,46,75,39.423077,25.252525,39.423077,50.505051,100.000000,50.000000,1.000000,6.000000,0.000000,0.000000,1.000000,6.000000,181.379310,541.914894,76.554517,71.439099,3.000000
2026-06-24T05:13:35.471315506Z,1000,per_hit,raw_percent_of_host,api-node1,api-node2,45,30,75,44.660194,26.732673,44.660194,53.465347,100.000000,50.000000,2.000000,2.000000,0.000000,0.000000,2.000000,2.000000,274.522727,360.205882,77.022810,73.495100,3.000000
2026-06-24T05:13:36.471317311Z,1000,per_hit,raw_percent_of_host,api-node1,api-node2,34,41,75,45.454545,22.549020,45.454545,45.098039,100.000000,50.000000,2.000000,16.000000,0.000000,0.000000,2.000000,16.000000,193.529412,591.851852,77.323104,76.238040,3.000000
2026-06-24T05:13:37.471316063Z,1000,per_hit,raw_percent_of_host,api-node1,api-node2,41,34,75,45.918367,24.000000,45.918367,48.000000,100.000000,50.000000,3.000000,1.000000,0.000000,0.000000,3.000000,1.000000,187.925000,584.040816,75.872333,68.975860,3.000000
2026-06-24T05:13:38.471317579Z,1000,per_hit,raw_percent_of_host,api-node1,api-node2,42,29,71,46.464646,23.404255,46.464646,46.808511,100.000000,50.000000,3.000000,1.000000,0.000000,0.000000,3.000000,1.000000,236.309524,400.620690,76.620421,76.279718,3.000000
2026-06-24T05:13:39.471317951Z,1000,per_hit,raw_percent_of_host,api-node1,api-node2,33,43,76,40.404040,22.772277,40.404040,45.544554,100.000000,50.000000,0.000000,33.000000,0.000000,0.000000,0.000000,33.000000,170.638889,179.545455,74.929989,76.902739,3.000000
2026-06-24T05:13:40.47131767Z,1000,per_hit,raw_percent_of_host,api-node1,api-node2,46,26,72,37.623762,24.489796,37.623762,48.979592,100.000000,50.000000,2.000000,1.000000,0.000000,0.000000,2.000000,1.000000,340.750000,523.379310,74.705961,62.284052,3.000000
2026-06-24T05:13:41.471317754Z,1000,per_hit,raw_percent_of_host,api-node1,api-node2,40,34,74,35.353535,27.884615,35.353535,55.769231,100.000000,50.000000,2.000000,0.000000,0.000000,0.000000,2.000000,0.000000,227.825000,383.885714,75.833193,73.523189,3.000000
2026-06-24T05:13:42.471315797Z,1000,per_hit,raw_percent_of_host,api-node1,api-node2,38,34,72,34.313725,27.722772,34.313725,55.445545,100.000000,50.000000,0.000000,2.000000,0.000000,0.000000,0.000000,2.000000,219.875000,474.625000,76.279641,71.840673,3.000000
2026-06-24T05:13:43.471315828Z,1000,per_hit,raw_percent_of_host,api-node1,api-node2,48,32,80,47.058824,15.306122,47.058824,30.612245,100.000000,50.000000,3.000000,19.000000,0.000000,0.000000,3.000000,19.000000,198.355556,398.066667,74.762736,70.207911,3.000000
2026-06-24T05:13:44.471315498Z,1000,per_hit,raw_percent_of_host,api-node1,api-node2,38,35,73,40.404040,27.184466,40.404040,54.368932,100.000000,50.000000,1.000000,3.000000,0.000000,0.000000,1.000000,3.000000,218.625000,511.784314,77.234741,72.941035,3.000000
2026-06-24T05:13:45.471317668Z,1000,per_hit,raw_percent_of_host,api-node1,api-node2,36,37,73,42.718447,26.732673,42.718447,53.465347,100.000000,50.000000,2.000000,2.000000,0.000000,0.000000,2.000000,2.000000,196.085714,510.105263,78.164413,75.381018,3.000000
2026-06-24T05:13:46.471315663Z,1000,per_hit,raw_percent_of_host,api-node1,api-node2,33,39,72,41.584158,22.772277,41.584158,45.544554,100.000000,50.000000,3.000000,3.000000,0.000000,0.000000,3.000000,3.000000,186.906250,530.184211,76.185179,76.006116,3.000000
2026-06-24T05:13:47.471315769Z,1000,per_hit,raw_percent_of_host,api-node1,api-node2,37,35,72,45.454545,23.529412,45.454545,47.058824,100.000000,50.000000,2.000000,2.000000,0.000000,0.000000,2.000000,2.000000,188.184211,473.694444,75.513393,74.310622,3.000000
2026-06-24T05:13:48.471316306Z,1000,per_hit,raw_percent_of_host,api-node1,api-node2,48,23,71,45.454545,23.300971,45.454545,46.601942,100.000000,50.000000,1.000000,3.000000,0.000000,0.000000,1.000000,3.000000,308.244898,256.181818,74.508914,75.998227,3.000000
2026-06-24T05:13:49.471316354Z,1000,per_hit,raw_percent_of_host,api-node1,api-node2,34,37,71,45.192308,26.470588,45.192308,52.941176,100.000000,50.000000,0.000000,16.000000,0.000000,0.000000,0.000000,16.000000,227.142857,523.666667,76.073626,69.588403,3.000000
2026-06-24T05:13:50.471315998Z,1000,per_hit,raw_percent_of_host,api-node1,api-node2,39,31,70,44.761905,25.252525,44.761905,50.505051,100.000000,50.000000,1.000000,3.000000,0.000000,0.000000,1.000000,3.000000,245.552632,430.522727,73.824877,74.806490,3.000000
2026-06-24T05:13:51.471315905Z,1000,per_hit,raw_percent_of_host,api-node1,api-node2,29,41,70,39.805825,25.252525,39.805825,50.505051,100.000000,50.000000,3.000000,8.000000,0.000000,0.000000,3.000000,8.000000,176.481481,511.027778,75.180050,72.840084,3.000000
2026-06-24T05:13:52.471315596Z,1000,per_hit,raw_percent_of_host,api-node1,api-node2,29,40,69,42.268041,26.000000,42.268041,52.000000,100.000000,50.000000,3.000000,6.000000,0.000000,0.000000,3.000000,6.000000,131.068966,533.714286,73.790890,65.477471,3.000000
2026-06-24T05:13:53.471315375Z,1000,per_hit,raw_percent_of_host,api-node1,api-node2,36,32,68,47.000000,20.792079,47.000000,41.584158,100.000000,50.000000,3.000000,0.000000,0.000000,0.000000,3.000000,0.000000,168.527778,444.368421,75.849813,74.594839,3.000000
2026-06-24T05:13:54.471315471Z,1000,per_hit,raw_percent_of_host,api-node1,api-node2,29,38,67,44.000000,22.000000,44.000000,44.000000,100.000000,50.000000,2.000000,2.000000,0.000000,0.000000,2.000000,2.000000,229.133333,431.000000,75.842349,77.458391,3.000000
2026-06-24T05:13:55.471315466Z,1000,per_hit,raw_percent_of_host,api-node1,api-node2,28,39,67,33.333333,28.155340,33.333333,56.310680,100.000000,50.000000,3.000000,4.000000,0.000000,0.000000,3.000000,4.000000,126.703704,480.621622,74.622845,74.984851,3.000000
2026-06-24T05:13:56.471317051Z,1000,per_hit,raw_percent_of_host,api-node1,api-node2,33,33,66,45.454545,25.252525,45.454545,50.505051,100.000000,50.000000,0.000000,4.000000,0.000000,0.000000,0.000000,4.000000,157.250000,423.757576,76.251966,70.740116,3.000000
2026-06-24T05:13:57.471315549Z,1000,per_hit,raw_percent_of_host,api-node1,api-node2,28,37,65,40.000000,26.732673,40.000000,53.465347,100.000000,50.000000,2.000000,3.000000,0.000000,0.000000,2.000000,3.000000,157.884615,358.552632,75.735857,70.966231,3.000000
2026-06-24T05:13:58.471318025Z,1000,per_hit,raw_percent_of_host,api-node1,api-node2,29,35,64,47.368421,24.752475,47.368421,49.504950,100.000000,50.000000,0.000000,4.000000,0.000000,0.000000,0.000000,4.000000,143.290323,481.941176,75.622910,68.910240,3.000000
2026-06-24T05:13:59.471316061Z,1000,per_hit,raw_percent_of_host,api-node1,api-node2,34,29,63,40.952381,25.252525,40.952381,50.505051,100.000000,50.000000,1.000000,4.000000,0.000000,0.000000,1.000000,4.000000,203.878788,286.827586,76.281262,71.349606,3.000000
2026-06-24T05:14:00.471315977Z,1000,per_hit,raw_percent_of_host,api-node1,api-node2,37,26,63,38.834951,25.252525,38.834951,50.505051,100.000000,50.000000,3.000000,2.000000,0.000000,0.000000,3.000000,2.000000,211.657143,295.000000,77.363573,70.696928,3.000000
2026-06-24T05:14:01.471316407Z,1000,per_hit,raw_percent_of_host,api-node1,api-node2,35,27,62,41.000000,24.539877,41.000000,49.079755,100.000000,50.000000,3.000000,1.000000,0.000000,0.000000,3.000000,1.000000,137.628571,275.857143,72.127686,77.007871,3.000000
2026-06-24T05:14:02.471316295Z,1000,per_hit,raw_percent_of_host,api-node1,api-node2,35,26,61,41.000000,25.242718,41.000000,50.485437,100.000000,50.000000,1.000000,4.000000,0.000000,0.000000,1.000000,4.000000,184.135135,201.130435,73.606376,76.480060,3.000000
2026-06-24T05:14:03.471318751Z,1000,per_hit,raw_percent_of_host,api-node1,api-node2,31,29,60,41.000000,26.262626,41.000000,52.525253,100.000000,50.000000,0.000000,4.000000,0.000000,0.000000,0.000000,4.000000,175.531250,314.034483,76.148691,76.733811,3.000000
2026-06-24T05:14:04.471315911Z,1000,per_hit,raw_percent_of_host,api-node1,api-node2,29,25,54,38.834951,28.048780,38.834951,56.097561,100.000000,50.000000,1.000000,1.000000,0.000000,0.000000,1.000000,1.000000,220.214286,232.500000,77.395135,73.561123,3.000000
2026-06-24T05:14:05.471317695Z,1000,per_hit,raw_percent_of_host,api-node1,api-node2,28,35,63,46.601942,18.811881,46.601942,37.623762,100.000000,50.000000,2.000000,10.000000,0.000000,0.000000,2.000000,10.000000,139.000000,326.153846,75.374254,72.349449,3.000000
2026-06-24T05:14:06.471317374Z,1000,per_hit,raw_percent_of_host,api-node1,api-node2,33,24,57,44.230769,26.000000,44.230769,52.000000,100.000000,50.000000,2.000000,2.000000,0.000000,0.000000,2.000000,2.000000,160.939394,342.937500,76.005250,53.408236,3.000000
2026-06-24T05:14:07.471315703Z,1000,per_hit,raw_percent_of_host,api-node1,api-node2,28,28,56,36.842105,22.772277,36.842105,45.544554,100.000000,50.000000,2.000000,3.000000,0.000000,0.000000,2.000000,3.000000,116.642857,287.333333,75.419180,77.752651,3.000000
2026-06-24T05:14:08.471317981Z,1000,per_hit,raw_percent_of_host,api-node1,api-node2,29,26,55,40.384615,27.450980,40.384615,54.901961,100.000000,50.000000,1.000000,3.000000,0.000000,0.000000,1.000000,3.000000,178.133333,363.307692,76.720562,77.462909,3.000000
2026-06-24T05:14:09.471324514Z,1000,per_hit,raw_percent_of_host,api-node1,api-node2,24,30,54,39.000000,28.431373,39.000000,56.862745,100.000000,50.000000,2.000000,3.000000,0.000000,0.000000,2.000000,3.000000,127.217391,305.633333,75.803803,75.202227,3.000000
2026-06-24T05:14:10.471317924Z,1000,per_hit,raw_percent_of_host,api-node1,api-node2,28,25,53,36.000000,26.470588,36.000000,52.941176,100.000000,50.000000,1.000000,3.000000,0.000000,0.000000,1.000000,3.000000,155.137931,292.360000,74.929063,78.347456,3.000000
2026-06-24T05:14:11.471315289Z,1000,per_hit,raw_percent_of_host,api-node1,api-node2,30,22,52,39.805825,27.450980,39.805825,54.901961,100.000000,50.000000,2.000000,2.000000,0.000000,0.000000,2.000000,2.000000,155.172414,251.869565,76.340223,73.797441,3.000000
2026-06-24T05:14:12.471318756Z,1000,per_hit,raw_percent_of_host,api-node1,api-node2,26,24,50,35.714286,22.772277,35.714286,45.544554,100.000000,50.000000,2.000000,2.000000,0.000000,0.000000,2.000000,2.000000,133.500000,313.000000,75.923965,76.730427,3.000000
2026-06-24T05:14:13.471317896Z,1000,per_hit,raw_percent_of_host,api-node1,api-node2,25,24,49,31.683168,24.752475,31.683168,49.504950,100.000000,50.000000,1.000000,2.000000,0.000000,0.000000,1.000000,2.000000,106.307692,209.833333,74.435675,77.979108,3.000000
2026-06-24T05:14:14.471315628Z,1000,per_hit,raw_percent_of_host,api-node1,api-node2,24,24,48,43.689320,23.529412,43.689320,47.058824,100.000000,50.000000,1.000000,4.000000,0.000000,0.000000,1.000000,4.000000,163.041667,212.000000,74.882619,78.344452,3.000000
2026-06-24T05:14:15.471315545Z,1000,per_hit,raw_percent_of_host,api-node1,api-node2,21,26,47,36.000000,23.762376,36.000000,47.524752,100.000000,50.000000,4.000000,2.000000,0.000000,0.000000,4.000000,2.000000,104.222222,306.500000,78.299474,68.230970,3.000000
2026-06-24T05:14:16.471315535Z,1000,per_hit,raw_percent_of_host,api-node1,api-node2,26,20,46,36.000000,19.607843,36.000000,39.215686,100.000000,50.000000,2.000000,2.000000,0.000000,0.000000,2.000000,2.000000,146.392857,283.350000,76.891200,77.598496,3.000000
2026-06-24T05:14:17.471315875Z,1000,per_hit,raw_percent_of_host,api-node1,api-node2,31,14,45,47.000000,20.202020,47.000000,40.404040,100.000000,50.000000,0.000000,3.000000,0.000000,0.000000,0.000000,3.000000,134.727273,116.384615,76.359732,76.327829,3.000000
2026-06-24T05:14:18.471316242Z,1000,per_hit,raw_percent_of_host,api-node1,api-node2,26,18,44,41.414141,25.252525,41.414141,50.505051,100.000000,50.000000,1.000000,3.000000,0.000000,0.000000,1.000000,3.000000,126.320000,170.055556,75.757248,73.298830,3.000000
2026-06-24T05:14:19.47131584Z,1000,per_hit,raw_percent_of_host,api-node1,api-node2,17,26,43,31.683168,27.184466,31.683168,54.368932,100.000000,50.000000,1.000000,2.000000,0.000000,0.000000,1.000000,2.000000,97.235294,272.629630,75.617174,75.551952,3.000000
2026-06-24T05:14:20.471315804Z,1000,per_hit,raw_percent_of_host,api-node1,api-node2,13,28,41,36.000000,23.529412,36.000000,47.058824,100.000000,50.000000,1.000000,4.000000,0.000000,0.000000,1.000000,4.000000,74.461538,380.730769,75.757914,76.002486,3.000000
2026-06-24T05:14:21.471318085Z,1000,per_hit,raw_percent_of_host,api-node1,api-node2,16,24,40,27.368421,26.000000,27.368421,52.000000,100.000000,50.000000,0.000000,3.000000,0.000000,0.000000,0.000000,3.000000,74.411765,238.800000,75.425576,74.284449,3.000000
2026-06-24T05:14:22.471315399Z,1000,per_hit,raw_percent_of_host,api-node1,api-node2,24,15,39,37.000000,25.252525,37.000000,50.505051,100.000000,50.000000,2.000000,2.000000,0.000000,0.000000,2.000000,2.000000,109.454545,142.562500,75.460756,76.488504,3.000000
2026-06-24T05:14:23.471317768Z,1000,per_hit,raw_percent_of_host,api-node1,api-node2,16,22,38,30.612245,23.300971,30.612245,46.601942,100.000000,50.000000,1.000000,2.000000,0.000000,0.000000,1.000000,2.000000,75.176471,215.772727,76.907237,76.725873,3.000000
2026-06-24T05:14:24.471317011Z,1000,per_hit,raw_percent_of_host,api-node1,api-node2,17,20,37,31.683168,21.428571,31.683168,42.857143,100.000000,50.000000,2.000000,2.000000,0.000000,0.000000,2.000000,2.000000,92.000000,180.800000,73.972910,78.370796,3.000000
2026-06-24T05:14:25.471316029Z,1000,per_hit,raw_percent_of_host,api-node1,api-node2,21,15,36,35.714286,17.171717,35.714286,34.343434,100.000000,50.000000,1.000000,2.000000,0.000000,0.000000,1.000000,2.000000,102.772727,131.266667,75.998562,76.611641,3.000000
2026-06-24T05:14:26.471317935Z,1000,per_hit,raw_percent_of_host,api-node1,api-node2,22,13,35,36.000000,16.161616,36.000000,32.323232,100.000000,50.000000,3.000000,0.000000,0.000000,0.000000,3.000000,0.000000,95.000000,159.733333,75.614740,77.250083,3.000000
2026-06-24T05:14:27.47131537Z,1000,per_hit,raw_percent_of_host,api-node1,api-node2,18,16,34,37.500000,19.000000,37.500000,38.000000,100.000000,50.000000,0.000000,4.000000,0.000000,0.000000,0.000000,4.000000,94.619048,144.833333,75.957565,76.440970,3.000000
2026-06-24T05:14:28.471317421Z,1000,per_hit,raw_percent_of_host,api-node1,api-node2,18,14,32,35.353535,18.367347,35.353535,36.734694,100.000000,50.000000,1.000000,4.000000,0.000000,0.000000,1.000000,4.000000,122.352941,94.500000,73.323423,72.967909,3.000000
2026-06-24T05:14:29.471317946Z,1000,per_hit,raw_percent_of_host,api-node1,api-node2,17,14,31,37.000000,21.649485,37.000000,43.298969,100.000000,50.000000,1.000000,4.000000,0.000000,0.000000,1.000000,4.000000,87.941176,122.428571,78.250933,75.704360,3.000000
2026-06-24T05:14:30.471315807Z,1000,per_hit,raw_percent_of_host,api-node1,api-node2,16,14,30,30.000000,24.242424,30.000000,48.484848,100.000000,50.000000,3.000000,1.000000,0.000000,0.000000,3.000000,1.000000,86.071429,132.764706,75.754608,75.387299,3.000000
2026-06-24T05:14:31.47131553Z,1000,per_hit,raw_percent_of_host,api-node1,api-node2,16,13,29,22.105263,22.222222,22.105263,44.444444,100.000000,50.000000,2.000000,1.000000,0.000000,0.000000,2.000000,1.000000,77.529412,128.307692,74.823537,75.937338,3.000000
2026-06-24T05:14:32.471315166Z,1000,per_hit,raw_percent_of_host,api-node1,api-node2,16,12,28,25.000000,10.101010,25.000000,20.202020,100.000000,50.000000,1.000000,4.000000,0.000000,0.000000,1.000000,4.000000,78.000000,80.111111,76.160123,74.740413,3.000000
2026-06-24T05:14:33.471324243Z,1000,per_hit,raw_percent_of_host,api-node1,api-node2,18,9,27,36.000000,11.578947,36.000000,23.157895,100.000000,50.000000,3.000000,1.000000,0.000000,0.000000,3.000000,1.000000,87.062500,116.416667,75.347733,71.625859,3.000000
2026-06-24T05:14:34.471317011Z,1000,per_hit,raw_percent_of_host,api-node1,api-node2,12,14,26,27.083333,18.811881,27.083333,37.623762,100.000000,50.000000,0.000000,3.000000,0.000000,0.000000,0.000000,3.000000,64.466667,148.500000,75.771468,76.315462,3.000000
2026-06-24T05:14:35.471319014Z,1000,per_hit,raw_percent_of_host,api-node1,api-node2,9,16,25,20.202020,19.191919,20.202020,38.383838,100.000000,50.000000,1.000000,2.000000,0.000000,0.000000,1.000000,2.000000,63.750000,101.294118,74.876343,76.533903,3.000000
2026-06-24T05:14:36.471321308Z,1000,per_hit,raw_percent_of_host,api-node1,api-node2,14,10,24,28.000000,21.782178,28.000000,43.564356,100.000000,50.000000,4.000000,0.000000,0.000000,0.000000,4.000000,0.000000,60.454545,95.500000,77.026993,77.683319,3.000000
2026-06-24T05:14:37.471315378Z,1000,per_hit,raw_percent_of_host,api-node1,api-node2,9,10,19,26.041667,16.000000,26.041667,32.000000,100.000000,50.000000,1.000000,2.000000,0.000000,0.000000,1.000000,2.000000,73.583333,125.750000,75.560697,74.701490,3.000000
2026-06-24T05:14:38.471318497Z,1000,per_hit,raw_percent_of_host,api-node1,api-node2,12,9,21,29.591837,18.367347,29.591837,36.734694,100.000000,50.000000,0.000000,2.000000,0.000000,0.000000,0.000000,2.000000,66.615385,117.222222,77.168260,73.252054,3.000000
2026-06-24T05:14:39.471315349Z,1000,per_hit,raw_percent_of_host,api-node1,api-node2,12,9,21,36.363636,20.000000,36.363636,40.000000,100.000000,50.000000,0.000000,1.000000,0.000000,0.000000,0.000000,1.000000,58.083333,93.100000,77.961261,72.694976,3.000000
2026-06-24T05:14:40.471316843Z,1000,per_hit,raw_percent_of_host,api-node1,api-node2,12,10,22,35.294118,25.252525,35.294118,50.505051,100.000000,50.000000,1.000000,1.000000,0.000000,0.000000,1.000000,1.000000,76.000000,91.800000,77.436094,75.937171,3.000000
2026-06-24T05:14:41.471316624Z,1000,per_hit,raw_percent_of_host,api-node1,api-node2,9,11,20,39.000000,22.000000,39.000000,44.000000,100.000000,50.000000,0.000000,2.000000,0.000000,0.000000,0.000000,2.000000,66.000000,79.700000,78.201781,75.235761,3.000000
2026-06-24T05:14:42.471315669Z,1000,per_hit,raw_percent_of_host,api-node1,api-node2,11,6,17,37.373737,18.750000,37.373737,37.500000,100.000000,50.000000,0.000000,0.000000,0.000000,0.000000,0.000000,0.000000,65.727273,96.375000,78.199783,76.257523,3.000000
2026-06-24T05:14:43.471317822Z,1000,per_hit,raw_percent_of_host,api-node1,api-node2,17,8,25,32.323232,17.171717,32.323232,34.343434,100.000000,50.000000,3.000000,1.000000,0.000000,0.000000,3.000000,1.000000,72.214286,67.000000,77.141546,77.747775,3.000000
2026-06-24T05:14:44.471318993Z,1000,per_hit,raw_percent_of_host,api-node1,api-node2,9,9,18,15.789474,11.111111,15.789474,22.222222,100.000000,50.000000,2.000000,2.000000,0.000000,0.000000,2.000000,2.000000,62.600000,99.000000,77.180057,74.938836,3.000000
2026-06-24T05:14:45.471317165Z,1000,per_hit,raw_percent_of_host,api-node1,api-node2,13,4,17,34.343434,1.000000,34.343434,2.000000,100.000000,50.000000,2.000000,2.000000,0.000000,0.000000,2.000000,2.000000,70.615385,56.000000,76.274252,78.973894,3.000000
2026-06-24T05:14:46.471315665Z,1000,per_hit,raw_percent_of_host,api-node1,api-node2,7,9,16,5.208333,11.111111,5.208333,22.222222,100.000000,50.000000,3.000000,3.000000,0.000000,0.000000,3.000000,3.000000,65.000000,105.750000,77.463555,74.562450,3.000000
2026-06-24T05:14:47.471318069Z,1000,per_hit,raw_percent_of_host,api-node1,api-node2,10,6,16,14.736842,11.000000,14.736842,22.000000,100.000000,50.000000,2.000000,2.000000,0.000000,0.000000,2.000000,2.000000,61.727273,81.428571,76.450454,76.026181,3.000000
2026-06-24T05:14:48.471315309Z,1000,per_hit,raw_percent_of_host,api-node1,api-node2,8,7,15,5.263158,15.151515,5.263158,30.303030,100.000000,50.000000,1.000000,2.000000,0.000000,0.000000,1.000000,2.000000,59.111111,74.428571,77.388113,73.940888,3.000000
2026-06-24T05:14:49.471315213Z,1000,per_hit,raw_percent_of_host,api-node1,api-node2,9,5,14,15.151515,10.101010,15.151515,20.202020,100.000000,50.000000,2.000000,2.000000,0.000000,0.000000,2.000000,2.000000,56.250000,73.200000,78.103032,76.635250,3.000000
2026-06-24T05:14:50.471315234Z,1000,per_hit,raw_percent_of_host,api-node1,api-node2,7,7,14,6.930693,9.000000,6.930693,18.000000,100.000000,50.000000,3.000000,2.000000,0.000000,0.000000,3.000000,2.000000,56.333333,57.571429,78.000946,76.419415,3.000000
2026-06-24T05:14:51.471317303Z,1000,per_hit,raw_percent_of_host,api-node1,api-node2,6,7,13,6.250000,11.111111,6.250000,22.222222,100.000000,50.000000,1.000000,3.000000,0.000000,0.000000,1.000000,3.000000,67.250000,61.500000,77.261149,76.606206,3.000000
2026-06-24T05:14:52.471316078Z,1000,per_hit,raw_percent_of_host,api-node1,api-node2,2,10,12,0.000000,15.841584,0.000000,31.683168,100.000000,50.000000,2.000000,3.000000,0.000000,0.000000,2.000000,3.000000,50.000000,67.500000,80.277293,76.966174,3.000000
2026-06-24T05:14:53.471317094Z,1000,per_hit,raw_percent_of_host,api-node1,api-node2,4,8,12,5.263158,15.000000,5.263158,30.000000,100.000000,50.000000,1.000000,2.000000,0.000000,0.000000,1.000000,2.000000,57.400000,78.222222,79.056240,76.991911,3.000000
2026-06-24T05:14:54.471316701Z,1000,per_hit,raw_percent_of_host,api-node1,api-node2,5,7,12,5.050505,6.000000,5.050505,12.000000,100.000000,50.000000,0.000000,3.000000,0.000000,0.000000,0.000000,3.000000,50.000000,55.166667,78.732613,77.578965,3.000000
2026-06-24T05:14:55.471315261Z,1000,per_hit,raw_percent_of_host,api-node1,api-node2,6,5,11,5.940594,15.151515,5.940594,30.303030,100.000000,50.000000,2.000000,1.000000,0.000000,0.000000,2.000000,1.000000,53.750000,79.142857,78.454460,75.636873,3.000000
2026-06-24T05:14:56.471315099Z,1000,per_hit,raw_percent_of_host,api-node1,api-node2,9,2,11,10.101010,6.000000,10.101010,12.000000,100.000000,50.000000,3.000000,1.000000,0.000000,0.000000,3.000000,1.000000,56.000000,50.000000,77.069702,77.869277,3.000000
2026-06-24T05:14:57.471315907Z,1000,per_hit,raw_percent_of_host,api-node1,api-node2,6,5,11,0.000000,11.111111,0.000000,22.222222,100.000000,50.000000,3.000000,0.000000,0.000000,0.000000,3.000000,0.000000,64.666667,63.166667,79.411045,76.121025,3.000000
2026-06-24T05:14:58.471318591Z,1000,per_hit,raw_percent_of_host,api-node1,api-node2,8,3,11,10.526316,5.000000,10.526316,10.000000,100.000000,50.000000,1.000000,2.000000,0.000000,0.000000,1.000000,2.000000,57.600000,53.000000,78.167090,77.941711,3.000000
2026-06-24T05:14:59.471318378Z,1000,per_hit,raw_percent_of_host,api-node1,api-node2,7,3,10,5.050505,6.000000,5.050505,12.000000,100.000000,50.000000,3.000000,0.000000,0.000000,0.000000,3.000000,0.000000,50.000000,56.400000,78.596816,78.077520,3.000000
2026-06-24T05:15:00.471316296Z,1000,per_hit,raw_percent_of_host,api-node1,api-node2,4,6,10,0.000000,10.101010,0.000000,20.202020,100.000000,50.000000,1.000000,3.000000,0.000000,0.000000,1.000000,3.000000,64.000000,50.000000,79.069444,77.019172,3.000000
2026-06-24T05:15:01.471317569Z,1000,per_hit,raw_percent_of_host,api-node1,api-node2,4,6,10,6.060606,8.080808,6.060606,16.161616,100.000000,50.000000,0.000000,3.000000,0.000000,0.000000,0.000000,3.000000,50.000000,77.333333,79.007256,77.029376,3.000000
2026-06-24T05:15:02.471318442Z,1000,per_hit,raw_percent_of_host,api-node1,api-node2,5,5,10,0.000000,15.000000,0.000000,30.000000,100.000000,50.000000,1.000000,2.000000,0.000000,0.000000,1.000000,2.000000,50.000000,77.833333,81.291809,76.783359,3.000000
2026-06-24T05:15:03.471315885Z,1000,per_hit,raw_percent_of_host,api-node1,api-node2,3,7,10,10.101010,2.020202,10.101010,4.040404,100.000000,50.000000,0.000000,4.000000,0.000000,0.000000,0.000000,4.000000,50.000000,52.000000,77.722914,79.183426,3.000000
2026-06-24T05:15:04.471315868Z,1000,per_hit,raw_percent_of_host,api-node1,api-node2,4,6,10,1.000000,13.131313,1.000000,26.262626,100.000000,50.000000,0.000000,4.000000,0.000000,0.000000,0.000000,4.000000,50.000000,95.833333,81.244351,76.950024,3.000000
2026-06-24T05:15:05.47131772Z,1000,per_hit,raw_percent_of_host,api-node1,api-node2,4,6,10,6.000000,8.163265,6.000000,16.326531,100.000000,50.000000,2.000000,2.000000,0.000000,0.000000,2.000000,2.000000,50.000000,81.000000,78.976679,76.730437,3.000000
2026-06-24T05:15:06.471315259Z,1000,per_hit,raw_percent_of_host,api-node1,api-node2,4,6,10,10.416667,0.000000,10.416667,0.000000,100.000000,50.000000,0.000000,3.000000,0.000000,0.000000,0.000000,3.000000,54.333333,67.000000,78.495782,80.089348,3.000000
2026-06-24T05:15:07.47131798Z,1000,per_hit,raw_percent_of_host,api-node1,api-node2,4,2,6,11.111111,4.040404,11.111111,8.080808,100.000000,50.000000,0.000000,1.000000,0.000000,0.000000,0.000000,1.000000,50.000000,73.250000,78.768892,75.272404,3.000000
2026-06-24T05:15:08.471317895Z,1000,per_hit,raw_percent_of_host,api-node1,api-node2,11,4,15,19.587629,5.050505,19.587629,10.101010,100.000000,50.000000,2.000000,1.000000,0.000000,0.000000,2.000000,1.000000,51.000000,54.500000,77.623083,78.180384,3.000000
2026-06-24T05:15:09.471316479Z,1000,per_hit,raw_percent_of_host,api-node1,api-node2,9,2,11,5.208333,5.050505,5.208333,10.101010,100.000000,50.000000,2.000000,1.000000,0.000000,0.000000,2.000000,1.000000,60.111111,50.500000,77.551508,78.015306,3.000000
2026-06-24T05:15:10.471315912Z,1000,per_hit,raw_percent_of_host,api-node1,api-node2,1,10,11,0.000000,10.101010,0.000000,20.202020,100.000000,50.000000,0.000000,4.000000,0.000000,0.000000,0.000000,4.000000,65.333333,55.285714,80.070566,77.764012,3.000000
2026-06-24T05:15:11.471315283Z,1000,per_hit,raw_percent_of_host,api-node1,api-node2,6,5,11,5.050505,9.183673,5.050505,18.367347,100.000000,50.000000,2.000000,2.000000,0.000000,0.000000,2.000000,2.000000,50.000000,85.857143,79.712234,77.205630,3.000000
2026-06-24T05:15:12.471319456Z,1000,per_hit,raw_percent_of_host,api-node1,api-node2,6,6,12,10.101010,0.000000,10.101010,0.000000,100.000000,50.000000,0.000000,3.000000,0.000000,0.000000,0.000000,3.000000,50.000000,86.400000,77.719978,79.677231,3.000000
2026-06-24T05:15:13.471315292Z,1000,per_hit,raw_percent_of_host,api-node1,api-node2,6,6,12,5.000000,7.000000,5.000000,14.000000,100.000000,50.000000,1.000000,2.000000,0.000000,0.000000,1.000000,2.000000,50.000000,57.857143,78.329032,77.925775,3.000000
2026-06-24T05:15:14.471316272Z,1000,per_hit,raw_percent_of_host,api-node1,api-node2,7,5,12,0.000000,11.000000,0.000000,22.000000,100.000000,50.000000,1.000000,2.000000,0.000000,0.000000,1.000000,2.000000,57.142857,52.600000,80.018010,76.674524,3.000000
2026-06-24T05:15:15.471315904Z,1000,per_hit,raw_percent_of_host,api-node1,api-node2,6,7,13,10.101010,0.000000,10.101010,0.000000,100.000000,50.000000,2.000000,2.000000,0.000000,0.000000,2.000000,2.000000,57.800000,58.285714,77.302290,79.501423,3.000000
2026-06-24T05:15:16.471315413Z,1000,per_hit,raw_percent_of_host,api-node1,api-node2,6,7,13,5.050505,5.050505,5.050505,10.101010,100.000000,50.000000,1.000000,3.000000,0.000000,0.000000,1.000000,3.000000,57.857143,79.833333,77.834295,77.272075,3.000000
2026-06-24T05:15:17.47131933Z,1000,per_hit,raw_percent_of_host,api-node1,api-node2,5,4,9,5.940594,9.090909,5.940594,18.181818,100.000000,50.000000,0.000000,0.000000,0.000000,0.000000,0.000000,0.000000,58.666667,91.000000,78.772386,73.572250,3.000000
2026-06-24T05:15:18.471318046Z,1000,per_hit,raw_percent_of_host,api-node1,api-node2,10,9,19,15.151515,10.101010,15.151515,20.202020,100.000000,50.000000,1.000000,4.000000,0.000000,0.000000,1.000000,4.000000,76.444444,61.800000,77.538571,75.543729,3.000000
2026-06-24T05:15:19.471317212Z,1000,per_hit,raw_percent_of_host,api-node1,api-node2,10,5,15,6.000000,8.163265,6.000000,16.326531,100.000000,50.000000,1.000000,2.000000,0.000000,0.000000,1.000000,2.000000,73.600000,90.571429,77.112100,75.481821,3.000000
2026-06-24T05:15:20.471315699Z,1000,per_hit,raw_percent_of_host,api-node1,api-node2,8,8,16,5.050505,6.930693,5.050505,13.861386,100.000000,50.000000,1.000000,3.000000,0.000000,0.000000,1.000000,3.000000,58.250000,74.000000,77.818852,75.668615,3.000000
2026-06-24T05:15:21.47131708Z,1000,per_hit,raw_percent_of_host,api-node1,api-node2,10,6,16,10.000000,4.040404,10.000000,8.080808,100.000000,50.000000,1.000000,3.000000,0.000000,0.000000,1.000000,3.000000,64.100000,88.666667,77.487354,73.687381,3.000000
2026-06-24T05:15:22.471317488Z,1000,per_hit,raw_percent_of_host,api-node1,api-node2,8,9,17,6.060606,8.247423,6.060606,16.494845,100.000000,50.000000,0.000000,4.000000,0.000000,0.000000,0.000000,4.000000,72.555556,75.500000,77.143988,77.560524,3.000000
2026-06-24T05:15:23.47131512Z,1000,per_hit,raw_percent_of_host,api-node1,api-node2,7,11,18,1.980198,14.285714,1.980198,28.571429,100.000000,50.000000,3.000000,1.000000,0.000000,0.000000,3.000000,1.000000,58.250000,98.428571,78.377374,76.270590,3.000000
2026-06-24T05:15:24.471316277Z,1000,per_hit,raw_percent_of_host,api-node1,api-node2,11,7,18,10.526316,0.000000,10.526316,0.000000,100.000000,50.000000,2.000000,2.000000,0.000000,0.000000,2.000000,2.000000,67.833333,98.166667,77.013810,79.510325,3.000000
2026-06-24T05:15:25.471318572Z,1000,per_hit,raw_percent_of_host,api-node1,api-node2,8,11,19,1.000000,13.000000,1.000000,26.000000,100.000000,50.000000,2.000000,2.000000,0.000000,0.000000,2.000000,2.000000,67.375000,90.272727,77.733610,75.581427,3.000000
2026-06-24T05:15:26.471315825Z,1000,per_hit,raw_percent_of_host,api-node1,api-node2,8,12,20,5.050505,7.070707,5.050505,14.141414,100.000000,50.000000,3.000000,2.000000,0.000000,0.000000,3.000000,2.000000,66.714286,117.083333,77.533929,77.163186,3.000000
2026-06-24T05:15:27.471317383Z,1000,per_hit,raw_percent_of_host,api-node1,api-node2,11,10,21,6.185567,6.000000,6.185567,12.000000,100.000000,50.000000,1.000000,2.000000,0.000000,0.000000,1.000000,2.000000,63.923077,94.600000,77.037305,77.099817,3.000000
2026-06-24T05:15:28.471315243Z,1000,per_hit,raw_percent_of_host,api-node1,api-node2,12,10,22,10.204082,2.020202,10.204082,4.040404,100.000000,50.000000,2.000000,3.000000,0.000000,0.000000,2.000000,3.000000,94.272727,74.000000,77.377240,79.298950,3.000000
2026-06-24T05:15:29.471318875Z,1000,per_hit,raw_percent_of_host,api-node1,api-node2,13,10,23,6.250000,10.000000,6.250000,20.000000,100.000000,50.000000,3.000000,2.000000,0.000000,0.000000,3.000000,2.000000,71.500000,104.909091,77.923388,73.393208,3.000000
2026-06-24T05:15:30.471316876Z,1000,per_hit,raw_percent_of_host,api-node1,api-node2,11,13,24,5.208333,5.050505,5.208333,10.101010,100.000000,50.000000,1.000000,3.000000,0.000000,0.000000,1.000000,3.000000,102.615385,110.916667,78.192649,78.680329,3.000000
2026-06-24T05:15:31.471315795Z,1000,per_hit,raw_percent_of_host,api-node1,api-node2,17,7,24,11.111111,2.061856,11.111111,4.123711,100.000000,50.000000,2.000000,2.000000,0.000000,0.000000,2.000000,2.000000,97.625000,94.750000,76.840370,75.268111,3.000000
2026-06-24T05:15:32.471317468Z,1000,per_hit,raw_percent_of_host,api-node1,api-node2,15,10,25,6.060606,7.070707,6.060606,14.141414,100.000000,50.000000,2.000000,2.000000,0.000000,0.000000,2.000000,2.000000,89.333333,94.800000,78.732520,76.256439,3.000000
2026-06-24T05:15:33.471319507Z,1000,per_hit,raw_percent_of_host,api-node1,api-node2,10,16,26,0.000000,11.000000,0.000000,22.000000,100.000000,50.000000,3.000000,1.000000,0.000000,0.000000,3.000000,1.000000,88.666667,157.705882,77.580889,76.381112,3.000000
2026-06-24T05:15:34.471316955Z,1000,per_hit,raw_percent_of_host,api-node1,api-node2,11,16,27,1.041667,13.131313,1.041667,26.262626,100.000000,50.000000,3.000000,2.000000,0.000000,0.000000,3.000000,2.000000,87.727273,187.400000,78.299282,76.340347,3.000000
2026-06-24T05:15:35.471316966Z,1000,per_hit,raw_percent_of_host,api-node1,api-node2,11,17,28,5.208333,8.000000,5.208333,16.000000,100.000000,50.000000,2.000000,1.000000,0.000000,0.000000,2.000000,1.000000,85.083333,165.000000,78.750038,76.948838,3.000000
2026-06-24T05:15:36.471316777Z,1000,per_hit,raw_percent_of_host,api-node1,api-node2,19,10,29,5.208333,7.070707,5.208333,14.141414,100.000000,50.000000,2.000000,1.000000,0.000000,0.000000,2.000000,1.000000,106.789474,103.000000,78.335102,77.718742,3.000000
2026-06-24T05:15:37.471316082Z,1000,per_hit,raw_percent_of_host,api-node1,api-node2,11,19,30,0.000000,11.000000,0.000000,22.000000,100.000000,50.000000,4.000000,3.000000,0.000000,0.000000,4.000000,3.000000,75.888889,211.235294,81.145439,76.122759,3.000000
2026-06-24T05:15:38.471316202Z,1000,per_hit,raw_percent_of_host,api-node1,api-node2,17,15,32,5.263158,10.101010,5.263158,20.202020,100.000000,50.000000,1.000000,3.000000,0.000000,0.000000,1.000000,3.000000,143.300000,173.800000,76.275698,76.630377,3.000000
2026-06-24T05:15:39.471316618Z,1000,per_hit,raw_percent_of_host,api-node1,api-node2,21,12,33,5.050505,10.000000,5.050505,20.000000,100.000000,50.000000,0.000000,4.000000,0.000000,0.000000,0.000000,4.000000,142.045455,95.000000,78.909403,76.953668,3.000000
2026-06-24T05:15:40.47131568Z,1000,per_hit,raw_percent_of_host,api-node1,api-node2,14,20,34,0.000000,13.131313,0.000000,26.262626,100.000000,50.000000,1.000000,4.000000,0.000000,0.000000,1.000000,4.000000,104.538462,168.050000,81.326501,75.158374,3.000000
2026-06-24T05:15:41.471316487Z,1000,per_hit,raw_percent_of_host,api-node1,api-node2,17,12,29,0.000000,14.141414,0.000000,28.282828,100.000000,50.000000,0.000000,0.000000,0.000000,0.000000,0.000000,0.000000,133.111111,173.375000,82.039333,75.212146,3.000000
2026-06-24T05:15:42.471315465Z,1000,per_hit,raw_percent_of_host,api-node1,api-node2,20,21,41,20.000000,10.101010,20.000000,20.202020,100.000000,50.000000,2.000000,6.000000,0.000000,0.000000,2.000000,6.000000,104.277778,205.266667,76.604400,75.150592,3.000000
2026-06-24T05:15:43.471315586Z,1000,per_hit,raw_percent_of_host,api-node1,api-node2,18,14,32,5.050505,13.265306,5.050505,26.530612,100.000000,50.000000,0.000000,2.000000,0.000000,0.000000,0.000000,2.000000,102.550000,174.833333,78.962252,72.475067,3.000000
2026-06-24T05:15:44.471316546Z,1000,per_hit,raw_percent_of_host,api-node1,api-node2,20,18,38,21.000000,9.090909,21.000000,18.181818,100.000000,50.000000,0.000000,2.000000,0.000000,0.000000,0.000000,2.000000,105.900000,220.833333,76.690097,74.176817,3.000000
2026-06-24T05:15:45.471315626Z,1000,per_hit,raw_percent_of_host,api-node1,api-node2,23,16,39,26.530612,11.000000,26.530612,22.000000,100.000000,50.000000,0.000000,1.000000,0.000000,0.000000,0.000000,1.000000,126.478261,204.764706,74.650877,73.817463,3.000000
2026-06-24T05:15:46.471316622Z,1000,per_hit,raw_percent_of_host,api-node1,api-node2,23,22,45,17.000000,11.000000,17.000000,22.000000,100.000000,50.000000,2.000000,7.000000,0.000000,0.000000,2.000000,7.000000,113.000000,214.562500,76.774912,72.447050,3.000000
2026-06-24T05:15:47.471315377Z,1000,per_hit,raw_percent_of_host,api-node1,api-node2,24,18,42,10.101010,7.291667,10.101010,14.583333,100.000000,50.000000,2.000000,3.000000,0.000000,0.000000,2.000000,3.000000,125.375000,205.681818,77.516872,76.423728,3.000000
2026-06-24T05:15:48.471315768Z,1000,per_hit,raw_percent_of_host,api-node1,api-node2,24,19,43,15.151515,3.061224,15.151515,6.122449,100.000000,50.000000,2.000000,3.000000,0.000000,0.000000,2.000000,3.000000,110.125000,162.736842,77.393892,75.844984,3.000000
2026-06-24T05:15:49.471316888Z,1000,per_hit,raw_percent_of_host,api-node1,api-node2,20,24,44,6.930693,13.265306,6.930693,26.530612,100.000000,50.000000,2.000000,9.000000,0.000000,0.000000,2.000000,9.000000,111.900000,171.444444,78.467022,75.178792,3.000000
2026-06-24T05:15:50.471318309Z,1000,per_hit,raw_percent_of_host,api-node1,api-node2,27,18,45,16.000000,3.061224,16.000000,6.122449,100.000000,50.000000,2.000000,4.000000,0.000000,0.000000,2.000000,4.000000,119.592593,215.086957,77.958164,76.358200,3.000000
2026-06-24T05:15:51.471316882Z,1000,per_hit,raw_percent_of_host,api-node1,api-node2,21,24,45,1.000000,16.161616,1.000000,32.323232,100.000000,50.000000,2.000000,7.000000,0.000000,0.000000,2.000000,7.000000,143.857143,182.809524,81.292471,74.925567,3.000000
2026-06-24T05:15:52.471316073Z,1000,per_hit,raw_percent_of_host,api-node1,api-node2,22,26,48,10.101010,7.291667,10.101010,14.583333,100.000000,50.000000,2.000000,15.000000,0.000000,0.000000,2.000000,15.000000,120.363636,210.944444,78.715403,74.674130,3.000000
2026-06-24T05:15:53.471315673Z,1000,per_hit,raw_percent_of_host,api-node1,api-node2,26,22,48,11.000000,8.163265,11.000000,16.326531,100.000000,50.000000,2.000000,5.000000,0.000000,0.000000,2.000000,5.000000,115.615385,270.781250,77.896900,75.540397,3.000000
2026-06-24T05:15:54.471315431Z,1000,per_hit,raw_percent_of_host,api-node1,api-node2,27,22,49,15.625000,2.061856,15.625000,4.123711,100.000000,50.000000,2.000000,6.000000,0.000000,0.000000,2.000000,6.000000,143.074074,207.238095,77.233543,74.591663,3.000000
2026-06-24T05:15:55.471315887Z,1000,per_hit,raw_percent_of_host,api-node1,api-node2,29,22,51,11.000000,8.163265,11.000000,16.326531,100.000000,50.000000,1.000000,4.000000,0.000000,0.000000,1.000000,4.000000,172.700000,200.958333,77.736571,76.182707,3.000000
2026-06-24T05:15:56.471317009Z,1000,per_hit,raw_percent_of_host,api-node1,api-node2,32,20,52,5.050505,11.000000,5.050505,22.000000,100.000000,50.000000,4.000000,9.000000,0.000000,0.000000,4.000000,9.000000,189.862069,130.666667,78.943935,60.765685,3.000000
2026-06-24T05:15:57.47131633Z,1000,per_hit,raw_percent_of_host,api-node1,api-node2,26,27,53,0.000000,14.141414,0.000000,28.282828,100.000000,50.000000,3.000000,6.000000,0.000000,0.000000,3.000000,6.000000,166.888889,218.500000,80.696388,74.825068,3.000000
2026-06-24T05:15:58.471317013Z,1000,per_hit,raw_percent_of_host,api-node1,api-node2,23,31,54,6.185567,11.340206,6.185567,22.680412,100.000000,50.000000,0.000000,25.000000,0.000000,0.000000,0.000000,25.000000,132.269231,192.750000,79.319232,73.919580,3.000000
2026-06-24T05:15:59.471317754Z,1000,per_hit,raw_percent_of_host,api-node1,api-node2,31,24,55,10.101010,18.367347,10.101010,36.734694,100.000000,50.000000,3.000000,8.000000,0.000000,0.000000,3.000000,8.000000,176.500000,315.219512,77.445553,73.517218,3.000000
2026-06-24T05:16:00.471315686Z,1000,per_hit,raw_percent_of_host,api-node1,api-node2,32,24,56,16.666667,3.061224,16.666667,6.122449,100.000000,50.000000,2.000000,9.000000,0.000000,0.000000,2.000000,9.000000,168.363636,233.391304,76.922081,73.182891,3.000000
2026-06-24T05:16:01.471316141Z,1000,per_hit,raw_percent_of_host,api-node1,api-node2,24,33,57,11.000000,9.183673,11.000000,18.367347,100.000000,50.000000,2.000000,30.000000,0.000000,0.000000,2.000000,30.000000,161.666667,276.166667,77.638859,73.465541,3.000000
2026-06-24T05:16:02.471316068Z,1000,per_hit,raw_percent_of_host,api-node1,api-node2,28,30,58,11.000000,18.367347,11.000000,36.734694,100.000000,50.000000,2.000000,18.000000,0.000000,0.000000,2.000000,18.000000,165.214286,444.238095,77.198056,72.928389,3.000000
2026-06-24T05:16:03.471316619Z,1000,per_hit,raw_percent_of_host,api-node1,api-node2,35,24,59,5.050505,14.141414,5.050505,28.282828,100.000000,50.000000,3.000000,18.000000,0.000000,0.000000,3.000000,18.000000,191.676471,352.666667,77.274298,72.743230,3.000000
2026-06-24T05:16:04.471316513Z,1000,per_hit,raw_percent_of_host,api-node1,api-node2,34,26,60,0.000000,12.371134,0.000000,24.742268,100.000000,50.000000,3.000000,18.000000,0.000000,0.000000,3.000000,18.000000,227.294118,300.923077,77.431334,74.989949,3.000000
2026-06-24T05:16:05.471316532Z,1000,per_hit,raw_percent_of_host,api-node1,api-node2,31,30,61,11.458333,8.247423,11.458333,16.494845,100.000000,50.000000,4.000000,23.000000,0.000000,0.000000,4.000000,23.000000,163.100000,293.480000,77.778581,76.390305,3.000000
2026-06-24T05:16:06.47131673Z,1000,per_hit,raw_percent_of_host,api-node1,api-node2,37,25,62,10.526316,13.265306,10.526316,26.530612,100.000000,50.000000,5.000000,20.000000,0.000000,0.000000,5.000000,20.000000,175.666667,323.964286,77.126682,73.944603,3.000000
2026-06-24T05:16:07.471316279Z,1000,per_hit,raw_percent_of_host,api-node1,api-node2,30,32,62,17.708333,6.250000,17.708333,12.500000,100.000000,50.000000,0.000000,28.000000,0.000000,0.000000,0.000000,28.000000,185.685714,334.916667,76.584834,77.328065,3.000000
2026-06-24T05:16:08.471315953Z,1000,per_hit,raw_percent_of_host,api-node1,api-node2,31,34,65,8.000000,19.191919,8.000000,38.383838,100.000000,50.000000,4.000000,26.000000,0.000000,0.000000,4.000000,26.000000,185.777778,500.027778,78.526300,71.182426,3.000000
2026-06-24T05:16:09.471318585Z,1000,per_hit,raw_percent_of_host,api-node1,api-node2,34,30,64,16.842105,12.371134,16.842105,24.742268,100.000000,50.000000,1.000000,24.000000,0.000000,0.000000,1.000000,24.000000,223.891892,436.781250,77.799725,62.706725,3.000000
2026-06-24T05:16:10.47131576Z,1000,per_hit,raw_percent_of_host,api-node1,api-node2,37,28,65,11.000000,14.141414,11.000000,28.282828,100.000000,50.000000,3.000000,12.000000,0.000000,0.000000,3.000000,12.000000,258.714286,318.425000,78.305958,69.814284,3.000000
2026-06-24T05:16:11.471316257Z,1000,per_hit,raw_percent_of_host,api-node1,api-node2,37,29,66,10.526316,13.265306,10.526316,26.530612,100.000000,50.000000,3.000000,22.000000,0.000000,0.000000,3.000000,22.000000,191.486486,311.736842,77.412197,75.966370,3.000000
2026-06-24T05:16:12.471315979Z,1000,per_hit,raw_percent_of_host,api-node1,api-node2,37,30,67,10.526316,13.265306,10.526316,26.530612,100.000000,50.000000,5.000000,23.000000,0.000000,0.000000,5.000000,23.000000,213.171429,352.896552,78.087685,75.025460,3.000000
2026-06-24T05:16:13.471316304Z,1000,per_hit,raw_percent_of_host,api-node1,api-node2,32,36,68,10.526316,14.285714,10.526316,28.571429,100.000000,50.000000,4.000000,21.000000,0.000000,0.000000,4.000000,21.000000,256.272727,283.868421,77.730616,74.036836,3.000000
2026-06-24T05:16:14.471315927Z,1000,per_hit,raw_percent_of_host,api-node1,api-node2,33,35,68,10.526316,13.265306,10.526316,26.530612,100.000000,50.000000,1.000000,33.000000,0.000000,0.000000,1.000000,33.000000,172.083333,389.173913,77.339226,69.478262,3.000000
2026-06-24T05:16:15.471317069Z,1000,per_hit,raw_percent_of_host,api-node1,api-node2,39,30,69,6.000000,18.367347,6.000000,36.734694,100.000000,50.000000,6.000000,24.000000,0.000000,0.000000,6.000000,24.000000,238.441176,443.743590,78.837950,70.998928,3.000000
2026-06-24T05:16:16.471316813Z,1000,per_hit,raw_percent_of_host,api-node1,api-node2,36,34,70,15.625000,14.141414,15.625000,28.282828,100.000000,50.000000,3.000000,30.000000,0.000000,0.000000,3.000000,30.000000,217.589744,382.285714,76.981295,74.569583,3.000000
2026-06-24T05:16:17.471316691Z,1000,per_hit,raw_percent_of_host,api-node1,api-node2,45,24,69,6.185567,18.367347,6.185567,36.734694,100.000000,50.000000,9.000000,18.000000,0.000000,0.000000,9.000000,18.000000,241.256410,431.472222,77.664365,75.804431,3.000000
2026-06-24T05:16:18.471315808Z,1000,per_hit,raw_percent_of_host,api-node1,api-node2,34,38,72,10.526316,13.265306,10.526316,26.530612,100.000000,50.000000,3.000000,33.000000,0.000000,0.000000,3.000000,33.000000,265.425000,285.130435,74.730581,74.335661,3.000000
2026-06-24T05:16:19.4713162Z,1000,per_hit,raw_percent_of_host,api-node1,api-node2,38,33,71,5.050505,27.722772,5.050505,55.445545,100.000000,50.000000,2.000000,29.000000,0.000000,0.000000,2.000000,29.000000,255.564103,565.729730,78.923213,70.946203,3.000000
2026-06-24T05:16:20.471316015Z,1000,per_hit,raw_percent_of_host,api-node1,api-node2,43,28,71,15.789474,14.141414,15.789474,28.282828,100.000000,50.000000,6.000000,24.000000,0.000000,0.000000,6.000000,24.000000,267.820513,501.878788,77.417116,68.948987,3.000000
2026-06-24T05:16:21.471316539Z,1000,per_hit,raw_percent_of_host,api-node1,api-node2,43,29,72,51.923077,17.525773,51.923077,35.051546,100.000000,50.000000,11.000000,26.000000,0.000000,0.000000,11.000000,26.000000,267.368421,457.925926,75.378735,75.343556,3.000000
2026-06-24T05:16:22.47131686Z,1000,per_hit,raw_percent_of_host,api-node1,api-node2,40,33,73,20.833333,13.265306,20.833333,26.530612,100.000000,50.000000,8.000000,27.000000,0.000000,0.000000,8.000000,27.000000,276.953488,414.156250,75.779286,64.034700,3.000000
2026-06-24T05:16:23.471316311Z,1000,per_hit,raw_percent_of_host,api-node1,api-node2,40,33,73,6.250000,20.202020,6.250000,40.404040,100.000000,50.000000,6.000000,26.000000,0.000000,0.000000,6.000000,26.000000,260.642857,364.764706,77.303952,74.238807,3.000000
2026-06-24T05:16:24.471316357Z,1000,per_hit,raw_percent_of_host,api-node1,api-node2,41,32,73,8.510638,16.666667,8.510638,33.333333,100.000000,50.000000,21.000000,24.000000,0.000000,0.000000,21.000000,24.000000,199.769231,500.411765,76.622329,72.798476,3.000000
2026-06-24T05:16:25.471316535Z,1000,per_hit,raw_percent_of_host,api-node1,api-node2,38,36,74,12.371134,17.525773,12.371134,35.051546,100.000000,50.000000,4.000000,29.000000,0.000000,0.000000,4.000000,29.000000,288.781818,360.064516,78.211426,74.871035,3.000000
2026-06-24T05:16:26.471316529Z,1000,per_hit,raw_percent_of_host,api-node1,api-node2,45,29,74,15.789474,13.265306,15.789474,26.530612,100.000000,50.000000,25.000000,22.000000,0.000000,0.000000,25.000000,22.000000,204.791667,494.444444,77.123808,69.976060,3.000000
2026-06-24T05:16:27.471316323Z,1000,per_hit,raw_percent_of_host,api-node1,api-node2,40,34,74,17.346939,15.254237,17.346939,30.508475,100.000000,50.000000,10.000000,28.000000,0.000000,0.000000,10.000000,28.000000,325.254545,403.214286,76.034404,72.324636,3.000000
2026-06-24T05:16:28.471315878Z,1000,per_hit,raw_percent_of_host,api-node1,api-node2,33,42,75,15.789474,16.666667,15.789474,33.333333,100.000000,50.000000,4.000000,38.000000,0.000000,0.000000,4.000000,38.000000,239.692308,426.031250,74.764934,73.313556,3.000000
2026-06-24T05:16:29.471316558Z,1000,per_hit,raw_percent_of_host,api-node1,api-node2,36,39,75,11.458333,25.252525,11.458333,50.505051,100.000000,50.000000,4.000000,37.000000,0.000000,0.000000,4.000000,37.000000,220.805556,730.300000,76.856655,50.390951,3.000000
2026-06-24T05:16:30.4713167Z,1000,per_hit,raw_percent_of_host,api-node1,api-node2,44,31,75,20.833333,19.387755,20.833333,38.775510,100.000000,50.000000,8.000000,27.000000,0.000000,0.000000,8.000000,27.000000,205.125000,500.219512,75.842298,71.244088,3.000000
2026-06-24T05:16:31.471316029Z,1000,per_hit,raw_percent_of_host,api-node1,api-node2,47,28,75,20.833333,18.367347,20.833333,36.734694,100.000000,50.000000,19.000000,24.000000,0.000000,0.000000,19.000000,24.000000,236.444444,418.290323,75.806163,73.493985,3.000000
2026-06-24T05:16:32.471316737Z,1000,per_hit,raw_percent_of_host,api-node1,api-node2,33,42,75,10.416667,13.265306,10.416667,26.530612,100.000000,50.000000,3.000000,37.000000,0.000000,0.000000,3.000000,37.000000,264.448980,463.931034,76.680675,71.560756,3.000000
2026-06-24T05:16:33.471316293Z,1000,per_hit,raw_percent_of_host,api-node1,api-node2,43,32,75,10.416667,24.242424,10.416667,48.484848,100.000000,50.000000,8.000000,28.000000,0.000000,0.000000,8.000000,28.000000,262.078947,595.024390,76.184246,73.137826,3.000000
2026-06-24T05:16:34.471316414Z,1000,per_hit,raw_percent_of_host,api-node1,api-node2,32,43,75,10.416667,18.367347,10.416667,36.734694,100.000000,50.000000,3.000000,38.000000,0.000000,0.000000,3.000000,38.000000,228.324324,472.909091,76.715567,74.855832,3.000000
2026-06-24T05:16:35.471316332Z,1000,per_hit,raw_percent_of_host,api-node1,api-node2,37,33,70,12.371134,23.469388,12.371134,46.938776,100.000000,50.000000,2.000000,26.000000,0.000000,0.000000,2.000000,26.000000,203.078947,613.422222,77.539275,71.958789,3.000000
2026-06-24T05:16:36.47131744Z,1000,per_hit,raw_percent_of_host,api-node1,api-node2,37,41,78,25.252525,14.285714,25.252525,28.571429,100.000000,50.000000,4.000000,34.000000,0.000000,0.000000,4.000000,34.000000,204.885714,420.272727,75.259279,68.150461,3.000000
2026-06-24T05:16:37.47131587Z,1000,per_hit,raw_percent_of_host,api-node1,api-node2,41,34,75,11.458333,27.450980,11.458333,54.901961,100.000000,50.000000,8.000000,31.000000,0.000000,0.000000,8.000000,31.000000,269.810811,588.621622,78.256031,75.710586,3.000000
2026-06-24T05:16:38.471315666Z,1000,per_hit,raw_percent_of_host,api-node1,api-node2,45,29,74,30.851064,12.371134,30.851064,24.742268,100.000000,50.000000,11.000000,22.000000,0.000000,0.000000,11.000000,22.000000,249.619048,464.447368,75.833024,69.982884,3.000000
2026-06-24T05:16:39.471316433Z,1000,per_hit,raw_percent_of_host,api-node1,api-node2,41,32,73,15.625000,19.791667,15.625000,39.583333,100.000000,50.000000,5.000000,26.000000,0.000000,0.000000,5.000000,26.000000,240.127660,409.964286,76.735105,75.729968,3.000000
2026-06-24T05:16:40.471316477Z,1000,per_hit,raw_percent_of_host,api-node1,api-node2,38,36,74,0.000000,21.649485,0.000000,43.298969,100.000000,50.000000,6.000000,28.000000,0.000000,0.000000,6.000000,28.000000,236.270270,434.676471,77.589345,76.287432,3.000000
2026-06-24T05:16:41.471317037Z,1000,per_hit,raw_percent_of_host,api-node1,api-node2,38,36,74,15.789474,27.450980,15.789474,54.901961,100.000000,50.000000,5.000000,29.000000,0.000000,0.000000,5.000000,29.000000,223.076923,401.285714,77.348023,76.287138,3.000000
2026-06-24T05:16:42.471316065Z,1000,per_hit,raw_percent_of_host,api-node1,api-node2,37,37,74,15.789474,18.367347,15.789474,36.734694,100.000000,50.000000,4.000000,29.000000,0.000000,0.000000,4.000000,29.000000,211.842105,472.189189,76.743005,75.709923,3.000000
2026-06-24T05:16:43.471316394Z,1000,per_hit,raw_percent_of_host,api-node1,api-node2,38,35,73,21.649485,19.387755,21.649485,38.775510,100.000000,50.000000,7.000000,30.000000,0.000000,0.000000,7.000000,30.000000,219.742857,519.911765,75.909324,76.596120,3.000000
2026-06-24T05:16:44.471316894Z,1000,per_hit,raw_percent_of_host,api-node1,api-node2,36,34,70,18.947368,23.469388,18.947368,46.938776,100.000000,50.000000,15.000000,25.000000,0.000000,0.000000,15.000000,25.000000,163.357143,512.410256,75.522986,74.064373,3.000000
2026-06-24T05:16:45.471315969Z,1000,per_hit,raw_percent_of_host,api-node1,api-node2,34,42,76,20.000000,23.232323,20.000000,46.464646,100.000000,50.000000,1.000000,28.000000,0.000000,0.000000,1.000000,28.000000,261.333333,373.205128,75.083680,75.477120,3.000000
2026-06-24T05:16:46.471317552Z,1000,per_hit,raw_percent_of_host,api-node1,api-node2,36,36,72,15.151515,22.448980,15.151515,44.897959,100.000000,50.000000,2.000000,28.000000,0.000000,0.000000,2.000000,28.000000,219.657143,416.916667,77.723547,76.141261,3.000000
2026-06-24T05:16:47.471316944Z,1000,per_hit,raw_percent_of_host,api-node1,api-node2,44,28,72,28.125000,16.494845,28.125000,32.989691,100.000000,50.000000,7.000000,23.000000,0.000000,0.000000,7.000000,23.000000,193.794872,388.636364,76.572397,73.537075,3.000000
2026-06-24T05:16:48.471316332Z,1000,per_hit,raw_percent_of_host,api-node1,api-node2,37,34,71,37.113402,7.216495,37.113402,14.432990,100.000000,50.000000,3.000000,29.000000,0.000000,0.000000,3.000000,29.000000,201.000000,367.035714,76.688117,69.684849,3.000000
2026-06-24T05:16:49.47131606Z,1000,per_hit,raw_percent_of_host,api-node1,api-node2,38,33,71,10.526316,27.722772,10.526316,55.445545,100.000000,50.000000,5.000000,23.000000,0.000000,0.000000,5.000000,23.000000,222.666667,464.589744,78.106950,74.021232,3.000000
2026-06-24T05:16:50.471315968Z,1000,per_hit,raw_percent_of_host,api-node1,api-node2,40,29,69,37.894737,9.090909,37.894737,18.181818,100.000000,50.000000,1.000000,24.000000,0.000000,0.000000,1.000000,24.000000,214.750000,360.642857,76.476379,73.717139,3.000000
2026-06-24T05:16:51.471316268Z,1000,per_hit,raw_percent_of_host,api-node1,api-node2,29,40,69,16.000000,26.262626,16.000000,52.525253,100.000000,50.000000,0.000000,29.000000,0.000000,0.000000,0.000000,29.000000,178.600000,426.028571,77.334857,73.268889,3.000000
2026-06-24T05:16:52.471316779Z,1000,per_hit,raw_percent_of_host,api-node1,api-node2,33,36,69,16.000000,18.367347,16.000000,36.734694,100.000000,50.000000,2.000000,29.000000,0.000000,0.000000,2.000000,29.000000,225.451613,503.388889,77.641342,73.143077,3.000000
2026-06-24T05:16:53.471316866Z,1000,per_hit,raw_percent_of_host,api-node1,api-node2,35,33,68,21.000000,23.232323,21.000000,46.464646,100.000000,50.000000,1.000000,26.000000,0.000000,0.000000,1.000000,26.000000,180.694444,479.916667,75.303478,78.040677,3.000000
2026-06-24T05:16:54.471316694Z,1000,per_hit,raw_percent_of_host,api-node1,api-node2,37,30,67,24.242424,14.736842,24.242424,29.473684,100.000000,50.000000,4.000000,25.000000,0.000000,0.000000,4.000000,25.000000,181.705882,467.483871,77.461667,74.259679,3.000000
2026-06-24T05:16:55.47131639Z,1000,per_hit,raw_percent_of_host,api-node1,api-node2,27,38,65,22.680412,16.326531,22.680412,32.653061,100.000000,50.000000,1.000000,31.000000,0.000000,0.000000,1.000000,31.000000,155.933333,409.718750,76.127641,73.809336,3.000000
2026-06-24T05:16:56.471317034Z,1000,per_hit,raw_percent_of_host,api-node1,api-node2,35,32,67,32.653061,13.265306,32.653061,26.530612,100.000000,50.000000,1.000000,23.000000,0.000000,0.000000,1.000000,23.000000,223.228571,454.800000,76.885025,67.204658,3.000000
2026-06-24T05:16:57.471315858Z,1000,per_hit,raw_percent_of_host,api-node1,api-node2,31,34,65,11.111111,22.448980,11.111111,44.897959,100.000000,50.000000,0.000000,24.000000,0.000000,0.000000,0.000000,24.000000,207.437500,380.060606,78.021784,76.707853,3.000000
2026-06-24T05:16:58.471316628Z,1000,per_hit,raw_percent_of_host,api-node1,api-node2,36,28,64,25.000000,18.367347,25.000000,36.734694,100.000000,50.000000,0.000000,24.000000,0.000000,0.000000,0.000000,24.000000,184.500000,389.678571,76.124386,74.835968,3.000000
2026-06-24T05:16:59.471318029Z,1000,per_hit,raw_percent_of_host,api-node1,api-node2,34,29,63,19.000000,19.191919,19.000000,38.383838,100.000000,50.000000,1.000000,23.000000,0.000000,0.000000,1.000000,23.000000,205.757576,394.966667,76.558624,75.257160,3.000000
2026-06-24T05:17:00.471316015Z,1000,per_hit,raw_percent_of_host,api-node1,api-node2,39,23,62,23.469388,16.666667,23.469388,33.333333,100.000000,50.000000,3.000000,16.000000,0.000000,0.000000,3.000000,16.000000,199.891892,392.066667,74.921503,74.605421,3.000000
2026-06-24T05:17:01.471316738Z,1000,per_hit,raw_percent_of_host,api-node1,api-node2,32,29,61,15.789474,17.346939,15.789474,34.693878,100.000000,50.000000,1.000000,19.000000,0.000000,0.000000,1.000000,19.000000,191.588235,240.230769,77.271804,76.599286,3.000000
2026-06-24T05:17:02.471317207Z,1000,per_hit,raw_percent_of_host,api-node1,api-node2,30,30,60,25.510204,18.367347,25.510204,36.734694,100.000000,50.000000,1.000000,21.000000,0.000000,0.000000,1.000000,21.000000,157.133333,346.142857,77.145868,74.331639,3.000000
2026-06-24T05:17:03.471321074Z,1000,per_hit,raw_percent_of_host,api-node1,api-node2,32,27,59,14.141414,19.387755,14.141414,38.775510,100.000000,50.000000,2.000000,17.000000,0.000000,0.000000,2.000000,17.000000,151.129032,339.774194,77.107816,74.431565,3.000000
2026-06-24T05:17:04.471316902Z,1000,per_hit,raw_percent_of_host,api-node1,api-node2,32,26,58,25.252525,12.500000,25.252525,25.000000,100.000000,50.000000,1.000000,18.000000,0.000000,0.000000,1.000000,18.000000,144.060606,304.640000,77.002874,74.202833,3.000000
2026-06-24T05:17:05.471315915Z,1000,per_hit,raw_percent_of_host,api-node1,api-node2,32,24,56,16.000000,18.181818,16.000000,36.363636,100.000000,50.000000,2.000000,6.000000,0.000000,0.000000,2.000000,6.000000,194.387097,300.500000,77.575521,74.223909,3.000000
2026-06-24T05:17:06.471316074Z,1000,per_hit,raw_percent_of_host,api-node1,api-node2,27,29,56,17.708333,14.000000,17.708333,28.000000,100.000000,50.000000,2.000000,24.000000,0.000000,0.000000,2.000000,24.000000,134.333333,200.636364,77.147636,77.209145,3.000000
2026-06-24T05:17:07.471316626Z,1000,per_hit,raw_percent_of_host,api-node1,api-node2,29,26,55,23.157895,16.494845,23.157895,32.989691,100.000000,50.000000,2.000000,16.000000,0.000000,0.000000,2.000000,16.000000,132.344828,407.205882,76.398990,72.550205,3.000000
2026-06-24T05:17:08.471317121Z,1000,per_hit,raw_percent_of_host,api-node1,api-node2,29,25,54,22.000000,11.224490,22.000000,22.448980,100.000000,50.000000,1.000000,15.000000,0.000000,0.000000,1.000000,15.000000,145.366667,302.576923,76.898112,75.390434,3.000000
2026-06-24T05:17:09.471316074Z,1000,per_hit,raw_percent_of_host,api-node1,api-node2,26,27,53,21.000000,17.346939,21.000000,34.693878,100.000000,50.000000,1.000000,10.000000,0.000000,0.000000,1.000000,10.000000,118.307692,279.500000,76.645274,76.006167,3.000000
2026-06-24T05:17:10.471317054Z,1000,per_hit,raw_percent_of_host,api-node1,api-node2,26,26,52,20.202020,14.141414,20.202020,28.282828,100.000000,50.000000,1.000000,21.000000,0.000000,0.000000,1.000000,21.000000,114.576923,236.466667,76.087224,75.234255,3.000000
2026-06-24T05:17:11.471316058Z,1000,per_hit,raw_percent_of_host,api-node1,api-node2,24,27,51,11.000000,16.494845,11.000000,32.989691,100.000000,50.000000,1.000000,15.000000,0.000000,0.000000,1.000000,15.000000,127.333333,312.757576,77.467140,75.071447,3.000000
2026-06-24T05:17:12.471316786Z,1000,per_hit,raw_percent_of_host,api-node1,api-node2,22,28,50,19.191919,14.141414,19.191919,28.282828,100.000000,50.000000,1.000000,21.000000,0.000000,0.000000,1.000000,21.000000,115.954545,264.772727,76.583014,74.972829,3.000000
2026-06-24T05:17:13.471315923Z,1000,per_hit,raw_percent_of_host,api-node1,api-node2,28,21,49,20.202020,13.265306,20.202020,26.530612,100.000000,50.000000,1.000000,8.000000,0.000000,0.000000,1.000000,8.000000,146.607143,299.852941,76.922994,73.209725,3.000000
2026-06-24T05:17:14.471316147Z,1000,per_hit,raw_percent_of_host,api-node1,api-node2,27,21,48,19.191919,16.326531,19.191919,32.653061,100.000000,50.000000,0.000000,4.000000,0.000000,0.000000,0.000000,4.000000,157.392857,200.440000,76.874844,74.805924,3.000000
2026-06-24T05:17:15.471316382Z,1000,per_hit,raw_percent_of_host,api-node1,api-node2,25,22,47,10.101010,18.367347,10.101010,36.734694,100.000000,50.000000,0.000000,3.000000,0.000000,0.000000,0.000000,3.000000,165.640000,159.304348,77.021596,75.501117,3.000000
2026-06-24T05:17:16.471316961Z,1000,per_hit,raw_percent_of_host,api-node1,api-node2,20,26,46,10.000000,13.402062,10.000000,26.804124,100.000000,50.000000,1.000000,13.000000,0.000000,0.000000,1.000000,13.000000,169.000000,120.687500,76.867854,74.782138,3.000000
2026-06-24T05:17:17.471316721Z,1000,per_hit,raw_percent_of_host,api-node1,api-node2,23,21,44,15.151515,14.285714,15.151515,28.571429,100.000000,50.000000,0.000000,5.000000,0.000000,0.000000,0.000000,5.000000,106.333333,236.724138,77.800894,75.535196,3.000000
2026-06-24T05:17:18.471315863Z,1000,per_hit,raw_percent_of_host,api-node1,api-node2,20,23,43,24.242424,8.163265,24.242424,16.326531,100.000000,50.000000,1.000000,12.000000,0.000000,0.000000,1.000000,12.000000,96.157895,158.312500,75.926199,74.904632,3.000000
2026-06-24T05:17:19.471317438Z,1000,per_hit,raw_percent_of_host,api-node1,api-node2,21,21,42,28.571429,8.163265,28.571429,16.326531,100.000000,50.000000,0.000000,4.000000,0.000000,0.000000,0.000000,4.000000,85.818182,255.551724,75.820549,75.613779,3.000000
2026-06-24T05:17:20.471315823Z,1000,per_hit,raw_percent_of_host,api-node1,api-node2,16,25,41,5.050505,16.666667,5.050505,33.333333,100.000000,50.000000,2.000000,8.000000,0.000000,0.000000,2.000000,8.000000,78.785714,147.904762,78.298052,74.920891,3.000000
2026-06-24T05:17:21.471316183Z,1000,per_hit,raw_percent_of_host,api-node1,api-node2,15,24,39,8.333333,16.161616,8.333333,32.323232,100.000000,50.000000,1.000000,12.000000,0.000000,0.000000,1.000000,12.000000,80.750000,218.450000,78.484987,74.889184,3.000000
2026-06-24T05:17:22.471318363Z,1000,per_hit,raw_percent_of_host,api-node1,api-node2,14,25,39,16.831683,17.525773,16.831683,35.051546,100.000000,50.000000,1.000000,14.000000,0.000000,0.000000,1.000000,14.000000,73.642857,259.043478,77.405472,72.818848,3.000000
2026-06-24T05:17:23.471316485Z,1000,per_hit,raw_percent_of_host,api-node1,api-node2,23,15,38,24.489796,14.285714,24.489796,28.571429,100.000000,50.000000,1.000000,1.000000,0.000000,0.000000,1.000000,1.000000,104.391304,236.857143,75.544224,73.177669,3.000000
2026-06-24T05:17:24.471315218Z,1000,per_hit,raw_percent_of_host,api-node1,api-node2,17,20,37,22.000000,13.131313,22.000000,26.262626,100.000000,50.000000,1.000000,3.000000,0.000000,0.000000,1.000000,3.000000,83.411765,201.611111,76.567647,75.623595,3.000000
2026-06-24T05:17:25.471316037Z,1000,per_hit,raw_percent_of_host,api-node1,api-node2,20,15,35,11.111111,18.000000,11.111111,36.000000,100.000000,50.000000,2.000000,0.000000,0.000000,0.000000,2.000000,0.000000,94.526316,154.333333,77.639178,76.821226,3.000000
2026-06-24T05:17:26.471320127Z,1000,per_hit,raw_percent_of_host,api-node1,api-node2,17,17,34,29.473684,5.050505,29.473684,10.101010,100.000000,50.000000,0.000000,2.000000,0.000000,0.000000,0.000000,2.000000,77.421053,160.266667,76.954210,76.317877,3.000000
2026-06-24T05:17:27.471315327Z,1000,per_hit,raw_percent_of_host,api-node1,api-node2,18,15,33,21.000000,15.151515,21.000000,30.303030,100.000000,50.000000,2.000000,0.000000,0.000000,0.000000,2.000000,0.000000,86.750000,118.705882,75.790530,76.697074,3.000000
2026-06-24T05:17:28.471317968Z,1000,per_hit,raw_percent_of_host,api-node1,api-node2,21,11,32,22.105263,11.111111,22.105263,22.222222,100.000000,50.000000,0.000000,2.000000,0.000000,0.000000,0.000000,2.000000,114.304348,60.777778,76.007976,76.333833,3.000000
2026-06-24T05:17:29.471315225Z,1000,per_hit,raw_percent_of_host,api-node1,api-node2,17,14,31,19.191919,12.371134,19.191919,24.742268,100.000000,50.000000,1.000000,1.000000,0.000000,0.000000,1.000000,1.000000,82.250000,110.933333,76.801443,75.622229,3.000000
2026-06-24T05:17:30.471323241Z,1000,per_hit,raw_percent_of_host,api-node1,api-node2,8,21,29,5.050505,24.000000,5.050505,48.000000,100.000000,50.000000,2.000000,3.000000,0.000000,0.000000,2.000000,3.000000,57.285714,155.368421,78.698551,76.896596,3.000000
2026-06-24T05:17:31.471316157Z,1000,per_hit,raw_percent_of_host,api-node1,api-node2,15,14,29,22.916667,8.080808,22.916667,16.161616,100.000000,50.000000,1.000000,1.000000,0.000000,0.000000,1.000000,1.000000,68.375000,175.562500,76.613101,75.334719,3.000000
2026-06-24T05:17:32.471318454Z,1000,per_hit,raw_percent_of_host,api-node1,api-node2,14,14,28,14.141414,12.000000,14.141414,24.000000,100.000000,50.000000,0.000000,2.000000,0.000000,0.000000,0.000000,2.000000,84.733333,123.692308,77.464653,74.452906,3.000000
2026-06-24T05:17:33.471315349Z,1000,per_hit,raw_percent_of_host,api-node1,api-node2,14,13,27,22.448980,7.070707,22.448980,14.141414,100.000000,50.000000,1.000000,1.000000,0.000000,0.000000,1.000000,1.000000,82.000000,138.000000,76.121953,76.954023,3.000000
2026-06-24T05:17:34.471318205Z,1000,per_hit,raw_percent_of_host,api-node1,api-node2,18,8,26,19.191919,7.070707,19.191919,14.141414,100.000000,50.000000,1.000000,1.000000,0.000000,0.000000,1.000000,1.000000,80.833333,102.250000,76.409776,74.893500,3.000000
2026-06-24T05:17:35.471317728Z,1000,per_hit,raw_percent_of_host,api-node1,api-node2,12,13,25,15.151515,14.000000,15.151515,28.000000,100.000000,50.000000,1.000000,1.000000,0.000000,0.000000,1.000000,1.000000,82.000000,109.384615,77.516154,74.645651,3.000000
2026-06-24T05:17:36.47131531Z,1000,per_hit,raw_percent_of_host,api-node1,api-node2,11,13,24,5.050505,18.811881,5.050505,37.623762,100.000000,50.000000,2.000000,0.000000,0.000000,0.000000,2.000000,0.000000,82.000000,104.500000,78.063378,76.289273,3.000000
2026-06-24T05:17:37.471316469Z,1000,per_hit,raw_percent_of_host,api-node1,api-node2,10,13,23,16.000000,15.151515,16.000000,30.303030,100.000000,50.000000,1.000000,1.000000,0.000000,0.000000,1.000000,1.000000,56.272727,116.083333,77.745881,75.386648,3.000000
2026-06-24T05:17:38.471318042Z,1000,per_hit,raw_percent_of_host,api-node1,api-node2,11,11,22,10.101010,18.181818,10.101010,36.363636,100.000000,50.000000,2.000000,0.000000,0.000000,0.000000,2.000000,0.000000,56.100000,97.333333,77.981055,77.619309,3.000000
2026-06-24T05:17:39.4713187Z,1000,per_hit,raw_percent_of_host,api-node1,api-node2,10,11,21,16.000000,7.000000,16.000000,14.000000,100.000000,50.000000,1.000000,1.000000,0.000000,0.000000,1.000000,1.000000,54.000000,117.500000,77.953472,74.819458,3.000000
2026-06-24T05:17:40.471318621Z,1000,per_hit,raw_percent_of_host,api-node1,api-node2,9,11,20,20.408163,4.000000,20.408163,8.000000,100.000000,50.000000,0.000000,2.000000,0.000000,0.000000,0.000000,2.000000,51.900000,119.400000,76.750268,78.492928,3.000000
2026-06-24T05:17:41.471317915Z,1000,per_hit,raw_percent_of_host,api-node1,api-node2,7,13,20,5.050505,17.000000,5.050505,34.000000,100.000000,50.000000,2.000000,0.000000,0.000000,0.000000,2.000000,0.000000,50.000000,102.200000,78.016021,76.897737,3.000000
2026-06-24T05:17:42.471315811Z,1000,per_hit,raw_percent_of_host,api-node1,api-node2,10,9,19,21.000000,5.000000,21.000000,10.000000,100.000000,50.000000,1.000000,1.000000,0.000000,0.000000,1.000000,1.000000,51.636364,114.375000,76.650944,76.161395,3.000000
2026-06-24T05:17:43.471317383Z,1000,per_hit,raw_percent_of_host,api-node1,api-node2,11,7,18,20.202020,6.060606,20.202020,12.121212,100.000000,50.000000,2.000000,0.000000,0.000000,0.000000,2.000000,0.000000,60.200000,84.625000,76.368266,78.024512,3.000000
2026-06-24T05:17:44.471317739Z,1000,per_hit,raw_percent_of_host,api-node1,api-node2,6,11,17,11.000000,6.060606,11.000000,12.121212,100.000000,50.000000,1.000000,1.000000,0.000000,0.000000,1.000000,1.000000,51.857143,130.300000,78.082835,74.648746,3.000000
2026-06-24T05:17:45.471315694Z,1000,per_hit,raw_percent_of_host,api-node1,api-node2,11,6,17,23.232323,8.000000,23.232323,16.000000,100.000000,50.000000,2.000000,0.000000,0.000000,0.000000,2.000000,0.000000,53.900000,99.571429,76.505589,76.680501,3.000000
2026-06-24T05:17:46.471317055Z,1000,per_hit,raw_percent_of_host,api-node1,api-node2,8,8,16,1.000000,17.171717,1.000000,34.343434,100.000000,50.000000,2.000000,0.000000,0.000000,0.000000,2.000000,0.000000,61.125000,76.875000,80.313786,75.659356,3.000000
2026-06-24T05:17:47.471316935Z,1000,per_hit,raw_percent_of_host,api-node1,api-node2,7,8,15,11.000000,5.050505,11.000000,10.101010,100.000000,50.000000,1.000000,1.000000,0.000000,0.000000,1.000000,1.000000,53.625000,105.285714,78.289925,76.778822,3.000000
2026-06-24T05:17:48.471319081Z,1000,per_hit,raw_percent_of_host,api-node1,api-node2,8,6,14,17.000000,6.060606,17.000000,12.121212,100.000000,50.000000,0.000000,1.000000,0.000000,0.000000,0.000000,1.000000,51.555556,63.000000,77.304909,78.338945,3.000000
2026-06-24T05:17:49.471315409Z,1000,per_hit,raw_percent_of_host,api-node1,api-node2,9,6,15,16.326531,5.050505,16.326531,10.101010,100.000000,50.000000,1.000000,1.000000,0.000000,0.000000,1.000000,1.000000,61.875000,61.833333,75.688165,78.991826,3.000000
2026-06-24T05:17:50.471315432Z,1000,per_hit,raw_percent_of_host,api-node1,api-node2,7,5,12,12.000000,9.090909,12.000000,18.181818,100.000000,50.000000,0.000000,0.000000,0.000000,0.000000,0.000000,0.000000,54.375000,78.500000,77.226990,75.349946,3.000000
2026-06-24T05:17:51.47131536Z,1000,per_hit,raw_percent_of_host,api-node1,api-node2,4,11,15,4.000000,11.881188,4.000000,23.762376,100.000000,50.000000,0.000000,2.000000,0.000000,0.000000,0.000000,2.000000,50.000000,101.444444,78.901400,73.735659,3.000000
2026-06-24T05:17:52.471315917Z,1000,per_hit,raw_percent_of_host,api-node1,api-node2,4,7,11,5.050505,7.142857,5.050505,14.285714,100.000000,50.000000,0.000000,0.000000,0.000000,0.000000,0.000000,0.000000,50.000000,66.666667,78.748121,77.987779,3.000000
2026-06-24T05:17:53.47131652Z,1000,per_hit,raw_percent_of_host,api-node1,api-node2,8,4,12,7.070707,11.000000,7.070707,22.000000,100.000000,50.000000,0.000000,0.000000,0.000000,0.000000,0.000000,0.000000,58.375000,63.750000,78.586229,76.837302,3.000000
2026-06-24T05:17:54.47131892Z,1000,per_hit,raw_percent_of_host,api-node1,api-node2,6,6,12,16.000000,5.050505,16.000000,10.101010,100.000000,50.000000,0.000000,0.000000,0.000000,0.000000,0.000000,0.000000,50.000000,79.500000,77.849649,77.781254,3.000000
2026-06-24T05:17:55.471315135Z,1000,per_hit,raw_percent_of_host,api-node1,api-node2,10,3,13,21.212121,1.010101,21.212121,2.020202,100.000000,50.000000,1.000000,1.000000,0.000000,0.000000,1.000000,1.000000,50.000000,66.000000,77.245225,78.537782,3.000000
2026-06-24T05:17:56.471315856Z,1000,per_hit,raw_percent_of_host,api-node1,api-node2,2,9,11,10.101010,4.040404,10.101010,8.080808,100.000000,50.000000,0.000000,2.000000,0.000000,0.000000,0.000000,2.000000,50.000000,99.875000,78.046793,77.150769,3.000000
2026-06-24T05:17:57.471315505Z,1000,per_hit,raw_percent_of_host,api-node1,api-node2,5,4,9,11.881188,2.040816,11.881188,4.081633,100.000000,50.000000,0.000000,0.000000,0.000000,0.000000,0.000000,0.000000,50.000000,77.666667,80.749051,79.684906,3.000000
2026-06-24T05:17:58.471316429Z,1000,per_hit,raw_percent_of_host,api-node1,api-node2,9,2,11,20.000000,0.000000,20.000000,0.000000,100.000000,50.000000,0.000000,0.000000,0.000000,0.000000,0.000000,0.000000,54.222222,50.000000,77.339232,80.057216,3.000000
2026-06-24T05:17:59.471316434Z,1000,per_hit,raw_percent_of_host,api-node1,api-node2,5,5,10,15.306122,1.000000,15.306122,2.000000,100.000000,50.000000,0.000000,0.000000,0.000000,0.000000,0.000000,0.000000,50.000000,53.800000,77.382906,81.231955,3.000000
2026-06-24T05:18:00.47131554Z,1000,per_hit,raw_percent_of_host,api-node1,api-node2,7,6,13,11.000000,5.000000,11.000000,10.000000,100.000000,50.000000,2.000000,0.000000,0.000000,0.000000,2.000000,0.000000,50.000000,85.500000,80.593566,77.190200,3.000000
2026-06-24T05:18:01.471315595Z,1000,per_hit,raw_percent_of_host,api-node1,api-node2,5,5,10,6.060606,5.050505,6.060606,10.101010,100.000000,50.000000,0.000000,2.000000,0.000000,0.000000,0.000000,2.000000,50.000000,51.000000,78.752128,78.019211,3.000000
2026-06-24T05:18:02.471316097Z,1000,per_hit,raw_percent_of_host,api-node1,api-node2,6,4,10,5.050505,7.070707,5.050505,14.141414,100.000000,50.000000,0.000000,2.000000,0.000000,0.000000,0.000000,2.000000,63.666667,56.250000,78.829712,76.915857,3.000000
2026-06-24T05:18:03.471316302Z,1000,per_hit,raw_percent_of_host,api-node1,api-node2,5,5,10,1.000000,12.121212,1.000000,24.242424,100.000000,50.000000,1.000000,1.000000,0.000000,0.000000,1.000000,1.000000,50.000000,56.166667,80.644964,75.823329,3.000000
2026-06-24T05:18:04.47131878Z,1000,per_hit,raw_percent_of_host,api-node1,api-node2,6,4,10,0.000000,10.000000,0.000000,20.000000,100.000000,50.000000,1.000000,1.000000,0.000000,0.000000,1.000000,1.000000,50.000000,50.000000,81.840152,76.950511,3.000000
2026-06-24T05:18:05.47132699Z,1000,per_hit,raw_percent_of_host,api-node1,api-node2,7,3,10,11.000000,2.020202,11.000000,4.040404,100.000000,50.000000,1.000000,1.000000,0.000000,0.000000,1.000000,1.000000,50.714286,59.000000,78.827980,79.053649,3.000000
2026-06-24T05:18:06.471315382Z,1000,per_hit,raw_percent_of_host,api-node1,api-node2,5,5,10,1.000000,8.080808,1.000000,16.161616,100.000000,50.000000,1.000000,1.000000,0.000000,0.000000,1.000000,1.000000,50.000000,58.200000,80.604916,77.561113,3.000000
2026-06-24T05:18:07.471316191Z,1000,per_hit,raw_percent_of_host,api-node1,api-node2,7,3,10,5.050505,4.040404,5.050505,8.080808,100.000000,50.000000,1.000000,1.000000,0.000000,0.000000,1.000000,1.000000,50.000000,60.333333,78.357038,77.504112,3.000000
2026-06-24T05:18:08.471318078Z,1000,per_hit,raw_percent_of_host,api-node1,api-node2,7,4,11,6.060606,1.010101,6.060606,2.020202,100.000000,50.000000,1.000000,1.000000,0.000000,0.000000,1.000000,1.000000,50.000000,68.500000,78.863729,79.960760,3.000000
2026-06-24T05:18:09.471315121Z,1000,per_hit,raw_percent_of_host,api-node1,api-node2,8,3,11,10.204082,1.000000,10.204082,2.000000,100.000000,50.000000,1.000000,1.000000,0.000000,0.000000,1.000000,1.000000,50.000000,60.333333,78.531204,80.891369,3.000000
2026-06-24T05:18:10.471316733Z,1000,per_hit,raw_percent_of_host,api-node1,api-node2,6,5,11,10.101010,3.000000,10.101010,6.000000,100.000000,50.000000,1.000000,1.000000,0.000000,0.000000,1.000000,1.000000,50.166667,65.400000,78.366769,78.389889,3.000000
2026-06-24T05:18:11.471315279Z,1000,per_hit,raw_percent_of_host,api-node1,api-node2,4,7,11,2.000000,8.080808,2.000000,16.161616,100.000000,50.000000,1.000000,1.000000,0.000000,0.000000,1.000000,1.000000,50.000000,77.000000,80.607895,77.856403,3.000000
2026-06-24T05:18:12.471316132Z,1000,per_hit,raw_percent_of_host,api-node1,api-node2,5,7,12,10.101010,3.000000,10.101010,6.000000,100.000000,50.000000,1.000000,1.000000,0.000000,0.000000,1.000000,1.000000,50.000000,77.285714,78.762901,78.467244,3.000000
2026-06-24T05:18:13.47131537Z,1000,per_hit,raw_percent_of_host,api-node1,api-node2,6,6,12,6.000000,6.060606,6.000000,12.121212,100.000000,50.000000,1.000000,1.000000,0.000000,0.000000,1.000000,1.000000,50.000000,81.166667,78.999836,76.301617,3.000000
2026-06-24T05:18:14.471316771Z,1000,per_hit,raw_percent_of_host,api-node1,api-node2,8,5,13,5.050505,5.050505,5.050505,10.101010,100.000000,50.000000,2.000000,0.000000,0.000000,0.000000,2.000000,0.000000,50.000000,55.500000,78.796034,78.088913,3.000000
2026-06-24T05:18:15.471316777Z,1000,per_hit,raw_percent_of_host,api-node1,api-node2,8,5,13,5.050505,4.000000,5.050505,8.000000,100.000000,50.000000,2.000000,0.000000,0.000000,0.000000,2.000000,0.000000,56.125000,80.800000,79.108373,77.255393,3.000000
2026-06-24T05:18:16.471318252Z,1000,per_hit,raw_percent_of_host,api-node1,api-node2,5,8,13,0.000000,8.080808,0.000000,16.161616,100.000000,50.000000,1.000000,1.000000,0.000000,0.000000,1.000000,1.000000,52.000000,60.000000,81.732070,76.609356,3.000000
2026-06-24T05:18:17.471315656Z,1000,per_hit,raw_percent_of_host,api-node1,api-node2,6,8,14,6.930693,6.000000,6.930693,12.000000,100.000000,50.000000,0.000000,3.000000,0.000000,0.000000,0.000000,3.000000,51.714286,62.333333,78.884432,78.469459,3.000000
2026-06-24T05:18:18.471317225Z,1000,per_hit,raw_percent_of_host,api-node1,api-node2,6,9,15,10.101010,2.061856,10.101010,4.123711,100.000000,50.000000,2.000000,3.000000,0.000000,0.000000,2.000000,3.000000,52.750000,120.333333,78.281017,77.977891,3.000000
2026-06-24T05:18:19.471317539Z,1000,per_hit,raw_percent_of_host,api-node1,api-node2,7,8,15,1.000000,10.000000,1.000000,20.000000,100.000000,50.000000,0.000000,2.000000,0.000000,0.000000,0.000000,2.000000,58.444444,78.666667,81.348739,76.470744,3.000000
2026-06-24T05:18:20.471315639Z,1000,per_hit,raw_percent_of_host,api-node1,api-node2,4,12,16,5.050505,6.122449,5.050505,12.244898,100.000000,50.000000,0.000000,8.000000,0.000000,0.000000,0.000000,8.000000,50.000000,50.166667,78.656628,78.654929,3.000000
2026-06-24T05:18:21.471315476Z,1000,per_hit,raw_percent_of_host,api-node1,api-node2,9,7,16,6.000000,8.247423,6.000000,16.494845,100.000000,50.000000,2.000000,3.000000,0.000000,0.000000,2.000000,3.000000,60.571429,118.916667,78.993249,76.069341,3.000000
2026-06-24T05:18:22.471315959Z,1000,per_hit,raw_percent_of_host,api-node1,api-node2,11,6,17,11.458333,1.010101,11.458333,2.020202,100.000000,50.000000,1.000000,4.000000,0.000000,0.000000,1.000000,4.000000,56.666667,94.400000,78.456277,80.217777,3.000000
2026-06-24T05:18:23.471315301Z,1000,per_hit,raw_percent_of_host,api-node1,api-node2,11,7,18,13.000000,6.000000,13.000000,12.000000,100.000000,50.000000,1.000000,4.000000,0.000000,0.000000,1.000000,4.000000,57.090909,113.285714,78.283540,73.862972,3.000000
2026-06-24T05:18:24.471316611Z,1000,per_hit,raw_percent_of_host,api-node1,api-node2,6,11,17,5.050505,8.080808,5.050505,16.161616,100.000000,50.000000,3.000000,5.000000,0.000000,0.000000,3.000000,5.000000,50.750000,103.700000,79.128255,73.869210,3.000000
2026-06-24T05:18:25.471315393Z,1000,per_hit,raw_percent_of_host,api-node1,api-node2,12,9,21,6.060606,8.333333,6.060606,16.666667,100.000000,50.000000,2.000000,4.000000,0.000000,0.000000,2.000000,4.000000,60.692308,111.500000,78.433966,76.924014,3.000000
2026-06-24T05:18:26.471315125Z,1000,per_hit,raw_percent_of_host,api-node1,api-node2,9,11,20,5.263158,7.070707,5.263158,14.141414,100.000000,50.000000,1.000000,6.000000,0.000000,0.000000,1.000000,6.000000,65.100000,90.777778,79.097783,77.299969,3.000000
2026-06-24T05:18:27.47131525Z,1000,per_hit,raw_percent_of_host,api-node1,api-node2,10,11,21,5.208333,8.163265,5.208333,16.326531,100.000000,50.000000,2.000000,5.000000,0.000000,0.000000,2.000000,5.000000,59.777778,124.500000,79.018546,73.770050,3.000000
2026-06-24T05:18:28.471316994Z,1000,per_hit,raw_percent_of_host,api-node1,api-node2,12,8,20,5.208333,0.000000,5.208333,0.000000,100.000000,50.000000,5.000000,6.000000,0.000000,0.000000,5.000000,6.000000,56.888889,87.714286,79.177259,82.399229,3.000000
2026-06-24T05:18:29.471318099Z,1000,per_hit,raw_percent_of_host,api-node1,api-node2,10,15,25,11.458333,9.090909,11.458333,18.181818,100.000000,50.000000,1.000000,8.000000,0.000000,0.000000,1.000000,8.000000,92.357143,104.846154,77.355141,74.584564,3.000000
2026-06-24T05:18:30.471317581Z,1000,per_hit,raw_percent_of_host,api-node1,api-node2,14,10,24,5.208333,12.244898,5.208333,24.489796,100.000000,50.000000,3.000000,7.000000,0.000000,0.000000,3.000000,7.000000,72.583333,135.363636,78.525982,75.235159,3.000000
2026-06-24T05:18:31.471317523Z,1000,per_hit,raw_percent_of_host,api-node1,api-node2,14,11,25,5.263158,7.216495,5.263158,14.432990,100.000000,50.000000,5.000000,8.000000,0.000000,0.000000,5.000000,8.000000,73.333333,138.000000,78.867092,76.559132,3.000000
2026-06-24T05:18:32.471317155Z,1000,per_hit,raw_percent_of_host,api-node1,api-node2,16,10,26,11.458333,6.250000,11.458333,12.500000,100.000000,50.000000,5.000000,9.000000,0.000000,0.000000,5.000000,9.000000,81.812500,152.222222,78.097290,75.529865,3.000000
2026-06-24T05:18:33.471317208Z,1000,per_hit,raw_percent_of_host,api-node1,api-node2,11,16,27,5.208333,7.291667,5.208333,14.583333,100.000000,50.000000,5.000000,11.000000,0.000000,0.000000,5.000000,11.000000,79.181818,131.571429,79.064531,76.658372,3.000000
2026-06-24T05:18:34.471315896Z,1000,per_hit,raw_percent_of_host,api-node1,api-node2,14,14,28,0.000000,11.224490,0.000000,22.448980,100.000000,50.000000,3.000000,11.000000,0.000000,0.000000,3.000000,11.000000,79.875000,175.928571,81.772006,76.413511,3.000000
2026-06-24T05:18:35.471318429Z,1000,per_hit,raw_percent_of_host,api-node1,api-node2,13,16,29,10.526316,7.216495,10.526316,14.432990,100.000000,50.000000,3.000000,13.000000,0.000000,0.000000,3.000000,13.000000,68.538462,156.571429,78.546806,75.919595,3.000000
2026-06-24T05:18:36.471315277Z,1000,per_hit,raw_percent_of_host,api-node1,api-node2,14,16,30,1.041667,13.114754,1.041667,26.229508,100.000000,50.000000,6.000000,12.000000,0.000000,0.000000,6.000000,12.000000,80.454545,221.058824,81.685227,73.930769,3.000000
2026-06-24T05:18:37.471315621Z,1000,per_hit,raw_percent_of_host,api-node1,api-node2,17,14,31,10.526316,7.216495,10.526316,14.432990,100.000000,50.000000,5.000000,13.000000,0.000000,0.000000,5.000000,13.000000,77.055556,188.230769,78.457862,76.046346,3.000000
2026-06-24T05:18:38.47131503Z,1000,per_hit,raw_percent_of_host,api-node1,api-node2,18,14,32,6.185567,11.458333,6.185567,22.916667,100.000000,50.000000,10.000000,10.000000,0.000000,0.000000,10.000000,10.000000,73.846154,194.941176,79.044708,74.027794,3.000000
2026-06-24T05:18:39.471315726Z,1000,per_hit,raw_percent_of_host,api-node1,api-node2,17,16,33,7.142857,12.244898,7.142857,24.489796,100.000000,50.000000,15.000000,9.000000,0.000000,0.000000,15.000000,9.000000,100.000000,173.882353,78.411029,70.295890,3.000000
2026-06-24T05:18:40.471316484Z,1000,per_hit,raw_percent_of_host,api-node1,api-node2,16,18,34,11.458333,12.244898,11.458333,24.489796,100.000000,50.000000,10.000000,12.000000,0.000000,0.000000,10.000000,12.000000,106.285714,147.000000,76.162987,75.360592,3.000000
2026-06-24T05:18:41.471315474Z,1000,per_hit,raw_percent_of_host,api-node1,api-node2,16,19,35,10.526316,15.463918,10.526316,30.927835,100.000000,50.000000,7.000000,14.000000,0.000000,0.000000,7.000000,14.000000,113.210526,190.294118,77.321565,71.772955,3.000000
2026-06-24T05:18:42.471317227Z,1000,per_hit,raw_percent_of_host,api-node1,api-node2,16,20,36,10.526316,11.224490,10.526316,22.448980,100.000000,50.000000,9.000000,16.000000,0.000000,0.000000,9.000000,16.000000,74.642857,166.055556,78.507302,75.302083,3.000000
2026-06-24T05:18:43.471315756Z,1000,per_hit,raw_percent_of_host,api-node1,api-node2,20,17,37,2.061856,23.000000,2.061856,46.000000,100.000000,50.000000,17.000000,10.000000,0.000000,0.000000,17.000000,10.000000,83.250000,260.217391,81.129310,73.885058,3.000000
2026-06-24T05:18:44.471315482Z,1000,per_hit,raw_percent_of_host,api-node1,api-node2,25,14,39,11.458333,12.121212,11.458333,24.242424,100.000000,50.000000,16.000000,10.000000,0.000000,0.000000,16.000000,10.000000,160.115385,160.857143,76.375778,75.907695,3.000000
2026-06-24T05:18:45.471315866Z,1000,per_hit,raw_percent_of_host,api-node1,api-node2,21,19,40,24.210526,16.494845,24.210526,32.989691,100.000000,50.000000,15.000000,14.000000,0.000000,0.000000,15.000000,14.000000,137.954545,157.600000,74.429310,76.626373,3.000000
2026-06-24T05:18:46.471316852Z,1000,per_hit,raw_percent_of_host,api-node1,api-node2,17,23,40,15.789474,16.494845,15.789474,32.989691,100.000000,50.000000,10.000000,19.000000,0.000000,0.000000,10.000000,19.000000,115.409091,273.722222,77.376008,73.393738,3.000000
2026-06-24T05:18:47.47131567Z,1000,per_hit,raw_percent_of_host,api-node1,api-node2,20,23,43,15.789474,17.525773,15.789474,35.051546,100.000000,50.000000,9.000000,20.000000,0.000000,0.000000,9.000000,20.000000,91.000000,338.545455,77.615254,74.004604,3.000000
2026-06-24T05:18:48.47131695Z,1000,per_hit,raw_percent_of_host,api-node1,api-node2,27,16,43,15.789474,15.000000,15.789474,30.000000,100.000000,50.000000,18.000000,13.000000,0.000000,0.000000,18.000000,13.000000,87.222222,296.869565,77.625344,74.898572,3.000000
2026-06-24T05:18:49.471317595Z,1000,per_hit,raw_percent_of_host,api-node1,api-node2,18,26,44,21.052632,16.494845,21.052632,32.989691,100.000000,50.000000,12.000000,22.000000,0.000000,0.000000,12.000000,22.000000,157.666667,219.000000,75.471169,77.119775,3.000000
2026-06-24T05:18:50.471317807Z,1000,per_hit,raw_percent_of_host,api-node1,api-node2,20,25,45,16.494845,17.171717,16.494845,34.343434,100.000000,50.000000,10.000000,22.000000,0.000000,0.000000,10.000000,22.000000,114.136364,266.840000,77.382822,77.038173,3.000000
2026-06-24T05:18:51.471318449Z,1000,per_hit,raw_percent_of_host,api-node1,api-node2,20,26,46,15.625000,22.448980,15.625000,44.897959,100.000000,50.000000,10.000000,24.000000,0.000000,0.000000,10.000000,24.000000,95.800000,296.708333,77.409734,78.657459,3.000000
2026-06-24T05:18:52.471315362Z,1000,per_hit,raw_percent_of_host,api-node1,api-node2,26,22,48,21.875000,22.448980,21.875000,44.897959,100.000000,50.000000,18.000000,19.000000,0.000000,0.000000,18.000000,19.000000,116.944444,368.962963,76.068777,78.389158,3.000000
2026-06-24T05:18:53.47131608Z,1000,per_hit,raw_percent_of_host,api-node1,api-node2,21,28,49,16.666667,24.489796,16.666667,48.979592,100.000000,50.000000,15.000000,24.000000,0.000000,0.000000,15.000000,24.000000,143.041667,291.652174,77.150018,78.732677,3.000000
2026-06-24T05:18:54.471318226Z,1000,per_hit,raw_percent_of_host,api-node1,api-node2,31,19,50,27.083333,18.367347,27.083333,36.734694,100.000000,50.000000,22.000000,17.000000,0.000000,0.000000,22.000000,17.000000,135.875000,368.423077,75.884367,75.819791,3.000000
2026-06-24T05:18:55.471316701Z,1000,per_hit,raw_percent_of_host,api-node1,api-node2,31,20,51,26.315789,12.371134,26.315789,24.742268,100.000000,50.000000,23.000000,19.000000,0.000000,0.000000,23.000000,19.000000,168.833333,246.500000,75.205232,73.906880,3.000000
2026-06-24T05:18:56.471315694Z,1000,per_hit,raw_percent_of_host,api-node1,api-node2,21,31,52,21.875000,16.494845,21.875000,32.989691,100.000000,50.000000,14.000000,27.000000,0.000000,0.000000,14.000000,27.000000,178.000000,218.608696,76.243551,71.601632,3.000000
2026-06-24T05:18:57.471315235Z,1000,per_hit,raw_percent_of_host,api-node1,api-node2,20,33,53,16.494845,26.000000,16.494845,52.000000,100.000000,50.000000,13.000000,29.000000,0.000000,0.000000,13.000000,29.000000,143.619048,424.903226,77.043099,74.237423,3.000000
2026-06-24T05:18:58.471317533Z,1000,per_hit,raw_percent_of_host,api-node1,api-node2,27,27,54,16.494845,25.252525,16.494845,50.505051,100.000000,50.000000,19.000000,24.000000,0.000000,0.000000,19.000000,24.000000,120.047619,622.125000,76.580025,76.500484,3.000000
2026-06-24T05:18:59.47131514Z,1000,per_hit,raw_percent_of_host,api-node1,api-node2,27,28,55,27.083333,22.680412,27.083333,45.360825,100.000000,50.000000,16.000000,27.000000,0.000000,0.000000,16.000000,27.000000,145.666667,436.200000,75.637708,75.601217,3.000000
2026-06-24T05:19:00.471315617Z,1000,per_hit,raw_percent_of_host,api-node1,api-node2,24,32,56,15.789474,27.184466,15.789474,54.368932,100.000000,50.000000,15.000000,28.000000,0.000000,0.000000,15.000000,28.000000,124.800000,479.193548,76.230099,75.691132,3.000000
2026-06-24T05:19:01.471317941Z,1000,per_hit,raw_percent_of_host,api-node1,api-node2,27,30,57,10.416667,25.252525,10.416667,50.505051,100.000000,50.000000,19.000000,27.000000,0.000000,0.000000,19.000000,27.000000,135.565217,493.903226,77.984951,73.790191,3.000000
2026-06-24T05:19:02.471315616Z,1000,per_hit,raw_percent_of_host,api-node1,api-node2,30,28,58,21.052632,23.469388,21.052632,46.938776,100.000000,50.000000,27.000000,21.000000,0.000000,0.000000,27.000000,21.000000,184.681818,421.470588,72.555635,72.268479,3.000000
2026-06-24T05:19:03.471316079Z,1000,per_hit,raw_percent_of_host,api-node1,api-node2,34,24,58,36.458333,19.387755,36.458333,38.775510,100.000000,50.000000,26.000000,22.000000,0.000000,0.000000,26.000000,22.000000,203.000000,356.260870,77.077130,76.205914,3.000000
2026-06-24T05:19:04.471315754Z,1000,per_hit,raw_percent_of_host,api-node1,api-node2,26,34,60,15.277778,18.367347,15.277778,36.734694,100.000000,50.000000,20.000000,28.000000,0.000000,0.000000,20.000000,28.000000,181.281250,312.000000,77.340749,77.323553,3.000000
2026-06-24T05:19:05.471315627Z,1000,per_hit,raw_percent_of_host,api-node1,api-node2,29,31,60,26.041667,24.242424,26.041667,48.484848,100.000000,50.000000,22.000000,27.000000,0.000000,0.000000,22.000000,27.000000,170.111111,349.031250,75.469573,77.668820,3.000000
2026-06-24T05:19:06.471317095Z,1000,per_hit,raw_percent_of_host,api-node1,api-node2,40,23,63,27.083333,23.469388,27.083333,46.938776,100.000000,50.000000,26.000000,23.000000,0.000000,0.000000,26.000000,23.000000,166.583333,431.296296,75.132356,52.570934,3.000000
2026-06-24T05:19:07.471315262Z,1000,per_hit,raw_percent_of_host,api-node1,api-node2,30,33,63,36.458333,17.525773,36.458333,35.051546,100.000000,50.000000,21.000000,29.000000,0.000000,0.000000,21.000000,29.000000,206.514286,339.666667,77.180700,76.842675,3.000000
2026-06-24T05:19:08.471315383Z,1000,per_hit,raw_percent_of_host,api-node1,api-node2,35,27,62,26.804124,25.252525,26.804124,50.505051,100.000000,50.000000,27.000000,23.000000,0.000000,0.000000,27.000000,23.000000,188.862069,514.545455,75.127490,75.568798,3.000000
2026-06-24T05:19:09.471317421Z,1000,per_hit,raw_percent_of_host,api-node1,api-node2,28,36,64,31.578947,28.155340,31.578947,56.310680,100.000000,50.000000,20.000000,28.000000,0.000000,0.000000,20.000000,28.000000,204.857143,394.580645,74.847127,72.376392,3.000000
2026-06-24T05:19:10.47131884Z,1000,per_hit,raw_percent_of_host,api-node1,api-node2,42,25,67,21.875000,22.608696,21.875000,45.217391,100.000000,50.000000,30.000000,21.000000,0.000000,0.000000,30.000000,21.000000,137.437500,544.968750,75.137450,66.000442,3.000000
2026-06-24T05:19:11.471315527Z,1000,per_hit,raw_percent_of_host,api-node1,api-node2,32,31,63,36.458333,17.525773,36.458333,35.051546,100.000000,50.000000,22.000000,27.000000,0.000000,0.000000,22.000000,27.000000,226.100000,289.800000,76.817098,76.796898,3.000000
2026-06-24T05:19:12.471315849Z,1000,per_hit,raw_percent_of_host,api-node1,api-node2,36,32,68,20.833333,26.732673,20.833333,53.465347,100.000000,50.000000,25.000000,27.000000,0.000000,0.000000,25.000000,27.000000,206.363636,451.281250,75.248122,68.911909,3.000000
2026-06-24T05:19:13.471316265Z,1000,per_hit,raw_percent_of_host,api-node1,api-node2,23,44,67,37.113402,23.469388,37.113402,46.938776,100.000000,50.000000,16.000000,36.000000,0.000000,0.000000,16.000000,36.000000,204.312500,362.828571,77.299642,71.776897,3.000000
2026-06-24T05:19:14.471317941Z,1000,per_hit,raw_percent_of_host,api-node1,api-node2,33,30,63,25.263158,25.252525,25.263158,50.505051,100.000000,50.000000,20.000000,27.000000,0.000000,0.000000,20.000000,27.000000,122.655172,803.692308,75.959458,51.192464,3.000000
2026-06-24T05:19:15.471315141Z,1000,per_hit,raw_percent_of_host,api-node1,api-node2,40,33,73,32.989691,27.450980,32.989691,54.901961,100.000000,50.000000,28.000000,25.000000,0.000000,0.000000,28.000000,25.000000,198.375000,526.000000,75.902654,65.039471,3.000000
2026-06-24T05:19:16.471316465Z,1000,per_hit,raw_percent_of_host,api-node1,api-node2,40,27,67,32.989691,26.470588,32.989691,52.941176,100.000000,50.000000,34.000000,17.000000,0.000000,0.000000,34.000000,17.000000,249.235294,486.285714,75.635980,68.841575,3.000000
2026-06-24T05:19:17.471317151Z,1000,per_hit,raw_percent_of_host,api-node1,api-node2,37,35,72,42.708333,21.875000,42.708333,43.750000,100.000000,50.000000,27.000000,24.000000,0.000000,0.000000,27.000000,24.000000,253.500000,354.321429,76.796432,76.980434,3.000000
2026-06-24T05:19:18.471316308Z,1000,per_hit,raw_percent_of_host,api-node1,api-node2,42,27,69,36.458333,23.469388,36.458333,46.938776,100.000000,50.000000,31.000000,20.000000,0.000000,0.000000,31.000000,20.000000,219.526316,391.354839,77.023409,72.640179,3.000000
2026-06-24T05:19:19.471315182Z,1000,per_hit,raw_percent_of_host,api-node1,api-node2,37,35,72,43.877551,22.448980,43.877551,44.897959,100.000000,50.000000,25.000000,27.000000,0.000000,0.000000,25.000000,27.000000,243.581395,398.285714,77.781077,77.168507,3.000000
2026-06-24T05:19:20.471315476Z,1000,per_hit,raw_percent_of_host,api-node1,api-node2,36,33,69,11.764706,25.000000,11.764706,50.000000,100.000000,50.000000,24.000000,23.000000,0.000000,0.000000,24.000000,23.000000,206.972973,415.000000,77.594825,76.174475,3.000000
2026-06-24T05:19:21.471315355Z,1000,per_hit,raw_percent_of_host,api-node1,api-node2,42,26,68,31.958763,24.576271,31.958763,49.152542,100.000000,50.000000,28.000000,17.000000,0.000000,0.000000,28.000000,17.000000,252.210526,457.000000,75.780019,72.509775,3.000000
2026-06-24T05:19:22.471315547Z,1000,per_hit,raw_percent_of_host,api-node1,api-node2,37,39,76,42.105263,23.711340,42.105263,47.422680,100.000000,50.000000,19.000000,30.000000,0.000000,0.000000,19.000000,30.000000,344.086957,302.846154,77.080233,77.859777,3.000000
2026-06-24T05:19:23.471315407Z,1000,per_hit,raw_percent_of_host,api-node1,api-node2,35,41,76,34.020619,25.510204,34.020619,51.020408,100.000000,50.000000,18.000000,33.000000,0.000000,0.000000,18.000000,33.000000,183.583333,619.657895,76.928492,72.026185,3.000000
2026-06-24T05:19:24.471317558Z,1000,per_hit,raw_percent_of_host,api-node1,api-node2,40,28,68,32.291667,26.470588,32.291667,52.941176,100.000000,50.000000,24.000000,22.000000,0.000000,0.000000,24.000000,22.000000,170.970588,588.153846,76.669937,68.800923,3.000000
2026-06-24T05:19:25.471315537Z,1000,per_hit,raw_percent_of_host,api-node1,api-node2,37,40,77,37.500000,24.242424,37.500000,48.484848,100.000000,50.000000,20.000000,30.000000,0.000000,0.000000,20.000000,30.000000,213.512195,420.531250,77.613841,75.104807,3.000000
2026-06-24T05:19:26.471317117Z,1000,per_hit,raw_percent_of_host,api-node1,api-node2,41,30,71,37.113402,26.000000,37.113402,52.000000,100.000000,50.000000,24.000000,20.000000,0.000000,0.000000,24.000000,20.000000,196.918919,625.575000,77.605184,71.145469,3.000000
2026-06-24T05:19:27.471316753Z,1000,per_hit,raw_percent_of_host,api-node1,api-node2,25,47,72,31.958763,23.469388,31.958763,46.938776,100.000000,50.000000,13.000000,33.000000,0.000000,0.000000,13.000000,33.000000,284.027778,439.705882,76.304029,74.094593,3.000000
2026-06-24T05:19:28.471316098Z,1000,per_hit,raw_percent_of_host,api-node1,api-node2,39,35,74,21.649485,23.469388,21.649485,46.938776,100.000000,50.000000,27.000000,34.000000,0.000000,0.000000,27.000000,34.000000,141.320000,633.941176,74.574711,56.935229,3.000000
2026-06-24T05:19:29.47131582Z,1000,per_hit,raw_percent_of_host,api-node1,api-node2,37,37,74,46.000000,26.470588,46.000000,52.941176,100.000000,50.000000,20.000000,26.000000,0.000000,0.000000,20.000000,26.000000,188.409091,656.488889,77.124129,69.725223,3.000000
2026-06-24T05:19:30.471317725Z,1000,per_hit,raw_percent_of_host,api-node1,api-node2,38,36,74,36.000000,24.242424,36.000000,48.484848,100.000000,50.000000,19.000000,23.000000,0.000000,0.000000,19.000000,23.000000,166.564103,446.717949,77.332802,72.111733,3.000000
2026-06-24T05:19:31.471317134Z,1000,per_hit,raw_percent_of_host,api-node1,api-node2,47,28,75,47.000000,26.000000,47.000000,52.000000,100.000000,50.000000,26.000000,17.000000,0.000000,0.000000,26.000000,17.000000,202.225000,460.264706,77.571554,72.145560,3.000000
2026-06-24T05:19:32.471315541Z,1000,per_hit,raw_percent_of_host,api-node1,api-node2,40,36,76,40.816327,25.000000,40.816327,50.000000,100.000000,50.000000,21.000000,22.000000,0.000000,0.000000,21.000000,22.000000,197.755556,309.129032,75.606480,69.893728,3.000000
2026-06-24T05:19:33.47131721Z,1000,per_hit,raw_percent_of_host,api-node1,api-node2,49,27,76,46.000000,24.509804,46.000000,49.019608,100.000000,50.000000,27.000000,19.000000,0.000000,0.000000,27.000000,19.000000,200.860465,355.533333,77.873106,72.767142,3.000000
2026-06-24T05:19:34.471315277Z,1000,per_hit,raw_percent_of_host,api-node1,api-node2,39,36,75,42.372881,24.242424,42.372881,48.484848,100.000000,50.000000,19.000000,26.000000,0.000000,0.000000,19.000000,26.000000,198.425532,301.862069,78.085699,75.054441,3.000000
2026-06-24T05:19:35.471316367Z,1000,per_hit,raw_percent_of_host,api-node1,api-node2,38,35,73,29.166667,24.489796,29.166667,48.979592,100.000000,50.000000,21.000000,24.000000,0.000000,0.000000,21.000000,24.000000,171.500000,543.243243,73.504871,67.457598,3.000000
2026-06-24T05:19:36.471315076Z,1000,per_hit,raw_percent_of_host,api-node1,api-node2,41,34,75,29.292929,26.000000,29.292929,52.000000,100.000000,50.000000,25.000000,19.000000,0.000000,0.000000,25.000000,19.000000,185.540541,439.871795,74.212260,60.415558,3.000000
2026-06-24T05:19:37.471315481Z,1000,per_hit,raw_percent_of_host,api-node1,api-node2,42,32,74,40.404040,25.252525,40.404040,50.505051,100.000000,50.000000,20.000000,21.000000,0.000000,0.000000,20.000000,21.000000,182.042553,328.333333,77.491625,61.111146,3.000000
2026-06-24T05:19:38.471317441Z,1000,per_hit,raw_percent_of_host,api-node1,api-node2,29,48,77,31.683168,0.000000,31.683168,0.000000,100.000000,50.000000,13.000000,32.000000,0.000000,0.000000,13.000000,32.000000,174.166667,412.324324,74.636257,73.318831,3.000000
2026-06-24T05:19:39.471315512Z,1000,per_hit,raw_percent_of_host,api-node1,api-node2,38,35,73,29.292929,25.000000,29.292929,50.000000,100.000000,50.000000,25.000000,21.000000,0.000000,0.000000,25.000000,21.000000,143.423077,519.543478,74.502817,64.417650,3.000000
2026-06-24T05:19:40.471315193Z,1000,per_hit,raw_percent_of_host,api-node1,api-node2,39,35,74,41.836735,26.000000,41.836735,52.000000,100.000000,50.000000,21.000000,23.000000,0.000000,0.000000,21.000000,23.000000,208.162791,373.151515,77.527018,69.673999,3.000000
2026-06-24T05:19:41.47131507Z,1000,per_hit,raw_percent_of_host,api-node1,api-node2,51,25,76,32.323232,26.732673,32.323232,53.465347,100.000000,50.000000,32.000000,11.000000,0.000000,0.000000,32.000000,11.000000,154.400000,649.081081,74.797915,55.009962,3.000000
2026-06-24T05:19:42.471315826Z,1000,per_hit,raw_percent_of_host,api-node1,api-node2,34,40,74,50.980392,23.232323,50.980392,46.464646,100.000000,50.000000,22.000000,25.000000,0.000000,0.000000,22.000000,25.000000,265.159091,254.461538,74.280068,64.226684,3.000000
2026-06-24T05:19:43.471315255Z,1000,per_hit,raw_percent_of_host,api-node1,api-node2,32,35,67,46.000000,25.252525,46.000000,50.505051,100.000000,50.000000,16.000000,21.000000,0.000000,0.000000,16.000000,21.000000,187.026316,397.256410,78.247604,68.701030,3.000000
2026-06-24T05:19:44.471315162Z,1000,per_hit,raw_percent_of_host,api-node1,api-node2,41,32,73,41.489362,25.742574,41.489362,51.485149,100.000000,50.000000,19.000000,21.000000,0.000000,0.000000,19.000000,21.000000,161.026316,340.468750,77.061893,72.207513,3.000000
2026-06-24T05:19:45.471315856Z,1000,per_hit,raw_percent_of_host,api-node1,api-node2,35,41,76,40.000000,26.000000,40.000000,52.000000,100.000000,50.000000,16.000000,25.000000,0.000000,0.000000,16.000000,25.000000,157.131579,374.972973,77.916595,72.611155,3.000000
2026-06-24T05:19:46.471315365Z,1000,per_hit,raw_percent_of_host,api-node1,api-node2,35,37,72,36.363636,25.000000,36.363636,50.000000,100.000000,50.000000,19.000000,23.000000,0.000000,0.000000,19.000000,23.000000,121.468750,507.794872,77.591331,67.353737,3.000000
2026-06-24T05:19:47.471315726Z,1000,per_hit,raw_percent_of_host,api-node1,api-node2,33,34,67,33.673469,26.732673,33.673469,53.465347,100.000000,50.000000,16.000000,23.000000,0.000000,0.000000,16.000000,23.000000,143.638889,366.852941,76.261471,69.863136,3.000000
2026-06-24T05:19:48.47131804Z,1000,per_hit,raw_percent_of_host,api-node1,api-node2,36,40,76,30.303030,25.742574,30.303030,51.485149,100.000000,50.000000,18.000000,24.000000,0.000000,0.000000,18.000000,24.000000,152.735294,466.051282,73.724179,66.690774,3.000000
2026-06-24T05:19:49.471317719Z,1000,per_hit,raw_percent_of_host,api-node1,api-node2,36,34,70,31.958763,25.742574,31.958763,51.485149,100.000000,50.000000,19.000000,20.000000,0.000000,0.000000,19.000000,20.000000,157.314286,395.368421,75.210436,70.108304,3.000000
2026-06-24T05:19:50.471315406Z,1000,per_hit,raw_percent_of_host,api-node1,api-node2,37,32,69,35.353535,26.000000,35.353535,52.000000,100.000000,50.000000,16.000000,23.000000,0.000000,0.000000,16.000000,23.000000,162.925000,378.586207,74.583899,71.584922,3.000000
2026-06-24T05:19:51.471315491Z,1000,per_hit,raw_percent_of_host,api-node1,api-node2,34,37,71,30.303030,27.450980,30.303030,54.901961,100.000000,50.000000,16.000000,26.000000,0.000000,0.000000,16.000000,26.000000,160.294118,394.676471,75.700290,69.150071,3.000000
2026-06-24T05:19:52.471316722Z,1000,per_hit,raw_percent_of_host,api-node1,api-node2,37,31,68,30.303030,26.000000,30.303030,52.000000,100.000000,50.000000,20.000000,21.000000,0.000000,0.000000,20.000000,21.000000,135.545455,371.944444,74.603202,72.843887,3.000000
2026-06-24T05:19:53.471316905Z,1000,per_hit,raw_percent_of_host,api-node1,api-node2,34,30,64,22.916667,22.680412,22.916667,45.360825,100.000000,50.000000,22.000000,17.000000,0.000000,0.000000,22.000000,17.000000,170.718750,391.529412,74.146223,68.138021,3.000000
2026-06-24T05:19:54.471318035Z,1000,per_hit,raw_percent_of_host,api-node1,api-node2,40,30,70,41.584158,26.732673,41.584158,53.465347,100.000000,50.000000,19.000000,19.000000,0.000000,0.000000,19.000000,19.000000,176.767442,395.357143,75.448295,67.966542,3.000000
2026-06-24T05:19:55.47131546Z,1000,per_hit,raw_percent_of_host,api-node1,api-node2,31,36,67,35.353535,23.711340,35.353535,47.422680,100.000000,50.000000,13.000000,27.000000,0.000000,0.000000,13.000000,27.000000,165.027027,278.642857,77.575415,71.791684,3.000000
2026-06-24T05:19:56.47131511Z,1000,per_hit,raw_percent_of_host,api-node1,api-node2,33,30,63,37.254902,26.262626,37.254902,52.525253,100.000000,50.000000,15.000000,19.000000,0.000000,0.000000,15.000000,19.000000,126.290323,393.842105,77.327701,71.912416,3.000000
2026-06-24T05:19:57.471315157Z,1000,per_hit,raw_percent_of_host,api-node1,api-node2,31,36,67,31.250000,25.210084,31.250000,50.420168,100.000000,50.000000,19.000000,20.000000,0.000000,0.000000,19.000000,20.000000,131.481481,378.514286,74.889521,66.453305,3.000000
2026-06-24T05:19:58.471315836Z,1000,per_hit,raw_percent_of_host,api-node1,api-node2,36,29,65,37.864078,24.489796,37.864078,48.979592,100.000000,50.000000,16.000000,20.000000,0.000000,0.000000,16.000000,20.000000,141.076923,291.793103,76.906690,74.236125,3.000000
2026-06-24T05:19:59.471317535Z,1000,per_hit,raw_percent_of_host,api-node1,api-node2,30,32,62,34.020619,25.000000,34.020619,50.000000,100.000000,50.000000,11.000000,24.000000,0.000000,0.000000,11.000000,24.000000,150.914286,375.928571,76.564206,71.014238,3.000000
2026-06-24T05:20:00.47131527Z,1000,per_hit,raw_percent_of_host,api-node1,api-node2,29,31,60,25.252525,25.000000,25.252525,50.000000,100.000000,50.000000,16.000000,17.000000,0.000000,0.000000,16.000000,17.000000,103.875000,517.210526,74.246262,76.148586,3.000000
2026-06-24T05:20:01.471315483Z,1000,per_hit,raw_percent_of_host,api-node1,api-node2,33,27,60,31.250000,24.489796,31.250000,48.979592,100.000000,50.000000,16.000000,15.000000,0.000000,0.000000,16.000000,15.000000,145.727273,332.758621,74.491487,69.954080,3.000000
2026-06-24T05:20:02.471318665Z,1000,per_hit,raw_percent_of_host,api-node1,api-node2,31,30,61,35.353535,25.252525,35.353535,50.505051,100.000000,50.000000,15.000000,16.000000,0.000000,0.000000,15.000000,16.000000,140.781250,284.068966,74.262159,72.548048,3.000000
2026-06-24T05:20:03.471317848Z,1000,per_hit,raw_percent_of_host,api-node1,api-node2,32,27,59,36.363636,25.252525,36.363636,50.505051,100.000000,50.000000,13.000000,17.000000,0.000000,0.000000,13.000000,17.000000,141.705882,298.423077,76.562955,72.508654,3.000000
2026-06-24T05:20:04.47131746Z,1000,per_hit,raw_percent_of_host,api-node1,api-node2,29,25,54,36.000000,24.242424,36.000000,48.484848,100.000000,50.000000,15.000000,11.000000,0.000000,0.000000,15.000000,11.000000,138.296296,311.580645,77.614757,71.346933,3.000000
2026-06-24T05:20:05.471316487Z,1000,per_hit,raw_percent_of_host,api-node1,api-node2,26,28,54,32.000000,26.000000,32.000000,52.000000,100.000000,50.000000,10.000000,12.000000,0.000000,0.000000,10.000000,12.000000,153.218750,259.074074,75.227853,71.380572,3.000000
2026-06-24T05:20:06.471318166Z,1000,per_hit,raw_percent_of_host,api-node1,api-node2,29,36,65,16.842105,27.722772,16.842105,55.445545,100.000000,50.000000,13.000000,18.000000,0.000000,0.000000,13.000000,18.000000,94.720000,275.633333,75.634665,73.402142,3.000000
2026-06-24T05:20:07.471317517Z,1000,per_hit,raw_percent_of_host,api-node1,api-node2,28,21,49,30.303030,26.000000,30.303030,52.000000,100.000000,50.000000,10.000000,14.000000,0.000000,0.000000,10.000000,14.000000,115.774194,363.960000,74.948214,67.433308,3.000000
2026-06-24T05:20:08.471315756Z,1000,per_hit,raw_percent_of_host,api-node1,api-node2,26,32,58,16.842105,24.489796,16.842105,48.979592,100.000000,50.000000,11.000000,19.000000,0.000000,0.000000,11.000000,19.000000,109.120000,280.629630,76.229483,74.890890,3.000000
2026-06-24T05:20:09.471317077Z,1000,per_hit,raw_percent_of_host,api-node1,api-node2,23,30,53,35.353535,23.711340,35.353535,47.422680,100.000000,50.000000,7.000000,19.000000,0.000000,0.000000,7.000000,19.000000,116.370370,287.833333,77.125719,70.159157,3.000000
2026-06-24T05:20:10.471315289Z,1000,per_hit,raw_percent_of_host,api-node1,api-node2,27,25,52,20.833333,24.489796,20.833333,48.979592,100.000000,50.000000,10.000000,14.000000,0.000000,0.000000,10.000000,14.000000,88.666667,313.333333,75.470907,68.451424,3.000000
2026-06-24T05:20:11.471316929Z,1000,per_hit,raw_percent_of_host,api-node1,api-node2,31,22,53,26.000000,24.489796,26.000000,48.979592,100.000000,50.000000,12.000000,12.000000,0.000000,0.000000,12.000000,12.000000,114.517241,214.875000,73.311318,76.267688,3.000000
2026-06-24T05:20:12.471315057Z,1000,per_hit,raw_percent_of_host,api-node1,api-node2,25,26,51,21.000000,24.752475,21.000000,49.504950,100.000000,50.000000,9.000000,17.000000,0.000000,0.000000,9.000000,17.000000,114.142857,199.904762,74.980284,74.940257,3.000000
2026-06-24T05:20:13.471317412Z,1000,per_hit,raw_percent_of_host,api-node1,api-node2,21,26,47,20.792079,26.732673,20.792079,53.465347,100.000000,50.000000,10.000000,14.000000,0.000000,0.000000,10.000000,14.000000,95.200000,252.551724,75.068988,72.298827,3.000000
2026-06-24T05:20:14.471315234Z,1000,per_hit,raw_percent_of_host,api-node1,api-node2,14,13,27,26.732673,23.711340,26.732673,47.422680,100.000000,50.000000,0.000000,2.000000,0.000000,0.000000,0.000000,2.000000,97.625000,288.400000,76.552744,67.280585,3.000000
2026-06-24T05:20:15.471315594Z,1000,per_hit,raw_percent_of_host,api-node1,api-node2,26,19,45,21.649485,20.792079,21.649485,41.584158,100.000000,50.000000,1.000000,2.000000,0.000000,0.000000,1.000000,2.000000,99.600000,144.894737,74.194863,74.725332,3.000000
2026-06-24T05:20:16.471316376Z,1000,per_hit,raw_percent_of_host,api-node1,api-node2,21,26,47,37.623762,28.155340,37.623762,56.310680,100.000000,50.000000,1.000000,3.000000,0.000000,0.000000,1.000000,3.000000,78.428571,329.360000,76.730725,70.515780,3.000000
2026-06-24T05:20:17.471315771Z,1000,per_hit,raw_percent_of_host,api-node1,api-node2,21,23,44,16.326531,16.666667,16.326531,33.333333,100.000000,50.000000,3.000000,0.000000,0.000000,0.000000,3.000000,0.000000,71.526316,163.192308,77.997190,70.606189,3.000000
2026-06-24T05:20:18.471323749Z,1000,per_hit,raw_percent_of_host,api-node1,api-node2,26,17,43,26.315789,21.000000,26.315789,42.000000,100.000000,50.000000,2.000000,0.000000,0.000000,0.000000,2.000000,0.000000,106.296296,230.588235,76.796857,73.632251,3.000000
2026-06-24T05:20:19.471315407Z,1000,per_hit,raw_percent_of_host,api-node1,api-node2,16,28,44,20.833333,20.202020,20.833333,40.404040,100.000000,50.000000,0.000000,4.000000,0.000000,0.000000,0.000000,4.000000,84.555556,171.291667,76.355981,76.653900,3.000000
2026-06-24T05:20:20.471315558Z,1000,per_hit,raw_percent_of_host,api-node1,api-node2,29,30,59,27.835052,14.141414,27.835052,28.282828,100.000000,50.000000,9.000000,19.000000,0.000000,0.000000,9.000000,19.000000,100.650000,140.866667,75.672079,73.134456,3.000000
2026-06-24T05:20:21.471315224Z,1000,per_hit,raw_percent_of_host,api-node1,api-node2,18,21,39,16.842105,17.525773,16.842105,35.051546,100.000000,50.000000,8.000000,10.000000,0.000000,0.000000,8.000000,10.000000,107.421053,210.800000,76.724741,69.903345,3.000000
2026-06-24T05:20:22.471317358Z,1000,per_hit,raw_percent_of_host,api-node1,api-node2,20,18,38,23.300971,16.494845,23.300971,32.989691,100.000000,50.000000,5.000000,11.000000,0.000000,0.000000,5.000000,11.000000,85.478261,177.294118,76.330307,72.181077,3.000000
2026-06-24T05:20:23.471316697Z,1000,per_hit,raw_percent_of_host,api-node1,api-node2,19,18,37,22.000000,22.222222,22.000000,44.444444,100.000000,50.000000,6.000000,7.000000,0.000000,0.000000,6.000000,7.000000,75.277778,182.090909,76.650080,74.082286,3.000000
2026-06-24T05:20:24.471315319Z,1000,per_hit,raw_percent_of_host,api-node1,api-node2,18,18,36,23.157895,15.151515,23.157895,30.303030,100.000000,50.000000,7.000000,6.000000,0.000000,0.000000,7.000000,6.000000,75.764706,157.210526,76.388839,70.175572,3.000000
2026-06-24T05:20:25.471316578Z,1000,per_hit,raw_percent_of_host,api-node1,api-node2,14,21,35,20.833333,15.841584,20.833333,31.683168,100.000000,50.000000,8.000000,5.000000,0.000000,0.000000,8.000000,5.000000,89.461538,124.318182,76.904871,73.262066,3.000000
2026-06-24T05:20:26.471317226Z,1000,per_hit,raw_percent_of_host,api-node1,api-node2,16,18,34,25.252525,19.387755,25.252525,38.775510,100.000000,50.000000,4.000000,6.000000,0.000000,0.000000,4.000000,6.000000,78.250000,122.235294,74.620608,77.286319,3.000000
2026-06-24T05:20:27.471317351Z,1000,per_hit,raw_percent_of_host,api-node1,api-node2,14,19,33,26.262626,13.861386,26.262626,27.722772,100.000000,50.000000,2.000000,10.000000,0.000000,0.000000,2.000000,10.000000,81.562500,123.600000,76.323485,71.226927,3.000000
2026-06-24T05:20:28.471318501Z,1000,per_hit,raw_percent_of_host,api-node1,api-node2,14,18,32,20.000000,21.782178,20.000000,43.564356,100.000000,50.000000,5.000000,6.000000,0.000000,0.000000,5.000000,6.000000,52.636364,161.000000,76.642741,69.508154,3.000000
2026-06-24T05:20:29.47131518Z,1000,per_hit,raw_percent_of_host,api-node1,api-node2,16,16,32,23.232323,15.151515,23.232323,30.303030,100.000000,50.000000,6.000000,4.000000,0.000000,0.000000,6.000000,4.000000,61.600000,121.000000,76.530458,71.861345,3.000000
2026-06-24T05:20:30.471315332Z,1000,per_hit,raw_percent_of_host,api-node1,api-node2,14,16,30,20.833333,19.387755,20.833333,38.775510,100.000000,50.000000,5.000000,5.000000,0.000000,0.000000,5.000000,5.000000,83.066667,96.400000,75.097788,75.891062,3.000000
2026-06-24T05:20:31.471315262Z,1000,per_hit,raw_percent_of_host,api-node1,api-node2,10,19,29,15.625000,17.475728,15.625000,34.951456,100.000000,50.000000,3.000000,6.000000,0.000000,0.000000,3.000000,6.000000,73.250000,122.444444,74.474945,76.449472,3.000000
2026-06-24T05:20:32.471315232Z,1000,per_hit,raw_percent_of_host,api-node1,api-node2,11,17,28,20.202020,20.588235,20.202020,41.176471,100.000000,50.000000,2.000000,7.000000,0.000000,0.000000,2.000000,7.000000,61.666667,110.687500,76.416808,77.074527,3.000000
2026-06-24T05:20:33.471317198Z,1000,per_hit,raw_percent_of_host,api-node1,api-node2,10,17,27,15.384615,20.202020,15.384615,40.404040,100.000000,50.000000,2.000000,7.000000,0.000000,0.000000,2.000000,7.000000,61.100000,107.058824,76.816976,77.780447,3.000000
2026-06-24T05:20:34.471317048Z,1000,per_hit,raw_percent_of_host,api-node1,api-node2,15,11,26,23.232323,15.151515,23.232323,30.303030,100.000000,50.000000,2.000000,6.000000,0.000000,0.000000,2.000000,6.000000,61.200000,133.250000,76.021205,74.011742,3.000000
2026-06-24T05:20:35.471316567Z,1000,per_hit,raw_percent_of_host,api-node1,api-node2,9,15,24,11.578947,17.647059,11.578947,35.294118,100.000000,50.000000,2.000000,5.000000,0.000000,0.000000,2.000000,5.000000,50.000000,100.500000,78.201537,76.888195,3.000000
2026-06-24T05:20:36.471317212Z,1000,per_hit,raw_percent_of_host,api-node1,api-node2,13,12,25,21.000000,14.285714,21.000000,28.571429,100.000000,50.000000,4.000000,3.000000,0.000000,0.000000,4.000000,3.000000,63.000000,108.785714,76.943157,73.101069,3.000000
2026-06-24T05:20:37.471317406Z,1000,per_hit,raw_percent_of_host,api-node1,api-node2,13,10,23,18.556701,15.686275,18.556701,31.372549,100.000000,50.000000,4.000000,3.000000,0.000000,0.000000,4.000000,3.000000,68.000000,71.600000,76.549615,76.824037,3.000000
2026-06-24T05:20:38.471315642Z,1000,per_hit,raw_percent_of_host,api-node1,api-node2,5,17,22,16.161616,14.285714,16.161616,28.571429,100.000000,50.000000,1.000000,6.000000,0.000000,0.000000,1.000000,6.000000,70.000000,90.071429,76.840819,73.866191,3.000000
2026-06-24T05:20:39.471317366Z,1000,per_hit,raw_percent_of_host,api-node1,api-node2,11,10,21,19.801980,14.141414,19.801980,28.282828,100.000000,50.000000,1.000000,4.000000,0.000000,0.000000,1.000000,4.000000,62.818182,92.916667,76.284973,75.534864,3.000000
2026-06-24T05:20:40.471317284Z,1000,per_hit,raw_percent_of_host,api-node1,api-node2,11,9,20,13.725490,14.583333,13.725490,29.166667,100.000000,50.000000,3.000000,1.000000,0.000000,0.000000,3.000000,1.000000,56.444444,71.750000,77.536178,76.581093,3.000000
2026-06-24T05:20:41.471317678Z,1000,per_hit,raw_percent_of_host,api-node1,api-node2,10,9,19,21.000000,13.861386,21.000000,27.722772,100.000000,50.000000,3.000000,1.000000,0.000000,0.000000,3.000000,1.000000,59.900000,86.666667,76.571177,75.410803,3.000000
2026-06-24T05:20:42.471317783Z,1000,per_hit,raw_percent_of_host,api-node1,api-node2,13,6,19,16.000000,10.101010,16.000000,20.202020,100.000000,50.000000,2.000000,2.000000,0.000000,0.000000,2.000000,2.000000,68.000000,50.800000,76.505604,77.621001,3.000000
2026-06-24T05:20:43.471326203Z,1000,per_hit,raw_percent_of_host,api-node1,api-node2,12,7,19,20.388350,9.000000,20.388350,18.000000,100.000000,50.000000,3.000000,1.000000,0.000000,0.000000,3.000000,1.000000,57.272727,77.500000,76.755423,75.242194,3.000000
2026-06-24T05:20:44.471315615Z,1000,per_hit,raw_percent_of_host,api-node1,api-node2,8,9,17,10.416667,18.627451,10.416667,37.254902,100.000000,50.000000,2.000000,1.000000,0.000000,0.000000,2.000000,1.000000,68.444444,73.222222,76.560695,76.677525,3.000000
2026-06-24T05:20:45.471316219Z,1000,per_hit,raw_percent_of_host,api-node1,api-node2,12,5,17,20.388350,9.000000,20.388350,18.000000,100.000000,50.000000,2.000000,1.000000,0.000000,0.000000,2.000000,1.000000,65.583333,57.200000,76.015284,76.939717,3.000000
2026-06-24T05:20:46.471317349Z,1000,per_hit,raw_percent_of_host,api-node1,api-node2,9,7,16,15.151515,12.745098,15.151515,25.490196,100.000000,50.000000,3.000000,0.000000,0.000000,0.000000,3.000000,0.000000,50.000000,94.625000,77.639006,73.756190,3.000000
2026-06-24T05:20:47.471318711Z,1000,per_hit,raw_percent_of_host,api-node1,api-node2,9,6,15,11.111111,15.000000,11.111111,30.000000,100.000000,50.000000,1.000000,1.000000,0.000000,0.000000,1.000000,1.000000,64.727273,56.600000,76.651294,75.458651,3.000000
2026-06-24T05:20:48.471318929Z,1000,per_hit,raw_percent_of_host,api-node1,api-node2,8,7,15,15.533981,8.080808,15.533981,16.161616,100.000000,50.000000,1.000000,1.000000,0.000000,0.000000,1.000000,1.000000,63.125000,80.142857,75.867186,76.041996,3.000000
2026-06-24T05:20:49.471315351Z,1000,per_hit,raw_percent_of_host,api-node1,api-node2,9,5,14,14.705882,6.000000,14.705882,12.000000,100.000000,50.000000,0.000000,1.000000,0.000000,0.000000,0.000000,1.000000,60.900000,61.200000,76.830399,78.546162,3.000000
2026-06-24T05:20:50.471317713Z,1000,per_hit,raw_percent_of_host,api-node1,api-node2,6,7,13,9.708738,15.306122,9.708738,30.612245,100.000000,50.000000,1.000000,0.000000,0.000000,0.000000,1.000000,0.000000,63.400000,61.750000,77.819843,75.556453,3.000000
2026-06-24T05:20:51.471319473Z,1000,per_hit,raw_percent_of_host,api-node1,api-node2,7,6,13,15.151515,11.881188,15.151515,23.762376,100.000000,50.000000,1.000000,0.000000,0.000000,0.000000,1.000000,0.000000,50.000000,73.833333,77.910420,76.326696,3.000000
2026-06-24T05:20:52.471316544Z,1000,per_hit,raw_percent_of_host,api-node1,api-node2,7,5,12,10.000000,12.745098,10.000000,25.490196,100.000000,50.000000,1.000000,0.000000,0.000000,0.000000,1.000000,0.000000,55.142857,79.000000,77.779786,74.189419,3.000000
2026-06-24T05:20:53.471315843Z,1000,per_hit,raw_percent_of_host,api-node1,api-node2,7,5,12,14.141414,9.090909,14.141414,18.181818,100.000000,50.000000,1.000000,0.000000,0.000000,0.000000,1.000000,0.000000,50.000000,71.000000,77.350233,75.348140,3.000000
2026-06-24T05:20:54.471315741Z,1000,per_hit,raw_percent_of_host,api-node1,api-node2,8,4,12,20.388350,4.040404,20.388350,8.080808,100.000000,50.000000,0.000000,1.000000,0.000000,0.000000,0.000000,1.000000,55.333333,60.333333,76.533929,76.231370,3.000000
2026-06-24T05:20:55.471315505Z,1000,per_hit,raw_percent_of_host,api-node1,api-node2,1,10,11,0.000000,12.871287,0.000000,25.742574,100.000000,50.000000,0.000000,1.000000,0.000000,0.000000,0.000000,1.000000,50.000000,82.500000,79.318287,75.070998,3.000000
2026-06-24T05:20:56.471319168Z,1000,per_hit,raw_percent_of_host,api-node1,api-node2,4,7,11,5.050505,10.784314,5.050505,21.568627,100.000000,50.000000,1.000000,0.000000,0.000000,0.000000,1.000000,0.000000,50.000000,107.250000,79.685063,74.689231,3.000000
2026-06-24T05:20:57.471315424Z,1000,per_hit,raw_percent_of_host,api-node1,api-node2,5,6,11,10.101010,6.862745,10.101010,13.725490,100.000000,50.000000,0.000000,1.000000,0.000000,0.000000,0.000000,1.000000,50.000000,64.000000,78.467890,73.395547,3.000000
2026-06-24T05:20:58.471315261Z,1000,per_hit,raw_percent_of_host,api-node1,api-node2,5,6,11,9.708738,8.000000,9.708738,16.000000,100.000000,50.000000,0.000000,1.000000,0.000000,0.000000,0.000000,1.000000,54.800000,54.500000,78.494704,78.244266,3.000000
2026-06-24T05:20:59.471315526Z,1000,per_hit,raw_percent_of_host,api-node1,api-node2,6,4,10,10.101010,8.080808,10.101010,16.161616,100.000000,50.000000,1.000000,0.000000,0.000000,0.000000,1.000000,0.000000,50.000000,55.000000,78.569713,77.595104,3.000000
2026-06-24T05:21:00.471315038Z,1000,per_hit,raw_percent_of_host,api-node1,api-node2,5,5,10,10.000000,8.163265,10.000000,16.326531,100.000000,50.000000,1.000000,0.000000,0.000000,0.000000,1.000000,0.000000,52.200000,55.400000,77.834120,77.446518,3.000000
2026-06-24T05:21:01.471319721Z,1000,per_hit,raw_percent_of_host,api-node1,api-node2,6,4,10,10.101010,6.930693,10.101010,13.861386,100.000000,50.000000,0.000000,1.000000,0.000000,0.000000,0.000000,1.000000,50.000000,71.333333,78.581689,76.048438,3.000000
2026-06-24T05:21:02.471320245Z,1000,per_hit,raw_percent_of_host,api-node1,api-node2,5,5,10,5.050505,8.823529,5.050505,17.647059,100.000000,50.000000,1.000000,0.000000,0.000000,0.000000,1.000000,0.000000,50.000000,66.333333,78.283030,75.656334,3.000000
2026-06-24T05:21:03.471315579Z,1000,per_hit,raw_percent_of_host,api-node1,api-node2,5,5,10,5.000000,14.705882,5.000000,29.411765,100.000000,50.000000,1.000000,0.000000,0.000000,0.000000,1.000000,0.000000,50.000000,54.600000,78.155227,75.679983,3.000000
2026-06-24T05:21:04.471315415Z,1000,per_hit,raw_percent_of_host,api-node1,api-node2,1,0,1,5.000000,1.000000,5.000000,2.000000,100.000000,50.000000,0.000000,0.000000,0.000000,0.000000,0.000000,0.000000,50.000000,0.000000,79.338605,76.930226,3.000000
2026-06-24T05:21:05.471315459Z,1000,per_hit,raw_percent_of_host,api-node1,api-node2,0,0,0,1.000000,0.000000,1.000000,0.000000,100.000000,50.000000,0.000000,0.000000,0.000000,0.000000,0.000000,0.000000,0.000000,0.000000,0.000000,0.000000,3.000000
2026-06-24T05:21:06.471315198Z,1000,per_hit,raw_percent_of_host,api-node1,api-node2,0,0,0,1.980198,0.000000,1.980198,0.000000,100.000000,50.000000,0.000000,0.000000,0.000000,0.000000,0.000000,0.000000,0.000000,0.000000,0.000000,0.000000,3.000000
2026-06-24T05:21:07.471319725Z,1000,per_hit,raw_percent_of_host,api-node1,api-node2,0,0,0,0.000000,0.000000,0.000000,0.000000,100.000000,50.000000,0.000000,0.000000,0.000000,0.000000,0.000000,0.000000,0.000000,0.000000,0.000000,0.000000,3.000000
2026-06-24T05:21:08.471318535Z,1000,per_hit,raw_percent_of_host,api-node1,api-node2,0,0,0,1.000000,0.000000,1.000000,0.000000,100.000000,50.000000,0.000000,0.000000,0.000000,0.000000,0.000000,0.000000,0.000000,0.000000,0.000000,0.000000,3.000000
2026-06-24T05:21:09.47132596Z,1000,per_hit,raw_percent_of_host,api-node1,api-node2,0,0,0,0.000000,0.000000,0.000000,0.000000,100.000000,50.000000,0.000000,0.000000,0.000000,0.000000,0.000000,0.000000,0.000000,0.000000,0.000000,0.000000,3.000000
2026-06-24T05:21:10.471316172Z,1000,per_hit,raw_percent_of_host,api-node1,api-node2,0,0,0,1.000000,1.000000,1.000000,2.000000,100.000000,50.000000,0.000000,0.000000,0.000000,0.000000,0.000000,0.000000,0.000000,0.000000,0.000000,0.000000,3.000000
2026-06-24T05:21:11.471319077Z,1000,per_hit,raw_percent_of_host,api-node1,api-node2,0,0,0,0.000000,0.000000,0.000000,0.000000,100.000000,50.000000,0.000000,0.000000,0.000000,0.000000,0.000000,0.000000,0.000000,0.000000,0.000000,0.000000,3.000000
2026-06-24T05:21:12.471318335Z,1000,per_hit,raw_percent_of_host,api-node1,api-node2,0,0,0,0.000000,0.000000,0.000000,0.000000,100.000000,50.000000,0.000000,0.000000,0.000000,0.000000,0.000000,0.000000,0.000000,0.000000,0.000000,0.000000,3.000000
2026-06-24T05:21:13.471319989Z,1000,per_hit,raw_percent_of_host,api-node1,api-node2,0,0,0,0.000000,0.000000,0.000000,0.000000,100.000000,50.000000,0.000000,0.000000,0.000000,0.000000,0.000000,0.000000,0.000000,0.000000,0.000000,0.000000,3.000000
2026-06-24T05:21:14.471319181Z,1000,per_hit,raw_percent_of_host,api-node1,api-node2,0,0,0,0.000000,1.000000,0.000000,2.000000,100.000000,50.000000,0.000000,0.000000,0.000000,0.000000,0.000000,0.000000,0.000000,0.000000,0.000000,0.000000,3.000000
2026-06-24T05:21:15.471316137Z,1000,per_hit,raw_percent_of_host,api-node1,api-node2,0,0,0,0.000000,0.000000,0.000000,0.000000,100.000000,50.000000,0.000000,0.000000,0.000000,0.000000,0.000000,0.000000,0.000000,0.000000,0.000000,0.000000,3.000000
2026-06-24T05:21:16.471319425Z,1000,per_hit,raw_percent_of_host,api-node1,api-node2,0,0,0,0.000000,0.000000,0.000000,0.000000,100.000000,50.000000,0.000000,0.000000,0.000000,0.000000,0.000000,0.000000,0.000000,0.000000,0.000000,0.000000,3.000000
2026-06-24T05:21:17.471316426Z,1000,per_hit,raw_percent_of_host,api-node1,api-node2,0,0,0,0.000000,0.000000,0.000000,0.000000,100.000000,50.000000,0.000000,0.000000,0.000000,0.000000,0.000000,0.000000,0.000000,0.000000,0.000000,0.000000,3.000000
2026-06-24T05:21:18.471319581Z,1000,per_hit,raw_percent_of_host,api-node1,api-node2,0,0,0,0.000000,0.000000,0.000000,0.000000,100.000000,50.000000,0.000000,0.000000,0.000000,0.000000,0.000000,0.000000,0.000000,0.000000,0.000000,0.000000,3.000000
2026-06-24T05:21:19.471315959Z,1000,per_hit,raw_percent_of_host,api-node1,api-node2,0,0,0,0.000000,0.000000,0.000000,0.000000,100.000000,50.000000,0.000000,0.000000,0.000000,0.000000,0.000000,0.000000,0.000000,0.000000,0.000000,0.000000,3.000000
2026-06-24T05:21:20.471319795Z,1000,per_hit,raw_percent_of_host,api-node1,api-node2,0,0,0,0.000000,0.000000,0.000000,0.000000,100.000000,50.000000,0.000000,0.000000,0.000000,0.000000,0.000000,0.000000,0.000000,0.000000,0.000000,0.000000,3.000000
2026-06-24T05:21:21.471318004Z,1000,per_hit,raw_percent_of_host,api-node1,api-node2,0,0,0,0.000000,1.000000,0.000000,2.000000,100.000000,50.000000,0.000000,0.000000,0.000000,0.000000,0.000000,0.000000,0.000000,0.000000,0.000000,0.000000,3.000000
2026-06-24T05:21:22.471315632Z,1000,per_hit,raw_percent_of_host,api-node1,api-node2,0,0,0,0.000000,0.000000,0.000000,0.000000,100.000000,50.000000,0.000000,0.000000,0.000000,0.000000,0.000000,0.000000,0.000000,0.000000,0.000000,0.000000,3.000000
2026-06-24T05:21:23.471318963Z,1000,per_hit,raw_percent_of_host,api-node1,api-node2,0,0,0,1.010101,1.010101,1.010101,2.020202,100.000000,50.000000,0.000000,0.000000,0.000000,0.000000,0.000000,0.000000,0.000000,0.000000,0.000000,0.000000,3.000000
2026-06-24T05:21:24.471316288Z,1000,per_hit,raw_percent_of_host,api-node1,api-node2,0,0,0,1.000000,0.000000,1.000000,0.000000,100.000000,50.000000,0.000000,0.000000,0.000000,0.000000,0.000000,0.000000,0.000000,0.000000,0.000000,0.000000,3.000000
2026-06-24T05:21:25.47131654Z,1000,per_hit,raw_percent_of_host,api-node1,api-node2,0,0,0,0.000000,0.000000,0.000000,0.000000,100.000000,50.000000,0.000000,0.000000,0.000000,0.000000,0.000000,0.000000,0.000000,0.000000,0.000000,0.000000,3.000000
2026-06-24T05:21:26.471320753Z,1000,per_hit,raw_percent_of_host,api-node1,api-node2,0,0,0,0.000000,0.000000,0.000000,0.000000,100.000000,50.000000,0.000000,0.000000,0.000000,0.000000,0.000000,0.000000,0.000000,0.000000,0.000000,0.000000,3.000000
