timestamp_utc,window_ms,traffic_log_mode,cpu_usage_unit,node1_name,node2_name,node1_requests,node2_requests,total_requests,node1_cpu_raw_usage,node2_cpu_raw_usage,node1_cpu_normalized_usage,node2_cpu_normalized_usage,node1_cpu_capacity,node2_cpu_capacity,node1_inflight,node2_inflight,node1_backend_inflight,node2_backend_inflight,node1_queue,node2_queue,node1_response_ms,node2_response_ms,node1_fuzzy_score,node2_fuzzy_score,os_idle_cpu
2026-06-24T07:59:25.358785261Z,1000,per_hit,raw_percent_of_host,api-node1,api-node2,0,0,0,0.000000,0.000000,0.000000,0.000000,100.000000,50.000000,0.000000,0.000000,0.000000,0.000000,0.000000,0.000000,0.000000,0.000000,0.000000,0.000000,3.000000
2026-06-24T07:59:26.358788112Z,1000,per_hit,raw_percent_of_host,api-node1,api-node2,0,0,0,1.000000,0.000000,1.000000,0.000000,100.000000,50.000000,0.000000,0.000000,0.000000,0.000000,0.000000,0.000000,0.000000,0.000000,0.000000,0.000000,3.000000
2026-06-24T07:59:27.358787227Z,1000,per_hit,raw_percent_of_host,api-node1,api-node2,0,0,0,0.990099,0.990099,0.990099,1.980198,100.000000,50.000000,0.000000,0.000000,0.000000,0.000000,0.000000,0.000000,0.000000,0.000000,0.000000,0.000000,3.000000
2026-06-24T07:59:28.358787758Z,1000,per_hit,raw_percent_of_host,api-node1,api-node2,4,6,10,12.000000,11.111111,12.000000,22.222222,100.000000,50.000000,0.000000,0.000000,0.000000,0.000000,0.000000,0.000000,93.500000,104.666667,82.422831,83.615734,3.000000
2026-06-24T07:59:29.358788281Z,1000,per_hit,raw_percent_of_host,api-node1,api-node2,9,1,10,21.000000,5.050505,21.000000,10.101010,100.000000,50.000000,0.000000,0.000000,0.000000,0.000000,0.000000,0.000000,114.666667,51.000000,79.680347,82.795965,3.000000
2026-06-24T07:59:30.358786965Z,1000,per_hit,raw_percent_of_host,api-node1,api-node2,3,7,10,10.101010,11.000000,10.101010,22.000000,100.000000,50.000000,0.000000,0.000000,0.000000,0.000000,0.000000,0.000000,62.000000,97.285714,79.458866,83.283906,3.000000
2026-06-24T07:59:31.358787653Z,1000,per_hit,raw_percent_of_host,api-node1,api-node2,7,3,10,13.131313,8.910891,13.131313,17.821782,100.000000,50.000000,0.000000,0.000000,0.000000,0.000000,0.000000,0.000000,84.285714,54.333333,80.835911,83.059272,3.000000
2026-06-24T07:59:32.358790522Z,1000,per_hit,raw_percent_of_host,api-node1,api-node2,5,5,10,10.204082,11.000000,10.204082,22.000000,100.000000,50.000000,0.000000,0.000000,0.000000,0.000000,0.000000,0.000000,85.600000,109.000000,79.579070,82.703903,3.000000
2026-06-24T07:59:33.358784736Z,1000,per_hit,raw_percent_of_host,api-node1,api-node2,6,4,10,15.306122,10.000000,15.306122,20.000000,100.000000,50.000000,0.000000,0.000000,0.000000,0.000000,0.000000,0.000000,95.666667,58.000000,79.330251,82.747584,3.000000
2026-06-24T07:59:34.358786977Z,1000,per_hit,raw_percent_of_host,api-node1,api-node2,5,6,11,15.151515,11.000000,15.151515,22.000000,100.000000,50.000000,0.000000,0.000000,0.000000,0.000000,0.000000,0.000000,92.800000,116.333333,81.286582,82.086222,3.000000
2026-06-24T07:59:35.358792434Z,1000,per_hit,raw_percent_of_host,api-node1,api-node2,4,7,11,11.000000,15.000000,11.000000,30.000000,100.000000,50.000000,0.000000,0.000000,0.000000,0.000000,0.000000,0.000000,83.750000,125.857143,82.929545,81.966185,3.000000
2026-06-24T07:59:36.358783726Z,1000,per_hit,raw_percent_of_host,api-node1,api-node2,5,6,11,11.111111,11.000000,11.111111,22.000000,100.000000,50.000000,0.000000,0.000000,0.000000,0.000000,0.000000,0.000000,81.800000,102.000000,81.615994,69.652244,3.000000
2026-06-24T07:59:37.35878416Z,1000,per_hit,raw_percent_of_host,api-node1,api-node2,8,4,12,16.831683,11.000000,16.831683,22.000000,100.000000,50.000000,0.000000,0.000000,0.000000,0.000000,0.000000,0.000000,86.875000,74.000000,79.680347,75.528677,3.000000
2026-06-24T07:59:38.358783449Z,1000,per_hit,raw_percent_of_host,api-node1,api-node2,8,4,12,21.000000,10.891089,21.000000,21.782178,100.000000,50.000000,0.000000,0.000000,0.000000,0.000000,0.000000,0.000000,110.750000,79.500000,80.840386,67.380025,3.000000
2026-06-24T07:59:39.358788266Z,1000,per_hit,raw_percent_of_host,api-node1,api-node2,8,4,12,15.151515,11.111111,15.151515,22.222222,100.000000,50.000000,0.000000,0.000000,0.000000,0.000000,0.000000,0.000000,82.000000,73.000000,78.864856,82.743853,3.000000
2026-06-24T07:59:40.3587886Z,1000,per_hit,raw_percent_of_host,api-node1,api-node2,4,9,13,11.881188,11.000000,11.881188,22.000000,100.000000,50.000000,0.000000,0.000000,0.000000,0.000000,0.000000,0.000000,64.750000,103.444444,75.528677,68.447153,3.000000
2026-06-24T07:59:41.358787678Z,1000,per_hit,raw_percent_of_host,api-node1,api-node2,5,8,13,15.151515,10.101010,15.151515,20.202020,100.000000,50.000000,0.000000,0.000000,0.000000,0.000000,0.000000,0.000000,86.200000,97.625000,80.744800,76.713031,3.000000
2026-06-24T07:59:42.358787019Z,1000,per_hit,raw_percent_of_host,api-node1,api-node2,4,10,14,11.000000,14.953271,11.000000,29.906542,100.000000,50.000000,0.000000,0.000000,0.000000,0.000000,0.000000,0.000000,64.500000,134.300000,77.068826,81.387691,3.000000
2026-06-24T07:59:43.358796743Z,1000,per_hit,raw_percent_of_host,api-node1,api-node2,5,8,13,11.881188,16.326531,11.881188,32.653061,100.000000,50.000000,0.000000,0.000000,0.000000,0.000000,0.000000,0.000000,81.800000,129.500000,82.764936,71.974992,3.000000
2026-06-24T07:59:44.358784264Z,1000,per_hit,raw_percent_of_host,api-node1,api-node2,10,6,16,20.202020,11.111111,20.202020,22.222222,100.000000,50.000000,0.000000,0.000000,0.000000,0.000000,0.000000,0.000000,107.400000,76.166667,82.123486,71.516321,3.000000
2026-06-24T07:59:45.358784787Z,1000,per_hit,raw_percent_of_host,api-node1,api-node2,7,9,16,24.752475,11.111111,24.752475,22.222222,100.000000,50.000000,0.000000,0.000000,0.000000,0.000000,0.000000,0.000000,111.142857,100.444444,80.567704,79.432595,3.000000
2026-06-24T07:59:46.358783813Z,1000,per_hit,raw_percent_of_host,api-node1,api-node2,13,3,16,23.232323,10.101010,23.232323,20.202020,100.000000,50.000000,0.000000,0.000000,0.000000,0.000000,0.000000,0.000000,147.692308,71.333333,80.379270,82.508169,3.000000
2026-06-24T07:59:47.358784855Z,1000,per_hit,raw_percent_of_host,api-node1,api-node2,9,8,17,23.000000,11.000000,23.000000,22.000000,100.000000,50.000000,0.000000,0.000000,0.000000,0.000000,0.000000,0.000000,107.222222,101.625000,78.908003,77.860118,3.000000
2026-06-24T07:59:48.358784617Z,1000,per_hit,raw_percent_of_host,api-node1,api-node2,10,8,18,20.000000,12.000000,20.000000,24.000000,100.000000,50.000000,0.000000,0.000000,0.000000,0.000000,0.000000,0.000000,118.300000,92.500000,78.420614,76.123199,3.000000
2026-06-24T07:59:49.358790237Z,1000,per_hit,raw_percent_of_host,api-node1,api-node2,5,13,18,14.141414,14.953271,14.141414,29.906542,100.000000,50.000000,0.000000,0.000000,0.000000,0.000000,0.000000,0.000000,52.200000,216.692308,80.168910,78.306120,3.000000
2026-06-24T07:59:50.358784005Z,1000,per_hit,raw_percent_of_host,api-node1,api-node2,15,4,19,28.712871,10.891089,28.712871,21.782178,100.000000,50.000000,0.000000,0.000000,0.000000,0.000000,0.000000,0.000000,155.133333,79.000000,79.652589,48.333981,3.000000
2026-06-24T07:59:51.358784696Z,1000,per_hit,raw_percent_of_host,api-node1,api-node2,12,8,20,23.762376,17.142857,23.762376,34.285714,100.000000,50.000000,0.000000,0.000000,0.000000,0.000000,0.000000,0.000000,146.833333,117.375000,78.301233,81.898811,3.000000
2026-06-24T07:59:52.358783699Z,1000,per_hit,raw_percent_of_host,api-node1,api-node2,11,10,21,24.242424,15.094340,24.242424,30.188679,100.000000,50.000000,0.000000,0.000000,0.000000,0.000000,0.000000,0.000000,126.454545,144.000000,78.126895,76.443013,3.000000
2026-06-24T07:59:53.358788671Z,1000,per_hit,raw_percent_of_host,api-node1,api-node2,14,8,22,30.303030,15.887850,30.303030,31.775701,100.000000,50.000000,0.000000,0.000000,0.000000,0.000000,0.000000,0.000000,139.857143,117.750000,75.406043,50.924621,3.000000
2026-06-24T07:59:54.358792655Z,1000,per_hit,raw_percent_of_host,api-node1,api-node2,9,14,23,23.232323,16.037736,23.232323,32.075472,100.000000,50.000000,0.000000,0.000000,0.000000,0.000000,0.000000,0.000000,95.222222,184.928571,79.038621,74.686089,3.000000
2026-06-24T07:59:55.358783376Z,1000,per_hit,raw_percent_of_host,api-node1,api-node2,14,9,23,27.272727,15.887850,27.272727,31.775701,100.000000,50.000000,0.000000,0.000000,0.000000,0.000000,0.000000,0.000000,118.071429,145.333333,77.959722,47.876219,3.000000
2026-06-24T07:59:56.358784697Z,1000,per_hit,raw_percent_of_host,api-node1,api-node2,11,13,24,21.000000,15.094340,21.000000,30.188679,100.000000,50.000000,0.000000,0.000000,0.000000,0.000000,0.000000,0.000000,120.909091,172.153846,75.557129,76.807315,3.000000
2026-06-24T07:59:57.358783816Z,1000,per_hit,raw_percent_of_host,api-node1,api-node2,16,9,25,29.702970,14.285714,29.702970,28.571429,100.000000,50.000000,0.000000,0.000000,0.000000,0.000000,0.000000,0.000000,140.875000,127.222222,80.730483,53.446941,3.000000
2026-06-24T07:59:58.358784425Z,1000,per_hit,raw_percent_of_host,api-node1,api-node2,11,15,26,20.202020,18.018018,20.202020,36.036036,100.000000,50.000000,0.000000,0.000000,0.000000,0.000000,0.000000,0.000000,100.545455,207.133333,71.296860,63.655410,3.000000
2026-06-24T07:59:59.358786992Z,1000,per_hit,raw_percent_of_host,api-node1,api-node2,16,11,27,29.411765,14.953271,29.411765,29.906542,100.000000,50.000000,0.000000,0.000000,0.000000,0.000000,0.000000,0.000000,127.562500,166.545455,80.540443,54.657960,3.000000
2026-06-24T08:00:00.358788159Z,1000,per_hit,raw_percent_of_host,api-node1,api-node2,18,10,28,29.702970,14.150943,29.702970,28.301887,100.000000,50.000000,0.000000,0.000000,0.000000,0.000000,0.000000,0.000000,168.777778,124.400000,79.081972,56.995904,3.000000
2026-06-24T08:00:01.358786966Z,1000,per_hit,raw_percent_of_host,api-node1,api-node2,17,12,29,27.027027,12.000000,27.027027,24.000000,100.000000,50.000000,0.000000,0.000000,0.000000,0.000000,0.000000,0.000000,148.058824,101.083333,70.885982,55.858761,3.000000
2026-06-24T08:00:02.358786901Z,1000,per_hit,raw_percent_of_host,api-node1,api-node2,20,10,30,29.702970,14.150943,29.702970,28.301887,100.000000,50.000000,0.000000,0.000000,0.000000,0.000000,0.000000,0.000000,198.750000,110.500000,64.843318,82.470115,3.000000
2026-06-24T08:00:03.358783834Z,1000,per_hit,raw_percent_of_host,api-node1,api-node2,17,14,31,27.027027,16.037736,27.027027,32.075472,100.000000,50.000000,0.000000,0.000000,0.000000,0.000000,0.000000,0.000000,128.647059,177.142857,69.888027,54.686485,3.000000
2026-06-24T08:00:04.358784615Z,1000,per_hit,raw_percent_of_host,api-node1,api-node2,21,12,33,29.000000,16.037736,29.000000,32.075472,100.000000,50.000000,0.000000,0.000000,0.000000,0.000000,0.000000,0.000000,176.523810,168.250000,81.238420,77.339634,3.000000
2026-06-24T08:00:05.358785149Z,1000,per_hit,raw_percent_of_host,api-node1,api-node2,20,14,34,27.272727,16.535433,27.272727,33.070866,100.000000,50.000000,0.000000,0.000000,0.000000,0.000000,0.000000,0.000000,194.550000,199.000000,54.642063,55.775471,3.000000
2026-06-24T08:00:06.358784481Z,1000,per_hit,raw_percent_of_host,api-node1,api-node2,20,15,35,29.000000,14.953271,29.000000,29.906542,100.000000,50.000000,0.000000,0.000000,0.000000,0.000000,0.000000,0.000000,160.750000,162.933333,64.715642,52.567281,3.000000
2026-06-24T08:00:07.358787259Z,1000,per_hit,raw_percent_of_host,api-node1,api-node2,25,11,36,30.392157,15.887850,30.392157,31.775701,100.000000,50.000000,0.000000,0.000000,0.000000,0.000000,0.000000,0.000000,184.840000,162.909091,73.801038,61.853916,3.000000
2026-06-24T08:00:08.358784847Z,1000,per_hit,raw_percent_of_host,api-node1,api-node2,22,15,37,31.067961,14.285714,31.067961,28.571429,100.000000,50.000000,0.000000,0.000000,0.000000,0.000000,0.000000,0.000000,180.545455,208.000000,64.155848,57.764824,3.000000
2026-06-24T08:00:09.358784597Z,1000,per_hit,raw_percent_of_host,api-node1,api-node2,14,24,38,27.722772,15.887850,27.722772,31.775701,100.000000,50.000000,0.000000,0.000000,0.000000,0.000000,0.000000,0.000000,124.214286,269.958333,59.837979,58.693797,3.000000
2026-06-24T08:00:10.358786923Z,1000,per_hit,raw_percent_of_host,api-node1,api-node2,33,7,40,29.000000,14.953271,29.000000,29.906542,100.000000,50.000000,0.000000,0.000000,0.000000,0.000000,0.000000,0.000000,271.375000,118.000000,75.395653,36.196007,3.000000
2026-06-24T08:00:11.358783471Z,1000,per_hit,raw_percent_of_host,api-node1,api-node2,17,23,40,28.282828,14.953271,28.282828,29.906542,100.000000,50.000000,0.000000,0.000000,0.000000,0.000000,0.000000,0.000000,160.294118,320.173913,79.716017,81.176836,3.000000
2026-06-24T08:00:12.358795488Z,1000,per_hit,raw_percent_of_host,api-node1,api-node2,29,12,41,27.027027,14.953271,27.027027,29.906542,100.000000,50.000000,0.000000,0.000000,0.000000,0.000000,0.000000,0.000000,274.448276,161.166667,64.573745,32.463708,3.000000
2026-06-24T08:00:13.35878477Z,1000,per_hit,raw_percent_of_host,api-node1,api-node2,24,19,43,29.702970,14.953271,29.702970,29.906542,100.000000,50.000000,0.000000,0.000000,0.000000,0.000000,0.000000,0.000000,162.541667,248.526316,62.289405,63.710844,3.000000
2026-06-24T08:00:14.358784619Z,1000,per_hit,raw_percent_of_host,api-node1,api-node2,23,21,44,27.272727,14.150943,27.272727,28.301887,100.000000,50.000000,0.000000,0.000000,0.000000,0.000000,0.000000,0.000000,195.304348,258.333333,75.729870,63.619162,3.000000
2026-06-24T08:00:15.358787417Z,1000,per_hit,raw_percent_of_host,api-node1,api-node2,27,18,45,30.392157,14.150943,30.392157,28.301887,100.000000,50.000000,0.000000,0.000000,0.000000,0.000000,0.000000,0.000000,249.666667,283.888889,62.473179,37.098046,3.000000
2026-06-24T08:00:16.358783547Z,1000,per_hit,raw_percent_of_host,api-node1,api-node2,21,25,46,27.027027,14.953271,27.027027,29.906542,100.000000,50.000000,0.000000,0.000000,0.000000,0.000000,0.000000,0.000000,171.142857,268.520000,63.314421,54.990403,3.000000
2026-06-24T08:00:17.358788851Z,1000,per_hit,raw_percent_of_host,api-node1,api-node2,26,19,45,30.392157,14.285714,30.392157,28.571429,100.000000,50.000000,0.000000,0.000000,0.000000,0.000000,0.000000,0.000000,226.923077,295.105263,68.938314,37.314775,3.000000
2026-06-24T08:00:18.358783851Z,1000,per_hit,raw_percent_of_host,api-node1,api-node2,34,16,50,29.000000,14.150943,29.000000,28.301887,100.000000,50.000000,0.000000,0.000000,0.000000,0.000000,0.000000,0.000000,229.882353,184.062500,55.128470,35.008511,3.000000
2026-06-24T08:00:19.358798834Z,1000,per_hit,raw_percent_of_host,api-node1,api-node2,26,23,49,29.702970,14.285714,29.702970,28.571429,100.000000,50.000000,0.000000,1.000000,0.000000,0.000000,0.000000,1.000000,212.115385,359.636364,75.972908,69.039110,3.000000
2026-06-24T08:00:20.358784833Z,1000,per_hit,raw_percent_of_host,api-node1,api-node2,41,9,50,29.292929,14.285714,29.292929,28.571429,100.000000,50.000000,0.000000,0.000000,0.000000,0.000000,0.000000,0.000000,273.341463,193.700000,71.421394,33.900540,3.000000
2026-06-24T08:00:21.358783889Z,1000,per_hit,raw_percent_of_host,api-node1,api-node2,27,25,52,32.038835,14.285714,32.038835,28.571429,100.000000,50.000000,0.000000,0.000000,0.000000,0.000000,0.000000,0.000000,203.740741,407.680000,56.741068,61.949297,3.000000
2026-06-24T08:00:22.358784852Z,1000,per_hit,raw_percent_of_host,api-node1,api-node2,21,32,53,29.702970,15.740741,29.702970,31.481481,100.000000,50.000000,0.000000,13.000000,0.000000,0.000000,0.000000,13.000000,145.571429,347.473684,52.908844,35.510391,3.000000
2026-06-24T08:00:23.358786989Z,1000,per_hit,raw_percent_of_host,api-node1,api-node2,42,12,54,30.000000,16.000000,30.000000,32.000000,100.000000,50.000000,0.000000,0.000000,0.000000,0.000000,0.000000,0.000000,294.738095,402.360000,71.993595,21.190025,3.000000
2026-06-24T08:00:24.358784714Z,1000,per_hit,raw_percent_of_host,api-node1,api-node2,25,30,55,29.000000,9.782609,29.000000,19.565217,100.000000,50.000000,0.000000,18.000000,0.000000,0.000000,0.000000,18.000000,216.440000,450.166667,49.491700,61.051279,3.000000
2026-06-24T08:00:25.358783834Z,1000,per_hit,raw_percent_of_host,api-node1,api-node2,42,13,55,29.702970,12.380952,29.702970,24.761905,100.000000,50.000000,0.000000,0.000000,0.000000,0.000000,0.000000,0.000000,343.857143,396.032258,69.823413,23.335384,3.000000
2026-06-24T08:00:26.358784892Z,1000,per_hit,raw_percent_of_host,api-node1,api-node2,29,29,58,30.392157,14.150943,30.392157,28.301887,100.000000,50.000000,0.000000,2.000000,0.000000,0.000000,0.000000,2.000000,171.551724,323.777778,50.854290,48.249278,3.000000
2026-06-24T08:00:27.358784565Z,1000,per_hit,raw_percent_of_host,api-node1,api-node2,38,20,58,27.678571,14.953271,27.678571,29.906542,100.000000,50.000000,1.000000,0.000000,0.000000,0.000000,1.000000,0.000000,295.675676,238.227273,72.480247,49.860089,3.000000
2026-06-24T08:00:28.35878561Z,1000,per_hit,raw_percent_of_host,api-node1,api-node2,23,36,59,29.702970,14.285714,29.702970,28.571429,100.000000,50.000000,0.000000,12.000000,0.000000,0.000000,0.000000,12.000000,156.041667,390.708333,49.670030,65.916369,3.000000
2026-06-24T08:00:29.35878382Z,1000,per_hit,raw_percent_of_host,api-node1,api-node2,30,30,60,29.702970,17.000000,29.702970,34.000000,100.000000,50.000000,1.000000,2.000000,0.000000,0.000000,1.000000,2.000000,192.137931,378.300000,54.949349,49.044853,3.000000
2026-06-24T08:00:30.358786798Z,1000,per_hit,raw_percent_of_host,api-node1,api-node2,41,20,61,29.000000,14.285714,29.000000,28.571429,100.000000,50.000000,0.000000,1.000000,0.000000,0.000000,0.000000,1.000000,316.952381,291.714286,71.278772,41.113807,3.000000
2026-06-24T08:00:31.358784843Z,1000,per_hit,raw_percent_of_host,api-node1,api-node2,16,46,62,32.323232,23.157895,32.323232,46.315789,100.000000,50.000000,0.000000,38.000000,0.000000,0.000000,0.000000,38.000000,135.312500,203.888889,32.176833,48.757480,3.000000
2026-06-24T08:00:32.358787837Z,1000,per_hit,raw_percent_of_host,api-node1,api-node2,49,14,63,29.702970,26.000000,29.702970,52.000000,100.000000,50.000000,1.000000,0.000000,0.000000,0.000000,1.000000,0.000000,305.416667,642.750000,70.383630,19.053843,3.000000
2026-06-24T08:00:33.358785204Z,1000,per_hit,raw_percent_of_host,api-node1,api-node2,27,37,64,29.702970,14.285714,29.702970,28.571429,100.000000,50.000000,1.000000,31.000000,0.000000,0.000000,1.000000,31.000000,164.666667,253.000000,49.837083,47.572052,3.000000
2026-06-24T08:00:34.358786304Z,1000,per_hit,raw_percent_of_host,api-node1,api-node2,42,22,64,29.000000,20.202020,29.000000,40.404040,100.000000,50.000000,0.000000,1.000000,0.000000,0.000000,0.000000,1.000000,312.465116,507.211538,71.005601,37.345573,3.000000
2026-06-24T08:00:35.358786811Z,1000,per_hit,raw_percent_of_host,api-node1,api-node2,37,28,65,29.000000,14.150943,29.000000,28.301887,100.000000,50.000000,0.000000,3.000000,0.000000,0.000000,0.000000,3.000000,266.216216,353.769231,62.375362,49.289968,3.000000
2026-06-24T08:00:36.358786576Z,1000,per_hit,raw_percent_of_host,api-node1,api-node2,35,31,66,27.027027,26.732673,27.027027,53.465347,100.000000,50.000000,0.000000,26.000000,0.000000,0.000000,0.000000,26.000000,316.600000,240.625000,64.353420,49.243782,3.000000
2026-06-24T08:00:37.358784815Z,1000,per_hit,raw_percent_of_host,api-node1,api-node2,33,34,67,29.000000,25.000000,29.000000,50.000000,100.000000,50.000000,1.000000,31.000000,0.000000,0.000000,1.000000,31.000000,253.062500,546.000000,58.633517,37.078992,3.000000
2026-06-24T08:00:38.358787953Z,1000,per_hit,raw_percent_of_host,api-node1,api-node2,45,22,67,29.702970,14.953271,29.702970,29.906542,100.000000,50.000000,1.000000,0.000000,0.000000,0.000000,1.000000,0.000000,307.911111,462.245283,69.167706,40.369993,3.000000
2026-06-24T08:00:39.358784447Z,1000,per_hit,raw_percent_of_host,api-node1,api-node2,39,29,68,28.318584,18.085106,28.318584,36.170213,100.000000,50.000000,0.000000,18.000000,0.000000,0.000000,0.000000,18.000000,331.450000,363.181818,64.060616,41.172578,3.000000
2026-06-24T08:00:40.358784603Z,1000,per_hit,raw_percent_of_host,api-node1,api-node2,27,42,69,27.927928,15.151515,27.927928,30.303030,100.000000,50.000000,0.000000,32.000000,0.000000,0.000000,0.000000,32.000000,188.185185,474.821429,41.575675,47.213129,3.000000
2026-06-24T08:00:41.358785115Z,1000,per_hit,raw_percent_of_host,api-node1,api-node2,48,22,70,28.712871,26.732673,28.712871,53.465347,100.000000,50.000000,10.000000,0.000000,0.000000,0.000000,10.000000,0.000000,423.973684,487.833333,64.922938,39.777123,3.000000
2026-06-24T08:00:42.358784402Z,1000,per_hit,raw_percent_of_host,api-node1,api-node2,26,44,70,42.424242,11.702128,42.424242,23.404255,100.000000,50.000000,0.000000,36.000000,0.000000,0.000000,0.000000,36.000000,240.916667,254.625000,31.014402,55.535669,3.000000
2026-06-24T08:00:43.358784257Z,1000,per_hit,raw_percent_of_host,api-node1,api-node2,42,29,71,30.392157,25.742574,30.392157,51.485149,100.000000,50.000000,1.000000,5.000000,0.000000,0.000000,1.000000,5.000000,305.219512,578.900000,69.641657,38.270441,3.000000
2026-06-24T08:00:44.358784545Z,1000,per_hit,raw_percent_of_host,api-node1,api-node2,45,26,71,27.027027,14.150943,27.027027,28.301887,100.000000,50.000000,0.000000,3.000000,0.000000,0.000000,0.000000,3.000000,397.500000,371.642857,64.933032,41.827583,3.000000
2026-06-24T08:00:45.358784777Z,1000,per_hit,raw_percent_of_host,api-node1,api-node2,38,34,72,33.000000,16.000000,33.000000,32.000000,100.000000,50.000000,1.000000,24.000000,0.000000,0.000000,1.000000,24.000000,292.729730,450.076923,42.219579,48.630486,3.000000
2026-06-24T08:00:46.358783889Z,1000,per_hit,raw_percent_of_host,api-node1,api-node2,57,15,72,29.702970,14.000000,29.702970,28.000000,100.000000,50.000000,1.000000,1.000000,0.000000,0.000000,1.000000,1.000000,430.333333,499.736842,61.787583,19.031613,3.000000
2026-06-24T08:00:47.358786104Z,1000,per_hit,raw_percent_of_host,api-node1,api-node2,27,46,73,29.000000,22.340426,29.000000,44.680851,100.000000,50.000000,0.000000,38.000000,0.000000,0.000000,0.000000,38.000000,201.678571,175.111111,41.099954,48.980961,3.000000
2026-06-24T08:00:48.358785174Z,1000,per_hit,raw_percent_of_host,api-node1,api-node2,46,27,73,29.702970,25.252525,29.702970,50.505051,100.000000,50.000000,1.000000,19.000000,0.000000,0.000000,1.000000,19.000000,296.666667,621.326087,61.443820,41.717810,3.000000
2026-06-24T08:00:49.358784745Z,1000,per_hit,raw_percent_of_host,api-node1,api-node2,39,34,73,32.089552,15.740741,32.089552,31.481481,100.000000,50.000000,1.000000,2.000000,0.000000,0.000000,1.000000,2.000000,268.743590,405.960784,48.695348,42.497824,3.000000
2026-06-24T08:00:50.358784315Z,1000,per_hit,raw_percent_of_host,api-node1,api-node2,50,24,74,29.411765,14.285714,29.411765,28.571429,100.000000,50.000000,1.000000,4.000000,0.000000,0.000000,1.000000,4.000000,381.800000,302.409091,67.000807,39.597762,3.000000
2026-06-24T08:00:51.358785679Z,1000,per_hit,raw_percent_of_host,api-node1,api-node2,44,30,74,29.000000,17.142857,29.000000,34.285714,100.000000,50.000000,0.000000,9.000000,0.000000,0.000000,0.000000,9.000000,271.955556,468.480000,49.162215,41.170779,3.000000
2026-06-24T08:00:52.358786416Z,1000,per_hit,raw_percent_of_host,api-node1,api-node2,39,35,74,27.027027,14.150943,27.027027,28.301887,100.000000,50.000000,0.000000,20.000000,0.000000,0.000000,0.000000,20.000000,267.076923,404.500000,52.022538,48.991263,3.000000
2026-06-24T08:00:53.358784876Z,1000,per_hit,raw_percent_of_host,api-node1,api-node2,36,39,75,29.702970,26.732673,29.702970,53.465347,100.000000,50.000000,1.000000,36.000000,0.000000,0.000000,1.000000,36.000000,207.542857,501.043478,46.995789,46.862330,3.000000
2026-06-24T08:00:54.358789622Z,1000,per_hit,raw_percent_of_host,api-node1,api-node2,58,17,75,29.702970,15.625000,29.702970,31.250000,100.000000,50.000000,2.000000,0.000000,0.000000,0.000000,2.000000,0.000000,400.263158,540.283019,66.643658,19.853419,3.000000
2026-06-24T08:00:55.35878478Z,1000,per_hit,raw_percent_of_host,api-node1,api-node2,29,46,75,27.027027,14.285714,27.027027,28.571429,100.000000,50.000000,1.000000,37.000000,0.000000,0.000000,1.000000,37.000000,209.866667,295.000000,33.081202,47.310473,3.000000
2026-06-24T08:00:56.358783925Z,1000,per_hit,raw_percent_of_host,api-node1,api-node2,52,23,75,29.702970,27.000000,29.702970,54.000000,100.000000,50.000000,15.000000,1.000000,0.000000,0.000000,15.000000,1.000000,392.026316,689.627119,64.100405,18.131498,3.000000
2026-06-24T08:00:57.358785099Z,1000,per_hit,raw_percent_of_host,api-node1,api-node2,32,43,75,29.702970,22.340426,29.702970,44.680851,100.000000,50.000000,1.000000,38.000000,0.000000,0.000000,1.000000,38.000000,274.304348,128.333333,41.913265,47.790485,3.000000
2026-06-24T08:00:58.358784589Z,1000,per_hit,raw_percent_of_host,api-node1,api-node2,45,30,75,29.702970,26.000000,29.702970,52.000000,100.000000,50.000000,1.000000,22.000000,0.000000,0.000000,1.000000,22.000000,369.777778,667.456522,47.088253,38.487531,3.000000
2026-06-24T08:00:59.358786026Z,1000,per_hit,raw_percent_of_host,api-node1,api-node2,44,31,75,29.702970,27.659574,29.702970,55.319149,100.000000,50.000000,1.000000,18.000000,0.000000,0.000000,1.000000,18.000000,250.818182,409.428571,48.970603,41.328257,3.000000
2026-06-24T08:01:00.358785979Z,1000,per_hit,raw_percent_of_host,api-node1,api-node2,39,36,75,31.578947,21.052632,31.578947,42.105263,100.000000,50.000000,1.000000,30.000000,0.000000,0.000000,1.000000,30.000000,255.025641,477.500000,47.833067,41.252910,3.000000
2026-06-24T08:01:01.358784823Z,1000,per_hit,raw_percent_of_host,api-node1,api-node2,56,19,75,28.000000,23.000000,28.000000,46.000000,100.000000,50.000000,5.000000,1.000000,0.000000,0.000000,5.000000,1.000000,397.346154,498.937500,63.688719,20.712516,3.000000
2026-06-24T08:01:02.358785506Z,1000,per_hit,raw_percent_of_host,api-node1,api-node2,33,42,75,27.027027,21.505376,27.027027,43.010753,100.000000,50.000000,1.000000,37.000000,0.000000,0.000000,1.000000,37.000000,254.864865,298.000000,32.750168,49.606587,3.000000
2026-06-24T08:01:03.358787805Z,1000,per_hit,raw_percent_of_host,api-node1,api-node2,45,30,75,29.411765,24.000000,29.411765,48.000000,100.000000,50.000000,0.000000,14.000000,0.000000,0.000000,0.000000,14.000000,318.847826,566.188679,48.301280,36.982761,3.000000
2026-06-24T08:01:04.358785365Z,1000,per_hit,raw_percent_of_host,api-node1,api-node2,33,41,74,31.632653,26.732673,31.632653,53.465347,100.000000,50.000000,0.000000,40.000000,0.000000,0.000000,0.000000,40.000000,254.969697,404.533333,41.643279,49.180808,3.000000
2026-06-24T08:01:05.358784519Z,1000,per_hit,raw_percent_of_host,api-node1,api-node2,39,35,74,29.000000,25.742574,29.000000,51.485149,100.000000,50.000000,1.000000,29.000000,0.000000,0.000000,1.000000,29.000000,208.105263,539.673913,49.110029,40.432699,3.000000
2026-06-24T08:01:06.358786066Z,1000,per_hit,raw_percent_of_host,api-node1,api-node2,33,41,74,28.318584,26.470588,28.318584,52.941176,100.000000,50.000000,1.000000,38.000000,0.000000,0.000000,1.000000,38.000000,203.000000,555.250000,49.322801,42.618574,3.000000
2026-06-24T08:01:07.358784867Z,1000,per_hit,raw_percent_of_host,api-node1,api-node2,39,35,74,29.702970,26.000000,29.702970,52.000000,100.000000,50.000000,0.000000,32.000000,0.000000,0.000000,0.000000,32.000000,205.775000,669.292683,49.776328,42.013140,3.000000
2026-06-24T08:01:08.358784387Z,1000,per_hit,raw_percent_of_host,api-node1,api-node2,46,27,73,29.702970,26.250000,29.702970,52.500000,100.000000,50.000000,0.000000,3.000000,0.000000,0.000000,0.000000,3.000000,357.152174,469.767857,62.843329,41.882196,3.000000
2026-06-24T08:01:09.358786601Z,1000,per_hit,raw_percent_of_host,api-node1,api-node2,38,35,73,27.027027,14.953271,27.027027,29.906542,100.000000,50.000000,1.000000,15.000000,0.000000,0.000000,1.000000,15.000000,258.405405,411.130435,35.256615,46.518556,3.000000
2026-06-24T08:01:10.358785174Z,1000,per_hit,raw_percent_of_host,api-node1,api-node2,47,26,73,29.702970,15.151515,29.702970,30.303030,100.000000,50.000000,2.000000,1.000000,0.000000,0.000000,2.000000,1.000000,379.891304,352.600000,47.433743,40.657360,3.000000
2026-06-24T08:01:11.358784929Z,1000,per_hit,raw_percent_of_host,api-node1,api-node2,33,39,72,41.836735,23.157895,41.836735,46.315789,100.000000,50.000000,1.000000,33.000000,0.000000,0.000000,1.000000,33.000000,193.235294,301.428571,37.527192,47.171676,3.000000
2026-06-24T08:01:12.358785803Z,1000,per_hit,raw_percent_of_host,api-node1,api-node2,46,26,72,27.678571,18.556701,27.678571,37.113402,100.000000,50.000000,0.000000,3.000000,0.000000,0.000000,0.000000,3.000000,313.382979,564.089286,47.874681,41.706751,3.000000
2026-06-24T08:01:13.358785003Z,1000,per_hit,raw_percent_of_host,api-node1,api-node2,29,42,71,27.272727,26.732673,27.272727,53.465347,100.000000,50.000000,1.000000,32.000000,0.000000,0.000000,1.000000,32.000000,173.571429,295.846154,50.470145,49.187118,3.000000
2026-06-24T08:01:14.358785773Z,1000,per_hit,raw_percent_of_host,api-node1,api-node2,45,27,72,29.702970,20.202020,29.702970,40.404040,100.000000,50.000000,1.000000,2.000000,0.000000,0.000000,1.000000,2.000000,271.755556,455.105263,62.222589,41.970443,3.000000
2026-06-24T08:01:15.358784355Z,1000,per_hit,raw_percent_of_host,api-node1,api-node2,38,32,70,32.089552,15.094340,32.089552,30.188679,100.000000,50.000000,0.000000,4.000000,0.000000,0.000000,0.000000,4.000000,220.230769,292.866667,48.545592,46.785179,3.000000
2026-06-24T08:01:16.35878406Z,1000,per_hit,raw_percent_of_host,api-node1,api-node2,40,29,69,27.027027,26.732673,27.027027,53.465347,100.000000,50.000000,1.000000,6.000000,0.000000,0.000000,1.000000,6.000000,244.256410,343.296296,67.882874,48.102470,3.000000
2026-06-24T08:01:17.35878572Z,1000,per_hit,raw_percent_of_host,api-node1,api-node2,37,31,68,29.411765,22.340426,29.411765,44.680851,100.000000,50.000000,0.000000,28.000000,0.000000,0.000000,0.000000,28.000000,233.421053,329.333333,50.135520,39.731061,3.000000
2026-06-24T08:01:18.358783739Z,1000,per_hit,raw_percent_of_host,api-node1,api-node2,39,29,68,29.000000,21.000000,29.000000,42.000000,100.000000,50.000000,0.000000,3.000000,0.000000,0.000000,0.000000,3.000000,258.487179,497.203704,63.991555,47.348269,3.000000
2026-06-24T08:01:19.358783584Z,1000,per_hit,raw_percent_of_host,api-node1,api-node2,37,29,66,28.282828,16.000000,28.282828,32.000000,100.000000,50.000000,0.000000,3.000000,0.000000,0.000000,0.000000,3.000000,256.108108,297.241379,47.939136,49.047872,3.000000
2026-06-24T08:01:20.358784522Z,1000,per_hit,raw_percent_of_host,api-node1,api-node2,29,38,67,27.272727,24.468085,27.272727,48.936170,100.000000,50.000000,0.000000,32.000000,0.000000,0.000000,0.000000,32.000000,161.793103,222.444444,65.986947,49.332316,3.000000
2026-06-24T08:01:21.358783575Z,1000,per_hit,raw_percent_of_host,api-node1,api-node2,46,20,66,30.392157,20.000000,30.392157,40.000000,100.000000,50.000000,0.000000,1.000000,0.000000,0.000000,0.000000,1.000000,273.130435,457.960784,66.307469,35.070732,3.000000
2026-06-24T08:01:22.358786251Z,1000,per_hit,raw_percent_of_host,api-node1,api-node2,25,39,64,29.000000,15.094340,29.000000,30.188679,100.000000,50.000000,0.000000,19.000000,0.000000,0.000000,0.000000,19.000000,166.200000,337.761905,49.709763,47.838318,3.000000
2026-06-24T08:01:23.358784273Z,1000,per_hit,raw_percent_of_host,api-node1,api-node2,38,26,64,29.000000,23.000000,29.000000,46.000000,100.000000,50.000000,1.000000,3.000000,0.000000,0.000000,1.000000,3.000000,231.216216,399.095238,71.124654,47.983232,3.000000
2026-06-24T08:01:24.358787791Z,1000,per_hit,raw_percent_of_host,api-node1,api-node2,34,29,63,30.000000,15.094340,30.000000,30.188679,100.000000,50.000000,1.000000,1.000000,0.000000,0.000000,1.000000,1.000000,205.205882,312.032258,49.291083,47.169954,3.000000
2026-06-24T08:01:25.358785509Z,1000,per_hit,raw_percent_of_host,api-node1,api-node2,29,33,62,29.702970,15.887850,29.702970,31.775701,100.000000,50.000000,0.000000,4.000000,0.000000,0.000000,0.000000,4.000000,153.366667,280.666667,51.822022,41.254524,3.000000
2026-06-24T08:01:26.358785169Z,1000,per_hit,raw_percent_of_host,api-node1,api-node2,39,21,60,27.678571,14.953271,27.678571,29.906542,100.000000,50.000000,1.000000,0.000000,0.000000,0.000000,1.000000,0.000000,263.657895,241.840000,72.348006,49.607346,3.000000
2026-06-24T08:01:27.358783573Z,1000,per_hit,raw_percent_of_host,api-node1,api-node2,34,26,60,29.000000,14.150943,29.000000,28.301887,100.000000,50.000000,1.000000,2.000000,0.000000,0.000000,1.000000,2.000000,191.764706,374.083333,49.388599,48.962647,3.000000
2026-06-24T08:01:28.358786144Z,1000,per_hit,raw_percent_of_host,api-node1,api-node2,32,27,59,29.702970,14.285714,29.702970,28.571429,100.000000,50.000000,0.000000,4.000000,0.000000,0.000000,0.000000,4.000000,217.909091,366.000000,50.611353,48.691777,3.000000
2026-06-24T08:01:29.358784159Z,1000,per_hit,raw_percent_of_host,api-node1,api-node2,38,21,59,29.702970,14.953271,29.702970,29.906542,100.000000,50.000000,0.000000,1.000000,0.000000,0.000000,0.000000,1.000000,213.657895,262.583333,72.094159,49.335727,3.000000
2026-06-24T08:01:30.358785217Z,1000,per_hit,raw_percent_of_host,api-node1,api-node2,32,25,57,30.000000,14.285714,30.000000,28.571429,100.000000,50.000000,1.000000,1.000000,0.000000,0.000000,1.000000,1.000000,180.193548,259.640000,71.210081,48.748363,3.000000
2026-06-24T08:01:31.358784265Z,1000,per_hit,raw_percent_of_host,api-node1,api-node2,26,30,56,29.000000,22.340426,29.000000,44.680851,100.000000,50.000000,1.000000,23.000000,0.000000,0.000000,1.000000,23.000000,150.576923,244.125000,69.207080,48.922176,3.000000
2026-06-24T08:01:32.358784938Z,1000,per_hit,raw_percent_of_host,api-node1,api-node2,36,19,55,29.000000,15.151515,29.000000,30.303030,100.000000,50.000000,0.000000,1.000000,0.000000,0.000000,0.000000,1.000000,246.513514,398.341463,69.275010,37.231972,3.000000
2026-06-24T08:01:33.358786958Z,1000,per_hit,raw_percent_of_host,api-node1,api-node2,31,23,54,29.702970,17.829457,29.702970,35.658915,100.000000,50.000000,1.000000,0.000000,0.000000,0.000000,1.000000,0.000000,181.933333,267.708333,65.482434,48.663789,3.000000
2026-06-24T08:01:34.358784765Z,1000,per_hit,raw_percent_of_host,api-node1,api-node2,24,29,53,27.027027,15.094340,27.027027,30.188679,100.000000,50.000000,0.000000,3.000000,0.000000,0.000000,0.000000,3.000000,138.600000,328.807692,68.264479,64.348891,3.000000
2026-06-24T08:01:35.358786614Z,1000,per_hit,raw_percent_of_host,api-node1,api-node2,30,22,52,29.702970,15.151515,29.702970,30.303030,100.000000,50.000000,0.000000,1.000000,0.000000,0.000000,0.000000,1.000000,164.533333,284.125000,73.623343,47.925293,3.000000
2026-06-24T08:01:36.358787708Z,1000,per_hit,raw_percent_of_host,api-node1,api-node2,26,22,48,29.000000,14.150943,29.000000,28.301887,100.000000,50.000000,1.000000,0.000000,0.000000,0.000000,1.000000,0.000000,179.440000,284.652174,73.944873,50.000000,3.000000
2026-06-24T08:01:37.358783672Z,1000,per_hit,raw_percent_of_host,api-node1,api-node2,37,15,52,29.000000,13.084112,29.000000,26.168224,100.000000,50.000000,1.000000,2.000000,0.000000,0.000000,1.000000,2.000000,222.972973,147.307692,71.340417,29.569693,3.000000
2026-06-24T08:01:38.358784369Z,1000,per_hit,raw_percent_of_host,api-node1,api-node2,25,24,49,27.678571,17.924528,27.678571,35.849057,100.000000,50.000000,1.000000,1.000000,0.000000,0.000000,1.000000,1.000000,211.560000,254.800000,50.506758,50.024615,3.000000
2026-06-24T08:01:39.358796561Z,1000,per_hit,raw_percent_of_host,api-node1,api-node2,26,22,48,29.000000,18.095238,29.000000,36.190476,100.000000,50.000000,2.000000,0.000000,0.000000,0.000000,2.000000,0.000000,149.480000,265.304348,76.391820,49.399828,3.000000
2026-06-24T08:01:40.35878564Z,1000,per_hit,raw_percent_of_host,api-node1,api-node2,24,22,46,29.729730,15.740741,29.729730,31.481481,100.000000,50.000000,1.000000,0.000000,0.000000,0.000000,1.000000,0.000000,179.520000,372.181818,51.121063,65.588560,3.000000
2026-06-24T08:01:41.358784556Z,1000,per_hit,raw_percent_of_host,api-node1,api-node2,39,6,45,31.313131,10.377358,31.313131,20.754717,100.000000,50.000000,0.000000,0.000000,0.000000,0.000000,0.000000,0.000000,263.825000,108.000000,70.065030,25.222050,3.000000
2026-06-24T08:01:42.358784761Z,1000,per_hit,raw_percent_of_host,api-node1,api-node2,21,23,44,32.673267,15.887850,32.673267,31.775701,100.000000,50.000000,0.000000,0.000000,0.000000,0.000000,0.000000,0.000000,130.523810,224.304348,49.398321,77.275408,3.000000
2026-06-24T08:01:43.358784054Z,1000,per_hit,raw_percent_of_host,api-node1,api-node2,27,16,43,31.313131,15.887850,31.313131,31.775701,100.000000,50.000000,0.000000,0.000000,0.000000,0.000000,0.000000,0.000000,214.037037,253.562500,74.229811,69.740846,3.000000
2026-06-24T08:01:44.358783685Z,1000,per_hit,raw_percent_of_host,api-node1,api-node2,26,16,42,32.673267,14.150943,32.673267,28.301887,100.000000,50.000000,0.000000,0.000000,0.000000,0.000000,0.000000,0.000000,154.846154,138.062500,75.187989,67.438349,3.000000
2026-06-24T08:01:45.358783819Z,1000,per_hit,raw_percent_of_host,api-node1,api-node2,21,20,41,31.250000,18.867925,31.250000,37.735849,100.000000,50.000000,0.000000,0.000000,0.000000,0.000000,0.000000,0.000000,185.333333,203.750000,70.071181,67.039917,3.000000
2026-06-24T08:01:46.358783929Z,1000,per_hit,raw_percent_of_host,api-node1,api-node2,21,19,40,30.434783,18.691589,30.434783,37.383178,100.000000,50.000000,0.000000,0.000000,0.000000,0.000000,0.000000,0.000000,118.238095,200.894737,70.912034,49.689365,3.000000
2026-06-24T08:01:47.358783601Z,1000,per_hit,raw_percent_of_host,api-node1,api-node2,20,19,39,32.000000,14.150943,32.000000,28.301887,100.000000,50.000000,0.000000,0.000000,0.000000,0.000000,0.000000,0.000000,157.850000,231.631579,73.165800,68.098593,3.000000
2026-06-24T08:01:48.358783834Z,1000,per_hit,raw_percent_of_host,api-node1,api-node2,29,9,38,32.673267,14.285714,32.673267,28.571429,100.000000,50.000000,0.000000,0.000000,0.000000,0.000000,0.000000,0.000000,186.310345,92.555556,74.891596,50.695474,3.000000
2026-06-24T08:01:49.358784761Z,1000,per_hit,raw_percent_of_host,api-node1,api-node2,20,17,37,29.000000,18.867925,29.000000,37.735849,100.000000,50.000000,0.000000,0.000000,0.000000,0.000000,0.000000,0.000000,169.800000,210.529412,74.390461,77.411105,3.000000
2026-06-24T08:01:50.358783516Z,1000,per_hit,raw_percent_of_host,api-node1,api-node2,19,16,35,31.313131,14.285714,31.313131,28.571429,100.000000,50.000000,0.000000,0.000000,0.000000,0.000000,0.000000,0.000000,94.894737,244.125000,77.629515,65.580355,3.000000
2026-06-24T08:01:51.358784815Z,1000,per_hit,raw_percent_of_host,api-node1,api-node2,19,15,34,33.663366,17.924528,33.663366,35.849057,100.000000,50.000000,0.000000,0.000000,0.000000,0.000000,0.000000,0.000000,120.157895,222.933333,73.834250,50.509253,3.000000
2026-06-24T08:01:52.358784573Z,1000,per_hit,raw_percent_of_host,api-node1,api-node2,21,12,33,29.702970,18.867925,29.702970,37.735849,100.000000,50.000000,0.000000,0.000000,0.000000,0.000000,0.000000,0.000000,156.095238,136.916667,74.827637,49.739028,3.000000
2026-06-24T08:01:53.358787492Z,1000,per_hit,raw_percent_of_host,api-node1,api-node2,14,18,32,28.712871,19.626168,28.712871,39.252336,100.000000,50.000000,0.000000,0.000000,0.000000,0.000000,0.000000,0.000000,86.571429,255.000000,80.959446,76.626041,3.000000
2026-06-24T08:01:54.358787158Z,1000,per_hit,raw_percent_of_host,api-node1,api-node2,17,13,30,29.729730,15.094340,29.729730,30.188679,100.000000,50.000000,0.000000,0.000000,0.000000,0.000000,0.000000,0.000000,118.000000,190.000000,80.117713,70.357204,3.000000
2026-06-24T08:01:55.35878434Z,1000,per_hit,raw_percent_of_host,api-node1,api-node2,15,15,30,32.673267,15.740741,32.673267,31.481481,100.000000,50.000000,0.000000,0.000000,0.000000,0.000000,0.000000,0.000000,93.866667,161.666667,78.417934,69.442980,3.000000
2026-06-24T08:01:56.358791468Z,1000,per_hit,raw_percent_of_host,api-node1,api-node2,20,9,29,28.571429,16.037736,28.571429,32.075472,100.000000,50.000000,0.000000,0.000000,0.000000,0.000000,0.000000,0.000000,136.050000,135.222222,80.268237,79.596892,3.000000
2026-06-24T08:01:57.358790193Z,1000,per_hit,raw_percent_of_host,api-node1,api-node2,16,12,28,27.678571,16.822430,27.678571,33.644860,100.000000,50.000000,0.000000,0.000000,0.000000,0.000000,0.000000,0.000000,119.312500,168.916667,75.994024,77.815345,3.000000
2026-06-24T08:01:58.358787049Z,1000,per_hit,raw_percent_of_host,api-node1,api-node2,15,12,27,29.000000,17.924528,29.000000,35.849057,100.000000,50.000000,0.000000,0.000000,0.000000,0.000000,0.000000,0.000000,106.066667,167.750000,79.167504,79.254052,3.000000
2026-06-24T08:01:59.358788058Z,1000,per_hit,raw_percent_of_host,api-node1,api-node2,12,14,26,27.000000,20.370370,27.000000,40.740741,100.000000,50.000000,0.000000,0.000000,0.000000,0.000000,0.000000,0.000000,86.916667,158.142857,77.872634,78.122698,3.000000
2026-06-24T08:02:00.35878843Z,1000,per_hit,raw_percent_of_host,api-node1,api-node2,10,15,25,31.313131,14.150943,31.313131,28.301887,100.000000,50.000000,0.000000,0.000000,0.000000,0.000000,0.000000,0.000000,87.100000,192.533333,79.692773,76.132098,3.000000
2026-06-24T08:02:01.358784684Z,1000,per_hit,raw_percent_of_host,api-node1,api-node2,13,11,24,25.892857,18.867925,25.892857,37.735849,100.000000,50.000000,0.000000,0.000000,0.000000,0.000000,0.000000,0.000000,116.384615,134.818182,70.837707,77.587839,3.000000
2026-06-24T08:02:02.35878363Z,1000,per_hit,raw_percent_of_host,api-node1,api-node2,13,10,23,32.673267,12.264151,32.673267,24.528302,100.000000,50.000000,0.000000,0.000000,0.000000,0.000000,0.000000,0.000000,90.076923,187.400000,77.335114,45.039378,3.000000
2026-06-24T08:02:03.358787665Z,1000,per_hit,raw_percent_of_host,api-node1,api-node2,11,11,22,24.242424,18.867925,24.242424,37.735849,100.000000,50.000000,0.000000,0.000000,0.000000,0.000000,0.000000,0.000000,119.181818,134.727273,77.945632,78.956913,3.000000
2026-06-24T08:02:04.358787411Z,1000,per_hit,raw_percent_of_host,api-node1,api-node2,10,11,21,31.683168,14.285714,31.683168,28.571429,100.000000,50.000000,0.000000,0.000000,0.000000,0.000000,0.000000,0.000000,82.100000,181.181818,78.458186,77.989913,3.000000
2026-06-24T08:02:05.358785138Z,1000,per_hit,raw_percent_of_host,api-node1,api-node2,10,10,20,28.712871,18.867925,28.712871,37.735849,100.000000,50.000000,0.000000,0.000000,0.000000,0.000000,0.000000,0.000000,70.600000,126.200000,78.817001,79.575184,3.000000
2026-06-24T08:02:06.358788673Z,1000,per_hit,raw_percent_of_host,api-node1,api-node2,10,10,20,26.732673,18.867925,26.732673,37.735849,100.000000,50.000000,0.000000,0.000000,0.000000,0.000000,0.000000,0.000000,86.100000,122.400000,80.774338,78.945386,3.000000
2026-06-24T08:02:07.358784512Z,1000,per_hit,raw_percent_of_host,api-node1,api-node2,6,13,19,22.448980,17.431193,22.448980,34.862385,100.000000,50.000000,0.000000,0.000000,0.000000,0.000000,0.000000,0.000000,55.833333,173.230769,80.683482,72.970582,3.000000
2026-06-24T08:02:08.358783718Z,1000,per_hit,raw_percent_of_host,api-node1,api-node2,13,4,17,32.352941,11.000000,32.352941,22.000000,100.000000,50.000000,0.000000,0.000000,0.000000,0.000000,0.000000,0.000000,95.769231,77.500000,79.334164,52.751423,3.000000
2026-06-24T08:02:09.358786933Z,1000,per_hit,raw_percent_of_host,api-node1,api-node2,11,7,18,25.742574,10.377358,25.742574,20.754717,100.000000,50.000000,0.000000,0.000000,0.000000,0.000000,0.000000,0.000000,74.272727,140.428571,77.596125,76.848752,3.000000
2026-06-24T08:02:10.35879122Z,1000,per_hit,raw_percent_of_host,api-node1,api-node2,10,7,17,20.202020,14.150943,20.202020,28.301887,100.000000,50.000000,0.000000,0.000000,0.000000,0.000000,0.000000,0.000000,81.900000,108.857143,78.710082,80.084741,3.000000
2026-06-24T08:02:11.358786393Z,1000,per_hit,raw_percent_of_host,api-node1,api-node2,8,8,16,24.000000,9.523810,24.000000,19.047619,100.000000,50.000000,0.000000,0.000000,0.000000,0.000000,0.000000,0.000000,57.000000,118.375000,81.527764,55.373933,3.000000
2026-06-24T08:02:12.358784709Z,1000,per_hit,raw_percent_of_host,api-node1,api-node2,10,5,15,28.000000,10.280374,28.000000,20.560748,100.000000,50.000000,0.000000,0.000000,0.000000,0.000000,0.000000,0.000000,80.100000,123.600000,79.884676,53.708337,3.000000
2026-06-24T08:02:13.358787151Z,1000,per_hit,raw_percent_of_host,api-node1,api-node2,6,9,15,17.171717,11.320755,17.171717,22.641509,100.000000,50.000000,0.000000,0.000000,0.000000,0.000000,0.000000,0.000000,73.833333,157.555556,79.715659,69.286434,3.000000
2026-06-24T08:02:14.358784798Z,1000,per_hit,raw_percent_of_host,api-node1,api-node2,4,10,14,14.141414,11.320755,14.141414,22.641509,100.000000,50.000000,0.000000,0.000000,0.000000,0.000000,0.000000,0.000000,50.000000,188.300000,81.208066,51.652890,3.000000
2026-06-24T08:02:15.35878495Z,1000,per_hit,raw_percent_of_host,api-node1,api-node2,11,3,14,28.431373,11.000000,28.431373,22.000000,100.000000,50.000000,0.000000,0.000000,0.000000,0.000000,0.000000,0.000000,87.363636,121.000000,79.873131,52.460549,3.000000
2026-06-24T08:02:16.358784027Z,1000,per_hit,raw_percent_of_host,api-node1,api-node2,12,1,13,31.683168,5.050505,31.683168,10.101010,100.000000,50.000000,0.000000,0.000000,0.000000,0.000000,0.000000,0.000000,94.916667,50.000000,78.857415,78.914222,3.000000
2026-06-24T08:02:17.358783651Z,1000,per_hit,raw_percent_of_host,api-node1,api-node2,8,5,13,26.262626,14.018692,26.262626,28.037383,100.000000,50.000000,0.000000,0.000000,0.000000,0.000000,0.000000,0.000000,77.750000,102.000000,76.256866,78.805717,3.000000
2026-06-24T08:02:18.35878417Z,1000,per_hit,raw_percent_of_host,api-node1,api-node2,5,7,12,19.191919,13.207547,19.191919,26.415094,100.000000,50.000000,0.000000,0.000000,0.000000,0.000000,0.000000,0.000000,62.800000,110.428571,78.474659,78.971867,3.000000
2026-06-24T08:02:19.358783752Z,1000,per_hit,raw_percent_of_host,api-node1,api-node2,7,5,12,22.222222,16.037736,22.222222,32.075472,100.000000,50.000000,0.000000,0.000000,0.000000,0.000000,0.000000,0.000000,60.857143,109.200000,82.575298,78.938339,3.000000
2026-06-24T08:02:20.358787563Z,1000,per_hit,raw_percent_of_host,api-node1,api-node2,8,3,11,28.155340,10.377358,28.155340,20.754717,100.000000,50.000000,0.000000,0.000000,0.000000,0.000000,0.000000,0.000000,57.250000,92.000000,82.173359,73.969991,3.000000
2026-06-24T08:02:21.358783714Z,1000,per_hit,raw_percent_of_host,api-node1,api-node2,5,6,11,19.000000,13.207547,19.000000,26.415094,100.000000,50.000000,0.000000,0.000000,0.000000,0.000000,0.000000,0.000000,68.200000,94.666667,80.818761,78.958143,3.000000
2026-06-24T08:02:22.358784098Z,1000,per_hit,raw_percent_of_host,api-node1,api-node2,7,4,11,24.752475,12.149533,24.752475,24.299065,100.000000,50.000000,0.000000,0.000000,0.000000,0.000000,0.000000,0.000000,73.428571,98.750000,80.195109,54.867609,3.000000
2026-06-24T08:02:23.358783874Z,1000,per_hit,raw_percent_of_host,api-node1,api-node2,6,5,11,20.202020,15.740741,20.202020,31.481481,100.000000,50.000000,0.000000,0.000000,0.000000,0.000000,0.000000,0.000000,58.000000,90.600000,80.952030,79.140367,3.000000
2026-06-24T08:02:24.358784751Z,1000,per_hit,raw_percent_of_host,api-node1,api-node2,7,3,10,25.490196,9.523810,25.490196,19.047619,100.000000,50.000000,0.000000,0.000000,0.000000,0.000000,0.000000,0.000000,66.142857,99.666667,80.634949,56.075739,3.000000
2026-06-24T08:02:25.358785245Z,1000,per_hit,raw_percent_of_host,api-node1,api-node2,8,2,10,24.000000,6.060606,24.000000,12.121212,100.000000,50.000000,0.000000,0.000000,0.000000,0.000000,0.000000,0.000000,65.125000,50.000000,80.805157,75.512056,3.000000
2026-06-24T08:02:26.358783624Z,1000,per_hit,raw_percent_of_host,api-node1,api-node2,6,4,10,19.387755,13.000000,19.387755,26.000000,100.000000,50.000000,0.000000,0.000000,0.000000,0.000000,0.000000,0.000000,61.333333,50.000000,80.218387,82.463184,3.000000
2026-06-24T08:02:27.358783474Z,1000,per_hit,raw_percent_of_host,api-node1,api-node2,2,8,10,10.101010,14.953271,10.101010,29.906542,100.000000,50.000000,0.000000,0.000000,0.000000,0.000000,0.000000,0.000000,50.000000,107.000000,79.426600,80.309462,3.000000
2026-06-24T08:02:28.358783675Z,1000,per_hit,raw_percent_of_host,api-node1,api-node2,2,8,10,10.101010,16.666667,10.101010,33.333333,100.000000,50.000000,0.000000,0.000000,0.000000,0.000000,0.000000,0.000000,50.000000,125.500000,83.325572,77.591690,3.000000
2026-06-24T08:02:29.358783777Z,1000,per_hit,raw_percent_of_host,api-node1,api-node2,7,3,10,25.742574,6.060606,25.742574,12.121212,100.000000,50.000000,0.000000,0.000000,0.000000,0.000000,0.000000,0.000000,52.571429,59.000000,80.709298,72.545712,3.000000
2026-06-24T08:02:30.35878717Z,1000,per_hit,raw_percent_of_host,api-node1,api-node2,3,7,10,11.111111,14.953271,11.111111,29.906542,100.000000,50.000000,0.000000,0.000000,0.000000,0.000000,0.000000,0.000000,50.000000,120.428571,80.855088,80.435818,3.000000
2026-06-24T08:02:31.358784761Z,1000,per_hit,raw_percent_of_host,api-node1,api-node2,5,5,10,21.212121,9.523810,21.212121,19.047619,100.000000,50.000000,0.000000,0.000000,0.000000,0.000000,0.000000,0.000000,60.600000,113.000000,81.012319,55.813553,3.000000
2026-06-24T08:02:32.358787039Z,1000,per_hit,raw_percent_of_host,api-node1,api-node2,5,5,10,18.000000,11.111111,18.000000,22.222222,100.000000,50.000000,0.000000,0.000000,0.000000,0.000000,0.000000,0.000000,66.400000,57.800000,81.285679,81.917170,3.000000
2026-06-24T08:02:33.358788138Z,1000,per_hit,raw_percent_of_host,api-node1,api-node2,6,5,11,16.161616,12.149533,16.161616,24.299065,100.000000,50.000000,0.000000,0.000000,0.000000,0.000000,0.000000,0.000000,50.000000,117.400000,79.678561,78.162930,3.000000
2026-06-24T08:02:34.358784998Z,1000,per_hit,raw_percent_of_host,api-node1,api-node2,9,2,11,22.222222,11.000000,22.222222,22.000000,100.000000,50.000000,0.000000,0.000000,0.000000,0.000000,0.000000,0.000000,75.444444,63.000000,81.972601,78.905813,3.000000
2026-06-24T08:02:35.358783419Z,1000,per_hit,raw_percent_of_host,api-node1,api-node2,4,7,11,11.111111,16.037736,11.111111,32.075472,100.000000,50.000000,0.000000,0.000000,0.000000,0.000000,0.000000,0.000000,71.250000,94.428571,81.871013,79.536121,3.000000
2026-06-24T08:02:36.358788541Z,1000,per_hit,raw_percent_of_host,api-node1,api-node2,4,7,11,15.151515,13.207547,15.151515,26.415094,100.000000,50.000000,0.000000,0.000000,0.000000,0.000000,0.000000,0.000000,51.500000,67.142857,80.423733,79.397090,3.000000
2026-06-24T08:02:37.358786565Z,1000,per_hit,raw_percent_of_host,api-node1,api-node2,8,4,12,22.222222,9.523810,22.222222,19.047619,100.000000,50.000000,0.000000,0.000000,0.000000,0.000000,0.000000,0.000000,50.000000,115.250000,81.587736,75.668236,3.000000
2026-06-24T08:02:38.358788094Z,1000,per_hit,raw_percent_of_host,api-node1,api-node2,8,4,12,18.181818,11.320755,18.181818,22.641509,100.000000,50.000000,0.000000,0.000000,0.000000,0.000000,0.000000,0.000000,60.000000,100.500000,80.874114,78.965622,3.000000
2026-06-24T08:02:39.358798599Z,1000,per_hit,raw_percent_of_host,api-node1,api-node2,9,4,13,22.222222,7.000000,22.222222,14.000000,100.000000,50.000000,0.000000,0.000000,0.000000,0.000000,0.000000,0.000000,63.333333,57.750000,81.156125,82.992912,3.000000
2026-06-24T08:02:40.358783636Z,1000,per_hit,raw_percent_of_host,api-node1,api-node2,8,5,13,21.000000,14.285714,21.000000,28.571429,100.000000,50.000000,0.000000,0.000000,0.000000,0.000000,0.000000,0.000000,60.250000,77.400000,81.106769,72.986719,3.000000
2026-06-24T08:02:41.358784852Z,1000,per_hit,raw_percent_of_host,api-node1,api-node2,8,5,13,18.181818,16.161616,18.181818,32.323232,100.000000,50.000000,0.000000,0.000000,0.000000,0.000000,0.000000,0.000000,63.125000,89.400000,81.555649,73.557694,3.000000
2026-06-24T08:02:42.358786509Z,1000,per_hit,raw_percent_of_host,api-node1,api-node2,7,7,14,23.000000,10.101010,23.000000,20.202020,100.000000,50.000000,0.000000,0.000000,0.000000,0.000000,0.000000,0.000000,63.714286,61.142857,80.966552,79.970328,3.000000
2026-06-24T08:02:43.3587849Z,1000,per_hit,raw_percent_of_host,api-node1,api-node2,10,5,15,23.000000,10.101010,23.000000,20.202020,100.000000,50.000000,0.000000,0.000000,0.000000,0.000000,0.000000,0.000000,63.800000,54.600000,80.472451,79.392671,3.000000
2026-06-24T08:02:44.358788031Z,1000,per_hit,raw_percent_of_host,api-node1,api-node2,5,10,15,10.101010,15.094340,10.101010,30.188679,100.000000,50.000000,0.000000,0.000000,0.000000,0.000000,0.000000,0.000000,68.400000,120.100000,81.017847,66.682451,3.000000
2026-06-24T08:02:45.358783608Z,1000,per_hit,raw_percent_of_host,api-node1,api-node2,8,8,16,19.191919,14.285714,19.191919,28.571429,100.000000,50.000000,0.000000,0.000000,0.000000,0.000000,0.000000,0.000000,71.375000,101.500000,80.045744,73.995300,3.000000
2026-06-24T08:02:46.358784763Z,1000,per_hit,raw_percent_of_host,api-node1,api-node2,9,7,16,17.171717,11.320755,17.171717,22.641509,100.000000,50.000000,0.000000,0.000000,0.000000,0.000000,0.000000,0.000000,66.000000,110.285714,81.387233,66.401855,3.000000
2026-06-24T08:02:47.35878626Z,1000,per_hit,raw_percent_of_host,api-node1,api-node2,9,8,17,19.191919,13.207547,19.191919,26.415094,100.000000,50.000000,0.000000,0.000000,0.000000,0.000000,0.000000,0.000000,71.555556,91.625000,80.544766,65.901369,3.000000
2026-06-24T08:02:48.358794682Z,1000,per_hit,raw_percent_of_host,api-node1,api-node2,9,9,18,22.772277,9.090909,22.772277,18.181818,100.000000,50.000000,0.000000,0.000000,0.000000,0.000000,0.000000,0.000000,57.666667,111.111111,79.794891,63.538398,3.000000
2026-06-24T08:02:49.358784446Z,1000,per_hit,raw_percent_of_host,api-node1,api-node2,11,8,19,22.448980,10.280374,22.448980,20.560748,100.000000,50.000000,0.000000,0.000000,0.000000,0.000000,0.000000,0.000000,68.727273,103.500000,79.432404,71.286824,3.000000
2026-06-24T08:02:50.358784981Z,1000,per_hit,raw_percent_of_host,api-node1,api-node2,12,7,19,20.000000,11.111111,20.000000,22.222222,100.000000,50.000000,0.000000,0.000000,0.000000,0.000000,0.000000,0.000000,81.333333,83.285714,76.889511,63.474157,3.000000
2026-06-24T08:02:51.358785202Z,1000,per_hit,raw_percent_of_host,api-node1,api-node2,12,8,20,24.000000,11.000000,24.000000,22.000000,100.000000,50.000000,0.000000,0.000000,0.000000,0.000000,0.000000,0.000000,66.250000,108.625000,76.830472,66.950326,3.000000
2026-06-24T08:02:52.358788261Z,1000,per_hit,raw_percent_of_host,api-node1,api-node2,13,8,21,17.000000,11.320755,17.000000,22.641509,100.000000,50.000000,0.000000,0.000000,0.000000,0.000000,0.000000,0.000000,78.846154,104.125000,80.765347,58.667544,3.000000
2026-06-24T08:02:53.358784777Z,1000,per_hit,raw_percent_of_host,api-node1,api-node2,12,10,22,13.000000,15.238095,13.000000,30.476190,100.000000,50.000000,0.000000,0.000000,0.000000,0.000000,0.000000,0.000000,93.416667,102.100000,69.462779,58.506700,3.000000
2026-06-24T08:02:54.358784757Z,1000,per_hit,raw_percent_of_host,api-node1,api-node2,12,11,23,18.000000,11.320755,18.000000,22.641509,100.000000,50.000000,0.000000,1.000000,0.000000,0.000000,0.000000,1.000000,93.916667,104.500000,76.077283,62.411101,3.000000
2026-06-24T08:02:55.358786702Z,1000,per_hit,raw_percent_of_host,api-node1,api-node2,14,10,24,22.772277,9.090909,22.772277,18.181818,100.000000,50.000000,0.000000,0.000000,0.000000,0.000000,0.000000,0.000000,90.071429,103.636364,71.599211,67.252816,3.000000
2026-06-24T08:02:56.358784119Z,1000,per_hit,raw_percent_of_host,api-node1,api-node2,13,12,25,15.151515,10.377358,15.151515,20.754717,100.000000,50.000000,0.000000,1.000000,0.000000,0.000000,0.000000,1.000000,87.384615,96.181818,75.144176,76.441706,3.000000
2026-06-24T08:02:57.358785804Z,1000,per_hit,raw_percent_of_host,api-node1,api-node2,17,9,26,21.000000,10.000000,21.000000,20.000000,100.000000,50.000000,0.000000,0.000000,0.000000,0.000000,0.000000,0.000000,93.941176,105.300000,71.997281,68.193195,3.000000
2026-06-24T08:02:58.358788222Z,1000,per_hit,raw_percent_of_host,api-node1,api-node2,13,14,27,20.202020,10.000000,20.202020,20.000000,100.000000,50.000000,0.000000,4.000000,0.000000,0.000000,0.000000,4.000000,82.230769,101.400000,73.198068,68.042557,3.000000
2026-06-24T08:02:59.358785259Z,1000,per_hit,raw_percent_of_host,api-node1,api-node2,17,11,28,21.000000,10.476190,21.000000,20.952381,100.000000,50.000000,0.000000,0.000000,0.000000,0.000000,0.000000,0.000000,112.470588,141.666667,76.185450,47.611345,3.000000
2026-06-24T08:03:00.35878384Z,1000,per_hit,raw_percent_of_host,api-node1,api-node2,15,14,29,17.171717,9.523810,17.171717,19.047619,100.000000,50.000000,0.000000,2.000000,0.000000,0.000000,0.000000,2.000000,119.066667,124.833333,69.337645,65.374403,3.000000
2026-06-24T08:03:01.35878738Z,1000,per_hit,raw_percent_of_host,api-node1,api-node2,17,13,30,25.252525,7.000000,25.252525,14.000000,100.000000,50.000000,0.000000,5.000000,0.000000,0.000000,0.000000,5.000000,87.941176,131.900000,74.835458,69.671319,3.000000
2026-06-24T08:03:02.358786966Z,1000,per_hit,raw_percent_of_host,api-node1,api-node2,18,13,31,19.191919,10.101010,19.191919,20.202020,100.000000,50.000000,0.000000,1.000000,0.000000,0.000000,0.000000,1.000000,121.111111,134.058824,70.518293,69.071958,3.000000
2026-06-24T08:03:03.358785381Z,1000,per_hit,raw_percent_of_host,api-node1,api-node2,20,12,32,21.428571,9.000000,21.428571,18.000000,100.000000,50.000000,0.000000,1.000000,0.000000,0.000000,0.000000,1.000000,125.900000,99.250000,68.531608,67.678672,3.000000
2026-06-24T08:03:04.358785731Z,1000,per_hit,raw_percent_of_host,api-node1,api-node2,19,14,33,24.242424,6.000000,24.242424,12.000000,100.000000,50.000000,0.000000,11.000000,0.000000,0.000000,0.000000,11.000000,103.263158,108.250000,67.601420,70.161089,3.000000
2026-06-24T08:03:05.358785673Z,1000,per_hit,raw_percent_of_host,api-node1,api-node2,17,17,34,16.831683,13.829787,16.831683,27.659574,100.000000,50.000000,0.000000,6.000000,0.000000,0.000000,0.000000,6.000000,110.647059,175.545455,73.945802,64.296863,3.000000
2026-06-24T08:03:06.358795385Z,1000,per_hit,raw_percent_of_host,api-node1,api-node2,20,15,35,19.801980,14.150943,19.801980,28.301887,100.000000,50.000000,1.000000,4.000000,0.000000,0.000000,1.000000,4.000000,141.947368,157.882353,74.196015,48.171322,3.000000
2026-06-24T08:03:07.358783881Z,1000,per_hit,raw_percent_of_host,api-node1,api-node2,18,18,36,13.861386,10.476190,13.861386,20.952381,100.000000,50.000000,0.000000,6.000000,0.000000,0.000000,0.000000,6.000000,123.947368,156.312500,71.965558,55.566534,3.000000
2026-06-24T08:03:08.358784493Z,1000,per_hit,raw_percent_of_host,api-node1,api-node2,18,19,37,16.161616,8.602151,16.161616,17.204301,100.000000,50.000000,0.000000,7.000000,0.000000,0.000000,0.000000,7.000000,101.777778,140.222222,69.149482,71.435000,3.000000
2026-06-24T08:03:09.358784424Z,1000,per_hit,raw_percent_of_host,api-node1,api-node2,24,15,39,25.000000,7.000000,25.000000,14.000000,100.000000,50.000000,5.000000,10.000000,0.000000,0.000000,5.000000,10.000000,116.421053,174.416667,72.440901,67.608344,3.000000
2026-06-24T08:03:10.358784675Z,1000,per_hit,raw_percent_of_host,api-node1,api-node2,23,17,40,18.367347,16.831683,18.367347,33.663366,100.000000,50.000000,4.000000,9.000000,0.000000,0.000000,4.000000,9.000000,152.916667,167.000000,70.445731,44.768919,3.000000
2026-06-24T08:03:11.358785876Z,1000,per_hit,raw_percent_of_host,api-node1,api-node2,26,15,41,14.141414,17.000000,14.141414,34.000000,100.000000,50.000000,7.000000,3.000000,0.000000,0.000000,7.000000,3.000000,165.695652,166.238095,68.571590,49.730652,3.000000
2026-06-24T08:03:12.358784887Z,1000,per_hit,raw_percent_of_host,api-node1,api-node2,23,19,42,19.801980,16.000000,19.801980,32.000000,100.000000,50.000000,1.000000,7.000000,0.000000,0.000000,1.000000,7.000000,163.758621,122.866667,68.272243,45.442579,3.000000
2026-06-24T08:03:13.358785015Z,1000,per_hit,raw_percent_of_host,api-node1,api-node2,19,24,43,15.151515,10.377358,15.151515,20.754717,100.000000,50.000000,0.000000,15.000000,0.000000,0.000000,0.000000,15.000000,135.050000,161.187500,72.488360,62.252941,3.000000
2026-06-24T08:03:14.358785095Z,1000,per_hit,raw_percent_of_host,api-node1,api-node2,23,21,44,12.121212,22.000000,12.121212,44.000000,100.000000,50.000000,3.000000,13.000000,0.000000,0.000000,3.000000,13.000000,143.700000,264.086957,72.673806,44.876743,3.000000
2026-06-24T08:03:15.358784838Z,1000,per_hit,raw_percent_of_host,api-node1,api-node2,29,16,45,17.000000,15.151515,17.000000,30.303030,100.000000,50.000000,21.000000,8.000000,0.000000,0.000000,21.000000,8.000000,113.090909,181.619048,70.065509,49.885882,3.000000
2026-06-24T08:03:16.358784613Z,1000,per_hit,raw_percent_of_host,api-node1,api-node2,22,24,46,10.309278,13.000000,10.309278,26.000000,100.000000,50.000000,6.000000,14.000000,0.000000,0.000000,6.000000,14.000000,212.540541,154.611111,68.062991,63.346912,3.000000
2026-06-24T08:03:17.35878461Z,1000,per_hit,raw_percent_of_host,api-node1,api-node2,27,21,48,20.202020,16.326531,20.202020,32.653061,100.000000,50.000000,1.000000,13.000000,0.000000,0.000000,1.000000,13.000000,155.750000,238.272727,70.740660,45.555748,3.000000
2026-06-24T08:03:18.358785097Z,1000,per_hit,raw_percent_of_host,api-node1,api-node2,34,15,49,20.000000,14.736842,20.000000,29.473684,100.000000,50.000000,24.000000,5.000000,0.000000,0.000000,24.000000,5.000000,98.090909,203.130435,68.495796,60.467067,3.000000
2026-06-24T08:03:19.358783989Z,1000,per_hit,raw_percent_of_host,api-node1,api-node2,32,18,50,18.181818,11.000000,18.181818,22.000000,100.000000,50.000000,21.000000,12.000000,0.000000,0.000000,21.000000,12.000000,206.542857,129.545455,70.782887,56.434926,3.000000
2026-06-24T08:03:20.358784216Z,1000,per_hit,raw_percent_of_host,api-node1,api-node2,26,25,51,21.839080,5.376344,21.839080,10.752688,100.000000,50.000000,5.000000,20.000000,0.000000,0.000000,5.000000,20.000000,187.904762,171.176471,71.201518,69.098835,3.000000
2026-06-24T08:03:21.358784807Z,1000,per_hit,raw_percent_of_host,api-node1,api-node2,32,20,52,20.408163,18.085106,20.408163,36.170213,100.000000,50.000000,22.000000,13.000000,0.000000,0.000000,22.000000,13.000000,132.866667,304.851852,69.158210,46.306460,3.000000
2026-06-24T08:03:22.35878474Z,1000,per_hit,raw_percent_of_host,api-node1,api-node2,33,19,52,11.340206,15.151515,11.340206,30.303030,100.000000,50.000000,20.000000,7.000000,0.000000,0.000000,20.000000,7.000000,226.828571,171.480000,68.635553,41.225893,3.000000
2026-06-24T08:03:23.358783872Z,1000,per_hit,raw_percent_of_host,api-node1,api-node2,30,24,54,18.181818,17.821782,18.181818,35.643564,100.000000,50.000000,16.000000,14.000000,0.000000,0.000000,16.000000,14.000000,217.911765,147.235294,69.469930,49.681819,3.000000
2026-06-24T08:03:24.358785849Z,1000,per_hit,raw_percent_of_host,api-node1,api-node2,29,26,55,10.227273,16.161616,10.227273,32.323232,100.000000,50.000000,10.000000,18.000000,0.000000,0.000000,10.000000,18.000000,187.485714,190.681818,68.342387,47.109085,3.000000
2026-06-24T08:03:25.358784349Z,1000,per_hit,raw_percent_of_host,api-node1,api-node2,31,25,56,20.454545,13.978495,20.454545,27.956989,100.000000,50.000000,7.000000,17.000000,0.000000,0.000000,7.000000,17.000000,187.323529,228.884615,70.240976,59.246921,3.000000
2026-06-24T08:03:26.358791418Z,1000,per_hit,raw_percent_of_host,api-node1,api-node2,34,23,57,22.448980,14.893617,22.448980,29.787234,100.000000,50.000000,26.000000,15.000000,0.000000,0.000000,26.000000,15.000000,132.133333,241.320000,69.535658,58.372585,3.000000
2026-06-24T08:03:27.358783966Z,1000,per_hit,raw_percent_of_host,api-node1,api-node2,33,25,58,22.222222,16.129032,22.222222,32.258065,100.000000,50.000000,18.000000,19.000000,0.000000,0.000000,18.000000,19.000000,210.512195,212.190476,66.937223,46.013640,3.000000
2026-06-24T08:03:28.358785162Z,1000,per_hit,raw_percent_of_host,api-node1,api-node2,33,26,59,17.346939,23.000000,17.346939,46.000000,100.000000,50.000000,21.000000,19.000000,0.000000,0.000000,21.000000,19.000000,184.033333,315.230769,67.424313,47.685440,3.000000
2026-06-24T08:03:29.358784511Z,1000,per_hit,raw_percent_of_host,api-node1,api-node2,32,28,60,19.000000,12.903226,19.000000,25.806452,100.000000,50.000000,21.000000,19.000000,0.000000,0.000000,21.000000,19.000000,210.656250,269.285714,66.804249,62.975746,3.000000
2026-06-24T08:03:30.35878588Z,1000,per_hit,raw_percent_of_host,api-node1,api-node2,38,23,61,21.212121,20.202020,21.212121,40.404040,100.000000,50.000000,30.000000,13.000000,0.000000,0.000000,30.000000,13.000000,212.172414,290.448276,69.004948,45.519508,3.000000
2026-06-24T08:03:31.358784336Z,1000,per_hit,raw_percent_of_host,api-node1,api-node2,26,36,62,14.141414,13.684211,14.141414,27.368421,100.000000,50.000000,12.000000,26.000000,0.000000,0.000000,12.000000,26.000000,223.840909,203.478261,70.133604,59.935799,3.000000
2026-06-24T08:03:32.358784251Z,1000,per_hit,raw_percent_of_host,api-node1,api-node2,43,20,63,23.711340,20.652174,23.711340,41.304348,100.000000,50.000000,29.000000,11.000000,0.000000,0.000000,29.000000,11.000000,162.961538,318.171429,66.537384,45.866179,3.000000
2026-06-24T08:03:33.358783888Z,1000,per_hit,raw_percent_of_host,api-node1,api-node2,35,29,64,28.282828,19.148936,28.282828,38.297872,100.000000,50.000000,24.000000,22.000000,0.000000,0.000000,24.000000,22.000000,241.200000,221.333333,60.528510,46.511127,3.000000
2026-06-24T08:03:34.358784766Z,1000,per_hit,raw_percent_of_host,api-node1,api-node2,34,31,65,15.463918,21.000000,15.463918,42.000000,100.000000,50.000000,30.000000,22.000000,0.000000,0.000000,30.000000,22.000000,245.285714,308.516129,70.369522,45.851297,3.000000
2026-06-24T08:03:35.358784549Z,1000,per_hit,raw_percent_of_host,api-node1,api-node2,27,38,65,1.149425,21.212121,1.149425,42.424242,100.000000,50.000000,22.000000,25.000000,0.000000,0.000000,22.000000,25.000000,270.400000,279.885714,71.692113,48.038531,3.000000
2026-06-24T08:03:36.35878476Z,1000,per_hit,raw_percent_of_host,api-node1,api-node2,46,20,66,23.469388,17.021277,23.469388,34.042553,100.000000,50.000000,35.000000,11.000000,0.000000,0.000000,35.000000,11.000000,183.000000,352.823529,65.910503,32.330661,3.000000
2026-06-24T08:03:37.358784672Z,1000,per_hit,raw_percent_of_host,api-node1,api-node2,35,32,67,34.653465,10.752688,34.653465,21.505376,100.000000,50.000000,16.000000,24.000000,0.000000,0.000000,16.000000,24.000000,264.981481,203.368421,50.285738,66.659767,3.000000
2026-06-24T08:03:38.35878548Z,1000,per_hit,raw_percent_of_host,api-node1,api-node2,44,24,68,22.448980,16.129032,22.448980,32.258065,100.000000,50.000000,26.000000,18.000000,0.000000,0.000000,26.000000,18.000000,173.000000,370.033333,66.162391,35.608692,3.000000
2026-06-24T08:03:39.35878426Z,1000,per_hit,raw_percent_of_host,api-node1,api-node2,40,28,68,34.523810,12.631579,34.523810,25.263158,100.000000,50.000000,29.000000,24.000000,0.000000,0.000000,29.000000,24.000000,215.594595,268.500000,48.008747,52.679366,3.000000
2026-06-24T08:03:40.358787633Z,1000,per_hit,raw_percent_of_host,api-node1,api-node2,48,21,69,26.530612,22.580645,26.530612,45.161290,100.000000,50.000000,36.000000,13.000000,0.000000,0.000000,36.000000,13.000000,226.731707,380.375000,63.901922,46.651612,3.000000
2026-06-24T08:03:41.358784068Z,1000,per_hit,raw_percent_of_host,api-node1,api-node2,41,29,70,28.282828,16.326531,28.282828,32.653061,100.000000,50.000000,32.000000,21.000000,0.000000,0.000000,32.000000,21.000000,300.644444,242.619048,59.625649,45.236130,3.000000
2026-06-24T08:03:42.358784064Z,1000,per_hit,raw_percent_of_host,api-node1,api-node2,39,31,70,37.000000,11.827957,37.000000,23.655914,100.000000,50.000000,21.000000,28.000000,0.000000,0.000000,21.000000,28.000000,236.080000,249.041667,47.917980,63.669404,3.000000
2026-06-24T08:03:43.358784515Z,1000,per_hit,raw_percent_of_host,api-node1,api-node2,47,24,71,24.242424,23.157895,24.242424,46.315789,100.000000,50.000000,36.000000,18.000000,0.000000,0.000000,36.000000,18.000000,178.843750,355.235294,65.030260,46.471238,3.000000
2026-06-24T08:03:44.35878502Z,1000,per_hit,raw_percent_of_host,api-node1,api-node2,41,30,71,25.510204,21.000000,25.510204,42.000000,100.000000,50.000000,29.000000,18.000000,0.000000,0.000000,29.000000,18.000000,292.062500,264.600000,65.545915,46.366848,3.000000
2026-06-24T08:03:45.358786227Z,1000,per_hit,raw_percent_of_host,api-node1,api-node2,39,33,72,43.820225,23.404255,43.820225,46.808511,100.000000,50.000000,26.000000,29.000000,0.000000,0.000000,26.000000,29.000000,264.452381,393.500000,47.206109,46.725105,3.000000
2026-06-24T08:03:46.358784206Z,1000,per_hit,raw_percent_of_host,api-node1,api-node2,41,31,72,20.408163,27.659574,20.408163,55.319149,100.000000,50.000000,27.000000,22.000000,0.000000,0.000000,27.000000,22.000000,229.800000,502.105263,68.169351,46.403335,3.000000
2026-06-24T08:03:47.358788203Z,1000,per_hit,raw_percent_of_host,api-node1,api-node2,38,35,73,13.402062,22.000000,13.402062,44.000000,100.000000,50.000000,31.000000,24.000000,0.000000,0.000000,31.000000,24.000000,248.323529,355.515152,67.631600,46.997480,3.000000
2026-06-24T08:03:48.358784265Z,1000,per_hit,raw_percent_of_host,api-node1,api-node2,37,36,73,28.865979,21.782178,28.865979,43.564356,100.000000,50.000000,24.000000,27.000000,0.000000,0.000000,24.000000,27.000000,230.159091,323.939394,60.575319,47.072159,3.000000
2026-06-24T08:03:49.358784541Z,1000,per_hit,raw_percent_of_host,api-node1,api-node2,51,23,74,37.777778,22.580645,37.777778,45.161290,100.000000,50.000000,34.000000,21.000000,0.000000,0.000000,34.000000,21.000000,218.926829,429.586207,49.503621,34.574216,3.000000
2026-06-24T08:03:50.358784856Z,1000,per_hit,raw_percent_of_host,api-node1,api-node2,35,39,74,21.428571,22.000000,21.428571,44.000000,100.000000,50.000000,30.000000,30.000000,0.000000,0.000000,30.000000,30.000000,303.384615,340.500000,66.387041,49.153846,3.000000
2026-06-24T08:03:51.358784084Z,1000,per_hit,raw_percent_of_host,api-node1,api-node2,41,33,74,41.573034,11.764706,41.573034,23.529412,100.000000,50.000000,24.000000,27.000000,0.000000,0.000000,24.000000,27.000000,254.425532,495.361111,48.425469,53.970192,3.000000
2026-06-24T08:03:52.358784692Z,1000,per_hit,raw_percent_of_host,api-node1,api-node2,45,29,74,28.409091,27.659574,28.409091,55.319149,100.000000,50.000000,39.000000,22.000000,0.000000,0.000000,39.000000,22.000000,228.200000,424.323529,62.343882,46.951516,3.000000
2026-06-24T08:03:53.358785493Z,1000,per_hit,raw_percent_of_host,api-node1,api-node2,40,35,75,26.804124,22.222222,26.804124,44.444444,100.000000,50.000000,29.000000,23.000000,0.000000,0.000000,29.000000,23.000000,277.640000,261.441176,61.480366,47.399347,3.000000
2026-06-24T08:03:54.358784812Z,1000,per_hit,raw_percent_of_host,api-node1,api-node2,44,31,75,25.773196,23.000000,25.773196,46.000000,100.000000,50.000000,35.000000,19.000000,0.000000,0.000000,35.000000,19.000000,265.684211,296.371429,61.363001,46.283395,3.000000
2026-06-24T08:03:55.35878446Z,1000,per_hit,raw_percent_of_host,api-node1,api-node2,41,34,75,13.636364,25.252525,13.636364,50.505051,100.000000,50.000000,39.000000,18.000000,0.000000,0.000000,39.000000,18.000000,298.675676,302.371429,66.246790,46.584856,3.000000
2026-06-24T08:03:56.358783873Z,1000,per_hit,raw_percent_of_host,api-node1,api-node2,42,33,75,27.272727,22.222222,27.272727,44.444444,100.000000,50.000000,27.000000,25.000000,0.000000,0.000000,27.000000,25.000000,311.055556,244.923077,60.612867,46.985146,3.000000
2026-06-24T08:03:57.358784737Z,1000,per_hit,raw_percent_of_host,api-node1,api-node2,39,36,75,27.272727,26.470588,27.272727,52.941176,100.000000,50.000000,33.000000,28.000000,0.000000,0.000000,33.000000,28.000000,271.363636,394.090909,61.591916,46.404489,3.000000
2026-06-24T08:03:58.358785527Z,1000,per_hit,raw_percent_of_host,api-node1,api-node2,47,28,75,35.353535,16.129032,35.353535,32.258065,100.000000,50.000000,32.000000,22.000000,0.000000,0.000000,32.000000,22.000000,283.812500,459.000000,50.209516,36.959467,3.000000
2026-06-24T08:03:59.358785037Z,1000,per_hit,raw_percent_of_host,api-node1,api-node2,39,36,75,28.282828,26.732673,28.282828,53.465347,100.000000,50.000000,34.000000,28.000000,0.000000,0.000000,34.000000,28.000000,295.135135,389.100000,60.873418,46.337406,3.000000
2026-06-24T08:04:00.358784261Z,1000,per_hit,raw_percent_of_host,api-node1,api-node2,46,29,75,29.292929,25.742574,29.292929,51.485149,100.000000,50.000000,32.000000,24.000000,0.000000,0.000000,32.000000,24.000000,283.750000,373.090909,61.578875,46.617584,3.000000
2026-06-24T08:04:01.358784923Z,1000,per_hit,raw_percent_of_host,api-node1,api-node2,39,36,75,29.292929,17.821782,29.292929,35.643564,100.000000,50.000000,32.000000,25.000000,0.000000,0.000000,32.000000,25.000000,302.282051,248.200000,58.611019,48.436504,3.000000
2026-06-24T08:04:02.358783826Z,1000,per_hit,raw_percent_of_host,api-node1,api-node2,42,33,75,23.863636,27.659574,23.863636,55.319149,100.000000,50.000000,28.000000,26.000000,0.000000,0.000000,28.000000,26.000000,250.456522,395.468750,63.581230,46.618562,3.000000
2026-06-24T08:04:03.358784917Z,1000,per_hit,raw_percent_of_host,api-node1,api-node2,44,31,75,30.612245,12.903226,30.612245,25.806452,100.000000,50.000000,28.000000,27.000000,0.000000,0.000000,28.000000,27.000000,237.159091,356.000000,47.779568,60.800999,3.000000
2026-06-24T08:04:04.358784903Z,1000,per_hit,raw_percent_of_host,api-node1,api-node2,35,39,74,34.000000,26.881720,34.000000,53.763441,100.000000,50.000000,23.000000,33.000000,0.000000,0.000000,23.000000,33.000000,229.275000,349.787879,48.073490,46.645218,3.000000
2026-06-24T08:04:05.358784627Z,1000,per_hit,raw_percent_of_host,api-node1,api-node2,41,33,74,28.571429,26.732673,28.571429,53.465347,100.000000,50.000000,29.000000,26.000000,0.000000,0.000000,29.000000,26.000000,212.142857,507.500000,59.290007,44.055057,3.000000
2026-06-24T08:04:06.358786019Z,1000,per_hit,raw_percent_of_host,api-node1,api-node2,43,31,74,30.303030,23.404255,30.303030,46.808511,100.000000,50.000000,31.000000,24.000000,0.000000,0.000000,31.000000,24.000000,269.512195,412.909091,48.381980,47.231529,3.000000
2026-06-24T08:04:07.358786292Z,1000,per_hit,raw_percent_of_host,api-node1,api-node2,44,30,74,29.591837,18.279570,29.591837,36.559140,100.000000,50.000000,32.000000,24.000000,0.000000,0.000000,32.000000,24.000000,282.209302,349.466667,59.613849,46.823014,3.000000
2026-06-24T08:04:08.358785476Z,1000,per_hit,raw_percent_of_host,api-node1,api-node2,33,40,73,32.183908,25.742574,32.183908,51.485149,100.000000,50.000000,26.000000,33.000000,0.000000,0.000000,26.000000,33.000000,267.307692,340.258065,46.753639,47.058944,3.000000
2026-06-24T08:04:09.358786842Z,1000,per_hit,raw_percent_of_host,api-node1,api-node2,45,28,73,41.414141,25.252525,41.414141,50.505051,100.000000,50.000000,37.000000,20.000000,0.000000,0.000000,37.000000,20.000000,251.529412,475.731707,47.936307,38.827108,3.000000
2026-06-24T08:04:10.358786309Z,1000,per_hit,raw_percent_of_host,api-node1,api-node2,36,36,72,35.714286,25.742574,35.714286,51.485149,100.000000,50.000000,27.000000,28.000000,0.000000,0.000000,27.000000,28.000000,343.478261,381.035714,46.231361,47.167862,3.000000
2026-06-24T08:04:11.358784562Z,1000,per_hit,raw_percent_of_host,api-node1,api-node2,38,34,72,26.436782,25.742574,26.436782,51.485149,100.000000,50.000000,23.000000,24.000000,0.000000,0.000000,23.000000,24.000000,222.214286,355.447368,62.039713,46.174079,3.000000
2026-06-24T08:04:12.358785047Z,1000,per_hit,raw_percent_of_host,api-node1,api-node2,39,32,71,30.232558,21.505376,30.232558,43.010753,100.000000,50.000000,22.000000,22.000000,0.000000,0.000000,22.000000,22.000000,228.450000,324.117647,46.711325,46.893619,3.000000
2026-06-24T08:04:13.358784322Z,1000,per_hit,raw_percent_of_host,api-node1,api-node2,32,39,71,21.428571,25.252525,21.428571,50.505051,100.000000,50.000000,26.000000,27.000000,0.000000,0.000000,26.000000,27.000000,236.714286,358.941176,65.806631,46.850472,3.000000
2026-06-24T08:04:14.358784502Z,1000,per_hit,raw_percent_of_host,api-node1,api-node2,44,26,70,21.590909,22.826087,21.590909,45.652174,100.000000,50.000000,33.000000,19.000000,0.000000,0.000000,33.000000,19.000000,197.189189,475.588235,67.031001,46.443766,3.000000
2026-06-24T08:04:15.358784695Z,1000,per_hit,raw_percent_of_host,api-node1,api-node2,34,36,70,31.313131,12.765957,31.313131,25.531915,100.000000,50.000000,14.000000,34.000000,0.000000,0.000000,14.000000,34.000000,231.603774,377.428571,49.509795,60.555997,3.000000
2026-06-24T08:04:16.358784722Z,1000,per_hit,raw_percent_of_host,api-node1,api-node2,44,25,69,22.000000,26.000000,22.000000,52.000000,100.000000,50.000000,32.000000,18.000000,0.000000,0.000000,32.000000,18.000000,148.538462,472.756098,65.733194,47.974529,3.000000
2026-06-24T08:04:17.358785085Z,1000,per_hit,raw_percent_of_host,api-node1,api-node2,31,37,68,10.204082,22.549020,10.204082,45.098039,100.000000,50.000000,29.000000,26.000000,0.000000,0.000000,29.000000,26.000000,284.882353,270.724138,58.338060,48.598148,3.000000
2026-06-24T08:04:18.358785381Z,1000,per_hit,raw_percent_of_host,api-node1,api-node2,28,40,68,33.333333,23.404255,33.333333,46.808511,100.000000,50.000000,6.000000,33.000000,0.000000,0.000000,6.000000,33.000000,227.117647,372.060606,49.403935,47.036047,3.000000
2026-06-24T08:04:19.358784485Z,1000,per_hit,raw_percent_of_host,api-node1,api-node2,41,26,67,13.131313,26.000000,13.131313,52.000000,100.000000,50.000000,31.000000,11.000000,0.000000,0.000000,31.000000,11.000000,156.437500,478.750000,70.449713,47.087317,3.000000
2026-06-24T08:04:20.35878448Z,1000,per_hit,raw_percent_of_host,api-node1,api-node2,36,30,66,23.232323,12.871287,23.232323,25.742574,100.000000,50.000000,28.000000,20.000000,0.000000,0.000000,28.000000,20.000000,289.000000,159.857143,66.159215,57.868373,3.000000
2026-06-24T08:04:21.35878477Z,1000,per_hit,raw_percent_of_host,api-node1,api-node2,41,24,65,27.500000,23.655914,27.500000,47.311828,100.000000,50.000000,26.000000,15.000000,0.000000,0.000000,26.000000,15.000000,282.744186,343.724138,61.929396,46.526616,3.000000
2026-06-24T08:04:22.358784048Z,1000,per_hit,raw_percent_of_host,api-node1,api-node2,31,34,65,27.000000,22.222222,27.000000,44.444444,100.000000,50.000000,14.000000,23.000000,0.000000,0.000000,14.000000,23.000000,209.255814,245.230769,61.874568,48.189063,3.000000
2026-06-24T08:04:23.358784662Z,1000,per_hit,raw_percent_of_host,api-node1,api-node2,32,32,64,37.500000,24.210526,37.500000,48.421053,100.000000,50.000000,12.000000,27.000000,0.000000,0.000000,12.000000,27.000000,160.794118,355.142857,49.649336,46.228162,3.000000
2026-06-24T08:04:24.358786718Z,1000,per_hit,raw_percent_of_host,api-node1,api-node2,42,21,63,21.782178,26.000000,21.782178,52.000000,100.000000,50.000000,30.000000,13.000000,0.000000,0.000000,30.000000,13.000000,158.583333,434.200000,66.996787,44.831763,3.000000
2026-06-24T08:04:25.358784402Z,1000,per_hit,raw_percent_of_host,api-node1,api-node2,37,25,62,26.582278,16.831683,26.582278,33.663366,100.000000,50.000000,27.000000,14.000000,0.000000,0.000000,27.000000,14.000000,277.975000,196.875000,61.880655,49.091144,3.000000
2026-06-24T08:04:26.358784418Z,1000,per_hit,raw_percent_of_host,api-node1,api-node2,31,30,61,25.510204,20.212766,25.510204,40.425532,100.000000,50.000000,18.000000,21.000000,0.000000,0.000000,18.000000,21.000000,220.500000,203.391304,63.729518,46.272921,3.000000
2026-06-24T08:04:27.358783891Z,1000,per_hit,raw_percent_of_host,api-node1,api-node2,32,28,60,20.454545,22.580645,20.454545,45.161290,100.000000,50.000000,11.000000,16.000000,0.000000,0.000000,11.000000,16.000000,174.000000,309.484848,69.788245,46.322998,3.000000
2026-06-24T08:04:28.3587846Z,1000,per_hit,raw_percent_of_host,api-node1,api-node2,34,25,59,18.556701,19.148936,18.556701,38.297872,100.000000,50.000000,24.000000,14.000000,0.000000,0.000000,24.000000,14.000000,144.571429,276.703704,69.344971,47.914654,3.000000
2026-06-24T08:04:29.358784561Z,1000,per_hit,raw_percent_of_host,api-node1,api-node2,29,29,58,31.818182,17.204301,31.818182,34.408602,100.000000,50.000000,15.000000,20.000000,0.000000,0.000000,15.000000,20.000000,217.289474,257.173913,49.770123,45.991815,3.000000
2026-06-24T08:04:30.358786277Z,1000,per_hit,raw_percent_of_host,api-node1,api-node2,37,20,57,20.000000,26.470588,20.000000,52.941176,100.000000,50.000000,30.000000,8.000000,0.000000,0.000000,30.000000,8.000000,184.590909,335.906250,67.647932,46.580211,3.000000
2026-06-24T08:04:31.358786473Z,1000,per_hit,raw_percent_of_host,api-node1,api-node2,20,29,49,11.111111,16.161616,11.111111,32.323232,100.000000,50.000000,18.000000,17.000000,0.000000,0.000000,18.000000,17.000000,291.000000,158.900000,40.037842,49.799908,3.000000
2026-06-24T08:04:32.358784508Z,1000,per_hit,raw_percent_of_host,api-node1,api-node2,18,30,48,2.040816,20.202020,2.040816,40.404040,100.000000,50.000000,7.000000,21.000000,0.000000,0.000000,7.000000,21.000000,125.068966,246.076923,73.911346,45.957056,3.000000
2026-06-24T08:04:33.358784708Z,1000,per_hit,raw_percent_of_host,api-node1,api-node2,34,24,58,40.206186,24.731183,40.206186,49.462366,100.000000,50.000000,6.000000,13.000000,0.000000,0.000000,6.000000,13.000000,104.742857,283.750000,53.905320,44.202071,3.000000
2026-06-24T08:04:34.35878415Z,1000,per_hit,raw_percent_of_host,api-node1,api-node2,31,21,52,41.836735,13.829787,41.836735,27.659574,100.000000,50.000000,6.000000,10.000000,0.000000,0.000000,6.000000,10.000000,105.935484,197.625000,49.909469,62.519649,3.000000
2026-06-24T08:04:35.358783654Z,1000,per_hit,raw_percent_of_host,api-node1,api-node2,25,27,52,29.000000,23.958333,29.000000,47.916667,100.000000,50.000000,4.000000,9.000000,0.000000,0.000000,4.000000,9.000000,104.888889,165.285714,61.198191,50.710295,3.000000
2026-06-24T08:04:36.358785056Z,1000,per_hit,raw_percent_of_host,api-node1,api-node2,31,20,51,39.603960,21.505376,39.603960,43.010753,100.000000,50.000000,12.000000,8.000000,0.000000,0.000000,12.000000,8.000000,101.652174,139.000000,49.824847,49.178525,3.000000
2026-06-24T08:04:37.358783544Z,1000,per_hit,raw_percent_of_host,api-node1,api-node2,21,29,50,21.212121,25.742574,21.212121,51.485149,100.000000,50.000000,2.000000,10.000000,0.000000,0.000000,2.000000,10.000000,146.290323,149.000000,64.888034,49.399629,3.000000
2026-06-24T08:04:38.35878408Z,1000,per_hit,raw_percent_of_host,api-node1,api-node2,21,28,49,31.034483,26.881720,31.034483,53.763441,100.000000,50.000000,3.000000,15.000000,0.000000,0.000000,3.000000,15.000000,85.400000,155.043478,52.650211,47.781073,3.000000
2026-06-24T08:04:39.358783629Z,1000,per_hit,raw_percent_of_host,api-node1,api-node2,21,26,47,31.958763,25.252525,31.958763,50.505051,100.000000,50.000000,1.000000,13.000000,0.000000,0.000000,1.000000,13.000000,96.826087,186.250000,49.479287,48.644900,3.000000
2026-06-24T08:04:40.358783722Z,1000,per_hit,raw_percent_of_host,api-node1,api-node2,25,21,46,29.292929,25.000000,29.292929,50.000000,100.000000,50.000000,3.000000,9.000000,0.000000,0.000000,3.000000,9.000000,94.782609,174.080000,59.354490,48.939221,3.000000
2026-06-24T08:04:41.358783444Z,1000,per_hit,raw_percent_of_host,api-node1,api-node2,33,12,45,38.613861,5.376344,38.613861,10.752688,100.000000,50.000000,3.000000,6.000000,0.000000,0.000000,3.000000,6.000000,100.757576,178.666667,50.105922,53.592327,3.000000
2026-06-24T08:04:42.35878443Z,1000,per_hit,raw_percent_of_host,api-node1,api-node2,27,17,44,37.000000,19.148936,37.000000,38.297872,100.000000,50.000000,2.000000,10.000000,0.000000,0.000000,2.000000,10.000000,93.500000,123.000000,49.780052,49.740886,3.000000
2026-06-24T08:04:43.358784632Z,1000,per_hit,raw_percent_of_host,api-node1,api-node2,23,20,43,27.272727,24.468085,27.272727,48.936170,100.000000,50.000000,4.000000,5.000000,0.000000,0.000000,4.000000,5.000000,98.428571,129.840000,62.149067,49.499934,3.000000
2026-06-24T08:04:44.358783767Z,1000,per_hit,raw_percent_of_host,api-node1,api-node2,15,20,35,23.469388,23.913043,23.469388,47.826087,100.000000,50.000000,5.000000,10.000000,0.000000,0.000000,5.000000,10.000000,89.071429,98.800000,65.084881,50.000000,3.000000
2026-06-24T08:04:45.358783775Z,1000,per_hit,raw_percent_of_host,api-node1,api-node2,20,22,42,38.613861,22.826087,38.613861,45.652174,100.000000,50.000000,0.000000,14.000000,0.000000,0.000000,0.000000,14.000000,71.280000,127.666667,60.719727,49.795276,3.000000
2026-06-24T08:04:46.358786195Z,1000,per_hit,raw_percent_of_host,api-node1,api-node2,20,17,37,37.755102,22.826087,37.755102,45.652174,100.000000,50.000000,7.000000,7.000000,0.000000,0.000000,7.000000,7.000000,61.076923,237.625000,50.000000,47.027320,3.000000
2026-06-24T08:04:47.358784136Z,1000,per_hit,raw_percent_of_host,api-node1,api-node2,21,15,36,43.434343,20.652174,43.434343,41.304348,100.000000,50.000000,3.000000,8.000000,0.000000,0.000000,3.000000,8.000000,79.400000,116.000000,54.400065,49.793874,3.000000
2026-06-24T08:04:48.358785312Z,1000,per_hit,raw_percent_of_host,api-node1,api-node2,18,21,39,28.282828,22.340426,28.282828,44.680851,100.000000,50.000000,2.000000,6.000000,0.000000,0.000000,2.000000,6.000000,96.315789,156.826087,58.308022,47.808959,3.000000
2026-06-24T08:04:49.358783499Z,1000,per_hit,raw_percent_of_host,api-node1,api-node2,17,19,36,21.428571,25.000000,21.428571,50.000000,100.000000,50.000000,2.000000,5.000000,0.000000,0.000000,2.000000,5.000000,93.941176,115.350000,66.329345,50.000000,3.000000
2026-06-24T08:04:50.358783557Z,1000,per_hit,raw_percent_of_host,api-node1,api-node2,16,17,33,25.287356,15.094340,25.287356,30.188679,100.000000,50.000000,0.000000,9.000000,0.000000,0.000000,0.000000,9.000000,81.000000,107.384615,65.965417,48.795383,3.000000
2026-06-24T08:04:51.358786419Z,1000,per_hit,raw_percent_of_host,api-node1,api-node2,19,17,36,28.282828,22.641509,28.282828,45.283019,100.000000,50.000000,0.000000,6.000000,0.000000,0.000000,0.000000,6.000000,75.473684,129.550000,62.846295,48.825083,3.000000
2026-06-24T08:04:52.358783523Z,1000,per_hit,raw_percent_of_host,api-node1,api-node2,13,20,33,27.000000,25.531915,27.000000,51.063830,100.000000,50.000000,0.000000,6.000000,0.000000,0.000000,0.000000,6.000000,58.538462,108.800000,64.327078,49.785601,3.000000
2026-06-24T08:04:53.358783788Z,1000,per_hit,raw_percent_of_host,api-node1,api-node2,18,14,32,39.393939,22.580645,39.393939,45.161290,100.000000,50.000000,0.000000,5.000000,0.000000,0.000000,0.000000,5.000000,59.555556,130.933333,63.664017,48.878547,3.000000
2026-06-24T08:04:54.358784985Z,1000,per_hit,raw_percent_of_host,api-node1,api-node2,12,19,31,31.683168,21.739130,31.683168,43.478261,100.000000,50.000000,0.000000,7.000000,0.000000,0.000000,0.000000,7.000000,51.416667,113.470588,50.000000,50.000000,3.000000
2026-06-24T08:04:55.358786251Z,1000,per_hit,raw_percent_of_host,api-node1,api-node2,15,15,30,28.282828,23.404255,28.282828,46.808511,100.000000,50.000000,0.000000,3.000000,0.000000,0.000000,0.000000,3.000000,67.866667,128.473684,71.756528,49.399675,3.000000
2026-06-24T08:04:56.358787528Z,1000,per_hit,raw_percent_of_host,api-node1,api-node2,17,12,29,38.383838,17.391304,38.383838,34.782609,100.000000,50.000000,0.000000,5.000000,0.000000,0.000000,0.000000,5.000000,56.941176,96.400000,52.634480,49.753280,3.000000
2026-06-24T08:04:57.358786293Z,1000,per_hit,raw_percent_of_host,api-node1,api-node2,17,11,28,36.363636,12.765957,36.363636,25.531915,100.000000,50.000000,0.000000,4.000000,0.000000,0.000000,0.000000,4.000000,58.352941,108.083333,50.000000,59.868969,3.000000
2026-06-24T08:04:58.358784312Z,1000,per_hit,raw_percent_of_host,api-node1,api-node2,18,9,27,33.333333,12.000000,33.333333,24.000000,100.000000,50.000000,0.000000,2.000000,0.000000,0.000000,0.000000,2.000000,70.833333,113.363636,50.000000,66.095239,3.000000
2026-06-24T08:04:59.35878366Z,1000,per_hit,raw_percent_of_host,api-node1,api-node2,15,11,26,42.000000,10.101010,42.000000,20.202020,100.000000,50.000000,0.000000,5.000000,0.000000,0.000000,0.000000,5.000000,58.800000,97.375000,50.000000,66.071570,3.000000
2026-06-24T08:05:00.35878465Z,1000,per_hit,raw_percent_of_host,api-node1,api-node2,13,12,25,26.262626,18.811881,26.262626,37.623762,100.000000,50.000000,0.000000,2.000000,0.000000,0.000000,0.000000,2.000000,62.000000,120.133333,74.696014,49.959778,3.000000
2026-06-24T08:05:01.358783508Z,1000,per_hit,raw_percent_of_host,api-node1,api-node2,11,13,24,31.632653,11.224490,31.632653,22.448980,100.000000,50.000000,0.000000,4.000000,0.000000,0.000000,0.000000,4.000000,57.000000,89.909091,63.805667,62.853670,3.000000
2026-06-24T08:05:02.358783547Z,1000,per_hit,raw_percent_of_host,api-node1,api-node2,15,8,23,36.363636,15.053763,36.363636,30.107527,100.000000,50.000000,0.000000,1.000000,0.000000,0.000000,0.000000,1.000000,67.200000,109.636364,63.995752,53.873978,3.000000
2026-06-24T08:05:03.358788911Z,1000,per_hit,raw_percent_of_host,api-node1,api-node2,11,11,22,24.242424,19.148936,24.242424,38.297872,100.000000,50.000000,0.000000,3.000000,0.000000,0.000000,0.000000,3.000000,57.000000,94.555556,62.567211,56.529243,3.000000
2026-06-24T08:05:04.358783869Z,1000,per_hit,raw_percent_of_host,api-node1,api-node2,13,8,21,25.252525,15.151515,25.252525,30.303030,100.000000,50.000000,0.000000,0.000000,0.000000,0.000000,0.000000,0.000000,77.615385,84.636364,76.879540,49.662052,3.000000
2026-06-24T08:05:05.358784575Z,1000,per_hit,raw_percent_of_host,api-node1,api-node2,9,11,20,34.000000,7.000000,34.000000,14.000000,100.000000,50.000000,0.000000,5.000000,0.000000,0.000000,0.000000,5.000000,50.000000,83.500000,53.970094,64.325590,3.000000
2026-06-24T08:05:06.358787009Z,1000,per_hit,raw_percent_of_host,api-node1,api-node2,15,4,19,32.323232,5.319149,32.323232,10.638298,100.000000,50.000000,0.000000,0.000000,0.000000,0.000000,0.000000,0.000000,56.600000,135.111111,61.988563,63.103745,3.000000
2026-06-24T08:05:07.358783591Z,1000,per_hit,raw_percent_of_host,api-node1,api-node2,11,8,19,22.222222,13.000000,22.222222,26.000000,100.000000,50.000000,0.000000,2.000000,0.000000,0.000000,0.000000,2.000000,58.181818,71.000000,73.152332,67.859952,3.000000
2026-06-24T08:05:08.35878703Z,1000,per_hit,raw_percent_of_host,api-node1,api-node2,10,8,18,18.367347,16.161616,18.367347,32.323232,100.000000,50.000000,0.000000,2.000000,0.000000,0.000000,0.000000,2.000000,50.600000,81.000000,68.770696,64.350138,3.000000
2026-06-24T08:05:09.358783526Z,1000,per_hit,raw_percent_of_host,api-node1,api-node2,11,6,17,21.212121,11.000000,21.212121,22.000000,100.000000,50.000000,0.000000,0.000000,0.000000,0.000000,0.000000,0.000000,53.272727,80.750000,72.242863,73.050814,3.000000
2026-06-24T08:05:10.358783959Z,1000,per_hit,raw_percent_of_host,api-node1,api-node2,7,9,16,10.101010,22.826087,10.101010,45.652174,100.000000,50.000000,0.000000,0.000000,0.000000,0.000000,0.000000,0.000000,59.000000,80.111111,79.829971,64.423992,3.000000
2026-06-24T08:05:11.358787245Z,1000,per_hit,raw_percent_of_host,api-node1,api-node2,9,7,16,20.000000,12.000000,20.000000,24.000000,100.000000,50.000000,0.000000,0.000000,0.000000,0.000000,0.000000,0.000000,51.444444,66.428571,79.836766,60.698321,3.000000
2026-06-24T08:05:12.35878367Z,1000,per_hit,raw_percent_of_host,api-node1,api-node2,8,7,15,20.408163,15.053763,20.408163,30.107527,100.000000,50.000000,0.000000,0.000000,0.000000,0.000000,0.000000,0.000000,50.000000,67.428571,80.286406,59.101904,3.000000
2026-06-24T08:05:13.358783453Z,1000,per_hit,raw_percent_of_host,api-node1,api-node2,9,6,15,23.000000,14.000000,23.000000,28.000000,100.000000,50.000000,0.000000,1.000000,0.000000,0.000000,0.000000,1.000000,50.000000,77.000000,78.040956,73.332254,3.000000
2026-06-24T08:05:14.358788042Z,1000,per_hit,raw_percent_of_host,api-node1,api-node2,7,7,14,21.212121,18.085106,21.212121,36.170213,100.000000,50.000000,0.000000,0.000000,0.000000,0.000000,0.000000,0.000000,51.857143,101.375000,81.487150,57.023080,3.000000
2026-06-24T08:05:15.358788505Z,1000,per_hit,raw_percent_of_host,api-node1,api-node2,7,6,13,14.000000,13.131313,14.000000,26.262626,100.000000,50.000000,0.000000,0.000000,0.000000,0.000000,0.000000,0.000000,50.000000,63.500000,79.952919,73.283111,3.000000
2026-06-24T08:05:16.358784416Z,1000,per_hit,raw_percent_of_host,api-node1,api-node2,5,8,13,19.191919,15.957447,19.191919,31.914894,100.000000,50.000000,0.000000,0.000000,0.000000,0.000000,0.000000,0.000000,50.000000,72.375000,82.754969,70.745417,3.000000
2026-06-24T08:05:17.358784675Z,1000,per_hit,raw_percent_of_host,api-node1,api-node2,8,4,12,26.262626,5.050505,26.262626,10.101010,100.000000,50.000000,0.000000,0.000000,0.000000,0.000000,0.000000,0.000000,50.000000,64.000000,81.329649,58.239601,3.000000
2026-06-24T08:05:18.358786822Z,1000,per_hit,raw_percent_of_host,api-node1,api-node2,8,4,12,29.702970,1.000000,29.702970,2.000000,100.000000,50.000000,0.000000,0.000000,0.000000,0.000000,0.000000,0.000000,50.000000,72.750000,79.326707,70.458254,3.000000
2026-06-24T08:05:19.358785155Z,1000,per_hit,raw_percent_of_host,api-node1,api-node2,7,5,12,27.272727,5.376344,27.272727,10.752688,100.000000,50.000000,0.000000,0.000000,0.000000,0.000000,0.000000,0.000000,50.000000,89.400000,78.253536,63.950460,3.000000
2026-06-24T08:05:20.358788311Z,1000,per_hit,raw_percent_of_host,api-node1,api-node2,7,5,12,12.121212,15.151515,12.121212,30.303030,100.000000,50.000000,0.000000,0.000000,0.000000,0.000000,0.000000,0.000000,50.285714,54.400000,81.439109,72.152438,3.000000
2026-06-24T08:05:21.358787931Z,1000,per_hit,raw_percent_of_host,api-node1,api-node2,6,5,11,13.131313,21.000000,13.131313,42.000000,100.000000,50.000000,0.000000,0.000000,0.000000,0.000000,0.000000,0.000000,50.000000,74.200000,81.644225,67.438286,3.000000
2026-06-24T08:05:22.358784422Z,1000,per_hit,raw_percent_of_host,api-node1,api-node2,7,4,11,14.851485,11.111111,14.851485,22.222222,100.000000,50.000000,0.000000,0.000000,0.000000,0.000000,0.000000,0.000000,51.000000,58.750000,81.950578,76.271933,3.000000
2026-06-24T08:05:23.358787547Z,1000,per_hit,raw_percent_of_host,api-node1,api-node2,8,3,11,21.428571,11.111111,21.428571,22.222222,100.000000,50.000000,0.000000,0.000000,0.000000,0.000000,0.000000,0.000000,50.250000,94.333333,81.770739,77.575064,3.000000
2026-06-24T08:05:24.358802783Z,1000,per_hit,raw_percent_of_host,api-node1,api-node2,3,8,11,7.142857,19.191919,7.142857,38.383838,100.000000,50.000000,0.000000,0.000000,0.000000,0.000000,0.000000,0.000000,50.000000,71.500000,80.707489,72.290899,3.000000
2026-06-24T08:05:25.358783322Z,1000,per_hit,raw_percent_of_host,api-node1,api-node2,7,3,10,23.232323,6.000000,23.232323,12.000000,100.000000,50.000000,0.000000,0.000000,0.000000,0.000000,0.000000,0.000000,50.000000,64.666667,80.106388,78.056294,3.000000
2026-06-24T08:05:26.358784539Z,1000,per_hit,raw_percent_of_host,api-node1,api-node2,6,4,10,24.000000,11.881188,24.000000,23.762376,100.000000,50.000000,0.000000,0.000000,0.000000,0.000000,0.000000,0.000000,50.000000,61.250000,81.562694,80.847788,3.000000
2026-06-24T08:05:27.358787142Z,1000,per_hit,raw_percent_of_host,api-node1,api-node2,5,5,10,12.121212,19.191919,12.121212,38.383838,100.000000,50.000000,0.000000,0.000000,0.000000,0.000000,0.000000,0.000000,50.000000,50.000000,82.530663,72.351129,3.000000
2026-06-24T08:05:28.358783363Z,1000,per_hit,raw_percent_of_host,api-node1,api-node2,3,7,10,10.000000,14.851485,10.000000,29.702970,100.000000,50.000000,0.000000,0.000000,0.000000,0.000000,0.000000,0.000000,50.000000,69.857143,83.147536,76.143545,3.000000
2026-06-24T08:05:29.358784664Z,1000,per_hit,raw_percent_of_host,api-node1,api-node2,5,5,10,20.000000,11.000000,20.000000,22.000000,100.000000,50.000000,0.000000,0.000000,0.000000,0.000000,0.000000,0.000000,50.000000,58.200000,81.435140,77.769572,3.000000
2026-06-24T08:05:30.358784271Z,1000,per_hit,raw_percent_of_host,api-node1,api-node2,4,6,10,12.121212,19.191919,12.121212,38.383838,100.000000,50.000000,0.000000,0.000000,0.000000,0.000000,0.000000,0.000000,50.000000,57.000000,81.312131,69.492857,3.000000
2026-06-24T08:05:31.35878846Z,1000,per_hit,raw_percent_of_host,api-node1,api-node2,7,3,10,23.232323,10.101010,23.232323,20.202020,100.000000,50.000000,0.000000,0.000000,0.000000,0.000000,0.000000,0.000000,50.142857,50.333333,82.003927,78.648016,3.000000
2026-06-24T08:05:32.358784488Z,1000,per_hit,raw_percent_of_host,api-node1,api-node2,5,5,10,13.000000,21.000000,13.000000,42.000000,100.000000,50.000000,0.000000,0.000000,0.000000,0.000000,0.000000,0.000000,50.000000,50.000000,82.891048,73.044425,3.000000
2026-06-24T08:05:33.358786749Z,1000,per_hit,raw_percent_of_host,api-node1,api-node2,4,6,10,14.000000,11.224490,14.000000,22.448980,100.000000,50.000000,0.000000,0.000000,0.000000,0.000000,0.000000,0.000000,50.000000,71.666667,82.847971,78.830349,3.000000
2026-06-24T08:05:34.35878386Z,1000,per_hit,raw_percent_of_host,api-node1,api-node2,9,2,11,26.262626,10.101010,26.262626,20.202020,100.000000,50.000000,0.000000,0.000000,0.000000,0.000000,0.000000,0.000000,50.777778,66.500000,80.252288,79.834380,3.000000
2026-06-24T08:05:35.35878442Z,1000,per_hit,raw_percent_of_host,api-node1,api-node2,6,5,11,20.202020,13.131313,20.202020,26.262626,100.000000,50.000000,0.000000,0.000000,0.000000,0.000000,0.000000,0.000000,50.000000,64.000000,81.512679,80.334776,3.000000
2026-06-24T08:05:36.358789252Z,1000,per_hit,raw_percent_of_host,api-node1,api-node2,5,6,11,15.151515,21.212121,15.151515,42.424242,100.000000,50.000000,0.000000,0.000000,0.000000,0.000000,0.000000,0.000000,50.000000,60.333333,82.863712,72.087117,3.000000
2026-06-24T08:05:37.358787746Z,1000,per_hit,raw_percent_of_host,api-node1,api-node2,8,4,12,32.673267,5.940594,32.673267,11.881188,100.000000,50.000000,0.000000,2.000000,0.000000,0.000000,0.000000,2.000000,53.250000,51.000000,74.847619,82.049741,3.000000
2026-06-24T08:05:38.358785176Z,1000,per_hit,raw_percent_of_host,api-node1,api-node2,8,4,12,33.333333,5.050505,33.333333,10.101010,100.000000,50.000000,0.000000,0.000000,0.000000,0.000000,0.000000,0.000000,54.000000,83.833333,71.919441,80.773288,3.000000
2026-06-24T08:05:39.358785046Z,1000,per_hit,raw_percent_of_host,api-node1,api-node2,4,8,12,10.101010,20.000000,10.101010,40.000000,100.000000,50.000000,0.000000,0.000000,0.000000,0.000000,0.000000,0.000000,50.000000,83.625000,78.962019,65.179572,3.000000
2026-06-24T08:05:40.358783726Z,1000,per_hit,raw_percent_of_host,api-node1,api-node2,8,5,13,22.000000,16.000000,22.000000,32.000000,100.000000,50.000000,0.000000,0.000000,0.000000,0.000000,0.000000,0.000000,50.875000,76.800000,82.377809,71.180723,3.000000
2026-06-24T08:05:41.358788797Z,1000,per_hit,raw_percent_of_host,api-node1,api-node2,9,4,13,32.323232,6.000000,32.323232,12.000000,100.000000,50.000000,0.000000,0.000000,0.000000,0.000000,0.000000,0.000000,54.222222,73.000000,74.292490,80.099190,3.000000
2026-06-24T08:05:42.358788793Z,1000,per_hit,raw_percent_of_host,api-node1,api-node2,6,8,14,22.222222,24.000000,22.222222,48.000000,100.000000,50.000000,0.000000,0.000000,0.000000,0.000000,0.000000,0.000000,50.000000,82.500000,78.423928,74.096409,3.000000
2026-06-24T08:05:43.358784805Z,1000,per_hit,raw_percent_of_host,api-node1,api-node2,5,9,14,23.000000,18.181818,23.000000,36.363636,100.000000,50.000000,0.000000,0.000000,0.000000,0.000000,0.000000,0.000000,58.400000,71.444444,81.810597,72.017245,3.000000
2026-06-24T08:05:44.358783579Z,1000,per_hit,raw_percent_of_host,api-node1,api-node2,8,7,15,28.571429,18.000000,28.571429,36.000000,100.000000,50.000000,0.000000,0.000000,0.000000,0.000000,0.000000,0.000000,61.250000,68.285714,79.397104,70.092795,3.000000
2026-06-24T08:05:45.358788223Z,1000,per_hit,raw_percent_of_host,api-node1,api-node2,9,6,15,29.292929,16.326531,29.292929,32.653061,100.000000,50.000000,0.000000,0.000000,0.000000,0.000000,0.000000,0.000000,53.333333,83.000000,79.759984,71.399943,3.000000
2026-06-24T08:05:46.358784068Z,1000,per_hit,raw_percent_of_host,api-node1,api-node2,9,7,16,24.242424,21.212121,24.242424,42.424242,100.000000,50.000000,0.000000,0.000000,0.000000,0.000000,0.000000,0.000000,66.000000,64.571429,80.730962,74.481459,3.000000
2026-06-24T08:05:47.358789049Z,1000,per_hit,raw_percent_of_host,api-node1,api-node2,9,8,17,30.303030,16.000000,30.303030,32.000000,100.000000,50.000000,0.000000,0.000000,0.000000,0.000000,0.000000,0.000000,53.555556,110.500000,76.467443,68.530050,3.000000
2026-06-24T08:05:48.358785057Z,1000,per_hit,raw_percent_of_host,api-node1,api-node2,7,10,17,17.171717,24.242424,17.171717,48.484848,100.000000,50.000000,0.000000,0.000000,0.000000,0.000000,0.000000,0.000000,50.571429,142.900000,81.056610,70.212007,3.000000
2026-06-24T08:05:49.358783409Z,1000,per_hit,raw_percent_of_host,api-node1,api-node2,5,13,18,19.801980,22.000000,19.801980,44.000000,100.000000,50.000000,0.000000,0.000000,0.000000,0.000000,0.000000,0.000000,57.800000,113.846154,81.316701,74.635488,3.000000
2026-06-24T08:05:50.358783647Z,1000,per_hit,raw_percent_of_host,api-node1,api-node2,10,9,19,34.343434,20.202020,34.343434,40.404040,100.000000,50.000000,0.000000,0.000000,0.000000,0.000000,0.000000,0.000000,64.300000,128.222222,77.081361,65.466229,3.000000
2026-06-24T08:05:51.358784006Z,1000,per_hit,raw_percent_of_host,api-node1,api-node2,12,8,20,32.653061,22.222222,32.653061,44.444444,100.000000,50.000000,0.000000,0.000000,0.000000,0.000000,0.000000,0.000000,69.666667,104.375000,74.798742,70.883981,3.000000
2026-06-24T08:05:52.358786908Z,1000,per_hit,raw_percent_of_host,api-node1,api-node2,12,9,21,32.323232,24.752475,32.323232,49.504950,100.000000,50.000000,0.000000,0.000000,0.000000,0.000000,0.000000,0.000000,76.416667,92.444444,72.816577,73.128985,3.000000
2026-06-24T08:05:53.358787413Z,1000,per_hit,raw_percent_of_host,api-node1,api-node2,11,10,21,29.000000,19.000000,29.000000,38.000000,100.000000,50.000000,0.000000,0.000000,0.000000,0.000000,0.000000,0.000000,58.636364,136.000000,79.388495,70.359955,3.000000
2026-06-24T08:05:54.358784763Z,1000,per_hit,raw_percent_of_host,api-node1,api-node2,10,12,22,28.282828,21.000000,28.282828,42.000000,100.000000,50.000000,0.000000,0.000000,0.000000,0.000000,0.000000,0.000000,54.000000,158.416667,81.152634,72.332955,3.000000
2026-06-24T08:05:55.35878431Z,1000,per_hit,raw_percent_of_host,api-node1,api-node2,8,15,23,25.252525,21.000000,25.252525,42.000000,100.000000,50.000000,0.000000,0.000000,0.000000,0.000000,0.000000,0.000000,66.125000,127.800000,80.273722,75.096023,3.000000
2026-06-24T08:05:56.358787696Z,1000,per_hit,raw_percent_of_host,api-node1,api-node2,10,14,24,24.242424,26.262626,24.242424,52.525253,100.000000,50.000000,0.000000,0.000000,0.000000,0.000000,0.000000,0.000000,56.500000,165.571429,82.361124,55.755747,3.000000
2026-06-24T08:05:57.358786391Z,1000,per_hit,raw_percent_of_host,api-node1,api-node2,13,12,25,41.414141,20.000000,41.414141,40.000000,100.000000,50.000000,0.000000,0.000000,0.000000,0.000000,0.000000,0.000000,89.846154,138.416667,77.382646,71.657833,3.000000
2026-06-24T08:05:58.358783504Z,1000,per_hit,raw_percent_of_host,api-node1,api-node2,14,12,26,38.383838,16.326531,38.383838,32.653061,100.000000,50.000000,0.000000,0.000000,0.000000,0.000000,0.000000,0.000000,79.071429,182.416667,77.024486,67.722632,3.000000
2026-06-24T08:05:59.35878468Z,1000,per_hit,raw_percent_of_host,api-node1,api-node2,17,10,27,46.000000,20.792079,46.000000,41.584158,100.000000,50.000000,0.000000,0.000000,0.000000,0.000000,0.000000,0.000000,115.529412,128.700000,74.018308,74.421631,3.000000
2026-06-24T08:06:00.358784431Z,1000,per_hit,raw_percent_of_host,api-node1,api-node2,20,8,28,38.383838,15.151515,38.383838,30.303030,100.000000,50.000000,0.000000,0.000000,0.000000,0.000000,0.000000,0.000000,101.300000,139.000000,74.123400,69.094967,3.000000
2026-06-24T08:06:01.358783592Z,1000,per_hit,raw_percent_of_host,api-node1,api-node2,12,16,28,28.571429,25.742574,28.571429,51.485149,100.000000,50.000000,0.000000,0.000000,0.000000,0.000000,0.000000,0.000000,98.583333,165.062500,77.814158,76.484034,3.000000
2026-06-24T08:06:02.358783399Z,1000,per_hit,raw_percent_of_host,api-node1,api-node2,18,13,31,44.000000,23.584906,44.000000,47.169811,100.000000,50.000000,0.000000,0.000000,0.000000,0.000000,0.000000,0.000000,136.833333,98.615385,74.986082,71.519627,3.000000
2026-06-24T08:06:03.358794689Z,1000,per_hit,raw_percent_of_host,api-node1,api-node2,17,14,31,31.000000,27.358491,31.000000,54.716981,100.000000,50.000000,0.000000,0.000000,0.000000,0.000000,0.000000,0.000000,111.235294,165.214286,73.804738,72.685653,3.000000
2026-06-24T08:06:04.358789201Z,1000,per_hit,raw_percent_of_host,api-node1,api-node2,12,20,32,27.272727,26.470588,27.272727,52.941176,100.000000,50.000000,0.000000,0.000000,0.000000,0.000000,0.000000,0.000000,88.583333,187.250000,80.083358,71.612480,3.000000
2026-06-24T08:06:05.35878694Z,1000,per_hit,raw_percent_of_host,api-node1,api-node2,18,15,33,37.373737,23.584906,37.373737,47.169811,100.000000,50.000000,0.000000,0.000000,0.000000,0.000000,0.000000,0.000000,107.333333,179.400000,75.905914,66.308477,3.000000
2026-06-24T08:06:06.358783932Z,1000,per_hit,raw_percent_of_host,api-node1,api-node2,12,22,34,24.242424,27.358491,24.242424,54.716981,100.000000,50.000000,0.000000,0.000000,0.000000,0.000000,0.000000,0.000000,96.000000,187.954545,79.809531,73.292326,3.000000
2026-06-24T08:06:07.358783633Z,1000,per_hit,raw_percent_of_host,api-node1,api-node2,14,22,36,34.000000,27.358491,34.000000,54.716981,100.000000,50.000000,0.000000,0.000000,0.000000,0.000000,0.000000,0.000000,109.714286,243.181818,78.361981,68.929186,3.000000
2026-06-24T08:06:08.358790345Z,1000,per_hit,raw_percent_of_host,api-node1,api-node2,21,16,37,46.000000,25.742574,46.000000,51.485149,100.000000,50.000000,0.000000,0.000000,0.000000,0.000000,0.000000,0.000000,120.380952,156.375000,76.502784,45.979782,3.000000
2026-06-24T08:06:09.358784058Z,1000,per_hit,raw_percent_of_host,api-node1,api-node2,19,19,38,42.000000,24.000000,42.000000,48.000000,100.000000,50.000000,0.000000,0.000000,0.000000,0.000000,0.000000,0.000000,124.105263,196.157895,76.667007,73.132540,3.000000
2026-06-24T08:06:10.358783931Z,1000,per_hit,raw_percent_of_host,api-node1,api-node2,19,20,39,40.404040,25.000000,40.404040,50.000000,100.000000,50.000000,0.000000,0.000000,0.000000,0.000000,0.000000,0.000000,118.684211,249.850000,74.674334,71.875417,3.000000
2026-06-24T08:06:11.358786632Z,1000,per_hit,raw_percent_of_host,api-node1,api-node2,20,20,40,29.702970,26.000000,29.702970,52.000000,100.000000,50.000000,0.000000,0.000000,0.000000,0.000000,0.000000,0.000000,115.700000,258.750000,75.764728,72.579520,3.000000
2026-06-24T08:06:12.358783681Z,1000,per_hit,raw_percent_of_host,api-node1,api-node2,23,18,41,46.534653,21.782178,46.534653,43.564356,100.000000,50.000000,0.000000,0.000000,0.000000,0.000000,0.000000,0.000000,133.391304,192.833333,75.593108,71.498344,3.000000
2026-06-24T08:06:13.358784974Z,1000,per_hit,raw_percent_of_host,api-node1,api-node2,24,18,42,46.464646,24.299065,46.464646,48.598131,100.000000,50.000000,0.000000,0.000000,0.000000,0.000000,0.000000,0.000000,136.583333,273.666667,76.119190,71.110555,3.000000
2026-06-24T08:06:14.358784461Z,1000,per_hit,raw_percent_of_host,api-node1,api-node2,26,18,44,50.000000,24.528302,50.000000,49.056604,100.000000,50.000000,0.000000,0.000000,0.000000,0.000000,0.000000,0.000000,171.423077,194.000000,73.829029,72.227613,3.000000
2026-06-24T08:06:15.358787576Z,1000,per_hit,raw_percent_of_host,api-node1,api-node2,26,19,45,36.633663,26.605505,36.633663,53.211009,100.000000,50.000000,0.000000,0.000000,0.000000,0.000000,0.000000,0.000000,175.115385,151.684211,73.457610,65.591801,3.000000
2026-06-24T08:06:16.358787008Z,1000,per_hit,raw_percent_of_host,api-node1,api-node2,24,22,46,43.434343,28.037383,43.434343,56.074766,100.000000,50.000000,0.000000,0.000000,0.000000,0.000000,0.000000,0.000000,197.750000,239.454545,74.467242,65.557682,3.000000
2026-06-24T08:06:17.358784424Z,1000,per_hit,raw_percent_of_host,api-node1,api-node2,23,24,47,36.633663,28.037383,36.633663,56.074766,100.000000,50.000000,0.000000,0.000000,0.000000,0.000000,0.000000,0.000000,151.217391,272.083333,75.216008,69.012187,3.000000
2026-06-24T08:06:18.358783542Z,1000,per_hit,raw_percent_of_host,api-node1,api-node2,26,22,48,46.000000,23.809524,46.000000,47.619048,100.000000,50.000000,0.000000,0.000000,0.000000,0.000000,0.000000,0.000000,149.115385,226.590909,73.922480,74.272594,3.000000
2026-06-24T08:06:19.358784732Z,1000,per_hit,raw_percent_of_host,api-node1,api-node2,23,26,49,42.000000,27.358491,42.000000,54.716981,100.000000,50.000000,0.000000,0.000000,0.000000,0.000000,0.000000,0.000000,103.913043,374.230769,77.215392,70.589286,3.000000
2026-06-24T08:06:20.358795415Z,1000,per_hit,raw_percent_of_host,api-node1,api-node2,29,21,50,53.000000,24.299065,53.000000,48.598131,100.000000,50.000000,0.000000,0.000000,0.000000,0.000000,0.000000,0.000000,176.275862,280.904762,73.620235,59.103467,3.000000
2026-06-24T08:06:21.358783835Z,1000,per_hit,raw_percent_of_host,api-node1,api-node2,33,18,51,49.514563,28.037383,49.514563,56.074766,100.000000,50.000000,0.000000,0.000000,0.000000,0.000000,0.000000,0.000000,207.696970,257.611111,73.488380,50.968015,3.000000
2026-06-24T08:06:22.358785337Z,1000,per_hit,raw_percent_of_host,api-node1,api-node2,15,37,52,27.272727,27.358491,27.272727,54.716981,100.000000,50.000000,0.000000,4.000000,0.000000,0.000000,0.000000,4.000000,95.800000,404.424242,77.096972,71.125267,3.000000
2026-06-24T08:06:23.358786739Z,1000,per_hit,raw_percent_of_host,api-node1,api-node2,32,22,54,49.494949,26.168224,49.494949,52.336449,100.000000,50.000000,0.000000,0.000000,0.000000,0.000000,0.000000,0.000000,203.718750,318.384615,75.669498,45.989440,3.000000
2026-06-24T08:06:24.358783692Z,1000,per_hit,raw_percent_of_host,api-node1,api-node2,25,30,55,46.464646,27.358491,46.464646,54.716981,100.000000,50.000000,0.000000,0.000000,0.000000,0.000000,0.000000,0.000000,186.600000,447.200000,74.993082,70.889450,3.000000
2026-06-24T08:06:25.358783901Z,1000,per_hit,raw_percent_of_host,api-node1,api-node2,30,26,56,46.464646,26.415094,46.464646,52.830189,100.000000,50.000000,0.000000,0.000000,0.000000,0.000000,0.000000,0.000000,206.900000,278.923077,73.550933,48.871930,3.000000
2026-06-24T08:06:26.358786393Z,1000,per_hit,raw_percent_of_host,api-node1,api-node2,31,26,57,50.495050,28.037383,50.495050,56.074766,100.000000,50.000000,0.000000,0.000000,0.000000,0.000000,0.000000,0.000000,193.870968,335.923077,74.583611,69.632404,3.000000
2026-06-24T08:06:27.358784843Z,1000,per_hit,raw_percent_of_host,api-node1,api-node2,35,23,58,56.435644,25.233645,56.435644,50.467290,100.000000,50.000000,0.000000,0.000000,0.000000,0.000000,0.000000,0.000000,279.514286,212.782609,69.245063,63.375726,3.000000
2026-06-24T08:06:28.358786107Z,1000,per_hit,raw_percent_of_host,api-node1,api-node2,33,26,59,48.000000,23.584906,48.000000,47.169811,100.000000,50.000000,0.000000,0.000000,0.000000,0.000000,0.000000,0.000000,260.878788,360.115385,71.727645,63.739347,3.000000
2026-06-24T08:06:29.358784037Z,1000,per_hit,raw_percent_of_host,api-node1,api-node2,39,21,60,53.465347,24.528302,53.465347,49.056604,100.000000,50.000000,0.000000,0.000000,0.000000,0.000000,0.000000,0.000000,235.051282,336.380952,71.678522,47.781084,3.000000
2026-06-24T08:06:30.358783754Z,1000,per_hit,raw_percent_of_host,api-node1,api-node2,33,28,61,53.465347,24.528302,53.465347,49.056604,100.000000,50.000000,0.000000,0.000000,0.000000,0.000000,0.000000,0.000000,238.121212,451.285714,72.746707,71.168890,3.000000
2026-06-24T08:06:31.358783654Z,1000,per_hit,raw_percent_of_host,api-node1,api-node2,34,28,62,49.000000,28.037383,49.000000,56.074766,100.000000,50.000000,0.000000,0.000000,0.000000,0.000000,0.000000,0.000000,196.441176,249.678571,73.853643,47.435127,3.000000
2026-06-24T08:06:32.358786638Z,1000,per_hit,raw_percent_of_host,api-node1,api-node2,32,30,62,44.444444,28.703704,44.444444,57.407407,100.000000,50.000000,0.000000,0.000000,0.000000,0.000000,0.000000,0.000000,267.500000,291.733333,73.579524,70.243467,3.000000
2026-06-24T08:06:33.358784421Z,1000,per_hit,raw_percent_of_host,api-node1,api-node2,38,25,63,54.455446,23.584906,54.455446,47.169811,100.000000,50.000000,0.000000,0.000000,0.000000,0.000000,0.000000,0.000000,238.421053,331.960000,70.185951,48.008096,3.000000
2026-06-24T08:06:34.358783513Z,1000,per_hit,raw_percent_of_host,api-node1,api-node2,27,37,64,34.343434,27.102804,34.343434,54.205607,100.000000,50.000000,0.000000,0.000000,0.000000,0.000000,0.000000,0.000000,159.629630,498.756757,75.105447,69.491684,3.000000
2026-06-24T08:06:35.358783732Z,1000,per_hit,raw_percent_of_host,api-node1,api-node2,39,26,65,55.339806,27.102804,55.339806,54.205607,100.000000,50.000000,0.000000,0.000000,0.000000,0.000000,0.000000,0.000000,290.153846,269.923077,71.082137,49.281288,3.000000
2026-06-24T08:06:36.358784913Z,1000,per_hit,raw_percent_of_host,api-node1,api-node2,32,34,66,49.494949,28.037383,49.494949,56.074766,100.000000,50.000000,0.000000,1.000000,0.000000,0.000000,0.000000,1.000000,206.343750,623.393939,74.287212,72.500243,3.000000
2026-06-24T08:06:37.358788005Z,1000,per_hit,raw_percent_of_host,api-node1,api-node2,43,24,67,54.000000,28.037383,54.000000,56.074766,100.000000,50.000000,0.000000,0.000000,0.000000,0.000000,0.000000,0.000000,299.093023,208.600000,69.066257,49.067233,3.000000
2026-06-24T08:06:38.358788557Z,1000,per_hit,raw_percent_of_host,api-node1,api-node2,33,34,67,48.214286,28.037383,48.214286,56.074766,100.000000,50.000000,0.000000,1.000000,0.000000,0.000000,0.000000,1.000000,217.757576,479.696970,52.877081,51.610236,3.000000
2026-06-24T08:06:39.358784878Z,1000,per_hit,raw_percent_of_host,api-node1,api-node2,38,30,68,50.000000,23.584906,50.000000,47.169811,100.000000,50.000000,0.000000,0.000000,0.000000,0.000000,0.000000,0.000000,213.657895,393.354839,70.959840,46.658883,3.000000
2026-06-24T08:06:40.358783381Z,1000,per_hit,raw_percent_of_host,api-node1,api-node2,46,23,69,55.445545,25.233645,55.445545,50.467290,100.000000,50.000000,0.000000,0.000000,0.000000,0.000000,0.000000,0.000000,298.869565,292.347826,70.007135,49.408851,3.000000
2026-06-24T08:06:41.358788272Z,1000,per_hit,raw_percent_of_host,api-node1,api-node2,34,35,69,49.019608,27.358491,49.019608,54.716981,100.000000,50.000000,0.000000,0.000000,0.000000,0.000000,0.000000,0.000000,245.088235,404.000000,72.425140,69.549505,3.000000
2026-06-24T08:06:42.358789783Z,1000,per_hit,raw_percent_of_host,api-node1,api-node2,46,24,70,55.000000,27.027027,55.000000,54.054054,100.000000,50.000000,0.000000,0.000000,0.000000,0.000000,0.000000,0.000000,325.934783,303.541667,70.996704,48.120288,3.000000
2026-06-24T08:06:43.358784596Z,1000,per_hit,raw_percent_of_host,api-node1,api-node2,37,34,71,50.000000,28.301887,50.000000,56.603774,100.000000,50.000000,0.000000,0.000000,0.000000,0.000000,0.000000,0.000000,217.756757,377.264706,72.650291,70.785576,3.000000
2026-06-24T08:06:44.358787228Z,1000,per_hit,raw_percent_of_host,api-node1,api-node2,38,33,71,54.000000,25.471698,54.000000,50.943396,100.000000,50.000000,0.000000,0.000000,0.000000,0.000000,0.000000,0.000000,251.000000,309.484848,72.595072,48.095848,3.000000
2026-06-24T08:06:45.358786686Z,1000,per_hit,raw_percent_of_host,api-node1,api-node2,43,29,72,60.000000,24.528302,60.000000,49.056604,100.000000,50.000000,0.000000,0.000000,0.000000,0.000000,0.000000,0.000000,261.441860,432.137931,68.510326,48.257219,3.000000
2026-06-24T08:06:46.35878515Z,1000,per_hit,raw_percent_of_host,api-node1,api-node2,45,27,72,53.465347,27.358491,53.465347,54.716981,100.000000,50.000000,0.000000,0.000000,0.000000,0.000000,0.000000,0.000000,387.777778,257.555556,68.385200,48.774494,3.000000
2026-06-24T08:06:47.358787687Z,1000,per_hit,raw_percent_of_host,api-node1,api-node2,41,32,73,53.000000,26.415094,53.000000,52.830189,100.000000,50.000000,0.000000,0.000000,0.000000,0.000000,0.000000,0.000000,326.365854,367.843750,65.120770,47.803237,3.000000
2026-06-24T08:06:48.358783647Z,1000,per_hit,raw_percent_of_host,api-node1,api-node2,41,32,73,49.107143,27.358491,49.107143,54.716981,100.000000,50.000000,0.000000,0.000000,0.000000,0.000000,0.000000,0.000000,265.780488,395.750000,68.969665,65.365465,3.000000
2026-06-24T08:06:49.358787198Z,1000,per_hit,raw_percent_of_host,api-node1,api-node2,42,31,73,50.980392,24.299065,50.980392,48.598131,100.000000,50.000000,0.000000,0.000000,0.000000,0.000000,0.000000,0.000000,299.904762,370.741935,70.113958,49.866289,3.000000
2026-06-24T08:06:50.358793065Z,1000,per_hit,raw_percent_of_host,api-node1,api-node2,47,26,73,54.455446,28.301887,54.455446,56.603774,100.000000,50.000000,0.000000,0.000000,0.000000,0.000000,0.000000,0.000000,359.297872,371.192308,68.656125,48.376789,3.000000
2026-06-24T08:06:51.358787074Z,1000,per_hit,raw_percent_of_host,api-node1,api-node2,51,24,75,46.000000,31.775701,46.000000,63.551402,100.000000,50.000000,0.000000,0.000000,0.000000,0.000000,0.000000,0.000000,383.274510,313.666667,67.385061,48.743760,3.000000
2026-06-24T08:06:52.358784674Z,1000,per_hit,raw_percent_of_host,api-node1,api-node2,33,41,74,48.000000,28.037383,48.000000,56.074766,100.000000,50.000000,0.000000,25.000000,0.000000,0.000000,0.000000,25.000000,217.303030,433.812500,44.943162,63.231944,3.000000
2026-06-24T08:06:53.358783463Z,1000,per_hit,raw_percent_of_host,api-node1,api-node2,49,25,74,52.475248,26.732673,52.475248,53.465347,100.000000,50.000000,0.000000,0.000000,0.000000,0.000000,0.000000,0.000000,371.530612,504.940000,67.581297,35.067531,3.000000
2026-06-24T08:06:54.358784765Z,1000,per_hit,raw_percent_of_host,api-node1,api-node2,38,37,75,52.475248,27.358491,52.475248,54.716981,100.000000,50.000000,0.000000,1.000000,0.000000,0.000000,0.000000,1.000000,230.052632,556.583333,66.870250,64.249790,3.000000
2026-06-24T08:06:55.358786711Z,1000,per_hit,raw_percent_of_host,api-node1,api-node2,37,38,75,49.090909,28.037383,49.090909,56.074766,100.000000,50.000000,0.000000,2.000000,0.000000,0.000000,0.000000,2.000000,219.405405,600.594595,72.991177,49.956618,3.000000
2026-06-24T08:06:56.358785006Z,1000,per_hit,raw_percent_of_host,api-node1,api-node2,42,33,75,53.921569,25.233645,53.921569,50.467290,100.000000,50.000000,0.000000,0.000000,0.000000,0.000000,0.000000,0.000000,306.333333,439.342857,70.102678,46.892426,3.000000
2026-06-24T08:06:57.358789699Z,1000,per_hit,raw_percent_of_host,api-node1,api-node2,45,30,75,56.435644,23.809524,56.435644,47.619048,100.000000,50.000000,0.000000,0.000000,0.000000,0.000000,0.000000,0.000000,338.911111,280.533333,67.957256,39.651989,3.000000
2026-06-24T08:06:58.358784836Z,1000,per_hit,raw_percent_of_host,api-node1,api-node2,37,38,75,54.368932,27.358491,54.368932,54.716981,100.000000,50.000000,0.000000,4.000000,0.000000,0.000000,0.000000,4.000000,266.540541,582.676471,72.509370,70.396082,3.000000
2026-06-24T08:06:59.358787868Z,1000,per_hit,raw_percent_of_host,api-node1,api-node2,42,33,75,51.351351,25.000000,51.351351,50.000000,100.000000,50.000000,0.000000,0.000000,0.000000,0.000000,0.000000,0.000000,326.166667,514.081081,68.718385,44.215778,3.000000
2026-06-24T08:07:00.358784224Z,1000,per_hit,raw_percent_of_host,api-node1,api-node2,47,28,75,50.980392,27.358491,50.980392,54.716981,100.000000,50.000000,0.000000,0.000000,0.000000,0.000000,0.000000,0.000000,310.361702,360.071429,63.246532,47.861900,3.000000
2026-06-24T08:07:01.358787179Z,1000,per_hit,raw_percent_of_host,api-node1,api-node2,39,36,75,44.444444,27.358491,44.444444,54.716981,100.000000,50.000000,0.000000,0.000000,0.000000,0.000000,0.000000,0.000000,214.051282,453.888889,71.011359,68.570211,3.000000
2026-06-24T08:07:02.358787071Z,1000,per_hit,raw_percent_of_host,api-node1,api-node2,52,23,75,56.862745,25.000000,56.862745,50.000000,100.000000,50.000000,0.000000,0.000000,0.000000,0.000000,0.000000,0.000000,426.326923,218.304348,65.116305,24.035909,3.000000
2026-06-24T08:07:03.358786394Z,1000,per_hit,raw_percent_of_host,api-node1,api-node2,38,37,75,50.495050,28.037383,50.495050,56.074766,100.000000,50.000000,0.000000,0.000000,0.000000,0.000000,0.000000,0.000000,274.052632,455.135135,69.265100,63.230751,3.000000
2026-06-24T08:07:04.358786767Z,1000,per_hit,raw_percent_of_host,api-node1,api-node2,44,31,75,51.351351,23.584906,51.351351,47.169811,100.000000,50.000000,0.000000,0.000000,0.000000,0.000000,0.000000,0.000000,313.704545,431.193548,68.546229,48.182044,3.000000
2026-06-24T08:07:05.358783662Z,1000,per_hit,raw_percent_of_host,api-node1,api-node2,50,24,74,57.000000,23.809524,57.000000,47.619048,100.000000,50.000000,0.000000,0.000000,0.000000,0.000000,0.000000,0.000000,370.800000,319.000000,69.860560,37.923974,3.000000
2026-06-24T08:07:06.358783931Z,1000,per_hit,raw_percent_of_host,api-node1,api-node2,36,35,71,47.524752,18.867925,47.524752,37.735849,100.000000,50.000000,0.000000,1.000000,0.000000,0.000000,0.000000,1.000000,217.166667,447.558824,68.117018,56.643394,3.000000
2026-06-24T08:07:07.35878369Z,1000,per_hit,raw_percent_of_host,api-node1,api-node2,55,21,76,46.846847,21.698113,46.846847,43.396226,100.000000,50.000000,0.000000,1.000000,0.000000,0.000000,0.000000,1.000000,426.945455,186.285714,64.544013,29.297207,3.000000
2026-06-24T08:07:08.358784467Z,1000,per_hit,raw_percent_of_host,api-node1,api-node2,28,46,74,44.444444,23.364486,44.444444,46.728972,100.000000,50.000000,1.000000,24.000000,0.000000,0.000000,1.000000,24.000000,189.259259,553.347826,49.100691,65.453444,3.000000
2026-06-24T08:07:09.358783725Z,1000,per_hit,raw_percent_of_host,api-node1,api-node2,54,19,73,57.000000,26.000000,57.000000,52.000000,100.000000,50.000000,0.000000,1.000000,0.000000,0.000000,0.000000,1.000000,355.236364,502.333333,66.202547,20.073845,3.000000
2026-06-24T08:07:10.358784489Z,1000,per_hit,raw_percent_of_host,api-node1,api-node2,49,24,73,52.000000,27.272727,52.000000,54.545455,100.000000,50.000000,1.000000,0.000000,0.000000,0.000000,1.000000,0.000000,345.375000,250.440000,65.393102,47.065308,3.000000
2026-06-24T08:07:11.358785798Z,1000,per_hit,raw_percent_of_host,api-node1,api-node2,27,45,72,44.444444,24.528302,44.444444,49.056604,100.000000,50.000000,1.000000,24.000000,0.000000,0.000000,1.000000,24.000000,163.444444,537.047619,49.495421,58.259644,3.000000
2026-06-24T08:07:12.358784213Z,1000,per_hit,raw_percent_of_host,api-node1,api-node2,45,27,72,57.843137,27.184466,57.843137,54.368932,100.000000,50.000000,0.000000,1.000000,0.000000,0.000000,0.000000,1.000000,263.282609,445.060000,66.045932,20.997898,3.000000
2026-06-24T08:07:13.358785628Z,1000,per_hit,raw_percent_of_host,api-node1,api-node2,42,29,71,51.485149,25.471698,51.485149,50.943396,100.000000,50.000000,1.000000,0.000000,0.000000,0.000000,1.000000,0.000000,215.804878,340.333333,71.834054,47.096732,3.000000
2026-06-24T08:07:14.358783443Z,1000,per_hit,raw_percent_of_host,api-node1,api-node2,39,32,71,56.435644,24.528302,56.435644,49.056604,100.000000,50.000000,0.000000,2.000000,0.000000,0.000000,0.000000,2.000000,264.600000,341.000000,65.884688,37.997234,3.000000
2026-06-24T08:07:15.358789886Z,1000,per_hit,raw_percent_of_host,api-node1,api-node2,43,27,70,50.000000,24.528302,50.000000,49.056604,100.000000,50.000000,0.000000,1.000000,0.000000,0.000000,0.000000,1.000000,286.046512,276.428571,71.601903,47.332163,3.000000
2026-06-24T08:07:16.358783816Z,1000,per_hit,raw_percent_of_host,api-node1,api-node2,42,27,69,55.445545,24.528302,55.445545,49.056604,100.000000,50.000000,0.000000,1.000000,0.000000,0.000000,0.000000,1.000000,306.476190,276.703704,63.756930,47.770271,3.000000
2026-06-24T08:07:17.358784008Z,1000,per_hit,raw_percent_of_host,api-node1,api-node2,39,30,69,47.747748,24.761905,47.747748,49.523810,100.000000,50.000000,0.000000,1.000000,0.000000,0.000000,0.000000,1.000000,317.487179,300.900000,67.674990,48.710784,3.000000
2026-06-24T08:07:18.358786912Z,1000,per_hit,raw_percent_of_host,api-node1,api-node2,37,30,67,51.000000,25.252525,51.000000,50.505051,100.000000,50.000000,0.000000,0.000000,0.000000,0.000000,0.000000,0.000000,217.945946,330.548387,73.428225,47.344906,3.000000
2026-06-24T08:07:19.358784762Z,1000,per_hit,raw_percent_of_host,api-node1,api-node2,39,29,68,53.000000,30.000000,53.000000,60.000000,100.000000,50.000000,1.000000,1.000000,0.000000,0.000000,1.000000,1.000000,274.605263,309.392857,59.892557,49.977439,3.000000
2026-06-24T08:07:20.358785836Z,1000,per_hit,raw_percent_of_host,api-node1,api-node2,40,27,67,50.495050,27.358491,50.495050,54.716981,100.000000,50.000000,1.000000,1.000000,0.000000,0.000000,1.000000,1.000000,250.725000,234.555556,71.576322,48.922489,3.000000
2026-06-24T08:07:21.358785916Z,1000,per_hit,raw_percent_of_host,api-node1,api-node2,44,22,66,57.425743,24.299065,57.425743,48.598131,100.000000,50.000000,0.000000,1.000000,0.000000,0.000000,0.000000,1.000000,235.466667,220.090909,69.128242,47.274197,3.000000
2026-06-24T08:07:22.358783495Z,1000,per_hit,raw_percent_of_host,api-node1,api-node2,37,28,65,49.504950,25.233645,49.504950,50.467290,100.000000,50.000000,0.000000,1.000000,0.000000,0.000000,0.000000,1.000000,185.027027,356.642857,71.523113,46.514309,3.000000
2026-06-24T08:07:23.358783722Z,1000,per_hit,raw_percent_of_host,api-node1,api-node2,35,29,64,50.000000,25.233645,50.000000,50.467290,100.000000,50.000000,0.000000,1.000000,0.000000,0.000000,0.000000,1.000000,206.485714,252.206897,60.971000,48.166655,3.000000
2026-06-24T08:07:24.358786184Z,1000,per_hit,raw_percent_of_host,api-node1,api-node2,37,26,63,52.427184,24.528302,52.427184,49.056604,100.000000,50.000000,0.000000,1.000000,0.000000,0.000000,0.000000,1.000000,216.405405,209.884615,71.642799,49.455941,3.000000
2026-06-24T08:07:25.358788738Z,1000,per_hit,raw_percent_of_host,api-node1,api-node2,40,22,62,52.475248,25.000000,52.475248,50.000000,100.000000,50.000000,1.000000,0.000000,0.000000,0.000000,1.000000,0.000000,244.743590,321.391304,70.926506,46.999429,3.000000
2026-06-24T08:07:26.358784277Z,1000,per_hit,raw_percent_of_host,api-node1,api-node2,27,35,62,48.000000,25.471698,48.000000,50.943396,100.000000,50.000000,1.000000,3.000000,0.000000,0.000000,1.000000,3.000000,198.074074,495.843750,49.465098,58.409031,3.000000
2026-06-24T08:07:27.358785643Z,1000,per_hit,raw_percent_of_host,api-node1,api-node2,35,26,61,48.648649,24.528302,48.648649,49.056604,100.000000,50.000000,0.000000,2.000000,0.000000,0.000000,0.000000,2.000000,252.111111,211.888889,68.778168,47.436580,3.000000
2026-06-24T08:07:28.358783559Z,1000,per_hit,raw_percent_of_host,api-node1,api-node2,32,27,59,44.000000,26.000000,44.000000,52.000000,100.000000,50.000000,0.000000,0.000000,0.000000,0.000000,0.000000,0.000000,149.343750,289.344828,73.365195,49.092832,3.000000
2026-06-24T08:07:29.358783761Z,1000,per_hit,raw_percent_of_host,api-node1,api-node2,36,24,60,48.000000,25.000000,48.000000,50.000000,100.000000,50.000000,0.000000,1.000000,0.000000,0.000000,0.000000,1.000000,191.750000,260.608696,67.681254,46.879798,3.000000
2026-06-24T08:07:30.358783642Z,1000,per_hit,raw_percent_of_host,api-node1,api-node2,29,29,58,45.454545,24.528302,45.454545,49.056604,100.000000,50.000000,1.000000,0.000000,0.000000,0.000000,1.000000,0.000000,152.428571,399.800000,71.096589,67.235360,3.000000
2026-06-24T08:07:31.358786376Z,1000,per_hit,raw_percent_of_host,api-node1,api-node2,26,30,56,44.000000,28.037383,44.000000,56.074766,100.000000,50.000000,0.000000,1.000000,0.000000,0.000000,0.000000,1.000000,130.777778,446.517241,67.208673,65.632052,3.000000
2026-06-24T08:07:32.358786972Z,1000,per_hit,raw_percent_of_host,api-node1,api-node2,35,20,55,45.454545,23.232323,45.454545,46.464646,100.000000,50.000000,0.000000,0.000000,0.000000,0.000000,0.000000,0.000000,236.800000,151.523810,70.545243,49.081921,3.000000
2026-06-24T08:07:33.358786737Z,1000,per_hit,raw_percent_of_host,api-node1,api-node2,35,21,56,51.485149,26.415094,51.485149,52.830189,100.000000,50.000000,0.000000,1.000000,0.000000,0.000000,0.000000,1.000000,244.542857,193.950000,69.116570,61.453231,3.000000
2026-06-24T08:07:34.358783763Z,1000,per_hit,raw_percent_of_host,api-node1,api-node2,36,18,54,51.960784,23.809524,51.960784,47.619048,100.000000,50.000000,1.000000,0.000000,0.000000,0.000000,1.000000,0.000000,214.800000,149.052632,70.090798,49.471344,3.000000
2026-06-24T08:07:35.358783742Z,1000,per_hit,raw_percent_of_host,api-node1,api-node2,28,24,52,32.653061,27.358491,32.653061,54.716981,100.000000,50.000000,1.000000,0.000000,0.000000,0.000000,1.000000,0.000000,145.000000,285.166667,72.233942,71.057995,3.000000
2026-06-24T08:07:36.358783716Z,1000,per_hit,raw_percent_of_host,api-node1,api-node2,30,21,51,47.000000,24.299065,47.000000,48.598131,100.000000,50.000000,1.000000,0.000000,0.000000,0.000000,1.000000,0.000000,154.033333,275.095238,69.362531,69.138034,3.000000
2026-06-24T08:07:37.358786158Z,1000,per_hit,raw_percent_of_host,api-node1,api-node2,26,23,49,32.323232,27.358491,32.323232,54.716981,100.000000,50.000000,1.000000,0.000000,0.000000,0.000000,1.000000,0.000000,124.730769,278.478261,70.611099,70.120475,3.000000
2026-06-24T08:07:38.358784056Z,1000,per_hit,raw_percent_of_host,api-node1,api-node2,23,27,50,37.373737,24.528302,37.373737,49.056604,100.000000,50.000000,1.000000,0.000000,0.000000,0.000000,1.000000,0.000000,120.434783,359.444444,65.930870,59.502873,3.000000
2026-06-24T08:07:39.358784108Z,1000,per_hit,raw_percent_of_host,api-node1,api-node2,24,24,48,37.373737,28.301887,37.373737,56.603774,100.000000,50.000000,0.000000,1.000000,0.000000,0.000000,0.000000,1.000000,143.760000,225.695652,69.960347,70.931850,3.000000
2026-06-24T08:07:40.3587853Z,1000,per_hit,raw_percent_of_host,api-node1,api-node2,31,15,46,47.524752,24.528302,47.524752,49.056604,100.000000,50.000000,0.000000,0.000000,0.000000,0.000000,0.000000,0.000000,141.322581,137.125000,72.884085,46.748746,3.000000
2026-06-24T08:07:41.35878712Z,1000,per_hit,raw_percent_of_host,api-node1,api-node2,22,24,46,39.000000,25.471698,39.000000,50.943396,100.000000,50.000000,0.000000,0.000000,0.000000,0.000000,0.000000,0.000000,111.681818,317.625000,70.951514,70.347485,3.000000
2026-06-24T08:07:42.358786839Z,1000,per_hit,raw_percent_of_host,api-node1,api-node2,24,19,43,40.000000,24.761905,40.000000,49.523810,100.000000,50.000000,0.000000,2.000000,0.000000,0.000000,0.000000,2.000000,128.250000,136.176471,71.568622,49.329080,3.000000
2026-06-24T08:07:43.358786086Z,1000,per_hit,raw_percent_of_host,api-node1,api-node2,30,17,47,36.000000,27.272727,36.000000,54.545455,100.000000,50.000000,1.000000,0.000000,0.000000,0.000000,1.000000,0.000000,111.068966,152.842105,72.648902,49.155093,3.000000
2026-06-24T08:07:44.358783419Z,1000,per_hit,raw_percent_of_host,api-node1,api-node2,17,25,42,38.383838,26.605505,38.383838,53.211009,100.000000,50.000000,1.000000,0.000000,0.000000,0.000000,1.000000,0.000000,74.882353,269.160000,50.000000,69.475578,3.000000
2026-06-24T08:07:45.358784169Z,1000,per_hit,raw_percent_of_host,api-node1,api-node2,23,17,40,54.901961,23.584906,54.901961,47.169811,100.000000,50.000000,1.000000,0.000000,0.000000,0.000000,1.000000,0.000000,103.347826,203.294118,74.106704,63.312706,3.000000
2026-06-24T08:07:46.358785766Z,1000,per_hit,raw_percent_of_host,api-node1,api-node2,19,21,40,38.383838,25.000000,38.383838,50.000000,100.000000,50.000000,1.000000,0.000000,0.000000,0.000000,1.000000,0.000000,134.789474,164.714286,70.041709,71.514995,3.000000
2026-06-24T08:07:47.358787115Z,1000,per_hit,raw_percent_of_host,api-node1,api-node2,25,14,39,46.534653,24.000000,46.534653,48.000000,100.000000,50.000000,0.000000,1.000000,0.000000,0.000000,0.000000,1.000000,144.038462,119.538462,74.006462,47.950246,3.000000
2026-06-24T08:07:48.358783737Z,1000,per_hit,raw_percent_of_host,api-node1,api-node2,23,15,38,39.000000,26.732673,39.000000,53.465347,100.000000,50.000000,0.000000,1.000000,0.000000,0.000000,0.000000,1.000000,119.086957,135.133333,71.584048,65.345862,3.000000
2026-06-24T08:07:49.358787169Z,1000,per_hit,raw_percent_of_host,api-node1,api-node2,19,18,37,39.393939,24.761905,39.393939,49.523810,100.000000,50.000000,1.000000,0.000000,0.000000,0.000000,1.000000,0.000000,122.833333,167.578947,74.553987,67.389023,3.000000
2026-06-24T08:07:50.358783786Z,1000,per_hit,raw_percent_of_host,api-node1,api-node2,16,19,35,36.363636,25.233645,36.363636,50.467290,100.000000,50.000000,0.000000,0.000000,0.000000,0.000000,0.000000,0.000000,122.823529,156.263158,70.688915,70.307750,3.000000
2026-06-24T08:07:51.358787604Z,1000,per_hit,raw_percent_of_host,api-node1,api-node2,17,19,36,39.000000,24.761905,39.000000,49.523810,100.000000,50.000000,0.000000,1.000000,0.000000,0.000000,0.000000,1.000000,108.823529,176.500000,72.536383,67.415623,3.000000
2026-06-24T08:07:52.358785847Z,1000,per_hit,raw_percent_of_host,api-node1,api-node2,25,8,33,42.718447,16.000000,42.718447,32.000000,100.000000,50.000000,1.000000,0.000000,0.000000,0.000000,1.000000,0.000000,159.250000,87.888889,72.367946,49.625633,3.000000
2026-06-24T08:07:53.358783449Z,1000,per_hit,raw_percent_of_host,api-node1,api-node2,18,14,32,38.775510,25.252525,38.775510,50.505051,100.000000,50.000000,1.000000,0.000000,0.000000,0.000000,1.000000,0.000000,104.055556,134.571429,70.702377,71.918304,3.000000
2026-06-24T08:07:54.358784236Z,1000,per_hit,raw_percent_of_host,api-node1,api-node2,10,21,31,26.000000,28.301887,26.000000,56.603774,100.000000,50.000000,1.000000,0.000000,0.000000,0.000000,1.000000,0.000000,72.000000,150.142857,78.717145,67.380517,3.000000
2026-06-24T08:07:55.358783406Z,1000,per_hit,raw_percent_of_host,api-node1,api-node2,23,7,30,38.000000,20.792079,38.000000,41.584158,100.000000,50.000000,1.000000,0.000000,0.000000,0.000000,1.000000,0.000000,92.782609,93.428571,72.091784,50.000000,3.000000
2026-06-24T08:07:56.358783662Z,1000,per_hit,raw_percent_of_host,api-node1,api-node2,11,17,28,32.673267,25.471698,32.673267,50.943396,100.000000,50.000000,0.000000,0.000000,0.000000,0.000000,0.000000,0.000000,68.833333,178.764706,68.923362,71.484414,3.000000
2026-06-24T08:07:57.358786224Z,1000,per_hit,raw_percent_of_host,api-node1,api-node2,15,13,28,40.404040,20.202020,40.404040,40.404040,100.000000,50.000000,0.000000,0.000000,0.000000,0.000000,0.000000,0.000000,83.333333,122.076923,74.942447,67.467059,3.000000
2026-06-24T08:07:58.358785222Z,1000,per_hit,raw_percent_of_host,api-node1,api-node2,12,15,27,24.489796,25.742574,24.489796,51.485149,100.000000,50.000000,0.000000,0.000000,0.000000,0.000000,0.000000,0.000000,80.666667,135.666667,79.728911,68.635304,3.000000
2026-06-24T08:07:59.358788568Z,1000,per_hit,raw_percent_of_host,api-node1,api-node2,16,10,26,29.000000,21.782178,29.000000,43.564356,100.000000,50.000000,0.000000,0.000000,0.000000,0.000000,0.000000,0.000000,83.312500,128.600000,78.640763,70.313122,3.000000
2026-06-24T08:08:00.358784225Z,1000,per_hit,raw_percent_of_host,api-node1,api-node2,13,12,25,31.313131,19.191919,31.313131,38.383838,100.000000,50.000000,0.000000,0.000000,0.000000,0.000000,0.000000,0.000000,76.307692,111.416667,74.823551,74.357716,3.000000
2026-06-24T08:08:01.358784389Z,1000,per_hit,raw_percent_of_host,api-node1,api-node2,11,13,24,32.038835,27.777778,32.038835,55.555556,100.000000,50.000000,0.000000,0.000000,0.000000,0.000000,0.000000,0.000000,75.818182,126.000000,74.070778,71.521325,3.000000
2026-06-24T08:08:02.358785175Z,1000,per_hit,raw_percent_of_host,api-node1,api-node2,10,13,23,29.292929,19.000000,29.292929,38.000000,100.000000,50.000000,0.000000,0.000000,0.000000,0.000000,0.000000,0.000000,81.700000,144.307692,78.738915,68.540269,3.000000
2026-06-24T08:08:03.358783819Z,1000,per_hit,raw_percent_of_host,api-node1,api-node2,13,9,22,22.000000,23.000000,22.000000,46.000000,100.000000,50.000000,0.000000,0.000000,0.000000,0.000000,0.000000,0.000000,71.538462,87.111111,80.640481,71.354002,3.000000
2026-06-24T08:08:04.358783933Z,1000,per_hit,raw_percent_of_host,api-node1,api-node2,12,9,21,37.373737,15.000000,37.373737,30.000000,100.000000,50.000000,0.000000,0.000000,0.000000,0.000000,0.000000,0.000000,70.250000,98.222222,74.660653,70.492237,3.000000
2026-06-24T08:08:05.358796112Z,1000,per_hit,raw_percent_of_host,api-node1,api-node2,11,10,21,29.000000,22.222222,29.000000,44.444444,100.000000,50.000000,0.000000,0.000000,0.000000,0.000000,0.000000,0.000000,68.090909,118.600000,78.833004,64.622836,3.000000
2026-06-24T08:08:06.358784701Z,1000,per_hit,raw_percent_of_host,api-node1,api-node2,11,9,20,31.313131,15.151515,31.313131,30.303030,100.000000,50.000000,0.000000,0.000000,0.000000,0.000000,0.000000,0.000000,68.727273,81.555556,74.916931,71.543017,3.000000
2026-06-24T08:08:07.358783578Z,1000,per_hit,raw_percent_of_host,api-node1,api-node2,10,9,19,36.363636,13.265306,36.363636,26.530612,100.000000,50.000000,0.000000,2.000000,0.000000,0.000000,0.000000,2.000000,87.100000,80.714286,71.853364,71.641394,3.000000
2026-06-24T08:08:08.35878358Z,1000,per_hit,raw_percent_of_host,api-node1,api-node2,11,7,18,28.000000,20.202020,28.000000,40.404040,100.000000,50.000000,0.000000,0.000000,0.000000,0.000000,0.000000,0.000000,69.181818,76.222222,75.889551,50.000000,3.000000
2026-06-24T08:08:09.358788029Z,1000,per_hit,raw_percent_of_host,api-node1,api-node2,10,8,18,33.000000,12.121212,33.000000,24.242424,100.000000,50.000000,0.000000,0.000000,0.000000,0.000000,0.000000,0.000000,73.600000,61.875000,74.414601,79.488835,3.000000
2026-06-24T08:08:10.358787211Z,1000,per_hit,raw_percent_of_host,api-node1,api-node2,7,10,17,26.262626,17.000000,26.262626,34.000000,100.000000,50.000000,0.000000,0.000000,0.000000,0.000000,0.000000,0.000000,57.142857,97.100000,77.940366,51.691998,3.000000
2026-06-24T08:08:11.358784183Z,1000,per_hit,raw_percent_of_host,api-node1,api-node2,9,6,15,23.232323,15.151515,23.232323,30.303030,100.000000,50.000000,0.000000,0.000000,0.000000,0.000000,0.000000,0.000000,58.222222,79.333333,81.806847,62.758624,3.000000
2026-06-24T08:08:12.358783424Z,1000,per_hit,raw_percent_of_host,api-node1,api-node2,8,7,15,23.000000,16.000000,23.000000,32.000000,100.000000,50.000000,0.000000,0.000000,0.000000,0.000000,0.000000,0.000000,56.125000,83.428571,81.380282,71.655610,3.000000
2026-06-24T08:08:13.358786663Z,1000,per_hit,raw_percent_of_host,api-node1,api-node2,11,4,15,27.272727,13.131313,27.272727,26.262626,100.000000,50.000000,0.000000,0.000000,0.000000,0.000000,0.000000,0.000000,65.363636,91.000000,81.045493,66.613968,3.000000
2026-06-24T08:08:14.358785021Z,1000,per_hit,raw_percent_of_host,api-node1,api-node2,8,6,14,26.262626,16.161616,26.262626,32.323232,100.000000,50.000000,0.000000,0.000000,0.000000,0.000000,0.000000,0.000000,56.875000,69.000000,79.689707,72.553493,3.000000
2026-06-24T08:08:15.358787811Z,1000,per_hit,raw_percent_of_host,api-node1,api-node2,10,4,14,28.000000,13.000000,28.000000,26.000000,100.000000,50.000000,0.000000,0.000000,0.000000,0.000000,0.000000,0.000000,59.300000,55.750000,79.770066,78.495533,3.000000
2026-06-24T08:08:16.35878344Z,1000,per_hit,raw_percent_of_host,api-node1,api-node2,8,5,13,21.000000,13.265306,21.000000,26.530612,100.000000,50.000000,0.000000,0.000000,0.000000,0.000000,0.000000,0.000000,63.125000,56.800000,80.942069,81.729832,3.000000
2026-06-24T08:08:17.358783534Z,1000,per_hit,raw_percent_of_host,api-node1,api-node2,5,8,13,13.000000,20.000000,13.000000,40.000000,100.000000,50.000000,0.000000,0.000000,0.000000,0.000000,0.000000,0.000000,54.600000,71.875000,82.333226,72.703411,3.000000
2026-06-24T08:08:18.358784693Z,1000,per_hit,raw_percent_of_host,api-node1,api-node2,8,4,12,21.428571,11.881188,21.428571,23.762376,100.000000,50.000000,0.000000,0.000000,0.000000,0.000000,0.000000,0.000000,60.250000,57.500000,82.140015,80.189994,3.000000
2026-06-24T08:08:19.358784726Z,1000,per_hit,raw_percent_of_host,api-node1,api-node2,6,6,12,17.171717,16.161616,17.171717,32.323232,100.000000,50.000000,0.000000,0.000000,0.000000,0.000000,0.000000,0.000000,50.000000,74.166667,82.249076,73.889864,3.000000
2026-06-24T08:08:20.358783595Z,1000,per_hit,raw_percent_of_host,api-node1,api-node2,6,6,12,16.831683,15.151515,16.831683,30.303030,100.000000,50.000000,0.000000,0.000000,0.000000,0.000000,0.000000,0.000000,55.000000,94.000000,82.694081,72.976363,3.000000
2026-06-24T08:08:21.358788096Z,1000,per_hit,raw_percent_of_host,api-node1,api-node2,5,6,11,16.000000,15.151515,16.000000,30.303030,100.000000,50.000000,0.000000,0.000000,0.000000,0.000000,0.000000,0.000000,56.800000,66.500000,82.108115,74.117287,3.000000
2026-06-24T08:08:22.358794587Z,1000,per_hit,raw_percent_of_host,api-node1,api-node2,5,6,11,13.000000,14.285714,13.000000,28.571429,100.000000,50.000000,0.000000,0.000000,0.000000,0.000000,0.000000,0.000000,50.000000,76.000000,83.195562,77.022754,3.000000
2026-06-24T08:08:23.358783521Z,1000,per_hit,raw_percent_of_host,api-node1,api-node2,4,6,10,17.000000,12.121212,17.000000,24.242424,100.000000,50.000000,0.000000,0.000000,0.000000,0.000000,0.000000,0.000000,50.000000,85.833333,82.773282,79.406488,3.000000
2026-06-24T08:08:24.358787755Z,1000,per_hit,raw_percent_of_host,api-node1,api-node2,4,6,10,14.000000,16.161616,14.000000,32.323232,100.000000,50.000000,0.000000,0.000000,0.000000,0.000000,0.000000,0.000000,50.000000,63.000000,81.123972,68.240343,3.000000
2026-06-24T08:08:25.358783632Z,1000,per_hit,raw_percent_of_host,api-node1,api-node2,6,4,10,16.161616,11.111111,16.161616,22.222222,100.000000,50.000000,0.000000,0.000000,0.000000,0.000000,0.000000,0.000000,50.333333,60.250000,82.591444,79.540750,3.000000
2026-06-24T08:08:26.358784833Z,1000,per_hit,raw_percent_of_host,api-node1,api-node2,4,6,10,11.000000,14.141414,11.000000,28.282828,100.000000,50.000000,0.000000,0.000000,0.000000,0.000000,0.000000,0.000000,50.000000,61.000000,83.184151,80.154449,3.000000
2026-06-24T08:08:27.35878854Z,1000,per_hit,raw_percent_of_host,api-node1,api-node2,6,4,10,19.000000,11.111111,19.000000,22.222222,100.000000,50.000000,0.000000,0.000000,0.000000,0.000000,0.000000,0.000000,51.333333,50.000000,82.310710,80.589272,3.000000
2026-06-24T08:08:28.358784279Z,1000,per_hit,raw_percent_of_host,api-node1,api-node2,4,6,10,15.151515,11.111111,15.151515,22.222222,100.000000,50.000000,0.000000,0.000000,0.000000,0.000000,0.000000,0.000000,50.000000,79.833333,83.035280,79.331863,3.000000
2026-06-24T08:08:29.358783625Z,1000,per_hit,raw_percent_of_host,api-node1,api-node2,3,7,10,15.151515,9.000000,15.151515,18.000000,100.000000,50.000000,0.000000,0.000000,0.000000,0.000000,0.000000,0.000000,50.000000,69.142857,81.145521,76.785446,3.000000
2026-06-24T08:08:30.358783618Z,1000,per_hit,raw_percent_of_host,api-node1,api-node2,7,3,10,27.272727,6.000000,27.272727,12.000000,100.000000,50.000000,0.000000,0.000000,0.000000,0.000000,0.000000,0.000000,50.000000,50.000000,81.440202,78.248539,3.000000
2026-06-24T08:08:31.358783891Z,1000,per_hit,raw_percent_of_host,api-node1,api-node2,5,5,10,18.181818,12.121212,18.181818,24.242424,100.000000,50.000000,0.000000,0.000000,0.000000,0.000000,0.000000,0.000000,50.000000,55.200000,82.708591,81.139404,3.000000
2026-06-24T08:08:32.358783592Z,1000,per_hit,raw_percent_of_host,api-node1,api-node2,4,6,10,15.000000,16.161616,15.000000,32.323232,100.000000,50.000000,0.000000,0.000000,0.000000,0.000000,0.000000,0.000000,51.750000,50.000000,82.246410,72.661205,3.000000
2026-06-24T08:08:33.358787594Z,1000,per_hit,raw_percent_of_host,api-node1,api-node2,7,4,11,19.191919,12.000000,19.191919,24.000000,100.000000,50.000000,0.000000,0.000000,0.000000,0.000000,0.000000,0.000000,50.428571,57.750000,80.400807,77.860868,3.000000
2026-06-24T08:08:34.358784847Z,1000,per_hit,raw_percent_of_host,api-node1,api-node2,5,6,11,10.101010,16.831683,10.101010,33.663366,100.000000,50.000000,0.000000,0.000000,0.000000,0.000000,0.000000,0.000000,61.600000,75.833333,83.135899,71.475509,3.000000
2026-06-24T08:08:35.358785127Z,1000,per_hit,raw_percent_of_host,api-node1,api-node2,7,4,11,17.821782,14.000000,17.821782,28.000000,100.000000,50.000000,0.000000,0.000000,0.000000,0.000000,0.000000,0.000000,54.571429,61.000000,82.639863,78.512105,3.000000
2026-06-24T08:08:36.358785136Z,1000,per_hit,raw_percent_of_host,api-node1,api-node2,8,3,11,28.282828,6.060606,28.282828,12.121212,100.000000,50.000000,0.000000,0.000000,0.000000,0.000000,0.000000,0.000000,53.000000,56.666667,80.679755,82.988853,3.000000
2026-06-24T08:08:37.358787282Z,1000,per_hit,raw_percent_of_host,api-node1,api-node2,6,6,12,13.861386,21.782178,13.861386,43.564356,100.000000,50.000000,0.000000,0.000000,0.000000,0.000000,0.000000,0.000000,60.333333,69.000000,83.108171,73.089510,3.000000
2026-06-24T08:08:38.358787402Z,1000,per_hit,raw_percent_of_host,api-node1,api-node2,7,5,12,23.300971,13.000000,23.300971,26.000000,100.000000,50.000000,0.000000,0.000000,0.000000,0.000000,0.000000,0.000000,54.000000,53.400000,81.835509,78.920095,3.000000
2026-06-24T08:08:39.358783371Z,1000,per_hit,raw_percent_of_host,api-node1,api-node2,6,6,12,25.742574,11.111111,25.742574,22.222222,100.000000,50.000000,0.000000,0.000000,0.000000,0.000000,0.000000,0.000000,56.666667,59.500000,81.625821,80.409426,3.000000
2026-06-24T08:08:40.35878461Z,1000,per_hit,raw_percent_of_host,api-node1,api-node2,6,7,13,16.000000,18.000000,16.000000,36.000000,100.000000,50.000000,0.000000,0.000000,0.000000,0.000000,0.000000,0.000000,50.000000,60.714286,81.783701,65.591863,3.000000
2026-06-24T08:08:41.358784636Z,1000,per_hit,raw_percent_of_host,api-node1,api-node2,8,5,13,16.000000,15.151515,16.000000,30.303030,100.000000,50.000000,0.000000,0.000000,0.000000,0.000000,0.000000,0.000000,60.375000,58.000000,82.189048,75.154448,3.000000
2026-06-24T08:08:42.358784733Z,1000,per_hit,raw_percent_of_host,api-node1,api-node2,5,9,14,21.000000,14.705882,21.000000,29.411765,100.000000,50.000000,0.000000,0.000000,0.000000,0.000000,0.000000,0.000000,55.000000,72.222222,81.482981,75.781540,3.000000
2026-06-24T08:08:43.358784992Z,1000,per_hit,raw_percent_of_host,api-node1,api-node2,8,6,14,19.607843,19.801980,19.607843,39.603960,100.000000,50.000000,0.000000,0.000000,0.000000,0.000000,0.000000,0.000000,61.250000,59.166667,80.298552,70.789226,3.000000
2026-06-24T08:08:44.358786879Z,1000,per_hit,raw_percent_of_host,api-node1,api-node2,6,9,15,15.686275,19.191919,15.686275,38.383838,100.000000,50.000000,0.000000,0.000000,0.000000,0.000000,0.000000,0.000000,54.166667,81.555556,82.060973,75.726228,3.000000
2026-06-24T08:08:45.358785033Z,1000,per_hit,raw_percent_of_host,api-node1,api-node2,8,8,16,22.772277,17.647059,22.772277,35.294118,100.000000,50.000000,0.000000,0.000000,0.000000,0.000000,0.000000,0.000000,51.750000,85.125000,81.895688,68.609491,3.000000
2026-06-24T08:08:46.358783704Z,1000,per_hit,raw_percent_of_host,api-node1,api-node2,10,6,16,26.732673,8.000000,26.732673,16.000000,100.000000,50.000000,0.000000,0.000000,0.000000,0.000000,0.000000,0.000000,67.000000,66.166667,80.464661,78.830298,3.000000
2026-06-24T08:08:47.358783535Z,1000,per_hit,raw_percent_of_host,api-node1,api-node2,7,10,17,19.801980,17.647059,19.801980,35.294118,100.000000,50.000000,0.000000,0.000000,0.000000,0.000000,0.000000,0.000000,50.000000,110.700000,82.422262,49.878964,3.000000
2026-06-24T08:08:48.358786881Z,1000,per_hit,raw_percent_of_host,api-node1,api-node2,12,4,16,15.841584,11.000000,15.841584,22.000000,100.000000,50.000000,0.000000,0.000000,0.000000,0.000000,0.000000,0.000000,83.666667,55.500000,77.418855,53.696865,3.000000
2026-06-24T08:08:49.358787772Z,1000,per_hit,raw_percent_of_host,api-node1,api-node2,6,10,16,10.891089,10.101010,10.891089,20.202020,100.000000,50.000000,0.000000,2.000000,0.000000,0.000000,0.000000,2.000000,50.000000,87.000000,82.254627,62.388100,3.000000
2026-06-24T08:08:50.358786472Z,1000,per_hit,raw_percent_of_host,api-node1,api-node2,9,5,14,10.101010,8.080808,10.101010,16.161616,100.000000,50.000000,2.000000,1.000000,0.000000,0.000000,2.000000,1.000000,58.714286,77.166667,82.445574,70.751149,3.000000
2026-06-24T08:08:51.358783767Z,1000,per_hit,raw_percent_of_host,api-node1,api-node2,13,6,19,20.000000,13.265306,20.000000,26.530612,100.000000,50.000000,1.000000,0.000000,0.000000,0.000000,1.000000,0.000000,69.357143,63.428571,69.130913,67.508724,3.000000
2026-06-24T08:08:52.358785514Z,1000,per_hit,raw_percent_of_host,api-node1,api-node2,13,10,23,29.000000,11.111111,29.000000,22.222222,100.000000,50.000000,5.000000,3.000000,0.000000,0.000000,5.000000,3.000000,53.555556,84.428571,64.501700,61.294779,3.000000
2026-06-24T08:08:53.35878758Z,1000,per_hit,raw_percent_of_host,api-node1,api-node2,10,9,19,16.326531,11.827957,16.326531,23.655914,100.000000,50.000000,1.000000,2.000000,0.000000,0.000000,1.000000,2.000000,71.214286,82.300000,77.123827,61.658243,3.000000
2026-06-24T08:08:54.358784778Z,1000,per_hit,raw_percent_of_host,api-node1,api-node2,17,11,28,20.000000,21.000000,20.000000,42.000000,100.000000,50.000000,2.000000,2.000000,0.000000,0.000000,2.000000,2.000000,57.937500,70.363636,73.099742,58.094000,3.000000
2026-06-24T08:08:55.358783555Z,1000,per_hit,raw_percent_of_host,api-node1,api-node2,12,12,24,26.262626,15.053763,26.262626,30.107527,100.000000,50.000000,3.000000,2.000000,0.000000,0.000000,3.000000,2.000000,59.000000,95.583333,69.385321,52.143762,3.000000
2026-06-24T08:08:56.358786375Z,1000,per_hit,raw_percent_of_host,api-node1,api-node2,14,11,25,5.154639,22.340426,5.154639,44.680851,100.000000,50.000000,2.000000,4.000000,0.000000,0.000000,2.000000,4.000000,80.733333,76.000000,70.332241,50.481620,3.000000
2026-06-24T08:08:57.358787422Z,1000,per_hit,raw_percent_of_host,api-node1,api-node2,11,15,26,11.111111,17.204301,11.111111,34.408602,100.000000,50.000000,3.000000,4.000000,0.000000,0.000000,3.000000,4.000000,59.500000,93.266667,73.424071,56.746869,3.000000
2026-06-24T08:08:58.358783705Z,1000,per_hit,raw_percent_of_host,api-node1,api-node2,16,11,27,27.586207,11.702128,27.586207,23.404255,100.000000,50.000000,2.000000,3.000000,0.000000,0.000000,2.000000,3.000000,63.941176,108.583333,69.501673,63.777248,3.000000
2026-06-24T08:08:59.358785639Z,1000,per_hit,raw_percent_of_host,api-node1,api-node2,18,10,28,24.242424,17.204301,24.242424,34.408602,100.000000,50.000000,2.000000,2.000000,0.000000,0.000000,2.000000,2.000000,66.722222,105.090909,69.534506,52.524589,3.000000
2026-06-24T08:09:00.358795653Z,1000,per_hit,raw_percent_of_host,api-node1,api-node2,14,15,29,17.045455,11.000000,17.045455,22.000000,100.000000,50.000000,1.000000,4.000000,0.000000,0.000000,1.000000,4.000000,68.333333,101.692308,73.468686,65.338681,3.000000
2026-06-24T08:09:01.358784659Z,1000,per_hit,raw_percent_of_host,api-node1,api-node2,18,12,30,17.171717,13.978495,17.171717,27.956989,100.000000,50.000000,3.000000,1.000000,0.000000,0.000000,3.000000,1.000000,56.187500,105.466667,74.096499,63.121858,3.000000
2026-06-24T08:09:02.358783568Z,1000,per_hit,raw_percent_of_host,api-node1,api-node2,16,15,31,22.000000,14.000000,22.000000,28.000000,100.000000,50.000000,2.000000,5.000000,0.000000,0.000000,2.000000,5.000000,76.176471,106.909091,72.377706,65.645309,3.000000
2026-06-24T08:09:03.358783629Z,1000,per_hit,raw_percent_of_host,api-node1,api-node2,21,11,32,15.000000,22.580645,15.000000,45.161290,100.000000,50.000000,2.000000,2.000000,0.000000,0.000000,2.000000,2.000000,80.000000,105.857143,73.536851,50.924075,3.000000
2026-06-24T08:09:04.358784248Z,1000,per_hit,raw_percent_of_host,api-node1,api-node2,17,16,33,12.000000,21.000000,12.000000,42.000000,100.000000,50.000000,2.000000,2.000000,0.000000,0.000000,2.000000,2.000000,81.117647,86.812500,74.764311,49.664018,3.000000
2026-06-24T08:09:05.358784033Z,1000,per_hit,raw_percent_of_host,api-node1,api-node2,19,15,34,11.111111,17.021277,11.111111,34.042553,100.000000,50.000000,2.000000,3.000000,0.000000,0.000000,2.000000,3.000000,78.578947,103.928571,75.365460,49.613433,3.000000
2026-06-24T08:09:06.358786006Z,1000,per_hit,raw_percent_of_host,api-node1,api-node2,16,19,35,15.625000,10.752688,15.625000,21.505376,100.000000,50.000000,3.000000,3.000000,0.000000,0.000000,3.000000,3.000000,67.066667,140.894737,75.195596,62.711913,3.000000
2026-06-24T08:09:07.358783599Z,1000,per_hit,raw_percent_of_host,api-node1,api-node2,25,11,36,21.428571,15.000000,21.428571,30.000000,100.000000,50.000000,2.000000,3.000000,0.000000,0.000000,2.000000,3.000000,102.423077,88.636364,71.082641,54.588711,3.000000
2026-06-24T08:09:08.358784166Z,1000,per_hit,raw_percent_of_host,api-node1,api-node2,21,16,37,19.387755,11.827957,19.387755,23.655914,100.000000,50.000000,2.000000,6.000000,0.000000,0.000000,2.000000,6.000000,77.380952,122.000000,74.030710,63.602931,3.000000
2026-06-24T08:09:09.358783798Z,1000,per_hit,raw_percent_of_host,api-node1,api-node2,28,10,38,23.469388,16.304348,23.469388,32.608696,100.000000,50.000000,4.000000,0.000000,0.000000,0.000000,4.000000,0.000000,78.615385,163.437500,72.068774,49.547166,3.000000
2026-06-24T08:09:10.358785669Z,1000,per_hit,raw_percent_of_host,api-node1,api-node2,22,17,39,17.346939,16.666667,17.346939,33.333333,100.000000,50.000000,1.000000,3.000000,0.000000,0.000000,1.000000,3.000000,80.480000,143.714286,74.460988,47.306604,3.000000
2026-06-24T08:09:11.358785719Z,1000,per_hit,raw_percent_of_host,api-node1,api-node2,24,17,41,20.454545,10.752688,20.454545,21.505376,100.000000,50.000000,1.000000,3.000000,0.000000,0.000000,1.000000,3.000000,84.708333,159.941176,73.622110,60.610436,3.000000
2026-06-24T08:09:12.358784316Z,1000,per_hit,raw_percent_of_host,api-node1,api-node2,26,16,42,23.469388,10.752688,23.469388,21.505376,100.000000,50.000000,2.000000,5.000000,0.000000,0.000000,2.000000,5.000000,90.760000,159.642857,69.923925,67.151753,3.000000
2026-06-24T08:09:13.358786641Z,1000,per_hit,raw_percent_of_host,api-node1,api-node2,24,19,43,11.224490,23.157895,11.224490,46.315789,100.000000,50.000000,0.000000,4.000000,0.000000,0.000000,0.000000,4.000000,94.807692,162.100000,75.344290,48.385746,3.000000
2026-06-24T08:09:14.358784131Z,1000,per_hit,raw_percent_of_host,api-node1,api-node2,23,21,44,24.752475,11.827957,24.752475,23.655914,100.000000,50.000000,2.000000,16.000000,0.000000,0.000000,2.000000,16.000000,71.238095,127.222222,71.924320,64.868542,3.000000
2026-06-24T08:09:15.358787289Z,1000,per_hit,raw_percent_of_host,api-node1,api-node2,26,19,45,16.326531,17.204301,16.326531,34.408602,100.000000,50.000000,3.000000,4.000000,0.000000,0.000000,3.000000,4.000000,128.240000,232.677419,71.198903,49.196043,3.000000
2026-06-24T08:09:16.358784345Z,1000,per_hit,raw_percent_of_host,api-node1,api-node2,21,25,46,15.463918,17.021277,15.463918,34.042553,100.000000,50.000000,3.000000,10.000000,0.000000,0.000000,3.000000,10.000000,101.238095,178.210526,74.125627,48.008527,3.000000
2026-06-24T08:09:17.358783968Z,1000,per_hit,raw_percent_of_host,api-node1,api-node2,26,21,47,24.489796,12.765957,24.489796,25.531915,100.000000,50.000000,3.000000,3.000000,0.000000,0.000000,3.000000,3.000000,97.692308,234.142857,70.002664,59.720884,3.000000
2026-06-24T08:09:18.358791037Z,1000,per_hit,raw_percent_of_host,api-node1,api-node2,30,19,49,21.428571,14.141414,21.428571,28.282828,100.000000,50.000000,3.000000,3.000000,0.000000,0.000000,3.000000,3.000000,113.133333,156.526316,69.890592,52.220772,3.000000
2026-06-24T08:09:19.358783788Z,1000,per_hit,raw_percent_of_host,api-node1,api-node2,32,18,50,21.428571,10.752688,21.428571,21.505376,100.000000,50.000000,2.000000,4.000000,0.000000,0.000000,2.000000,4.000000,147.515152,141.058824,66.214641,72.154649,3.000000
2026-06-24T08:09:20.358783686Z,1000,per_hit,raw_percent_of_host,api-node1,api-node2,32,19,51,19.191919,20.202020,19.191919,40.404040,100.000000,50.000000,3.000000,4.000000,0.000000,0.000000,3.000000,4.000000,164.612903,162.210526,67.545819,50.155325,3.000000
2026-06-24T08:09:21.35878453Z,1000,per_hit,raw_percent_of_host,api-node1,api-node2,31,21,52,21.212121,16.129032,21.212121,32.258065,100.000000,50.000000,4.000000,6.000000,0.000000,0.000000,4.000000,6.000000,147.300000,171.473684,68.872879,47.907758,3.000000
2026-06-24T08:09:22.358784857Z,1000,per_hit,raw_percent_of_host,api-node1,api-node2,29,24,53,25.773196,5.434783,25.773196,10.869565,100.000000,50.000000,3.000000,21.000000,0.000000,0.000000,3.000000,21.000000,114.633333,205.555556,65.119349,70.485479,3.000000
2026-06-24T08:09:23.358784933Z,1000,per_hit,raw_percent_of_host,api-node1,api-node2,31,23,54,17.045455,11.956522,17.045455,23.913043,100.000000,50.000000,2.000000,11.000000,0.000000,0.000000,2.000000,11.000000,127.531250,320.666667,69.430402,63.167695,3.000000
2026-06-24T08:09:24.358785938Z,1000,per_hit,raw_percent_of_host,api-node1,api-node2,24,31,55,5.050505,26.000000,5.050505,52.000000,100.000000,50.000000,2.000000,12.000000,0.000000,0.000000,2.000000,12.000000,137.916667,221.800000,70.043631,48.515028,3.000000
2026-06-24T08:09:25.358784819Z,1000,per_hit,raw_percent_of_host,api-node1,api-node2,32,24,56,20.202020,14.285714,20.202020,28.571429,100.000000,50.000000,2.000000,12.000000,0.000000,0.000000,2.000000,12.000000,125.593750,275.333333,69.035290,59.394018,3.000000
2026-06-24T08:09:26.358784227Z,1000,per_hit,raw_percent_of_host,api-node1,api-node2,36,21,57,21.212121,19.148936,21.212121,38.297872,100.000000,50.000000,6.000000,6.000000,0.000000,0.000000,6.000000,6.000000,170.625000,237.518519,67.771466,48.208800,3.000000
2026-06-24T08:09:27.358784853Z,1000,per_hit,raw_percent_of_host,api-node1,api-node2,37,21,58,17.171717,22.340426,17.171717,44.680851,100.000000,50.000000,3.000000,7.000000,0.000000,0.000000,3.000000,7.000000,200.500000,185.400000,65.898448,48.091168,3.000000
2026-06-24T08:09:28.358784219Z,1000,per_hit,raw_percent_of_host,api-node1,api-node2,33,26,59,12.121212,22.222222,12.121212,44.444444,100.000000,50.000000,5.000000,15.000000,0.000000,0.000000,5.000000,15.000000,152.774194,193.722222,69.665639,47.398283,3.000000
2026-06-24T08:09:29.358784868Z,1000,per_hit,raw_percent_of_host,api-node1,api-node2,33,27,60,23.711340,17.204301,23.711340,34.408602,100.000000,50.000000,2.000000,23.000000,0.000000,0.000000,2.000000,23.000000,130.666667,350.368421,65.802794,46.437490,3.000000
2026-06-24T08:09:30.358784152Z,1000,per_hit,raw_percent_of_host,api-node1,api-node2,32,29,61,16.161616,22.340426,16.161616,44.680851,100.000000,50.000000,2.000000,14.000000,0.000000,0.000000,2.000000,14.000000,152.593750,300.605263,68.872523,45.856164,3.000000
2026-06-24T08:09:31.358784773Z,1000,per_hit,raw_percent_of_host,api-node1,api-node2,39,23,62,27.272727,16.304348,27.272727,32.608696,100.000000,50.000000,6.000000,13.000000,0.000000,0.000000,6.000000,13.000000,163.914286,298.000000,62.831448,44.806048,3.000000
2026-06-24T08:09:32.358784104Z,1000,per_hit,raw_percent_of_host,api-node1,api-node2,37,26,63,11.224490,25.252525,11.224490,50.505051,100.000000,50.000000,7.000000,13.000000,0.000000,0.000000,7.000000,13.000000,174.750000,257.769231,67.293820,48.445692,3.000000
2026-06-24T08:09:33.358784152Z,1000,per_hit,raw_percent_of_host,api-node1,api-node2,34,30,64,26.530612,12.745098,26.530612,25.490196,100.000000,50.000000,1.000000,27.000000,0.000000,0.000000,1.000000,27.000000,162.975000,288.250000,62.812734,48.540258,3.000000
2026-06-24T08:09:34.358785032Z,1000,per_hit,raw_percent_of_host,api-node1,api-node2,35,30,65,21.212121,22.580645,21.212121,45.161290,100.000000,50.000000,4.000000,22.000000,0.000000,0.000000,4.000000,22.000000,168.343750,478.885714,69.109418,46.772721,3.000000
2026-06-24T08:09:35.358784353Z,1000,per_hit,raw_percent_of_host,api-node1,api-node2,36,29,65,19.387755,15.217391,19.387755,30.434783,100.000000,50.000000,4.000000,21.000000,0.000000,0.000000,4.000000,21.000000,162.138889,356.733333,68.853617,47.559045,3.000000
2026-06-24T08:09:36.358784128Z,1000,per_hit,raw_percent_of_host,api-node1,api-node2,40,26,66,20.000000,16.842105,20.000000,33.684211,100.000000,50.000000,10.000000,15.000000,0.000000,0.000000,10.000000,15.000000,220.264706,290.375000,66.980919,46.480831,3.000000
2026-06-24T08:09:37.358785477Z,1000,per_hit,raw_percent_of_host,api-node1,api-node2,33,34,67,18.000000,20.202020,18.000000,40.404040,100.000000,50.000000,3.000000,26.000000,0.000000,0.000000,3.000000,26.000000,218.425000,274.260870,69.711330,47.549267,3.000000
2026-06-24T08:09:38.358785609Z,1000,per_hit,raw_percent_of_host,api-node1,api-node2,41,22,63,22.727273,17.894737,22.727273,35.789474,100.000000,50.000000,15.000000,8.000000,0.000000,0.000000,15.000000,8.000000,148.931034,313.925000,65.476689,45.945518,3.000000
2026-06-24T08:09:39.358784738Z,1000,per_hit,raw_percent_of_host,api-node1,api-node2,36,29,65,20.202020,21.739130,20.202020,43.478261,100.000000,50.000000,8.000000,19.000000,0.000000,0.000000,8.000000,19.000000,195.604651,145.611111,67.608885,49.990136,3.000000
2026-06-24T08:09:40.358784445Z,1000,per_hit,raw_percent_of_host,api-node1,api-node2,47,25,72,22.727273,20.202020,22.727273,40.404040,100.000000,50.000000,30.000000,11.000000,0.000000,0.000000,30.000000,11.000000,195.200000,229.424242,62.780931,47.896222,3.000000
2026-06-24T08:09:41.358784384Z,1000,per_hit,raw_percent_of_host,api-node1,api-node2,38,32,70,31.000000,26.000000,31.000000,52.000000,100.000000,50.000000,19.000000,20.000000,0.000000,0.000000,19.000000,20.000000,280.285714,190.782609,45.749325,48.019225,3.000000
2026-06-24T08:09:42.3587842Z,1000,per_hit,raw_percent_of_host,api-node1,api-node2,25,29,54,34.831461,11.702128,34.831461,23.404255,100.000000,50.000000,3.000000,21.000000,0.000000,0.000000,3.000000,21.000000,190.804878,268.250000,47.560589,60.181609,3.000000
2026-06-24T08:09:43.358784645Z,1000,per_hit,raw_percent_of_host,api-node1,api-node2,32,31,63,11.340206,27.000000,11.340206,54.000000,100.000000,50.000000,2.000000,22.000000,0.000000,0.000000,2.000000,22.000000,160.606061,278.900000,68.489043,47.016875,3.000000
2026-06-24T08:09:44.358785117Z,1000,per_hit,raw_percent_of_host,api-node1,api-node2,41,29,70,39.795918,26.000000,39.795918,52.000000,100.000000,50.000000,10.000000,7.000000,0.000000,0.000000,10.000000,7.000000,130.272727,397.681818,48.412706,28.278319,3.000000
2026-06-24T08:09:45.358784059Z,1000,per_hit,raw_percent_of_host,api-node1,api-node2,34,28,62,35.714286,20.202020,35.714286,40.404040,100.000000,50.000000,1.000000,11.000000,0.000000,0.000000,1.000000,11.000000,147.651163,146.833333,49.668155,49.472776,3.000000
2026-06-24T08:09:46.358785906Z,1000,per_hit,raw_percent_of_host,api-node1,api-node2,44,35,79,47.422680,25.252525,47.422680,50.505051,100.000000,50.000000,6.000000,11.000000,0.000000,0.000000,6.000000,11.000000,113.128205,192.200000,49.394390,42.850211,3.000000
2026-06-24T08:09:47.358784715Z,1000,per_hit,raw_percent_of_host,api-node1,api-node2,43,31,74,47.000000,28.571429,47.000000,57.142857,100.000000,50.000000,3.000000,4.000000,0.000000,0.000000,3.000000,4.000000,127.217391,213.210526,49.146143,38.428298,3.000000
2026-06-24T08:09:48.358784396Z,1000,per_hit,raw_percent_of_host,api-node1,api-node2,34,35,69,36.363636,26.732673,36.363636,53.465347,100.000000,50.000000,5.000000,11.000000,0.000000,0.000000,5.000000,11.000000,120.187500,143.892857,48.714035,49.498819,3.000000
2026-06-24T08:09:49.358784366Z,1000,per_hit,raw_percent_of_host,api-node1,api-node2,39,36,75,45.454545,25.252525,45.454545,50.505051,100.000000,50.000000,8.000000,15.000000,0.000000,0.000000,8.000000,15.000000,124.388889,186.531250,49.775093,41.153946,3.000000
2026-06-24T08:09:50.358784089Z,1000,per_hit,raw_percent_of_host,api-node1,api-node2,37,33,70,47.191011,25.252525,47.191011,50.505051,100.000000,50.000000,2.000000,8.000000,0.000000,0.000000,2.000000,8.000000,117.465116,233.875000,49.440914,41.808157,3.000000
2026-06-24T08:09:51.358783569Z,1000,per_hit,raw_percent_of_host,api-node1,api-node2,45,34,79,46.363636,29.000000,46.363636,58.000000,100.000000,50.000000,2.000000,7.000000,0.000000,0.000000,2.000000,7.000000,126.555556,152.942857,48.553523,47.402415,3.000000
2026-06-24T08:09:52.358787471Z,1000,per_hit,raw_percent_of_host,api-node1,api-node2,42,30,72,46.534653,26.732673,46.534653,53.465347,100.000000,50.000000,8.000000,4.000000,0.000000,0.000000,8.000000,4.000000,110.305556,179.787879,50.000000,43.160164,3.000000
2026-06-24T08:09:53.358783855Z,1000,per_hit,raw_percent_of_host,api-node1,api-node2,35,39,74,45.918367,26.000000,45.918367,52.000000,100.000000,50.000000,4.000000,5.000000,0.000000,0.000000,4.000000,5.000000,127.025641,199.842105,49.404764,42.396619,3.000000
2026-06-24T08:09:54.358787126Z,1000,per_hit,raw_percent_of_host,api-node1,api-node2,41,37,78,50.980392,26.732673,50.980392,53.465347,100.000000,50.000000,5.000000,5.000000,0.000000,0.000000,5.000000,5.000000,118.950000,197.162162,49.828876,46.231701,3.000000
2026-06-24T08:09:55.358786573Z,1000,per_hit,raw_percent_of_host,api-node1,api-node2,44,31,75,43.000000,26.732673,43.000000,53.465347,100.000000,50.000000,1.000000,6.000000,0.000000,0.000000,1.000000,6.000000,127.250000,163.100000,48.918670,47.840473,3.000000
2026-06-24T08:09:56.358783641Z,1000,per_hit,raw_percent_of_host,api-node1,api-node2,34,25,59,35.353535,26.262626,35.353535,52.525253,100.000000,50.000000,2.000000,3.000000,0.000000,0.000000,2.000000,3.000000,102.454545,236.000000,50.000000,36.466230,3.000000
2026-06-24T08:09:57.358784123Z,1000,per_hit,raw_percent_of_host,api-node1,api-node2,34,48,82,42.000000,25.833333,42.000000,51.666667,100.000000,50.000000,2.000000,13.000000,0.000000,0.000000,2.000000,13.000000,96.323529,232.710526,49.869840,44.492556,3.000000
2026-06-24T08:09:58.358783913Z,1000,per_hit,raw_percent_of_host,api-node1,api-node2,36,36,72,39.393939,28.421053,39.393939,56.842105,100.000000,50.000000,3.000000,7.000000,0.000000,0.000000,3.000000,7.000000,101.600000,200.619048,49.214834,45.565966,3.000000
2026-06-24T08:09:59.358783459Z,1000,per_hit,raw_percent_of_host,api-node1,api-node2,40,41,81,41.379310,25.252525,41.379310,50.505051,100.000000,50.000000,9.000000,12.000000,0.000000,0.000000,9.000000,12.000000,124.588235,182.722222,48.978269,47.141976,3.000000
2026-06-24T08:10:00.358784152Z,1000,per_hit,raw_percent_of_host,api-node1,api-node2,41,35,76,43.564356,23.157895,43.564356,46.315789,100.000000,50.000000,5.000000,9.000000,0.000000,0.000000,5.000000,9.000000,129.777778,264.842105,49.471558,36.231173,3.000000
2026-06-24T08:10:01.358785644Z,1000,per_hit,raw_percent_of_host,api-node1,api-node2,33,34,67,55.681818,28.378378,55.681818,56.756757,100.000000,50.000000,3.000000,3.000000,0.000000,0.000000,3.000000,3.000000,132.457143,191.925000,49.669926,46.111772,3.000000
2026-06-24T08:10:02.358785662Z,1000,per_hit,raw_percent_of_host,api-node1,api-node2,31,41,72,52.475248,25.742574,52.475248,51.485149,100.000000,50.000000,2.000000,4.000000,0.000000,0.000000,2.000000,4.000000,100.093750,301.325000,49.746856,39.123012,3.000000
2026-06-24T08:10:03.358783584Z,1000,per_hit,raw_percent_of_host,api-node1,api-node2,36,32,68,41.414141,23.404255,41.414141,46.808511,100.000000,50.000000,1.000000,7.000000,0.000000,0.000000,1.000000,7.000000,93.756757,153.275862,49.755198,46.699525,3.000000
2026-06-24T08:10:04.358784581Z,1000,per_hit,raw_percent_of_host,api-node1,api-node2,50,38,88,52.525253,25.252525,52.525253,50.505051,100.000000,50.000000,2.000000,13.000000,0.000000,0.000000,2.000000,13.000000,123.387755,215.937500,49.028517,45.359063,3.000000
2026-06-24T08:10:05.358784106Z,1000,per_hit,raw_percent_of_host,api-node1,api-node2,29,46,75,48.275862,26.000000,48.275862,52.000000,100.000000,50.000000,4.000000,20.000000,0.000000,0.000000,4.000000,20.000000,89.666667,246.307692,49.986152,46.776195,3.000000
2026-06-24T08:10:06.358785863Z,1000,per_hit,raw_percent_of_host,api-node1,api-node2,38,36,74,50.495050,30.097087,50.495050,60.194175,100.000000,50.000000,5.000000,5.000000,0.000000,0.000000,5.000000,5.000000,120.486486,221.607843,49.871572,46.691478,3.000000
2026-06-24T08:10:07.358785261Z,1000,per_hit,raw_percent_of_host,api-node1,api-node2,40,33,73,45.871560,26.470588,45.871560,52.941176,100.000000,50.000000,7.000000,6.000000,0.000000,0.000000,7.000000,6.000000,109.473684,137.812500,49.081659,49.471877,3.000000
2026-06-24T08:10:08.358784048Z,1000,per_hit,raw_percent_of_host,api-node1,api-node2,34,37,71,48.453608,25.742574,48.453608,51.485149,100.000000,50.000000,3.000000,7.000000,0.000000,0.000000,3.000000,7.000000,123.894737,166.972222,49.894203,45.691885,3.000000
2026-06-24T08:10:09.358789256Z,1000,per_hit,raw_percent_of_host,api-node1,api-node2,41,34,75,52.475248,26.732673,52.475248,53.465347,100.000000,50.000000,5.000000,5.000000,0.000000,0.000000,5.000000,5.000000,100.230769,172.500000,49.499252,42.161002,3.000000
2026-06-24T08:10:10.358784849Z,1000,per_hit,raw_percent_of_host,api-node1,api-node2,40,31,71,41.237113,25.742574,41.237113,51.485149,100.000000,50.000000,6.000000,8.000000,0.000000,0.000000,6.000000,8.000000,103.282051,168.928571,49.906365,46.639633,3.000000
2026-06-24T08:10:11.358784079Z,1000,per_hit,raw_percent_of_host,api-node1,api-node2,42,31,73,51.485149,26.470588,51.485149,52.941176,100.000000,50.000000,4.000000,9.000000,0.000000,0.000000,4.000000,9.000000,131.068182,143.566667,49.257132,48.778142,3.000000
2026-06-24T08:10:12.358783446Z,1000,per_hit,raw_percent_of_host,api-node1,api-node2,38,25,63,41.237113,17.021277,41.237113,34.042553,100.000000,50.000000,6.000000,8.000000,0.000000,0.000000,6.000000,8.000000,112.361111,144.961538,49.617120,49.151525,3.000000
2026-06-24T08:10:13.358785709Z,1000,per_hit,raw_percent_of_host,api-node1,api-node2,32,35,67,36.082474,25.252525,36.082474,50.505051,100.000000,50.000000,6.000000,17.000000,0.000000,0.000000,6.000000,17.000000,100.906250,165.653846,49.860242,46.373959,3.000000
2026-06-24T08:10:14.358785037Z,1000,per_hit,raw_percent_of_host,api-node1,api-node2,42,33,75,46.464646,23.157895,46.464646,46.315789,100.000000,50.000000,0.000000,14.000000,0.000000,0.000000,0.000000,14.000000,121.229167,307.250000,49.296835,41.218151,3.000000
2026-06-24T08:10:15.358783649Z,1000,per_hit,raw_percent_of_host,api-node1,api-node2,46,24,70,47.959184,25.742574,47.959184,51.485149,100.000000,50.000000,2.000000,6.000000,0.000000,0.000000,2.000000,6.000000,112.727273,215.625000,49.505264,39.588997,3.000000
2026-06-24T08:10:16.358784671Z,1000,per_hit,raw_percent_of_host,api-node1,api-node2,38,30,68,51.000000,26.000000,51.000000,52.000000,100.000000,50.000000,1.000000,8.000000,0.000000,0.000000,1.000000,8.000000,121.897436,153.464286,49.258659,48.252471,3.000000
2026-06-24T08:10:17.35878581Z,1000,per_hit,raw_percent_of_host,api-node1,api-node2,36,32,68,51.111111,26.732673,51.111111,53.465347,100.000000,50.000000,1.000000,4.000000,0.000000,0.000000,1.000000,4.000000,106.638889,168.500000,49.735570,46.790478,3.000000
2026-06-24T08:10:18.35878483Z,1000,per_hit,raw_percent_of_host,api-node1,api-node2,30,38,68,45.535714,26.000000,45.535714,52.000000,100.000000,50.000000,4.000000,9.000000,0.000000,0.000000,4.000000,9.000000,90.000000,254.454545,49.701939,39.797856,3.000000
2026-06-24T08:10:19.358784524Z,1000,per_hit,raw_percent_of_host,api-node1,api-node2,33,34,67,46.363636,23.469388,46.363636,46.938776,100.000000,50.000000,1.000000,4.000000,0.000000,0.000000,1.000000,4.000000,112.027778,189.923077,49.520270,49.283959,3.000000
2026-06-24T08:10:20.358784832Z,1000,per_hit,raw_percent_of_host,api-node1,api-node2,29,37,66,43.023256,27.777778,43.023256,55.555556,100.000000,50.000000,0.000000,10.000000,0.000000,0.000000,0.000000,10.000000,86.066667,180.935484,50.000000,48.717836,3.000000
2026-06-24T08:10:21.35878641Z,1000,per_hit,raw_percent_of_host,api-node1,api-node2,31,34,65,52.475248,26.000000,52.475248,52.000000,100.000000,50.000000,2.000000,8.000000,0.000000,0.000000,2.000000,8.000000,84.586207,180.583333,50.000000,47.229235,3.000000
2026-06-24T08:10:22.358785144Z,1000,per_hit,raw_percent_of_host,api-node1,api-node2,31,34,65,50.000000,25.000000,50.000000,50.000000,100.000000,50.000000,1.000000,7.000000,0.000000,0.000000,1.000000,7.000000,95.906250,217.828571,49.680532,42.231599,3.000000
2026-06-24T08:10:23.358786706Z,1000,per_hit,raw_percent_of_host,api-node1,api-node2,33,31,64,50.495050,27.000000,50.495050,54.000000,100.000000,50.000000,1.000000,5.000000,0.000000,0.000000,1.000000,5.000000,85.575758,142.181818,50.000000,48.324724,3.000000
2026-06-24T08:10:24.358784698Z,1000,per_hit,raw_percent_of_host,api-node1,api-node2,30,33,63,41.000000,26.000000,41.000000,52.000000,100.000000,50.000000,1.000000,3.000000,0.000000,0.000000,1.000000,3.000000,80.100000,173.057143,49.824672,48.132113,3.000000
2026-06-24T08:10:25.358785261Z,1000,per_hit,raw_percent_of_host,api-node1,api-node2,24,38,62,42.528736,26.000000,42.528736,52.000000,100.000000,50.000000,2.000000,5.000000,0.000000,0.000000,2.000000,5.000000,73.565217,215.277778,49.982059,43.369382,3.000000
2026-06-24T08:10:26.358783503Z,1000,per_hit,raw_percent_of_host,api-node1,api-node2,35,26,61,49.494949,26.732673,49.494949,53.465347,100.000000,50.000000,1.000000,3.000000,0.000000,0.000000,1.000000,3.000000,100.055556,152.785714,49.935523,44.537243,3.000000
2026-06-24T08:10:27.358784163Z,1000,per_hit,raw_percent_of_host,api-node1,api-node2,33,27,60,48.214286,25.742574,48.214286,51.485149,100.000000,50.000000,1.000000,5.000000,0.000000,0.000000,1.000000,5.000000,90.878788,177.360000,49.609169,44.167465,3.000000
2026-06-24T08:10:28.358786546Z,1000,per_hit,raw_percent_of_host,api-node1,api-node2,37,22,59,51.327434,25.252525,51.327434,50.505051,100.000000,50.000000,4.000000,2.000000,0.000000,0.000000,4.000000,2.000000,97.588235,144.360000,49.574121,48.586387,3.000000
2026-06-24T08:10:29.358783602Z,1000,per_hit,raw_percent_of_host,api-node1,api-node2,37,21,58,50.000000,25.471698,50.000000,50.943396,100.000000,50.000000,4.000000,1.000000,0.000000,0.000000,4.000000,1.000000,103.918919,123.272727,49.761740,49.882742,3.000000
2026-06-24T08:10:30.358784046Z,1000,per_hit,raw_percent_of_host,api-node1,api-node2,29,28,57,50.495050,25.925926,50.495050,51.851852,100.000000,50.000000,0.000000,8.000000,0.000000,0.000000,0.000000,8.000000,93.151515,126.476190,49.953570,48.994547,3.000000
2026-06-24T08:10:31.358784397Z,1000,per_hit,raw_percent_of_host,api-node1,api-node2,21,35,56,41.584158,26.732673,41.584158,53.465347,100.000000,50.000000,2.000000,5.000000,0.000000,0.000000,2.000000,5.000000,65.631579,184.552632,50.000000,46.104959,3.000000
2026-06-24T08:10:32.35878652Z,1000,per_hit,raw_percent_of_host,api-node1,api-node2,30,25,55,49.000000,26.000000,49.000000,52.000000,100.000000,50.000000,1.000000,1.000000,0.000000,0.000000,1.000000,1.000000,87.193548,144.689655,49.911302,48.836780,3.000000
2026-06-24T08:10:33.358784651Z,1000,per_hit,raw_percent_of_host,api-node1,api-node2,19,34,53,38.000000,25.233645,38.000000,50.467290,100.000000,50.000000,0.000000,6.000000,0.000000,0.000000,0.000000,6.000000,73.350000,150.724138,49.861698,48.135713,3.000000
2026-06-24T08:10:34.358783466Z,1000,per_hit,raw_percent_of_host,api-node1,api-node2,30,23,53,51.515152,25.000000,51.515152,50.000000,100.000000,50.000000,1.000000,5.000000,0.000000,0.000000,1.000000,5.000000,121.034483,137.708333,47.552779,49.071589,3.000000
2026-06-24T08:10:35.358784134Z,1000,per_hit,raw_percent_of_host,api-node1,api-node2,22,30,52,48.514851,26.000000,48.514851,52.000000,100.000000,50.000000,1.000000,2.000000,0.000000,0.000000,1.000000,2.000000,70.136364,133.696970,50.000000,48.468032,3.000000
2026-06-24T08:10:36.358785226Z,1000,per_hit,raw_percent_of_host,api-node1,api-node2,25,26,51,40.206186,27.102804,40.206186,54.205607,100.000000,50.000000,1.000000,2.000000,0.000000,0.000000,1.000000,2.000000,68.880000,130.307692,49.898612,49.207365,3.000000
2026-06-24T08:10:37.358784099Z,1000,per_hit,raw_percent_of_host,api-node1,api-node2,28,22,50,50.000000,25.000000,50.000000,50.000000,100.000000,50.000000,1.000000,2.000000,0.000000,0.000000,1.000000,2.000000,64.357143,116.545455,49.974380,49.115594,3.000000
2026-06-24T08:10:38.358783674Z,1000,per_hit,raw_percent_of_host,api-node1,api-node2,28,15,43,53.409091,23.584906,53.409091,47.169811,100.000000,50.000000,3.000000,4.000000,0.000000,0.000000,3.000000,4.000000,95.653846,74.538462,49.811918,50.000000,3.000000
2026-06-24T08:10:39.358783672Z,1000,per_hit,raw_percent_of_host,api-node1,api-node2,19,21,40,45.454545,23.584906,45.454545,47.169811,100.000000,50.000000,0.000000,11.000000,0.000000,0.000000,0.000000,11.000000,67.818182,86.500000,50.000000,49.925611,3.000000
2026-06-24T08:10:40.358785486Z,1000,per_hit,raw_percent_of_host,api-node1,api-node2,24,30,54,39.795918,25.252525,39.795918,50.505051,100.000000,50.000000,1.000000,4.000000,0.000000,0.000000,1.000000,4.000000,64.782609,195.567568,50.000000,47.993585,3.000000
2026-06-24T08:10:41.358784725Z,1000,per_hit,raw_percent_of_host,api-node1,api-node2,19,25,44,46.590909,26.732673,46.590909,53.465347,100.000000,50.000000,0.000000,7.000000,0.000000,0.000000,0.000000,7.000000,92.850000,101.909091,49.847151,49.679650,3.000000
2026-06-24T08:10:42.358786529Z,1000,per_hit,raw_percent_of_host,api-node1,api-node2,19,25,44,36.000000,25.742574,36.000000,51.485149,100.000000,50.000000,0.000000,6.000000,0.000000,0.000000,0.000000,6.000000,55.315789,144.730769,50.000000,47.879215,3.000000
2026-06-24T08:10:43.358783584Z,1000,per_hit,raw_percent_of_host,api-node1,api-node2,24,19,43,51.515152,25.000000,51.515152,50.000000,100.000000,50.000000,1.000000,3.000000,0.000000,0.000000,1.000000,3.000000,66.521739,124.500000,50.000000,48.814686,3.000000
2026-06-24T08:10:44.3587857Z,1000,per_hit,raw_percent_of_host,api-node1,api-node2,18,23,41,34.343434,26.000000,34.343434,52.000000,100.000000,50.000000,0.000000,5.000000,0.000000,0.000000,0.000000,5.000000,72.578947,121.952381,50.000000,49.449457,3.000000
2026-06-24T08:10:45.358783472Z,1000,per_hit,raw_percent_of_host,api-node1,api-node2,20,20,40,45.918367,27.659574,45.918367,55.319149,100.000000,50.000000,0.000000,5.000000,0.000000,0.000000,0.000000,5.000000,67.100000,126.900000,50.000000,49.128861,3.000000
2026-06-24T08:10:46.358787668Z,1000,per_hit,raw_percent_of_host,api-node1,api-node2,19,21,40,36.000000,25.000000,36.000000,50.000000,100.000000,50.000000,0.000000,7.000000,0.000000,0.000000,0.000000,7.000000,73.947368,110.263158,50.000000,49.709416,3.000000
2026-06-24T08:10:47.358784304Z,1000,per_hit,raw_percent_of_host,api-node1,api-node2,18,20,38,37.000000,25.742574,37.000000,51.485149,100.000000,50.000000,0.000000,5.000000,0.000000,0.000000,0.000000,5.000000,71.277778,148.090909,50.000000,48.085516,3.000000
2026-06-24T08:10:48.35878387Z,1000,per_hit,raw_percent_of_host,api-node1,api-node2,14,23,37,27.000000,26.000000,27.000000,52.000000,100.000000,50.000000,0.000000,3.000000,0.000000,0.000000,0.000000,3.000000,61.500000,127.720000,65.954280,49.669768,3.000000
2026-06-24T08:10:49.358783433Z,1000,per_hit,raw_percent_of_host,api-node1,api-node2,23,9,32,30.927835,11.111111,30.927835,22.222222,100.000000,50.000000,3.000000,1.000000,0.000000,0.000000,3.000000,1.000000,64.000000,95.090909,53.199696,65.857533,3.000000
2026-06-24T08:10:50.358786101Z,1000,per_hit,raw_percent_of_host,api-node1,api-node2,21,15,36,39.000000,21.782178,39.000000,43.564356,100.000000,50.000000,0.000000,2.000000,0.000000,0.000000,0.000000,2.000000,84.583333,100.500000,50.000000,49.563516,3.000000
2026-06-24T08:10:51.358787612Z,1000,per_hit,raw_percent_of_host,api-node1,api-node2,17,18,35,48.979592,22.000000,48.979592,44.000000,100.000000,50.000000,0.000000,2.000000,0.000000,0.000000,0.000000,2.000000,57.529412,87.888889,50.000000,49.954340,3.000000
2026-06-24T08:10:52.35878417Z,1000,per_hit,raw_percent_of_host,api-node1,api-node2,15,16,31,33.333333,23.364486,33.333333,46.728972,100.000000,50.000000,1.000000,1.000000,0.000000,0.000000,1.000000,1.000000,58.571429,95.882353,50.000000,49.990906,3.000000
2026-06-24T08:10:53.358784947Z,1000,per_hit,raw_percent_of_host,api-node1,api-node2,21,12,33,42.000000,14.000000,42.000000,28.000000,100.000000,50.000000,0.000000,5.000000,0.000000,0.000000,0.000000,5.000000,64.681818,75.875000,59.334704,61.585988,3.000000
2026-06-24T08:10:54.358786048Z,1000,per_hit,raw_percent_of_host,api-node1,api-node2,19,11,30,33.000000,27.368421,33.000000,54.736842,100.000000,50.000000,4.000000,2.000000,0.000000,0.000000,4.000000,2.000000,52.266667,85.428571,50.000000,50.000000,3.000000
2026-06-24T08:10:55.358783906Z,1000,per_hit,raw_percent_of_host,api-node1,api-node2,17,14,31,46.590909,19.047619,46.590909,38.095238,100.000000,50.000000,0.000000,1.000000,0.000000,0.000000,0.000000,1.000000,74.476190,89.400000,50.000000,60.878182,3.000000
2026-06-24T08:10:56.358785888Z,1000,per_hit,raw_percent_of_host,api-node1,api-node2,17,12,29,20.792079,25.471698,20.792079,50.943396,100.000000,50.000000,0.000000,0.000000,0.000000,0.000000,0.000000,0.000000,86.647059,95.307692,62.966675,49.618544,3.000000
2026-06-24T08:10:57.358783916Z,1000,per_hit,raw_percent_of_host,api-node1,api-node2,13,15,28,41.414141,18.867925,41.414141,37.735849,100.000000,50.000000,0.000000,2.000000,0.000000,0.000000,0.000000,2.000000,54.692308,80.307692,51.014905,50.000000,3.000000
2026-06-24T08:10:58.358787317Z,1000,per_hit,raw_percent_of_host,api-node1,api-node2,15,12,27,26.530612,23.584906,26.530612,47.169811,100.000000,50.000000,0.000000,0.000000,0.000000,0.000000,0.000000,0.000000,67.533333,82.000000,76.229749,50.000000,3.000000
2026-06-24T08:10:59.358785118Z,1000,per_hit,raw_percent_of_host,api-node1,api-node2,12,14,26,29.591837,21.904762,29.591837,43.809524,100.000000,50.000000,0.000000,3.000000,0.000000,0.000000,0.000000,3.000000,57.500000,81.636364,60.806716,49.955490,3.000000
2026-06-24T08:11:00.358787605Z,1000,per_hit,raw_percent_of_host,api-node1,api-node2,12,13,25,30.612245,26.168224,30.612245,52.336449,100.000000,50.000000,0.000000,2.000000,0.000000,0.000000,0.000000,2.000000,52.000000,112.142857,68.198888,49.941626,3.000000
2026-06-24T08:11:01.358787107Z,1000,per_hit,raw_percent_of_host,api-node1,api-node2,14,10,24,35.714286,17.000000,35.714286,34.000000,100.000000,50.000000,0.000000,0.000000,0.000000,0.000000,0.000000,0.000000,59.000000,88.000000,64.922430,49.889924,3.000000
2026-06-24T08:11:02.358787401Z,1000,per_hit,raw_percent_of_host,api-node1,api-node2,14,9,23,41.414141,20.000000,41.414141,40.000000,100.000000,50.000000,0.000000,1.000000,0.000000,0.000000,0.000000,1.000000,55.142857,68.750000,66.029924,50.000000,3.000000
2026-06-24T08:11:03.358784252Z,1000,per_hit,raw_percent_of_host,api-node1,api-node2,10,12,22,26.000000,25.471698,26.000000,50.943396,100.000000,50.000000,0.000000,0.000000,0.000000,0.000000,0.000000,0.000000,50.000000,90.384615,76.104751,50.000000,3.000000
2026-06-24T08:11:04.358788429Z,1000,per_hit,raw_percent_of_host,api-node1,api-node2,14,7,21,38.000000,10.476190,38.000000,20.952381,100.000000,50.000000,0.000000,0.000000,0.000000,0.000000,0.000000,0.000000,56.071429,67.000000,68.440972,57.253276,3.000000
2026-06-24T08:11:05.358784998Z,1000,per_hit,raw_percent_of_host,api-node1,api-node2,11,9,20,35.353535,12.264151,35.353535,24.528302,100.000000,50.000000,0.000000,1.000000,0.000000,0.000000,0.000000,1.000000,56.545455,64.625000,68.044391,58.478475,3.000000
2026-06-24T08:11:06.358784484Z,1000,per_hit,raw_percent_of_host,api-node1,api-node2,11,8,19,27.000000,13.131313,27.000000,26.262626,100.000000,50.000000,0.000000,1.000000,0.000000,0.000000,0.000000,1.000000,57.545455,79.500000,78.050055,62.896942,3.000000
2026-06-24T08:11:07.358790245Z,1000,per_hit,raw_percent_of_host,api-node1,api-node2,13,6,19,33.333333,14.000000,33.333333,28.000000,100.000000,50.000000,0.000000,1.000000,0.000000,0.000000,0.000000,1.000000,53.692308,60.666667,66.703338,61.054292,3.000000
2026-06-24T08:11:08.35878339Z,1000,per_hit,raw_percent_of_host,api-node1,api-node2,11,7,18,19.191919,18.181818,19.191919,36.363636,100.000000,50.000000,0.000000,1.000000,0.000000,0.000000,0.000000,1.000000,58.636364,85.857143,76.030667,51.478393,3.000000
2026-06-24T08:11:09.358784929Z,1000,per_hit,raw_percent_of_host,api-node1,api-node2,7,10,17,25.252525,16.981132,25.252525,33.962264,100.000000,50.000000,0.000000,1.000000,0.000000,0.000000,0.000000,1.000000,50.000000,75.500000,78.286115,66.792177,3.000000
2026-06-24T08:11:10.358783587Z,1000,per_hit,raw_percent_of_host,api-node1,api-node2,8,8,16,21.428571,15.000000,21.428571,30.000000,100.000000,50.000000,0.000000,1.000000,0.000000,0.000000,0.000000,1.000000,56.875000,69.000000,81.493365,54.620068,3.000000
2026-06-24T08:11:11.358784832Z,1000,per_hit,raw_percent_of_host,api-node1,api-node2,9,7,16,31.313131,6.000000,31.313131,12.000000,100.000000,50.000000,0.000000,0.000000,0.000000,0.000000,0.000000,0.000000,56.777778,74.250000,68.447251,64.414470,3.000000
2026-06-24T08:11:12.358783914Z,1000,per_hit,raw_percent_of_host,api-node1,api-node2,8,7,15,22.000000,10.000000,22.000000,20.000000,100.000000,50.000000,0.000000,1.000000,0.000000,0.000000,0.000000,1.000000,50.000000,68.833333,81.591556,64.283331,3.000000
2026-06-24T08:11:13.358783956Z,1000,per_hit,raw_percent_of_host,api-node1,api-node2,7,8,15,28.712871,6.060606,28.712871,12.121212,100.000000,50.000000,0.000000,1.000000,0.000000,0.000000,0.000000,1.000000,50.000000,73.125000,78.745108,79.099488,3.000000
2026-06-24T08:11:14.358785043Z,1000,per_hit,raw_percent_of_host,api-node1,api-node2,13,1,14,28.282828,5.000000,28.282828,10.000000,100.000000,50.000000,0.000000,0.000000,0.000000,0.000000,0.000000,0.000000,56.384615,100.500000,79.534966,63.405613,3.000000
2026-06-24T08:11:15.358783704Z,1000,per_hit,raw_percent_of_host,api-node1,api-node2,7,6,13,23.000000,10.101010,23.000000,20.202020,100.000000,50.000000,0.000000,1.000000,0.000000,0.000000,0.000000,1.000000,50.142857,73.600000,77.428544,81.542931,3.000000
2026-06-24T08:11:16.358783368Z,1000,per_hit,raw_percent_of_host,api-node1,api-node2,3,9,12,10.101010,10.377358,10.101010,20.754717,100.000000,50.000000,0.000000,1.000000,0.000000,0.000000,0.000000,1.000000,50.000000,106.666667,83.289487,55.048301,3.000000
2026-06-24T08:11:17.358791525Z,1000,per_hit,raw_percent_of_host,api-node1,api-node2,8,6,14,18.000000,19.191919,18.000000,38.383838,100.000000,50.000000,0.000000,0.000000,0.000000,0.000000,0.000000,0.000000,54.125000,82.571429,80.842957,49.482701,3.000000
2026-06-24T08:11:18.358784686Z,1000,per_hit,raw_percent_of_host,api-node1,api-node2,6,6,12,12.244898,14.150943,12.244898,28.301887,100.000000,50.000000,0.000000,0.000000,0.000000,0.000000,0.000000,0.000000,50.000000,67.833333,81.552277,79.188957,3.000000
2026-06-24T08:11:19.35878676Z,1000,per_hit,raw_percent_of_host,api-node1,api-node2,7,5,12,14.285714,15.151515,14.285714,30.303030,100.000000,50.000000,0.000000,0.000000,0.000000,0.000000,0.000000,0.000000,50.000000,61.200000,82.264404,66.956124,3.000000
2026-06-24T08:11:20.358783666Z,1000,per_hit,raw_percent_of_host,api-node1,api-node2,6,5,11,12.121212,18.867925,12.121212,37.735849,100.000000,50.000000,0.000000,0.000000,0.000000,0.000000,0.000000,0.000000,50.000000,68.200000,81.590209,69.575470,3.000000
2026-06-24T08:11:21.358788072Z,1000,per_hit,raw_percent_of_host,api-node1,api-node2,6,5,11,20.202020,9.433962,20.202020,18.867925,100.000000,50.000000,0.000000,1.000000,0.000000,0.000000,0.000000,1.000000,50.000000,60.500000,81.057619,80.573904,3.000000
2026-06-24T08:11:22.358788555Z,1000,per_hit,raw_percent_of_host,api-node1,api-node2,8,3,11,22.222222,10.000000,22.222222,20.000000,100.000000,50.000000,0.000000,0.000000,0.000000,0.000000,0.000000,0.000000,50.000000,82.250000,81.923435,78.230941,3.000000
2026-06-24T08:11:23.358787741Z,1000,per_hit,raw_percent_of_host,api-node1,api-node2,5,6,11,10.204082,14.423077,10.204082,28.846154,100.000000,50.000000,0.000000,0.000000,0.000000,0.000000,0.000000,0.000000,50.000000,84.833333,81.694472,70.277885,3.000000
2026-06-24T08:11:24.358783205Z,1000,per_hit,raw_percent_of_host,api-node1,api-node2,6,4,10,18.000000,10.101010,18.000000,20.202020,100.000000,50.000000,0.000000,0.000000,0.000000,0.000000,0.000000,0.000000,50.500000,71.750000,82.414879,79.724209,3.000000
2026-06-24T08:11:25.358791292Z,1000,per_hit,raw_percent_of_host,api-node1,api-node2,3,7,10,11.111111,15.151515,11.111111,30.303030,100.000000,50.000000,0.000000,1.000000,0.000000,0.000000,0.000000,1.000000,50.000000,79.166667,83.322519,68.690366,3.000000
2026-06-24T08:11:26.358790495Z,1000,per_hit,raw_percent_of_host,api-node1,api-node2,8,2,10,23.762376,5.000000,23.762376,10.000000,100.000000,50.000000,0.000000,0.000000,0.000000,0.000000,0.000000,0.000000,50.000000,86.333333,79.110782,78.832591,3.000000
2026-06-24T08:11:27.358785108Z,1000,per_hit,raw_percent_of_host,api-node1,api-node2,8,2,10,22.222222,5.050505,22.222222,10.101010,100.000000,50.000000,0.000000,0.000000,0.000000,0.000000,0.000000,0.000000,50.000000,87.000000,80.883325,80.736154,3.000000
2026-06-24T08:11:28.358789314Z,1000,per_hit,raw_percent_of_host,api-node1,api-node2,4,6,10,16.000000,10.377358,16.000000,20.754717,100.000000,50.000000,0.000000,0.000000,0.000000,0.000000,0.000000,0.000000,50.000000,71.333333,81.998175,80.234101,3.000000
2026-06-24T08:11:29.358783565Z,1000,per_hit,raw_percent_of_host,api-node1,api-node2,2,8,10,5.050505,14.285714,5.050505,28.571429,100.000000,50.000000,0.000000,1.000000,0.000000,0.000000,0.000000,1.000000,50.000000,78.142857,80.412508,62.575196,3.000000
2026-06-24T08:11:30.358787033Z,1000,per_hit,raw_percent_of_host,api-node1,api-node2,7,3,10,22.222222,5.050505,22.222222,10.101010,100.000000,50.000000,0.000000,0.000000,0.000000,0.000000,0.000000,0.000000,50.000000,89.000000,80.072995,62.555015,3.000000
2026-06-24T08:11:31.358784888Z,1000,per_hit,raw_percent_of_host,api-node1,api-node2,6,4,10,12.121212,15.094340,12.121212,30.188679,100.000000,50.000000,0.000000,0.000000,0.000000,0.000000,0.000000,0.000000,50.000000,80.250000,83.223920,69.231362,3.000000
2026-06-24T08:11:32.358784464Z,1000,per_hit,raw_percent_of_host,api-node1,api-node2,4,6,10,16.000000,10.377358,16.000000,20.754717,100.000000,50.000000,0.000000,0.000000,0.000000,0.000000,0.000000,0.000000,50.000000,62.500000,81.926678,80.917804,3.000000
2026-06-24T08:11:33.358784293Z,1000,per_hit,raw_percent_of_host,api-node1,api-node2,7,3,10,23.000000,5.000000,23.000000,10.000000,100.000000,50.000000,0.000000,0.000000,0.000000,0.000000,0.000000,0.000000,50.000000,78.000000,79.935747,64.469948,3.000000
2026-06-24T08:11:34.358786101Z,1000,per_hit,raw_percent_of_host,api-node1,api-node2,4,7,11,11.000000,10.377358,11.000000,20.754717,100.000000,50.000000,1.000000,0.000000,0.000000,0.000000,1.000000,0.000000,50.000000,67.142857,82.938735,79.068908,3.000000
2026-06-24T08:11:35.358786515Z,1000,per_hit,raw_percent_of_host,api-node1,api-node2,6,5,11,15.151515,10.101010,15.151515,20.202020,100.000000,50.000000,0.000000,0.000000,0.000000,0.000000,0.000000,0.000000,50.000000,64.400000,83.073596,76.808802,3.000000
2026-06-24T08:11:36.358787641Z,1000,per_hit,raw_percent_of_host,api-node1,api-node2,7,4,11,22.000000,6.000000,22.000000,12.000000,100.000000,50.000000,0.000000,0.000000,0.000000,0.000000,0.000000,0.000000,50.000000,76.000000,81.586527,64.179300,3.000000
2026-06-24T08:11:37.358787802Z,1000,per_hit,raw_percent_of_host,api-node1,api-node2,8,3,11,15.151515,0.000000,15.151515,0.000000,100.000000,50.000000,0.000000,0.000000,0.000000,0.000000,0.000000,0.000000,53.125000,76.000000,82.418905,79.811984,3.000000
2026-06-24T08:11:38.358786546Z,1000,per_hit,raw_percent_of_host,api-node1,api-node2,7,5,12,11.000000,8.510638,11.000000,17.021277,100.000000,50.000000,0.000000,0.000000,0.000000,0.000000,0.000000,0.000000,53.428571,90.800000,80.523770,79.761856,3.000000
2026-06-24T08:11:39.358786506Z,1000,per_hit,raw_percent_of_host,api-node1,api-node2,6,6,12,12.244898,10.869565,12.244898,21.739130,100.000000,50.000000,0.000000,0.000000,0.000000,0.000000,0.000000,0.000000,50.000000,61.000000,80.436544,80.148585,3.000000
2026-06-24T08:11:40.35878514Z,1000,per_hit,raw_percent_of_host,api-node1,api-node2,3,10,13,5.050505,16.161616,5.050505,32.323232,100.000000,50.000000,0.000000,1.000000,0.000000,0.000000,0.000000,1.000000,50.000000,75.666667,81.624077,65.134837,3.000000
2026-06-24T08:11:41.358784291Z,1000,per_hit,raw_percent_of_host,api-node1,api-node2,7,5,12,0.000000,12.000000,0.000000,24.000000,100.000000,50.000000,0.000000,0.000000,0.000000,0.000000,0.000000,0.000000,50.000000,80.500000,82.136729,61.994610,3.000000
2026-06-24T08:11:42.358788916Z,1000,per_hit,raw_percent_of_host,api-node1,api-node2,9,5,14,24.752475,10.869565,24.752475,21.739130,100.000000,50.000000,0.000000,0.000000,0.000000,0.000000,0.000000,0.000000,60.222222,66.000000,78.296234,80.090535,3.000000
2026-06-24T08:11:43.358788266Z,1000,per_hit,raw_percent_of_host,api-node1,api-node2,7,8,15,16.831683,17.000000,16.831683,34.000000,100.000000,50.000000,0.000000,0.000000,0.000000,0.000000,0.000000,0.000000,50.000000,71.375000,79.799250,70.160086,3.000000
2026-06-24T08:11:44.35879072Z,1000,per_hit,raw_percent_of_host,api-node1,api-node2,9,6,15,21.000000,10.101010,21.000000,20.202020,100.000000,50.000000,0.000000,0.000000,0.000000,0.000000,0.000000,0.000000,50.000000,66.333333,81.086911,58.218512,3.000000
2026-06-24T08:11:45.358785796Z,1000,per_hit,raw_percent_of_host,api-node1,api-node2,5,10,15,7.142857,16.000000,7.142857,32.000000,100.000000,50.000000,0.000000,0.000000,0.000000,0.000000,0.000000,0.000000,50.000000,89.600000,79.601953,71.219410,3.000000
2026-06-24T08:11:46.358787114Z,1000,per_hit,raw_percent_of_host,api-node1,api-node2,6,10,16,13.265306,21.000000,13.265306,42.000000,100.000000,50.000000,0.000000,0.000000,0.000000,0.000000,0.000000,0.000000,50.000000,84.900000,82.526989,48.375000,3.000000
2026-06-24T08:11:47.358786539Z,1000,per_hit,raw_percent_of_host,api-node1,api-node2,12,5,17,25.000000,11.000000,25.000000,22.000000,100.000000,50.000000,0.000000,0.000000,0.000000,0.000000,0.000000,0.000000,64.833333,63.800000,79.687174,61.394535,3.000000
2026-06-24T08:11:48.358789496Z,1000,per_hit,raw_percent_of_host,api-node1,api-node2,6,11,17,6.741573,21.000000,6.741573,42.000000,100.000000,50.000000,0.000000,0.000000,0.000000,0.000000,0.000000,0.000000,67.666667,68.454545,77.732179,72.972476,3.000000
2026-06-24T08:11:49.358783426Z,1000,per_hit,raw_percent_of_host,api-node1,api-node2,12,6,18,32.653061,5.376344,32.653061,10.752688,100.000000,50.000000,0.000000,0.000000,0.000000,0.000000,0.000000,0.000000,51.333333,100.000000,74.578060,53.041657,3.000000
2026-06-24T08:11:50.358784392Z,1000,per_hit,raw_percent_of_host,api-node1,api-node2,9,10,19,18.556701,17.021277,18.556701,34.042553,100.000000,50.000000,0.000000,0.000000,0.000000,0.000000,0.000000,0.000000,54.444444,112.000000,67.267783,65.165249,3.000000
2026-06-24T08:11:51.358787551Z,1000,per_hit,raw_percent_of_host,api-node1,api-node2,14,6,20,25.252525,15.217391,25.252525,30.434783,100.000000,50.000000,0.000000,0.000000,0.000000,0.000000,0.000000,0.000000,78.071429,71.000000,76.679191,58.222118,3.000000
2026-06-24T08:11:52.358786798Z,1000,per_hit,raw_percent_of_host,api-node1,api-node2,11,10,21,17.346939,16.831683,17.346939,33.663366,100.000000,50.000000,0.000000,0.000000,0.000000,0.000000,0.000000,0.000000,63.181818,103.400000,76.887904,51.384904,3.000000
2026-06-24T08:11:53.358783694Z,1000,per_hit,raw_percent_of_host,api-node1,api-node2,11,10,21,28.865979,20.560748,28.865979,41.121495,100.000000,50.000000,0.000000,1.000000,0.000000,0.000000,0.000000,1.000000,63.636364,83.000000,80.131261,60.026443,3.000000
2026-06-24T08:11:54.358795726Z,1000,per_hit,raw_percent_of_host,api-node1,api-node2,12,10,22,34.693878,11.111111,34.693878,22.222222,100.000000,50.000000,0.000000,1.000000,0.000000,0.000000,0.000000,1.000000,71.333333,79.600000,73.595701,55.332340,3.000000
2026-06-24T08:11:55.35878742Z,1000,per_hit,raw_percent_of_host,api-node1,api-node2,13,10,23,19.387755,23.404255,19.387755,46.808511,100.000000,50.000000,0.000000,0.000000,0.000000,0.000000,0.000000,0.000000,58.692308,148.727273,65.260056,63.703271,3.000000
2026-06-24T08:11:56.358785334Z,1000,per_hit,raw_percent_of_host,api-node1,api-node2,14,10,24,26.666667,21.739130,26.666667,43.478261,100.000000,50.000000,0.000000,0.000000,0.000000,0.000000,0.000000,0.000000,74.857143,146.600000,70.585558,52.863394,3.000000
2026-06-24T08:11:57.3587838Z,1000,per_hit,raw_percent_of_host,api-node1,api-node2,17,8,25,21.649485,15.384615,21.649485,30.769231,100.000000,50.000000,0.000000,0.000000,0.000000,0.000000,0.000000,0.000000,102.058824,63.750000,67.769559,58.633384,3.000000
2026-06-24T08:11:58.358783574Z,1000,per_hit,raw_percent_of_host,api-node1,api-node2,13,13,26,18.367347,22.000000,18.367347,44.000000,100.000000,50.000000,0.000000,0.000000,0.000000,0.000000,0.000000,0.000000,70.692308,115.384615,77.560173,55.945735,3.000000
2026-06-24T08:11:59.358783573Z,1000,per_hit,raw_percent_of_host,api-node1,api-node2,14,13,27,17.241379,20.000000,17.241379,40.000000,100.000000,50.000000,0.000000,0.000000,0.000000,0.000000,0.000000,0.000000,100.000000,113.615385,71.882190,56.062110,3.000000
2026-06-24T08:12:00.358784622Z,1000,per_hit,raw_percent_of_host,api-node1,api-node2,17,11,28,26.530612,15.151515,26.530612,30.303030,100.000000,50.000000,0.000000,0.000000,0.000000,0.000000,0.000000,0.000000,96.058824,117.545455,78.059865,50.469263,3.000000
2026-06-24T08:12:01.358787993Z,1000,per_hit,raw_percent_of_host,api-node1,api-node2,15,14,29,22.222222,21.000000,22.222222,42.000000,100.000000,50.000000,0.000000,0.000000,0.000000,0.000000,0.000000,0.000000,103.733333,138.642857,72.110463,48.731767,3.000000
2026-06-24T08:12:02.358784447Z,1000,per_hit,raw_percent_of_host,api-node1,api-node2,18,12,30,25.252525,20.000000,25.252525,40.000000,100.000000,50.000000,0.000000,0.000000,0.000000,0.000000,0.000000,0.000000,132.000000,103.500000,72.416760,54.515918,3.000000
2026-06-24T08:12:03.358784743Z,1000,per_hit,raw_percent_of_host,api-node1,api-node2,19,12,31,23.711340,17.000000,23.711340,34.000000,100.000000,50.000000,0.000000,0.000000,0.000000,0.000000,0.000000,0.000000,94.578947,124.500000,68.486521,55.404676,3.000000
2026-06-24T08:12:04.35878345Z,1000,per_hit,raw_percent_of_host,api-node1,api-node2,15,17,32,32.323232,17.021277,32.323232,34.042553,100.000000,50.000000,0.000000,1.000000,0.000000,0.000000,0.000000,1.000000,80.666667,151.625000,67.078080,52.786844,3.000000
2026-06-24T08:12:05.358783545Z,1000,per_hit,raw_percent_of_host,api-node1,api-node2,17,16,33,31.313131,20.000000,31.313131,40.000000,100.000000,50.000000,0.000000,0.000000,0.000000,0.000000,0.000000,0.000000,88.588235,190.882353,56.309274,49.377547,3.000000
2026-06-24T08:12:06.358784431Z,1000,per_hit,raw_percent_of_host,api-node1,api-node2,17,17,34,28.865979,16.000000,28.865979,32.000000,100.000000,50.000000,0.000000,1.000000,0.000000,0.000000,0.000000,1.000000,116.294118,159.937500,57.742245,49.792263,3.000000
2026-06-24T08:12:07.358783974Z,1000,per_hit,raw_percent_of_host,api-node1,api-node2,20,15,35,22.222222,20.202020,22.222222,40.404040,100.000000,50.000000,0.000000,0.000000,0.000000,0.000000,0.000000,0.000000,143.400000,132.687500,64.372168,49.506925,3.000000
2026-06-24T08:12:08.358792419Z,1000,per_hit,raw_percent_of_host,api-node1,api-node2,20,17,37,22.222222,20.202020,22.222222,40.404040,100.000000,50.000000,0.000000,0.000000,0.000000,0.000000,0.000000,0.000000,141.300000,139.529412,69.917371,49.989228,3.000000
2026-06-24T08:12:09.358796351Z,1000,per_hit,raw_percent_of_host,api-node1,api-node2,22,16,38,34.000000,20.000000,34.000000,40.000000,100.000000,50.000000,0.000000,0.000000,0.000000,0.000000,0.000000,0.000000,122.954545,170.875000,71.562379,48.631579,3.000000
2026-06-24T08:12:10.358788003Z,1000,per_hit,raw_percent_of_host,api-node1,api-node2,19,20,39,39.393939,21.505376,39.393939,43.010753,100.000000,50.000000,0.000000,0.000000,0.000000,0.000000,0.000000,0.000000,95.157895,266.950000,53.453520,45.706346,3.000000
2026-06-24T08:12:11.35878342Z,1000,per_hit,raw_percent_of_host,api-node1,api-node2,23,17,40,33.673469,24.242424,33.673469,48.484848,100.000000,50.000000,0.000000,1.000000,0.000000,0.000000,0.000000,1.000000,157.521739,134.062500,51.952850,51.439996,3.000000
2026-06-24T08:12:12.358788621Z,1000,per_hit,raw_percent_of_host,api-node1,api-node2,26,15,41,39.795918,11.702128,39.795918,23.404255,100.000000,50.000000,0.000000,0.000000,0.000000,0.000000,0.000000,0.000000,115.269231,199.062500,53.314167,47.233759,3.000000
2026-06-24T08:12:13.358788668Z,1000,per_hit,raw_percent_of_host,api-node1,api-node2,17,25,42,26.530612,26.000000,26.530612,52.000000,100.000000,50.000000,0.000000,0.000000,0.000000,0.000000,0.000000,0.000000,99.823529,256.720000,56.240943,68.915736,3.000000
2026-06-24T08:12:14.35878809Z,1000,per_hit,raw_percent_of_host,api-node1,api-node2,22,21,43,11.340206,25.252525,11.340206,50.505051,100.000000,50.000000,0.000000,0.000000,0.000000,0.000000,0.000000,0.000000,126.590909,193.333333,66.849728,50.860729,3.000000
2026-06-24T08:12:15.358786744Z,1000,per_hit,raw_percent_of_host,api-node1,api-node2,27,17,44,39.175258,21.782178,39.175258,43.564356,100.000000,50.000000,0.000000,0.000000,0.000000,0.000000,0.000000,0.000000,139.777778,221.882353,72.854397,48.158115,3.000000
2026-06-24T08:12:16.358783789Z,1000,per_hit,raw_percent_of_host,api-node1,api-node2,24,22,46,31.818182,25.252525,31.818182,50.505051,100.000000,50.000000,0.000000,0.000000,0.000000,0.000000,0.000000,0.000000,188.000000,207.272727,49.861208,50.347602,3.000000
2026-06-24T08:12:17.358784472Z,1000,per_hit,raw_percent_of_host,api-node1,api-node2,28,19,47,34.343434,26.470588,34.343434,52.941176,100.000000,50.000000,0.000000,0.000000,0.000000,0.000000,0.000000,0.000000,166.678571,266.315789,50.397457,49.738174,3.000000
2026-06-24T08:12:18.35878667Z,1000,per_hit,raw_percent_of_host,api-node1,api-node2,26,22,48,34.090909,25.252525,34.090909,50.505051,100.000000,50.000000,0.000000,0.000000,0.000000,0.000000,0.000000,0.000000,177.692308,251.545455,48.914639,51.332087,3.000000
2026-06-24T08:12:19.358786247Z,1000,per_hit,raw_percent_of_host,api-node1,api-node2,27,22,49,38.144330,23.157895,38.144330,46.315789,100.000000,50.000000,0.000000,0.000000,0.000000,0.000000,0.000000,0.000000,122.777778,328.954545,52.660616,45.262186,3.000000
2026-06-24T08:12:20.358785031Z,1000,per_hit,raw_percent_of_host,api-node1,api-node2,25,25,50,32.653061,25.252525,32.653061,50.505051,100.000000,50.000000,0.000000,0.000000,0.000000,0.000000,0.000000,0.000000,149.360000,326.480000,51.830837,52.413271,3.000000
2026-06-24T08:12:21.358783987Z,1000,per_hit,raw_percent_of_host,api-node1,api-node2,26,25,51,27.551020,25.000000,27.551020,50.000000,100.000000,50.000000,0.000000,0.000000,0.000000,0.000000,0.000000,0.000000,147.846154,331.040000,53.264535,48.050291,3.000000
2026-06-24T08:12:22.358787013Z,1000,per_hit,raw_percent_of_host,api-node1,api-node2,26,26,52,34.653465,25.742574,34.653465,51.485149,100.000000,50.000000,0.000000,0.000000,0.000000,0.000000,0.000000,0.000000,186.038462,295.461538,66.205739,48.203881,3.000000
2026-06-24T08:12:23.358785911Z,1000,per_hit,raw_percent_of_host,api-node1,api-node2,27,26,53,40.404040,26.262626,40.404040,52.525253,100.000000,50.000000,0.000000,0.000000,0.000000,0.000000,0.000000,0.000000,142.222222,444.076923,52.362852,45.484129,3.000000
2026-06-24T08:12:24.358783707Z,1000,per_hit,raw_percent_of_host,api-node1,api-node2,39,15,54,36.000000,21.000000,36.000000,42.000000,100.000000,50.000000,0.000000,0.000000,0.000000,0.000000,0.000000,0.000000,193.692308,177.666667,48.256218,24.270562,3.000000
2026-06-24T08:12:25.35878381Z,1000,per_hit,raw_percent_of_host,api-node1,api-node2,26,29,55,33.333333,27.184466,33.333333,54.368932,100.000000,50.000000,0.000000,0.000000,0.000000,0.000000,0.000000,0.000000,188.807692,313.586207,49.931409,49.809597,3.000000
2026-06-24T08:12:26.358783634Z,1000,per_hit,raw_percent_of_host,api-node1,api-node2,32,25,57,43.000000,26.000000,43.000000,52.000000,100.000000,50.000000,0.000000,0.000000,0.000000,0.000000,0.000000,0.000000,187.562500,337.200000,51.121668,48.256123,3.000000
2026-06-24T08:12:27.358783831Z,1000,per_hit,raw_percent_of_host,api-node1,api-node2,33,25,58,44.444444,26.000000,44.444444,52.000000,100.000000,50.000000,0.000000,0.000000,0.000000,0.000000,0.000000,0.000000,184.242424,410.520000,49.646838,46.588686,3.000000
2026-06-24T08:12:28.358783751Z,1000,per_hit,raw_percent_of_host,api-node1,api-node2,35,24,59,45.918367,25.252525,45.918367,50.505051,100.000000,50.000000,0.000000,0.000000,0.000000,0.000000,0.000000,0.000000,319.342857,236.666667,48.997386,31.921041,3.000000
2026-06-24T08:12:29.358783545Z,1000,per_hit,raw_percent_of_host,api-node1,api-node2,27,33,60,39.393939,28.155340,39.393939,56.310680,100.000000,50.000000,0.000000,1.000000,0.000000,0.000000,0.000000,1.000000,201.222222,345.781250,50.023421,46.874181,3.000000
2026-06-24T08:12:30.358785336Z,1000,per_hit,raw_percent_of_host,api-node1,api-node2,33,27,60,40.404040,25.742574,40.404040,51.485149,100.000000,50.000000,0.000000,0.000000,0.000000,0.000000,0.000000,0.000000,212.515152,283.678571,49.527963,48.257459,3.000000
2026-06-24T08:12:31.358786809Z,1000,per_hit,raw_percent_of_host,api-node1,api-node2,34,27,61,34.343434,28.971963,34.343434,57.943925,100.000000,50.000000,0.000000,0.000000,0.000000,0.000000,0.000000,0.000000,252.911765,317.037037,50.000000,50.277974,3.000000
2026-06-24T08:12:32.358784193Z,1000,per_hit,raw_percent_of_host,api-node1,api-node2,35,27,62,38.144330,26.881720,38.144330,53.763441,100.000000,50.000000,0.000000,0.000000,0.000000,0.000000,0.000000,0.000000,217.085714,300.074074,48.471872,48.520593,3.000000
2026-06-24T08:12:33.35878416Z,1000,per_hit,raw_percent_of_host,api-node1,api-node2,29,34,63,44.943820,27.184466,44.943820,54.368932,100.000000,50.000000,0.000000,0.000000,0.000000,0.000000,0.000000,0.000000,257.344828,509.470588,49.857474,46.489308,3.000000
2026-06-24T08:12:34.358787536Z,1000,per_hit,raw_percent_of_host,api-node1,api-node2,38,26,64,45.454545,26.000000,45.454545,52.000000,100.000000,50.000000,0.000000,0.000000,0.000000,0.000000,0.000000,0.000000,221.605263,364.423077,50.647661,46.710559,3.000000
2026-06-24T08:12:35.358792973Z,1000,per_hit,raw_percent_of_host,api-node1,api-node2,32,33,65,37.373737,26.000000,37.373737,52.000000,100.000000,50.000000,0.000000,0.000000,0.000000,0.000000,0.000000,0.000000,196.750000,545.848485,49.168791,47.975848,3.000000
2026-06-24T08:12:36.358792882Z,1000,per_hit,raw_percent_of_host,api-node1,api-node2,43,23,66,52.000000,21.505376,52.000000,43.010753,100.000000,50.000000,0.000000,0.000000,0.000000,0.000000,0.000000,0.000000,293.837209,199.521739,48.811368,32.336044,3.000000
2026-06-24T08:12:37.358783587Z,1000,per_hit,raw_percent_of_host,api-node1,api-node2,32,34,66,44.897959,27.049180,44.897959,54.098361,100.000000,50.000000,0.000000,0.000000,0.000000,0.000000,0.000000,0.000000,145.156250,549.823529,50.938175,46.654247,3.000000
2026-06-24T08:12:38.358783807Z,1000,per_hit,raw_percent_of_host,api-node1,api-node2,44,23,67,50.561798,26.851852,50.561798,53.703704,100.000000,50.000000,0.000000,0.000000,0.000000,0.000000,0.000000,0.000000,350.000000,217.347826,48.006008,35.397708,3.000000
2026-06-24T08:12:39.358788293Z,1000,per_hit,raw_percent_of_host,api-node1,api-node2,36,32,68,37.755102,26.000000,37.755102,52.000000,100.000000,50.000000,0.000000,0.000000,0.000000,0.000000,0.000000,0.000000,272.277778,399.375000,49.437311,48.948898,3.000000
2026-06-24T08:12:40.358783484Z,1000,per_hit,raw_percent_of_host,api-node1,api-node2,39,30,69,44.444444,25.742574,44.444444,51.485149,100.000000,50.000000,0.000000,0.000000,0.000000,0.000000,0.000000,0.000000,182.974359,478.200000,51.182264,47.753993,3.000000
2026-06-24T08:12:41.358783761Z,1000,per_hit,raw_percent_of_host,api-node1,api-node2,41,28,69,38.775510,26.470588,38.775510,52.941176,100.000000,50.000000,0.000000,0.000000,0.000000,0.000000,0.000000,0.000000,248.048780,375.964286,48.558605,32.748919,3.000000
2026-06-24T08:12:42.358786803Z,1000,per_hit,raw_percent_of_host,api-node1,api-node2,43,27,70,46.000000,25.252525,46.000000,50.505051,100.000000,50.000000,0.000000,0.000000,0.000000,0.000000,0.000000,0.000000,363.000000,274.777778,48.747689,28.164466,3.000000
2026-06-24T08:12:43.358791974Z,1000,per_hit,raw_percent_of_host,api-node1,api-node2,34,37,71,36.363636,25.510204,36.363636,51.020408,100.000000,50.000000,0.000000,2.000000,0.000000,0.000000,0.000000,2.000000,173.882353,575.285714,49.964875,48.278115,3.000000
2026-06-24T08:12:44.358787861Z,1000,per_hit,raw_percent_of_host,api-node1,api-node2,32,39,71,48.863636,25.742574,48.863636,51.485149,100.000000,50.000000,0.000000,1.000000,0.000000,0.000000,0.000000,1.000000,245.281250,521.075000,49.570855,47.124798,3.000000
2026-06-24T08:12:45.358783496Z,1000,per_hit,raw_percent_of_host,api-node1,api-node2,41,31,72,55.445545,26.000000,55.445545,52.000000,100.000000,50.000000,0.000000,1.000000,0.000000,0.000000,0.000000,1.000000,215.926829,408.161290,50.093570,47.949808,3.000000
2026-06-24T08:12:46.358787038Z,1000,per_hit,raw_percent_of_host,api-node1,api-node2,46,26,72,47.272727,26.000000,47.272727,52.000000,100.000000,50.000000,0.000000,0.000000,0.000000,0.000000,0.000000,0.000000,270.500000,350.814815,49.926562,46.727851,3.000000
2026-06-24T08:12:47.358786502Z,1000,per_hit,raw_percent_of_host,api-node1,api-node2,52,21,73,50.505051,27.619048,50.505051,55.238095,100.000000,50.000000,0.000000,0.000000,0.000000,0.000000,0.000000,0.000000,347.250000,197.523810,46.438225,34.426708,3.000000
2026-06-24T08:12:48.35878787Z,1000,per_hit,raw_percent_of_host,api-node1,api-node2,35,38,73,44.444444,25.742574,44.444444,51.485149,100.000000,50.000000,0.000000,0.000000,0.000000,0.000000,0.000000,0.000000,216.885714,522.236842,50.410183,46.825760,3.000000
2026-06-24T08:12:49.358787741Z,1000,per_hit,raw_percent_of_host,api-node1,api-node2,44,29,73,46.464646,25.742574,46.464646,51.485149,100.000000,50.000000,0.000000,0.000000,0.000000,0.000000,0.000000,0.000000,260.272727,403.482759,48.709470,47.767139,3.000000
2026-06-24T08:12:50.358793746Z,1000,per_hit,raw_percent_of_host,api-node1,api-node2,46,28,74,46.938776,25.742574,46.938776,51.485149,100.000000,50.000000,0.000000,0.000000,0.000000,0.000000,0.000000,0.000000,351.108696,340.214286,48.690645,32.901562,3.000000
2026-06-24T08:12:51.358784271Z,1000,per_hit,raw_percent_of_host,api-node1,api-node2,37,37,74,42.857143,29.292929,42.857143,58.585859,100.000000,50.000000,0.000000,1.000000,0.000000,0.000000,0.000000,1.000000,214.945946,530.138889,50.368658,47.037937,3.000000
2026-06-24T08:12:52.358784144Z,1000,per_hit,raw_percent_of_host,api-node1,api-node2,34,40,74,43.181818,26.000000,43.181818,52.000000,100.000000,50.000000,0.000000,0.000000,0.000000,0.000000,0.000000,0.000000,238.235294,501.512195,50.535415,46.919023,3.000000
2026-06-24T08:12:53.358786301Z,1000,per_hit,raw_percent_of_host,api-node1,api-node2,29,45,74,35.000000,26.000000,35.000000,52.000000,100.000000,50.000000,0.000000,6.000000,0.000000,0.000000,0.000000,6.000000,168.172414,626.000000,48.951843,47.193053,3.000000
2026-06-24T08:12:54.358792231Z,1000,per_hit,raw_percent_of_host,api-node1,api-node2,58,17,75,51.515152,21.000000,51.515152,42.000000,100.000000,50.000000,0.000000,0.000000,0.000000,0.000000,0.000000,0.000000,374.206897,346.304348,48.184920,21.636246,3.000000
2026-06-24T08:12:55.358783413Z,1000,per_hit,raw_percent_of_host,api-node1,api-node2,41,34,75,41.000000,25.742574,41.000000,51.485149,100.000000,50.000000,0.000000,0.000000,0.000000,0.000000,0.000000,0.000000,229.682927,478.176471,48.699817,48.348220,3.000000
2026-06-24T08:12:56.358787715Z,1000,per_hit,raw_percent_of_host,api-node1,api-node2,39,36,75,37.373737,22.413793,37.373737,44.827586,100.000000,50.000000,0.000000,0.000000,0.000000,0.000000,0.000000,0.000000,230.358974,490.388889,49.557209,47.104551,3.000000
2026-06-24T08:12:57.358786882Z,1000,per_hit,raw_percent_of_host,api-node1,api-node2,37,38,75,39.795918,25.000000,39.795918,50.000000,100.000000,50.000000,0.000000,1.000000,0.000000,0.000000,0.000000,1.000000,197.162162,491.648649,49.651008,46.934391,3.000000
2026-06-24T08:12:58.358794739Z,1000,per_hit,raw_percent_of_host,api-node1,api-node2,43,32,75,52.475248,28.037383,52.475248,56.074766,100.000000,50.000000,0.000000,0.000000,0.000000,0.000000,0.000000,0.000000,291.255814,437.212121,48.371036,44.052354,3.000000
2026-06-24T08:12:59.358792901Z,1000,per_hit,raw_percent_of_host,api-node1,api-node2,47,28,75,51.485149,26.470588,51.485149,52.941176,100.000000,50.000000,0.000000,0.000000,0.000000,0.000000,0.000000,0.000000,290.425532,403.821429,49.397813,45.573704,3.000000
2026-06-24T08:13:00.358788755Z,1000,per_hit,raw_percent_of_host,api-node1,api-node2,37,38,75,45.000000,25.252525,45.000000,50.505051,100.000000,50.000000,0.000000,1.000000,0.000000,0.000000,0.000000,1.000000,218.810811,464.324324,48.504480,33.808368,3.000000
2026-06-24T08:13:01.358785528Z,1000,per_hit,raw_percent_of_host,api-node1,api-node2,34,41,75,43.298969,26.000000,43.298969,52.000000,100.000000,50.000000,0.000000,4.000000,0.000000,0.000000,0.000000,4.000000,155.205882,630.052632,50.330588,47.113336,3.000000
2026-06-24T08:13:02.358788726Z,1000,per_hit,raw_percent_of_host,api-node1,api-node2,52,23,75,51.960784,25.742574,51.960784,51.485149,100.000000,50.000000,0.000000,0.000000,0.000000,0.000000,0.000000,0.000000,333.826923,321.148148,48.442370,21.067932,3.000000
2026-06-24T08:13:03.358785507Z,1000,per_hit,raw_percent_of_host,api-node1,api-node2,42,33,75,50.505051,27.000000,50.505051,54.000000,100.000000,50.000000,0.000000,0.000000,0.000000,0.000000,0.000000,0.000000,262.500000,353.272727,49.595800,48.115659,3.000000
2026-06-24T08:13:04.358783579Z,1000,per_hit,raw_percent_of_host,api-node1,api-node2,41,34,75,48.979592,22.368421,48.979592,44.736842,100.000000,50.000000,0.000000,1.000000,0.000000,0.000000,0.000000,1.000000,274.073171,337.242424,49.255814,46.532997,3.000000
2026-06-24T08:13:05.358783645Z,1000,per_hit,raw_percent_of_host,api-node1,api-node2,30,44,74,43.298969,25.000000,43.298969,50.000000,100.000000,50.000000,0.000000,0.000000,0.000000,0.000000,0.000000,0.000000,141.733333,683.600000,50.992641,47.224730,3.000000
2026-06-24T08:13:06.35878488Z,1000,per_hit,raw_percent_of_host,api-node1,api-node2,48,26,74,48.000000,25.471698,48.000000,50.943396,100.000000,50.000000,0.000000,0.000000,0.000000,0.000000,0.000000,0.000000,337.708333,223.884615,46.644872,33.413616,3.000000
2026-06-24T08:13:07.358787144Z,1000,per_hit,raw_percent_of_host,api-node1,api-node2,39,35,74,52.475248,25.252525,52.475248,50.505051,100.000000,50.000000,0.000000,0.000000,0.000000,0.000000,0.000000,0.000000,287.128205,371.735294,49.884509,47.449379,3.000000
2026-06-24T08:13:08.358785053Z,1000,per_hit,raw_percent_of_host,api-node1,api-node2,41,32,73,48.484848,25.742574,48.484848,51.485149,100.000000,50.000000,0.000000,0.000000,0.000000,0.000000,0.000000,0.000000,261.243902,427.343750,49.419660,33.087974,3.000000
2026-06-24T08:13:09.35878337Z,1000,per_hit,raw_percent_of_host,api-node1,api-node2,38,35,73,47.959184,26.000000,47.959184,52.000000,100.000000,50.000000,0.000000,0.000000,0.000000,0.000000,0.000000,0.000000,266.263158,384.885714,49.365374,46.711506,3.000000
2026-06-24T08:13:10.358786773Z,1000,per_hit,raw_percent_of_host,api-node1,api-node2,39,34,73,38.775510,26.000000,38.775510,52.000000,100.000000,50.000000,0.000000,0.000000,0.000000,0.000000,0.000000,0.000000,206.794872,400.029412,51.040542,46.754017,3.000000
2026-06-24T08:13:11.358783926Z,1000,per_hit,raw_percent_of_host,api-node1,api-node2,51,21,72,51.000000,27.000000,51.000000,54.000000,100.000000,50.000000,0.000000,0.000000,0.000000,0.000000,0.000000,0.000000,440.039216,206.809524,49.318158,29.291018,3.000000
2026-06-24T08:13:12.358784123Z,1000,per_hit,raw_percent_of_host,api-node1,api-node2,31,41,72,36.363636,25.000000,36.363636,50.000000,100.000000,50.000000,0.000000,2.000000,0.000000,0.000000,0.000000,2.000000,142.387097,516.974359,49.103381,46.965069,3.000000
2026-06-24T08:13:13.358784267Z,1000,per_hit,raw_percent_of_host,api-node1,api-node2,44,27,71,47.272727,26.732673,47.272727,53.465347,100.000000,50.000000,0.000000,0.000000,0.000000,0.000000,0.000000,0.000000,374.000000,275.620690,48.826349,34.523311,3.000000
2026-06-24T08:13:14.358783553Z,1000,per_hit,raw_percent_of_host,api-node1,api-node2,33,38,71,40.404040,26.000000,40.404040,52.000000,100.000000,50.000000,0.000000,0.000000,0.000000,0.000000,0.000000,0.000000,222.333333,517.131579,50.757562,48.135029,3.000000
2026-06-24T08:13:15.358786922Z,1000,per_hit,raw_percent_of_host,api-node1,api-node2,45,25,70,51.485149,25.000000,51.485149,50.000000,100.000000,50.000000,0.000000,0.000000,0.000000,0.000000,0.000000,0.000000,264.488889,371.360000,49.888046,46.421759,3.000000
2026-06-24T08:13:16.358783792Z,1000,per_hit,raw_percent_of_host,api-node1,api-node2,48,22,70,50.505051,29.357798,50.505051,58.715596,100.000000,50.000000,0.000000,1.000000,0.000000,0.000000,0.000000,1.000000,413.666667,158.047619,47.013329,28.912991,3.000000
2026-06-24T08:13:17.35878524Z,1000,per_hit,raw_percent_of_host,api-node1,api-node2,37,32,69,40.000000,26.732673,40.000000,53.465347,100.000000,50.000000,0.000000,1.000000,0.000000,0.000000,0.000000,1.000000,217.918919,444.468750,46.420209,49.831407,3.000000
2026-06-24T08:13:18.358786637Z,1000,per_hit,raw_percent_of_host,api-node1,api-node2,30,38,68,44.897959,25.000000,44.897959,50.000000,100.000000,50.000000,0.000000,0.000000,0.000000,0.000000,0.000000,0.000000,135.966667,489.615385,50.748401,46.785992,3.000000
2026-06-24T08:13:19.358787745Z,1000,per_hit,raw_percent_of_host,api-node1,api-node2,48,19,67,47.474747,28.971963,47.474747,57.943925,100.000000,50.000000,0.000000,0.000000,0.000000,0.000000,0.000000,0.000000,340.520833,180.210526,47.561017,42.917775,3.000000
2026-06-24T08:13:20.35878678Z,1000,per_hit,raw_percent_of_host,api-node1,api-node2,36,31,67,41.836735,26.000000,41.836735,52.000000,100.000000,50.000000,0.000000,0.000000,0.000000,0.000000,0.000000,0.000000,227.777778,458.612903,50.590386,46.769678,3.000000
2026-06-24T08:13:21.358783616Z,1000,per_hit,raw_percent_of_host,api-node1,api-node2,35,31,66,38.000000,26.168224,38.000000,52.336449,100.000000,50.000000,0.000000,0.000000,0.000000,0.000000,0.000000,0.000000,250.771429,319.032258,49.980043,49.787077,3.000000
2026-06-24T08:13:22.358788221Z,1000,per_hit,raw_percent_of_host,api-node1,api-node2,34,31,65,37.373737,26.732673,37.373737,53.465347,100.000000,50.000000,0.000000,0.000000,0.000000,0.000000,0.000000,0.000000,227.441176,323.612903,49.989355,48.782848,3.000000
2026-06-24T08:13:23.35879763Z,1000,per_hit,raw_percent_of_host,api-node1,api-node2,30,33,63,39.000000,27.450980,39.000000,54.901961,100.000000,50.000000,0.000000,0.000000,0.000000,0.000000,0.000000,0.000000,172.333333,397.393939,49.900211,48.840346,3.000000
2026-06-24T08:13:24.358784161Z,1000,per_hit,raw_percent_of_host,api-node1,api-node2,35,29,64,47.000000,26.851852,47.000000,53.703704,100.000000,50.000000,0.000000,0.000000,0.000000,0.000000,0.000000,0.000000,228.800000,324.724138,50.171822,52.686260,3.000000
2026-06-24T08:13:25.358783629Z,1000,per_hit,raw_percent_of_host,api-node1,api-node2,30,33,63,42.528736,26.000000,42.528736,52.000000,100.000000,50.000000,0.000000,0.000000,0.000000,0.000000,0.000000,0.000000,190.466667,450.090909,51.069980,45.751919,3.000000
2026-06-24T08:13:26.358783809Z,1000,per_hit,raw_percent_of_host,api-node1,api-node2,33,29,62,40.404040,25.252525,40.404040,50.505051,100.000000,50.000000,0.000000,0.000000,0.000000,0.000000,0.000000,0.000000,162.030303,397.931034,49.649858,46.593935,3.000000
2026-06-24T08:13:27.35878345Z,1000,per_hit,raw_percent_of_host,api-node1,api-node2,39,22,61,44.444444,29.629630,44.444444,59.259259,100.000000,50.000000,0.000000,1.000000,0.000000,0.000000,0.000000,1.000000,248.692308,248.380952,48.171758,31.962838,3.000000
2026-06-24T08:13:28.358783779Z,1000,per_hit,raw_percent_of_host,api-node1,api-node2,25,35,60,46.000000,27.102804,46.000000,54.205607,100.000000,50.000000,0.000000,0.000000,0.000000,0.000000,0.000000,0.000000,123.400000,448.777778,52.315014,46.786227,3.000000
2026-06-24T08:13:29.358786107Z,1000,per_hit,raw_percent_of_host,api-node1,api-node2,30,29,59,38.775510,27.102804,38.775510,54.205607,100.000000,50.000000,0.000000,0.000000,0.000000,0.000000,0.000000,0.000000,203.366667,210.758621,49.834375,44.326867,3.000000
2026-06-24T08:13:30.358788206Z,1000,per_hit,raw_percent_of_host,api-node1,api-node2,34,24,58,51.685393,25.742574,51.685393,51.485149,100.000000,50.000000,0.000000,0.000000,0.000000,0.000000,0.000000,0.000000,169.088235,369.875000,51.546721,46.494426,3.000000
2026-06-24T08:13:31.35878696Z,1000,per_hit,raw_percent_of_host,api-node1,api-node2,28,29,57,49.000000,26.000000,49.000000,52.000000,100.000000,50.000000,0.000000,0.000000,0.000000,0.000000,0.000000,0.000000,124.000000,302.862069,51.858727,50.623150,3.000000
2026-06-24T08:13:32.358783822Z,1000,per_hit,raw_percent_of_host,api-node1,api-node2,35,21,56,48.979592,21.505376,48.979592,43.010753,100.000000,50.000000,0.000000,0.000000,0.000000,0.000000,0.000000,0.000000,178.200000,188.809524,50.370715,49.348115,3.000000
2026-06-24T08:13:33.358783784Z,1000,per_hit,raw_percent_of_host,api-node1,api-node2,25,30,55,50.505051,25.742574,50.505051,51.485149,100.000000,50.000000,0.000000,0.000000,0.000000,0.000000,0.000000,0.000000,93.920000,351.333333,63.476064,45.944644,3.000000
2026-06-24T08:13:34.35878746Z,1000,per_hit,raw_percent_of_host,api-node1,api-node2,32,22,54,38.383838,26.000000,38.383838,52.000000,100.000000,50.000000,0.000000,0.000000,0.000000,0.000000,0.000000,0.000000,223.343750,197.363636,50.345935,38.631191,3.000000
2026-06-24T08:13:35.358787966Z,1000,per_hit,raw_percent_of_host,api-node1,api-node2,29,24,53,43.181818,26.732673,43.181818,53.465347,100.000000,50.000000,0.000000,0.000000,0.000000,0.000000,0.000000,0.000000,197.137931,260.833333,54.003936,48.202027,3.000000
2026-06-24T08:13:36.358788268Z,1000,per_hit,raw_percent_of_host,api-node1,api-node2,24,27,51,36.781609,26.000000,36.781609,52.000000,100.000000,50.000000,0.000000,0.000000,0.000000,0.000000,0.000000,0.000000,189.291667,239.851852,50.661541,52.368772,3.000000
2026-06-24T08:13:37.358787099Z,1000,per_hit,raw_percent_of_host,api-node1,api-node2,31,19,50,47.727273,24.528302,47.727273,49.056604,100.000000,50.000000,0.000000,0.000000,0.000000,0.000000,0.000000,0.000000,207.096774,183.684211,52.016423,50.492510,3.000000
2026-06-24T08:13:38.358787457Z,1000,per_hit,raw_percent_of_host,api-node1,api-node2,29,20,49,44.444444,21.739130,44.444444,43.478261,100.000000,50.000000,0.000000,1.000000,0.000000,0.000000,0.000000,1.000000,178.965517,170.157895,50.953463,52.490657,3.000000
2026-06-24T08:13:39.358784826Z,1000,per_hit,raw_percent_of_host,api-node1,api-node2,22,26,48,36.734694,27.450980,36.734694,54.901961,100.000000,50.000000,0.000000,0.000000,0.000000,0.000000,0.000000,0.000000,106.409091,315.370370,59.446029,54.206084,3.000000
2026-06-24T08:13:40.358795193Z,1000,per_hit,raw_percent_of_host,api-node1,api-node2,25,22,47,45.360825,26.168224,45.360825,52.336449,100.000000,50.000000,0.000000,0.000000,0.000000,0.000000,0.000000,0.000000,129.880000,262.545455,51.674772,49.881228,3.000000
2026-06-24T08:13:41.358783682Z,1000,per_hit,raw_percent_of_host,api-node1,api-node2,19,27,46,35.000000,27.358491,35.000000,54.716981,100.000000,50.000000,0.000000,1.000000,0.000000,0.000000,0.000000,1.000000,124.631579,302.846154,51.019230,53.417076,3.000000
2026-06-24T08:13:42.358783471Z,1000,per_hit,raw_percent_of_host,api-node1,api-node2,21,24,45,32.323232,24.528302,32.323232,49.056604,100.000000,50.000000,0.000000,0.000000,0.000000,0.000000,0.000000,0.000000,102.285714,249.360000,56.582960,47.041267,3.000000
2026-06-24T08:13:43.358786408Z,1000,per_hit,raw_percent_of_host,api-node1,api-node2,22,22,44,35.714286,27.358491,35.714286,54.716981,100.000000,50.000000,0.000000,0.000000,0.000000,0.000000,0.000000,0.000000,96.454545,218.136364,53.240568,55.281158,3.000000
2026-06-24T08:13:44.35878362Z,1000,per_hit,raw_percent_of_host,api-node1,api-node2,24,19,43,46.464646,17.204301,46.464646,34.408602,100.000000,50.000000,0.000000,1.000000,0.000000,0.000000,0.000000,1.000000,133.208333,178.111111,67.147700,50.589548,3.000000
2026-06-24T08:13:45.358785874Z,1000,per_hit,raw_percent_of_host,api-node1,api-node2,21,20,41,37.373737,24.489796,37.373737,48.979592,100.000000,50.000000,0.000000,0.000000,0.000000,0.000000,0.000000,0.000000,89.000000,177.714286,57.902845,49.490528,3.000000
2026-06-24T08:13:46.358783675Z,1000,per_hit,raw_percent_of_host,api-node1,api-node2,26,14,40,47.474747,21.000000,47.474747,42.000000,100.000000,50.000000,0.000000,0.000000,0.000000,0.000000,0.000000,0.000000,125.000000,160.071429,63.183123,50.332904,3.000000
2026-06-24T08:13:47.358786886Z,1000,per_hit,raw_percent_of_host,api-node1,api-node2,16,23,39,34.693878,27.659574,34.693878,55.319149,100.000000,50.000000,0.000000,0.000000,0.000000,0.000000,0.000000,0.000000,82.687500,222.869565,65.013334,62.150706,3.000000
2026-06-24T08:13:48.358787824Z,1000,per_hit,raw_percent_of_host,api-node1,api-node2,20,18,38,35.353535,28.421053,35.353535,56.842105,100.000000,50.000000,0.000000,0.000000,0.000000,0.000000,0.000000,0.000000,90.600000,161.055556,59.861015,50.705650,3.000000
2026-06-24T08:13:49.358786794Z,1000,per_hit,raw_percent_of_host,api-node1,api-node2,18,19,37,40.404040,25.252525,40.404040,50.505051,100.000000,50.000000,0.000000,0.000000,0.000000,0.000000,0.000000,0.000000,82.555556,250.105263,59.875017,52.223782,3.000000
2026-06-24T08:13:50.358784719Z,1000,per_hit,raw_percent_of_host,api-node1,api-node2,20,16,36,37.500000,25.742574,37.500000,51.485149,100.000000,50.000000,0.000000,0.000000,0.000000,0.000000,0.000000,0.000000,100.050000,152.312500,54.574529,61.524827,3.000000
2026-06-24T08:13:51.358788249Z,1000,per_hit,raw_percent_of_host,api-node1,api-node2,19,16,35,39.000000,29.292929,39.000000,58.585859,100.000000,50.000000,0.000000,0.000000,0.000000,0.000000,0.000000,0.000000,106.000000,132.875000,55.749960,50.899849,3.000000
2026-06-24T08:13:52.358789407Z,1000,per_hit,raw_percent_of_host,api-node1,api-node2,18,16,34,44.444444,21.000000,44.444444,42.000000,100.000000,50.000000,0.000000,0.000000,0.000000,0.000000,0.000000,0.000000,97.611111,134.875000,60.315439,49.817609,3.000000
2026-06-24T08:13:53.358789082Z,1000,per_hit,raw_percent_of_host,api-node1,api-node2,16,17,33,39.000000,22.580645,39.000000,45.161290,100.000000,50.000000,0.000000,0.000000,0.000000,0.000000,0.000000,0.000000,81.625000,148.941176,64.552211,48.188027,3.000000
2026-06-24T08:13:54.358784336Z,1000,per_hit,raw_percent_of_host,api-node1,api-node2,12,19,31,30.303030,25.252525,30.303030,50.505051,100.000000,50.000000,0.000000,0.000000,0.000000,0.000000,0.000000,0.000000,102.500000,111.789474,67.870975,55.014840,3.000000
2026-06-24T08:13:55.358783429Z,1000,per_hit,raw_percent_of_host,api-node1,api-node2,17,13,30,35.000000,24.242424,35.000000,48.484848,100.000000,50.000000,0.000000,0.000000,0.000000,0.000000,0.000000,0.000000,93.235294,112.923077,56.948035,49.956415,3.000000
2026-06-24T08:13:56.358784389Z,1000,per_hit,raw_percent_of_host,api-node1,api-node2,17,12,29,40.404040,25.000000,40.404040,50.000000,100.000000,50.000000,0.000000,0.000000,0.000000,0.000000,0.000000,0.000000,68.176471,141.916667,69.348500,59.999564,3.000000
2026-06-24T08:13:57.358783427Z,1000,per_hit,raw_percent_of_host,api-node1,api-node2,15,13,28,42.424242,22.000000,42.424242,44.000000,100.000000,50.000000,0.000000,1.000000,0.000000,0.000000,0.000000,1.000000,76.733333,149.500000,57.596564,66.279933,3.000000
2026-06-24T08:13:58.358788626Z,1000,per_hit,raw_percent_of_host,api-node1,api-node2,13,14,27,39.393939,16.304348,39.393939,32.608696,100.000000,50.000000,0.000000,0.000000,0.000000,0.000000,0.000000,0.000000,68.692308,109.000000,71.401607,49.607289,3.000000
2026-06-24T08:13:59.358783588Z,1000,per_hit,raw_percent_of_host,api-node1,api-node2,16,10,26,38.383838,16.129032,38.383838,32.258065,100.000000,50.000000,0.000000,0.000000,0.000000,0.000000,0.000000,0.000000,80.000000,78.300000,71.531887,50.000000,3.000000
2026-06-24T08:14:00.358784791Z,1000,per_hit,raw_percent_of_host,api-node1,api-node2,12,13,25,34.653465,22.000000,34.653465,44.000000,100.000000,50.000000,0.000000,0.000000,0.000000,0.000000,0.000000,0.000000,56.166667,125.000000,60.251371,64.671126,3.000000
2026-06-24T08:14:01.358784397Z,1000,per_hit,raw_percent_of_host,api-node1,api-node2,11,13,24,30.303030,24.752475,30.303030,49.504950,100.000000,50.000000,0.000000,0.000000,0.000000,0.000000,0.000000,0.000000,50.000000,137.000000,68.137341,60.791990,3.000000
2026-06-24T08:14:02.35878343Z,1000,per_hit,raw_percent_of_host,api-node1,api-node2,12,11,23,35.353535,21.495327,35.353535,42.990654,100.000000,50.000000,0.000000,0.000000,0.000000,0.000000,0.000000,0.000000,61.083333,85.818182,71.937752,50.000000,3.000000
2026-06-24T08:14:03.358787981Z,1000,per_hit,raw_percent_of_host,api-node1,api-node2,13,9,22,24.242424,17.000000,24.242424,34.000000,100.000000,50.000000,0.000000,0.000000,0.000000,0.000000,0.000000,0.000000,75.846154,105.666667,64.622360,63.440516,3.000000
2026-06-24T08:14:04.358784674Z,1000,per_hit,raw_percent_of_host,api-node1,api-node2,12,10,22,36.363636,10.752688,36.363636,21.505376,100.000000,50.000000,0.000000,0.000000,0.000000,0.000000,0.000000,0.000000,67.166667,71.800000,74.537361,66.336454,3.000000
2026-06-24T08:14:05.358786762Z,1000,per_hit,raw_percent_of_host,api-node1,api-node2,13,8,21,27.272727,19.811321,27.272727,39.622642,100.000000,50.000000,0.000000,0.000000,0.000000,0.000000,0.000000,0.000000,73.307692,110.625000,74.036341,55.383056,3.000000
2026-06-24T08:14:06.358787538Z,1000,per_hit,raw_percent_of_host,api-node1,api-node2,11,9,20,24.242424,16.981132,24.242424,33.962264,100.000000,50.000000,0.000000,0.000000,0.000000,0.000000,0.000000,0.000000,84.818182,82.555556,76.278747,67.277625,3.000000
2026-06-24T08:14:07.358783696Z,1000,per_hit,raw_percent_of_host,api-node1,api-node2,11,8,19,33.000000,13.131313,33.000000,26.262626,100.000000,50.000000,0.000000,1.000000,0.000000,0.000000,0.000000,1.000000,60.909091,91.857143,74.216403,55.637909,3.000000
2026-06-24T08:14:08.358784607Z,1000,per_hit,raw_percent_of_host,api-node1,api-node2,10,8,18,30.000000,18.811881,30.000000,37.623762,100.000000,50.000000,0.000000,0.000000,0.000000,0.000000,0.000000,0.000000,56.600000,76.888889,72.682077,53.026090,3.000000
2026-06-24T08:14:09.358790934Z,1000,per_hit,raw_percent_of_host,api-node1,api-node2,11,7,18,37.373737,16.822430,37.373737,33.644860,100.000000,50.000000,0.000000,0.000000,0.000000,0.000000,0.000000,0.000000,53.181818,85.857143,72.396229,60.381176,3.000000
2026-06-24T08:14:10.358788627Z,1000,per_hit,raw_percent_of_host,api-node1,api-node2,8,9,17,30.303030,18.000000,30.303030,36.000000,100.000000,50.000000,0.000000,0.000000,0.000000,0.000000,0.000000,0.000000,51.250000,74.777778,71.313584,66.766732,3.000000
2026-06-24T08:14:11.358784524Z,1000,per_hit,raw_percent_of_host,api-node1,api-node2,12,4,16,36.000000,16.161616,36.000000,32.323232,100.000000,50.000000,0.000000,0.000000,0.000000,0.000000,0.000000,0.000000,51.166667,85.750000,72.394492,71.236564,3.000000
2026-06-24T08:14:12.358783631Z,1000,per_hit,raw_percent_of_host,api-node1,api-node2,7,9,16,13.000000,18.000000,13.000000,36.000000,100.000000,50.000000,0.000000,0.000000,0.000000,0.000000,0.000000,0.000000,50.000000,102.000000,78.723566,71.438958,3.000000
2026-06-24T08:14:13.358783535Z,1000,per_hit,raw_percent_of_host,api-node1,api-node2,2,13,15,10.101010,20.370370,10.101010,40.740741,100.000000,50.000000,0.000000,1.000000,0.000000,0.000000,0.000000,1.000000,50.000000,93.333333,80.872785,71.471186,3.000000
2026-06-24T08:14:14.35878343Z,1000,per_hit,raw_percent_of_host,api-node1,api-node2,8,6,14,36.000000,7.070707,36.000000,14.141414,100.000000,50.000000,0.000000,1.000000,0.000000,0.000000,0.000000,1.000000,50.000000,83.166667,73.803980,59.405093,3.000000
2026-06-24T08:14:15.358784995Z,1000,per_hit,raw_percent_of_host,api-node1,api-node2,8,5,13,31.000000,11.000000,31.000000,22.000000,100.000000,50.000000,0.000000,1.000000,0.000000,0.000000,0.000000,1.000000,52.000000,80.600000,70.743620,58.931137,3.000000
2026-06-24T08:14:16.358788371Z,1000,per_hit,raw_percent_of_host,api-node1,api-node2,7,6,13,23.000000,15.094340,23.000000,30.188679,100.000000,50.000000,0.000000,0.000000,0.000000,0.000000,0.000000,0.000000,50.000000,91.000000,79.428151,72.211682,3.000000
2026-06-24T08:14:17.358791772Z,1000,per_hit,raw_percent_of_host,api-node1,api-node2,4,8,12,16.000000,17.000000,16.000000,34.000000,100.000000,50.000000,0.000000,0.000000,0.000000,0.000000,0.000000,0.000000,50.000000,81.750000,82.780451,74.114971,3.000000
2026-06-24T08:14:18.358784227Z,1000,per_hit,raw_percent_of_host,api-node1,api-node2,6,6,12,28.000000,11.881188,28.000000,23.762376,100.000000,50.000000,0.000000,0.000000,0.000000,0.000000,0.000000,0.000000,50.500000,99.666667,79.830379,75.314171,3.000000
2026-06-24T08:14:19.358783694Z,1000,per_hit,raw_percent_of_host,api-node1,api-node2,6,6,12,10.101010,15.094340,10.101010,30.188679,100.000000,50.000000,1.000000,1.000000,0.000000,0.000000,1.000000,1.000000,60.600000,60.600000,81.451801,65.640325,3.000000
2026-06-24T08:14:20.358786467Z,1000,per_hit,raw_percent_of_host,api-node1,api-node2,8,4,12,36.363636,5.050505,36.363636,10.101010,100.000000,50.000000,0.000000,0.000000,0.000000,0.000000,0.000000,0.000000,54.666667,65.000000,75.495793,77.476336,3.000000
2026-06-24T08:14:21.358783653Z,1000,per_hit,raw_percent_of_host,api-node1,api-node2,6,5,11,18.000000,19.387755,18.000000,38.775510,100.000000,50.000000,0.000000,0.000000,0.000000,0.000000,0.000000,0.000000,50.000000,72.800000,79.981866,74.359710,3.000000
2026-06-24T08:14:22.358783441Z,1000,per_hit,raw_percent_of_host,api-node1,api-node2,5,6,11,25.252525,11.111111,25.252525,22.222222,100.000000,50.000000,0.000000,0.000000,0.000000,0.000000,0.000000,0.000000,50.000000,77.500000,82.134792,79.296378,3.000000
2026-06-24T08:14:23.358787919Z,1000,per_hit,raw_percent_of_host,api-node1,api-node2,4,6,10,12.121212,13.131313,12.121212,26.262626,100.000000,50.000000,0.000000,0.000000,0.000000,0.000000,0.000000,0.000000,50.000000,92.833333,82.813568,78.976151,3.000000
2026-06-24T08:14:24.358788331Z,1000,per_hit,raw_percent_of_host,api-node1,api-node2,9,1,10,36.000000,1.010101,36.000000,2.020202,100.000000,50.000000,0.000000,0.000000,0.000000,0.000000,0.000000,0.000000,52.333333,92.000000,76.484586,82.544878,3.000000
2026-06-24T08:14:25.358783606Z,1000,per_hit,raw_percent_of_host,api-node1,api-node2,3,7,10,8.000000,21.212121,8.000000,42.424242,100.000000,50.000000,0.000000,0.000000,0.000000,0.000000,0.000000,0.000000,50.000000,87.714286,79.613920,74.551382,3.000000
2026-06-24T08:14:26.358784379Z,1000,per_hit,raw_percent_of_host,api-node1,api-node2,8,2,10,27.272727,10.204082,27.272727,20.408163,100.000000,50.000000,0.000000,0.000000,0.000000,0.000000,0.000000,0.000000,50.125000,57.000000,81.551988,78.562960,3.000000
2026-06-24T08:14:27.358786887Z,1000,per_hit,raw_percent_of_host,api-node1,api-node2,4,6,10,12.244898,22.222222,12.244898,44.444444,100.000000,50.000000,0.000000,0.000000,0.000000,0.000000,0.000000,0.000000,50.000000,111.000000,82.631395,75.756974,3.000000
2026-06-24T08:14:28.358787269Z,1000,per_hit,raw_percent_of_host,api-node1,api-node2,4,2,6,21.000000,9.183673,21.000000,18.367347,100.000000,50.000000,0.000000,0.000000,0.000000,0.000000,0.000000,0.000000,50.000000,71.500000,82.862313,75.501116,3.000000
2026-06-24T08:14:29.358784464Z,1000,per_hit,raw_percent_of_host,api-node1,api-node2,0,0,0,1.000000,0.000000,1.000000,0.000000,100.000000,50.000000,0.000000,0.000000,0.000000,0.000000,0.000000,0.000000,0.000000,0.000000,0.000000,0.000000,3.000000
2026-06-24T08:14:30.358787754Z,1000,per_hit,raw_percent_of_host,api-node1,api-node2,0,0,0,0.000000,1.000000,0.000000,2.000000,100.000000,50.000000,0.000000,0.000000,0.000000,0.000000,0.000000,0.000000,0.000000,0.000000,0.000000,0.000000,3.000000
2026-06-24T08:14:31.358789183Z,1000,per_hit,raw_percent_of_host,api-node1,api-node2,0,0,0,0.000000,0.000000,0.000000,0.000000,100.000000,50.000000,0.000000,0.000000,0.000000,0.000000,0.000000,0.000000,0.000000,0.000000,0.000000,0.000000,3.000000
2026-06-24T08:14:32.358784353Z,1000,per_hit,raw_percent_of_host,api-node1,api-node2,0,0,0,0.000000,0.000000,0.000000,0.000000,100.000000,50.000000,0.000000,0.000000,0.000000,0.000000,0.000000,0.000000,0.000000,0.000000,0.000000,0.000000,3.000000
