timestamp_utc,window_ms,traffic_log_mode,cpu_usage_unit,node1_name,node2_name,node1_requests,node2_requests,total_requests,node1_cpu_raw_usage,node2_cpu_raw_usage,node1_cpu_normalized_usage,node2_cpu_normalized_usage,node1_cpu_capacity,node2_cpu_capacity,node1_inflight,node2_inflight,node1_backend_inflight,node2_backend_inflight,node1_queue,node2_queue,node1_response_ms,node2_response_ms,node1_fuzzy_score,node2_fuzzy_score,os_idle_cpu
2026-06-24T05:06:03.471323608Z,1000,per_hit,raw_percent_of_host,api-node1,api-node2,4,6,10,9.708738,5.0,9.708738,10.0,100.0,50.0,0.0,0.0,0.0,0.0,0.0,0.0,70.25,149.5,83.439875,83.663976,3.0
2026-06-24T05:06:04.471317204Z,1000,per_hit,raw_percent_of_host,api-node1,api-node2,5,5,10,8.0,4.950495,8.0,9.90099,100.0,50.0,0.0,0.0,0.0,0.0,0.0,0.0,68.2,130.2,79.582638,68.836131,3.0
2026-06-24T05:06:05.471315735Z,1000,per_hit,raw_percent_of_host,api-node1,api-node2,7,3,10,10.891089,5.825243,10.891089,11.650485,100.0,50.0,0.0,0.0,0.0,0.0,0.0,0.0,73.142857,110.666667,75.982019,69.698492,3.0
2026-06-24T05:06:06.471320372Z,1000,per_hit,raw_percent_of_host,api-node1,api-node2,5,5,10,9.708738,4.950495,9.708738,9.90099,100.0,50.0,0.0,0.0,0.0,0.0,0.0,0.0,66.8,116.6,76.048239,79.331535,3.0
2026-06-24T05:06:07.4713202Z,1000,per_hit,raw_percent_of_host,api-node1,api-node2,8,2,10,10.0,5.0,10.0,10.0,100.0,50.0,0.0,0.0,0.0,0.0,0.0,0.0,73.125,117.0,80.494344,76.318074,3.0
2026-06-24T05:06:08.471319628Z,1000,per_hit,raw_percent_of_host,api-node1,api-node2,5,5,10,7.920792,3.960396,7.920792,7.920792,100.0,50.0,0.0,0.0,0.0,0.0,0.0,0.0,67.4,125.0,78.013208,75.078996,3.0
2026-06-24T05:06:09.471316559Z,1000,per_hit,raw_percent_of_host,api-node1,api-node2,9,3,12,9.90099,5.0,9.90099,10.0,100.0,50.0,0.0,0.0,0.0,0.0,0.0,0.0,83.333333,114.0,75.216865,69.738354,3.0
2026-06-24T05:06:10.471319859Z,1000,per_hit,raw_percent_of_host,api-node1,api-node2,3,8,11,10.679612,2.020202,10.679612,4.040404,100.0,50.0,0.0,0.0,0.0,0.0,0.0,0.0,55.0,153.25,73.683964,83.113072,3.0
2026-06-24T05:06:11.471318231Z,1000,per_hit,raw_percent_of_host,api-node1,api-node2,8,3,11,9.708738,5.882353,9.708738,11.764706,100.0,50.0,0.0,0.0,0.0,0.0,0.0,0.0,87.25,112.0,81.587537,67.90482,3.0
2026-06-24T05:06:12.471321927Z,1000,per_hit,raw_percent_of_host,api-node1,api-node2,7,6,13,9.803922,5.940594,9.803922,11.881188,100.0,50.0,0.0,0.0,0.0,0.0,0.0,0.0,71.166667,131.5,73.682452,77.456856,3.0
2026-06-24T05:06:13.471316721Z,1000,per_hit,raw_percent_of_host,api-node1,api-node2,4,8,12,9.090909,5.940594,9.090909,11.881188,100.0,50.0,0.0,0.0,0.0,0.0,0.0,0.0,60.5,150.875,83.116457,70.53762,3.0
2026-06-24T05:06:14.47131928Z,1000,per_hit,raw_percent_of_host,api-node1,api-node2,9,3,12,9.708738,5.940594,9.708738,11.881188,100.0,50.0,0.0,0.0,0.0,0.0,0.0,0.0,98.333333,108.333333,80.727919,69.078409,3.0
2026-06-24T05:06:15.471321266Z,1000,per_hit,raw_percent_of_host,api-node1,api-node2,6,7,13,10.891089,4.950495,10.891089,9.90099,100.0,50.0,0.0,0.0,0.0,0.0,0.0,0.0,71.166667,109.857143,74.075204,77.748858,3.0
2026-06-24T05:06:16.471315665Z,1000,per_hit,raw_percent_of_host,api-node1,api-node2,4,9,13,9.90099,5.882353,9.90099,11.764706,100.0,50.0,0.0,0.0,0.0,0.0,0.0,0.0,61.25,154.555556,76.394504,76.467672,3.0
2026-06-24T05:06:17.471319608Z,1000,per_hit,raw_percent_of_host,api-node1,api-node2,10,4,14,9.803922,5.882353,9.803922,11.764706,100.0,50.0,0.0,0.0,0.0,0.0,0.0,0.0,98.1,134.25,80.629124,69.874104,3.0
2026-06-24T05:06:18.471319948Z,1000,per_hit,raw_percent_of_host,api-node1,api-node2,6,8,14,9.0,4.0,9.0,8.0,100.0,50.0,0.0,0.0,0.0,0.0,0.0,0.0,72.0,132.25,74.096565,70.282768,3.0
2026-06-24T05:06:19.471319508Z,1000,per_hit,raw_percent_of_host,api-node1,api-node2,10,5,15,8.0,5.882353,8.0,11.764706,100.0,50.0,0.0,0.0,0.0,0.0,0.0,0.0,136.0,130.8,74.59674,68.967705,3.0
2026-06-24T05:06:20.471316767Z,1000,per_hit,raw_percent_of_host,api-node1,api-node2,7,9,16,8.080808,5.882353,8.080808,11.764706,100.0,50.0,0.0,0.0,0.0,0.0,0.0,0.0,70.0,189.444444,73.54061,70.65216,3.0
2026-06-24T05:06:21.471319215Z,1000,per_hit,raw_percent_of_host,api-node1,api-node2,8,8,16,9.0,4.0,9.0,8.0,100.0,50.0,0.0,0.0,0.0,0.0,0.0,0.0,74.375,161.875,76.449704,68.894011,3.0
2026-06-24T05:06:22.471316456Z,1000,per_hit,raw_percent_of_host,api-node1,api-node2,10,7,17,10.679612,5.940594,10.679612,11.881188,100.0,50.0,0.0,0.0,0.0,0.0,0.0,0.0,95.2,140.857143,76.335217,68.202809,3.0
2026-06-24T05:06:23.471318913Z,1000,per_hit,raw_percent_of_host,api-node1,api-node2,6,12,18,9.0,4.040404,9.0,8.080808,100.0,50.0,0.0,0.0,0.0,0.0,0.0,0.0,79.833333,272.583333,73.954086,69.133326,3.0
2026-06-24T05:06:24.471315442Z,1000,per_hit,raw_percent_of_host,api-node1,api-node2,11,7,18,8.080808,5.882353,8.080808,11.764706,100.0,50.0,0.0,0.0,0.0,0.0,0.0,0.0,88.272727,141.0,76.763164,62.37235,3.0
2026-06-24T05:06:25.471315458Z,1000,per_hit,raw_percent_of_host,api-node1,api-node2,7,12,19,10.891089,5.940594,10.891089,11.881188,100.0,50.0,0.0,0.0,0.0,0.0,0.0,0.0,73.0,213.0,73.650842,70.707778,3.0
2026-06-24T05:06:26.471318891Z,1000,per_hit,raw_percent_of_host,api-node1,api-node2,10,10,20,9.0,5.0,9.0,10.0,100.0,50.0,0.0,0.0,0.0,0.0,0.0,0.0,93.5,188.5,77.332043,64.693649,3.0
2026-06-24T05:06:27.471315546Z,1000,per_hit,raw_percent_of_host,api-node1,api-node2,10,11,21,9.708738,6.862745,9.708738,13.72549,100.0,50.0,0.0,0.0,0.0,0.0,0.0,0.0,99.2,200.545455,74.138574,69.499543,3.0
2026-06-24T05:06:28.471318597Z,1000,per_hit,raw_percent_of_host,api-node1,api-node2,16,6,22,8.910891,5.0,8.910891,10.0,100.0,50.0,0.0,0.0,0.0,0.0,0.0,0.0,119.875,128.666667,74.063309,64.847098,3.0
2026-06-24T05:06:29.471316552Z,1000,per_hit,raw_percent_of_host,api-node1,api-node2,9,14,23,11.428571,5.882353,11.428571,11.764706,100.0,50.0,0.0,0.0,0.0,0.0,0.0,0.0,84.111111,221.142857,67.134296,70.575306,3.0
2026-06-24T05:06:30.471319964Z,1000,per_hit,raw_percent_of_host,api-node1,api-node2,8,15,23,7.070707,3.0,7.070707,6.0,100.0,50.0,0.0,0.0,0.0,0.0,0.0,0.0,83.875,254.0,75.929039,59.937427,3.0
2026-06-24T05:06:31.471320439Z,1000,per_hit,raw_percent_of_host,api-node1,api-node2,13,11,24,9.803922,5.825243,9.803922,11.650485,100.0,50.0,0.0,0.0,0.0,0.0,0.0,0.0,118.307692,175.363636,73.35274,63.735135,3.0
2026-06-24T05:06:32.471317053Z,1000,per_hit,raw_percent_of_host,api-node1,api-node2,9,16,25,6.930693,3.921569,6.930693,7.843137,100.0,50.0,0.0,0.0,0.0,0.0,0.0,0.0,96.333333,231.75,74.2005,65.86173,3.0
2026-06-24T05:06:33.471315425Z,1000,per_hit,raw_percent_of_host,api-node1,api-node2,9,17,26,9.90099,5.882353,9.90099,11.764706,100.0,50.0,0.0,0.0,0.0,0.0,0.0,0.0,94.0,208.176471,72.88591,58.922625,3.0
2026-06-24T05:06:34.471316626Z,1000,per_hit,raw_percent_of_host,api-node1,api-node2,18,9,27,10.576923,4.950495,10.576923,9.90099,100.0,50.0,0.0,0.0,0.0,0.0,0.0,0.0,123.444444,133.0,74.35296,65.149239,3.0
2026-06-24T05:06:35.471318666Z,1000,per_hit,raw_percent_of_host,api-node1,api-node2,19,9,28,8.0,6.796117,8.0,13.592233,100.0,50.0,0.0,0.0,0.0,0.0,0.0,0.0,171.578947,153.444444,67.610675,70.181571,3.0
2026-06-24T05:06:36.471316427Z,1000,per_hit,raw_percent_of_host,api-node1,api-node2,13,16,29,9.90099,5.882353,9.90099,11.764706,100.0,50.0,0.0,0.0,0.0,0.0,0.0,0.0,105.692308,204.0625,67.720774,69.345913,3.0
2026-06-24T05:06:37.47131551Z,1000,per_hit,raw_percent_of_host,api-node1,api-node2,14,16,30,9.90099,5.0,9.90099,10.0,100.0,50.0,0.0,0.0,0.0,0.0,0.0,0.0,114.857143,225.125,74.624477,64.693649,3.0
2026-06-24T05:06:38.471319658Z,1000,per_hit,raw_percent_of_host,api-node1,api-node2,12,19,31,9.90099,4.950495,9.90099,9.90099,100.0,50.0,0.0,0.0,0.0,0.0,0.0,0.0,93.75,323.894737,70.883706,58.922625,3.0
2026-06-24T05:06:39.471316542Z,1000,per_hit,raw_percent_of_host,api-node1,api-node2,18,15,33,8.910891,3.0,8.910891,6.0,100.0,50.0,0.0,0.0,0.0,0.0,0.0,0.0,140.888889,224.4,74.684162,57.900794,3.0
2026-06-24T05:06:40.471329818Z,1000,per_hit,raw_percent_of_host,api-node1,api-node2,14,20,34,9.803922,3.0,9.803922,6.0,100.0,50.0,0.0,2.0,0.0,0.0,0.0,2.0,127.642857,343.666667,67.328861,58.639396,3.0
2026-06-24T05:06:41.471319086Z,1000,per_hit,raw_percent_of_host,api-node1,api-node2,13,22,35,8.163265,4.950495,8.163265,9.90099,100.0,50.0,0.0,19.0,0.0,0.0,0.0,19.0,101.384615,298.8,73.56812,51.721007,3.0
2026-06-24T05:06:42.471317849Z,1000,per_hit,raw_percent_of_host,api-node1,api-node2,22,14,36,8.910891,9.90099,8.910891,19.80198,100.0,50.0,0.0,0.0,0.0,0.0,0.0,0.0,182.272727,367.818182,74.453193,49.480969,3.0
2026-06-24T05:06:43.471319612Z,1000,per_hit,raw_percent_of_host,api-node1,api-node2,17,20,37,10.10101,6.0,10.10101,12.0,100.0,50.0,0.0,0.0,0.0,0.0,0.0,0.0,127.588235,316.65,69.884099,64.695964,3.0
2026-06-24T05:06:44.471316334Z,1000,per_hit,raw_percent_of_host,api-node1,api-node2,23,15,38,7.070707,9.016393,7.070707,18.032787,100.0,50.0,0.0,0.0,0.0,0.0,0.0,0.0,155.043478,264.0,68.864543,57.669425,3.0
2026-06-24T05:06:45.471319352Z,1000,per_hit,raw_percent_of_host,api-node1,api-node2,27,12,39,12.0,6.796117,12.0,13.592233,100.0,50.0,0.0,0.0,0.0,0.0,0.0,0.0,187.62963,195.416667,67.480018,62.4469,3.0
2026-06-24T05:06:46.471317366Z,1000,per_hit,raw_percent_of_host,api-node1,api-node2,15,25,40,10.576923,5.050505,10.576923,10.10101,100.0,50.0,0.0,13.0,0.0,0.0,0.0,13.0,131.466667,341.916667,65.92779,59.937427,3.0
2026-06-24T05:06:47.471316983Z,1000,per_hit,raw_percent_of_host,api-node1,api-node2,25,16,41,11.428571,10.891089,11.428571,21.782178,100.0,50.0,0.0,0.0,0.0,0.0,0.0,0.0,197.04,362.965517,68.443855,49.358721,3.0
2026-06-24T05:06:48.471318829Z,1000,per_hit,raw_percent_of_host,api-node1,api-node2,22,21,43,9.0,4.950495,9.0,9.90099,100.0,50.0,0.0,2.0,0.0,0.0,0.0,2.0,165.363636,268.210526,67.859672,58.5781,3.0
2026-06-24T05:06:49.471317724Z,1000,per_hit,raw_percent_of_host,api-node1,api-node2,24,20,44,9.90099,3.0,9.90099,6.0,100.0,50.0,0.0,5.0,0.0,0.0,0.0,5.0,189.666667,364.529412,67.787356,52.742403,3.0
2026-06-24T05:06:50.471320801Z,1000,per_hit,raw_percent_of_host,api-node1,api-node2,32,13,45,7.0,8.0,7.0,16.0,100.0,50.0,0.0,0.0,0.0,0.0,0.0,0.0,228.34375,317.888889,67.168375,49.418087,3.0
2026-06-24T05:06:51.471323519Z,1000,per_hit,raw_percent_of_host,api-node1,api-node2,29,17,46,9.90099,8.910891,9.90099,17.821782,100.0,50.0,0.0,0.0,0.0,0.0,0.0,0.0,192.034483,265.823529,68.89594,66.320316,3.0
2026-06-24T05:06:52.471319325Z,1000,per_hit,raw_percent_of_host,api-node1,api-node2,25,22,47,8.080808,6.796117,8.080808,13.592233,100.0,50.0,0.0,3.0,0.0,0.0,0.0,3.0,176.84,339.684211,67.874401,58.922625,3.0
2026-06-24T05:06:53.471317081Z,1000,per_hit,raw_percent_of_host,api-node1,api-node2,23,25,48,10.784314,5.940594,10.784314,11.881188,100.0,50.0,0.0,6.0,0.0,0.0,0.0,6.0,175.086957,364.045455,70.584537,65.299589,3.0
2026-06-24T05:06:54.471317585Z,1000,per_hit,raw_percent_of_host,api-node1,api-node2,21,28,49,10.679612,9.90099,10.679612,19.80198,100.0,50.0,0.0,20.0,0.0,0.0,0.0,20.0,162.761905,275.785714,63.709801,60.721354,3.0
2026-06-24T05:06:55.471318866Z,1000,per_hit,raw_percent_of_host,api-node1,api-node2,25,25,50,9.803922,14.0,9.803922,28.0,100.0,50.0,0.0,7.0,0.0,0.0,0.0,7.0,201.24,469.5,68.921158,48.311619,3.0
2026-06-24T05:06:56.471316342Z,1000,per_hit,raw_percent_of_host,api-node1,api-node2,29,23,52,10.0,8.163265,10.0,16.326531,100.0,50.0,0.0,0.0,0.0,0.0,0.0,0.0,245.137931,324.4,70.443676,48.476528,3.0
2026-06-24T05:06:57.471317515Z,1000,per_hit,raw_percent_of_host,api-node1,api-node2,32,21,53,14.678899,5.882353,14.678899,11.764706,100.0,50.0,0.0,18.0,0.0,0.0,0.0,18.0,253.0,118.333333,64.413393,68.731433,3.0
2026-06-24T05:06:58.471316728Z,1000,per_hit,raw_percent_of_host,api-node1,api-node2,31,23,54,8.080808,6.796117,8.080808,13.592233,100.0,50.0,0.0,19.0,0.0,0.0,0.0,19.0,201.322581,397.227273,67.560983,54.031774,3.0
2026-06-24T05:06:59.47131547Z,1000,per_hit,raw_percent_of_host,api-node1,api-node2,36,19,55,9.90099,8.080808,9.90099,16.161616,100.0,50.0,0.0,3.0,0.0,0.0,0.0,3.0,245.555556,452.971429,69.960928,49.141718,3.0
2026-06-24T05:07:00.471318151Z,1000,per_hit,raw_percent_of_host,api-node1,api-node2,33,23,56,9.708738,5.940594,9.708738,11.881188,100.0,50.0,0.0,8.0,0.0,0.0,0.0,8.0,221.121212,387.111111,66.481649,53.556513,3.0
2026-06-24T05:07:01.471316869Z,1000,per_hit,raw_percent_of_host,api-node1,api-node2,35,22,57,10.0,8.080808,10.0,16.161616,100.0,50.0,0.0,10.0,0.0,0.0,0.0,10.0,258.171429,386.65,72.145984,48.793271,3.0
2026-06-24T05:07:02.471318126Z,1000,per_hit,raw_percent_of_host,api-node1,api-node2,27,31,58,10.576923,24.489796,10.576923,48.979592,100.0,50.0,0.0,17.0,0.0,0.0,0.0,17.0,175.37037,392.166667,66.236002,53.693439,3.0
2026-06-24T05:07:03.471317371Z,1000,per_hit,raw_percent_of_host,api-node1,api-node2,31,28,59,9.90099,14.851485,9.90099,29.70297,100.0,50.0,0.0,22.0,0.0,0.0,0.0,22.0,215.935484,432.608696,70.722769,48.295389,3.0
2026-06-24T05:07:04.471316203Z,1000,per_hit,raw_percent_of_host,api-node1,api-node2,41,19,60,8.080808,8.333333,8.080808,16.666667,100.0,50.0,0.0,3.0,0.0,0.0,0.0,3.0,309.609756,444.605263,71.192338,49.597345,3.0
2026-06-24T05:07:05.471316201Z,1000,per_hit,raw_percent_of_host,api-node1,api-node2,33,28,61,8.080808,4.950495,8.080808,9.90099,100.0,50.0,0.0,16.0,0.0,0.0,0.0,16.0,186.090909,351.2,68.221179,68.777298,3.0
2026-06-24T05:07:06.471317332Z,1000,per_hit,raw_percent_of_host,api-node1,api-node2,35,27,62,9.0,10.0,9.0,20.0,100.0,50.0,0.0,24.0,0.0,0.0,0.0,24.0,225.142857,399.0,71.477759,68.760275,3.0
2026-06-24T05:07:07.471317006Z,1000,per_hit,raw_percent_of_host,api-node1,api-node2,38,25,63,15.59633,26.0,15.59633,52.0,100.0,50.0,0.0,25.0,0.0,0.0,0.0,25.0,265.763158,519.5,70.932567,48.448957,3.0
2026-06-24T05:07:08.471316833Z,1000,per_hit,raw_percent_of_host,api-node1,api-node2,39,24,63,8.823529,4.123711,8.823529,8.247423,100.0,50.0,0.0,19.0,0.0,0.0,0.0,19.0,321.923077,455.266667,58.283132,48.605244,3.0
2026-06-24T05:07:09.471317565Z,1000,per_hit,raw_percent_of_host,api-node1,api-node2,38,26,64,8.080808,8.910891,8.080808,17.821782,100.0,50.0,0.0,16.0,0.0,0.0,0.0,16.0,282.631579,381.103448,70.130889,48.430073,3.0
2026-06-24T05:07:10.471316467Z,1000,per_hit,raw_percent_of_host,api-node1,api-node2,42,23,65,9.90099,13.0,9.90099,26.0,100.0,50.0,0.0,15.0,0.0,0.0,0.0,15.0,326.928571,465.0,68.13502,49.50165,3.0
2026-06-24T05:07:11.471317429Z,1000,per_hit,raw_percent_of_host,api-node1,api-node2,33,33,66,6.0,2.970297,6.0,5.940594,100.0,50.0,0.0,30.0,0.0,0.0,0.0,30.0,226.424242,407.833333,63.358768,52.594574,3.0
2026-06-24T05:07:12.471316432Z,1000,per_hit,raw_percent_of_host,api-node1,api-node2,39,28,67,9.708738,17.821782,9.708738,35.643564,100.0,50.0,0.0,22.0,0.0,0.0,0.0,22.0,299.461538,574.611111,70.253078,48.319541,3.0
2026-06-24T05:07:13.471316896Z,1000,per_hit,raw_percent_of_host,api-node1,api-node2,36,31,67,9.803922,9.803922,9.803922,19.607843,100.0,50.0,0.0,27.0,0.0,0.0,0.0,27.0,223.611111,490.461538,66.637562,49.540701,3.0
2026-06-24T05:07:14.471316352Z,1000,per_hit,raw_percent_of_host,api-node1,api-node2,38,30,68,9.90099,24.489796,9.90099,48.979592,100.0,50.0,0.0,28.0,0.0,0.0,0.0,28.0,334.526316,609.344828,70.938504,51.07626,3.0
2026-06-24T05:07:15.471318666Z,1000,per_hit,raw_percent_of_host,api-node1,api-node2,48,21,69,9.0,12.371134,9.0,24.742268,100.0,50.0,6.0,3.0,0.0,0.0,6.0,3.0,287.761905,521.369565,70.37981,47.340647,3.0
2026-06-24T05:07:16.471316956Z,1000,per_hit,raw_percent_of_host,api-node1,api-node2,36,34,70,10.309278,6.0,10.309278,12.0,100.0,50.0,0.0,31.0,0.0,0.0,0.0,31.0,282.285714,284.666667,69.013637,51.396883,3.0
2026-06-24T05:07:17.471315976Z,1000,per_hit,raw_percent_of_host,api-node1,api-node2,42,28,70,9.708738,14.0,9.708738,28.0,100.0,50.0,3.0,11.0,0.0,0.0,3.0,11.0,330.666667,463.5625,70.933284,48.802689,3.0
2026-06-24T05:07:18.471316712Z,1000,per_hit,raw_percent_of_host,api-node1,api-node2,37,34,71,8.333333,4.123711,8.333333,8.247423,100.0,50.0,1.0,29.0,0.0,0.0,1.0,29.0,289.948718,395.5,64.047655,50.651719,3.0
2026-06-24T05:07:19.471316062Z,1000,per_hit,raw_percent_of_host,api-node1,api-node2,42,29,71,8.0,19.607843,8.0,39.215686,100.0,50.0,4.0,23.0,0.0,0.0,4.0,23.0,292.051282,546.685714,67.723395,58.561464,3.0
2026-06-24T05:07:20.47131599Z,1000,per_hit,raw_percent_of_host,api-node1,api-node2,43,29,72,10.309278,24.489796,10.309278,48.979592,100.0,50.0,2.0,27.0,0.0,0.0,2.0,27.0,314.222222,514.88,68.207155,52.184821,3.0
2026-06-24T05:07:21.47131575Z,1000,per_hit,raw_percent_of_host,api-node1,api-node2,43,29,72,9.803922,26.0,9.803922,52.0,100.0,50.0,3.0,29.0,0.0,0.0,3.0,29.0,358.952381,519.777778,63.34586,48.381079,3.0
2026-06-24T05:07:22.471315903Z,1000,per_hit,raw_percent_of_host,api-node1,api-node2,49,24,73,10.309278,10.416667,10.309278,20.833333,100.0,50.0,8.0,22.0,0.0,0.0,8.0,22.0,314.818182,485.806452,65.731896,48.0494,3.0
2026-06-24T05:07:23.471316675Z,1000,per_hit,raw_percent_of_host,api-node1,api-node2,44,29,73,20.408163,8.163265,20.408163,16.326531,100.0,50.0,1.0,20.0,0.0,0.0,1.0,20.0,358.509804,398.935484,68.399268,48.300234,3.0
2026-06-24T05:07:24.471316267Z,1000,per_hit,raw_percent_of_host,api-node1,api-node2,40,33,73,17.272727,13.861386,17.272727,27.722772,100.0,50.0,0.0,28.0,0.0,0.0,0.0,28.0,270.463415,538.04,73.003639,61.973293,3.0
2026-06-24T05:07:25.47131606Z,1000,per_hit,raw_percent_of_host,api-node1,api-node2,41,33,74,38.888889,26.0,38.888889,52.0,100.0,50.0,0.0,33.0,0.0,0.0,0.0,33.0,271.463415,633.0,65.048115,47.941496,3.0
2026-06-24T05:07:26.471316621Z,1000,per_hit,raw_percent_of_host,api-node1,api-node2,41,33,74,8.910891,19.0,8.910891,38.0,100.0,50.0,2.0,31.0,0.0,0.0,2.0,31.0,299.205128,633.0,67.758685,55.804825,3.0
2026-06-24T05:07:27.471317023Z,1000,per_hit,raw_percent_of_host,api-node1,api-node2,41,33,74,7.920792,11.22449,7.920792,22.44898,100.0,50.0,3.0,12.0,0.0,0.0,3.0,12.0,387.5,423.096154,55.446904,51.831983,3.0
2026-06-24T05:07:28.471317533Z,1000,per_hit,raw_percent_of_host,api-node1,api-node2,37,38,75,11.0,8.080808,11.0,16.161616,100.0,50.0,0.0,31.0,0.0,0.0,0.0,31.0,245.525,347.0,64.800344,52.058426,3.0
2026-06-24T05:07:29.471317119Z,1000,per_hit,raw_percent_of_host,api-node1,api-node2,37,38,75,13.888889,19.0,13.888889,38.0,100.0,50.0,0.0,33.0,0.0,0.0,0.0,33.0,271.378378,531.611111,71.70638,57.292901,3.0
2026-06-24T05:07:30.471316324Z,1000,per_hit,raw_percent_of_host,api-node1,api-node2,44,31,75,9.708738,16.326531,9.708738,32.653061,100.0,50.0,3.0,22.0,0.0,0.0,3.0,22.0,314.195122,589.071429,71.573405,51.723131,3.0
2026-06-24T05:07:31.471317117Z,1000,per_hit,raw_percent_of_host,api-node1,api-node2,38,37,75,7.368421,8.910891,7.368421,17.821782,100.0,50.0,0.0,31.0,0.0,0.0,0.0,31.0,316.02439,385.821429,66.202718,51.664942,3.0
2026-06-24T05:07:32.471328037Z,1000,per_hit,raw_percent_of_host,api-node1,api-node2,45,30,75,9.90099,23.232323,9.90099,46.464646,100.0,50.0,3.0,27.0,0.0,0.0,3.0,27.0,274.928571,588.176471,70.900809,51.419697,3.0
2026-06-24T05:07:33.47131713Z,1000,per_hit,raw_percent_of_host,api-node1,api-node2,40,35,75,10.10101,26.732673,10.10101,53.465347,100.0,50.0,0.0,31.0,0.0,0.0,0.0,31.0,314.139535,478.225806,59.213196,69.899096,3.0
2026-06-24T05:07:34.47131734Z,1000,per_hit,raw_percent_of_host,api-node1,api-node2,43,32,75,8.910891,21.212121,8.910891,42.424242,100.0,50.0,6.0,29.0,0.0,0.0,6.0,29.0,324.702703,655.029412,71.354335,49.96033,3.0
2026-06-24T05:07:35.47131642Z,1000,per_hit,raw_percent_of_host,api-node1,api-node2,41,33,74,10.204082,19.047619,10.204082,38.095238,100.0,50.0,2.0,25.0,0.0,0.0,2.0,25.0,309.022222,524.918919,62.916239,50.880748,3.0
2026-06-24T05:07:36.471321238Z,1000,per_hit,raw_percent_of_host,api-node1,api-node2,38,37,75,9.0,14.0,9.0,28.0,100.0,50.0,0.0,32.0,0.0,0.0,0.0,32.0,235.175,458.466667,69.438484,61.593627,3.0
2026-06-24T05:07:37.471318636Z,1000,per_hit,raw_percent_of_host,api-node1,api-node2,38,37,75,9.708738,26.262626,9.708738,52.525253,100.0,50.0,0.0,32.0,0.0,0.0,0.0,32.0,297.789474,642.594595,69.01325,66.883872,3.0
2026-06-24T05:07:38.47131645Z,1000,per_hit,raw_percent_of_host,api-node1,api-node2,51,24,75,7.070707,11.458333,7.070707,22.916667,100.0,50.0,12.0,12.0,0.0,0.0,12.0,12.0,298.102564,507.25,78.735227,48.175515,3.0
2026-06-24T05:07:39.471316228Z,1000,per_hit,raw_percent_of_host,api-node1,api-node2,35,39,74,20.20202,14.851485,20.20202,29.70297,100.0,50.0,0.0,38.0,0.0,0.0,0.0,38.0,297.042553,413.769231,61.648867,76.885985,3.0
2026-06-24T05:07:40.471316979Z,1000,per_hit,raw_percent_of_host,api-node1,api-node2,26,48,74,9.803922,26.0,9.803922,52.0,100.0,50.0,0.0,44.0,0.0,0.0,0.0,44.0,171.923077,677.738095,71.34044,67.211579,3.0
2026-06-24T05:07:41.471315914Z,1000,per_hit,raw_percent_of_host,api-node1,api-node2,44,30,74,14.0,24.358974,14.0,48.717949,100.0,50.0,2.0,27.0,0.0,0.0,2.0,27.0,292.571429,707.042553,76.051136,47.382941,3.0
2026-06-24T05:07:42.471316685Z,1000,per_hit,raw_percent_of_host,api-node1,api-node2,40,34,74,15.789474,20.0,15.789474,40.0,100.0,50.0,0.0,29.0,0.0,0.0,0.0,29.0,287.428571,513.125,76.885361,49.840089,3.0
2026-06-24T05:07:43.471316392Z,1000,per_hit,raw_percent_of_host,api-node1,api-node2,39,34,73,8.910891,25.252525,8.910891,50.505051,100.0,50.0,0.0,30.0,0.0,0.0,0.0,30.0,240.051282,610.030303,68.46372,78.37734,3.0
2026-06-24T05:07:44.471316032Z,1000,per_hit,raw_percent_of_host,api-node1,api-node2,49,24,73,14.851485,18.181818,14.851485,36.363636,100.0,50.0,19.0,17.0,0.0,0.0,19.0,17.0,304.433333,593.972973,76.740578,48.395442,3.0
2026-06-24T05:07:45.471316824Z,1000,per_hit,raw_percent_of_host,api-node1,api-node2,33,40,73,18.947368,10.0,18.947368,20.0,100.0,50.0,0.0,36.0,0.0,0.0,0.0,36.0,299.519231,382.0,77.794082,68.571371,3.0
2026-06-24T05:07:46.471316896Z,1000,per_hit,raw_percent_of_host,api-node1,api-node2,50,22,72,16.346154,23.232323,16.346154,46.464646,100.0,50.0,1.0,3.0,0.0,0.0,1.0,3.0,278.714286,571.836364,76.905305,50.119122,3.0
2026-06-24T05:07:47.471316857Z,1000,per_hit,raw_percent_of_host,api-node1,api-node2,37,35,72,14.0,5.882353,14.0,11.764706,100.0,50.0,0.0,30.0,0.0,0.0,0.0,30.0,248.710526,233.0,77.663409,69.988048,3.0
2026-06-24T05:07:48.471316578Z,1000,per_hit,raw_percent_of_host,api-node1,api-node2,37,34,71,9.90099,26.0,9.90099,52.0,100.0,50.0,0.0,28.0,0.0,0.0,0.0,28.0,301.918919,601.388889,72.309724,76.71979,3.0
2026-06-24T05:07:49.4713164Z,1000,per_hit,raw_percent_of_host,api-node1,api-node2,38,33,71,15.841584,18.0,15.841584,36.0,100.0,50.0,0.0,16.0,0.0,0.0,0.0,16.0,223.552632,460.644444,77.134163,52.496572,3.0
2026-06-24T05:07:50.471322766Z,1000,per_hit,raw_percent_of_host,api-node1,api-node2,47,23,70,14.563107,12.244898,14.563107,24.489796,100.0,50.0,7.0,2.0,0.0,0.0,7.0,2.0,340.375,346.351351,78.749171,49.398103,3.0
2026-06-24T05:07:51.471316272Z,1000,per_hit,raw_percent_of_host,api-node1,api-node2,32,36,68,22.93578,10.10101,22.93578,20.20202,100.0,50.0,0.0,32.0,0.0,0.0,0.0,32.0,250.717949,214.333333,68.243646,75.634803,3.0
2026-06-24T05:07:52.471317597Z,1000,per_hit,raw_percent_of_host,api-node1,api-node2,39,31,70,13.0,27.184466,13.0,54.368932,100.0,50.0,0.0,25.0,0.0,0.0,0.0,25.0,275.74359,563.894737,76.887844,48.893997,3.0
2026-06-24T05:07:53.471319057Z,1000,per_hit,raw_percent_of_host,api-node1,api-node2,42,26,68,14.0,12.244898,14.0,24.489796,100.0,50.0,0.0,10.0,0.0,0.0,0.0,10.0,275.333333,465.95122,78.181503,49.114758,3.0
2026-06-24T05:07:54.471316385Z,1000,per_hit,raw_percent_of_host,api-node1,api-node2,40,27,67,8.0,8.0,8.0,16.0,100.0,50.0,0.0,23.0,0.0,0.0,0.0,23.0,297.575,365.0,72.943886,49.678488,3.0
2026-06-24T05:07:55.47131772Z,1000,per_hit,raw_percent_of_host,api-node1,api-node2,37,29,66,9.803922,25.510204,9.803922,51.020408,100.0,50.0,0.0,25.0,0.0,0.0,0.0,25.0,256.513514,475.074074,67.948291,59.086356,3.0
2026-06-24T05:07:56.471317559Z,1000,per_hit,raw_percent_of_host,api-node1,api-node2,40,26,66,10.576923,13.131313,10.576923,26.262626,100.0,50.0,2.0,3.0,0.0,0.0,2.0,3.0,279.263158,492.8125,59.796713,48.710699,3.0
2026-06-24T05:07:57.471317593Z,1000,per_hit,raw_percent_of_host,api-node1,api-node2,34,31,65,12.745098,7.843137,12.745098,15.686275,100.0,50.0,0.0,27.0,0.0,0.0,0.0,27.0,220.361111,402.857143,69.009998,54.770111,3.0
2026-06-24T05:07:58.471316157Z,1000,per_hit,raw_percent_of_host,api-node1,api-node2,43,21,64,10.576923,10.0,10.576923,20.0,100.0,50.0,1.0,3.0,0.0,0.0,1.0,3.0,282.214286,389.0,74.635824,51.814865,3.0
2026-06-24T05:07:59.471317764Z,1000,per_hit,raw_percent_of_host,api-node1,api-node2,33,30,63,9.0,5.0,9.0,10.0,100.0,50.0,0.0,26.0,0.0,0.0,0.0,26.0,216.235294,265.142857,69.300463,62.470738,3.0
2026-06-24T05:08:00.471317542Z,1000,per_hit,raw_percent_of_host,api-node1,api-node2,34,27,61,9.708738,14.0,9.708738,28.0,100.0,50.0,0.0,6.0,0.0,0.0,0.0,6.0,272.441176,414.425532,76.950711,50.123423,3.0
2026-06-24T05:08:01.471316455Z,1000,per_hit,raw_percent_of_host,api-node1,api-node2,32,29,61,16.363636,11.764706,16.363636,23.529412,100.0,50.0,0.0,22.0,0.0,0.0,0.0,22.0,181.53125,312.0,69.093831,51.705529,3.0
2026-06-24T05:08:02.471317336Z,1000,per_hit,raw_percent_of_host,api-node1,api-node2,33,27,60,12.380952,18.367347,12.380952,36.734694,100.0,50.0,0.0,18.0,0.0,0.0,0.0,18.0,213.454545,473.16129,71.46557,67.319893,3.0
2026-06-24T05:08:03.471316871Z,1000,per_hit,raw_percent_of_host,api-node1,api-node2,35,24,59,8.0,9.90099,8.0,19.80198,100.0,50.0,0.0,8.0,0.0,0.0,0.0,8.0,238.828571,424.529412,69.94455,52.761162,3.0
2026-06-24T05:08:04.471317549Z,1000,per_hit,raw_percent_of_host,api-node1,api-node2,28,27,55,5.0,5.0,5.0,10.0,100.0,50.0,0.0,14.0,0.0,0.0,0.0,14.0,165.821429,365.952381,67.973966,57.44664,3.0
2026-06-24T05:08:05.471315637Z,1000,per_hit,raw_percent_of_host,api-node1,api-node2,21,28,49,0.0,6.25,0.0,12.5,100.0,50.0,0.0,22.0,0.0,0.0,0.0,22.0,117.142857,351.5,80.639234,65.756921,3.0
2026-06-24T05:08:06.471316336Z,1000,per_hit,raw_percent_of_host,api-node1,api-node2,30,25,55,2.970297,15.0,2.970297,30.0,100.0,50.0,3.0,17.0,0.0,0.0,3.0,17.0,190.962963,457.966667,78.442111,71.892807,3.0
2026-06-24T05:08:07.471317583Z,1000,per_hit,raw_percent_of_host,api-node1,api-node2,26,31,57,18.75,15.306122,18.75,30.612245,100.0,50.0,1.0,15.0,0.0,0.0,1.0,15.0,106.821429,320.181818,76.723836,70.88595,3.0
2026-06-24T05:08:08.471317273Z,1000,per_hit,raw_percent_of_host,api-node1,api-node2,31,22,53,26.0,16.161616,26.0,32.323232,100.0,50.0,4.0,3.0,0.0,0.0,4.0,3.0,139.75,278.617647,76.224258,70.643623,3.0
2026-06-24T05:08:09.471315921Z,1000,per_hit,raw_percent_of_host,api-node1,api-node2,33,21,54,26.041667,15.151515,26.041667,30.30303,100.0,50.0,2.0,3.0,0.0,0.0,2.0,3.0,137.914286,152.666667,76.673988,74.0427,3.0
2026-06-24T05:08:10.471317167Z,1000,per_hit,raw_percent_of_host,api-node1,api-node2,26,26,52,33.333333,16.161616,33.333333,32.323232,100.0,50.0,0.0,7.0,0.0,0.0,0.0,7.0,102.535714,271.318182,75.860347,75.384295,3.0
2026-06-24T05:08:11.471315459Z,1000,per_hit,raw_percent_of_host,api-node1,api-node2,24,27,51,22.115385,20.0,22.115385,40.0,100.0,50.0,2.0,3.0,0.0,0.0,2.0,3.0,85.090909,244.709677,77.160997,69.423082,3.0
2026-06-24T05:08:12.471316102Z,1000,per_hit,raw_percent_of_host,api-node1,api-node2,21,29,50,31.578947,14.851485,31.578947,29.70297,100.0,50.0,0.0,6.0,0.0,0.0,0.0,6.0,71.73913,276.846154,77.182917,70.870699,3.0
2026-06-24T05:08:13.471315461Z,1000,per_hit,raw_percent_of_host,api-node1,api-node2,28,21,49,28.846154,12.244898,28.846154,24.489796,100.0,50.0,1.0,4.0,0.0,0.0,1.0,4.0,116.851852,191.043478,76.110212,72.66573,3.0
2026-06-24T05:08:14.471317005Z,1000,per_hit,raw_percent_of_host,api-node1,api-node2,20,28,48,20.792079,20.0,20.792079,40.0,100.0,50.0,2.0,6.0,0.0,0.0,2.0,6.0,88.578947,264.846154,77.997149,72.927651,3.0
2026-06-24T05:08:15.471317113Z,1000,per_hit,raw_percent_of_host,api-node1,api-node2,17,30,47,26.0,13.265306,26.0,26.530612,100.0,50.0,2.0,18.0,0.0,0.0,2.0,18.0,71.882353,243.722222,77.992019,72.549266,3.0
2026-06-24T05:08:16.471315867Z,1000,per_hit,raw_percent_of_host,api-node1,api-node2,21,25,46,24.0,17.171717,24.0,34.343434,100.0,50.0,1.0,5.0,0.0,0.0,1.0,5.0,103.045455,286.184211,76.36317,70.69216,3.0
2026-06-24T05:08:17.471315375Z,1000,per_hit,raw_percent_of_host,api-node1,api-node2,28,15,43,28.282828,6.315789,28.282828,12.631579,100.0,50.0,4.0,1.0,0.0,0.0,4.0,1.0,91.12,187.947368,76.601606,71.297418,3.0
2026-06-24T05:08:18.471315836Z,1000,per_hit,raw_percent_of_host,api-node1,api-node2,18,25,43,24.742268,20.792079,24.742268,41.584158,100.0,50.0,0.0,6.0,0.0,0.0,0.0,6.0,96.454545,173.55,76.746945,75.892026,3.0
2026-06-24T05:08:19.471315944Z,1000,per_hit,raw_percent_of_host,api-node1,api-node2,16,26,42,15.533981,14.141414,15.533981,28.282828,100.0,50.0,0.0,7.0,0.0,0.0,0.0,7.0,119.6875,232.16,75.617992,72.392613,3.0
2026-06-24T05:08:20.471316149Z,1000,per_hit,raw_percent_of_host,api-node1,api-node2,20,21,41,8.910891,18.367347,8.910891,36.734694,100.0,50.0,1.0,3.0,0.0,0.0,1.0,3.0,109.157895,185.92,76.794362,73.136447,3.0
2026-06-24T05:08:21.471315792Z,1000,per_hit,raw_percent_of_host,api-node1,api-node2,21,18,39,24.752475,16.666667,24.752475,33.333333,100.0,50.0,3.0,1.0,0.0,0.0,3.0,1.0,98.157895,172.35,77.40611,74.234624,3.0
2026-06-24T05:08:22.471316892Z,1000,per_hit,raw_percent_of_host,api-node1,api-node2,20,19,39,24.0,7.920792,24.0,15.841584,100.0,50.0,3.0,3.0,0.0,0.0,3.0,3.0,86.6,290.529412,77.301886,76.193689,3.0
2026-06-24T05:08:23.471315184Z,1000,per_hit,raw_percent_of_host,api-node1,api-node2,20,18,38,20.20202,19.0,20.20202,38.0,100.0,50.0,2.0,3.0,0.0,0.0,2.0,3.0,104.238095,162.833333,77.02529,74.891028,3.0
2026-06-24T05:08:24.471315433Z,1000,per_hit,raw_percent_of_host,api-node1,api-node2,16,21,37,19.417476,13.861386,19.417476,27.722772,100.0,50.0,1.0,2.0,0.0,0.0,1.0,2.0,81.0,227.5,77.561133,73.174002,3.0
2026-06-24T05:08:25.471315292Z,1000,per_hit,raw_percent_of_host,api-node1,api-node2,16,19,35,15.533981,22.54902,15.533981,45.098039,100.0,50.0,0.0,3.0,0.0,0.0,0.0,3.0,93.764706,131.388889,77.435588,77.011004,3.0
2026-06-24T05:08:26.471326672Z,1000,per_hit,raw_percent_of_host,api-node1,api-node2,14,20,34,17.307692,15.841584,17.307692,31.683168,100.0,50.0,0.0,6.0,0.0,0.0,0.0,6.0,117.785714,169.470588,75.879933,74.286549,3.0
2026-06-24T05:08:27.471314979Z,1000,per_hit,raw_percent_of_host,api-node1,api-node2,16,17,33,17.171717,13.131313,17.171717,26.262626,100.0,50.0,0.0,3.0,0.0,0.0,0.0,3.0,79.25,158.15,75.634823,73.756031,3.0
2026-06-24T05:08:28.471317048Z,1000,per_hit,raw_percent_of_host,api-node1,api-node2,21,11,32,14.851485,17.346939,14.851485,34.693878,100.0,50.0,2.0,1.0,0.0,0.0,2.0,1.0,114.578947,79.615385,75.855471,77.067819,3.0
2026-06-24T05:08:29.471318134Z,1000,per_hit,raw_percent_of_host,api-node1,api-node2,16,15,31,19.0,11.764706,19.0,23.529412,100.0,50.0,3.0,1.0,0.0,0.0,3.0,1.0,79.6,116.6,77.467089,76.878231,3.0
2026-06-24T05:08:30.471315824Z,1000,per_hit,raw_percent_of_host,api-node1,api-node2,12,18,30,17.708333,11.111111,17.708333,22.222222,100.0,50.0,1.0,3.0,0.0,0.0,1.0,3.0,62.357143,147.75,76.957714,76.870516,3.0
2026-06-24T05:08:31.471315118Z,1000,per_hit,raw_percent_of_host,api-node1,api-node2,17,12,29,20.38835,16.190476,20.38835,32.380952,100.0,50.0,1.0,2.0,0.0,0.0,1.0,2.0,80.529412,130.153846,75.49533,76.42968,3.0
2026-06-24T05:08:32.471315637Z,1000,per_hit,raw_percent_of_host,api-node1,api-node2,13,15,28,15.151515,10.0,15.151515,20.0,100.0,50.0,3.0,1.0,0.0,0.0,3.0,1.0,94.090909,136.0,77.214621,75.346689,3.0
2026-06-24T05:08:33.471315154Z,1000,per_hit,raw_percent_of_host,api-node1,api-node2,18,8,26,14.583333,12.244898,14.583333,24.489796,100.0,50.0,1.0,1.0,0.0,0.0,1.0,1.0,87.6,91.0,76.677073,76.186755,3.0
2026-06-24T05:08:34.471315813Z,1000,per_hit,raw_percent_of_host,api-node1,api-node2,17,9,26,20.792079,8.080808,20.792079,16.161616,100.0,50.0,1.0,1.0,0.0,0.0,1.0,1.0,66.294118,94.0,77.832678,75.439634,3.0
2026-06-24T05:08:35.471326727Z,1000,per_hit,raw_percent_of_host,api-node1,api-node2,9,16,25,6.796117,18.627451,6.796117,37.254902,100.0,50.0,0.0,3.0,0.0,0.0,0.0,3.0,80.2,149.5,78.218541,73.506332,3.0
2026-06-24T05:08:36.471317379Z,1000,per_hit,raw_percent_of_host,api-node1,api-node2,14,10,24,13.0,13.0,13.0,26.0,100.0,50.0,1.0,2.0,0.0,0.0,1.0,2.0,103.615385,72.545455,76.57989,76.947887,3.0
2026-06-24T05:08:37.471317208Z,1000,per_hit,raw_percent_of_host,api-node1,api-node2,9,13,22,17.647059,9.0,17.647059,18.0,100.0,50.0,0.0,2.0,0.0,0.0,0.0,2.0,61.8,135.230769,76.377575,74.628373,3.0
2026-06-24T05:08:38.471315646Z,1000,per_hit,raw_percent_of_host,api-node1,api-node2,10,11,21,6.0,6.060606,6.0,12.121212,100.0,50.0,0.0,1.0,0.0,0.0,0.0,1.0,95.2,143.0,76.865726,76.048704,3.0
2026-06-24T05:08:39.471326973Z,1000,per_hit,raw_percent_of_host,api-node1,api-node2,4,17,21,7.0,10.10101,7.0,20.20202,100.0,50.0,1.0,2.0,0.0,0.0,1.0,2.0,50.0,169.0625,77.969942,75.993584,3.0
2026-06-24T05:08:40.471315334Z,1000,per_hit,raw_percent_of_host,api-node1,api-node2,12,8,20,17.171717,3.030303,17.171717,6.060606,100.0,50.0,0.0,1.0,0.0,0.0,0.0,1.0,75.692308,126.111111,76.770934,75.32958,3.0
2026-06-24T05:08:41.4713178Z,1000,per_hit,raw_percent_of_host,api-node1,api-node2,8,12,20,11.538462,10.0,11.538462,20.0,100.0,50.0,0.0,1.0,0.0,0.0,0.0,1.0,65.25,116.333333,76.959598,76.609549,3.0
2026-06-24T05:08:42.471319169Z,1000,per_hit,raw_percent_of_host,api-node1,api-node2,7,12,19,10.10101,5.050505,10.10101,10.10101,100.0,50.0,1.0,0.0,0.0,0.0,1.0,0.0,56.0,135.0,77.191138,77.891226,3.0
2026-06-24T05:08:43.471322433Z,1000,per_hit,raw_percent_of_host,api-node1,api-node2,10,8,18,5.882353,8.080808,5.882353,16.161616,100.0,50.0,0.0,1.0,0.0,0.0,0.0,1.0,97.818182,68.714286,76.806493,78.628054,3.0
2026-06-24T05:08:44.471317397Z,1000,per_hit,raw_percent_of_host,api-node1,api-node2,7,10,17,2.0,8.0,2.0,16.0,100.0,50.0,0.0,1.0,0.0,0.0,0.0,1.0,66.142857,103.5,77.444332,76.544681,3.0
2026-06-24T05:08:45.471316655Z,1000,per_hit,raw_percent_of_host,api-node1,api-node2,7,10,17,13.592233,5.050505,13.592233,10.10101,100.0,50.0,0.0,1.0,0.0,0.0,0.0,1.0,71.285714,98.6,76.51279,78.279034,3.0
2026-06-24T05:08:46.471319059Z,1000,per_hit,raw_percent_of_host,api-node1,api-node2,7,9,16,5.940594,3.030303,5.940594,6.060606,100.0,50.0,0.0,1.0,0.0,0.0,0.0,1.0,69.428571,137.888889,78.138227,78.719315,3.0
2026-06-24T05:08:47.471318164Z,1000,per_hit,raw_percent_of_host,api-node1,api-node2,5,10,15,2.020202,8.080808,2.020202,16.161616,100.0,50.0,0.0,0.0,0.0,0.0,0.0,0.0,50.0,113.363636,78.098799,76.77046,3.0
2026-06-24T05:08:48.471315504Z,1000,per_hit,raw_percent_of_host,api-node1,api-node2,10,5,15,2.020202,9.0,2.020202,18.0,100.0,50.0,0.0,0.0,0.0,0.0,0.0,0.0,89.3,52.2,77.447176,78.445783,3.0
2026-06-24T05:08:49.471315342Z,1000,per_hit,raw_percent_of_host,api-node1,api-node2,9,5,14,6.0,3.030303,6.0,6.060606,100.0,50.0,1.0,0.0,0.0,0.0,1.0,0.0,63.0,76.4,78.477284,77.400413,3.0
2026-06-24T05:08:50.471317597Z,1000,per_hit,raw_percent_of_host,api-node1,api-node2,6,8,14,2.0,8.080808,2.0,16.161616,100.0,50.0,0.0,0.0,0.0,0.0,0.0,0.0,51.0,80.25,78.653193,76.295667,3.0
2026-06-24T05:08:51.471319071Z,1000,per_hit,raw_percent_of_host,api-node1,api-node2,5,8,13,6.0,4.0,6.0,8.0,100.0,50.0,0.0,1.0,0.0,0.0,0.0,1.0,51.0,95.571429,77.389388,78.131269,3.0
2026-06-24T05:08:52.471315336Z,1000,per_hit,raw_percent_of_host,api-node1,api-node2,6,7,13,12.121212,0.0,12.121212,0.0,100.0,50.0,1.0,0.0,0.0,0.0,1.0,0.0,50.0,80.375,77.82392,79.21842,3.0
2026-06-24T05:08:53.47131538Z,1000,per_hit,raw_percent_of_host,api-node1,api-node2,8,4,12,6.060606,1.010101,6.060606,2.020202,100.0,50.0,0.0,1.0,0.0,0.0,0.0,1.0,78.444444,59.0,77.756145,80.14634,3.0
2026-06-24T05:08:54.471317878Z,1000,per_hit,raw_percent_of_host,api-node1,api-node2,7,4,11,7.070707,0.0,7.070707,0.0,100.0,50.0,0.0,0.0,0.0,0.0,0.0,0.0,59.285714,60.2,77.733676,77.938949,3.0
2026-06-24T05:08:55.471318109Z,1000,per_hit,raw_percent_of_host,api-node1,api-node2,4,7,11,7.142857,0.0,7.142857,0.0,100.0,50.0,0.0,1.0,0.0,0.0,0.0,1.0,55.25,86.833333,77.67331,78.350566,3.0
2026-06-24T05:08:56.471316232Z,1000,per_hit,raw_percent_of_host,api-node1,api-node2,4,7,11,0.0,5.050505,0.0,10.10101,100.0,50.0,1.0,0.0,0.0,0.0,1.0,0.0,54.0,83.875,78.510158,78.917621,3.0
2026-06-24T05:08:57.471315412Z,1000,per_hit,raw_percent_of_host,api-node1,api-node2,4,7,11,5.050505,0.0,5.050505,0.0,100.0,50.0,0.0,1.0,0.0,0.0,0.0,1.0,54.4,101.166667,78.335225,78.414962,3.0
2026-06-24T05:08:58.471318436Z,1000,per_hit,raw_percent_of_host,api-node1,api-node2,5,5,10,5.0,1.0,5.0,2.0,100.0,50.0,1.0,0.0,0.0,0.0,1.0,0.0,65.5,96.666667,78.53837,78.824601,3.0
2026-06-24T05:08:59.471315409Z,1000,per_hit,raw_percent_of_host,api-node1,api-node2,7,3,10,7.070707,0.0,7.070707,0.0,100.0,50.0,1.0,0.0,0.0,0.0,1.0,0.0,67.142857,78.666667,78.107535,72.326297,3.0
2026-06-24T05:09:00.471316411Z,1000,per_hit,raw_percent_of_host,api-node1,api-node2,5,5,10,0.0,6.0,0.0,12.0,100.0,50.0,0.0,1.0,0.0,0.0,0.0,1.0,72.5,80.0,78.048537,77.293268,3.0
2026-06-24T05:09:01.471315304Z,1000,per_hit,raw_percent_of_host,api-node1,api-node2,4,6,10,3.0,5.0,3.0,10.0,100.0,50.0,0.0,1.0,0.0,0.0,0.0,1.0,73.0,76.0,76.029094,77.00919,3.0
2026-06-24T05:09:02.471318084Z,1000,per_hit,raw_percent_of_host,api-node1,api-node2,3,7,10,1.0,6.0,1.0,12.0,100.0,50.0,0.0,0.0,0.0,0.0,0.0,0.0,50.0,118.25,77.53309,76.585594,3.0
2026-06-24T05:09:03.471315239Z,1000,per_hit,raw_percent_of_host,api-node1,api-node2,7,3,10,9.0,1.010101,9.0,2.020202,100.0,50.0,0.0,1.0,0.0,0.0,0.0,1.0,69.714286,80.5,78.281336,67.756092,3.0
2026-06-24T05:09:04.47131703Z,1000,per_hit,raw_percent_of_host,api-node1,api-node2,5,5,10,1.0,5.050505,1.0,10.10101,100.0,50.0,1.0,0.0,0.0,0.0,1.0,0.0,78.5,91.333333,77.04099,77.252095,3.0
2026-06-24T05:09:05.471316401Z,1000,per_hit,raw_percent_of_host,api-node1,api-node2,6,4,10,8.0,0.0,8.0,0.0,100.0,50.0,1.0,0.0,0.0,0.0,1.0,0.0,56.166667,102.25,77.626429,71.460242,3.0
2026-06-24T05:09:06.471318791Z,1000,per_hit,raw_percent_of_host,api-node1,api-node2,8,2,10,0.0,5.050505,0.0,10.10101,100.0,50.0,1.0,0.0,0.0,0.0,1.0,0.0,84.875,70.5,78.166483,77.673269,3.0
2026-06-24T05:09:07.471315439Z,1000,per_hit,raw_percent_of_host,api-node1,api-node2,8,2,10,7.070707,0.0,7.070707,0.0,100.0,50.0,1.0,0.0,0.0,0.0,1.0,0.0,71.625,63.5,77.253921,76.702419,3.0
2026-06-24T05:09:08.471318745Z,1000,per_hit,raw_percent_of_host,api-node1,api-node2,6,5,11,6.930693,1.0,6.930693,2.0,100.0,50.0,0.0,0.0,0.0,0.0,0.0,0.0,52.0,108.8,77.198064,79.254998,3.0
2026-06-24T05:09:09.471319062Z,1000,per_hit,raw_percent_of_host,api-node1,api-node2,7,4,11,3.960396,5.050505,3.960396,10.10101,100.0,50.0,0.0,0.0,0.0,0.0,0.0,0.0,77.0,51.5,77.137082,77.683654,3.0
2026-06-24T05:09:10.471318485Z,1000,per_hit,raw_percent_of_host,api-node1,api-node2,1,10,11,0.0,5.050505,0.0,10.10101,100.0,50.0,0.0,1.0,0.0,0.0,0.0,1.0,50.0,96.0,78.515115,76.771068,3.0
2026-06-24T05:09:11.471315143Z,1000,per_hit,raw_percent_of_host,api-node1,api-node2,4,7,11,0.0,5.050505,0.0,10.10101,100.0,50.0,0.0,0.0,0.0,0.0,0.0,0.0,53.5,84.5,80.449692,78.593934,3.0
2026-06-24T05:09:12.471316593Z,1000,per_hit,raw_percent_of_host,api-node1,api-node2,6,6,12,2.0,5.0,2.0,10.0,100.0,50.0,1.0,0.0,0.0,0.0,1.0,0.0,79.2,67.166667,78.901818,77.055689,3.0
2026-06-24T05:09:13.471318153Z,1000,per_hit,raw_percent_of_host,api-node1,api-node2,5,7,12,7.070707,0.0,7.070707,0.0,100.0,50.0,0.0,0.0,0.0,0.0,0.0,0.0,50.5,116.0,77.480509,79.022261,3.0
2026-06-24T05:09:14.471315427Z,1000,per_hit,raw_percent_of_host,api-node1,api-node2,6,7,13,5.050505,0.0,5.050505,0.0,100.0,50.0,1.0,0.0,0.0,0.0,1.0,0.0,65.8,110.428571,78.332007,79.548883,3.0
2026-06-24T05:09:15.471317674Z,1000,per_hit,raw_percent_of_host,api-node1,api-node2,9,4,13,6.122449,0.0,6.122449,0.0,100.0,50.0,1.0,0.0,0.0,0.0,1.0,0.0,64.222222,61.0,77.228951,74.794144,3.0
2026-06-24T05:09:16.4713155Z,1000,per_hit,raw_percent_of_host,api-node1,api-node2,5,8,13,0.0,6.0,0.0,12.0,100.0,50.0,1.0,0.0,0.0,0.0,1.0,0.0,50.0,90.5,80.023651,76.811423,3.0
2026-06-24T05:09:17.471318525Z,1000,per_hit,raw_percent_of_host,api-node1,api-node2,6,8,14,1.0,5.050505,1.0,10.10101,100.0,50.0,1.0,0.0,0.0,0.0,1.0,0.0,58.666667,93.25,78.459004,76.691444,3.0
2026-06-24T05:09:18.471317703Z,1000,per_hit,raw_percent_of_host,api-node1,api-node2,5,10,15,0.0,5.0,0.0,10.0,100.0,50.0,0.0,1.0,0.0,0.0,0.0,1.0,57.5,114.555556,78.689932,75.639079,3.0
2026-06-24T05:09:19.471315572Z,1000,per_hit,raw_percent_of_host,api-node1,api-node2,7,8,15,4.901961,6.0,4.901961,12.0,100.0,50.0,0.0,0.0,0.0,0.0,0.0,0.0,55.142857,84.333333,77.99026,76.836423,3.0
2026-06-24T05:09:20.471324918Z,1000,per_hit,raw_percent_of_host,api-node1,api-node2,5,11,16,3.960396,5.050505,3.960396,10.10101,100.0,50.0,0.0,2.0,0.0,0.0,0.0,2.0,50.0,82.111111,78.518955,77.277968,3.0
2026-06-24T05:09:21.47131829Z,1000,per_hit,raw_percent_of_host,api-node1,api-node2,6,10,16,2.020202,10.0,2.020202,20.0,100.0,50.0,1.0,2.0,0.0,0.0,1.0,2.0,67.0,94.9,78.741531,75.764779,3.0
2026-06-24T05:09:22.471317708Z,1000,per_hit,raw_percent_of_host,api-node1,api-node2,9,8,17,6.0,1.0,6.0,2.0,100.0,50.0,1.0,0.0,0.0,0.0,1.0,0.0,65.333333,106.1,77.648973,76.640814,3.0
2026-06-24T05:09:23.471315743Z,1000,per_hit,raw_percent_of_host,api-node1,api-node2,10,8,18,9.0,2.020202,9.0,4.040404,100.0,50.0,1.0,0.0,0.0,0.0,1.0,0.0,64.6,97.125,77.928294,78.689543,3.0
2026-06-24T05:09:24.471318455Z,1000,per_hit,raw_percent_of_host,api-node1,api-node2,10,9,19,1.0,5.0,1.0,10.0,100.0,50.0,2.0,3.0,0.0,0.0,2.0,3.0,68.777778,85.0,79.573492,77.094534,3.0
2026-06-24T05:09:25.471317632Z,1000,per_hit,raw_percent_of_host,api-node1,api-node2,7,12,19,7.291667,0.0,7.291667,0.0,100.0,50.0,0.0,6.0,0.0,0.0,0.0,6.0,77.333333,101.888889,77.207921,78.445894,3.0
2026-06-24T05:09:26.471315506Z,1000,per_hit,raw_percent_of_host,api-node1,api-node2,10,10,20,5.050505,4.040404,5.050505,8.080808,100.0,50.0,0.0,6.0,0.0,0.0,0.0,6.0,66.5,139.1,77.659256,74.584496,3.0
2026-06-24T05:09:27.471325193Z,1000,per_hit,raw_percent_of_host,api-node1,api-node2,11,10,21,0.0,9.0,0.0,18.0,100.0,50.0,5.0,0.0,0.0,0.0,5.0,0.0,86.666667,113.0,80.265337,74.493193,3.0
2026-06-24T05:09:28.471316484Z,1000,per_hit,raw_percent_of_host,api-node1,api-node2,9,13,22,0.0,5.050505,0.0,10.10101,100.0,50.0,1.0,6.0,0.0,0.0,1.0,6.0,102.153846,92.857143,78.477558,76.318771,3.0
2026-06-24T05:09:29.471315351Z,1000,per_hit,raw_percent_of_host,api-node1,api-node2,10,13,23,0.0,9.090909,0.0,18.181818,100.0,50.0,3.0,3.0,0.0,0.0,3.0,3.0,69.0,122.3125,80.98049,70.790821,3.0
2026-06-24T05:09:30.471315266Z,1000,per_hit,raw_percent_of_host,api-node1,api-node2,4,20,24,0.0,9.090909,0.0,18.181818,100.0,50.0,0.0,10.0,0.0,0.0,0.0,10.0,80.285714,153.769231,78.411529,72.14837,3.0
2026-06-24T05:09:31.471316136Z,1000,per_hit,raw_percent_of_host,api-node1,api-node2,18,7,25,9.803922,8.163265,9.803922,16.326531,100.0,50.0,9.0,4.0,0.0,0.0,9.0,4.0,72.666667,198.0,77.873355,71.885601,3.0
2026-06-24T05:09:32.471315566Z,1000,per_hit,raw_percent_of_host,api-node1,api-node2,16,10,26,9.278351,4.040404,9.278351,8.080808,100.0,50.0,4.0,5.0,0.0,0.0,4.0,5.0,109.619048,101.0,76.198721,73.6288,3.0
2026-06-24T05:09:33.471316635Z,1000,per_hit,raw_percent_of_host,api-node1,api-node2,13,14,27,10.10101,2.040816,10.10101,4.081633,100.0,50.0,4.0,8.0,0.0,0.0,4.0,8.0,100.230769,106.727273,78.019954,76.617781,3.0
2026-06-24T05:09:34.471316166Z,1000,per_hit,raw_percent_of_host,api-node1,api-node2,13,15,28,7.368421,3.092784,7.368421,6.185567,100.0,50.0,2.0,11.0,0.0,0.0,2.0,11.0,90.2,135.333333,77.392877,74.29522,3.0
2026-06-24T05:09:35.471315447Z,1000,per_hit,raw_percent_of_host,api-node1,api-node2,10,19,29,0.0,8.163265,0.0,16.326531,100.0,50.0,5.0,9.0,0.0,0.0,5.0,9.0,89.0,190.571429,80.467908,68.77167,3.0
2026-06-24T05:09:36.471316443Z,1000,per_hit,raw_percent_of_host,api-node1,api-node2,15,15,30,6.185567,4.040404,6.185567,8.080808,100.0,50.0,5.0,10.0,0.0,0.0,5.0,10.0,106.2,137.714286,77.645139,74.222222,3.0
2026-06-24T05:09:37.47131633Z,1000,per_hit,raw_percent_of_host,api-node1,api-node2,14,17,31,0.0,8.163265,0.0,16.326531,100.0,50.0,6.0,10.0,0.0,0.0,6.0,10.0,101.923077,137.235294,79.909251,72.995632,3.0
2026-06-24T05:09:38.47131546Z,1000,per_hit,raw_percent_of_host,api-node1,api-node2,19,13,32,5.263158,2.061856,5.263158,4.123711,100.0,50.0,11.0,6.0,0.0,0.0,11.0,6.0,103.785714,145.235294,78.631903,75.677952,3.0
2026-06-24T05:09:39.471317349Z,1000,per_hit,raw_percent_of_host,api-node1,api-node2,19,14,33,12.631579,8.163265,12.631579,16.326531,100.0,50.0,10.0,7.0,0.0,0.0,10.0,7.0,132.75,121.923077,76.051311,72.7684,3.0
2026-06-24T05:09:40.471316741Z,1000,per_hit,raw_percent_of_host,api-node1,api-node2,13,21,34,12.5,5.050505,12.5,10.10101,100.0,50.0,7.0,15.0,0.0,0.0,7.0,15.0,123.5,109.538462,77.592707,73.446839,3.0
2026-06-24T05:09:41.471316592Z,1000,per_hit,raw_percent_of_host,api-node1,api-node2,19,16,35,5.263158,13.265306,5.263158,26.530612,100.0,50.0,12.0,13.0,0.0,0.0,12.0,13.0,97.5,230.5,78.202653,67.930794,3.0
2026-06-24T05:09:42.471317324Z,1000,per_hit,raw_percent_of_host,api-node1,api-node2,19,17,36,2.083333,7.216495,2.083333,14.43299,100.0,50.0,9.0,11.0,0.0,0.0,9.0,11.0,103.454545,231.526316,79.960668,70.421418,3.0
2026-06-24T05:09:43.471315769Z,1000,per_hit,raw_percent_of_host,api-node1,api-node2,16,21,37,7.368421,0.0,7.368421,0.0,100.0,50.0,6.0,17.0,0.0,0.0,6.0,17.0,110.578947,156.466667,77.365389,78.687419,3.0
2026-06-24T05:09:44.47131898Z,1000,per_hit,raw_percent_of_host,api-node1,api-node2,21,17,38,3.092784,17.525773,3.092784,35.051546,100.0,50.0,13.0,12.0,0.0,0.0,13.0,12.0,97.142857,305.909091,78.920088,74.224874,3.0
2026-06-24T05:09:45.471317143Z,1000,per_hit,raw_percent_of_host,api-node1,api-node2,18,22,40,13.829787,8.163265,13.829787,16.326531,100.0,50.0,11.0,16.0,0.0,0.0,11.0,16.0,119.7,162.277778,77.713102,69.817679,3.0
2026-06-24T05:09:46.471315957Z,1000,per_hit,raw_percent_of_host,api-node1,api-node2,23,18,41,5.263158,13.265306,5.263158,26.530612,100.0,50.0,15.0,12.0,0.0,0.0,15.0,12.0,114.947368,277.681818,77.136692,67.843209,3.0
2026-06-24T05:09:47.471315323Z,1000,per_hit,raw_percent_of_host,api-node1,api-node2,23,19,42,16.842105,8.163265,16.842105,16.326531,100.0,50.0,14.0,14.0,0.0,0.0,14.0,14.0,161.166667,199.529412,72.899825,73.071677,3.0
2026-06-24T05:09:48.471317173Z,1000,per_hit,raw_percent_of_host,api-node1,api-node2,23,20,43,11.578947,14.141414,11.578947,28.282828,100.0,50.0,15.0,16.0,0.0,0.0,15.0,16.0,120.5,245.333333,76.445809,72.625265,3.0
2026-06-24T05:09:49.471319465Z,1000,per_hit,raw_percent_of_host,api-node1,api-node2,23,21,44,20.408163,12.371134,20.408163,24.742268,100.0,50.0,14.0,16.0,0.0,0.0,14.0,16.0,134.875,226.333333,75.152609,68.795661,3.0
2026-06-24T05:09:50.471317014Z,1000,per_hit,raw_percent_of_host,api-node1,api-node2,22,22,44,10.416667,13.265306,10.416667,26.530612,100.0,50.0,14.0,17.0,0.0,0.0,14.0,17.0,124.863636,204.904762,74.828204,69.259988,3.0
2026-06-24T05:09:51.471316015Z,1000,per_hit,raw_percent_of_host,api-node1,api-node2,25,22,47,17.525773,14.141414,17.525773,28.282828,100.0,50.0,18.0,17.0,0.0,0.0,18.0,17.0,122.333333,267.727273,76.554585,70.752718,3.0
2026-06-24T05:09:52.471316397Z,1000,per_hit,raw_percent_of_host,api-node1,api-node2,20,28,48,12.631579,15.151515,12.631579,30.30303,100.0,50.0,12.0,24.0,0.0,0.0,12.0,24.0,153.576923,290.666667,73.542949,71.133898,3.0
2026-06-24T05:09:53.471315857Z,1000,per_hit,raw_percent_of_host,api-node1,api-node2,22,27,49,15.053763,18.367347,15.053763,36.734694,100.0,50.0,15.0,20.0,0.0,0.0,15.0,20.0,143.157895,285.516129,77.554543,72.403593,3.0
2026-06-24T05:09:54.471320204Z,1000,per_hit,raw_percent_of_host,api-node1,api-node2,30,20,50,10.416667,18.367347,10.416667,36.734694,100.0,50.0,25.0,13.0,0.0,0.0,25.0,13.0,165.25,326.222222,76.975574,70.394148,3.0
2026-06-24T05:09:55.471319764Z,1000,per_hit,raw_percent_of_host,api-node1,api-node2,31,20,51,21.875,13.131313,21.875,26.262626,100.0,50.0,26.0,14.0,0.0,0.0,26.0,14.0,235.4,178.842105,71.353287,68.620832,3.0
2026-06-24T05:09:56.471318372Z,1000,per_hit,raw_percent_of_host,api-node1,api-node2,24,28,52,31.25,9.090909,31.25,18.181818,100.0,50.0,16.0,23.0,0.0,0.0,16.0,23.0,194.911765,229.368421,74.137236,70.972253,3.0
2026-06-24T05:09:57.471317416Z,1000,per_hit,raw_percent_of_host,api-node1,api-node2,24,29,53,17.894737,18.367347,17.894737,36.734694,100.0,50.0,17.0,23.0,0.0,0.0,17.0,23.0,140.652174,342.931034,76.535739,71.488177,3.0
2026-06-24T05:09:58.471315274Z,1000,per_hit,raw_percent_of_host,api-node1,api-node2,26,23,49,17.525773,16.666667,17.525773,33.333333,100.0,50.0,20.0,19.0,0.0,0.0,20.0,19.0,155.130435,368.481481,74.18225,68.485068,3.0
2026-06-24T05:09:59.4713158Z,1000,per_hit,raw_percent_of_host,api-node1,api-node2,29,31,60,20.833333,18.367347,20.833333,36.734694,100.0,50.0,19.0,23.0,0.0,0.0,19.0,23.0,188.866667,284.296296,72.590987,72.713286,3.0
2026-06-24T05:10:00.471316Z,1000,per_hit,raw_percent_of_host,api-node1,api-node2,27,29,56,25.510204,18.367347,25.510204,36.734694,100.0,50.0,21.0,22.0,0.0,0.0,21.0,22.0,171.24,256.6,75.507177,71.074507,3.0
2026-06-24T05:10:01.471315387Z,1000,per_hit,raw_percent_of_host,api-node1,api-node2,33,24,57,21.649485,18.367347,21.649485,36.734694,100.0,50.0,26.0,18.0,0.0,0.0,26.0,18.0,163.107143,312.928571,75.848005,64.181907,3.0
2026-06-24T05:10:02.471317349Z,1000,per_hit,raw_percent_of_host,api-node1,api-node2,31,27,58,21.052632,13.265306,21.052632,26.530612,100.0,50.0,25.0,21.0,0.0,0.0,25.0,21.0,220.09375,227.291667,74.857463,70.247562,3.0
2026-06-24T05:10:03.471315777Z,1000,per_hit,raw_percent_of_host,api-node1,api-node2,35,24,59,21.875,18.367347,21.875,36.734694,100.0,50.0,29.0,20.0,0.0,0.0,29.0,20.0,261.419355,340.16,71.654139,72.879661,3.0
2026-06-24T05:10:04.471317053Z,1000,per_hit,raw_percent_of_host,api-node1,api-node2,34,26,60,20.833333,13.265306,20.833333,26.530612,100.0,50.0,26.0,22.0,0.0,0.0,26.0,22.0,236.027027,266.833333,73.046527,70.708514,3.0
2026-06-24T05:10:05.471316237Z,1000,per_hit,raw_percent_of_host,api-node1,api-node2,33,28,61,21.052632,22.680412,21.052632,45.360825,100.0,50.0,30.0,20.0,0.0,0.0,30.0,20.0,223.137931,365.7,73.456211,74.424358,3.0
2026-06-24T05:10:06.471316733Z,1000,per_hit,raw_percent_of_host,api-node1,api-node2,32,30,62,26.262626,21.0,26.262626,42.0,100.0,50.0,20.0,28.0,0.0,0.0,20.0,28.0,239.119048,398.818182,72.481658,74.854826,3.0
2026-06-24T05:10:07.471316202Z,1000,per_hit,raw_percent_of_host,api-node1,api-node2,35,28,63,25.0,23.71134,25.0,47.42268,100.0,50.0,28.0,22.0,0.0,0.0,28.0,22.0,194.666667,453.176471,72.501918,74.535493,3.0
2026-06-24T05:10:08.471318079Z,1000,per_hit,raw_percent_of_host,api-node1,api-node2,30,34,64,20.833333,23.469388,20.833333,46.938776,100.0,50.0,24.0,28.0,0.0,0.0,24.0,28.0,231.323529,417.428571,73.574693,72.754526,3.0
2026-06-24T05:10:09.471316096Z,1000,per_hit,raw_percent_of_host,api-node1,api-node2,32,33,65,21.649485,25.252525,21.649485,50.505051,100.0,50.0,23.0,26.0,0.0,0.0,23.0,26.0,208.242424,541.314286,74.804196,67.279273,3.0
2026-06-24T05:10:10.471317432Z,1000,per_hit,raw_percent_of_host,api-node1,api-node2,32,33,65,24.489796,23.469388,24.489796,46.938776,100.0,50.0,25.0,29.0,0.0,0.0,25.0,29.0,172.733333,440.966667,70.904198,76.215778,3.0
2026-06-24T05:10:11.471316437Z,1000,per_hit,raw_percent_of_host,api-node1,api-node2,37,29,66,22.105263,25.0,22.105263,50.0,100.0,50.0,30.0,24.0,0.0,0.0,30.0,24.0,203.25,548.088235,74.311334,73.758798,3.0
2026-06-24T05:10:12.47131703Z,1000,per_hit,raw_percent_of_host,api-node1,api-node2,30,37,67,24.742268,23.469388,24.742268,46.938776,100.0,50.0,23.0,32.0,0.0,0.0,23.0,32.0,241.540541,347.448276,71.542272,76.031404,3.0
2026-06-24T05:10:13.471315511Z,1000,per_hit,raw_percent_of_host,api-node1,api-node2,34,34,68,24.742268,23.469388,24.742268,46.938776,100.0,50.0,29.0,27.0,0.0,0.0,29.0,27.0,189.321429,393.461538,70.719899,74.184724,3.0
2026-06-24T05:10:14.471317286Z,1000,per_hit,raw_percent_of_host,api-node1,api-node2,38,30,68,21.875,26.470588,21.875,52.941176,100.0,50.0,32.0,23.0,0.0,0.0,32.0,23.0,230.028571,399.941176,72.538935,72.339459,3.0
2026-06-24T05:10:15.471317447Z,1000,per_hit,raw_percent_of_host,api-node1,api-node2,31,38,69,34.375,22.680412,34.375,45.360825,100.0,50.0,25.0,31.0,0.0,0.0,25.0,31.0,340.552632,346.333333,76.690846,74.492199,3.0
2026-06-24T05:10:16.471317155Z,1000,per_hit,raw_percent_of_host,api-node1,api-node2,39,31,70,21.649485,23.931624,21.649485,47.863248,100.0,50.0,32.0,27.0,0.0,0.0,32.0,27.0,194.0625,578.457143,73.879127,64.5664,3.0
2026-06-24T05:10:17.471316177Z,1000,per_hit,raw_percent_of_host,api-node1,api-node2,41,29,70,33.684211,26.470588,33.684211,52.941176,100.0,50.0,36.0,23.0,0.0,0.0,36.0,23.0,251.216216,425.121212,73.964694,69.982804,3.0
2026-06-24T05:10:18.471316024Z,1000,per_hit,raw_percent_of_host,api-node1,api-node2,38,33,71,36.363636,24.489796,36.363636,48.979592,100.0,50.0,32.0,27.0,0.0,0.0,32.0,27.0,260.642857,361.206897,75.461739,74.228209,3.0
2026-06-24T05:10:19.47131599Z,1000,per_hit,raw_percent_of_host,api-node1,api-node2,33,38,71,29.896907,23.931624,29.896907,47.863248,100.0,50.0,23.0,35.0,0.0,0.0,23.0,35.0,218.309524,513.7,72.650469,72.844231,3.0
2026-06-24T05:10:20.47131583Z,1000,per_hit,raw_percent_of_host,api-node1,api-node2,42,30,72,22.916667,27.184466,22.916667,54.368932,100.0,50.0,34.0,27.0,0.0,0.0,34.0,27.0,197.354839,545.368421,71.947819,47.994308,3.0
2026-06-24T05:10:21.47131651Z,1000,per_hit,raw_percent_of_host,api-node1,api-node2,43,29,72,36.0,24.242424,36.0,48.484848,100.0,50.0,34.0,24.0,0.0,0.0,34.0,24.0,265.953488,420.78125,76.092155,73.589198,3.0
2026-06-24T05:10:22.471317714Z,1000,per_hit,raw_percent_of_host,api-node1,api-node2,39,34,73,36.363636,18.918919,36.363636,37.837838,100.0,50.0,29.0,30.0,0.0,0.0,29.0,30.0,316.681818,395.857143,75.36497,75.537607,3.0
2026-06-24T05:10:23.471317592Z,1000,per_hit,raw_percent_of_host,api-node1,api-node2,38,35,73,24.742268,26.262626,24.742268,52.525253,100.0,50.0,35.0,26.0,0.0,0.0,35.0,26.0,262.5,459.307692,75.281329,70.345693,3.0
2026-06-24T05:10:24.471316211Z,1000,per_hit,raw_percent_of_host,api-node1,api-node2,37,37,74,34.020619,24.242424,34.020619,48.484848,100.0,50.0,29.0,31.0,0.0,0.0,29.0,31.0,256.232558,517.3125,76.411171,71.908915,3.0
2026-06-24T05:10:25.471316147Z,1000,per_hit,raw_percent_of_host,api-node1,api-node2,37,37,74,35.714286,25.0,35.714286,50.0,100.0,50.0,28.0,32.0,0.0,0.0,28.0,32.0,235.263158,559.555556,76.555273,72.992272,3.0
2026-06-24T05:10:26.471316366Z,1000,per_hit,raw_percent_of_host,api-node1,api-node2,49,25,74,31.313131,25.0,31.313131,50.0,100.0,50.0,40.0,25.0,0.0,0.0,40.0,25.0,227.594595,582.34375,70.379005,49.515022,3.0
2026-06-24T05:10:27.471316442Z,1000,per_hit,raw_percent_of_host,api-node1,api-node2,35,39,74,33.333333,27.45098,33.333333,54.901961,100.0,50.0,27.0,34.0,0.0,0.0,27.0,34.0,311.5,394.066667,75.289259,73.178783,3.0
2026-06-24T05:10:28.471315439Z,1000,per_hit,raw_percent_of_host,api-node1,api-node2,29,46,75,30.612245,25.0,30.612245,50.0,100.0,50.0,22.0,41.0,0.0,0.0,22.0,41.0,208.205882,521.153846,75.817947,73.810937,3.0
2026-06-24T05:10:29.471317099Z,1000,per_hit,raw_percent_of_host,api-node1,api-node2,33,42,75,18.75,25.742574,18.75,51.485149,100.0,50.0,26.0,36.0,0.0,0.0,26.0,36.0,181.862069,554.319149,73.511755,63.874919,3.0
2026-06-24T05:10:30.47131588Z,1000,per_hit,raw_percent_of_host,api-node1,api-node2,42,33,75,22.105263,25.742574,22.105263,51.485149,100.0,50.0,36.0,27.0,0.0,0.0,36.0,27.0,248.46875,630.238095,74.483132,69.747431,3.0
2026-06-24T05:10:31.47131646Z,1000,per_hit,raw_percent_of_host,api-node1,api-node2,44,31,75,31.25,23.469388,31.25,46.938776,100.0,50.0,39.0,24.0,0.0,0.0,39.0,24.0,286.804878,334.558824,72.694088,73.311878,3.0
2026-06-24T05:10:32.47131646Z,1000,per_hit,raw_percent_of_host,api-node1,api-node2,35,40,75,41.414141,23.469388,41.414141,46.938776,100.0,50.0,25.0,38.0,0.0,0.0,25.0,38.0,359.897959,383.807692,75.925676,76.450895,3.0
2026-06-24T05:10:33.471317024Z,1000,per_hit,raw_percent_of_host,api-node1,api-node2,41,34,75,27.083333,25.0,27.083333,50.0,100.0,50.0,34.0,30.0,0.0,0.0,34.0,30.0,219.6875,786.166667,72.763023,69.33818,3.0
2026-06-24T05:10:34.471316199Z,1000,per_hit,raw_percent_of_host,api-node1,api-node2,40,35,75,23.157895,24.242424,23.157895,48.484848,100.0,50.0,32.0,28.0,0.0,0.0,32.0,28.0,267.666667,450.567568,74.701669,74.039222,3.0
2026-06-24T05:10:35.471316967Z,1000,per_hit,raw_percent_of_host,api-node1,api-node2,35,40,75,35.353535,21.875,35.353535,43.75,100.0,50.0,25.0,37.0,0.0,0.0,25.0,37.0,268.571429,351.677419,75.00283,72.943807,3.0
2026-06-24T05:10:36.471316188Z,1000,per_hit,raw_percent_of_host,api-node1,api-node2,43,32,75,23.71134,23.275862,23.71134,46.551724,100.0,50.0,38.0,27.0,0.0,0.0,38.0,27.0,180.066667,585.142857,74.894696,63.508901,3.0
2026-06-24T05:10:37.471316281Z,1000,per_hit,raw_percent_of_host,api-node1,api-node2,37,38,75,32.291667,23.469388,32.291667,46.938776,100.0,50.0,28.0,35.0,0.0,0.0,28.0,35.0,308.829787,414.166667,73.85702,74.399139,3.0
2026-06-24T05:10:38.4713166Z,1000,per_hit,raw_percent_of_host,api-node1,api-node2,35,40,75,20.833333,25.0,20.833333,50.0,100.0,50.0,27.0,33.0,0.0,0.0,27.0,33.0,188.555556,633.119048,74.726768,72.147868,3.0
2026-06-24T05:10:39.471318105Z,1000,per_hit,raw_percent_of_host,api-node1,api-node2,37,37,74,22.916667,25.252525,22.916667,50.505051,100.0,50.0,29.0,31.0,0.0,0.0,29.0,31.0,224.085714,344.076923,72.216127,73.115842,3.0
2026-06-24T05:10:40.471316101Z,1000,per_hit,raw_percent_of_host,api-node1,api-node2,42,32,74,24.742268,25.0,24.742268,50.0,100.0,50.0,36.0,26.0,0.0,0.0,36.0,26.0,224.942857,658.027027,74.774569,60.032062,3.0
2026-06-24T05:10:41.47131811Z,1000,per_hit,raw_percent_of_host,api-node1,api-node2,44,30,74,32.989691,23.469388,32.989691,46.938776,100.0,50.0,37.0,27.0,0.0,0.0,37.0,27.0,304.651163,451.413793,73.217128,72.577593,3.0
2026-06-24T05:10:42.471316851Z,1000,per_hit,raw_percent_of_host,api-node1,api-node2,38,36,74,37.5,24.489796,37.5,48.979592,100.0,50.0,29.0,31.0,0.0,0.0,29.0,31.0,306.782609,448.53125,74.112646,73.862873,3.0
2026-06-24T05:10:43.471316049Z,1000,per_hit,raw_percent_of_host,api-node1,api-node2,35,38,73,32.291667,28.431373,32.291667,56.862745,100.0,50.0,32.0,31.0,0.0,0.0,32.0,31.0,314.59375,398.921053,75.887704,70.262392,3.0
2026-06-24T05:10:44.471315598Z,1000,per_hit,raw_percent_of_host,api-node1,api-node2,44,29,73,23.958333,23.469388,23.958333,46.938776,100.0,50.0,35.0,25.0,0.0,0.0,35.0,25.0,240.02439,542.428571,70.000078,72.095148,3.0
2026-06-24T05:10:45.471315624Z,1000,per_hit,raw_percent_of_host,api-node1,api-node2,45,27,72,38.14433,23.469388,38.14433,46.938776,100.0,50.0,38.0,23.0,0.0,0.0,38.0,23.0,255.261905,363.37931,75.630821,74.516904,3.0
2026-06-24T05:10:46.471319746Z,1000,per_hit,raw_percent_of_host,api-node1,api-node2,31,41,72,34.375,23.469388,34.375,46.938776,100.0,50.0,22.0,35.0,0.0,0.0,22.0,35.0,281.510638,356.758621,76.447493,74.00681,3.0
2026-06-24T05:10:47.471315804Z,1000,per_hit,raw_percent_of_host,api-node1,api-node2,35,36,71,25.510204,26.0,25.510204,52.0,100.0,50.0,28.0,31.0,0.0,0.0,28.0,31.0,251.310345,570.3,72.341598,70.357426,3.0
2026-06-24T05:10:48.471316637Z,1000,per_hit,raw_percent_of_host,api-node1,api-node2,41,30,71,32.291667,24.242424,32.291667,48.484848,100.0,50.0,33.0,25.0,0.0,0.0,33.0,25.0,257.805556,454.861111,75.667977,73.004648,3.0
2026-06-24T05:10:49.47131653Z,1000,per_hit,raw_percent_of_host,api-node1,api-node2,32,38,70,37.0,23.469388,37.0,46.938776,100.0,50.0,24.0,33.0,0.0,0.0,24.0,33.0,302.585366,350.266667,75.438272,75.383875,3.0
2026-06-24T05:10:50.471321371Z,1000,per_hit,raw_percent_of_host,api-node1,api-node2,42,28,70,14.285714,26.470588,14.285714,52.941176,100.0,50.0,34.0,22.0,0.0,0.0,34.0,22.0,152.4375,672.025641,77.336403,72.368405,3.0
2026-06-24T05:10:51.471318225Z,1000,per_hit,raw_percent_of_host,api-node1,api-node2,32,37,69,32.989691,15.151515,32.989691,30.30303,100.0,50.0,24.0,31.0,0.0,0.0,24.0,31.0,287.761905,252.892857,74.741504,72.608355,3.0
2026-06-24T05:10:52.471317238Z,1000,per_hit,raw_percent_of_host,api-node1,api-node2,29,39,68,22.44898,27.45098,22.44898,54.901961,100.0,50.0,22.0,31.0,0.0,0.0,22.0,31.0,188.387097,570.153846,74.753017,74.412796,3.0
2026-06-24T05:10:53.471316613Z,1000,per_hit,raw_percent_of_host,api-node1,api-node2,35,33,68,16.666667,26.470588,16.666667,52.941176,100.0,50.0,28.0,26.0,0.0,0.0,28.0,26.0,174.793103,554.815789,75.603487,71.023601,3.0
2026-06-24T05:10:54.471316219Z,1000,per_hit,raw_percent_of_host,api-node1,api-node2,33,34,67,25.0,24.242424,25.0,48.484848,100.0,50.0,27.0,28.0,0.0,0.0,27.0,28.0,241.676471,370.4375,71.302767,75.514555,3.0
2026-06-24T05:10:55.471316267Z,1000,per_hit,raw_percent_of_host,api-node1,api-node2,30,36,66,23.71134,25.0,23.71134,50.0,100.0,50.0,20.0,31.0,0.0,0.0,20.0,31.0,179.216216,468.606061,73.81557,70.902557,3.0
2026-06-24T05:10:56.471316771Z,1000,per_hit,raw_percent_of_host,api-node1,api-node2,31,34,65,24.742268,24.489796,24.742268,48.979592,100.0,50.0,22.0,28.0,0.0,0.0,22.0,28.0,209.482759,513.702703,74.509983,72.83158,3.0
2026-06-24T05:10:57.471315941Z,1000,per_hit,raw_percent_of_host,api-node1,api-node2,32,33,65,23.157895,25.742574,23.157895,51.485149,100.0,50.0,26.0,27.0,0.0,0.0,26.0,27.0,171.392857,369.5,75.042116,65.132455,3.0
2026-06-24T05:10:58.471316681Z,1000,per_hit,raw_percent_of_host,api-node1,api-node2,25,39,64,23.71134,23.71134,23.71134,47.42268,100.0,50.0,18.0,34.0,0.0,0.0,18.0,34.0,222.424242,388.25,72.767077,73.064712,3.0
2026-06-24T05:10:59.471316427Z,1000,per_hit,raw_percent_of_host,api-node1,api-node2,32,31,63,10.416667,25.0,10.416667,50.0,100.0,50.0,26.0,23.0,0.0,0.0,26.0,23.0,155.416667,525.119048,76.847003,62.787094,3.0
2026-06-24T05:11:00.471315059Z,1000,per_hit,raw_percent_of_host,api-node1,api-node2,41,21,62,23.71134,22.680412,23.71134,45.360825,100.0,50.0,30.0,16.0,0.0,0.0,30.0,16.0,182.054054,368.857143,74.897187,74.008222,3.0
2026-06-24T05:11:01.471315822Z,1000,per_hit,raw_percent_of_host,api-node1,api-node2,26,35,61,21.649485,12.5,21.649485,25.0,100.0,50.0,16.0,32.0,0.0,0.0,16.0,32.0,262.675,254.052632,72.387815,68.831443,3.0
2026-06-24T05:11:02.471316913Z,1000,per_hit,raw_percent_of_host,api-node1,api-node2,28,32,60,10.526316,26.0,10.526316,52.0,100.0,50.0,19.0,25.0,0.0,0.0,19.0,25.0,116.88,454.820513,77.573897,69.6091,3.0
2026-06-24T05:11:03.47131638Z,1000,per_hit,raw_percent_of_host,api-node1,api-node2,31,28,59,21.052632,24.489796,21.052632,48.979592,100.0,50.0,23.0,22.0,0.0,0.0,23.0,22.0,190.555556,336.483871,75.406838,76.863872,3.0
2026-06-24T05:11:04.471316083Z,1000,per_hit,raw_percent_of_host,api-node1,api-node2,31,27,58,24.742268,16.666667,24.742268,33.333333,100.0,50.0,20.0,26.0,0.0,0.0,20.0,26.0,173.852941,336.782609,71.931515,69.975256,3.0
2026-06-24T05:11:05.471317751Z,1000,per_hit,raw_percent_of_host,api-node1,api-node2,25,32,57,21.875,23.809524,21.875,47.619048,100.0,50.0,17.0,26.0,0.0,0.0,17.0,26.0,152.428571,365.65625,74.190432,74.216999,3.0
2026-06-24T05:11:06.471315647Z,1000,per_hit,raw_percent_of_host,api-node1,api-node2,24,32,56,13.541667,25.641026,13.541667,51.282051,100.0,50.0,17.0,25.0,0.0,0.0,17.0,25.0,130.208333,358.393939,76.971919,66.99891,3.0
2026-06-24T05:11:07.471319301Z,1000,per_hit,raw_percent_of_host,api-node1,api-node2,23,32,55,10.526316,23.71134,10.526316,47.42268,100.0,50.0,17.0,25.0,0.0,0.0,17.0,25.0,152.869565,357.875,76.820282,63.074398,3.0
2026-06-24T05:11:08.471316223Z,1000,per_hit,raw_percent_of_host,api-node1,api-node2,28,26,54,19.387755,20.0,19.387755,40.0,100.0,50.0,18.0,22.0,0.0,0.0,18.0,22.0,128.444444,352.482759,74.349614,72.537513,3.0
2026-06-24T05:11:09.471318232Z,1000,per_hit,raw_percent_of_host,api-node1,api-node2,29,24,53,20.408163,22.680412,20.408163,45.360825,100.0,50.0,19.0,21.0,0.0,0.0,19.0,21.0,134.5,337.52,75.031108,75.309605,3.0
2026-06-24T05:11:10.471315962Z,1000,per_hit,raw_percent_of_host,api-node1,api-node2,27,25,52,16.666667,19.191919,16.666667,38.383838,100.0,50.0,18.0,19.0,0.0,0.0,18.0,19.0,137.571429,329.851852,73.532372,72.875833,3.0
2026-06-24T05:11:11.471315623Z,1000,per_hit,raw_percent_of_host,api-node1,api-node2,29,22,51,19.587629,17.525773,19.587629,35.051546,100.0,50.0,19.0,17.0,0.0,0.0,19.0,17.0,125.857143,257.125,75.641762,73.893688,3.0
2026-06-24T05:11:12.471315329Z,1000,per_hit,raw_percent_of_host,api-node1,api-node2,31,19,50,19.587629,19.191919,19.587629,38.383838,100.0,50.0,24.0,12.0,0.0,0.0,24.0,12.0,147.0,270.375,75.853992,74.166067,3.0
2026-06-24T05:11:13.471315352Z,1000,per_hit,raw_percent_of_host,api-node1,api-node2,23,26,49,22.916667,8.163265,22.916667,16.326531,100.0,50.0,15.0,20.0,0.0,0.0,15.0,20.0,195.875,166.777778,74.655969,73.402538,3.0
2026-06-24T05:11:14.471315952Z,1000,per_hit,raw_percent_of_host,api-node1,api-node2,21,27,48,14.285714,15.0,14.285714,30.0,100.0,50.0,13.0,22.0,0.0,0.0,13.0,22.0,118.913043,307.08,76.26057,70.923623,3.0
2026-06-24T05:11:15.471318319Z,1000,per_hit,raw_percent_of_host,api-node1,api-node2,18,28,46,16.842105,18.367347,16.842105,36.734694,100.0,50.0,11.0,22.0,0.0,0.0,11.0,22.0,122.85,250.892857,76.728032,69.918766,3.0
2026-06-24T05:11:16.471317666Z,1000,per_hit,raw_percent_of_host,api-node1,api-node2,25,20,45,13.402062,10.25641,13.402062,20.512821,100.0,50.0,16.0,14.0,0.0,0.0,16.0,14.0,110.95,324.964286,75.743424,71.773404,3.0
2026-06-24T05:11:17.471315937Z,1000,per_hit,raw_percent_of_host,api-node1,api-node2,19,25,44,11.458333,14.141414,11.458333,28.282828,100.0,50.0,13.0,17.0,0.0,0.0,13.0,17.0,156.772727,214.681818,76.554171,70.124537,3.0
2026-06-24T05:11:18.471319148Z,1000,per_hit,raw_percent_of_host,api-node1,api-node2,25,18,43,15.789474,12.371134,15.789474,24.742268,100.0,50.0,14.0,14.0,0.0,0.0,14.0,14.0,109.958333,242.238095,76.076312,71.82522,3.0
2026-06-24T05:11:19.471317441Z,1000,per_hit,raw_percent_of_host,api-node1,api-node2,21,21,42,22.0,12.5,22.0,25.0,100.0,50.0,14.0,18.0,0.0,0.0,14.0,18.0,125.714286,170.941176,75.903277,68.393408,3.0
2026-06-24T05:11:20.471316543Z,1000,per_hit,raw_percent_of_host,api-node1,api-node2,17,24,41,6.25,13.265306,6.25,26.530612,100.0,50.0,9.0,20.0,0.0,0.0,9.0,20.0,100.045455,242.136364,77.388762,73.153166,3.0
2026-06-24T05:11:21.471318151Z,1000,per_hit,raw_percent_of_host,api-node1,api-node2,16,24,40,15.306122,19.0,15.306122,38.0,100.0,50.0,9.0,22.0,0.0,0.0,9.0,22.0,91.75,364.363636,77.88465,76.127924,3.0
2026-06-24T05:11:22.471320215Z,1000,per_hit,raw_percent_of_host,api-node1,api-node2,18,20,38,4.123711,23.469388,4.123711,46.938776,100.0,50.0,12.0,15.0,0.0,0.0,12.0,15.0,85.2,354.814815,79.219205,75.994315,3.0
2026-06-24T05:11:23.471320892Z,1000,per_hit,raw_percent_of_host,api-node1,api-node2,19,18,37,12.631579,13.402062,12.631579,26.804124,100.0,50.0,14.0,13.0,0.0,0.0,14.0,13.0,112.588235,223.4,77.339249,74.112126,3.0
2026-06-24T05:11:24.471317416Z,1000,per_hit,raw_percent_of_host,api-node1,api-node2,16,20,36,12.631579,12.371134,12.631579,24.742268,100.0,50.0,9.0,17.0,0.0,0.0,9.0,17.0,115.52381,231.6875,77.884322,72.587048,3.0
2026-06-24T05:11:25.471315428Z,1000,per_hit,raw_percent_of_host,api-node1,api-node2,23,12,35,12.631579,13.265306,12.631579,26.530612,100.0,50.0,17.0,10.0,0.0,0.0,17.0,10.0,97.933333,329.789474,77.887997,71.36277,3.0
2026-06-24T05:11:26.471318049Z,1000,per_hit,raw_percent_of_host,api-node1,api-node2,16,18,34,11.340206,11.458333,11.340206,22.916667,100.0,50.0,12.0,16.0,0.0,0.0,12.0,16.0,155.333333,204.5,77.595283,72.843624,3.0
2026-06-24T05:11:27.471315458Z,1000,per_hit,raw_percent_of_host,api-node1,api-node2,14,19,33,15.625,12.371134,15.625,24.742268,100.0,50.0,12.0,14.0,0.0,0.0,12.0,14.0,141.928571,220.857143,74.772849,74.054173,3.0
2026-06-24T05:11:28.471316286Z,1000,per_hit,raw_percent_of_host,api-node1,api-node2,19,13,32,10.526316,12.244898,10.526316,24.489796,100.0,50.0,12.0,13.0,0.0,0.0,12.0,13.0,90.210526,220.928571,77.731495,65.676647,3.0
2026-06-24T05:11:29.471317856Z,1000,per_hit,raw_percent_of_host,api-node1,api-node2,14,17,31,10.416667,11.458333,10.416667,22.916667,100.0,50.0,9.0,15.0,0.0,0.0,9.0,15.0,121.235294,211.066667,77.28239,74.254015,3.0
2026-06-24T05:11:30.471316084Z,1000,per_hit,raw_percent_of_host,api-node1,api-node2,13,17,30,10.416667,12.371134,10.416667,24.742268,100.0,50.0,8.0,13.0,0.0,0.0,8.0,13.0,108.357143,242.684211,77.605508,74.199844,3.0
2026-06-24T05:11:31.471315393Z,1000,per_hit,raw_percent_of_host,api-node1,api-node2,15,14,29,9.473684,13.265306,9.473684,26.530612,100.0,50.0,12.0,11.0,0.0,0.0,12.0,11.0,106.272727,205.25,77.552665,74.402554,3.0
2026-06-24T05:11:32.471317562Z,1000,per_hit,raw_percent_of_host,api-node1,api-node2,11,17,28,11.340206,11.458333,11.340206,22.916667,100.0,50.0,6.0,15.0,0.0,0.0,6.0,15.0,118.588235,247.307692,77.240645,73.892323,3.0
2026-06-24T05:11:33.47131723Z,1000,per_hit,raw_percent_of_host,api-node1,api-node2,14,13,27,10.416667,14.141414,10.416667,28.282828,100.0,50.0,8.0,11.0,0.0,0.0,8.0,11.0,88.166667,223.647059,77.744143,70.54332,3.0
2026-06-24T05:11:34.471317416Z,1000,per_hit,raw_percent_of_host,api-node1,api-node2,15,11,26,10.526316,11.458333,10.526316,22.916667,100.0,50.0,9.0,9.0,0.0,0.0,9.0,9.0,103.0,205.461538,78.055771,74.919566,3.0
2026-06-24T05:11:35.471315639Z,1000,per_hit,raw_percent_of_host,api-node1,api-node2,11,14,25,15.625,7.216495,15.625,14.43299,100.0,50.0,5.0,12.0,0.0,0.0,5.0,12.0,98.333333,195.454545,77.216023,76.201925,3.0
2026-06-24T05:11:36.471315757Z,1000,per_hit,raw_percent_of_host,api-node1,api-node2,11,13,24,11.340206,11.458333,11.340206,22.916667,100.0,50.0,7.0,11.0,0.0,0.0,7.0,11.0,80.777778,168.928571,78.123784,74.790873,3.0
2026-06-24T05:11:37.47131526Z,1000,per_hit,raw_percent_of_host,api-node1,api-node2,15,8,23,0.0,12.244898,0.0,24.489796,100.0,50.0,10.0,7.0,0.0,0.0,10.0,7.0,90.0,215.666667,81.486433,65.585905,3.0
2026-06-24T05:11:38.471317541Z,1000,per_hit,raw_percent_of_host,api-node1,api-node2,9,13,22,5.208333,6.25,5.208333,12.5,100.0,50.0,7.0,10.0,0.0,0.0,7.0,10.0,111.083333,144.3,77.025658,76.153551,3.0
2026-06-24T05:11:39.47131641Z,1000,per_hit,raw_percent_of_host,api-node1,api-node2,8,13,21,5.263158,6.25,5.263158,12.5,100.0,50.0,4.0,11.0,0.0,0.0,4.0,11.0,77.090909,151.083333,78.31959,76.013149,3.0
2026-06-24T05:11:40.471315231Z,1000,per_hit,raw_percent_of_host,api-node1,api-node2,9,11,20,0.0,13.265306,0.0,26.530612,100.0,50.0,6.0,8.0,0.0,0.0,6.0,8.0,82.571429,169.5,81.510926,74.045681,3.0
2026-06-24T05:11:41.471318393Z,1000,per_hit,raw_percent_of_host,api-node1,api-node2,10,9,19,10.526316,2.061856,10.526316,4.123711,100.0,50.0,6.0,8.0,0.0,0.0,6.0,8.0,86.1,147.777778,78.78895,78.199323,3.0
2026-06-24T05:11:42.471317499Z,1000,per_hit,raw_percent_of_host,api-node1,api-node2,12,7,19,0.0,6.25,0.0,12.5,100.0,50.0,8.0,6.0,0.0,0.0,8.0,6.0,78.1,165.666667,81.294822,74.407074,3.0
2026-06-24T05:11:43.471316758Z,1000,per_hit,raw_percent_of_host,api-node1,api-node2,9,9,18,1.030928,8.247423,1.030928,16.494845,100.0,50.0,5.0,6.0,0.0,0.0,5.0,6.0,82.666667,116.777778,80.861268,76.165103,3.0
2026-06-24T05:11:44.471315197Z,1000,per_hit,raw_percent_of_host,api-node1,api-node2,10,7,17,6.25,8.163265,6.25,16.326531,100.0,50.0,3.0,6.0,0.0,0.0,3.0,6.0,73.583333,140.0,78.288617,71.923218,3.0
2026-06-24T05:11:45.471315941Z,1000,per_hit,raw_percent_of_host,api-node1,api-node2,12,4,16,9.473684,3.061224,9.473684,6.122449,100.0,50.0,7.0,3.0,0.0,0.0,7.0,3.0,66.75,116.857143,78.283603,77.033384,3.0
2026-06-24T05:11:46.471315028Z,1000,per_hit,raw_percent_of_host,api-node1,api-node2,6,10,16,0.0,8.080808,0.0,16.161616,100.0,50.0,3.0,7.0,0.0,0.0,3.0,7.0,83.8,80.833333,81.157326,76.016254,3.0
2026-06-24T05:11:47.471315715Z,1000,per_hit,raw_percent_of_host,api-node1,api-node2,9,5,14,0.0,8.163265,0.0,16.326531,100.0,50.0,4.0,3.0,0.0,0.0,4.0,3.0,73.875,112.777778,81.591449,74.198633,3.0
2026-06-24T05:11:48.47131535Z,1000,per_hit,raw_percent_of_host,api-node1,api-node2,5,11,16,0.0,6.25,0.0,12.5,100.0,50.0,1.0,8.0,0.0,0.0,1.0,8.0,64.875,87.0,81.41575,77.670928,3.0
2026-06-24T05:11:49.471315846Z,1000,per_hit,raw_percent_of_host,api-node1,api-node2,6,8,14,0.0,6.25,0.0,12.5,100.0,50.0,3.0,4.0,0.0,0.0,3.0,4.0,52.75,144.0,82.252594,76.448302,3.0
2026-06-24T05:11:50.471315854Z,1000,per_hit,raw_percent_of_host,api-node1,api-node2,6,7,13,0.0,6.25,0.0,12.5,100.0,50.0,2.0,4.0,0.0,0.0,2.0,4.0,71.714286,111.0,81.227686,76.673511,3.0
2026-06-24T05:11:51.471315651Z,1000,per_hit,raw_percent_of_host,api-node1,api-node2,8,5,13,5.208333,3.061224,5.208333,6.122449,100.0,50.0,3.0,3.0,0.0,0.0,3.0,3.0,68.428571,96.833333,78.220677,77.51159,3.0
2026-06-24T05:11:52.471315663Z,1000,per_hit,raw_percent_of_host,api-node1,api-node2,9,4,13,0.0,10.0,0.0,20.0,100.0,50.0,4.0,2.0,0.0,0.0,4.0,2.0,77.25,89.4,80.577149,75.072743,3.0
2026-06-24T05:11:53.471316977Z,1000,per_hit,raw_percent_of_host,api-node1,api-node2,4,8,12,12.371134,2.0,12.371134,4.0,100.0,50.0,1.0,5.0,0.0,0.0,1.0,5.0,85.571429,72.6,78.173916,78.679702,3.0
2026-06-24T05:11:54.47131564Z,1000,per_hit,raw_percent_of_host,api-node1,api-node2,2,10,12,0.0,8.080808,0.0,16.161616,100.0,50.0,1.0,6.0,0.0,0.0,1.0,6.0,50.0,105.444444,82.124826,76.462848,3.0
2026-06-24T05:11:55.471315988Z,1000,per_hit,raw_percent_of_host,api-node1,api-node2,7,4,11,5.050505,4.040404,5.050505,8.080808,100.0,50.0,2.0,2.0,0.0,0.0,2.0,2.0,50.0,120.5,79.194532,76.404699,3.0
2026-06-24T05:11:56.471317079Z,1000,per_hit,raw_percent_of_host,api-node1,api-node2,3,8,11,6.0,0.0,6.0,0.0,100.0,50.0,2.0,5.0,0.0,0.0,2.0,5.0,63.0,66.6,78.658081,80.709164,3.0
2026-06-24T05:11:57.471316949Z,1000,per_hit,raw_percent_of_host,api-node1,api-node2,7,4,11,0.0,6.25,0.0,12.5,100.0,50.0,3.0,1.0,0.0,0.0,3.0,1.0,51.5,124.5,82.09207,76.701481,3.0
2026-06-24T05:11:58.471317291Z,1000,per_hit,raw_percent_of_host,api-node1,api-node2,5,6,11,1.041667,6.0,1.041667,12.0,100.0,50.0,1.0,3.0,0.0,0.0,1.0,3.0,75.571429,57.25,80.573442,77.249378,3.0
2026-06-24T05:11:59.471317163Z,1000,per_hit,raw_percent_of_host,api-node1,api-node2,6,4,10,1.041667,8.080808,1.041667,16.161616,100.0,50.0,2.0,1.0,0.0,0.0,2.0,1.0,60.0,80.0,80.414834,77.00948,3.0
2026-06-24T05:12:00.471321871Z,1000,per_hit,raw_percent_of_host,api-node1,api-node2,3,7,10,5.208333,1.0,5.208333,2.0,100.0,50.0,0.0,4.0,0.0,0.0,0.0,4.0,68.0,56.75,78.928059,80.159122,3.0
2026-06-24T05:12:01.471315286Z,1000,per_hit,raw_percent_of_host,api-node1,api-node2,5,5,10,1.0,6.185567,1.0,12.371134,100.0,50.0,1.0,3.0,0.0,0.0,1.0,3.0,50.0,99.5,81.518584,76.259656,3.0
2026-06-24T05:12:02.471316984Z,1000,per_hit,raw_percent_of_host,api-node1,api-node2,4,6,10,5.050505,5.940594,5.050505,11.881188,100.0,50.0,1.0,4.0,0.0,0.0,1.0,4.0,50.25,79.4,78.951842,76.490226,3.0
2026-06-24T05:12:03.471316981Z,1000,per_hit,raw_percent_of_host,api-node1,api-node2,5,5,10,0.0,6.315789,0.0,12.631579,100.0,50.0,3.0,2.0,0.0,0.0,3.0,2.0,50.0,96.428571,81.887809,75.945222,3.0
2026-06-24T05:12:04.47131676Z,1000,per_hit,raw_percent_of_host,api-node1,api-node2,1,9,10,1.010101,5.050505,1.010101,10.10101,100.0,50.0,0.0,5.0,0.0,0.0,0.0,5.0,60.25,66.5,80.876989,77.744485,3.0
2026-06-24T05:12:05.471315894Z,1000,per_hit,raw_percent_of_host,api-node1,api-node2,4,6,10,5.050505,3.030303,5.050505,6.060606,100.0,50.0,1.0,2.0,0.0,0.0,1.0,2.0,50.0,95.888889,79.646588,76.86581,3.0
2026-06-24T05:12:06.47131779Z,1000,per_hit,raw_percent_of_host,api-node1,api-node2,6,4,10,5.050505,4.040404,5.050505,8.080808,100.0,50.0,1.0,3.0,0.0,0.0,1.0,3.0,50.833333,82.666667,79.069199,76.64692,3.0
2026-06-24T05:12:07.471318589Z,1000,per_hit,raw_percent_of_host,api-node1,api-node2,4,6,10,6.25,5.940594,6.25,11.881188,100.0,50.0,0.0,4.0,0.0,0.0,0.0,4.0,57.8,94.0,78.572258,76.250346,3.0
2026-06-24T05:12:08.471315714Z,1000,per_hit,raw_percent_of_host,api-node1,api-node2,2,8,10,5.050505,3.061224,5.050505,6.122449,100.0,50.0,1.0,6.0,0.0,0.0,1.0,6.0,50.0,102.833333,79.06686,76.642413,3.0
2026-06-24T05:12:09.471315309Z,1000,per_hit,raw_percent_of_host,api-node1,api-node2,4,7,11,5.050505,6.25,5.050505,12.5,100.0,50.0,0.0,4.0,0.0,0.0,0.0,4.0,50.0,114.222222,79.334648,76.604458,3.0
2026-06-24T05:12:10.471317399Z,1000,per_hit,raw_percent_of_host,api-node1,api-node2,5,6,11,0.0,11.458333,0.0,22.916667,100.0,50.0,1.0,1.0,0.0,0.0,1.0,1.0,50.0,99.222222,81.437977,74.21513,3.0
2026-06-24T05:12:11.471315282Z,1000,per_hit,raw_percent_of_host,api-node1,api-node2,4,7,11,11.458333,0.0,11.458333,0.0,100.0,50.0,1.0,4.0,0.0,0.0,1.0,4.0,59.75,60.25,78.655927,80.528509,3.0
2026-06-24T05:12:12.471318458Z,1000,per_hit,raw_percent_of_host,api-node1,api-node2,6,5,11,5.050505,10.0,5.050505,20.0,100.0,50.0,2.0,2.0,0.0,0.0,2.0,2.0,50.0,85.428571,79.131053,76.91026,3.0
2026-06-24T05:12:13.471315937Z,1000,per_hit,raw_percent_of_host,api-node1,api-node2,6,6,12,10.526316,5.940594,10.526316,11.881188,100.0,50.0,1.0,3.0,0.0,0.0,1.0,3.0,55.285714,61.0,77.880518,76.622411,3.0
2026-06-24T05:12:14.471315294Z,1000,per_hit,raw_percent_of_host,api-node1,api-node2,5,7,12,11.0,10.0,11.0,20.0,100.0,50.0,1.0,3.0,0.0,0.0,1.0,3.0,50.0,75.714286,78.14598,75.307648,3.0
2026-06-24T05:12:15.471317927Z,1000,per_hit,raw_percent_of_host,api-node1,api-node2,7,6,13,16.0,10.0,16.0,20.0,100.0,50.0,2.0,3.0,0.0,0.0,2.0,3.0,50.0,80.166667,78.011637,74.815521,3.0
2026-06-24T05:12:16.471316804Z,1000,per_hit,raw_percent_of_host,api-node1,api-node2,6,7,13,0.0,15.0,0.0,30.0,100.0,50.0,1.0,3.0,0.0,0.0,1.0,3.0,52.857143,109.0,80.495597,71.106588,3.0
2026-06-24T05:12:17.471319114Z,1000,per_hit,raw_percent_of_host,api-node1,api-node2,7,7,14,5.050505,15.0,5.050505,30.0,100.0,50.0,2.0,2.0,0.0,0.0,2.0,2.0,54.333333,91.625,78.425555,74.402597,3.0
2026-06-24T05:12:18.471317713Z,1000,per_hit,raw_percent_of_host,api-node1,api-node2,7,7,14,10.10101,11.111111,10.10101,22.222222,100.0,50.0,3.0,2.0,0.0,0.0,3.0,2.0,63.333333,54.0,76.5207,76.40788,3.0
2026-06-24T05:12:19.471317509Z,1000,per_hit,raw_percent_of_host,api-node1,api-node2,11,4,15,16.666667,7.0,16.666667,14.0,100.0,50.0,3.0,1.0,0.0,0.0,3.0,1.0,60.727273,63.4,77.103222,76.314007,3.0
2026-06-24T05:12:20.471317959Z,1000,per_hit,raw_percent_of_host,api-node1,api-node2,11,4,15,11.458333,9.090909,11.458333,18.181818,100.0,50.0,2.0,2.0,0.0,0.0,2.0,2.0,67.166667,59.666667,75.988905,77.556024,3.0
2026-06-24T05:12:21.471315977Z,1000,per_hit,raw_percent_of_host,api-node1,api-node2,7,9,16,10.526316,11.22449,10.526316,22.44898,100.0,50.0,2.0,3.0,0.0,0.0,2.0,3.0,69.285714,66.375,75.700988,76.42622,3.0
2026-06-24T05:12:22.471315124Z,1000,per_hit,raw_percent_of_host,api-node1,api-node2,7,10,17,11.0,16.0,11.0,32.0,100.0,50.0,2.0,2.0,0.0,0.0,2.0,2.0,56.857143,95.727273,76.200796,73.311806,3.0
2026-06-24T05:12:23.471317763Z,1000,per_hit,raw_percent_of_host,api-node1,api-node2,5,12,17,11.578947,14.141414,11.578947,28.282828,100.0,50.0,0.0,4.0,0.0,0.0,0.0,4.0,66.0,86.2,76.634738,75.738113,3.0
2026-06-24T05:12:24.471315266Z,1000,per_hit,raw_percent_of_host,api-node1,api-node2,12,6,18,27.272727,12.244898,27.272727,24.489796,100.0,50.0,2.0,2.0,0.0,0.0,2.0,2.0,80.0,84.875,76.880859,73.500451,3.0
2026-06-24T05:12:25.471316393Z,1000,per_hit,raw_percent_of_host,api-node1,api-node2,14,5,19,21.0,12.0,21.0,24.0,100.0,50.0,2.0,3.0,0.0,0.0,2.0,3.0,88.642857,87.75,74.237667,75.937486,3.0
2026-06-24T05:12:26.471317691Z,1000,per_hit,raw_percent_of_host,api-node1,api-node2,11,9,20,17.708333,15.151515,17.708333,30.30303,100.0,50.0,2.0,2.0,0.0,0.0,2.0,2.0,57.727273,89.3,76.731406,76.751969,3.0
2026-06-24T05:12:27.471315259Z,1000,per_hit,raw_percent_of_host,api-node1,api-node2,9,12,21,22.0,12.121212,22.0,24.242424,100.0,50.0,1.0,6.0,0.0,0.0,1.0,6.0,78.9,83.5,74.008408,74.289182,3.0
2026-06-24T05:12:28.471317729Z,1000,per_hit,raw_percent_of_host,api-node1,api-node2,9,12,21,15.151515,17.525773,15.151515,35.051546,100.0,50.0,2.0,4.0,0.0,0.0,2.0,4.0,65.875,125.571429,77.691514,73.30712,3.0
2026-06-24T05:12:29.471315947Z,1000,per_hit,raw_percent_of_host,api-node1,api-node2,11,11,22,18.0,16.494845,18.0,32.989691,100.0,50.0,1.0,3.0,0.0,0.0,1.0,3.0,65.75,140.666667,75.425456,71.635005,3.0
2026-06-24T05:12:30.471317212Z,1000,per_hit,raw_percent_of_host,api-node1,api-node2,8,10,18,21.0,19.191919,21.0,38.383838,100.0,50.0,0.0,0.0,0.0,0.0,0.0,0.0,61.888889,110.461538,75.680592,72.279274,3.0
2026-06-24T05:12:31.471318544Z,1000,per_hit,raw_percent_of_host,api-node1,api-node2,17,12,29,30.612245,20.20202,30.612245,40.40404,100.0,50.0,2.0,3.0,0.0,0.0,2.0,3.0,93.066667,90.777778,76.684271,74.206424,3.0
2026-06-24T05:12:32.471315365Z,1000,per_hit,raw_percent_of_host,api-node1,api-node2,14,9,23,25.0,15.0,25.0,30.0,100.0,50.0,1.0,2.0,0.0,0.0,1.0,2.0,88.266667,105.3,74.842108,72.916211,3.0
2026-06-24T05:12:33.47131757Z,1000,per_hit,raw_percent_of_host,api-node1,api-node2,11,14,25,18.0,18.367347,18.0,36.734694,100.0,50.0,0.0,4.0,0.0,0.0,0.0,4.0,89.916667,113.583333,77.476082,75.164191,3.0
2026-06-24T05:12:34.471316069Z,1000,per_hit,raw_percent_of_host,api-node1,api-node2,13,13,26,26.804124,21.875,26.804124,43.75,100.0,50.0,3.0,0.0,0.0,0.0,3.0,0.0,65.5,161.588235,77.346303,76.034593,3.0
2026-06-24T05:12:35.471315461Z,1000,per_hit,raw_percent_of_host,api-node1,api-node2,19,13,32,32.989691,25.0,32.989691,50.0,100.0,50.0,3.0,0.0,0.0,0.0,3.0,0.0,96.684211,144.153846,74.819666,76.936907,3.0
2026-06-24T05:12:36.471319805Z,1000,per_hit,raw_percent_of_host,api-node1,api-node2,16,13,29,20.833333,16.161616,20.833333,32.323232,100.0,50.0,2.0,1.0,0.0,0.0,2.0,1.0,93.411765,152.916667,74.454128,78.139874,3.0
2026-06-24T05:12:37.471315897Z,1000,per_hit,raw_percent_of_host,api-node1,api-node2,17,9,26,36.458333,16.0,36.458333,32.0,100.0,50.0,1.0,2.0,0.0,0.0,1.0,2.0,125.277778,159.625,75.313829,74.953544,3.0
2026-06-24T05:12:38.471315308Z,1000,per_hit,raw_percent_of_host,api-node1,api-node2,20,12,32,31.683168,24.0,31.683168,48.0,100.0,50.0,2.0,1.0,0.0,0.0,2.0,1.0,133.789474,101.153846,75.533749,77.078862,3.0
2026-06-24T05:12:39.471316512Z,1000,per_hit,raw_percent_of_host,api-node1,api-node2,16,19,35,25.773196,26.732673,25.773196,53.465347,100.0,50.0,1.0,4.0,0.0,0.0,1.0,4.0,98.411765,163.1875,77.774298,75.532726,3.0
2026-06-24T05:12:40.471315405Z,1000,per_hit,raw_percent_of_host,api-node1,api-node2,20,13,33,31.313131,17.346939,31.313131,34.693878,100.0,50.0,0.0,3.0,0.0,0.0,0.0,3.0,132.380952,152.0,76.463333,73.050248,3.0
2026-06-24T05:12:41.471316685Z,1000,per_hit,raw_percent_of_host,api-node1,api-node2,18,16,34,26.262626,25.0,26.262626,50.0,100.0,50.0,1.0,5.0,0.0,0.0,1.0,5.0,113.117647,132.642857,76.566995,73.630659,3.0
2026-06-24T05:12:42.471315528Z,1000,per_hit,raw_percent_of_host,api-node1,api-node2,16,19,35,25.252525,22.916667,25.252525,45.833333,100.0,50.0,1.0,3.0,0.0,0.0,1.0,3.0,76.1875,199.095238,77.274279,70.848495,3.0
2026-06-24T05:12:43.471318208Z,1000,per_hit,raw_percent_of_host,api-node1,api-node2,16,21,37,26.262626,25.252525,26.262626,50.505051,100.0,50.0,0.0,3.0,0.0,0.0,0.0,3.0,103.411765,178.095238,75.70003,76.357125,3.0
2026-06-24T05:12:44.471316416Z,1000,per_hit,raw_percent_of_host,api-node1,api-node2,14,24,38,27.272727,22.0,27.272727,44.0,100.0,50.0,1.0,4.0,0.0,0.0,1.0,4.0,89.615385,222.73913,76.498951,73.764456,3.0
2026-06-24T05:12:45.47131707Z,1000,per_hit,raw_percent_of_host,api-node1,api-node2,24,15,39,40.40404,23.469388,40.40404,46.938776,100.0,50.0,1.0,2.0,0.0,0.0,1.0,2.0,123.333333,161.823529,76.508077,73.118349,3.0
2026-06-24T05:12:46.47131852Z,1000,per_hit,raw_percent_of_host,api-node1,api-node2,19,21,40,26.262626,23.300971,26.262626,46.601942,100.0,50.0,1.0,2.0,0.0,0.0,1.0,2.0,88.842105,265.285714,76.786427,74.232514,3.0
2026-06-24T05:12:47.471317642Z,1000,per_hit,raw_percent_of_host,api-node1,api-node2,16,25,41,20.20202,23.762376,20.20202,47.524752,100.0,50.0,2.0,1.0,0.0,0.0,2.0,1.0,87.466667,245.384615,75.755095,76.42807,3.0
2026-06-24T05:12:48.471316085Z,1000,per_hit,raw_percent_of_host,api-node1,api-node2,23,19,42,37.234043,21.212121,37.234043,42.424242,100.0,50.0,2.0,2.0,0.0,0.0,2.0,2.0,117.565217,211.277778,76.078346,72.540015,3.0
2026-06-24T05:12:49.471315407Z,1000,per_hit,raw_percent_of_host,api-node1,api-node2,19,24,43,21.875,23.762376,21.875,47.524752,100.0,50.0,2.0,3.0,0.0,0.0,2.0,3.0,89.947368,324.391304,73.534065,72.247722,3.0
2026-06-24T05:12:50.471315273Z,1000,per_hit,raw_percent_of_host,api-node1,api-node2,20,25,45,31.0,28.15534,31.0,56.31068,100.0,50.0,1.0,2.0,0.0,0.0,1.0,2.0,112.428571,247.538462,75.159714,71.590764,3.0
2026-06-24T05:12:51.471315675Z,1000,per_hit,raw_percent_of_host,api-node1,api-node2,26,20,46,37.0,24.271845,37.0,48.543689,100.0,50.0,1.0,2.0,0.0,0.0,1.0,2.0,137.807692,216.65,77.843108,77.28556,3.0
2026-06-24T05:12:52.471318709Z,1000,per_hit,raw_percent_of_host,api-node1,api-node2,19,28,47,31.0,23.762376,31.0,47.524752,100.0,50.0,2.0,1.0,0.0,0.0,2.0,1.0,100.833333,297.413793,74.360242,75.434516,3.0
2026-06-24T05:12:53.47131544Z,1000,per_hit,raw_percent_of_host,api-node1,api-node2,24,24,48,32.989691,23.0,32.989691,46.0,100.0,50.0,1.0,4.0,0.0,0.0,1.0,4.0,166.16,189.333333,74.109863,77.459405,3.0
2026-06-24T05:12:54.471315268Z,1000,per_hit,raw_percent_of_host,api-node1,api-node2,25,24,49,32.0,25.742574,32.0,51.485149,100.0,50.0,1.0,3.0,0.0,0.0,1.0,3.0,154.84,233.48,77.636187,75.208151,3.0
2026-06-24T05:12:55.471315874Z,1000,per_hit,raw_percent_of_host,api-node1,api-node2,26,24,50,36.363636,26.732673,36.363636,53.465347,100.0,50.0,2.0,2.0,0.0,0.0,2.0,2.0,143.92,226.64,76.834702,72.964016,3.0
2026-06-24T05:12:56.471315404Z,1000,per_hit,raw_percent_of_host,api-node1,api-node2,31,20,51,45.454545,17.346939,45.454545,34.693878,100.0,50.0,1.0,3.0,0.0,0.0,1.0,3.0,200.96875,176.631579,76.576045,77.205445,3.0
2026-06-24T05:12:57.471317423Z,1000,per_hit,raw_percent_of_host,api-node1,api-node2,28,24,52,32.0,26.732673,32.0,53.465347,100.0,50.0,1.0,2.0,0.0,0.0,1.0,2.0,149.821429,274.8,75.941159,74.472624,3.0
2026-06-24T05:12:58.471318164Z,1000,per_hit,raw_percent_of_host,api-node1,api-node2,29,24,53,30.30303,23.762376,30.30303,47.524752,100.0,50.0,3.0,1.0,0.0,0.0,3.0,1.0,168.148148,345.96,74.578945,73.488964,3.0
2026-06-24T05:12:59.471317417Z,1000,per_hit,raw_percent_of_host,api-node1,api-node2,30,24,54,42.708333,22.772277,42.708333,45.544554,100.0,50.0,2.0,2.0,0.0,0.0,2.0,2.0,153.354839,322.391304,75.947791,76.958425,3.0
2026-06-24T05:13:00.471315561Z,1000,per_hit,raw_percent_of_host,api-node1,api-node2,27,28,55,37.5,24.271845,37.5,48.543689,100.0,50.0,3.0,0.0,0.0,0.0,3.0,0.0,116.730769,360.033333,75.592687,71.814955,3.0
2026-06-24T05:13:01.471317962Z,1000,per_hit,raw_percent_of_host,api-node1,api-node2,25,32,57,38.14433,22.54902,38.14433,45.098039,100.0,50.0,2.0,4.0,0.0,0.0,2.0,4.0,137.769231,548.785714,75.742549,59.625873,3.0
2026-06-24T05:13:02.471318566Z,1000,per_hit,raw_percent_of_host,api-node1,api-node2,31,27,58,44.117647,21.782178,44.117647,43.564356,100.0,50.0,3.0,1.0,0.0,0.0,3.0,1.0,166.0,390.266667,75.876734,73.17832,3.0
2026-06-24T05:13:03.471315271Z,1000,per_hit,raw_percent_of_host,api-node1,api-node2,28,31,59,37.5,23.529412,37.5,47.058824,100.0,50.0,1.0,2.0,0.0,0.0,1.0,2.0,131.6,431.2,76.852152,76.559733,3.0
2026-06-24T05:13:04.47131544Z,1000,per_hit,raw_percent_of_host,api-node1,api-node2,34,26,60,38.834951,26.732673,38.834951,53.465347,100.0,50.0,2.0,1.0,0.0,0.0,2.0,1.0,206.878788,328.962963,73.909256,74.736447,3.0
2026-06-24T05:13:05.471319564Z,1000,per_hit,raw_percent_of_host,api-node1,api-node2,29,31,60,37.5,23.762376,37.5,47.524752,100.0,50.0,2.0,1.0,0.0,0.0,2.0,1.0,159.172414,403.451613,74.184846,77.750387,3.0
2026-06-24T05:13:06.47131534Z,1000,per_hit,raw_percent_of_host,api-node1,api-node2,30,31,61,47.368421,22.772277,47.368421,45.544554,100.0,50.0,0.0,4.0,0.0,0.0,0.0,4.0,163.4375,445.428571,76.424804,75.896714,3.0
2026-06-24T05:13:07.471315362Z,1000,per_hit,raw_percent_of_host,api-node1,api-node2,33,29,62,39.805825,26.732673,39.805825,53.465347,100.0,50.0,1.0,2.0,0.0,0.0,1.0,2.0,196.03125,315.870968,76.745086,72.931656,3.0
2026-06-24T05:13:08.471316006Z,1000,per_hit,raw_percent_of_host,api-node1,api-node2,26,37,63,38.541667,22.0,38.541667,44.0,100.0,50.0,2.0,4.0,0.0,0.0,2.0,4.0,166.92,593.8,75.292088,74.265329,3.0
2026-06-24T05:13:09.47131683Z,1000,per_hit,raw_percent_of_host,api-node1,api-node2,36,28,64,46.464646,27.45098,46.464646,54.901961,100.0,50.0,2.0,3.0,0.0,0.0,2.0,3.0,215.833333,356.827586,75.373867,73.902018,3.0
2026-06-24T05:13:10.471321874Z,1000,per_hit,raw_percent_of_host,api-node1,api-node2,27,38,65,40.40404,26.732673,40.40404,53.465347,100.0,50.0,2.0,2.0,0.0,0.0,2.0,2.0,164.037037,523.589744,74.756642,75.629542,3.0
2026-06-24T05:13:11.471317002Z,1000,per_hit,raw_percent_of_host,api-node1,api-node2,28,38,66,32.989691,24.0,32.989691,48.0,100.0,50.0,3.0,4.0,0.0,0.0,3.0,4.0,128.0,482.527778,75.220748,76.038277,3.0
2026-06-24T05:13:12.471315701Z,1000,per_hit,raw_percent_of_host,api-node1,api-node2,33,34,67,45.918367,26.732673,45.918367,53.465347,100.0,50.0,2.0,2.0,0.0,0.0,2.0,2.0,142.647059,611.944444,76.133637,73.793132,3.0
2026-06-24T05:13:13.471315428Z,1000,per_hit,raw_percent_of_host,api-node1,api-node2,34,33,67,46.0,24.0,46.0,48.0,100.0,50.0,2.0,2.0,0.0,0.0,2.0,2.0,157.470588,362.818182,76.040581,77.423862,3.0
2026-06-24T05:13:14.471318502Z,1000,per_hit,raw_percent_of_host,api-node1,api-node2,27,41,68,31.0,23.529412,31.0,47.058824,100.0,50.0,3.0,8.0,0.0,0.0,3.0,8.0,102.076923,559.285714,74.113664,75.655759,3.0
2026-06-24T05:13:15.471317624Z,1000,per_hit,raw_percent_of_host,api-node1,api-node2,34,35,69,41.0,25.252525,41.0,50.505051,100.0,50.0,2.0,3.0,0.0,0.0,2.0,3.0,201.628571,568.575,74.963004,72.303433,3.0
2026-06-24T05:13:16.471315453Z,1000,per_hit,raw_percent_of_host,api-node1,api-node2,41,28,69,44.230769,26.732673,44.230769,53.465347,100.0,50.0,1.0,3.0,0.0,0.0,1.0,3.0,251.619048,321.678571,73.537006,77.233238,3.0
2026-06-24T05:13:17.471315407Z,1000,per_hit,raw_percent_of_host,api-node1,api-node2,36,34,70,44.230769,27.45098,44.230769,54.901961,100.0,50.0,3.0,1.0,0.0,0.0,3.0,1.0,175.882353,393.861111,76.130518,74.628178,3.0
2026-06-24T05:13:18.471315584Z,1000,per_hit,raw_percent_of_host,api-node1,api-node2,31,40,71,41.0,23.762376,41.0,47.524752,100.0,50.0,1.0,4.0,0.0,0.0,1.0,4.0,245.424242,406.837838,74.424311,77.502211,3.0
2026-06-24T05:13:19.471325445Z,1000,per_hit,raw_percent_of_host,api-node1,api-node2,35,36,71,47.0,25.0,47.0,50.0,100.0,50.0,2.0,3.0,0.0,0.0,2.0,3.0,161.352941,579.702703,75.803874,75.009345,3.0
2026-06-24T05:13:20.471315786Z,1000,per_hit,raw_percent_of_host,api-node1,api-node2,40,32,72,38.834951,26.732673,38.834951,53.465347,100.0,50.0,2.0,1.0,0.0,0.0,2.0,1.0,209.1,458.205882,74.062085,75.852505,3.0
2026-06-24T05:13:21.471317133Z,1000,per_hit,raw_percent_of_host,api-node1,api-node2,31,41,72,40.40404,24.509804,40.40404,49.019608,100.0,50.0,2.0,13.0,0.0,0.0,2.0,13.0,207.258065,484.103448,74.579003,75.407432,3.0
2026-06-24T05:13:22.471315802Z,1000,per_hit,raw_percent_of_host,api-node1,api-node2,41,32,73,46.666667,25.742574,46.666667,51.485149,100.0,50.0,2.0,2.0,0.0,0.0,2.0,2.0,231.756098,484.72093,75.081333,73.934987,3.0
2026-06-24T05:13:23.471316218Z,1000,per_hit,raw_percent_of_host,api-node1,api-node2,33,40,73,41.584158,24.752475,41.584158,49.50495,100.0,50.0,2.0,5.0,0.0,0.0,2.0,5.0,240.30303,486.783784,75.327348,76.117031,3.0
2026-06-24T05:13:24.471316147Z,1000,per_hit,raw_percent_of_host,api-node1,api-node2,32,41,73,39.423077,25.252525,39.423077,50.505051,100.0,50.0,2.0,27.0,0.0,0.0,2.0,27.0,190.5625,449.210526,75.382211,71.43368,3.0
2026-06-24T05:13:25.471315982Z,1000,per_hit,raw_percent_of_host,api-node1,api-node2,47,27,74,40.40404,27.45098,40.40404,54.901961,100.0,50.0,2.0,1.0,0.0,0.0,2.0,1.0,273.425532,524.886792,76.089046,69.82588,3.0
2026-06-24T05:13:26.471316826Z,1000,per_hit,raw_percent_of_host,api-node1,api-node2,36,38,74,46.0,24.271845,46.0,48.543689,100.0,50.0,1.0,11.0,0.0,0.0,1.0,11.0,245.810811,400.071429,76.239776,75.260919,3.0
2026-06-24T05:13:27.471317412Z,1000,per_hit,raw_percent_of_host,api-node1,api-node2,40,34,74,38.834951,25.0,38.834951,50.0,100.0,50.0,3.0,0.0,0.0,0.0,3.0,0.0,236.736842,447.355556,74.953856,71.984202,3.0
2026-06-24T05:13:28.471316306Z,1000,per_hit,raw_percent_of_host,api-node1,api-node2,37,37,74,41.0,23.0,41.0,46.0,100.0,50.0,0.0,5.0,0.0,0.0,0.0,5.0,256.35,446.4375,75.295827,76.445911,3.0
2026-06-24T05:13:29.471316413Z,1000,per_hit,raw_percent_of_host,api-node1,api-node2,37,38,75,44.230769,25.742574,44.230769,51.485149,100.0,50.0,1.0,5.0,0.0,0.0,1.0,5.0,241.194444,471.105263,76.363984,72.410122,3.0
2026-06-24T05:13:30.471318467Z,1000,per_hit,raw_percent_of_host,api-node1,api-node2,42,33,75,45.0,26.732673,45.0,53.465347,100.0,50.0,1.0,5.0,0.0,0.0,1.0,5.0,298.238095,422.212121,75.147623,73.823928,3.0
2026-06-24T05:13:31.471315263Z,1000,per_hit,raw_percent_of_host,api-node1,api-node2,44,31,75,38.834951,25.0,38.834951,50.0,100.0,50.0,3.0,1.0,0.0,0.0,3.0,1.0,245.857143,415.285714,74.399902,70.705335,3.0
2026-06-24T05:13:32.471316942Z,1000,per_hit,raw_percent_of_host,api-node1,api-node2,36,39,75,45.918367,22.772277,45.918367,45.544554,100.0,50.0,2.0,4.0,0.0,0.0,2.0,4.0,204.432432,486.472222,76.999152,74.897163,3.0
2026-06-24T05:13:33.47131638Z,1000,per_hit,raw_percent_of_host,api-node1,api-node2,34,41,75,41.584158,23.762376,41.584158,47.524752,100.0,50.0,1.0,7.0,0.0,0.0,1.0,7.0,234.8,506.526316,71.850448,76.360866,3.0
2026-06-24T05:13:34.471317663Z,1000,per_hit,raw_percent_of_host,api-node1,api-node2,29,46,75,39.423077,25.252525,39.423077,50.505051,100.0,50.0,1.0,6.0,0.0,0.0,1.0,6.0,181.37931,541.914894,76.554517,71.439099,3.0
2026-06-24T05:13:35.471315506Z,1000,per_hit,raw_percent_of_host,api-node1,api-node2,45,30,75,44.660194,26.732673,44.660194,53.465347,100.0,50.0,2.0,2.0,0.0,0.0,2.0,2.0,274.522727,360.205882,77.02281,73.4951,3.0
2026-06-24T05:13:36.471317311Z,1000,per_hit,raw_percent_of_host,api-node1,api-node2,34,41,75,45.454545,22.54902,45.454545,45.098039,100.0,50.0,2.0,16.0,0.0,0.0,2.0,16.0,193.529412,591.851852,77.323104,76.23804,3.0
2026-06-24T05:13:37.471316063Z,1000,per_hit,raw_percent_of_host,api-node1,api-node2,41,34,75,45.918367,24.0,45.918367,48.0,100.0,50.0,3.0,1.0,0.0,0.0,3.0,1.0,187.925,584.040816,75.872333,68.97586,3.0
2026-06-24T05:13:38.471317579Z,1000,per_hit,raw_percent_of_host,api-node1,api-node2,42,29,71,46.464646,23.404255,46.464646,46.808511,100.0,50.0,3.0,1.0,0.0,0.0,3.0,1.0,236.309524,400.62069,76.620421,76.279718,3.0
2026-06-24T05:13:39.471317951Z,1000,per_hit,raw_percent_of_host,api-node1,api-node2,33,43,76,40.40404,22.772277,40.40404,45.544554,100.0,50.0,0.0,33.0,0.0,0.0,0.0,33.0,170.638889,179.545455,74.929989,76.902739,3.0
2026-06-24T05:13:40.47131767Z,1000,per_hit,raw_percent_of_host,api-node1,api-node2,46,26,72,37.623762,24.489796,37.623762,48.979592,100.0,50.0,2.0,1.0,0.0,0.0,2.0,1.0,340.75,523.37931,74.705961,62.284052,3.0
2026-06-24T05:13:41.471317754Z,1000,per_hit,raw_percent_of_host,api-node1,api-node2,40,34,74,35.353535,27.884615,35.353535,55.769231,100.0,50.0,2.0,0.0,0.0,0.0,2.0,0.0,227.825,383.885714,75.833193,73.523189,3.0
2026-06-24T05:13:42.471315797Z,1000,per_hit,raw_percent_of_host,api-node1,api-node2,38,34,72,34.313725,27.722772,34.313725,55.445545,100.0,50.0,0.0,2.0,0.0,0.0,0.0,2.0,219.875,474.625,76.279641,71.840673,3.0
2026-06-24T05:13:43.471315828Z,1000,per_hit,raw_percent_of_host,api-node1,api-node2,48,32,80,47.058824,15.306122,47.058824,30.612245,100.0,50.0,3.0,19.0,0.0,0.0,3.0,19.0,198.355556,398.066667,74.762736,70.207911,3.0
2026-06-24T05:13:44.471315498Z,1000,per_hit,raw_percent_of_host,api-node1,api-node2,38,35,73,40.40404,27.184466,40.40404,54.368932,100.0,50.0,1.0,3.0,0.0,0.0,1.0,3.0,218.625,511.784314,77.234741,72.941035,3.0
2026-06-24T05:13:45.471317668Z,1000,per_hit,raw_percent_of_host,api-node1,api-node2,36,37,73,42.718447,26.732673,42.718447,53.465347,100.0,50.0,2.0,2.0,0.0,0.0,2.0,2.0,196.085714,510.105263,78.164413,75.381018,3.0
2026-06-24T05:13:46.471315663Z,1000,per_hit,raw_percent_of_host,api-node1,api-node2,33,39,72,41.584158,22.772277,41.584158,45.544554,100.0,50.0,3.0,3.0,0.0,0.0,3.0,3.0,186.90625,530.184211,76.185179,76.006116,3.0
2026-06-24T05:13:47.471315769Z,1000,per_hit,raw_percent_of_host,api-node1,api-node2,37,35,72,45.454545,23.529412,45.454545,47.058824,100.0,50.0,2.0,2.0,0.0,0.0,2.0,2.0,188.184211,473.694444,75.513393,74.310622,3.0
2026-06-24T05:13:48.471316306Z,1000,per_hit,raw_percent_of_host,api-node1,api-node2,48,23,71,45.454545,23.300971,45.454545,46.601942,100.0,50.0,1.0,3.0,0.0,0.0,1.0,3.0,308.244898,256.181818,74.508914,75.998227,3.0
2026-06-24T05:13:49.471316354Z,1000,per_hit,raw_percent_of_host,api-node1,api-node2,34,37,71,45.192308,26.470588,45.192308,52.941176,100.0,50.0,0.0,16.0,0.0,0.0,0.0,16.0,227.142857,523.666667,76.073626,69.588403,3.0
2026-06-24T05:13:50.471315998Z,1000,per_hit,raw_percent_of_host,api-node1,api-node2,39,31,70,44.761905,25.252525,44.761905,50.505051,100.0,50.0,1.0,3.0,0.0,0.0,1.0,3.0,245.552632,430.522727,73.824877,74.80649,3.0
2026-06-24T05:13:51.471315905Z,1000,per_hit,raw_percent_of_host,api-node1,api-node2,29,41,70,39.805825,25.252525,39.805825,50.505051,100.0,50.0,3.0,8.0,0.0,0.0,3.0,8.0,176.481481,511.027778,75.18005,72.840084,3.0
2026-06-24T05:13:52.471315596Z,1000,per_hit,raw_percent_of_host,api-node1,api-node2,29,40,69,42.268041,26.0,42.268041,52.0,100.0,50.0,3.0,6.0,0.0,0.0,3.0,6.0,131.068966,533.714286,73.79089,65.477471,3.0
2026-06-24T05:13:53.471315375Z,1000,per_hit,raw_percent_of_host,api-node1,api-node2,36,32,68,47.0,20.792079,47.0,41.584158,100.0,50.0,3.0,0.0,0.0,0.0,3.0,0.0,168.527778,444.368421,75.849813,74.594839,3.0
2026-06-24T05:13:54.471315471Z,1000,per_hit,raw_percent_of_host,api-node1,api-node2,29,38,67,44.0,22.0,44.0,44.0,100.0,50.0,2.0,2.0,0.0,0.0,2.0,2.0,229.133333,431.0,75.842349,77.458391,3.0
2026-06-24T05:13:55.471315466Z,1000,per_hit,raw_percent_of_host,api-node1,api-node2,28,39,67,33.333333,28.15534,33.333333,56.31068,100.0,50.0,3.0,4.0,0.0,0.0,3.0,4.0,126.703704,480.621622,74.622845,74.984851,3.0
2026-06-24T05:13:56.471317051Z,1000,per_hit,raw_percent_of_host,api-node1,api-node2,33,33,66,45.454545,25.252525,45.454545,50.505051,100.0,50.0,0.0,4.0,0.0,0.0,0.0,4.0,157.25,423.757576,76.251966,70.740116,3.0
2026-06-24T05:13:57.471315549Z,1000,per_hit,raw_percent_of_host,api-node1,api-node2,28,37,65,40.0,26.732673,40.0,53.465347,100.0,50.0,2.0,3.0,0.0,0.0,2.0,3.0,157.884615,358.552632,75.735857,70.966231,3.0
2026-06-24T05:13:58.471318025Z,1000,per_hit,raw_percent_of_host,api-node1,api-node2,29,35,64,47.368421,24.752475,47.368421,49.50495,100.0,50.0,0.0,4.0,0.0,0.0,0.0,4.0,143.290323,481.941176,75.62291,68.91024,3.0
2026-06-24T05:13:59.471316061Z,1000,per_hit,raw_percent_of_host,api-node1,api-node2,34,29,63,40.952381,25.252525,40.952381,50.505051,100.0,50.0,1.0,4.0,0.0,0.0,1.0,4.0,203.878788,286.827586,76.281262,71.349606,3.0
2026-06-24T05:14:00.471315977Z,1000,per_hit,raw_percent_of_host,api-node1,api-node2,37,26,63,38.834951,25.252525,38.834951,50.505051,100.0,50.0,3.0,2.0,0.0,0.0,3.0,2.0,211.657143,295.0,77.363573,70.696928,3.0
2026-06-24T05:14:01.471316407Z,1000,per_hit,raw_percent_of_host,api-node1,api-node2,35,27,62,41.0,24.539877,41.0,49.079755,100.0,50.0,3.0,1.0,0.0,0.0,3.0,1.0,137.628571,275.857143,72.127686,77.007871,3.0
2026-06-24T05:14:02.471316295Z,1000,per_hit,raw_percent_of_host,api-node1,api-node2,35,26,61,41.0,25.242718,41.0,50.485437,100.0,50.0,1.0,4.0,0.0,0.0,1.0,4.0,184.135135,201.130435,73.606376,76.48006,3.0
2026-06-24T05:14:03.471318751Z,1000,per_hit,raw_percent_of_host,api-node1,api-node2,31,29,60,41.0,26.262626,41.0,52.525253,100.0,50.0,0.0,4.0,0.0,0.0,0.0,4.0,175.53125,314.034483,76.148691,76.733811,3.0
2026-06-24T05:14:04.471315911Z,1000,per_hit,raw_percent_of_host,api-node1,api-node2,29,25,54,38.834951,28.04878,38.834951,56.097561,100.0,50.0,1.0,1.0,0.0,0.0,1.0,1.0,220.214286,232.5,77.395135,73.561123,3.0
2026-06-24T05:14:05.471317695Z,1000,per_hit,raw_percent_of_host,api-node1,api-node2,28,35,63,46.601942,18.811881,46.601942,37.623762,100.0,50.0,2.0,10.0,0.0,0.0,2.0,10.0,139.0,326.153846,75.374254,72.349449,3.0
2026-06-24T05:14:06.471317374Z,1000,per_hit,raw_percent_of_host,api-node1,api-node2,33,24,57,44.230769,26.0,44.230769,52.0,100.0,50.0,2.0,2.0,0.0,0.0,2.0,2.0,160.939394,342.9375,76.00525,53.408236,3.0
2026-06-24T05:14:07.471315703Z,1000,per_hit,raw_percent_of_host,api-node1,api-node2,28,28,56,36.842105,22.772277,36.842105,45.544554,100.0,50.0,2.0,3.0,0.0,0.0,2.0,3.0,116.642857,287.333333,75.41918,77.752651,3.0
2026-06-24T05:14:08.471317981Z,1000,per_hit,raw_percent_of_host,api-node1,api-node2,29,26,55,40.384615,27.45098,40.384615,54.901961,100.0,50.0,1.0,3.0,0.0,0.0,1.0,3.0,178.133333,363.307692,76.720562,77.462909,3.0
2026-06-24T05:14:09.471324514Z,1000,per_hit,raw_percent_of_host,api-node1,api-node2,24,30,54,39.0,28.431373,39.0,56.862745,100.0,50.0,2.0,3.0,0.0,0.0,2.0,3.0,127.217391,305.633333,75.803803,75.202227,3.0
2026-06-24T05:14:10.471317924Z,1000,per_hit,raw_percent_of_host,api-node1,api-node2,28,25,53,36.0,26.470588,36.0,52.941176,100.0,50.0,1.0,3.0,0.0,0.0,1.0,3.0,155.137931,292.36,74.929063,78.347456,3.0
2026-06-24T05:14:11.471315289Z,1000,per_hit,raw_percent_of_host,api-node1,api-node2,30,22,52,39.805825,27.45098,39.805825,54.901961,100.0,50.0,2.0,2.0,0.0,0.0,2.0,2.0,155.172414,251.869565,76.340223,73.797441,3.0
2026-06-24T05:14:12.471318756Z,1000,per_hit,raw_percent_of_host,api-node1,api-node2,26,24,50,35.714286,22.772277,35.714286,45.544554,100.0,50.0,2.0,2.0,0.0,0.0,2.0,2.0,133.5,313.0,75.923965,76.730427,3.0
2026-06-24T05:14:13.471317896Z,1000,per_hit,raw_percent_of_host,api-node1,api-node2,25,24,49,31.683168,24.752475,31.683168,49.50495,100.0,50.0,1.0,2.0,0.0,0.0,1.0,2.0,106.307692,209.833333,74.435675,77.979108,3.0
2026-06-24T05:14:14.471315628Z,1000,per_hit,raw_percent_of_host,api-node1,api-node2,24,24,48,43.68932,23.529412,43.68932,47.058824,100.0,50.0,1.0,4.0,0.0,0.0,1.0,4.0,163.041667,212.0,74.882619,78.344452,3.0
2026-06-24T05:14:15.471315545Z,1000,per_hit,raw_percent_of_host,api-node1,api-node2,21,26,47,36.0,23.762376,36.0,47.524752,100.0,50.0,4.0,2.0,0.0,0.0,4.0,2.0,104.222222,306.5,78.299474,68.23097,3.0
2026-06-24T05:14:16.471315535Z,1000,per_hit,raw_percent_of_host,api-node1,api-node2,26,20,46,36.0,19.607843,36.0,39.215686,100.0,50.0,2.0,2.0,0.0,0.0,2.0,2.0,146.392857,283.35,76.8912,77.598496,3.0
2026-06-24T05:14:17.471315875Z,1000,per_hit,raw_percent_of_host,api-node1,api-node2,31,14,45,47.0,20.20202,47.0,40.40404,100.0,50.0,0.0,3.0,0.0,0.0,0.0,3.0,134.727273,116.384615,76.359732,76.327829,3.0
2026-06-24T05:14:18.471316242Z,1000,per_hit,raw_percent_of_host,api-node1,api-node2,26,18,44,41.414141,25.252525,41.414141,50.505051,100.0,50.0,1.0,3.0,0.0,0.0,1.0,3.0,126.32,170.055556,75.757248,73.29883,3.0
2026-06-24T05:14:19.47131584Z,1000,per_hit,raw_percent_of_host,api-node1,api-node2,17,26,43,31.683168,27.184466,31.683168,54.368932,100.0,50.0,1.0,2.0,0.0,0.0,1.0,2.0,97.235294,272.62963,75.617174,75.551952,3.0
2026-06-24T05:14:20.471315804Z,1000,per_hit,raw_percent_of_host,api-node1,api-node2,13,28,41,36.0,23.529412,36.0,47.058824,100.0,50.0,1.0,4.0,0.0,0.0,1.0,4.0,74.461538,380.730769,75.757914,76.002486,3.0
2026-06-24T05:14:21.471318085Z,1000,per_hit,raw_percent_of_host,api-node1,api-node2,16,24,40,27.368421,26.0,27.368421,52.0,100.0,50.0,0.0,3.0,0.0,0.0,0.0,3.0,74.411765,238.8,75.425576,74.284449,3.0
2026-06-24T05:14:22.471315399Z,1000,per_hit,raw_percent_of_host,api-node1,api-node2,24,15,39,37.0,25.252525,37.0,50.505051,100.0,50.0,2.0,2.0,0.0,0.0,2.0,2.0,109.454545,142.5625,75.460756,76.488504,3.0
2026-06-24T05:14:23.471317768Z,1000,per_hit,raw_percent_of_host,api-node1,api-node2,16,22,38,30.612245,23.300971,30.612245,46.601942,100.0,50.0,1.0,2.0,0.0,0.0,1.0,2.0,75.176471,215.772727,76.907237,76.725873,3.0
2026-06-24T05:14:24.471317011Z,1000,per_hit,raw_percent_of_host,api-node1,api-node2,17,20,37,31.683168,21.428571,31.683168,42.857143,100.0,50.0,2.0,2.0,0.0,0.0,2.0,2.0,92.0,180.8,73.97291,78.370796,3.0
2026-06-24T05:14:25.471316029Z,1000,per_hit,raw_percent_of_host,api-node1,api-node2,21,15,36,35.714286,17.171717,35.714286,34.343434,100.0,50.0,1.0,2.0,0.0,0.0,1.0,2.0,102.772727,131.266667,75.998562,76.611641,3.0
2026-06-24T05:14:26.471317935Z,1000,per_hit,raw_percent_of_host,api-node1,api-node2,22,13,35,36.0,16.161616,36.0,32.323232,100.0,50.0,3.0,0.0,0.0,0.0,3.0,0.0,95.0,159.733333,75.61474,77.250083,3.0
2026-06-24T05:14:27.47131537Z,1000,per_hit,raw_percent_of_host,api-node1,api-node2,18,16,34,37.5,19.0,37.5,38.0,100.0,50.0,0.0,4.0,0.0,0.0,0.0,4.0,94.619048,144.833333,75.957565,76.44097,3.0
2026-06-24T05:14:28.471317421Z,1000,per_hit,raw_percent_of_host,api-node1,api-node2,18,14,32,35.353535,18.367347,35.353535,36.734694,100.0,50.0,1.0,4.0,0.0,0.0,1.0,4.0,122.352941,94.5,73.323423,72.967909,3.0
2026-06-24T05:14:29.471317946Z,1000,per_hit,raw_percent_of_host,api-node1,api-node2,17,14,31,37.0,21.649485,37.0,43.298969,100.0,50.0,1.0,4.0,0.0,0.0,1.0,4.0,87.941176,122.428571,78.250933,75.70436,3.0
2026-06-24T05:14:30.471315807Z,1000,per_hit,raw_percent_of_host,api-node1,api-node2,16,14,30,30.0,24.242424,30.0,48.484848,100.0,50.0,3.0,1.0,0.0,0.0,3.0,1.0,86.071429,132.764706,75.754608,75.387299,3.0
2026-06-24T05:14:31.47131553Z,1000,per_hit,raw_percent_of_host,api-node1,api-node2,16,13,29,22.105263,22.222222,22.105263,44.444444,100.0,50.0,2.0,1.0,0.0,0.0,2.0,1.0,77.529412,128.307692,74.823537,75.937338,3.0
2026-06-24T05:14:32.471315166Z,1000,per_hit,raw_percent_of_host,api-node1,api-node2,16,12,28,25.0,10.10101,25.0,20.20202,100.0,50.0,1.0,4.0,0.0,0.0,1.0,4.0,78.0,80.111111,76.160123,74.740413,3.0
2026-06-24T05:14:33.471324243Z,1000,per_hit,raw_percent_of_host,api-node1,api-node2,18,9,27,36.0,11.578947,36.0,23.157895,100.0,50.0,3.0,1.0,0.0,0.0,3.0,1.0,87.0625,116.416667,75.347733,71.625859,3.0
2026-06-24T05:14:34.471317011Z,1000,per_hit,raw_percent_of_host,api-node1,api-node2,12,14,26,27.083333,18.811881,27.083333,37.623762,100.0,50.0,0.0,3.0,0.0,0.0,0.0,3.0,64.466667,148.5,75.771468,76.315462,3.0
2026-06-24T05:14:35.471319014Z,1000,per_hit,raw_percent_of_host,api-node1,api-node2,9,16,25,20.20202,19.191919,20.20202,38.383838,100.0,50.0,1.0,2.0,0.0,0.0,1.0,2.0,63.75,101.294118,74.876343,76.533903,3.0
2026-06-24T05:14:36.471321308Z,1000,per_hit,raw_percent_of_host,api-node1,api-node2,14,10,24,28.0,21.782178,28.0,43.564356,100.0,50.0,4.0,0.0,0.0,0.0,4.0,0.0,60.454545,95.5,77.026993,77.683319,3.0
2026-06-24T05:14:37.471315378Z,1000,per_hit,raw_percent_of_host,api-node1,api-node2,9,10,19,26.041667,16.0,26.041667,32.0,100.0,50.0,1.0,2.0,0.0,0.0,1.0,2.0,73.583333,125.75,75.560697,74.70149,3.0
2026-06-24T05:14:38.471318497Z,1000,per_hit,raw_percent_of_host,api-node1,api-node2,12,9,21,29.591837,18.367347,29.591837,36.734694,100.0,50.0,0.0,2.0,0.0,0.0,0.0,2.0,66.615385,117.222222,77.16826,73.252054,3.0
2026-06-24T05:14:39.471315349Z,1000,per_hit,raw_percent_of_host,api-node1,api-node2,12,9,21,36.363636,20.0,36.363636,40.0,100.0,50.0,0.0,1.0,0.0,0.0,0.0,1.0,58.083333,93.1,77.961261,72.694976,3.0
2026-06-24T05:14:40.471316843Z,1000,per_hit,raw_percent_of_host,api-node1,api-node2,12,10,22,35.294118,25.252525,35.294118,50.505051,100.0,50.0,1.0,1.0,0.0,0.0,1.0,1.0,76.0,91.8,77.436094,75.937171,3.0
2026-06-24T05:14:41.471316624Z,1000,per_hit,raw_percent_of_host,api-node1,api-node2,9,11,20,39.0,22.0,39.0,44.0,100.0,50.0,0.0,2.0,0.0,0.0,0.0,2.0,66.0,79.7,78.201781,75.235761,3.0
2026-06-24T05:14:42.471315669Z,1000,per_hit,raw_percent_of_host,api-node1,api-node2,11,6,17,37.373737,18.75,37.373737,37.5,100.0,50.0,0.0,0.0,0.0,0.0,0.0,0.0,65.727273,96.375,78.199783,76.257523,3.0
2026-06-24T05:14:43.471317822Z,1000,per_hit,raw_percent_of_host,api-node1,api-node2,17,8,25,32.323232,17.171717,32.323232,34.343434,100.0,50.0,3.0,1.0,0.0,0.0,3.0,1.0,72.214286,67.0,77.141546,77.747775,3.0
2026-06-24T05:14:44.471318993Z,1000,per_hit,raw_percent_of_host,api-node1,api-node2,9,9,18,15.789474,11.111111,15.789474,22.222222,100.0,50.0,2.0,2.0,0.0,0.0,2.0,2.0,62.6,99.0,77.180057,74.938836,3.0
2026-06-24T05:14:45.471317165Z,1000,per_hit,raw_percent_of_host,api-node1,api-node2,13,4,17,34.343434,1.0,34.343434,2.0,100.0,50.0,2.0,2.0,0.0,0.0,2.0,2.0,70.615385,56.0,76.274252,78.973894,3.0
2026-06-24T05:14:46.471315665Z,1000,per_hit,raw_percent_of_host,api-node1,api-node2,7,9,16,5.208333,11.111111,5.208333,22.222222,100.0,50.0,3.0,3.0,0.0,0.0,3.0,3.0,65.0,105.75,77.463555,74.56245,3.0
2026-06-24T05:14:47.471318069Z,1000,per_hit,raw_percent_of_host,api-node1,api-node2,10,6,16,14.736842,11.0,14.736842,22.0,100.0,50.0,2.0,2.0,0.0,0.0,2.0,2.0,61.727273,81.428571,76.450454,76.026181,3.0
2026-06-24T05:14:48.471315309Z,1000,per_hit,raw_percent_of_host,api-node1,api-node2,8,7,15,5.263158,15.151515,5.263158,30.30303,100.0,50.0,1.0,2.0,0.0,0.0,1.0,2.0,59.111111,74.428571,77.388113,73.940888,3.0
2026-06-24T05:14:49.471315213Z,1000,per_hit,raw_percent_of_host,api-node1,api-node2,9,5,14,15.151515,10.10101,15.151515,20.20202,100.0,50.0,2.0,2.0,0.0,0.0,2.0,2.0,56.25,73.2,78.103032,76.63525,3.0
2026-06-24T05:14:50.471315234Z,1000,per_hit,raw_percent_of_host,api-node1,api-node2,7,7,14,6.930693,9.0,6.930693,18.0,100.0,50.0,3.0,2.0,0.0,0.0,3.0,2.0,56.333333,57.571429,78.000946,76.419415,3.0
2026-06-24T05:14:51.471317303Z,1000,per_hit,raw_percent_of_host,api-node1,api-node2,6,7,13,6.25,11.111111,6.25,22.222222,100.0,50.0,1.0,3.0,0.0,0.0,1.0,3.0,67.25,61.5,77.261149,76.606206,3.0
2026-06-24T05:14:52.471316078Z,1000,per_hit,raw_percent_of_host,api-node1,api-node2,2,10,12,0.0,15.841584,0.0,31.683168,100.0,50.0,2.0,3.0,0.0,0.0,2.0,3.0,50.0,67.5,80.277293,76.966174,3.0
2026-06-24T05:14:53.471317094Z,1000,per_hit,raw_percent_of_host,api-node1,api-node2,4,8,12,5.263158,15.0,5.263158,30.0,100.0,50.0,1.0,2.0,0.0,0.0,1.0,2.0,57.4,78.222222,79.05624,76.991911,3.0
2026-06-24T05:14:54.471316701Z,1000,per_hit,raw_percent_of_host,api-node1,api-node2,5,7,12,5.050505,6.0,5.050505,12.0,100.0,50.0,0.0,3.0,0.0,0.0,0.0,3.0,50.0,55.166667,78.732613,77.578965,3.0
2026-06-24T05:14:55.471315261Z,1000,per_hit,raw_percent_of_host,api-node1,api-node2,6,5,11,5.940594,15.151515,5.940594,30.30303,100.0,50.0,2.0,1.0,0.0,0.0,2.0,1.0,53.75,79.142857,78.45446,75.636873,3.0
2026-06-24T05:14:56.471315099Z,1000,per_hit,raw_percent_of_host,api-node1,api-node2,9,2,11,10.10101,6.0,10.10101,12.0,100.0,50.0,3.0,1.0,0.0,0.0,3.0,1.0,56.0,50.0,77.069702,77.869277,3.0
2026-06-24T05:14:57.471315907Z,1000,per_hit,raw_percent_of_host,api-node1,api-node2,6,5,11,0.0,11.111111,0.0,22.222222,100.0,50.0,3.0,0.0,0.0,0.0,3.0,0.0,64.666667,63.166667,79.411045,76.121025,3.0
2026-06-24T05:14:58.471318591Z,1000,per_hit,raw_percent_of_host,api-node1,api-node2,8,3,11,10.526316,5.0,10.526316,10.0,100.0,50.0,1.0,2.0,0.0,0.0,1.0,2.0,57.6,53.0,78.16709,77.941711,3.0
2026-06-24T05:14:59.471318378Z,1000,per_hit,raw_percent_of_host,api-node1,api-node2,7,3,10,5.050505,6.0,5.050505,12.0,100.0,50.0,3.0,0.0,0.0,0.0,3.0,0.0,50.0,56.4,78.596816,78.07752,3.0
2026-06-24T05:15:00.471316296Z,1000,per_hit,raw_percent_of_host,api-node1,api-node2,4,6,10,0.0,10.10101,0.0,20.20202,100.0,50.0,1.0,3.0,0.0,0.0,1.0,3.0,64.0,50.0,79.069444,77.019172,3.0
2026-06-24T05:15:01.471317569Z,1000,per_hit,raw_percent_of_host,api-node1,api-node2,4,6,10,6.060606,8.080808,6.060606,16.161616,100.0,50.0,0.0,3.0,0.0,0.0,0.0,3.0,50.0,77.333333,79.007256,77.029376,3.0
2026-06-24T05:15:02.471318442Z,1000,per_hit,raw_percent_of_host,api-node1,api-node2,5,5,10,0.0,15.0,0.0,30.0,100.0,50.0,1.0,2.0,0.0,0.0,1.0,2.0,50.0,77.833333,81.291809,76.783359,3.0
2026-06-24T05:15:03.471315885Z,1000,per_hit,raw_percent_of_host,api-node1,api-node2,3,7,10,10.10101,2.020202,10.10101,4.040404,100.0,50.0,0.0,4.0,0.0,0.0,0.0,4.0,50.0,52.0,77.722914,79.183426,3.0
2026-06-24T05:15:04.471315868Z,1000,per_hit,raw_percent_of_host,api-node1,api-node2,4,6,10,1.0,13.131313,1.0,26.262626,100.0,50.0,0.0,4.0,0.0,0.0,0.0,4.0,50.0,95.833333,81.244351,76.950024,3.0
2026-06-24T05:15:05.47131772Z,1000,per_hit,raw_percent_of_host,api-node1,api-node2,4,6,10,6.0,8.163265,6.0,16.326531,100.0,50.0,2.0,2.0,0.0,0.0,2.0,2.0,50.0,81.0,78.976679,76.730437,3.0
2026-06-24T05:15:06.471315259Z,1000,per_hit,raw_percent_of_host,api-node1,api-node2,4,6,10,10.416667,0.0,10.416667,0.0,100.0,50.0,0.0,3.0,0.0,0.0,0.0,3.0,54.333333,67.0,78.495782,80.089348,3.0
2026-06-24T05:15:07.47131798Z,1000,per_hit,raw_percent_of_host,api-node1,api-node2,4,2,6,11.111111,4.040404,11.111111,8.080808,100.0,50.0,0.0,1.0,0.0,0.0,0.0,1.0,50.0,73.25,78.768892,75.272404,3.0
2026-06-24T05:15:08.471317895Z,1000,per_hit,raw_percent_of_host,api-node1,api-node2,11,4,15,19.587629,5.050505,19.587629,10.10101,100.0,50.0,2.0,1.0,0.0,0.0,2.0,1.0,51.0,54.5,77.623083,78.180384,3.0
2026-06-24T05:15:09.471316479Z,1000,per_hit,raw_percent_of_host,api-node1,api-node2,9,2,11,5.208333,5.050505,5.208333,10.10101,100.0,50.0,2.0,1.0,0.0,0.0,2.0,1.0,60.111111,50.5,77.551508,78.015306,3.0
2026-06-24T05:15:10.471315912Z,1000,per_hit,raw_percent_of_host,api-node1,api-node2,1,10,11,0.0,10.10101,0.0,20.20202,100.0,50.0,0.0,4.0,0.0,0.0,0.0,4.0,65.333333,55.285714,80.070566,77.764012,3.0
2026-06-24T05:15:11.471315283Z,1000,per_hit,raw_percent_of_host,api-node1,api-node2,6,5,11,5.050505,9.183673,5.050505,18.367347,100.0,50.0,2.0,2.0,0.0,0.0,2.0,2.0,50.0,85.857143,79.712234,77.20563,3.0
2026-06-24T05:15:12.471319456Z,1000,per_hit,raw_percent_of_host,api-node1,api-node2,6,6,12,10.10101,0.0,10.10101,0.0,100.0,50.0,0.0,3.0,0.0,0.0,0.0,3.0,50.0,86.4,77.719978,79.677231,3.0
2026-06-24T05:15:13.471315292Z,1000,per_hit,raw_percent_of_host,api-node1,api-node2,6,6,12,5.0,7.0,5.0,14.0,100.0,50.0,1.0,2.0,0.0,0.0,1.0,2.0,50.0,57.857143,78.329032,77.925775,3.0
2026-06-24T05:15:14.471316272Z,1000,per_hit,raw_percent_of_host,api-node1,api-node2,7,5,12,0.0,11.0,0.0,22.0,100.0,50.0,1.0,2.0,0.0,0.0,1.0,2.0,57.142857,52.6,80.01801,76.674524,3.0
2026-06-24T05:15:15.471315904Z,1000,per_hit,raw_percent_of_host,api-node1,api-node2,6,7,13,10.10101,0.0,10.10101,0.0,100.0,50.0,2.0,2.0,0.0,0.0,2.0,2.0,57.8,58.285714,77.30229,79.501423,3.0
2026-06-24T05:15:16.471315413Z,1000,per_hit,raw_percent_of_host,api-node1,api-node2,6,7,13,5.050505,5.050505,5.050505,10.10101,100.0,50.0,1.0,3.0,0.0,0.0,1.0,3.0,57.857143,79.833333,77.834295,77.272075,3.0
2026-06-24T05:15:17.47131933Z,1000,per_hit,raw_percent_of_host,api-node1,api-node2,5,4,9,5.940594,9.090909,5.940594,18.181818,100.0,50.0,0.0,0.0,0.0,0.0,0.0,0.0,58.666667,91.0,78.772386,73.57225,3.0
2026-06-24T05:15:18.471318046Z,1000,per_hit,raw_percent_of_host,api-node1,api-node2,10,9,19,15.151515,10.10101,15.151515,20.20202,100.0,50.0,1.0,4.0,0.0,0.0,1.0,4.0,76.444444,61.8,77.538571,75.543729,3.0
2026-06-24T05:15:19.471317212Z,1000,per_hit,raw_percent_of_host,api-node1,api-node2,10,5,15,6.0,8.163265,6.0,16.326531,100.0,50.0,1.0,2.0,0.0,0.0,1.0,2.0,73.6,90.571429,77.1121,75.481821,3.0
2026-06-24T05:15:20.471315699Z,1000,per_hit,raw_percent_of_host,api-node1,api-node2,8,8,16,5.050505,6.930693,5.050505,13.861386,100.0,50.0,1.0,3.0,0.0,0.0,1.0,3.0,58.25,74.0,77.818852,75.668615,3.0
2026-06-24T05:15:21.47131708Z,1000,per_hit,raw_percent_of_host,api-node1,api-node2,10,6,16,10.0,4.040404,10.0,8.080808,100.0,50.0,1.0,3.0,0.0,0.0,1.0,3.0,64.1,88.666667,77.487354,73.687381,3.0
2026-06-24T05:15:22.471317488Z,1000,per_hit,raw_percent_of_host,api-node1,api-node2,8,9,17,6.060606,8.247423,6.060606,16.494845,100.0,50.0,0.0,4.0,0.0,0.0,0.0,4.0,72.555556,75.5,77.143988,77.560524,3.0
2026-06-24T05:15:23.47131512Z,1000,per_hit,raw_percent_of_host,api-node1,api-node2,7,11,18,1.980198,14.285714,1.980198,28.571429,100.0,50.0,3.0,1.0,0.0,0.0,3.0,1.0,58.25,98.428571,78.377374,76.27059,3.0
2026-06-24T05:15:24.471316277Z,1000,per_hit,raw_percent_of_host,api-node1,api-node2,11,7,18,10.526316,0.0,10.526316,0.0,100.0,50.0,2.0,2.0,0.0,0.0,2.0,2.0,67.833333,98.166667,77.01381,79.510325,3.0
2026-06-24T05:15:25.471318572Z,1000,per_hit,raw_percent_of_host,api-node1,api-node2,8,11,19,1.0,13.0,1.0,26.0,100.0,50.0,2.0,2.0,0.0,0.0,2.0,2.0,67.375,90.272727,77.73361,75.581427,3.0
2026-06-24T05:15:26.471315825Z,1000,per_hit,raw_percent_of_host,api-node1,api-node2,8,12,20,5.050505,7.070707,5.050505,14.141414,100.0,50.0,3.0,2.0,0.0,0.0,3.0,2.0,66.714286,117.083333,77.533929,77.163186,3.0
2026-06-24T05:15:27.471317383Z,1000,per_hit,raw_percent_of_host,api-node1,api-node2,11,10,21,6.185567,6.0,6.185567,12.0,100.0,50.0,1.0,2.0,0.0,0.0,1.0,2.0,63.923077,94.6,77.037305,77.099817,3.0
2026-06-24T05:15:28.471315243Z,1000,per_hit,raw_percent_of_host,api-node1,api-node2,12,10,22,10.204082,2.020202,10.204082,4.040404,100.0,50.0,2.0,3.0,0.0,0.0,2.0,3.0,94.272727,74.0,77.37724,79.29895,3.0
2026-06-24T05:15:29.471318875Z,1000,per_hit,raw_percent_of_host,api-node1,api-node2,13,10,23,6.25,10.0,6.25,20.0,100.0,50.0,3.0,2.0,0.0,0.0,3.0,2.0,71.5,104.909091,77.923388,73.393208,3.0
2026-06-24T05:15:30.471316876Z,1000,per_hit,raw_percent_of_host,api-node1,api-node2,11,13,24,5.208333,5.050505,5.208333,10.10101,100.0,50.0,1.0,3.0,0.0,0.0,1.0,3.0,102.615385,110.916667,78.192649,78.680329,3.0
2026-06-24T05:15:31.471315795Z,1000,per_hit,raw_percent_of_host,api-node1,api-node2,17,7,24,11.111111,2.061856,11.111111,4.123711,100.0,50.0,2.0,2.0,0.0,0.0,2.0,2.0,97.625,94.75,76.84037,75.268111,3.0
2026-06-24T05:15:32.471317468Z,1000,per_hit,raw_percent_of_host,api-node1,api-node2,15,10,25,6.060606,7.070707,6.060606,14.141414,100.0,50.0,2.0,2.0,0.0,0.0,2.0,2.0,89.333333,94.8,78.73252,76.256439,3.0
2026-06-24T05:15:33.471319507Z,1000,per_hit,raw_percent_of_host,api-node1,api-node2,10,16,26,0.0,11.0,0.0,22.0,100.0,50.0,3.0,1.0,0.0,0.0,3.0,1.0,88.666667,157.705882,77.580889,76.381112,3.0
2026-06-24T05:15:34.471316955Z,1000,per_hit,raw_percent_of_host,api-node1,api-node2,11,16,27,1.041667,13.131313,1.041667,26.262626,100.0,50.0,3.0,2.0,0.0,0.0,3.0,2.0,87.727273,187.4,78.299282,76.340347,3.0
2026-06-24T05:15:35.471316966Z,1000,per_hit,raw_percent_of_host,api-node1,api-node2,11,17,28,5.208333,8.0,5.208333,16.0,100.0,50.0,2.0,1.0,0.0,0.0,2.0,1.0,85.083333,165.0,78.750038,76.948838,3.0
2026-06-24T05:15:36.471316777Z,1000,per_hit,raw_percent_of_host,api-node1,api-node2,19,10,29,5.208333,7.070707,5.208333,14.141414,100.0,50.0,2.0,1.0,0.0,0.0,2.0,1.0,106.789474,103.0,78.335102,77.718742,3.0
2026-06-24T05:15:37.471316082Z,1000,per_hit,raw_percent_of_host,api-node1,api-node2,11,19,30,0.0,11.0,0.0,22.0,100.0,50.0,4.0,3.0,0.0,0.0,4.0,3.0,75.888889,211.235294,81.145439,76.122759,3.0
2026-06-24T05:15:38.471316202Z,1000,per_hit,raw_percent_of_host,api-node1,api-node2,17,15,32,5.263158,10.10101,5.263158,20.20202,100.0,50.0,1.0,3.0,0.0,0.0,1.0,3.0,143.3,173.8,76.275698,76.630377,3.0
2026-06-24T05:15:39.471316618Z,1000,per_hit,raw_percent_of_host,api-node1,api-node2,21,12,33,5.050505,10.0,5.050505,20.0,100.0,50.0,0.0,4.0,0.0,0.0,0.0,4.0,142.045455,95.0,78.909403,76.953668,3.0
2026-06-24T05:15:40.47131568Z,1000,per_hit,raw_percent_of_host,api-node1,api-node2,14,20,34,0.0,13.131313,0.0,26.262626,100.0,50.0,1.0,4.0,0.0,0.0,1.0,4.0,104.538462,168.05,81.326501,75.158374,3.0
2026-06-24T05:15:41.471316487Z,1000,per_hit,raw_percent_of_host,api-node1,api-node2,17,12,29,0.0,14.141414,0.0,28.282828,100.0,50.0,0.0,0.0,0.0,0.0,0.0,0.0,133.111111,173.375,82.039333,75.212146,3.0
2026-06-24T05:15:42.471315465Z,1000,per_hit,raw_percent_of_host,api-node1,api-node2,20,21,41,20.0,10.10101,20.0,20.20202,100.0,50.0,2.0,6.0,0.0,0.0,2.0,6.0,104.277778,205.266667,76.6044,75.150592,3.0
2026-06-24T05:15:43.471315586Z,1000,per_hit,raw_percent_of_host,api-node1,api-node2,18,14,32,5.050505,13.265306,5.050505,26.530612,100.0,50.0,0.0,2.0,0.0,0.0,0.0,2.0,102.55,174.833333,78.962252,72.475067,3.0
2026-06-24T05:15:44.471316546Z,1000,per_hit,raw_percent_of_host,api-node1,api-node2,20,18,38,21.0,9.090909,21.0,18.181818,100.0,50.0,0.0,2.0,0.0,0.0,0.0,2.0,105.9,220.833333,76.690097,74.176817,3.0
2026-06-24T05:15:45.471315626Z,1000,per_hit,raw_percent_of_host,api-node1,api-node2,23,16,39,26.530612,11.0,26.530612,22.0,100.0,50.0,0.0,1.0,0.0,0.0,0.0,1.0,126.478261,204.764706,74.650877,73.817463,3.0
2026-06-24T05:15:46.471316622Z,1000,per_hit,raw_percent_of_host,api-node1,api-node2,23,22,45,17.0,11.0,17.0,22.0,100.0,50.0,2.0,7.0,0.0,0.0,2.0,7.0,113.0,214.5625,76.774912,72.44705,3.0
2026-06-24T05:15:47.471315377Z,1000,per_hit,raw_percent_of_host,api-node1,api-node2,24,18,42,10.10101,7.291667,10.10101,14.583333,100.0,50.0,2.0,3.0,0.0,0.0,2.0,3.0,125.375,205.681818,77.516872,76.423728,3.0
2026-06-24T05:15:48.471315768Z,1000,per_hit,raw_percent_of_host,api-node1,api-node2,24,19,43,15.151515,3.061224,15.151515,6.122449,100.0,50.0,2.0,3.0,0.0,0.0,2.0,3.0,110.125,162.736842,77.393892,75.844984,3.0
2026-06-24T05:15:49.471316888Z,1000,per_hit,raw_percent_of_host,api-node1,api-node2,20,24,44,6.930693,13.265306,6.930693,26.530612,100.0,50.0,2.0,9.0,0.0,0.0,2.0,9.0,111.9,171.444444,78.467022,75.178792,3.0
2026-06-24T05:15:50.471318309Z,1000,per_hit,raw_percent_of_host,api-node1,api-node2,27,18,45,16.0,3.061224,16.0,6.122449,100.0,50.0,2.0,4.0,0.0,0.0,2.0,4.0,119.592593,215.086957,77.958164,76.3582,3.0
2026-06-24T05:15:51.471316882Z,1000,per_hit,raw_percent_of_host,api-node1,api-node2,21,24,45,1.0,16.161616,1.0,32.323232,100.0,50.0,2.0,7.0,0.0,0.0,2.0,7.0,143.857143,182.809524,81.292471,74.925567,3.0
2026-06-24T05:15:52.471316073Z,1000,per_hit,raw_percent_of_host,api-node1,api-node2,22,26,48,10.10101,7.291667,10.10101,14.583333,100.0,50.0,2.0,15.0,0.0,0.0,2.0,15.0,120.363636,210.944444,78.715403,74.67413,3.0
2026-06-24T05:15:53.471315673Z,1000,per_hit,raw_percent_of_host,api-node1,api-node2,26,22,48,11.0,8.163265,11.0,16.326531,100.0,50.0,2.0,5.0,0.0,0.0,2.0,5.0,115.615385,270.78125,77.8969,75.540397,3.0
2026-06-24T05:15:54.471315431Z,1000,per_hit,raw_percent_of_host,api-node1,api-node2,27,22,49,15.625,2.061856,15.625,4.123711,100.0,50.0,2.0,6.0,0.0,0.0,2.0,6.0,143.074074,207.238095,77.233543,74.591663,3.0
2026-06-24T05:15:55.471315887Z,1000,per_hit,raw_percent_of_host,api-node1,api-node2,29,22,51,11.0,8.163265,11.0,16.326531,100.0,50.0,1.0,4.0,0.0,0.0,1.0,4.0,172.7,200.958333,77.736571,76.182707,3.0
2026-06-24T05:15:56.471317009Z,1000,per_hit,raw_percent_of_host,api-node1,api-node2,32,20,52,5.050505,11.0,5.050505,22.0,100.0,50.0,4.0,9.0,0.0,0.0,4.0,9.0,189.862069,130.666667,78.943935,60.765685,3.0
2026-06-24T05:15:57.47131633Z,1000,per_hit,raw_percent_of_host,api-node1,api-node2,26,27,53,0.0,14.141414,0.0,28.282828,100.0,50.0,3.0,6.0,0.0,0.0,3.0,6.0,166.888889,218.5,80.696388,74.825068,3.0
2026-06-24T05:15:58.471317013Z,1000,per_hit,raw_percent_of_host,api-node1,api-node2,23,31,54,6.185567,11.340206,6.185567,22.680412,100.0,50.0,0.0,25.0,0.0,0.0,0.0,25.0,132.269231,192.75,79.319232,73.91958,3.0
2026-06-24T05:15:59.471317754Z,1000,per_hit,raw_percent_of_host,api-node1,api-node2,31,24,55,10.10101,18.367347,10.10101,36.734694,100.0,50.0,3.0,8.0,0.0,0.0,3.0,8.0,176.5,315.219512,77.445553,73.517218,3.0
2026-06-24T05:16:00.471315686Z,1000,per_hit,raw_percent_of_host,api-node1,api-node2,32,24,56,16.666667,3.061224,16.666667,6.122449,100.0,50.0,2.0,9.0,0.0,0.0,2.0,9.0,168.363636,233.391304,76.922081,73.182891,3.0
2026-06-24T05:16:01.471316141Z,1000,per_hit,raw_percent_of_host,api-node1,api-node2,24,33,57,11.0,9.183673,11.0,18.367347,100.0,50.0,2.0,30.0,0.0,0.0,2.0,30.0,161.666667,276.166667,77.638859,73.465541,3.0
2026-06-24T05:16:02.471316068Z,1000,per_hit,raw_percent_of_host,api-node1,api-node2,28,30,58,11.0,18.367347,11.0,36.734694,100.0,50.0,2.0,18.0,0.0,0.0,2.0,18.0,165.214286,444.238095,77.198056,72.928389,3.0
2026-06-24T05:16:03.471316619Z,1000,per_hit,raw_percent_of_host,api-node1,api-node2,35,24,59,5.050505,14.141414,5.050505,28.282828,100.0,50.0,3.0,18.0,0.0,0.0,3.0,18.0,191.676471,352.666667,77.274298,72.74323,3.0
2026-06-24T05:16:04.471316513Z,1000,per_hit,raw_percent_of_host,api-node1,api-node2,34,26,60,0.0,12.371134,0.0,24.742268,100.0,50.0,3.0,18.0,0.0,0.0,3.0,18.0,227.294118,300.923077,77.431334,74.989949,3.0
2026-06-24T05:16:05.471316532Z,1000,per_hit,raw_percent_of_host,api-node1,api-node2,31,30,61,11.458333,8.247423,11.458333,16.494845,100.0,50.0,4.0,23.0,0.0,0.0,4.0,23.0,163.1,293.48,77.778581,76.390305,3.0
2026-06-24T05:16:06.47131673Z,1000,per_hit,raw_percent_of_host,api-node1,api-node2,37,25,62,10.526316,13.265306,10.526316,26.530612,100.0,50.0,5.0,20.0,0.0,0.0,5.0,20.0,175.666667,323.964286,77.126682,73.944603,3.0
2026-06-24T05:16:07.471316279Z,1000,per_hit,raw_percent_of_host,api-node1,api-node2,30,32,62,17.708333,6.25,17.708333,12.5,100.0,50.0,0.0,28.0,0.0,0.0,0.0,28.0,185.685714,334.916667,76.584834,77.328065,3.0
2026-06-24T05:16:08.471315953Z,1000,per_hit,raw_percent_of_host,api-node1,api-node2,31,34,65,8.0,19.191919,8.0,38.383838,100.0,50.0,4.0,26.0,0.0,0.0,4.0,26.0,185.777778,500.027778,78.5263,71.182426,3.0
2026-06-24T05:16:09.471318585Z,1000,per_hit,raw_percent_of_host,api-node1,api-node2,34,30,64,16.842105,12.371134,16.842105,24.742268,100.0,50.0,1.0,24.0,0.0,0.0,1.0,24.0,223.891892,436.78125,77.799725,62.706725,3.0
2026-06-24T05:16:10.47131576Z,1000,per_hit,raw_percent_of_host,api-node1,api-node2,37,28,65,11.0,14.141414,11.0,28.282828,100.0,50.0,3.0,12.0,0.0,0.0,3.0,12.0,258.714286,318.425,78.305958,69.814284,3.0
2026-06-24T05:16:11.471316257Z,1000,per_hit,raw_percent_of_host,api-node1,api-node2,37,29,66,10.526316,13.265306,10.526316,26.530612,100.0,50.0,3.0,22.0,0.0,0.0,3.0,22.0,191.486486,311.736842,77.412197,75.96637,3.0
2026-06-24T05:16:12.471315979Z,1000,per_hit,raw_percent_of_host,api-node1,api-node2,37,30,67,10.526316,13.265306,10.526316,26.530612,100.0,50.0,5.0,23.0,0.0,0.0,5.0,23.0,213.171429,352.896552,78.087685,75.02546,3.0
2026-06-24T05:16:13.471316304Z,1000,per_hit,raw_percent_of_host,api-node1,api-node2,32,36,68,10.526316,14.285714,10.526316,28.571429,100.0,50.0,4.0,21.0,0.0,0.0,4.0,21.0,256.272727,283.868421,77.730616,74.036836,3.0
2026-06-24T05:16:14.471315927Z,1000,per_hit,raw_percent_of_host,api-node1,api-node2,33,35,68,10.526316,13.265306,10.526316,26.530612,100.0,50.0,1.0,33.0,0.0,0.0,1.0,33.0,172.083333,389.173913,77.339226,69.478262,3.0
2026-06-24T05:16:15.471317069Z,1000,per_hit,raw_percent_of_host,api-node1,api-node2,39,30,69,6.0,18.367347,6.0,36.734694,100.0,50.0,6.0,24.0,0.0,0.0,6.0,24.0,238.441176,443.74359,78.83795,70.998928,3.0
2026-06-24T05:16:16.471316813Z,1000,per_hit,raw_percent_of_host,api-node1,api-node2,36,34,70,15.625,14.141414,15.625,28.282828,100.0,50.0,3.0,30.0,0.0,0.0,3.0,30.0,217.589744,382.285714,76.981295,74.569583,3.0
2026-06-24T05:16:17.471316691Z,1000,per_hit,raw_percent_of_host,api-node1,api-node2,45,24,69,6.185567,18.367347,6.185567,36.734694,100.0,50.0,9.0,18.0,0.0,0.0,9.0,18.0,241.25641,431.472222,77.664365,75.804431,3.0
2026-06-24T05:16:18.471315808Z,1000,per_hit,raw_percent_of_host,api-node1,api-node2,34,38,72,10.526316,13.265306,10.526316,26.530612,100.0,50.0,3.0,33.0,0.0,0.0,3.0,33.0,265.425,285.130435,74.730581,74.335661,3.0
2026-06-24T05:16:19.4713162Z,1000,per_hit,raw_percent_of_host,api-node1,api-node2,38,33,71,5.050505,27.722772,5.050505,55.445545,100.0,50.0,2.0,29.0,0.0,0.0,2.0,29.0,255.564103,565.72973,78.923213,70.946203,3.0
2026-06-24T05:16:20.471316015Z,1000,per_hit,raw_percent_of_host,api-node1,api-node2,43,28,71,15.789474,14.141414,15.789474,28.282828,100.0,50.0,6.0,24.0,0.0,0.0,6.0,24.0,267.820513,501.878788,77.417116,68.948987,3.0
2026-06-24T05:16:21.471316539Z,1000,per_hit,raw_percent_of_host,api-node1,api-node2,43,29,72,51.923077,17.525773,51.923077,35.051546,100.0,50.0,11.0,26.0,0.0,0.0,11.0,26.0,267.368421,457.925926,75.378735,75.343556,3.0
2026-06-24T05:16:22.47131686Z,1000,per_hit,raw_percent_of_host,api-node1,api-node2,40,33,73,20.833333,13.265306,20.833333,26.530612,100.0,50.0,8.0,27.0,0.0,0.0,8.0,27.0,276.953488,414.15625,75.779286,64.0347,3.0
2026-06-24T05:16:23.471316311Z,1000,per_hit,raw_percent_of_host,api-node1,api-node2,40,33,73,6.25,20.20202,6.25,40.40404,100.0,50.0,6.0,26.0,0.0,0.0,6.0,26.0,260.642857,364.764706,77.303952,74.238807,3.0
2026-06-24T05:16:24.471316357Z,1000,per_hit,raw_percent_of_host,api-node1,api-node2,41,32,73,8.510638,16.666667,8.510638,33.333333,100.0,50.0,21.0,24.0,0.0,0.0,21.0,24.0,199.769231,500.411765,76.622329,72.798476,3.0
2026-06-24T05:16:25.471316535Z,1000,per_hit,raw_percent_of_host,api-node1,api-node2,38,36,74,12.371134,17.525773,12.371134,35.051546,100.0,50.0,4.0,29.0,0.0,0.0,4.0,29.0,288.781818,360.064516,78.211426,74.871035,3.0
2026-06-24T05:16:26.471316529Z,1000,per_hit,raw_percent_of_host,api-node1,api-node2,45,29,74,15.789474,13.265306,15.789474,26.530612,100.0,50.0,25.0,22.0,0.0,0.0,25.0,22.0,204.791667,494.444444,77.123808,69.97606,3.0
2026-06-24T05:16:27.471316323Z,1000,per_hit,raw_percent_of_host,api-node1,api-node2,40,34,74,17.346939,15.254237,17.346939,30.508475,100.0,50.0,10.0,28.0,0.0,0.0,10.0,28.0,325.254545,403.214286,76.034404,72.324636,3.0
2026-06-24T05:16:28.471315878Z,1000,per_hit,raw_percent_of_host,api-node1,api-node2,33,42,75,15.789474,16.666667,15.789474,33.333333,100.0,50.0,4.0,38.0,0.0,0.0,4.0,38.0,239.692308,426.03125,74.764934,73.313556,3.0
2026-06-24T05:16:29.471316558Z,1000,per_hit,raw_percent_of_host,api-node1,api-node2,36,39,75,11.458333,25.252525,11.458333,50.505051,100.0,50.0,4.0,37.0,0.0,0.0,4.0,37.0,220.805556,730.3,76.856655,50.390951,3.0
2026-06-24T05:16:30.4713167Z,1000,per_hit,raw_percent_of_host,api-node1,api-node2,44,31,75,20.833333,19.387755,20.833333,38.77551,100.0,50.0,8.0,27.0,0.0,0.0,8.0,27.0,205.125,500.219512,75.842298,71.244088,3.0
2026-06-24T05:16:31.471316029Z,1000,per_hit,raw_percent_of_host,api-node1,api-node2,47,28,75,20.833333,18.367347,20.833333,36.734694,100.0,50.0,19.0,24.0,0.0,0.0,19.0,24.0,236.444444,418.290323,75.806163,73.493985,3.0
2026-06-24T05:16:32.471316737Z,1000,per_hit,raw_percent_of_host,api-node1,api-node2,33,42,75,10.416667,13.265306,10.416667,26.530612,100.0,50.0,3.0,37.0,0.0,0.0,3.0,37.0,264.44898,463.931034,76.680675,71.560756,3.0
2026-06-24T05:16:33.471316293Z,1000,per_hit,raw_percent_of_host,api-node1,api-node2,43,32,75,10.416667,24.242424,10.416667,48.484848,100.0,50.0,8.0,28.0,0.0,0.0,8.0,28.0,262.078947,595.02439,76.184246,73.137826,3.0
