timestamp_utc,window_ms,traffic_log_mode,cpu_usage_unit,node1_name,node2_name,node1_requests,node2_requests,total_requests,node1_cpu_raw_usage,node2_cpu_raw_usage,node1_cpu_normalized_usage,node2_cpu_normalized_usage,node1_cpu_capacity,node2_cpu_capacity,node1_inflight,node2_inflight,node1_backend_inflight,node2_backend_inflight,node1_queue,node2_queue,node1_response_ms,node2_response_ms,node1_fuzzy_score,node2_fuzzy_score,os_idle_cpu
2026-06-24T07:59:28.358787758Z,1000,per_hit,raw_percent_of_host,api-node1,api-node2,4,6,10,12.0,11.111111,12.0,22.222222,100.0,50.0,0.0,0.0,0.0,0.0,0.0,0.0,93.5,104.666667,82.422831,83.615734,3.0
2026-06-24T07:59:29.358788281Z,1000,per_hit,raw_percent_of_host,api-node1,api-node2,9,1,10,21.0,5.050505,21.0,10.10101,100.0,50.0,0.0,0.0,0.0,0.0,0.0,0.0,114.666667,51.0,79.680347,82.795965,3.0
2026-06-24T07:59:30.358786965Z,1000,per_hit,raw_percent_of_host,api-node1,api-node2,3,7,10,10.10101,11.0,10.10101,22.0,100.0,50.0,0.0,0.0,0.0,0.0,0.0,0.0,62.0,97.285714,79.458866,83.283906,3.0
2026-06-24T07:59:31.358787653Z,1000,per_hit,raw_percent_of_host,api-node1,api-node2,7,3,10,13.131313,8.910891,13.131313,17.821782,100.0,50.0,0.0,0.0,0.0,0.0,0.0,0.0,84.285714,54.333333,80.835911,83.059272,3.0
2026-06-24T07:59:32.358790522Z,1000,per_hit,raw_percent_of_host,api-node1,api-node2,5,5,10,10.204082,11.0,10.204082,22.0,100.0,50.0,0.0,0.0,0.0,0.0,0.0,0.0,85.6,109.0,79.57907,82.703903,3.0
2026-06-24T07:59:33.358784736Z,1000,per_hit,raw_percent_of_host,api-node1,api-node2,6,4,10,15.306122,10.0,15.306122,20.0,100.0,50.0,0.0,0.0,0.0,0.0,0.0,0.0,95.666667,58.0,79.330251,82.747584,3.0
2026-06-24T07:59:34.358786977Z,1000,per_hit,raw_percent_of_host,api-node1,api-node2,5,6,11,15.151515,11.0,15.151515,22.0,100.0,50.0,0.0,0.0,0.0,0.0,0.0,0.0,92.8,116.333333,81.286582,82.086222,3.0
2026-06-24T07:59:35.358792434Z,1000,per_hit,raw_percent_of_host,api-node1,api-node2,4,7,11,11.0,15.0,11.0,30.0,100.0,50.0,0.0,0.0,0.0,0.0,0.0,0.0,83.75,125.857143,82.929545,81.966185,3.0
2026-06-24T07:59:36.358783726Z,1000,per_hit,raw_percent_of_host,api-node1,api-node2,5,6,11,11.111111,11.0,11.111111,22.0,100.0,50.0,0.0,0.0,0.0,0.0,0.0,0.0,81.8,102.0,81.615994,69.652244,3.0
2026-06-24T07:59:37.35878416Z,1000,per_hit,raw_percent_of_host,api-node1,api-node2,8,4,12,16.831683,11.0,16.831683,22.0,100.0,50.0,0.0,0.0,0.0,0.0,0.0,0.0,86.875,74.0,79.680347,75.528677,3.0
2026-06-24T07:59:38.358783449Z,1000,per_hit,raw_percent_of_host,api-node1,api-node2,8,4,12,21.0,10.891089,21.0,21.782178,100.0,50.0,0.0,0.0,0.0,0.0,0.0,0.0,110.75,79.5,80.840386,67.380025,3.0
2026-06-24T07:59:39.358788266Z,1000,per_hit,raw_percent_of_host,api-node1,api-node2,8,4,12,15.151515,11.111111,15.151515,22.222222,100.0,50.0,0.0,0.0,0.0,0.0,0.0,0.0,82.0,73.0,78.864856,82.743853,3.0
2026-06-24T07:59:40.3587886Z,1000,per_hit,raw_percent_of_host,api-node1,api-node2,4,9,13,11.881188,11.0,11.881188,22.0,100.0,50.0,0.0,0.0,0.0,0.0,0.0,0.0,64.75,103.444444,75.528677,68.447153,3.0
2026-06-24T07:59:41.358787678Z,1000,per_hit,raw_percent_of_host,api-node1,api-node2,5,8,13,15.151515,10.10101,15.151515,20.20202,100.0,50.0,0.0,0.0,0.0,0.0,0.0,0.0,86.2,97.625,80.7448,76.713031,3.0
2026-06-24T07:59:42.358787019Z,1000,per_hit,raw_percent_of_host,api-node1,api-node2,4,10,14,11.0,14.953271,11.0,29.906542,100.0,50.0,0.0,0.0,0.0,0.0,0.0,0.0,64.5,134.3,77.068826,81.387691,3.0
2026-06-24T07:59:43.358796743Z,1000,per_hit,raw_percent_of_host,api-node1,api-node2,5,8,13,11.881188,16.326531,11.881188,32.653061,100.0,50.0,0.0,0.0,0.0,0.0,0.0,0.0,81.8,129.5,82.764936,71.974992,3.0
2026-06-24T07:59:44.358784264Z,1000,per_hit,raw_percent_of_host,api-node1,api-node2,10,6,16,20.20202,11.111111,20.20202,22.222222,100.0,50.0,0.0,0.0,0.0,0.0,0.0,0.0,107.4,76.166667,82.123486,71.516321,3.0
2026-06-24T07:59:45.358784787Z,1000,per_hit,raw_percent_of_host,api-node1,api-node2,7,9,16,24.752475,11.111111,24.752475,22.222222,100.0,50.0,0.0,0.0,0.0,0.0,0.0,0.0,111.142857,100.444444,80.567704,79.432595,3.0
2026-06-24T07:59:46.358783813Z,1000,per_hit,raw_percent_of_host,api-node1,api-node2,13,3,16,23.232323,10.10101,23.232323,20.20202,100.0,50.0,0.0,0.0,0.0,0.0,0.0,0.0,147.692308,71.333333,80.37927,82.508169,3.0
2026-06-24T07:59:47.358784855Z,1000,per_hit,raw_percent_of_host,api-node1,api-node2,9,8,17,23.0,11.0,23.0,22.0,100.0,50.0,0.0,0.0,0.0,0.0,0.0,0.0,107.222222,101.625,78.908003,77.860118,3.0
2026-06-24T07:59:48.358784617Z,1000,per_hit,raw_percent_of_host,api-node1,api-node2,10,8,18,20.0,12.0,20.0,24.0,100.0,50.0,0.0,0.0,0.0,0.0,0.0,0.0,118.3,92.5,78.420614,76.123199,3.0
2026-06-24T07:59:49.358790237Z,1000,per_hit,raw_percent_of_host,api-node1,api-node2,5,13,18,14.141414,14.953271,14.141414,29.906542,100.0,50.0,0.0,0.0,0.0,0.0,0.0,0.0,52.2,216.692308,80.16891,78.30612,3.0
2026-06-24T07:59:50.358784005Z,1000,per_hit,raw_percent_of_host,api-node1,api-node2,15,4,19,28.712871,10.891089,28.712871,21.782178,100.0,50.0,0.0,0.0,0.0,0.0,0.0,0.0,155.133333,79.0,79.652589,48.333981,3.0
2026-06-24T07:59:51.358784696Z,1000,per_hit,raw_percent_of_host,api-node1,api-node2,12,8,20,23.762376,17.142857,23.762376,34.285714,100.0,50.0,0.0,0.0,0.0,0.0,0.0,0.0,146.833333,117.375,78.301233,81.898811,3.0
2026-06-24T07:59:52.358783699Z,1000,per_hit,raw_percent_of_host,api-node1,api-node2,11,10,21,24.242424,15.09434,24.242424,30.188679,100.0,50.0,0.0,0.0,0.0,0.0,0.0,0.0,126.454545,144.0,78.126895,76.443013,3.0
2026-06-24T07:59:53.358788671Z,1000,per_hit,raw_percent_of_host,api-node1,api-node2,14,8,22,30.30303,15.88785,30.30303,31.775701,100.0,50.0,0.0,0.0,0.0,0.0,0.0,0.0,139.857143,117.75,75.406043,50.924621,3.0
2026-06-24T07:59:54.358792655Z,1000,per_hit,raw_percent_of_host,api-node1,api-node2,9,14,23,23.232323,16.037736,23.232323,32.075472,100.0,50.0,0.0,0.0,0.0,0.0,0.0,0.0,95.222222,184.928571,79.038621,74.686089,3.0
2026-06-24T07:59:55.358783376Z,1000,per_hit,raw_percent_of_host,api-node1,api-node2,14,9,23,27.272727,15.88785,27.272727,31.775701,100.0,50.0,0.0,0.0,0.0,0.0,0.0,0.0,118.071429,145.333333,77.959722,47.876219,3.0
2026-06-24T07:59:56.358784697Z,1000,per_hit,raw_percent_of_host,api-node1,api-node2,11,13,24,21.0,15.09434,21.0,30.188679,100.0,50.0,0.0,0.0,0.0,0.0,0.0,0.0,120.909091,172.153846,75.557129,76.807315,3.0
2026-06-24T07:59:57.358783816Z,1000,per_hit,raw_percent_of_host,api-node1,api-node2,16,9,25,29.70297,14.285714,29.70297,28.571429,100.0,50.0,0.0,0.0,0.0,0.0,0.0,0.0,140.875,127.222222,80.730483,53.446941,3.0
2026-06-24T07:59:58.358784425Z,1000,per_hit,raw_percent_of_host,api-node1,api-node2,11,15,26,20.20202,18.018018,20.20202,36.036036,100.0,50.0,0.0,0.0,0.0,0.0,0.0,0.0,100.545455,207.133333,71.29686,63.65541,3.0
2026-06-24T07:59:59.358786992Z,1000,per_hit,raw_percent_of_host,api-node1,api-node2,16,11,27,29.411765,14.953271,29.411765,29.906542,100.0,50.0,0.0,0.0,0.0,0.0,0.0,0.0,127.5625,166.545455,80.540443,54.65796,3.0
2026-06-24T08:00:00.358788159Z,1000,per_hit,raw_percent_of_host,api-node1,api-node2,18,10,28,29.70297,14.150943,29.70297,28.301887,100.0,50.0,0.0,0.0,0.0,0.0,0.0,0.0,168.777778,124.4,79.081972,56.995904,3.0
2026-06-24T08:00:01.358786966Z,1000,per_hit,raw_percent_of_host,api-node1,api-node2,17,12,29,27.027027,12.0,27.027027,24.0,100.0,50.0,0.0,0.0,0.0,0.0,0.0,0.0,148.058824,101.083333,70.885982,55.858761,3.0
2026-06-24T08:00:02.358786901Z,1000,per_hit,raw_percent_of_host,api-node1,api-node2,20,10,30,29.70297,14.150943,29.70297,28.301887,100.0,50.0,0.0,0.0,0.0,0.0,0.0,0.0,198.75,110.5,64.843318,82.470115,3.0
2026-06-24T08:00:03.358783834Z,1000,per_hit,raw_percent_of_host,api-node1,api-node2,17,14,31,27.027027,16.037736,27.027027,32.075472,100.0,50.0,0.0,0.0,0.0,0.0,0.0,0.0,128.647059,177.142857,69.888027,54.686485,3.0
2026-06-24T08:00:04.358784615Z,1000,per_hit,raw_percent_of_host,api-node1,api-node2,21,12,33,29.0,16.037736,29.0,32.075472,100.0,50.0,0.0,0.0,0.0,0.0,0.0,0.0,176.52381,168.25,81.23842,77.339634,3.0
2026-06-24T08:00:05.358785149Z,1000,per_hit,raw_percent_of_host,api-node1,api-node2,20,14,34,27.272727,16.535433,27.272727,33.070866,100.0,50.0,0.0,0.0,0.0,0.0,0.0,0.0,194.55,199.0,54.642063,55.775471,3.0
2026-06-24T08:00:06.358784481Z,1000,per_hit,raw_percent_of_host,api-node1,api-node2,20,15,35,29.0,14.953271,29.0,29.906542,100.0,50.0,0.0,0.0,0.0,0.0,0.0,0.0,160.75,162.933333,64.715642,52.567281,3.0
2026-06-24T08:00:07.358787259Z,1000,per_hit,raw_percent_of_host,api-node1,api-node2,25,11,36,30.392157,15.88785,30.392157,31.775701,100.0,50.0,0.0,0.0,0.0,0.0,0.0,0.0,184.84,162.909091,73.801038,61.853916,3.0
2026-06-24T08:00:08.358784847Z,1000,per_hit,raw_percent_of_host,api-node1,api-node2,22,15,37,31.067961,14.285714,31.067961,28.571429,100.0,50.0,0.0,0.0,0.0,0.0,0.0,0.0,180.545455,208.0,64.155848,57.764824,3.0
2026-06-24T08:00:09.358784597Z,1000,per_hit,raw_percent_of_host,api-node1,api-node2,14,24,38,27.722772,15.88785,27.722772,31.775701,100.0,50.0,0.0,0.0,0.0,0.0,0.0,0.0,124.214286,269.958333,59.837979,58.693797,3.0
2026-06-24T08:00:10.358786923Z,1000,per_hit,raw_percent_of_host,api-node1,api-node2,33,7,40,29.0,14.953271,29.0,29.906542,100.0,50.0,0.0,0.0,0.0,0.0,0.0,0.0,271.375,118.0,75.395653,36.196007,3.0
2026-06-24T08:00:11.358783471Z,1000,per_hit,raw_percent_of_host,api-node1,api-node2,17,23,40,28.282828,14.953271,28.282828,29.906542,100.0,50.0,0.0,0.0,0.0,0.0,0.0,0.0,160.294118,320.173913,79.716017,81.176836,3.0
2026-06-24T08:00:12.358795488Z,1000,per_hit,raw_percent_of_host,api-node1,api-node2,29,12,41,27.027027,14.953271,27.027027,29.906542,100.0,50.0,0.0,0.0,0.0,0.0,0.0,0.0,274.448276,161.166667,64.573745,32.463708,3.0
2026-06-24T08:00:13.35878477Z,1000,per_hit,raw_percent_of_host,api-node1,api-node2,24,19,43,29.70297,14.953271,29.70297,29.906542,100.0,50.0,0.0,0.0,0.0,0.0,0.0,0.0,162.541667,248.526316,62.289405,63.710844,3.0
2026-06-24T08:00:14.358784619Z,1000,per_hit,raw_percent_of_host,api-node1,api-node2,23,21,44,27.272727,14.150943,27.272727,28.301887,100.0,50.0,0.0,0.0,0.0,0.0,0.0,0.0,195.304348,258.333333,75.72987,63.619162,3.0
2026-06-24T08:00:15.358787417Z,1000,per_hit,raw_percent_of_host,api-node1,api-node2,27,18,45,30.392157,14.150943,30.392157,28.301887,100.0,50.0,0.0,0.0,0.0,0.0,0.0,0.0,249.666667,283.888889,62.473179,37.098046,3.0
2026-06-24T08:00:16.358783547Z,1000,per_hit,raw_percent_of_host,api-node1,api-node2,21,25,46,27.027027,14.953271,27.027027,29.906542,100.0,50.0,0.0,0.0,0.0,0.0,0.0,0.0,171.142857,268.52,63.314421,54.990403,3.0
2026-06-24T08:00:17.358788851Z,1000,per_hit,raw_percent_of_host,api-node1,api-node2,26,19,45,30.392157,14.285714,30.392157,28.571429,100.0,50.0,0.0,0.0,0.0,0.0,0.0,0.0,226.923077,295.105263,68.938314,37.314775,3.0
2026-06-24T08:00:18.358783851Z,1000,per_hit,raw_percent_of_host,api-node1,api-node2,34,16,50,29.0,14.150943,29.0,28.301887,100.0,50.0,0.0,0.0,0.0,0.0,0.0,0.0,229.882353,184.0625,55.12847,35.008511,3.0
2026-06-24T08:00:19.358798834Z,1000,per_hit,raw_percent_of_host,api-node1,api-node2,26,23,49,29.70297,14.285714,29.70297,28.571429,100.0,50.0,0.0,1.0,0.0,0.0,0.0,1.0,212.115385,359.636364,75.972908,69.03911,3.0
2026-06-24T08:00:20.358784833Z,1000,per_hit,raw_percent_of_host,api-node1,api-node2,41,9,50,29.292929,14.285714,29.292929,28.571429,100.0,50.0,0.0,0.0,0.0,0.0,0.0,0.0,273.341463,193.7,71.421394,33.90054,3.0
2026-06-24T08:00:21.358783889Z,1000,per_hit,raw_percent_of_host,api-node1,api-node2,27,25,52,32.038835,14.285714,32.038835,28.571429,100.0,50.0,0.0,0.0,0.0,0.0,0.0,0.0,203.740741,407.68,56.741068,61.949297,3.0
2026-06-24T08:00:22.358784852Z,1000,per_hit,raw_percent_of_host,api-node1,api-node2,21,32,53,29.70297,15.740741,29.70297,31.481481,100.0,50.0,0.0,13.0,0.0,0.0,0.0,13.0,145.571429,347.473684,52.908844,35.510391,3.0
2026-06-24T08:00:23.358786989Z,1000,per_hit,raw_percent_of_host,api-node1,api-node2,42,12,54,30.0,16.0,30.0,32.0,100.0,50.0,0.0,0.0,0.0,0.0,0.0,0.0,294.738095,402.36,71.993595,21.190025,3.0
2026-06-24T08:00:24.358784714Z,1000,per_hit,raw_percent_of_host,api-node1,api-node2,25,30,55,29.0,9.782609,29.0,19.565217,100.0,50.0,0.0,18.0,0.0,0.0,0.0,18.0,216.44,450.166667,49.4917,61.051279,3.0
2026-06-24T08:00:25.358783834Z,1000,per_hit,raw_percent_of_host,api-node1,api-node2,42,13,55,29.70297,12.380952,29.70297,24.761905,100.0,50.0,0.0,0.0,0.0,0.0,0.0,0.0,343.857143,396.032258,69.823413,23.335384,3.0
2026-06-24T08:00:26.358784892Z,1000,per_hit,raw_percent_of_host,api-node1,api-node2,29,29,58,30.392157,14.150943,30.392157,28.301887,100.0,50.0,0.0,2.0,0.0,0.0,0.0,2.0,171.551724,323.777778,50.85429,48.249278,3.0
2026-06-24T08:00:27.358784565Z,1000,per_hit,raw_percent_of_host,api-node1,api-node2,38,20,58,27.678571,14.953271,27.678571,29.906542,100.0,50.0,1.0,0.0,0.0,0.0,1.0,0.0,295.675676,238.227273,72.480247,49.860089,3.0
2026-06-24T08:00:28.35878561Z,1000,per_hit,raw_percent_of_host,api-node1,api-node2,23,36,59,29.70297,14.285714,29.70297,28.571429,100.0,50.0,0.0,12.0,0.0,0.0,0.0,12.0,156.041667,390.708333,49.67003,65.916369,3.0
2026-06-24T08:00:29.35878382Z,1000,per_hit,raw_percent_of_host,api-node1,api-node2,30,30,60,29.70297,17.0,29.70297,34.0,100.0,50.0,1.0,2.0,0.0,0.0,1.0,2.0,192.137931,378.3,54.949349,49.044853,3.0
2026-06-24T08:00:30.358786798Z,1000,per_hit,raw_percent_of_host,api-node1,api-node2,41,20,61,29.0,14.285714,29.0,28.571429,100.0,50.0,0.0,1.0,0.0,0.0,0.0,1.0,316.952381,291.714286,71.278772,41.113807,3.0
2026-06-24T08:00:31.358784843Z,1000,per_hit,raw_percent_of_host,api-node1,api-node2,16,46,62,32.323232,23.157895,32.323232,46.315789,100.0,50.0,0.0,38.0,0.0,0.0,0.0,38.0,135.3125,203.888889,32.176833,48.75748,3.0
2026-06-24T08:00:32.358787837Z,1000,per_hit,raw_percent_of_host,api-node1,api-node2,49,14,63,29.70297,26.0,29.70297,52.0,100.0,50.0,1.0,0.0,0.0,0.0,1.0,0.0,305.416667,642.75,70.38363,19.053843,3.0
2026-06-24T08:00:33.358785204Z,1000,per_hit,raw_percent_of_host,api-node1,api-node2,27,37,64,29.70297,14.285714,29.70297,28.571429,100.0,50.0,1.0,31.0,0.0,0.0,1.0,31.0,164.666667,253.0,49.837083,47.572052,3.0
2026-06-24T08:00:34.358786304Z,1000,per_hit,raw_percent_of_host,api-node1,api-node2,42,22,64,29.0,20.20202,29.0,40.40404,100.0,50.0,0.0,1.0,0.0,0.0,0.0,1.0,312.465116,507.211538,71.005601,37.345573,3.0
2026-06-24T08:00:35.358786811Z,1000,per_hit,raw_percent_of_host,api-node1,api-node2,37,28,65,29.0,14.150943,29.0,28.301887,100.0,50.0,0.0,3.0,0.0,0.0,0.0,3.0,266.216216,353.769231,62.375362,49.289968,3.0
2026-06-24T08:00:36.358786576Z,1000,per_hit,raw_percent_of_host,api-node1,api-node2,35,31,66,27.027027,26.732673,27.027027,53.465347,100.0,50.0,0.0,26.0,0.0,0.0,0.0,26.0,316.6,240.625,64.35342,49.243782,3.0
2026-06-24T08:00:37.358784815Z,1000,per_hit,raw_percent_of_host,api-node1,api-node2,33,34,67,29.0,25.0,29.0,50.0,100.0,50.0,1.0,31.0,0.0,0.0,1.0,31.0,253.0625,546.0,58.633517,37.078992,3.0
2026-06-24T08:00:38.358787953Z,1000,per_hit,raw_percent_of_host,api-node1,api-node2,45,22,67,29.70297,14.953271,29.70297,29.906542,100.0,50.0,1.0,0.0,0.0,0.0,1.0,0.0,307.911111,462.245283,69.167706,40.369993,3.0
2026-06-24T08:00:39.358784447Z,1000,per_hit,raw_percent_of_host,api-node1,api-node2,39,29,68,28.318584,18.085106,28.318584,36.170213,100.0,50.0,0.0,18.0,0.0,0.0,0.0,18.0,331.45,363.181818,64.060616,41.172578,3.0
2026-06-24T08:00:40.358784603Z,1000,per_hit,raw_percent_of_host,api-node1,api-node2,27,42,69,27.927928,15.151515,27.927928,30.30303,100.0,50.0,0.0,32.0,0.0,0.0,0.0,32.0,188.185185,474.821429,41.575675,47.213129,3.0
2026-06-24T08:00:41.358785115Z,1000,per_hit,raw_percent_of_host,api-node1,api-node2,48,22,70,28.712871,26.732673,28.712871,53.465347,100.0,50.0,10.0,0.0,0.0,0.0,10.0,0.0,423.973684,487.833333,64.922938,39.777123,3.0
2026-06-24T08:00:42.358784402Z,1000,per_hit,raw_percent_of_host,api-node1,api-node2,26,44,70,42.424242,11.702128,42.424242,23.404255,100.0,50.0,0.0,36.0,0.0,0.0,0.0,36.0,240.916667,254.625,31.014402,55.535669,3.0
2026-06-24T08:00:43.358784257Z,1000,per_hit,raw_percent_of_host,api-node1,api-node2,42,29,71,30.392157,25.742574,30.392157,51.485149,100.0,50.0,1.0,5.0,0.0,0.0,1.0,5.0,305.219512,578.9,69.641657,38.270441,3.0
2026-06-24T08:00:44.358784545Z,1000,per_hit,raw_percent_of_host,api-node1,api-node2,45,26,71,27.027027,14.150943,27.027027,28.301887,100.0,50.0,0.0,3.0,0.0,0.0,0.0,3.0,397.5,371.642857,64.933032,41.827583,3.0
2026-06-24T08:00:45.358784777Z,1000,per_hit,raw_percent_of_host,api-node1,api-node2,38,34,72,33.0,16.0,33.0,32.0,100.0,50.0,1.0,24.0,0.0,0.0,1.0,24.0,292.72973,450.076923,42.219579,48.630486,3.0
2026-06-24T08:00:46.358783889Z,1000,per_hit,raw_percent_of_host,api-node1,api-node2,57,15,72,29.70297,14.0,29.70297,28.0,100.0,50.0,1.0,1.0,0.0,0.0,1.0,1.0,430.333333,499.736842,61.787583,19.031613,3.0
2026-06-24T08:00:47.358786104Z,1000,per_hit,raw_percent_of_host,api-node1,api-node2,27,46,73,29.0,22.340426,29.0,44.680851,100.0,50.0,0.0,38.0,0.0,0.0,0.0,38.0,201.678571,175.111111,41.099954,48.980961,3.0
2026-06-24T08:00:48.358785174Z,1000,per_hit,raw_percent_of_host,api-node1,api-node2,46,27,73,29.70297,25.252525,29.70297,50.505051,100.0,50.0,1.0,19.0,0.0,0.0,1.0,19.0,296.666667,621.326087,61.44382,41.71781,3.0
2026-06-24T08:00:49.358784745Z,1000,per_hit,raw_percent_of_host,api-node1,api-node2,39,34,73,32.089552,15.740741,32.089552,31.481481,100.0,50.0,1.0,2.0,0.0,0.0,1.0,2.0,268.74359,405.960784,48.695348,42.497824,3.0
2026-06-24T08:00:50.358784315Z,1000,per_hit,raw_percent_of_host,api-node1,api-node2,50,24,74,29.411765,14.285714,29.411765,28.571429,100.0,50.0,1.0,4.0,0.0,0.0,1.0,4.0,381.8,302.409091,67.000807,39.597762,3.0
2026-06-24T08:00:51.358785679Z,1000,per_hit,raw_percent_of_host,api-node1,api-node2,44,30,74,29.0,17.142857,29.0,34.285714,100.0,50.0,0.0,9.0,0.0,0.0,0.0,9.0,271.955556,468.48,49.162215,41.170779,3.0
2026-06-24T08:00:52.358786416Z,1000,per_hit,raw_percent_of_host,api-node1,api-node2,39,35,74,27.027027,14.150943,27.027027,28.301887,100.0,50.0,0.0,20.0,0.0,0.0,0.0,20.0,267.076923,404.5,52.022538,48.991263,3.0
2026-06-24T08:00:53.358784876Z,1000,per_hit,raw_percent_of_host,api-node1,api-node2,36,39,75,29.70297,26.732673,29.70297,53.465347,100.0,50.0,1.0,36.0,0.0,0.0,1.0,36.0,207.542857,501.043478,46.995789,46.86233,3.0
2026-06-24T08:00:54.358789622Z,1000,per_hit,raw_percent_of_host,api-node1,api-node2,58,17,75,29.70297,15.625,29.70297,31.25,100.0,50.0,2.0,0.0,0.0,0.0,2.0,0.0,400.263158,540.283019,66.643658,19.853419,3.0
2026-06-24T08:00:55.35878478Z,1000,per_hit,raw_percent_of_host,api-node1,api-node2,29,46,75,27.027027,14.285714,27.027027,28.571429,100.0,50.0,1.0,37.0,0.0,0.0,1.0,37.0,209.866667,295.0,33.081202,47.310473,3.0
2026-06-24T08:00:56.358783925Z,1000,per_hit,raw_percent_of_host,api-node1,api-node2,52,23,75,29.70297,27.0,29.70297,54.0,100.0,50.0,15.0,1.0,0.0,0.0,15.0,1.0,392.026316,689.627119,64.100405,18.131498,3.0
2026-06-24T08:00:57.358785099Z,1000,per_hit,raw_percent_of_host,api-node1,api-node2,32,43,75,29.70297,22.340426,29.70297,44.680851,100.0,50.0,1.0,38.0,0.0,0.0,1.0,38.0,274.304348,128.333333,41.913265,47.790485,3.0
2026-06-24T08:00:58.358784589Z,1000,per_hit,raw_percent_of_host,api-node1,api-node2,45,30,75,29.70297,26.0,29.70297,52.0,100.0,50.0,1.0,22.0,0.0,0.0,1.0,22.0,369.777778,667.456522,47.088253,38.487531,3.0
2026-06-24T08:00:59.358786026Z,1000,per_hit,raw_percent_of_host,api-node1,api-node2,44,31,75,29.70297,27.659574,29.70297,55.319149,100.0,50.0,1.0,18.0,0.0,0.0,1.0,18.0,250.818182,409.428571,48.970603,41.328257,3.0
2026-06-24T08:01:00.358785979Z,1000,per_hit,raw_percent_of_host,api-node1,api-node2,39,36,75,31.578947,21.052632,31.578947,42.105263,100.0,50.0,1.0,30.0,0.0,0.0,1.0,30.0,255.025641,477.5,47.833067,41.25291,3.0
2026-06-24T08:01:01.358784823Z,1000,per_hit,raw_percent_of_host,api-node1,api-node2,56,19,75,28.0,23.0,28.0,46.0,100.0,50.0,5.0,1.0,0.0,0.0,5.0,1.0,397.346154,498.9375,63.688719,20.712516,3.0
2026-06-24T08:01:02.358785506Z,1000,per_hit,raw_percent_of_host,api-node1,api-node2,33,42,75,27.027027,21.505376,27.027027,43.010753,100.0,50.0,1.0,37.0,0.0,0.0,1.0,37.0,254.864865,298.0,32.750168,49.606587,3.0
2026-06-24T08:01:03.358787805Z,1000,per_hit,raw_percent_of_host,api-node1,api-node2,45,30,75,29.411765,24.0,29.411765,48.0,100.0,50.0,0.0,14.0,0.0,0.0,0.0,14.0,318.847826,566.188679,48.30128,36.982761,3.0
2026-06-24T08:01:04.358785365Z,1000,per_hit,raw_percent_of_host,api-node1,api-node2,33,41,74,31.632653,26.732673,31.632653,53.465347,100.0,50.0,0.0,40.0,0.0,0.0,0.0,40.0,254.969697,404.533333,41.643279,49.180808,3.0
2026-06-24T08:01:05.358784519Z,1000,per_hit,raw_percent_of_host,api-node1,api-node2,39,35,74,29.0,25.742574,29.0,51.485149,100.0,50.0,1.0,29.0,0.0,0.0,1.0,29.0,208.105263,539.673913,49.110029,40.432699,3.0
2026-06-24T08:01:06.358786066Z,1000,per_hit,raw_percent_of_host,api-node1,api-node2,33,41,74,28.318584,26.470588,28.318584,52.941176,100.0,50.0,1.0,38.0,0.0,0.0,1.0,38.0,203.0,555.25,49.322801,42.618574,3.0
2026-06-24T08:01:07.358784867Z,1000,per_hit,raw_percent_of_host,api-node1,api-node2,39,35,74,29.70297,26.0,29.70297,52.0,100.0,50.0,0.0,32.0,0.0,0.0,0.0,32.0,205.775,669.292683,49.776328,42.01314,3.0
2026-06-24T08:01:08.358784387Z,1000,per_hit,raw_percent_of_host,api-node1,api-node2,46,27,73,29.70297,26.25,29.70297,52.5,100.0,50.0,0.0,3.0,0.0,0.0,0.0,3.0,357.152174,469.767857,62.843329,41.882196,3.0
2026-06-24T08:01:09.358786601Z,1000,per_hit,raw_percent_of_host,api-node1,api-node2,38,35,73,27.027027,14.953271,27.027027,29.906542,100.0,50.0,1.0,15.0,0.0,0.0,1.0,15.0,258.405405,411.130435,35.256615,46.518556,3.0
2026-06-24T08:01:10.358785174Z,1000,per_hit,raw_percent_of_host,api-node1,api-node2,47,26,73,29.70297,15.151515,29.70297,30.30303,100.0,50.0,2.0,1.0,0.0,0.0,2.0,1.0,379.891304,352.6,47.433743,40.65736,3.0
2026-06-24T08:01:11.358784929Z,1000,per_hit,raw_percent_of_host,api-node1,api-node2,33,39,72,41.836735,23.157895,41.836735,46.315789,100.0,50.0,1.0,33.0,0.0,0.0,1.0,33.0,193.235294,301.428571,37.527192,47.171676,3.0
2026-06-24T08:01:12.358785803Z,1000,per_hit,raw_percent_of_host,api-node1,api-node2,46,26,72,27.678571,18.556701,27.678571,37.113402,100.0,50.0,0.0,3.0,0.0,0.0,0.0,3.0,313.382979,564.089286,47.874681,41.706751,3.0
2026-06-24T08:01:13.358785003Z,1000,per_hit,raw_percent_of_host,api-node1,api-node2,29,42,71,27.272727,26.732673,27.272727,53.465347,100.0,50.0,1.0,32.0,0.0,0.0,1.0,32.0,173.571429,295.846154,50.470145,49.187118,3.0
2026-06-24T08:01:14.358785773Z,1000,per_hit,raw_percent_of_host,api-node1,api-node2,45,27,72,29.70297,20.20202,29.70297,40.40404,100.0,50.0,1.0,2.0,0.0,0.0,1.0,2.0,271.755556,455.105263,62.222589,41.970443,3.0
2026-06-24T08:01:15.358784355Z,1000,per_hit,raw_percent_of_host,api-node1,api-node2,38,32,70,32.089552,15.09434,32.089552,30.188679,100.0,50.0,0.0,4.0,0.0,0.0,0.0,4.0,220.230769,292.866667,48.545592,46.785179,3.0
2026-06-24T08:01:16.35878406Z,1000,per_hit,raw_percent_of_host,api-node1,api-node2,40,29,69,27.027027,26.732673,27.027027,53.465347,100.0,50.0,1.0,6.0,0.0,0.0,1.0,6.0,244.25641,343.296296,67.882874,48.10247,3.0
2026-06-24T08:01:17.35878572Z,1000,per_hit,raw_percent_of_host,api-node1,api-node2,37,31,68,29.411765,22.340426,29.411765,44.680851,100.0,50.0,0.0,28.0,0.0,0.0,0.0,28.0,233.421053,329.333333,50.13552,39.731061,3.0
2026-06-24T08:01:18.358783739Z,1000,per_hit,raw_percent_of_host,api-node1,api-node2,39,29,68,29.0,21.0,29.0,42.0,100.0,50.0,0.0,3.0,0.0,0.0,0.0,3.0,258.487179,497.203704,63.991555,47.348269,3.0
2026-06-24T08:01:19.358783584Z,1000,per_hit,raw_percent_of_host,api-node1,api-node2,37,29,66,28.282828,16.0,28.282828,32.0,100.0,50.0,0.0,3.0,0.0,0.0,0.0,3.0,256.108108,297.241379,47.939136,49.047872,3.0
2026-06-24T08:01:20.358784522Z,1000,per_hit,raw_percent_of_host,api-node1,api-node2,29,38,67,27.272727,24.468085,27.272727,48.93617,100.0,50.0,0.0,32.0,0.0,0.0,0.0,32.0,161.793103,222.444444,65.986947,49.332316,3.0
2026-06-24T08:01:21.358783575Z,1000,per_hit,raw_percent_of_host,api-node1,api-node2,46,20,66,30.392157,20.0,30.392157,40.0,100.0,50.0,0.0,1.0,0.0,0.0,0.0,1.0,273.130435,457.960784,66.307469,35.070732,3.0
2026-06-24T08:01:22.358786251Z,1000,per_hit,raw_percent_of_host,api-node1,api-node2,25,39,64,29.0,15.09434,29.0,30.188679,100.0,50.0,0.0,19.0,0.0,0.0,0.0,19.0,166.2,337.761905,49.709763,47.838318,3.0
2026-06-24T08:01:23.358784273Z,1000,per_hit,raw_percent_of_host,api-node1,api-node2,38,26,64,29.0,23.0,29.0,46.0,100.0,50.0,1.0,3.0,0.0,0.0,1.0,3.0,231.216216,399.095238,71.124654,47.983232,3.0
2026-06-24T08:01:24.358787791Z,1000,per_hit,raw_percent_of_host,api-node1,api-node2,34,29,63,30.0,15.09434,30.0,30.188679,100.0,50.0,1.0,1.0,0.0,0.0,1.0,1.0,205.205882,312.032258,49.291083,47.169954,3.0
2026-06-24T08:01:25.358785509Z,1000,per_hit,raw_percent_of_host,api-node1,api-node2,29,33,62,29.70297,15.88785,29.70297,31.775701,100.0,50.0,0.0,4.0,0.0,0.0,0.0,4.0,153.366667,280.666667,51.822022,41.254524,3.0
2026-06-24T08:01:26.358785169Z,1000,per_hit,raw_percent_of_host,api-node1,api-node2,39,21,60,27.678571,14.953271,27.678571,29.906542,100.0,50.0,1.0,0.0,0.0,0.0,1.0,0.0,263.657895,241.84,72.348006,49.607346,3.0
2026-06-24T08:01:27.358783573Z,1000,per_hit,raw_percent_of_host,api-node1,api-node2,34,26,60,29.0,14.150943,29.0,28.301887,100.0,50.0,1.0,2.0,0.0,0.0,1.0,2.0,191.764706,374.083333,49.388599,48.962647,3.0
2026-06-24T08:01:28.358786144Z,1000,per_hit,raw_percent_of_host,api-node1,api-node2,32,27,59,29.70297,14.285714,29.70297,28.571429,100.0,50.0,0.0,4.0,0.0,0.0,0.0,4.0,217.909091,366.0,50.611353,48.691777,3.0
2026-06-24T08:01:29.358784159Z,1000,per_hit,raw_percent_of_host,api-node1,api-node2,38,21,59,29.70297,14.953271,29.70297,29.906542,100.0,50.0,0.0,1.0,0.0,0.0,0.0,1.0,213.657895,262.583333,72.094159,49.335727,3.0
2026-06-24T08:01:30.358785217Z,1000,per_hit,raw_percent_of_host,api-node1,api-node2,32,25,57,30.0,14.285714,30.0,28.571429,100.0,50.0,1.0,1.0,0.0,0.0,1.0,1.0,180.193548,259.64,71.210081,48.748363,3.0
2026-06-24T08:01:31.358784265Z,1000,per_hit,raw_percent_of_host,api-node1,api-node2,26,30,56,29.0,22.340426,29.0,44.680851,100.0,50.0,1.0,23.0,0.0,0.0,1.0,23.0,150.576923,244.125,69.20708,48.922176,3.0
2026-06-24T08:01:32.358784938Z,1000,per_hit,raw_percent_of_host,api-node1,api-node2,36,19,55,29.0,15.151515,29.0,30.30303,100.0,50.0,0.0,1.0,0.0,0.0,0.0,1.0,246.513514,398.341463,69.27501,37.231972,3.0
2026-06-24T08:01:33.358786958Z,1000,per_hit,raw_percent_of_host,api-node1,api-node2,31,23,54,29.70297,17.829457,29.70297,35.658915,100.0,50.0,1.0,0.0,0.0,0.0,1.0,0.0,181.933333,267.708333,65.482434,48.663789,3.0
2026-06-24T08:01:34.358784765Z,1000,per_hit,raw_percent_of_host,api-node1,api-node2,24,29,53,27.027027,15.09434,27.027027,30.188679,100.0,50.0,0.0,3.0,0.0,0.0,0.0,3.0,138.6,328.807692,68.264479,64.348891,3.0
2026-06-24T08:01:35.358786614Z,1000,per_hit,raw_percent_of_host,api-node1,api-node2,30,22,52,29.70297,15.151515,29.70297,30.30303,100.0,50.0,0.0,1.0,0.0,0.0,0.0,1.0,164.533333,284.125,73.623343,47.925293,3.0
2026-06-24T08:01:36.358787708Z,1000,per_hit,raw_percent_of_host,api-node1,api-node2,26,22,48,29.0,14.150943,29.0,28.301887,100.0,50.0,1.0,0.0,0.0,0.0,1.0,0.0,179.44,284.652174,73.944873,50.0,3.0
2026-06-24T08:01:37.358783672Z,1000,per_hit,raw_percent_of_host,api-node1,api-node2,37,15,52,29.0,13.084112,29.0,26.168224,100.0,50.0,1.0,2.0,0.0,0.0,1.0,2.0,222.972973,147.307692,71.340417,29.569693,3.0
2026-06-24T08:01:38.358784369Z,1000,per_hit,raw_percent_of_host,api-node1,api-node2,25,24,49,27.678571,17.924528,27.678571,35.849057,100.0,50.0,1.0,1.0,0.0,0.0,1.0,1.0,211.56,254.8,50.506758,50.024615,3.0
2026-06-24T08:01:39.358796561Z,1000,per_hit,raw_percent_of_host,api-node1,api-node2,26,22,48,29.0,18.095238,29.0,36.190476,100.0,50.0,2.0,0.0,0.0,0.0,2.0,0.0,149.48,265.304348,76.39182,49.399828,3.0
2026-06-24T08:01:40.35878564Z,1000,per_hit,raw_percent_of_host,api-node1,api-node2,24,22,46,29.72973,15.740741,29.72973,31.481481,100.0,50.0,1.0,0.0,0.0,0.0,1.0,0.0,179.52,372.181818,51.121063,65.58856,3.0
2026-06-24T08:01:41.358784556Z,1000,per_hit,raw_percent_of_host,api-node1,api-node2,39,6,45,31.313131,10.377358,31.313131,20.754717,100.0,50.0,0.0,0.0,0.0,0.0,0.0,0.0,263.825,108.0,70.06503,25.22205,3.0
2026-06-24T08:01:42.358784761Z,1000,per_hit,raw_percent_of_host,api-node1,api-node2,21,23,44,32.673267,15.88785,32.673267,31.775701,100.0,50.0,0.0,0.0,0.0,0.0,0.0,0.0,130.52381,224.304348,49.398321,77.275408,3.0
2026-06-24T08:01:43.358784054Z,1000,per_hit,raw_percent_of_host,api-node1,api-node2,27,16,43,31.313131,15.88785,31.313131,31.775701,100.0,50.0,0.0,0.0,0.0,0.0,0.0,0.0,214.037037,253.5625,74.229811,69.740846,3.0
2026-06-24T08:01:44.358783685Z,1000,per_hit,raw_percent_of_host,api-node1,api-node2,26,16,42,32.673267,14.150943,32.673267,28.301887,100.0,50.0,0.0,0.0,0.0,0.0,0.0,0.0,154.846154,138.0625,75.187989,67.438349,3.0
2026-06-24T08:01:45.358783819Z,1000,per_hit,raw_percent_of_host,api-node1,api-node2,21,20,41,31.25,18.867925,31.25,37.735849,100.0,50.0,0.0,0.0,0.0,0.0,0.0,0.0,185.333333,203.75,70.071181,67.039917,3.0
2026-06-24T08:01:46.358783929Z,1000,per_hit,raw_percent_of_host,api-node1,api-node2,21,19,40,30.434783,18.691589,30.434783,37.383178,100.0,50.0,0.0,0.0,0.0,0.0,0.0,0.0,118.238095,200.894737,70.912034,49.689365,3.0
2026-06-24T08:01:47.358783601Z,1000,per_hit,raw_percent_of_host,api-node1,api-node2,20,19,39,32.0,14.150943,32.0,28.301887,100.0,50.0,0.0,0.0,0.0,0.0,0.0,0.0,157.85,231.631579,73.1658,68.098593,3.0
2026-06-24T08:01:48.358783834Z,1000,per_hit,raw_percent_of_host,api-node1,api-node2,29,9,38,32.673267,14.285714,32.673267,28.571429,100.0,50.0,0.0,0.0,0.0,0.0,0.0,0.0,186.310345,92.555556,74.891596,50.695474,3.0
2026-06-24T08:01:49.358784761Z,1000,per_hit,raw_percent_of_host,api-node1,api-node2,20,17,37,29.0,18.867925,29.0,37.735849,100.0,50.0,0.0,0.0,0.0,0.0,0.0,0.0,169.8,210.529412,74.390461,77.411105,3.0
2026-06-24T08:01:50.358783516Z,1000,per_hit,raw_percent_of_host,api-node1,api-node2,19,16,35,31.313131,14.285714,31.313131,28.571429,100.0,50.0,0.0,0.0,0.0,0.0,0.0,0.0,94.894737,244.125,77.629515,65.580355,3.0
2026-06-24T08:01:51.358784815Z,1000,per_hit,raw_percent_of_host,api-node1,api-node2,19,15,34,33.663366,17.924528,33.663366,35.849057,100.0,50.0,0.0,0.0,0.0,0.0,0.0,0.0,120.157895,222.933333,73.83425,50.509253,3.0
2026-06-24T08:01:52.358784573Z,1000,per_hit,raw_percent_of_host,api-node1,api-node2,21,12,33,29.70297,18.867925,29.70297,37.735849,100.0,50.0,0.0,0.0,0.0,0.0,0.0,0.0,156.095238,136.916667,74.827637,49.739028,3.0
2026-06-24T08:01:53.358787492Z,1000,per_hit,raw_percent_of_host,api-node1,api-node2,14,18,32,28.712871,19.626168,28.712871,39.252336,100.0,50.0,0.0,0.0,0.0,0.0,0.0,0.0,86.571429,255.0,80.959446,76.626041,3.0
2026-06-24T08:01:54.358787158Z,1000,per_hit,raw_percent_of_host,api-node1,api-node2,17,13,30,29.72973,15.09434,29.72973,30.188679,100.0,50.0,0.0,0.0,0.0,0.0,0.0,0.0,118.0,190.0,80.117713,70.357204,3.0
2026-06-24T08:01:55.35878434Z,1000,per_hit,raw_percent_of_host,api-node1,api-node2,15,15,30,32.673267,15.740741,32.673267,31.481481,100.0,50.0,0.0,0.0,0.0,0.0,0.0,0.0,93.866667,161.666667,78.417934,69.44298,3.0
2026-06-24T08:01:56.358791468Z,1000,per_hit,raw_percent_of_host,api-node1,api-node2,20,9,29,28.571429,16.037736,28.571429,32.075472,100.0,50.0,0.0,0.0,0.0,0.0,0.0,0.0,136.05,135.222222,80.268237,79.596892,3.0
2026-06-24T08:01:57.358790193Z,1000,per_hit,raw_percent_of_host,api-node1,api-node2,16,12,28,27.678571,16.82243,27.678571,33.64486,100.0,50.0,0.0,0.0,0.0,0.0,0.0,0.0,119.3125,168.916667,75.994024,77.815345,3.0
2026-06-24T08:01:58.358787049Z,1000,per_hit,raw_percent_of_host,api-node1,api-node2,15,12,27,29.0,17.924528,29.0,35.849057,100.0,50.0,0.0,0.0,0.0,0.0,0.0,0.0,106.066667,167.75,79.167504,79.254052,3.0
2026-06-24T08:01:59.358788058Z,1000,per_hit,raw_percent_of_host,api-node1,api-node2,12,14,26,27.0,20.37037,27.0,40.740741,100.0,50.0,0.0,0.0,0.0,0.0,0.0,0.0,86.916667,158.142857,77.872634,78.122698,3.0
2026-06-24T08:02:00.35878843Z,1000,per_hit,raw_percent_of_host,api-node1,api-node2,10,15,25,31.313131,14.150943,31.313131,28.301887,100.0,50.0,0.0,0.0,0.0,0.0,0.0,0.0,87.1,192.533333,79.692773,76.132098,3.0
2026-06-24T08:02:01.358784684Z,1000,per_hit,raw_percent_of_host,api-node1,api-node2,13,11,24,25.892857,18.867925,25.892857,37.735849,100.0,50.0,0.0,0.0,0.0,0.0,0.0,0.0,116.384615,134.818182,70.837707,77.587839,3.0
2026-06-24T08:02:02.35878363Z,1000,per_hit,raw_percent_of_host,api-node1,api-node2,13,10,23,32.673267,12.264151,32.673267,24.528302,100.0,50.0,0.0,0.0,0.0,0.0,0.0,0.0,90.076923,187.4,77.335114,45.039378,3.0
2026-06-24T08:02:03.358787665Z,1000,per_hit,raw_percent_of_host,api-node1,api-node2,11,11,22,24.242424,18.867925,24.242424,37.735849,100.0,50.0,0.0,0.0,0.0,0.0,0.0,0.0,119.181818,134.727273,77.945632,78.956913,3.0
2026-06-24T08:02:04.358787411Z,1000,per_hit,raw_percent_of_host,api-node1,api-node2,10,11,21,31.683168,14.285714,31.683168,28.571429,100.0,50.0,0.0,0.0,0.0,0.0,0.0,0.0,82.1,181.181818,78.458186,77.989913,3.0
2026-06-24T08:02:05.358785138Z,1000,per_hit,raw_percent_of_host,api-node1,api-node2,10,10,20,28.712871,18.867925,28.712871,37.735849,100.0,50.0,0.0,0.0,0.0,0.0,0.0,0.0,70.6,126.2,78.817001,79.575184,3.0
2026-06-24T08:02:06.358788673Z,1000,per_hit,raw_percent_of_host,api-node1,api-node2,10,10,20,26.732673,18.867925,26.732673,37.735849,100.0,50.0,0.0,0.0,0.0,0.0,0.0,0.0,86.1,122.4,80.774338,78.945386,3.0
2026-06-24T08:02:07.358784512Z,1000,per_hit,raw_percent_of_host,api-node1,api-node2,6,13,19,22.44898,17.431193,22.44898,34.862385,100.0,50.0,0.0,0.0,0.0,0.0,0.0,0.0,55.833333,173.230769,80.683482,72.970582,3.0
2026-06-24T08:02:08.358783718Z,1000,per_hit,raw_percent_of_host,api-node1,api-node2,13,4,17,32.352941,11.0,32.352941,22.0,100.0,50.0,0.0,0.0,0.0,0.0,0.0,0.0,95.769231,77.5,79.334164,52.751423,3.0
2026-06-24T08:02:09.358786933Z,1000,per_hit,raw_percent_of_host,api-node1,api-node2,11,7,18,25.742574,10.377358,25.742574,20.754717,100.0,50.0,0.0,0.0,0.0,0.0,0.0,0.0,74.272727,140.428571,77.596125,76.848752,3.0
2026-06-24T08:02:10.35879122Z,1000,per_hit,raw_percent_of_host,api-node1,api-node2,10,7,17,20.20202,14.150943,20.20202,28.301887,100.0,50.0,0.0,0.0,0.0,0.0,0.0,0.0,81.9,108.857143,78.710082,80.084741,3.0
2026-06-24T08:02:11.358786393Z,1000,per_hit,raw_percent_of_host,api-node1,api-node2,8,8,16,24.0,9.52381,24.0,19.047619,100.0,50.0,0.0,0.0,0.0,0.0,0.0,0.0,57.0,118.375,81.527764,55.373933,3.0
2026-06-24T08:02:12.358784709Z,1000,per_hit,raw_percent_of_host,api-node1,api-node2,10,5,15,28.0,10.280374,28.0,20.560748,100.0,50.0,0.0,0.0,0.0,0.0,0.0,0.0,80.1,123.6,79.884676,53.708337,3.0
2026-06-24T08:02:13.358787151Z,1000,per_hit,raw_percent_of_host,api-node1,api-node2,6,9,15,17.171717,11.320755,17.171717,22.641509,100.0,50.0,0.0,0.0,0.0,0.0,0.0,0.0,73.833333,157.555556,79.715659,69.286434,3.0
2026-06-24T08:02:14.358784798Z,1000,per_hit,raw_percent_of_host,api-node1,api-node2,4,10,14,14.141414,11.320755,14.141414,22.641509,100.0,50.0,0.0,0.0,0.0,0.0,0.0,0.0,50.0,188.3,81.208066,51.65289,3.0
2026-06-24T08:02:15.35878495Z,1000,per_hit,raw_percent_of_host,api-node1,api-node2,11,3,14,28.431373,11.0,28.431373,22.0,100.0,50.0,0.0,0.0,0.0,0.0,0.0,0.0,87.363636,121.0,79.873131,52.460549,3.0
2026-06-24T08:02:16.358784027Z,1000,per_hit,raw_percent_of_host,api-node1,api-node2,12,1,13,31.683168,5.050505,31.683168,10.10101,100.0,50.0,0.0,0.0,0.0,0.0,0.0,0.0,94.916667,50.0,78.857415,78.914222,3.0
2026-06-24T08:02:17.358783651Z,1000,per_hit,raw_percent_of_host,api-node1,api-node2,8,5,13,26.262626,14.018692,26.262626,28.037383,100.0,50.0,0.0,0.0,0.0,0.0,0.0,0.0,77.75,102.0,76.256866,78.805717,3.0
2026-06-24T08:02:18.35878417Z,1000,per_hit,raw_percent_of_host,api-node1,api-node2,5,7,12,19.191919,13.207547,19.191919,26.415094,100.0,50.0,0.0,0.0,0.0,0.0,0.0,0.0,62.8,110.428571,78.474659,78.971867,3.0
2026-06-24T08:02:19.358783752Z,1000,per_hit,raw_percent_of_host,api-node1,api-node2,7,5,12,22.222222,16.037736,22.222222,32.075472,100.0,50.0,0.0,0.0,0.0,0.0,0.0,0.0,60.857143,109.2,82.575298,78.938339,3.0
2026-06-24T08:02:20.358787563Z,1000,per_hit,raw_percent_of_host,api-node1,api-node2,8,3,11,28.15534,10.377358,28.15534,20.754717,100.0,50.0,0.0,0.0,0.0,0.0,0.0,0.0,57.25,92.0,82.173359,73.969991,3.0
2026-06-24T08:02:21.358783714Z,1000,per_hit,raw_percent_of_host,api-node1,api-node2,5,6,11,19.0,13.207547,19.0,26.415094,100.0,50.0,0.0,0.0,0.0,0.0,0.0,0.0,68.2,94.666667,80.818761,78.958143,3.0
2026-06-24T08:02:22.358784098Z,1000,per_hit,raw_percent_of_host,api-node1,api-node2,7,4,11,24.752475,12.149533,24.752475,24.299065,100.0,50.0,0.0,0.0,0.0,0.0,0.0,0.0,73.428571,98.75,80.195109,54.867609,3.0
2026-06-24T08:02:23.358783874Z,1000,per_hit,raw_percent_of_host,api-node1,api-node2,6,5,11,20.20202,15.740741,20.20202,31.481481,100.0,50.0,0.0,0.0,0.0,0.0,0.0,0.0,58.0,90.6,80.95203,79.140367,3.0
2026-06-24T08:02:24.358784751Z,1000,per_hit,raw_percent_of_host,api-node1,api-node2,7,3,10,25.490196,9.52381,25.490196,19.047619,100.0,50.0,0.0,0.0,0.0,0.0,0.0,0.0,66.142857,99.666667,80.634949,56.075739,3.0
2026-06-24T08:02:25.358785245Z,1000,per_hit,raw_percent_of_host,api-node1,api-node2,8,2,10,24.0,6.060606,24.0,12.121212,100.0,50.0,0.0,0.0,0.0,0.0,0.0,0.0,65.125,50.0,80.805157,75.512056,3.0
2026-06-24T08:02:26.358783624Z,1000,per_hit,raw_percent_of_host,api-node1,api-node2,6,4,10,19.387755,13.0,19.387755,26.0,100.0,50.0,0.0,0.0,0.0,0.0,0.0,0.0,61.333333,50.0,80.218387,82.463184,3.0
2026-06-24T08:02:27.358783474Z,1000,per_hit,raw_percent_of_host,api-node1,api-node2,2,8,10,10.10101,14.953271,10.10101,29.906542,100.0,50.0,0.0,0.0,0.0,0.0,0.0,0.0,50.0,107.0,79.4266,80.309462,3.0
2026-06-24T08:02:28.358783675Z,1000,per_hit,raw_percent_of_host,api-node1,api-node2,2,8,10,10.10101,16.666667,10.10101,33.333333,100.0,50.0,0.0,0.0,0.0,0.0,0.0,0.0,50.0,125.5,83.325572,77.59169,3.0
2026-06-24T08:02:29.358783777Z,1000,per_hit,raw_percent_of_host,api-node1,api-node2,7,3,10,25.742574,6.060606,25.742574,12.121212,100.0,50.0,0.0,0.0,0.0,0.0,0.0,0.0,52.571429,59.0,80.709298,72.545712,3.0
2026-06-24T08:02:30.35878717Z,1000,per_hit,raw_percent_of_host,api-node1,api-node2,3,7,10,11.111111,14.953271,11.111111,29.906542,100.0,50.0,0.0,0.0,0.0,0.0,0.0,0.0,50.0,120.428571,80.855088,80.435818,3.0
2026-06-24T08:02:31.358784761Z,1000,per_hit,raw_percent_of_host,api-node1,api-node2,5,5,10,21.212121,9.52381,21.212121,19.047619,100.0,50.0,0.0,0.0,0.0,0.0,0.0,0.0,60.6,113.0,81.012319,55.813553,3.0
2026-06-24T08:02:32.358787039Z,1000,per_hit,raw_percent_of_host,api-node1,api-node2,5,5,10,18.0,11.111111,18.0,22.222222,100.0,50.0,0.0,0.0,0.0,0.0,0.0,0.0,66.4,57.8,81.285679,81.91717,3.0
2026-06-24T08:02:33.358788138Z,1000,per_hit,raw_percent_of_host,api-node1,api-node2,6,5,11,16.161616,12.149533,16.161616,24.299065,100.0,50.0,0.0,0.0,0.0,0.0,0.0,0.0,50.0,117.4,79.678561,78.16293,3.0
2026-06-24T08:02:34.358784998Z,1000,per_hit,raw_percent_of_host,api-node1,api-node2,9,2,11,22.222222,11.0,22.222222,22.0,100.0,50.0,0.0,0.0,0.0,0.0,0.0,0.0,75.444444,63.0,81.972601,78.905813,3.0
2026-06-24T08:02:35.358783419Z,1000,per_hit,raw_percent_of_host,api-node1,api-node2,4,7,11,11.111111,16.037736,11.111111,32.075472,100.0,50.0,0.0,0.0,0.0,0.0,0.0,0.0,71.25,94.428571,81.871013,79.536121,3.0
2026-06-24T08:02:36.358788541Z,1000,per_hit,raw_percent_of_host,api-node1,api-node2,4,7,11,15.151515,13.207547,15.151515,26.415094,100.0,50.0,0.0,0.0,0.0,0.0,0.0,0.0,51.5,67.142857,80.423733,79.39709,3.0
2026-06-24T08:02:37.358786565Z,1000,per_hit,raw_percent_of_host,api-node1,api-node2,8,4,12,22.222222,9.52381,22.222222,19.047619,100.0,50.0,0.0,0.0,0.0,0.0,0.0,0.0,50.0,115.25,81.587736,75.668236,3.0
2026-06-24T08:02:38.358788094Z,1000,per_hit,raw_percent_of_host,api-node1,api-node2,8,4,12,18.181818,11.320755,18.181818,22.641509,100.0,50.0,0.0,0.0,0.0,0.0,0.0,0.0,60.0,100.5,80.874114,78.965622,3.0
2026-06-24T08:02:39.358798599Z,1000,per_hit,raw_percent_of_host,api-node1,api-node2,9,4,13,22.222222,7.0,22.222222,14.0,100.0,50.0,0.0,0.0,0.0,0.0,0.0,0.0,63.333333,57.75,81.156125,82.992912,3.0
2026-06-24T08:02:40.358783636Z,1000,per_hit,raw_percent_of_host,api-node1,api-node2,8,5,13,21.0,14.285714,21.0,28.571429,100.0,50.0,0.0,0.0,0.0,0.0,0.0,0.0,60.25,77.4,81.106769,72.986719,3.0
2026-06-24T08:02:41.358784852Z,1000,per_hit,raw_percent_of_host,api-node1,api-node2,8,5,13,18.181818,16.161616,18.181818,32.323232,100.0,50.0,0.0,0.0,0.0,0.0,0.0,0.0,63.125,89.4,81.555649,73.557694,3.0
2026-06-24T08:02:42.358786509Z,1000,per_hit,raw_percent_of_host,api-node1,api-node2,7,7,14,23.0,10.10101,23.0,20.20202,100.0,50.0,0.0,0.0,0.0,0.0,0.0,0.0,63.714286,61.142857,80.966552,79.970328,3.0
2026-06-24T08:02:43.3587849Z,1000,per_hit,raw_percent_of_host,api-node1,api-node2,10,5,15,23.0,10.10101,23.0,20.20202,100.0,50.0,0.0,0.0,0.0,0.0,0.0,0.0,63.8,54.6,80.472451,79.392671,3.0
2026-06-24T08:02:44.358788031Z,1000,per_hit,raw_percent_of_host,api-node1,api-node2,5,10,15,10.10101,15.09434,10.10101,30.188679,100.0,50.0,0.0,0.0,0.0,0.0,0.0,0.0,68.4,120.1,81.017847,66.682451,3.0
2026-06-24T08:02:45.358783608Z,1000,per_hit,raw_percent_of_host,api-node1,api-node2,8,8,16,19.191919,14.285714,19.191919,28.571429,100.0,50.0,0.0,0.0,0.0,0.0,0.0,0.0,71.375,101.5,80.045744,73.9953,3.0
2026-06-24T08:02:46.358784763Z,1000,per_hit,raw_percent_of_host,api-node1,api-node2,9,7,16,17.171717,11.320755,17.171717,22.641509,100.0,50.0,0.0,0.0,0.0,0.0,0.0,0.0,66.0,110.285714,81.387233,66.401855,3.0
2026-06-24T08:02:47.35878626Z,1000,per_hit,raw_percent_of_host,api-node1,api-node2,9,8,17,19.191919,13.207547,19.191919,26.415094,100.0,50.0,0.0,0.0,0.0,0.0,0.0,0.0,71.555556,91.625,80.544766,65.901369,3.0
2026-06-24T08:02:48.358794682Z,1000,per_hit,raw_percent_of_host,api-node1,api-node2,9,9,18,22.772277,9.090909,22.772277,18.181818,100.0,50.0,0.0,0.0,0.0,0.0,0.0,0.0,57.666667,111.111111,79.794891,63.538398,3.0
2026-06-24T08:02:49.358784446Z,1000,per_hit,raw_percent_of_host,api-node1,api-node2,11,8,19,22.44898,10.280374,22.44898,20.560748,100.0,50.0,0.0,0.0,0.0,0.0,0.0,0.0,68.727273,103.5,79.432404,71.286824,3.0
2026-06-24T08:02:50.358784981Z,1000,per_hit,raw_percent_of_host,api-node1,api-node2,12,7,19,20.0,11.111111,20.0,22.222222,100.0,50.0,0.0,0.0,0.0,0.0,0.0,0.0,81.333333,83.285714,76.889511,63.474157,3.0
2026-06-24T08:02:51.358785202Z,1000,per_hit,raw_percent_of_host,api-node1,api-node2,12,8,20,24.0,11.0,24.0,22.0,100.0,50.0,0.0,0.0,0.0,0.0,0.0,0.0,66.25,108.625,76.830472,66.950326,3.0
2026-06-24T08:02:52.358788261Z,1000,per_hit,raw_percent_of_host,api-node1,api-node2,13,8,21,17.0,11.320755,17.0,22.641509,100.0,50.0,0.0,0.0,0.0,0.0,0.0,0.0,78.846154,104.125,80.765347,58.667544,3.0
2026-06-24T08:02:53.358784777Z,1000,per_hit,raw_percent_of_host,api-node1,api-node2,12,10,22,13.0,15.238095,13.0,30.47619,100.0,50.0,0.0,0.0,0.0,0.0,0.0,0.0,93.416667,102.1,69.462779,58.5067,3.0
2026-06-24T08:02:54.358784757Z,1000,per_hit,raw_percent_of_host,api-node1,api-node2,12,11,23,18.0,11.320755,18.0,22.641509,100.0,50.0,0.0,1.0,0.0,0.0,0.0,1.0,93.916667,104.5,76.077283,62.411101,3.0
2026-06-24T08:02:55.358786702Z,1000,per_hit,raw_percent_of_host,api-node1,api-node2,14,10,24,22.772277,9.090909,22.772277,18.181818,100.0,50.0,0.0,0.0,0.0,0.0,0.0,0.0,90.071429,103.636364,71.599211,67.252816,3.0
2026-06-24T08:02:56.358784119Z,1000,per_hit,raw_percent_of_host,api-node1,api-node2,13,12,25,15.151515,10.377358,15.151515,20.754717,100.0,50.0,0.0,1.0,0.0,0.0,0.0,1.0,87.384615,96.181818,75.144176,76.441706,3.0
2026-06-24T08:02:57.358785804Z,1000,per_hit,raw_percent_of_host,api-node1,api-node2,17,9,26,21.0,10.0,21.0,20.0,100.0,50.0,0.0,0.0,0.0,0.0,0.0,0.0,93.941176,105.3,71.997281,68.193195,3.0
2026-06-24T08:02:58.358788222Z,1000,per_hit,raw_percent_of_host,api-node1,api-node2,13,14,27,20.20202,10.0,20.20202,20.0,100.0,50.0,0.0,4.0,0.0,0.0,0.0,4.0,82.230769,101.4,73.198068,68.042557,3.0
2026-06-24T08:02:59.358785259Z,1000,per_hit,raw_percent_of_host,api-node1,api-node2,17,11,28,21.0,10.47619,21.0,20.952381,100.0,50.0,0.0,0.0,0.0,0.0,0.0,0.0,112.470588,141.666667,76.18545,47.611345,3.0
2026-06-24T08:03:00.35878384Z,1000,per_hit,raw_percent_of_host,api-node1,api-node2,15,14,29,17.171717,9.52381,17.171717,19.047619,100.0,50.0,0.0,2.0,0.0,0.0,0.0,2.0,119.066667,124.833333,69.337645,65.374403,3.0
2026-06-24T08:03:01.35878738Z,1000,per_hit,raw_percent_of_host,api-node1,api-node2,17,13,30,25.252525,7.0,25.252525,14.0,100.0,50.0,0.0,5.0,0.0,0.0,0.0,5.0,87.941176,131.9,74.835458,69.671319,3.0
2026-06-24T08:03:02.358786966Z,1000,per_hit,raw_percent_of_host,api-node1,api-node2,18,13,31,19.191919,10.10101,19.191919,20.20202,100.0,50.0,0.0,1.0,0.0,0.0,0.0,1.0,121.111111,134.058824,70.518293,69.071958,3.0
2026-06-24T08:03:03.358785381Z,1000,per_hit,raw_percent_of_host,api-node1,api-node2,20,12,32,21.428571,9.0,21.428571,18.0,100.0,50.0,0.0,1.0,0.0,0.0,0.0,1.0,125.9,99.25,68.531608,67.678672,3.0
2026-06-24T08:03:04.358785731Z,1000,per_hit,raw_percent_of_host,api-node1,api-node2,19,14,33,24.242424,6.0,24.242424,12.0,100.0,50.0,0.0,11.0,0.0,0.0,0.0,11.0,103.263158,108.25,67.60142,70.161089,3.0
2026-06-24T08:03:05.358785673Z,1000,per_hit,raw_percent_of_host,api-node1,api-node2,17,17,34,16.831683,13.829787,16.831683,27.659574,100.0,50.0,0.0,6.0,0.0,0.0,0.0,6.0,110.647059,175.545455,73.945802,64.296863,3.0
2026-06-24T08:03:06.358795385Z,1000,per_hit,raw_percent_of_host,api-node1,api-node2,20,15,35,19.80198,14.150943,19.80198,28.301887,100.0,50.0,1.0,4.0,0.0,0.0,1.0,4.0,141.947368,157.882353,74.196015,48.171322,3.0
2026-06-24T08:03:07.358783881Z,1000,per_hit,raw_percent_of_host,api-node1,api-node2,18,18,36,13.861386,10.47619,13.861386,20.952381,100.0,50.0,0.0,6.0,0.0,0.0,0.0,6.0,123.947368,156.3125,71.965558,55.566534,3.0
2026-06-24T08:03:08.358784493Z,1000,per_hit,raw_percent_of_host,api-node1,api-node2,18,19,37,16.161616,8.602151,16.161616,17.204301,100.0,50.0,0.0,7.0,0.0,0.0,0.0,7.0,101.777778,140.222222,69.149482,71.435,3.0
2026-06-24T08:03:09.358784424Z,1000,per_hit,raw_percent_of_host,api-node1,api-node2,24,15,39,25.0,7.0,25.0,14.0,100.0,50.0,5.0,10.0,0.0,0.0,5.0,10.0,116.421053,174.416667,72.440901,67.608344,3.0
2026-06-24T08:03:10.358784675Z,1000,per_hit,raw_percent_of_host,api-node1,api-node2,23,17,40,18.367347,16.831683,18.367347,33.663366,100.0,50.0,4.0,9.0,0.0,0.0,4.0,9.0,152.916667,167.0,70.445731,44.768919,3.0
2026-06-24T08:03:11.358785876Z,1000,per_hit,raw_percent_of_host,api-node1,api-node2,26,15,41,14.141414,17.0,14.141414,34.0,100.0,50.0,7.0,3.0,0.0,0.0,7.0,3.0,165.695652,166.238095,68.57159,49.730652,3.0
2026-06-24T08:03:12.358784887Z,1000,per_hit,raw_percent_of_host,api-node1,api-node2,23,19,42,19.80198,16.0,19.80198,32.0,100.0,50.0,1.0,7.0,0.0,0.0,1.0,7.0,163.758621,122.866667,68.272243,45.442579,3.0
2026-06-24T08:03:13.358785015Z,1000,per_hit,raw_percent_of_host,api-node1,api-node2,19,24,43,15.151515,10.377358,15.151515,20.754717,100.0,50.0,0.0,15.0,0.0,0.0,0.0,15.0,135.05,161.1875,72.48836,62.252941,3.0
2026-06-24T08:03:14.358785095Z,1000,per_hit,raw_percent_of_host,api-node1,api-node2,23,21,44,12.121212,22.0,12.121212,44.0,100.0,50.0,3.0,13.0,0.0,0.0,3.0,13.0,143.7,264.086957,72.673806,44.876743,3.0
2026-06-24T08:03:15.358784838Z,1000,per_hit,raw_percent_of_host,api-node1,api-node2,29,16,45,17.0,15.151515,17.0,30.30303,100.0,50.0,21.0,8.0,0.0,0.0,21.0,8.0,113.090909,181.619048,70.065509,49.885882,3.0
2026-06-24T08:03:16.358784613Z,1000,per_hit,raw_percent_of_host,api-node1,api-node2,22,24,46,10.309278,13.0,10.309278,26.0,100.0,50.0,6.0,14.0,0.0,0.0,6.0,14.0,212.540541,154.611111,68.062991,63.346912,3.0
2026-06-24T08:03:17.35878461Z,1000,per_hit,raw_percent_of_host,api-node1,api-node2,27,21,48,20.20202,16.326531,20.20202,32.653061,100.0,50.0,1.0,13.0,0.0,0.0,1.0,13.0,155.75,238.272727,70.74066,45.555748,3.0
2026-06-24T08:03:18.358785097Z,1000,per_hit,raw_percent_of_host,api-node1,api-node2,34,15,49,20.0,14.736842,20.0,29.473684,100.0,50.0,24.0,5.0,0.0,0.0,24.0,5.0,98.090909,203.130435,68.495796,60.467067,3.0
2026-06-24T08:03:19.358783989Z,1000,per_hit,raw_percent_of_host,api-node1,api-node2,32,18,50,18.181818,11.0,18.181818,22.0,100.0,50.0,21.0,12.0,0.0,0.0,21.0,12.0,206.542857,129.545455,70.782887,56.434926,3.0
2026-06-24T08:03:20.358784216Z,1000,per_hit,raw_percent_of_host,api-node1,api-node2,26,25,51,21.83908,5.376344,21.83908,10.752688,100.0,50.0,5.0,20.0,0.0,0.0,5.0,20.0,187.904762,171.176471,71.201518,69.098835,3.0
2026-06-24T08:03:21.358784807Z,1000,per_hit,raw_percent_of_host,api-node1,api-node2,32,20,52,20.408163,18.085106,20.408163,36.170213,100.0,50.0,22.0,13.0,0.0,0.0,22.0,13.0,132.866667,304.851852,69.15821,46.30646,3.0
2026-06-24T08:03:22.35878474Z,1000,per_hit,raw_percent_of_host,api-node1,api-node2,33,19,52,11.340206,15.151515,11.340206,30.30303,100.0,50.0,20.0,7.0,0.0,0.0,20.0,7.0,226.828571,171.48,68.635553,41.225893,3.0
2026-06-24T08:03:23.358783872Z,1000,per_hit,raw_percent_of_host,api-node1,api-node2,30,24,54,18.181818,17.821782,18.181818,35.643564,100.0,50.0,16.0,14.0,0.0,0.0,16.0,14.0,217.911765,147.235294,69.46993,49.681819,3.0
2026-06-24T08:03:24.358785849Z,1000,per_hit,raw_percent_of_host,api-node1,api-node2,29,26,55,10.227273,16.161616,10.227273,32.323232,100.0,50.0,10.0,18.0,0.0,0.0,10.0,18.0,187.485714,190.681818,68.342387,47.109085,3.0
2026-06-24T08:03:25.358784349Z,1000,per_hit,raw_percent_of_host,api-node1,api-node2,31,25,56,20.454545,13.978495,20.454545,27.956989,100.0,50.0,7.0,17.0,0.0,0.0,7.0,17.0,187.323529,228.884615,70.240976,59.246921,3.0
2026-06-24T08:03:26.358791418Z,1000,per_hit,raw_percent_of_host,api-node1,api-node2,34,23,57,22.44898,14.893617,22.44898,29.787234,100.0,50.0,26.0,15.0,0.0,0.0,26.0,15.0,132.133333,241.32,69.535658,58.372585,3.0
2026-06-24T08:03:27.358783966Z,1000,per_hit,raw_percent_of_host,api-node1,api-node2,33,25,58,22.222222,16.129032,22.222222,32.258065,100.0,50.0,18.0,19.0,0.0,0.0,18.0,19.0,210.512195,212.190476,66.937223,46.01364,3.0
2026-06-24T08:03:28.358785162Z,1000,per_hit,raw_percent_of_host,api-node1,api-node2,33,26,59,17.346939,23.0,17.346939,46.0,100.0,50.0,21.0,19.0,0.0,0.0,21.0,19.0,184.033333,315.230769,67.424313,47.68544,3.0
2026-06-24T08:03:29.358784511Z,1000,per_hit,raw_percent_of_host,api-node1,api-node2,32,28,60,19.0,12.903226,19.0,25.806452,100.0,50.0,21.0,19.0,0.0,0.0,21.0,19.0,210.65625,269.285714,66.804249,62.975746,3.0
2026-06-24T08:03:30.35878588Z,1000,per_hit,raw_percent_of_host,api-node1,api-node2,38,23,61,21.212121,20.20202,21.212121,40.40404,100.0,50.0,30.0,13.0,0.0,0.0,30.0,13.0,212.172414,290.448276,69.004948,45.519508,3.0
2026-06-24T08:03:31.358784336Z,1000,per_hit,raw_percent_of_host,api-node1,api-node2,26,36,62,14.141414,13.684211,14.141414,27.368421,100.0,50.0,12.0,26.0,0.0,0.0,12.0,26.0,223.840909,203.478261,70.133604,59.935799,3.0
2026-06-24T08:03:32.358784251Z,1000,per_hit,raw_percent_of_host,api-node1,api-node2,43,20,63,23.71134,20.652174,23.71134,41.304348,100.0,50.0,29.0,11.0,0.0,0.0,29.0,11.0,162.961538,318.171429,66.537384,45.866179,3.0
2026-06-24T08:03:33.358783888Z,1000,per_hit,raw_percent_of_host,api-node1,api-node2,35,29,64,28.282828,19.148936,28.282828,38.297872,100.0,50.0,24.0,22.0,0.0,0.0,24.0,22.0,241.2,221.333333,60.52851,46.511127,3.0
2026-06-24T08:03:34.358784766Z,1000,per_hit,raw_percent_of_host,api-node1,api-node2,34,31,65,15.463918,21.0,15.463918,42.0,100.0,50.0,30.0,22.0,0.0,0.0,30.0,22.0,245.285714,308.516129,70.369522,45.851297,3.0
2026-06-24T08:03:35.358784549Z,1000,per_hit,raw_percent_of_host,api-node1,api-node2,27,38,65,1.149425,21.212121,1.149425,42.424242,100.0,50.0,22.0,25.0,0.0,0.0,22.0,25.0,270.4,279.885714,71.692113,48.038531,3.0
2026-06-24T08:03:36.35878476Z,1000,per_hit,raw_percent_of_host,api-node1,api-node2,46,20,66,23.469388,17.021277,23.469388,34.042553,100.0,50.0,35.0,11.0,0.0,0.0,35.0,11.0,183.0,352.823529,65.910503,32.330661,3.0
2026-06-24T08:03:37.358784672Z,1000,per_hit,raw_percent_of_host,api-node1,api-node2,35,32,67,34.653465,10.752688,34.653465,21.505376,100.0,50.0,16.0,24.0,0.0,0.0,16.0,24.0,264.981481,203.368421,50.285738,66.659767,3.0
2026-06-24T08:03:38.35878548Z,1000,per_hit,raw_percent_of_host,api-node1,api-node2,44,24,68,22.44898,16.129032,22.44898,32.258065,100.0,50.0,26.0,18.0,0.0,0.0,26.0,18.0,173.0,370.033333,66.162391,35.608692,3.0
2026-06-24T08:03:39.35878426Z,1000,per_hit,raw_percent_of_host,api-node1,api-node2,40,28,68,34.52381,12.631579,34.52381,25.263158,100.0,50.0,29.0,24.0,0.0,0.0,29.0,24.0,215.594595,268.5,48.008747,52.679366,3.0
2026-06-24T08:03:40.358787633Z,1000,per_hit,raw_percent_of_host,api-node1,api-node2,48,21,69,26.530612,22.580645,26.530612,45.16129,100.0,50.0,36.0,13.0,0.0,0.0,36.0,13.0,226.731707,380.375,63.901922,46.651612,3.0
2026-06-24T08:03:41.358784068Z,1000,per_hit,raw_percent_of_host,api-node1,api-node2,41,29,70,28.282828,16.326531,28.282828,32.653061,100.0,50.0,32.0,21.0,0.0,0.0,32.0,21.0,300.644444,242.619048,59.625649,45.23613,3.0
2026-06-24T08:03:42.358784064Z,1000,per_hit,raw_percent_of_host,api-node1,api-node2,39,31,70,37.0,11.827957,37.0,23.655914,100.0,50.0,21.0,28.0,0.0,0.0,21.0,28.0,236.08,249.041667,47.91798,63.669404,3.0
2026-06-24T08:03:43.358784515Z,1000,per_hit,raw_percent_of_host,api-node1,api-node2,47,24,71,24.242424,23.157895,24.242424,46.315789,100.0,50.0,36.0,18.0,0.0,0.0,36.0,18.0,178.84375,355.235294,65.03026,46.471238,3.0
2026-06-24T08:03:44.35878502Z,1000,per_hit,raw_percent_of_host,api-node1,api-node2,41,30,71,25.510204,21.0,25.510204,42.0,100.0,50.0,29.0,18.0,0.0,0.0,29.0,18.0,292.0625,264.6,65.545915,46.366848,3.0
2026-06-24T08:03:45.358786227Z,1000,per_hit,raw_percent_of_host,api-node1,api-node2,39,33,72,43.820225,23.404255,43.820225,46.808511,100.0,50.0,26.0,29.0,0.0,0.0,26.0,29.0,264.452381,393.5,47.206109,46.725105,3.0
2026-06-24T08:03:46.358784206Z,1000,per_hit,raw_percent_of_host,api-node1,api-node2,41,31,72,20.408163,27.659574,20.408163,55.319149,100.0,50.0,27.0,22.0,0.0,0.0,27.0,22.0,229.8,502.105263,68.169351,46.403335,3.0
2026-06-24T08:03:47.358788203Z,1000,per_hit,raw_percent_of_host,api-node1,api-node2,38,35,73,13.402062,22.0,13.402062,44.0,100.0,50.0,31.0,24.0,0.0,0.0,31.0,24.0,248.323529,355.515152,67.6316,46.99748,3.0
2026-06-24T08:03:48.358784265Z,1000,per_hit,raw_percent_of_host,api-node1,api-node2,37,36,73,28.865979,21.782178,28.865979,43.564356,100.0,50.0,24.0,27.0,0.0,0.0,24.0,27.0,230.159091,323.939394,60.575319,47.072159,3.0
2026-06-24T08:03:49.358784541Z,1000,per_hit,raw_percent_of_host,api-node1,api-node2,51,23,74,37.777778,22.580645,37.777778,45.16129,100.0,50.0,34.0,21.0,0.0,0.0,34.0,21.0,218.926829,429.586207,49.503621,34.574216,3.0
2026-06-24T08:03:50.358784856Z,1000,per_hit,raw_percent_of_host,api-node1,api-node2,35,39,74,21.428571,22.0,21.428571,44.0,100.0,50.0,30.0,30.0,0.0,0.0,30.0,30.0,303.384615,340.5,66.387041,49.153846,3.0
2026-06-24T08:03:51.358784084Z,1000,per_hit,raw_percent_of_host,api-node1,api-node2,41,33,74,41.573034,11.764706,41.573034,23.529412,100.0,50.0,24.0,27.0,0.0,0.0,24.0,27.0,254.425532,495.361111,48.425469,53.970192,3.0
2026-06-24T08:03:52.358784692Z,1000,per_hit,raw_percent_of_host,api-node1,api-node2,45,29,74,28.409091,27.659574,28.409091,55.319149,100.0,50.0,39.0,22.0,0.0,0.0,39.0,22.0,228.2,424.323529,62.343882,46.951516,3.0
2026-06-24T08:03:53.358785493Z,1000,per_hit,raw_percent_of_host,api-node1,api-node2,40,35,75,26.804124,22.222222,26.804124,44.444444,100.0,50.0,29.0,23.0,0.0,0.0,29.0,23.0,277.64,261.441176,61.480366,47.399347,3.0
2026-06-24T08:03:54.358784812Z,1000,per_hit,raw_percent_of_host,api-node1,api-node2,44,31,75,25.773196,23.0,25.773196,46.0,100.0,50.0,35.0,19.0,0.0,0.0,35.0,19.0,265.684211,296.371429,61.363001,46.283395,3.0
2026-06-24T08:03:55.35878446Z,1000,per_hit,raw_percent_of_host,api-node1,api-node2,41,34,75,13.636364,25.252525,13.636364,50.505051,100.0,50.0,39.0,18.0,0.0,0.0,39.0,18.0,298.675676,302.371429,66.24679,46.584856,3.0
2026-06-24T08:03:56.358783873Z,1000,per_hit,raw_percent_of_host,api-node1,api-node2,42,33,75,27.272727,22.222222,27.272727,44.444444,100.0,50.0,27.0,25.0,0.0,0.0,27.0,25.0,311.055556,244.923077,60.612867,46.985146,3.0
2026-06-24T08:03:57.358784737Z,1000,per_hit,raw_percent_of_host,api-node1,api-node2,39,36,75,27.272727,26.470588,27.272727,52.941176,100.0,50.0,33.0,28.0,0.0,0.0,33.0,28.0,271.363636,394.090909,61.591916,46.404489,3.0
2026-06-24T08:03:58.358785527Z,1000,per_hit,raw_percent_of_host,api-node1,api-node2,47,28,75,35.353535,16.129032,35.353535,32.258065,100.0,50.0,32.0,22.0,0.0,0.0,32.0,22.0,283.8125,459.0,50.209516,36.959467,3.0
2026-06-24T08:03:59.358785037Z,1000,per_hit,raw_percent_of_host,api-node1,api-node2,39,36,75,28.282828,26.732673,28.282828,53.465347,100.0,50.0,34.0,28.0,0.0,0.0,34.0,28.0,295.135135,389.1,60.873418,46.337406,3.0
2026-06-24T08:04:00.358784261Z,1000,per_hit,raw_percent_of_host,api-node1,api-node2,46,29,75,29.292929,25.742574,29.292929,51.485149,100.0,50.0,32.0,24.0,0.0,0.0,32.0,24.0,283.75,373.090909,61.578875,46.617584,3.0
2026-06-24T08:04:01.358784923Z,1000,per_hit,raw_percent_of_host,api-node1,api-node2,39,36,75,29.292929,17.821782,29.292929,35.643564,100.0,50.0,32.0,25.0,0.0,0.0,32.0,25.0,302.282051,248.2,58.611019,48.436504,3.0
2026-06-24T08:04:02.358783826Z,1000,per_hit,raw_percent_of_host,api-node1,api-node2,42,33,75,23.863636,27.659574,23.863636,55.319149,100.0,50.0,28.0,26.0,0.0,0.0,28.0,26.0,250.456522,395.46875,63.58123,46.618562,3.0
2026-06-24T08:04:03.358784917Z,1000,per_hit,raw_percent_of_host,api-node1,api-node2,44,31,75,30.612245,12.903226,30.612245,25.806452,100.0,50.0,28.0,27.0,0.0,0.0,28.0,27.0,237.159091,356.0,47.779568,60.800999,3.0
2026-06-24T08:04:04.358784903Z,1000,per_hit,raw_percent_of_host,api-node1,api-node2,35,39,74,34.0,26.88172,34.0,53.763441,100.0,50.0,23.0,33.0,0.0,0.0,23.0,33.0,229.275,349.787879,48.07349,46.645218,3.0
2026-06-24T08:04:05.358784627Z,1000,per_hit,raw_percent_of_host,api-node1,api-node2,41,33,74,28.571429,26.732673,28.571429,53.465347,100.0,50.0,29.0,26.0,0.0,0.0,29.0,26.0,212.142857,507.5,59.290007,44.055057,3.0
2026-06-24T08:04:06.358786019Z,1000,per_hit,raw_percent_of_host,api-node1,api-node2,43,31,74,30.30303,23.404255,30.30303,46.808511,100.0,50.0,31.0,24.0,0.0,0.0,31.0,24.0,269.512195,412.909091,48.38198,47.231529,3.0
2026-06-24T08:04:07.358786292Z,1000,per_hit,raw_percent_of_host,api-node1,api-node2,44,30,74,29.591837,18.27957,29.591837,36.55914,100.0,50.0,32.0,24.0,0.0,0.0,32.0,24.0,282.209302,349.466667,59.613849,46.823014,3.0
2026-06-24T08:04:08.358785476Z,1000,per_hit,raw_percent_of_host,api-node1,api-node2,33,40,73,32.183908,25.742574,32.183908,51.485149,100.0,50.0,26.0,33.0,0.0,0.0,26.0,33.0,267.307692,340.258065,46.753639,47.058944,3.0
2026-06-24T08:04:09.358786842Z,1000,per_hit,raw_percent_of_host,api-node1,api-node2,45,28,73,41.414141,25.252525,41.414141,50.505051,100.0,50.0,37.0,20.0,0.0,0.0,37.0,20.0,251.529412,475.731707,47.936307,38.827108,3.0
2026-06-24T08:04:10.358786309Z,1000,per_hit,raw_percent_of_host,api-node1,api-node2,36,36,72,35.714286,25.742574,35.714286,51.485149,100.0,50.0,27.0,28.0,0.0,0.0,27.0,28.0,343.478261,381.035714,46.231361,47.167862,3.0
2026-06-24T08:04:11.358784562Z,1000,per_hit,raw_percent_of_host,api-node1,api-node2,38,34,72,26.436782,25.742574,26.436782,51.485149,100.0,50.0,23.0,24.0,0.0,0.0,23.0,24.0,222.214286,355.447368,62.039713,46.174079,3.0
2026-06-24T08:04:12.358785047Z,1000,per_hit,raw_percent_of_host,api-node1,api-node2,39,32,71,30.232558,21.505376,30.232558,43.010753,100.0,50.0,22.0,22.0,0.0,0.0,22.0,22.0,228.45,324.117647,46.711325,46.893619,3.0
2026-06-24T08:04:13.358784322Z,1000,per_hit,raw_percent_of_host,api-node1,api-node2,32,39,71,21.428571,25.252525,21.428571,50.505051,100.0,50.0,26.0,27.0,0.0,0.0,26.0,27.0,236.714286,358.941176,65.806631,46.850472,3.0
2026-06-24T08:04:14.358784502Z,1000,per_hit,raw_percent_of_host,api-node1,api-node2,44,26,70,21.590909,22.826087,21.590909,45.652174,100.0,50.0,33.0,19.0,0.0,0.0,33.0,19.0,197.189189,475.588235,67.031001,46.443766,3.0
2026-06-24T08:04:15.358784695Z,1000,per_hit,raw_percent_of_host,api-node1,api-node2,34,36,70,31.313131,12.765957,31.313131,25.531915,100.0,50.0,14.0,34.0,0.0,0.0,14.0,34.0,231.603774,377.428571,49.509795,60.555997,3.0
2026-06-24T08:04:16.358784722Z,1000,per_hit,raw_percent_of_host,api-node1,api-node2,44,25,69,22.0,26.0,22.0,52.0,100.0,50.0,32.0,18.0,0.0,0.0,32.0,18.0,148.538462,472.756098,65.733194,47.974529,3.0
2026-06-24T08:04:17.358785085Z,1000,per_hit,raw_percent_of_host,api-node1,api-node2,31,37,68,10.204082,22.54902,10.204082,45.098039,100.0,50.0,29.0,26.0,0.0,0.0,29.0,26.0,284.882353,270.724138,58.33806,48.598148,3.0
2026-06-24T08:04:18.358785381Z,1000,per_hit,raw_percent_of_host,api-node1,api-node2,28,40,68,33.333333,23.404255,33.333333,46.808511,100.0,50.0,6.0,33.0,0.0,0.0,6.0,33.0,227.117647,372.060606,49.403935,47.036047,3.0
2026-06-24T08:04:19.358784485Z,1000,per_hit,raw_percent_of_host,api-node1,api-node2,41,26,67,13.131313,26.0,13.131313,52.0,100.0,50.0,31.0,11.0,0.0,0.0,31.0,11.0,156.4375,478.75,70.449713,47.087317,3.0
2026-06-24T08:04:20.35878448Z,1000,per_hit,raw_percent_of_host,api-node1,api-node2,36,30,66,23.232323,12.871287,23.232323,25.742574,100.0,50.0,28.0,20.0,0.0,0.0,28.0,20.0,289.0,159.857143,66.159215,57.868373,3.0
2026-06-24T08:04:21.35878477Z,1000,per_hit,raw_percent_of_host,api-node1,api-node2,41,24,65,27.5,23.655914,27.5,47.311828,100.0,50.0,26.0,15.0,0.0,0.0,26.0,15.0,282.744186,343.724138,61.929396,46.526616,3.0
2026-06-24T08:04:22.358784048Z,1000,per_hit,raw_percent_of_host,api-node1,api-node2,31,34,65,27.0,22.222222,27.0,44.444444,100.0,50.0,14.0,23.0,0.0,0.0,14.0,23.0,209.255814,245.230769,61.874568,48.189063,3.0
2026-06-24T08:04:23.358784662Z,1000,per_hit,raw_percent_of_host,api-node1,api-node2,32,32,64,37.5,24.210526,37.5,48.421053,100.0,50.0,12.0,27.0,0.0,0.0,12.0,27.0,160.794118,355.142857,49.649336,46.228162,3.0
2026-06-24T08:04:24.358786718Z,1000,per_hit,raw_percent_of_host,api-node1,api-node2,42,21,63,21.782178,26.0,21.782178,52.0,100.0,50.0,30.0,13.0,0.0,0.0,30.0,13.0,158.583333,434.2,66.996787,44.831763,3.0
2026-06-24T08:04:25.358784402Z,1000,per_hit,raw_percent_of_host,api-node1,api-node2,37,25,62,26.582278,16.831683,26.582278,33.663366,100.0,50.0,27.0,14.0,0.0,0.0,27.0,14.0,277.975,196.875,61.880655,49.091144,3.0
2026-06-24T08:04:26.358784418Z,1000,per_hit,raw_percent_of_host,api-node1,api-node2,31,30,61,25.510204,20.212766,25.510204,40.425532,100.0,50.0,18.0,21.0,0.0,0.0,18.0,21.0,220.5,203.391304,63.729518,46.272921,3.0
2026-06-24T08:04:27.358783891Z,1000,per_hit,raw_percent_of_host,api-node1,api-node2,32,28,60,20.454545,22.580645,20.454545,45.16129,100.0,50.0,11.0,16.0,0.0,0.0,11.0,16.0,174.0,309.484848,69.788245,46.322998,3.0
2026-06-24T08:04:28.3587846Z,1000,per_hit,raw_percent_of_host,api-node1,api-node2,34,25,59,18.556701,19.148936,18.556701,38.297872,100.0,50.0,24.0,14.0,0.0,0.0,24.0,14.0,144.571429,276.703704,69.344971,47.914654,3.0
2026-06-24T08:04:29.358784561Z,1000,per_hit,raw_percent_of_host,api-node1,api-node2,29,29,58,31.818182,17.204301,31.818182,34.408602,100.0,50.0,15.0,20.0,0.0,0.0,15.0,20.0,217.289474,257.173913,49.770123,45.991815,3.0
2026-06-24T08:04:30.358786277Z,1000,per_hit,raw_percent_of_host,api-node1,api-node2,37,20,57,20.0,26.470588,20.0,52.941176,100.0,50.0,30.0,8.0,0.0,0.0,30.0,8.0,184.590909,335.90625,67.647932,46.580211,3.0
2026-06-24T08:04:31.358786473Z,1000,per_hit,raw_percent_of_host,api-node1,api-node2,20,29,49,11.111111,16.161616,11.111111,32.323232,100.0,50.0,18.0,17.0,0.0,0.0,18.0,17.0,291.0,158.9,40.037842,49.799908,3.0
2026-06-24T08:04:32.358784508Z,1000,per_hit,raw_percent_of_host,api-node1,api-node2,18,30,48,2.040816,20.20202,2.040816,40.40404,100.0,50.0,7.0,21.0,0.0,0.0,7.0,21.0,125.068966,246.076923,73.911346,45.957056,3.0
2026-06-24T08:04:33.358784708Z,1000,per_hit,raw_percent_of_host,api-node1,api-node2,34,24,58,40.206186,24.731183,40.206186,49.462366,100.0,50.0,6.0,13.0,0.0,0.0,6.0,13.0,104.742857,283.75,53.90532,44.202071,3.0
2026-06-24T08:04:34.35878415Z,1000,per_hit,raw_percent_of_host,api-node1,api-node2,31,21,52,41.836735,13.829787,41.836735,27.659574,100.0,50.0,6.0,10.0,0.0,0.0,6.0,10.0,105.935484,197.625,49.909469,62.519649,3.0
2026-06-24T08:04:35.358783654Z,1000,per_hit,raw_percent_of_host,api-node1,api-node2,25,27,52,29.0,23.958333,29.0,47.916667,100.0,50.0,4.0,9.0,0.0,0.0,4.0,9.0,104.888889,165.285714,61.198191,50.710295,3.0
2026-06-24T08:04:36.358785056Z,1000,per_hit,raw_percent_of_host,api-node1,api-node2,31,20,51,39.60396,21.505376,39.60396,43.010753,100.0,50.0,12.0,8.0,0.0,0.0,12.0,8.0,101.652174,139.0,49.824847,49.178525,3.0
2026-06-24T08:04:37.358783544Z,1000,per_hit,raw_percent_of_host,api-node1,api-node2,21,29,50,21.212121,25.742574,21.212121,51.485149,100.0,50.0,2.0,10.0,0.0,0.0,2.0,10.0,146.290323,149.0,64.888034,49.399629,3.0
2026-06-24T08:04:38.35878408Z,1000,per_hit,raw_percent_of_host,api-node1,api-node2,21,28,49,31.034483,26.88172,31.034483,53.763441,100.0,50.0,3.0,15.0,0.0,0.0,3.0,15.0,85.4,155.043478,52.650211,47.781073,3.0
2026-06-24T08:04:39.358783629Z,1000,per_hit,raw_percent_of_host,api-node1,api-node2,21,26,47,31.958763,25.252525,31.958763,50.505051,100.0,50.0,1.0,13.0,0.0,0.0,1.0,13.0,96.826087,186.25,49.479287,48.6449,3.0
2026-06-24T08:04:40.358783722Z,1000,per_hit,raw_percent_of_host,api-node1,api-node2,25,21,46,29.292929,25.0,29.292929,50.0,100.0,50.0,3.0,9.0,0.0,0.0,3.0,9.0,94.782609,174.08,59.35449,48.939221,3.0
2026-06-24T08:04:41.358783444Z,1000,per_hit,raw_percent_of_host,api-node1,api-node2,33,12,45,38.613861,5.376344,38.613861,10.752688,100.0,50.0,3.0,6.0,0.0,0.0,3.0,6.0,100.757576,178.666667,50.105922,53.592327,3.0
2026-06-24T08:04:42.35878443Z,1000,per_hit,raw_percent_of_host,api-node1,api-node2,27,17,44,37.0,19.148936,37.0,38.297872,100.0,50.0,2.0,10.0,0.0,0.0,2.0,10.0,93.5,123.0,49.780052,49.740886,3.0
2026-06-24T08:04:43.358784632Z,1000,per_hit,raw_percent_of_host,api-node1,api-node2,23,20,43,27.272727,24.468085,27.272727,48.93617,100.0,50.0,4.0,5.0,0.0,0.0,4.0,5.0,98.428571,129.84,62.149067,49.499934,3.0
2026-06-24T08:04:44.358783767Z,1000,per_hit,raw_percent_of_host,api-node1,api-node2,15,20,35,23.469388,23.913043,23.469388,47.826087,100.0,50.0,5.0,10.0,0.0,0.0,5.0,10.0,89.071429,98.8,65.084881,50.0,3.0
2026-06-24T08:04:45.358783775Z,1000,per_hit,raw_percent_of_host,api-node1,api-node2,20,22,42,38.613861,22.826087,38.613861,45.652174,100.0,50.0,0.0,14.0,0.0,0.0,0.0,14.0,71.28,127.666667,60.719727,49.795276,3.0
2026-06-24T08:04:46.358786195Z,1000,per_hit,raw_percent_of_host,api-node1,api-node2,20,17,37,37.755102,22.826087,37.755102,45.652174,100.0,50.0,7.0,7.0,0.0,0.0,7.0,7.0,61.076923,237.625,50.0,47.02732,3.0
2026-06-24T08:04:47.358784136Z,1000,per_hit,raw_percent_of_host,api-node1,api-node2,21,15,36,43.434343,20.652174,43.434343,41.304348,100.0,50.0,3.0,8.0,0.0,0.0,3.0,8.0,79.4,116.0,54.400065,49.793874,3.0
2026-06-24T08:04:48.358785312Z,1000,per_hit,raw_percent_of_host,api-node1,api-node2,18,21,39,28.282828,22.340426,28.282828,44.680851,100.0,50.0,2.0,6.0,0.0,0.0,2.0,6.0,96.315789,156.826087,58.308022,47.808959,3.0
2026-06-24T08:04:49.358783499Z,1000,per_hit,raw_percent_of_host,api-node1,api-node2,17,19,36,21.428571,25.0,21.428571,50.0,100.0,50.0,2.0,5.0,0.0,0.0,2.0,5.0,93.941176,115.35,66.329345,50.0,3.0
2026-06-24T08:04:50.358783557Z,1000,per_hit,raw_percent_of_host,api-node1,api-node2,16,17,33,25.287356,15.09434,25.287356,30.188679,100.0,50.0,0.0,9.0,0.0,0.0,0.0,9.0,81.0,107.384615,65.965417,48.795383,3.0
2026-06-24T08:04:51.358786419Z,1000,per_hit,raw_percent_of_host,api-node1,api-node2,19,17,36,28.282828,22.641509,28.282828,45.283019,100.0,50.0,0.0,6.0,0.0,0.0,0.0,6.0,75.473684,129.55,62.846295,48.825083,3.0
2026-06-24T08:04:52.358783523Z,1000,per_hit,raw_percent_of_host,api-node1,api-node2,13,20,33,27.0,25.531915,27.0,51.06383,100.0,50.0,0.0,6.0,0.0,0.0,0.0,6.0,58.538462,108.8,64.327078,49.785601,3.0
2026-06-24T08:04:53.358783788Z,1000,per_hit,raw_percent_of_host,api-node1,api-node2,18,14,32,39.393939,22.580645,39.393939,45.16129,100.0,50.0,0.0,5.0,0.0,0.0,0.0,5.0,59.555556,130.933333,63.664017,48.878547,3.0
2026-06-24T08:04:54.358784985Z,1000,per_hit,raw_percent_of_host,api-node1,api-node2,12,19,31,31.683168,21.73913,31.683168,43.478261,100.0,50.0,0.0,7.0,0.0,0.0,0.0,7.0,51.416667,113.470588,50.0,50.0,3.0
2026-06-24T08:04:55.358786251Z,1000,per_hit,raw_percent_of_host,api-node1,api-node2,15,15,30,28.282828,23.404255,28.282828,46.808511,100.0,50.0,0.0,3.0,0.0,0.0,0.0,3.0,67.866667,128.473684,71.756528,49.399675,3.0
2026-06-24T08:04:56.358787528Z,1000,per_hit,raw_percent_of_host,api-node1,api-node2,17,12,29,38.383838,17.391304,38.383838,34.782609,100.0,50.0,0.0,5.0,0.0,0.0,0.0,5.0,56.941176,96.4,52.63448,49.75328,3.0
2026-06-24T08:04:57.358786293Z,1000,per_hit,raw_percent_of_host,api-node1,api-node2,17,11,28,36.363636,12.765957,36.363636,25.531915,100.0,50.0,0.0,4.0,0.0,0.0,0.0,4.0,58.352941,108.083333,50.0,59.868969,3.0
2026-06-24T08:04:58.358784312Z,1000,per_hit,raw_percent_of_host,api-node1,api-node2,18,9,27,33.333333,12.0,33.333333,24.0,100.0,50.0,0.0,2.0,0.0,0.0,0.0,2.0,70.833333,113.363636,50.0,66.095239,3.0
2026-06-24T08:04:59.35878366Z,1000,per_hit,raw_percent_of_host,api-node1,api-node2,15,11,26,42.0,10.10101,42.0,20.20202,100.0,50.0,0.0,5.0,0.0,0.0,0.0,5.0,58.8,97.375,50.0,66.07157,3.0
2026-06-24T08:05:00.35878465Z,1000,per_hit,raw_percent_of_host,api-node1,api-node2,13,12,25,26.262626,18.811881,26.262626,37.623762,100.0,50.0,0.0,2.0,0.0,0.0,0.0,2.0,62.0,120.133333,74.696014,49.959778,3.0
2026-06-24T08:05:01.358783508Z,1000,per_hit,raw_percent_of_host,api-node1,api-node2,11,13,24,31.632653,11.22449,31.632653,22.44898,100.0,50.0,0.0,4.0,0.0,0.0,0.0,4.0,57.0,89.909091,63.805667,62.85367,3.0
2026-06-24T08:05:02.358783547Z,1000,per_hit,raw_percent_of_host,api-node1,api-node2,15,8,23,36.363636,15.053763,36.363636,30.107527,100.0,50.0,0.0,1.0,0.0,0.0,0.0,1.0,67.2,109.636364,63.995752,53.873978,3.0
2026-06-24T08:05:03.358788911Z,1000,per_hit,raw_percent_of_host,api-node1,api-node2,11,11,22,24.242424,19.148936,24.242424,38.297872,100.0,50.0,0.0,3.0,0.0,0.0,0.0,3.0,57.0,94.555556,62.567211,56.529243,3.0
2026-06-24T08:05:04.358783869Z,1000,per_hit,raw_percent_of_host,api-node1,api-node2,13,8,21,25.252525,15.151515,25.252525,30.30303,100.0,50.0,0.0,0.0,0.0,0.0,0.0,0.0,77.615385,84.636364,76.87954,49.662052,3.0
2026-06-24T08:05:05.358784575Z,1000,per_hit,raw_percent_of_host,api-node1,api-node2,9,11,20,34.0,7.0,34.0,14.0,100.0,50.0,0.0,5.0,0.0,0.0,0.0,5.0,50.0,83.5,53.970094,64.32559,3.0
2026-06-24T08:05:06.358787009Z,1000,per_hit,raw_percent_of_host,api-node1,api-node2,15,4,19,32.323232,5.319149,32.323232,10.638298,100.0,50.0,0.0,0.0,0.0,0.0,0.0,0.0,56.6,135.111111,61.988563,63.103745,3.0
2026-06-24T08:05:07.358783591Z,1000,per_hit,raw_percent_of_host,api-node1,api-node2,11,8,19,22.222222,13.0,22.222222,26.0,100.0,50.0,0.0,2.0,0.0,0.0,0.0,2.0,58.181818,71.0,73.152332,67.859952,3.0
2026-06-24T08:05:08.35878703Z,1000,per_hit,raw_percent_of_host,api-node1,api-node2,10,8,18,18.367347,16.161616,18.367347,32.323232,100.0,50.0,0.0,2.0,0.0,0.0,0.0,2.0,50.6,81.0,68.770696,64.350138,3.0
2026-06-24T08:05:09.358783526Z,1000,per_hit,raw_percent_of_host,api-node1,api-node2,11,6,17,21.212121,11.0,21.212121,22.0,100.0,50.0,0.0,0.0,0.0,0.0,0.0,0.0,53.272727,80.75,72.242863,73.050814,3.0
2026-06-24T08:05:10.358783959Z,1000,per_hit,raw_percent_of_host,api-node1,api-node2,7,9,16,10.10101,22.826087,10.10101,45.652174,100.0,50.0,0.0,0.0,0.0,0.0,0.0,0.0,59.0,80.111111,79.829971,64.423992,3.0
2026-06-24T08:05:11.358787245Z,1000,per_hit,raw_percent_of_host,api-node1,api-node2,9,7,16,20.0,12.0,20.0,24.0,100.0,50.0,0.0,0.0,0.0,0.0,0.0,0.0,51.444444,66.428571,79.836766,60.698321,3.0
2026-06-24T08:05:12.35878367Z,1000,per_hit,raw_percent_of_host,api-node1,api-node2,8,7,15,20.408163,15.053763,20.408163,30.107527,100.0,50.0,0.0,0.0,0.0,0.0,0.0,0.0,50.0,67.428571,80.286406,59.101904,3.0
2026-06-24T08:05:13.358783453Z,1000,per_hit,raw_percent_of_host,api-node1,api-node2,9,6,15,23.0,14.0,23.0,28.0,100.0,50.0,0.0,1.0,0.0,0.0,0.0,1.0,50.0,77.0,78.040956,73.332254,3.0
2026-06-24T08:05:14.358788042Z,1000,per_hit,raw_percent_of_host,api-node1,api-node2,7,7,14,21.212121,18.085106,21.212121,36.170213,100.0,50.0,0.0,0.0,0.0,0.0,0.0,0.0,51.857143,101.375,81.48715,57.02308,3.0
2026-06-24T08:05:15.358788505Z,1000,per_hit,raw_percent_of_host,api-node1,api-node2,7,6,13,14.0,13.131313,14.0,26.262626,100.0,50.0,0.0,0.0,0.0,0.0,0.0,0.0,50.0,63.5,79.952919,73.283111,3.0
2026-06-24T08:05:16.358784416Z,1000,per_hit,raw_percent_of_host,api-node1,api-node2,5,8,13,19.191919,15.957447,19.191919,31.914894,100.0,50.0,0.0,0.0,0.0,0.0,0.0,0.0,50.0,72.375,82.754969,70.745417,3.0
2026-06-24T08:05:17.358784675Z,1000,per_hit,raw_percent_of_host,api-node1,api-node2,8,4,12,26.262626,5.050505,26.262626,10.10101,100.0,50.0,0.0,0.0,0.0,0.0,0.0,0.0,50.0,64.0,81.329649,58.239601,3.0
2026-06-24T08:05:18.358786822Z,1000,per_hit,raw_percent_of_host,api-node1,api-node2,8,4,12,29.70297,1.0,29.70297,2.0,100.0,50.0,0.0,0.0,0.0,0.0,0.0,0.0,50.0,72.75,79.326707,70.458254,3.0
2026-06-24T08:05:19.358785155Z,1000,per_hit,raw_percent_of_host,api-node1,api-node2,7,5,12,27.272727,5.376344,27.272727,10.752688,100.0,50.0,0.0,0.0,0.0,0.0,0.0,0.0,50.0,89.4,78.253536,63.95046,3.0
2026-06-24T08:05:20.358788311Z,1000,per_hit,raw_percent_of_host,api-node1,api-node2,7,5,12,12.121212,15.151515,12.121212,30.30303,100.0,50.0,0.0,0.0,0.0,0.0,0.0,0.0,50.285714,54.4,81.439109,72.152438,3.0
2026-06-24T08:05:21.358787931Z,1000,per_hit,raw_percent_of_host,api-node1,api-node2,6,5,11,13.131313,21.0,13.131313,42.0,100.0,50.0,0.0,0.0,0.0,0.0,0.0,0.0,50.0,74.2,81.644225,67.438286,3.0
2026-06-24T08:05:22.358784422Z,1000,per_hit,raw_percent_of_host,api-node1,api-node2,7,4,11,14.851485,11.111111,14.851485,22.222222,100.0,50.0,0.0,0.0,0.0,0.0,0.0,0.0,51.0,58.75,81.950578,76.271933,3.0
2026-06-24T08:05:23.358787547Z,1000,per_hit,raw_percent_of_host,api-node1,api-node2,8,3,11,21.428571,11.111111,21.428571,22.222222,100.0,50.0,0.0,0.0,0.0,0.0,0.0,0.0,50.25,94.333333,81.770739,77.575064,3.0
2026-06-24T08:05:24.358802783Z,1000,per_hit,raw_percent_of_host,api-node1,api-node2,3,8,11,7.142857,19.191919,7.142857,38.383838,100.0,50.0,0.0,0.0,0.0,0.0,0.0,0.0,50.0,71.5,80.707489,72.290899,3.0
2026-06-24T08:05:25.358783322Z,1000,per_hit,raw_percent_of_host,api-node1,api-node2,7,3,10,23.232323,6.0,23.232323,12.0,100.0,50.0,0.0,0.0,0.0,0.0,0.0,0.0,50.0,64.666667,80.106388,78.056294,3.0
2026-06-24T08:05:26.358784539Z,1000,per_hit,raw_percent_of_host,api-node1,api-node2,6,4,10,24.0,11.881188,24.0,23.762376,100.0,50.0,0.0,0.0,0.0,0.0,0.0,0.0,50.0,61.25,81.562694,80.847788,3.0
2026-06-24T08:05:27.358787142Z,1000,per_hit,raw_percent_of_host,api-node1,api-node2,5,5,10,12.121212,19.191919,12.121212,38.383838,100.0,50.0,0.0,0.0,0.0,0.0,0.0,0.0,50.0,50.0,82.530663,72.351129,3.0
2026-06-24T08:05:28.358783363Z,1000,per_hit,raw_percent_of_host,api-node1,api-node2,3,7,10,10.0,14.851485,10.0,29.70297,100.0,50.0,0.0,0.0,0.0,0.0,0.0,0.0,50.0,69.857143,83.147536,76.143545,3.0
2026-06-24T08:05:29.358784664Z,1000,per_hit,raw_percent_of_host,api-node1,api-node2,5,5,10,20.0,11.0,20.0,22.0,100.0,50.0,0.0,0.0,0.0,0.0,0.0,0.0,50.0,58.2,81.43514,77.769572,3.0
2026-06-24T08:05:30.358784271Z,1000,per_hit,raw_percent_of_host,api-node1,api-node2,4,6,10,12.121212,19.191919,12.121212,38.383838,100.0,50.0,0.0,0.0,0.0,0.0,0.0,0.0,50.0,57.0,81.312131,69.492857,3.0
2026-06-24T08:05:31.35878846Z,1000,per_hit,raw_percent_of_host,api-node1,api-node2,7,3,10,23.232323,10.10101,23.232323,20.20202,100.0,50.0,0.0,0.0,0.0,0.0,0.0,0.0,50.142857,50.333333,82.003927,78.648016,3.0
2026-06-24T08:05:32.358784488Z,1000,per_hit,raw_percent_of_host,api-node1,api-node2,5,5,10,13.0,21.0,13.0,42.0,100.0,50.0,0.0,0.0,0.0,0.0,0.0,0.0,50.0,50.0,82.891048,73.044425,3.0
2026-06-24T08:05:33.358786749Z,1000,per_hit,raw_percent_of_host,api-node1,api-node2,4,6,10,14.0,11.22449,14.0,22.44898,100.0,50.0,0.0,0.0,0.0,0.0,0.0,0.0,50.0,71.666667,82.847971,78.830349,3.0
2026-06-24T08:05:34.35878386Z,1000,per_hit,raw_percent_of_host,api-node1,api-node2,9,2,11,26.262626,10.10101,26.262626,20.20202,100.0,50.0,0.0,0.0,0.0,0.0,0.0,0.0,50.777778,66.5,80.252288,79.83438,3.0
2026-06-24T08:05:35.35878442Z,1000,per_hit,raw_percent_of_host,api-node1,api-node2,6,5,11,20.20202,13.131313,20.20202,26.262626,100.0,50.0,0.0,0.0,0.0,0.0,0.0,0.0,50.0,64.0,81.512679,80.334776,3.0
2026-06-24T08:05:36.358789252Z,1000,per_hit,raw_percent_of_host,api-node1,api-node2,5,6,11,15.151515,21.212121,15.151515,42.424242,100.0,50.0,0.0,0.0,0.0,0.0,0.0,0.0,50.0,60.333333,82.863712,72.087117,3.0
2026-06-24T08:05:37.358787746Z,1000,per_hit,raw_percent_of_host,api-node1,api-node2,8,4,12,32.673267,5.940594,32.673267,11.881188,100.0,50.0,0.0,2.0,0.0,0.0,0.0,2.0,53.25,51.0,74.847619,82.049741,3.0
2026-06-24T08:05:38.358785176Z,1000,per_hit,raw_percent_of_host,api-node1,api-node2,8,4,12,33.333333,5.050505,33.333333,10.10101,100.0,50.0,0.0,0.0,0.0,0.0,0.0,0.0,54.0,83.833333,71.919441,80.773288,3.0
2026-06-24T08:05:39.358785046Z,1000,per_hit,raw_percent_of_host,api-node1,api-node2,4,8,12,10.10101,20.0,10.10101,40.0,100.0,50.0,0.0,0.0,0.0,0.0,0.0,0.0,50.0,83.625,78.962019,65.179572,3.0
2026-06-24T08:05:40.358783726Z,1000,per_hit,raw_percent_of_host,api-node1,api-node2,8,5,13,22.0,16.0,22.0,32.0,100.0,50.0,0.0,0.0,0.0,0.0,0.0,0.0,50.875,76.8,82.377809,71.180723,3.0
2026-06-24T08:05:41.358788797Z,1000,per_hit,raw_percent_of_host,api-node1,api-node2,9,4,13,32.323232,6.0,32.323232,12.0,100.0,50.0,0.0,0.0,0.0,0.0,0.0,0.0,54.222222,73.0,74.29249,80.09919,3.0
2026-06-24T08:05:42.358788793Z,1000,per_hit,raw_percent_of_host,api-node1,api-node2,6,8,14,22.222222,24.0,22.222222,48.0,100.0,50.0,0.0,0.0,0.0,0.0,0.0,0.0,50.0,82.5,78.423928,74.096409,3.0
2026-06-24T08:05:43.358784805Z,1000,per_hit,raw_percent_of_host,api-node1,api-node2,5,9,14,23.0,18.181818,23.0,36.363636,100.0,50.0,0.0,0.0,0.0,0.0,0.0,0.0,58.4,71.444444,81.810597,72.017245,3.0
2026-06-24T08:05:44.358783579Z,1000,per_hit,raw_percent_of_host,api-node1,api-node2,8,7,15,28.571429,18.0,28.571429,36.0,100.0,50.0,0.0,0.0,0.0,0.0,0.0,0.0,61.25,68.285714,79.397104,70.092795,3.0
2026-06-24T08:05:45.358788223Z,1000,per_hit,raw_percent_of_host,api-node1,api-node2,9,6,15,29.292929,16.326531,29.292929,32.653061,100.0,50.0,0.0,0.0,0.0,0.0,0.0,0.0,53.333333,83.0,79.759984,71.399943,3.0
2026-06-24T08:05:46.358784068Z,1000,per_hit,raw_percent_of_host,api-node1,api-node2,9,7,16,24.242424,21.212121,24.242424,42.424242,100.0,50.0,0.0,0.0,0.0,0.0,0.0,0.0,66.0,64.571429,80.730962,74.481459,3.0
2026-06-24T08:05:47.358789049Z,1000,per_hit,raw_percent_of_host,api-node1,api-node2,9,8,17,30.30303,16.0,30.30303,32.0,100.0,50.0,0.0,0.0,0.0,0.0,0.0,0.0,53.555556,110.5,76.467443,68.53005,3.0
2026-06-24T08:05:48.358785057Z,1000,per_hit,raw_percent_of_host,api-node1,api-node2,7,10,17,17.171717,24.242424,17.171717,48.484848,100.0,50.0,0.0,0.0,0.0,0.0,0.0,0.0,50.571429,142.9,81.05661,70.212007,3.0
2026-06-24T08:05:49.358783409Z,1000,per_hit,raw_percent_of_host,api-node1,api-node2,5,13,18,19.80198,22.0,19.80198,44.0,100.0,50.0,0.0,0.0,0.0,0.0,0.0,0.0,57.8,113.846154,81.316701,74.635488,3.0
2026-06-24T08:05:50.358783647Z,1000,per_hit,raw_percent_of_host,api-node1,api-node2,10,9,19,34.343434,20.20202,34.343434,40.40404,100.0,50.0,0.0,0.0,0.0,0.0,0.0,0.0,64.3,128.222222,77.081361,65.466229,3.0
2026-06-24T08:05:51.358784006Z,1000,per_hit,raw_percent_of_host,api-node1,api-node2,12,8,20,32.653061,22.222222,32.653061,44.444444,100.0,50.0,0.0,0.0,0.0,0.0,0.0,0.0,69.666667,104.375,74.798742,70.883981,3.0
2026-06-24T08:05:52.358786908Z,1000,per_hit,raw_percent_of_host,api-node1,api-node2,12,9,21,32.323232,24.752475,32.323232,49.50495,100.0,50.0,0.0,0.0,0.0,0.0,0.0,0.0,76.416667,92.444444,72.816577,73.128985,3.0
2026-06-24T08:05:53.358787413Z,1000,per_hit,raw_percent_of_host,api-node1,api-node2,11,10,21,29.0,19.0,29.0,38.0,100.0,50.0,0.0,0.0,0.0,0.0,0.0,0.0,58.636364,136.0,79.388495,70.359955,3.0
2026-06-24T08:05:54.358784763Z,1000,per_hit,raw_percent_of_host,api-node1,api-node2,10,12,22,28.282828,21.0,28.282828,42.0,100.0,50.0,0.0,0.0,0.0,0.0,0.0,0.0,54.0,158.416667,81.152634,72.332955,3.0
2026-06-24T08:05:55.35878431Z,1000,per_hit,raw_percent_of_host,api-node1,api-node2,8,15,23,25.252525,21.0,25.252525,42.0,100.0,50.0,0.0,0.0,0.0,0.0,0.0,0.0,66.125,127.8,80.273722,75.096023,3.0
2026-06-24T08:05:56.358787696Z,1000,per_hit,raw_percent_of_host,api-node1,api-node2,10,14,24,24.242424,26.262626,24.242424,52.525253,100.0,50.0,0.0,0.0,0.0,0.0,0.0,0.0,56.5,165.571429,82.361124,55.755747,3.0
2026-06-24T08:05:57.358786391Z,1000,per_hit,raw_percent_of_host,api-node1,api-node2,13,12,25,41.414141,20.0,41.414141,40.0,100.0,50.0,0.0,0.0,0.0,0.0,0.0,0.0,89.846154,138.416667,77.382646,71.657833,3.0
2026-06-24T08:05:58.358783504Z,1000,per_hit,raw_percent_of_host,api-node1,api-node2,14,12,26,38.383838,16.326531,38.383838,32.653061,100.0,50.0,0.0,0.0,0.0,0.0,0.0,0.0,79.071429,182.416667,77.024486,67.722632,3.0
2026-06-24T08:05:59.35878468Z,1000,per_hit,raw_percent_of_host,api-node1,api-node2,17,10,27,46.0,20.792079,46.0,41.584158,100.0,50.0,0.0,0.0,0.0,0.0,0.0,0.0,115.529412,128.7,74.018308,74.421631,3.0
2026-06-24T08:06:00.358784431Z,1000,per_hit,raw_percent_of_host,api-node1,api-node2,20,8,28,38.383838,15.151515,38.383838,30.30303,100.0,50.0,0.0,0.0,0.0,0.0,0.0,0.0,101.3,139.0,74.1234,69.094967,3.0
2026-06-24T08:06:01.358783592Z,1000,per_hit,raw_percent_of_host,api-node1,api-node2,12,16,28,28.571429,25.742574,28.571429,51.485149,100.0,50.0,0.0,0.0,0.0,0.0,0.0,0.0,98.583333,165.0625,77.814158,76.484034,3.0
2026-06-24T08:06:02.358783399Z,1000,per_hit,raw_percent_of_host,api-node1,api-node2,18,13,31,44.0,23.584906,44.0,47.169811,100.0,50.0,0.0,0.0,0.0,0.0,0.0,0.0,136.833333,98.615385,74.986082,71.519627,3.0
2026-06-24T08:06:03.358794689Z,1000,per_hit,raw_percent_of_host,api-node1,api-node2,17,14,31,31.0,27.358491,31.0,54.716981,100.0,50.0,0.0,0.0,0.0,0.0,0.0,0.0,111.235294,165.214286,73.804738,72.685653,3.0
2026-06-24T08:06:04.358789201Z,1000,per_hit,raw_percent_of_host,api-node1,api-node2,12,20,32,27.272727,26.470588,27.272727,52.941176,100.0,50.0,0.0,0.0,0.0,0.0,0.0,0.0,88.583333,187.25,80.083358,71.61248,3.0
2026-06-24T08:06:05.35878694Z,1000,per_hit,raw_percent_of_host,api-node1,api-node2,18,15,33,37.373737,23.584906,37.373737,47.169811,100.0,50.0,0.0,0.0,0.0,0.0,0.0,0.0,107.333333,179.4,75.905914,66.308477,3.0
2026-06-24T08:06:06.358783932Z,1000,per_hit,raw_percent_of_host,api-node1,api-node2,12,22,34,24.242424,27.358491,24.242424,54.716981,100.0,50.0,0.0,0.0,0.0,0.0,0.0,0.0,96.0,187.954545,79.809531,73.292326,3.0
2026-06-24T08:06:07.358783633Z,1000,per_hit,raw_percent_of_host,api-node1,api-node2,14,22,36,34.0,27.358491,34.0,54.716981,100.0,50.0,0.0,0.0,0.0,0.0,0.0,0.0,109.714286,243.181818,78.361981,68.929186,3.0
2026-06-24T08:06:08.358790345Z,1000,per_hit,raw_percent_of_host,api-node1,api-node2,21,16,37,46.0,25.742574,46.0,51.485149,100.0,50.0,0.0,0.0,0.0,0.0,0.0,0.0,120.380952,156.375,76.502784,45.979782,3.0
2026-06-24T08:06:09.358784058Z,1000,per_hit,raw_percent_of_host,api-node1,api-node2,19,19,38,42.0,24.0,42.0,48.0,100.0,50.0,0.0,0.0,0.0,0.0,0.0,0.0,124.105263,196.157895,76.667007,73.13254,3.0
2026-06-24T08:06:10.358783931Z,1000,per_hit,raw_percent_of_host,api-node1,api-node2,19,20,39,40.40404,25.0,40.40404,50.0,100.0,50.0,0.0,0.0,0.0,0.0,0.0,0.0,118.684211,249.85,74.674334,71.875417,3.0
2026-06-24T08:06:11.358786632Z,1000,per_hit,raw_percent_of_host,api-node1,api-node2,20,20,40,29.70297,26.0,29.70297,52.0,100.0,50.0,0.0,0.0,0.0,0.0,0.0,0.0,115.7,258.75,75.764728,72.57952,3.0
2026-06-24T08:06:12.358783681Z,1000,per_hit,raw_percent_of_host,api-node1,api-node2,23,18,41,46.534653,21.782178,46.534653,43.564356,100.0,50.0,0.0,0.0,0.0,0.0,0.0,0.0,133.391304,192.833333,75.593108,71.498344,3.0
2026-06-24T08:06:13.358784974Z,1000,per_hit,raw_percent_of_host,api-node1,api-node2,24,18,42,46.464646,24.299065,46.464646,48.598131,100.0,50.0,0.0,0.0,0.0,0.0,0.0,0.0,136.583333,273.666667,76.11919,71.110555,3.0
2026-06-24T08:06:14.358784461Z,1000,per_hit,raw_percent_of_host,api-node1,api-node2,26,18,44,50.0,24.528302,50.0,49.056604,100.0,50.0,0.0,0.0,0.0,0.0,0.0,0.0,171.423077,194.0,73.829029,72.227613,3.0
2026-06-24T08:06:15.358787576Z,1000,per_hit,raw_percent_of_host,api-node1,api-node2,26,19,45,36.633663,26.605505,36.633663,53.211009,100.0,50.0,0.0,0.0,0.0,0.0,0.0,0.0,175.115385,151.684211,73.45761,65.591801,3.0
2026-06-24T08:06:16.358787008Z,1000,per_hit,raw_percent_of_host,api-node1,api-node2,24,22,46,43.434343,28.037383,43.434343,56.074766,100.0,50.0,0.0,0.0,0.0,0.0,0.0,0.0,197.75,239.454545,74.467242,65.557682,3.0
2026-06-24T08:06:17.358784424Z,1000,per_hit,raw_percent_of_host,api-node1,api-node2,23,24,47,36.633663,28.037383,36.633663,56.074766,100.0,50.0,0.0,0.0,0.0,0.0,0.0,0.0,151.217391,272.083333,75.216008,69.012187,3.0
2026-06-24T08:06:18.358783542Z,1000,per_hit,raw_percent_of_host,api-node1,api-node2,26,22,48,46.0,23.809524,46.0,47.619048,100.0,50.0,0.0,0.0,0.0,0.0,0.0,0.0,149.115385,226.590909,73.92248,74.272594,3.0
2026-06-24T08:06:19.358784732Z,1000,per_hit,raw_percent_of_host,api-node1,api-node2,23,26,49,42.0,27.358491,42.0,54.716981,100.0,50.0,0.0,0.0,0.0,0.0,0.0,0.0,103.913043,374.230769,77.215392,70.589286,3.0
2026-06-24T08:06:20.358795415Z,1000,per_hit,raw_percent_of_host,api-node1,api-node2,29,21,50,53.0,24.299065,53.0,48.598131,100.0,50.0,0.0,0.0,0.0,0.0,0.0,0.0,176.275862,280.904762,73.620235,59.103467,3.0
2026-06-24T08:06:21.358783835Z,1000,per_hit,raw_percent_of_host,api-node1,api-node2,33,18,51,49.514563,28.037383,49.514563,56.074766,100.0,50.0,0.0,0.0,0.0,0.0,0.0,0.0,207.69697,257.611111,73.48838,50.968015,3.0
2026-06-24T08:06:22.358785337Z,1000,per_hit,raw_percent_of_host,api-node1,api-node2,15,37,52,27.272727,27.358491,27.272727,54.716981,100.0,50.0,0.0,4.0,0.0,0.0,0.0,4.0,95.8,404.424242,77.096972,71.125267,3.0
2026-06-24T08:06:23.358786739Z,1000,per_hit,raw_percent_of_host,api-node1,api-node2,32,22,54,49.494949,26.168224,49.494949,52.336449,100.0,50.0,0.0,0.0,0.0,0.0,0.0,0.0,203.71875,318.384615,75.669498,45.98944,3.0
2026-06-24T08:06:24.358783692Z,1000,per_hit,raw_percent_of_host,api-node1,api-node2,25,30,55,46.464646,27.358491,46.464646,54.716981,100.0,50.0,0.0,0.0,0.0,0.0,0.0,0.0,186.6,447.2,74.993082,70.88945,3.0
2026-06-24T08:06:25.358783901Z,1000,per_hit,raw_percent_of_host,api-node1,api-node2,30,26,56,46.464646,26.415094,46.464646,52.830189,100.0,50.0,0.0,0.0,0.0,0.0,0.0,0.0,206.9,278.923077,73.550933,48.87193,3.0
2026-06-24T08:06:26.358786393Z,1000,per_hit,raw_percent_of_host,api-node1,api-node2,31,26,57,50.49505,28.037383,50.49505,56.074766,100.0,50.0,0.0,0.0,0.0,0.0,0.0,0.0,193.870968,335.923077,74.583611,69.632404,3.0
2026-06-24T08:06:27.358784843Z,1000,per_hit,raw_percent_of_host,api-node1,api-node2,35,23,58,56.435644,25.233645,56.435644,50.46729,100.0,50.0,0.0,0.0,0.0,0.0,0.0,0.0,279.514286,212.782609,69.245063,63.375726,3.0
2026-06-24T08:06:28.358786107Z,1000,per_hit,raw_percent_of_host,api-node1,api-node2,33,26,59,48.0,23.584906,48.0,47.169811,100.0,50.0,0.0,0.0,0.0,0.0,0.0,0.0,260.878788,360.115385,71.727645,63.739347,3.0
2026-06-24T08:06:29.358784037Z,1000,per_hit,raw_percent_of_host,api-node1,api-node2,39,21,60,53.465347,24.528302,53.465347,49.056604,100.0,50.0,0.0,0.0,0.0,0.0,0.0,0.0,235.051282,336.380952,71.678522,47.781084,3.0
2026-06-24T08:06:30.358783754Z,1000,per_hit,raw_percent_of_host,api-node1,api-node2,33,28,61,53.465347,24.528302,53.465347,49.056604,100.0,50.0,0.0,0.0,0.0,0.0,0.0,0.0,238.121212,451.285714,72.746707,71.16889,3.0
2026-06-24T08:06:31.358783654Z,1000,per_hit,raw_percent_of_host,api-node1,api-node2,34,28,62,49.0,28.037383,49.0,56.074766,100.0,50.0,0.0,0.0,0.0,0.0,0.0,0.0,196.441176,249.678571,73.853643,47.435127,3.0
2026-06-24T08:06:32.358786638Z,1000,per_hit,raw_percent_of_host,api-node1,api-node2,32,30,62,44.444444,28.703704,44.444444,57.407407,100.0,50.0,0.0,0.0,0.0,0.0,0.0,0.0,267.5,291.733333,73.579524,70.243467,3.0
2026-06-24T08:06:33.358784421Z,1000,per_hit,raw_percent_of_host,api-node1,api-node2,38,25,63,54.455446,23.584906,54.455446,47.169811,100.0,50.0,0.0,0.0,0.0,0.0,0.0,0.0,238.421053,331.96,70.185951,48.008096,3.0
2026-06-24T08:06:34.358783513Z,1000,per_hit,raw_percent_of_host,api-node1,api-node2,27,37,64,34.343434,27.102804,34.343434,54.205607,100.0,50.0,0.0,0.0,0.0,0.0,0.0,0.0,159.62963,498.756757,75.105447,69.491684,3.0
2026-06-24T08:06:35.358783732Z,1000,per_hit,raw_percent_of_host,api-node1,api-node2,39,26,65,55.339806,27.102804,55.339806,54.205607,100.0,50.0,0.0,0.0,0.0,0.0,0.0,0.0,290.153846,269.923077,71.082137,49.281288,3.0
2026-06-24T08:06:36.358784913Z,1000,per_hit,raw_percent_of_host,api-node1,api-node2,32,34,66,49.494949,28.037383,49.494949,56.074766,100.0,50.0,0.0,1.0,0.0,0.0,0.0,1.0,206.34375,623.393939,74.287212,72.500243,3.0
2026-06-24T08:06:37.358788005Z,1000,per_hit,raw_percent_of_host,api-node1,api-node2,43,24,67,54.0,28.037383,54.0,56.074766,100.0,50.0,0.0,0.0,0.0,0.0,0.0,0.0,299.093023,208.6,69.066257,49.067233,3.0
2026-06-24T08:06:38.358788557Z,1000,per_hit,raw_percent_of_host,api-node1,api-node2,33,34,67,48.214286,28.037383,48.214286,56.074766,100.0,50.0,0.0,1.0,0.0,0.0,0.0,1.0,217.757576,479.69697,52.877081,51.610236,3.0
2026-06-24T08:06:39.358784878Z,1000,per_hit,raw_percent_of_host,api-node1,api-node2,38,30,68,50.0,23.584906,50.0,47.169811,100.0,50.0,0.0,0.0,0.0,0.0,0.0,0.0,213.657895,393.354839,70.95984,46.658883,3.0
2026-06-24T08:06:40.358783381Z,1000,per_hit,raw_percent_of_host,api-node1,api-node2,46,23,69,55.445545,25.233645,55.445545,50.46729,100.0,50.0,0.0,0.0,0.0,0.0,0.0,0.0,298.869565,292.347826,70.007135,49.408851,3.0
2026-06-24T08:06:41.358788272Z,1000,per_hit,raw_percent_of_host,api-node1,api-node2,34,35,69,49.019608,27.358491,49.019608,54.716981,100.0,50.0,0.0,0.0,0.0,0.0,0.0,0.0,245.088235,404.0,72.42514,69.549505,3.0
2026-06-24T08:06:42.358789783Z,1000,per_hit,raw_percent_of_host,api-node1,api-node2,46,24,70,55.0,27.027027,55.0,54.054054,100.0,50.0,0.0,0.0,0.0,0.0,0.0,0.0,325.934783,303.541667,70.996704,48.120288,3.0
2026-06-24T08:06:43.358784596Z,1000,per_hit,raw_percent_of_host,api-node1,api-node2,37,34,71,50.0,28.301887,50.0,56.603774,100.0,50.0,0.0,0.0,0.0,0.0,0.0,0.0,217.756757,377.264706,72.650291,70.785576,3.0
2026-06-24T08:06:44.358787228Z,1000,per_hit,raw_percent_of_host,api-node1,api-node2,38,33,71,54.0,25.471698,54.0,50.943396,100.0,50.0,0.0,0.0,0.0,0.0,0.0,0.0,251.0,309.484848,72.595072,48.095848,3.0
2026-06-24T08:06:45.358786686Z,1000,per_hit,raw_percent_of_host,api-node1,api-node2,43,29,72,60.0,24.528302,60.0,49.056604,100.0,50.0,0.0,0.0,0.0,0.0,0.0,0.0,261.44186,432.137931,68.510326,48.257219,3.0
2026-06-24T08:06:46.35878515Z,1000,per_hit,raw_percent_of_host,api-node1,api-node2,45,27,72,53.465347,27.358491,53.465347,54.716981,100.0,50.0,0.0,0.0,0.0,0.0,0.0,0.0,387.777778,257.555556,68.3852,48.774494,3.0
2026-06-24T08:06:47.358787687Z,1000,per_hit,raw_percent_of_host,api-node1,api-node2,41,32,73,53.0,26.415094,53.0,52.830189,100.0,50.0,0.0,0.0,0.0,0.0,0.0,0.0,326.365854,367.84375,65.12077,47.803237,3.0
2026-06-24T08:06:48.358783647Z,1000,per_hit,raw_percent_of_host,api-node1,api-node2,41,32,73,49.107143,27.358491,49.107143,54.716981,100.0,50.0,0.0,0.0,0.0,0.0,0.0,0.0,265.780488,395.75,68.969665,65.365465,3.0
2026-06-24T08:06:49.358787198Z,1000,per_hit,raw_percent_of_host,api-node1,api-node2,42,31,73,50.980392,24.299065,50.980392,48.598131,100.0,50.0,0.0,0.0,0.0,0.0,0.0,0.0,299.904762,370.741935,70.113958,49.866289,3.0
2026-06-24T08:06:50.358793065Z,1000,per_hit,raw_percent_of_host,api-node1,api-node2,47,26,73,54.455446,28.301887,54.455446,56.603774,100.0,50.0,0.0,0.0,0.0,0.0,0.0,0.0,359.297872,371.192308,68.656125,48.376789,3.0
2026-06-24T08:06:51.358787074Z,1000,per_hit,raw_percent_of_host,api-node1,api-node2,51,24,75,46.0,31.775701,46.0,63.551402,100.0,50.0,0.0,0.0,0.0,0.0,0.0,0.0,383.27451,313.666667,67.385061,48.74376,3.0
2026-06-24T08:06:52.358784674Z,1000,per_hit,raw_percent_of_host,api-node1,api-node2,33,41,74,48.0,28.037383,48.0,56.074766,100.0,50.0,0.0,25.0,0.0,0.0,0.0,25.0,217.30303,433.8125,44.943162,63.231944,3.0
2026-06-24T08:06:53.358783463Z,1000,per_hit,raw_percent_of_host,api-node1,api-node2,49,25,74,52.475248,26.732673,52.475248,53.465347,100.0,50.0,0.0,0.0,0.0,0.0,0.0,0.0,371.530612,504.94,67.581297,35.067531,3.0
2026-06-24T08:06:54.358784765Z,1000,per_hit,raw_percent_of_host,api-node1,api-node2,38,37,75,52.475248,27.358491,52.475248,54.716981,100.0,50.0,0.0,1.0,0.0,0.0,0.0,1.0,230.052632,556.583333,66.87025,64.24979,3.0
2026-06-24T08:06:55.358786711Z,1000,per_hit,raw_percent_of_host,api-node1,api-node2,37,38,75,49.090909,28.037383,49.090909,56.074766,100.0,50.0,0.0,2.0,0.0,0.0,0.0,2.0,219.405405,600.594595,72.991177,49.956618,3.0
2026-06-24T08:06:56.358785006Z,1000,per_hit,raw_percent_of_host,api-node1,api-node2,42,33,75,53.921569,25.233645,53.921569,50.46729,100.0,50.0,0.0,0.0,0.0,0.0,0.0,0.0,306.333333,439.342857,70.102678,46.892426,3.0
2026-06-24T08:06:57.358789699Z,1000,per_hit,raw_percent_of_host,api-node1,api-node2,45,30,75,56.435644,23.809524,56.435644,47.619048,100.0,50.0,0.0,0.0,0.0,0.0,0.0,0.0,338.911111,280.533333,67.957256,39.651989,3.0
2026-06-24T08:06:58.358784836Z,1000,per_hit,raw_percent_of_host,api-node1,api-node2,37,38,75,54.368932,27.358491,54.368932,54.716981,100.0,50.0,0.0,4.0,0.0,0.0,0.0,4.0,266.540541,582.676471,72.50937,70.396082,3.0
2026-06-24T08:06:59.358787868Z,1000,per_hit,raw_percent_of_host,api-node1,api-node2,42,33,75,51.351351,25.0,51.351351,50.0,100.0,50.0,0.0,0.0,0.0,0.0,0.0,0.0,326.166667,514.081081,68.718385,44.215778,3.0
2026-06-24T08:07:00.358784224Z,1000,per_hit,raw_percent_of_host,api-node1,api-node2,47,28,75,50.980392,27.358491,50.980392,54.716981,100.0,50.0,0.0,0.0,0.0,0.0,0.0,0.0,310.361702,360.071429,63.246532,47.8619,3.0
2026-06-24T08:07:01.358787179Z,1000,per_hit,raw_percent_of_host,api-node1,api-node2,39,36,75,44.444444,27.358491,44.444444,54.716981,100.0,50.0,0.0,0.0,0.0,0.0,0.0,0.0,214.051282,453.888889,71.011359,68.570211,3.0
2026-06-24T08:07:02.358787071Z,1000,per_hit,raw_percent_of_host,api-node1,api-node2,52,23,75,56.862745,25.0,56.862745,50.0,100.0,50.0,0.0,0.0,0.0,0.0,0.0,0.0,426.326923,218.304348,65.116305,24.035909,3.0
2026-06-24T08:07:03.358786394Z,1000,per_hit,raw_percent_of_host,api-node1,api-node2,38,37,75,50.49505,28.037383,50.49505,56.074766,100.0,50.0,0.0,0.0,0.0,0.0,0.0,0.0,274.052632,455.135135,69.2651,63.230751,3.0
2026-06-24T08:07:04.358786767Z,1000,per_hit,raw_percent_of_host,api-node1,api-node2,44,31,75,51.351351,23.584906,51.351351,47.169811,100.0,50.0,0.0,0.0,0.0,0.0,0.0,0.0,313.704545,431.193548,68.546229,48.182044,3.0
2026-06-24T08:07:05.358783662Z,1000,per_hit,raw_percent_of_host,api-node1,api-node2,50,24,74,57.0,23.809524,57.0,47.619048,100.0,50.0,0.0,0.0,0.0,0.0,0.0,0.0,370.8,319.0,69.86056,37.923974,3.0
2026-06-24T08:07:06.358783931Z,1000,per_hit,raw_percent_of_host,api-node1,api-node2,36,35,71,47.524752,18.867925,47.524752,37.735849,100.0,50.0,0.0,1.0,0.0,0.0,0.0,1.0,217.166667,447.558824,68.117018,56.643394,3.0
2026-06-24T08:07:07.35878369Z,1000,per_hit,raw_percent_of_host,api-node1,api-node2,55,21,76,46.846847,21.698113,46.846847,43.396226,100.0,50.0,0.0,1.0,0.0,0.0,0.0,1.0,426.945455,186.285714,64.544013,29.297207,3.0
2026-06-24T08:07:08.358784467Z,1000,per_hit,raw_percent_of_host,api-node1,api-node2,28,46,74,44.444444,23.364486,44.444444,46.728972,100.0,50.0,1.0,24.0,0.0,0.0,1.0,24.0,189.259259,553.347826,49.100691,65.453444,3.0
2026-06-24T08:07:09.358783725Z,1000,per_hit,raw_percent_of_host,api-node1,api-node2,54,19,73,57.0,26.0,57.0,52.0,100.0,50.0,0.0,1.0,0.0,0.0,0.0,1.0,355.236364,502.333333,66.202547,20.073845,3.0
2026-06-24T08:07:10.358784489Z,1000,per_hit,raw_percent_of_host,api-node1,api-node2,49,24,73,52.0,27.272727,52.0,54.545455,100.0,50.0,1.0,0.0,0.0,0.0,1.0,0.0,345.375,250.44,65.393102,47.065308,3.0
2026-06-24T08:07:11.358785798Z,1000,per_hit,raw_percent_of_host,api-node1,api-node2,27,45,72,44.444444,24.528302,44.444444,49.056604,100.0,50.0,1.0,24.0,0.0,0.0,1.0,24.0,163.444444,537.047619,49.495421,58.259644,3.0
2026-06-24T08:07:12.358784213Z,1000,per_hit,raw_percent_of_host,api-node1,api-node2,45,27,72,57.843137,27.184466,57.843137,54.368932,100.0,50.0,0.0,1.0,0.0,0.0,0.0,1.0,263.282609,445.06,66.045932,20.997898,3.0
2026-06-24T08:07:13.358785628Z,1000,per_hit,raw_percent_of_host,api-node1,api-node2,42,29,71,51.485149,25.471698,51.485149,50.943396,100.0,50.0,1.0,0.0,0.0,0.0,1.0,0.0,215.804878,340.333333,71.834054,47.096732,3.0
2026-06-24T08:07:14.358783443Z,1000,per_hit,raw_percent_of_host,api-node1,api-node2,39,32,71,56.435644,24.528302,56.435644,49.056604,100.0,50.0,0.0,2.0,0.0,0.0,0.0,2.0,264.6,341.0,65.884688,37.997234,3.0
2026-06-24T08:07:15.358789886Z,1000,per_hit,raw_percent_of_host,api-node1,api-node2,43,27,70,50.0,24.528302,50.0,49.056604,100.0,50.0,0.0,1.0,0.0,0.0,0.0,1.0,286.046512,276.428571,71.601903,47.332163,3.0
2026-06-24T08:07:16.358783816Z,1000,per_hit,raw_percent_of_host,api-node1,api-node2,42,27,69,55.445545,24.528302,55.445545,49.056604,100.0,50.0,0.0,1.0,0.0,0.0,0.0,1.0,306.47619,276.703704,63.75693,47.770271,3.0
2026-06-24T08:07:17.358784008Z,1000,per_hit,raw_percent_of_host,api-node1,api-node2,39,30,69,47.747748,24.761905,47.747748,49.52381,100.0,50.0,0.0,1.0,0.0,0.0,0.0,1.0,317.487179,300.9,67.67499,48.710784,3.0
2026-06-24T08:07:18.358786912Z,1000,per_hit,raw_percent_of_host,api-node1,api-node2,37,30,67,51.0,25.252525,51.0,50.505051,100.0,50.0,0.0,0.0,0.0,0.0,0.0,0.0,217.945946,330.548387,73.428225,47.344906,3.0
2026-06-24T08:07:19.358784762Z,1000,per_hit,raw_percent_of_host,api-node1,api-node2,39,29,68,53.0,30.0,53.0,60.0,100.0,50.0,1.0,1.0,0.0,0.0,1.0,1.0,274.605263,309.392857,59.892557,49.977439,3.0
2026-06-24T08:07:20.358785836Z,1000,per_hit,raw_percent_of_host,api-node1,api-node2,40,27,67,50.49505,27.358491,50.49505,54.716981,100.0,50.0,1.0,1.0,0.0,0.0,1.0,1.0,250.725,234.555556,71.576322,48.922489,3.0
2026-06-24T08:07:21.358785916Z,1000,per_hit,raw_percent_of_host,api-node1,api-node2,44,22,66,57.425743,24.299065,57.425743,48.598131,100.0,50.0,0.0,1.0,0.0,0.0,0.0,1.0,235.466667,220.090909,69.128242,47.274197,3.0
2026-06-24T08:07:22.358783495Z,1000,per_hit,raw_percent_of_host,api-node1,api-node2,37,28,65,49.50495,25.233645,49.50495,50.46729,100.0,50.0,0.0,1.0,0.0,0.0,0.0,1.0,185.027027,356.642857,71.523113,46.514309,3.0
2026-06-24T08:07:23.358783722Z,1000,per_hit,raw_percent_of_host,api-node1,api-node2,35,29,64,50.0,25.233645,50.0,50.46729,100.0,50.0,0.0,1.0,0.0,0.0,0.0,1.0,206.485714,252.206897,60.971,48.166655,3.0
2026-06-24T08:07:24.358786184Z,1000,per_hit,raw_percent_of_host,api-node1,api-node2,37,26,63,52.427184,24.528302,52.427184,49.056604,100.0,50.0,0.0,1.0,0.0,0.0,0.0,1.0,216.405405,209.884615,71.642799,49.455941,3.0
2026-06-24T08:07:25.358788738Z,1000,per_hit,raw_percent_of_host,api-node1,api-node2,40,22,62,52.475248,25.0,52.475248,50.0,100.0,50.0,1.0,0.0,0.0,0.0,1.0,0.0,244.74359,321.391304,70.926506,46.999429,3.0
2026-06-24T08:07:26.358784277Z,1000,per_hit,raw_percent_of_host,api-node1,api-node2,27,35,62,48.0,25.471698,48.0,50.943396,100.0,50.0,1.0,3.0,0.0,0.0,1.0,3.0,198.074074,495.84375,49.465098,58.409031,3.0
2026-06-24T08:07:27.358785643Z,1000,per_hit,raw_percent_of_host,api-node1,api-node2,35,26,61,48.648649,24.528302,48.648649,49.056604,100.0,50.0,0.0,2.0,0.0,0.0,0.0,2.0,252.111111,211.888889,68.778168,47.43658,3.0
2026-06-24T08:07:28.358783559Z,1000,per_hit,raw_percent_of_host,api-node1,api-node2,32,27,59,44.0,26.0,44.0,52.0,100.0,50.0,0.0,0.0,0.0,0.0,0.0,0.0,149.34375,289.344828,73.365195,49.092832,3.0
2026-06-24T08:07:29.358783761Z,1000,per_hit,raw_percent_of_host,api-node1,api-node2,36,24,60,48.0,25.0,48.0,50.0,100.0,50.0,0.0,1.0,0.0,0.0,0.0,1.0,191.75,260.608696,67.681254,46.879798,3.0
2026-06-24T08:07:30.358783642Z,1000,per_hit,raw_percent_of_host,api-node1,api-node2,29,29,58,45.454545,24.528302,45.454545,49.056604,100.0,50.0,1.0,0.0,0.0,0.0,1.0,0.0,152.428571,399.8,71.096589,67.23536,3.0
2026-06-24T08:07:31.358786376Z,1000,per_hit,raw_percent_of_host,api-node1,api-node2,26,30,56,44.0,28.037383,44.0,56.074766,100.0,50.0,0.0,1.0,0.0,0.0,0.0,1.0,130.777778,446.517241,67.208673,65.632052,3.0
2026-06-24T08:07:32.358786972Z,1000,per_hit,raw_percent_of_host,api-node1,api-node2,35,20,55,45.454545,23.232323,45.454545,46.464646,100.0,50.0,0.0,0.0,0.0,0.0,0.0,0.0,236.8,151.52381,70.545243,49.081921,3.0
2026-06-24T08:07:33.358786737Z,1000,per_hit,raw_percent_of_host,api-node1,api-node2,35,21,56,51.485149,26.415094,51.485149,52.830189,100.0,50.0,0.0,1.0,0.0,0.0,0.0,1.0,244.542857,193.95,69.11657,61.453231,3.0
2026-06-24T08:07:34.358783763Z,1000,per_hit,raw_percent_of_host,api-node1,api-node2,36,18,54,51.960784,23.809524,51.960784,47.619048,100.0,50.0,1.0,0.0,0.0,0.0,1.0,0.0,214.8,149.052632,70.090798,49.471344,3.0
2026-06-24T08:07:35.358783742Z,1000,per_hit,raw_percent_of_host,api-node1,api-node2,28,24,52,32.653061,27.358491,32.653061,54.716981,100.0,50.0,1.0,0.0,0.0,0.0,1.0,0.0,145.0,285.166667,72.233942,71.057995,3.0
2026-06-24T08:07:36.358783716Z,1000,per_hit,raw_percent_of_host,api-node1,api-node2,30,21,51,47.0,24.299065,47.0,48.598131,100.0,50.0,1.0,0.0,0.0,0.0,1.0,0.0,154.033333,275.095238,69.362531,69.138034,3.0
2026-06-24T08:07:37.358786158Z,1000,per_hit,raw_percent_of_host,api-node1,api-node2,26,23,49,32.323232,27.358491,32.323232,54.716981,100.0,50.0,1.0,0.0,0.0,0.0,1.0,0.0,124.730769,278.478261,70.611099,70.120475,3.0
2026-06-24T08:07:38.358784056Z,1000,per_hit,raw_percent_of_host,api-node1,api-node2,23,27,50,37.373737,24.528302,37.373737,49.056604,100.0,50.0,1.0,0.0,0.0,0.0,1.0,0.0,120.434783,359.444444,65.93087,59.502873,3.0
2026-06-24T08:07:39.358784108Z,1000,per_hit,raw_percent_of_host,api-node1,api-node2,24,24,48,37.373737,28.301887,37.373737,56.603774,100.0,50.0,0.0,1.0,0.0,0.0,0.0,1.0,143.76,225.695652,69.960347,70.93185,3.0
2026-06-24T08:07:40.3587853Z,1000,per_hit,raw_percent_of_host,api-node1,api-node2,31,15,46,47.524752,24.528302,47.524752,49.056604,100.0,50.0,0.0,0.0,0.0,0.0,0.0,0.0,141.322581,137.125,72.884085,46.748746,3.0
2026-06-24T08:07:41.35878712Z,1000,per_hit,raw_percent_of_host,api-node1,api-node2,22,24,46,39.0,25.471698,39.0,50.943396,100.0,50.0,0.0,0.0,0.0,0.0,0.0,0.0,111.681818,317.625,70.951514,70.347485,3.0
2026-06-24T08:07:42.358786839Z,1000,per_hit,raw_percent_of_host,api-node1,api-node2,24,19,43,40.0,24.761905,40.0,49.52381,100.0,50.0,0.0,2.0,0.0,0.0,0.0,2.0,128.25,136.176471,71.568622,49.32908,3.0
2026-06-24T08:07:43.358786086Z,1000,per_hit,raw_percent_of_host,api-node1,api-node2,30,17,47,36.0,27.272727,36.0,54.545455,100.0,50.0,1.0,0.0,0.0,0.0,1.0,0.0,111.068966,152.842105,72.648902,49.155093,3.0
2026-06-24T08:07:44.358783419Z,1000,per_hit,raw_percent_of_host,api-node1,api-node2,17,25,42,38.383838,26.605505,38.383838,53.211009,100.0,50.0,1.0,0.0,0.0,0.0,1.0,0.0,74.882353,269.16,50.0,69.475578,3.0
2026-06-24T08:07:45.358784169Z,1000,per_hit,raw_percent_of_host,api-node1,api-node2,23,17,40,54.901961,23.584906,54.901961,47.169811,100.0,50.0,1.0,0.0,0.0,0.0,1.0,0.0,103.347826,203.294118,74.106704,63.312706,3.0
2026-06-24T08:07:46.358785766Z,1000,per_hit,raw_percent_of_host,api-node1,api-node2,19,21,40,38.383838,25.0,38.383838,50.0,100.0,50.0,1.0,0.0,0.0,0.0,1.0,0.0,134.789474,164.714286,70.041709,71.514995,3.0
2026-06-24T08:07:47.358787115Z,1000,per_hit,raw_percent_of_host,api-node1,api-node2,25,14,39,46.534653,24.0,46.534653,48.0,100.0,50.0,0.0,1.0,0.0,0.0,0.0,1.0,144.038462,119.538462,74.006462,47.950246,3.0
2026-06-24T08:07:48.358783737Z,1000,per_hit,raw_percent_of_host,api-node1,api-node2,23,15,38,39.0,26.732673,39.0,53.465347,100.0,50.0,0.0,1.0,0.0,0.0,0.0,1.0,119.086957,135.133333,71.584048,65.345862,3.0
2026-06-24T08:07:49.358787169Z,1000,per_hit,raw_percent_of_host,api-node1,api-node2,19,18,37,39.393939,24.761905,39.393939,49.52381,100.0,50.0,1.0,0.0,0.0,0.0,1.0,0.0,122.833333,167.578947,74.553987,67.389023,3.0
2026-06-24T08:07:50.358783786Z,1000,per_hit,raw_percent_of_host,api-node1,api-node2,16,19,35,36.363636,25.233645,36.363636,50.46729,100.0,50.0,0.0,0.0,0.0,0.0,0.0,0.0,122.823529,156.263158,70.688915,70.30775,3.0
2026-06-24T08:07:51.358787604Z,1000,per_hit,raw_percent_of_host,api-node1,api-node2,17,19,36,39.0,24.761905,39.0,49.52381,100.0,50.0,0.0,1.0,0.0,0.0,0.0,1.0,108.823529,176.5,72.536383,67.415623,3.0
2026-06-24T08:07:52.358785847Z,1000,per_hit,raw_percent_of_host,api-node1,api-node2,25,8,33,42.718447,16.0,42.718447,32.0,100.0,50.0,1.0,0.0,0.0,0.0,1.0,0.0,159.25,87.888889,72.367946,49.625633,3.0
2026-06-24T08:07:53.358783449Z,1000,per_hit,raw_percent_of_host,api-node1,api-node2,18,14,32,38.77551,25.252525,38.77551,50.505051,100.0,50.0,1.0,0.0,0.0,0.0,1.0,0.0,104.055556,134.571429,70.702377,71.918304,3.0
2026-06-24T08:07:54.358784236Z,1000,per_hit,raw_percent_of_host,api-node1,api-node2,10,21,31,26.0,28.301887,26.0,56.603774,100.0,50.0,1.0,0.0,0.0,0.0,1.0,0.0,72.0,150.142857,78.717145,67.380517,3.0
2026-06-24T08:07:55.358783406Z,1000,per_hit,raw_percent_of_host,api-node1,api-node2,23,7,30,38.0,20.792079,38.0,41.584158,100.0,50.0,1.0,0.0,0.0,0.0,1.0,0.0,92.782609,93.428571,72.091784,50.0,3.0
2026-06-24T08:07:56.358783662Z,1000,per_hit,raw_percent_of_host,api-node1,api-node2,11,17,28,32.673267,25.471698,32.673267,50.943396,100.0,50.0,0.0,0.0,0.0,0.0,0.0,0.0,68.833333,178.764706,68.923362,71.484414,3.0
2026-06-24T08:07:57.358786224Z,1000,per_hit,raw_percent_of_host,api-node1,api-node2,15,13,28,40.40404,20.20202,40.40404,40.40404,100.0,50.0,0.0,0.0,0.0,0.0,0.0,0.0,83.333333,122.076923,74.942447,67.467059,3.0
2026-06-24T08:07:58.358785222Z,1000,per_hit,raw_percent_of_host,api-node1,api-node2,12,15,27,24.489796,25.742574,24.489796,51.485149,100.0,50.0,0.0,0.0,0.0,0.0,0.0,0.0,80.666667,135.666667,79.728911,68.635304,3.0
2026-06-24T08:07:59.358788568Z,1000,per_hit,raw_percent_of_host,api-node1,api-node2,16,10,26,29.0,21.782178,29.0,43.564356,100.0,50.0,0.0,0.0,0.0,0.0,0.0,0.0,83.3125,128.6,78.640763,70.313122,3.0
2026-06-24T08:08:00.358784225Z,1000,per_hit,raw_percent_of_host,api-node1,api-node2,13,12,25,31.313131,19.191919,31.313131,38.383838,100.0,50.0,0.0,0.0,0.0,0.0,0.0,0.0,76.307692,111.416667,74.823551,74.357716,3.0
2026-06-24T08:08:01.358784389Z,1000,per_hit,raw_percent_of_host,api-node1,api-node2,11,13,24,32.038835,27.777778,32.038835,55.555556,100.0,50.0,0.0,0.0,0.0,0.0,0.0,0.0,75.818182,126.0,74.070778,71.521325,3.0
2026-06-24T08:08:02.358785175Z,1000,per_hit,raw_percent_of_host,api-node1,api-node2,10,13,23,29.292929,19.0,29.292929,38.0,100.0,50.0,0.0,0.0,0.0,0.0,0.0,0.0,81.7,144.307692,78.738915,68.540269,3.0
2026-06-24T08:08:03.358783819Z,1000,per_hit,raw_percent_of_host,api-node1,api-node2,13,9,22,22.0,23.0,22.0,46.0,100.0,50.0,0.0,0.0,0.0,0.0,0.0,0.0,71.538462,87.111111,80.640481,71.354002,3.0
2026-06-24T08:08:04.358783933Z,1000,per_hit,raw_percent_of_host,api-node1,api-node2,12,9,21,37.373737,15.0,37.373737,30.0,100.0,50.0,0.0,0.0,0.0,0.0,0.0,0.0,70.25,98.222222,74.660653,70.492237,3.0
2026-06-24T08:08:05.358796112Z,1000,per_hit,raw_percent_of_host,api-node1,api-node2,11,10,21,29.0,22.222222,29.0,44.444444,100.0,50.0,0.0,0.0,0.0,0.0,0.0,0.0,68.090909,118.6,78.833004,64.622836,3.0
2026-06-24T08:08:06.358784701Z,1000,per_hit,raw_percent_of_host,api-node1,api-node2,11,9,20,31.313131,15.151515,31.313131,30.30303,100.0,50.0,0.0,0.0,0.0,0.0,0.0,0.0,68.727273,81.555556,74.916931,71.543017,3.0
2026-06-24T08:08:07.358783578Z,1000,per_hit,raw_percent_of_host,api-node1,api-node2,10,9,19,36.363636,13.265306,36.363636,26.530612,100.0,50.0,0.0,2.0,0.0,0.0,0.0,2.0,87.1,80.714286,71.853364,71.641394,3.0
2026-06-24T08:08:08.35878358Z,1000,per_hit,raw_percent_of_host,api-node1,api-node2,11,7,18,28.0,20.20202,28.0,40.40404,100.0,50.0,0.0,0.0,0.0,0.0,0.0,0.0,69.181818,76.222222,75.889551,50.0,3.0
2026-06-24T08:08:09.358788029Z,1000,per_hit,raw_percent_of_host,api-node1,api-node2,10,8,18,33.0,12.121212,33.0,24.242424,100.0,50.0,0.0,0.0,0.0,0.0,0.0,0.0,73.6,61.875,74.414601,79.488835,3.0
2026-06-24T08:08:10.358787211Z,1000,per_hit,raw_percent_of_host,api-node1,api-node2,7,10,17,26.262626,17.0,26.262626,34.0,100.0,50.0,0.0,0.0,0.0,0.0,0.0,0.0,57.142857,97.1,77.940366,51.691998,3.0
2026-06-24T08:08:11.358784183Z,1000,per_hit,raw_percent_of_host,api-node1,api-node2,9,6,15,23.232323,15.151515,23.232323,30.30303,100.0,50.0,0.0,0.0,0.0,0.0,0.0,0.0,58.222222,79.333333,81.806847,62.758624,3.0
2026-06-24T08:08:12.358783424Z,1000,per_hit,raw_percent_of_host,api-node1,api-node2,8,7,15,23.0,16.0,23.0,32.0,100.0,50.0,0.0,0.0,0.0,0.0,0.0,0.0,56.125,83.428571,81.380282,71.65561,3.0
2026-06-24T08:08:13.358786663Z,1000,per_hit,raw_percent_of_host,api-node1,api-node2,11,4,15,27.272727,13.131313,27.272727,26.262626,100.0,50.0,0.0,0.0,0.0,0.0,0.0,0.0,65.363636,91.0,81.045493,66.613968,3.0
2026-06-24T08:08:14.358785021Z,1000,per_hit,raw_percent_of_host,api-node1,api-node2,8,6,14,26.262626,16.161616,26.262626,32.323232,100.0,50.0,0.0,0.0,0.0,0.0,0.0,0.0,56.875,69.0,79.689707,72.553493,3.0
2026-06-24T08:08:15.358787811Z,1000,per_hit,raw_percent_of_host,api-node1,api-node2,10,4,14,28.0,13.0,28.0,26.0,100.0,50.0,0.0,0.0,0.0,0.0,0.0,0.0,59.3,55.75,79.770066,78.495533,3.0
2026-06-24T08:08:16.35878344Z,1000,per_hit,raw_percent_of_host,api-node1,api-node2,8,5,13,21.0,13.265306,21.0,26.530612,100.0,50.0,0.0,0.0,0.0,0.0,0.0,0.0,63.125,56.8,80.942069,81.729832,3.0
2026-06-24T08:08:17.358783534Z,1000,per_hit,raw_percent_of_host,api-node1,api-node2,5,8,13,13.0,20.0,13.0,40.0,100.0,50.0,0.0,0.0,0.0,0.0,0.0,0.0,54.6,71.875,82.333226,72.703411,3.0
2026-06-24T08:08:18.358784693Z,1000,per_hit,raw_percent_of_host,api-node1,api-node2,8,4,12,21.428571,11.881188,21.428571,23.762376,100.0,50.0,0.0,0.0,0.0,0.0,0.0,0.0,60.25,57.5,82.140015,80.189994,3.0
2026-06-24T08:08:19.358784726Z,1000,per_hit,raw_percent_of_host,api-node1,api-node2,6,6,12,17.171717,16.161616,17.171717,32.323232,100.0,50.0,0.0,0.0,0.0,0.0,0.0,0.0,50.0,74.166667,82.249076,73.889864,3.0
2026-06-24T08:08:20.358783595Z,1000,per_hit,raw_percent_of_host,api-node1,api-node2,6,6,12,16.831683,15.151515,16.831683,30.30303,100.0,50.0,0.0,0.0,0.0,0.0,0.0,0.0,55.0,94.0,82.694081,72.976363,3.0
2026-06-24T08:08:21.358788096Z,1000,per_hit,raw_percent_of_host,api-node1,api-node2,5,6,11,16.0,15.151515,16.0,30.30303,100.0,50.0,0.0,0.0,0.0,0.0,0.0,0.0,56.8,66.5,82.108115,74.117287,3.0
2026-06-24T08:08:22.358794587Z,1000,per_hit,raw_percent_of_host,api-node1,api-node2,5,6,11,13.0,14.285714,13.0,28.571429,100.0,50.0,0.0,0.0,0.0,0.0,0.0,0.0,50.0,76.0,83.195562,77.022754,3.0
2026-06-24T08:08:23.358783521Z,1000,per_hit,raw_percent_of_host,api-node1,api-node2,4,6,10,17.0,12.121212,17.0,24.242424,100.0,50.0,0.0,0.0,0.0,0.0,0.0,0.0,50.0,85.833333,82.773282,79.406488,3.0
2026-06-24T08:08:24.358787755Z,1000,per_hit,raw_percent_of_host,api-node1,api-node2,4,6,10,14.0,16.161616,14.0,32.323232,100.0,50.0,0.0,0.0,0.0,0.0,0.0,0.0,50.0,63.0,81.123972,68.240343,3.0
2026-06-24T08:08:25.358783632Z,1000,per_hit,raw_percent_of_host,api-node1,api-node2,6,4,10,16.161616,11.111111,16.161616,22.222222,100.0,50.0,0.0,0.0,0.0,0.0,0.0,0.0,50.333333,60.25,82.591444,79.54075,3.0
2026-06-24T08:08:26.358784833Z,1000,per_hit,raw_percent_of_host,api-node1,api-node2,4,6,10,11.0,14.141414,11.0,28.282828,100.0,50.0,0.0,0.0,0.0,0.0,0.0,0.0,50.0,61.0,83.184151,80.154449,3.0
2026-06-24T08:08:27.35878854Z,1000,per_hit,raw_percent_of_host,api-node1,api-node2,6,4,10,19.0,11.111111,19.0,22.222222,100.0,50.0,0.0,0.0,0.0,0.0,0.0,0.0,51.333333,50.0,82.31071,80.589272,3.0
2026-06-24T08:08:28.358784279Z,1000,per_hit,raw_percent_of_host,api-node1,api-node2,4,6,10,15.151515,11.111111,15.151515,22.222222,100.0,50.0,0.0,0.0,0.0,0.0,0.0,0.0,50.0,79.833333,83.03528,79.331863,3.0
2026-06-24T08:08:29.358783625Z,1000,per_hit,raw_percent_of_host,api-node1,api-node2,3,7,10,15.151515,9.0,15.151515,18.0,100.0,50.0,0.0,0.0,0.0,0.0,0.0,0.0,50.0,69.142857,81.145521,76.785446,3.0
2026-06-24T08:08:30.358783618Z,1000,per_hit,raw_percent_of_host,api-node1,api-node2,7,3,10,27.272727,6.0,27.272727,12.0,100.0,50.0,0.0,0.0,0.0,0.0,0.0,0.0,50.0,50.0,81.440202,78.248539,3.0
2026-06-24T08:08:31.358783891Z,1000,per_hit,raw_percent_of_host,api-node1,api-node2,5,5,10,18.181818,12.121212,18.181818,24.242424,100.0,50.0,0.0,0.0,0.0,0.0,0.0,0.0,50.0,55.2,82.708591,81.139404,3.0
2026-06-24T08:08:32.358783592Z,1000,per_hit,raw_percent_of_host,api-node1,api-node2,4,6,10,15.0,16.161616,15.0,32.323232,100.0,50.0,0.0,0.0,0.0,0.0,0.0,0.0,51.75,50.0,82.24641,72.661205,3.0
2026-06-24T08:08:33.358787594Z,1000,per_hit,raw_percent_of_host,api-node1,api-node2,7,4,11,19.191919,12.0,19.191919,24.0,100.0,50.0,0.0,0.0,0.0,0.0,0.0,0.0,50.428571,57.75,80.400807,77.860868,3.0
2026-06-24T08:08:34.358784847Z,1000,per_hit,raw_percent_of_host,api-node1,api-node2,5,6,11,10.10101,16.831683,10.10101,33.663366,100.0,50.0,0.0,0.0,0.0,0.0,0.0,0.0,61.6,75.833333,83.135899,71.475509,3.0
2026-06-24T08:08:35.358785127Z,1000,per_hit,raw_percent_of_host,api-node1,api-node2,7,4,11,17.821782,14.0,17.821782,28.0,100.0,50.0,0.0,0.0,0.0,0.0,0.0,0.0,54.571429,61.0,82.639863,78.512105,3.0
2026-06-24T08:08:36.358785136Z,1000,per_hit,raw_percent_of_host,api-node1,api-node2,8,3,11,28.282828,6.060606,28.282828,12.121212,100.0,50.0,0.0,0.0,0.0,0.0,0.0,0.0,53.0,56.666667,80.679755,82.988853,3.0
2026-06-24T08:08:37.358787282Z,1000,per_hit,raw_percent_of_host,api-node1,api-node2,6,6,12,13.861386,21.782178,13.861386,43.564356,100.0,50.0,0.0,0.0,0.0,0.0,0.0,0.0,60.333333,69.0,83.108171,73.08951,3.0
2026-06-24T08:08:38.358787402Z,1000,per_hit,raw_percent_of_host,api-node1,api-node2,7,5,12,23.300971,13.0,23.300971,26.0,100.0,50.0,0.0,0.0,0.0,0.0,0.0,0.0,54.0,53.4,81.835509,78.920095,3.0
2026-06-24T08:08:39.358783371Z,1000,per_hit,raw_percent_of_host,api-node1,api-node2,6,6,12,25.742574,11.111111,25.742574,22.222222,100.0,50.0,0.0,0.0,0.0,0.0,0.0,0.0,56.666667,59.5,81.625821,80.409426,3.0
2026-06-24T08:08:40.35878461Z,1000,per_hit,raw_percent_of_host,api-node1,api-node2,6,7,13,16.0,18.0,16.0,36.0,100.0,50.0,0.0,0.0,0.0,0.0,0.0,0.0,50.0,60.714286,81.783701,65.591863,3.0
2026-06-24T08:08:41.358784636Z,1000,per_hit,raw_percent_of_host,api-node1,api-node2,8,5,13,16.0,15.151515,16.0,30.30303,100.0,50.0,0.0,0.0,0.0,0.0,0.0,0.0,60.375,58.0,82.189048,75.154448,3.0
2026-06-24T08:08:42.358784733Z,1000,per_hit,raw_percent_of_host,api-node1,api-node2,5,9,14,21.0,14.705882,21.0,29.411765,100.0,50.0,0.0,0.0,0.0,0.0,0.0,0.0,55.0,72.222222,81.482981,75.78154,3.0
2026-06-24T08:08:43.358784992Z,1000,per_hit,raw_percent_of_host,api-node1,api-node2,8,6,14,19.607843,19.80198,19.607843,39.60396,100.0,50.0,0.0,0.0,0.0,0.0,0.0,0.0,61.25,59.166667,80.298552,70.789226,3.0
2026-06-24T08:08:44.358786879Z,1000,per_hit,raw_percent_of_host,api-node1,api-node2,6,9,15,15.686275,19.191919,15.686275,38.383838,100.0,50.0,0.0,0.0,0.0,0.0,0.0,0.0,54.166667,81.555556,82.060973,75.726228,3.0
2026-06-24T08:08:45.358785033Z,1000,per_hit,raw_percent_of_host,api-node1,api-node2,8,8,16,22.772277,17.647059,22.772277,35.294118,100.0,50.0,0.0,0.0,0.0,0.0,0.0,0.0,51.75,85.125,81.895688,68.609491,3.0
2026-06-24T08:08:46.358783704Z,1000,per_hit,raw_percent_of_host,api-node1,api-node2,10,6,16,26.732673,8.0,26.732673,16.0,100.0,50.0,0.0,0.0,0.0,0.0,0.0,0.0,67.0,66.166667,80.464661,78.830298,3.0
2026-06-24T08:08:47.358783535Z,1000,per_hit,raw_percent_of_host,api-node1,api-node2,7,10,17,19.80198,17.647059,19.80198,35.294118,100.0,50.0,0.0,0.0,0.0,0.0,0.0,0.0,50.0,110.7,82.422262,49.878964,3.0
2026-06-24T08:08:48.358786881Z,1000,per_hit,raw_percent_of_host,api-node1,api-node2,12,4,16,15.841584,11.0,15.841584,22.0,100.0,50.0,0.0,0.0,0.0,0.0,0.0,0.0,83.666667,55.5,77.418855,53.696865,3.0
2026-06-24T08:08:49.358787772Z,1000,per_hit,raw_percent_of_host,api-node1,api-node2,6,10,16,10.891089,10.10101,10.891089,20.20202,100.0,50.0,0.0,2.0,0.0,0.0,0.0,2.0,50.0,87.0,82.254627,62.3881,3.0
2026-06-24T08:08:50.358786472Z,1000,per_hit,raw_percent_of_host,api-node1,api-node2,9,5,14,10.10101,8.080808,10.10101,16.161616,100.0,50.0,2.0,1.0,0.0,0.0,2.0,1.0,58.714286,77.166667,82.445574,70.751149,3.0
2026-06-24T08:08:51.358783767Z,1000,per_hit,raw_percent_of_host,api-node1,api-node2,13,6,19,20.0,13.265306,20.0,26.530612,100.0,50.0,1.0,0.0,0.0,0.0,1.0,0.0,69.357143,63.428571,69.130913,67.508724,3.0
2026-06-24T08:08:52.358785514Z,1000,per_hit,raw_percent_of_host,api-node1,api-node2,13,10,23,29.0,11.111111,29.0,22.222222,100.0,50.0,5.0,3.0,0.0,0.0,5.0,3.0,53.555556,84.428571,64.5017,61.294779,3.0
2026-06-24T08:08:53.35878758Z,1000,per_hit,raw_percent_of_host,api-node1,api-node2,10,9,19,16.326531,11.827957,16.326531,23.655914,100.0,50.0,1.0,2.0,0.0,0.0,1.0,2.0,71.214286,82.3,77.123827,61.658243,3.0
2026-06-24T08:08:54.358784778Z,1000,per_hit,raw_percent_of_host,api-node1,api-node2,17,11,28,20.0,21.0,20.0,42.0,100.0,50.0,2.0,2.0,0.0,0.0,2.0,2.0,57.9375,70.363636,73.099742,58.094,3.0
2026-06-24T08:08:55.358783555Z,1000,per_hit,raw_percent_of_host,api-node1,api-node2,12,12,24,26.262626,15.053763,26.262626,30.107527,100.0,50.0,3.0,2.0,0.0,0.0,3.0,2.0,59.0,95.583333,69.385321,52.143762,3.0
2026-06-24T08:08:56.358786375Z,1000,per_hit,raw_percent_of_host,api-node1,api-node2,14,11,25,5.154639,22.340426,5.154639,44.680851,100.0,50.0,2.0,4.0,0.0,0.0,2.0,4.0,80.733333,76.0,70.332241,50.48162,3.0
2026-06-24T08:08:57.358787422Z,1000,per_hit,raw_percent_of_host,api-node1,api-node2,11,15,26,11.111111,17.204301,11.111111,34.408602,100.0,50.0,3.0,4.0,0.0,0.0,3.0,4.0,59.5,93.266667,73.424071,56.746869,3.0
2026-06-24T08:08:58.358783705Z,1000,per_hit,raw_percent_of_host,api-node1,api-node2,16,11,27,27.586207,11.702128,27.586207,23.404255,100.0,50.0,2.0,3.0,0.0,0.0,2.0,3.0,63.941176,108.583333,69.501673,63.777248,3.0
2026-06-24T08:08:59.358785639Z,1000,per_hit,raw_percent_of_host,api-node1,api-node2,18,10,28,24.242424,17.204301,24.242424,34.408602,100.0,50.0,2.0,2.0,0.0,0.0,2.0,2.0,66.722222,105.090909,69.534506,52.524589,3.0
2026-06-24T08:09:00.358795653Z,1000,per_hit,raw_percent_of_host,api-node1,api-node2,14,15,29,17.045455,11.0,17.045455,22.0,100.0,50.0,1.0,4.0,0.0,0.0,1.0,4.0,68.333333,101.692308,73.468686,65.338681,3.0
2026-06-24T08:09:01.358784659Z,1000,per_hit,raw_percent_of_host,api-node1,api-node2,18,12,30,17.171717,13.978495,17.171717,27.956989,100.0,50.0,3.0,1.0,0.0,0.0,3.0,1.0,56.1875,105.466667,74.096499,63.121858,3.0
2026-06-24T08:09:02.358783568Z,1000,per_hit,raw_percent_of_host,api-node1,api-node2,16,15,31,22.0,14.0,22.0,28.0,100.0,50.0,2.0,5.0,0.0,0.0,2.0,5.0,76.176471,106.909091,72.377706,65.645309,3.0
2026-06-24T08:09:03.358783629Z,1000,per_hit,raw_percent_of_host,api-node1,api-node2,21,11,32,15.0,22.580645,15.0,45.16129,100.0,50.0,2.0,2.0,0.0,0.0,2.0,2.0,80.0,105.857143,73.536851,50.924075,3.0
2026-06-24T08:09:04.358784248Z,1000,per_hit,raw_percent_of_host,api-node1,api-node2,17,16,33,12.0,21.0,12.0,42.0,100.0,50.0,2.0,2.0,0.0,0.0,2.0,2.0,81.117647,86.8125,74.764311,49.664018,3.0
2026-06-24T08:09:05.358784033Z,1000,per_hit,raw_percent_of_host,api-node1,api-node2,19,15,34,11.111111,17.021277,11.111111,34.042553,100.0,50.0,2.0,3.0,0.0,0.0,2.0,3.0,78.578947,103.928571,75.36546,49.613433,3.0
2026-06-24T08:09:06.358786006Z,1000,per_hit,raw_percent_of_host,api-node1,api-node2,16,19,35,15.625,10.752688,15.625,21.505376,100.0,50.0,3.0,3.0,0.0,0.0,3.0,3.0,67.066667,140.894737,75.195596,62.711913,3.0
2026-06-24T08:09:07.358783599Z,1000,per_hit,raw_percent_of_host,api-node1,api-node2,25,11,36,21.428571,15.0,21.428571,30.0,100.0,50.0,2.0,3.0,0.0,0.0,2.0,3.0,102.423077,88.636364,71.082641,54.588711,3.0
2026-06-24T08:09:08.358784166Z,1000,per_hit,raw_percent_of_host,api-node1,api-node2,21,16,37,19.387755,11.827957,19.387755,23.655914,100.0,50.0,2.0,6.0,0.0,0.0,2.0,6.0,77.380952,122.0,74.03071,63.602931,3.0
2026-06-24T08:09:09.358783798Z,1000,per_hit,raw_percent_of_host,api-node1,api-node2,28,10,38,23.469388,16.304348,23.469388,32.608696,100.0,50.0,4.0,0.0,0.0,0.0,4.0,0.0,78.615385,163.4375,72.068774,49.547166,3.0
2026-06-24T08:09:10.358785669Z,1000,per_hit,raw_percent_of_host,api-node1,api-node2,22,17,39,17.346939,16.666667,17.346939,33.333333,100.0,50.0,1.0,3.0,0.0,0.0,1.0,3.0,80.48,143.714286,74.460988,47.306604,3.0
2026-06-24T08:09:11.358785719Z,1000,per_hit,raw_percent_of_host,api-node1,api-node2,24,17,41,20.454545,10.752688,20.454545,21.505376,100.0,50.0,1.0,3.0,0.0,0.0,1.0,3.0,84.708333,159.941176,73.62211,60.610436,3.0
2026-06-24T08:09:12.358784316Z,1000,per_hit,raw_percent_of_host,api-node1,api-node2,26,16,42,23.469388,10.752688,23.469388,21.505376,100.0,50.0,2.0,5.0,0.0,0.0,2.0,5.0,90.76,159.642857,69.923925,67.151753,3.0
2026-06-24T08:09:13.358786641Z,1000,per_hit,raw_percent_of_host,api-node1,api-node2,24,19,43,11.22449,23.157895,11.22449,46.315789,100.0,50.0,0.0,4.0,0.0,0.0,0.0,4.0,94.807692,162.1,75.34429,48.385746,3.0
2026-06-24T08:09:14.358784131Z,1000,per_hit,raw_percent_of_host,api-node1,api-node2,23,21,44,24.752475,11.827957,24.752475,23.655914,100.0,50.0,2.0,16.0,0.0,0.0,2.0,16.0,71.238095,127.222222,71.92432,64.868542,3.0
2026-06-24T08:09:15.358787289Z,1000,per_hit,raw_percent_of_host,api-node1,api-node2,26,19,45,16.326531,17.204301,16.326531,34.408602,100.0,50.0,3.0,4.0,0.0,0.0,3.0,4.0,128.24,232.677419,71.198903,49.196043,3.0
2026-06-24T08:09:16.358784345Z,1000,per_hit,raw_percent_of_host,api-node1,api-node2,21,25,46,15.463918,17.021277,15.463918,34.042553,100.0,50.0,3.0,10.0,0.0,0.0,3.0,10.0,101.238095,178.210526,74.125627,48.008527,3.0
2026-06-24T08:09:17.358783968Z,1000,per_hit,raw_percent_of_host,api-node1,api-node2,26,21,47,24.489796,12.765957,24.489796,25.531915,100.0,50.0,3.0,3.0,0.0,0.0,3.0,3.0,97.692308,234.142857,70.002664,59.720884,3.0
2026-06-24T08:09:18.358791037Z,1000,per_hit,raw_percent_of_host,api-node1,api-node2,30,19,49,21.428571,14.141414,21.428571,28.282828,100.0,50.0,3.0,3.0,0.0,0.0,3.0,3.0,113.133333,156.526316,69.890592,52.220772,3.0
2026-06-24T08:09:19.358783788Z,1000,per_hit,raw_percent_of_host,api-node1,api-node2,32,18,50,21.428571,10.752688,21.428571,21.505376,100.0,50.0,2.0,4.0,0.0,0.0,2.0,4.0,147.515152,141.058824,66.214641,72.154649,3.0
2026-06-24T08:09:20.358783686Z,1000,per_hit,raw_percent_of_host,api-node1,api-node2,32,19,51,19.191919,20.20202,19.191919,40.40404,100.0,50.0,3.0,4.0,0.0,0.0,3.0,4.0,164.612903,162.210526,67.545819,50.155325,3.0
2026-06-24T08:09:21.35878453Z,1000,per_hit,raw_percent_of_host,api-node1,api-node2,31,21,52,21.212121,16.129032,21.212121,32.258065,100.0,50.0,4.0,6.0,0.0,0.0,4.0,6.0,147.3,171.473684,68.872879,47.907758,3.0
2026-06-24T08:09:22.358784857Z,1000,per_hit,raw_percent_of_host,api-node1,api-node2,29,24,53,25.773196,5.434783,25.773196,10.869565,100.0,50.0,3.0,21.0,0.0,0.0,3.0,21.0,114.633333,205.555556,65.119349,70.485479,3.0
2026-06-24T08:09:23.358784933Z,1000,per_hit,raw_percent_of_host,api-node1,api-node2,31,23,54,17.045455,11.956522,17.045455,23.913043,100.0,50.0,2.0,11.0,0.0,0.0,2.0,11.0,127.53125,320.666667,69.430402,63.167695,3.0
2026-06-24T08:09:24.358785938Z,1000,per_hit,raw_percent_of_host,api-node1,api-node2,24,31,55,5.050505,26.0,5.050505,52.0,100.0,50.0,2.0,12.0,0.0,0.0,2.0,12.0,137.916667,221.8,70.043631,48.515028,3.0
2026-06-24T08:09:25.358784819Z,1000,per_hit,raw_percent_of_host,api-node1,api-node2,32,24,56,20.20202,14.285714,20.20202,28.571429,100.0,50.0,2.0,12.0,0.0,0.0,2.0,12.0,125.59375,275.333333,69.03529,59.394018,3.0
2026-06-24T08:09:26.358784227Z,1000,per_hit,raw_percent_of_host,api-node1,api-node2,36,21,57,21.212121,19.148936,21.212121,38.297872,100.0,50.0,6.0,6.0,0.0,0.0,6.0,6.0,170.625,237.518519,67.771466,48.2088,3.0
2026-06-24T08:09:27.358784853Z,1000,per_hit,raw_percent_of_host,api-node1,api-node2,37,21,58,17.171717,22.340426,17.171717,44.680851,100.0,50.0,3.0,7.0,0.0,0.0,3.0,7.0,200.5,185.4,65.898448,48.091168,3.0
2026-06-24T08:09:28.358784219Z,1000,per_hit,raw_percent_of_host,api-node1,api-node2,33,26,59,12.121212,22.222222,12.121212,44.444444,100.0,50.0,5.0,15.0,0.0,0.0,5.0,15.0,152.774194,193.722222,69.665639,47.398283,3.0
2026-06-24T08:09:29.358784868Z,1000,per_hit,raw_percent_of_host,api-node1,api-node2,33,27,60,23.71134,17.204301,23.71134,34.408602,100.0,50.0,2.0,23.0,0.0,0.0,2.0,23.0,130.666667,350.368421,65.802794,46.43749,3.0
2026-06-24T08:09:30.358784152Z,1000,per_hit,raw_percent_of_host,api-node1,api-node2,32,29,61,16.161616,22.340426,16.161616,44.680851,100.0,50.0,2.0,14.0,0.0,0.0,2.0,14.0,152.59375,300.605263,68.872523,45.856164,3.0
2026-06-24T08:09:31.358784773Z,1000,per_hit,raw_percent_of_host,api-node1,api-node2,39,23,62,27.272727,16.304348,27.272727,32.608696,100.0,50.0,6.0,13.0,0.0,0.0,6.0,13.0,163.914286,298.0,62.831448,44.806048,3.0
2026-06-24T08:09:32.358784104Z,1000,per_hit,raw_percent_of_host,api-node1,api-node2,37,26,63,11.22449,25.252525,11.22449,50.505051,100.0,50.0,7.0,13.0,0.0,0.0,7.0,13.0,174.75,257.769231,67.29382,48.445692,3.0
2026-06-24T08:09:33.358784152Z,1000,per_hit,raw_percent_of_host,api-node1,api-node2,34,30,64,26.530612,12.745098,26.530612,25.490196,100.0,50.0,1.0,27.0,0.0,0.0,1.0,27.0,162.975,288.25,62.812734,48.540258,3.0
2026-06-24T08:09:34.358785032Z,1000,per_hit,raw_percent_of_host,api-node1,api-node2,35,30,65,21.212121,22.580645,21.212121,45.16129,100.0,50.0,4.0,22.0,0.0,0.0,4.0,22.0,168.34375,478.885714,69.109418,46.772721,3.0
2026-06-24T08:09:35.358784353Z,1000,per_hit,raw_percent_of_host,api-node1,api-node2,36,29,65,19.387755,15.217391,19.387755,30.434783,100.0,50.0,4.0,21.0,0.0,0.0,4.0,21.0,162.138889,356.733333,68.853617,47.559045,3.0
2026-06-24T08:09:36.358784128Z,1000,per_hit,raw_percent_of_host,api-node1,api-node2,40,26,66,20.0,16.842105,20.0,33.684211,100.0,50.0,10.0,15.0,0.0,0.0,10.0,15.0,220.264706,290.375,66.980919,46.480831,3.0
2026-06-24T08:09:37.358785477Z,1000,per_hit,raw_percent_of_host,api-node1,api-node2,33,34,67,18.0,20.20202,18.0,40.40404,100.0,50.0,3.0,26.0,0.0,0.0,3.0,26.0,218.425,274.26087,69.71133,47.549267,3.0
2026-06-24T08:09:38.358785609Z,1000,per_hit,raw_percent_of_host,api-node1,api-node2,41,22,63,22.727273,17.894737,22.727273,35.789474,100.0,50.0,15.0,8.0,0.0,0.0,15.0,8.0,148.931034,313.925,65.476689,45.945518,3.0
2026-06-24T08:09:39.358784738Z,1000,per_hit,raw_percent_of_host,api-node1,api-node2,36,29,65,20.20202,21.73913,20.20202,43.478261,100.0,50.0,8.0,19.0,0.0,0.0,8.0,19.0,195.604651,145.611111,67.608885,49.990136,3.0
2026-06-24T08:09:40.358784445Z,1000,per_hit,raw_percent_of_host,api-node1,api-node2,47,25,72,22.727273,20.20202,22.727273,40.40404,100.0,50.0,30.0,11.0,0.0,0.0,30.0,11.0,195.2,229.424242,62.780931,47.896222,3.0
2026-06-24T08:09:41.358784384Z,1000,per_hit,raw_percent_of_host,api-node1,api-node2,38,32,70,31.0,26.0,31.0,52.0,100.0,50.0,19.0,20.0,0.0,0.0,19.0,20.0,280.285714,190.782609,45.749325,48.019225,3.0
2026-06-24T08:09:42.3587842Z,1000,per_hit,raw_percent_of_host,api-node1,api-node2,25,29,54,34.831461,11.702128,34.831461,23.404255,100.0,50.0,3.0,21.0,0.0,0.0,3.0,21.0,190.804878,268.25,47.560589,60.181609,3.0
2026-06-24T08:09:43.358784645Z,1000,per_hit,raw_percent_of_host,api-node1,api-node2,32,31,63,11.340206,27.0,11.340206,54.0,100.0,50.0,2.0,22.0,0.0,0.0,2.0,22.0,160.606061,278.9,68.489043,47.016875,3.0
2026-06-24T08:09:44.358785117Z,1000,per_hit,raw_percent_of_host,api-node1,api-node2,41,29,70,39.795918,26.0,39.795918,52.0,100.0,50.0,10.0,7.0,0.0,0.0,10.0,7.0,130.272727,397.681818,48.412706,28.278319,3.0
2026-06-24T08:09:45.358784059Z,1000,per_hit,raw_percent_of_host,api-node1,api-node2,34,28,62,35.714286,20.20202,35.714286,40.40404,100.0,50.0,1.0,11.0,0.0,0.0,1.0,11.0,147.651163,146.833333,49.668155,49.472776,3.0
2026-06-24T08:09:46.358785906Z,1000,per_hit,raw_percent_of_host,api-node1,api-node2,44,35,79,47.42268,25.252525,47.42268,50.505051,100.0,50.0,6.0,11.0,0.0,0.0,6.0,11.0,113.128205,192.2,49.39439,42.850211,3.0
2026-06-24T08:09:47.358784715Z,1000,per_hit,raw_percent_of_host,api-node1,api-node2,43,31,74,47.0,28.571429,47.0,57.142857,100.0,50.0,3.0,4.0,0.0,0.0,3.0,4.0,127.217391,213.210526,49.146143,38.428298,3.0
2026-06-24T08:09:48.358784396Z,1000,per_hit,raw_percent_of_host,api-node1,api-node2,34,35,69,36.363636,26.732673,36.363636,53.465347,100.0,50.0,5.0,11.0,0.0,0.0,5.0,11.0,120.1875,143.892857,48.714035,49.498819,3.0
2026-06-24T08:09:49.358784366Z,1000,per_hit,raw_percent_of_host,api-node1,api-node2,39,36,75,45.454545,25.252525,45.454545,50.505051,100.0,50.0,8.0,15.0,0.0,0.0,8.0,15.0,124.388889,186.53125,49.775093,41.153946,3.0
2026-06-24T08:09:50.358784089Z,1000,per_hit,raw_percent_of_host,api-node1,api-node2,37,33,70,47.191011,25.252525,47.191011,50.505051,100.0,50.0,2.0,8.0,0.0,0.0,2.0,8.0,117.465116,233.875,49.440914,41.808157,3.0
2026-06-24T08:09:51.358783569Z,1000,per_hit,raw_percent_of_host,api-node1,api-node2,45,34,79,46.363636,29.0,46.363636,58.0,100.0,50.0,2.0,7.0,0.0,0.0,2.0,7.0,126.555556,152.942857,48.553523,47.402415,3.0
2026-06-24T08:09:52.358787471Z,1000,per_hit,raw_percent_of_host,api-node1,api-node2,42,30,72,46.534653,26.732673,46.534653,53.465347,100.0,50.0,8.0,4.0,0.0,0.0,8.0,4.0,110.305556,179.787879,50.0,43.160164,3.0
2026-06-24T08:09:53.358783855Z,1000,per_hit,raw_percent_of_host,api-node1,api-node2,35,39,74,45.918367,26.0,45.918367,52.0,100.0,50.0,4.0,5.0,0.0,0.0,4.0,5.0,127.025641,199.842105,49.404764,42.396619,3.0
2026-06-24T08:09:54.358787126Z,1000,per_hit,raw_percent_of_host,api-node1,api-node2,41,37,78,50.980392,26.732673,50.980392,53.465347,100.0,50.0,5.0,5.0,0.0,0.0,5.0,5.0,118.95,197.162162,49.828876,46.231701,3.0
2026-06-24T08:09:55.358786573Z,1000,per_hit,raw_percent_of_host,api-node1,api-node2,44,31,75,43.0,26.732673,43.0,53.465347,100.0,50.0,1.0,6.0,0.0,0.0,1.0,6.0,127.25,163.1,48.91867,47.840473,3.0
2026-06-24T08:09:56.358783641Z,1000,per_hit,raw_percent_of_host,api-node1,api-node2,34,25,59,35.353535,26.262626,35.353535,52.525253,100.0,50.0,2.0,3.0,0.0,0.0,2.0,3.0,102.454545,236.0,50.0,36.46623,3.0
2026-06-24T08:09:57.358784123Z,1000,per_hit,raw_percent_of_host,api-node1,api-node2,34,48,82,42.0,25.833333,42.0,51.666667,100.0,50.0,2.0,13.0,0.0,0.0,2.0,13.0,96.323529,232.710526,49.86984,44.492556,3.0
