timestamp_utc,window_ms,traffic_log_mode,cpu_usage_unit,node1_name,node2_name,node1_requests,node2_requests,total_requests,node1_cpu_raw_usage,node2_cpu_raw_usage,node1_cpu_normalized_usage,node2_cpu_normalized_usage,node1_cpu_capacity,node2_cpu_capacity,node1_inflight,node2_inflight,node1_backend_inflight,node2_backend_inflight,node1_queue,node2_queue,node1_response_ms,node2_response_ms,node1_fuzzy_score,node2_fuzzy_score,os_idle_cpu
2026-06-24T01:48:01.618241851Z,1000,per_hit,raw_percent_of_host,api-node1,api-node2,0,0,0,0.000000,1.000000,0.000000,2.000000,100.000000,50.000000,0.000000,0.000000,0.000000,0.000000,0.000000,0.000000,0.000000,0.000000,0.000000,0.000000,3.000000
2026-06-24T01:48:02.618241799Z,1000,per_hit,raw_percent_of_host,api-node1,api-node2,0,0,0,1.980198,0.000000,1.980198,0.000000,100.000000,50.000000,0.000000,0.000000,0.000000,0.000000,0.000000,0.000000,0.000000,0.000000,0.000000,0.000000,3.000000
2026-06-24T01:48:03.618241917Z,1000,per_hit,raw_percent_of_host,api-node1,api-node2,5,5,10,0.000000,0.000000,0.000000,0.000000,100.000000,50.000000,0.000000,0.000000,0.000000,0.000000,0.000000,0.000000,94.200000,98.400000,83.442344,83.663591,3.000000
2026-06-24T01:48:04.618238966Z,1000,per_hit,raw_percent_of_host,api-node1,api-node2,6,4,10,0.000000,0.000000,0.000000,0.000000,100.000000,50.000000,0.000000,0.000000,0.000000,0.000000,0.000000,0.000000,91.500000,97.000000,82.605074,81.892695,3.000000
2026-06-24T01:48:05.618238872Z,1000,per_hit,raw_percent_of_host,api-node1,api-node2,6,4,10,0.000000,0.000000,0.000000,0.000000,100.000000,50.000000,0.000000,0.000000,0.000000,0.000000,0.000000,0.000000,82.333333,122.000000,82.687055,81.969887,3.000000
2026-06-24T01:48:06.618238988Z,1000,per_hit,raw_percent_of_host,api-node1,api-node2,7,3,10,0.000000,0.000000,0.000000,0.000000,100.000000,50.000000,0.000000,0.000000,0.000000,0.000000,0.000000,0.000000,83.000000,80.666667,82.759741,82.016115,3.000000
2026-06-24T01:48:07.618241829Z,1000,per_hit,raw_percent_of_host,api-node1,api-node2,7,3,10,0.000000,0.000000,0.000000,0.000000,100.000000,50.000000,0.000000,0.000000,0.000000,0.000000,0.000000,0.000000,80.285714,74.000000,82.516675,83.168894,3.000000
2026-06-24T01:48:08.618242605Z,1000,per_hit,raw_percent_of_host,api-node1,api-node2,3,7,10,0.000000,0.000000,0.000000,0.000000,100.000000,50.000000,0.000000,0.000000,0.000000,0.000000,0.000000,0.000000,53.666667,129.142857,82.716313,83.094110,3.000000
2026-06-24T01:48:09.61824032Z,1000,per_hit,raw_percent_of_host,api-node1,api-node2,2,8,10,1.000000,0.000000,1.000000,0.000000,100.000000,50.000000,0.000000,0.000000,0.000000,0.000000,0.000000,0.000000,50.000000,121.375000,83.314128,81.850927,3.000000
2026-06-24T01:48:10.61824305Z,1000,per_hit,raw_percent_of_host,api-node1,api-node2,5,5,10,0.000000,1.052632,0.000000,2.105263,100.000000,50.000000,0.000000,0.000000,0.000000,0.000000,0.000000,0.000000,96.200000,122.400000,82.603113,81.873324,3.000000
2026-06-24T01:48:11.618239584Z,1000,per_hit,raw_percent_of_host,api-node1,api-node2,7,3,10,0.000000,0.000000,0.000000,0.000000,100.000000,50.000000,0.000000,0.000000,0.000000,0.000000,0.000000,0.000000,86.428571,79.000000,82.599747,79.986316,3.000000
2026-06-24T01:48:12.618241946Z,1000,per_hit,raw_percent_of_host,api-node1,api-node2,6,4,10,0.000000,0.000000,0.000000,0.000000,100.000000,50.000000,0.000000,0.000000,0.000000,0.000000,0.000000,0.000000,75.500000,101.000000,82.584084,83.122966,3.000000
2026-06-24T01:48:13.61824303Z,1000,per_hit,raw_percent_of_host,api-node1,api-node2,5,5,10,0.000000,0.000000,0.000000,0.000000,100.000000,50.000000,0.000000,0.000000,0.000000,0.000000,0.000000,0.000000,81.600000,116.400000,82.781214,81.802422,3.000000
2026-06-24T01:48:14.618238988Z,1000,per_hit,raw_percent_of_host,api-node1,api-node2,4,6,10,0.000000,1.052632,0.000000,2.105263,100.000000,50.000000,0.000000,0.000000,0.000000,0.000000,0.000000,0.000000,72.000000,123.333333,82.729849,81.800902,3.000000
2026-06-24T01:48:15.618239141Z,1000,per_hit,raw_percent_of_host,api-node1,api-node2,4,6,10,0.000000,1.052632,0.000000,2.105263,100.000000,50.000000,0.000000,0.000000,0.000000,0.000000,0.000000,0.000000,89.000000,150.166667,83.077470,80.675037,3.000000
2026-06-24T01:48:16.618239963Z,1000,per_hit,raw_percent_of_host,api-node1,api-node2,6,4,10,0.000000,0.000000,0.000000,0.000000,100.000000,50.000000,0.000000,0.000000,0.000000,0.000000,0.000000,0.000000,90.833333,95.750000,82.768750,80.281195,3.000000
2026-06-24T01:48:17.618239024Z,1000,per_hit,raw_percent_of_host,api-node1,api-node2,6,4,10,1.010101,0.000000,1.010101,0.000000,100.000000,50.000000,0.000000,0.000000,0.000000,0.000000,0.000000,0.000000,78.833333,104.000000,82.714642,81.971108,3.000000
2026-06-24T01:48:18.618242478Z,1000,per_hit,raw_percent_of_host,api-node1,api-node2,6,4,10,0.000000,0.000000,0.000000,0.000000,100.000000,50.000000,0.000000,0.000000,0.000000,0.000000,0.000000,0.000000,75.666667,101.750000,81.939229,81.812279,3.000000
2026-06-24T01:48:19.618239027Z,1000,per_hit,raw_percent_of_host,api-node1,api-node2,4,6,10,0.000000,0.000000,0.000000,0.000000,100.000000,50.000000,0.000000,0.000000,0.000000,0.000000,0.000000,0.000000,68.250000,108.500000,82.713730,81.830409,3.000000
2026-06-24T01:48:20.618239745Z,1000,per_hit,raw_percent_of_host,api-node1,api-node2,5,5,10,0.000000,0.000000,0.000000,0.000000,100.000000,50.000000,0.000000,0.000000,0.000000,0.000000,0.000000,0.000000,83.600000,122.800000,82.734922,81.835727,3.000000
2026-06-24T01:48:21.618240069Z,1000,per_hit,raw_percent_of_host,api-node1,api-node2,3,7,10,0.000000,1.052632,0.000000,2.105263,100.000000,50.000000,0.000000,0.000000,0.000000,0.000000,0.000000,0.000000,54.000000,143.142857,82.751491,81.608107,3.000000
2026-06-24T01:48:22.618242479Z,1000,per_hit,raw_percent_of_host,api-node1,api-node2,1,9,10,2.000000,5.376344,2.000000,10.752688,100.000000,50.000000,0.000000,0.000000,0.000000,0.000000,0.000000,0.000000,50.000000,190.111111,83.395387,80.039770,3.000000
2026-06-24T01:48:23.618240523Z,1000,per_hit,raw_percent_of_host,api-node1,api-node2,6,4,10,0.000000,1.052632,0.000000,2.105263,100.000000,50.000000,0.000000,0.000000,0.000000,0.000000,0.000000,0.000000,97.833333,102.750000,81.728452,72.022346,3.000000
2026-06-24T01:48:24.618243343Z,1000,per_hit,raw_percent_of_host,api-node1,api-node2,8,2,10,0.000000,1.000000,0.000000,2.000000,100.000000,50.000000,0.000000,0.000000,0.000000,0.000000,0.000000,0.000000,82.375000,78.500000,82.510256,80.039770,3.000000
2026-06-24T01:48:25.618244084Z,1000,per_hit,raw_percent_of_host,api-node1,api-node2,3,7,10,0.000000,2.083333,0.000000,4.166667,100.000000,50.000000,0.000000,0.000000,0.000000,0.000000,0.000000,0.000000,53.333333,102.571429,82.778312,81.489929,3.000000
2026-06-24T01:48:26.618243037Z,1000,per_hit,raw_percent_of_host,api-node1,api-node2,4,6,10,0.000000,0.000000,0.000000,0.000000,100.000000,50.000000,0.000000,0.000000,0.000000,0.000000,0.000000,0.000000,71.500000,106.166667,83.256921,78.292079,3.000000
2026-06-24T01:48:27.618239945Z,1000,per_hit,raw_percent_of_host,api-node1,api-node2,4,6,10,1.000000,0.000000,1.000000,0.000000,100.000000,50.000000,0.000000,0.000000,0.000000,0.000000,0.000000,0.000000,59.750000,133.500000,82.776545,81.862820,3.000000
2026-06-24T01:48:28.618239355Z,1000,per_hit,raw_percent_of_host,api-node1,api-node2,7,3,10,0.000000,0.000000,0.000000,0.000000,100.000000,50.000000,0.000000,0.000000,0.000000,0.000000,0.000000,0.000000,90.571429,75.333333,82.391503,81.916596,3.000000
2026-06-24T01:48:29.618245558Z,1000,per_hit,raw_percent_of_host,api-node1,api-node2,3,7,10,1.980198,0.000000,1.980198,0.000000,100.000000,50.000000,0.000000,0.000000,0.000000,0.000000,0.000000,0.000000,53.333333,116.285714,82.825043,82.977288,3.000000
2026-06-24T01:48:30.618243816Z,1000,per_hit,raw_percent_of_host,api-node1,api-node2,7,3,10,0.000000,0.000000,0.000000,0.000000,100.000000,50.000000,0.000000,0.000000,0.000000,0.000000,0.000000,0.000000,91.428571,78.333333,81.672971,81.892695,3.000000
2026-06-24T01:48:31.618240029Z,1000,per_hit,raw_percent_of_host,api-node1,api-node2,3,7,10,0.000000,0.000000,0.000000,0.000000,100.000000,50.000000,0.000000,0.000000,0.000000,0.000000,0.000000,0.000000,53.333333,109.428571,82.764598,82.978511,3.000000
2026-06-24T01:48:32.618239797Z,1000,per_hit,raw_percent_of_host,api-node1,api-node2,5,5,10,0.000000,0.000000,0.000000,0.000000,100.000000,50.000000,0.000000,0.000000,0.000000,0.000000,0.000000,0.000000,90.800000,116.800000,83.240953,81.982987,3.000000
2026-06-24T01:48:33.618238843Z,1000,per_hit,raw_percent_of_host,api-node1,api-node2,7,3,10,0.000000,0.990099,0.000000,1.980198,100.000000,50.000000,0.000000,0.000000,0.000000,0.000000,0.000000,0.000000,90.714286,77.333333,82.658740,81.888675,3.000000
2026-06-24T01:48:34.618239771Z,1000,per_hit,raw_percent_of_host,api-node1,api-node2,5,5,10,1.000000,0.000000,1.000000,0.000000,100.000000,50.000000,0.000000,0.000000,0.000000,0.000000,0.000000,0.000000,81.600000,117.200000,82.619220,81.516373,3.000000
2026-06-24T01:48:35.618239466Z,1000,per_hit,raw_percent_of_host,api-node1,api-node2,5,5,10,0.000000,0.000000,0.000000,0.000000,100.000000,50.000000,0.000000,0.000000,0.000000,0.000000,0.000000,0.000000,79.200000,112.400000,81.948546,81.863505,3.000000
2026-06-24T01:48:36.618239381Z,1000,per_hit,raw_percent_of_host,api-node1,api-node2,5,5,10,0.000000,0.000000,0.000000,0.000000,100.000000,50.000000,0.000000,0.000000,0.000000,0.000000,0.000000,0.000000,96.200000,97.800000,82.684438,81.960261,3.000000
2026-06-24T01:48:37.61824003Z,1000,per_hit,raw_percent_of_host,api-node1,api-node2,3,7,10,0.000000,0.000000,0.000000,0.000000,100.000000,50.000000,0.000000,0.000000,0.000000,0.000000,0.000000,0.000000,54.000000,110.428571,82.985831,82.054044,3.000000
2026-06-24T01:48:38.618239582Z,1000,per_hit,raw_percent_of_host,api-node1,api-node2,4,6,10,1.000000,0.000000,1.000000,0.000000,100.000000,50.000000,0.000000,0.000000,0.000000,0.000000,0.000000,0.000000,62.750000,111.166667,83.207905,81.833874,3.000000
2026-06-24T01:48:39.618243523Z,1000,per_hit,raw_percent_of_host,api-node1,api-node2,7,3,10,0.000000,0.000000,0.000000,0.000000,100.000000,50.000000,0.000000,0.000000,0.000000,0.000000,0.000000,0.000000,92.285714,77.333333,82.391503,81.922326,3.000000
2026-06-24T01:48:40.618241929Z,1000,per_hit,raw_percent_of_host,api-node1,api-node2,5,5,10,0.000000,0.000000,0.000000,0.000000,100.000000,50.000000,0.000000,0.000000,0.000000,0.000000,0.000000,0.000000,86.800000,108.600000,82.656109,83.104146,3.000000
2026-06-24T01:48:41.618241575Z,1000,per_hit,raw_percent_of_host,api-node1,api-node2,5,5,10,0.000000,0.000000,0.000000,0.000000,100.000000,50.000000,0.000000,0.000000,0.000000,0.000000,0.000000,0.000000,81.400000,120.000000,82.821894,81.923763,3.000000
2026-06-24T01:48:42.618241578Z,1000,per_hit,raw_percent_of_host,api-node1,api-node2,3,7,10,1.000000,0.000000,1.000000,0.000000,100.000000,50.000000,0.000000,0.000000,0.000000,0.000000,0.000000,0.000000,53.333333,125.000000,82.743669,81.698496,3.000000
2026-06-24T01:48:43.618242245Z,1000,per_hit,raw_percent_of_host,api-node1,api-node2,6,4,10,0.000000,0.000000,0.000000,0.000000,100.000000,50.000000,0.000000,0.000000,0.000000,0.000000,0.000000,0.000000,94.666667,76.500000,82.533229,81.943282,3.000000
2026-06-24T01:48:44.618242607Z,1000,per_hit,raw_percent_of_host,api-node1,api-node2,1,9,10,0.000000,0.000000,0.000000,0.000000,100.000000,50.000000,0.000000,0.000000,0.000000,0.000000,0.000000,0.000000,50.000000,143.111111,82.848253,82.915484,3.000000
2026-06-24T01:48:45.618243945Z,1000,per_hit,raw_percent_of_host,api-node1,api-node2,6,4,10,0.000000,1.063830,0.000000,2.127660,100.000000,50.000000,0.000000,0.000000,0.000000,0.000000,0.000000,0.000000,87.166667,99.000000,83.299752,81.870761,3.000000
2026-06-24T01:48:46.618243037Z,1000,per_hit,raw_percent_of_host,api-node1,api-node2,4,6,10,0.000000,0.000000,0.000000,0.000000,100.000000,50.000000,0.000000,0.000000,0.000000,0.000000,0.000000,0.000000,76.500000,102.500000,82.688782,80.090078,3.000000
2026-06-24T01:48:47.61824253Z,1000,per_hit,raw_percent_of_host,api-node1,api-node2,3,7,10,0.000000,5.376344,0.000000,10.752688,100.000000,50.000000,0.000000,0.000000,0.000000,0.000000,0.000000,0.000000,55.333333,145.000000,82.987072,81.883990,3.000000
2026-06-24T01:48:48.618239719Z,1000,per_hit,raw_percent_of_host,api-node1,api-node2,3,7,10,1.000000,0.000000,1.000000,0.000000,100.000000,50.000000,0.000000,0.000000,0.000000,0.000000,0.000000,0.000000,53.333333,104.857143,83.378779,72.521396,3.000000
2026-06-24T01:48:49.618240892Z,1000,per_hit,raw_percent_of_host,api-node1,api-node2,3,7,10,0.000000,0.000000,0.000000,0.000000,100.000000,50.000000,0.000000,0.000000,0.000000,0.000000,0.000000,0.000000,54.333333,106.571429,82.533229,81.791271,3.000000
2026-06-24T01:48:50.618241712Z,1000,per_hit,raw_percent_of_host,api-node1,api-node2,5,5,10,1.980198,2.105263,1.980198,4.210526,100.000000,50.000000,0.000000,0.000000,0.000000,0.000000,0.000000,0.000000,74.800000,119.400000,83.243545,81.903325,3.000000
2026-06-24T01:48:51.618239405Z,1000,per_hit,raw_percent_of_host,api-node1,api-node2,5,5,10,1.000000,1.052632,1.000000,2.105263,100.000000,50.000000,0.000000,0.000000,0.000000,0.000000,0.000000,0.000000,78.400000,115.800000,81.406108,79.185490,3.000000
2026-06-24T01:48:52.618239408Z,1000,per_hit,raw_percent_of_host,api-node1,api-node2,6,4,10,0.000000,0.000000,0.000000,0.000000,100.000000,50.000000,0.000000,0.000000,0.000000,0.000000,0.000000,0.000000,72.166667,105.750000,81.973101,80.075131,3.000000
2026-06-24T01:48:53.618242987Z,1000,per_hit,raw_percent_of_host,api-node1,api-node2,4,6,10,0.000000,0.000000,0.000000,0.000000,100.000000,50.000000,0.000000,0.000000,0.000000,0.000000,0.000000,0.000000,69.500000,127.833333,82.687870,81.773350,3.000000
2026-06-24T01:48:54.618243358Z,1000,per_hit,raw_percent_of_host,api-node1,api-node2,5,5,10,0.000000,0.000000,0.000000,0.000000,100.000000,50.000000,0.000000,0.000000,0.000000,0.000000,0.000000,0.000000,80.600000,114.800000,82.658475,81.888938,3.000000
2026-06-24T01:48:55.618239069Z,1000,per_hit,raw_percent_of_host,api-node1,api-node2,8,2,10,0.000000,0.000000,0.000000,0.000000,100.000000,50.000000,0.000000,0.000000,0.000000,0.000000,0.000000,0.000000,107.250000,77.000000,82.640841,81.923563,3.000000
2026-06-24T01:48:56.618239862Z,1000,per_hit,raw_percent_of_host,api-node1,api-node2,4,6,10,0.000000,0.000000,0.000000,0.000000,100.000000,50.000000,0.000000,0.000000,0.000000,0.000000,0.000000,0.000000,65.750000,137.833333,81.997628,83.104544,3.000000
2026-06-24T01:48:57.618243279Z,1000,per_hit,raw_percent_of_host,api-node1,api-node2,4,6,10,0.000000,0.000000,0.000000,0.000000,100.000000,50.000000,0.000000,0.000000,0.000000,0.000000,0.000000,0.000000,69.750000,114.833333,82.867405,81.978954,3.000000
2026-06-24T01:48:58.61823901Z,1000,per_hit,raw_percent_of_host,api-node1,api-node2,5,5,10,1.000000,0.000000,1.000000,0.000000,100.000000,50.000000,0.000000,0.000000,0.000000,0.000000,0.000000,0.000000,80.200000,117.200000,82.678846,81.767130,3.000000
2026-06-24T01:48:59.618245399Z,1000,per_hit,raw_percent_of_host,api-node1,api-node2,5,5,10,0.000000,0.000000,0.000000,0.000000,100.000000,50.000000,0.000000,0.000000,0.000000,0.000000,0.000000,0.000000,91.000000,84.200000,81.997559,81.816141,3.000000
2026-06-24T01:49:00.618238925Z,1000,per_hit,raw_percent_of_host,api-node1,api-node2,6,4,10,0.000000,0.000000,0.000000,0.000000,100.000000,50.000000,0.000000,0.000000,0.000000,0.000000,0.000000,0.000000,100.666667,70.250000,82.696158,82.216507,3.000000
2026-06-24T01:49:01.618238873Z,1000,per_hit,raw_percent_of_host,api-node1,api-node2,7,3,10,0.000000,1.000000,0.000000,2.000000,100.000000,50.000000,0.000000,0.000000,0.000000,0.000000,0.000000,0.000000,109.857143,69.666667,82.632222,83.219707,3.000000
2026-06-24T01:49:02.618243922Z,1000,per_hit,raw_percent_of_host,api-node1,api-node2,5,5,10,1.010101,0.000000,1.010101,0.000000,100.000000,50.000000,0.000000,0.000000,0.000000,0.000000,0.000000,0.000000,98.400000,110.800000,82.753844,81.573190,3.000000
2026-06-24T01:49:03.618248912Z,1000,per_hit,raw_percent_of_host,api-node1,api-node2,5,5,10,0.000000,1.063830,0.000000,2.127660,100.000000,50.000000,0.000000,0.000000,0.000000,0.000000,0.000000,0.000000,95.200000,107.600000,82.036925,81.897311,3.000000
2026-06-24T01:49:04.618241942Z,1000,per_hit,raw_percent_of_host,api-node1,api-node2,2,8,10,0.000000,5.376344,0.000000,10.752688,100.000000,50.000000,0.000000,0.000000,0.000000,0.000000,0.000000,0.000000,50.000000,172.125000,82.869637,80.193644,3.000000
2026-06-24T01:49:05.618248845Z,1000,per_hit,raw_percent_of_host,api-node1,api-node2,6,4,10,1.000000,0.000000,1.000000,0.000000,100.000000,50.000000,0.000000,0.000000,0.000000,0.000000,0.000000,0.000000,91.000000,70.750000,83.299753,72.291681,3.000000
2026-06-24T01:49:06.618239337Z,1000,per_hit,raw_percent_of_host,api-node1,api-node2,8,2,10,0.000000,0.000000,0.000000,0.000000,100.000000,50.000000,0.000000,0.000000,0.000000,0.000000,0.000000,0.000000,101.625000,68.500000,82.046191,83.246236,3.000000
2026-06-24T01:49:07.61824286Z,1000,per_hit,raw_percent_of_host,api-node1,api-node2,6,4,10,0.000000,0.000000,0.000000,0.000000,100.000000,50.000000,0.000000,0.000000,0.000000,0.000000,0.000000,0.000000,90.333333,94.500000,82.823910,83.124264,3.000000
2026-06-24T01:49:08.618238852Z,1000,per_hit,raw_percent_of_host,api-node1,api-node2,7,3,10,0.000000,0.000000,0.000000,0.000000,100.000000,50.000000,0.000000,0.000000,0.000000,0.000000,0.000000,0.000000,87.285714,70.000000,82.645953,82.083640,3.000000
2026-06-24T01:49:09.618239342Z,1000,per_hit,raw_percent_of_host,api-node1,api-node2,4,6,10,0.000000,0.000000,0.000000,0.000000,100.000000,50.000000,0.000000,0.000000,0.000000,0.000000,0.000000,0.000000,102.750000,95.833333,82.668527,83.209460,3.000000
2026-06-24T01:49:10.618239755Z,1000,per_hit,raw_percent_of_host,api-node1,api-node2,6,4,10,0.000000,1.000000,0.000000,2.000000,100.000000,50.000000,0.000000,0.000000,0.000000,0.000000,0.000000,0.000000,82.500000,96.500000,82.812788,82.080957,3.000000
2026-06-24T01:49:11.618240923Z,1000,per_hit,raw_percent_of_host,api-node1,api-node2,3,7,10,0.000000,5.376344,0.000000,10.752688,100.000000,50.000000,0.000000,0.000000,0.000000,0.000000,0.000000,0.000000,53.666667,156.142857,82.815813,80.240181,3.000000
2026-06-24T01:49:12.618239838Z,1000,per_hit,raw_percent_of_host,api-node1,api-node2,7,3,10,0.000000,0.000000,0.000000,0.000000,100.000000,50.000000,0.000000,0.000000,0.000000,0.000000,0.000000,0.000000,109.571429,71.333333,83.125176,72.291681,3.000000
2026-06-24T01:49:13.618248193Z,1000,per_hit,raw_percent_of_host,api-node1,api-node2,4,6,10,0.000000,0.000000,0.000000,0.000000,100.000000,50.000000,0.000000,0.000000,0.000000,0.000000,0.000000,0.000000,71.000000,105.666667,82.144043,83.083236,3.000000
2026-06-24T01:49:14.618238911Z,1000,per_hit,raw_percent_of_host,api-node1,api-node2,7,3,10,0.000000,0.000000,0.000000,0.000000,100.000000,50.000000,0.000000,0.000000,0.000000,0.000000,0.000000,0.000000,107.857143,69.333333,82.641431,82.018714,3.000000
2026-06-24T01:49:15.618240265Z,1000,per_hit,raw_percent_of_host,api-node1,api-node2,7,3,10,0.000000,1.000000,0.000000,2.000000,100.000000,50.000000,0.000000,0.000000,0.000000,0.000000,0.000000,0.000000,103.142857,69.333333,81.943587,83.299501,3.000000
2026-06-24T01:49:16.618239785Z,1000,per_hit,raw_percent_of_host,api-node1,api-node2,7,3,10,0.000000,1.010101,0.000000,2.020202,100.000000,50.000000,0.000000,0.000000,0.000000,0.000000,0.000000,0.000000,96.571429,64.333333,82.647845,81.581505,3.000000
2026-06-24T01:49:17.618239448Z,1000,per_hit,raw_percent_of_host,api-node1,api-node2,7,3,10,1.000000,2.000000,1.000000,4.000000,100.000000,50.000000,0.000000,0.000000,0.000000,0.000000,0.000000,0.000000,93.714286,69.000000,82.701483,81.605962,3.000000
2026-06-24T01:49:18.618240344Z,1000,per_hit,raw_percent_of_host,api-node1,api-node2,7,3,10,0.000000,0.000000,0.000000,0.000000,100.000000,50.000000,0.000000,0.000000,0.000000,0.000000,0.000000,0.000000,88.428571,71.666667,82.057728,79.941481,3.000000
2026-06-24T01:49:19.618239252Z,1000,per_hit,raw_percent_of_host,api-node1,api-node2,5,5,10,0.000000,0.000000,0.000000,0.000000,100.000000,50.000000,0.000000,0.000000,0.000000,0.000000,0.000000,0.000000,97.000000,109.000000,82.705244,83.173278,3.000000
2026-06-24T01:49:20.618238869Z,1000,per_hit,raw_percent_of_host,api-node1,api-node2,5,5,10,0.000000,2.105263,0.000000,4.210526,100.000000,50.000000,0.000000,0.000000,0.000000,0.000000,0.000000,0.000000,111.800000,111.800000,82.723010,82.040111,3.000000
2026-06-24T01:49:21.618239582Z,1000,per_hit,raw_percent_of_host,api-node1,api-node2,4,6,10,0.000000,1.063830,0.000000,2.127660,100.000000,50.000000,0.000000,0.000000,0.000000,0.000000,0.000000,0.000000,59.250000,95.166667,82.785912,78.294837,3.000000
2026-06-24T01:49:22.618243645Z,1000,per_hit,raw_percent_of_host,api-node1,api-node2,4,6,10,1.000000,0.000000,1.000000,0.000000,100.000000,50.000000,0.000000,0.000000,0.000000,0.000000,0.000000,0.000000,70.500000,101.833333,83.086437,80.019484,3.000000
2026-06-24T01:49:23.618242801Z,1000,per_hit,raw_percent_of_host,api-node1,api-node2,3,7,10,0.000000,0.000000,0.000000,0.000000,100.000000,50.000000,0.000000,0.000000,0.000000,0.000000,0.000000,0.000000,53.333333,109.857143,82.069244,81.938122,3.000000
2026-06-24T01:49:24.618242889Z,1000,per_hit,raw_percent_of_host,api-node1,api-node2,4,6,10,1.000000,4.301075,1.000000,8.602151,100.000000,50.000000,0.000000,0.000000,0.000000,0.000000,0.000000,0.000000,81.250000,143.500000,83.267992,81.953883,3.000000
2026-06-24T01:49:25.618242884Z,1000,per_hit,raw_percent_of_host,api-node1,api-node2,6,4,10,0.000000,0.000000,0.000000,0.000000,100.000000,50.000000,0.000000,0.000000,0.000000,0.000000,0.000000,0.000000,86.666667,99.500000,82.046191,73.565608,3.000000
2026-06-24T01:49:26.618242876Z,1000,per_hit,raw_percent_of_host,api-node1,api-node2,3,7,10,0.000000,1.063830,0.000000,2.127660,100.000000,50.000000,0.000000,0.000000,0.000000,0.000000,0.000000,0.000000,54.000000,109.428571,82.783358,81.812549,3.000000
2026-06-24T01:49:27.618242324Z,1000,per_hit,raw_percent_of_host,api-node1,api-node2,6,4,10,0.000000,1.063830,0.000000,2.127660,100.000000,50.000000,0.000000,0.000000,0.000000,0.000000,0.000000,0.000000,100.166667,95.500000,83.134850,80.072511,3.000000
2026-06-24T01:49:28.618239988Z,1000,per_hit,raw_percent_of_host,api-node1,api-node2,9,1,10,0.000000,0.000000,0.000000,0.000000,100.000000,50.000000,0.000000,0.000000,0.000000,0.000000,0.000000,0.000000,89.555556,64.000000,82.568444,80.142457,3.000000
2026-06-24T01:49:29.618239253Z,1000,per_hit,raw_percent_of_host,api-node1,api-node2,6,4,10,0.000000,0.990099,0.000000,1.980198,100.000000,50.000000,0.000000,0.000000,0.000000,0.000000,0.000000,0.000000,87.500000,77.000000,82.703216,83.309455,3.000000
2026-06-24T01:49:30.618240583Z,1000,per_hit,raw_percent_of_host,api-node1,api-node2,5,5,10,0.000000,2.105263,0.000000,4.210526,100.000000,50.000000,0.000000,0.000000,0.000000,0.000000,0.000000,0.000000,79.800000,114.000000,82.669475,81.525651,3.000000
2026-06-24T01:49:31.618242058Z,1000,per_hit,raw_percent_of_host,api-node1,api-node2,7,3,10,1.980198,0.000000,1.980198,0.000000,100.000000,50.000000,0.000000,0.000000,0.000000,0.000000,0.000000,0.000000,78.285714,74.666667,82.572065,78.256013,3.000000
2026-06-24T01:49:32.618239054Z,1000,per_hit,raw_percent_of_host,api-node1,api-node2,6,4,10,0.000000,0.000000,0.000000,0.000000,100.000000,50.000000,0.000000,0.000000,0.000000,0.000000,0.000000,0.000000,87.666667,96.000000,81.284837,82.550008,3.000000
2026-06-24T01:49:33.618238527Z,1000,per_hit,raw_percent_of_host,api-node1,api-node2,7,3,10,0.000000,0.000000,0.000000,0.000000,100.000000,50.000000,0.000000,0.000000,0.000000,0.000000,0.000000,0.000000,100.142857,68.333333,82.675469,82.078994,3.000000
2026-06-24T01:49:34.618240157Z,1000,per_hit,raw_percent_of_host,api-node1,api-node2,4,6,10,0.000000,0.000000,0.000000,0.000000,100.000000,50.000000,0.000000,0.000000,0.000000,0.000000,0.000000,0.000000,74.250000,92.333333,82.774007,83.143650,3.000000
2026-06-24T01:49:35.618240344Z,1000,per_hit,raw_percent_of_host,api-node1,api-node2,5,5,10,0.000000,0.000000,0.000000,0.000000,100.000000,50.000000,0.000000,0.000000,0.000000,0.000000,0.000000,0.000000,93.200000,87.200000,82.679629,81.894359,3.000000
2026-06-24T01:49:36.618247751Z,1000,per_hit,raw_percent_of_host,api-node1,api-node2,7,3,10,1.000000,0.000000,1.000000,0.000000,100.000000,50.000000,0.000000,0.000000,0.000000,0.000000,0.000000,0.000000,95.000000,69.333333,82.726961,82.163221,3.000000
2026-06-24T01:49:37.618239808Z,1000,per_hit,raw_percent_of_host,api-node1,api-node2,4,6,10,0.000000,0.000000,0.000000,0.000000,100.000000,50.000000,0.000000,0.000000,0.000000,0.000000,0.000000,0.000000,69.250000,124.166667,82.057728,83.073041,3.000000
2026-06-24T01:49:38.618240535Z,1000,per_hit,raw_percent_of_host,api-node1,api-node2,4,6,10,1.000000,0.000000,1.000000,0.000000,100.000000,50.000000,0.000000,0.000000,0.000000,0.000000,0.000000,0.000000,71.000000,103.833333,82.786952,81.972228,3.000000
2026-06-24T01:49:39.618241608Z,1000,per_hit,raw_percent_of_host,api-node1,api-node2,4,6,10,0.000000,0.000000,0.000000,0.000000,100.000000,50.000000,0.000000,0.000000,0.000000,0.000000,0.000000,0.000000,95.750000,105.500000,82.046191,81.855048,3.000000
2026-06-24T01:49:40.618239737Z,1000,per_hit,raw_percent_of_host,api-node1,api-node2,5,5,10,0.000000,1.063830,0.000000,2.127660,100.000000,50.000000,0.000000,0.000000,0.000000,0.000000,0.000000,0.000000,84.400000,108.200000,82.723622,81.946380,3.000000
2026-06-24T01:49:41.618242431Z,1000,per_hit,raw_percent_of_host,api-node1,api-node2,6,4,10,0.000000,0.000000,0.000000,0.000000,100.000000,50.000000,0.000000,0.000000,0.000000,0.000000,0.000000,0.000000,75.500000,72.250000,82.723197,80.176631,3.000000
2026-06-24T01:49:42.618240205Z,1000,per_hit,raw_percent_of_host,api-node1,api-node2,9,1,10,0.000000,0.000000,0.000000,0.000000,100.000000,50.000000,0.000000,0.000000,0.000000,0.000000,0.000000,0.000000,114.222222,73.000000,82.532286,83.352489,3.000000
2026-06-24T01:49:43.618241451Z,1000,per_hit,raw_percent_of_host,api-node1,api-node2,3,7,10,0.000000,0.000000,0.000000,0.000000,100.000000,50.000000,0.000000,0.000000,0.000000,0.000000,0.000000,0.000000,53.000000,101.857143,82.177380,82.985915,3.000000
2026-06-24T01:49:44.618241683Z,1000,per_hit,raw_percent_of_host,api-node1,api-node2,4,6,10,0.000000,2.105263,0.000000,4.210526,100.000000,50.000000,0.000000,0.000000,0.000000,0.000000,0.000000,0.000000,77.750000,114.333333,83.211965,81.991647,3.000000
2026-06-24T01:49:45.618242166Z,1000,per_hit,raw_percent_of_host,api-node1,api-node2,5,5,10,0.000000,1.000000,0.000000,2.000000,100.000000,50.000000,0.000000,0.000000,0.000000,0.000000,0.000000,0.000000,82.600000,76.600000,82.820069,78.445681,3.000000
2026-06-24T01:49:46.618240328Z,1000,per_hit,raw_percent_of_host,api-node1,api-node2,2,8,10,0.000000,1.063830,0.000000,2.127660,100.000000,50.000000,0.000000,0.000000,0.000000,0.000000,0.000000,0.000000,50.000000,153.250000,82.766891,81.517785,3.000000
2026-06-24T01:49:47.618242997Z,1000,per_hit,raw_percent_of_host,api-node1,api-node2,7,3,10,0.000000,0.000000,0.000000,0.000000,100.000000,50.000000,0.000000,0.000000,0.000000,0.000000,0.000000,0.000000,98.857143,67.666667,83.237512,80.072511,3.000000
2026-06-24T01:49:48.618239915Z,1000,per_hit,raw_percent_of_host,api-node1,api-node2,6,4,10,0.000000,1.000000,0.000000,2.000000,100.000000,50.000000,0.000000,0.000000,0.000000,0.000000,0.000000,0.000000,89.833333,68.250000,82.722747,83.207961,3.000000
2026-06-24T01:49:49.618241909Z,1000,per_hit,raw_percent_of_host,api-node1,api-node2,3,7,10,1.010101,0.000000,1.010101,0.000000,100.000000,50.000000,0.000000,0.000000,0.000000,0.000000,0.000000,0.000000,53.666667,108.857143,82.814313,81.554767,3.000000
2026-06-24T01:49:50.618239831Z,1000,per_hit,raw_percent_of_host,api-node1,api-node2,5,5,10,0.000000,4.255319,0.000000,8.510638,100.000000,50.000000,0.000000,0.000000,0.000000,0.000000,0.000000,0.000000,96.400000,107.600000,82.516264,82.095030,3.000000
2026-06-24T01:49:51.618239738Z,1000,per_hit,raw_percent_of_host,api-node1,api-node2,4,6,10,1.010101,0.000000,1.010101,0.000000,100.000000,50.000000,0.000000,0.000000,0.000000,0.000000,0.000000,0.000000,69.750000,85.166667,82.869902,75.150225,3.000000
2026-06-24T01:49:52.618243164Z,1000,per_hit,raw_percent_of_host,api-node1,api-node2,6,4,10,0.000000,0.000000,0.000000,0.000000,100.000000,50.000000,0.000000,0.000000,0.000000,0.000000,0.000000,0.000000,78.000000,98.250000,82.071492,82.079037,3.000000
2026-06-24T01:49:53.618239197Z,1000,per_hit,raw_percent_of_host,api-node1,api-node2,5,5,10,0.000000,0.000000,0.000000,0.000000,100.000000,50.000000,0.000000,0.000000,0.000000,0.000000,0.000000,0.000000,96.000000,107.400000,82.679477,81.925363,3.000000
2026-06-24T01:49:54.618239846Z,1000,per_hit,raw_percent_of_host,api-node1,api-node2,8,2,10,0.000000,0.000000,0.000000,0.000000,100.000000,50.000000,0.000000,0.000000,0.000000,0.000000,0.000000,0.000000,113.375000,66.500000,82.602555,82.172023,3.000000
2026-06-24T01:49:55.618242477Z,1000,per_hit,raw_percent_of_host,api-node1,api-node2,5,5,10,0.000000,0.000000,0.000000,0.000000,100.000000,50.000000,0.000000,0.000000,0.000000,0.000000,0.000000,0.000000,81.000000,114.600000,82.077401,83.223262,3.000000
2026-06-24T01:49:56.618239957Z,1000,per_hit,raw_percent_of_host,api-node1,api-node2,7,3,10,0.000000,0.000000,0.000000,0.000000,100.000000,50.000000,0.000000,0.000000,0.000000,0.000000,0.000000,0.000000,90.571429,76.666667,82.640309,81.939142,3.000000
2026-06-24T01:49:57.618243089Z,1000,per_hit,raw_percent_of_host,api-node1,api-node2,3,7,10,0.000000,0.000000,0.000000,0.000000,100.000000,50.000000,0.000000,0.000000,0.000000,0.000000,0.000000,0.000000,62.333333,130.428571,82.831964,82.924852,3.000000
2026-06-24T01:49:58.618244139Z,1000,per_hit,raw_percent_of_host,api-node1,api-node2,6,4,10,1.000000,1.052632,1.000000,2.105263,100.000000,50.000000,0.000000,0.000000,0.000000,0.000000,0.000000,0.000000,70.166667,123.250000,83.052843,82.586131,3.000000
2026-06-24T01:49:59.618241724Z,1000,per_hit,raw_percent_of_host,api-node1,api-node2,4,6,10,0.990099,5.319149,0.990099,10.638298,100.000000,50.000000,0.000000,0.000000,0.000000,0.000000,0.000000,0.000000,63.250000,137.000000,82.276774,80.887492,3.000000
2026-06-24T01:50:00.618243488Z,1000,per_hit,raw_percent_of_host,api-node1,api-node2,8,2,10,0.000000,0.000000,0.000000,0.000000,100.000000,50.000000,0.000000,0.000000,0.000000,0.000000,0.000000,0.000000,85.625000,71.000000,82.453432,72.478330,3.000000
2026-06-24T01:50:01.618242374Z,1000,per_hit,raw_percent_of_host,api-node1,api-node2,8,2,10,0.000000,0.000000,0.000000,0.000000,100.000000,50.000000,0.000000,0.000000,0.000000,0.000000,0.000000,0.000000,92.000000,66.500000,82.572140,83.272918,3.000000
2026-06-24T01:50:02.61823943Z,1000,per_hit,raw_percent_of_host,api-node1,api-node2,4,6,10,1.000000,2.105263,1.000000,4.210526,100.000000,50.000000,0.000000,0.000000,0.000000,0.000000,0.000000,0.000000,79.000000,97.500000,82.768398,83.178741,3.000000
2026-06-24T01:50:03.618239725Z,1000,per_hit,raw_percent_of_host,api-node1,api-node2,6,5,11,0.000000,4.301075,0.000000,8.602151,100.000000,50.000000,0.000000,0.000000,0.000000,0.000000,0.000000,0.000000,91.000000,89.000000,82.061668,78.572469,3.000000
2026-06-24T01:50:04.618239763Z,1000,per_hit,raw_percent_of_host,api-node1,api-node2,11,6,17,18.000000,5.050505,18.000000,10.101010,100.000000,50.000000,0.000000,0.000000,0.000000,0.000000,0.000000,0.000000,80.181818,85.500000,82.445749,76.468308,3.000000
2026-06-24T01:50:05.618239109Z,1000,per_hit,raw_percent_of_host,api-node1,api-node2,12,10,22,19.000000,10.752688,19.000000,21.505376,100.000000,50.000000,0.000000,0.000000,0.000000,0.000000,0.000000,0.000000,75.666667,122.400000,74.305621,71.988094,3.000000
2026-06-24T01:50:06.618238997Z,1000,per_hit,raw_percent_of_host,api-node1,api-node2,15,13,28,18.811881,15.151515,18.811881,30.303030,100.000000,50.000000,0.000000,0.000000,0.000000,0.000000,0.000000,0.000000,82.266667,169.307692,70.919614,73.942026,3.000000
2026-06-24T01:50:07.618239875Z,1000,per_hit,raw_percent_of_host,api-node1,api-node2,19,15,34,26.732673,19.148936,26.732673,38.297872,100.000000,50.000000,0.000000,0.000000,0.000000,0.000000,0.000000,0.000000,116.473684,159.733333,73.909733,67.942068,3.000000
2026-06-24T01:50:08.618241659Z,1000,per_hit,raw_percent_of_host,api-node1,api-node2,16,23,39,29.000000,25.000000,29.000000,50.000000,100.000000,50.000000,0.000000,0.000000,0.000000,0.000000,0.000000,0.000000,117.937500,246.347826,74.365625,67.239643,3.000000
2026-06-24T01:50:09.618238999Z,1000,per_hit,raw_percent_of_host,api-node1,api-node2,28,17,45,29.000000,18.181818,29.000000,36.363636,100.000000,50.000000,0.000000,0.000000,0.000000,0.000000,0.000000,0.000000,130.464286,190.647059,72.582019,72.648034,3.000000
2026-06-24T01:50:10.618239584Z,1000,per_hit,raw_percent_of_host,api-node1,api-node2,30,21,51,39.603960,25.714286,39.603960,51.428571,100.000000,50.000000,0.000000,0.000000,0.000000,0.000000,0.000000,0.000000,164.700000,268.761905,72.122884,73.483072,3.000000
2026-06-24T01:50:11.61824354Z,1000,per_hit,raw_percent_of_host,api-node1,api-node2,35,22,57,48.000000,24.468085,48.000000,48.936170,100.000000,50.000000,0.000000,0.000000,0.000000,0.000000,0.000000,0.000000,219.885714,278.136364,71.887901,65.621355,3.000000
2026-06-24T01:50:12.618243088Z,1000,per_hit,raw_percent_of_host,api-node1,api-node2,42,20,62,44.554455,23.762376,44.554455,47.524752,100.000000,50.000000,0.000000,0.000000,0.000000,0.000000,0.000000,0.000000,233.833333,245.450000,71.430728,73.691095,3.000000
2026-06-24T01:50:13.618239074Z,1000,per_hit,raw_percent_of_host,api-node1,api-node2,38,30,68,47.959184,28.000000,47.959184,56.000000,100.000000,50.000000,0.000000,0.000000,0.000000,0.000000,0.000000,0.000000,230.947368,308.566667,74.672689,66.902842,3.000000
2026-06-24T01:50:14.618248162Z,1000,per_hit,raw_percent_of_host,api-node1,api-node2,39,35,74,47.524752,26.666667,47.524752,53.333333,100.000000,50.000000,0.000000,3.000000,0.000000,0.000000,0.000000,3.000000,222.128205,478.656250,71.239525,67.123720,3.000000
2026-06-24T01:50:15.618241273Z,1000,per_hit,raw_percent_of_host,api-node1,api-node2,45,34,79,57.425743,26.666667,57.425743,53.333333,100.000000,50.000000,0.000000,0.000000,0.000000,0.000000,0.000000,0.000000,259.377778,446.351351,72.201975,73.117753,3.000000
2026-06-24T01:50:16.618241137Z,1000,per_hit,raw_percent_of_host,api-node1,api-node2,43,40,83,46.728972,28.712871,46.728972,57.425743,100.000000,50.000000,0.000000,31.000000,0.000000,0.000000,0.000000,31.000000,308.488372,286.777778,70.627168,69.644487,3.000000
2026-06-24T01:50:17.61823881Z,1000,per_hit,raw_percent_of_host,api-node1,api-node2,58,34,92,50.000000,28.000000,50.000000,56.000000,100.000000,50.000000,2.000000,1.000000,0.000000,0.000000,2.000000,1.000000,344.285714,617.203125,72.412438,44.490983,3.000000
2026-06-24T01:50:18.618239595Z,1000,per_hit,raw_percent_of_host,api-node1,api-node2,47,49,96,50.909091,28.000000,50.909091,56.000000,100.000000,50.000000,0.000000,30.000000,0.000000,0.000000,0.000000,30.000000,407.591837,292.300000,71.343557,69.475049,3.000000
2026-06-24T01:50:19.618239824Z,1000,per_hit,raw_percent_of_host,api-node1,api-node2,53,49,102,14.130435,28.000000,14.130435,56.000000,100.000000,50.000000,1.000000,45.000000,0.000000,0.000000,1.000000,45.000000,366.730769,606.676471,72.305765,68.760040,3.000000
2026-06-24T01:50:20.618240953Z,1000,per_hit,raw_percent_of_host,api-node1,api-node2,63,43,106,52.336449,26.000000,52.336449,52.000000,100.000000,50.000000,1.000000,42.000000,0.000000,0.000000,1.000000,42.000000,448.777778,767.456522,73.003268,47.895755,3.000000
2026-06-24T01:50:21.618240283Z,1000,per_hit,raw_percent_of_host,api-node1,api-node2,57,56,113,50.000000,25.000000,50.000000,50.000000,100.000000,50.000000,1.000000,53.000000,0.000000,0.000000,1.000000,53.000000,409.421053,762.933333,73.835558,67.436546,3.000000
2026-06-24T01:50:22.618239355Z,1000,per_hit,raw_percent_of_host,api-node1,api-node2,76,43,119,52.293578,25.742574,52.293578,51.485149,100.000000,50.000000,15.000000,34.000000,0.000000,0.000000,15.000000,34.000000,300.709677,1141.677419,71.036862,59.572553,3.000000
2026-06-24T01:50:23.618239936Z,1000,per_hit,raw_percent_of_host,api-node1,api-node2,62,52,114,52.000000,27.000000,52.000000,54.000000,100.000000,50.000000,5.000000,60.000000,0.000000,0.000000,5.000000,60.000000,250.819444,736.192308,68.897202,49.923324,3.000000
2026-06-24T01:50:24.618239699Z,1000,per_hit,raw_percent_of_host,api-node1,api-node2,67,48,115,53.773585,25.000000,53.773585,50.000000,100.000000,50.000000,31.000000,63.000000,0.000000,0.000000,31.000000,63.000000,125.000000,1542.155556,74.524982,60.195908,3.000000
2026-06-24T01:50:25.618239923Z,1000,per_hit,raw_percent_of_host,api-node1,api-node2,78,41,119,53.773585,25.000000,53.773585,50.000000,100.000000,50.000000,34.000000,54.000000,0.000000,0.000000,34.000000,54.000000,261.773333,1249.140000,68.401933,45.905551,3.000000
2026-06-24T01:50:26.61823951Z,1000,per_hit,raw_percent_of_host,api-node1,api-node2,82,59,141,52.631579,25.252525,52.631579,50.505051,100.000000,50.000000,43.000000,43.000000,0.000000,0.000000,43.000000,43.000000,387.328767,1184.571429,69.150560,47.175376,3.000000
2026-06-24T01:50:27.61824029Z,1000,per_hit,raw_percent_of_host,api-node1,api-node2,80,65,145,51.000000,26.000000,51.000000,52.000000,100.000000,50.000000,43.000000,58.000000,0.000000,0.000000,43.000000,58.000000,474.662500,736.360000,55.141760,49.562039,3.000000
2026-06-24T01:50:28.618239447Z,1000,per_hit,raw_percent_of_host,api-node1,api-node2,64,48,112,51.960784,26.000000,51.960784,52.000000,100.000000,50.000000,30.000000,89.000000,0.000000,0.000000,30.000000,89.000000,395.220779,1008.176471,55.978649,49.380435,3.000000
2026-06-24T01:50:29.618240265Z,1000,per_hit,raw_percent_of_host,api-node1,api-node2,48,22,70,51.960784,26.000000,51.960784,52.000000,100.000000,50.000000,12.000000,111.000000,0.000000,0.000000,12.000000,111.000000,225.030303,0.000000,70.256477,43.158618,3.000000
2026-06-24T01:50:30.618242318Z,1000,per_hit,raw_percent_of_host,api-node1,api-node2,80,85,165,51.351351,25.000000,51.351351,50.000000,100.000000,50.000000,56.000000,74.000000,0.000000,0.000000,56.000000,74.000000,158.277778,1766.114754,71.750043,66.679333,3.000000
2026-06-24T01:50:31.618240835Z,1000,per_hit,raw_percent_of_host,api-node1,api-node2,71,41,112,49.484536,25.000000,49.484536,50.000000,100.000000,50.000000,30.000000,99.000000,0.000000,0.000000,30.000000,99.000000,482.350515,1081.875000,68.879172,44.631176,3.000000
2026-06-24T01:50:32.618239824Z,1000,per_hit,raw_percent_of_host,api-node1,api-node2,95,50,145,44.565217,26.457399,44.565217,52.914798,100.000000,50.000000,80.000000,81.000000,0.000000,0.000000,80.000000,81.000000,289.377778,1722.941176,71.899668,44.272193,3.000000
2026-06-24T01:50:33.618247914Z,1000,per_hit,raw_percent_of_host,api-node1,api-node2,70,55,125,51.000000,26.457399,51.000000,52.914798,100.000000,50.000000,26.000000,110.000000,0.000000,0.000000,26.000000,110.000000,521.838710,2085.230769,55.730629,42.915427,3.000000
2026-06-24T01:50:34.618239561Z,1000,per_hit,raw_percent_of_host,api-node1,api-node2,42,35,77,41.584158,26.457399,41.584158,52.914798,100.000000,50.000000,10.000000,138.000000,0.000000,0.000000,10.000000,138.000000,202.379310,1872.000000,70.706023,42.707047,3.000000
2026-06-24T01:50:35.61823901Z,1000,per_hit,raw_percent_of_host,api-node1,api-node2,100,64,164,41.584158,25.252525,41.584158,50.505051,100.000000,50.000000,71.000000,71.000000,0.000000,0.000000,71.000000,71.000000,153.410256,2175.908397,76.211589,52.959630,3.000000
2026-06-24T01:50:36.618240153Z,1000,per_hit,raw_percent_of_host,api-node1,api-node2,69,62,131,0.000000,25.252525,0.000000,50.505051,100.000000,50.000000,51.000000,111.000000,0.000000,0.000000,51.000000,111.000000,711.685393,1118.545455,63.075486,45.233124,3.000000
2026-06-24T01:50:37.618239528Z,1000,per_hit,raw_percent_of_host,api-node1,api-node2,60,38,98,52.380952,25.252525,52.380952,50.505051,100.000000,50.000000,10.000000,120.000000,0.000000,0.000000,10.000000,120.000000,383.990099,1629.310345,74.382364,42.488307,3.000000
2026-06-24T01:50:38.618240187Z,1000,per_hit,raw_percent_of_host,api-node1,api-node2,49,31,80,50.495050,25.252525,50.495050,50.505051,100.000000,50.000000,1.000000,130.000000,0.000000,0.000000,1.000000,130.000000,143.413793,2058.666667,75.381623,41.994382,3.000000
2026-06-24T01:50:39.618239686Z,1000,per_hit,raw_percent_of_host,api-node1,api-node2,35,16,51,48.148148,25.252525,48.148148,50.505051,100.000000,50.000000,1.000000,145.000000,0.000000,0.000000,1.000000,145.000000,98.485714,3569.000000,77.008375,40.775984,3.000000
2026-06-24T01:50:40.618239279Z,1000,per_hit,raw_percent_of_host,api-node1,api-node2,100,80,180,46.000000,27.000000,46.000000,54.000000,100.000000,50.000000,85.000000,71.000000,0.000000,0.000000,85.000000,71.000000,102.750000,2650.753247,75.925531,61.708721,3.000000
2026-06-24T01:50:41.61824015Z,1000,per_hit,raw_percent_of_host,api-node1,api-node2,52,54,106,45.833333,27.000000,45.833333,54.000000,100.000000,50.000000,8.000000,88.000000,0.000000,0.000000,8.000000,88.000000,916.062016,1064.945946,47.499379,44.231844,3.000000
2026-06-24T01:50:42.618239533Z,1000,per_hit,raw_percent_of_host,api-node1,api-node2,72,47,119,52.941176,27.000000,52.941176,54.000000,100.000000,50.000000,5.000000,108.000000,0.000000,0.000000,5.000000,108.000000,271.213333,1630.666667,62.776751,42.953850,3.000000
2026-06-24T01:50:43.618239202Z,1000,per_hit,raw_percent_of_host,api-node1,api-node2,56,31,87,52.941176,27.000000,52.941176,54.000000,100.000000,50.000000,5.000000,120.000000,0.000000,0.000000,5.000000,120.000000,104.553571,2101.000000,74.646980,43.015038,3.000000
2026-06-24T01:50:44.618240042Z,1000,per_hit,raw_percent_of_host,api-node1,api-node2,96,71,167,50.505051,27.000000,50.505051,54.000000,100.000000,50.000000,43.000000,79.000000,0.000000,0.000000,43.000000,79.000000,184.258621,2406.937500,71.672957,45.379108,3.000000
2026-06-24T01:50:45.618239312Z,1000,per_hit,raw_percent_of_host,api-node1,api-node2,72,53,125,51.485149,27.000000,51.485149,54.000000,100.000000,50.000000,22.000000,107.000000,0.000000,0.000000,22.000000,107.000000,436.817204,1562.920000,61.917622,46.295793,3.000000
2026-06-24T01:50:46.618240918Z,1000,per_hit,raw_percent_of_host,api-node1,api-node2,41,33,74,45.945946,27.000000,45.945946,54.000000,100.000000,50.000000,4.000000,139.000000,0.000000,0.000000,4.000000,139.000000,213.389831,299.000000,73.067821,65.953242,3.000000
2026-06-24T01:50:47.61824384Z,1000,per_hit,raw_percent_of_host,api-node1,api-node2,28,18,46,42.000000,27.000000,42.000000,54.000000,100.000000,50.000000,3.000000,152.000000,0.000000,0.000000,3.000000,152.000000,105.241379,2591.400000,76.414994,55.666522,3.000000
2026-06-24T01:50:48.618238974Z,1000,per_hit,raw_percent_of_host,api-node1,api-node2,65,42,107,53.703704,27.000000,53.703704,54.000000,100.000000,50.000000,1.000000,60.000000,0.000000,0.000000,1.000000,60.000000,345.731343,3028.733871,75.223212,51.150940,3.000000
2026-06-24T01:50:49.618239325Z,1000,per_hit,raw_percent_of_host,api-node1,api-node2,105,63,168,42.000000,25.000000,42.000000,50.000000,100.000000,50.000000,87.000000,74.000000,0.000000,0.000000,87.000000,74.000000,406.473684,1652.355932,70.085304,47.471588,3.000000
2026-06-24T01:50:50.618240227Z,1000,per_hit,raw_percent_of_host,api-node1,api-node2,83,63,146,50.980392,27.173913,50.980392,54.347826,100.000000,50.000000,56.000000,97.000000,0.000000,0.000000,56.000000,97.000000,921.754386,1541.375000,46.877264,43.378217,3.000000
2026-06-24T01:50:51.618240207Z,1000,per_hit,raw_percent_of_host,api-node1,api-node2,45,38,83,51.485149,27.173913,51.485149,54.347826,100.000000,50.000000,3.000000,135.000000,0.000000,0.000000,3.000000,135.000000,469.244898,0.000000,57.921123,41.814508,3.000000
2026-06-24T01:50:52.618239255Z,1000,per_hit,raw_percent_of_host,api-node1,api-node2,51,29,80,35.869565,24.242424,35.869565,48.484848,100.000000,50.000000,9.000000,60.000000,0.000000,0.000000,9.000000,60.000000,134.222222,2728.963855,73.872420,41.145963,3.000000
2026-06-24T01:50:53.618240523Z,1000,per_hit,raw_percent_of_host,api-node1,api-node2,85,76,161,51.000000,25.510204,51.000000,51.020408,100.000000,50.000000,7.000000,94.000000,0.000000,0.000000,7.000000,94.000000,353.781609,2056.841270,67.065336,44.464543,3.000000
2026-06-24T01:50:54.618239426Z,1000,per_hit,raw_percent_of_host,api-node1,api-node2,82,39,121,51.000000,25.252525,51.000000,50.505051,100.000000,50.000000,15.000000,89.000000,0.000000,0.000000,15.000000,89.000000,316.810811,1528.454545,67.378092,43.659741,3.000000
2026-06-24T01:50:55.618239023Z,1000,per_hit,raw_percent_of_host,api-node1,api-node2,71,64,135,51.000000,25.252525,51.000000,50.505051,100.000000,50.000000,6.000000,103.000000,0.000000,0.000000,6.000000,103.000000,286.412500,1860.600000,63.311630,43.503985,3.000000
2026-06-24T01:50:56.618239872Z,1000,per_hit,raw_percent_of_host,api-node1,api-node2,63,36,99,51.000000,25.252525,51.000000,50.505051,100.000000,50.000000,4.000000,112.000000,0.000000,0.000000,4.000000,112.000000,197.938462,2045.740741,71.630648,42.306972,3.000000
2026-06-24T01:50:57.618239344Z,1000,per_hit,raw_percent_of_host,api-node1,api-node2,54,31,85,51.485149,25.000000,51.485149,50.000000,100.000000,50.000000,5.000000,130.000000,0.000000,0.000000,5.000000,130.000000,148.245283,2238.769231,72.294918,41.920356,3.000000
2026-06-24T01:50:58.618238957Z,1000,per_hit,raw_percent_of_host,api-node1,api-node2,33,19,52,47.777778,25.252525,47.777778,50.505051,100.000000,50.000000,4.000000,67.000000,0.000000,0.000000,4.000000,67.000000,94.588235,3269.585366,76.762503,40.800463,3.000000
2026-06-24T01:50:59.618238956Z,1000,per_hit,raw_percent_of_host,api-node1,api-node2,100,79,179,47.777778,25.252525,47.777778,50.505051,100.000000,50.000000,22.000000,93.000000,0.000000,0.000000,22.000000,93.000000,524.646341,2006.056604,71.995609,45.642966,3.000000
2026-06-24T01:51:00.618240597Z,1000,per_hit,raw_percent_of_host,api-node1,api-node2,50,42,92,51.000000,25.252525,51.000000,50.505051,100.000000,50.000000,2.000000,122.000000,0.000000,0.000000,2.000000,122.000000,522.442857,2419.230769,58.977041,42.366560,3.000000
2026-06-24T01:51:01.618239627Z,1000,per_hit,raw_percent_of_host,api-node1,api-node2,104,57,161,48.148148,25.252525,48.148148,50.505051,100.000000,50.000000,66.000000,80.000000,0.000000,0.000000,66.000000,80.000000,177.600000,2206.363636,75.124336,43.175030,3.000000
2026-06-24T01:51:02.618239796Z,1000,per_hit,raw_percent_of_host,api-node1,api-node2,63,63,126,51.485149,26.235741,51.485149,52.471483,100.000000,50.000000,55.000000,107.000000,0.000000,0.000000,55.000000,107.000000,564.513514,1729.277778,52.327372,44.128119,3.000000
2026-06-24T01:51:03.618240992Z,1000,per_hit,raw_percent_of_host,api-node1,api-node2,44,29,73,45.833333,26.235741,45.833333,52.471483,100.000000,50.000000,0.000000,136.000000,0.000000,0.000000,0.000000,136.000000,428.666667,0.000000,68.115772,41.734822,3.000000
2026-06-24T01:51:04.618239682Z,1000,per_hit,raw_percent_of_host,api-node1,api-node2,90,48,138,41.584158,25.252525,41.584158,50.505051,100.000000,50.000000,70.000000,89.000000,0.000000,0.000000,70.000000,89.000000,138.300000,2421.073684,77.566603,43.104497,3.000000
2026-06-24T01:51:05.618239855Z,1000,per_hit,raw_percent_of_host,api-node1,api-node2,89,61,150,41.584158,25.252525,41.584158,50.505051,100.000000,50.000000,74.000000,86.000000,0.000000,0.000000,74.000000,86.000000,654.035294,1983.375000,59.265100,43.509126,3.000000
2026-06-24T01:51:06.618239216Z,1000,per_hit,raw_percent_of_host,api-node1,api-node2,67,37,104,48.421053,25.252525,48.421053,50.505051,100.000000,50.000000,37.000000,113.000000,0.000000,0.000000,37.000000,113.000000,549.048077,1700.500000,65.216492,42.982455,3.000000
2026-06-24T01:51:07.61824074Z,1000,per_hit,raw_percent_of_host,api-node1,api-node2,43,24,67,51.485149,25.252525,51.485149,50.505051,100.000000,50.000000,19.000000,137.000000,0.000000,0.000000,19.000000,137.000000,314.491803,0.000000,73.255095,41.635368,3.000000
2026-06-24T01:51:08.618239753Z,1000,per_hit,raw_percent_of_host,api-node1,api-node2,95,59,154,46.000000,25.252525,46.000000,50.505051,100.000000,50.000000,72.000000,77.000000,0.000000,0.000000,72.000000,77.000000,571.690476,2278.025210,61.456217,46.265913,3.000000
2026-06-24T01:51:09.618239431Z,1000,per_hit,raw_percent_of_host,api-node1,api-node2,74,66,140,46.153846,27.083333,46.153846,54.166667,100.000000,50.000000,6.000000,104.000000,0.000000,0.000000,6.000000,104.000000,720.671429,1453.076923,47.978703,45.034410,3.000000
2026-06-24T01:51:10.618239589Z,1000,per_hit,raw_percent_of_host,api-node1,api-node2,48,27,75,51.000000,27.083333,51.000000,54.166667,100.000000,50.000000,0.000000,131.000000,0.000000,0.000000,0.000000,131.000000,199.500000,0.000000,73.929048,42.125360,3.000000
2026-06-24T01:51:11.618240103Z,1000,per_hit,raw_percent_of_host,api-node1,api-node2,104,57,161,51.000000,25.000000,51.000000,50.000000,100.000000,50.000000,61.000000,71.000000,0.000000,0.000000,61.000000,71.000000,172.767442,2349.247863,74.286282,43.059874,3.000000
2026-06-24T01:51:12.61824021Z,1000,per_hit,raw_percent_of_host,api-node1,api-node2,85,45,130,50.505051,25.000000,50.505051,50.000000,100.000000,50.000000,46.000000,95.000000,0.000000,0.000000,46.000000,95.000000,559.000000,1570.333333,64.302769,43.860281,3.000000
2026-06-24T01:51:13.618240207Z,1000,per_hit,raw_percent_of_host,api-node1,api-node2,80,64,144,50.505051,11.764706,50.505051,23.529412,100.000000,50.000000,42.000000,99.000000,0.000000,0.000000,42.000000,99.000000,384.095238,2007.783333,65.476207,42.704274,3.000000
2026-06-24T01:51:14.618239422Z,1000,per_hit,raw_percent_of_host,api-node1,api-node2,66,55,121,50.495050,26.993865,50.495050,53.987730,100.000000,50.000000,21.000000,114.000000,0.000000,0.000000,21.000000,114.000000,319.482759,1753.225000,61.838760,42.907227,3.000000
2026-06-24T01:51:15.618240363Z,1000,per_hit,raw_percent_of_host,api-node1,api-node2,63,31,94,51.960784,25.114155,51.960784,50.228311,100.000000,50.000000,11.000000,117.000000,0.000000,0.000000,11.000000,117.000000,193.890411,1970.571429,69.043039,42.456962,3.000000
2026-06-24T01:51:16.618239151Z,1000,per_hit,raw_percent_of_host,api-node1,api-node2,78,52,130,51.000000,25.114155,51.000000,50.228311,100.000000,50.000000,48.000000,97.000000,0.000000,0.000000,48.000000,97.000000,127.048780,2601.805556,73.520720,42.509563,3.000000
2026-06-24T01:51:17.618239888Z,1000,per_hit,raw_percent_of_host,api-node1,api-node2,68,54,122,51.000000,26.666667,51.000000,53.333333,100.000000,50.000000,41.000000,112.000000,0.000000,0.000000,41.000000,112.000000,573.626667,2037.076923,53.075050,43.496226,3.000000
2026-06-24T01:51:18.618240534Z,1000,per_hit,raw_percent_of_host,api-node1,api-node2,33,32,65,51.485149,26.666667,51.485149,53.333333,100.000000,50.000000,15.000000,144.000000,0.000000,0.000000,15.000000,144.000000,295.084746,0.000000,72.156890,41.233912,3.000000
2026-06-24T01:51:19.618239365Z,1000,per_hit,raw_percent_of_host,api-node1,api-node2,68,38,106,50.000000,26.666667,50.000000,53.333333,100.000000,50.000000,14.000000,112.000000,0.000000,0.000000,14.000000,112.000000,244.086957,2712.342857,71.495815,42.786724,3.000000
2026-06-24T01:51:20.618239778Z,1000,per_hit,raw_percent_of_host,api-node1,api-node2,99,62,161,52.127660,0.000000,52.127660,0.000000,100.000000,50.000000,61.000000,81.000000,0.000000,0.000000,61.000000,81.000000,244.750000,2412.698925,66.817936,46.639570,3.000000
2026-06-24T01:51:21.618239568Z,1000,per_hit,raw_percent_of_host,api-node1,api-node2,55,49,104,52.127660,0.000000,52.127660,0.000000,100.000000,50.000000,34.000000,120.000000,0.000000,0.000000,34.000000,120.000000,564.914634,1472.700000,60.298658,50.000000,3.000000
2026-06-24T01:51:22.61823947Z,1000,per_hit,raw_percent_of_host,api-node1,api-node2,68,48,116,50.980392,0.000000,50.980392,0.000000,100.000000,50.000000,18.000000,111.000000,0.000000,0.000000,18.000000,111.000000,278.297619,1898.245614,66.890440,50.000000,3.000000
2026-06-24T01:51:23.618240938Z,1000,per_hit,raw_percent_of_host,api-node1,api-node2,68,35,103,52.747253,25.252525,52.747253,50.505051,100.000000,50.000000,9.000000,112.000000,0.000000,0.000000,9.000000,112.000000,240.935065,2096.470588,65.359845,45.318267,3.000000
2026-06-24T01:51:24.618240074Z,1000,per_hit,raw_percent_of_host,api-node1,api-node2,41,27,68,52.884615,25.252525,52.884615,50.505051,100.000000,50.000000,2.000000,139.000000,0.000000,0.000000,2.000000,139.000000,126.187500,0.000000,71.685813,41.634677,3.000000
2026-06-24T01:51:25.618239776Z,1000,per_hit,raw_percent_of_host,api-node1,api-node2,93,70,163,41.176471,26.262626,41.176471,52.525253,100.000000,50.000000,40.000000,85.000000,0.000000,0.000000,40.000000,85.000000,456.745455,2486.483871,71.887601,43.798844,3.000000
2026-06-24T01:51:26.618239154Z,1000,per_hit,raw_percent_of_host,api-node1,api-node2,66,51,117,47.297297,26.262626,47.297297,52.525253,100.000000,50.000000,2.000000,110.000000,0.000000,0.000000,2.000000,110.000000,394.826923,1576.653846,71.072560,42.857105,3.000000
2026-06-24T01:51:27.618239482Z,1000,per_hit,raw_percent_of_host,api-node1,api-node2,81,42,123,47.297297,26.262626,47.297297,52.525253,100.000000,50.000000,7.000000,98.000000,0.000000,0.000000,7.000000,98.000000,315.855263,1961.388889,72.655645,42.847884,3.000000
2026-06-24T01:51:28.618240714Z,1000,per_hit,raw_percent_of_host,api-node1,api-node2,66,34,100,51.000000,26.000000,51.000000,52.000000,100.000000,50.000000,4.000000,114.000000,0.000000,0.000000,4.000000,114.000000,256.811594,2075.833333,70.055828,43.475143,3.000000
2026-06-24T01:51:29.618239584Z,1000,per_hit,raw_percent_of_host,api-node1,api-node2,79,56,135,46.534653,26.000000,46.534653,52.000000,100.000000,50.000000,27.000000,99.000000,0.000000,0.000000,27.000000,99.000000,197.607143,2626.929577,72.183612,48.715625,3.000000
2026-06-24T01:51:30.618240624Z,1000,per_hit,raw_percent_of_host,api-node1,api-node2,98,55,153,46.534653,26.000000,46.534653,52.000000,100.000000,50.000000,65.000000,83.000000,0.000000,0.000000,65.000000,83.000000,225.850000,2103.408451,75.473031,50.108959,3.000000
2026-06-24T01:51:31.618239826Z,1000,per_hit,raw_percent_of_host,api-node1,api-node2,72,55,127,45.945946,25.000000,45.945946,50.000000,100.000000,50.000000,38.000000,108.000000,0.000000,0.000000,38.000000,108.000000,492.181818,1594.633333,59.091798,43.831319,3.000000
2026-06-24T01:51:32.61823952Z,1000,per_hit,raw_percent_of_host,api-node1,api-node2,48,27,75,51.485149,25.000000,51.485149,50.000000,100.000000,50.000000,7.000000,132.000000,0.000000,0.000000,7.000000,132.000000,260.468354,2085.333333,71.644714,41.915280,3.000000
2026-06-24T01:51:33.618241594Z,1000,per_hit,raw_percent_of_host,api-node1,api-node2,83,46,129,51.485149,25.000000,51.485149,50.000000,100.000000,50.000000,60.000000,95.000000,0.000000,0.000000,60.000000,95.000000,130.833333,2647.168675,72.615081,43.877983,3.000000
2026-06-24T01:51:34.618240501Z,1000,per_hit,raw_percent_of_host,api-node1,api-node2,51,31,82,49.074074,25.000000,49.074074,50.000000,100.000000,50.000000,35.000000,121.000000,0.000000,0.000000,35.000000,121.000000,492.078947,1785.000000,69.827276,42.467484,3.000000
2026-06-24T01:51:35.61824544Z,1000,per_hit,raw_percent_of_host,api-node1,api-node2,96,62,158,50.505051,22.916667,50.505051,45.833333,100.000000,50.000000,70.000000,71.000000,0.000000,0.000000,70.000000,71.000000,303.983607,2293.017857,75.253333,48.760738,3.000000
2026-06-24T01:51:36.618240283Z,1000,per_hit,raw_percent_of_host,api-node1,api-node2,80,59,139,54.629630,26.000000,54.629630,52.000000,100.000000,50.000000,62.000000,79.000000,0.000000,0.000000,62.000000,79.000000,632.454545,1294.372549,66.191091,44.252461,3.000000
2026-06-24T01:51:37.61823936Z,1000,per_hit,raw_percent_of_host,api-node1,api-node2,69,60,129,51.000000,26.262626,51.000000,52.525253,100.000000,50.000000,28.000000,86.000000,0.000000,0.000000,28.000000,86.000000,475.339806,1193.622642,57.565537,44.708200,3.000000
2026-06-24T01:51:38.618240296Z,1000,per_hit,raw_percent_of_host,api-node1,api-node2,59,31,90,51.000000,26.262626,51.000000,52.525253,100.000000,50.000000,15.000000,92.000000,0.000000,0.000000,15.000000,92.000000,241.236111,1375.120000,69.228541,43.833204,3.000000
2026-06-24T01:51:39.618240362Z,1000,per_hit,raw_percent_of_host,api-node1,api-node2,27,27,54,50.495050,26.262626,50.495050,52.525253,100.000000,50.000000,7.000000,117.000000,0.000000,0.000000,7.000000,117.000000,161.028571,1847.500000,74.439788,42.771809,3.000000
2026-06-24T01:51:40.618239528Z,1000,per_hit,raw_percent_of_host,api-node1,api-node2,77,59,136,41.237113,26.000000,41.237113,52.000000,100.000000,50.000000,34.000000,59.000000,0.000000,0.000000,34.000000,59.000000,401.880000,1991.803419,71.389136,48.339884,3.000000
2026-06-24T01:51:41.618239078Z,1000,per_hit,raw_percent_of_host,api-node1,api-node2,55,47,102,51.485149,25.000000,51.485149,50.000000,100.000000,50.000000,11.000000,77.000000,0.000000,0.000000,11.000000,77.000000,383.923077,1352.689655,59.706458,44.824830,3.000000
2026-06-24T01:51:42.618240313Z,1000,per_hit,raw_percent_of_host,api-node1,api-node2,61,32,93,51.485149,25.139665,51.485149,50.279330,100.000000,50.000000,20.000000,68.000000,0.000000,0.000000,20.000000,68.000000,150.230769,1657.951220,69.692666,44.950095,3.000000
2026-06-24T01:51:43.618239123Z,1000,per_hit,raw_percent_of_host,api-node1,api-node2,71,51,122,47.872340,26.732673,47.872340,53.465347,100.000000,50.000000,48.000000,35.000000,0.000000,0.000000,48.000000,35.000000,163.441860,1483.964286,74.444694,46.573145,3.000000
2026-06-24T01:51:44.618239518Z,1000,per_hit,raw_percent_of_host,api-node1,api-node2,67,48,115,51.000000,26.000000,51.000000,52.000000,100.000000,50.000000,36.000000,28.000000,0.000000,0.000000,36.000000,28.000000,312.810127,536.927273,69.662385,55.955416,3.000000
2026-06-24T01:51:45.618249766Z,1000,per_hit,raw_percent_of_host,api-node1,api-node2,61,48,109,55.000000,24.242424,55.000000,48.484848,100.000000,50.000000,35.000000,37.000000,0.000000,0.000000,35.000000,37.000000,302.129032,663.923077,70.629541,50.185439,3.000000
2026-06-24T01:51:46.618240032Z,1000,per_hit,raw_percent_of_host,api-node1,api-node2,61,39,100,51.960784,26.262626,51.960784,52.525253,100.000000,50.000000,40.000000,40.000000,0.000000,0.000000,40.000000,40.000000,291.000000,757.333333,71.244805,47.132925,3.000000
2026-06-24T01:51:47.618239561Z,1000,per_hit,raw_percent_of_host,api-node1,api-node2,58,42,100,51.000000,26.000000,51.000000,52.000000,100.000000,50.000000,21.000000,25.000000,0.000000,0.000000,21.000000,25.000000,264.363636,631.631579,70.065333,58.696171,3.000000
2026-06-24T01:51:48.618239677Z,1000,per_hit,raw_percent_of_host,api-node1,api-node2,45,51,96,48.514851,26.000000,48.514851,52.000000,100.000000,50.000000,9.000000,34.000000,0.000000,0.000000,9.000000,34.000000,205.859649,569.523810,74.490258,54.172858,3.000000
2026-06-24T01:51:49.618240454Z,1000,per_hit,raw_percent_of_host,api-node1,api-node2,50,38,88,50.495050,26.000000,50.495050,52.000000,100.000000,50.000000,11.000000,22.000000,0.000000,0.000000,11.000000,22.000000,154.583333,496.020000,72.927762,59.709575,3.000000
2026-06-24T01:51:50.618239644Z,1000,per_hit,raw_percent_of_host,api-node1,api-node2,45,37,82,51.485149,30.000000,51.485149,60.000000,100.000000,50.000000,9.000000,21.000000,0.000000,0.000000,9.000000,21.000000,137.446809,336.552632,76.997261,69.009264,3.000000
2026-06-24T01:51:51.618239053Z,1000,per_hit,raw_percent_of_host,api-node1,api-node2,40,36,76,50.000000,25.000000,50.000000,50.000000,100.000000,50.000000,1.000000,18.000000,0.000000,0.000000,1.000000,18.000000,145.520833,330.410256,73.246044,66.290258,3.000000
2026-06-24T01:51:52.618240028Z,1000,per_hit,raw_percent_of_host,api-node1,api-node2,42,29,71,51.485149,25.252525,51.485149,50.505051,100.000000,50.000000,7.000000,2.000000,0.000000,0.000000,7.000000,2.000000,130.388889,230.777778,75.360769,71.337739,3.000000
2026-06-24T01:51:53.618239826Z,1000,per_hit,raw_percent_of_host,api-node1,api-node2,24,41,65,42.592593,24.242424,42.592593,48.484848,100.000000,50.000000,1.000000,21.000000,0.000000,0.000000,1.000000,21.000000,86.933333,172.000000,78.068511,71.185832,3.000000
2026-06-24T01:51:54.618241323Z,1000,per_hit,raw_percent_of_host,api-node1,api-node2,27,33,60,49.532710,26.000000,49.532710,52.000000,100.000000,50.000000,1.000000,16.000000,0.000000,0.000000,1.000000,16.000000,79.518519,344.000000,77.234965,70.465178,3.000000
2026-06-24T01:51:55.618239195Z,1000,per_hit,raw_percent_of_host,api-node1,api-node2,27,26,53,48.181818,19.587629,48.181818,39.175258,100.000000,50.000000,0.000000,8.000000,0.000000,0.000000,0.000000,8.000000,93.250000,246.882353,78.385270,70.788629,3.000000
2026-06-24T01:51:56.618239092Z,1000,per_hit,raw_percent_of_host,api-node1,api-node2,24,25,49,41.000000,27.619048,41.000000,55.238095,100.000000,50.000000,0.000000,2.000000,0.000000,0.000000,0.000000,2.000000,81.750000,199.032258,76.628605,74.039276,3.000000
2026-06-24T01:51:57.618238753Z,1000,per_hit,raw_percent_of_host,api-node1,api-node2,21,21,42,45.714286,25.252525,45.714286,50.505051,100.000000,50.000000,1.000000,0.000000,0.000000,0.000000,1.000000,0.000000,72.300000,135.956522,76.115923,70.846046,3.000000
2026-06-24T01:51:58.618240149Z,1000,per_hit,raw_percent_of_host,api-node1,api-node2,25,15,40,51.960784,28.571429,51.960784,57.142857,100.000000,50.000000,3.000000,1.000000,0.000000,0.000000,3.000000,1.000000,80.173913,138.571429,77.044546,71.213070,3.000000
2026-06-24T01:51:59.618238888Z,1000,per_hit,raw_percent_of_host,api-node1,api-node2,13,18,31,33.644860,24.489796,33.644860,48.979592,100.000000,50.000000,0.000000,1.000000,0.000000,0.000000,0.000000,1.000000,64.812500,90.722222,77.630115,73.129681,3.000000
2026-06-24T01:52:00.618239517Z,1000,per_hit,raw_percent_of_host,api-node1,api-node2,16,10,26,42.424242,23.809524,42.424242,47.619048,100.000000,50.000000,1.000000,1.000000,0.000000,0.000000,1.000000,1.000000,64.933333,85.300000,77.774725,76.078207,3.000000
2026-06-24T01:52:01.61823902Z,1000,per_hit,raw_percent_of_host,api-node1,api-node2,12,9,21,41.121495,22.222222,41.121495,44.444444,100.000000,50.000000,0.000000,0.000000,0.000000,0.000000,0.000000,0.000000,51.923077,64.600000,78.756441,76.875819,3.000000
2026-06-24T01:52:02.618241459Z,1000,per_hit,raw_percent_of_host,api-node1,api-node2,9,7,16,32.000000,15.306122,32.000000,30.612245,100.000000,50.000000,0.000000,1.000000,0.000000,0.000000,0.000000,1.000000,67.777778,56.833333,78.026675,75.540829,3.000000
2026-06-24T01:52:03.618242324Z,1000,per_hit,raw_percent_of_host,api-node1,api-node2,6,6,12,25.252525,15.306122,25.252525,30.612245,100.000000,50.000000,0.000000,1.000000,0.000000,0.000000,0.000000,1.000000,50.166667,50.000000,78.149936,78.519612,3.000000
2026-06-24T01:52:04.618241012Z,1000,per_hit,raw_percent_of_host,api-node1,api-node2,6,4,10,23.232323,13.131313,23.232323,26.262626,100.000000,50.000000,1.000000,0.000000,0.000000,0.000000,1.000000,0.000000,50.000000,50.000000,79.457032,76.908675,3.000000
2026-06-24T01:52:05.618244469Z,1000,per_hit,raw_percent_of_host,api-node1,api-node2,6,4,10,22.448980,15.841584,22.448980,31.683168,100.000000,50.000000,1.000000,0.000000,0.000000,0.000000,1.000000,0.000000,50.000000,50.000000,77.993120,77.850717,3.000000
2026-06-24T01:52:06.618241401Z,1000,per_hit,raw_percent_of_host,api-node1,api-node2,7,3,10,28.000000,10.101010,28.000000,20.202020,100.000000,50.000000,0.000000,1.000000,0.000000,0.000000,0.000000,1.000000,50.000000,50.000000,78.050293,78.182574,3.000000
2026-06-24T01:52:07.61824165Z,1000,per_hit,raw_percent_of_host,api-node1,api-node2,4,6,10,15.151515,21.153846,15.151515,42.307692,100.000000,50.000000,0.000000,1.000000,0.000000,0.000000,0.000000,1.000000,50.000000,59.833333,78.528120,77.485574,3.000000
2026-06-24T01:52:08.618241391Z,1000,per_hit,raw_percent_of_host,api-node1,api-node2,4,6,10,14.285714,19.000000,14.285714,38.000000,100.000000,50.000000,0.000000,1.000000,0.000000,0.000000,0.000000,1.000000,54.000000,50.000000,78.230454,78.781568,3.000000
2026-06-24T01:52:09.618242619Z,1000,per_hit,raw_percent_of_host,api-node1,api-node2,4,6,10,18.000000,20.000000,18.000000,40.000000,100.000000,50.000000,0.000000,1.000000,0.000000,0.000000,0.000000,1.000000,50.000000,59.666667,79.682764,77.772390,3.000000
2026-06-24T01:52:10.618240674Z,1000,per_hit,raw_percent_of_host,api-node1,api-node2,7,3,10,23.000000,14.285714,23.000000,28.571429,100.000000,50.000000,1.000000,0.000000,0.000000,0.000000,1.000000,0.000000,50.000000,63.500000,79.783976,76.799650,3.000000
2026-06-24T01:52:11.61823978Z,1000,per_hit,raw_percent_of_host,api-node1,api-node2,8,2,10,29.702970,10.101010,29.702970,20.202020,100.000000,50.000000,1.000000,0.000000,0.000000,0.000000,1.000000,0.000000,50.000000,50.000000,77.711096,80.035914,3.000000
2026-06-24T01:52:12.618239397Z,1000,per_hit,raw_percent_of_host,api-node1,api-node2,4,6,10,18.000000,20.000000,18.000000,40.000000,100.000000,50.000000,0.000000,1.000000,0.000000,0.000000,0.000000,1.000000,50.000000,61.600000,77.916912,80.842629,3.000000
2026-06-24T01:52:13.618239008Z,1000,per_hit,raw_percent_of_host,api-node1,api-node2,7,3,10,25.510204,12.000000,25.510204,24.000000,100.000000,50.000000,0.000000,1.000000,0.000000,0.000000,0.000000,1.000000,50.000000,50.000000,78.291088,77.457603,3.000000
2026-06-24T01:52:14.618241197Z,1000,per_hit,raw_percent_of_host,api-node1,api-node2,5,5,10,19.191919,15.151515,19.191919,30.303030,100.000000,50.000000,0.000000,1.000000,0.000000,0.000000,0.000000,1.000000,50.000000,50.000000,77.858255,77.777022,3.000000
2026-06-24T01:52:15.61824364Z,1000,per_hit,raw_percent_of_host,api-node1,api-node2,4,6,10,12.500000,19.191919,12.500000,38.383838,100.000000,50.000000,0.000000,1.000000,0.000000,0.000000,0.000000,1.000000,58.750000,59.833333,77.946294,77.225594,3.000000
2026-06-24T01:52:16.618238604Z,1000,per_hit,raw_percent_of_host,api-node1,api-node2,6,4,10,21.212121,16.831683,21.212121,33.663366,100.000000,50.000000,1.000000,0.000000,0.000000,0.000000,1.000000,0.000000,57.400000,50.000000,79.339400,77.763520,3.000000
2026-06-24T01:52:17.618238862Z,1000,per_hit,raw_percent_of_host,api-node1,api-node2,5,4,9,15.151515,18.181818,15.151515,36.363636,100.000000,50.000000,1.000000,0.000000,0.000000,0.000000,1.000000,0.000000,50.000000,71.250000,79.047902,77.391222,3.000000
2026-06-24T01:52:18.618238972Z,1000,per_hit,raw_percent_of_host,api-node1,api-node2,7,4,11,30.303030,11.111111,30.303030,22.222222,100.000000,50.000000,0.000000,1.000000,0.000000,0.000000,0.000000,1.000000,54.875000,50.000000,77.837896,80.540809,3.000000
2026-06-24T01:52:19.618247218Z,1000,per_hit,raw_percent_of_host,api-node1,api-node2,7,3,10,23.711340,12.871287,23.711340,25.742574,100.000000,50.000000,0.000000,1.000000,0.000000,0.000000,0.000000,1.000000,50.000000,50.000000,77.660565,76.984230,3.000000
2026-06-24T01:52:20.61824133Z,1000,per_hit,raw_percent_of_host,api-node1,api-node2,3,7,10,10.000000,27.272727,10.000000,54.545455,100.000000,50.000000,1.000000,0.000000,0.000000,0.000000,1.000000,0.000000,50.000000,57.250000,78.598286,77.900010,3.000000
2026-06-24T01:52:21.618239617Z,1000,per_hit,raw_percent_of_host,api-node1,api-node2,2,8,10,5.050505,29.000000,5.050505,58.000000,100.000000,50.000000,0.000000,1.000000,0.000000,0.000000,0.000000,1.000000,50.000000,60.142857,79.234558,77.803266,3.000000
2026-06-24T01:52:22.618238452Z,1000,per_hit,raw_percent_of_host,api-node1,api-node2,4,6,10,21.000000,20.000000,21.000000,40.000000,100.000000,50.000000,0.000000,1.000000,0.000000,0.000000,0.000000,1.000000,50.000000,62.000000,78.789695,77.667929,3.000000
2026-06-24T01:52:23.618240071Z,1000,per_hit,raw_percent_of_host,api-node1,api-node2,3,7,10,13.861386,20.000000,13.861386,40.000000,100.000000,50.000000,0.000000,1.000000,0.000000,0.000000,0.000000,1.000000,50.000000,79.714286,80.036663,77.108172,3.000000
2026-06-24T01:52:24.618241499Z,1000,per_hit,raw_percent_of_host,api-node1,api-node2,8,2,10,27.272727,6.000000,27.272727,12.000000,100.000000,50.000000,0.000000,1.000000,0.000000,0.000000,0.000000,1.000000,57.625000,50.500000,78.380270,78.049676,3.000000
2026-06-24T01:52:25.618239168Z,1000,per_hit,raw_percent_of_host,api-node1,api-node2,4,6,10,10.101010,20.192308,10.101010,40.384615,100.000000,50.000000,1.000000,0.000000,0.000000,0.000000,1.000000,0.000000,50.000000,69.428571,78.045118,77.919051,3.000000
2026-06-24T01:52:26.618239393Z,1000,per_hit,raw_percent_of_host,api-node1,api-node2,5,5,10,12.244898,21.212121,12.244898,42.424242,100.000000,50.000000,1.000000,0.000000,0.000000,0.000000,1.000000,0.000000,50.000000,54.000000,78.909672,78.218322,3.000000
2026-06-24T01:52:27.618240219Z,1000,per_hit,raw_percent_of_host,api-node1,api-node2,2,8,10,7.142857,25.252525,7.142857,50.505051,100.000000,50.000000,0.000000,1.000000,0.000000,0.000000,0.000000,1.000000,50.000000,60.571429,78.495240,81.268646,3.000000
2026-06-24T01:52:28.618239675Z,1000,per_hit,raw_percent_of_host,api-node1,api-node2,8,2,10,25.510204,10.101010,25.510204,20.202020,100.000000,50.000000,1.000000,0.000000,0.000000,0.000000,1.000000,0.000000,50.000000,50.000000,78.569729,77.769855,3.000000
2026-06-24T01:52:29.618242157Z,1000,per_hit,raw_percent_of_host,api-node1,api-node2,5,5,10,20.202020,15.151515,20.202020,30.303030,100.000000,50.000000,0.000000,1.000000,0.000000,0.000000,0.000000,1.000000,54.666667,50.000000,77.353623,78.907805,3.000000
2026-06-24T01:52:30.618239113Z,1000,per_hit,raw_percent_of_host,api-node1,api-node2,4,6,10,18.000000,20.202020,18.000000,40.404040,100.000000,50.000000,0.000000,1.000000,0.000000,0.000000,0.000000,1.000000,50.000000,50.000000,79.177947,77.900060,3.000000
2026-06-24T01:52:31.618239781Z,1000,per_hit,raw_percent_of_host,api-node1,api-node2,5,5,10,18.000000,18.367347,18.000000,36.734694,100.000000,50.000000,0.000000,1.000000,0.000000,0.000000,0.000000,1.000000,50.000000,61.400000,80.015444,76.907635,3.000000
2026-06-24T01:52:32.618244021Z,1000,per_hit,raw_percent_of_host,api-node1,api-node2,2,8,10,10.101010,25.000000,10.101010,50.000000,100.000000,50.000000,0.000000,1.000000,0.000000,0.000000,0.000000,1.000000,50.000000,52.000000,78.864400,78.476890,3.000000
2026-06-24T01:52:33.61823969Z,1000,per_hit,raw_percent_of_host,api-node1,api-node2,5,5,10,19.000000,20.408163,19.000000,40.816327,100.000000,50.000000,0.000000,1.000000,0.000000,0.000000,0.000000,1.000000,50.000000,50.000000,80.248339,78.130154,3.000000
2026-06-24T01:52:34.618238888Z,1000,per_hit,raw_percent_of_host,api-node1,api-node2,5,4,9,13.131313,19.047619,13.131313,38.095238,100.000000,50.000000,1.000000,0.000000,0.000000,0.000000,1.000000,0.000000,50.000000,61.400000,78.520593,77.931750,3.000000
2026-06-24T01:52:35.618241039Z,1000,per_hit,raw_percent_of_host,api-node1,api-node2,7,4,11,23.232323,13.131313,23.232323,26.262626,100.000000,50.000000,0.000000,1.000000,0.000000,0.000000,0.000000,1.000000,54.500000,50.000000,77.647298,80.459495,3.000000
2026-06-24T01:52:36.618247635Z,1000,per_hit,raw_percent_of_host,api-node1,api-node2,4,6,10,13.131313,26.168224,13.131313,52.336449,100.000000,50.000000,1.000000,0.000000,0.000000,0.000000,1.000000,0.000000,50.000000,58.857143,78.430512,77.914789,3.000000
2026-06-24T01:52:37.618242381Z,1000,per_hit,raw_percent_of_host,api-node1,api-node2,5,5,10,19.000000,19.387755,19.000000,38.775510,100.000000,50.000000,1.000000,0.000000,0.000000,0.000000,1.000000,0.000000,50.000000,61.000000,78.631844,78.454571,3.000000
2026-06-24T01:52:38.618239336Z,1000,per_hit,raw_percent_of_host,api-node1,api-node2,5,5,10,19.191919,15.151515,19.191919,30.303030,100.000000,50.000000,0.000000,1.000000,0.000000,0.000000,0.000000,1.000000,51.833333,50.000000,78.354523,78.461042,3.000000
2026-06-24T01:52:39.618247167Z,1000,per_hit,raw_percent_of_host,api-node1,api-node2,3,7,10,8.000000,19.230769,8.000000,38.461538,100.000000,50.000000,1.000000,0.000000,0.000000,0.000000,1.000000,0.000000,50.000000,85.500000,79.757745,77.009025,3.000000
2026-06-24T01:52:40.618241144Z,1000,per_hit,raw_percent_of_host,api-node1,api-node2,4,6,10,15.151515,15.000000,15.151515,30.000000,100.000000,50.000000,0.000000,1.000000,0.000000,0.000000,0.000000,1.000000,50.000000,63.200000,78.715115,77.001428,3.000000
2026-06-24T01:52:41.618239019Z,1000,per_hit,raw_percent_of_host,api-node1,api-node2,3,7,10,13.131313,14.285714,13.131313,28.571429,100.000000,50.000000,0.000000,1.000000,0.000000,0.000000,0.000000,1.000000,50.333333,66.714286,80.312049,76.283576,3.000000
2026-06-24T01:52:42.618238873Z,1000,per_hit,raw_percent_of_host,api-node1,api-node2,5,5,10,22.222222,19.047619,22.222222,38.095238,100.000000,50.000000,0.000000,1.000000,0.000000,0.000000,0.000000,1.000000,50.000000,62.800000,81.050249,76.263824,3.000000
2026-06-24T01:52:43.618242418Z,1000,per_hit,raw_percent_of_host,api-node1,api-node2,5,5,10,17.346939,15.151515,17.346939,30.303030,100.000000,50.000000,0.000000,1.000000,0.000000,0.000000,0.000000,1.000000,50.000000,63.800000,78.274431,76.849911,3.000000
2026-06-24T01:52:44.618242304Z,1000,per_hit,raw_percent_of_host,api-node1,api-node2,5,5,10,17.346939,15.094340,17.346939,30.188679,100.000000,50.000000,1.000000,0.000000,0.000000,0.000000,1.000000,0.000000,50.000000,71.833333,78.431689,77.739495,3.000000
2026-06-24T01:52:45.618239281Z,1000,per_hit,raw_percent_of_host,api-node1,api-node2,4,6,10,16.000000,19.811321,16.000000,39.622642,100.000000,50.000000,1.000000,0.000000,0.000000,0.000000,1.000000,0.000000,50.000000,80.833333,78.539563,75.333362,3.000000
2026-06-24T01:52:46.61823856Z,1000,per_hit,raw_percent_of_host,api-node1,api-node2,7,3,10,22.000000,10.101010,22.000000,20.202020,100.000000,50.000000,1.000000,0.000000,0.000000,0.000000,1.000000,0.000000,56.571429,50.000000,77.956332,78.401418,3.000000
2026-06-24T01:52:47.618239623Z,1000,per_hit,raw_percent_of_host,api-node1,api-node2,8,2,10,30.303030,4.761905,30.303030,9.523810,100.000000,50.000000,1.000000,0.000000,0.000000,0.000000,1.000000,0.000000,50.000000,69.000000,78.894309,78.533998,3.000000
2026-06-24T01:52:48.618242737Z,1000,per_hit,raw_percent_of_host,api-node1,api-node2,5,5,10,20.202020,20.000000,20.202020,40.000000,100.000000,50.000000,1.000000,0.000000,0.000000,0.000000,1.000000,0.000000,50.000000,55.000000,78.460547,82.467146,3.000000
2026-06-24T01:52:49.618239987Z,1000,per_hit,raw_percent_of_host,api-node1,api-node2,8,2,10,26.000000,10.101010,26.000000,20.202020,100.000000,50.000000,1.000000,0.000000,0.000000,0.000000,1.000000,0.000000,58.125000,86.500000,77.846263,75.538181,3.000000
2026-06-24T01:52:50.618241966Z,1000,per_hit,raw_percent_of_host,api-node1,api-node2,5,5,10,16.161616,22.222222,16.161616,44.444444,100.000000,50.000000,0.000000,1.000000,0.000000,0.000000,0.000000,1.000000,51.666667,50.250000,78.055617,79.294664,3.000000
2026-06-24T01:52:51.618239087Z,1000,per_hit,raw_percent_of_host,api-node1,api-node2,5,5,10,23.232323,14.141414,23.232323,28.282828,100.000000,50.000000,0.000000,1.000000,0.000000,0.000000,0.000000,1.000000,50.000000,50.000000,78.268907,78.483860,3.000000
2026-06-24T01:52:52.618242102Z,1000,per_hit,raw_percent_of_host,api-node1,api-node2,4,6,10,10.101010,21.698113,10.101010,43.396226,100.000000,50.000000,1.000000,0.000000,0.000000,0.000000,1.000000,0.000000,50.000000,86.285714,81.112940,76.211365,3.000000
2026-06-24T01:52:53.618239102Z,1000,per_hit,raw_percent_of_host,api-node1,api-node2,6,4,10,20.000000,15.151515,20.000000,30.303030,100.000000,50.000000,1.000000,0.000000,0.000000,0.000000,1.000000,0.000000,52.000000,50.000000,78.138572,80.291955,3.000000
2026-06-24T01:52:54.618240359Z,1000,per_hit,raw_percent_of_host,api-node1,api-node2,9,1,10,27.272727,0.000000,27.272727,0.000000,100.000000,50.000000,1.000000,0.000000,0.000000,0.000000,1.000000,0.000000,55.222222,50.000000,77.623122,79.084039,3.000000
2026-06-24T01:52:55.618239036Z,1000,per_hit,raw_percent_of_host,api-node1,api-node2,3,7,10,12.121212,19.230769,12.121212,38.461538,100.000000,50.000000,0.000000,1.000000,0.000000,0.000000,0.000000,1.000000,50.000000,67.833333,78.425793,79.304264,3.000000
2026-06-24T01:52:56.618240775Z,1000,per_hit,raw_percent_of_host,api-node1,api-node2,3,7,10,10.000000,22.857143,10.000000,45.714286,100.000000,50.000000,1.000000,0.000000,0.000000,0.000000,1.000000,0.000000,50.000000,65.000000,81.036785,77.506245,3.000000
2026-06-24T01:52:57.618241626Z,1000,per_hit,raw_percent_of_host,api-node1,api-node2,3,7,10,13.000000,24.000000,13.000000,48.000000,100.000000,50.000000,0.000000,1.000000,0.000000,0.000000,0.000000,1.000000,50.000000,59.166667,78.941312,78.544783,3.000000
2026-06-24T01:52:58.618240179Z,1000,per_hit,raw_percent_of_host,api-node1,api-node2,7,3,10,20.202020,10.101010,20.202020,20.202020,100.000000,50.000000,0.000000,1.000000,0.000000,0.000000,0.000000,1.000000,55.285714,50.000000,79.479646,77.483059,3.000000
2026-06-24T01:52:59.618239287Z,1000,per_hit,raw_percent_of_host,api-node1,api-node2,6,4,10,17.171717,19.047619,17.171717,38.095238,100.000000,50.000000,1.000000,0.000000,0.000000,0.000000,1.000000,0.000000,50.000000,60.800000,78.372445,77.670012,3.000000
2026-06-24T01:53:00.618242866Z,1000,per_hit,raw_percent_of_host,api-node1,api-node2,6,4,10,16.831683,20.202020,16.831683,40.404040,100.000000,50.000000,1.000000,0.000000,0.000000,0.000000,1.000000,0.000000,55.500000,50.000000,77.979187,80.834271,3.000000
2026-06-24T01:53:01.618239129Z,1000,per_hit,raw_percent_of_host,api-node1,api-node2,4,6,10,15.151515,23.809524,15.151515,47.619048,100.000000,50.000000,1.000000,0.000000,0.000000,0.000000,1.000000,0.000000,50.000000,71.500000,78.447574,80.167872,3.000000
2026-06-24T01:53:02.618249121Z,1000,per_hit,raw_percent_of_host,api-node1,api-node2,4,6,10,19.000000,20.000000,19.000000,40.000000,100.000000,50.000000,0.000000,1.000000,0.000000,0.000000,0.000000,1.000000,50.000000,63.200000,78.563711,78.422659,3.000000
2026-06-24T01:53:03.618239941Z,1000,per_hit,raw_percent_of_host,api-node1,api-node2,4,6,10,13.000000,24.242424,13.000000,48.484848,100.000000,50.000000,0.000000,1.000000,0.000000,0.000000,0.000000,1.000000,55.500000,50.000000,81.055619,77.375268,3.000000
2026-06-24T01:53:04.61824096Z,1000,per_hit,raw_percent_of_host,api-node1,api-node2,5,5,10,17.171717,14.285714,17.171717,28.571429,100.000000,50.000000,1.000000,0.000000,0.000000,0.000000,1.000000,0.000000,50.000000,69.166667,78.649828,78.057152,3.000000
2026-06-24T01:53:05.618241666Z,1000,per_hit,raw_percent_of_host,api-node1,api-node2,7,3,10,17.000000,15.151515,17.000000,30.303030,100.000000,50.000000,1.000000,0.000000,0.000000,0.000000,1.000000,0.000000,53.857143,50.000000,77.573237,78.022753,3.000000
2026-06-24T01:53:06.618239062Z,1000,per_hit,raw_percent_of_host,api-node1,api-node2,9,1,10,25.510204,5.050505,25.510204,10.101010,100.000000,50.000000,1.000000,0.000000,0.000000,0.000000,1.000000,0.000000,52.666667,50.000000,77.510446,81.283626,3.000000
2026-06-24T01:53:07.618240207Z,1000,per_hit,raw_percent_of_host,api-node1,api-node2,7,3,10,21.428571,10.101010,21.428571,20.202020,100.000000,50.000000,1.000000,0.000000,0.000000,0.000000,1.000000,0.000000,56.428571,50.000000,76.747165,79.245392,3.000000
2026-06-24T01:53:08.618239677Z,1000,per_hit,raw_percent_of_host,api-node1,api-node2,6,4,10,14.285714,15.094340,14.285714,30.188679,100.000000,50.000000,1.000000,0.000000,0.000000,0.000000,1.000000,0.000000,50.000000,85.250000,78.206190,77.082853,3.000000
2026-06-24T01:53:09.618241782Z,1000,per_hit,raw_percent_of_host,api-node1,api-node2,5,5,10,20.000000,15.151515,20.000000,30.303030,100.000000,50.000000,0.000000,1.000000,0.000000,0.000000,0.000000,1.000000,52.000000,50.000000,78.061567,79.878910,3.000000
2026-06-24T01:53:10.618238923Z,1000,per_hit,raw_percent_of_host,api-node1,api-node2,4,6,10,14.851485,25.252525,14.851485,50.505051,100.000000,50.000000,1.000000,0.000000,0.000000,0.000000,1.000000,0.000000,50.000000,50.000000,80.468771,77.533442,3.000000
2026-06-24T01:53:11.618241077Z,1000,per_hit,raw_percent_of_host,api-node1,api-node2,6,4,10,16.000000,21.000000,16.000000,42.000000,100.000000,50.000000,1.000000,0.000000,0.000000,0.000000,1.000000,0.000000,55.166667,50.000000,78.572325,78.961508,3.000000
2026-06-24T01:53:12.618240038Z,1000,per_hit,raw_percent_of_host,api-node1,api-node2,5,5,10,15.151515,20.000000,15.151515,40.000000,100.000000,50.000000,1.000000,0.000000,0.000000,0.000000,1.000000,0.000000,50.000000,75.000000,78.479345,80.549738,3.000000
2026-06-24T01:53:13.618243403Z,1000,per_hit,raw_percent_of_host,api-node1,api-node2,5,5,10,20.000000,19.191919,20.000000,38.383838,100.000000,50.000000,0.000000,1.000000,0.000000,0.000000,0.000000,1.000000,50.000000,63.750000,78.157142,80.071232,3.000000
2026-06-24T01:53:14.618240196Z,1000,per_hit,raw_percent_of_host,api-node1,api-node2,8,2,10,24.000000,10.101010,24.000000,20.202020,100.000000,50.000000,1.000000,0.000000,0.000000,0.000000,1.000000,0.000000,50.428571,50.000000,78.117119,78.419136,3.000000
2026-06-24T01:53:15.618241627Z,1000,per_hit,raw_percent_of_host,api-node1,api-node2,3,7,10,12.121212,22.857143,12.121212,45.714286,100.000000,50.000000,0.000000,1.000000,0.000000,0.000000,0.000000,1.000000,50.000000,59.000000,77.954240,79.884615,3.000000
2026-06-24T01:53:16.618241382Z,1000,per_hit,raw_percent_of_host,api-node1,api-node2,3,7,10,10.101010,27.619048,10.101010,55.238095,100.000000,50.000000,0.000000,1.000000,0.000000,0.000000,0.000000,1.000000,50.000000,59.285714,81.034124,76.786609,3.000000
2026-06-24T01:53:17.618239494Z,1000,per_hit,raw_percent_of_host,api-node1,api-node2,4,6,10,13.131313,19.230769,13.131313,38.461538,100.000000,50.000000,1.000000,0.000000,0.000000,0.000000,1.000000,0.000000,50.000000,66.285714,78.938785,78.253730,3.000000
2026-06-24T01:53:18.618239158Z,1000,per_hit,raw_percent_of_host,api-node1,api-node2,5,5,10,15.841584,20.202020,15.841584,40.404040,100.000000,50.000000,0.000000,1.000000,0.000000,0.000000,0.000000,1.000000,51.833333,50.000000,78.703137,78.751612,3.000000
2026-06-24T01:53:19.618242096Z,1000,per_hit,raw_percent_of_host,api-node1,api-node2,4,6,10,10.101010,21.904762,10.101010,43.809524,100.000000,50.000000,1.000000,0.000000,0.000000,0.000000,1.000000,0.000000,50.000000,96.857143,78.948740,75.563849,3.000000
2026-06-24T01:53:20.618239319Z,1000,per_hit,raw_percent_of_host,api-node1,api-node2,3,7,10,10.204082,15.094340,10.204082,30.188679,100.000000,50.000000,0.000000,1.000000,0.000000,0.000000,0.000000,1.000000,51.250000,66.833333,78.147979,80.042664,3.000000
2026-06-24T01:53:21.618240043Z,1000,per_hit,raw_percent_of_host,api-node1,api-node2,4,6,10,13.131313,21.904762,13.131313,43.809524,100.000000,50.000000,1.000000,0.000000,0.000000,0.000000,1.000000,0.000000,54.000000,67.142857,79.799587,77.092619,3.000000
2026-06-24T01:53:22.618239343Z,1000,per_hit,raw_percent_of_host,api-node1,api-node2,6,4,10,19.191919,15.151515,19.191919,30.303030,100.000000,50.000000,1.000000,0.000000,0.000000,0.000000,1.000000,0.000000,50.000000,66.500000,78.623476,77.419005,3.000000
2026-06-24T01:53:23.618238856Z,1000,per_hit,raw_percent_of_host,api-node1,api-node2,5,5,10,12.000000,24.242424,12.000000,48.484848,100.000000,50.000000,1.000000,0.000000,0.000000,0.000000,1.000000,0.000000,51.000000,64.400000,78.453150,78.431415,3.000000
2026-06-24T01:53:24.618239577Z,1000,per_hit,raw_percent_of_host,api-node1,api-node2,5,5,10,13.000000,21.212121,13.000000,42.424242,100.000000,50.000000,1.000000,0.000000,0.000000,0.000000,1.000000,0.000000,55.000000,50.000000,78.408797,81.782916,3.000000
2026-06-24T01:53:25.618241768Z,1000,per_hit,raw_percent_of_host,api-node1,api-node2,4,6,10,16.831683,22.857143,16.831683,45.714286,100.000000,50.000000,1.000000,0.000000,0.000000,0.000000,1.000000,0.000000,50.000000,72.666667,78.825763,78.426971,3.000000
2026-06-24T01:53:26.618242048Z,1000,per_hit,raw_percent_of_host,api-node1,api-node2,7,3,10,19.387755,14.423077,19.387755,28.846154,100.000000,50.000000,1.000000,0.000000,0.000000,0.000000,1.000000,0.000000,50.000000,50.000000,78.207352,78.477057,3.000000
2026-06-24T01:53:27.618243791Z,1000,per_hit,raw_percent_of_host,api-node1,api-node2,6,4,10,18.000000,20.202020,18.000000,40.404040,100.000000,50.000000,1.000000,0.000000,0.000000,0.000000,1.000000,0.000000,55.166667,86.000000,78.100177,81.135027,3.000000
2026-06-24T01:53:28.618241401Z,1000,per_hit,raw_percent_of_host,api-node1,api-node2,3,7,10,13.131313,19.230769,13.131313,38.461538,100.000000,50.000000,0.000000,1.000000,0.000000,0.000000,0.000000,1.000000,50.000000,59.000000,78.220074,80.168958,3.000000
2026-06-24T01:53:29.61824018Z,1000,per_hit,raw_percent_of_host,api-node1,api-node2,6,4,10,20.202020,16.000000,20.202020,32.000000,100.000000,50.000000,1.000000,0.000000,0.000000,0.000000,1.000000,0.000000,52.800000,50.000000,80.068176,77.317351,3.000000
2026-06-24T01:53:30.618238996Z,1000,per_hit,raw_percent_of_host,api-node1,api-node2,5,5,10,16.831683,21.000000,16.831683,42.000000,100.000000,50.000000,1.000000,0.000000,0.000000,0.000000,1.000000,0.000000,58.200000,78.800000,78.231104,78.091039,3.000000
2026-06-24T01:53:31.618240391Z,1000,per_hit,raw_percent_of_host,api-node1,api-node2,7,3,10,25.510204,6.666667,25.510204,13.333333,100.000000,50.000000,0.000000,1.000000,0.000000,0.000000,0.000000,1.000000,50.000000,110.000000,78.035191,77.901990,3.000000
2026-06-24T01:53:32.618241405Z,1000,per_hit,raw_percent_of_host,api-node1,api-node2,4,6,10,10.000000,29.292929,10.000000,58.585859,100.000000,50.000000,1.000000,0.000000,0.000000,0.000000,1.000000,0.000000,50.000000,85.000000,78.556119,75.728509,3.000000
2026-06-24T01:53:33.61823949Z,1000,per_hit,raw_percent_of_host,api-node1,api-node2,7,3,10,23.762376,10.101010,23.762376,20.202020,100.000000,50.000000,1.000000,0.000000,0.000000,0.000000,1.000000,0.000000,59.000000,50.000000,77.417899,80.340038,3.000000
2026-06-24T01:53:34.618239793Z,1000,per_hit,raw_percent_of_host,api-node1,api-node2,5,5,10,20.792079,15.151515,20.792079,30.303030,100.000000,50.000000,0.000000,1.000000,0.000000,0.000000,0.000000,1.000000,51.833333,50.000000,78.014731,78.122959,3.000000
2026-06-24T01:53:35.618239654Z,1000,per_hit,raw_percent_of_host,api-node1,api-node2,2,8,10,10.101010,23.809524,10.101010,47.619048,100.000000,50.000000,0.000000,1.000000,0.000000,0.000000,0.000000,1.000000,50.000000,92.000000,80.617771,74.672265,3.000000
2026-06-24T01:53:36.618239071Z,1000,per_hit,raw_percent_of_host,api-node1,api-node2,3,7,10,13.131313,20.202020,13.131313,40.404040,100.000000,50.000000,0.000000,1.000000,0.000000,0.000000,0.000000,1.000000,50.000000,57.142857,80.468092,77.388504,3.000000
2026-06-24T01:53:37.61824055Z,1000,per_hit,raw_percent_of_host,api-node1,api-node2,5,5,10,15.151515,19.811321,15.151515,39.622642,100.000000,50.000000,0.000000,1.000000,0.000000,0.000000,0.000000,1.000000,50.000000,62.000000,78.756654,77.184320,3.000000
2026-06-24T01:53:38.618241182Z,1000,per_hit,raw_percent_of_host,api-node1,api-node2,7,3,10,21.428571,10.101010,21.428571,20.202020,100.000000,50.000000,0.000000,1.000000,0.000000,0.000000,0.000000,1.000000,52.428571,50.000000,77.929975,78.401418,3.000000
2026-06-24T01:53:39.618255626Z,1000,per_hit,raw_percent_of_host,api-node1,api-node2,6,4,10,27.272727,10.101010,27.272727,20.202020,100.000000,50.000000,0.000000,1.000000,0.000000,0.000000,0.000000,1.000000,53.333333,61.750000,78.094070,76.303836,3.000000
2026-06-24T01:53:40.618242156Z,1000,per_hit,raw_percent_of_host,api-node1,api-node2,6,4,10,19.587629,12.380952,19.587629,24.761905,100.000000,50.000000,0.000000,1.000000,0.000000,0.000000,0.000000,1.000000,53.500000,79.000000,77.995318,76.258245,3.000000
2026-06-24T01:53:41.618242652Z,1000,per_hit,raw_percent_of_host,api-node1,api-node2,5,5,10,14.432990,15.238095,14.432990,30.476190,100.000000,50.000000,0.000000,1.000000,0.000000,0.000000,0.000000,1.000000,50.000000,77.200000,78.220904,76.696204,3.000000
2026-06-24T01:53:42.618251194Z,1000,per_hit,raw_percent_of_host,api-node1,api-node2,5,5,10,16.161616,24.242424,16.161616,48.484848,100.000000,50.000000,1.000000,0.000000,0.000000,0.000000,1.000000,0.000000,50.000000,81.833333,78.808922,75.651736,3.000000
2026-06-24T01:53:43.61824012Z,1000,per_hit,raw_percent_of_host,api-node1,api-node2,5,5,10,19.607843,20.202020,19.607843,40.404040,100.000000,50.000000,1.000000,0.000000,0.000000,0.000000,1.000000,0.000000,55.400000,77.600000,77.990774,79.543521,3.000000
2026-06-24T01:53:44.618241089Z,1000,per_hit,raw_percent_of_host,api-node1,api-node2,5,5,10,21.212121,19.191919,21.212121,38.383838,100.000000,50.000000,0.000000,1.000000,0.000000,0.000000,0.000000,1.000000,50.000000,68.000000,78.388046,76.300858,3.000000
2026-06-24T01:53:45.618247617Z,1000,per_hit,raw_percent_of_host,api-node1,api-node2,5,5,10,15.625000,15.151515,15.625000,30.303030,100.000000,50.000000,0.000000,1.000000,0.000000,0.000000,0.000000,1.000000,56.600000,50.000000,77.500679,78.441892,3.000000
2026-06-24T01:53:46.618242478Z,1000,per_hit,raw_percent_of_host,api-node1,api-node2,5,5,10,21.000000,19.191919,21.000000,38.383838,100.000000,50.000000,1.000000,0.000000,0.000000,0.000000,1.000000,0.000000,50.000000,61.500000,80.248551,75.259780,3.000000
2026-06-24T01:53:47.618239458Z,1000,per_hit,raw_percent_of_host,api-node1,api-node2,6,4,10,16.000000,20.588235,16.000000,41.176471,100.000000,50.000000,1.000000,0.000000,0.000000,0.000000,1.000000,0.000000,60.666667,68.250000,78.217059,78.810604,3.000000
2026-06-24T01:53:48.618239596Z,1000,per_hit,raw_percent_of_host,api-node1,api-node2,5,5,10,14.000000,25.252525,14.000000,50.505051,100.000000,50.000000,1.000000,0.000000,0.000000,0.000000,1.000000,0.000000,50.000000,62.800000,78.350919,80.733912,3.000000
2026-06-24T01:53:49.618241389Z,1000,per_hit,raw_percent_of_host,api-node1,api-node2,3,7,10,5.050505,26.666667,5.050505,53.333333,100.000000,50.000000,1.000000,0.000000,0.000000,0.000000,1.000000,0.000000,50.000000,93.857143,78.808196,79.710889,3.000000
2026-06-24T01:53:50.618241899Z,1000,per_hit,raw_percent_of_host,api-node1,api-node2,4,5,9,14.000000,24.489796,14.000000,48.979592,100.000000,50.000000,0.000000,0.000000,0.000000,0.000000,0.000000,0.000000,51.200000,50.000000,78.576886,81.045190,3.000000
2026-06-24T01:53:51.618239071Z,1000,per_hit,raw_percent_of_host,api-node1,api-node2,6,5,11,20.618557,12.962963,20.618557,25.925926,100.000000,50.000000,1.000000,0.000000,0.000000,0.000000,1.000000,0.000000,50.000000,79.000000,78.472575,76.358467,3.000000
2026-06-24T01:53:52.618239908Z,1000,per_hit,raw_percent_of_host,api-node1,api-node2,4,6,10,20.202020,19.191919,20.202020,38.383838,100.000000,50.000000,0.000000,1.000000,0.000000,0.000000,0.000000,1.000000,50.000000,77.800000,78.341168,75.675033,3.000000
2026-06-24T01:53:53.618240705Z,1000,per_hit,raw_percent_of_host,api-node1,api-node2,4,6,10,12.000000,24.242424,12.000000,48.484848,100.000000,50.000000,1.000000,0.000000,0.000000,0.000000,1.000000,0.000000,52.000000,69.285714,80.646326,77.310442,3.000000
2026-06-24T01:53:54.618238865Z,1000,per_hit,raw_percent_of_host,api-node1,api-node2,4,6,10,14.141414,23.584906,14.141414,47.169811,100.000000,50.000000,1.000000,0.000000,0.000000,0.000000,1.000000,0.000000,50.750000,58.833333,78.810357,78.611341,3.000000
2026-06-24T01:53:55.61824111Z,1000,per_hit,raw_percent_of_host,api-node1,api-node2,7,3,10,21.428571,11.000000,21.428571,22.000000,100.000000,50.000000,0.000000,1.000000,0.000000,0.000000,0.000000,1.000000,50.500000,50.000000,78.161767,78.426903,3.000000
2026-06-24T01:53:56.618239884Z,1000,per_hit,raw_percent_of_host,api-node1,api-node2,5,5,10,24.000000,15.000000,24.000000,30.000000,100.000000,50.000000,0.000000,1.000000,0.000000,0.000000,0.000000,1.000000,50.000000,62.200000,78.059124,77.592135,3.000000
2026-06-24T01:53:57.618239963Z,1000,per_hit,raw_percent_of_host,api-node1,api-node2,7,3,10,22.222222,5.050505,22.222222,10.101010,100.000000,50.000000,0.000000,1.000000,0.000000,0.000000,0.000000,1.000000,54.142857,50.000000,77.996952,77.652796,3.000000
2026-06-24T01:53:58.618241469Z,1000,per_hit,raw_percent_of_host,api-node1,api-node2,5,5,10,19.000000,19.047619,19.000000,38.095238,100.000000,50.000000,1.000000,0.000000,0.000000,0.000000,1.000000,0.000000,50.000000,60.833333,80.231172,77.759474,3.000000
2026-06-24T01:53:59.618239039Z,1000,per_hit,raw_percent_of_host,api-node1,api-node2,8,2,10,21.212121,10.101010,21.212121,20.202020,100.000000,50.000000,1.000000,0.000000,0.000000,0.000000,1.000000,0.000000,54.125000,50.000000,78.118824,78.359031,3.000000
2026-06-24T01:54:00.618240715Z,1000,per_hit,raw_percent_of_host,api-node1,api-node2,8,2,10,24.000000,10.891089,24.000000,21.782178,100.000000,50.000000,1.000000,0.000000,0.000000,0.000000,1.000000,0.000000,52.625000,50.000000,77.627495,80.825850,3.000000
2026-06-24T01:54:01.618239356Z,1000,per_hit,raw_percent_of_host,api-node1,api-node2,5,5,10,23.232323,14.285714,23.232323,28.571429,100.000000,50.000000,0.000000,1.000000,0.000000,0.000000,0.000000,1.000000,50.000000,63.500000,77.595329,80.346770,3.000000
2026-06-24T01:54:02.618239344Z,1000,per_hit,raw_percent_of_host,api-node1,api-node2,6,4,10,27.272727,10.101010,27.272727,20.202020,100.000000,50.000000,0.000000,1.000000,0.000000,0.000000,0.000000,1.000000,52.500000,50.000000,78.835703,77.102393,3.000000
2026-06-24T01:54:03.618241206Z,1000,per_hit,raw_percent_of_host,api-node1,api-node2,7,3,10,24.242424,12.380952,24.242424,24.761905,100.000000,50.000000,1.000000,0.000000,0.000000,0.000000,1.000000,0.000000,50.000000,79.750000,79.274565,76.086628,3.000000
2026-06-24T01:54:04.618242591Z,1000,per_hit,raw_percent_of_host,api-node1,api-node2,7,3,10,21.782178,15.841584,21.782178,31.683168,100.000000,50.000000,1.000000,0.000000,0.000000,0.000000,1.000000,0.000000,51.571429,50.000000,77.684155,79.759260,3.000000
2026-06-24T01:54:05.618238549Z,1000,per_hit,raw_percent_of_host,api-node1,api-node2,5,5,10,13.131313,19.811321,13.131313,39.622642,100.000000,50.000000,1.000000,0.000000,0.000000,0.000000,1.000000,0.000000,50.000000,76.200000,78.130384,80.442265,3.000000
2026-06-24T01:54:06.618238959Z,1000,per_hit,raw_percent_of_host,api-node1,api-node2,3,7,10,8.080808,22.857143,8.080808,45.714286,100.000000,50.000000,1.000000,0.000000,0.000000,0.000000,1.000000,0.000000,50.000000,77.285714,78.613149,80.280880,3.000000
2026-06-24T01:54:07.618242386Z,1000,per_hit,raw_percent_of_host,api-node1,api-node2,5,5,10,18.181818,20.792079,18.181818,41.584158,100.000000,50.000000,0.000000,1.000000,0.000000,0.000000,0.000000,1.000000,50.000000,50.000000,78.744950,78.912876,3.000000
2026-06-24T01:54:08.618239397Z,1000,per_hit,raw_percent_of_host,api-node1,api-node2,8,2,10,22.916667,10.101010,22.916667,20.202020,100.000000,50.000000,1.000000,0.000000,0.000000,0.000000,1.000000,0.000000,50.000000,50.000000,77.742158,78.500815,3.000000
2026-06-24T01:54:09.618239581Z,1000,per_hit,raw_percent_of_host,api-node1,api-node2,5,5,10,19.387755,15.151515,19.387755,30.303030,100.000000,50.000000,0.000000,1.000000,0.000000,0.000000,0.000000,1.000000,52.833333,50.000000,77.738841,80.905267,3.000000
2026-06-24T01:54:10.618241891Z,1000,per_hit,raw_percent_of_host,api-node1,api-node2,5,5,10,23.232323,13.207547,23.232323,26.415094,100.000000,50.000000,0.000000,1.000000,0.000000,0.000000,0.000000,1.000000,50.000000,60.600000,79.156971,76.742591,3.000000
2026-06-24T01:54:11.618241156Z,1000,per_hit,raw_percent_of_host,api-node1,api-node2,4,6,10,12.000000,25.000000,12.000000,50.000000,100.000000,50.000000,1.000000,0.000000,0.000000,0.000000,1.000000,0.000000,55.333333,50.000000,80.839015,77.430261,3.000000
2026-06-24T01:54:12.618239978Z,1000,per_hit,raw_percent_of_host,api-node1,api-node2,6,4,10,19.387755,14.285714,19.387755,28.571429,100.000000,50.000000,0.000000,1.000000,0.000000,0.000000,0.000000,1.000000,50.000000,50.000000,78.381652,78.514556,3.000000
2026-06-24T01:54:13.618240254Z,1000,per_hit,raw_percent_of_host,api-node1,api-node2,5,5,10,15.306122,18.367347,15.306122,36.734694,100.000000,50.000000,1.000000,0.000000,0.000000,0.000000,1.000000,0.000000,62.000000,82.000000,78.565390,76.521959,3.000000
2026-06-24T01:54:14.618241258Z,1000,per_hit,raw_percent_of_host,api-node1,api-node2,4,6,10,13.000000,22.641509,13.000000,45.283019,100.000000,50.000000,0.000000,1.000000,0.000000,0.000000,0.000000,1.000000,50.000000,75.000000,78.725660,77.592904,3.000000
2026-06-24T01:54:15.618239953Z,1000,per_hit,raw_percent_of_host,api-node1,api-node2,5,5,10,17.000000,20.000000,17.000000,40.000000,100.000000,50.000000,1.000000,0.000000,0.000000,0.000000,1.000000,0.000000,55.250000,83.166667,78.805528,76.882941,3.000000
2026-06-24T01:54:16.618241844Z,1000,per_hit,raw_percent_of_host,api-node1,api-node2,4,6,10,14.851485,22.641509,14.851485,45.283019,100.000000,50.000000,1.000000,0.000000,0.000000,0.000000,1.000000,0.000000,53.750000,78.166667,78.427756,77.024927,3.000000
2026-06-24T01:54:17.618239718Z,1000,per_hit,raw_percent_of_host,api-node1,api-node2,5,5,10,15.151515,20.952381,15.151515,41.904762,100.000000,50.000000,1.000000,0.000000,0.000000,0.000000,1.000000,0.000000,50.000000,73.600000,78.829118,78.181632,3.000000
2026-06-24T01:54:18.618239058Z,1000,per_hit,raw_percent_of_host,api-node1,api-node2,6,4,10,24.000000,12.380952,24.000000,24.761905,100.000000,50.000000,0.000000,1.000000,0.000000,0.000000,0.000000,1.000000,50.000000,67.000000,77.948282,79.533355,3.000000
2026-06-24T01:54:19.618241534Z,1000,per_hit,raw_percent_of_host,api-node1,api-node2,6,4,10,25.000000,10.000000,25.000000,20.000000,100.000000,50.000000,0.000000,1.000000,0.000000,0.000000,0.000000,1.000000,50.833333,50.000000,77.837489,77.639035,3.000000
2026-06-24T01:54:20.618239448Z,1000,per_hit,raw_percent_of_host,api-node1,api-node2,7,3,10,19.191919,15.306122,19.191919,30.612245,100.000000,50.000000,1.000000,0.000000,0.000000,0.000000,1.000000,0.000000,50.666667,50.000000,79.592237,77.092448,3.000000
2026-06-24T01:54:21.61823964Z,1000,per_hit,raw_percent_of_host,api-node1,api-node2,6,4,10,14.851485,20.202020,14.851485,40.404040,100.000000,50.000000,1.000000,0.000000,0.000000,0.000000,1.000000,0.000000,53.166667,50.000000,78.137727,81.309910,3.000000
2026-06-24T01:54:22.618240232Z,1000,per_hit,raw_percent_of_host,api-node1,api-node2,2,8,10,3.061224,23.809524,3.061224,47.619048,100.000000,50.000000,1.000000,0.000000,0.000000,0.000000,1.000000,0.000000,50.000000,71.125000,78.915054,81.089574,3.000000
2026-06-24T01:54:23.618240245Z,1000,per_hit,raw_percent_of_host,api-node1,api-node2,6,4,10,24.000000,14.285714,24.000000,28.571429,100.000000,50.000000,0.000000,1.000000,0.000000,0.000000,0.000000,1.000000,50.000000,50.000000,78.884155,78.266631,3.000000
2026-06-24T01:54:24.618239968Z,1000,per_hit,raw_percent_of_host,api-node1,api-node2,4,6,10,15.000000,20.202020,15.000000,40.404040,100.000000,50.000000,0.000000,1.000000,0.000000,0.000000,0.000000,1.000000,50.500000,50.000000,78.254775,78.188343,3.000000
2026-06-24T01:54:25.618239659Z,1000,per_hit,raw_percent_of_host,api-node1,api-node2,8,2,10,21.000000,12.000000,21.000000,24.000000,100.000000,50.000000,1.000000,0.000000,0.000000,0.000000,1.000000,0.000000,53.142857,50.000000,79.967069,77.444221,3.000000
2026-06-24T01:54:26.618241806Z,1000,per_hit,raw_percent_of_host,api-node1,api-node2,6,4,10,18.181818,18.181818,18.181818,36.363636,100.000000,50.000000,1.000000,0.000000,0.000000,0.000000,1.000000,0.000000,50.000000,62.500000,77.982901,80.242983,3.000000
2026-06-24T01:54:27.618258269Z,1000,per_hit,raw_percent_of_host,api-node1,api-node2,6,4,10,23.232323,14.141414,23.232323,28.282828,100.000000,50.000000,0.000000,1.000000,0.000000,0.000000,0.000000,1.000000,50.000000,70.333333,77.871997,79.474240,3.000000
2026-06-24T01:54:28.618240754Z,1000,per_hit,raw_percent_of_host,api-node1,api-node2,3,7,10,15.151515,18.095238,15.151515,36.190476,100.000000,50.000000,0.000000,1.000000,0.000000,0.000000,0.000000,1.000000,50.000000,86.142857,78.370414,75.492822,3.000000
2026-06-24T01:54:29.618239284Z,1000,per_hit,raw_percent_of_host,api-node1,api-node2,3,7,10,8.000000,22.115385,8.000000,44.230769,100.000000,50.000000,0.000000,1.000000,0.000000,0.000000,0.000000,1.000000,50.000000,76.428571,80.449504,76.491429,3.000000
2026-06-24T01:54:30.618239063Z,1000,per_hit,raw_percent_of_host,api-node1,api-node2,6,4,10,21.212121,15.000000,21.212121,30.000000,100.000000,50.000000,1.000000,0.000000,0.000000,0.000000,1.000000,0.000000,50.600000,64.200000,78.737614,76.456349,3.000000
2026-06-24T01:54:31.618242498Z,1000,per_hit,raw_percent_of_host,api-node1,api-node2,3,7,10,15.000000,22.222222,15.000000,44.444444,100.000000,50.000000,0.000000,1.000000,0.000000,0.000000,0.000000,1.000000,50.250000,69.333333,78.531365,78.204282,3.000000
2026-06-24T01:54:32.618239235Z,1000,per_hit,raw_percent_of_host,api-node1,api-node2,7,3,10,25.510204,9.090909,25.510204,18.181818,100.000000,50.000000,0.000000,1.000000,0.000000,0.000000,0.000000,1.000000,50.000000,67.333333,78.242264,77.082928,3.000000
2026-06-24T01:54:33.618238508Z,1000,per_hit,raw_percent_of_host,api-node1,api-node2,3,7,10,16.000000,23.232323,16.000000,46.464646,100.000000,50.000000,0.000000,1.000000,0.000000,0.000000,0.000000,1.000000,51.000000,77.428571,78.319411,77.869683,3.000000
2026-06-24T01:54:34.618239739Z,1000,per_hit,raw_percent_of_host,api-node1,api-node2,6,4,10,20.202020,17.924528,20.202020,35.849057,100.000000,50.000000,1.000000,0.000000,0.000000,0.000000,1.000000,0.000000,50.000000,75.800000,81.006803,75.412124,3.000000
2026-06-24T01:54:35.618242815Z,1000,per_hit,raw_percent_of_host,api-node1,api-node2,4,6,10,9.278351,17.142857,9.278351,34.285714,100.000000,50.000000,1.000000,0.000000,0.000000,0.000000,1.000000,0.000000,50.000000,77.500000,77.939702,80.834539,3.000000
2026-06-24T01:54:36.618239667Z,1000,per_hit,raw_percent_of_host,api-node1,api-node2,5,5,10,18.000000,19.387755,18.000000,38.775510,100.000000,50.000000,1.000000,0.000000,0.000000,0.000000,1.000000,0.000000,50.000000,50.000000,78.781599,78.572212,3.000000
2026-06-24T01:54:37.618240734Z,1000,per_hit,raw_percent_of_host,api-node1,api-node2,7,3,10,24.742268,8.571429,24.742268,17.142857,100.000000,50.000000,0.000000,1.000000,0.000000,0.000000,0.000000,1.000000,50.000000,81.000000,77.781670,77.545369,3.000000
2026-06-24T01:54:38.618239153Z,1000,per_hit,raw_percent_of_host,api-node1,api-node2,6,4,10,18.181818,21.000000,18.181818,42.000000,100.000000,50.000000,1.000000,0.000000,0.000000,0.000000,1.000000,0.000000,50.000000,50.000000,78.163969,78.597557,3.000000
2026-06-24T01:54:39.61824464Z,1000,per_hit,raw_percent_of_host,api-node1,api-node2,6,4,10,24.000000,14.285714,24.000000,28.571429,100.000000,50.000000,1.000000,0.000000,0.000000,0.000000,1.000000,0.000000,50.000000,65.750000,77.653243,79.737543,3.000000
2026-06-24T01:54:40.618242188Z,1000,per_hit,raw_percent_of_host,api-node1,api-node2,7,3,10,20.618557,15.000000,20.618557,30.000000,100.000000,50.000000,1.000000,0.000000,0.000000,0.000000,1.000000,0.000000,51.857143,66.000000,77.861832,77.356430,3.000000
2026-06-24T01:54:41.6182413Z,1000,per_hit,raw_percent_of_host,api-node1,api-node2,5,5,10,21.000000,15.151515,21.000000,30.303030,100.000000,50.000000,0.000000,1.000000,0.000000,0.000000,0.000000,1.000000,54.166667,50.000000,77.603753,80.220036,3.000000
2026-06-24T01:54:42.61824269Z,1000,per_hit,raw_percent_of_host,api-node1,api-node2,6,4,10,20.408163,14.000000,20.408163,28.000000,100.000000,50.000000,0.000000,1.000000,0.000000,0.000000,0.000000,1.000000,50.000000,63.250000,77.998590,76.439760,3.000000
2026-06-24T01:54:43.618241448Z,1000,per_hit,raw_percent_of_host,api-node1,api-node2,6,4,10,20.202020,15.238095,20.202020,30.476190,100.000000,50.000000,1.000000,0.000000,0.000000,0.000000,1.000000,0.000000,50.000000,99.400000,78.354161,75.042901,3.000000
2026-06-24T01:54:44.618239056Z,1000,per_hit,raw_percent_of_host,api-node1,api-node2,3,7,10,13.131313,23.809524,13.131313,47.619048,100.000000,50.000000,0.000000,1.000000,0.000000,0.000000,0.000000,1.000000,50.000000,59.333333,78.205060,79.148784,3.000000
2026-06-24T01:54:45.618241463Z,1000,per_hit,raw_percent_of_host,api-node1,api-node2,7,3,10,24.752475,10.101010,24.752475,20.202020,100.000000,50.000000,0.000000,1.000000,0.000000,0.000000,0.000000,1.000000,50.285714,50.000000,78.385998,77.596724,3.000000
2026-06-24T01:54:46.618239971Z,1000,per_hit,raw_percent_of_host,api-node1,api-node2,5,5,10,19.000000,19.801980,19.000000,39.603960,100.000000,50.000000,1.000000,0.000000,0.000000,0.000000,1.000000,0.000000,50.000000,58.500000,78.128778,78.102301,3.000000
2026-06-24T01:54:47.618240453Z,1000,per_hit,raw_percent_of_host,api-node1,api-node2,7,3,10,26.000000,6.000000,26.000000,12.000000,100.000000,50.000000,0.000000,1.000000,0.000000,0.000000,0.000000,1.000000,54.125000,50.000000,77.810685,78.760661,3.000000
2026-06-24T01:54:48.618240958Z,1000,per_hit,raw_percent_of_host,api-node1,api-node2,9,1,10,26.262626,5.050505,26.262626,10.101010,100.000000,50.000000,1.000000,0.000000,0.000000,0.000000,1.000000,0.000000,53.375000,50.000000,79.097115,77.951499,3.000000
2026-06-24T01:54:49.618245101Z,1000,per_hit,raw_percent_of_host,api-node1,api-node2,4,6,10,5.102041,20.560748,5.102041,41.121495,100.000000,50.000000,1.000000,0.000000,0.000000,0.000000,1.000000,0.000000,50.000000,81.500000,77.669460,80.573852,3.000000
2026-06-24T01:54:50.618242051Z,1000,per_hit,raw_percent_of_host,api-node1,api-node2,4,6,10,20.792079,21.153846,20.792079,42.307692,100.000000,50.000000,0.000000,1.000000,0.000000,0.000000,0.000000,1.000000,50.000000,76.200000,78.527053,80.117709,3.000000
2026-06-24T01:54:51.618239086Z,1000,per_hit,raw_percent_of_host,api-node1,api-node2,6,4,10,20.202020,16.000000,20.202020,32.000000,100.000000,50.000000,0.000000,1.000000,0.000000,0.000000,0.000000,1.000000,51.000000,50.000000,79.768088,77.891590,3.000000
2026-06-24T01:54:52.618244344Z,1000,per_hit,raw_percent_of_host,api-node1,api-node2,6,3,9,17.346939,11.000000,17.346939,22.000000,100.000000,50.000000,0.000000,0.000000,0.000000,0.000000,0.000000,0.000000,54.333333,50.000000,77.958811,78.115743,3.000000
2026-06-24T01:54:53.618239443Z,1000,per_hit,raw_percent_of_host,api-node1,api-node2,7,4,11,22.222222,15.151515,22.222222,30.303030,100.000000,50.000000,1.000000,0.000000,0.000000,0.000000,1.000000,0.000000,54.833333,50.000000,78.022467,77.906214,3.000000
2026-06-24T01:54:54.618248389Z,1000,per_hit,raw_percent_of_host,api-node1,api-node2,6,4,10,21.649485,10.101010,21.649485,20.202020,100.000000,50.000000,0.000000,1.000000,0.000000,0.000000,0.000000,1.000000,54.428571,67.000000,77.594670,78.122959,3.000000
2026-06-24T01:54:55.618243775Z,1000,per_hit,raw_percent_of_host,api-node1,api-node2,5,5,10,22.772277,40.860215,22.772277,81.720430,100.000000,50.000000,0.000000,1.000000,0.000000,0.000000,0.000000,1.000000,54.600000,50.000000,79.220745,74.498981,3.000000
2026-06-24T01:54:56.618243233Z,1000,per_hit,raw_percent_of_host,api-node1,api-node2,6,4,10,16.161616,15.151515,16.161616,30.303030,100.000000,50.000000,0.000000,1.000000,0.000000,0.000000,0.000000,1.000000,55.000000,50.000000,79.486772,73.803225,3.000000
2026-06-24T01:54:57.618253182Z,1000,per_hit,raw_percent_of_host,api-node1,api-node2,4,6,10,14.141414,17.142857,14.141414,34.285714,100.000000,50.000000,0.000000,1.000000,0.000000,0.000000,0.000000,1.000000,50.000000,78.833333,78.717633,77.323666,3.000000
2026-06-24T01:54:58.618238705Z,1000,per_hit,raw_percent_of_host,api-node1,api-node2,5,5,10,18.181818,17.142857,18.181818,34.285714,100.000000,50.000000,0.000000,1.000000,0.000000,0.000000,0.000000,1.000000,50.200000,74.600000,78.629500,77.523051,3.000000
2026-06-24T01:54:59.618243049Z,1000,per_hit,raw_percent_of_host,api-node1,api-node2,5,5,10,20.202020,15.151515,20.202020,30.303030,100.000000,50.000000,0.000000,1.000000,0.000000,0.000000,0.000000,1.000000,50.800000,50.000000,78.327170,78.264869,3.000000
2026-06-24T01:55:00.618249421Z,1000,per_hit,raw_percent_of_host,api-node1,api-node2,5,5,10,22.222222,15.151515,22.222222,30.303030,100.000000,50.000000,0.000000,1.000000,0.000000,0.000000,0.000000,1.000000,56.600000,50.000000,79.421793,77.305434,3.000000
2026-06-24T01:55:01.618241817Z,1000,per_hit,raw_percent_of_host,api-node1,api-node2,4,6,10,19.387755,21.782178,19.387755,43.564356,100.000000,50.000000,0.000000,1.000000,0.000000,0.000000,0.000000,1.000000,50.000000,50.000000,79.046013,77.226168,3.000000
2026-06-24T01:55:02.618241799Z,1000,per_hit,raw_percent_of_host,api-node1,api-node2,6,4,10,20.618557,15.306122,20.618557,30.612245,100.000000,50.000000,1.000000,0.000000,0.000000,0.000000,1.000000,0.000000,50.000000,50.000000,78.179659,77.760005,3.000000
2026-06-24T01:55:03.618240288Z,1000,per_hit,raw_percent_of_host,api-node1,api-node2,9,1,10,23.711340,5.050505,23.711340,10.101010,100.000000,50.000000,1.000000,0.000000,0.000000,0.000000,1.000000,0.000000,51.222222,50.000000,77.638238,78.339693,3.000000
2026-06-24T01:55:04.61825714Z,1000,per_hit,raw_percent_of_host,api-node1,api-node2,5,5,10,15.306122,19.811321,15.306122,39.622642,100.000000,50.000000,1.000000,0.000000,0.000000,0.000000,1.000000,0.000000,50.000000,110.600000,78.134451,79.546540,3.000000
2026-06-24T01:55:05.618240376Z,1000,per_hit,raw_percent_of_host,api-node1,api-node2,6,4,10,18.000000,20.202020,18.000000,40.404040,100.000000,50.000000,1.000000,0.000000,0.000000,0.000000,1.000000,0.000000,50.000000,60.750000,78.226943,80.727277,3.000000
2026-06-24T01:55:06.618241337Z,1000,per_hit,raw_percent_of_host,api-node1,api-node2,7,3,10,20.618557,10.377358,20.618557,20.754717,100.000000,50.000000,1.000000,0.000000,0.000000,0.000000,1.000000,0.000000,50.857143,83.333333,77.510727,79.395638,3.000000
2026-06-24T01:55:07.618243175Z,1000,per_hit,raw_percent_of_host,api-node1,api-node2,7,3,10,25.000000,10.101010,25.000000,20.202020,100.000000,50.000000,1.000000,0.000000,0.000000,0.000000,1.000000,0.000000,52.571429,50.000000,77.563928,80.078481,3.000000
2026-06-24T01:55:08.618243873Z,1000,per_hit,raw_percent_of_host,api-node1,api-node2,3,7,10,4.081633,28.037383,4.081633,56.074766,100.000000,50.000000,1.000000,0.000000,0.000000,0.000000,1.000000,0.000000,50.000000,104.428571,78.722880,77.255722,3.000000
2026-06-24T01:55:09.618243008Z,1000,per_hit,raw_percent_of_host,api-node1,api-node2,6,4,10,15.151515,20.202020,15.151515,40.404040,100.000000,50.000000,1.000000,0.000000,0.000000,0.000000,1.000000,0.000000,54.000000,50.000000,78.627783,80.772932,3.000000
2026-06-24T01:55:10.618240277Z,1000,per_hit,raw_percent_of_host,api-node1,api-node2,3,7,10,10.101010,26.666667,10.101010,53.333333,100.000000,50.000000,0.000000,1.000000,0.000000,0.000000,0.000000,1.000000,50.000000,101.166667,78.665570,79.600822,3.000000
2026-06-24T01:55:11.618240722Z,1000,per_hit,raw_percent_of_host,api-node1,api-node2,8,2,10,24.242424,8.163265,24.242424,16.326531,100.000000,50.000000,1.000000,0.000000,0.000000,0.000000,1.000000,0.000000,55.142857,94.000000,78.396778,75.200575,3.000000
2026-06-24T01:55:12.618240591Z,1000,per_hit,raw_percent_of_host,api-node1,api-node2,3,7,10,13.861386,20.754717,13.861386,41.509434,100.000000,50.000000,0.000000,1.000000,0.000000,0.000000,0.000000,1.000000,52.000000,68.000000,77.855281,80.128119,3.000000
2026-06-24T01:55:13.618241833Z,1000,per_hit,raw_percent_of_host,api-node1,api-node2,6,4,10,20.618557,9.523810,20.618557,19.047619,100.000000,50.000000,0.000000,1.000000,0.000000,0.000000,0.000000,1.000000,53.666667,50.000000,78.232189,77.583108,3.000000
2026-06-24T01:55:14.618239155Z,1000,per_hit,raw_percent_of_host,api-node1,api-node2,7,3,10,25.252525,10.204082,25.252525,20.408163,100.000000,50.000000,0.000000,1.000000,0.000000,0.000000,0.000000,1.000000,50.714286,50.333333,79.442872,76.859832,3.000000
2026-06-24T01:55:15.618242172Z,1000,per_hit,raw_percent_of_host,api-node1,api-node2,4,6,10,14.141414,18.269231,14.141414,36.538462,100.000000,50.000000,1.000000,0.000000,0.000000,0.000000,1.000000,0.000000,50.000000,64.571429,78.320003,77.901661,3.000000
2026-06-24T01:55:16.618239945Z,1000,per_hit,raw_percent_of_host,api-node1,api-node2,5,5,10,18.000000,15.151515,18.000000,30.303030,100.000000,50.000000,0.000000,1.000000,0.000000,0.000000,0.000000,1.000000,56.666667,50.000000,78.274309,78.158149,3.000000
2026-06-24T01:55:17.618242669Z,1000,per_hit,raw_percent_of_host,api-node1,api-node2,6,4,10,21.428571,10.101010,21.428571,20.202020,100.000000,50.000000,0.000000,1.000000,0.000000,0.000000,0.000000,1.000000,54.666667,62.750000,77.784826,76.697919,3.000000
2026-06-24T01:55:18.618239507Z,1000,per_hit,raw_percent_of_host,api-node1,api-node2,6,4,10,22.222222,15.151515,22.222222,30.303030,100.000000,50.000000,1.000000,0.000000,0.000000,0.000000,1.000000,0.000000,54.000000,50.000000,79.359615,77.069556,3.000000
2026-06-24T01:55:19.618239127Z,1000,per_hit,raw_percent_of_host,api-node1,api-node2,6,4,10,18.367347,16.000000,18.367347,32.000000,100.000000,50.000000,0.000000,1.000000,0.000000,0.000000,0.000000,1.000000,51.571429,50.000000,77.730294,78.061265,3.000000
2026-06-24T01:55:20.618239048Z,1000,per_hit,raw_percent_of_host,api-node1,api-node2,3,7,10,9.183673,29.292929,9.183673,58.585859,100.000000,50.000000,1.000000,0.000000,0.000000,0.000000,1.000000,0.000000,50.000000,74.375000,78.829715,77.709236,3.000000
2026-06-24T01:55:21.618242904Z,1000,per_hit,raw_percent_of_host,api-node1,api-node2,6,4,10,22.222222,15.094340,22.222222,30.188679,100.000000,50.000000,0.000000,1.000000,0.000000,0.000000,0.000000,1.000000,54.714286,50.000000,78.435517,77.997324,3.000000
2026-06-24T01:55:22.618241452Z,1000,per_hit,raw_percent_of_host,api-node1,api-node2,4,6,10,14.285714,19.047619,14.285714,38.095238,100.000000,50.000000,1.000000,0.000000,0.000000,0.000000,1.000000,0.000000,50.000000,92.428571,78.549565,76.100877,3.000000
2026-06-24T01:55:23.618239814Z,1000,per_hit,raw_percent_of_host,api-node1,api-node2,4,5,9,13.131313,23.076923,13.131313,46.153846,100.000000,50.000000,0.000000,0.000000,0.000000,0.000000,0.000000,0.000000,50.000000,61.800000,78.861211,77.824180,3.000000
2026-06-24T01:55:24.618238963Z,1000,per_hit,raw_percent_of_host,api-node1,api-node2,5,5,10,25.252525,16.000000,25.252525,32.000000,100.000000,50.000000,0.000000,1.000000,0.000000,0.000000,0.000000,1.000000,50.000000,50.000000,78.353081,80.493822,3.000000
2026-06-24T01:55:25.618239128Z,1000,per_hit,raw_percent_of_host,api-node1,api-node2,3,7,10,8.080808,23.809524,8.080808,47.619048,100.000000,50.000000,0.000000,0.000000,0.000000,0.000000,0.000000,0.000000,50.000000,73.000000,79.211621,77.060955,3.000000
2026-06-24T01:55:26.618243281Z,1000,per_hit,raw_percent_of_host,api-node1,api-node2,6,4,10,21.212121,15.151515,21.212121,30.303030,100.000000,50.000000,0.000000,0.000000,0.000000,0.000000,0.000000,0.000000,54.166667,50.000000,78.410400,80.393244,3.000000
2026-06-24T01:55:27.618242205Z,1000,per_hit,raw_percent_of_host,api-node1,api-node2,6,4,10,21.276596,11.000000,21.276596,22.000000,100.000000,50.000000,0.000000,0.000000,0.000000,0.000000,0.000000,0.000000,54.500000,61.000000,77.495268,75.706770,3.000000
2026-06-24T01:55:28.618239937Z,1000,per_hit,raw_percent_of_host,api-node1,api-node2,5,5,10,19.000000,18.095238,19.000000,36.190476,100.000000,50.000000,0.000000,0.000000,0.000000,0.000000,0.000000,0.000000,50.000000,69.200000,78.931376,74.949997,3.000000
2026-06-24T01:55:29.61824261Z,1000,per_hit,raw_percent_of_host,api-node1,api-node2,3,7,10,13.131313,22.857143,13.131313,45.714286,100.000000,50.000000,0.000000,0.000000,0.000000,0.000000,0.000000,0.000000,50.000000,76.000000,78.521967,76.909711,3.000000
2026-06-24T01:55:30.618248931Z,1000,per_hit,raw_percent_of_host,api-node1,api-node2,3,7,10,13.131313,19.047619,13.131313,38.095238,100.000000,50.000000,0.000000,0.000000,0.000000,0.000000,0.000000,0.000000,50.000000,67.285714,79.898334,77.207648,3.000000
2026-06-24T01:55:31.61824294Z,1000,per_hit,raw_percent_of_host,api-node1,api-node2,6,4,10,18.181818,17.307692,18.181818,34.615385,100.000000,50.000000,0.000000,0.000000,0.000000,0.000000,0.000000,0.000000,50.000000,81.250000,78.702583,77.783009,3.000000
2026-06-24T01:55:32.61823972Z,1000,per_hit,raw_percent_of_host,api-node1,api-node2,4,6,10,15.306122,18.867925,15.306122,37.735849,100.000000,50.000000,0.000000,0.000000,0.000000,0.000000,0.000000,0.000000,50.000000,59.833333,78.208554,77.633558,3.000000
2026-06-24T01:55:33.61824551Z,1000,per_hit,raw_percent_of_host,api-node1,api-node2,6,4,10,24.000000,13.461538,24.000000,26.923077,100.000000,50.000000,0.000000,0.000000,0.000000,0.000000,0.000000,0.000000,50.000000,65.250000,80.039431,76.484055,3.000000
2026-06-24T01:55:34.618239987Z,1000,per_hit,raw_percent_of_host,api-node1,api-node2,4,6,10,13.131313,19.811321,13.131313,39.622642,100.000000,50.000000,0.000000,0.000000,0.000000,0.000000,0.000000,0.000000,50.000000,78.500000,78.102448,76.442039,3.000000
2026-06-24T01:55:35.61823985Z,1000,per_hit,raw_percent_of_host,api-node1,api-node2,8,2,10,17.346939,10.101010,17.346939,20.202020,100.000000,50.000000,0.000000,0.000000,0.000000,0.000000,0.000000,0.000000,53.000000,75.000000,77.981687,79.674043,3.000000
2026-06-24T01:55:36.618239075Z,1000,per_hit,raw_percent_of_host,api-node1,api-node2,3,7,10,5.050505,26.415094,5.050505,52.830189,100.000000,50.000000,0.000000,0.000000,0.000000,0.000000,0.000000,0.000000,50.000000,109.142857,78.514757,79.246733,3.000000
2026-06-24T01:55:37.618239005Z,1000,per_hit,raw_percent_of_host,api-node1,api-node2,2,8,10,5.050505,22.857143,5.050505,45.714286,100.000000,50.000000,0.000000,0.000000,0.000000,0.000000,0.000000,0.000000,50.000000,99.875000,78.954755,78.562402,3.000000
2026-06-24T01:55:38.618240672Z,1000,per_hit,raw_percent_of_host,api-node1,api-node2,7,3,10,26.530612,5.050505,26.530612,10.101010,100.000000,50.000000,0.000000,0.000000,0.000000,0.000000,0.000000,0.000000,53.857143,65.666667,80.391054,77.428006,3.000000
2026-06-24T01:55:39.618239916Z,1000,per_hit,raw_percent_of_host,api-node1,api-node2,2,8,10,4.000000,24.528302,4.000000,49.056604,100.000000,50.000000,0.000000,0.000000,0.000000,0.000000,0.000000,0.000000,50.000000,81.875000,78.359509,78.260658,3.000000
2026-06-24T01:55:40.61823959Z,1000,per_hit,raw_percent_of_host,api-node1,api-node2,6,4,10,12.765957,14.285714,12.765957,28.571429,100.000000,50.000000,0.000000,0.000000,0.000000,0.000000,0.000000,0.000000,50.000000,98.500000,79.059375,78.284244,3.000000
2026-06-24T01:55:41.61824286Z,1000,per_hit,raw_percent_of_host,api-node1,api-node2,3,7,10,9.278351,18.095238,9.278351,36.190476,100.000000,50.000000,0.000000,0.000000,0.000000,0.000000,0.000000,0.000000,50.000000,82.571429,78.634256,76.257746,3.000000
2026-06-24T01:55:42.618239888Z,1000,per_hit,raw_percent_of_host,api-node1,api-node2,6,4,10,15.463918,17.142857,15.463918,34.285714,100.000000,50.000000,0.000000,0.000000,0.000000,0.000000,0.000000,0.000000,50.000000,80.250000,78.733025,78.139705,3.000000
2026-06-24T01:55:43.618239197Z,1000,per_hit,raw_percent_of_host,api-node1,api-node2,3,7,10,13.131313,25.000000,13.131313,50.000000,100.000000,50.000000,0.000000,0.000000,0.000000,0.000000,0.000000,0.000000,50.000000,63.714286,78.608818,76.948567,3.000000
2026-06-24T01:55:44.618242633Z,1000,per_hit,raw_percent_of_host,api-node1,api-node2,6,4,10,22.222222,15.151515,22.222222,30.303030,100.000000,50.000000,0.000000,0.000000,0.000000,0.000000,0.000000,0.000000,61.333333,96.250000,80.848936,75.682283,3.000000
2026-06-24T01:55:45.618242706Z,1000,per_hit,raw_percent_of_host,api-node1,api-node2,6,4,10,18.181818,20.000000,18.181818,40.000000,100.000000,50.000000,0.000000,0.000000,0.000000,0.000000,0.000000,0.000000,50.000000,67.500000,77.326060,79.470159,3.000000
2026-06-24T01:55:46.618240475Z,1000,per_hit,raw_percent_of_host,api-node1,api-node2,3,7,10,15.151515,20.952381,15.151515,41.904762,100.000000,50.000000,0.000000,0.000000,0.000000,0.000000,0.000000,0.000000,50.000000,101.142857,78.643005,75.017076,3.000000
2026-06-24T01:55:47.61826354Z,1000,per_hit,raw_percent_of_host,api-node1,api-node2,6,4,10,17.171717,18.367347,17.171717,36.734694,100.000000,50.000000,0.000000,0.000000,0.000000,0.000000,0.000000,0.000000,54.000000,97.750000,78.637395,76.866202,3.000000
2026-06-24T01:55:48.618242917Z,1000,per_hit,raw_percent_of_host,api-node1,api-node2,4,6,10,13.265306,21.698113,13.265306,43.396226,100.000000,50.000000,0.000000,0.000000,0.000000,0.000000,0.000000,0.000000,50.000000,78.333333,78.270832,80.964690,3.000000
2026-06-24T01:55:49.618239102Z,1000,per_hit,raw_percent_of_host,api-node1,api-node2,7,3,10,22.000000,15.151515,22.000000,30.303030,100.000000,50.000000,0.000000,0.000000,0.000000,0.000000,0.000000,0.000000,54.142857,61.000000,78.513165,77.585887,3.000000
2026-06-24T01:55:50.618243579Z,1000,per_hit,raw_percent_of_host,api-node1,api-node2,6,4,10,14.432990,18.095238,14.432990,36.190476,100.000000,50.000000,0.000000,0.000000,0.000000,0.000000,0.000000,0.000000,50.000000,80.500000,77.413342,79.531996,3.000000
2026-06-24T01:55:51.618240125Z,1000,per_hit,raw_percent_of_host,api-node1,api-node2,6,4,10,24.242424,10.101010,24.242424,20.202020,100.000000,50.000000,0.000000,0.000000,0.000000,0.000000,0.000000,0.000000,58.333333,50.000000,78.208730,77.764523,3.000000
2026-06-24T01:55:52.61824313Z,1000,per_hit,raw_percent_of_host,api-node1,api-node2,5,5,10,18.000000,19.801980,18.000000,39.603960,100.000000,50.000000,0.000000,0.000000,0.000000,0.000000,0.000000,0.000000,55.000000,88.200000,77.820920,76.468533,3.000000
2026-06-24T01:55:53.618239835Z,1000,per_hit,raw_percent_of_host,api-node1,api-node2,6,4,10,24.489796,10.000000,24.489796,20.000000,100.000000,50.000000,0.000000,0.000000,0.000000,0.000000,0.000000,0.000000,52.500000,61.750000,78.197617,76.259354,3.000000
2026-06-24T01:55:54.618240984Z,1000,per_hit,raw_percent_of_host,api-node1,api-node2,6,4,10,20.000000,15.151515,20.000000,30.303030,100.000000,50.000000,0.000000,0.000000,0.000000,0.000000,0.000000,0.000000,50.166667,56.500000,77.795985,78.125395,3.000000
2026-06-24T01:55:55.618239084Z,1000,per_hit,raw_percent_of_host,api-node1,api-node2,5,5,10,21.000000,14.285714,21.000000,28.571429,100.000000,50.000000,0.000000,0.000000,0.000000,0.000000,0.000000,0.000000,50.000000,97.000000,80.824566,73.815013,3.000000
2026-06-24T01:55:56.618239672Z,1000,per_hit,raw_percent_of_host,api-node1,api-node2,4,6,10,13.265306,21.212121,13.265306,42.424242,100.000000,50.000000,0.000000,0.000000,0.000000,0.000000,0.000000,0.000000,50.000000,66.166667,78.388432,76.602358,3.000000
2026-06-24T01:55:57.618245506Z,1000,per_hit,raw_percent_of_host,api-node1,api-node2,7,3,10,24.000000,13.333333,24.000000,26.666667,100.000000,50.000000,0.000000,0.000000,0.000000,0.000000,0.000000,0.000000,50.000000,65.666667,78.251835,79.015022,3.000000
2026-06-24T01:55:58.61824314Z,1000,per_hit,raw_percent_of_host,api-node1,api-node2,9,1,10,28.571429,5.050505,28.571429,10.101010,100.000000,50.000000,0.000000,0.000000,0.000000,0.000000,0.000000,0.000000,54.777778,50.000000,77.133558,79.536143,3.000000
2026-06-24T01:55:59.618240135Z,1000,per_hit,raw_percent_of_host,api-node1,api-node2,4,6,10,15.151515,17.757009,15.151515,35.514019,100.000000,50.000000,0.000000,0.000000,0.000000,0.000000,0.000000,0.000000,50.000000,97.166667,78.424693,75.544802,3.000000
2026-06-24T01:56:00.618239992Z,1000,per_hit,raw_percent_of_host,api-node1,api-node2,6,4,10,23.469388,13.265306,23.469388,26.530612,100.000000,50.000000,0.000000,0.000000,0.000000,0.000000,0.000000,0.000000,50.000000,76.500000,78.536911,76.679788,3.000000
2026-06-24T01:56:01.618242738Z,1000,per_hit,raw_percent_of_host,api-node1,api-node2,5,5,10,19.000000,19.191919,19.000000,38.383838,100.000000,50.000000,0.000000,0.000000,0.000000,0.000000,0.000000,0.000000,50.000000,70.000000,78.095717,76.511017,3.000000
2026-06-24T01:56:02.618239318Z,1000,per_hit,raw_percent_of_host,api-node1,api-node2,6,4,10,20.202020,15.151515,20.202020,30.303030,100.000000,50.000000,0.000000,0.000000,0.000000,0.000000,0.000000,0.000000,51.166667,61.750000,77.873952,80.352032,3.000000
2026-06-24T01:56:03.618250085Z,1000,per_hit,raw_percent_of_host,api-node1,api-node2,5,5,10,19.191919,15.238095,19.191919,30.476190,100.000000,50.000000,0.000000,0.000000,0.000000,0.000000,0.000000,0.000000,50.000000,89.600000,79.694845,73.870312,3.000000
2026-06-24T01:56:04.618246994Z,1000,per_hit,raw_percent_of_host,api-node1,api-node2,4,6,10,18.181818,20.202020,18.181818,40.404040,100.000000,50.000000,0.000000,0.000000,0.000000,0.000000,0.000000,0.000000,50.000000,69.166667,78.421118,76.705630,3.000000
2026-06-24T01:56:05.618244074Z,1000,per_hit,raw_percent_of_host,api-node1,api-node2,6,4,10,27.272727,10.101010,27.272727,20.202020,100.000000,50.000000,0.000000,0.000000,0.000000,0.000000,0.000000,0.000000,52.500000,50.000000,79.782433,77.578588,3.000000
2026-06-24T01:56:06.618239103Z,1000,per_hit,raw_percent_of_host,api-node1,api-node2,5,5,10,14.851485,20.000000,14.851485,40.000000,100.000000,50.000000,0.000000,0.000000,0.000000,0.000000,0.000000,0.000000,52.000000,68.200000,78.084243,77.901424,3.000000
2026-06-24T01:56:07.618243575Z,1000,per_hit,raw_percent_of_host,api-node1,api-node2,4,6,10,8.080808,24.299065,8.080808,48.598131,100.000000,50.000000,0.000000,0.000000,0.000000,0.000000,0.000000,0.000000,50.000000,80.666667,78.459403,79.871172,3.000000
2026-06-24T01:56:08.618239943Z,1000,per_hit,raw_percent_of_host,api-node1,api-node2,3,7,10,11.000000,23.809524,11.000000,47.619048,100.000000,50.000000,0.000000,0.000000,0.000000,0.000000,0.000000,0.000000,50.000000,88.000000,78.880570,79.341908,3.000000
2026-06-24T01:56:09.618244719Z,1000,per_hit,raw_percent_of_host,api-node1,api-node2,5,5,10,22.222222,17.000000,22.222222,34.000000,100.000000,50.000000,0.000000,0.000000,0.000000,0.000000,0.000000,0.000000,52.400000,59.400000,80.202064,76.218179,3.000000
2026-06-24T01:56:10.618240087Z,1000,per_hit,raw_percent_of_host,api-node1,api-node2,3,7,10,15.151515,23.000000,15.151515,46.000000,100.000000,50.000000,0.000000,0.000000,0.000000,0.000000,0.000000,0.000000,50.000000,77.285714,80.534684,76.568632,3.000000
2026-06-24T01:56:11.618241973Z,1000,per_hit,raw_percent_of_host,api-node1,api-node2,4,6,10,19.801980,19.191919,19.801980,38.383838,100.000000,50.000000,0.000000,0.000000,0.000000,0.000000,0.000000,0.000000,50.000000,74.166667,80.161313,75.077580,3.000000
2026-06-24T01:56:12.618240106Z,1000,per_hit,raw_percent_of_host,api-node1,api-node2,5,5,10,15.151515,20.000000,15.151515,40.000000,100.000000,50.000000,0.000000,0.000000,0.000000,0.000000,0.000000,0.000000,50.000000,112.000000,78.489992,76.174956,3.000000
2026-06-24T01:56:13.618239748Z,1000,per_hit,raw_percent_of_host,api-node1,api-node2,5,5,10,20.408163,16.190476,20.408163,32.380952,100.000000,50.000000,0.000000,0.000000,0.000000,0.000000,0.000000,0.000000,50.000000,111.200000,78.713635,74.796943,3.000000
2026-06-24T01:56:14.618240464Z,1000,per_hit,raw_percent_of_host,api-node1,api-node2,5,5,10,15.463918,14.285714,15.463918,28.571429,100.000000,50.000000,0.000000,0.000000,0.000000,0.000000,0.000000,0.000000,50.000000,75.000000,77.763879,77.940313,3.000000
2026-06-24T01:56:15.618238982Z,1000,per_hit,raw_percent_of_host,api-node1,api-node2,3,7,10,14.141414,18.095238,14.141414,36.190476,100.000000,50.000000,0.000000,0.000000,0.000000,0.000000,0.000000,0.000000,50.000000,76.571429,80.774749,76.513069,3.000000
2026-06-24T01:56:16.618242962Z,1000,per_hit,raw_percent_of_host,api-node1,api-node2,2,8,10,4.950495,24.761905,4.950495,49.523810,100.000000,50.000000,0.000000,0.000000,0.000000,0.000000,0.000000,0.000000,50.000000,71.750000,78.901033,78.108528,3.000000
2026-06-24T01:56:17.618241778Z,1000,per_hit,raw_percent_of_host,api-node1,api-node2,3,7,10,10.000000,21.698113,10.000000,43.396226,100.000000,50.000000,0.000000,0.000000,0.000000,0.000000,0.000000,0.000000,50.000000,93.571429,79.296853,78.207368,3.000000
2026-06-24T01:56:18.618239865Z,1000,per_hit,raw_percent_of_host,api-node1,api-node2,4,6,10,10.309278,10.101010,10.309278,20.202020,100.000000,50.000000,0.000000,0.000000,0.000000,0.000000,0.000000,0.000000,50.000000,63.000000,79.154886,76.966967,3.000000
2026-06-24T01:56:19.618243455Z,1000,per_hit,raw_percent_of_host,api-node1,api-node2,5,5,10,18.181818,15.094340,18.181818,30.188679,100.000000,50.000000,0.000000,0.000000,0.000000,0.000000,0.000000,0.000000,50.000000,72.600000,78.508179,75.123139,3.000000
2026-06-24T01:56:20.618240358Z,1000,per_hit,raw_percent_of_host,api-node1,api-node2,4,6,10,10.000000,20.000000,10.000000,40.000000,100.000000,50.000000,0.000000,0.000000,0.000000,0.000000,0.000000,0.000000,50.000000,109.500000,78.721995,75.917412,3.000000
2026-06-24T01:56:21.618242714Z,1000,per_hit,raw_percent_of_host,api-node1,api-node2,4,6,10,15.151515,20.754717,15.151515,41.509434,100.000000,50.000000,0.000000,0.000000,0.000000,0.000000,0.000000,0.000000,50.000000,100.500000,78.747222,79.119632,3.000000
2026-06-24T01:56:22.618239978Z,1000,per_hit,raw_percent_of_host,api-node1,api-node2,8,2,10,28.865979,5.000000,28.865979,10.000000,100.000000,50.000000,0.000000,0.000000,0.000000,0.000000,0.000000,0.000000,53.125000,50.000000,78.613366,77.328289,3.000000
2026-06-24T01:56:23.618239882Z,1000,per_hit,raw_percent_of_host,api-node1,api-node2,7,3,10,27.835052,5.050505,27.835052,10.101010,100.000000,50.000000,0.000000,0.000000,0.000000,0.000000,0.000000,0.000000,51.000000,50.000000,77.875195,78.656583,3.000000
2026-06-24T01:56:24.618240179Z,1000,per_hit,raw_percent_of_host,api-node1,api-node2,7,3,10,20.618557,14.141414,20.618557,28.282828,100.000000,50.000000,0.000000,0.000000,0.000000,0.000000,0.000000,0.000000,50.000000,68.000000,77.837142,78.052058,3.000000
2026-06-24T01:56:25.618243189Z,1000,per_hit,raw_percent_of_host,api-node1,api-node2,7,3,10,22.549020,15.151515,22.549020,30.303030,100.000000,50.000000,0.000000,0.000000,0.000000,0.000000,0.000000,0.000000,50.857143,50.000000,77.873508,79.590780,3.000000
2026-06-24T01:56:26.618243612Z,1000,per_hit,raw_percent_of_host,api-node1,api-node2,4,6,10,14.000000,19.047619,14.000000,38.095238,100.000000,50.000000,0.000000,0.000000,0.000000,0.000000,0.000000,0.000000,50.000000,76.000000,78.258476,77.182331,3.000000
2026-06-24T01:56:27.6182398Z,1000,per_hit,raw_percent_of_host,api-node1,api-node2,6,4,10,18.181818,20.202020,18.181818,40.404040,100.000000,50.000000,0.000000,0.000000,0.000000,0.000000,0.000000,0.000000,50.000000,67.000000,78.343261,80.043617,3.000000
2026-06-24T01:56:28.618238896Z,1000,per_hit,raw_percent_of_host,api-node1,api-node2,5,5,10,18.367347,14.018692,18.367347,28.037383,100.000000,50.000000,0.000000,0.000000,0.000000,0.000000,0.000000,0.000000,50.000000,80.400000,78.481716,77.023621,3.000000
2026-06-24T01:56:29.618240998Z,1000,per_hit,raw_percent_of_host,api-node1,api-node2,2,8,10,10.101010,22.857143,10.101010,45.714286,100.000000,50.000000,0.000000,0.000000,0.000000,0.000000,0.000000,0.000000,50.000000,93.625000,78.613867,74.276697,3.000000
2026-06-24T01:56:30.618242092Z,1000,per_hit,raw_percent_of_host,api-node1,api-node2,8,2,10,28.000000,7.547170,28.000000,15.094340,100.000000,50.000000,0.000000,0.000000,0.000000,0.000000,0.000000,0.000000,50.000000,108.000000,78.803121,78.383482,3.000000
2026-06-24T01:56:31.618240084Z,1000,per_hit,raw_percent_of_host,api-node1,api-node2,7,3,10,25.252525,10.101010,25.252525,20.202020,100.000000,50.000000,0.000000,0.000000,0.000000,0.000000,0.000000,0.000000,50.428571,64.666667,77.582113,79.791326,3.000000
2026-06-24T01:56:32.618253912Z,1000,per_hit,raw_percent_of_host,api-node1,api-node2,5,5,10,19.000000,18.367347,19.000000,36.734694,100.000000,50.000000,0.000000,0.000000,0.000000,0.000000,0.000000,0.000000,50.000000,69.200000,78.012940,75.419029,3.000000
2026-06-24T01:56:33.61824403Z,1000,per_hit,raw_percent_of_host,api-node1,api-node2,3,7,10,9.900990,22.857143,9.900990,45.714286,100.000000,50.000000,0.000000,0.000000,0.000000,0.000000,0.000000,0.000000,50.000000,80.857143,80.097419,76.405334,3.000000
2026-06-24T01:56:34.618240533Z,1000,per_hit,raw_percent_of_host,api-node1,api-node2,4,6,10,19.000000,16.190476,19.000000,32.380952,100.000000,50.000000,0.000000,0.000000,0.000000,0.000000,0.000000,0.000000,50.000000,75.333333,78.931904,77.325686,3.000000
2026-06-24T01:56:35.618239175Z,1000,per_hit,raw_percent_of_host,api-node1,api-node2,6,4,10,24.242424,13.131313,24.242424,26.262626,100.000000,50.000000,0.000000,0.000000,0.000000,0.000000,0.000000,0.000000,50.000000,64.250000,78.339575,77.529569,3.000000
2026-06-24T01:56:36.618240208Z,1000,per_hit,raw_percent_of_host,api-node1,api-node2,6,4,10,23.232323,15.094340,23.232323,30.188679,100.000000,50.000000,0.000000,0.000000,0.000000,0.000000,0.000000,0.000000,50.000000,50.000000,77.932914,77.689894,3.000000
2026-06-24T01:56:37.618240497Z,1000,per_hit,raw_percent_of_host,api-node1,api-node2,3,7,10,11.881188,16.190476,11.881188,32.380952,100.000000,50.000000,0.000000,0.000000,0.000000,0.000000,0.000000,0.000000,50.333333,90.428571,80.823835,74.416893,3.000000
2026-06-24T01:56:38.618238912Z,1000,per_hit,raw_percent_of_host,api-node1,api-node2,3,7,10,13.265306,24.000000,13.265306,48.000000,100.000000,50.000000,0.000000,0.000000,0.000000,0.000000,0.000000,0.000000,50.000000,70.000000,78.910969,75.793669,3.000000
2026-06-24T01:56:39.618241719Z,1000,per_hit,raw_percent_of_host,api-node1,api-node2,5,5,10,21.428571,15.151515,21.428571,30.303030,100.000000,50.000000,0.000000,0.000000,0.000000,0.000000,0.000000,0.000000,50.000000,73.400000,78.829179,75.798226,3.000000
2026-06-24T01:56:40.61825113Z,1000,per_hit,raw_percent_of_host,api-node1,api-node2,4,6,10,14.141414,19.047619,14.141414,38.095238,100.000000,50.000000,0.000000,0.000000,0.000000,0.000000,0.000000,0.000000,50.000000,75.333333,78.394127,76.705329,3.000000
2026-06-24T01:56:41.618239718Z,1000,per_hit,raw_percent_of_host,api-node1,api-node2,6,4,10,23.232323,13.861386,23.232323,27.722772,100.000000,50.000000,0.000000,0.000000,0.000000,0.000000,0.000000,0.000000,50.000000,72.500000,80.130891,76.276558,3.000000
2026-06-24T01:56:42.618243118Z,1000,per_hit,raw_percent_of_host,api-node1,api-node2,5,5,10,20.000000,13.461538,20.000000,26.923077,100.000000,50.000000,0.000000,0.000000,0.000000,0.000000,0.000000,0.000000,50.000000,74.600000,77.714613,79.216608,3.000000
2026-06-24T01:56:43.618247271Z,1000,per_hit,raw_percent_of_host,api-node1,api-node2,7,3,10,22.222222,15.151515,22.222222,30.303030,100.000000,50.000000,0.000000,0.000000,0.000000,0.000000,0.000000,0.000000,52.142857,50.000000,78.148399,77.479606,3.000000
2026-06-24T01:56:44.618241647Z,1000,per_hit,raw_percent_of_host,api-node1,api-node2,5,5,10,19.000000,18.181818,19.000000,36.363636,100.000000,50.000000,0.000000,0.000000,0.000000,0.000000,0.000000,0.000000,50.000000,69.200000,77.813989,79.498850,3.000000
2026-06-24T01:56:45.618249691Z,1000,per_hit,raw_percent_of_host,api-node1,api-node2,2,8,10,8.080808,23.809524,8.080808,47.619048,100.000000,50.000000,0.000000,0.000000,0.000000,0.000000,0.000000,0.000000,50.000000,77.250000,78.647774,76.768040,3.000000
2026-06-24T01:56:46.61824022Z,1000,per_hit,raw_percent_of_host,api-node1,api-node2,4,6,10,15.000000,20.000000,15.000000,40.000000,100.000000,50.000000,0.000000,0.000000,0.000000,0.000000,0.000000,0.000000,50.000000,74.833333,81.081501,76.287706,3.000000
2026-06-24T01:56:47.618240815Z,1000,per_hit,raw_percent_of_host,api-node1,api-node2,3,7,10,14.141414,19.047619,14.141414,38.095238,100.000000,50.000000,0.000000,0.000000,0.000000,0.000000,0.000000,0.000000,50.000000,83.714286,78.796113,77.445132,3.000000
2026-06-24T01:56:48.618259746Z,1000,per_hit,raw_percent_of_host,api-node1,api-node2,6,4,10,19.191919,15.238095,19.191919,30.476190,100.000000,50.000000,0.000000,0.000000,0.000000,0.000000,0.000000,0.000000,50.000000,81.750000,78.742997,78.126432,3.000000
2026-06-24T01:56:49.618243094Z,1000,per_hit,raw_percent_of_host,api-node1,api-node2,7,3,10,23.762376,15.151515,23.762376,30.303030,100.000000,50.000000,0.000000,0.000000,0.000000,0.000000,0.000000,0.000000,51.571429,64.666667,77.905587,78.453916,3.000000
2026-06-24T01:56:50.618238974Z,1000,per_hit,raw_percent_of_host,api-node1,api-node2,4,6,10,18.181818,21.428571,18.181818,42.857143,100.000000,50.000000,0.000000,0.000000,0.000000,0.000000,0.000000,0.000000,54.750000,66.166667,78.018889,77.277778,3.000000
2026-06-24T01:56:51.618239538Z,1000,per_hit,raw_percent_of_host,api-node1,api-node2,8,2,10,28.282828,5.050505,28.282828,10.101010,100.000000,50.000000,0.000000,0.000000,0.000000,0.000000,0.000000,0.000000,53.750000,50.000000,79.963933,77.584138,3.000000
2026-06-24T01:56:52.618240693Z,1000,per_hit,raw_percent_of_host,api-node1,api-node2,6,4,10,19.387755,12.264151,19.387755,24.528302,100.000000,50.000000,0.000000,0.000000,0.000000,0.000000,0.000000,0.000000,50.000000,92.250000,77.853873,80.950403,3.000000
2026-06-24T01:56:53.618243251Z,1000,per_hit,raw_percent_of_host,api-node1,api-node2,10,0,10,30.612245,0.000000,30.612245,0.000000,100.000000,50.000000,0.000000,0.000000,0.000000,0.000000,0.000000,0.000000,55.300000,0.000000,77.490520,79.889144,3.000000
2026-06-24T01:56:54.618239514Z,1000,per_hit,raw_percent_of_host,api-node1,api-node2,6,4,10,17.171717,18.181818,17.171717,36.363636,100.000000,50.000000,0.000000,0.000000,0.000000,0.000000,0.000000,0.000000,54.166667,82.250000,78.179307,82.713954,3.000000
2026-06-24T01:56:55.618243302Z,1000,per_hit,raw_percent_of_host,api-node1,api-node2,4,6,10,20.000000,16.037736,20.000000,32.075472,100.000000,50.000000,0.000000,0.000000,0.000000,0.000000,0.000000,0.000000,50.000000,74.500000,78.507667,77.491321,3.000000
2026-06-24T01:56:56.618243245Z,1000,per_hit,raw_percent_of_host,api-node1,api-node2,5,5,10,18.811881,15.151515,18.811881,30.303030,100.000000,50.000000,0.000000,0.000000,0.000000,0.000000,0.000000,0.000000,54.400000,59.800000,80.305502,75.220783,3.000000
2026-06-24T01:56:57.618249403Z,1000,per_hit,raw_percent_of_host,api-node1,api-node2,4,6,10,14.000000,19.230769,14.000000,38.461538,100.000000,50.000000,0.000000,0.000000,0.000000,0.000000,0.000000,0.000000,50.000000,68.833333,78.416734,77.696800,3.000000
2026-06-24T01:56:58.618238955Z,1000,per_hit,raw_percent_of_host,api-node1,api-node2,7,3,10,26.041667,5.050505,26.041667,10.101010,100.000000,50.000000,0.000000,0.000000,0.000000,0.000000,0.000000,0.000000,51.428571,64.666667,78.503848,77.224015,3.000000
2026-06-24T01:56:59.618261764Z,1000,per_hit,raw_percent_of_host,api-node1,api-node2,4,6,10,14.000000,20.370370,14.000000,40.740741,100.000000,50.000000,0.000000,0.000000,0.000000,0.000000,0.000000,0.000000,50.000000,82.000000,79.583660,75.271871,3.000000
2026-06-24T01:57:00.618242536Z,1000,per_hit,raw_percent_of_host,api-node1,api-node2,1,9,10,5.050505,21.904762,5.050505,43.809524,100.000000,50.000000,0.000000,0.000000,0.000000,0.000000,0.000000,0.000000,50.000000,94.222222,79.007351,75.162367,3.000000
2026-06-24T01:57:01.61824045Z,1000,per_hit,raw_percent_of_host,api-node1,api-node2,5,5,10,15.841584,22.222222,15.841584,44.444444,100.000000,50.000000,0.000000,0.000000,0.000000,0.000000,0.000000,0.000000,50.000000,87.600000,79.193070,77.869466,3.000000
2026-06-24T01:57:02.618246185Z,1000,per_hit,raw_percent_of_host,api-node1,api-node2,4,6,10,14.285714,19.811321,14.285714,39.622642,100.000000,50.000000,0.000000,0.000000,0.000000,0.000000,0.000000,0.000000,50.000000,68.000000,78.406602,78.893020,3.000000
2026-06-24T01:57:03.618243005Z,1000,per_hit,raw_percent_of_host,api-node1,api-node2,5,5,10,24.242424,11.428571,24.242424,22.857143,100.000000,50.000000,0.000000,0.000000,0.000000,0.000000,0.000000,0.000000,50.000000,81.800000,80.096562,75.954928,3.000000
2026-06-24T01:57:04.6182436Z,1000,per_hit,raw_percent_of_host,api-node1,api-node2,5,5,10,19.191919,12.380952,19.191919,24.761905,100.000000,50.000000,0.000000,0.000000,0.000000,0.000000,0.000000,0.000000,50.000000,82.800000,78.029396,77.312830,3.000000
2026-06-24T01:57:05.618245699Z,1000,per_hit,raw_percent_of_host,api-node1,api-node2,5,5,10,19.000000,18.181818,19.000000,36.363636,100.000000,50.000000,0.000000,0.000000,0.000000,0.000000,0.000000,0.000000,53.200000,75.200000,78.332051,77.022818,3.000000
2026-06-24T01:57:06.61824286Z,1000,per_hit,raw_percent_of_host,api-node1,api-node2,6,4,10,23.232323,14.000000,23.232323,28.000000,100.000000,50.000000,0.000000,0.000000,0.000000,0.000000,0.000000,0.000000,58.666667,95.250000,80.192873,74.688360,3.000000
2026-06-24T01:57:07.618240977Z,1000,per_hit,raw_percent_of_host,api-node1,api-node2,5,5,10,19.000000,14.000000,19.000000,28.000000,100.000000,50.000000,0.000000,0.000000,0.000000,0.000000,0.000000,0.000000,57.400000,106.600000,78.164497,74.072379,3.000000
2026-06-24T01:57:08.618239722Z,1000,per_hit,raw_percent_of_host,api-node1,api-node2,8,2,10,23.958333,10.101010,23.958333,20.202020,100.000000,50.000000,0.000000,0.000000,0.000000,0.000000,0.000000,0.000000,53.625000,50.000000,77.797393,76.547421,3.000000
2026-06-24T01:57:09.618241918Z,1000,per_hit,raw_percent_of_host,api-node1,api-node2,6,4,10,21.428571,10.101010,21.428571,20.202020,100.000000,50.000000,0.000000,0.000000,0.000000,0.000000,0.000000,0.000000,56.166667,71.750000,77.400583,75.634992,3.000000
2026-06-24T01:57:10.618241425Z,1000,per_hit,raw_percent_of_host,api-node1,api-node2,4,6,10,20.202020,16.981132,20.202020,33.962264,100.000000,50.000000,0.000000,0.000000,0.000000,0.000000,0.000000,0.000000,50.000000,106.833333,80.356367,72.946874,3.000000
2026-06-24T01:57:11.618242258Z,1000,per_hit,raw_percent_of_host,api-node1,api-node2,5,5,10,18.181818,19.047619,18.181818,38.095238,100.000000,50.000000,0.000000,0.000000,0.000000,0.000000,0.000000,0.000000,50.000000,72.800000,79.888752,75.028615,3.000000
2026-06-24T01:57:12.618243919Z,1000,per_hit,raw_percent_of_host,api-node1,api-node2,6,4,10,19.791667,13.084112,19.791667,26.168224,100.000000,50.000000,0.000000,0.000000,0.000000,0.000000,0.000000,0.000000,50.000000,92.250000,77.668543,79.234084,3.000000
2026-06-24T01:57:13.618239884Z,1000,per_hit,raw_percent_of_host,api-node1,api-node2,5,5,10,19.191919,15.384615,19.191919,30.769231,100.000000,50.000000,0.000000,0.000000,0.000000,0.000000,0.000000,0.000000,50.000000,81.200000,79.895063,74.764267,3.000000
2026-06-24T01:57:14.618238904Z,1000,per_hit,raw_percent_of_host,api-node1,api-node2,5,5,10,15.151515,19.230769,15.151515,38.461538,100.000000,50.000000,0.000000,0.000000,0.000000,0.000000,0.000000,0.000000,53.000000,68.600000,78.401602,75.871004,3.000000
2026-06-24T01:57:15.618251985Z,1000,per_hit,raw_percent_of_host,api-node1,api-node2,5,5,10,19.000000,15.151515,19.000000,30.303030,100.000000,50.000000,0.000000,0.000000,0.000000,0.000000,0.000000,0.000000,57.600000,59.000000,78.561344,77.542052,3.000000
2026-06-24T01:57:16.618249929Z,1000,per_hit,raw_percent_of_host,api-node1,api-node2,4,6,10,13.265306,17.307692,13.265306,34.615385,100.000000,50.000000,0.000000,0.000000,0.000000,0.000000,0.000000,0.000000,50.000000,86.833333,79.659491,75.467450,3.000000
2026-06-24T01:57:17.618242119Z,1000,per_hit,raw_percent_of_host,api-node1,api-node2,5,5,10,14.583333,12.264151,14.583333,24.528302,100.000000,50.000000,0.000000,0.000000,0.000000,0.000000,0.000000,0.000000,50.000000,120.800000,78.108398,78.990843,3.000000
2026-06-24T01:57:18.618242926Z,1000,per_hit,raw_percent_of_host,api-node1,api-node2,6,4,10,24.000000,14.000000,24.000000,28.000000,100.000000,50.000000,0.000000,0.000000,0.000000,0.000000,0.000000,0.000000,53.333333,92.500000,80.479443,73.463954,3.000000
2026-06-24T01:57:19.618238864Z,1000,per_hit,raw_percent_of_host,api-node1,api-node2,4,6,10,15.151515,20.952381,15.151515,41.904762,100.000000,50.000000,0.000000,0.000000,0.000000,0.000000,0.000000,0.000000,50.000000,100.000000,77.848109,79.196974,3.000000
2026-06-24T01:57:20.618238683Z,1000,per_hit,raw_percent_of_host,api-node1,api-node2,6,4,10,19.191919,17.142857,19.191919,34.285714,100.000000,50.000000,0.000000,0.000000,0.000000,0.000000,0.000000,0.000000,50.166667,79.500000,78.690416,78.280764,3.000000
2026-06-24T01:57:21.618242693Z,1000,per_hit,raw_percent_of_host,api-node1,api-node2,5,5,10,19.387755,12.500000,19.387755,25.000000,100.000000,50.000000,0.000000,0.000000,0.000000,0.000000,0.000000,0.000000,50.000000,92.000000,78.449396,76.659747,3.000000
2026-06-24T01:57:22.618242433Z,1000,per_hit,raw_percent_of_host,api-node1,api-node2,7,3,10,24.489796,13.207547,24.489796,26.415094,100.000000,50.000000,0.000000,0.000000,0.000000,0.000000,0.000000,0.000000,50.000000,68.000000,77.810198,78.541167,3.000000
2026-06-24T01:57:23.618240776Z,1000,per_hit,raw_percent_of_host,api-node1,api-node2,5,5,10,18.181818,17.142857,18.181818,34.285714,100.000000,50.000000,0.000000,0.000000,0.000000,0.000000,0.000000,0.000000,50.000000,69.800000,77.652901,78.036579,3.000000
2026-06-24T01:57:24.618241323Z,1000,per_hit,raw_percent_of_host,api-node1,api-node2,7,3,10,22.448980,16.000000,22.448980,32.000000,100.000000,50.000000,0.000000,0.000000,0.000000,0.000000,0.000000,0.000000,53.285714,50.000000,78.106294,77.370069,3.000000
2026-06-24T01:57:25.618240496Z,1000,per_hit,raw_percent_of_host,api-node1,api-node2,7,3,10,28.282828,5.050505,28.282828,10.101010,100.000000,50.000000,0.000000,0.000000,0.000000,0.000000,0.000000,0.000000,53.857143,81.666667,77.911587,77.770601,3.000000
2026-06-24T01:57:26.618241812Z,1000,per_hit,raw_percent_of_host,api-node1,api-node2,6,4,10,19.000000,18.095238,19.000000,36.190476,100.000000,50.000000,0.000000,0.000000,0.000000,0.000000,0.000000,0.000000,50.000000,76.500000,78.080078,77.319061,3.000000
2026-06-24T01:57:27.618242918Z,1000,per_hit,raw_percent_of_host,api-node1,api-node2,7,3,10,20.618557,14.141414,20.618557,28.282828,100.000000,50.000000,0.000000,0.000000,0.000000,0.000000,0.000000,0.000000,50.428571,79.333333,77.728036,79.393259,3.000000
2026-06-24T01:57:28.618244816Z,1000,per_hit,raw_percent_of_host,api-node1,api-node2,5,5,10,19.587629,15.151515,19.587629,30.303030,100.000000,50.000000,0.000000,0.000000,0.000000,0.000000,0.000000,0.000000,54.400000,78.800000,77.927662,74.811641,3.000000
2026-06-24T01:57:29.61823914Z,1000,per_hit,raw_percent_of_host,api-node1,api-node2,2,8,10,10.000000,19.047619,10.000000,38.095238,100.000000,50.000000,0.000000,0.000000,0.000000,0.000000,0.000000,0.000000,50.000000,110.875000,80.189302,73.986844,3.000000
2026-06-24T01:57:30.618239499Z,1000,per_hit,raw_percent_of_host,api-node1,api-node2,6,3,9,21.428571,12.380952,21.428571,24.761905,100.000000,50.000000,0.000000,0.000000,0.000000,0.000000,0.000000,0.000000,50.000000,88.666667,78.764932,76.246318,3.000000
2026-06-24T01:57:31.618240448Z,1000,per_hit,raw_percent_of_host,api-node1,api-node2,5,1,6,15.000000,0.000000,15.000000,0.000000,100.000000,50.000000,0.000000,0.000000,0.000000,0.000000,0.000000,0.000000,50.600000,50.000000,79.510483,80.952149,3.000000
2026-06-24T01:57:32.618241792Z,1000,per_hit,raw_percent_of_host,api-node1,api-node2,8,5,13,31.313131,15.094340,31.313131,30.188679,100.000000,50.000000,0.000000,0.000000,0.000000,0.000000,0.000000,0.000000,56.625000,79.400000,78.768851,77.878926,3.000000
2026-06-24T01:57:33.618238828Z,1000,per_hit,raw_percent_of_host,api-node1,api-node2,5,5,10,23.469388,10.204082,23.469388,20.408163,100.000000,50.000000,0.000000,0.000000,0.000000,0.000000,0.000000,0.000000,50.000000,65.800000,78.445999,75.857039,3.000000
2026-06-24T01:57:34.618241563Z,1000,per_hit,raw_percent_of_host,api-node1,api-node2,5,5,10,24.242424,15.151515,24.242424,30.303030,100.000000,50.000000,0.000000,0.000000,0.000000,0.000000,0.000000,0.000000,50.000000,53.200000,80.054416,76.948501,3.000000
2026-06-24T01:57:35.61824185Z,1000,per_hit,raw_percent_of_host,api-node1,api-node2,5,4,9,25.000000,14.141414,25.000000,28.282828,100.000000,50.000000,0.000000,0.000000,0.000000,0.000000,0.000000,0.000000,50.000000,56.500000,81.138032,76.167040,3.000000
2026-06-24T01:57:36.618239037Z,1000,per_hit,raw_percent_of_host,api-node1,api-node2,6,5,11,20.408163,14.000000,20.408163,28.000000,100.000000,50.000000,0.000000,0.000000,0.000000,0.000000,0.000000,0.000000,53.000000,62.800000,80.758095,76.442409,3.000000
2026-06-24T01:57:37.618239702Z,1000,per_hit,raw_percent_of_host,api-node1,api-node2,4,6,10,13.131313,20.560748,13.131313,41.121495,100.000000,50.000000,0.000000,0.000000,0.000000,0.000000,0.000000,0.000000,50.000000,70.500000,78.651733,78.002947,3.000000
2026-06-24T01:57:38.618244901Z,1000,per_hit,raw_percent_of_host,api-node1,api-node2,4,6,10,9.000000,20.000000,9.000000,40.000000,100.000000,50.000000,0.000000,0.000000,0.000000,0.000000,0.000000,0.000000,50.000000,73.333333,78.550929,79.481768,3.000000
2026-06-24T01:57:39.618238851Z,1000,per_hit,raw_percent_of_host,api-node1,api-node2,8,2,10,26.000000,10.101010,26.000000,20.202020,100.000000,50.000000,0.000000,0.000000,0.000000,0.000000,0.000000,0.000000,52.000000,51.000000,78.297055,80.810649,3.000000
2026-06-24T01:57:40.618246736Z,1000,per_hit,raw_percent_of_host,api-node1,api-node2,4,6,10,10.000000,23.809524,10.000000,47.619048,100.000000,50.000000,0.000000,0.000000,0.000000,0.000000,0.000000,0.000000,50.500000,78.333333,78.248301,81.224805,3.000000
2026-06-24T01:57:41.618238833Z,1000,per_hit,raw_percent_of_host,api-node1,api-node2,3,7,10,16.000000,22.429907,16.000000,44.859813,100.000000,50.000000,0.000000,0.000000,0.000000,0.000000,0.000000,0.000000,55.333333,75.571429,79.017399,77.501210,3.000000
2026-06-24T01:57:42.618239011Z,1000,per_hit,raw_percent_of_host,api-node1,api-node2,4,6,10,21.000000,15.151515,21.000000,30.303030,100.000000,50.000000,0.000000,0.000000,0.000000,0.000000,0.000000,0.000000,50.000000,71.666667,82.070207,75.703038,3.000000
2026-06-24T01:57:43.618242169Z,1000,per_hit,raw_percent_of_host,api-node1,api-node2,4,6,10,14.000000,15.238095,14.000000,30.476190,100.000000,50.000000,0.000000,0.000000,0.000000,0.000000,0.000000,0.000000,50.000000,77.000000,78.605061,77.542572,3.000000
2026-06-24T01:57:44.618242415Z,1000,per_hit,raw_percent_of_host,api-node1,api-node2,8,2,10,30.000000,5.050505,30.000000,10.101010,100.000000,50.000000,0.000000,0.000000,0.000000,0.000000,0.000000,0.000000,51.125000,50.000000,80.528526,76.569079,3.000000
2026-06-24T01:57:45.618240493Z,1000,per_hit,raw_percent_of_host,api-node1,api-node2,3,6,9,5.050505,10.101010,5.050505,20.202020,100.000000,50.000000,0.000000,0.000000,0.000000,0.000000,0.000000,0.000000,50.000000,73.166667,78.575929,79.628518,3.000000
2026-06-24T01:57:46.618239777Z,1000,per_hit,raw_percent_of_host,api-node1,api-node2,10,1,11,30.303030,6.060606,30.303030,12.121212,100.000000,50.000000,0.000000,0.000000,0.000000,0.000000,0.000000,0.000000,51.800000,50.000000,78.071478,71.084683,3.000000
2026-06-24T01:57:47.618243457Z,1000,per_hit,raw_percent_of_host,api-node1,api-node2,2,8,10,5.102041,24.761905,5.102041,49.523810,100.000000,50.000000,0.000000,0.000000,0.000000,0.000000,0.000000,0.000000,50.000000,90.625000,78.460887,80.296459,3.000000
2026-06-24T01:57:48.61823902Z,1000,per_hit,raw_percent_of_host,api-node1,api-node2,6,4,10,24.242424,10.101010,24.242424,20.202020,100.000000,50.000000,0.000000,0.000000,0.000000,0.000000,0.000000,0.000000,53.000000,50.000000,80.668300,77.162030,3.000000
2026-06-24T01:57:49.618242492Z,1000,per_hit,raw_percent_of_host,api-node1,api-node2,5,5,10,19.191919,15.094340,19.191919,30.188679,100.000000,50.000000,0.000000,0.000000,0.000000,0.000000,0.000000,0.000000,50.000000,67.400000,78.395866,77.722931,3.000000
2026-06-24T01:57:50.618242963Z,1000,per_hit,raw_percent_of_host,api-node1,api-node2,5,5,10,21.000000,24.242424,21.000000,48.484848,100.000000,50.000000,0.000000,0.000000,0.000000,0.000000,0.000000,0.000000,50.000000,51.600000,78.555533,78.154231,3.000000
2026-06-24T01:57:51.618239556Z,1000,per_hit,raw_percent_of_host,api-node1,api-node2,5,5,10,19.000000,14.285714,19.000000,28.571429,100.000000,50.000000,0.000000,0.000000,0.000000,0.000000,0.000000,0.000000,50.200000,76.800000,78.573571,78.254078,3.000000
2026-06-24T01:57:52.618241637Z,1000,per_hit,raw_percent_of_host,api-node1,api-node2,5,5,10,16.831683,18.181818,16.831683,36.363636,100.000000,50.000000,0.000000,0.000000,0.000000,0.000000,0.000000,0.000000,51.200000,50.400000,81.046198,76.686939,3.000000
2026-06-24T01:57:53.618239274Z,1000,per_hit,raw_percent_of_host,api-node1,api-node2,3,7,10,15.000000,20.952381,15.000000,41.904762,100.000000,50.000000,0.000000,0.000000,0.000000,0.000000,0.000000,0.000000,50.000000,63.571429,78.884762,77.869542,3.000000
2026-06-24T01:57:54.618238858Z,1000,per_hit,raw_percent_of_host,api-node1,api-node2,2,8,10,9.000000,17.171717,9.000000,34.343434,100.000000,50.000000,0.000000,0.000000,0.000000,0.000000,0.000000,0.000000,50.000000,67.750000,81.319409,76.566345,3.000000
2026-06-24T01:57:55.618242391Z,1000,per_hit,raw_percent_of_host,api-node1,api-node2,6,4,10,20.202020,11.538462,20.202020,23.076923,100.000000,50.000000,0.000000,0.000000,0.000000,0.000000,0.000000,0.000000,56.166667,72.500000,82.082139,75.118077,3.000000
2026-06-24T01:57:56.618239558Z,1000,per_hit,raw_percent_of_host,api-node1,api-node2,7,3,10,24.242424,10.377358,24.242424,20.754717,100.000000,50.000000,0.000000,0.000000,0.000000,0.000000,0.000000,0.000000,50.000000,90.333333,77.995974,79.918617,3.000000
2026-06-24T01:57:57.618242792Z,1000,per_hit,raw_percent_of_host,api-node1,api-node2,5,5,10,18.181818,21.000000,18.181818,42.000000,100.000000,50.000000,0.000000,0.000000,0.000000,0.000000,0.000000,0.000000,50.000000,63.600000,77.846109,80.331945,3.000000
2026-06-24T01:57:58.61823977Z,1000,per_hit,raw_percent_of_host,api-node1,api-node2,7,3,10,25.000000,10.101010,25.000000,20.202020,100.000000,50.000000,0.000000,0.000000,0.000000,0.000000,0.000000,0.000000,50.714286,56.000000,78.476901,78.597943,3.000000
2026-06-24T01:57:59.618239865Z,1000,per_hit,raw_percent_of_host,api-node1,api-node2,5,5,10,18.000000,17.171717,18.000000,34.343434,100.000000,50.000000,0.000000,0.000000,0.000000,0.000000,0.000000,0.000000,51.000000,57.000000,78.274429,77.910948,3.000000
2026-06-24T01:58:00.618239326Z,1000,per_hit,raw_percent_of_host,api-node1,api-node2,5,5,10,20.202020,19.191919,20.202020,38.383838,100.000000,50.000000,0.000000,0.000000,0.000000,0.000000,0.000000,0.000000,50.000000,52.400000,78.695255,78.125529,3.000000
2026-06-24T01:58:01.618239705Z,1000,per_hit,raw_percent_of_host,api-node1,api-node2,6,4,10,25.252525,14.285714,25.252525,28.571429,100.000000,50.000000,0.000000,0.000000,0.000000,0.000000,0.000000,0.000000,50.000000,69.000000,78.525190,77.759428,3.000000
2026-06-24T01:58:02.618238826Z,1000,per_hit,raw_percent_of_host,api-node1,api-node2,6,4,10,27.272727,10.101010,27.272727,20.202020,100.000000,50.000000,0.000000,0.000000,0.000000,0.000000,0.000000,0.000000,54.666667,55.000000,79.274751,76.117097,3.000000
2026-06-24T01:58:03.618239539Z,1000,per_hit,raw_percent_of_host,api-node1,api-node2,4,6,10,10.101010,20.952381,10.101010,41.904762,100.000000,50.000000,0.000000,0.000000,0.000000,0.000000,0.000000,0.000000,50.000000,78.000000,78.453727,77.173858,3.000000
2026-06-24T01:58:04.618245394Z,1000,per_hit,raw_percent_of_host,api-node1,api-node2,3,7,10,11.111111,19.191919,11.111111,38.383838,100.000000,50.000000,0.000000,0.000000,0.000000,0.000000,0.000000,0.000000,50.000000,52.714286,79.056014,78.002288,3.000000
2026-06-24T01:58:05.618241806Z,1000,per_hit,raw_percent_of_host,api-node1,api-node2,6,4,10,26.000000,12.380952,26.000000,24.761905,100.000000,50.000000,0.000000,0.000000,0.000000,0.000000,0.000000,0.000000,50.666667,66.250000,78.844337,78.088193,3.000000
2026-06-24T01:58:06.618242183Z,1000,per_hit,raw_percent_of_host,api-node1,api-node2,6,4,10,24.242424,9.523810,24.242424,19.047619,100.000000,50.000000,0.000000,0.000000,0.000000,0.000000,0.000000,0.000000,50.000000,82.500000,80.559972,75.985753,3.000000
2026-06-24T01:58:07.61823954Z,1000,per_hit,raw_percent_of_host,api-node1,api-node2,7,3,10,26.732673,11.000000,26.732673,22.000000,100.000000,50.000000,0.000000,0.000000,0.000000,0.000000,0.000000,0.000000,52.571429,50.000000,78.312119,77.724811,3.000000
2026-06-24T01:58:08.618240337Z,1000,per_hit,raw_percent_of_host,api-node1,api-node2,6,4,10,16.161616,18.181818,16.161616,36.363636,100.000000,50.000000,0.000000,0.000000,0.000000,0.000000,0.000000,0.000000,54.000000,50.000000,78.151466,81.581445,3.000000
2026-06-24T01:58:09.618239405Z,1000,per_hit,raw_percent_of_host,api-node1,api-node2,5,5,10,14.000000,16.981132,14.000000,33.962264,100.000000,50.000000,0.000000,0.000000,0.000000,0.000000,0.000000,0.000000,50.000000,82.400000,78.464968,81.322650,3.000000
2026-06-24T01:58:10.618247016Z,1000,per_hit,raw_percent_of_host,api-node1,api-node2,3,7,10,9.000000,19.047619,9.000000,38.095238,100.000000,50.000000,0.000000,0.000000,0.000000,0.000000,0.000000,0.000000,50.000000,79.714286,78.892426,77.392986,3.000000
2026-06-24T01:58:11.618240979Z,1000,per_hit,raw_percent_of_host,api-node1,api-node2,4,6,10,19.000000,14.851485,19.000000,29.702970,100.000000,50.000000,0.000000,0.000000,0.000000,0.000000,0.000000,0.000000,51.250000,64.333333,78.953476,77.659838,3.000000
2026-06-24T01:58:12.618239573Z,1000,per_hit,raw_percent_of_host,api-node1,api-node2,8,2,10,27.000000,10.101010,27.000000,20.202020,100.000000,50.000000,0.000000,0.000000,0.000000,0.000000,0.000000,0.000000,53.625000,50.000000,78.533702,78.014278,3.000000
2026-06-24T01:58:13.61823972Z,1000,per_hit,raw_percent_of_host,api-node1,api-node2,7,3,10,21.000000,10.101010,21.000000,20.202020,100.000000,50.000000,0.000000,0.000000,0.000000,0.000000,0.000000,0.000000,53.857143,50.000000,78.271677,78.280375,3.000000
2026-06-24T01:58:14.618242762Z,1000,per_hit,raw_percent_of_host,api-node1,api-node2,6,4,10,29.000000,9.000000,29.000000,18.000000,100.000000,50.000000,0.000000,0.000000,0.000000,0.000000,0.000000,0.000000,50.000000,50.250000,78.524472,78.328174,3.000000
2026-06-24T01:58:15.618239029Z,1000,per_hit,raw_percent_of_host,api-node1,api-node2,5,5,10,17.000000,15.306122,17.000000,30.612245,100.000000,50.000000,0.000000,0.000000,0.000000,0.000000,0.000000,0.000000,50.800000,83.800000,81.551285,73.776730,3.000000
2026-06-24T01:58:16.618242712Z,1000,per_hit,raw_percent_of_host,api-node1,api-node2,6,4,10,19.191919,15.000000,19.191919,30.000000,100.000000,50.000000,0.000000,0.000000,0.000000,0.000000,0.000000,0.000000,50.000000,70.750000,78.255213,81.046123,3.000000
2026-06-24T01:58:17.61824286Z,1000,per_hit,raw_percent_of_host,api-node1,api-node2,3,7,10,10.101010,21.904762,10.101010,43.809524,100.000000,50.000000,0.000000,0.000000,0.000000,0.000000,0.000000,0.000000,50.000000,71.714286,78.505581,80.373343,3.000000
2026-06-24T01:58:18.618243048Z,1000,per_hit,raw_percent_of_host,api-node1,api-node2,7,3,10,25.000000,11.000000,25.000000,22.000000,100.000000,50.000000,0.000000,0.000000,0.000000,0.000000,0.000000,0.000000,53.142857,54.000000,78.769850,78.151958,3.000000
2026-06-24T01:58:19.618249707Z,1000,per_hit,raw_percent_of_host,api-node1,api-node2,5,5,10,14.141414,19.047619,14.141414,38.095238,100.000000,50.000000,0.000000,0.000000,0.000000,0.000000,0.000000,0.000000,50.000000,79.000000,78.407647,77.304642,3.000000
2026-06-24T01:58:20.618238872Z,1000,per_hit,raw_percent_of_host,api-node1,api-node2,3,7,10,10.101010,21.000000,10.101010,42.000000,100.000000,50.000000,0.000000,0.000000,0.000000,0.000000,0.000000,0.000000,50.666667,61.000000,78.611818,80.875703,3.000000
2026-06-24T01:58:21.618240092Z,1000,per_hit,raw_percent_of_host,api-node1,api-node2,7,3,10,26.000000,11.000000,26.000000,22.000000,100.000000,50.000000,0.000000,0.000000,0.000000,0.000000,0.000000,0.000000,52.142857,53.333333,78.627358,78.478555,3.000000
2026-06-24T01:58:22.618241114Z,1000,per_hit,raw_percent_of_host,api-node1,api-node2,6,4,10,21.212121,17.307692,21.212121,34.615385,100.000000,50.000000,0.000000,0.000000,0.000000,0.000000,0.000000,0.000000,50.000000,83.000000,78.350772,77.524393,3.000000
2026-06-24T01:58:23.618242507Z,1000,per_hit,raw_percent_of_host,api-node1,api-node2,8,2,10,23.232323,10.101010,23.232323,20.202020,100.000000,50.000000,0.000000,0.000000,0.000000,0.000000,0.000000,0.000000,54.875000,50.000000,78.058854,77.677535,3.000000
2026-06-24T01:58:24.61823985Z,1000,per_hit,raw_percent_of_host,api-node1,api-node2,5,5,10,21.212121,13.131313,21.212121,26.262626,100.000000,50.000000,0.000000,0.000000,0.000000,0.000000,0.000000,0.000000,54.400000,52.400000,78.426803,78.193093,3.000000
2026-06-24T01:58:25.618238982Z,1000,per_hit,raw_percent_of_host,api-node1,api-node2,7,3,10,25.000000,10.101010,25.000000,20.202020,100.000000,50.000000,0.000000,0.000000,0.000000,0.000000,0.000000,0.000000,52.142857,50.000000,80.059607,76.743507,3.000000
2026-06-24T01:58:26.618248405Z,1000,per_hit,raw_percent_of_host,api-node1,api-node2,3,7,10,10.101010,22.641509,10.101010,45.283019,100.000000,50.000000,0.000000,0.000000,0.000000,0.000000,0.000000,0.000000,54.666667,84.142857,78.112236,81.159664,3.000000
2026-06-24T01:58:27.618240426Z,1000,per_hit,raw_percent_of_host,api-node1,api-node2,7,3,10,24.242424,12.380952,24.242424,24.761905,100.000000,50.000000,0.000000,0.000000,0.000000,0.000000,0.000000,0.000000,52.142857,94.000000,78.553857,77.096451,3.000000
2026-06-24T01:58:28.618242814Z,1000,per_hit,raw_percent_of_host,api-node1,api-node2,7,3,10,26.262626,5.000000,26.262626,10.000000,100.000000,50.000000,0.000000,0.000000,0.000000,0.000000,0.000000,0.000000,53.428571,54.333333,78.247084,77.507685,3.000000
2026-06-24T01:58:29.618238887Z,1000,per_hit,raw_percent_of_host,api-node1,api-node2,8,2,10,26.262626,6.000000,26.262626,12.000000,100.000000,50.000000,0.000000,0.000000,0.000000,0.000000,0.000000,0.000000,52.750000,50.000000,80.545914,77.438788,3.000000
2026-06-24T01:58:30.618242874Z,1000,per_hit,raw_percent_of_host,api-node1,api-node2,7,3,10,26.262626,10.101010,26.262626,20.202020,100.000000,50.000000,0.000000,0.000000,0.000000,0.000000,0.000000,0.000000,53.285714,50.000000,78.249100,78.404779,3.000000
2026-06-24T01:58:31.618240114Z,1000,per_hit,raw_percent_of_host,api-node1,api-node2,6,4,10,20.202020,14.285714,20.202020,28.571429,100.000000,50.000000,0.000000,0.000000,0.000000,0.000000,0.000000,0.000000,50.000000,79.250000,78.105811,81.091562,3.000000
2026-06-24T01:58:32.618241751Z,1000,per_hit,raw_percent_of_host,api-node1,api-node2,4,6,10,15.151515,17.171717,15.151515,34.343434,100.000000,50.000000,0.000000,0.000000,0.000000,0.000000,0.000000,0.000000,50.000000,54.666667,78.392201,80.720425,3.000000
2026-06-24T01:58:33.618239236Z,1000,per_hit,raw_percent_of_host,api-node1,api-node2,3,7,10,14.141414,20.000000,14.141414,40.000000,100.000000,50.000000,0.000000,0.000000,0.000000,0.000000,0.000000,0.000000,50.000000,54.285714,81.246685,77.033451,3.000000
2026-06-24T01:58:34.618241514Z,1000,per_hit,raw_percent_of_host,api-node1,api-node2,6,4,10,21.782178,15.094340,21.782178,30.188679,100.000000,50.000000,0.000000,0.000000,0.000000,0.000000,0.000000,0.000000,50.000000,66.750000,78.842745,77.936139,3.000000
2026-06-24T01:58:35.618239622Z,1000,per_hit,raw_percent_of_host,api-node1,api-node2,4,6,10,15.151515,16.161616,15.151515,32.323232,100.000000,50.000000,0.000000,0.000000,0.000000,0.000000,0.000000,0.000000,50.000000,64.333333,78.308211,80.126323,3.000000
2026-06-24T01:58:36.618239642Z,1000,per_hit,raw_percent_of_host,api-node1,api-node2,3,6,9,10.204082,12.121212,10.204082,24.242424,100.000000,50.000000,0.000000,0.000000,0.000000,0.000000,0.000000,0.000000,50.000000,53.833333,80.585175,76.781329,3.000000
2026-06-24T01:58:37.618239731Z,1000,per_hit,raw_percent_of_host,api-node1,api-node2,8,3,11,25.252525,14.851485,25.252525,29.702970,100.000000,50.000000,0.000000,0.000000,0.000000,0.000000,0.000000,0.000000,50.000000,50.000000,78.730410,76.483170,3.000000
2026-06-24T01:58:38.618239624Z,1000,per_hit,raw_percent_of_host,api-node1,api-node2,2,8,10,5.000000,21.212121,5.000000,42.424242,100.000000,50.000000,0.000000,0.000000,0.000000,0.000000,0.000000,0.000000,50.000000,62.000000,78.177166,77.369355,3.000000
2026-06-24T01:58:39.61824857Z,1000,per_hit,raw_percent_of_host,api-node1,api-node2,5,5,10,16.000000,13.131313,16.000000,26.262626,100.000000,50.000000,0.000000,0.000000,0.000000,0.000000,0.000000,0.000000,52.000000,58.600000,78.982840,77.195343,3.000000
2026-06-24T01:58:40.618240093Z,1000,per_hit,raw_percent_of_host,api-node1,api-node2,4,6,10,17.000000,12.121212,17.000000,24.242424,100.000000,50.000000,0.000000,0.000000,0.000000,0.000000,0.000000,0.000000,57.000000,62.166667,78.658978,76.285256,3.000000
2026-06-24T01:58:41.618239137Z,1000,per_hit,raw_percent_of_host,api-node1,api-node2,7,3,10,25.000000,5.940594,25.000000,11.881188,100.000000,50.000000,0.000000,0.000000,0.000000,0.000000,0.000000,0.000000,53.142857,71.000000,80.675664,75.818432,3.000000
2026-06-24T01:58:42.618238913Z,1000,per_hit,raw_percent_of_host,api-node1,api-node2,2,8,10,12.000000,20.202020,12.000000,40.404040,100.000000,50.000000,0.000000,0.000000,0.000000,0.000000,0.000000,0.000000,50.000000,56.500000,78.472573,77.353722,3.000000
2026-06-24T01:58:43.618246174Z,1000,per_hit,raw_percent_of_host,api-node1,api-node2,6,4,10,19.191919,15.151515,19.191919,30.303030,100.000000,50.000000,0.000000,0.000000,0.000000,0.000000,0.000000,0.000000,52.500000,50.000000,80.479904,76.410508,3.000000
2026-06-24T01:58:44.618240614Z,1000,per_hit,raw_percent_of_host,api-node1,api-node2,6,4,10,20.792079,15.151515,20.792079,30.303030,100.000000,50.000000,0.000000,0.000000,0.000000,0.000000,0.000000,0.000000,52.166667,53.500000,77.330439,79.869547,3.000000
2026-06-24T01:58:45.618243744Z,1000,per_hit,raw_percent_of_host,api-node1,api-node2,5,5,10,18.181818,14.000000,18.181818,28.000000,100.000000,50.000000,0.000000,0.000000,0.000000,0.000000,0.000000,0.000000,50.000000,54.200000,78.070216,76.327896,3.000000
2026-06-24T01:58:46.618240193Z,1000,per_hit,raw_percent_of_host,api-node1,api-node2,5,5,10,16.000000,14.000000,16.000000,28.000000,100.000000,50.000000,0.000000,0.000000,0.000000,0.000000,0.000000,0.000000,50.400000,62.000000,78.258755,77.929481,3.000000
2026-06-24T01:58:47.61823946Z,1000,per_hit,raw_percent_of_host,api-node1,api-node2,6,4,10,19.191919,10.101010,19.191919,20.202020,100.000000,50.000000,0.000000,0.000000,0.000000,0.000000,0.000000,0.000000,50.000000,67.250000,78.238275,74.596212,3.000000
2026-06-24T01:58:48.618240214Z,1000,per_hit,raw_percent_of_host,api-node1,api-node2,5,5,10,14.141414,15.151515,14.141414,30.303030,100.000000,50.000000,0.000000,0.000000,0.000000,0.000000,0.000000,0.000000,50.000000,68.000000,78.304235,77.075485,3.000000
2026-06-24T01:58:49.618239828Z,1000,per_hit,raw_percent_of_host,api-node1,api-node2,4,6,10,15.151515,17.171717,15.151515,34.343434,100.000000,50.000000,0.000000,0.000000,0.000000,0.000000,0.000000,0.000000,50.000000,70.833333,78.811542,74.686233,3.000000
2026-06-24T01:58:50.618242402Z,1000,per_hit,raw_percent_of_host,api-node1,api-node2,7,3,10,19.191919,16.326531,19.191919,32.653061,100.000000,50.000000,0.000000,0.000000,0.000000,0.000000,0.000000,0.000000,50.000000,50.000000,78.324406,78.005516,3.000000
2026-06-24T01:58:51.618243705Z,1000,per_hit,raw_percent_of_host,api-node1,api-node2,6,4,10,20.000000,14.141414,20.000000,28.282828,100.000000,50.000000,0.000000,0.000000,0.000000,0.000000,0.000000,0.000000,50.000000,50.750000,77.656811,80.401920,3.000000
2026-06-24T01:58:52.618239247Z,1000,per_hit,raw_percent_of_host,api-node1,api-node2,5,5,10,20.000000,15.841584,20.000000,31.683168,100.000000,50.000000,0.000000,0.000000,0.000000,0.000000,0.000000,0.000000,50.000000,56.200000,78.378782,76.431008,3.000000
2026-06-24T01:58:53.618242156Z,1000,per_hit,raw_percent_of_host,api-node1,api-node2,5,5,10,14.141414,16.161616,14.141414,32.323232,100.000000,50.000000,0.000000,0.000000,0.000000,0.000000,0.000000,0.000000,50.000000,52.800000,78.612912,76.711110,3.000000
2026-06-24T01:58:54.618238931Z,1000,per_hit,raw_percent_of_host,api-node1,api-node2,5,5,10,20.000000,14.141414,20.000000,28.282828,100.000000,50.000000,0.000000,0.000000,0.000000,0.000000,0.000000,0.000000,50.000000,62.800000,78.268410,77.249584,3.000000
2026-06-24T01:58:55.618243108Z,1000,per_hit,raw_percent_of_host,api-node1,api-node2,5,5,10,20.000000,12.244898,20.000000,24.489796,100.000000,50.000000,0.000000,0.000000,0.000000,0.000000,0.000000,0.000000,50.000000,61.000000,78.037541,76.101067,3.000000
2026-06-24T01:58:56.618239017Z,1000,per_hit,raw_percent_of_host,api-node1,api-node2,7,3,10,19.000000,15.151515,19.000000,30.303030,100.000000,50.000000,0.000000,0.000000,0.000000,0.000000,0.000000,0.000000,50.000000,50.000000,78.422976,76.477366,3.000000
2026-06-24T01:58:57.618238831Z,1000,per_hit,raw_percent_of_host,api-node1,api-node2,2,8,10,6.000000,21.153846,6.000000,42.307692,100.000000,50.000000,0.000000,0.000000,0.000000,0.000000,0.000000,0.000000,50.000000,76.000000,78.135796,80.189738,3.000000
2026-06-24T01:58:58.618239561Z,1000,per_hit,raw_percent_of_host,api-node1,api-node2,5,5,10,19.191919,15.151515,19.191919,30.303030,100.000000,50.000000,0.000000,0.000000,0.000000,0.000000,0.000000,0.000000,50.000000,56.200000,80.337925,77.085057,3.000000
2026-06-24T01:58:59.618242219Z,1000,per_hit,raw_percent_of_host,api-node1,api-node2,4,6,10,20.202020,14.000000,20.202020,28.000000,100.000000,50.000000,0.000000,0.000000,0.000000,0.000000,0.000000,0.000000,50.000000,59.000000,78.453492,76.860128,3.000000
2026-06-24T01:59:00.618242873Z,1000,per_hit,raw_percent_of_host,api-node1,api-node2,6,4,10,20.202020,13.265306,20.202020,26.530612,100.000000,50.000000,0.000000,0.000000,0.000000,0.000000,0.000000,0.000000,50.500000,51.750000,78.313905,76.745087,3.000000
2026-06-24T01:59:01.618246129Z,1000,per_hit,raw_percent_of_host,api-node1,api-node2,5,5,10,19.000000,14.000000,19.000000,28.000000,100.000000,50.000000,0.000000,0.000000,0.000000,0.000000,0.000000,0.000000,50.000000,58.600000,78.413767,76.688698,3.000000
2026-06-24T01:59:02.618241821Z,1000,per_hit,raw_percent_of_host,api-node1,api-node2,5,5,10,25.252525,10.101010,25.252525,20.202020,100.000000,50.000000,0.000000,0.000000,0.000000,0.000000,0.000000,0.000000,50.000000,62.400000,78.184136,76.296424,3.000000
2026-06-24T01:59:03.618242478Z,1000,per_hit,raw_percent_of_host,api-node1,api-node2,9,4,13,25.252525,18.181818,25.252525,36.363636,100.000000,50.000000,0.000000,0.000000,0.000000,0.000000,0.000000,0.000000,51.222222,65.750000,78.126380,76.713048,3.000000
2026-06-24T01:59:04.618248537Z,1000,per_hit,raw_percent_of_host,api-node1,api-node2,10,9,19,27.102804,13.333333,27.102804,26.666667,100.000000,50.000000,0.000000,0.000000,0.000000,0.000000,0.000000,0.000000,71.800000,115.000000,77.475439,82.211239,3.000000
2026-06-24T01:59:05.618239422Z,1000,per_hit,raw_percent_of_host,api-node1,api-node2,11,14,25,26.851852,15.238095,26.851852,30.476190,100.000000,50.000000,0.000000,5.000000,0.000000,0.000000,0.000000,5.000000,71.727273,149.666667,77.971286,76.801010,3.000000
2026-06-24T01:59:06.618239245Z,1000,per_hit,raw_percent_of_host,api-node1,api-node2,16,14,30,32.710280,11.428571,32.710280,22.857143,100.000000,50.000000,0.000000,1.000000,0.000000,0.000000,0.000000,1.000000,103.750000,246.055556,77.337192,76.050090,3.000000
2026-06-24T01:59:07.61824171Z,1000,per_hit,raw_percent_of_host,api-node1,api-node2,25,11,36,32.407407,9.523810,32.407407,19.047619,100.000000,50.000000,1.000000,0.000000,0.000000,0.000000,1.000000,0.000000,135.500000,199.333333,76.945060,75.854120,3.000000
2026-06-24T01:59:08.618239118Z,1000,per_hit,raw_percent_of_host,api-node1,api-node2,22,20,42,27.102804,15.238095,27.102804,30.476190,100.000000,50.000000,0.000000,4.000000,0.000000,0.000000,0.000000,4.000000,174.173913,166.437500,76.383922,75.181785,3.000000
2026-06-24T01:59:09.618239533Z,1000,per_hit,raw_percent_of_host,api-node1,api-node2,23,24,47,26.415094,16.129032,26.415094,32.258065,100.000000,50.000000,1.000000,20.000000,0.000000,0.000000,1.000000,20.000000,149.909091,271.125000,76.899693,76.396757,3.000000
2026-06-24T01:59:10.618239824Z,1000,per_hit,raw_percent_of_host,api-node1,api-node2,26,27,53,21.296296,20.202020,21.296296,40.404040,100.000000,50.000000,5.000000,16.000000,0.000000,0.000000,5.000000,16.000000,174.136364,291.354839,76.425847,77.014817,3.000000
2026-06-24T01:59:11.618239626Z,1000,per_hit,raw_percent_of_host,api-node1,api-node2,26,33,59,32.407407,26.732673,32.407407,53.465347,100.000000,50.000000,3.000000,29.000000,0.000000,0.000000,3.000000,29.000000,192.714286,325.300000,75.265311,73.780757,3.000000
2026-06-24T01:59:12.61823987Z,1000,per_hit,raw_percent_of_host,api-node1,api-node2,34,30,64,28.888889,25.000000,28.888889,50.000000,100.000000,50.000000,30.000000,25.000000,0.000000,0.000000,30.000000,25.000000,134.428571,444.323529,76.693817,77.789262,3.000000
2026-06-24T01:59:13.61824107Z,1000,per_hit,raw_percent_of_host,api-node1,api-node2,39,31,70,24.074074,25.252525,24.074074,50.505051,100.000000,50.000000,25.000000,27.000000,0.000000,0.000000,25.000000,27.000000,272.568182,480.655172,78.094436,77.099156,3.000000
2026-06-24T01:59:14.618240166Z,1000,per_hit,raw_percent_of_host,api-node1,api-node2,35,41,76,33.695652,25.000000,33.695652,50.000000,100.000000,50.000000,29.000000,35.000000,0.000000,0.000000,29.000000,35.000000,265.516129,475.030303,77.077253,77.533109,3.000000
2026-06-24T01:59:15.618241939Z,1000,per_hit,raw_percent_of_host,api-node1,api-node2,37,45,82,33.673469,25.252525,33.673469,50.505051,100.000000,50.000000,27.000000,39.000000,0.000000,0.000000,27.000000,39.000000,291.205128,706.902439,76.130289,70.457395,3.000000
2026-06-24T01:59:16.618242555Z,1000,per_hit,raw_percent_of_host,api-node1,api-node2,48,36,84,40.217391,25.742574,40.217391,51.485149,100.000000,50.000000,42.000000,38.000000,0.000000,0.000000,42.000000,38.000000,284.363636,863.459459,78.482379,49.026509,3.000000
2026-06-24T01:59:17.618241581Z,1000,per_hit,raw_percent_of_host,api-node1,api-node2,57,36,93,50.495050,25.252525,50.495050,50.505051,100.000000,50.000000,44.000000,33.000000,0.000000,0.000000,44.000000,33.000000,352.327273,803.048780,77.234628,49.326212,3.000000
2026-06-24T01:59:18.618239559Z,1000,per_hit,raw_percent_of_host,api-node1,api-node2,45,54,99,51.485149,25.000000,51.485149,50.000000,100.000000,50.000000,33.000000,48.000000,0.000000,0.000000,33.000000,48.000000,322.785714,525.641026,77.063699,75.100112,3.000000
2026-06-24T01:59:19.618241811Z,1000,per_hit,raw_percent_of_host,api-node1,api-node2,30,31,61,43.624161,25.000000,43.624161,50.000000,100.000000,50.000000,20.000000,73.000000,0.000000,0.000000,20.000000,73.000000,315.116279,976.000000,77.317079,50.341020,3.000000
2026-06-24T01:59:20.618239381Z,1000,per_hit,raw_percent_of_host,api-node1,api-node2,62,48,110,39.784946,27.000000,39.784946,54.000000,100.000000,50.000000,54.000000,37.000000,0.000000,0.000000,54.000000,37.000000,220.500000,1286.619048,78.125903,51.836219,3.000000
2026-06-24T01:59:21.618239411Z,1000,per_hit,raw_percent_of_host,api-node1,api-node2,69,46,115,50.000000,25.000000,50.000000,50.000000,100.000000,50.000000,56.000000,43.000000,0.000000,0.000000,56.000000,43.000000,473.492537,804.925000,77.210032,47.756773,3.000000
2026-06-24T01:59:22.618239543Z,1000,per_hit,raw_percent_of_host,api-node1,api-node2,64,44,108,51.485149,24.489796,51.485149,48.979592,100.000000,50.000000,54.000000,55.000000,0.000000,0.000000,54.000000,55.000000,392.833333,785.000000,73.466573,48.866645,3.000000
2026-06-24T01:59:23.618240119Z,1000,per_hit,raw_percent_of_host,api-node1,api-node2,78,49,127,51.000000,27.000000,51.000000,54.000000,100.000000,50.000000,52.000000,37.000000,0.000000,0.000000,52.000000,37.000000,455.212500,744.119403,72.827596,47.038215,3.000000
2026-06-24T01:59:24.618244415Z,1000,per_hit,raw_percent_of_host,api-node1,api-node2,68,56,124,51.000000,25.000000,51.000000,50.000000,100.000000,50.000000,52.000000,61.000000,0.000000,0.000000,52.000000,61.000000,451.147059,678.406250,73.943159,59.200880,3.000000
2026-06-24T01:59:25.618239237Z,1000,per_hit,raw_percent_of_host,api-node1,api-node2,86,46,132,51.485149,25.316456,51.485149,50.632911,100.000000,50.000000,66.000000,48.000000,0.000000,0.000000,66.000000,48.000000,360.486111,1062.983051,75.166351,47.089611,3.000000
2026-06-24T01:59:26.618239478Z,1000,per_hit,raw_percent_of_host,api-node1,api-node2,63,60,123,46.534653,25.316456,46.534653,50.632911,100.000000,50.000000,47.000000,70.000000,0.000000,0.000000,47.000000,70.000000,713.780488,1126.763158,64.042894,45.906491,3.000000
2026-06-24T01:59:27.618239654Z,1000,per_hit,raw_percent_of_host,api-node1,api-node2,64,46,110,50.505051,25.000000,50.505051,50.000000,100.000000,50.000000,40.000000,84.000000,0.000000,0.000000,40.000000,84.000000,446.633803,1142.593750,72.727659,45.567738,3.000000
2026-06-24T01:59:28.618239972Z,1000,per_hit,raw_percent_of_host,api-node1,api-node2,51,37,88,51.485149,25.252525,51.485149,50.505051,100.000000,50.000000,24.000000,106.000000,0.000000,0.000000,24.000000,106.000000,276.268657,1301.200000,71.868504,43.559013,3.000000
2026-06-24T01:59:29.618240594Z,1000,per_hit,raw_percent_of_host,api-node1,api-node2,76,56,132,54.347826,25.252525,54.347826,50.505051,100.000000,50.000000,31.000000,84.000000,0.000000,0.000000,31.000000,84.000000,296.434783,1818.102564,66.802129,44.985245,3.000000
2026-06-24T01:59:30.618239994Z,1000,per_hit,raw_percent_of_host,api-node1,api-node2,67,42,109,51.798561,23.376623,51.798561,46.753247,100.000000,50.000000,27.000000,100.000000,0.000000,0.000000,27.000000,100.000000,240.169014,1699.423077,73.607954,44.311266,3.000000
2026-06-24T01:59:31.618239509Z,1000,per_hit,raw_percent_of_host,api-node1,api-node2,57,42,99,51.000000,23.376623,51.000000,46.753247,100.000000,50.000000,3.000000,116.000000,0.000000,0.000000,3.000000,116.000000,255.691358,2200.615385,67.338585,43.298644,3.000000
2026-06-24T01:59:32.618239207Z,1000,per_hit,raw_percent_of_host,api-node1,api-node2,58,32,90,44.086022,23.376623,44.086022,46.753247,100.000000,50.000000,17.000000,94.000000,0.000000,0.000000,17.000000,94.000000,146.818182,2798.833333,76.278059,41.761721,3.000000
2026-06-24T01:59:33.618239829Z,1000,per_hit,raw_percent_of_host,api-node1,api-node2,80,73,153,47.272727,23.376623,47.272727,46.753247,100.000000,50.000000,20.000000,101.000000,0.000000,0.000000,20.000000,101.000000,354.909091,2033.909091,59.579569,45.186574,3.000000
2026-06-24T01:59:34.618239141Z,1000,per_hit,raw_percent_of_host,api-node1,api-node2,70,42,112,50.000000,23.376623,50.000000,46.753247,100.000000,50.000000,15.000000,109.000000,0.000000,0.000000,15.000000,109.000000,193.026667,1888.558824,69.025115,41.207156,3.000000
2026-06-24T01:59:35.618240099Z,1000,per_hit,raw_percent_of_host,api-node1,api-node2,55,23,78,50.000000,23.376623,50.000000,46.753247,100.000000,50.000000,8.000000,125.000000,0.000000,0.000000,8.000000,125.000000,203.677419,2138.142857,71.564978,41.803548,3.000000
2026-06-24T01:59:36.618239619Z,1000,per_hit,raw_percent_of_host,api-node1,api-node2,96,83,179,52.688172,23.376623,52.688172,46.753247,100.000000,50.000000,56.000000,81.000000,0.000000,0.000000,56.000000,81.000000,164.750000,2502.755906,72.610050,67.828125,3.000000
2026-06-24T01:59:37.618243763Z,1000,per_hit,raw_percent_of_host,api-node1,api-node2,43,62,105,51.485149,23.376623,51.485149,46.753247,100.000000,50.000000,26.000000,136.000000,0.000000,0.000000,26.000000,136.000000,532.150685,1197.428571,65.856619,63.931454,3.000000
2026-06-24T01:59:38.618239359Z,1000,per_hit,raw_percent_of_host,api-node1,api-node2,47,45,92,52.000000,23.376623,52.000000,46.753247,100.000000,50.000000,9.000000,133.000000,0.000000,0.000000,9.000000,133.000000,214.828125,1478.666667,67.773893,50.000000,3.000000
2026-06-24T01:59:39.618241086Z,1000,per_hit,raw_percent_of_host,api-node1,api-node2,23,24,47,54.255319,23.376623,54.255319,46.753247,100.000000,50.000000,0.000000,157.000000,0.000000,0.000000,0.000000,157.000000,114.312500,0.000000,77.275554,50.000000,3.000000
2026-06-24T01:59:40.61824068Z,1000,per_hit,raw_percent_of_host,api-node1,api-node2,92,64,156,31.000000,25.000000,31.000000,50.000000,100.000000,50.000000,82.000000,87.000000,0.000000,0.000000,82.000000,87.000000,87.300000,2806.223881,76.738943,60.088932,3.000000
2026-06-24T01:59:41.618239898Z,1000,per_hit,raw_percent_of_host,api-node1,api-node2,56,48,104,31.000000,25.000000,31.000000,50.000000,100.000000,50.000000,58.000000,101.000000,0.000000,0.000000,58.000000,101.000000,776.814815,2147.470588,59.364848,57.452394,3.000000
2026-06-24T01:59:42.618239606Z,1000,per_hit,raw_percent_of_host,api-node1,api-node2,68,51,119,51.485149,25.000000,51.485149,50.000000,100.000000,50.000000,34.000000,121.000000,0.000000,0.000000,34.000000,121.000000,620.956044,1582.516129,60.891040,42.800980,3.000000
2026-06-24T01:59:43.618239642Z,1000,per_hit,raw_percent_of_host,api-node1,api-node2,69,31,100,51.485149,25.000000,51.485149,50.000000,100.000000,50.000000,23.000000,105.000000,0.000000,0.000000,23.000000,105.000000,208.637500,2165.617021,72.314004,42.609445,3.000000
2026-06-24T01:59:44.618239281Z,1000,per_hit,raw_percent_of_host,api-node1,api-node2,70,51,121,50.000000,25.000000,50.000000,50.000000,100.000000,50.000000,14.000000,111.000000,0.000000,0.000000,14.000000,111.000000,218.620253,2403.822222,69.447832,42.700402,3.000000
2026-06-24T01:59:45.618239677Z,1000,per_hit,raw_percent_of_host,api-node1,api-node2,71,31,102,54.000000,26.666667,54.000000,53.333333,100.000000,50.000000,14.000000,108.000000,0.000000,0.000000,14.000000,108.000000,191.464789,2500.264706,71.522460,42.764737,3.000000
2026-06-24T01:59:46.618239316Z,1000,per_hit,raw_percent_of_host,api-node1,api-node2,59,21,80,51.515152,26.666667,51.515152,53.333333,100.000000,50.000000,11.000000,121.000000,0.000000,0.000000,11.000000,121.000000,150.516129,2289.125000,71.888066,42.101058,3.000000
2026-06-24T01:59:47.618239773Z,1000,per_hit,raw_percent_of_host,api-node1,api-node2,85,61,146,50.505051,26.666667,50.505051,53.333333,100.000000,50.000000,32.000000,95.000000,0.000000,0.000000,32.000000,95.000000,379.781250,2780.160920,63.464765,44.555582,3.000000
2026-06-24T01:59:48.618239786Z,1000,per_hit,raw_percent_of_host,api-node1,api-node2,55,36,91,50.505051,26.666667,50.505051,53.333333,100.000000,50.000000,2.000000,125.000000,0.000000,0.000000,2.000000,125.000000,407.341176,1471.333333,68.337774,43.682319,3.000000
2026-06-24T01:59:49.618239323Z,1000,per_hit,raw_percent_of_host,api-node1,api-node2,125,55,180,48.936170,26.732673,48.936170,53.465347,100.000000,50.000000,90.000000,46.000000,0.000000,0.000000,90.000000,46.000000,201.864865,2255.977612,75.113650,45.332616,3.000000
2026-06-24T01:59:50.61824155Z,1000,per_hit,raw_percent_of_host,api-node1,api-node2,43,31,74,50.000000,26.732673,50.000000,53.465347,100.000000,50.000000,55.000000,75.000000,0.000000,0.000000,55.000000,75.000000,821.371795,661.000000,62.450428,46.780973,3.000000
2026-06-24T01:59:51.618239929Z,1000,per_hit,raw_percent_of_host,api-node1,api-node2,82,80,162,16.666667,25.252525,16.666667,50.505051,100.000000,50.000000,89.000000,84.000000,0.000000,0.000000,89.000000,84.000000,1192.625000,1258.394366,47.605220,45.385784,3.000000
2026-06-24T01:59:52.61823913Z,1000,per_hit,raw_percent_of_host,api-node1,api-node2,75,44,119,50.505051,25.252525,50.505051,50.505051,100.000000,50.000000,66.000000,104.000000,0.000000,0.000000,66.000000,104.000000,914.795918,1458.541667,73.091871,43.410098,3.000000
2026-06-24T01:59:53.618239207Z,1000,per_hit,raw_percent_of_host,api-node1,api-node2,70,57,127,51.485149,25.252525,51.485149,50.505051,100.000000,50.000000,16.000000,107.000000,0.000000,0.000000,16.000000,107.000000,424.533333,1942.518519,65.284586,42.683283,3.000000
2026-06-24T01:59:54.618239386Z,1000,per_hit,raw_percent_of_host,api-node1,api-node2,67,47,114,50.495050,25.252525,50.495050,50.505051,100.000000,50.000000,13.000000,111.000000,0.000000,0.000000,13.000000,111.000000,201.314286,1996.093023,69.515979,42.642607,3.000000
2026-06-24T01:59:55.618240031Z,1000,per_hit,raw_percent_of_host,api-node1,api-node2,63,35,98,50.495050,25.252525,50.495050,50.505051,100.000000,50.000000,17.000000,111.000000,0.000000,0.000000,17.000000,111.000000,154.288136,2341.742857,70.982386,42.259690,3.000000
2026-06-24T01:59:56.618240343Z,1000,per_hit,raw_percent_of_host,api-node1,api-node2,62,45,107,50.495050,27.000000,50.495050,54.000000,100.000000,50.000000,16.000000,118.000000,0.000000,0.000000,16.000000,118.000000,201.730159,2583.868421,69.303596,43.306750,3.000000
2026-06-24T01:59:57.618240373Z,1000,per_hit,raw_percent_of_host,api-node1,api-node2,47,16,63,51.000000,27.000000,51.000000,54.000000,100.000000,50.000000,6.000000,133.000000,0.000000,0.000000,6.000000,133.000000,159.929825,3712.000000,69.774592,41.497116,3.000000
2026-06-24T01:59:58.618243744Z,1000,per_hit,raw_percent_of_host,api-node1,api-node2,93,82,175,51.000000,26.000000,51.000000,52.000000,100.000000,50.000000,42.000000,83.000000,0.000000,0.000000,42.000000,83.000000,187.140351,2856.090909,69.032133,44.328461,3.000000
2026-06-24T01:59:59.618240205Z,1000,per_hit,raw_percent_of_host,api-node1,api-node2,65,49,114,50.505051,26.000000,50.505051,52.000000,100.000000,50.000000,44.000000,115.000000,0.000000,0.000000,44.000000,115.000000,489.761905,1232.764706,65.781088,42.990988,3.000000
2026-06-24T02:00:00.61823903Z,1000,per_hit,raw_percent_of_host,api-node1,api-node2,70,32,102,50.505051,18.181818,50.505051,36.363636,100.000000,50.000000,46.000000,106.000000,0.000000,0.000000,46.000000,106.000000,388.882353,1875.829268,69.344091,42.712675,3.000000
2026-06-24T02:00:01.618239277Z,1000,per_hit,raw_percent_of_host,api-node1,api-node2,53,55,108,52.747253,25.742574,52.747253,51.485149,100.000000,50.000000,11.000000,128.000000,0.000000,0.000000,11.000000,128.000000,315.295455,2435.696970,71.515777,42.316244,3.000000
2026-06-24T02:00:02.618239618Z,1000,per_hit,raw_percent_of_host,api-node1,api-node2,35,22,57,45.370370,25.742574,45.370370,51.485149,100.000000,50.000000,1.000000,145.000000,0.000000,0.000000,1.000000,145.000000,186.088889,2228.600000,74.384005,40.811759,3.000000
2026-06-24T02:00:03.618240061Z,1000,per_hit,raw_percent_of_host,api-node1,api-node2,108,70,178,27.956989,26.000000,27.956989,52.000000,100.000000,50.000000,93.000000,70.000000,0.000000,0.000000,93.000000,70.000000,101.625000,2565.241379,75.483533,45.887874,3.000000
2026-06-24T02:00:04.618239258Z,1000,per_hit,raw_percent_of_host,api-node1,api-node2,53,39,92,51.401869,26.000000,51.401869,52.000000,100.000000,50.000000,70.000000,94.000000,0.000000,0.000000,70.000000,94.000000,651.210526,1180.866667,50.073979,45.295992,3.000000
2026-06-24T02:00:05.618240132Z,1000,per_hit,raw_percent_of_host,api-node1,api-node2,67,39,106,51.960784,26.000000,51.960784,52.000000,100.000000,50.000000,36.000000,111.000000,0.000000,0.000000,36.000000,111.000000,841.584158,1550.318182,64.803113,42.744605,3.000000
2026-06-24T02:00:06.618241102Z,1000,per_hit,raw_percent_of_host,api-node1,api-node2,82,50,132,54.615385,26.000000,54.615385,52.000000,100.000000,50.000000,53.000000,97.000000,0.000000,0.000000,53.000000,97.000000,291.046154,2382.453125,68.966328,44.493705,3.000000
2026-06-24T02:00:07.618240545Z,1000,per_hit,raw_percent_of_host,api-node1,api-node2,78,43,121,51.485149,26.000000,51.485149,52.000000,100.000000,50.000000,63.000000,100.000000,0.000000,0.000000,63.000000,100.000000,450.367647,2234.350000,67.586880,42.029683,3.000000
2026-06-24T02:00:08.618239251Z,1000,per_hit,raw_percent_of_host,api-node1,api-node2,68,67,135,51.485149,0.000000,51.485149,0.000000,100.000000,50.000000,58.000000,88.000000,0.000000,0.000000,58.000000,88.000000,771.684932,1889.075949,49.716814,49.901385,3.000000
2026-06-24T02:00:09.61824008Z,1000,per_hit,raw_percent_of_host,api-node1,api-node2,47,50,97,48.684211,0.000000,48.684211,0.000000,100.000000,50.000000,5.000000,133.000000,0.000000,0.000000,5.000000,133.000000,476.630000,1582.600000,69.661849,50.351236,3.000000
2026-06-24T02:00:10.618239733Z,1000,per_hit,raw_percent_of_host,api-node1,api-node2,36,33,69,45.794393,0.000000,45.794393,0.000000,100.000000,50.000000,0.000000,144.000000,0.000000,0.000000,0.000000,144.000000,111.439024,1942.409091,76.851335,50.000000,3.000000
2026-06-24T02:00:11.618239603Z,1000,per_hit,raw_percent_of_host,api-node1,api-node2,26,15,41,33.644860,0.000000,33.644860,0.000000,100.000000,50.000000,0.000000,154.000000,0.000000,0.000000,0.000000,154.000000,115.384615,2967.800000,78.341085,50.000000,3.000000
2026-06-24T02:00:12.618239163Z,1000,per_hit,raw_percent_of_host,api-node1,api-node2,50,22,72,33.644860,0.000000,33.644860,0.000000,100.000000,50.000000,1.000000,83.000000,0.000000,0.000000,1.000000,83.000000,179.489796,3247.890110,74.103272,55.107173,3.000000
2026-06-24T02:00:13.618239753Z,1000,per_hit,raw_percent_of_host,api-node1,api-node2,111,69,180,50.000000,25.252525,50.000000,50.505051,100.000000,50.000000,74.000000,67.000000,0.000000,0.000000,74.000000,67.000000,498.763158,2695.137931,65.923949,59.875799,3.000000
2026-06-24T02:00:14.618239552Z,1000,per_hit,raw_percent_of_host,api-node1,api-node2,56,62,118,50.505051,25.252525,50.505051,50.505051,100.000000,50.000000,20.000000,102.000000,0.000000,0.000000,20.000000,102.000000,1045.390909,1184.407407,45.924557,50.992735,3.000000
2026-06-24T02:00:15.618241438Z,1000,per_hit,raw_percent_of_host,api-node1,api-node2,88,61,149,45.370370,26.229508,45.370370,52.459016,100.000000,50.000000,28.000000,91.000000,0.000000,0.000000,28.000000,91.000000,210.050000,1766.388889,69.276383,43.185241,3.000000
2026-06-24T02:00:16.61823909Z,1000,per_hit,raw_percent_of_host,api-node1,api-node2,76,42,118,48.958333,26.732673,48.958333,53.465347,100.000000,50.000000,20.000000,102.000000,0.000000,0.000000,20.000000,102.000000,273.583333,1460.161290,67.836378,43.286607,3.000000
2026-06-24T02:00:17.618239218Z,1000,per_hit,raw_percent_of_host,api-node1,api-node2,66,39,105,51.000000,26.732673,51.000000,53.465347,100.000000,50.000000,19.000000,114.000000,0.000000,0.000000,19.000000,114.000000,234.880597,2133.629630,63.854695,42.932371,3.000000
2026-06-24T02:00:18.618239491Z,1000,per_hit,raw_percent_of_host,api-node1,api-node2,42,24,66,51.000000,26.732673,51.000000,53.465347,100.000000,50.000000,5.000000,138.000000,0.000000,0.000000,5.000000,138.000000,157.000000,0.000000,73.358659,41.503926,3.000000
2026-06-24T02:00:19.618240354Z,1000,per_hit,raw_percent_of_host,api-node1,api-node2,112,67,179,50.000000,25.000000,50.000000,50.000000,100.000000,50.000000,66.000000,60.000000,0.000000,0.000000,66.000000,60.000000,509.725490,2359.158621,64.104348,45.211888,3.000000
2026-06-24T02:00:20.618239368Z,1000,per_hit,raw_percent_of_host,api-node1,api-node2,68,79,147,50.000000,25.252525,50.000000,50.505051,100.000000,50.000000,22.000000,112.000000,0.000000,0.000000,22.000000,112.000000,627.482143,942.740741,52.590031,50.816057,3.000000
2026-06-24T02:00:21.618239872Z,1000,per_hit,raw_percent_of_host,api-node1,api-node2,53,35,88,57.000000,25.252525,57.000000,50.505051,100.000000,50.000000,13.000000,127.000000,0.000000,0.000000,13.000000,127.000000,249.612903,1721.000000,67.025931,41.976747,3.000000
2026-06-24T02:00:22.618240393Z,1000,per_hit,raw_percent_of_host,api-node1,api-node2,40,13,53,47.706422,25.252525,47.706422,50.505051,100.000000,50.000000,4.000000,140.000000,0.000000,0.000000,4.000000,140.000000,114.489796,0.000000,75.537582,41.066637,3.000000
2026-06-24T02:00:23.618239242Z,1000,per_hit,raw_percent_of_host,api-node1,api-node2,114,64,178,45.945946,26.000000,45.945946,52.000000,100.000000,50.000000,87.000000,58.000000,0.000000,0.000000,87.000000,58.000000,91.580645,2803.417808,78.206321,46.009239,3.000000
2026-06-24T02:00:24.618240746Z,1000,per_hit,raw_percent_of_host,api-node1,api-node2,23,24,47,32.584270,26.000000,32.584270,52.000000,100.000000,50.000000,97.000000,78.000000,0.000000,0.000000,97.000000,78.000000,818.076923,1336.000000,59.898691,53.991348,3.000000
2026-06-24T02:00:25.61823959Z,1000,per_hit,raw_percent_of_host,api-node1,api-node2,102,74,176,50.495050,25.252525,50.495050,50.505051,100.000000,50.000000,29.000000,71.000000,0.000000,0.000000,29.000000,71.000000,847.788235,1534.888889,62.070110,44.819176,3.000000
2026-06-24T02:00:26.618240767Z,1000,per_hit,raw_percent_of_host,api-node1,api-node2,68,49,117,50.495050,25.000000,50.495050,50.000000,100.000000,50.000000,13.000000,112.000000,0.000000,0.000000,13.000000,112.000000,492.095238,825.875000,67.987994,46.928803,3.000000
2026-06-24T02:00:27.618240113Z,1000,per_hit,raw_percent_of_host,api-node1,api-node2,49,33,82,50.526316,25.000000,50.526316,50.000000,100.000000,50.000000,1.000000,131.000000,0.000000,0.000000,1.000000,131.000000,176.885246,1938.500000,69.735118,41.706267,3.000000
2026-06-24T02:00:28.618239839Z,1000,per_hit,raw_percent_of_host,api-node1,api-node2,54,37,91,44.444444,23.711340,44.444444,47.422680,100.000000,50.000000,12.000000,52.000000,0.000000,0.000000,12.000000,52.000000,150.627907,2636.715517,73.891063,41.386590,3.000000
2026-06-24T02:00:29.618238977Z,1000,per_hit,raw_percent_of_host,api-node1,api-node2,85,69,154,51.000000,23.711340,51.000000,47.422680,100.000000,50.000000,6.000000,103.000000,0.000000,0.000000,6.000000,103.000000,382.153846,1214.944444,64.738452,47.849574,3.000000
2026-06-24T02:00:30.618239102Z,1000,per_hit,raw_percent_of_host,api-node1,api-node2,62,41,103,51.485149,25.000000,51.485149,50.000000,100.000000,50.000000,7.000000,118.000000,0.000000,0.000000,7.000000,118.000000,244.770492,2113.692308,73.735477,44.231312,3.000000
2026-06-24T02:00:31.618239827Z,1000,per_hit,raw_percent_of_host,api-node1,api-node2,87,65,152,50.495050,26.000000,50.495050,52.000000,100.000000,50.000000,26.000000,86.000000,0.000000,0.000000,26.000000,86.000000,361.449275,2024.144330,66.033250,43.259379,3.000000
2026-06-24T02:00:32.618239548Z,1000,per_hit,raw_percent_of_host,api-node1,api-node2,70,45,115,50.495050,26.000000,50.495050,52.000000,100.000000,50.000000,13.000000,114.000000,0.000000,0.000000,13.000000,114.000000,253.243902,2031.470588,65.193026,42.787477,3.000000
2026-06-24T02:00:33.618239595Z,1000,per_hit,raw_percent_of_host,api-node1,api-node2,64,34,98,50.495050,26.000000,50.495050,52.000000,100.000000,50.000000,12.000000,113.000000,0.000000,0.000000,12.000000,113.000000,208.307692,2144.800000,67.686613,42.140411,3.000000
2026-06-24T02:00:34.618240422Z,1000,per_hit,raw_percent_of_host,api-node1,api-node2,74,44,118,51.485149,25.000000,51.485149,50.000000,100.000000,50.000000,20.000000,101.000000,0.000000,0.000000,20.000000,101.000000,234.515152,2455.107143,69.288408,43.121396,3.000000
2026-06-24T02:00:35.618240007Z,1000,per_hit,raw_percent_of_host,api-node1,api-node2,53,26,79,50.495050,25.000000,50.495050,50.000000,100.000000,50.000000,8.000000,114.000000,0.000000,0.000000,8.000000,114.000000,199.615385,1662.230769,69.847463,42.534257,3.000000
2026-06-24T02:00:36.618239484Z,1000,per_hit,raw_percent_of_host,api-node1,api-node2,80,60,140,51.000000,25.252525,51.000000,50.505051,100.000000,50.000000,5.000000,83.000000,0.000000,0.000000,5.000000,83.000000,439.180723,2377.945055,66.486365,45.680078,3.000000
2026-06-24T02:00:37.618239635Z,1000,per_hit,raw_percent_of_host,api-node1,api-node2,85,50,135,51.000000,25.252525,51.000000,50.505051,100.000000,50.000000,23.000000,71.000000,0.000000,0.000000,23.000000,71.000000,414.701493,1656.838710,65.696639,43.847584,3.000000
2026-06-24T02:00:38.618239677Z,1000,per_hit,raw_percent_of_host,api-node1,api-node2,67,55,122,51.515152,26.000000,51.515152,52.000000,100.000000,50.000000,9.000000,79.000000,0.000000,0.000000,9.000000,79.000000,246.753086,1542.404255,67.395399,45.129720,3.000000
2026-06-24T02:00:39.61824063Z,1000,per_hit,raw_percent_of_host,api-node1,api-node2,71,38,109,50.980392,26.573427,50.980392,53.146853,100.000000,50.000000,22.000000,64.000000,0.000000,0.000000,22.000000,64.000000,182.396552,1487.207547,71.858512,50.447310,3.000000
2026-06-24T02:00:40.618239836Z,1000,per_hit,raw_percent_of_host,api-node1,api-node2,49,40,89,50.505051,26.573427,50.505051,53.146853,100.000000,50.000000,2.000000,91.000000,0.000000,0.000000,2.000000,91.000000,238.449275,1299.769231,69.400858,44.542916,3.000000
2026-06-24T02:00:41.618240223Z,1000,per_hit,raw_percent_of_host,api-node1,api-node2,70,56,126,50.000000,26.573427,50.000000,53.146853,100.000000,50.000000,35.000000,60.000000,0.000000,0.000000,35.000000,60.000000,205.945946,1799.873563,76.902705,45.884863,3.000000
2026-06-24T02:00:42.618240162Z,1000,per_hit,raw_percent_of_host,api-node1,api-node2,69,41,110,46.000000,26.666667,46.000000,53.333333,100.000000,50.000000,35.000000,57.000000,0.000000,0.000000,35.000000,57.000000,311.362319,1070.772727,70.865618,46.034627,3.000000
2026-06-24T02:00:43.61823936Z,1000,per_hit,raw_percent_of_host,api-node1,api-node2,65,53,118,51.960784,25.252525,51.960784,50.505051,100.000000,50.000000,20.000000,51.000000,0.000000,0.000000,20.000000,51.000000,255.100000,1375.000000,71.033186,45.736670,3.000000
2026-06-24T02:00:44.618241092Z,1000,per_hit,raw_percent_of_host,api-node1,api-node2,66,43,109,50.000000,0.000000,50.000000,0.000000,100.000000,50.000000,41.000000,41.000000,0.000000,0.000000,41.000000,41.000000,188.866667,939.811321,72.778613,52.880529,3.000000
2026-06-24T02:00:45.618239444Z,1000,per_hit,raw_percent_of_host,api-node1,api-node2,36,48,84,50.980392,24.242424,50.980392,48.484848,100.000000,50.000000,4.000000,35.000000,0.000000,0.000000,4.000000,35.000000,277.986301,1013.055556,70.739313,65.953259,3.000000
2026-06-24T02:00:46.618238885Z,1000,per_hit,raw_percent_of_host,api-node1,api-node2,48,40,88,50.980392,25.252525,50.980392,50.505051,100.000000,50.000000,0.000000,51.000000,0.000000,0.000000,0.000000,51.000000,171.096154,626.416667,75.810217,48.488008,3.000000
2026-06-24T02:00:47.618241227Z,1000,per_hit,raw_percent_of_host,api-node1,api-node2,60,57,117,42.000000,25.252525,42.000000,50.505051,100.000000,50.000000,7.000000,41.000000,0.000000,0.000000,7.000000,41.000000,185.169811,1081.701493,73.176745,48.690706,3.000000
2026-06-24T02:00:48.618239366Z,1000,per_hit,raw_percent_of_host,api-node1,api-node2,53,42,95,51.000000,26.000000,51.000000,52.000000,100.000000,50.000000,10.000000,36.000000,0.000000,0.000000,10.000000,36.000000,151.380000,725.574468,73.409230,52.290170,3.000000
2026-06-24T02:00:49.618240318Z,1000,per_hit,raw_percent_of_host,api-node1,api-node2,55,35,90,51.000000,25.252525,51.000000,50.505051,100.000000,50.000000,12.000000,27.000000,0.000000,0.000000,12.000000,27.000000,151.113208,728.772727,73.358241,49.190045,3.000000
2026-06-24T02:00:50.618240426Z,1000,per_hit,raw_percent_of_host,api-node1,api-node2,47,33,80,50.632911,29.000000,50.632911,58.000000,100.000000,50.000000,4.000000,17.000000,0.000000,0.000000,4.000000,17.000000,135.818182,290.534884,74.364433,72.050934,3.000000
2026-06-24T02:00:51.618242343Z,1000,per_hit,raw_percent_of_host,api-node1,api-node2,41,41,82,51.000000,26.000000,51.000000,52.000000,100.000000,50.000000,5.000000,18.000000,0.000000,0.000000,5.000000,18.000000,143.350000,295.925000,74.576936,68.035162,3.000000
2026-06-24T02:00:52.618242508Z,1000,per_hit,raw_percent_of_host,api-node1,api-node2,42,32,74,51.000000,25.742574,51.000000,51.485149,100.000000,50.000000,7.000000,4.000000,0.000000,0.000000,7.000000,4.000000,113.350000,291.152174,76.745271,59.964501,3.000000
2026-06-24T02:00:53.618239032Z,1000,per_hit,raw_percent_of_host,api-node1,api-node2,34,29,63,47.222222,25.252525,47.222222,50.505051,100.000000,50.000000,0.000000,7.000000,0.000000,0.000000,0.000000,7.000000,115.121951,157.346154,76.253045,72.139638,3.000000
2026-06-24T02:00:54.618240359Z,1000,per_hit,raw_percent_of_host,api-node1,api-node2,36,30,66,46.000000,25.252525,46.000000,50.505051,100.000000,50.000000,4.000000,4.000000,0.000000,0.000000,4.000000,4.000000,86.375000,181.393939,77.236229,70.782861,3.000000
2026-06-24T02:00:55.618239665Z,1000,per_hit,raw_percent_of_host,api-node1,api-node2,23,32,55,47.826087,25.252525,47.826087,50.505051,100.000000,50.000000,2.000000,15.000000,0.000000,0.000000,2.000000,15.000000,79.320000,151.619048,77.239488,73.794673,3.000000
2026-06-24T02:00:56.618239292Z,1000,per_hit,raw_percent_of_host,api-node1,api-node2,22,28,50,33.644860,26.829268,33.644860,53.658537,100.000000,50.000000,3.000000,1.000000,0.000000,0.000000,3.000000,1.000000,83.619048,196.071429,77.810832,70.385397,3.000000
2026-06-24T02:00:57.618239482Z,1000,per_hit,raw_percent_of_host,api-node1,api-node2,23,21,44,43.518519,17.346939,43.518519,34.693878,100.000000,50.000000,2.000000,6.000000,0.000000,0.000000,2.000000,6.000000,70.791667,113.875000,78.285537,76.976588,3.000000
2026-06-24T02:00:58.618238907Z,1000,per_hit,raw_percent_of_host,api-node1,api-node2,17,21,38,31.481481,20.202020,31.481481,40.404040,100.000000,50.000000,1.000000,2.000000,0.000000,0.000000,1.000000,2.000000,71.888889,164.320000,77.279095,76.048144,3.000000
2026-06-24T02:00:59.618238731Z,1000,per_hit,raw_percent_of_host,api-node1,api-node2,20,13,33,27.777778,20.000000,27.777778,40.000000,100.000000,50.000000,0.000000,3.000000,0.000000,0.000000,0.000000,3.000000,84.285714,91.916667,77.170245,75.924680,3.000000
2026-06-24T02:01:00.618238908Z,1000,per_hit,raw_percent_of_host,api-node1,api-node2,13,14,27,25.000000,18.181818,25.000000,36.363636,100.000000,50.000000,1.000000,0.000000,0.000000,0.000000,1.000000,0.000000,69.583333,118.529412,74.981873,74.242495,3.000000
2026-06-24T02:01:01.618241457Z,1000,per_hit,raw_percent_of_host,api-node1,api-node2,12,9,21,30.000000,13.592233,30.000000,27.184466,100.000000,50.000000,0.000000,1.000000,0.000000,0.000000,0.000000,1.000000,55.692308,86.000000,76.440831,75.663616,3.000000
2026-06-24T02:01:02.618239197Z,1000,per_hit,raw_percent_of_host,api-node1,api-node2,11,5,16,25.688073,10.638298,25.688073,21.276596,100.000000,50.000000,1.000000,0.000000,0.000000,0.000000,1.000000,0.000000,58.800000,104.500000,77.349486,74.899749,3.000000
2026-06-24T02:01:03.618243767Z,1000,per_hit,raw_percent_of_host,api-node1,api-node2,3,7,10,9.090909,18.627451,9.090909,37.254902,100.000000,50.000000,1.000000,0.000000,0.000000,0.000000,1.000000,0.000000,50.000000,78.285714,78.209152,76.981492,3.000000
2026-06-24T02:01:04.618247403Z,1000,per_hit,raw_percent_of_host,api-node1,api-node2,4,6,10,14.141414,13.333333,14.141414,26.666667,100.000000,50.000000,0.000000,1.000000,0.000000,0.000000,0.000000,1.000000,51.800000,60.800000,78.129705,78.180389,3.000000
2026-06-24T02:01:05.61824127Z,1000,per_hit,raw_percent_of_host,api-node1,api-node2,4,6,10,12.871287,18.867925,12.871287,37.735849,100.000000,50.000000,1.000000,0.000000,0.000000,0.000000,1.000000,0.000000,50.000000,58.000000,79.368850,76.655181,3.000000
2026-06-24T02:01:06.618240906Z,1000,per_hit,raw_percent_of_host,api-node1,api-node2,7,3,10,25.000000,10.101010,25.000000,20.202020,100.000000,50.000000,1.000000,0.000000,0.000000,0.000000,1.000000,0.000000,52.857143,64.000000,78.275478,77.847587,3.000000
2026-06-24T02:01:07.618240908Z,1000,per_hit,raw_percent_of_host,api-node1,api-node2,5,5,10,17.000000,14.141414,17.000000,28.282828,100.000000,50.000000,1.000000,0.000000,0.000000,0.000000,1.000000,0.000000,50.000000,50.000000,78.067057,77.403538,3.000000
2026-06-24T02:01:08.618238799Z,1000,per_hit,raw_percent_of_host,api-node1,api-node2,7,3,10,24.000000,14.150943,24.000000,28.301887,100.000000,50.000000,1.000000,0.000000,0.000000,0.000000,1.000000,0.000000,50.000000,69.000000,78.307550,76.769261,3.000000
2026-06-24T02:01:09.618238912Z,1000,per_hit,raw_percent_of_host,api-node1,api-node2,6,4,10,21.428571,13.333333,21.428571,26.666667,100.000000,50.000000,1.000000,0.000000,0.000000,0.000000,1.000000,0.000000,50.000000,62.750000,77.592478,79.429453,3.000000
2026-06-24T02:01:10.61823995Z,1000,per_hit,raw_percent_of_host,api-node1,api-node2,2,8,10,7.070707,18.095238,7.070707,36.190476,100.000000,50.000000,0.000000,1.000000,0.000000,0.000000,0.000000,1.000000,50.000000,58.000000,78.479374,77.742726,3.000000
2026-06-24T02:01:11.618240628Z,1000,per_hit,raw_percent_of_host,api-node1,api-node2,7,3,10,22.000000,10.101010,22.000000,20.202020,100.000000,50.000000,0.000000,1.000000,0.000000,0.000000,0.000000,1.000000,54.714286,50.000000,79.181319,76.759624,3.000000
2026-06-24T02:01:12.618238899Z,1000,per_hit,raw_percent_of_host,api-node1,api-node2,5,5,10,18.000000,15.151515,18.000000,30.303030,100.000000,50.000000,1.000000,0.000000,0.000000,0.000000,1.000000,0.000000,66.000000,50.000000,77.884170,77.965666,3.000000
2026-06-24T02:01:13.618239517Z,1000,per_hit,raw_percent_of_host,api-node1,api-node2,3,7,10,5.050505,20.952381,5.050505,41.904762,100.000000,50.000000,1.000000,0.000000,0.000000,0.000000,1.000000,0.000000,50.000000,70.285714,78.967152,76.935243,3.000000
2026-06-24T02:01:14.618241413Z,1000,per_hit,raw_percent_of_host,api-node1,api-node2,5,5,10,21.000000,6.593407,21.000000,13.186813,100.000000,50.000000,0.000000,1.000000,0.000000,0.000000,0.000000,1.000000,54.166667,50.000000,78.518845,75.781967,3.000000
2026-06-24T02:01:15.618239307Z,1000,per_hit,raw_percent_of_host,api-node1,api-node2,4,6,10,14.141414,19.000000,14.141414,38.000000,100.000000,50.000000,1.000000,0.000000,0.000000,0.000000,1.000000,0.000000,50.000000,57.571429,80.047791,77.233833,3.000000
2026-06-24T02:01:16.618240428Z,1000,per_hit,raw_percent_of_host,api-node1,api-node2,7,3,10,15.625000,15.000000,15.625000,30.000000,100.000000,50.000000,1.000000,0.000000,0.000000,0.000000,1.000000,0.000000,50.000000,68.666667,78.118850,77.445555,3.000000
2026-06-24T02:01:17.618238835Z,1000,per_hit,raw_percent_of_host,api-node1,api-node2,3,7,10,5.000000,18.627451,5.000000,37.254902,100.000000,50.000000,1.000000,0.000000,0.000000,0.000000,1.000000,0.000000,50.000000,79.142857,78.670868,76.766615,3.000000
2026-06-24T02:01:18.618238789Z,1000,per_hit,raw_percent_of_host,api-node1,api-node2,7,3,10,15.463918,11.320755,15.463918,22.641509,100.000000,50.000000,1.000000,0.000000,0.000000,0.000000,1.000000,0.000000,50.000000,86.000000,78.062325,76.031609,3.000000
2026-06-24T02:01:19.618240779Z,1000,per_hit,raw_percent_of_host,api-node1,api-node2,6,4,10,20.202020,14.000000,20.202020,28.000000,100.000000,50.000000,1.000000,0.000000,0.000000,0.000000,1.000000,0.000000,50.000000,63.750000,77.827963,79.447768,3.000000
2026-06-24T02:01:20.618242058Z,1000,per_hit,raw_percent_of_host,api-node1,api-node2,7,3,10,20.202020,14.141414,20.202020,28.282828,100.000000,50.000000,1.000000,0.000000,0.000000,0.000000,1.000000,0.000000,50.000000,68.666667,78.100203,77.127398,3.000000
2026-06-24T02:01:21.618240163Z,1000,per_hit,raw_percent_of_host,api-node1,api-node2,7,3,10,21.428571,6.060606,21.428571,12.121212,100.000000,50.000000,1.000000,0.000000,0.000000,0.000000,1.000000,0.000000,54.428571,50.000000,76.635480,80.045850,3.000000
2026-06-24T02:01:22.61824131Z,1000,per_hit,raw_percent_of_host,api-node1,api-node2,4,6,10,11.340206,13.207547,11.340206,26.415094,100.000000,50.000000,0.000000,1.000000,0.000000,0.000000,0.000000,1.000000,54.000000,87.800000,77.051224,77.005263,3.000000
2026-06-24T02:01:23.618240921Z,1000,per_hit,raw_percent_of_host,api-node1,api-node2,5,5,10,16.000000,14.285714,16.000000,28.571429,100.000000,50.000000,1.000000,0.000000,0.000000,0.000000,1.000000,0.000000,50.000000,67.333333,78.861291,75.902410,3.000000
2026-06-24T02:01:24.618242291Z,1000,per_hit,raw_percent_of_host,api-node1,api-node2,5,5,10,17.171717,14.150943,17.171717,28.301887,100.000000,50.000000,0.000000,1.000000,0.000000,0.000000,0.000000,1.000000,50.000000,64.250000,78.478147,77.736993,3.000000
2026-06-24T02:01:25.618239372Z,1000,per_hit,raw_percent_of_host,api-node1,api-node2,7,3,10,24.242424,5.050505,24.242424,10.101010,100.000000,50.000000,1.000000,0.000000,0.000000,0.000000,1.000000,0.000000,64.166667,50.000000,77.493215,77.934566,3.000000
2026-06-24T02:01:26.618241675Z,1000,per_hit,raw_percent_of_host,api-node1,api-node2,4,6,10,17.171717,17.171717,17.171717,34.343434,100.000000,50.000000,0.000000,1.000000,0.000000,0.000000,0.000000,1.000000,58.200000,50.000000,78.320166,77.310140,3.000000
2026-06-24T02:01:27.618239724Z,1000,per_hit,raw_percent_of_host,api-node1,api-node2,4,6,10,7.216495,14.285714,7.216495,28.571429,100.000000,50.000000,1.000000,0.000000,0.000000,0.000000,1.000000,0.000000,50.000000,82.142857,78.684469,76.207159,3.000000
2026-06-24T02:01:28.618238878Z,1000,per_hit,raw_percent_of_host,api-node1,api-node2,9,1,10,26.000000,1.000000,26.000000,2.000000,100.000000,50.000000,1.000000,0.000000,0.000000,0.000000,1.000000,0.000000,55.888889,50.000000,78.508481,73.389515,3.000000
2026-06-24T02:01:29.618240921Z,1000,per_hit,raw_percent_of_host,api-node1,api-node2,5,5,10,11.111111,20.202020,11.111111,40.404040,100.000000,50.000000,1.000000,0.000000,0.000000,0.000000,1.000000,0.000000,50.000000,50.000000,77.795265,79.415003,3.000000
2026-06-24T02:01:30.618238821Z,1000,per_hit,raw_percent_of_host,api-node1,api-node2,6,4,10,15.151515,18.367347,15.151515,36.734694,100.000000,50.000000,1.000000,0.000000,0.000000,0.000000,1.000000,0.000000,50.000000,64.000000,78.188933,79.717369,3.000000
2026-06-24T02:01:31.618238753Z,1000,per_hit,raw_percent_of_host,api-node1,api-node2,5,5,10,16.161616,19.191919,16.161616,38.383838,100.000000,50.000000,0.000000,1.000000,0.000000,0.000000,0.000000,1.000000,50.166667,64.000000,78.112428,78.899753,3.000000
2026-06-24T02:01:32.618242116Z,1000,per_hit,raw_percent_of_host,api-node1,api-node2,5,5,10,11.111111,14.285714,11.111111,28.571429,100.000000,50.000000,1.000000,0.000000,0.000000,0.000000,1.000000,0.000000,50.000000,77.333333,78.682976,76.679711,3.000000
2026-06-24T02:01:33.618240486Z,1000,per_hit,raw_percent_of_host,api-node1,api-node2,7,3,10,21.212121,10.101010,21.212121,20.202020,100.000000,50.000000,0.000000,1.000000,0.000000,0.000000,0.000000,1.000000,50.375000,50.000000,77.896672,80.032561,3.000000
2026-06-24T02:01:34.61824874Z,1000,per_hit,raw_percent_of_host,api-node1,api-node2,1,9,10,1.000000,18.811881,1.000000,37.623762,100.000000,50.000000,0.000000,1.000000,0.000000,0.000000,0.000000,1.000000,50.000000,82.000000,79.430025,76.189019,3.000000
2026-06-24T02:01:35.618239496Z,1000,per_hit,raw_percent_of_host,api-node1,api-node2,6,3,9,22.000000,15.151515,22.000000,30.303030,100.000000,50.000000,0.000000,0.000000,0.000000,0.000000,0.000000,0.000000,50.000000,64.250000,79.572924,76.145777,3.000000
2026-06-24T02:01:36.618238942Z,1000,per_hit,raw_percent_of_host,api-node1,api-node2,6,5,11,14.000000,17.000000,14.000000,34.000000,100.000000,50.000000,1.000000,0.000000,0.000000,0.000000,1.000000,0.000000,56.400000,50.000000,77.495507,79.602929,3.000000
2026-06-24T02:01:37.618239612Z,1000,per_hit,raw_percent_of_host,api-node1,api-node2,5,5,10,11.340206,11.320755,11.340206,22.641509,100.000000,50.000000,0.000000,1.000000,0.000000,0.000000,0.000000,1.000000,50.000000,97.750000,78.352530,76.580932,3.000000
2026-06-24T02:01:38.618238831Z,1000,per_hit,raw_percent_of_host,api-node1,api-node2,6,4,10,17.000000,14.000000,17.000000,28.000000,100.000000,50.000000,0.000000,1.000000,0.000000,0.000000,0.000000,1.000000,52.666667,50.000000,78.562743,76.598559,3.000000
2026-06-24T02:01:39.618239443Z,1000,per_hit,raw_percent_of_host,api-node1,api-node2,5,5,10,20.202020,15.000000,20.202020,30.000000,100.000000,50.000000,0.000000,1.000000,0.000000,0.000000,0.000000,1.000000,50.000000,71.200000,78.154953,76.879170,3.000000
2026-06-24T02:01:40.618239463Z,1000,per_hit,raw_percent_of_host,api-node1,api-node2,6,4,10,11.458333,9.523810,11.458333,19.047619,100.000000,50.000000,1.000000,0.000000,0.000000,0.000000,1.000000,0.000000,53.400000,60.000000,78.127366,76.790482,3.000000
2026-06-24T02:01:41.618239155Z,1000,per_hit,raw_percent_of_host,api-node1,api-node2,5,5,10,12.000000,17.142857,12.000000,34.285714,100.000000,50.000000,1.000000,0.000000,0.000000,0.000000,1.000000,0.000000,50.000000,87.000000,78.469995,78.228781,3.000000
2026-06-24T02:01:42.618241786Z,1000,per_hit,raw_percent_of_host,api-node1,api-node2,7,3,10,23.232323,13.000000,23.232323,26.000000,100.000000,50.000000,1.000000,0.000000,0.000000,0.000000,1.000000,0.000000,52.714286,50.000000,78.102893,79.009916,3.000000
2026-06-24T02:01:43.618240891Z,1000,per_hit,raw_percent_of_host,api-node1,api-node2,4,6,10,12.371134,14.150943,12.371134,28.301887,100.000000,50.000000,0.000000,1.000000,0.000000,0.000000,0.000000,1.000000,50.000000,60.400000,77.248039,79.575372,3.000000
2026-06-24T02:01:44.618239067Z,1000,per_hit,raw_percent_of_host,api-node1,api-node2,4,6,10,10.101010,16.190476,10.101010,32.380952,100.000000,50.000000,1.000000,0.000000,0.000000,0.000000,1.000000,0.000000,50.000000,97.714286,81.026532,75.031911,3.000000
2026-06-24T02:01:45.618241804Z,1000,per_hit,raw_percent_of_host,api-node1,api-node2,6,4,10,13.131313,15.151515,13.131313,30.303030,100.000000,50.000000,1.000000,0.000000,0.000000,0.000000,1.000000,0.000000,58.500000,50.000000,77.640378,77.035574,3.000000
2026-06-24T02:01:46.618239382Z,1000,per_hit,raw_percent_of_host,api-node1,api-node2,5,5,10,18.000000,15.841584,18.000000,31.683168,100.000000,50.000000,1.000000,0.000000,0.000000,0.000000,1.000000,0.000000,50.000000,59.800000,78.207395,78.115370,3.000000
2026-06-24T02:01:47.618242509Z,1000,per_hit,raw_percent_of_host,api-node1,api-node2,5,4,9,13.131313,15.238095,13.131313,30.476190,100.000000,50.000000,0.000000,0.000000,0.000000,0.000000,0.000000,0.000000,55.166667,50.250000,78.260236,78.320166,3.000000
2026-06-24T02:01:48.618239341Z,1000,per_hit,raw_percent_of_host,api-node1,api-node2,3,8,11,10.101010,19.230769,10.101010,38.461538,100.000000,50.000000,0.000000,1.000000,0.000000,0.000000,0.000000,1.000000,50.000000,78.142857,79.154902,75.464796,3.000000
2026-06-24T02:01:49.618240656Z,1000,per_hit,raw_percent_of_host,api-node1,api-node2,4,6,10,15.000000,18.367347,15.000000,36.734694,100.000000,50.000000,1.000000,0.000000,0.000000,0.000000,1.000000,0.000000,54.333333,50.000000,78.779214,78.251679,3.000000
2026-06-24T02:01:50.618239566Z,1000,per_hit,raw_percent_of_host,api-node1,api-node2,8,2,10,20.618557,10.101010,20.618557,20.202020,100.000000,50.000000,1.000000,0.000000,0.000000,0.000000,1.000000,0.000000,56.625000,50.000000,77.678401,77.552074,3.000000
2026-06-24T02:01:51.618238917Z,1000,per_hit,raw_percent_of_host,api-node1,api-node2,5,5,10,15.151515,16.981132,15.151515,33.962264,100.000000,50.000000,1.000000,0.000000,0.000000,0.000000,1.000000,0.000000,50.000000,59.400000,78.286030,78.533056,3.000000
2026-06-24T02:01:52.618241323Z,1000,per_hit,raw_percent_of_host,api-node1,api-node2,6,4,10,23.000000,11.000000,23.000000,22.000000,100.000000,50.000000,0.000000,1.000000,0.000000,0.000000,0.000000,1.000000,52.000000,50.000000,77.720801,78.814527,3.000000
2026-06-24T02:01:53.618239701Z,1000,per_hit,raw_percent_of_host,api-node1,api-node2,4,6,10,12.121212,17.142857,12.121212,34.285714,100.000000,50.000000,1.000000,0.000000,0.000000,0.000000,1.000000,0.000000,50.000000,64.142857,78.473660,77.005728,3.000000
2026-06-24T02:01:54.618241909Z,1000,per_hit,raw_percent_of_host,api-node1,api-node2,8,2,10,25.773196,1.000000,25.773196,2.000000,100.000000,50.000000,0.000000,1.000000,0.000000,0.000000,0.000000,1.000000,55.777778,50.000000,77.722038,79.183969,3.000000
2026-06-24T02:01:55.618239392Z,1000,per_hit,raw_percent_of_host,api-node1,api-node2,5,5,10,16.161616,11.340206,16.161616,22.680412,100.000000,50.000000,0.000000,1.000000,0.000000,0.000000,0.000000,1.000000,57.000000,50.000000,80.186616,77.233714,3.000000
2026-06-24T02:01:56.618238921Z,1000,per_hit,raw_percent_of_host,api-node1,api-node2,4,6,10,10.101010,20.192308,10.101010,40.384615,100.000000,50.000000,1.000000,0.000000,0.000000,0.000000,1.000000,0.000000,50.000000,64.714286,78.939176,76.307532,3.000000
2026-06-24T02:01:57.618239464Z,1000,per_hit,raw_percent_of_host,api-node1,api-node2,2,8,10,8.000000,17.142857,8.000000,34.285714,100.000000,50.000000,0.000000,1.000000,0.000000,0.000000,0.000000,1.000000,50.000000,101.714286,78.608872,77.933831,3.000000
2026-06-24T02:01:58.618241326Z,1000,per_hit,raw_percent_of_host,api-node1,api-node2,6,3,9,21.212121,11.111111,21.212121,22.222222,100.000000,50.000000,0.000000,0.000000,0.000000,0.000000,0.000000,0.000000,53.000000,62.750000,78.834890,76.725405,3.000000
2026-06-24T02:01:59.618240417Z,1000,per_hit,raw_percent_of_host,api-node1,api-node2,6,5,11,11.881188,18.181818,11.881188,36.363636,100.000000,50.000000,1.000000,0.000000,0.000000,0.000000,1.000000,0.000000,53.200000,50.000000,78.135082,78.111163,3.000000
2026-06-24T02:02:00.6182444Z,1000,per_hit,raw_percent_of_host,api-node1,api-node2,5,5,10,7.216495,15.887850,7.216495,31.775701,100.000000,50.000000,1.000000,0.000000,0.000000,0.000000,1.000000,0.000000,50.000000,61.400000,77.940592,80.177631,3.000000
2026-06-24T02:02:01.618238801Z,1000,per_hit,raw_percent_of_host,api-node1,api-node2,6,4,10,14.851485,11.111111,14.851485,22.222222,100.000000,50.000000,1.000000,0.000000,0.000000,0.000000,1.000000,0.000000,54.166667,50.000000,78.147615,78.717033,3.000000
2026-06-24T02:02:02.61824082Z,1000,per_hit,raw_percent_of_host,api-node1,api-node2,4,6,10,11.578947,9.433962,11.578947,18.867925,100.000000,50.000000,0.000000,1.000000,0.000000,0.000000,0.000000,1.000000,50.000000,104.800000,78.297334,76.705062,3.000000
2026-06-24T02:02:03.618238534Z,1000,per_hit,raw_percent_of_host,api-node1,api-node2,3,7,10,7.000000,19.047619,7.000000,38.095238,100.000000,50.000000,1.000000,0.000000,0.000000,0.000000,1.000000,0.000000,50.000000,84.500000,79.616298,76.460640,3.000000
2026-06-24T02:02:04.61823872Z,1000,per_hit,raw_percent_of_host,api-node1,api-node2,4,6,10,16.161616,12.380952,16.161616,24.761905,100.000000,50.000000,0.000000,1.000000,0.000000,0.000000,0.000000,1.000000,50.000000,92.200000,78.773152,76.599484,3.000000
2026-06-24T02:02:05.618239465Z,1000,per_hit,raw_percent_of_host,api-node1,api-node2,5,5,10,12.244898,14.150943,12.244898,28.301887,100.000000,50.000000,0.000000,1.000000,0.000000,0.000000,0.000000,1.000000,50.000000,87.800000,78.656172,74.972849,3.000000
2026-06-24T02:02:06.618240554Z,1000,per_hit,raw_percent_of_host,api-node1,api-node2,4,6,10,10.000000,17.924528,10.000000,35.849057,100.000000,50.000000,1.000000,0.000000,0.000000,0.000000,1.000000,0.000000,50.000000,77.714286,79.071954,75.785144,3.000000
2026-06-24T02:02:07.618250053Z,1000,per_hit,raw_percent_of_host,api-node1,api-node2,7,2,9,22.000000,10.101010,22.000000,20.202020,100.000000,50.000000,0.000000,0.000000,0.000000,0.000000,0.000000,0.000000,50.375000,50.000000,78.149131,77.189026,3.000000
2026-06-24T02:02:08.618239338Z,1000,per_hit,raw_percent_of_host,api-node1,api-node2,2,9,11,10.000000,20.754717,10.000000,41.509434,100.000000,50.000000,0.000000,1.000000,0.000000,0.000000,0.000000,1.000000,50.000000,79.375000,78.452041,77.073529,3.000000
2026-06-24T02:02:09.618250116Z,1000,per_hit,raw_percent_of_host,api-node1,api-node2,3,7,10,10.000000,17.142857,10.000000,34.285714,100.000000,50.000000,0.000000,1.000000,0.000000,0.000000,0.000000,1.000000,50.000000,56.857143,81.090139,77.092024,3.000000
2026-06-24T02:02:10.618240763Z,1000,per_hit,raw_percent_of_host,api-node1,api-node2,4,6,10,11.000000,17.924528,11.000000,35.849057,100.000000,50.000000,1.000000,0.000000,0.000000,0.000000,1.000000,0.000000,50.000000,91.142857,79.107927,77.011361,3.000000
2026-06-24T02:02:11.618241067Z,1000,per_hit,raw_percent_of_host,api-node1,api-node2,8,2,10,18.367347,9.183673,18.367347,18.367347,100.000000,50.000000,1.000000,0.000000,0.000000,0.000000,1.000000,0.000000,53.750000,50.000000,77.677313,76.547071,3.000000
2026-06-24T02:02:12.61823902Z,1000,per_hit,raw_percent_of_host,api-node1,api-node2,3,7,10,5.000000,18.627451,5.000000,37.254902,100.000000,50.000000,1.000000,0.000000,0.000000,0.000000,1.000000,0.000000,50.000000,88.857143,78.553606,77.542993,3.000000
2026-06-24T02:02:13.618239096Z,1000,per_hit,raw_percent_of_host,api-node1,api-node2,5,5,10,15.151515,14.150943,15.151515,28.301887,100.000000,50.000000,1.000000,0.000000,0.000000,0.000000,1.000000,0.000000,50.000000,88.400000,78.769113,76.194289,3.000000
2026-06-24T02:02:14.618239279Z,1000,per_hit,raw_percent_of_host,api-node1,api-node2,6,4,10,17.346939,8.653846,17.346939,17.307692,100.000000,50.000000,1.000000,0.000000,0.000000,0.000000,1.000000,0.000000,53.166667,63.500000,77.458762,74.755127,3.000000
2026-06-24T02:02:15.618238809Z,1000,per_hit,raw_percent_of_host,api-node1,api-node2,6,4,10,18.367347,14.285714,18.367347,28.571429,100.000000,50.000000,1.000000,0.000000,0.000000,0.000000,1.000000,0.000000,50.000000,76.750000,78.613086,76.701109,3.000000
2026-06-24T02:02:16.618239447Z,1000,per_hit,raw_percent_of_host,api-node1,api-node2,5,5,10,18.811881,12.871287,18.811881,25.742574,100.000000,50.000000,0.000000,1.000000,0.000000,0.000000,0.000000,1.000000,57.500000,50.000000,77.360466,78.731554,3.000000
2026-06-24T02:02:17.618238737Z,1000,per_hit,raw_percent_of_host,api-node1,api-node2,6,4,10,16.494845,8.571429,16.494845,17.142857,100.000000,50.000000,0.000000,1.000000,0.000000,0.000000,0.000000,1.000000,50.000000,85.750000,77.861450,75.773318,3.000000
2026-06-24T02:02:18.618238658Z,1000,per_hit,raw_percent_of_host,api-node1,api-node2,7,2,9,23.711340,5.000000,23.711340,10.000000,100.000000,50.000000,0.000000,0.000000,0.000000,0.000000,0.000000,0.000000,56.142857,50.333333,78.367726,77.105844,3.000000
2026-06-24T02:02:19.618241721Z,1000,per_hit,raw_percent_of_host,api-node1,api-node2,4,7,11,11.111111,19.047619,11.111111,38.095238,100.000000,50.000000,0.000000,1.000000,0.000000,0.000000,0.000000,1.000000,50.000000,91.333333,78.351183,75.740234,3.000000
2026-06-24T02:02:20.618239544Z,1000,per_hit,raw_percent_of_host,api-node1,api-node2,6,4,10,16.161616,15.151515,16.161616,30.303030,100.000000,50.000000,0.000000,1.000000,0.000000,0.000000,0.000000,1.000000,53.333333,61.750000,78.593795,77.726417,3.000000
2026-06-24T02:02:21.618238871Z,1000,per_hit,raw_percent_of_host,api-node1,api-node2,5,5,10,17.000000,14.150943,17.000000,28.301887,100.000000,50.000000,0.000000,1.000000,0.000000,0.000000,0.000000,1.000000,50.000000,61.600000,78.332395,78.052384,3.000000
2026-06-24T02:02:22.618238706Z,1000,per_hit,raw_percent_of_host,api-node1,api-node2,4,6,10,8.163265,20.000000,8.163265,40.000000,100.000000,50.000000,1.000000,0.000000,0.000000,0.000000,1.000000,0.000000,50.000000,76.571429,78.847368,76.054499,3.000000
2026-06-24T02:02:23.61823891Z,1000,per_hit,raw_percent_of_host,api-node1,api-node2,7,3,10,16.326531,13.207547,16.326531,26.415094,100.000000,50.000000,1.000000,0.000000,0.000000,0.000000,1.000000,0.000000,50.000000,68.000000,77.943882,75.744558,3.000000
2026-06-24T02:02:24.618241269Z,1000,per_hit,raw_percent_of_host,api-node1,api-node2,7,3,10,20.000000,9.523810,20.000000,19.047619,100.000000,50.000000,1.000000,0.000000,0.000000,0.000000,1.000000,0.000000,52.285714,95.333333,77.567054,79.044870,3.000000
2026-06-24T02:02:25.618238976Z,1000,per_hit,raw_percent_of_host,api-node1,api-node2,4,6,10,17.000000,17.924528,17.000000,35.849057,100.000000,50.000000,0.000000,1.000000,0.000000,0.000000,0.000000,1.000000,50.000000,59.600000,77.996358,76.855378,3.000000
2026-06-24T02:02:26.618238713Z,1000,per_hit,raw_percent_of_host,api-node1,api-node2,7,3,10,21.212121,14.141414,21.212121,28.282828,100.000000,50.000000,1.000000,0.000000,0.000000,0.000000,1.000000,0.000000,55.500000,50.000000,80.444256,76.676733,3.000000
2026-06-24T02:02:27.618238923Z,1000,per_hit,raw_percent_of_host,api-node1,api-node2,2,8,10,8.000000,18.867925,8.000000,37.735849,100.000000,50.000000,0.000000,1.000000,0.000000,0.000000,0.000000,1.000000,50.000000,62.857143,78.102166,79.809019,3.000000
2026-06-24T02:02:28.618239014Z,1000,per_hit,raw_percent_of_host,api-node1,api-node2,7,3,10,23.958333,5.050505,23.958333,10.101010,100.000000,50.000000,0.000000,1.000000,0.000000,0.000000,0.000000,1.000000,54.142857,50.000000,78.320157,77.082050,3.000000
2026-06-24T02:02:29.618240281Z,1000,per_hit,raw_percent_of_host,api-node1,api-node2,4,6,10,11.458333,13.333333,11.458333,26.666667,100.000000,50.000000,0.000000,1.000000,0.000000,0.000000,0.000000,1.000000,50.000000,58.500000,77.982603,77.226305,3.000000
2026-06-24T02:02:30.618249909Z,1000,per_hit,raw_percent_of_host,api-node1,api-node2,8,2,10,16.326531,6.060606,16.326531,12.121212,100.000000,50.000000,1.000000,0.000000,0.000000,0.000000,1.000000,0.000000,61.142857,50.000000,77.826898,76.527764,3.000000
2026-06-24T02:02:31.618240261Z,1000,per_hit,raw_percent_of_host,api-node1,api-node2,6,4,10,22.000000,9.523810,22.000000,19.047619,100.000000,50.000000,0.000000,1.000000,0.000000,0.000000,0.000000,1.000000,50.142857,81.000000,77.906508,77.623917,3.000000
2026-06-24T02:02:32.618239122Z,1000,per_hit,raw_percent_of_host,api-node1,api-node2,3,6,9,12.121212,14.150943,12.121212,28.301887,100.000000,50.000000,0.000000,0.000000,0.000000,0.000000,0.000000,0.000000,50.000000,64.857143,78.358739,77.153648,3.000000
2026-06-24T02:02:33.618241391Z,1000,per_hit,raw_percent_of_host,api-node1,api-node2,4,7,11,11.111111,13.333333,11.111111,26.666667,100.000000,50.000000,0.000000,1.000000,0.000000,0.000000,0.000000,1.000000,50.000000,81.000000,79.857838,75.520838,3.000000
2026-06-24T02:02:34.618238729Z,1000,per_hit,raw_percent_of_host,api-node1,api-node2,3,7,10,11.111111,13.333333,11.111111,26.666667,100.000000,50.000000,0.000000,1.000000,0.000000,0.000000,0.000000,1.000000,50.000000,110.142857,78.841658,76.483093,3.000000
2026-06-24T02:02:35.618248984Z,1000,per_hit,raw_percent_of_host,api-node1,api-node2,5,4,9,12.244898,11.428571,12.244898,22.857143,100.000000,50.000000,0.000000,0.000000,0.000000,0.000000,0.000000,0.000000,53.000000,98.400000,78.070191,75.432245,3.000000
2026-06-24T02:02:36.618242349Z,1000,per_hit,raw_percent_of_host,api-node1,api-node2,5,6,11,14.141414,20.000000,14.141414,40.000000,100.000000,50.000000,0.000000,1.000000,0.000000,0.000000,0.000000,1.000000,50.000000,69.200000,78.697960,75.238512,3.000000
2026-06-24T02:02:37.618238938Z,1000,per_hit,raw_percent_of_host,api-node1,api-node2,6,4,10,13.402062,10.204082,13.402062,20.408163,100.000000,50.000000,0.000000,1.000000,0.000000,0.000000,0.000000,1.000000,52.500000,62.500000,77.879116,77.421751,3.000000
2026-06-24T02:02:38.618240877Z,1000,per_hit,raw_percent_of_host,api-node1,api-node2,1,9,10,5.050505,20.952381,5.050505,41.904762,100.000000,50.000000,0.000000,1.000000,0.000000,0.000000,0.000000,1.000000,50.000000,85.444444,79.091126,77.059274,3.000000
2026-06-24T02:02:39.618240093Z,1000,per_hit,raw_percent_of_host,api-node1,api-node2,7,2,9,19.000000,11.111111,19.000000,22.222222,100.000000,50.000000,0.000000,0.000000,0.000000,0.000000,0.000000,0.000000,52.000000,65.333333,79.585258,76.330936,3.000000
2026-06-24T02:02:40.618239265Z,1000,per_hit,raw_percent_of_host,api-node1,api-node2,3,8,11,13.861386,14.150943,13.861386,28.301887,100.000000,50.000000,0.000000,1.000000,0.000000,0.000000,0.000000,1.000000,50.000000,84.000000,78.369533,76.345022,3.000000
2026-06-24T02:02:41.618238937Z,1000,per_hit,raw_percent_of_host,api-node1,api-node2,4,5,9,16.161616,18.181818,16.161616,36.363636,100.000000,50.000000,0.000000,0.000000,0.000000,0.000000,0.000000,0.000000,50.000000,66.000000,79.441887,76.206905,3.000000
2026-06-24T02:02:42.618239428Z,1000,per_hit,raw_percent_of_host,api-node1,api-node2,6,5,11,14.141414,15.384615,14.141414,30.769231,100.000000,50.000000,0.000000,1.000000,0.000000,0.000000,0.000000,1.000000,50.000000,77.750000,78.456529,77.522592,3.000000
2026-06-24T02:02:43.618240406Z,1000,per_hit,raw_percent_of_host,api-node1,api-node2,5,3,8,10.309278,7.692308,10.309278,15.384615,100.000000,50.000000,0.000000,0.000000,0.000000,0.000000,0.000000,0.000000,53.200000,108.250000,77.950131,74.556957,3.000000
2026-06-24T02:02:44.618240014Z,1000,per_hit,raw_percent_of_host,api-node1,api-node2,4,8,12,15.306122,20.754717,15.306122,41.509434,100.000000,50.000000,1.000000,0.000000,0.000000,0.000000,1.000000,0.000000,50.000000,70.375000,78.787346,77.062921,3.000000
2026-06-24T02:02:45.618240718Z,1000,per_hit,raw_percent_of_host,api-node1,api-node2,1,9,10,1.010101,18.095238,1.010101,36.190476,100.000000,50.000000,0.000000,1.000000,0.000000,0.000000,0.000000,1.000000,50.000000,82.500000,79.584547,77.402699,3.000000
2026-06-24T02:02:46.61823848Z,1000,per_hit,raw_percent_of_host,api-node1,api-node2,5,5,10,13.000000,15.151515,13.000000,30.303030,100.000000,50.000000,0.000000,1.000000,0.000000,0.000000,0.000000,1.000000,50.000000,60.000000,80.481764,77.077879,3.000000
2026-06-24T02:02:47.618238935Z,1000,per_hit,raw_percent_of_host,api-node1,api-node2,5,4,9,20.000000,6.060606,20.000000,12.121212,100.000000,50.000000,0.000000,0.000000,0.000000,0.000000,0.000000,0.000000,56.400000,59.800000,77.692776,77.443737,3.000000
2026-06-24T02:02:48.618240753Z,1000,per_hit,raw_percent_of_host,api-node1,api-node2,5,6,11,12.121212,13.333333,12.121212,26.666667,100.000000,50.000000,0.000000,1.000000,0.000000,0.000000,0.000000,1.000000,50.000000,60.400000,78.218619,76.766525,3.000000
2026-06-24T02:02:49.618240931Z,1000,per_hit,raw_percent_of_host,api-node1,api-node2,5,5,10,12.037037,12.000000,12.037037,24.000000,100.000000,50.000000,0.000000,1.000000,0.000000,0.000000,0.000000,1.000000,79.000000,50.000000,78.255136,76.157422,3.000000
2026-06-24T02:02:50.618239792Z,1000,per_hit,raw_percent_of_host,api-node1,api-node2,7,3,10,22.000000,9.183673,22.000000,18.367347,100.000000,50.000000,0.000000,1.000000,0.000000,0.000000,0.000000,1.000000,54.428571,50.000000,77.806530,77.007793,3.000000
2026-06-24T02:02:51.618241289Z,1000,per_hit,raw_percent_of_host,api-node1,api-node2,6,4,10,15.463918,9.000000,15.463918,18.000000,100.000000,50.000000,1.000000,0.000000,0.000000,0.000000,1.000000,0.000000,53.000000,70.200000,76.923103,74.356841,3.000000
2026-06-24T02:02:52.618239233Z,1000,per_hit,raw_percent_of_host,api-node1,api-node2,6,4,10,10.416667,10.576923,10.416667,21.153846,100.000000,50.000000,1.000000,0.000000,0.000000,0.000000,1.000000,0.000000,50.000000,76.250000,78.292594,76.296636,3.000000
2026-06-24T02:02:53.618241626Z,1000,per_hit,raw_percent_of_host,api-node1,api-node2,3,7,10,4.040404,22.115385,4.040404,44.230769,100.000000,50.000000,1.000000,0.000000,0.000000,0.000000,1.000000,0.000000,50.000000,82.285714,78.988663,76.427084,3.000000
2026-06-24T02:02:54.618239734Z,1000,per_hit,raw_percent_of_host,api-node1,api-node2,6,4,10,15.625000,9.090909,15.625000,18.181818,100.000000,50.000000,0.000000,1.000000,0.000000,0.000000,0.000000,1.000000,50.000000,67.333333,77.977165,77.581253,3.000000
2026-06-24T02:02:55.618238808Z,1000,per_hit,raw_percent_of_host,api-node1,api-node2,6,4,10,18.000000,10.101010,18.000000,20.202020,100.000000,50.000000,1.000000,0.000000,0.000000,0.000000,1.000000,0.000000,54.000000,50.000000,78.168236,77.107196,3.000000
2026-06-24T02:02:56.618238431Z,1000,per_hit,raw_percent_of_host,api-node1,api-node2,4,6,10,14.000000,19.000000,14.000000,38.000000,100.000000,50.000000,0.000000,1.000000,0.000000,0.000000,0.000000,1.000000,50.000000,59.600000,78.553878,77.032873,3.000000
2026-06-24T02:02:57.618238859Z,1000,per_hit,raw_percent_of_host,api-node1,api-node2,7,3,10,21.649485,5.050505,21.649485,10.101010,100.000000,50.000000,0.000000,1.000000,0.000000,0.000000,0.000000,1.000000,52.142857,50.000000,77.599067,77.867600,3.000000
2026-06-24T02:02:58.618238669Z,1000,per_hit,raw_percent_of_host,api-node1,api-node2,7,3,10,12.244898,5.660377,12.244898,11.320755,100.000000,50.000000,1.000000,0.000000,0.000000,0.000000,1.000000,0.000000,50.000000,87.250000,78.095154,76.819780,3.000000
2026-06-24T02:02:59.618246743Z,1000,per_hit,raw_percent_of_host,api-node1,api-node2,5,5,10,13.131313,18.181818,13.131313,36.363636,100.000000,50.000000,1.000000,0.000000,0.000000,0.000000,1.000000,0.000000,50.000000,58.400000,78.068973,76.848102,3.000000
2026-06-24T02:03:00.618245878Z,1000,per_hit,raw_percent_of_host,api-node1,api-node2,3,6,9,12.000000,15.151515,12.000000,30.303030,100.000000,50.000000,0.000000,0.000000,0.000000,0.000000,0.000000,0.000000,50.000000,50.000000,78.218806,78.185092,3.000000
2026-06-24T02:03:01.618241125Z,1000,per_hit,raw_percent_of_host,api-node1,api-node2,4,7,11,9.000000,16.037736,9.000000,32.075472,100.000000,50.000000,1.000000,0.000000,0.000000,0.000000,1.000000,0.000000,50.000000,76.571429,79.019945,75.768302,3.000000
2026-06-24T02:03:02.618239182Z,1000,per_hit,raw_percent_of_host,api-node1,api-node2,6,4,10,18.000000,15.151515,18.000000,30.303030,100.000000,50.000000,1.000000,0.000000,0.000000,0.000000,1.000000,0.000000,50.000000,62.000000,78.565697,76.545041,3.000000
2026-06-24T02:03:03.618239052Z,1000,per_hit,raw_percent_of_host,api-node1,api-node2,1,2,3,3.000000,9.183673,3.000000,18.367347,100.000000,50.000000,0.000000,0.000000,0.000000,0.000000,0.000000,0.000000,50.000000,50.000000,77.688624,77.503189,3.000000
2026-06-24T02:03:04.618242321Z,1000,per_hit,raw_percent_of_host,api-node1,api-node2,0,0,0,0.000000,1.000000,0.000000,2.000000,100.000000,50.000000,0.000000,0.000000,0.000000,0.000000,0.000000,0.000000,0.000000,0.000000,0.000000,0.000000,3.000000
2026-06-24T02:03:05.618238977Z,1000,per_hit,raw_percent_of_host,api-node1,api-node2,0,0,0,1.000000,0.000000,1.000000,0.000000,100.000000,50.000000,0.000000,0.000000,0.000000,0.000000,0.000000,0.000000,0.000000,0.000000,0.000000,0.000000,3.000000
2026-06-24T02:03:06.618239174Z,1000,per_hit,raw_percent_of_host,api-node1,api-node2,0,0,0,0.000000,0.000000,0.000000,0.000000,100.000000,50.000000,0.000000,0.000000,0.000000,0.000000,0.000000,0.000000,0.000000,0.000000,0.000000,0.000000,3.000000
2026-06-24T02:03:07.61824336Z,1000,per_hit,raw_percent_of_host,api-node1,api-node2,0,0,0,1.000000,0.000000,1.000000,0.000000,100.000000,50.000000,0.000000,0.000000,0.000000,0.000000,0.000000,0.000000,0.000000,0.000000,0.000000,0.000000,3.000000
2026-06-24T02:03:08.618242894Z,1000,per_hit,raw_percent_of_host,api-node1,api-node2,0,0,0,0.000000,0.000000,0.000000,0.000000,100.000000,50.000000,0.000000,0.000000,0.000000,0.000000,0.000000,0.000000,0.000000,0.000000,0.000000,0.000000,3.000000
2026-06-24T02:03:09.618239374Z,1000,per_hit,raw_percent_of_host,api-node1,api-node2,0,0,0,0.000000,1.000000,0.000000,2.000000,100.000000,50.000000,0.000000,0.000000,0.000000,0.000000,0.000000,0.000000,0.000000,0.000000,0.000000,0.000000,3.000000
2026-06-24T02:03:10.618238881Z,1000,per_hit,raw_percent_of_host,api-node1,api-node2,0,0,0,0.000000,0.000000,0.000000,0.000000,100.000000,50.000000,0.000000,0.000000,0.000000,0.000000,0.000000,0.000000,0.000000,0.000000,0.000000,0.000000,3.000000
2026-06-24T02:03:11.618241783Z,1000,per_hit,raw_percent_of_host,api-node1,api-node2,0,0,0,0.000000,0.000000,0.000000,0.000000,100.000000,50.000000,0.000000,0.000000,0.000000,0.000000,0.000000,0.000000,0.000000,0.000000,0.000000,0.000000,3.000000
2026-06-24T02:03:12.618243127Z,1000,per_hit,raw_percent_of_host,api-node1,api-node2,0,0,0,0.000000,0.000000,0.000000,0.000000,100.000000,50.000000,0.000000,0.000000,0.000000,0.000000,0.000000,0.000000,0.000000,0.000000,0.000000,0.000000,3.000000
2026-06-24T02:03:13.618243271Z,1000,per_hit,raw_percent_of_host,api-node1,api-node2,0,0,0,0.000000,1.000000,0.000000,2.000000,100.000000,50.000000,0.000000,0.000000,0.000000,0.000000,0.000000,0.000000,0.000000,0.000000,0.000000,0.000000,3.000000
2026-06-24T02:03:14.618239539Z,1000,per_hit,raw_percent_of_host,api-node1,api-node2,0,0,0,0.000000,0.990099,0.000000,1.980198,100.000000,50.000000,0.000000,0.000000,0.000000,0.000000,0.000000,0.000000,0.000000,0.000000,0.000000,0.000000,3.000000
2026-06-24T02:03:15.618242557Z,1000,per_hit,raw_percent_of_host,api-node1,api-node2,0,0,0,0.000000,0.000000,0.000000,0.000000,100.000000,50.000000,0.000000,0.000000,0.000000,0.000000,0.000000,0.000000,0.000000,0.000000,0.000000,0.000000,3.000000
2026-06-24T02:03:16.618254356Z,1000,per_hit,raw_percent_of_host,api-node1,api-node2,0,0,0,1.010101,1.980198,1.010101,3.960396,100.000000,50.000000,0.000000,0.000000,0.000000,0.000000,0.000000,0.000000,0.000000,0.000000,0.000000,0.000000,3.000000
2026-06-24T02:03:17.618239687Z,1000,per_hit,raw_percent_of_host,api-node1,api-node2,0,0,0,0.000000,0.000000,0.000000,0.000000,100.000000,50.000000,0.000000,0.000000,0.000000,0.000000,0.000000,0.000000,0.000000,0.000000,0.000000,0.000000,3.000000
2026-06-24T02:03:18.618244253Z,1000,per_hit,raw_percent_of_host,api-node1,api-node2,0,0,0,0.000000,0.000000,0.000000,0.000000,100.000000,50.000000,0.000000,0.000000,0.000000,0.000000,0.000000,0.000000,0.000000,0.000000,0.000000,0.000000,3.000000
2026-06-24T02:03:19.618239728Z,1000,per_hit,raw_percent_of_host,api-node1,api-node2,0,0,0,0.000000,1.000000,0.000000,2.000000,100.000000,50.000000,0.000000,0.000000,0.000000,0.000000,0.000000,0.000000,0.000000,0.000000,0.000000,0.000000,3.000000
2026-06-24T02:03:20.618240093Z,1000,per_hit,raw_percent_of_host,api-node1,api-node2,0,0,0,0.000000,0.000000,0.000000,0.000000,100.000000,50.000000,0.000000,0.000000,0.000000,0.000000,0.000000,0.000000,0.000000,0.000000,0.000000,0.000000,3.000000
2026-06-24T02:03:21.618239605Z,1000,per_hit,raw_percent_of_host,api-node1,api-node2,0,0,0,0.000000,0.990099,0.000000,1.980198,100.000000,50.000000,0.000000,0.000000,0.000000,0.000000,0.000000,0.000000,0.000000,0.000000,0.000000,0.000000,3.000000
2026-06-24T02:03:22.618243103Z,1000,per_hit,raw_percent_of_host,api-node1,api-node2,0,0,0,1.010101,0.000000,1.010101,0.000000,100.000000,50.000000,0.000000,0.000000,0.000000,0.000000,0.000000,0.000000,0.000000,0.000000,0.000000,0.000000,3.000000
2026-06-24T02:03:23.618244692Z,1000,per_hit,raw_percent_of_host,api-node1,api-node2,0,0,0,0.000000,0.000000,0.000000,0.000000,100.000000,50.000000,0.000000,0.000000,0.000000,0.000000,0.000000,0.000000,0.000000,0.000000,0.000000,0.000000,3.000000
2026-06-24T02:03:24.618240383Z,1000,per_hit,raw_percent_of_host,api-node1,api-node2,0,0,0,0.000000,0.000000,0.000000,0.000000,100.000000,50.000000,0.000000,0.000000,0.000000,0.000000,0.000000,0.000000,0.000000,0.000000,0.000000,0.000000,3.000000
2026-06-24T02:03:25.618243328Z,1000,per_hit,raw_percent_of_host,api-node1,api-node2,0,0,0,1.000000,0.000000,1.000000,0.000000,100.000000,50.000000,0.000000,0.000000,0.000000,0.000000,0.000000,0.000000,0.000000,0.000000,0.000000,0.000000,3.000000
2026-06-24T02:03:26.618239088Z,1000,per_hit,raw_percent_of_host,api-node1,api-node2,0,0,0,0.000000,1.000000,0.000000,2.000000,100.000000,50.000000,0.000000,0.000000,0.000000,0.000000,0.000000,0.000000,0.000000,0.000000,0.000000,0.000000,3.000000
2026-06-24T02:03:27.618243219Z,1000,per_hit,raw_percent_of_host,api-node1,api-node2,0,0,0,0.000000,0.000000,0.000000,0.000000,100.000000,50.000000,0.000000,0.000000,0.000000,0.000000,0.000000,0.000000,0.000000,0.000000,0.000000,0.000000,3.000000
2026-06-24T02:03:28.618242435Z,1000,per_hit,raw_percent_of_host,api-node1,api-node2,0,0,0,0.000000,1.980198,0.000000,3.960396,100.000000,50.000000,0.000000,0.000000,0.000000,0.000000,0.000000,0.000000,0.000000,0.000000,0.000000,0.000000,3.000000
2026-06-24T02:03:29.618240176Z,1000,per_hit,raw_percent_of_host,api-node1,api-node2,0,0,0,0.000000,0.000000,0.000000,0.000000,100.000000,50.000000,0.000000,0.000000,0.000000,0.000000,0.000000,0.000000,0.000000,0.000000,0.000000,0.000000,3.000000
2026-06-24T02:03:30.618244178Z,1000,per_hit,raw_percent_of_host,api-node1,api-node2,0,0,0,1.010101,0.000000,1.010101,0.000000,100.000000,50.000000,0.000000,0.000000,0.000000,0.000000,0.000000,0.000000,0.000000,0.000000,0.000000,0.000000,3.000000
2026-06-24T02:03:31.618243911Z,1000,per_hit,raw_percent_of_host,api-node1,api-node2,0,0,0,0.000000,0.990099,0.000000,1.980198,100.000000,50.000000,0.000000,0.000000,0.000000,0.000000,0.000000,0.000000,0.000000,0.000000,0.000000,0.000000,3.000000
2026-06-24T02:03:32.618244381Z,1000,per_hit,raw_percent_of_host,api-node1,api-node2,0,0,0,0.000000,0.000000,0.000000,0.000000,100.000000,50.000000,0.000000,0.000000,0.000000,0.000000,0.000000,0.000000,0.000000,0.000000,0.000000,0.000000,3.000000
2026-06-24T02:03:33.618239345Z,1000,per_hit,raw_percent_of_host,api-node1,api-node2,0,0,0,0.000000,0.000000,0.000000,0.000000,100.000000,50.000000,0.000000,0.000000,0.000000,0.000000,0.000000,0.000000,0.000000,0.000000,0.000000,0.000000,3.000000
2026-06-24T02:03:34.618240643Z,1000,per_hit,raw_percent_of_host,api-node1,api-node2,0,0,0,0.000000,1.980198,0.000000,3.960396,100.000000,50.000000,0.000000,0.000000,0.000000,0.000000,0.000000,0.000000,0.000000,0.000000,0.000000,0.000000,3.000000
2026-06-24T02:03:35.618249003Z,1000,per_hit,raw_percent_of_host,api-node1,api-node2,0,0,0,1.000000,0.000000,1.000000,0.000000,100.000000,50.000000,0.000000,0.000000,0.000000,0.000000,0.000000,0.000000,0.000000,0.000000,0.000000,0.000000,3.000000
2026-06-24T02:03:36.618238989Z,1000,per_hit,raw_percent_of_host,api-node1,api-node2,0,0,0,0.000000,0.000000,0.000000,0.000000,100.000000,50.000000,0.000000,0.000000,0.000000,0.000000,0.000000,0.000000,0.000000,0.000000,0.000000,0.000000,3.000000
2026-06-24T02:03:37.618239842Z,1000,per_hit,raw_percent_of_host,api-node1,api-node2,0,0,0,0.000000,1.000000,0.000000,2.000000,100.000000,50.000000,0.000000,0.000000,0.000000,0.000000,0.000000,0.000000,0.000000,0.000000,0.000000,0.000000,3.000000
2026-06-24T02:03:38.618243431Z,1000,per_hit,raw_percent_of_host,api-node1,api-node2,0,0,0,0.000000,1.000000,0.000000,2.000000,100.000000,50.000000,0.000000,0.000000,0.000000,0.000000,0.000000,0.000000,0.000000,0.000000,0.000000,0.000000,3.000000
2026-06-24T02:03:39.618241334Z,1000,per_hit,raw_percent_of_host,api-node1,api-node2,0,0,0,1.980198,0.000000,1.980198,0.000000,100.000000,50.000000,0.000000,0.000000,0.000000,0.000000,0.000000,0.000000,0.000000,0.000000,0.000000,0.000000,3.000000
2026-06-24T02:03:40.61825698Z,1000,per_hit,raw_percent_of_host,api-node1,api-node2,0,0,0,0.000000,0.000000,0.000000,0.000000,100.000000,50.000000,0.000000,0.000000,0.000000,0.000000,0.000000,0.000000,0.000000,0.000000,0.000000,0.000000,3.000000
2026-06-24T02:03:41.618242522Z,1000,per_hit,raw_percent_of_host,api-node1,api-node2,0,0,0,0.000000,0.000000,0.000000,0.000000,100.000000,50.000000,0.000000,0.000000,0.000000,0.000000,0.000000,0.000000,0.000000,0.000000,0.000000,0.000000,3.000000
2026-06-24T02:03:42.618247956Z,1000,per_hit,raw_percent_of_host,api-node1,api-node2,0,0,0,1.000000,0.000000,1.000000,0.000000,100.000000,50.000000,0.000000,0.000000,0.000000,0.000000,0.000000,0.000000,0.000000,0.000000,0.000000,0.000000,3.000000
2026-06-24T02:03:43.618239483Z,1000,per_hit,raw_percent_of_host,api-node1,api-node2,0,0,0,0.990099,0.000000,0.990099,0.000000,100.000000,50.000000,0.000000,0.000000,0.000000,0.000000,0.000000,0.000000,0.000000,0.000000,0.000000,0.000000,3.000000
2026-06-24T02:03:44.618239108Z,1000,per_hit,raw_percent_of_host,api-node1,api-node2,0,0,0,0.000000,0.000000,0.000000,0.000000,100.000000,50.000000,0.000000,0.000000,0.000000,0.000000,0.000000,0.000000,0.000000,0.000000,0.000000,0.000000,3.000000
2026-06-24T02:03:45.618239366Z,1000,per_hit,raw_percent_of_host,api-node1,api-node2,0,0,0,0.000000,0.000000,0.000000,0.000000,100.000000,50.000000,0.000000,0.000000,0.000000,0.000000,0.000000,0.000000,0.000000,0.000000,0.000000,0.000000,3.000000
2026-06-24T02:03:46.618238682Z,1000,per_hit,raw_percent_of_host,api-node1,api-node2,0,0,0,0.000000,1.000000,0.000000,2.000000,100.000000,50.000000,0.000000,0.000000,0.000000,0.000000,0.000000,0.000000,0.000000,0.000000,0.000000,0.000000,3.000000
2026-06-24T02:03:47.618243346Z,1000,per_hit,raw_percent_of_host,api-node1,api-node2,0,0,0,1.960784,0.000000,1.960784,0.000000,100.000000,50.000000,0.000000,0.000000,0.000000,0.000000,0.000000,0.000000,0.000000,0.000000,0.000000,0.000000,3.000000
2026-06-24T02:03:48.618240223Z,1000,per_hit,raw_percent_of_host,api-node1,api-node2,0,0,0,0.000000,0.000000,0.000000,0.000000,100.000000,50.000000,0.000000,0.000000,0.000000,0.000000,0.000000,0.000000,0.000000,0.000000,0.000000,0.000000,3.000000
2026-06-24T02:03:49.618239033Z,1000,per_hit,raw_percent_of_host,api-node1,api-node2,0,0,0,0.000000,0.000000,0.000000,0.000000,100.000000,50.000000,0.000000,0.000000,0.000000,0.000000,0.000000,0.000000,0.000000,0.000000,0.000000,0.000000,3.000000
2026-06-24T02:03:50.618239897Z,1000,per_hit,raw_percent_of_host,api-node1,api-node2,0,0,0,0.000000,3.030303,0.000000,6.060606,100.000000,50.000000,0.000000,0.000000,0.000000,0.000000,0.000000,0.000000,0.000000,0.000000,0.000000,0.000000,3.000000
2026-06-24T02:03:51.618239505Z,1000,per_hit,raw_percent_of_host,api-node1,api-node2,0,0,0,0.000000,1.000000,0.000000,2.000000,100.000000,50.000000,0.000000,0.000000,0.000000,0.000000,0.000000,0.000000,0.000000,0.000000,0.000000,0.000000,3.000000
2026-06-24T02:03:52.618243645Z,1000,per_hit,raw_percent_of_host,api-node1,api-node2,0,0,0,0.000000,0.000000,0.000000,0.000000,100.000000,50.000000,0.000000,0.000000,0.000000,0.000000,0.000000,0.000000,0.000000,0.000000,0.000000,0.000000,3.000000
2026-06-24T02:03:53.618239615Z,1000,per_hit,raw_percent_of_host,api-node1,api-node2,0,0,0,0.000000,0.000000,0.000000,0.000000,100.000000,50.000000,0.000000,0.000000,0.000000,0.000000,0.000000,0.000000,0.000000,0.000000,0.000000,0.000000,3.000000
2026-06-24T02:03:54.618238947Z,1000,per_hit,raw_percent_of_host,api-node1,api-node2,0,0,0,0.000000,1.000000,0.000000,2.000000,100.000000,50.000000,0.000000,0.000000,0.000000,0.000000,0.000000,0.000000,0.000000,0.000000,0.000000,0.000000,3.000000
2026-06-24T02:03:55.618240231Z,1000,per_hit,raw_percent_of_host,api-node1,api-node2,0,0,0,0.000000,0.000000,0.000000,0.000000,100.000000,50.000000,0.000000,0.000000,0.000000,0.000000,0.000000,0.000000,0.000000,0.000000,0.000000,0.000000,3.000000
2026-06-24T02:03:56.618239793Z,1000,per_hit,raw_percent_of_host,api-node1,api-node2,0,0,0,0.000000,0.000000,0.000000,0.000000,100.000000,50.000000,0.000000,0.000000,0.000000,0.000000,0.000000,0.000000,0.000000,0.000000,0.000000,0.000000,3.000000
2026-06-24T02:03:57.618242859Z,1000,per_hit,raw_percent_of_host,api-node1,api-node2,0,0,0,0.000000,0.000000,0.000000,0.000000,100.000000,50.000000,0.000000,0.000000,0.000000,0.000000,0.000000,0.000000,0.000000,0.000000,0.000000,0.000000,3.000000
2026-06-24T02:03:58.618239093Z,1000,per_hit,raw_percent_of_host,api-node1,api-node2,0,0,0,0.000000,0.000000,0.000000,0.000000,100.000000,50.000000,0.000000,0.000000,0.000000,0.000000,0.000000,0.000000,0.000000,0.000000,0.000000,0.000000,3.000000
2026-06-24T02:03:59.618240713Z,1000,per_hit,raw_percent_of_host,api-node1,api-node2,0,0,0,0.000000,0.000000,0.000000,0.000000,100.000000,50.000000,0.000000,0.000000,0.000000,0.000000,0.000000,0.000000,0.000000,0.000000,0.000000,0.000000,3.000000
2026-06-24T02:04:00.618243081Z,1000,per_hit,raw_percent_of_host,api-node1,api-node2,0,0,0,0.000000,0.000000,0.000000,0.000000,100.000000,50.000000,0.000000,0.000000,0.000000,0.000000,0.000000,0.000000,0.000000,0.000000,0.000000,0.000000,3.000000
2026-06-24T02:04:01.618242536Z,1000,per_hit,raw_percent_of_host,api-node1,api-node2,0,0,0,0.000000,0.000000,0.000000,0.000000,100.000000,50.000000,0.000000,0.000000,0.000000,0.000000,0.000000,0.000000,0.000000,0.000000,0.000000,0.000000,3.000000
2026-06-24T02:04:02.618243382Z,1000,per_hit,raw_percent_of_host,api-node1,api-node2,0,0,0,1.010101,0.000000,1.010101,0.000000,100.000000,50.000000,0.000000,0.000000,0.000000,0.000000,0.000000,0.000000,0.000000,0.000000,0.000000,0.000000,3.000000
2026-06-24T02:04:03.61824694Z,1000,per_hit,raw_percent_of_host,api-node1,api-node2,0,0,0,0.000000,0.000000,0.000000,0.000000,100.000000,50.000000,0.000000,0.000000,0.000000,0.000000,0.000000,0.000000,0.000000,0.000000,0.000000,0.000000,3.000000
2026-06-24T02:04:04.618243745Z,1000,per_hit,raw_percent_of_host,api-node1,api-node2,0,0,0,0.000000,0.000000,0.000000,0.000000,100.000000,50.000000,0.000000,0.000000,0.000000,0.000000,0.000000,0.000000,0.000000,0.000000,0.000000,0.000000,3.000000
2026-06-24T02:04:05.618247149Z,1000,per_hit,raw_percent_of_host,api-node1,api-node2,0,0,0,0.000000,0.000000,0.000000,0.000000,100.000000,50.000000,0.000000,0.000000,0.000000,0.000000,0.000000,0.000000,0.000000,0.000000,0.000000,0.000000,3.000000
2026-06-24T02:04:06.618239773Z,1000,per_hit,raw_percent_of_host,api-node1,api-node2,0,0,0,0.000000,0.000000,0.000000,0.000000,100.000000,50.000000,0.000000,0.000000,0.000000,0.000000,0.000000,0.000000,0.000000,0.000000,0.000000,0.000000,3.000000
2026-06-24T02:04:07.618240352Z,1000,per_hit,raw_percent_of_host,api-node1,api-node2,0,0,0,0.000000,0.000000,0.000000,0.000000,100.000000,50.000000,0.000000,0.000000,0.000000,0.000000,0.000000,0.000000,0.000000,0.000000,0.000000,0.000000,3.000000
2026-06-24T02:04:08.618240191Z,1000,per_hit,raw_percent_of_host,api-node1,api-node2,0,0,0,1.000000,1.000000,1.000000,2.000000,100.000000,50.000000,0.000000,0.000000,0.000000,0.000000,0.000000,0.000000,0.000000,0.000000,0.000000,0.000000,3.000000
2026-06-24T02:04:09.618242169Z,1000,per_hit,raw_percent_of_host,api-node1,api-node2,0,0,0,0.000000,0.000000,0.000000,0.000000,100.000000,50.000000,0.000000,0.000000,0.000000,0.000000,0.000000,0.000000,0.000000,0.000000,0.000000,0.000000,3.000000
2026-06-24T02:04:10.618242563Z,1000,per_hit,raw_percent_of_host,api-node1,api-node2,0,0,0,0.000000,0.000000,0.000000,0.000000,100.000000,50.000000,0.000000,0.000000,0.000000,0.000000,0.000000,0.000000,0.000000,0.000000,0.000000,0.000000,3.000000
2026-06-24T02:04:11.618238889Z,1000,per_hit,raw_percent_of_host,api-node1,api-node2,0,0,0,0.000000,1.000000,0.000000,2.000000,100.000000,50.000000,0.000000,0.000000,0.000000,0.000000,0.000000,0.000000,0.000000,0.000000,0.000000,0.000000,3.000000
2026-06-24T02:04:12.618240407Z,1000,per_hit,raw_percent_of_host,api-node1,api-node2,0,0,0,1.960784,1.000000,1.960784,2.000000,100.000000,50.000000,0.000000,0.000000,0.000000,0.000000,0.000000,0.000000,0.000000,0.000000,0.000000,0.000000,3.000000
2026-06-24T02:04:13.618240198Z,1000,per_hit,raw_percent_of_host,api-node1,api-node2,0,0,0,0.000000,0.000000,0.000000,0.000000,100.000000,50.000000,0.000000,0.000000,0.000000,0.000000,0.000000,0.000000,0.000000,0.000000,0.000000,0.000000,3.000000
2026-06-24T02:04:14.618240806Z,1000,per_hit,raw_percent_of_host,api-node1,api-node2,0,0,0,1.000000,0.000000,1.000000,0.000000,100.000000,50.000000,0.000000,0.000000,0.000000,0.000000,0.000000,0.000000,0.000000,0.000000,0.000000,0.000000,3.000000
