timestamp_utc,window_ms,traffic_log_mode,cpu_usage_unit,node1_name,node2_name,node1_requests,node2_requests,total_requests,node1_cpu_raw_usage,node2_cpu_raw_usage,node1_cpu_normalized_usage,node2_cpu_normalized_usage,node1_cpu_capacity,node2_cpu_capacity,node1_inflight,node2_inflight,node1_backend_inflight,node2_backend_inflight,node1_queue,node2_queue,node1_response_ms,node2_response_ms,node1_fuzzy_score,node2_fuzzy_score,os_idle_cpu
2026-06-24T13:53:28.737335077Z,1000,per_hit,raw_percent_of_host,api-node1,api-node2,0,0,0,0.000000,0.000000,0.000000,0.000000,100.000000,50.000000,0.000000,0.000000,0.000000,0.000000,0.000000,0.000000,0.000000,0.000000,0.000000,0.000000,3.000000
2026-06-24T13:53:29.737335894Z,1000,per_hit,raw_percent_of_host,api-node1,api-node2,0,0,0,0.000000,0.000000,0.000000,0.000000,100.000000,50.000000,0.000000,0.000000,0.000000,0.000000,0.000000,0.000000,0.000000,0.000000,0.000000,0.000000,3.000000
2026-06-24T13:53:30.737334996Z,1000,per_hit,raw_percent_of_host,api-node1,api-node2,4,6,10,0.000000,0.990099,0.000000,1.980198,100.000000,50.000000,4.000000,6.000000,0.000000,0.000000,4.000000,6.000000,0.000000,0.000000,83.646482,83.648368,3.000000
2026-06-24T13:53:31.737336597Z,1000,per_hit,raw_percent_of_host,api-node1,api-node2,4,6,10,0.000000,0.000000,0.000000,0.000000,100.000000,50.000000,4.000000,6.000000,0.000000,0.000000,4.000000,6.000000,84.750000,147.500000,82.465913,82.778918,3.000000
2026-06-24T13:53:32.737334526Z,1000,per_hit,raw_percent_of_host,api-node1,api-node2,4,6,10,0.000000,0.000000,0.000000,0.000000,100.000000,50.000000,4.000000,6.000000,0.000000,0.000000,4.000000,6.000000,69.250000,105.000000,83.075312,83.361672,3.000000
2026-06-24T13:53:33.737336211Z,1000,per_hit,raw_percent_of_host,api-node1,api-node2,5,6,11,0.990099,0.000000,0.990099,0.000000,100.000000,50.000000,5.000000,5.000000,0.000000,0.000000,5.000000,5.000000,70.000000,148.666667,82.791281,83.590162,3.000000
2026-06-24T13:53:34.737334115Z,1000,per_hit,raw_percent_of_host,api-node1,api-node2,6,4,10,1.000000,0.000000,1.000000,0.000000,100.000000,50.000000,6.000000,4.000000,0.000000,0.000000,6.000000,4.000000,84.800000,93.600000,82.791281,83.428166,3.000000
2026-06-24T13:53:35.737337897Z,1000,per_hit,raw_percent_of_host,api-node1,api-node2,9,1,10,0.000000,1.000000,0.000000,2.000000,100.000000,50.000000,9.000000,1.000000,0.000000,0.000000,9.000000,1.000000,92.833333,119.500000,82.665822,82.967976,3.000000
2026-06-24T13:53:36.737333717Z,1000,per_hit,raw_percent_of_host,api-node1,api-node2,4,6,10,0.000000,0.000000,0.000000,0.000000,100.000000,50.000000,4.000000,6.000000,0.000000,0.000000,4.000000,6.000000,118.888889,93.000000,82.131187,83.461817,3.000000
2026-06-24T13:53:37.737333848Z,1000,per_hit,raw_percent_of_host,api-node1,api-node2,3,7,10,0.000000,0.000000,0.000000,0.000000,100.000000,50.000000,3.000000,7.000000,0.000000,0.000000,3.000000,7.000000,87.750000,120.500000,83.175874,83.355474,3.000000
2026-06-24T13:53:38.737335057Z,1000,per_hit,raw_percent_of_host,api-node1,api-node2,5,5,10,0.000000,0.000000,0.000000,0.000000,100.000000,50.000000,5.000000,5.000000,0.000000,0.000000,5.000000,5.000000,53.666667,172.857143,83.653353,77.178236,3.000000
2026-06-24T13:53:39.737333906Z,1000,per_hit,raw_percent_of_host,api-node1,api-node2,4,6,10,0.000000,1.000000,0.000000,2.000000,100.000000,50.000000,4.000000,6.000000,0.000000,0.000000,4.000000,6.000000,96.800000,135.400000,82.729652,82.883507,3.000000
2026-06-24T13:53:40.737334742Z,1000,per_hit,raw_percent_of_host,api-node1,api-node2,6,4,10,0.000000,0.000000,0.000000,0.000000,100.000000,50.000000,6.000000,4.000000,0.000000,0.000000,6.000000,4.000000,81.000000,152.666667,82.600907,82.843215,3.000000
2026-06-24T13:53:41.737333406Z,1000,per_hit,raw_percent_of_host,api-node1,api-node2,5,5,10,0.000000,0.000000,0.000000,0.000000,100.000000,50.000000,5.000000,5.000000,0.000000,0.000000,5.000000,5.000000,97.666667,118.250000,82.729652,83.012412,3.000000
2026-06-24T13:53:42.737333905Z,1000,per_hit,raw_percent_of_host,api-node1,api-node2,5,5,10,0.000000,0.000000,0.000000,0.000000,100.000000,50.000000,5.000000,5.000000,0.000000,0.000000,5.000000,5.000000,94.400000,132.000000,82.851850,83.135568,3.000000
2026-06-24T13:53:43.737334012Z,1000,per_hit,raw_percent_of_host,api-node1,api-node2,6,4,10,1.000000,0.000000,1.000000,0.000000,100.000000,50.000000,6.000000,4.000000,0.000000,0.000000,6.000000,4.000000,98.400000,83.800000,83.175874,83.631528,3.000000
2026-06-24T13:53:44.737334904Z,1000,per_hit,raw_percent_of_host,api-node1,api-node2,6,4,10,2.040816,0.000000,2.040816,0.000000,100.000000,50.000000,6.000000,4.000000,0.000000,0.000000,6.000000,4.000000,90.166667,119.500000,82.729652,82.962419,3.000000
2026-06-24T13:53:45.737336072Z,1000,per_hit,raw_percent_of_host,api-node1,api-node2,4,6,10,1.000000,0.990099,1.000000,1.980198,100.000000,50.000000,4.000000,6.000000,0.000000,0.000000,4.000000,6.000000,92.166667,118.500000,78.122221,83.012796,3.000000
2026-06-24T13:53:46.737334305Z,1000,per_hit,raw_percent_of_host,api-node1,api-node2,0,0,0,0.000000,0.990099,0.000000,1.980198,100.000000,50.000000,0.000000,0.000000,0.000000,0.000000,0.000000,0.000000,67.500000,144.833333,0.000000,0.000000,3.000000
2026-06-24T13:53:47.737335513Z,1000,per_hit,raw_percent_of_host,api-node1,api-node2,13,7,20,1.000000,0.000000,1.000000,0.000000,100.000000,50.000000,6.000000,4.000000,0.000000,0.000000,6.000000,4.000000,81.714286,54.666667,82.091991,83.276939,3.000000
2026-06-24T13:53:48.737334224Z,1000,per_hit,raw_percent_of_host,api-node1,api-node2,4,6,10,0.990099,0.000000,0.990099,0.000000,100.000000,50.000000,4.000000,6.000000,0.000000,0.000000,4.000000,6.000000,78.500000,105.750000,82.026166,82.910038,3.000000
2026-06-24T13:53:49.737333864Z,1000,per_hit,raw_percent_of_host,api-node1,api-node2,4,6,10,0.000000,0.000000,0.000000,0.000000,100.000000,50.000000,4.000000,6.000000,0.000000,0.000000,4.000000,6.000000,89.250000,121.166667,83.021765,83.302493,3.000000
2026-06-24T13:53:50.737333328Z,1000,per_hit,raw_percent_of_host,api-node1,api-node2,6,4,10,0.000000,4.000000,0.000000,8.000000,100.000000,50.000000,6.000000,4.000000,0.000000,0.000000,6.000000,4.000000,71.000000,132.000000,82.396016,82.728729,3.000000
2026-06-24T13:53:51.737333521Z,1000,per_hit,raw_percent_of_host,api-node1,api-node2,7,3,10,0.000000,0.000000,0.000000,0.000000,100.000000,50.000000,7.000000,3.000000,0.000000,0.000000,7.000000,3.000000,77.500000,99.500000,82.324951,83.175874,3.000000
2026-06-24T13:53:52.737333795Z,1000,per_hit,raw_percent_of_host,api-node1,api-node2,6,4,10,1.000000,0.000000,1.000000,0.000000,100.000000,50.000000,6.000000,4.000000,0.000000,0.000000,6.000000,4.000000,97.000000,100.000000,77.432095,83.175874,3.000000
2026-06-24T13:53:53.737335426Z,1000,per_hit,raw_percent_of_host,api-node1,api-node2,6,4,10,0.000000,0.000000,0.000000,0.000000,100.000000,50.000000,6.000000,4.000000,0.000000,0.000000,6.000000,4.000000,85.666667,102.500000,82.102870,83.075312,3.000000
2026-06-24T13:53:54.737334597Z,1000,per_hit,raw_percent_of_host,api-node1,api-node2,5,5,10,0.000000,0.000000,0.000000,0.000000,100.000000,50.000000,5.000000,5.000000,0.000000,0.000000,5.000000,5.000000,106.333333,102.500000,82.102870,83.021765,3.000000
2026-06-24T13:53:55.737334652Z,1000,per_hit,raw_percent_of_host,api-node1,api-node2,4,6,10,1.980198,0.000000,1.980198,0.000000,100.000000,50.000000,4.000000,6.000000,0.000000,0.000000,4.000000,6.000000,92.200000,103.600000,82.102870,82.967183,3.000000
2026-06-24T13:53:56.737335001Z,1000,per_hit,raw_percent_of_host,api-node1,api-node2,6,4,10,0.000000,0.000000,0.000000,0.000000,100.000000,50.000000,6.000000,4.000000,0.000000,0.000000,6.000000,4.000000,61.250000,141.500000,83.632452,82.429403,3.000000
2026-06-24T13:53:57.737334118Z,1000,per_hit,raw_percent_of_host,api-node1,api-node2,4,6,10,0.000000,0.000000,0.000000,0.000000,100.000000,50.000000,4.000000,6.000000,0.000000,0.000000,4.000000,6.000000,88.333333,104.500000,81.868826,82.791281,3.000000
2026-06-24T13:53:58.737334686Z,1000,per_hit,raw_percent_of_host,api-node1,api-node2,0,0,0,0.000000,0.000000,0.000000,0.000000,100.000000,50.000000,0.000000,0.000000,0.000000,0.000000,0.000000,0.000000,74.000000,142.833333,0.000000,0.000000,3.000000
2026-06-24T13:53:59.737334218Z,1000,per_hit,raw_percent_of_host,api-node1,api-node2,15,5,20,1.000000,1.000000,1.000000,2.000000,100.000000,50.000000,6.000000,4.000000,0.000000,0.000000,6.000000,4.000000,98.555556,50.000000,79.767483,83.010206,3.000000
2026-06-24T13:54:00.737334336Z,1000,per_hit,raw_percent_of_host,api-node1,api-node2,5,5,10,0.000000,0.000000,0.000000,0.000000,100.000000,50.000000,5.000000,5.000000,0.000000,0.000000,5.000000,5.000000,88.000000,104.000000,82.026166,82.967183,3.000000
2026-06-24T13:54:01.737333506Z,1000,per_hit,raw_percent_of_host,api-node1,api-node2,5,5,10,0.000000,0.000000,0.000000,0.000000,100.000000,50.000000,5.000000,5.000000,0.000000,0.000000,5.000000,5.000000,82.600000,145.600000,81.868826,82.308385,3.000000
2026-06-24T13:54:02.737337142Z,1000,per_hit,raw_percent_of_host,api-node1,api-node2,0,0,0,0.000000,0.000000,0.000000,0.000000,100.000000,50.000000,0.000000,0.000000,0.000000,0.000000,0.000000,0.000000,65.200000,152.400000,0.000000,0.000000,3.000000
2026-06-24T13:54:03.73733489Z,1000,per_hit,raw_percent_of_host,api-node1,api-node2,9,11,20,0.000000,0.000000,0.000000,0.000000,100.000000,50.000000,6.000000,4.000000,0.000000,0.000000,6.000000,4.000000,58.666667,97.714286,83.021000,81.253521,3.000000
2026-06-24T13:54:04.737334995Z,1000,per_hit,raw_percent_of_host,api-node1,api-node2,6,4,10,0.000000,0.000000,0.000000,0.000000,100.000000,50.000000,6.000000,4.000000,0.000000,0.000000,6.000000,4.000000,90.500000,112.000000,81.367639,82.396016,3.000000
2026-06-24T13:54:05.737334904Z,1000,per_hit,raw_percent_of_host,api-node1,api-node2,4,6,10,0.000000,0.000000,0.000000,0.000000,100.000000,50.000000,4.000000,6.000000,0.000000,0.000000,4.000000,6.000000,69.333333,134.000000,81.623699,82.125750,3.000000
2026-06-24T13:54:06.737334445Z,1000,per_hit,raw_percent_of_host,api-node1,api-node2,6,4,10,0.000000,1.980198,0.000000,3.960396,100.000000,50.000000,6.000000,4.000000,0.000000,0.000000,6.000000,4.000000,58.750000,149.166667,83.646518,82.190797,3.000000
2026-06-24T13:54:07.737333614Z,1000,per_hit,raw_percent_of_host,api-node1,api-node2,9,1,10,0.000000,0.000000,0.000000,0.000000,100.000000,50.000000,9.000000,1.000000,0.000000,0.000000,9.000000,1.000000,88.166667,107.000000,81.788383,82.791281,3.000000
2026-06-24T13:54:08.737334325Z,1000,per_hit,raw_percent_of_host,api-node1,api-node2,5,5,10,0.000000,0.990099,0.000000,1.980198,100.000000,50.000000,5.000000,5.000000,0.000000,0.000000,5.000000,5.000000,108.444444,50.000000,76.132955,83.646482,3.000000
2026-06-24T13:54:09.737334221Z,1000,per_hit,raw_percent_of_host,api-node1,api-node2,5,5,10,0.000000,0.000000,0.000000,0.000000,100.000000,50.000000,5.000000,5.000000,0.000000,0.000000,5.000000,5.000000,84.800000,131.000000,81.454331,81.950530,3.000000
2026-06-24T13:54:10.737333466Z,1000,per_hit,raw_percent_of_host,api-node1,api-node2,5,5,10,0.000000,1.010101,0.000000,2.020202,100.000000,50.000000,5.000000,5.000000,0.000000,0.000000,5.000000,5.000000,72.400000,130.600000,81.454331,82.011175,3.000000
2026-06-24T13:54:11.737334039Z,1000,per_hit,raw_percent_of_host,api-node1,api-node2,6,4,10,0.000000,0.000000,0.000000,0.000000,100.000000,50.000000,6.000000,4.000000,0.000000,0.000000,6.000000,4.000000,85.000000,131.000000,81.367639,81.951372,3.000000
2026-06-24T13:54:12.737334734Z,1000,per_hit,raw_percent_of_host,api-node1,api-node2,6,4,10,0.000000,1.000000,0.000000,2.000000,100.000000,50.000000,6.000000,4.000000,0.000000,0.000000,6.000000,4.000000,70.166667,116.000000,83.614108,82.178286,3.000000
2026-06-24T13:54:13.737333452Z,1000,per_hit,raw_percent_of_host,api-node1,api-node2,5,5,10,0.000000,0.000000,0.000000,0.000000,100.000000,50.000000,5.000000,5.000000,0.000000,0.000000,5.000000,5.000000,70.500000,113.000000,83.649471,82.324951,3.000000
2026-06-24T13:54:14.737333803Z,1000,per_hit,raw_percent_of_host,api-node1,api-node2,3,7,10,1.000000,0.000000,1.000000,0.000000,100.000000,50.000000,3.000000,7.000000,0.000000,0.000000,3.000000,7.000000,85.400000,136.400000,82.791281,82.942792,3.000000
2026-06-24T13:54:15.737335308Z,1000,per_hit,raw_percent_of_host,api-node1,api-node2,7,3,10,0.000000,0.000000,0.000000,0.000000,100.000000,50.000000,7.000000,3.000000,0.000000,0.000000,7.000000,3.000000,55.333333,140.428571,83.637295,81.951372,3.000000
2026-06-24T13:54:16.737334593Z,1000,per_hit,raw_percent_of_host,api-node1,api-node2,4,6,10,0.000000,0.000000,0.000000,0.000000,100.000000,50.000000,4.000000,6.000000,0.000000,0.000000,4.000000,6.000000,85.428571,107.666667,81.788383,82.791281,3.000000
2026-06-24T13:54:17.737336153Z,1000,per_hit,raw_percent_of_host,api-node1,api-node2,5,5,10,0.000000,1.000000,0.000000,2.000000,100.000000,50.000000,5.000000,5.000000,0.000000,0.000000,5.000000,5.000000,59.500000,120.666667,83.643421,82.368870,3.000000
2026-06-24T13:54:18.737334992Z,1000,per_hit,raw_percent_of_host,api-node1,api-node2,6,4,10,0.000000,0.000000,0.000000,0.000000,100.000000,50.000000,6.000000,4.000000,0.000000,0.000000,6.000000,4.000000,74.800000,107.800000,81.623699,82.729652,3.000000
2026-06-24T13:54:19.737334389Z,1000,per_hit,raw_percent_of_host,api-node1,api-node2,5,5,10,0.000000,0.000000,0.000000,0.000000,100.000000,50.000000,5.000000,5.000000,0.000000,0.000000,5.000000,5.000000,73.833333,109.250000,81.539359,82.600907,3.000000
2026-06-24T13:54:20.737334102Z,1000,per_hit,raw_percent_of_host,api-node1,api-node2,7,3,10,0.000000,1.000000,0.000000,2.000000,100.000000,50.000000,7.000000,3.000000,0.000000,0.000000,7.000000,3.000000,67.000000,119.800000,83.573807,81.948179,3.000000
2026-06-24T13:54:21.737333626Z,1000,per_hit,raw_percent_of_host,api-node1,api-node2,3,7,10,0.000000,0.000000,0.000000,0.000000,100.000000,50.000000,3.000000,7.000000,0.000000,0.000000,3.000000,7.000000,96.571429,111.333333,81.367639,82.533971,3.000000
2026-06-24T13:54:22.737334427Z,1000,per_hit,raw_percent_of_host,api-node1,api-node2,5,5,10,2.000000,0.000000,2.000000,0.000000,100.000000,50.000000,5.000000,5.000000,0.000000,0.000000,5.000000,5.000000,54.000000,154.571429,83.644596,82.010028,3.000000
2026-06-24T13:54:23.737333542Z,1000,per_hit,raw_percent_of_host,api-node1,api-node2,5,5,10,0.000000,0.000000,0.000000,0.000000,100.000000,50.000000,5.000000,5.000000,0.000000,0.000000,5.000000,5.000000,61.400000,129.400000,83.646447,82.069662,3.000000
2026-06-24T13:54:24.737333464Z,1000,per_hit,raw_percent_of_host,api-node1,api-node2,6,4,10,0.000000,0.000000,0.000000,0.000000,100.000000,50.000000,6.000000,4.000000,0.000000,0.000000,6.000000,4.000000,78.000000,112.000000,81.367639,82.533971,3.000000
2026-06-24T13:54:25.737333542Z,1000,per_hit,raw_percent_of_host,api-node1,api-node2,5,5,10,0.000000,0.000000,0.000000,0.000000,100.000000,50.000000,5.000000,5.000000,0.000000,0.000000,5.000000,5.000000,91.500000,112.750000,81.191513,82.324951,3.000000
2026-06-24T13:54:26.737335908Z,1000,per_hit,raw_percent_of_host,api-node1,api-node2,4,6,10,0.990099,0.000000,0.990099,0.000000,100.000000,50.000000,4.000000,6.000000,0.000000,0.000000,4.000000,6.000000,75.000000,111.600000,81.367639,82.396016,3.000000
2026-06-24T13:54:27.737334349Z,1000,per_hit,raw_percent_of_host,api-node1,api-node2,5,5,10,0.000000,0.000000,0.000000,0.000000,100.000000,50.000000,5.000000,5.000000,0.000000,0.000000,5.000000,5.000000,62.750000,125.666667,83.647800,82.190797,3.000000
2026-06-24T13:54:28.737335758Z,1000,per_hit,raw_percent_of_host,api-node1,api-node2,0,0,0,0.000000,0.000000,0.000000,0.000000,100.000000,50.000000,0.000000,0.000000,0.000000,0.000000,0.000000,0.000000,80.400000,127.600000,0.000000,0.000000,3.000000
2026-06-24T13:54:29.73733485Z,1000,per_hit,raw_percent_of_host,api-node1,api-node2,0,2,2,0.000000,0.000000,0.000000,0.000000,100.000000,50.000000,0.000000,0.000000,0.000000,0.000000,0.000000,0.000000,0.000000,67.500000,81.706487,82.250372,3.000000
2026-06-24T13:54:30.737334313Z,1000,per_hit,raw_percent_of_host,api-node1,api-node2,13,7,20,1.000000,0.000000,1.000000,0.000000,100.000000,50.000000,1.000000,0.000000,0.000000,0.000000,1.000000,0.000000,90.000000,97.857143,82.285247,82.961430,3.000000
2026-06-24T13:54:31.73733549Z,1000,per_hit,raw_percent_of_host,api-node1,api-node2,5,5,10,0.000000,0.000000,0.000000,0.000000,100.000000,50.000000,0.000000,2.000000,0.000000,0.000000,0.000000,2.000000,61.571429,71.666667,83.616191,78.521980,3.000000
2026-06-24T13:54:32.737336226Z,1000,per_hit,raw_percent_of_host,api-node1,api-node2,7,3,10,0.000000,0.000000,0.000000,0.000000,100.000000,50.000000,0.000000,2.000000,0.000000,0.000000,0.000000,2.000000,72.857143,95.333333,83.468318,82.517675,3.000000
2026-06-24T13:54:33.737335752Z,1000,per_hit,raw_percent_of_host,api-node1,api-node2,7,3,10,0.000000,0.000000,0.000000,0.000000,100.000000,50.000000,2.000000,0.000000,0.000000,0.000000,2.000000,0.000000,74.400000,70.400000,83.260447,82.118032,3.000000
2026-06-24T13:54:34.737333876Z,1000,per_hit,raw_percent_of_host,api-node1,api-node2,2,8,10,0.000000,0.000000,0.000000,0.000000,100.000000,50.000000,0.000000,0.000000,0.000000,0.000000,0.000000,0.000000,50.000000,88.750000,83.660257,82.120126,3.000000
2026-06-24T13:54:35.737334458Z,1000,per_hit,raw_percent_of_host,api-node1,api-node2,6,4,10,0.000000,1.000000,0.000000,2.000000,100.000000,50.000000,1.000000,1.000000,0.000000,0.000000,1.000000,1.000000,79.000000,66.000000,83.579827,83.659616,3.000000
2026-06-24T13:54:36.737334368Z,1000,per_hit,raw_percent_of_host,api-node1,api-node2,4,5,9,1.980198,5.617978,1.980198,11.235955,100.000000,50.000000,1.000000,1.000000,0.000000,0.000000,1.000000,1.000000,52.250000,119.000000,83.660969,83.576278,3.000000
2026-06-24T13:54:37.737337269Z,1000,per_hit,raw_percent_of_host,api-node1,api-node2,7,4,11,5.050505,0.000000,5.050505,0.000000,100.000000,50.000000,0.000000,2.000000,0.000000,0.000000,0.000000,2.000000,81.250000,71.666667,83.545403,83.275667,3.000000
2026-06-24T13:54:38.737334284Z,1000,per_hit,raw_percent_of_host,api-node1,api-node2,3,5,8,1.000000,5.050505,1.000000,10.101010,100.000000,50.000000,0.000000,0.000000,0.000000,0.000000,0.000000,0.000000,50.000000,78.285714,83.661059,81.724426,3.000000
2026-06-24T13:54:39.737334567Z,1000,per_hit,raw_percent_of_host,api-node1,api-node2,4,6,10,0.000000,11.235955,0.000000,22.471910,100.000000,50.000000,0.000000,0.000000,0.000000,0.000000,0.000000,0.000000,52.500000,87.000000,83.524494,83.560173,3.000000
2026-06-24T13:54:40.737333837Z,1000,per_hit,raw_percent_of_host,api-node1,api-node2,3,9,12,1.000000,5.617978,1.000000,11.235955,100.000000,50.000000,0.000000,0.000000,0.000000,0.000000,0.000000,0.000000,50.000000,122.000000,83.663463,80.749262,3.000000
2026-06-24T13:54:41.737335356Z,1000,per_hit,raw_percent_of_host,api-node1,api-node2,7,3,10,5.050505,0.000000,5.050505,0.000000,100.000000,50.000000,1.000000,1.000000,0.000000,0.000000,1.000000,1.000000,56.833333,50.000000,83.659013,83.664744,3.000000
2026-06-24T13:54:42.737333414Z,1000,per_hit,raw_percent_of_host,api-node1,api-node2,3,5,8,0.000000,5.000000,0.000000,10.000000,100.000000,50.000000,0.000000,0.000000,0.000000,0.000000,0.000000,0.000000,54.250000,77.166667,83.658701,83.360380,3.000000
2026-06-24T13:54:43.737339788Z,1000,per_hit,raw_percent_of_host,api-node1,api-node2,7,5,12,1.000000,5.000000,1.000000,10.000000,100.000000,50.000000,1.000000,1.000000,0.000000,0.000000,1.000000,1.000000,59.333333,50.000000,83.608038,83.662394,3.000000
2026-06-24T13:54:44.737335295Z,1000,per_hit,raw_percent_of_host,api-node1,api-node2,4,6,10,6.122449,0.000000,6.122449,0.000000,100.000000,50.000000,1.000000,1.000000,0.000000,0.000000,1.000000,1.000000,50.000000,82.333333,83.664744,83.272194,3.000000
2026-06-24T13:54:45.737334062Z,1000,per_hit,raw_percent_of_host,api-node1,api-node2,4,6,10,6.000000,0.000000,6.000000,0.000000,100.000000,50.000000,1.000000,1.000000,0.000000,0.000000,1.000000,1.000000,50.000000,91.666667,83.662822,81.953290,3.000000
2026-06-24T13:54:46.737334597Z,1000,per_hit,raw_percent_of_host,api-node1,api-node2,3,7,10,0.000000,5.050505,0.000000,10.101010,100.000000,50.000000,1.000000,1.000000,0.000000,0.000000,1.000000,1.000000,50.000000,71.000000,83.661540,83.625770,3.000000
2026-06-24T13:54:47.73733669Z,1000,per_hit,raw_percent_of_host,api-node1,api-node2,5,5,10,1.000000,6.000000,1.000000,12.000000,100.000000,50.000000,2.000000,0.000000,0.000000,0.000000,2.000000,0.000000,50.000000,69.833333,83.661539,83.603712,3.000000
2026-06-24T13:54:48.737335687Z,1000,per_hit,raw_percent_of_host,api-node1,api-node2,8,2,10,5.000000,0.000000,5.000000,0.000000,100.000000,50.000000,2.000000,0.000000,0.000000,0.000000,2.000000,0.000000,64.375000,83.500000,83.508892,83.193041,3.000000
2026-06-24T13:54:49.737337593Z,1000,per_hit,raw_percent_of_host,api-node1,api-node2,7,3,10,6.060606,0.000000,6.060606,0.000000,100.000000,50.000000,0.000000,2.000000,0.000000,0.000000,0.000000,2.000000,63.222222,50.000000,83.629843,82.571368,3.000000
2026-06-24T13:54:50.737334144Z,1000,per_hit,raw_percent_of_host,api-node1,api-node2,4,6,10,0.000000,7.070707,0.000000,14.141414,100.000000,50.000000,0.000000,1.000000,0.000000,0.000000,0.000000,1.000000,63.750000,61.333333,83.590630,83.493076,3.000000
2026-06-24T13:54:51.737334017Z,1000,per_hit,raw_percent_of_host,api-node1,api-node2,5,5,10,6.000000,0.000000,6.000000,0.000000,100.000000,50.000000,2.000000,0.000000,0.000000,0.000000,2.000000,0.000000,50.000000,95.000000,83.522285,81.940605,3.000000
2026-06-24T13:54:52.737335461Z,1000,per_hit,raw_percent_of_host,api-node1,api-node2,5,5,10,0.000000,6.000000,0.000000,12.000000,100.000000,50.000000,1.000000,1.000000,0.000000,0.000000,1.000000,1.000000,55.333333,70.500000,83.654635,79.002843,3.000000
2026-06-24T13:54:53.73733434Z,1000,per_hit,raw_percent_of_host,api-node1,api-node2,5,5,10,5.000000,0.000000,5.000000,0.000000,100.000000,50.000000,0.000000,2.000000,0.000000,0.000000,0.000000,2.000000,58.500000,87.750000,83.652947,82.915221,3.000000
2026-06-24T13:54:54.737335571Z,1000,per_hit,raw_percent_of_host,api-node1,api-node2,8,2,10,5.050505,0.000000,5.050505,0.000000,100.000000,50.000000,1.000000,1.000000,0.000000,0.000000,1.000000,1.000000,80.857143,74.333333,83.540118,82.235949,3.000000
2026-06-24T13:54:55.737336678Z,1000,per_hit,raw_percent_of_host,api-node1,api-node2,6,4,10,5.000000,1.000000,5.000000,2.000000,100.000000,50.000000,2.000000,0.000000,0.000000,0.000000,2.000000,0.000000,52.400000,56.800000,83.661576,83.656523,3.000000
2026-06-24T13:54:56.737333872Z,1000,per_hit,raw_percent_of_host,api-node1,api-node2,3,7,10,0.000000,5.555556,0.000000,11.111111,100.000000,50.000000,0.000000,0.000000,0.000000,0.000000,0.000000,0.000000,50.800000,102.833333,83.660294,83.164376,3.000000
2026-06-24T13:54:57.737335064Z,1000,per_hit,raw_percent_of_host,api-node1,api-node2,7,3,10,5.050505,0.000000,5.050505,0.000000,100.000000,50.000000,2.000000,0.000000,0.000000,0.000000,2.000000,0.000000,52.600000,78.750000,83.657127,83.484774,3.000000
2026-06-24T13:54:58.737334821Z,1000,per_hit,raw_percent_of_host,api-node1,api-node2,6,4,10,5.050505,0.000000,5.050505,0.000000,100.000000,50.000000,2.000000,0.000000,0.000000,0.000000,2.000000,0.000000,51.666667,73.750000,83.660257,83.311213,3.000000
2026-06-24T13:54:59.737334421Z,1000,per_hit,raw_percent_of_host,api-node1,api-node2,6,4,10,0.000000,5.000000,0.000000,10.000000,100.000000,50.000000,1.000000,0.000000,0.000000,0.000000,1.000000,0.000000,53.333333,68.250000,83.655880,83.663463,3.000000
2026-06-24T13:55:00.737334073Z,1000,per_hit,raw_percent_of_host,api-node1,api-node2,5,5,10,6.060606,0.000000,6.060606,0.000000,100.000000,50.000000,0.000000,1.000000,0.000000,0.000000,0.000000,1.000000,52.000000,73.750000,83.660257,83.659653,3.000000
2026-06-24T13:55:01.737335528Z,1000,per_hit,raw_percent_of_host,api-node1,api-node2,6,4,10,1.000000,5.050505,1.000000,10.101010,100.000000,50.000000,2.000000,0.000000,0.000000,0.000000,2.000000,0.000000,54.600000,54.200000,83.658409,83.661539,3.000000
2026-06-24T13:55:02.737335111Z,1000,per_hit,raw_percent_of_host,api-node1,api-node2,4,5,9,1.000000,0.000000,1.000000,0.000000,100.000000,50.000000,1.000000,1.000000,0.000000,0.000000,1.000000,1.000000,50.000000,79.500000,83.661682,83.405739,3.000000
2026-06-24T13:55:03.737334745Z,1000,per_hit,raw_percent_of_host,api-node1,api-node2,8,3,11,5.050505,6.060606,5.050505,12.121212,100.000000,50.000000,2.000000,0.000000,0.000000,0.000000,2.000000,0.000000,62.714286,63.250000,83.511784,83.546499,3.000000
2026-06-24T13:55:04.737336303Z,1000,per_hit,raw_percent_of_host,api-node1,api-node2,6,4,10,1.000000,5.050505,1.000000,10.101010,100.000000,50.000000,0.000000,1.000000,0.000000,0.000000,0.000000,1.000000,68.750000,50.000000,79.989047,83.664104,3.000000
2026-06-24T13:55:05.737333963Z,1000,per_hit,raw_percent_of_host,api-node1,api-node2,7,3,10,5.050505,0.000000,5.050505,0.000000,100.000000,50.000000,1.000000,0.000000,0.000000,0.000000,1.000000,0.000000,53.833333,76.000000,82.624159,78.738661,3.000000
2026-06-24T13:55:06.737334277Z,1000,per_hit,raw_percent_of_host,api-node1,api-node2,6,4,10,5.050505,1.000000,5.050505,2.000000,100.000000,50.000000,1.000000,1.000000,0.000000,0.000000,1.000000,1.000000,51.333333,94.333333,80.294232,82.742417,3.000000
2026-06-24T13:55:07.737334389Z,1000,per_hit,raw_percent_of_host,api-node1,api-node2,4,6,10,0.000000,5.000000,0.000000,10.000000,100.000000,50.000000,1.000000,1.000000,0.000000,0.000000,1.000000,1.000000,51.250000,65.333333,83.660294,80.292345,3.000000
2026-06-24T13:55:08.737334223Z,1000,per_hit,raw_percent_of_host,api-node1,api-node2,4,6,10,0.000000,5.555556,0.000000,11.111111,100.000000,50.000000,2.000000,0.000000,0.000000,0.000000,2.000000,0.000000,50.000000,94.142857,83.660257,80.292383,3.000000
2026-06-24T13:55:09.73733418Z,1000,per_hit,raw_percent_of_host,api-node1,api-node2,5,5,10,6.000000,0.000000,6.000000,0.000000,100.000000,50.000000,0.000000,2.000000,0.000000,0.000000,0.000000,2.000000,50.714286,94.333333,80.293590,83.213176,3.000000
2026-06-24T13:55:10.737338107Z,1000,per_hit,raw_percent_of_host,api-node1,api-node2,6,2,8,5.050505,0.000000,5.050505,0.000000,100.000000,50.000000,0.000000,0.000000,0.000000,0.000000,0.000000,0.000000,54.500000,50.000000,83.654787,79.452726,3.000000
2026-06-24T13:55:11.737334544Z,1000,per_hit,raw_percent_of_host,api-node1,api-node2,6,6,12,5.050505,0.000000,5.050505,0.000000,100.000000,50.000000,2.000000,0.000000,0.000000,0.000000,2.000000,0.000000,51.000000,104.500000,83.661325,83.315089,3.000000
2026-06-24T13:55:12.737335555Z,1000,per_hit,raw_percent_of_host,api-node1,api-node2,2,6,8,5.000000,6.593407,5.000000,13.186813,100.000000,50.000000,0.000000,0.000000,0.000000,0.000000,0.000000,0.000000,50.000000,152.333333,83.663463,82.560318,3.000000
2026-06-24T13:55:13.737334726Z,1000,per_hit,raw_percent_of_host,api-node1,api-node2,3,5,8,5.050505,5.555556,5.050505,11.111111,100.000000,50.000000,0.000000,0.000000,0.000000,0.000000,0.000000,0.000000,50.000000,123.600000,83.663463,79.064966,3.000000
2026-06-24T13:55:14.737336509Z,1000,per_hit,raw_percent_of_host,api-node1,api-node2,5,8,13,5.050505,5.617978,5.050505,11.235955,100.000000,50.000000,0.000000,1.000000,0.000000,0.000000,0.000000,1.000000,50.400000,103.571429,83.660779,77.970530,3.000000
2026-06-24T13:55:15.737334123Z,1000,per_hit,raw_percent_of_host,api-node1,api-node2,2,5,7,5.050505,7.070707,5.050505,14.141414,100.000000,50.000000,0.000000,1.000000,0.000000,0.000000,0.000000,1.000000,50.000000,68.200000,83.663920,83.385299,3.000000
2026-06-24T13:55:16.73733362Z,1000,per_hit,raw_percent_of_host,api-node1,api-node2,6,7,13,10.101010,5.555556,10.101010,11.111111,100.000000,50.000000,1.000000,0.000000,0.000000,0.000000,1.000000,0.000000,50.000000,100.375000,83.662723,77.929067,3.000000
2026-06-24T13:55:17.737336287Z,1000,per_hit,raw_percent_of_host,api-node1,api-node2,4,6,10,1.000000,14.285714,1.000000,28.571429,100.000000,50.000000,0.000000,1.000000,0.000000,0.000000,0.000000,1.000000,50.000000,66.600000,83.236874,82.787153,3.000000
2026-06-24T13:55:18.737335156Z,1000,per_hit,raw_percent_of_host,api-node1,api-node2,6,4,10,5.050505,8.080808,5.050505,16.161616,100.000000,50.000000,1.000000,0.000000,0.000000,0.000000,1.000000,0.000000,67.200000,50.000000,83.634109,76.877310,3.000000
2026-06-24T13:55:19.737334211Z,1000,per_hit,raw_percent_of_host,api-node1,api-node2,4,6,10,10.101010,7.142857,10.101010,14.285714,100.000000,50.000000,0.000000,1.000000,0.000000,0.000000,0.000000,1.000000,50.000000,58.800000,83.664744,83.662975,3.000000
2026-06-24T13:55:20.737333971Z,1000,per_hit,raw_percent_of_host,api-node1,api-node2,5,5,10,10.000000,5.555556,10.000000,11.111111,100.000000,50.000000,1.000000,0.000000,0.000000,0.000000,1.000000,0.000000,50.000000,73.833333,83.664744,83.661464,3.000000
2026-06-24T13:55:21.73733482Z,1000,per_hit,raw_percent_of_host,api-node1,api-node2,7,3,10,13.265306,0.000000,13.265306,0.000000,100.000000,50.000000,0.000000,1.000000,0.000000,0.000000,0.000000,1.000000,61.375000,50.000000,82.870888,83.583289,3.000000
2026-06-24T13:55:22.737335186Z,1000,per_hit,raw_percent_of_host,api-node1,api-node2,5,5,10,11.111111,4.000000,11.111111,8.000000,100.000000,50.000000,0.000000,1.000000,0.000000,0.000000,0.000000,1.000000,50.000000,67.800000,83.664104,83.393276,3.000000
2026-06-24T13:55:23.737334293Z,1000,per_hit,raw_percent_of_host,api-node1,api-node2,4,6,10,9.090909,5.617978,9.090909,11.235955,100.000000,50.000000,0.000000,1.000000,0.000000,0.000000,0.000000,1.000000,50.000000,73.166667,83.665385,76.928206,3.000000
2026-06-24T13:55:24.737334542Z,1000,per_hit,raw_percent_of_host,api-node1,api-node2,4,6,10,10.000000,5.617978,10.000000,11.235955,100.000000,50.000000,0.000000,1.000000,0.000000,0.000000,0.000000,1.000000,50.000000,73.833333,83.664104,83.408691,3.000000
2026-06-24T13:55:25.737334353Z,1000,per_hit,raw_percent_of_host,api-node1,api-node2,3,7,10,4.040404,11.235955,4.040404,22.471910,100.000000,50.000000,1.000000,0.000000,0.000000,0.000000,1.000000,0.000000,50.000000,69.750000,83.666026,76.620022,3.000000
2026-06-24T13:55:26.737334647Z,1000,per_hit,raw_percent_of_host,api-node1,api-node2,4,6,10,10.101010,11.111111,10.101010,22.222222,100.000000,50.000000,0.000000,1.000000,0.000000,0.000000,0.000000,1.000000,50.000000,98.000000,83.662822,81.242355,3.000000
2026-06-24T13:55:27.7373344Z,1000,per_hit,raw_percent_of_host,api-node1,api-node2,6,4,10,6.060606,7.070707,6.060606,14.141414,100.000000,50.000000,1.000000,0.000000,0.000000,0.000000,1.000000,0.000000,57.600000,50.000000,83.650754,81.744268,3.000000
2026-06-24T13:55:28.737334915Z,1000,per_hit,raw_percent_of_host,api-node1,api-node2,4,6,10,0.000000,16.000000,0.000000,32.000000,100.000000,50.000000,1.000000,0.000000,0.000000,0.000000,1.000000,0.000000,60.250000,89.333333,83.663462,80.108967,3.000000
2026-06-24T13:55:29.737334119Z,1000,per_hit,raw_percent_of_host,api-node1,api-node2,6,4,10,5.940594,9.000000,5.940594,18.000000,100.000000,50.000000,1.000000,0.000000,0.000000,0.000000,1.000000,0.000000,50.000000,66.750000,82.906715,60.099359,3.000000
2026-06-24T13:55:30.737334837Z,1000,per_hit,raw_percent_of_host,api-node1,api-node2,3,6,9,11.000000,5.555556,11.000000,11.111111,100.000000,50.000000,0.000000,0.000000,0.000000,0.000000,0.000000,0.000000,50.000000,107.333333,83.665243,82.061439,3.000000
2026-06-24T13:55:31.737334257Z,1000,per_hit,raw_percent_of_host,api-node1,api-node2,8,2,10,15.151515,0.000000,15.151515,0.000000,100.000000,50.000000,0.000000,0.000000,0.000000,0.000000,0.000000,0.000000,63.500000,59.000000,83.469913,81.065658,3.000000
2026-06-24T13:55:32.737334742Z,1000,per_hit,raw_percent_of_host,api-node1,api-node2,8,9,17,10.000000,7.777778,10.000000,15.555556,100.000000,50.000000,0.000000,0.000000,0.000000,0.000000,0.000000,0.000000,77.875000,106.444444,83.257696,83.396921,3.000000
2026-06-24T13:55:33.737335151Z,1000,per_hit,raw_percent_of_host,api-node1,api-node2,9,14,23,6.000000,11.111111,6.000000,22.222222,100.000000,50.000000,0.000000,0.000000,0.000000,0.000000,0.000000,0.000000,80.888889,155.928571,83.439036,83.262893,3.000000
2026-06-24T13:55:34.737334801Z,1000,per_hit,raw_percent_of_host,api-node1,api-node2,15,13,28,11.956522,11.235955,11.956522,22.471910,100.000000,50.000000,0.000000,0.000000,0.000000,0.000000,0.000000,0.000000,142.133333,112.230769,83.008403,80.147061,3.000000
2026-06-24T13:55:35.737335257Z,1000,per_hit,raw_percent_of_host,api-node1,api-node2,17,17,34,15.151515,18.478261,15.151515,36.956522,100.000000,50.000000,0.000000,0.000000,0.000000,0.000000,0.000000,0.000000,81.941176,205.411765,83.100758,79.382236,3.000000
2026-06-24T13:55:36.737335Z,1000,per_hit,raw_percent_of_host,api-node1,api-node2,27,13,40,24.175824,11.111111,24.175824,22.222222,100.000000,50.000000,0.000000,0.000000,0.000000,0.000000,0.000000,0.000000,164.333333,173.461538,83.289065,52.039817,3.000000
2026-06-24T13:55:37.737335288Z,1000,per_hit,raw_percent_of_host,api-node1,api-node2,21,24,45,11.111111,16.853933,11.111111,33.707865,100.000000,50.000000,0.000000,0.000000,0.000000,0.000000,0.000000,0.000000,191.619048,303.583333,59.967410,80.189398,3.000000
2026-06-24T13:55:38.737334657Z,1000,per_hit,raw_percent_of_host,api-node1,api-node2,35,16,51,6.250000,12.087912,6.250000,24.175824,100.000000,50.000000,0.000000,0.000000,0.000000,0.000000,0.000000,0.000000,251.257143,166.500000,76.730493,37.553090,3.000000
2026-06-24T13:55:39.737334463Z,1000,per_hit,raw_percent_of_host,api-node1,api-node2,23,34,57,17.582418,26.732673,17.582418,53.465347,100.000000,50.000000,0.000000,0.000000,0.000000,0.000000,0.000000,0.000000,144.956522,494.176471,72.163804,80.796566,3.000000
2026-06-24T13:55:40.737335724Z,1000,per_hit,raw_percent_of_host,api-node1,api-node2,19,7,26,30.769231,6.666667,30.769231,13.333333,100.000000,50.000000,0.000000,0.000000,0.000000,0.000000,0.000000,0.000000,104.263158,144.428571,83.084485,33.511355,3.000000
2026-06-24T13:55:41.737337093Z,1000,per_hit,raw_percent_of_host,api-node1,api-node2,48,52,100,47.000000,26.000000,47.000000,52.000000,100.000000,50.000000,4.000000,19.000000,0.000000,0.000000,4.000000,19.000000,178.795455,549.939394,52.119328,74.191527,3.000000
2026-06-24T13:55:42.737333734Z,1000,per_hit,raw_percent_of_host,api-node1,api-node2,49,25,74,51.111111,25.742574,51.111111,51.485149,100.000000,50.000000,0.000000,4.000000,0.000000,0.000000,0.000000,4.000000,162.792453,502.700000,49.157040,37.274276,3.000000
2026-06-24T13:55:43.737333571Z,1000,per_hit,raw_percent_of_host,api-node1,api-node2,41,38,79,45.161290,25.742574,45.161290,51.485149,100.000000,50.000000,0.000000,1.000000,0.000000,0.000000,0.000000,1.000000,132.073171,255.975610,49.630756,45.884881,3.000000
2026-06-24T13:55:44.737334993Z,1000,per_hit,raw_percent_of_host,api-node1,api-node2,43,42,85,37.362637,25.000000,37.362637,50.000000,100.000000,50.000000,10.000000,12.000000,0.000000,0.000000,10.000000,12.000000,160.545455,496.322581,48.629784,45.832269,3.000000
2026-06-24T13:55:45.73733425Z,1000,per_hit,raw_percent_of_host,api-node1,api-node2,45,46,91,46.153846,26.732673,46.153846,53.465347,100.000000,50.000000,0.000000,7.000000,0.000000,0.000000,0.000000,7.000000,194.018182,323.745098,49.186006,42.893918,3.000000
2026-06-24T13:55:46.737334193Z,1000,per_hit,raw_percent_of_host,api-node1,api-node2,44,52,96,37.614679,26.000000,37.614679,52.000000,100.000000,50.000000,5.000000,23.000000,0.000000,0.000000,5.000000,23.000000,200.461538,521.361111,48.277811,43.434659,3.000000
2026-06-24T13:55:47.73733538Z,1000,per_hit,raw_percent_of_host,api-node1,api-node2,55,47,102,47.794118,25.000000,47.794118,50.000000,100.000000,50.000000,2.000000,25.000000,0.000000,0.000000,2.000000,25.000000,254.362069,559.955556,48.134081,41.919009,3.000000
2026-06-24T13:55:48.737335916Z,1000,per_hit,raw_percent_of_host,api-node1,api-node2,66,42,108,50.505051,25.000000,50.505051,50.000000,100.000000,50.000000,5.000000,1.000000,0.000000,0.000000,5.000000,1.000000,324.047619,514.909091,46.196199,38.039742,3.000000
2026-06-24T13:55:49.737333843Z,1000,per_hit,raw_percent_of_host,api-node1,api-node2,59,55,114,50.000000,26.000000,50.000000,52.000000,100.000000,50.000000,1.000000,35.000000,0.000000,0.000000,1.000000,35.000000,254.301587,514.857143,48.651053,46.027483,3.000000
2026-06-24T13:55:50.737334194Z,1000,per_hit,raw_percent_of_host,api-node1,api-node2,62,56,118,44.554455,25.000000,44.554455,50.000000,100.000000,50.000000,1.000000,51.000000,0.000000,0.000000,1.000000,51.000000,324.241935,766.750000,50.000000,32.318406,3.000000
2026-06-24T13:55:51.73733512Z,1000,per_hit,raw_percent_of_host,api-node1,api-node2,83,42,125,50.980392,26.000000,50.980392,52.000000,100.000000,50.000000,25.000000,20.000000,0.000000,0.000000,25.000000,20.000000,419.322034,832.931507,46.380484,23.234200,3.000000
2026-06-24T13:55:52.737335138Z,1000,per_hit,raw_percent_of_host,api-node1,api-node2,74,57,131,51.020408,26.470588,51.020408,52.941176,100.000000,50.000000,9.000000,32.000000,0.000000,0.000000,9.000000,32.000000,394.033333,558.666667,45.896055,35.575920,3.000000
2026-06-24T13:55:53.737335328Z,1000,per_hit,raw_percent_of_host,api-node1,api-node2,82,41,123,50.980392,26.000000,50.980392,52.000000,100.000000,50.000000,29.000000,44.000000,0.000000,0.000000,29.000000,44.000000,350.951613,634.655172,47.783104,33.030541,3.000000
2026-06-24T13:55:54.73733484Z,1000,per_hit,raw_percent_of_host,api-node1,api-node2,75,67,142,51.485149,25.742574,51.485149,51.485149,100.000000,50.000000,15.000000,62.000000,0.000000,0.000000,15.000000,62.000000,443.505618,883.877551,39.944506,39.280845,3.000000
2026-06-24T13:55:55.737335126Z,1000,per_hit,raw_percent_of_host,api-node1,api-node2,84,47,131,50.000000,25.252525,50.000000,50.505051,100.000000,50.000000,10.000000,59.000000,0.000000,0.000000,10.000000,59.000000,256.000000,1113.700000,46.097503,26.752354,3.000000
2026-06-24T13:55:56.737337406Z,1000,per_hit,raw_percent_of_host,api-node1,api-node2,101,51,152,48.514851,25.252525,48.514851,50.505051,100.000000,50.000000,71.000000,44.000000,0.000000,0.000000,71.000000,44.000000,199.325000,1294.151515,49.090838,22.903376,3.000000
2026-06-24T13:55:57.737335308Z,1000,per_hit,raw_percent_of_host,api-node1,api-node2,103,56,159,50.505051,26.000000,50.505051,52.000000,100.000000,50.000000,95.000000,42.000000,0.000000,0.000000,95.000000,42.000000,574.050633,811.500000,38.711345,28.029539,3.000000
2026-06-24T13:55:58.737334664Z,1000,per_hit,raw_percent_of_host,api-node1,api-node2,84,68,152,50.495050,25.742574,50.495050,51.485149,100.000000,50.000000,64.000000,77.000000,0.000000,0.000000,64.000000,77.000000,807.173913,783.545455,37.141243,23.921135,3.000000
2026-06-24T13:55:59.737334054Z,1000,per_hit,raw_percent_of_host,api-node1,api-node2,103,53,156,51.000000,26.732673,51.000000,53.465347,100.000000,50.000000,80.000000,68.000000,0.000000,0.000000,80.000000,68.000000,478.229885,1450.919355,45.035911,22.645274,3.000000
2026-06-24T13:56:00.737333858Z,1000,per_hit,raw_percent_of_host,api-node1,api-node2,71,43,114,0.000000,25.252525,0.000000,50.505051,100.000000,50.000000,102.000000,64.000000,0.000000,0.000000,102.000000,64.000000,751.877551,1164.108696,43.101218,23.922745,3.000000
2026-06-24T13:56:01.737333761Z,1000,per_hit,raw_percent_of_host,api-node1,api-node2,63,33,96,51.000000,25.252525,51.000000,50.505051,100.000000,50.000000,13.000000,67.000000,0.000000,0.000000,13.000000,67.000000,984.796053,1019.709677,38.411289,23.430031,3.000000
2026-06-24T13:56:02.737338352Z,1000,per_hit,raw_percent_of_host,api-node1,api-node2,88,56,144,51.000000,25.742574,51.000000,51.485149,100.000000,50.000000,82.000000,68.000000,0.000000,0.000000,82.000000,68.000000,721.052632,1802.345455,39.787643,25.219070,3.000000
2026-06-24T13:56:03.737334536Z,1000,per_hit,raw_percent_of_host,api-node1,api-node2,108,55,163,51.000000,27.000000,51.000000,54.000000,100.000000,50.000000,76.000000,73.000000,0.000000,0.000000,76.000000,73.000000,777.052632,1492.760000,38.375923,20.874585,3.000000
2026-06-24T13:56:04.737333841Z,1000,per_hit,raw_percent_of_host,api-node1,api-node2,77,46,123,50.000000,27.000000,50.000000,54.000000,100.000000,50.000000,19.000000,53.000000,0.000000,0.000000,19.000000,53.000000,834.320896,1716.893939,27.900699,21.293726,3.000000
2026-06-24T13:56:05.737333849Z,1000,per_hit,raw_percent_of_host,api-node1,api-node2,107,86,193,51.000000,27.868852,51.000000,55.737705,100.000000,50.000000,27.000000,100.000000,0.000000,0.000000,27.000000,100.000000,477.040404,1225.179487,38.779471,31.520871,3.000000
2026-06-24T13:56:06.737334553Z,1000,per_hit,raw_percent_of_host,api-node1,api-node2,80,32,112,51.000000,27.868852,51.000000,55.737705,100.000000,50.000000,28.000000,91.000000,0.000000,0.000000,28.000000,91.000000,295.873418,1729.780488,42.377060,22.606415,3.000000
2026-06-24T13:56:07.737334093Z,1000,per_hit,raw_percent_of_host,api-node1,api-node2,72,81,153,50.505051,0.000000,50.505051,0.000000,100.000000,50.000000,10.000000,102.000000,0.000000,0.000000,10.000000,102.000000,291.033333,1735.357143,42.881991,48.798398,3.000000
2026-06-24T13:56:08.737334262Z,1000,per_hit,raw_percent_of_host,api-node1,api-node2,74,36,110,51.000000,25.742574,51.000000,51.485149,100.000000,50.000000,7.000000,105.000000,0.000000,0.000000,7.000000,105.000000,247.688312,1777.545455,47.573440,25.383314,3.000000
2026-06-24T13:56:09.73733411Z,1000,per_hit,raw_percent_of_host,api-node1,api-node2,60,30,90,51.000000,25.742574,51.000000,51.485149,100.000000,50.000000,11.000000,113.000000,0.000000,0.000000,11.000000,113.000000,159.303571,1809.500000,49.202384,23.258785,3.000000
2026-06-24T13:56:10.737334346Z,1000,per_hit,raw_percent_of_host,api-node1,api-node2,103,61,164,51.000000,16.666667,51.000000,33.333333,100.000000,50.000000,51.000000,75.000000,0.000000,0.000000,51.000000,75.000000,574.634921,2067.838384,44.144906,22.566693,3.000000
2026-06-24T13:56:11.737334453Z,1000,per_hit,raw_percent_of_host,api-node1,api-node2,83,71,154,50.000000,25.000000,50.000000,50.000000,100.000000,50.000000,44.000000,96.000000,0.000000,0.000000,44.000000,96.000000,793.133333,1421.720000,27.125338,24.830619,3.000000
2026-06-24T13:56:12.737334309Z,1000,per_hit,raw_percent_of_host,api-node1,api-node2,56,32,88,51.000000,25.000000,51.000000,50.000000,100.000000,50.000000,4.000000,124.000000,0.000000,0.000000,4.000000,124.000000,303.833333,1609.750000,45.171572,22.857030,3.000000
2026-06-24T13:56:13.737333861Z,1000,per_hit,raw_percent_of_host,api-node1,api-node2,58,28,86,50.505051,25.000000,50.505051,50.000000,100.000000,50.000000,30.000000,112.000000,0.000000,0.000000,30.000000,112.000000,124.687500,2395.400000,49.923809,22.100907,3.000000
2026-06-24T13:56:14.737336979Z,1000,per_hit,raw_percent_of_host,api-node1,api-node2,95,83,178,52.000000,26.000000,52.000000,52.000000,100.000000,50.000000,73.000000,81.000000,0.000000,0.000000,73.000000,81.000000,235.000000,2314.763158,49.076305,32.452060,3.000000
2026-06-24T13:56:15.737338077Z,1000,per_hit,raw_percent_of_host,api-node1,api-node2,75,44,119,48.214286,26.000000,48.214286,52.000000,100.000000,50.000000,35.000000,101.000000,0.000000,0.000000,35.000000,101.000000,595.929204,1232.041667,35.869781,24.254783,3.000000
2026-06-24T13:56:16.737336286Z,1000,per_hit,raw_percent_of_host,api-node1,api-node2,54,36,90,50.632911,26.000000,50.632911,52.000000,100.000000,50.000000,4.000000,125.000000,0.000000,0.000000,4.000000,125.000000,221.435294,1594.750000,48.309974,22.634525,3.000000
2026-06-24T13:56:17.73734109Z,1000,per_hit,raw_percent_of_host,api-node1,api-node2,93,63,156,50.632911,26.000000,50.632911,52.000000,100.000000,50.000000,62.000000,80.000000,0.000000,0.000000,62.000000,80.000000,174.114286,2222.324074,46.794807,22.429048,3.000000
2026-06-24T13:56:18.737334368Z,1000,per_hit,raw_percent_of_host,api-node1,api-node2,67,35,102,51.000000,26.000000,51.000000,52.000000,100.000000,50.000000,43.000000,113.000000,0.000000,0.000000,43.000000,113.000000,497.965116,1469.000000,44.021381,21.978091,3.000000
2026-06-24T13:56:19.737334344Z,1000,per_hit,raw_percent_of_host,api-node1,api-node2,51,25,76,53.906250,26.000000,53.906250,52.000000,100.000000,50.000000,3.000000,119.000000,0.000000,0.000000,3.000000,119.000000,290.725275,1626.157895,48.780714,22.324273,3.000000
2026-06-24T13:56:20.73733395Z,1000,per_hit,raw_percent_of_host,api-node1,api-node2,100,80,180,51.000000,27.722772,51.000000,55.445545,100.000000,50.000000,46.000000,73.000000,0.000000,0.000000,46.000000,73.000000,345.578947,2078.833333,45.589713,41.890516,3.000000
2026-06-24T13:56:21.737335232Z,1000,per_hit,raw_percent_of_host,api-node1,api-node2,72,63,135,50.505051,25.742574,50.505051,51.485149,100.000000,50.000000,48.000000,101.000000,0.000000,0.000000,48.000000,101.000000,768.228571,1225.485714,27.422998,23.690706,3.000000
2026-06-24T13:56:22.737335203Z,1000,per_hit,raw_percent_of_host,api-node1,api-node2,62,52,114,53.703704,25.252525,53.703704,50.505051,100.000000,50.000000,4.000000,118.000000,0.000000,0.000000,4.000000,118.000000,498.245283,1536.428571,32.534914,22.754313,3.000000
2026-06-24T13:56:23.7373343Z,1000,per_hit,raw_percent_of_host,api-node1,api-node2,42,20,62,52.941176,25.252525,52.941176,50.505051,100.000000,50.000000,2.000000,138.000000,0.000000,0.000000,2.000000,138.000000,116.840909,0.000000,50.000000,21.504532,3.000000
2026-06-24T13:56:24.73733459Z,1000,per_hit,raw_percent_of_host,api-node1,api-node2,121,53,174,51.000000,25.000000,51.000000,50.000000,100.000000,50.000000,109.000000,57.000000,0.000000,0.000000,109.000000,57.000000,116.571429,2395.895522,47.474260,21.188934,3.000000
2026-06-24T13:56:25.737334009Z,1000,per_hit,raw_percent_of_host,api-node1,api-node2,109,68,177,51.000000,25.000000,51.000000,50.000000,100.000000,50.000000,99.000000,65.000000,0.000000,0.000000,99.000000,65.000000,884.235294,974.416667,35.604610,21.663584,3.000000
2026-06-24T13:56:26.737333683Z,1000,per_hit,raw_percent_of_host,api-node1,api-node2,64,55,119,54.629630,26.000000,54.629630,52.000000,100.000000,50.000000,39.000000,84.000000,0.000000,0.000000,39.000000,84.000000,967.790323,1265.027778,36.045012,21.234961,3.000000
2026-06-24T13:56:27.737333883Z,1000,per_hit,raw_percent_of_host,api-node1,api-node2,78,37,115,54.629630,26.000000,54.629630,52.000000,100.000000,50.000000,41.000000,121.000000,0.000000,0.000000,41.000000,121.000000,498.986842,0.000000,47.661443,22.194478,3.000000
2026-06-24T13:56:28.737334348Z,1000,per_hit,raw_percent_of_host,api-node1,api-node2,85,49,134,51.818182,26.000000,51.818182,52.000000,100.000000,50.000000,91.000000,82.000000,0.000000,0.000000,91.000000,82.000000,436.600000,1815.329545,36.671005,21.516480,3.000000
2026-06-24T13:56:29.737334718Z,1000,per_hit,raw_percent_of_host,api-node1,api-node2,74,48,122,51.000000,26.000000,51.000000,52.000000,100.000000,50.000000,11.000000,106.000000,0.000000,0.000000,11.000000,106.000000,663.590909,1327.875000,34.549762,23.333159,3.000000
2026-06-24T13:56:30.737334011Z,1000,per_hit,raw_percent_of_host,api-node1,api-node2,63,33,96,50.980392,26.000000,50.980392,52.000000,100.000000,50.000000,10.000000,113.000000,0.000000,0.000000,10.000000,113.000000,221.000000,1379.038462,47.544761,23.910456,3.000000
2026-06-24T13:56:31.737334032Z,1000,per_hit,raw_percent_of_host,api-node1,api-node2,80,63,143,51.485149,26.000000,51.485149,52.000000,100.000000,50.000000,0.000000,94.000000,0.000000,0.000000,0.000000,94.000000,358.177778,2379.195122,47.445480,38.286584,3.000000
2026-06-24T13:56:32.737334866Z,1000,per_hit,raw_percent_of_host,api-node1,api-node2,76,46,122,50.495050,26.000000,50.495050,52.000000,100.000000,50.000000,2.000000,104.000000,0.000000,0.000000,2.000000,104.000000,384.716216,1651.805556,44.958496,28.656679,3.000000
2026-06-24T13:56:33.737334267Z,1000,per_hit,raw_percent_of_host,api-node1,api-node2,124,51,175,49.494949,26.000000,49.494949,52.000000,100.000000,50.000000,80.000000,53.000000,0.000000,0.000000,80.000000,53.000000,368.608696,1816.049020,46.514795,21.732198,3.000000
2026-06-24T13:56:34.737334026Z,1000,per_hit,raw_percent_of_host,api-node1,api-node2,59,47,106,49.494949,26.000000,49.494949,52.000000,100.000000,50.000000,103.000000,64.000000,0.000000,0.000000,103.000000,64.000000,938.472222,992.444444,24.776755,22.044625,3.000000
2026-06-24T13:56:35.73733531Z,1000,per_hit,raw_percent_of_host,api-node1,api-node2,60,70,130,51.960784,26.000000,51.960784,52.000000,100.000000,50.000000,6.000000,120.000000,0.000000,0.000000,6.000000,120.000000,919.050955,982.357143,23.296725,23.465073,3.000000
2026-06-24T13:56:36.737333735Z,1000,per_hit,raw_percent_of_host,api-node1,api-node2,97,64,161,51.960784,0.000000,51.960784,0.000000,100.000000,50.000000,51.000000,74.000000,0.000000,0.000000,51.000000,74.000000,171.076923,1973.400000,49.829300,33.824046,3.000000
2026-06-24T13:56:37.737335202Z,1000,per_hit,raw_percent_of_host,api-node1,api-node2,55,72,127,52.173913,0.000000,52.173913,0.000000,100.000000,50.000000,13.000000,122.000000,0.000000,0.000000,13.000000,122.000000,528.580645,1189.416667,46.988677,40.615552,3.000000
2026-06-24T13:56:38.737333852Z,1000,per_hit,raw_percent_of_host,api-node1,api-node2,51,22,73,49.350649,0.000000,49.350649,0.000000,100.000000,50.000000,5.000000,130.000000,0.000000,0.000000,5.000000,130.000000,171.389831,1809.785714,49.329186,22.048892,3.000000
2026-06-24T13:56:39.73733459Z,1000,per_hit,raw_percent_of_host,api-node1,api-node2,55,28,83,50.505051,0.000000,50.505051,0.000000,100.000000,50.000000,14.000000,125.000000,0.000000,0.000000,14.000000,125.000000,169.826087,2382.818182,49.518920,21.814950,3.000000
2026-06-24T13:56:40.737333901Z,1000,per_hit,raw_percent_of_host,api-node1,api-node2,90,84,174,51.086957,0.000000,51.086957,0.000000,100.000000,50.000000,70.000000,89.000000,0.000000,0.000000,70.000000,89.000000,159.117647,2637.625000,49.955469,45.355488,3.000000
2026-06-24T13:56:41.737334202Z,1000,per_hit,raw_percent_of_host,api-node1,api-node2,66,47,113,50.495050,25.742574,50.495050,51.485149,100.000000,50.000000,56.000000,113.000000,0.000000,0.000000,56.000000,113.000000,651.850000,1350.434783,48.035689,26.593526,3.000000
2026-06-24T13:56:42.737338528Z,1000,per_hit,raw_percent_of_host,api-node1,api-node2,78,36,114,51.485149,25.000000,51.485149,50.000000,100.000000,50.000000,51.000000,96.000000,0.000000,0.000000,51.000000,96.000000,607.108434,1752.566038,45.603334,23.320319,3.000000
2026-06-24T13:56:43.737333938Z,1000,per_hit,raw_percent_of_host,api-node1,api-node2,94,42,136,51.485149,25.000000,51.485149,50.000000,100.000000,50.000000,59.000000,69.000000,0.000000,0.000000,59.000000,69.000000,466.651163,1977.014493,39.761186,21.097846,3.000000
2026-06-24T13:56:44.737334442Z,1000,per_hit,raw_percent_of_host,api-node1,api-node2,102,64,166,51.000000,21.333333,51.000000,42.666667,100.000000,50.000000,71.000000,74.000000,0.000000,0.000000,71.000000,74.000000,636.500000,1534.966102,34.502394,23.200300,3.000000
2026-06-24T13:56:45.737334036Z,1000,per_hit,raw_percent_of_host,api-node1,api-node2,66,40,106,51.000000,21.333333,51.000000,42.666667,100.000000,50.000000,34.000000,114.000000,0.000000,0.000000,34.000000,114.000000,673.184466,0.000000,39.736674,28.136071,3.000000
2026-06-24T13:56:46.737334422Z,1000,per_hit,raw_percent_of_host,api-node1,api-node2,99,65,164,51.515152,26.000000,51.515152,52.000000,100.000000,50.000000,80.000000,77.000000,0.000000,0.000000,80.000000,77.000000,271.018868,1661.450980,45.899758,23.968628,3.000000
2026-06-24T13:56:47.73733536Z,1000,per_hit,raw_percent_of_host,api-node1,api-node2,93,33,126,55.434783,26.000000,55.434783,52.000000,100.000000,50.000000,63.000000,84.000000,0.000000,0.000000,63.000000,84.000000,811.227273,1518.307692,42.262289,21.900261,3.000000
2026-06-24T13:56:48.737335602Z,1000,per_hit,raw_percent_of_host,api-node1,api-node2,72,62,134,52.475248,26.000000,52.475248,52.000000,100.000000,50.000000,49.000000,108.000000,0.000000,0.000000,49.000000,108.000000,624.348837,1909.026316,33.022009,22.039223,3.000000
2026-06-24T13:56:49.737334098Z,1000,per_hit,raw_percent_of_host,api-node1,api-node2,70,32,102,51.000000,25.742574,51.000000,51.485149,100.000000,50.000000,58.000000,98.000000,0.000000,0.000000,58.000000,98.000000,388.590164,1878.023810,47.841106,23.808800,3.000000
2026-06-24T13:56:50.737334599Z,1000,per_hit,raw_percent_of_host,api-node1,api-node2,94,83,177,50.495050,0.000000,50.495050,0.000000,100.000000,50.000000,61.000000,82.000000,0.000000,0.000000,61.000000,82.000000,562.417582,1784.202020,30.380313,35.623692,3.000000
2026-06-24T13:56:51.737334858Z,1000,per_hit,raw_percent_of_host,api-node1,api-node2,47,51,98,51.485149,0.000000,51.485149,0.000000,100.000000,50.000000,3.000000,130.000000,0.000000,0.000000,3.000000,130.000000,466.657143,1404.000000,39.392031,31.582037,3.000000
2026-06-24T13:56:52.737335153Z,1000,per_hit,raw_percent_of_host,api-node1,api-node2,68,45,113,51.485149,0.000000,51.485149,0.000000,100.000000,50.000000,30.000000,111.000000,0.000000,0.000000,30.000000,111.000000,127.878049,1902.468750,50.000000,29.932323,3.000000
2026-06-24T13:56:53.737334088Z,1000,per_hit,raw_percent_of_host,api-node1,api-node2,46,23,69,45.454545,0.000000,45.454545,0.000000,100.000000,50.000000,12.000000,134.000000,0.000000,0.000000,12.000000,134.000000,215.593750,0.000000,49.077420,22.022985,3.000000
2026-06-24T13:56:54.737334819Z,1000,per_hit,raw_percent_of_host,api-node1,api-node2,116,62,178,50.833333,27.118644,50.833333,54.237288,100.000000,50.000000,66.000000,53.000000,0.000000,0.000000,66.000000,53.000000,393.064516,2150.937063,44.676042,21.077988,3.000000
2026-06-24T13:56:55.737333857Z,1000,per_hit,raw_percent_of_host,api-node1,api-node2,88,70,158,50.495050,25.000000,50.495050,50.000000,100.000000,50.000000,85.000000,85.000000,0.000000,0.000000,85.000000,85.000000,789.608696,1025.131579,26.717528,25.025168,3.000000
2026-06-24T13:56:56.73733475Z,1000,per_hit,raw_percent_of_host,api-node1,api-node2,64,52,116,51.485149,25.000000,51.485149,50.000000,100.000000,50.000000,34.000000,89.000000,0.000000,0.000000,34.000000,89.000000,871.521739,1760.687500,32.288741,22.137447,3.000000
2026-06-24T13:56:57.73733388Z,1000,per_hit,raw_percent_of_host,api-node1,api-node2,81,60,141,51.000000,25.742574,51.000000,51.485149,100.000000,50.000000,22.000000,94.000000,0.000000,0.000000,22.000000,94.000000,316.784946,1553.727273,41.849967,21.282506,3.000000
2026-06-24T13:56:58.737334675Z,1000,per_hit,raw_percent_of_host,api-node1,api-node2,66,40,106,51.000000,25.742574,51.000000,51.485149,100.000000,50.000000,17.000000,114.000000,0.000000,0.000000,17.000000,114.000000,197.267606,1692.550000,46.725022,23.672350,3.000000
2026-06-24T13:56:59.73733543Z,1000,per_hit,raw_percent_of_host,api-node1,api-node2,87,31,118,50.980392,25.742574,50.980392,51.485149,100.000000,50.000000,61.000000,93.000000,0.000000,0.000000,61.000000,93.000000,216.488372,2159.807692,48.014641,21.570800,3.000000
2026-06-24T13:57:00.737335151Z,1000,per_hit,raw_percent_of_host,api-node1,api-node2,115,59,174,51.485149,26.000000,51.485149,52.000000,100.000000,50.000000,93.000000,59.000000,0.000000,0.000000,93.000000,59.000000,529.987952,2099.978495,43.398643,21.612060,3.000000
2026-06-24T13:57:01.737333878Z,1000,per_hit,raw_percent_of_host,api-node1,api-node2,67,65,132,51.485149,26.000000,51.485149,52.000000,100.000000,50.000000,80.000000,85.000000,0.000000,0.000000,80.000000,85.000000,774.525000,1008.564103,22.144640,21.614488,3.000000
2026-06-24T13:57:02.737334425Z,1000,per_hit,raw_percent_of_host,api-node1,api-node2,62,45,107,51.485149,26.000000,51.485149,52.000000,100.000000,50.000000,32.000000,109.000000,0.000000,0.000000,32.000000,109.000000,1006.200000,1303.333333,36.786114,21.873383,3.000000
2026-06-24T13:57:03.737334139Z,1000,per_hit,raw_percent_of_host,api-node1,api-node2,45,25,70,52.000000,26.000000,52.000000,52.000000,100.000000,50.000000,22.000000,122.000000,0.000000,0.000000,22.000000,122.000000,172.629630,1465.333333,49.310348,23.507376,3.000000
2026-06-24T13:57:04.737337057Z,1000,per_hit,raw_percent_of_host,api-node1,api-node2,105,57,162,40.594059,25.000000,40.594059,50.000000,100.000000,50.000000,77.000000,54.000000,0.000000,0.000000,77.000000,54.000000,146.460000,2118.272000,50.000000,33.435419,3.000000
2026-06-24T13:57:05.737333891Z,1000,per_hit,raw_percent_of_host,api-node1,api-node2,82,52,134,52.777778,27.722772,52.777778,55.445545,100.000000,50.000000,69.000000,64.000000,0.000000,0.000000,69.000000,64.000000,620.955556,962.761905,38.872440,23.183634,3.000000
2026-06-24T13:57:06.737334205Z,1000,per_hit,raw_percent_of_host,api-node1,api-node2,83,45,128,50.495050,25.742574,50.495050,51.485149,100.000000,50.000000,52.000000,61.000000,0.000000,0.000000,52.000000,61.000000,489.770000,1195.333333,39.796776,22.177671,3.000000
2026-06-24T13:57:07.737334722Z,1000,per_hit,raw_percent_of_host,api-node1,api-node2,71,49,120,51.000000,26.000000,51.000000,52.000000,100.000000,50.000000,23.000000,71.000000,0.000000,0.000000,23.000000,71.000000,372.030000,1279.461538,40.231873,21.935726,3.000000
2026-06-24T13:57:08.737334616Z,1000,per_hit,raw_percent_of_host,api-node1,api-node2,83,37,120,45.054945,25.742574,45.054945,51.485149,100.000000,50.000000,49.000000,54.000000,0.000000,0.000000,49.000000,54.000000,239.894737,1521.000000,48.148980,21.085596,3.000000
2026-06-24T13:57:09.73733483Z,1000,per_hit,raw_percent_of_host,api-node1,api-node2,71,30,101,45.054945,25.742574,45.054945,51.485149,100.000000,50.000000,46.000000,58.000000,0.000000,0.000000,46.000000,58.000000,407.216216,920.346154,46.446564,24.249187,3.000000
2026-06-24T13:57:10.737334835Z,1000,per_hit,raw_percent_of_host,api-node1,api-node2,74,54,128,51.000000,26.732673,51.000000,53.465347,100.000000,50.000000,33.000000,24.000000,0.000000,0.000000,33.000000,24.000000,407.356322,938.579545,44.581534,38.397822,3.000000
2026-06-24T13:57:11.737334301Z,1000,per_hit,raw_percent_of_host,api-node1,api-node2,77,45,122,49.504950,26.732673,49.504950,53.465347,100.000000,50.000000,38.000000,8.000000,0.000000,0.000000,38.000000,8.000000,225.722222,478.918033,47.532091,39.797866,3.000000
2026-06-24T13:57:12.737334224Z,1000,per_hit,raw_percent_of_host,api-node1,api-node2,57,60,117,50.495050,25.252525,50.495050,50.505051,100.000000,50.000000,22.000000,27.000000,0.000000,0.000000,22.000000,27.000000,327.452055,343.487805,46.323228,40.121358,3.000000
2026-06-24T13:57:13.737334996Z,1000,per_hit,raw_percent_of_host,api-node1,api-node2,55,55,110,50.495050,25.000000,50.495050,50.000000,100.000000,50.000000,24.000000,36.000000,0.000000,0.000000,24.000000,36.000000,189.113208,460.673913,49.372944,36.876173,3.000000
2026-06-24T13:57:14.737334523Z,1000,per_hit,raw_percent_of_host,api-node1,api-node2,60,37,97,51.485149,0.000000,51.485149,0.000000,100.000000,50.000000,6.000000,10.000000,0.000000,0.000000,6.000000,10.000000,215.461538,673.793651,47.568277,43.471894,3.000000
2026-06-24T13:57:15.737336971Z,1000,per_hit,raw_percent_of_host,api-node1,api-node2,49,50,99,51.515152,25.742574,51.515152,51.485149,100.000000,50.000000,2.000000,21.000000,0.000000,0.000000,2.000000,21.000000,153.792453,393.871795,50.000000,47.375033,3.000000
2026-06-24T13:57:16.737334044Z,1000,per_hit,raw_percent_of_host,api-node1,api-node2,54,40,94,44.000000,26.000000,44.000000,52.000000,100.000000,50.000000,10.000000,4.000000,0.000000,0.000000,10.000000,4.000000,179.152174,432.385965,49.469632,38.624593,3.000000
2026-06-24T13:57:17.737333902Z,1000,per_hit,raw_percent_of_host,api-node1,api-node2,50,37,87,45.000000,25.742574,45.000000,51.485149,100.000000,50.000000,4.000000,13.000000,0.000000,0.000000,4.000000,13.000000,167.089286,206.071429,47.431402,48.117153,3.000000
2026-06-24T13:57:18.737334208Z,1000,per_hit,raw_percent_of_host,api-node1,api-node2,45,38,83,48.000000,26.000000,48.000000,52.000000,100.000000,50.000000,5.000000,4.000000,0.000000,0.000000,5.000000,4.000000,150.545455,210.638298,49.873443,47.502619,3.000000
2026-06-24T13:57:19.737334401Z,1000,per_hit,raw_percent_of_host,api-node1,api-node2,38,39,77,43.000000,25.252525,43.000000,50.505051,100.000000,50.000000,1.000000,7.000000,0.000000,0.000000,1.000000,7.000000,120.095238,220.166667,49.976853,47.611849,3.000000
2026-06-24T13:57:20.737334372Z,1000,per_hit,raw_percent_of_host,api-node1,api-node2,34,37,71,34.653465,26.470588,34.653465,52.941176,100.000000,50.000000,1.000000,11.000000,0.000000,0.000000,1.000000,11.000000,87.382353,183.212121,49.977841,48.021050,3.000000
2026-06-24T13:57:21.737334346Z,1000,per_hit,raw_percent_of_host,api-node1,api-node2,35,31,66,35.779817,26.000000,35.779817,52.000000,100.000000,50.000000,3.000000,1.000000,0.000000,0.000000,3.000000,1.000000,99.727273,285.731707,50.000000,43.472086,3.000000
2026-06-24T13:57:22.737335153Z,1000,per_hit,raw_percent_of_host,api-node1,api-node2,38,24,62,43.434343,26.470588,43.434343,52.941176,100.000000,50.000000,3.000000,1.000000,0.000000,0.000000,3.000000,1.000000,132.263158,137.416667,49.368919,49.911503,3.000000
2026-06-24T13:57:23.737333966Z,1000,per_hit,raw_percent_of_host,api-node1,api-node2,25,31,56,37.383178,25.000000,37.383178,50.000000,100.000000,50.000000,2.000000,2.000000,0.000000,0.000000,2.000000,2.000000,87.692308,164.366667,50.000000,49.165716,3.000000
2026-06-24T13:57:24.737334273Z,1000,per_hit,raw_percent_of_host,api-node1,api-node2,28,16,44,32.000000,9.090909,32.000000,18.181818,100.000000,50.000000,1.000000,4.000000,0.000000,0.000000,1.000000,4.000000,87.551724,110.214286,50.000000,49.893114,3.000000
2026-06-24T13:57:25.737333873Z,1000,per_hit,raw_percent_of_host,api-node1,api-node2,20,31,51,35.185185,26.000000,35.185185,52.000000,100.000000,50.000000,2.000000,1.000000,0.000000,0.000000,2.000000,1.000000,77.000000,159.941176,50.000000,61.783156,3.000000
2026-06-24T13:57:26.737334325Z,1000,per_hit,raw_percent_of_host,api-node1,api-node2,23,15,38,36.363636,16.363636,36.363636,32.727273,100.000000,50.000000,1.000000,2.000000,0.000000,0.000000,1.000000,2.000000,91.958333,100.500000,50.000000,50.000000,3.000000
2026-06-24T13:57:27.737334321Z,1000,per_hit,raw_percent_of_host,api-node1,api-node2,16,14,30,25.925926,13.131313,25.925926,26.262626,100.000000,50.000000,2.000000,2.000000,0.000000,0.000000,2.000000,2.000000,76.333333,119.500000,54.097828,53.989320,3.000000
2026-06-24T13:57:28.737336801Z,1000,per_hit,raw_percent_of_host,api-node1,api-node2,11,13,24,30.303030,15.315315,30.303030,30.630631,100.000000,50.000000,0.000000,1.000000,0.000000,0.000000,0.000000,1.000000,52.076923,103.500000,60.626628,60.465907,3.000000
2026-06-24T13:57:29.737335243Z,1000,per_hit,raw_percent_of_host,api-node1,api-node2,14,6,20,31.313131,6.000000,31.313131,12.000000,100.000000,50.000000,0.000000,0.000000,0.000000,0.000000,0.000000,0.000000,54.928571,80.000000,66.711069,51.683333,3.000000
2026-06-24T13:57:30.737333902Z,1000,per_hit,raw_percent_of_host,api-node1,api-node2,9,5,14,16.161616,5.050505,16.161616,10.101010,100.000000,50.000000,0.000000,0.000000,0.000000,0.000000,0.000000,0.000000,51.000000,61.400000,66.832876,69.234891,3.000000
2026-06-24T13:57:31.737336592Z,1000,per_hit,raw_percent_of_host,api-node1,api-node2,7,4,11,11.224490,10.000000,11.224490,20.000000,100.000000,50.000000,0.000000,0.000000,0.000000,0.000000,0.000000,0.000000,50.000000,50.000000,83.640846,83.454243,3.000000
2026-06-24T13:57:32.737335149Z,1000,per_hit,raw_percent_of_host,api-node1,api-node2,6,4,10,11.111111,6.422018,11.111111,12.844037,100.000000,50.000000,0.000000,0.000000,0.000000,0.000000,0.000000,0.000000,50.000000,78.750000,82.262032,83.508569,3.000000
2026-06-24T13:57:33.737334213Z,1000,per_hit,raw_percent_of_host,api-node1,api-node2,4,6,10,16.161616,5.050505,16.161616,10.101010,100.000000,50.000000,0.000000,0.000000,0.000000,0.000000,0.000000,0.000000,52.000000,66.666667,83.666026,66.832052,3.000000
2026-06-24T13:57:34.737333791Z,1000,per_hit,raw_percent_of_host,api-node1,api-node2,4,6,10,10.204082,10.101010,10.204082,20.202020,100.000000,50.000000,0.000000,0.000000,0.000000,0.000000,0.000000,0.000000,50.000000,75.333333,83.666667,66.791004,3.000000
2026-06-24T13:57:35.73733446Z,1000,per_hit,raw_percent_of_host,api-node1,api-node2,4,6,10,10.101010,10.101010,10.101010,20.202020,100.000000,50.000000,0.000000,0.000000,0.000000,0.000000,0.000000,0.000000,50.000000,50.000000,83.665385,82.785961,3.000000
2026-06-24T13:57:36.737334716Z,1000,per_hit,raw_percent_of_host,api-node1,api-node2,7,3,10,11.111111,11.000000,11.111111,22.000000,100.000000,50.000000,0.000000,0.000000,0.000000,0.000000,0.000000,0.000000,51.428571,50.000000,83.664744,83.187206,3.000000
2026-06-24T13:57:37.737333777Z,1000,per_hit,raw_percent_of_host,api-node1,api-node2,7,3,10,10.101010,0.000000,10.101010,0.000000,100.000000,50.000000,0.000000,1.000000,0.000000,0.000000,0.000000,1.000000,56.285714,50.000000,83.662821,82.713266,3.000000
2026-06-24T13:57:38.737333927Z,1000,per_hit,raw_percent_of_host,api-node1,api-node2,5,5,10,13.000000,0.000000,13.000000,0.000000,100.000000,50.000000,0.000000,0.000000,0.000000,0.000000,0.000000,0.000000,50.000000,53.666667,83.665385,83.082414,3.000000
2026-06-24T13:57:39.737333903Z,1000,per_hit,raw_percent_of_host,api-node1,api-node2,3,7,10,10.101010,10.101010,10.101010,20.202020,100.000000,50.000000,0.000000,0.000000,0.000000,0.000000,0.000000,0.000000,50.000000,50.000000,83.666026,66.791645,3.000000
2026-06-24T13:57:40.737334741Z,1000,per_hit,raw_percent_of_host,api-node1,api-node2,6,4,10,17.000000,5.050505,17.000000,10.101010,100.000000,50.000000,0.000000,0.000000,0.000000,0.000000,0.000000,0.000000,51.333333,50.000000,83.666026,66.669141,3.000000
2026-06-24T13:57:41.73733504Z,1000,per_hit,raw_percent_of_host,api-node1,api-node2,6,4,10,10.000000,10.000000,10.000000,20.000000,100.000000,50.000000,0.000000,0.000000,0.000000,0.000000,0.000000,0.000000,50.000000,50.000000,81.770953,83.638241,3.000000
2026-06-24T13:57:42.737334433Z,1000,per_hit,raw_percent_of_host,api-node1,api-node2,2,8,10,2.000000,10.909091,2.000000,21.818182,100.000000,50.000000,0.000000,1.000000,0.000000,0.000000,0.000000,1.000000,50.000000,83.857143,83.666667,82.005709,3.000000
2026-06-24T13:57:43.737334148Z,1000,per_hit,raw_percent_of_host,api-node1,api-node2,8,2,10,21.212121,0.000000,21.212121,0.000000,100.000000,50.000000,0.000000,0.000000,0.000000,0.000000,0.000000,0.000000,51.125000,66.000000,83.528981,65.980084,3.000000
2026-06-24T13:57:44.737334567Z,1000,per_hit,raw_percent_of_host,api-node1,api-node2,4,6,10,22.222222,5.050505,22.222222,10.101010,100.000000,50.000000,0.000000,0.000000,0.000000,0.000000,0.000000,0.000000,50.000000,68.166667,82.847615,66.832052,3.000000
2026-06-24T13:57:45.737335775Z,1000,per_hit,raw_percent_of_host,api-node1,api-node2,5,5,10,6.060606,15.151515,6.060606,30.303030,100.000000,50.000000,0.000000,0.000000,0.000000,0.000000,0.000000,0.000000,50.000000,72.000000,82.585094,78.781435,3.000000
2026-06-24T13:57:46.737334693Z,1000,per_hit,raw_percent_of_host,api-node1,api-node2,6,4,10,10.000000,10.101010,10.000000,20.202020,100.000000,50.000000,0.000000,0.000000,0.000000,0.000000,0.000000,0.000000,52.000000,50.000000,66.832052,70.158952,3.000000
2026-06-24T13:57:47.737336904Z,1000,per_hit,raw_percent_of_host,api-node1,api-node2,6,4,10,15.151515,5.050505,15.151515,10.101010,100.000000,50.000000,0.000000,0.000000,0.000000,0.000000,0.000000,0.000000,51.166667,62.000000,83.664744,66.669141,3.000000
2026-06-24T13:57:48.737334513Z,1000,per_hit,raw_percent_of_host,api-node1,api-node2,7,3,10,11.000000,10.891089,11.000000,21.782178,100.000000,50.000000,0.000000,0.000000,0.000000,0.000000,0.000000,0.000000,50.000000,50.000000,83.665385,66.624253,3.000000
2026-06-24T13:57:49.737335143Z,1000,per_hit,raw_percent_of_host,api-node1,api-node2,5,5,10,12.121212,6.481481,12.121212,12.962963,100.000000,50.000000,0.000000,0.000000,0.000000,0.000000,0.000000,0.000000,50.000000,72.800000,83.653050,81.553618,3.000000
2026-06-24T13:57:50.737334112Z,1000,per_hit,raw_percent_of_host,api-node1,api-node2,5,5,10,1.010101,18.518519,1.010101,37.037037,100.000000,50.000000,0.000000,0.000000,0.000000,0.000000,0.000000,0.000000,51.600000,81.800000,83.580691,78.948835,3.000000
2026-06-24T13:57:51.737333865Z,1000,per_hit,raw_percent_of_host,api-node1,api-node2,6,4,10,10.101010,10.101010,10.101010,20.202020,100.000000,50.000000,0.000000,0.000000,0.000000,0.000000,0.000000,0.000000,50.000000,60.250000,82.261391,70.144596,3.000000
2026-06-24T13:57:52.737333965Z,1000,per_hit,raw_percent_of_host,api-node1,api-node2,6,4,10,12.000000,6.363636,12.000000,12.727273,100.000000,50.000000,0.000000,0.000000,0.000000,0.000000,0.000000,0.000000,50.000000,88.500000,83.665385,82.033991,3.000000
2026-06-24T13:57:53.737335414Z,1000,per_hit,raw_percent_of_host,api-node1,api-node2,4,6,10,15.151515,5.050505,15.151515,10.101010,100.000000,50.000000,0.000000,0.000000,0.000000,0.000000,0.000000,0.000000,50.000000,58.166667,83.665385,83.085287,3.000000
2026-06-24T13:57:54.737334174Z,1000,per_hit,raw_percent_of_host,api-node1,api-node2,4,6,10,10.000000,11.000000,10.000000,22.000000,100.000000,50.000000,0.000000,0.000000,0.000000,0.000000,0.000000,0.000000,50.000000,50.000000,83.666026,66.593702,3.000000
2026-06-24T13:57:55.73733415Z,1000,per_hit,raw_percent_of_host,api-node1,api-node2,7,3,10,17.171717,5.050505,17.171717,10.101010,100.000000,50.000000,0.000000,0.000000,0.000000,0.000000,0.000000,0.000000,50.000000,50.000000,83.665385,65.879933,3.000000
2026-06-24T13:57:56.737333515Z,1000,per_hit,raw_percent_of_host,api-node1,api-node2,6,4,10,11.000000,10.101010,11.000000,20.202020,100.000000,50.000000,0.000000,0.000000,0.000000,0.000000,0.000000,0.000000,50.166667,50.000000,83.625369,83.625619,3.000000
2026-06-24T13:57:57.73733354Z,1000,per_hit,raw_percent_of_host,api-node1,api-node2,4,6,10,5.050505,15.306122,5.050505,30.612245,100.000000,50.000000,0.000000,0.000000,0.000000,0.000000,0.000000,0.000000,50.000000,50.000000,83.664744,78.944057,3.000000
2026-06-24T13:57:58.737334567Z,1000,per_hit,raw_percent_of_host,api-node1,api-node2,5,5,10,16.000000,5.000000,16.000000,10.000000,100.000000,50.000000,0.000000,0.000000,0.000000,0.000000,0.000000,0.000000,50.000000,50.000000,83.666026,53.366667,3.000000
2026-06-24T13:57:59.737334204Z,1000,per_hit,raw_percent_of_host,api-node1,api-node2,4,6,10,11.224490,10.101010,11.224490,20.202020,100.000000,50.000000,0.000000,0.000000,0.000000,0.000000,0.000000,0.000000,50.000000,68.000000,83.666026,66.791004,3.000000
2026-06-24T13:58:00.737334171Z,1000,per_hit,raw_percent_of_host,api-node1,api-node2,3,7,10,10.101010,6.363636,10.101010,12.727273,100.000000,50.000000,0.000000,1.000000,0.000000,0.000000,0.000000,1.000000,50.000000,102.833333,83.666667,82.028532,3.000000
2026-06-24T13:58:01.737335134Z,1000,per_hit,raw_percent_of_host,api-node1,api-node2,4,6,10,20.202020,1.000000,20.202020,2.000000,100.000000,50.000000,0.000000,0.000000,0.000000,0.000000,0.000000,0.000000,50.000000,104.857143,83.624978,65.274140,3.000000
2026-06-24T13:58:02.737335139Z,1000,per_hit,raw_percent_of_host,api-node1,api-node2,4,6,10,11.000000,10.101010,11.000000,20.202020,100.000000,50.000000,0.000000,0.000000,0.000000,0.000000,0.000000,0.000000,50.000000,50.000000,83.501834,66.791645,3.000000
2026-06-24T13:58:03.737334833Z,1000,per_hit,raw_percent_of_host,api-node1,api-node2,5,5,10,12.121212,7.272727,12.121212,14.545455,100.000000,50.000000,0.000000,0.000000,0.000000,0.000000,0.000000,0.000000,50.000000,72.800000,83.665385,66.581603,3.000000
2026-06-24T13:58:04.737335139Z,1000,per_hit,raw_percent_of_host,api-node1,api-node2,4,6,10,5.050505,15.151515,5.050505,30.303030,100.000000,50.000000,0.000000,0.000000,0.000000,0.000000,0.000000,0.000000,50.250000,50.000000,83.664744,78.988537,3.000000
2026-06-24T13:58:05.737333807Z,1000,per_hit,raw_percent_of_host,api-node1,api-node2,4,6,10,15.151515,6.000000,15.151515,12.000000,100.000000,50.000000,0.000000,0.000000,0.000000,0.000000,0.000000,0.000000,50.000000,68.833333,83.666026,53.366667,3.000000
2026-06-24T13:58:06.737334989Z,1000,per_hit,raw_percent_of_host,api-node1,api-node2,5,5,10,11.000000,10.101010,11.000000,20.202020,100.000000,50.000000,0.000000,0.000000,0.000000,0.000000,0.000000,0.000000,50.000000,50.000000,83.460786,83.624978,3.000000
2026-06-24T13:58:07.737334706Z,1000,per_hit,raw_percent_of_host,api-node1,api-node2,6,4,10,17.171717,5.050505,17.171717,10.101010,100.000000,50.000000,0.000000,0.000000,0.000000,0.000000,0.000000,0.000000,50.000000,50.000000,83.666026,66.669141,3.000000
2026-06-24T13:58:08.737335225Z,1000,per_hit,raw_percent_of_host,api-node1,api-node2,6,4,10,22.000000,0.000000,22.000000,0.000000,100.000000,50.000000,0.000000,0.000000,0.000000,0.000000,0.000000,0.000000,50.000000,78.250000,83.427676,66.697880,3.000000
2026-06-24T13:58:09.737333986Z,1000,per_hit,raw_percent_of_host,api-node1,api-node2,6,4,10,10.101010,6.422018,10.101010,12.844037,100.000000,50.000000,0.000000,1.000000,0.000000,0.000000,0.000000,1.000000,50.000000,119.666667,82.673250,82.384832,3.000000
2026-06-24T13:58:10.737333995Z,1000,per_hit,raw_percent_of_host,api-node1,api-node2,4,6,10,7.000000,15.151515,7.000000,30.303030,100.000000,50.000000,0.000000,0.000000,0.000000,0.000000,0.000000,0.000000,50.000000,75.857143,83.664744,63.429734,3.000000
2026-06-24T13:58:11.737334882Z,1000,per_hit,raw_percent_of_host,api-node1,api-node2,5,5,10,10.101010,10.101010,10.101010,20.202020,100.000000,50.000000,0.000000,0.000000,0.000000,0.000000,0.000000,0.000000,50.000000,72.000000,83.666026,68.754958,3.000000
2026-06-24T13:58:12.737334685Z,1000,per_hit,raw_percent_of_host,api-node1,api-node2,5,5,10,2.020202,15.596330,2.020202,31.192661,100.000000,50.000000,0.000000,0.000000,0.000000,0.000000,0.000000,0.000000,50.000000,81.800000,83.460145,80.110035,3.000000
2026-06-24T13:58:13.737334301Z,1000,per_hit,raw_percent_of_host,api-node1,api-node2,6,4,10,10.101010,6.481481,10.101010,12.962963,100.000000,50.000000,0.000000,0.000000,0.000000,0.000000,0.000000,0.000000,50.000000,104.500000,81.770312,70.097993,3.000000
2026-06-24T13:58:14.737334247Z,1000,per_hit,raw_percent_of_host,api-node1,api-node2,2,8,10,0.000000,15.596330,0.000000,31.192661,100.000000,50.000000,0.000000,0.000000,0.000000,0.000000,0.000000,0.000000,50.000000,76.500000,83.666667,62.534286,3.000000
2026-06-24T13:58:15.737333869Z,1000,per_hit,raw_percent_of_host,api-node1,api-node2,5,5,10,11.000000,10.101010,11.000000,20.202020,100.000000,50.000000,0.000000,0.000000,0.000000,0.000000,0.000000,0.000000,50.000000,50.000000,83.666026,70.078881,3.000000
2026-06-24T13:58:16.737333962Z,1000,per_hit,raw_percent_of_host,api-node1,api-node2,4,6,10,7.070707,15.151515,7.070707,30.303030,100.000000,50.000000,0.000000,0.000000,0.000000,0.000000,0.000000,0.000000,50.000000,69.333333,83.666026,79.527475,3.000000
2026-06-24T13:58:17.73733375Z,1000,per_hit,raw_percent_of_host,api-node1,api-node2,7,3,10,17.171717,5.050505,17.171717,10.101010,100.000000,50.000000,0.000000,0.000000,0.000000,0.000000,0.000000,0.000000,51.857143,50.000000,82.148101,70.200000,3.000000
2026-06-24T13:58:18.737334606Z,1000,per_hit,raw_percent_of_host,api-node1,api-node2,6,4,10,17.171717,5.050505,17.171717,10.101010,100.000000,50.000000,0.000000,0.000000,0.000000,0.000000,0.000000,0.000000,52.500000,50.000000,83.665385,66.832693,3.000000
2026-06-24T13:58:19.737334539Z,1000,per_hit,raw_percent_of_host,api-node1,api-node2,6,4,10,15.151515,5.050505,15.151515,10.101010,100.000000,50.000000,0.000000,0.000000,0.000000,0.000000,0.000000,0.000000,50.000000,62.500000,83.665385,83.454325,3.000000
2026-06-24T13:58:20.73733349Z,1000,per_hit,raw_percent_of_host,api-node1,api-node2,4,6,10,12.121212,6.422018,12.121212,12.844037,100.000000,50.000000,0.000000,0.000000,0.000000,0.000000,0.000000,0.000000,50.000000,78.000000,83.666026,66.726117,3.000000
2026-06-24T13:58:21.737334806Z,1000,per_hit,raw_percent_of_host,api-node1,api-node2,5,5,10,5.050505,15.151515,5.050505,30.303030,100.000000,50.000000,0.000000,0.000000,0.000000,0.000000,0.000000,0.000000,51.800000,50.000000,83.666026,78.987897,3.000000
2026-06-24T13:58:22.737334038Z,1000,per_hit,raw_percent_of_host,api-node1,api-node2,6,4,10,14.000000,10.101010,14.000000,20.202020,100.000000,50.000000,0.000000,0.000000,0.000000,0.000000,0.000000,0.000000,50.000000,50.000000,83.665385,68.641027,3.000000
2026-06-24T13:58:23.737334349Z,1000,per_hit,raw_percent_of_host,api-node1,api-node2,4,6,10,7.070707,11.009174,7.070707,22.018349,100.000000,50.000000,0.000000,0.000000,0.000000,0.000000,0.000000,0.000000,50.000000,88.500000,83.666026,83.170827,3.000000
2026-06-24T13:58:24.737333989Z,1000,per_hit,raw_percent_of_host,api-node1,api-node2,5,5,10,15.151515,6.000000,15.151515,12.000000,100.000000,50.000000,0.000000,0.000000,0.000000,0.000000,0.000000,0.000000,50.200000,72.800000,83.666026,65.869607,3.000000
2026-06-24T13:58:25.737333482Z,1000,per_hit,raw_percent_of_host,api-node1,api-node2,6,4,10,16.326531,5.050505,16.326531,10.101010,100.000000,50.000000,0.000000,0.000000,0.000000,0.000000,0.000000,0.000000,50.000000,78.250000,83.666026,83.081773,3.000000
2026-06-24T13:58:26.737333384Z,1000,per_hit,raw_percent_of_host,api-node1,api-node2,6,4,10,5.050505,15.151515,5.050505,30.303030,100.000000,50.000000,0.000000,0.000000,0.000000,0.000000,0.000000,0.000000,50.000000,50.000000,83.659078,80.299359,3.000000
2026-06-24T13:58:27.737335828Z,1000,per_hit,raw_percent_of_host,api-node1,api-node2,4,6,10,5.050505,15.151515,5.050505,30.303030,100.000000,50.000000,0.000000,0.000000,0.000000,0.000000,0.000000,0.000000,50.000000,50.000000,83.666026,65.315409,3.000000
2026-06-24T13:58:28.737334658Z,1000,per_hit,raw_percent_of_host,api-node1,api-node2,5,5,10,7.070707,11.111111,7.070707,22.222222,100.000000,50.000000,0.000000,0.000000,0.000000,0.000000,0.000000,0.000000,50.000000,73.400000,83.666667,68.578602,3.000000
2026-06-24T13:58:29.737333811Z,1000,per_hit,raw_percent_of_host,api-node1,api-node2,8,2,10,22.222222,0.000000,22.222222,0.000000,100.000000,50.000000,0.000000,0.000000,0.000000,0.000000,0.000000,0.000000,51.750000,50.000000,81.877868,82.585735,3.000000
2026-06-24T13:58:30.737335772Z,1000,per_hit,raw_percent_of_host,api-node1,api-node2,9,1,10,20.202020,0.000000,20.202020,0.000000,100.000000,50.000000,0.000000,0.000000,0.000000,0.000000,0.000000,0.000000,51.000000,50.000000,81.193522,83.666667,3.000000
2026-06-24T13:58:31.737335007Z,1000,per_hit,raw_percent_of_host,api-node1,api-node2,7,3,10,18.000000,5.000000,18.000000,10.000000,100.000000,50.000000,0.000000,0.000000,0.000000,0.000000,0.000000,0.000000,52.428571,50.000000,83.501834,66.832052,3.000000
2026-06-24T13:58:32.737334738Z,1000,per_hit,raw_percent_of_host,api-node1,api-node2,3,7,10,11.111111,10.101010,11.111111,20.202020,100.000000,50.000000,0.000000,0.000000,0.000000,0.000000,0.000000,0.000000,50.000000,66.857143,83.665385,83.016645,3.000000
2026-06-24T13:58:33.737334598Z,1000,per_hit,raw_percent_of_host,api-node1,api-node2,5,5,10,7.070707,11.818182,7.070707,23.636364,100.000000,50.000000,0.000000,0.000000,0.000000,0.000000,0.000000,0.000000,50.000000,82.000000,83.665385,81.812660,3.000000
2026-06-24T13:58:34.737334302Z,1000,per_hit,raw_percent_of_host,api-node1,api-node2,8,2,10,17.171717,5.000000,17.171717,10.000000,100.000000,50.000000,0.000000,0.000000,0.000000,0.000000,0.000000,0.000000,52.000000,50.000000,83.664744,80.774356,3.000000
2026-06-24T13:58:35.737333897Z,1000,per_hit,raw_percent_of_host,api-node1,api-node2,6,4,10,13.000000,11.000000,13.000000,22.000000,100.000000,50.000000,1.000000,0.000000,0.000000,0.000000,1.000000,0.000000,50.000000,78.750000,83.666026,83.144148,3.000000
2026-06-24T13:58:36.73733396Z,1000,per_hit,raw_percent_of_host,api-node1,api-node2,4,6,10,7.070707,11.009174,7.070707,22.018349,100.000000,50.000000,0.000000,0.000000,0.000000,0.000000,0.000000,0.000000,50.000000,78.333333,83.666026,81.121170,3.000000
2026-06-24T13:58:37.737334107Z,1000,per_hit,raw_percent_of_host,api-node1,api-node2,5,5,10,11.000000,7.272727,11.000000,14.545455,100.000000,50.000000,0.000000,0.000000,0.000000,0.000000,0.000000,0.000000,50.000000,117.000000,83.666026,82.332578,3.000000
2026-06-24T13:58:38.737334105Z,1000,per_hit,raw_percent_of_host,api-node1,api-node2,7,3,10,15.151515,6.000000,15.151515,12.000000,100.000000,50.000000,0.000000,0.000000,0.000000,0.000000,0.000000,0.000000,50.000000,50.000000,82.702394,81.284207,3.000000
2026-06-24T13:58:39.737333939Z,1000,per_hit,raw_percent_of_host,api-node1,api-node2,5,5,10,17.171717,5.050505,17.171717,10.101010,100.000000,50.000000,0.000000,0.000000,0.000000,0.000000,0.000000,0.000000,50.000000,50.000000,83.666667,66.832052,3.000000
2026-06-24T13:58:40.73733401Z,1000,per_hit,raw_percent_of_host,api-node1,api-node2,6,4,10,15.151515,5.050505,15.151515,10.101010,100.000000,50.000000,0.000000,0.000000,0.000000,0.000000,0.000000,0.000000,50.000000,50.000000,83.665385,66.832693,3.000000
2026-06-24T13:58:41.737334003Z,1000,per_hit,raw_percent_of_host,api-node1,api-node2,3,7,10,10.101010,11.000000,10.101010,22.000000,100.000000,50.000000,0.000000,0.000000,0.000000,0.000000,0.000000,0.000000,50.000000,66.428571,83.666026,66.593702,3.000000
2026-06-24T13:58:42.737334858Z,1000,per_hit,raw_percent_of_host,api-node1,api-node2,6,4,10,14.000000,7.339450,14.000000,14.678899,100.000000,50.000000,0.000000,0.000000,0.000000,0.000000,0.000000,0.000000,51.666667,80.000000,83.665385,81.255525,3.000000
2026-06-24T13:58:43.737333266Z,1000,per_hit,raw_percent_of_host,api-node1,api-node2,8,2,10,17.000000,5.050505,17.000000,10.101010,100.000000,50.000000,0.000000,0.000000,0.000000,0.000000,0.000000,0.000000,50.000000,50.000000,83.665385,83.119827,3.000000
2026-06-24T13:58:44.737338506Z,1000,per_hit,raw_percent_of_host,api-node1,api-node2,5,5,10,15.000000,10.101010,15.000000,20.202020,100.000000,50.000000,0.000000,0.000000,0.000000,0.000000,0.000000,0.000000,50.000000,50.600000,81.889762,83.625619,3.000000
2026-06-24T13:58:45.737333689Z,1000,per_hit,raw_percent_of_host,api-node1,api-node2,4,6,10,11.000000,10.101010,11.000000,20.202020,100.000000,50.000000,0.000000,0.000000,0.000000,0.000000,0.000000,0.000000,52.500000,70.000000,83.665385,82.877815,3.000000
2026-06-24T13:58:46.737334127Z,1000,per_hit,raw_percent_of_host,api-node1,api-node2,6,4,10,23.000000,0.000000,23.000000,0.000000,100.000000,50.000000,0.000000,0.000000,0.000000,0.000000,0.000000,0.000000,50.166667,61.750000,83.274271,66.633589,3.000000
2026-06-24T13:58:47.737335618Z,1000,per_hit,raw_percent_of_host,api-node1,api-node2,6,4,10,18.000000,6.000000,18.000000,12.000000,100.000000,50.000000,0.000000,0.000000,0.000000,0.000000,0.000000,0.000000,50.000000,50.000000,82.101570,83.381302,3.000000
2026-06-24T13:58:48.737333949Z,1000,per_hit,raw_percent_of_host,api-node1,api-node2,6,4,10,12.121212,11.000000,12.121212,22.000000,100.000000,50.000000,0.000000,0.000000,0.000000,0.000000,0.000000,0.000000,50.000000,50.000000,83.666026,83.222436,3.000000
2026-06-24T13:58:49.737334141Z,1000,per_hit,raw_percent_of_host,api-node1,api-node2,6,4,10,17.171717,5.050505,17.171717,10.101010,100.000000,50.000000,0.000000,0.000000,0.000000,0.000000,0.000000,0.000000,50.000000,50.000000,83.666026,65.879933,3.000000
2026-06-24T13:58:50.737335815Z,1000,per_hit,raw_percent_of_host,api-node1,api-node2,6,4,10,8.000000,16.326531,8.000000,32.653061,100.000000,50.000000,0.000000,0.000000,0.000000,0.000000,0.000000,0.000000,50.000000,50.000000,83.664744,80.161077,3.000000
2026-06-24T13:58:51.73733412Z,1000,per_hit,raw_percent_of_host,api-node1,api-node2,7,3,10,17.171717,5.000000,17.171717,10.000000,100.000000,50.000000,0.000000,1.000000,0.000000,0.000000,0.000000,1.000000,51.428571,72.500000,82.147461,70.089733,3.000000
2026-06-24T13:58:52.737333432Z,1000,per_hit,raw_percent_of_host,api-node1,api-node2,6,4,10,5.050505,5.050505,5.050505,10.101010,100.000000,50.000000,0.000000,0.000000,0.000000,0.000000,0.000000,0.000000,50.833333,53.200000,83.663462,70.198718,3.000000
2026-06-24T13:58:53.737334505Z,1000,per_hit,raw_percent_of_host,api-node1,api-node2,6,4,10,16.326531,5.000000,16.326531,10.000000,100.000000,50.000000,0.000000,0.000000,0.000000,0.000000,0.000000,0.000000,50.000000,64.500000,83.666026,66.832693,3.000000
2026-06-24T13:58:54.737343131Z,1000,per_hit,raw_percent_of_host,api-node1,api-node2,6,4,10,17.171717,6.000000,17.171717,12.000000,100.000000,50.000000,0.000000,0.000000,0.000000,0.000000,0.000000,0.000000,50.000000,78.750000,83.665385,82.375137,3.000000
2026-06-24T13:58:55.737335282Z,1000,per_hit,raw_percent_of_host,api-node1,api-node2,2,8,10,0.000000,15.740741,0.000000,31.481481,100.000000,50.000000,0.000000,1.000000,0.000000,0.000000,0.000000,1.000000,50.000000,81.571429,83.666026,80.160437,3.000000
2026-06-24T13:58:56.737334634Z,1000,per_hit,raw_percent_of_host,api-node1,api-node2,6,4,10,11.111111,11.000000,11.111111,22.000000,100.000000,50.000000,0.000000,0.000000,0.000000,0.000000,0.000000,0.000000,50.000000,68.200000,83.098591,68.509237,3.000000
2026-06-24T13:58:57.737334843Z,1000,per_hit,raw_percent_of_host,api-node1,api-node2,5,5,10,7.070707,14.141414,7.070707,28.282828,100.000000,50.000000,0.000000,0.000000,0.000000,0.000000,0.000000,0.000000,50.000000,50.000000,83.666026,81.346718,3.000000
2026-06-24T13:58:58.737335134Z,1000,per_hit,raw_percent_of_host,api-node1,api-node2,5,5,10,20.202020,1.000000,20.202020,2.000000,100.000000,50.000000,0.000000,0.000000,0.000000,0.000000,0.000000,0.000000,50.000000,74.200000,83.624978,66.771798,3.000000
2026-06-24T13:58:59.737334238Z,1000,per_hit,raw_percent_of_host,api-node1,api-node2,6,4,10,15.151515,6.060606,15.151515,12.121212,100.000000,50.000000,0.000000,0.000000,0.000000,0.000000,0.000000,0.000000,50.000000,78.750000,83.501834,66.832693,3.000000
2026-06-24T13:59:00.737334016Z,1000,per_hit,raw_percent_of_host,api-node1,api-node2,6,4,10,18.181818,5.000000,18.181818,10.000000,100.000000,50.000000,0.000000,0.000000,0.000000,0.000000,0.000000,0.000000,50.000000,79.750000,83.666026,66.832693,3.000000
2026-06-24T13:59:01.737334904Z,1000,per_hit,raw_percent_of_host,api-node1,api-node2,9,1,10,22.222222,1.000000,22.222222,2.000000,100.000000,50.000000,0.000000,0.000000,0.000000,0.000000,0.000000,0.000000,50.000000,50.000000,81.764040,83.666026,3.000000
2026-06-24T13:59:02.737334299Z,1000,per_hit,raw_percent_of_host,api-node1,api-node2,6,4,10,15.306122,5.050505,15.306122,10.101010,100.000000,50.000000,0.000000,0.000000,0.000000,0.000000,0.000000,0.000000,50.000000,50.000000,80.690662,83.666026,3.000000
2026-06-24T13:59:03.737333826Z,1000,per_hit,raw_percent_of_host,api-node1,api-node2,6,4,10,18.000000,5.050505,18.000000,10.101010,100.000000,50.000000,0.000000,0.000000,0.000000,0.000000,0.000000,0.000000,50.000000,50.000000,83.665385,66.832693,3.000000
2026-06-24T13:59:04.737334779Z,1000,per_hit,raw_percent_of_host,api-node1,api-node2,7,3,10,21.428571,0.000000,21.428571,0.000000,100.000000,50.000000,0.000000,0.000000,0.000000,0.000000,0.000000,0.000000,50.000000,50.000000,83.503122,66.832052,3.000000
2026-06-24T13:59:05.73733412Z,1000,per_hit,raw_percent_of_host,api-node1,api-node2,7,3,10,15.151515,6.060606,15.151515,12.121212,100.000000,50.000000,0.000000,0.000000,0.000000,0.000000,0.000000,0.000000,50.000000,50.000000,83.014412,83.527744,3.000000
2026-06-24T13:59:06.737333599Z,1000,per_hit,raw_percent_of_host,api-node1,api-node2,5,5,10,10.101010,6.481481,10.101010,12.962963,100.000000,50.000000,0.000000,1.000000,0.000000,0.000000,0.000000,1.000000,52.400000,105.500000,83.460145,83.407669,3.000000
2026-06-24T13:59:07.737333383Z,1000,per_hit,raw_percent_of_host,api-node1,api-node2,7,3,10,18.000000,6.930693,18.000000,13.861386,100.000000,50.000000,0.000000,0.000000,0.000000,0.000000,0.000000,0.000000,50.000000,85.000000,83.665385,65.786990,3.000000
2026-06-24T13:59:08.737334648Z,1000,per_hit,raw_percent_of_host,api-node1,api-node2,6,4,10,11.111111,10.101010,11.111111,20.202020,100.000000,50.000000,0.000000,0.000000,0.000000,0.000000,0.000000,0.000000,50.000000,50.250000,83.665385,83.419738,3.000000
2026-06-24T13:59:09.737334047Z,1000,per_hit,raw_percent_of_host,api-node1,api-node2,4,6,10,12.000000,10.101010,12.000000,20.202020,100.000000,50.000000,0.000000,0.000000,0.000000,0.000000,0.000000,0.000000,50.000000,70.000000,83.666026,83.259087,3.000000
2026-06-24T13:59:10.737334451Z,1000,per_hit,raw_percent_of_host,api-node1,api-node2,6,4,10,3.000000,15.740741,3.000000,31.481481,100.000000,50.000000,0.000000,0.000000,0.000000,0.000000,0.000000,0.000000,50.000000,80.000000,82.261391,80.133885,3.000000
2026-06-24T13:59:11.737334226Z,1000,per_hit,raw_percent_of_host,api-node1,api-node2,5,5,10,13.000000,11.000000,13.000000,22.000000,100.000000,50.000000,0.000000,0.000000,0.000000,0.000000,0.000000,0.000000,53.400000,50.000000,83.665385,68.610485,3.000000
2026-06-24T13:59:12.73733456Z,1000,per_hit,raw_percent_of_host,api-node1,api-node2,4,6,10,12.871287,10.101010,12.871287,20.202020,100.000000,50.000000,0.000000,0.000000,0.000000,0.000000,0.000000,0.000000,50.000000,69.333333,83.666667,65.838885,3.000000
2026-06-24T13:59:13.737335562Z,1000,per_hit,raw_percent_of_host,api-node1,api-node2,4,6,10,5.050505,15.306122,5.050505,30.612245,100.000000,50.000000,0.000000,0.000000,0.000000,0.000000,0.000000,0.000000,50.000000,50.500000,83.665385,79.996885,3.000000
2026-06-24T13:59:14.737335529Z,1000,per_hit,raw_percent_of_host,api-node1,api-node2,6,4,10,18.181818,5.050505,18.181818,10.101010,100.000000,50.000000,0.000000,0.000000,0.000000,0.000000,0.000000,0.000000,50.000000,50.000000,83.666026,68.848835,3.000000
2026-06-24T13:59:15.737333884Z,1000,per_hit,raw_percent_of_host,api-node1,api-node2,4,6,10,5.050505,11.111111,5.050505,22.222222,100.000000,50.000000,0.000000,0.000000,0.000000,0.000000,0.000000,0.000000,50.000000,87.333333,83.666026,82.353594,3.000000
2026-06-24T13:59:16.737334198Z,1000,per_hit,raw_percent_of_host,api-node1,api-node2,3,7,10,13.000000,10.101010,13.000000,20.202020,100.000000,50.000000,0.000000,0.000000,0.000000,0.000000,0.000000,0.000000,50.000000,67.285714,83.666026,65.276581,3.000000
2026-06-24T13:59:17.737333387Z,1000,per_hit,raw_percent_of_host,api-node1,api-node2,4,6,10,6.930693,6.000000,6.930693,12.000000,100.000000,50.000000,0.000000,0.000000,0.000000,0.000000,0.000000,0.000000,50.000000,50.000000,83.666667,66.669141,3.000000
2026-06-24T13:59:18.737334246Z,1000,per_hit,raw_percent_of_host,api-node1,api-node2,3,7,10,10.101010,10.101010,10.101010,20.202020,100.000000,50.000000,0.000000,0.000000,0.000000,0.000000,0.000000,0.000000,50.000000,73.285714,83.665385,66.791645,3.000000
2026-06-24T13:59:19.737335015Z,1000,per_hit,raw_percent_of_host,api-node1,api-node2,5,5,10,18.000000,5.050505,18.000000,10.101010,100.000000,50.000000,0.000000,0.000000,0.000000,0.000000,0.000000,0.000000,53.200000,50.000000,83.665385,66.669141,3.000000
2026-06-24T13:59:20.737334047Z,1000,per_hit,raw_percent_of_host,api-node1,api-node2,2,8,10,6.000000,12.727273,6.000000,25.454545,100.000000,50.000000,0.000000,0.000000,0.000000,0.000000,0.000000,0.000000,50.000000,92.875000,83.666667,66.655700,3.000000
2026-06-24T13:59:21.737333397Z,1000,per_hit,raw_percent_of_host,api-node1,api-node2,4,5,9,5.050505,5.617978,5.050505,11.235955,100.000000,50.000000,0.000000,0.000000,0.000000,0.000000,0.000000,0.000000,50.000000,70.400000,83.663818,71.088995,3.000000
2026-06-24T13:59:22.737334452Z,1000,per_hit,raw_percent_of_host,api-node1,api-node2,7,4,11,21.212121,0.000000,21.212121,0.000000,100.000000,50.000000,0.000000,0.000000,0.000000,0.000000,0.000000,0.000000,50.000000,50.000000,83.389946,82.010166,3.000000
2026-06-24T13:59:23.737333562Z,1000,per_hit,raw_percent_of_host,api-node1,api-node2,5,4,9,8.080808,5.050505,8.080808,10.101010,100.000000,50.000000,0.000000,0.000000,0.000000,0.000000,0.000000,0.000000,50.000000,73.000000,82.829535,64.962251,3.000000
2026-06-24T13:59:24.737333463Z,1000,per_hit,raw_percent_of_host,api-node1,api-node2,6,3,9,11.000000,5.000000,11.000000,10.000000,100.000000,50.000000,0.000000,1.000000,0.000000,0.000000,0.000000,1.000000,52.000000,74.000000,83.571915,72.320445,3.000000
2026-06-24T13:59:25.737334339Z,1000,per_hit,raw_percent_of_host,api-node1,api-node2,4,7,11,0.000000,8.080808,0.000000,16.161616,100.000000,50.000000,0.000000,2.000000,0.000000,0.000000,0.000000,2.000000,50.000000,64.000000,83.663754,74.441149,3.000000
2026-06-24T13:59:26.737335438Z,1000,per_hit,raw_percent_of_host,api-node1,api-node2,5,2,7,15.000000,1.000000,15.000000,2.000000,100.000000,50.000000,0.000000,0.000000,0.000000,0.000000,0.000000,0.000000,53.200000,111.000000,83.664836,67.939309,3.000000
2026-06-24T13:59:27.737334296Z,1000,per_hit,raw_percent_of_host,api-node1,api-node2,9,4,13,20.202020,0.000000,20.202020,0.000000,100.000000,50.000000,0.000000,0.000000,0.000000,0.000000,0.000000,0.000000,50.000000,82.750000,83.570462,73.090988,3.000000
2026-06-24T13:59:28.737334515Z,1000,per_hit,raw_percent_of_host,api-node1,api-node2,5,5,10,11.000000,6.930693,11.000000,13.861386,100.000000,50.000000,0.000000,0.000000,0.000000,0.000000,0.000000,0.000000,50.000000,62.400000,82.539483,83.460786,3.000000
2026-06-24T13:59:29.737334099Z,1000,per_hit,raw_percent_of_host,api-node1,api-node2,5,5,10,15.151515,5.000000,15.151515,10.000000,100.000000,50.000000,0.000000,0.000000,0.000000,0.000000,0.000000,0.000000,50.000000,58.400000,83.666026,66.832052,3.000000
2026-06-24T13:59:30.737334174Z,1000,per_hit,raw_percent_of_host,api-node1,api-node2,4,6,10,5.000000,13.000000,5.000000,26.000000,100.000000,50.000000,0.000000,0.000000,0.000000,0.000000,0.000000,0.000000,50.000000,51.666667,83.666026,66.696959,3.000000
2026-06-24T13:59:31.737334856Z,1000,per_hit,raw_percent_of_host,api-node1,api-node2,3,4,7,10.101010,5.940594,10.101010,11.881188,100.000000,50.000000,0.000000,0.000000,0.000000,0.000000,0.000000,0.000000,50.000000,82.250000,83.666667,81.691283,3.000000
2026-06-24T13:59:32.737335417Z,1000,per_hit,raw_percent_of_host,api-node1,api-node2,8,3,11,12.000000,5.000000,12.000000,10.000000,100.000000,50.000000,0.000000,0.000000,0.000000,0.000000,0.000000,0.000000,50.000000,63.000000,83.515653,83.632509,3.000000
2026-06-24T13:59:33.737334363Z,1000,per_hit,raw_percent_of_host,api-node1,api-node2,6,5,11,6.000000,10.204082,6.000000,20.408163,100.000000,50.000000,0.000000,1.000000,0.000000,0.000000,0.000000,1.000000,53.833333,58.000000,82.962264,83.479706,3.000000
2026-06-24T13:59:34.73733448Z,1000,per_hit,raw_percent_of_host,api-node1,api-node2,4,6,10,5.050505,10.101010,5.050505,20.202020,100.000000,50.000000,0.000000,0.000000,0.000000,0.000000,0.000000,0.000000,50.000000,59.166667,83.501193,82.035492,3.000000
2026-06-24T13:59:35.73733443Z,1000,per_hit,raw_percent_of_host,api-node1,api-node2,4,6,10,5.050505,11.000000,5.050505,22.000000,100.000000,50.000000,0.000000,1.000000,0.000000,0.000000,0.000000,1.000000,50.000000,63.166667,83.665385,69.756410,3.000000
2026-06-24T13:59:36.737333417Z,1000,per_hit,raw_percent_of_host,api-node1,api-node2,7,3,10,16.161616,0.000000,16.161616,0.000000,100.000000,50.000000,0.000000,0.000000,0.000000,0.000000,0.000000,0.000000,50.000000,65.000000,83.666026,68.959170,3.000000
2026-06-24T13:59:37.737334238Z,1000,per_hit,raw_percent_of_host,api-node1,api-node2,5,5,10,5.050505,10.000000,5.050505,20.000000,100.000000,50.000000,0.000000,0.000000,0.000000,0.000000,0.000000,0.000000,51.000000,78.500000,70.199359,83.399876,3.000000
2026-06-24T13:59:38.737333559Z,1000,per_hit,raw_percent_of_host,api-node1,api-node2,5,5,10,16.831683,0.000000,16.831683,0.000000,100.000000,50.000000,0.000000,0.000000,0.000000,0.000000,0.000000,0.000000,50.000000,60.166667,83.666026,70.016681,3.000000
2026-06-24T13:59:39.737333494Z,1000,per_hit,raw_percent_of_host,api-node1,api-node2,5,5,10,6.000000,12.000000,6.000000,24.000000,100.000000,50.000000,0.000000,0.000000,0.000000,0.000000,0.000000,0.000000,50.000000,63.400000,83.502475,83.310798,3.000000
2026-06-24T13:59:40.737333893Z,1000,per_hit,raw_percent_of_host,api-node1,api-node2,3,7,10,5.050505,10.000000,5.050505,20.000000,100.000000,50.000000,0.000000,0.000000,0.000000,0.000000,0.000000,0.000000,50.000000,57.142857,83.666667,68.654291,3.000000
2026-06-24T13:59:41.73733472Z,1000,per_hit,raw_percent_of_host,api-node1,api-node2,6,4,10,5.102041,10.101010,5.102041,20.202020,100.000000,50.000000,0.000000,1.000000,0.000000,0.000000,0.000000,1.000000,50.333333,50.000000,83.125654,83.322504,3.000000
2026-06-24T13:59:42.737335233Z,1000,per_hit,raw_percent_of_host,api-node1,api-node2,5,5,10,1.010101,12.121212,1.010101,24.242424,100.000000,50.000000,0.000000,1.000000,0.000000,0.000000,0.000000,1.000000,50.000000,53.400000,82.895633,83.069490,3.000000
2026-06-24T13:59:43.737333662Z,1000,per_hit,raw_percent_of_host,api-node1,api-node2,6,4,10,11.111111,5.050505,11.111111,10.101010,100.000000,50.000000,0.000000,0.000000,0.000000,0.000000,0.000000,0.000000,50.000000,52.600000,83.666667,82.201138,3.000000
2026-06-24T13:59:44.737333867Z,1000,per_hit,raw_percent_of_host,api-node1,api-node2,3,7,10,6.060606,10.101010,6.060606,20.202020,100.000000,50.000000,0.000000,0.000000,0.000000,0.000000,0.000000,0.000000,50.000000,62.000000,83.665385,70.158311,3.000000
2026-06-24T13:59:45.737334924Z,1000,per_hit,raw_percent_of_host,api-node1,api-node2,7,3,10,16.161616,0.000000,16.161616,0.000000,100.000000,50.000000,1.000000,0.000000,0.000000,0.000000,1.000000,0.000000,50.000000,62.750000,82.100929,82.337591,3.000000
2026-06-24T13:59:46.73733357Z,1000,per_hit,raw_percent_of_host,api-node1,api-node2,7,3,10,5.000000,10.000000,5.000000,20.000000,100.000000,50.000000,1.000000,0.000000,0.000000,0.000000,1.000000,0.000000,53.142857,57.000000,82.541549,83.422986,3.000000
2026-06-24T13:59:47.737336161Z,1000,per_hit,raw_percent_of_host,api-node1,api-node2,6,4,10,10.101010,5.050505,10.101010,10.101010,100.000000,50.000000,0.000000,1.000000,0.000000,0.000000,0.000000,1.000000,50.000000,56.000000,82.977538,83.527103,3.000000
2026-06-24T13:59:48.737334079Z,1000,per_hit,raw_percent_of_host,api-node1,api-node2,3,7,10,10.000000,5.000000,10.000000,10.000000,100.000000,50.000000,0.000000,1.000000,0.000000,0.000000,0.000000,1.000000,50.000000,59.142857,83.666667,83.565650,3.000000
2026-06-24T13:59:49.737335353Z,1000,per_hit,raw_percent_of_host,api-node1,api-node2,5,5,10,16.000000,0.000000,16.000000,0.000000,100.000000,50.000000,0.000000,1.000000,0.000000,0.000000,0.000000,1.000000,50.000000,62.000000,83.666667,70.143381,3.000000
2026-06-24T13:59:50.737334085Z,1000,per_hit,raw_percent_of_host,api-node1,api-node2,4,6,10,7.000000,11.000000,7.000000,22.000000,100.000000,50.000000,0.000000,0.000000,0.000000,0.000000,0.000000,0.000000,50.000000,58.857143,83.500552,82.305121,3.000000
2026-06-24T13:59:51.737334491Z,1000,per_hit,raw_percent_of_host,api-node1,api-node2,7,3,10,10.101010,5.050505,10.101010,10.101010,100.000000,50.000000,0.000000,1.000000,0.000000,0.000000,0.000000,1.000000,50.000000,50.000000,83.501193,69.008249,3.000000
2026-06-24T13:59:52.737335197Z,1000,per_hit,raw_percent_of_host,api-node1,api-node2,6,4,10,11.000000,5.050505,11.000000,10.101010,100.000000,50.000000,0.000000,1.000000,0.000000,0.000000,0.000000,1.000000,50.000000,52.750000,83.500552,83.126294,3.000000
2026-06-24T13:59:53.737335097Z,1000,per_hit,raw_percent_of_host,api-node1,api-node2,5,5,10,11.000000,5.050505,11.000000,10.101010,100.000000,50.000000,0.000000,0.000000,0.000000,0.000000,0.000000,0.000000,60.600000,69.666667,83.664744,70.198718,3.000000
2026-06-24T13:59:54.73733468Z,1000,per_hit,raw_percent_of_host,api-node1,api-node2,5,5,10,15.151515,0.000000,15.151515,0.000000,100.000000,50.000000,0.000000,1.000000,0.000000,0.000000,0.000000,1.000000,50.000000,72.500000,83.666667,70.196796,3.000000
2026-06-24T13:59:55.737334678Z,1000,per_hit,raw_percent_of_host,api-node1,api-node2,8,2,10,15.151515,0.000000,15.151515,0.000000,100.000000,50.000000,1.000000,0.000000,0.000000,0.000000,1.000000,0.000000,50.142857,52.000000,83.500552,82.633956,3.000000
2026-06-24T13:59:56.737334355Z,1000,per_hit,raw_percent_of_host,api-node1,api-node2,5,5,10,6.000000,10.000000,6.000000,20.000000,100.000000,50.000000,0.000000,1.000000,0.000000,0.000000,0.000000,1.000000,50.000000,70.000000,82.896274,83.133642,3.000000
2026-06-24T13:59:57.737333426Z,1000,per_hit,raw_percent_of_host,api-node1,api-node2,6,4,10,11.000000,5.050505,11.000000,10.101010,100.000000,50.000000,0.000000,0.000000,0.000000,0.000000,0.000000,0.000000,50.000000,71.000000,83.501193,83.380039,3.000000
2026-06-24T13:59:58.737333814Z,1000,per_hit,raw_percent_of_host,api-node1,api-node2,4,6,10,10.101010,5.050505,10.101010,10.101010,100.000000,50.000000,0.000000,0.000000,0.000000,0.000000,0.000000,0.000000,50.000000,58.666667,83.665385,70.165206,3.000000
2026-06-24T13:59:59.737334745Z,1000,per_hit,raw_percent_of_host,api-node1,api-node2,8,2,10,15.151515,0.000000,15.151515,0.000000,100.000000,50.000000,0.000000,0.000000,0.000000,0.000000,0.000000,0.000000,50.000000,50.000000,83.212591,82.451045,3.000000
2026-06-24T14:00:00.737333626Z,1000,per_hit,raw_percent_of_host,api-node1,api-node2,6,4,10,10.101010,6.000000,10.101010,12.000000,100.000000,50.000000,0.000000,0.000000,0.000000,0.000000,0.000000,0.000000,50.000000,50.000000,82.895633,83.665385,3.000000
2026-06-24T14:00:01.737333798Z,1000,per_hit,raw_percent_of_host,api-node1,api-node2,6,4,10,5.050505,8.000000,5.050505,16.000000,100.000000,50.000000,0.000000,0.000000,0.000000,0.000000,0.000000,0.000000,50.000000,52.750000,83.501834,82.632674,3.000000
2026-06-24T14:00:02.737335099Z,1000,per_hit,raw_percent_of_host,api-node1,api-node2,5,5,10,6.060606,8.000000,6.060606,16.000000,100.000000,50.000000,0.000000,0.000000,0.000000,0.000000,0.000000,0.000000,50.800000,52.400000,82.894992,83.666026,3.000000
2026-06-24T14:00:03.737334295Z,1000,per_hit,raw_percent_of_host,api-node1,api-node2,6,4,10,11.000000,6.000000,11.000000,12.000000,100.000000,50.000000,1.000000,0.000000,0.000000,0.000000,1.000000,0.000000,50.200000,50.250000,83.665385,70.199359,3.000000
2026-06-24T14:00:04.737333549Z,1000,per_hit,raw_percent_of_host,api-node1,api-node2,4,6,10,10.101010,5.940594,10.101010,11.881188,100.000000,50.000000,0.000000,0.000000,0.000000,0.000000,0.000000,0.000000,50.000000,67.333333,83.666667,83.499911,3.000000
2026-06-24T14:00:05.737334465Z,1000,per_hit,raw_percent_of_host,api-node1,api-node2,5,5,10,10.101010,5.000000,10.101010,10.000000,100.000000,50.000000,0.000000,0.000000,0.000000,0.000000,0.000000,0.000000,50.000000,68.600000,83.666026,83.510482,3.000000
2026-06-24T14:00:06.737335751Z,1000,per_hit,raw_percent_of_host,api-node1,api-node2,5,5,10,0.000000,15.151515,0.000000,30.303030,100.000000,50.000000,1.000000,0.000000,0.000000,0.000000,1.000000,0.000000,50.000000,67.800000,83.118489,79.949563,3.000000
2026-06-24T14:00:07.737334157Z,1000,per_hit,raw_percent_of_host,api-node1,api-node2,6,4,10,5.050505,8.000000,5.050505,16.000000,100.000000,50.000000,0.000000,0.000000,0.000000,0.000000,0.000000,0.000000,50.285714,50.000000,70.199359,66.833333,3.000000
2026-06-24T14:00:08.737333991Z,1000,per_hit,raw_percent_of_host,api-node1,api-node2,6,4,10,5.050505,8.080808,5.050505,16.161616,100.000000,50.000000,0.000000,0.000000,0.000000,0.000000,0.000000,0.000000,50.666667,72.500000,82.895633,83.500552,3.000000
2026-06-24T14:00:09.737335206Z,1000,per_hit,raw_percent_of_host,api-node1,api-node2,1,9,10,1.000000,12.000000,1.000000,24.000000,100.000000,50.000000,0.000000,1.000000,0.000000,0.000000,0.000000,1.000000,50.000000,53.500000,83.666667,69.844711,3.000000
2026-06-24T14:00:10.737334488Z,1000,per_hit,raw_percent_of_host,api-node1,api-node2,8,2,10,11.000000,5.050505,11.000000,10.101010,100.000000,50.000000,1.000000,0.000000,0.000000,0.000000,1.000000,0.000000,50.000000,90.000000,83.501834,68.682075,3.000000
2026-06-24T14:00:11.737334174Z,1000,per_hit,raw_percent_of_host,api-node1,api-node2,6,4,10,15.151515,0.000000,15.151515,0.000000,100.000000,50.000000,1.000000,0.000000,0.000000,0.000000,1.000000,0.000000,50.833333,74.500000,83.501193,83.444045,3.000000
2026-06-24T14:00:12.737334463Z,1000,per_hit,raw_percent_of_host,api-node1,api-node2,4,6,10,10.101010,5.050505,10.101010,10.101010,100.000000,50.000000,0.000000,0.000000,0.000000,0.000000,0.000000,0.000000,50.000000,65.200000,83.666667,70.165206,3.000000
2026-06-24T14:00:13.737333737Z,1000,per_hit,raw_percent_of_host,api-node1,api-node2,4,6,10,10.101010,5.000000,10.101010,10.000000,100.000000,50.000000,0.000000,0.000000,0.000000,0.000000,0.000000,0.000000,50.000000,58.571429,83.665385,70.198718,3.000000
2026-06-24T14:00:14.737334418Z,1000,per_hit,raw_percent_of_host,api-node1,api-node2,6,4,10,10.101010,5.000000,10.101010,10.000000,100.000000,50.000000,0.000000,0.000000,0.000000,0.000000,0.000000,0.000000,50.000000,63.500000,83.501834,83.268641,3.000000
2026-06-24T14:00:15.737334524Z,1000,per_hit,raw_percent_of_host,api-node1,api-node2,6,4,10,15.306122,0.000000,15.306122,0.000000,100.000000,50.000000,0.000000,1.000000,0.000000,0.000000,0.000000,1.000000,50.000000,54.333333,83.666026,70.137904,3.000000
2026-06-24T14:00:16.737334308Z,1000,per_hit,raw_percent_of_host,api-node1,api-node2,6,4,10,10.101010,5.050505,10.101010,10.101010,100.000000,50.000000,1.000000,0.000000,0.000000,0.000000,1.000000,0.000000,50.000000,60.000000,83.211950,83.125013,3.000000
2026-06-24T14:00:17.737333497Z,1000,per_hit,raw_percent_of_host,api-node1,api-node2,5,5,10,5.050505,8.080808,5.050505,16.161616,100.000000,50.000000,0.000000,0.000000,0.000000,0.000000,0.000000,0.000000,50.000000,51.400000,83.666667,70.165206,3.000000
2026-06-24T14:00:18.737334045Z,1000,per_hit,raw_percent_of_host,api-node1,api-node2,5,5,10,0.000000,13.000000,0.000000,26.000000,100.000000,50.000000,0.000000,0.000000,0.000000,0.000000,0.000000,0.000000,51.200000,53.200000,82.895633,83.366100,3.000000
2026-06-24T14:00:19.737334686Z,1000,per_hit,raw_percent_of_host,api-node1,api-node2,4,6,10,1.000000,12.121212,1.000000,24.242424,100.000000,50.000000,1.000000,0.000000,0.000000,0.000000,1.000000,0.000000,51.000000,54.000000,83.554888,82.648868,3.000000
2026-06-24T14:00:20.737334365Z,1000,per_hit,raw_percent_of_host,api-node1,api-node2,8,2,10,17.171717,0.000000,17.171717,0.000000,100.000000,50.000000,0.000000,1.000000,0.000000,0.000000,0.000000,1.000000,55.222222,63.000000,82.894351,82.262673,3.000000
2026-06-24T14:00:21.737333516Z,1000,per_hit,raw_percent_of_host,api-node1,api-node2,6,4,10,11.000000,5.050505,11.000000,10.101010,100.000000,50.000000,1.000000,0.000000,0.000000,0.000000,1.000000,0.000000,50.000000,67.800000,83.666026,82.609227,3.000000
2026-06-24T14:00:22.737334943Z,1000,per_hit,raw_percent_of_host,api-node1,api-node2,4,6,10,6.060606,8.000000,6.060606,16.000000,100.000000,50.000000,0.000000,1.000000,0.000000,0.000000,0.000000,1.000000,50.000000,50.000000,82.896274,83.664744,3.000000
2026-06-24T14:00:23.737333435Z,1000,per_hit,raw_percent_of_host,api-node1,api-node2,6,4,10,5.000000,10.101010,5.000000,20.202020,100.000000,50.000000,1.000000,0.000000,0.000000,0.000000,1.000000,0.000000,50.400000,79.000000,83.665385,70.148357,3.000000
2026-06-24T14:00:24.7373392Z,1000,per_hit,raw_percent_of_host,api-node1,api-node2,6,4,10,11.881188,5.050505,11.881188,10.101010,100.000000,50.000000,0.000000,1.000000,0.000000,0.000000,0.000000,1.000000,50.000000,50.000000,82.977538,83.437333,3.000000
2026-06-24T14:00:25.737336423Z,1000,per_hit,raw_percent_of_host,api-node1,api-node2,4,6,10,10.101010,6.000000,10.101010,12.000000,100.000000,50.000000,0.000000,1.000000,0.000000,0.000000,0.000000,1.000000,50.000000,50.833333,83.666667,70.198077,3.000000
2026-06-24T14:00:26.737337084Z,1000,per_hit,raw_percent_of_host,api-node1,api-node2,4,4,8,5.050505,8.000000,5.050505,16.000000,100.000000,50.000000,0.000000,0.000000,0.000000,0.000000,0.000000,0.000000,50.000000,50.800000,83.560071,83.159267,3.000000
2026-06-24T14:00:27.73733428Z,1000,per_hit,raw_percent_of_host,api-node1,api-node2,6,6,12,10.891089,5.000000,10.891089,10.000000,100.000000,50.000000,0.000000,1.000000,0.000000,0.000000,0.000000,1.000000,55.833333,65.400000,83.664530,83.473112,3.000000
2026-06-24T14:00:28.737333703Z,1000,per_hit,raw_percent_of_host,api-node1,api-node2,2,8,10,5.050505,10.101010,5.050505,20.202020,100.000000,50.000000,0.000000,1.000000,0.000000,0.000000,0.000000,1.000000,50.000000,63.875000,83.666667,70.156388,3.000000
2026-06-24T14:00:29.737334055Z,1000,per_hit,raw_percent_of_host,api-node1,api-node2,6,4,10,16.161616,0.000000,16.161616,0.000000,100.000000,50.000000,0.000000,0.000000,0.000000,0.000000,0.000000,0.000000,51.833333,102.800000,83.664744,69.648844,3.000000
2026-06-24T14:00:30.737334015Z,1000,per_hit,raw_percent_of_host,api-node1,api-node2,4,6,10,5.050505,10.101010,5.050505,20.202020,100.000000,50.000000,0.000000,0.000000,0.000000,0.000000,0.000000,0.000000,50.000000,60.666667,83.666667,70.133587,3.000000
2026-06-24T14:00:31.737334083Z,1000,per_hit,raw_percent_of_host,api-node1,api-node2,4,6,10,1.980198,15.151515,1.980198,30.303030,100.000000,50.000000,1.000000,1.000000,0.000000,0.000000,1.000000,1.000000,51.333333,79.000000,82.890211,76.534623,3.000000
2026-06-24T14:00:32.737334871Z,1000,per_hit,raw_percent_of_host,api-node1,api-node2,7,3,10,10.000000,5.000000,10.000000,10.000000,100.000000,50.000000,1.000000,0.000000,0.000000,0.000000,1.000000,0.000000,53.857143,59.750000,83.553606,66.668500,3.000000
2026-06-24T14:00:33.737334111Z,1000,per_hit,raw_percent_of_host,api-node1,api-node2,2,8,10,6.000000,7.070707,6.000000,14.141414,100.000000,50.000000,0.000000,1.000000,0.000000,0.000000,0.000000,1.000000,50.000000,63.714286,83.666667,70.171659,3.000000
2026-06-24T14:00:34.737333956Z,1000,per_hit,raw_percent_of_host,api-node1,api-node2,3,7,10,6.000000,8.080808,6.000000,16.161616,100.000000,50.000000,0.000000,0.000000,0.000000,0.000000,0.000000,0.000000,50.000000,71.875000,83.666026,69.846666,3.000000
2026-06-24T14:00:35.737335996Z,1000,per_hit,raw_percent_of_host,api-node1,api-node2,6,4,10,15.151515,0.000000,15.151515,0.000000,100.000000,50.000000,0.000000,1.000000,0.000000,0.000000,0.000000,1.000000,50.000000,66.666667,83.666026,70.184362,3.000000
2026-06-24T14:00:36.737334035Z,1000,per_hit,raw_percent_of_host,api-node1,api-node2,6,4,10,10.000000,5.050505,10.000000,10.101010,100.000000,50.000000,1.000000,0.000000,0.000000,0.000000,1.000000,0.000000,50.000000,85.200000,83.665385,73.310614,3.000000
2026-06-24T14:00:37.737334443Z,1000,per_hit,raw_percent_of_host,api-node1,api-node2,6,4,10,7.000000,10.000000,7.000000,20.000000,100.000000,50.000000,1.000000,0.000000,0.000000,0.000000,1.000000,0.000000,50.000000,53.250000,82.894351,82.684841,3.000000
2026-06-24T14:00:38.737334068Z,1000,per_hit,raw_percent_of_host,api-node1,api-node2,4,6,10,5.050505,10.101010,5.050505,20.202020,100.000000,50.000000,0.000000,0.000000,0.000000,0.000000,0.000000,0.000000,50.000000,55.000000,83.666667,82.533296,3.000000
2026-06-24T14:00:39.737334806Z,1000,per_hit,raw_percent_of_host,api-node1,api-node2,2,8,10,0.000000,15.000000,0.000000,30.000000,100.000000,50.000000,0.000000,0.000000,0.000000,0.000000,0.000000,0.000000,50.000000,80.000000,83.665385,66.628093,3.000000
2026-06-24T14:00:40.737334379Z,1000,per_hit,raw_percent_of_host,api-node1,api-node2,5,5,10,5.050505,10.101010,5.050505,20.202020,100.000000,50.000000,0.000000,1.000000,0.000000,0.000000,0.000000,1.000000,54.800000,63.750000,82.894351,66.628093,3.000000
2026-06-24T14:00:41.737333406Z,1000,per_hit,raw_percent_of_host,api-node1,api-node2,6,4,10,1.000000,12.121212,1.000000,24.242424,100.000000,50.000000,0.000000,0.000000,0.000000,0.000000,0.000000,0.000000,51.333333,53.000000,83.211308,83.179987,3.000000
2026-06-24T14:00:42.73733373Z,1000,per_hit,raw_percent_of_host,api-node1,api-node2,4,6,10,6.060606,11.000000,6.060606,22.000000,100.000000,50.000000,0.000000,0.000000,0.000000,0.000000,0.000000,0.000000,50.000000,59.166667,83.501193,80.809983,3.000000
2026-06-24T14:00:43.737334596Z,1000,per_hit,raw_percent_of_host,api-node1,api-node2,4,6,10,10.101010,5.050505,10.101010,10.101010,100.000000,50.000000,0.000000,1.000000,0.000000,0.000000,0.000000,1.000000,50.000000,61.800000,83.666026,69.008249,3.000000
2026-06-24T14:00:44.737334111Z,1000,per_hit,raw_percent_of_host,api-node1,api-node2,4,5,9,9.000000,10.101010,9.000000,20.202020,100.000000,50.000000,0.000000,0.000000,0.000000,0.000000,0.000000,0.000000,50.000000,56.833333,83.161426,83.596871,3.000000
2026-06-24T14:00:45.737334853Z,1000,per_hit,raw_percent_of_host,api-node1,api-node2,9,1,10,14.000000,1.980198,14.000000,3.960396,100.000000,50.000000,1.000000,0.000000,0.000000,0.000000,1.000000,0.000000,53.875000,50.000000,83.660257,83.350288,3.000000
2026-06-24T14:00:46.737334864Z,1000,per_hit,raw_percent_of_host,api-node1,api-node2,4,7,11,10.000000,10.101010,10.000000,20.202020,100.000000,50.000000,0.000000,1.000000,0.000000,0.000000,0.000000,1.000000,50.000000,66.500000,83.459012,82.606516,3.000000
2026-06-24T14:00:47.737334722Z,1000,per_hit,raw_percent_of_host,api-node1,api-node2,6,4,10,15.306122,5.102041,15.306122,10.204082,100.000000,50.000000,0.000000,0.000000,0.000000,0.000000,0.000000,0.000000,50.000000,62.000000,83.666026,69.954942,3.000000
2026-06-24T14:00:48.737335345Z,1000,per_hit,raw_percent_of_host,api-node1,api-node2,6,4,10,14.141414,6.000000,14.141414,12.000000,100.000000,50.000000,0.000000,1.000000,0.000000,0.000000,0.000000,1.000000,50.333333,63.000000,83.382220,83.546571,3.000000
2026-06-24T14:00:49.737334747Z,1000,per_hit,raw_percent_of_host,api-node1,api-node2,7,3,10,15.151515,5.000000,15.151515,10.000000,100.000000,50.000000,0.000000,0.000000,0.000000,0.000000,0.000000,0.000000,50.571429,83.250000,83.665385,70.198718,3.000000
2026-06-24T14:00:50.737334267Z,1000,per_hit,raw_percent_of_host,api-node1,api-node2,7,3,10,16.000000,7.070707,16.000000,14.141414,100.000000,50.000000,1.000000,0.000000,0.000000,0.000000,1.000000,0.000000,50.000000,50.000000,83.211950,83.666026,3.000000
2026-06-24T14:00:51.73733664Z,1000,per_hit,raw_percent_of_host,api-node1,api-node2,4,6,10,14.141414,5.050505,14.141414,10.101010,100.000000,50.000000,0.000000,1.000000,0.000000,0.000000,0.000000,1.000000,50.000000,75.400000,83.666667,82.061246,3.000000
2026-06-24T14:00:52.737334433Z,1000,per_hit,raw_percent_of_host,api-node1,api-node2,5,5,10,5.050505,15.151515,5.050505,30.303030,100.000000,50.000000,1.000000,0.000000,0.000000,0.000000,1.000000,0.000000,50.000000,58.000000,83.665385,79.758987,3.000000
2026-06-24T14:00:53.737334042Z,1000,per_hit,raw_percent_of_host,api-node1,api-node2,5,5,10,10.101010,11.000000,10.101010,22.000000,100.000000,50.000000,0.000000,0.000000,0.000000,0.000000,0.000000,0.000000,50.000000,61.800000,83.213231,66.594342,3.000000
2026-06-24T14:00:54.737334132Z,1000,per_hit,raw_percent_of_host,api-node1,api-node2,5,5,10,15.151515,5.050505,15.151515,10.101010,100.000000,50.000000,1.000000,0.000000,0.000000,0.000000,1.000000,0.000000,50.000000,60.000000,83.666026,69.007609,3.000000
2026-06-24T14:00:55.737334119Z,1000,per_hit,raw_percent_of_host,api-node1,api-node2,4,6,10,10.101010,10.101010,10.101010,20.202020,100.000000,50.000000,0.000000,1.000000,0.000000,0.000000,0.000000,1.000000,50.000000,51.000000,83.665385,70.124158,3.000000
2026-06-24T14:00:56.737333436Z,1000,per_hit,raw_percent_of_host,api-node1,api-node2,4,6,10,5.050505,15.151515,5.050505,30.303030,100.000000,50.000000,0.000000,0.000000,0.000000,0.000000,0.000000,0.000000,50.000000,53.714286,83.665385,79.627870,3.000000
2026-06-24T14:00:57.737334593Z,1000,per_hit,raw_percent_of_host,api-node1,api-node2,5,5,10,10.101010,11.000000,10.101010,22.000000,100.000000,50.000000,1.000000,0.000000,0.000000,0.000000,1.000000,0.000000,57.250000,52.200000,83.553606,66.594983,3.000000
2026-06-24T14:00:58.737333996Z,1000,per_hit,raw_percent_of_host,api-node1,api-node2,8,2,10,11.000000,10.101010,11.000000,20.202020,100.000000,50.000000,0.000000,0.000000,0.000000,0.000000,0.000000,0.000000,51.777778,50.000000,83.500552,82.433868,3.000000
2026-06-24T14:00:59.737333482Z,1000,per_hit,raw_percent_of_host,api-node1,api-node2,6,4,10,14.141414,5.000000,14.141414,10.000000,100.000000,50.000000,1.000000,0.000000,0.000000,0.000000,1.000000,0.000000,50.000000,60.250000,82.711985,83.460786,3.000000
2026-06-24T14:01:00.737333606Z,1000,per_hit,raw_percent_of_host,api-node1,api-node2,3,7,10,5.000000,13.131313,5.000000,26.262626,100.000000,50.000000,0.000000,1.000000,0.000000,0.000000,0.000000,1.000000,51.000000,58.500000,83.666026,83.483137,3.000000
2026-06-24T14:01:01.737335125Z,1000,per_hit,raw_percent_of_host,api-node1,api-node2,4,6,10,15.151515,5.050505,15.151515,10.101010,100.000000,50.000000,0.000000,1.000000,0.000000,0.000000,0.000000,1.000000,50.000000,58.166667,83.666026,69.615747,3.000000
2026-06-24T14:01:02.737334725Z,1000,per_hit,raw_percent_of_host,api-node1,api-node2,7,3,10,11.111111,10.101010,11.111111,20.202020,100.000000,50.000000,1.000000,0.000000,0.000000,0.000000,1.000000,0.000000,50.000000,79.250000,83.664744,69.806899,3.000000
2026-06-24T14:01:03.737334552Z,1000,per_hit,raw_percent_of_host,api-node1,api-node2,7,3,10,19.191919,0.000000,19.191919,0.000000,100.000000,50.000000,0.000000,0.000000,0.000000,0.000000,0.000000,0.000000,51.428571,67.000000,83.211308,82.627026,3.000000
2026-06-24T14:01:04.737333969Z,1000,per_hit,raw_percent_of_host,api-node1,api-node2,5,5,10,5.050505,13.000000,5.050505,26.000000,100.000000,50.000000,0.000000,0.000000,0.000000,0.000000,0.000000,0.000000,55.200000,57.600000,83.553606,83.324313,3.000000
2026-06-24T14:01:05.737333852Z,1000,per_hit,raw_percent_of_host,api-node1,api-node2,5,5,10,15.151515,5.050505,15.151515,10.101010,100.000000,50.000000,0.000000,0.000000,0.000000,0.000000,0.000000,0.000000,50.000000,52.000000,83.666667,69.524535,3.000000
2026-06-24T14:01:06.737334523Z,1000,per_hit,raw_percent_of_host,api-node1,api-node2,6,4,10,14.141414,5.050505,14.141414,10.101010,100.000000,50.000000,0.000000,1.000000,0.000000,0.000000,0.000000,1.000000,50.000000,67.666667,82.585094,83.664104,3.000000
2026-06-24T14:01:07.737334622Z,1000,per_hit,raw_percent_of_host,api-node1,api-node2,4,6,10,5.050505,16.000000,5.050505,32.000000,100.000000,50.000000,0.000000,0.000000,0.000000,0.000000,0.000000,0.000000,51.000000,70.000000,83.665385,80.061766,3.000000
2026-06-24T14:01:08.737334755Z,1000,per_hit,raw_percent_of_host,api-node1,api-node2,7,3,10,9.000000,10.101010,9.000000,20.202020,100.000000,50.000000,1.000000,0.000000,0.000000,0.000000,1.000000,0.000000,55.000000,72.333333,83.664744,66.238906,3.000000
2026-06-24T14:01:09.737334301Z,1000,per_hit,raw_percent_of_host,api-node1,api-node2,4,6,10,11.000000,10.101010,11.000000,20.202020,100.000000,50.000000,0.000000,1.000000,0.000000,0.000000,0.000000,1.000000,54.200000,58.800000,83.654363,83.381356,3.000000
2026-06-24T14:01:10.737333776Z,1000,per_hit,raw_percent_of_host,api-node1,api-node2,5,5,10,14.000000,5.050505,14.000000,10.101010,100.000000,50.000000,0.000000,0.000000,0.000000,0.000000,0.000000,0.000000,50.200000,56.500000,83.665385,82.246446,3.000000
2026-06-24T14:01:11.737334578Z,1000,per_hit,raw_percent_of_host,api-node1,api-node2,4,6,10,6.000000,15.151515,6.000000,30.303030,100.000000,50.000000,1.000000,1.000000,0.000000,0.000000,1.000000,1.000000,50.000000,50.000000,83.666026,76.120712,3.000000
2026-06-24T14:01:12.737334585Z,1000,per_hit,raw_percent_of_host,api-node1,api-node2,6,4,10,14.141414,7.000000,14.141414,14.000000,100.000000,50.000000,0.000000,0.000000,0.000000,0.000000,0.000000,0.000000,50.000000,64.200000,83.664744,53.366026,3.000000
2026-06-24T14:01:13.737333724Z,1000,per_hit,raw_percent_of_host,api-node1,api-node2,4,6,10,5.050505,14.000000,5.050505,28.000000,100.000000,50.000000,0.000000,1.000000,0.000000,0.000000,0.000000,1.000000,50.000000,50.000000,83.666667,82.315825,3.000000
2026-06-24T14:01:14.737333904Z,1000,per_hit,raw_percent_of_host,api-node1,api-node2,7,3,10,17.000000,5.000000,17.000000,10.000000,100.000000,50.000000,1.000000,0.000000,0.000000,0.000000,1.000000,0.000000,50.000000,50.000000,83.666026,83.544402,3.000000
2026-06-24T14:01:15.737335027Z,1000,per_hit,raw_percent_of_host,api-node1,api-node2,4,6,10,1.000000,18.181818,1.000000,36.363636,100.000000,50.000000,0.000000,1.000000,0.000000,0.000000,0.000000,1.000000,57.400000,64.400000,83.116566,80.298718,3.000000
2026-06-24T14:01:16.737335139Z,1000,per_hit,raw_percent_of_host,api-node1,api-node2,10,0,10,20.000000,0.000000,20.000000,0.000000,100.000000,50.000000,1.000000,0.000000,0.000000,0.000000,1.000000,0.000000,50.444444,50.000000,82.985345,66.833333,3.000000
2026-06-24T14:01:17.737335365Z,1000,per_hit,raw_percent_of_host,api-node1,api-node2,3,7,10,4.040404,12.121212,4.040404,24.242424,100.000000,50.000000,0.000000,0.000000,0.000000,0.000000,0.000000,0.000000,50.000000,58.714286,82.979566,83.384586,3.000000
2026-06-24T14:01:18.737335053Z,1000,per_hit,raw_percent_of_host,api-node1,api-node2,5,5,10,10.000000,11.000000,10.000000,22.000000,100.000000,50.000000,0.000000,0.000000,0.000000,0.000000,0.000000,0.000000,50.000000,81.000000,83.666667,68.487043,3.000000
2026-06-24T14:01:19.73733485Z,1000,per_hit,raw_percent_of_host,api-node1,api-node2,4,6,10,5.050505,15.151515,5.050505,30.303030,100.000000,50.000000,0.000000,1.000000,0.000000,0.000000,0.000000,1.000000,50.000000,52.800000,83.501193,79.107609,3.000000
2026-06-24T14:01:20.737334456Z,1000,per_hit,raw_percent_of_host,api-node1,api-node2,3,7,10,9.000000,10.101010,9.000000,20.202020,100.000000,50.000000,0.000000,1.000000,0.000000,0.000000,0.000000,1.000000,50.000000,54.285714,83.665385,66.251913,3.000000
2026-06-24T14:01:21.737335173Z,1000,per_hit,raw_percent_of_host,api-node1,api-node2,6,4,10,15.000000,5.050505,15.000000,10.101010,100.000000,50.000000,0.000000,0.000000,0.000000,0.000000,0.000000,0.000000,50.000000,119.000000,83.666667,69.357112,3.000000
2026-06-24T14:01:22.737334225Z,1000,per_hit,raw_percent_of_host,api-node1,api-node2,3,7,10,5.102041,15.151515,5.102041,30.303030,100.000000,50.000000,0.000000,0.000000,0.000000,0.000000,0.000000,0.000000,50.000000,64.714286,83.665385,80.117080,3.000000
2026-06-24T14:01:23.737333603Z,1000,per_hit,raw_percent_of_host,api-node1,api-node2,7,2,9,19.191919,0.000000,19.191919,0.000000,100.000000,50.000000,0.000000,0.000000,0.000000,0.000000,0.000000,0.000000,50.125000,53.000000,83.665243,53.740741,3.000000
2026-06-24T14:01:24.737333804Z,1000,per_hit,raw_percent_of_host,api-node1,api-node2,3,7,10,0.000000,15.306122,0.000000,30.612245,100.000000,50.000000,0.000000,0.000000,0.000000,0.000000,0.000000,0.000000,50.000000,82.285714,83.666667,79.332985,3.000000
2026-06-24T14:01:25.737334024Z,1000,per_hit,raw_percent_of_host,api-node1,api-node2,5,6,11,10.101010,15.151515,10.101010,30.303030,100.000000,50.000000,0.000000,0.000000,0.000000,0.000000,0.000000,0.000000,50.000000,61.500000,83.150234,65.302448,3.000000
2026-06-24T14:01:26.737333835Z,1000,per_hit,raw_percent_of_host,api-node1,api-node2,6,4,10,14.141414,5.940594,14.141414,11.881188,100.000000,50.000000,0.000000,0.000000,0.000000,0.000000,0.000000,0.000000,50.000000,52.500000,83.665385,53.366667,3.000000
2026-06-24T14:01:27.73733631Z,1000,per_hit,raw_percent_of_host,api-node1,api-node2,3,7,10,0.000000,19.191919,0.000000,38.383838,100.000000,50.000000,0.000000,1.000000,0.000000,0.000000,0.000000,1.000000,56.000000,57.000000,83.664744,80.135808,3.000000
2026-06-24T14:01:28.73733447Z,1000,per_hit,raw_percent_of_host,api-node1,api-node2,6,4,10,4.040404,14.141414,4.040404,28.282828,100.000000,50.000000,0.000000,0.000000,0.000000,0.000000,0.000000,0.000000,50.333333,53.000000,83.666026,66.653757,3.000000
2026-06-24T14:01:29.737335167Z,1000,per_hit,raw_percent_of_host,api-node1,api-node2,5,5,10,10.101010,10.101010,10.101010,20.202020,100.000000,50.000000,0.000000,1.000000,0.000000,0.000000,0.000000,1.000000,52.000000,62.750000,83.124372,83.548700,3.000000
2026-06-24T14:01:30.737333491Z,1000,per_hit,raw_percent_of_host,api-node1,api-node2,6,4,10,9.090909,9.090909,9.090909,18.181818,100.000000,50.000000,1.000000,0.000000,0.000000,0.000000,1.000000,0.000000,50.000000,83.600000,83.665385,69.674294,3.000000
2026-06-24T14:01:31.73733412Z,1000,per_hit,raw_percent_of_host,api-node1,api-node2,3,7,10,5.050505,14.141414,5.050505,28.282828,100.000000,50.000000,0.000000,0.000000,0.000000,0.000000,0.000000,0.000000,50.000000,56.714286,83.666667,82.815601,3.000000
2026-06-24T14:01:32.737334205Z,1000,per_hit,raw_percent_of_host,api-node1,api-node2,5,5,10,4.950495,15.000000,4.950495,30.000000,100.000000,50.000000,0.000000,1.000000,0.000000,0.000000,0.000000,1.000000,50.000000,54.000000,82.712625,80.058889,3.000000
2026-06-24T14:01:33.737335147Z,1000,per_hit,raw_percent_of_host,api-node1,api-node2,8,2,10,14.141414,5.050505,14.141414,10.101010,100.000000,50.000000,0.000000,1.000000,0.000000,0.000000,0.000000,1.000000,51.250000,54.000000,82.583812,66.833333,3.000000
2026-06-24T14:01:34.737334997Z,1000,per_hit,raw_percent_of_host,api-node1,api-node2,4,6,10,9.090909,8.163265,9.090909,16.326531,100.000000,50.000000,1.000000,0.000000,0.000000,0.000000,1.000000,0.000000,50.000000,63.571429,83.666667,82.485445,3.000000
2026-06-24T14:01:35.737334423Z,1000,per_hit,raw_percent_of_host,api-node1,api-node2,7,3,10,15.000000,5.050505,15.000000,10.101010,100.000000,50.000000,1.000000,0.000000,0.000000,0.000000,1.000000,0.000000,50.000000,50.000000,83.117848,83.665385,3.000000
2026-06-24T14:01:36.737334199Z,1000,per_hit,raw_percent_of_host,api-node1,api-node2,2,8,10,6.000000,15.151515,6.000000,30.303030,100.000000,50.000000,0.000000,1.000000,0.000000,0.000000,0.000000,1.000000,50.000000,57.285714,83.665385,80.135167,3.000000
2026-06-24T14:01:37.737334397Z,1000,per_hit,raw_percent_of_host,api-node1,api-node2,6,4,10,14.141414,5.050505,14.141414,10.101010,100.000000,50.000000,1.000000,0.000000,0.000000,0.000000,1.000000,0.000000,50.000000,98.000000,83.665385,53.366026,3.000000
2026-06-24T14:01:38.737333755Z,1000,per_hit,raw_percent_of_host,api-node1,api-node2,5,5,10,6.000000,15.151515,6.000000,30.303030,100.000000,50.000000,0.000000,0.000000,0.000000,0.000000,0.000000,0.000000,52.000000,58.200000,83.664744,80.134345,3.000000
2026-06-24T14:01:39.7373338Z,1000,per_hit,raw_percent_of_host,api-node1,api-node2,6,4,10,14.141414,5.050505,14.141414,10.101010,100.000000,50.000000,0.000000,0.000000,0.000000,0.000000,0.000000,0.000000,50.333333,60.500000,83.117207,66.721555,3.000000
2026-06-24T14:01:40.737334105Z,1000,per_hit,raw_percent_of_host,api-node1,api-node2,3,7,10,0.000000,19.191919,0.000000,38.383838,100.000000,50.000000,0.000000,0.000000,0.000000,0.000000,0.000000,0.000000,52.000000,59.428571,83.666026,66.832052,3.000000
2026-06-24T14:01:41.737334997Z,1000,per_hit,raw_percent_of_host,api-node1,api-node2,6,4,10,14.000000,5.050505,14.000000,10.101010,100.000000,50.000000,0.000000,0.000000,0.000000,0.000000,0.000000,0.000000,50.285714,53.666667,83.665385,53.366667,3.000000
2026-06-24T14:01:42.737334299Z,1000,per_hit,raw_percent_of_host,api-node1,api-node2,6,4,10,9.090909,10.101010,9.090909,20.202020,100.000000,50.000000,0.000000,0.000000,0.000000,0.000000,0.000000,0.000000,50.000000,53.400000,82.585094,83.624337,3.000000
2026-06-24T14:01:43.737334276Z,1000,per_hit,raw_percent_of_host,api-node1,api-node2,3,7,10,9.900990,10.000000,9.900990,20.000000,100.000000,50.000000,0.000000,1.000000,0.000000,0.000000,0.000000,1.000000,50.000000,53.166667,83.666667,69.966975,3.000000
2026-06-24T14:01:44.737333951Z,1000,per_hit,raw_percent_of_host,api-node1,api-node2,6,4,10,13.265306,10.101010,13.265306,20.202020,100.000000,50.000000,0.000000,1.000000,0.000000,0.000000,0.000000,1.000000,50.000000,54.000000,83.500552,83.375558,3.000000
2026-06-24T14:01:45.737333781Z,1000,per_hit,raw_percent_of_host,api-node1,api-node2,6,4,10,15.151515,5.050505,15.151515,10.101010,100.000000,50.000000,0.000000,0.000000,0.000000,0.000000,0.000000,0.000000,50.000000,50.000000,83.666667,83.461426,3.000000
2026-06-24T14:01:46.737334131Z,1000,per_hit,raw_percent_of_host,api-node1,api-node2,6,4,10,10.000000,10.101010,10.000000,20.202020,100.000000,50.000000,1.000000,0.000000,0.000000,0.000000,1.000000,0.000000,50.000000,60.250000,83.500552,83.625619,3.000000
2026-06-24T14:01:47.737334767Z,1000,per_hit,raw_percent_of_host,api-node1,api-node2,4,6,10,6.000000,15.151515,6.000000,30.303030,100.000000,50.000000,1.000000,0.000000,0.000000,0.000000,1.000000,0.000000,50.000000,57.000000,83.666026,78.880420,3.000000
2026-06-24T14:01:48.737334113Z,1000,per_hit,raw_percent_of_host,api-node1,api-node2,7,3,10,15.151515,6.000000,15.151515,12.000000,100.000000,50.000000,0.000000,0.000000,0.000000,0.000000,0.000000,0.000000,51.625000,50.000000,83.501834,65.752401,3.000000
2026-06-24T14:01:49.737334132Z,1000,per_hit,raw_percent_of_host,api-node1,api-node2,3,7,10,9.000000,10.000000,9.000000,20.000000,100.000000,50.000000,0.000000,1.000000,0.000000,0.000000,0.000000,1.000000,50.000000,50.666667,83.666667,83.472767,3.000000
2026-06-24T14:01:50.737335752Z,1000,per_hit,raw_percent_of_host,api-node1,api-node2,6,4,10,15.151515,5.050505,15.151515,10.101010,100.000000,50.000000,0.000000,1.000000,0.000000,0.000000,0.000000,1.000000,50.000000,116.250000,83.665385,69.527532,3.000000
2026-06-24T14:01:51.737334334Z,1000,per_hit,raw_percent_of_host,api-node1,api-node2,6,4,10,19.191919,0.000000,19.191919,0.000000,100.000000,50.000000,0.000000,1.000000,0.000000,0.000000,0.000000,1.000000,50.000000,52.000000,83.665385,70.199359,3.000000
2026-06-24T14:01:52.737334178Z,1000,per_hit,raw_percent_of_host,api-node1,api-node2,4,6,10,21.000000,0.000000,21.000000,0.000000,100.000000,50.000000,0.000000,1.000000,0.000000,0.000000,0.000000,1.000000,50.000000,66.833333,83.439949,81.495018,3.000000
2026-06-24T14:01:53.737333408Z,1000,per_hit,raw_percent_of_host,api-node1,api-node2,6,4,10,9.090909,9.090909,9.090909,18.181818,100.000000,50.000000,0.000000,0.000000,0.000000,0.000000,0.000000,0.000000,50.000000,50.000000,83.099872,82.360623,3.000000
2026-06-24T14:01:54.73733447Z,1000,per_hit,raw_percent_of_host,api-node1,api-node2,5,5,10,14.141414,5.050505,14.141414,10.101010,100.000000,50.000000,0.000000,1.000000,0.000000,0.000000,0.000000,1.000000,50.000000,57.500000,83.666667,70.198077,3.000000
2026-06-24T14:01:55.737334615Z,1000,per_hit,raw_percent_of_host,api-node1,api-node2,2,8,10,5.050505,14.141414,5.050505,28.282828,100.000000,50.000000,0.000000,0.000000,0.000000,0.000000,0.000000,0.000000,50.000000,55.888889,83.665385,83.183753,3.000000
2026-06-24T14:01:56.737333961Z,1000,per_hit,raw_percent_of_host,api-node1,api-node2,3,7,10,0.000000,18.367347,0.000000,36.734694,100.000000,50.000000,1.000000,0.000000,0.000000,0.000000,1.000000,0.000000,50.000000,58.142857,83.665385,79.008742,3.000000
2026-06-24T14:01:57.737333948Z,1000,per_hit,raw_percent_of_host,api-node1,api-node2,5,5,10,5.940594,16.000000,5.940594,32.000000,100.000000,50.000000,1.000000,0.000000,0.000000,0.000000,1.000000,0.000000,54.800000,60.600000,83.654363,62.513266,3.000000
2026-06-24T14:01:58.73733487Z,1000,per_hit,raw_percent_of_host,api-node1,api-node2,5,5,10,9.900990,11.000000,9.900990,22.000000,100.000000,50.000000,0.000000,0.000000,0.000000,0.000000,0.000000,0.000000,50.000000,55.400000,83.666026,66.562970,3.000000
2026-06-24T14:01:59.737333591Z,1000,per_hit,raw_percent_of_host,api-node1,api-node2,4,6,10,15.151515,5.050505,15.151515,10.101010,100.000000,50.000000,0.000000,1.000000,0.000000,0.000000,0.000000,1.000000,50.000000,60.800000,83.666667,82.363137,3.000000
2026-06-24T14:02:00.737333847Z,1000,per_hit,raw_percent_of_host,api-node1,api-node2,6,4,10,9.090909,9.090909,9.090909,18.181818,100.000000,50.000000,0.000000,0.000000,0.000000,0.000000,0.000000,0.000000,50.000000,50.000000,83.666026,83.125013,3.000000
2026-06-24T14:02:01.737333543Z,1000,per_hit,raw_percent_of_host,api-node1,api-node2,4,6,10,15.151515,5.102041,15.151515,10.204082,100.000000,50.000000,0.000000,1.000000,0.000000,0.000000,0.000000,1.000000,50.000000,57.000000,83.666667,83.553606,3.000000
2026-06-24T14:02:02.737333548Z,1000,per_hit,raw_percent_of_host,api-node1,api-node2,5,5,10,5.000000,14.141414,5.000000,28.282828,100.000000,50.000000,0.000000,0.000000,0.000000,0.000000,0.000000,0.000000,55.400000,54.500000,83.664744,83.540145,3.000000
2026-06-24T14:02:03.737334994Z,1000,per_hit,raw_percent_of_host,api-node1,api-node2,4,6,10,10.000000,10.101010,10.000000,20.202020,100.000000,50.000000,0.000000,0.000000,0.000000,0.000000,0.000000,0.000000,50.000000,55.333333,83.666667,70.082033,3.000000
2026-06-24T14:02:04.73733465Z,1000,per_hit,raw_percent_of_host,api-node1,api-node2,7,3,10,16.000000,5.050505,16.000000,10.101010,100.000000,50.000000,1.000000,0.000000,0.000000,0.000000,1.000000,0.000000,50.000000,63.333333,83.500552,83.460786,3.000000
2026-06-24T14:02:05.737335418Z,1000,per_hit,raw_percent_of_host,api-node1,api-node2,3,7,10,9.000000,9.183673,9.000000,18.367347,100.000000,50.000000,0.000000,0.000000,0.000000,0.000000,0.000000,0.000000,50.000000,61.000000,83.666667,70.164565,3.000000
2026-06-24T14:02:06.737335291Z,1000,per_hit,raw_percent_of_host,api-node1,api-node2,2,8,10,11.000000,10.000000,11.000000,20.000000,100.000000,50.000000,0.000000,0.000000,0.000000,0.000000,0.000000,0.000000,50.000000,59.500000,83.666667,70.120512,3.000000
2026-06-24T14:02:07.737334896Z,1000,per_hit,raw_percent_of_host,api-node1,api-node2,7,3,10,10.101010,11.111111,10.101010,22.222222,100.000000,50.000000,1.000000,0.000000,0.000000,0.000000,1.000000,0.000000,50.333333,52.333333,83.666026,82.304111,3.000000
2026-06-24T14:02:08.737334422Z,1000,per_hit,raw_percent_of_host,api-node1,api-node2,8,2,10,19.191919,0.000000,19.191919,0.000000,100.000000,50.000000,0.000000,0.000000,0.000000,0.000000,0.000000,0.000000,50.000000,50.000000,82.978179,82.315502,3.000000
2026-06-24T14:02:09.737334197Z,1000,per_hit,raw_percent_of_host,api-node1,api-node2,5,5,10,11.000000,10.101010,11.000000,20.202020,100.000000,50.000000,0.000000,0.000000,0.000000,0.000000,0.000000,0.000000,50.000000,64.500000,83.500552,83.514481,3.000000
2026-06-24T14:02:10.737334271Z,1000,per_hit,raw_percent_of_host,api-node1,api-node2,6,4,10,10.101010,10.101010,10.101010,20.202020,100.000000,50.000000,0.000000,0.000000,0.000000,0.000000,0.000000,0.000000,50.000000,50.000000,83.664744,82.339446,3.000000
2026-06-24T14:02:11.737335195Z,1000,per_hit,raw_percent_of_host,api-node1,api-node2,7,3,10,16.000000,5.050505,16.000000,10.101010,100.000000,50.000000,1.000000,0.000000,0.000000,0.000000,1.000000,0.000000,50.000000,52.250000,83.665385,83.399892,3.000000
2026-06-24T14:02:12.737334328Z,1000,per_hit,raw_percent_of_host,api-node1,api-node2,5,5,10,5.050505,15.151515,5.050505,30.303030,100.000000,50.000000,1.000000,0.000000,0.000000,0.000000,1.000000,0.000000,54.800000,61.600000,82.894351,80.300000,3.000000
2026-06-24T14:02:13.737334209Z,1000,per_hit,raw_percent_of_host,api-node1,api-node2,4,6,10,15.306122,6.060606,15.306122,12.121212,100.000000,50.000000,0.000000,1.000000,0.000000,0.000000,0.000000,1.000000,50.000000,60.800000,83.666026,53.366026,3.000000
2026-06-24T14:02:14.737334468Z,1000,per_hit,raw_percent_of_host,api-node1,api-node2,3,7,10,9.000000,10.000000,9.000000,20.000000,100.000000,50.000000,0.000000,1.000000,0.000000,0.000000,0.000000,1.000000,50.000000,108.142857,83.666667,72.760874,3.000000
2026-06-24T14:02:15.737334081Z,1000,per_hit,raw_percent_of_host,api-node1,api-node2,3,7,10,5.050505,10.101010,5.050505,20.202020,100.000000,50.000000,0.000000,0.000000,0.000000,0.000000,0.000000,0.000000,50.000000,51.250000,83.664744,73.345648,3.000000
2026-06-24T14:02:16.737333363Z,1000,per_hit,raw_percent_of_host,api-node1,api-node2,5,5,10,8.163265,10.000000,8.163265,20.000000,100.000000,50.000000,0.000000,0.000000,0.000000,0.000000,0.000000,0.000000,50.000000,55.400000,83.663462,69.966975,3.000000
2026-06-24T14:02:17.737335621Z,1000,per_hit,raw_percent_of_host,api-node1,api-node2,7,3,10,15.151515,5.050505,15.151515,10.101010,100.000000,50.000000,0.000000,0.000000,0.000000,0.000000,0.000000,0.000000,50.000000,50.000000,83.666026,83.363552,3.000000
2026-06-24T14:02:18.737333955Z,1000,per_hit,raw_percent_of_host,api-node1,api-node2,4,6,10,9.090909,10.101010,9.090909,20.202020,100.000000,50.000000,1.000000,0.000000,0.000000,0.000000,1.000000,0.000000,50.000000,55.500000,83.666667,82.670295,3.000000
2026-06-24T14:02:19.73733492Z,1000,per_hit,raw_percent_of_host,api-node1,api-node2,4,6,10,5.050505,15.306122,5.050505,30.612245,100.000000,50.000000,0.000000,0.000000,0.000000,0.000000,0.000000,0.000000,50.000000,53.000000,83.213231,80.094760,3.000000
2026-06-24T14:02:20.73733409Z,1000,per_hit,raw_percent_of_host,api-node1,api-node2,8,2,10,9.000000,10.000000,9.000000,20.000000,100.000000,50.000000,1.000000,0.000000,0.000000,0.000000,1.000000,0.000000,50.714286,57.500000,82.583812,66.805549,3.000000
2026-06-24T14:02:21.737334634Z,1000,per_hit,raw_percent_of_host,api-node1,api-node2,4,6,10,9.000000,10.101010,9.000000,20.202020,100.000000,50.000000,0.000000,0.000000,0.000000,0.000000,0.000000,0.000000,50.000000,54.666667,83.665385,83.322504,3.000000
2026-06-24T14:02:22.737334639Z,1000,per_hit,raw_percent_of_host,api-node1,api-node2,5,5,10,11.000000,10.101010,11.000000,20.202020,100.000000,50.000000,0.000000,1.000000,0.000000,0.000000,0.000000,1.000000,50.000000,63.250000,82.584453,83.309240,3.000000
2026-06-24T14:02:23.737338507Z,1000,per_hit,raw_percent_of_host,api-node1,api-node2,6,4,10,14.141414,6.930693,14.141414,13.861386,100.000000,50.000000,0.000000,1.000000,0.000000,0.000000,0.000000,1.000000,50.000000,106.000000,83.666667,69.591408,3.000000
2026-06-24T14:02:24.737333832Z,1000,per_hit,raw_percent_of_host,api-node1,api-node2,6,4,10,20.202020,0.000000,20.202020,0.000000,100.000000,50.000000,0.000000,0.000000,0.000000,0.000000,0.000000,0.000000,50.000000,58.400000,83.625619,83.664103,3.000000
2026-06-24T14:02:25.737333439Z,1000,per_hit,raw_percent_of_host,api-node1,api-node2,5,5,10,5.050505,15.151515,5.050505,30.303030,100.000000,50.000000,1.000000,0.000000,0.000000,0.000000,1.000000,0.000000,50.000000,50.000000,83.461426,79.758987,3.000000
2026-06-24T14:02:26.737333766Z,1000,per_hit,raw_percent_of_host,api-node1,api-node2,7,3,10,19.191919,0.000000,19.191919,0.000000,100.000000,50.000000,0.000000,0.000000,0.000000,0.000000,0.000000,0.000000,50.000000,64.000000,82.712625,66.832693,3.000000
2026-06-24T14:02:27.73733387Z,1000,per_hit,raw_percent_of_host,api-node1,api-node2,4,6,10,11.881188,11.111111,11.881188,22.222222,100.000000,50.000000,0.000000,0.000000,0.000000,0.000000,0.000000,0.000000,50.000000,58.000000,83.665385,69.878063,3.000000
2026-06-24T14:02:28.737334736Z,1000,per_hit,raw_percent_of_host,api-node1,api-node2,8,2,10,19.191919,0.000000,19.191919,0.000000,100.000000,50.000000,1.000000,0.000000,0.000000,0.000000,1.000000,0.000000,50.571429,55.500000,83.666026,68.848835,3.000000
2026-06-24T14:02:29.737338226Z,1000,per_hit,raw_percent_of_host,api-node1,api-node2,6,4,10,10.101010,10.101010,10.101010,20.202020,100.000000,50.000000,0.000000,0.000000,0.000000,0.000000,0.000000,0.000000,52.857143,50.000000,82.541549,83.625619,3.000000
2026-06-24T14:02:30.737333852Z,1000,per_hit,raw_percent_of_host,api-node1,api-node2,5,5,10,10.204082,10.101010,10.204082,20.202020,100.000000,50.000000,0.000000,0.000000,0.000000,0.000000,0.000000,0.000000,50.800000,58.200000,83.664744,83.256186,3.000000
2026-06-24T14:02:31.737334058Z,1000,per_hit,raw_percent_of_host,api-node1,api-node2,4,6,10,0.000000,19.387755,0.000000,38.775510,100.000000,50.000000,0.000000,0.000000,0.000000,0.000000,0.000000,0.000000,50.500000,52.333333,83.665385,79.141359,3.000000
2026-06-24T14:02:32.7373351Z,1000,per_hit,raw_percent_of_host,api-node1,api-node2,5,5,10,10.101010,11.000000,10.101010,22.000000,100.000000,50.000000,1.000000,0.000000,0.000000,0.000000,1.000000,0.000000,55.750000,59.000000,83.664744,66.533448,3.000000
2026-06-24T14:02:33.737334999Z,1000,per_hit,raw_percent_of_host,api-node1,api-node2,5,5,10,10.101010,10.101010,10.101010,20.202020,100.000000,50.000000,0.000000,0.000000,0.000000,0.000000,0.000000,0.000000,53.833333,52.250000,83.664744,82.372333,3.000000
2026-06-24T14:02:34.737333898Z,1000,per_hit,raw_percent_of_host,api-node1,api-node2,4,6,10,5.000000,14.141414,5.000000,28.282828,100.000000,50.000000,0.000000,0.000000,0.000000,0.000000,0.000000,0.000000,50.750000,55.857143,83.501834,83.446043,3.000000
2026-06-24T14:02:35.73733381Z,1000,per_hit,raw_percent_of_host,api-node1,api-node2,3,7,10,4.040404,15.000000,4.040404,30.000000,100.000000,50.000000,1.000000,0.000000,0.000000,0.000000,1.000000,0.000000,50.000000,59.142857,83.665385,66.756415,3.000000
2026-06-24T14:02:36.737334209Z,1000,per_hit,raw_percent_of_host,api-node1,api-node2,3,7,10,9.000000,10.101010,9.000000,20.202020,100.000000,50.000000,0.000000,1.000000,0.000000,0.000000,0.000000,1.000000,50.000000,53.000000,83.665385,53.325619,3.000000
2026-06-24T14:02:37.737335042Z,1000,per_hit,raw_percent_of_host,api-node1,api-node2,8,2,10,19.191919,0.000000,19.191919,0.000000,100.000000,50.000000,0.000000,0.000000,0.000000,0.000000,0.000000,0.000000,50.000000,50.000000,83.666667,82.247087,3.000000
2026-06-24T14:02:38.737334528Z,1000,per_hit,raw_percent_of_host,api-node1,api-node2,1,9,10,0.000000,19.191919,0.000000,38.383838,100.000000,50.000000,0.000000,1.000000,0.000000,0.000000,0.000000,1.000000,50.000000,51.375000,83.666667,78.992674,3.000000
2026-06-24T14:02:39.737333593Z,1000,per_hit,raw_percent_of_host,api-node1,api-node2,7,3,10,10.000000,10.101010,10.000000,20.202020,100.000000,50.000000,0.000000,0.000000,0.000000,0.000000,0.000000,0.000000,52.428571,83.750000,83.664744,66.439238,3.000000
2026-06-24T14:02:40.737334126Z,1000,per_hit,raw_percent_of_host,api-node1,api-node2,3,7,10,10.101010,10.101010,10.101010,20.202020,100.000000,50.000000,0.000000,0.000000,0.000000,0.000000,0.000000,0.000000,50.000000,52.285714,83.666667,69.953712,3.000000
2026-06-24T14:02:41.737333514Z,1000,per_hit,raw_percent_of_host,api-node1,api-node2,5,5,10,3.061224,14.141414,3.061224,28.282828,100.000000,50.000000,1.000000,0.000000,0.000000,0.000000,1.000000,0.000000,50.000000,53.400000,83.666667,83.446043,3.000000
2026-06-24T14:02:42.737334862Z,1000,per_hit,raw_percent_of_host,api-node1,api-node2,6,4,10,12.121212,10.101010,12.121212,20.202020,100.000000,50.000000,0.000000,0.000000,0.000000,0.000000,0.000000,0.000000,50.000000,59.750000,82.810285,83.548700,3.000000
2026-06-24T14:02:43.737335218Z,1000,per_hit,raw_percent_of_host,api-node1,api-node2,8,2,10,19.387755,1.000000,19.387755,2.000000,100.000000,50.000000,1.000000,0.000000,0.000000,0.000000,1.000000,0.000000,50.857143,54.500000,83.662790,69.994760,3.000000
2026-06-24T14:02:44.737334274Z,1000,per_hit,raw_percent_of_host,api-node1,api-node2,3,7,10,8.080808,14.141414,8.080808,28.282828,100.000000,50.000000,0.000000,0.000000,0.000000,0.000000,0.000000,0.000000,50.000000,52.000000,83.653691,83.485809,3.000000
2026-06-24T14:02:45.737334082Z,1000,per_hit,raw_percent_of_host,api-node1,api-node2,8,2,10,19.000000,0.000000,19.000000,0.000000,100.000000,50.000000,0.000000,0.000000,0.000000,0.000000,0.000000,0.000000,50.000000,50.000000,83.014412,83.589748,3.000000
2026-06-24T14:02:46.737333619Z,1000,per_hit,raw_percent_of_host,api-node1,api-node2,4,6,10,14.141414,5.050505,14.141414,10.101010,100.000000,50.000000,0.000000,1.000000,0.000000,0.000000,0.000000,1.000000,50.000000,56.000000,83.666667,70.198077,3.000000
2026-06-24T14:02:47.737334517Z,1000,per_hit,raw_percent_of_host,api-node1,api-node2,6,4,10,11.000000,11.111111,11.000000,22.222222,100.000000,50.000000,0.000000,0.000000,0.000000,0.000000,0.000000,0.000000,50.000000,50.000000,83.666026,83.395152,3.000000
2026-06-24T14:02:48.737333799Z,1000,per_hit,raw_percent_of_host,api-node1,api-node2,7,3,10,15.000000,5.050505,15.000000,10.101010,100.000000,50.000000,0.000000,0.000000,0.000000,0.000000,0.000000,0.000000,50.285714,54.666667,82.978179,82.315502,3.000000
2026-06-24T14:02:49.737333489Z,1000,per_hit,raw_percent_of_host,api-node1,api-node2,5,5,10,10.101010,11.111111,10.101010,22.222222,100.000000,50.000000,0.000000,1.000000,0.000000,0.000000,0.000000,1.000000,50.000000,50.000000,83.665385,83.231601,3.000000
2026-06-24T14:02:50.737333927Z,1000,per_hit,raw_percent_of_host,api-node1,api-node2,5,5,10,16.000000,5.050505,16.000000,10.101010,100.000000,50.000000,0.000000,0.000000,0.000000,0.000000,0.000000,0.000000,50.000000,50.666667,83.666667,81.362101,3.000000
2026-06-24T14:02:51.737334621Z,1000,per_hit,raw_percent_of_host,api-node1,api-node2,7,3,10,12.000000,10.101010,12.000000,20.202020,100.000000,50.000000,0.000000,0.000000,0.000000,0.000000,0.000000,0.000000,50.000000,50.000000,83.500552,83.158729,3.000000
2026-06-24T14:02:52.737333984Z,1000,per_hit,raw_percent_of_host,api-node1,api-node2,1,9,10,0.000000,20.202020,0.000000,40.404040,100.000000,50.000000,0.000000,1.000000,0.000000,0.000000,0.000000,1.000000,50.000000,52.500000,83.666667,79.141359,3.000000
2026-06-24T14:02:53.737333719Z,1000,per_hit,raw_percent_of_host,api-node1,api-node2,6,4,10,4.040404,14.851485,4.040404,29.702970,100.000000,50.000000,0.000000,0.000000,0.000000,0.000000,0.000000,0.000000,50.000000,53.800000,83.665385,63.302475,3.000000
2026-06-24T14:02:54.737334819Z,1000,per_hit,raw_percent_of_host,api-node1,api-node2,4,6,10,5.050505,15.000000,5.050505,30.000000,100.000000,50.000000,0.000000,1.000000,0.000000,0.000000,0.000000,1.000000,50.000000,53.600000,83.501834,63.466667,3.000000
2026-06-24T14:02:55.737333874Z,1000,per_hit,raw_percent_of_host,api-node1,api-node2,5,5,10,10.000000,10.101010,10.000000,20.202020,100.000000,50.000000,0.000000,0.000000,0.000000,0.000000,0.000000,0.000000,50.000000,59.000000,83.666026,66.628093,3.000000
2026-06-24T14:02:56.737333894Z,1000,per_hit,raw_percent_of_host,api-node1,api-node2,4,6,10,14.000000,5.000000,14.000000,10.000000,100.000000,50.000000,0.000000,0.000000,0.000000,0.000000,0.000000,0.000000,50.000000,59.000000,83.666667,69.994119,3.000000
2026-06-24T14:02:57.737335963Z,1000,per_hit,raw_percent_of_host,api-node1,api-node2,7,3,10,10.101010,10.000000,10.101010,20.000000,100.000000,50.000000,1.000000,0.000000,0.000000,0.000000,1.000000,0.000000,50.666667,62.000000,83.664744,83.638882,3.000000
2026-06-24T14:02:58.737334484Z,1000,per_hit,raw_percent_of_host,api-node1,api-node2,5,5,10,4.040404,14.285714,4.040404,28.571429,100.000000,50.000000,0.000000,0.000000,0.000000,0.000000,0.000000,0.000000,52.000000,53.600000,83.116566,83.355549,3.000000
2026-06-24T14:02:59.737335844Z,1000,per_hit,raw_percent_of_host,api-node1,api-node2,5,5,10,14.141414,5.050505,14.141414,10.101010,100.000000,50.000000,0.000000,1.000000,0.000000,0.000000,0.000000,1.000000,50.000000,52.000000,83.665385,83.528838,3.000000
2026-06-24T14:03:00.737335413Z,1000,per_hit,raw_percent_of_host,api-node1,api-node2,4,6,10,9.000000,9.090909,9.000000,18.181818,100.000000,50.000000,1.000000,0.000000,0.000000,0.000000,1.000000,0.000000,50.000000,68.857143,83.666667,82.508291,3.000000
2026-06-24T14:03:01.73733379Z,1000,per_hit,raw_percent_of_host,api-node1,api-node2,4,6,10,7.000000,15.306122,7.000000,30.612245,100.000000,50.000000,0.000000,1.000000,0.000000,0.000000,0.000000,1.000000,56.600000,50.000000,83.664744,79.289175,3.000000
2026-06-24T14:03:02.737334979Z,1000,per_hit,raw_percent_of_host,api-node1,api-node2,7,3,10,16.000000,5.050505,16.000000,10.101010,100.000000,50.000000,0.000000,0.000000,0.000000,0.000000,0.000000,0.000000,50.285714,70.750000,83.666026,53.366667,3.000000
2026-06-24T14:03:03.737333408Z,1000,per_hit,raw_percent_of_host,api-node1,api-node2,7,3,10,14.141414,5.000000,14.141414,10.000000,100.000000,50.000000,0.000000,1.000000,0.000000,0.000000,0.000000,1.000000,52.142857,75.500000,83.197854,83.666026,3.000000
2026-06-24T14:03:04.737335923Z,1000,per_hit,raw_percent_of_host,api-node1,api-node2,5,5,10,14.141414,5.050505,14.141414,10.101010,100.000000,50.000000,0.000000,1.000000,0.000000,0.000000,0.000000,1.000000,50.000000,116.400000,83.666667,69.608519,3.000000
2026-06-24T14:03:05.737340306Z,1000,per_hit,raw_percent_of_host,api-node1,api-node2,8,2,10,15.151515,5.050505,15.151515,10.101010,100.000000,50.000000,1.000000,0.000000,0.000000,0.000000,1.000000,0.000000,50.000000,50.000000,83.554247,83.666026,3.000000
2026-06-24T14:03:06.737339233Z,1000,per_hit,raw_percent_of_host,api-node1,api-node2,3,7,10,10.101010,10.101010,10.101010,20.202020,100.000000,50.000000,0.000000,1.000000,0.000000,0.000000,0.000000,1.000000,50.000000,58.500000,83.665385,83.624978,3.000000
2026-06-24T14:03:07.73733416Z,1000,per_hit,raw_percent_of_host,api-node1,api-node2,7,3,10,9.090909,11.881188,9.090909,23.762376,100.000000,50.000000,0.000000,0.000000,0.000000,0.000000,0.000000,0.000000,50.571429,85.000000,83.666026,69.470837,3.000000
2026-06-24T14:03:08.737335022Z,1000,per_hit,raw_percent_of_host,api-node1,api-node2,5,5,10,14.851485,5.000000,14.851485,10.000000,100.000000,50.000000,0.000000,1.000000,0.000000,0.000000,0.000000,1.000000,50.000000,64.250000,82.584453,82.034272,3.000000
2026-06-24T14:03:09.737334614Z,1000,per_hit,raw_percent_of_host,api-node1,api-node2,4,6,10,5.050505,15.151515,5.050505,30.303030,100.000000,50.000000,1.000000,0.000000,0.000000,0.000000,1.000000,0.000000,50.000000,60.142857,83.666026,66.832052,3.000000
2026-06-24T14:03:10.737333758Z,1000,per_hit,raw_percent_of_host,api-node1,api-node2,7,3,10,14.141414,5.050505,14.141414,10.101010,100.000000,50.000000,0.000000,0.000000,0.000000,0.000000,0.000000,0.000000,51.625000,50.000000,83.664744,66.669141,3.000000
2026-06-24T14:03:11.737335573Z,1000,per_hit,raw_percent_of_host,api-node1,api-node2,7,3,10,15.000000,5.050505,15.000000,10.101010,100.000000,50.000000,0.000000,0.000000,0.000000,0.000000,0.000000,0.000000,50.000000,54.333333,83.666026,82.831626,3.000000
2026-06-24T14:03:12.737334702Z,1000,per_hit,raw_percent_of_host,api-node1,api-node2,4,6,10,15.151515,5.050505,15.151515,10.101010,100.000000,50.000000,0.000000,0.000000,0.000000,0.000000,0.000000,0.000000,50.000000,58.333333,83.666026,83.553606,3.000000
2026-06-24T14:03:13.737334019Z,1000,per_hit,raw_percent_of_host,api-node1,api-node2,2,8,10,1.000000,20.202020,1.000000,40.404040,100.000000,50.000000,0.000000,1.000000,0.000000,0.000000,0.000000,1.000000,50.000000,57.714286,83.664744,80.267987,3.000000
2026-06-24T14:03:14.737334131Z,1000,per_hit,raw_percent_of_host,api-node1,api-node2,6,4,10,10.101010,10.000000,10.101010,20.000000,100.000000,50.000000,0.000000,0.000000,0.000000,0.000000,0.000000,0.000000,50.000000,74.200000,83.666026,53.338882,3.000000
2026-06-24T14:03:15.737334316Z,1000,per_hit,raw_percent_of_host,api-node1,api-node2,7,3,10,10.101010,10.101010,10.101010,20.202020,100.000000,50.000000,1.000000,0.000000,0.000000,0.000000,1.000000,0.000000,50.000000,54.666667,83.501834,83.375558,3.000000
2026-06-24T14:03:16.7373348Z,1000,per_hit,raw_percent_of_host,api-node1,api-node2,4,6,10,9.090909,10.101010,9.090909,20.202020,100.000000,50.000000,0.000000,0.000000,0.000000,0.000000,0.000000,0.000000,50.000000,52.200000,83.666026,83.309240,3.000000
2026-06-24T14:03:17.737334544Z,1000,per_hit,raw_percent_of_host,api-node1,api-node2,5,5,10,11.000000,11.000000,11.000000,22.000000,100.000000,50.000000,0.000000,0.000000,0.000000,0.000000,0.000000,0.000000,50.000000,61.500000,83.664744,82.756187,3.000000
2026-06-24T14:03:18.737333958Z,1000,per_hit,raw_percent_of_host,api-node1,api-node2,4,6,10,10.101010,10.101010,10.101010,20.202020,100.000000,50.000000,0.000000,0.000000,0.000000,0.000000,0.000000,0.000000,50.000000,57.833333,83.666667,81.219528,3.000000
2026-06-24T14:03:19.737335049Z,1000,per_hit,raw_percent_of_host,api-node1,api-node2,5,4,9,10.101010,11.000000,10.101010,22.000000,100.000000,50.000000,0.000000,1.000000,0.000000,0.000000,0.000000,1.000000,50.400000,55.000000,83.572628,83.036962,3.000000
2026-06-24T14:03:20.737333644Z,1000,per_hit,raw_percent_of_host,api-node1,api-node2,5,4,9,5.050505,10.101010,5.050505,20.202020,100.000000,50.000000,0.000000,0.000000,0.000000,0.000000,0.000000,0.000000,50.000000,76.600000,83.665243,67.379536,3.000000
2026-06-24T14:03:21.737334482Z,1000,per_hit,raw_percent_of_host,api-node1,api-node2,4,5,9,0.000000,10.101010,0.000000,20.202020,100.000000,50.000000,1.000000,1.000000,0.000000,0.000000,1.000000,1.000000,50.333333,64.750000,83.574025,83.337145,3.000000
2026-06-24T14:03:22.737333647Z,1000,per_hit,raw_percent_of_host,api-node1,api-node2,6,5,11,12.871287,19.000000,12.871287,38.000000,100.000000,50.000000,1.000000,0.000000,0.000000,0.000000,1.000000,0.000000,50.000000,52.333333,83.441020,80.413141,3.000000
2026-06-24T14:03:23.737334898Z,1000,per_hit,raw_percent_of_host,api-node1,api-node2,7,4,11,14.000000,10.101010,14.000000,20.202020,100.000000,50.000000,0.000000,0.000000,0.000000,0.000000,0.000000,0.000000,50.000000,50.000000,83.221219,62.205108,3.000000
2026-06-24T14:03:24.737335111Z,1000,per_hit,raw_percent_of_host,api-node1,api-node2,6,4,10,20.202020,6.000000,20.202020,12.000000,100.000000,50.000000,0.000000,0.000000,0.000000,0.000000,0.000000,0.000000,50.000000,52.750000,83.624978,82.705328,3.000000
2026-06-24T14:03:25.737335664Z,1000,per_hit,raw_percent_of_host,api-node1,api-node2,3,7,10,0.000000,21.000000,0.000000,42.000000,100.000000,50.000000,0.000000,1.000000,0.000000,0.000000,0.000000,1.000000,50.000000,52.000000,83.249544,80.298078,3.000000
2026-06-24T14:03:26.737334485Z,1000,per_hit,raw_percent_of_host,api-node1,api-node2,7,3,10,16.000000,10.101010,16.000000,20.202020,100.000000,50.000000,1.000000,0.000000,0.000000,0.000000,1.000000,0.000000,50.000000,56.000000,83.665385,63.302475,3.000000
2026-06-24T14:03:27.737334541Z,1000,per_hit,raw_percent_of_host,api-node1,api-node2,4,6,10,14.141414,10.101010,14.141414,20.202020,100.000000,50.000000,0.000000,1.000000,0.000000,0.000000,0.000000,1.000000,50.000000,54.600000,83.664744,83.305972,3.000000
2026-06-24T14:03:28.737335365Z,1000,per_hit,raw_percent_of_host,api-node1,api-node2,2,8,10,5.050505,15.306122,5.050505,30.612245,100.000000,50.000000,0.000000,0.000000,0.000000,0.000000,0.000000,0.000000,50.000000,51.333333,83.666667,69.953712,3.000000
2026-06-24T14:03:29.737335242Z,1000,per_hit,raw_percent_of_host,api-node1,api-node2,8,2,10,19.191919,4.081633,19.191919,8.163265,100.000000,50.000000,0.000000,0.000000,0.000000,0.000000,0.000000,0.000000,50.000000,50.000000,83.665385,62.751616,3.000000
2026-06-24T14:03:30.737334914Z,1000,per_hit,raw_percent_of_host,api-node1,api-node2,7,3,10,15.000000,11.881188,15.000000,23.762376,100.000000,50.000000,1.000000,0.000000,0.000000,0.000000,1.000000,0.000000,50.000000,50.000000,83.254252,83.340316,3.000000
2026-06-24T14:03:31.737334041Z,1000,per_hit,raw_percent_of_host,api-node1,api-node2,3,7,10,5.050505,19.191919,5.050505,38.383838,100.000000,50.000000,0.000000,0.000000,0.000000,0.000000,0.000000,0.000000,50.000000,53.714286,83.666667,78.218752,3.000000
2026-06-24T14:03:32.737334176Z,1000,per_hit,raw_percent_of_host,api-node1,api-node2,4,6,10,5.050505,16.161616,5.050505,32.323232,100.000000,50.000000,0.000000,1.000000,0.000000,0.000000,0.000000,1.000000,50.000000,50.000000,83.666026,59.976856,3.000000
2026-06-24T14:03:33.737336131Z,1000,per_hit,raw_percent_of_host,api-node1,api-node2,5,5,10,14.285714,10.101010,14.285714,20.202020,100.000000,50.000000,0.000000,1.000000,0.000000,0.000000,0.000000,1.000000,50.000000,52.200000,83.666026,62.583222,3.000000
2026-06-24T14:03:34.737335867Z,1000,per_hit,raw_percent_of_host,api-node1,api-node2,7,3,10,15.000000,9.000000,15.000000,18.000000,100.000000,50.000000,0.000000,1.000000,0.000000,0.000000,0.000000,1.000000,50.000000,50.000000,83.325309,83.419738,3.000000
2026-06-24T14:03:35.737333568Z,1000,per_hit,raw_percent_of_host,api-node1,api-node2,6,4,10,9.090909,15.151515,9.090909,30.303030,100.000000,50.000000,1.000000,0.000000,0.000000,0.000000,1.000000,0.000000,50.000000,54.800000,83.665385,79.584950,3.000000
2026-06-24T14:03:36.737333872Z,1000,per_hit,raw_percent_of_host,api-node1,api-node2,4,6,10,9.090909,14.141414,9.090909,28.282828,100.000000,50.000000,0.000000,0.000000,0.000000,0.000000,0.000000,0.000000,50.000000,51.833333,83.665385,63.451283,3.000000
2026-06-24T14:03:37.737333506Z,1000,per_hit,raw_percent_of_host,api-node1,api-node2,5,5,10,11.111111,15.151515,11.111111,30.303030,100.000000,50.000000,1.000000,0.000000,0.000000,0.000000,1.000000,0.000000,50.000000,50.000000,83.665385,70.107698,3.000000
2026-06-24T14:03:38.737333508Z,1000,per_hit,raw_percent_of_host,api-node1,api-node2,6,4,10,15.151515,11.000000,15.151515,22.000000,100.000000,50.000000,0.000000,0.000000,0.000000,0.000000,0.000000,0.000000,50.000000,50.000000,83.543523,63.228317,3.000000
2026-06-24T14:03:39.737334274Z,1000,per_hit,raw_percent_of_host,api-node1,api-node2,6,4,10,15.306122,10.101010,15.306122,20.202020,100.000000,50.000000,1.000000,0.000000,0.000000,0.000000,1.000000,0.000000,50.000000,53.000000,83.666667,81.845351,3.000000
2026-06-24T14:03:40.737338203Z,1000,per_hit,raw_percent_of_host,api-node1,api-node2,6,4,10,10.000000,14.141414,10.000000,28.282828,100.000000,50.000000,1.000000,0.000000,0.000000,0.000000,1.000000,0.000000,50.000000,50.000000,83.542882,83.404354,3.000000
2026-06-24T14:03:41.737334646Z,1000,per_hit,raw_percent_of_host,api-node1,api-node2,5,5,10,14.851485,11.000000,14.851485,22.000000,100.000000,50.000000,1.000000,0.000000,0.000000,0.000000,1.000000,0.000000,50.000000,55.000000,83.665385,83.262655,3.000000
2026-06-24T14:03:42.737333646Z,1000,per_hit,raw_percent_of_host,api-node1,api-node2,5,5,10,10.204082,14.285714,10.204082,28.571429,100.000000,50.000000,0.000000,0.000000,0.000000,0.000000,0.000000,0.000000,50.000000,66.600000,83.666026,82.006846,3.000000
2026-06-24T14:03:43.737333757Z,1000,per_hit,raw_percent_of_host,api-node1,api-node2,2,8,10,9.090909,14.000000,9.090909,28.000000,100.000000,50.000000,0.000000,0.000000,0.000000,0.000000,0.000000,0.000000,50.000000,54.375000,83.666026,73.395621,3.000000
2026-06-24T14:03:44.737333366Z,1000,per_hit,raw_percent_of_host,api-node1,api-node2,4,6,10,10.000000,18.000000,10.000000,36.000000,100.000000,50.000000,0.000000,0.000000,0.000000,0.000000,0.000000,0.000000,50.000000,50.000000,83.666026,80.152641,3.000000
2026-06-24T14:03:45.737333452Z,1000,per_hit,raw_percent_of_host,api-node1,api-node2,7,3,10,19.191919,5.050505,19.191919,10.101010,100.000000,50.000000,0.000000,0.000000,0.000000,0.000000,0.000000,0.000000,50.000000,50.000000,83.664744,63.420515,3.000000
2026-06-24T14:03:46.737333335Z,1000,per_hit,raw_percent_of_host,api-node1,api-node2,8,2,10,24.242424,0.990099,24.242424,1.980198,100.000000,50.000000,1.000000,0.000000,0.000000,0.000000,1.000000,0.000000,50.000000,55.500000,83.384586,83.666026,3.000000
2026-06-24T14:03:47.737334091Z,1000,per_hit,raw_percent_of_host,api-node1,api-node2,6,4,10,15.151515,11.000000,15.151515,22.000000,100.000000,50.000000,0.000000,1.000000,0.000000,0.000000,0.000000,1.000000,50.000000,58.000000,81.858730,83.428317,3.000000
2026-06-24T14:03:48.737338175Z,1000,per_hit,raw_percent_of_host,api-node1,api-node2,2,8,10,10.000000,15.000000,10.000000,30.000000,100.000000,50.000000,0.000000,1.000000,0.000000,0.000000,0.000000,1.000000,50.000000,53.875000,83.666026,68.769899,3.000000
2026-06-24T14:03:49.737333776Z,1000,per_hit,raw_percent_of_host,api-node1,api-node2,7,3,10,11.111111,15.151515,11.111111,30.303030,100.000000,50.000000,0.000000,0.000000,0.000000,0.000000,0.000000,0.000000,50.000000,50.000000,83.325949,60.100000,3.000000
2026-06-24T14:03:50.737333563Z,1000,per_hit,raw_percent_of_host,api-node1,api-node2,6,3,9,9.090909,14.141414,9.090909,28.282828,100.000000,50.000000,0.000000,0.000000,0.000000,0.000000,0.000000,0.000000,50.000000,50.000000,83.276168,61.222222,3.000000
2026-06-24T14:03:51.737334755Z,1000,per_hit,raw_percent_of_host,api-node1,api-node2,6,5,11,10.101010,14.141414,10.101010,28.282828,100.000000,50.000000,0.000000,1.000000,0.000000,0.000000,0.000000,1.000000,51.666667,55.750000,83.414505,83.554785,3.000000
2026-06-24T14:03:52.737334434Z,1000,per_hit,raw_percent_of_host,api-node1,api-node2,7,2,9,15.151515,11.000000,15.151515,22.000000,100.000000,50.000000,0.000000,0.000000,0.000000,0.000000,0.000000,0.000000,50.000000,50.000000,83.529128,83.563396,3.000000
2026-06-24T14:03:53.737334488Z,1000,per_hit,raw_percent_of_host,api-node1,api-node2,5,6,11,10.101010,14.141414,10.101010,28.282828,100.000000,50.000000,0.000000,1.000000,0.000000,0.000000,0.000000,1.000000,50.000000,56.400000,83.665502,82.023959,3.000000
2026-06-24T14:03:54.737334158Z,1000,per_hit,raw_percent_of_host,api-node1,api-node2,4,6,10,11.000000,15.151515,11.000000,30.303030,100.000000,50.000000,0.000000,0.000000,0.000000,0.000000,0.000000,0.000000,50.000000,60.285714,83.666667,73.458981,3.000000
2026-06-24T14:03:55.737334691Z,1000,per_hit,raw_percent_of_host,api-node1,api-node2,7,3,10,20.408163,6.000000,20.408163,12.000000,100.000000,50.000000,0.000000,0.000000,0.000000,0.000000,0.000000,0.000000,50.000000,50.000000,83.664744,60.100000,3.000000
2026-06-24T14:03:56.737334352Z,1000,per_hit,raw_percent_of_host,api-node1,api-node2,4,6,10,10.891089,15.000000,10.891089,30.000000,100.000000,50.000000,0.000000,0.000000,0.000000,0.000000,0.000000,0.000000,50.000000,54.500000,83.267412,83.541600,3.000000
2026-06-24T14:03:57.737333517Z,1000,per_hit,raw_percent_of_host,api-node1,api-node2,5,5,10,14.141414,10.101010,14.141414,20.202020,100.000000,50.000000,0.000000,0.000000,0.000000,0.000000,0.000000,0.000000,50.000000,52.200000,83.665385,60.016646,3.000000
2026-06-24T14:03:58.737343144Z,1000,per_hit,raw_percent_of_host,api-node1,api-node2,5,5,10,15.151515,10.101010,15.151515,20.202020,100.000000,50.000000,0.000000,0.000000,0.000000,0.000000,0.000000,0.000000,50.000000,55.800000,83.666026,83.256186,3.000000
2026-06-24T14:03:59.737334507Z,1000,per_hit,raw_percent_of_host,api-node1,api-node2,6,4,10,19.191919,5.000000,19.191919,10.000000,100.000000,50.000000,0.000000,0.000000,0.000000,0.000000,0.000000,0.000000,50.000000,52.750000,83.664744,82.568631,3.000000
2026-06-24T14:04:00.737333916Z,1000,per_hit,raw_percent_of_host,api-node1,api-node2,4,6,10,5.050505,18.811881,5.050505,37.623762,100.000000,50.000000,0.000000,0.000000,0.000000,0.000000,0.000000,0.000000,62.250000,56.166667,83.438954,83.663124,3.000000
2026-06-24T14:04:01.737335909Z,1000,per_hit,raw_percent_of_host,api-node1,api-node2,3,7,10,6.060606,18.000000,6.060606,36.000000,100.000000,50.000000,0.000000,0.000000,0.000000,0.000000,0.000000,0.000000,50.000000,53.857143,83.665385,59.325467,3.000000
2026-06-24T14:04:02.737333596Z,1000,per_hit,raw_percent_of_host,api-node1,api-node2,7,3,10,14.285714,10.101010,14.285714,20.202020,100.000000,50.000000,0.000000,0.000000,0.000000,0.000000,0.000000,0.000000,50.000000,50.000000,83.253611,60.100000,3.000000
2026-06-24T14:04:03.737334345Z,1000,per_hit,raw_percent_of_host,api-node1,api-node2,6,4,10,19.000000,5.050505,19.000000,10.101010,100.000000,50.000000,0.000000,0.000000,0.000000,0.000000,0.000000,0.000000,50.000000,50.000000,83.664104,83.379330,3.000000
2026-06-24T14:04:04.737335965Z,1000,per_hit,raw_percent_of_host,api-node1,api-node2,4,6,10,10.101010,14.141414,10.101010,28.282828,100.000000,50.000000,0.000000,0.000000,0.000000,0.000000,0.000000,0.000000,50.000000,53.000000,83.665385,83.542241,3.000000
2026-06-24T14:04:05.737335582Z,1000,per_hit,raw_percent_of_host,api-node1,api-node2,8,2,10,24.242424,0.000000,24.242424,0.000000,100.000000,50.000000,0.000000,0.000000,0.000000,0.000000,0.000000,0.000000,50.125000,55.500000,83.665385,83.558981,3.000000
2026-06-24T14:04:06.737334753Z,1000,per_hit,raw_percent_of_host,api-node1,api-node2,5,5,10,15.151515,10.000000,15.151515,20.000000,100.000000,50.000000,0.000000,0.000000,0.000000,0.000000,0.000000,0.000000,50.000000,79.800000,81.700435,82.833503,3.000000
2026-06-24T14:04:07.737334826Z,1000,per_hit,raw_percent_of_host,api-node1,api-node2,4,6,10,16.000000,9.090909,16.000000,18.181818,100.000000,50.000000,0.000000,0.000000,0.000000,0.000000,0.000000,0.000000,50.000000,55.666667,83.666026,83.115344,3.000000
2026-06-24T14:04:08.737333462Z,1000,per_hit,raw_percent_of_host,api-node1,api-node2,5,5,10,15.151515,8.888889,15.151515,17.777778,100.000000,50.000000,0.000000,0.000000,0.000000,0.000000,0.000000,0.000000,50.000000,78.600000,83.664744,82.641272,3.000000
2026-06-24T14:04:09.737335033Z,1000,per_hit,raw_percent_of_host,api-node1,api-node2,6,4,10,16.000000,10.101010,16.000000,20.202020,100.000000,50.000000,0.000000,0.000000,0.000000,0.000000,0.000000,0.000000,52.833333,56.000000,83.663462,83.542882,3.000000
2026-06-24T14:04:10.737334611Z,1000,per_hit,raw_percent_of_host,api-node1,api-node2,6,4,10,9.000000,10.101010,9.000000,20.202020,100.000000,50.000000,0.000000,0.000000,0.000000,0.000000,0.000000,0.000000,53.166667,55.500000,83.663462,82.754011,3.000000
2026-06-24T14:04:11.737334886Z,1000,per_hit,raw_percent_of_host,api-node1,api-node2,2,7,9,1.010101,16.853933,1.010101,33.707865,100.000000,50.000000,0.000000,0.000000,0.000000,0.000000,0.000000,0.000000,50.000000,67.000000,83.665243,83.082910,3.000000
2026-06-24T14:04:12.737334664Z,1000,per_hit,raw_percent_of_host,api-node1,api-node2,4,6,10,15.000000,11.235955,15.000000,22.471910,100.000000,50.000000,0.000000,0.000000,0.000000,0.000000,0.000000,0.000000,50.000000,58.833333,83.664744,66.575373,3.000000
2026-06-24T14:04:13.737334104Z,1000,per_hit,raw_percent_of_host,api-node1,api-node2,4,7,11,12.000000,10.101010,12.000000,20.202020,100.000000,50.000000,0.000000,0.000000,0.000000,0.000000,0.000000,0.000000,50.000000,57.857143,83.665502,69.709422,3.000000
2026-06-24T14:04:14.737333686Z,1000,per_hit,raw_percent_of_host,api-node1,api-node2,6,4,10,16.000000,5.050505,16.000000,10.101010,100.000000,50.000000,0.000000,0.000000,0.000000,0.000000,0.000000,0.000000,50.000000,50.000000,83.664744,73.320378,3.000000
2026-06-24T14:04:15.737334163Z,1000,per_hit,raw_percent_of_host,api-node1,api-node2,6,4,10,21.000000,0.000000,21.000000,0.000000,100.000000,50.000000,0.000000,0.000000,0.000000,0.000000,0.000000,0.000000,50.000000,55.500000,83.551385,73.566026,3.000000
2026-06-24T14:04:16.737335126Z,1000,per_hit,raw_percent_of_host,api-node1,api-node2,5,5,10,10.101010,10.101010,10.101010,20.202020,100.000000,50.000000,0.000000,0.000000,0.000000,0.000000,0.000000,0.000000,50.000000,54.800000,82.873155,83.542241,3.000000
2026-06-24T14:04:17.73733532Z,1000,per_hit,raw_percent_of_host,api-node1,api-node2,6,4,10,14.141414,5.050505,14.141414,10.101010,100.000000,50.000000,0.000000,0.000000,0.000000,0.000000,0.000000,0.000000,50.000000,52.000000,83.666026,83.297234,3.000000
2026-06-24T14:04:18.737333716Z,1000,per_hit,raw_percent_of_host,api-node1,api-node2,4,6,10,5.050505,15.000000,5.050505,30.000000,100.000000,50.000000,0.000000,0.000000,0.000000,0.000000,0.000000,0.000000,50.000000,53.333333,83.664744,80.065914,3.000000
2026-06-24T14:04:19.73733402Z,1000,per_hit,raw_percent_of_host,api-node1,api-node2,6,4,10,10.891089,11.000000,10.891089,22.000000,100.000000,50.000000,0.000000,0.000000,0.000000,0.000000,0.000000,0.000000,51.000000,50.000000,82.906074,59.779554,3.000000
2026-06-24T14:04:20.737334022Z,1000,per_hit,raw_percent_of_host,api-node1,api-node2,5,5,10,9.090909,10.101010,9.090909,20.202020,100.000000,50.000000,0.000000,0.000000,0.000000,0.000000,0.000000,0.000000,50.000000,51.600000,83.188685,81.957168,3.000000
2026-06-24T14:04:21.73733351Z,1000,per_hit,raw_percent_of_host,api-node1,api-node2,5,5,10,14.000000,5.000000,14.000000,10.000000,100.000000,50.000000,0.000000,0.000000,0.000000,0.000000,0.000000,0.000000,50.000000,56.400000,83.666026,76.645997,3.000000
2026-06-24T14:04:22.73733425Z,1000,per_hit,raw_percent_of_host,api-node1,api-node2,5,5,10,19.387755,0.000000,19.387755,0.000000,100.000000,50.000000,0.000000,0.000000,0.000000,0.000000,0.000000,0.000000,50.000000,71.200000,83.663431,82.336349,3.000000
2026-06-24T14:04:23.737335264Z,1000,per_hit,raw_percent_of_host,api-node1,api-node2,6,4,10,9.090909,11.000000,9.090909,22.000000,100.000000,50.000000,0.000000,0.000000,0.000000,0.000000,0.000000,0.000000,51.166667,50.000000,83.506918,82.366113,3.000000
2026-06-24T14:04:24.737333471Z,1000,per_hit,raw_percent_of_host,api-node1,api-node2,4,6,10,0.000000,19.191919,0.000000,38.383838,100.000000,50.000000,0.000000,0.000000,0.000000,0.000000,0.000000,0.000000,50.000000,61.666667,83.666667,78.091083,3.000000
2026-06-24T14:04:25.737334119Z,1000,per_hit,raw_percent_of_host,api-node1,api-node2,4,6,10,6.000000,16.831683,6.000000,33.663366,100.000000,50.000000,0.000000,0.000000,0.000000,0.000000,0.000000,0.000000,50.000000,61.500000,83.391937,56.639632,3.000000
2026-06-24T14:04:26.737338579Z,1000,per_hit,raw_percent_of_host,api-node1,api-node2,6,4,10,8.080808,9.090909,8.080808,18.181818,100.000000,50.000000,0.000000,0.000000,0.000000,0.000000,0.000000,0.000000,50.000000,50.000000,83.664744,53.366667,3.000000
2026-06-24T14:04:27.737334099Z,1000,per_hit,raw_percent_of_host,api-node1,api-node2,6,4,10,10.101010,10.891089,10.101010,21.782178,100.000000,50.000000,0.000000,0.000000,0.000000,0.000000,0.000000,0.000000,50.000000,52.250000,83.280829,83.456304,3.000000
2026-06-24T14:04:28.737334937Z,1000,per_hit,raw_percent_of_host,api-node1,api-node2,7,3,10,16.000000,5.050505,16.000000,10.101010,100.000000,50.000000,0.000000,0.000000,0.000000,0.000000,0.000000,0.000000,50.000000,52.333333,83.666026,81.667122,3.000000
2026-06-24T14:04:29.737333999Z,1000,per_hit,raw_percent_of_host,api-node1,api-node2,6,4,10,10.000000,11.000000,10.000000,22.000000,100.000000,50.000000,0.000000,0.000000,0.000000,0.000000,0.000000,0.000000,53.000000,50.000000,82.905433,83.428317,3.000000
2026-06-24T14:04:30.737334624Z,1000,per_hit,raw_percent_of_host,api-node1,api-node2,1,9,10,5.050505,14.141414,5.050505,28.282828,100.000000,50.000000,0.000000,0.000000,0.000000,0.000000,0.000000,0.000000,50.000000,62.888889,83.666667,75.249499,3.000000
2026-06-24T14:04:31.737333989Z,1000,per_hit,raw_percent_of_host,api-node1,api-node2,6,8,14,12.000000,21.000000,12.000000,42.000000,100.000000,50.000000,0.000000,0.000000,0.000000,0.000000,0.000000,0.000000,52.500000,53.000000,83.661657,66.756415,3.000000
2026-06-24T14:04:32.737336458Z,1000,per_hit,raw_percent_of_host,api-node1,api-node2,12,8,20,16.161616,18.181818,16.161616,36.363636,100.000000,50.000000,0.000000,0.000000,0.000000,0.000000,0.000000,0.000000,70.333333,91.625000,81.916089,70.191190,3.000000
2026-06-24T14:04:33.737335087Z,1000,per_hit,raw_percent_of_host,api-node1,api-node2,12,13,25,22.000000,22.018349,22.000000,44.036697,100.000000,50.000000,0.000000,0.000000,0.000000,0.000000,0.000000,0.000000,92.166667,101.230769,82.584435,72.704399,3.000000
2026-06-24T14:04:34.737333951Z,1000,per_hit,raw_percent_of_host,api-node1,api-node2,17,14,31,28.000000,18.181818,28.000000,36.363636,100.000000,50.000000,0.000000,0.000000,0.000000,0.000000,0.000000,0.000000,70.588235,153.571429,82.621847,72.752733,3.000000
2026-06-24T14:04:35.73733372Z,1000,per_hit,raw_percent_of_host,api-node1,api-node2,21,16,37,30.555556,18.348624,30.555556,36.697248,100.000000,50.000000,0.000000,0.000000,0.000000,0.000000,0.000000,0.000000,146.761905,130.187500,82.217049,48.387571,3.000000
2026-06-24T14:04:36.73733519Z,1000,per_hit,raw_percent_of_host,api-node1,api-node2,28,14,42,31.481481,19.266055,31.481481,38.532110,100.000000,50.000000,0.000000,1.000000,0.000000,0.000000,0.000000,1.000000,176.750000,150.615385,75.465200,49.896183,3.000000
2026-06-24T14:04:37.737333917Z,1000,per_hit,raw_percent_of_host,api-node1,api-node2,35,13,48,32.110092,18.518519,32.110092,37.037037,100.000000,50.000000,1.000000,0.000000,0.000000,0.000000,1.000000,0.000000,180.911765,132.071429,77.373579,49.634057,3.000000
2026-06-24T14:04:38.737334152Z,1000,per_hit,raw_percent_of_host,api-node1,api-node2,25,29,54,33.944954,13.761468,33.944954,27.522936,100.000000,50.000000,0.000000,15.000000,0.000000,0.000000,0.000000,15.000000,140.500000,133.357143,49.606665,76.371836,3.000000
2026-06-24T14:04:39.737333965Z,1000,per_hit,raw_percent_of_host,api-node1,api-node2,33,26,59,29.629630,20.202020,29.629630,40.404040,100.000000,50.000000,0.000000,8.000000,0.000000,0.000000,0.000000,8.000000,225.696970,358.393939,78.636909,49.917113,3.000000
2026-06-24T14:04:40.737336767Z,1000,per_hit,raw_percent_of_host,api-node1,api-node2,38,26,64,39.495798,14.000000,39.495798,28.000000,100.000000,50.000000,6.000000,9.000000,0.000000,0.000000,6.000000,9.000000,210.781250,274.120000,78.056700,48.922235,3.000000
2026-06-24T14:04:41.737334032Z,1000,per_hit,raw_percent_of_host,api-node1,api-node2,31,41,72,29.357798,23.333333,29.357798,46.666667,100.000000,50.000000,1.000000,35.000000,0.000000,0.000000,1.000000,35.000000,218.083333,320.866667,49.438561,50.000000,3.000000
2026-06-24T14:04:42.737333974Z,1000,per_hit,raw_percent_of_host,api-node1,api-node2,40,37,77,31.481481,25.742574,31.481481,51.485149,100.000000,50.000000,30.000000,32.000000,0.000000,0.000000,30.000000,32.000000,116.363636,544.200000,49.690666,48.200968,3.000000
2026-06-24T14:04:43.737333989Z,1000,per_hit,raw_percent_of_host,api-node1,api-node2,59,23,82,35.869565,26.000000,35.869565,52.000000,100.000000,50.000000,49.000000,18.000000,0.000000,0.000000,49.000000,18.000000,281.550000,587.000000,49.365854,26.888815,3.000000
2026-06-24T14:04:44.737334389Z,1000,per_hit,raw_percent_of_host,api-node1,api-node2,30,58,88,50.505051,22.222222,50.505051,44.444444,100.000000,50.000000,3.000000,50.000000,0.000000,0.000000,3.000000,50.000000,484.460526,298.230769,30.158045,49.343844,3.000000
2026-06-24T14:04:45.737335168Z,1000,per_hit,raw_percent_of_host,api-node1,api-node2,58,31,89,34.444444,25.742574,34.444444,51.485149,100.000000,50.000000,52.000000,32.000000,0.000000,0.000000,52.000000,32.000000,209.333333,781.653061,49.011551,22.218505,3.000000
2026-06-24T14:04:46.737335083Z,1000,per_hit,raw_percent_of_host,api-node1,api-node2,52,47,99,50.000000,25.742574,50.000000,51.485149,100.000000,50.000000,36.000000,35.000000,0.000000,0.000000,36.000000,35.000000,412.970588,605.454545,49.821107,47.383582,3.000000
2026-06-24T14:04:47.73733551Z,1000,per_hit,raw_percent_of_host,api-node1,api-node2,54,51,105,32.000000,25.742574,32.000000,51.485149,100.000000,50.000000,45.000000,41.000000,0.000000,0.000000,45.000000,41.000000,339.177778,537.377778,48.506751,44.311556,3.000000
2026-06-24T14:04:48.737334355Z,1000,per_hit,raw_percent_of_host,api-node1,api-node2,70,41,111,52.173913,25.000000,52.173913,50.000000,100.000000,50.000000,63.000000,33.000000,0.000000,0.000000,63.000000,33.000000,422.250000,803.020408,49.182623,31.934060,3.000000
2026-06-24T14:04:49.737335251Z,1000,per_hit,raw_percent_of_host,api-node1,api-node2,53,63,116,50.505051,26.000000,50.505051,52.000000,100.000000,50.000000,33.000000,60.000000,0.000000,0.000000,33.000000,60.000000,578.132530,576.527778,38.741034,42.215241,3.000000
2026-06-24T14:04:50.737334646Z,1000,per_hit,raw_percent_of_host,api-node1,api-node2,36,24,60,50.505051,30.392157,50.505051,60.784314,100.000000,50.000000,21.000000,18.000000,0.000000,0.000000,21.000000,18.000000,265.041667,1146.590909,48.796638,35.949089,3.000000
2026-06-24T14:04:51.737334149Z,1000,per_hit,raw_percent_of_host,api-node1,api-node2,43,41,84,50.000000,26.732673,50.000000,53.465347,100.000000,50.000000,2.000000,28.000000,0.000000,0.000000,2.000000,28.000000,200.016129,504.290323,49.652287,36.542104,3.000000
2026-06-24T14:04:52.73733432Z,1000,per_hit,raw_percent_of_host,api-node1,api-node2,84,82,166,51.000000,26.000000,51.000000,52.000000,100.000000,50.000000,21.000000,64.000000,0.000000,0.000000,21.000000,64.000000,279.953846,676.282609,47.925886,35.577932,3.000000
2026-06-24T14:04:53.73733481Z,1000,per_hit,raw_percent_of_host,api-node1,api-node2,81,27,108,52.475248,25.252525,52.475248,50.505051,100.000000,50.000000,52.000000,48.000000,0.000000,0.000000,52.000000,48.000000,230.440000,1256.720930,48.639237,20.967909,3.000000
2026-06-24T14:04:54.737338699Z,1000,per_hit,raw_percent_of_host,api-node1,api-node2,73,58,131,51.000000,26.000000,51.000000,52.000000,100.000000,50.000000,33.000000,40.000000,0.000000,0.000000,33.000000,40.000000,412.532609,1000.681818,41.213399,29.173781,3.000000
2026-06-24T14:04:55.737334784Z,1000,per_hit,raw_percent_of_host,api-node1,api-node2,94,44,138,50.000000,26.470588,50.000000,52.941176,100.000000,50.000000,48.000000,58.000000,0.000000,0.000000,48.000000,58.000000,298.670886,716.846154,46.511239,26.895869,3.000000
2026-06-24T14:04:56.737334306Z,1000,per_hit,raw_percent_of_host,api-node1,api-node2,106,47,153,50.495050,25.742574,50.495050,51.485149,100.000000,50.000000,67.000000,42.000000,0.000000,0.000000,67.000000,42.000000,531.747126,1260.650794,46.119193,23.098973,3.000000
2026-06-24T14:04:57.737339433Z,1000,per_hit,raw_percent_of_host,api-node1,api-node2,52,70,122,52.884615,25.252525,52.884615,50.505051,100.000000,50.000000,33.000000,57.000000,0.000000,0.000000,33.000000,57.000000,656.500000,736.309091,29.000854,33.609965,3.000000
2026-06-24T14:04:58.737334075Z,1000,per_hit,raw_percent_of_host,api-node1,api-node2,99,42,141,51.000000,26.732673,51.000000,53.465347,100.000000,50.000000,63.000000,62.000000,0.000000,0.000000,63.000000,62.000000,236.797101,1073.729730,48.339524,22.607515,3.000000
2026-06-24T14:04:59.737334055Z,1000,per_hit,raw_percent_of_host,api-node1,api-node2,81,50,131,48.958333,25.000000,48.958333,50.000000,100.000000,50.000000,57.000000,52.000000,0.000000,0.000000,57.000000,52.000000,751.068966,1561.266667,31.252736,20.891713,3.000000
2026-06-24T14:05:00.73733438Z,1000,per_hit,raw_percent_of_host,api-node1,api-node2,85,69,154,50.000000,27.000000,50.000000,54.000000,100.000000,50.000000,49.000000,93.000000,0.000000,0.000000,49.000000,93.000000,728.688172,942.285714,30.074329,26.261157,3.000000
2026-06-24T14:05:01.737334889Z,1000,per_hit,raw_percent_of_host,api-node1,api-node2,77,52,129,51.485149,27.000000,51.485149,54.000000,100.000000,50.000000,30.000000,102.000000,0.000000,0.000000,30.000000,102.000000,598.395833,1322.418605,37.657551,21.165310,3.000000
2026-06-24T14:05:02.737334299Z,1000,per_hit,raw_percent_of_host,api-node1,api-node2,68,45,113,71.134021,0.000000,71.134021,0.000000,100.000000,50.000000,15.000000,106.000000,0.000000,0.000000,15.000000,106.000000,291.855422,1915.048780,45.988123,26.132437,3.000000
2026-06-24T14:05:03.737334192Z,1000,per_hit,raw_percent_of_host,api-node1,api-node2,74,55,129,85.000000,0.000000,85.000000,0.000000,100.000000,50.000000,8.000000,106.000000,0.000000,0.000000,8.000000,106.000000,194.728395,2105.000000,49.166699,33.444881,3.000000
2026-06-24T14:05:04.737335404Z,1000,per_hit,raw_percent_of_host,api-node1,api-node2,66,48,114,77.678571,26.000000,77.678571,52.000000,100.000000,50.000000,13.000000,104.000000,0.000000,0.000000,13.000000,104.000000,179.196721,1978.000000,49.000518,27.641725,3.000000
2026-06-24T14:05:05.737334052Z,1000,per_hit,raw_percent_of_host,api-node1,api-node2,91,52,143,49.411765,26.000000,49.411765,52.000000,100.000000,50.000000,19.000000,88.000000,0.000000,0.000000,19.000000,88.000000,285.458824,1847.294118,44.336357,22.434181,3.000000
2026-06-24T14:05:06.737334433Z,1000,per_hit,raw_percent_of_host,api-node1,api-node2,103,37,140,51.485149,26.000000,51.485149,52.000000,100.000000,50.000000,43.000000,77.000000,0.000000,0.000000,43.000000,77.000000,213.582278,2095.666667,48.720772,21.458057,3.000000
2026-06-24T14:05:07.737344067Z,1000,per_hit,raw_percent_of_host,api-node1,api-node2,94,57,151,51.000000,26.000000,51.000000,52.000000,100.000000,50.000000,57.000000,84.000000,0.000000,0.000000,57.000000,84.000000,425.050000,2057.480000,39.210774,22.350670,3.000000
2026-06-24T14:05:08.737334594Z,1000,per_hit,raw_percent_of_host,api-node1,api-node2,87,57,144,51.000000,26.000000,51.000000,52.000000,100.000000,50.000000,61.000000,90.000000,0.000000,0.000000,61.000000,90.000000,503.373494,1682.686275,39.974357,25.580720,3.000000
2026-06-24T14:05:09.737334359Z,1000,per_hit,raw_percent_of_host,api-node1,api-node2,79,47,126,52.000000,26.000000,52.000000,52.000000,100.000000,50.000000,54.000000,96.000000,0.000000,0.000000,54.000000,96.000000,684.244186,1411.048780,32.234703,21.884290,3.000000
2026-06-24T14:05:10.737334096Z,1000,per_hit,raw_percent_of_host,api-node1,api-node2,72,51,123,50.980392,26.000000,50.980392,52.000000,100.000000,50.000000,41.000000,106.000000,0.000000,0.000000,41.000000,106.000000,563.882353,1790.268293,36.342122,22.055942,3.000000
2026-06-24T14:05:11.737333966Z,1000,per_hit,raw_percent_of_host,api-node1,api-node2,74,35,109,49.350649,25.742574,49.350649,51.485149,100.000000,50.000000,33.000000,106.000000,0.000000,0.000000,33.000000,106.000000,275.426829,2298.542857,47.882359,23.941145,3.000000
2026-06-24T14:05:12.737334013Z,1000,per_hit,raw_percent_of_host,api-node1,api-node2,52,27,79,51.000000,25.000000,51.000000,50.000000,100.000000,50.000000,22.000000,58.000000,0.000000,0.000000,22.000000,58.000000,284.206349,2567.213333,46.468039,22.658445,3.000000
2026-06-24T14:05:13.737334259Z,1000,per_hit,raw_percent_of_host,api-node1,api-node2,110,56,166,50.980392,26.000000,50.980392,52.000000,100.000000,50.000000,62.000000,63.000000,0.000000,0.000000,62.000000,63.000000,566.285714,1397.882353,38.426381,23.787152,3.000000
2026-06-24T14:05:14.737334902Z,1000,per_hit,raw_percent_of_host,api-node1,api-node2,61,59,120,50.980392,26.000000,50.980392,52.000000,100.000000,50.000000,47.000000,92.000000,0.000000,0.000000,47.000000,92.000000,1015.644737,1212.600000,20.978970,20.819816,3.000000
2026-06-24T14:05:15.737333462Z,1000,per_hit,raw_percent_of_host,api-node1,api-node2,56,38,94,47.872340,25.252525,47.872340,50.505051,100.000000,50.000000,8.000000,66.000000,0.000000,0.000000,8.000000,66.000000,665.747368,1977.468750,27.921733,22.165386,3.000000
2026-06-24T14:05:16.73733491Z,1000,per_hit,raw_percent_of_host,api-node1,api-node2,93,66,159,40.366972,25.252525,40.366972,50.505051,100.000000,50.000000,23.000000,120.000000,0.000000,0.000000,23.000000,120.000000,611.102564,1715.166667,42.022570,21.520254,3.000000
2026-06-24T14:05:17.737333709Z,1000,per_hit,raw_percent_of_host,api-node1,api-node2,93,45,138,50.495050,25.252525,50.495050,50.505051,100.000000,50.000000,48.000000,87.000000,0.000000,0.000000,48.000000,87.000000,403.382353,2337.576923,39.711536,21.978256,3.000000
2026-06-24T14:05:18.737334303Z,1000,per_hit,raw_percent_of_host,api-node1,api-node2,71,31,102,51.515152,26.000000,51.515152,52.000000,100.000000,50.000000,38.000000,70.000000,0.000000,0.000000,38.000000,70.000000,500.790123,2239.125000,46.653847,22.330760,3.000000
2026-06-24T14:05:19.7373341Z,1000,per_hit,raw_percent_of_host,api-node1,api-node2,87,45,132,52.000000,25.742574,52.000000,51.485149,100.000000,50.000000,31.000000,88.000000,0.000000,0.000000,31.000000,88.000000,705.755319,1484.925926,41.868065,22.142706,3.000000
2026-06-24T14:05:20.737333881Z,1000,per_hit,raw_percent_of_host,api-node1,api-node2,87,75,162,53.543307,26.470588,53.543307,52.941176,100.000000,50.000000,97.000000,79.000000,0.000000,0.000000,97.000000,79.000000,355.857143,1434.916667,33.024108,35.210236,3.000000
2026-06-24T14:05:21.737334087Z,1000,per_hit,raw_percent_of_host,api-node1,api-node2,91,52,143,51.485149,16.666667,51.485149,33.333333,100.000000,50.000000,32.000000,89.000000,0.000000,0.000000,32.000000,89.000000,704.352564,1285.714286,39.980780,21.823437,3.000000
2026-06-24T14:05:22.737334102Z,1000,per_hit,raw_percent_of_host,api-node1,api-node2,70,39,109,50.505051,16.666667,50.505051,33.333333,100.000000,50.000000,13.000000,54.000000,0.000000,0.000000,13.000000,54.000000,283.269663,1952.121622,46.715067,24.057165,3.000000
2026-06-24T14:05:23.737333672Z,1000,per_hit,raw_percent_of_host,api-node1,api-node2,98,50,148,54.263566,16.666667,54.263566,33.333333,100.000000,50.000000,20.000000,104.000000,0.000000,0.000000,20.000000,104.000000,408.098901,0.000000,47.435031,22.996236,3.000000
2026-06-24T14:05:24.73733838Z,1000,per_hit,raw_percent_of_host,api-node1,api-node2,132,58,190,51.000000,22.077922,51.000000,44.155844,100.000000,50.000000,88.000000,43.000000,0.000000,0.000000,88.000000,43.000000,257.953125,1713.336134,48.008422,25.062806,3.000000
2026-06-24T14:05:25.737333754Z,1000,per_hit,raw_percent_of_host,api-node1,api-node2,53,73,126,50.505051,26.262626,50.505051,52.525253,100.000000,50.000000,73.000000,105.000000,0.000000,0.000000,73.000000,105.000000,684.220588,691.272727,28.069260,28.975687,3.000000
2026-06-24T14:05:26.737334097Z,1000,per_hit,raw_percent_of_host,api-node1,api-node2,67,34,101,51.485149,26.262626,51.485149,52.525253,100.000000,50.000000,11.000000,112.000000,0.000000,0.000000,11.000000,112.000000,546.333333,1494.444444,42.679831,23.567786,3.000000
2026-06-24T14:05:27.737334246Z,1000,per_hit,raw_percent_of_host,api-node1,api-node2,66,40,106,53.773585,27.450980,53.773585,54.901961,100.000000,50.000000,11.000000,114.000000,0.000000,0.000000,11.000000,114.000000,172.378788,1870.000000,48.156842,23.431397,3.000000
2026-06-24T14:05:28.737335337Z,1000,per_hit,raw_percent_of_host,api-node1,api-node2,93,87,180,50.505051,26.000000,50.505051,52.000000,100.000000,50.000000,48.000000,84.000000,0.000000,0.000000,48.000000,84.000000,149.857143,2261.948718,49.943939,36.926290,3.000000
2026-06-24T14:05:29.737336259Z,1000,per_hit,raw_percent_of_host,api-node1,api-node2,73,30,103,49.484536,26.000000,49.484536,52.000000,100.000000,50.000000,48.000000,106.000000,0.000000,0.000000,48.000000,106.000000,432.452055,944.500000,47.198356,31.131633,3.000000
2026-06-24T14:05:30.737335239Z,1000,per_hit,raw_percent_of_host,api-node1,api-node2,93,24,117,53.191489,26.000000,53.191489,52.000000,100.000000,50.000000,66.000000,87.000000,0.000000,0.000000,66.000000,87.000000,372.280000,1642.581395,47.300028,21.857181,3.000000
2026-06-24T14:05:31.737334641Z,1000,per_hit,raw_percent_of_host,api-node1,api-node2,107,71,178,50.000000,25.742574,50.000000,51.485149,100.000000,50.000000,79.000000,68.000000,0.000000,0.000000,79.000000,68.000000,546.351064,1761.177778,33.232449,21.715265,3.000000
2026-06-24T14:05:32.737334147Z,1000,per_hit,raw_percent_of_host,api-node1,api-node2,78,44,122,50.505051,26.000000,50.505051,52.000000,100.000000,50.000000,89.000000,83.000000,0.000000,0.000000,89.000000,83.000000,577.602941,1166.413793,38.616373,21.809702,3.000000
2026-06-24T14:05:33.737333855Z,1000,per_hit,raw_percent_of_host,api-node1,api-node2,60,45,105,50.000000,26.000000,50.000000,52.000000,100.000000,50.000000,40.000000,117.000000,0.000000,0.000000,40.000000,117.000000,925.009174,1606.000000,37.028962,22.266733,3.000000
2026-06-24T14:05:34.737335542Z,1000,per_hit,raw_percent_of_host,api-node1,api-node2,79,64,143,51.960784,26.000000,51.960784,52.000000,100.000000,50.000000,26.000000,98.000000,0.000000,0.000000,26.000000,98.000000,311.645161,1941.722892,39.272837,26.330850,3.000000
2026-06-24T14:05:35.737338985Z,1000,per_hit,raw_percent_of_host,api-node1,api-node2,57,33,90,51.960784,26.000000,51.960784,52.000000,100.000000,50.000000,7.000000,100.000000,0.000000,0.000000,7.000000,100.000000,228.065789,1957.838710,48.103175,22.995638,3.000000
2026-06-24T14:05:36.737334568Z,1000,per_hit,raw_percent_of_host,api-node1,api-node2,68,21,89,52.427184,26.000000,52.427184,52.000000,100.000000,50.000000,3.000000,113.000000,0.000000,0.000000,3.000000,113.000000,298.875000,2102.625000,46.830311,23.012669,3.000000
2026-06-24T14:05:37.737334587Z,1000,per_hit,raw_percent_of_host,api-node1,api-node2,81,92,173,50.980392,0.000000,50.980392,0.000000,100.000000,50.000000,12.000000,98.000000,0.000000,0.000000,12.000000,98.000000,410.166667,2261.401869,44.867447,50.794799,3.000000
2026-06-24T14:05:38.737334348Z,1000,per_hit,raw_percent_of_host,api-node1,api-node2,73,38,111,50.505051,0.000000,50.505051,0.000000,100.000000,50.000000,4.000000,99.000000,0.000000,0.000000,4.000000,99.000000,278.617284,1622.189189,43.166722,24.727156,3.000000
2026-06-24T14:05:39.737334513Z,1000,per_hit,raw_percent_of_host,api-node1,api-node2,82,41,123,50.505051,26.000000,50.505051,52.000000,100.000000,50.000000,13.000000,89.000000,0.000000,0.000000,13.000000,89.000000,363.273973,2042.196078,45.473290,27.482102,3.000000
2026-06-24T14:05:40.737334568Z,1000,per_hit,raw_percent_of_host,api-node1,api-node2,97,44,141,51.000000,26.000000,51.000000,52.000000,100.000000,50.000000,70.000000,82.000000,0.000000,0.000000,70.000000,82.000000,409.250000,2148.058824,43.772360,20.833416,3.000000
2026-06-24T14:05:41.737334278Z,1000,per_hit,raw_percent_of_host,api-node1,api-node2,78,31,109,51.000000,26.000000,51.000000,52.000000,100.000000,50.000000,47.000000,102.000000,0.000000,0.000000,47.000000,102.000000,616.297030,2060.454545,36.887263,21.051904,3.000000
2026-06-24T14:05:42.737334861Z,1000,per_hit,raw_percent_of_host,api-node1,api-node2,115,57,172,51.485149,26.470588,51.485149,52.941176,100.000000,50.000000,71.000000,63.000000,0.000000,0.000000,71.000000,63.000000,414.351648,1951.656250,46.923636,21.710789,3.000000
2026-06-24T14:05:43.737334289Z,1000,per_hit,raw_percent_of_host,api-node1,api-node2,79,61,140,51.485149,26.000000,51.485149,52.000000,100.000000,50.000000,40.000000,101.000000,0.000000,0.000000,40.000000,101.000000,751.054545,1390.565217,33.285828,21.386257,3.000000
2026-06-24T14:05:44.737334012Z,1000,per_hit,raw_percent_of_host,api-node1,api-node2,65,32,97,50.495050,26.000000,50.495050,52.000000,100.000000,50.000000,25.000000,64.000000,0.000000,0.000000,25.000000,64.000000,301.212500,2044.028986,46.915038,23.269871,3.000000
2026-06-24T14:05:45.737334319Z,1000,per_hit,raw_percent_of_host,api-node1,api-node2,103,50,153,50.495050,27.000000,50.495050,54.000000,100.000000,50.000000,112.000000,57.000000,0.000000,0.000000,112.000000,57.000000,592.687500,1522.280702,37.158551,20.922885,3.000000
2026-06-24T14:05:46.737334807Z,1000,per_hit,raw_percent_of_host,api-node1,api-node2,86,65,151,48.648649,25.742574,48.648649,51.485149,100.000000,50.000000,94.000000,83.000000,0.000000,0.000000,94.000000,83.000000,908.375000,1275.487179,27.240808,25.420148,3.000000
2026-06-24T14:05:47.737335227Z,1000,per_hit,raw_percent_of_host,api-node1,api-node2,95,51,146,51.000000,25.742574,51.000000,51.485149,100.000000,50.000000,63.000000,83.000000,0.000000,0.000000,63.000000,83.000000,774.682540,1623.509804,35.845416,21.373757,3.000000
2026-06-24T14:05:48.73733493Z,1000,per_hit,raw_percent_of_host,api-node1,api-node2,71,50,121,44.444444,25.742574,44.444444,51.485149,100.000000,50.000000,24.000000,109.000000,0.000000,0.000000,24.000000,109.000000,676.772727,1682.500000,28.973555,21.611127,3.000000
2026-06-24T14:05:49.73733671Z,1000,per_hit,raw_percent_of_host,api-node1,api-node2,106,48,154,23.076923,25.000000,23.076923,50.000000,100.000000,50.000000,89.000000,74.000000,0.000000,0.000000,89.000000,74.000000,289.048780,1699.373494,68.405911,22.410653,3.000000
2026-06-24T14:05:50.737335233Z,1000,per_hit,raw_percent_of_host,api-node1,api-node2,80,44,124,51.485149,26.000000,51.485149,52.000000,100.000000,50.000000,73.000000,86.000000,0.000000,0.000000,73.000000,86.000000,900.000000,1319.531250,37.148870,24.745788,3.000000
2026-06-24T14:05:51.73733459Z,1000,per_hit,raw_percent_of_host,api-node1,api-node2,102,64,166,51.485149,25.742574,51.485149,51.485149,100.000000,50.000000,82.000000,75.000000,0.000000,0.000000,82.000000,75.000000,640.741935,1485.426667,45.640232,22.970030,3.000000
2026-06-24T14:05:52.737334501Z,1000,per_hit,raw_percent_of_host,api-node1,api-node2,66,62,128,51.960784,25.742574,51.960784,51.485149,100.000000,50.000000,21.000000,114.000000,0.000000,0.000000,21.000000,114.000000,689.992126,1018.043478,34.157619,23.458426,3.000000
2026-06-24T14:05:53.73733495Z,1000,per_hit,raw_percent_of_host,api-node1,api-node2,96,41,137,51.960784,25.742574,51.960784,51.485149,100.000000,50.000000,67.000000,82.000000,0.000000,0.000000,67.000000,82.000000,232.040000,1787.794521,48.707206,21.840614,3.000000
2026-06-24T14:05:54.737335243Z,1000,per_hit,raw_percent_of_host,api-node1,api-node2,79,49,128,49.484536,26.000000,49.484536,52.000000,100.000000,50.000000,46.000000,56.000000,0.000000,0.000000,46.000000,56.000000,556.080000,1861.480000,41.426707,23.084263,3.000000
2026-06-24T14:05:55.737334198Z,1000,per_hit,raw_percent_of_host,api-node1,api-node2,84,53,137,50.495050,26.000000,50.495050,52.000000,100.000000,50.000000,86.000000,80.000000,0.000000,0.000000,86.000000,80.000000,681.068182,1525.482759,31.360754,20.877064,3.000000
2026-06-24T14:05:56.737333792Z,1000,per_hit,raw_percent_of_host,api-node1,api-node2,103,69,172,51.000000,26.000000,51.000000,52.000000,100.000000,50.000000,57.000000,66.000000,0.000000,0.000000,57.000000,66.000000,671.159091,1355.903614,36.627967,23.232673,3.000000
2026-06-24T14:05:57.737334212Z,1000,per_hit,raw_percent_of_host,api-node1,api-node2,74,55,129,50.505051,26.000000,50.505051,52.000000,100.000000,50.000000,41.000000,105.000000,0.000000,0.000000,41.000000,105.000000,679.933333,1007.437500,34.169349,21.083165,3.000000
2026-06-24T14:05:58.737333994Z,1000,per_hit,raw_percent_of_host,api-node1,api-node2,79,35,114,51.485149,26.000000,51.485149,52.000000,100.000000,50.000000,5.000000,101.000000,0.000000,0.000000,5.000000,101.000000,413.895652,1562.717949,43.785749,22.110875,3.000000
2026-06-24T14:05:59.737334101Z,1000,per_hit,raw_percent_of_host,api-node1,api-node2,58,35,93,51.000000,26.000000,51.000000,52.000000,100.000000,50.000000,5.000000,122.000000,0.000000,0.000000,5.000000,122.000000,183.379310,2103.071429,48.517856,23.080220,3.000000
2026-06-24T14:06:00.737334767Z,1000,per_hit,raw_percent_of_host,api-node1,api-node2,109,70,179,48.000000,25.000000,48.000000,50.000000,100.000000,50.000000,75.000000,63.000000,0.000000,0.000000,75.000000,63.000000,137.717949,2173.232558,49.067859,32.215012,3.000000
2026-06-24T14:06:01.737333893Z,1000,per_hit,raw_percent_of_host,api-node1,api-node2,86,66,152,50.495050,27.722772,50.495050,55.445545,100.000000,50.000000,58.000000,85.000000,0.000000,0.000000,58.000000,85.000000,649.922330,1116.886364,39.992893,24.846501,3.000000
2026-06-24T14:06:02.737334947Z,1000,per_hit,raw_percent_of_host,api-node1,api-node2,72,37,109,50.495050,27.722772,50.495050,55.445545,100.000000,50.000000,36.000000,99.000000,0.000000,0.000000,36.000000,99.000000,632.670213,1338.173913,37.753482,20.604376,3.000000
2026-06-24T14:06:03.737334166Z,1000,per_hit,raw_percent_of_host,api-node1,api-node2,61,27,88,52.475248,27.722772,52.475248,55.445545,100.000000,50.000000,39.000000,104.000000,0.000000,0.000000,39.000000,104.000000,310.396552,1745.954545,47.303316,23.759029,3.000000
2026-06-24T14:06:04.737334867Z,1000,per_hit,raw_percent_of_host,api-node1,api-node2,106,57,163,52.000000,22.077922,52.000000,44.155844,100.000000,50.000000,79.000000,49.000000,0.000000,0.000000,79.000000,49.000000,224.575758,2191.169643,49.616554,32.216881,3.000000
2026-06-24T14:06:05.737334766Z,1000,per_hit,raw_percent_of_host,api-node1,api-node2,62,63,125,47.058824,22.077922,47.058824,44.155844,100.000000,50.000000,76.000000,67.000000,0.000000,0.000000,76.000000,67.000000,706.200000,633.644444,24.616072,25.853630,3.000000
2026-06-24T14:06:06.737334019Z,1000,per_hit,raw_percent_of_host,api-node1,api-node2,56,51,107,51.000000,25.742574,51.000000,51.485149,100.000000,50.000000,46.000000,88.000000,0.000000,0.000000,46.000000,88.000000,1034.569767,1290.766667,25.695927,23.292143,3.000000
2026-06-24T14:06:07.737334133Z,1000,per_hit,raw_percent_of_host,api-node1,api-node2,73,31,104,51.428571,25.252525,51.428571,50.505051,100.000000,50.000000,45.000000,66.000000,0.000000,0.000000,45.000000,66.000000,360.108108,1394.830189,44.968898,21.091899,3.000000
2026-06-24T14:06:08.737334496Z,1000,per_hit,raw_percent_of_host,api-node1,api-node2,89,50,139,50.505051,25.000000,50.505051,50.000000,100.000000,50.000000,49.000000,45.000000,0.000000,0.000000,49.000000,45.000000,418.482353,1607.478873,45.425449,33.574611,3.000000
2026-06-24T14:06:09.737334612Z,1000,per_hit,raw_percent_of_host,api-node1,api-node2,73,48,121,50.495050,26.000000,50.495050,52.000000,100.000000,50.000000,42.000000,47.000000,0.000000,0.000000,42.000000,47.000000,444.475000,777.130435,47.222394,29.753058,3.000000
2026-06-24T14:06:10.737334341Z,1000,per_hit,raw_percent_of_host,api-node1,api-node2,78,50,128,50.000000,26.732673,50.000000,53.465347,100.000000,50.000000,35.000000,36.000000,0.000000,0.000000,35.000000,36.000000,438.576471,859.311475,47.811494,28.687777,3.000000
2026-06-24T14:06:11.737337312Z,1000,per_hit,raw_percent_of_host,api-node1,api-node2,53,52,105,51.485149,25.000000,51.485149,50.000000,100.000000,50.000000,26.000000,68.000000,0.000000,0.000000,26.000000,68.000000,257.645161,899.200000,48.460095,35.406078,3.000000
2026-06-24T14:06:12.737334473Z,1000,per_hit,raw_percent_of_host,api-node1,api-node2,64,33,97,42.000000,25.742574,42.000000,51.485149,100.000000,50.000000,16.000000,51.000000,0.000000,0.000000,16.000000,51.000000,207.513514,1205.200000,49.257600,23.014083,3.000000
2026-06-24T14:06:13.737335594Z,1000,per_hit,raw_percent_of_host,api-node1,api-node2,60,52,112,45.544554,26.000000,45.544554,52.000000,100.000000,50.000000,15.000000,25.000000,0.000000,0.000000,15.000000,25.000000,199.901639,703.974359,47.751980,42.529205,3.000000
2026-06-24T14:06:14.737334945Z,1000,per_hit,raw_percent_of_host,api-node1,api-node2,54,52,106,51.000000,25.742574,51.000000,51.485149,100.000000,50.000000,5.000000,28.000000,0.000000,0.000000,5.000000,28.000000,179.250000,555.816327,48.303728,35.344295,3.000000
2026-06-24T14:06:15.737334672Z,1000,per_hit,raw_percent_of_host,api-node1,api-node2,63,38,101,48.913043,25.252525,48.913043,50.505051,100.000000,50.000000,9.000000,17.000000,0.000000,0.000000,9.000000,17.000000,230.694915,427.612245,47.812311,39.822439,3.000000
2026-06-24T14:06:16.737333557Z,1000,per_hit,raw_percent_of_host,api-node1,api-node2,49,46,95,49.494949,26.000000,49.494949,52.000000,100.000000,50.000000,1.000000,14.000000,0.000000,0.000000,1.000000,14.000000,152.736842,332.204082,50.000000,46.380517,3.000000
2026-06-24T14:06:17.737334028Z,1000,per_hit,raw_percent_of_host,api-node1,api-node2,45,44,89,52.884615,25.742574,52.884615,51.485149,100.000000,50.000000,4.000000,6.000000,0.000000,0.000000,4.000000,6.000000,138.714286,252.384615,49.465495,46.839729,3.000000
2026-06-24T14:06:18.737334342Z,1000,per_hit,raw_percent_of_host,api-node1,api-node2,47,36,83,50.505051,26.000000,50.505051,52.000000,100.000000,50.000000,1.000000,8.000000,0.000000,0.000000,1.000000,8.000000,138.240000,227.558824,48.915987,44.358987,3.000000
2026-06-24T14:06:19.737335215Z,1000,per_hit,raw_percent_of_host,api-node1,api-node2,40,38,78,36.000000,26.000000,36.000000,52.000000,100.000000,50.000000,2.000000,17.000000,0.000000,0.000000,2.000000,17.000000,110.461538,258.000000,49.317663,46.918009,3.000000
2026-06-24T14:06:20.737334062Z,1000,per_hit,raw_percent_of_host,api-node1,api-node2,35,37,72,50.495050,25.252525,50.495050,50.505051,100.000000,50.000000,1.000000,4.000000,0.000000,0.000000,1.000000,4.000000,121.055556,297.840000,49.817145,45.358437,3.000000
2026-06-24T14:06:21.737333833Z,1000,per_hit,raw_percent_of_host,api-node1,api-node2,41,26,67,50.495050,25.742574,50.495050,51.485149,100.000000,50.000000,2.000000,1.000000,0.000000,0.000000,2.000000,1.000000,134.775000,178.275862,48.501084,46.501388,3.000000
2026-06-24T14:06:22.737334417Z,1000,per_hit,raw_percent_of_host,api-node1,api-node2,43,18,61,52.000000,17.777778,52.000000,35.555556,100.000000,50.000000,4.000000,1.000000,0.000000,0.000000,4.000000,1.000000,134.512195,116.055556,49.483117,49.772308,3.000000
2026-06-24T14:06:23.737333862Z,1000,per_hit,raw_percent_of_host,api-node1,api-node2,27,27,54,50.980392,25.000000,50.980392,50.000000,100.000000,50.000000,1.000000,1.000000,0.000000,0.000000,1.000000,1.000000,128.833333,158.925926,48.913482,49.385339,3.000000
2026-06-24T14:06:24.737334387Z,1000,per_hit,raw_percent_of_host,api-node1,api-node2,26,24,50,40.404040,25.742574,40.404040,51.485149,100.000000,50.000000,0.000000,1.000000,0.000000,0.000000,0.000000,1.000000,71.777778,179.000000,50.000000,48.192328,3.000000
2026-06-24T14:06:25.737333505Z,1000,per_hit,raw_percent_of_host,api-node1,api-node2,26,18,44,48.351648,26.000000,48.351648,52.000000,100.000000,50.000000,0.000000,1.000000,0.000000,0.000000,0.000000,1.000000,77.384615,137.888889,50.000000,48.699206,3.000000
2026-06-24T14:06:26.737334631Z,1000,per_hit,raw_percent_of_host,api-node1,api-node2,22,16,38,43.564356,27.777778,43.564356,55.555556,100.000000,50.000000,1.000000,0.000000,0.000000,0.000000,1.000000,0.000000,76.142857,106.470588,64.617269,50.000000,3.000000
2026-06-24T14:06:27.737334148Z,1000,per_hit,raw_percent_of_host,api-node1,api-node2,17,16,33,33.673469,26.000000,33.673469,52.000000,100.000000,50.000000,1.000000,0.000000,0.000000,0.000000,1.000000,0.000000,57.529412,129.937500,63.376585,54.910840,3.000000
2026-06-24T14:06:28.737335381Z,1000,per_hit,raw_percent_of_host,api-node1,api-node2,15,12,27,42.000000,18.681319,42.000000,37.362637,100.000000,50.000000,1.000000,0.000000,0.000000,0.000000,1.000000,0.000000,68.533333,96.083333,63.049805,50.000000,3.000000
2026-06-24T14:06:29.737334005Z,1000,per_hit,raw_percent_of_host,api-node1,api-node2,11,10,21,24.242424,14.678899,24.242424,29.357798,100.000000,50.000000,1.000000,0.000000,0.000000,0.000000,1.000000,0.000000,55.909091,113.800000,64.080568,63.049185,3.000000
2026-06-24T14:06:30.737335747Z,1000,per_hit,raw_percent_of_host,api-node1,api-node2,10,5,15,25.252525,19.191919,25.252525,38.383838,100.000000,50.000000,0.000000,0.000000,0.000000,0.000000,0.000000,0.000000,70.454545,61.200000,81.435107,60.347914,3.000000
2026-06-24T14:06:31.737334838Z,1000,per_hit,raw_percent_of_host,api-node1,api-node2,5,5,10,17.821782,16.831683,17.821782,33.663366,100.000000,50.000000,0.000000,0.000000,0.000000,0.000000,0.000000,0.000000,59.800000,50.000000,82.302961,60.099359,3.000000
2026-06-24T14:06:32.737334464Z,1000,per_hit,raw_percent_of_host,api-node1,api-node2,6,4,10,22.000000,9.000000,22.000000,18.000000,100.000000,50.000000,0.000000,0.000000,0.000000,0.000000,0.000000,0.000000,59.500000,50.000000,83.650590,59.976856,3.000000
2026-06-24T14:06:33.737335154Z,1000,per_hit,raw_percent_of_host,api-node1,api-node2,7,3,10,24.242424,6.000000,24.242424,12.000000,100.000000,50.000000,0.000000,0.000000,0.000000,0.000000,0.000000,0.000000,53.142857,66.666667,81.997575,83.518147,3.000000
2026-06-24T14:06:34.737334278Z,1000,per_hit,raw_percent_of_host,api-node1,api-node2,4,6,10,15.151515,10.101010,15.151515,20.202020,100.000000,50.000000,0.000000,0.000000,0.000000,0.000000,0.000000,0.000000,50.000000,78.833333,81.701075,82.851535,3.000000
2026-06-24T14:06:35.737334244Z,1000,per_hit,raw_percent_of_host,api-node1,api-node2,8,2,10,21.000000,11.000000,21.000000,22.000000,100.000000,50.000000,0.000000,0.000000,0.000000,0.000000,0.000000,0.000000,57.125000,50.000000,83.660295,83.379330,3.000000
2026-06-24T14:06:36.737334938Z,1000,per_hit,raw_percent_of_host,api-node1,api-node2,3,7,10,10.000000,15.000000,10.000000,30.000000,100.000000,50.000000,0.000000,0.000000,0.000000,0.000000,0.000000,0.000000,50.000000,61.428571,83.211950,82.945244,3.000000
2026-06-24T14:06:37.737336711Z,1000,per_hit,raw_percent_of_host,api-node1,api-node2,8,2,10,27.272727,0.000000,27.272727,0.000000,100.000000,50.000000,0.000000,0.000000,0.000000,0.000000,0.000000,0.000000,56.375000,80.500000,83.657803,59.760191,3.000000
2026-06-24T14:06:38.73733445Z,1000,per_hit,raw_percent_of_host,api-node1,api-node2,4,6,10,16.000000,11.000000,16.000000,22.000000,100.000000,50.000000,0.000000,0.000000,0.000000,0.000000,0.000000,0.000000,50.000000,97.333333,83.272269,83.045912,3.000000
2026-06-24T14:06:39.737338403Z,1000,per_hit,raw_percent_of_host,api-node1,api-node2,6,4,10,16.161616,13.000000,16.161616,26.000000,100.000000,50.000000,0.000000,0.000000,0.000000,0.000000,0.000000,0.000000,53.333333,80.250000,83.658409,81.785064,3.000000
2026-06-24T14:06:40.737335344Z,1000,per_hit,raw_percent_of_host,api-node1,api-node2,4,6,10,7.070707,19.801980,7.070707,39.603960,100.000000,50.000000,0.000000,0.000000,0.000000,0.000000,0.000000,0.000000,51.000000,82.333333,83.661539,82.507863,3.000000
2026-06-24T14:06:41.737334853Z,1000,per_hit,raw_percent_of_host,api-node1,api-node2,6,4,10,19.191919,15.151515,19.191919,30.303030,100.000000,50.000000,0.000000,0.000000,0.000000,0.000000,0.000000,0.000000,53.000000,50.000000,83.662181,60.100000,3.000000
2026-06-24T14:06:42.737342367Z,1000,per_hit,raw_percent_of_host,api-node1,api-node2,5,5,10,19.000000,14.141414,19.000000,28.282828,100.000000,50.000000,0.000000,0.000000,0.000000,0.000000,0.000000,0.000000,57.600000,61.600000,83.660935,59.871549,3.000000
2026-06-24T14:06:43.737337964Z,1000,per_hit,raw_percent_of_host,api-node1,api-node2,4,6,10,14.141414,11.111111,14.141414,22.222222,100.000000,50.000000,0.000000,0.000000,0.000000,0.000000,0.000000,0.000000,50.000000,84.833333,83.662822,82.748282,3.000000
2026-06-24T14:06:44.737335004Z,1000,per_hit,raw_percent_of_host,api-node1,api-node2,6,4,10,23.000000,5.050505,23.000000,10.101010,100.000000,50.000000,0.000000,0.000000,0.000000,0.000000,0.000000,0.000000,50.000000,103.000000,83.662822,81.059985,3.000000
2026-06-24T14:06:45.737334321Z,1000,per_hit,raw_percent_of_host,api-node1,api-node2,7,3,10,16.000000,13.265306,16.000000,26.530612,100.000000,50.000000,0.000000,0.000000,0.000000,0.000000,0.000000,0.000000,51.714286,69.333333,80.928227,82.049187,3.000000
2026-06-24T14:06:46.737335265Z,1000,per_hit,raw_percent_of_host,api-node1,api-node2,5,5,10,15.841584,15.000000,15.841584,30.000000,100.000000,50.000000,0.000000,0.000000,0.000000,0.000000,0.000000,0.000000,50.000000,60.800000,83.664744,82.833589,3.000000
2026-06-24T14:06:47.737337745Z,1000,per_hit,raw_percent_of_host,api-node1,api-node2,7,3,10,21.212121,11.111111,21.212121,22.222222,100.000000,50.000000,0.000000,0.000000,0.000000,0.000000,0.000000,0.000000,55.428571,50.000000,83.658409,60.100000,3.000000
2026-06-24T14:06:48.73733494Z,1000,per_hit,raw_percent_of_host,api-node1,api-node2,7,3,10,18.181818,9.000000,18.181818,18.000000,100.000000,50.000000,0.000000,0.000000,0.000000,0.000000,0.000000,0.000000,51.142857,114.000000,82.706715,81.474783,3.000000
2026-06-24T14:06:49.737334386Z,1000,per_hit,raw_percent_of_host,api-node1,api-node2,6,4,10,23.000000,5.050505,23.000000,10.101010,100.000000,50.000000,0.000000,0.000000,0.000000,0.000000,0.000000,0.000000,60.500000,50.000000,83.658443,83.343354,3.000000
2026-06-24T14:06:50.737337494Z,1000,per_hit,raw_percent_of_host,api-node1,api-node2,5,5,10,12.000000,22.222222,12.000000,44.444444,100.000000,50.000000,0.000000,0.000000,0.000000,0.000000,0.000000,0.000000,50.000000,61.800000,80.928868,82.948412,3.000000
2026-06-24T14:06:51.737335873Z,1000,per_hit,raw_percent_of_host,api-node1,api-node2,6,4,10,12.121212,19.000000,12.121212,38.000000,100.000000,50.000000,0.000000,0.000000,0.000000,0.000000,0.000000,0.000000,51.333333,64.000000,83.661576,59.937037,3.000000
2026-06-24T14:06:52.737334802Z,1000,per_hit,raw_percent_of_host,api-node1,api-node2,5,5,10,15.000000,16.000000,15.000000,32.000000,100.000000,50.000000,0.000000,0.000000,0.000000,0.000000,0.000000,0.000000,50.000000,75.400000,83.663462,59.674538,3.000000
2026-06-24T14:06:53.737334332Z,1000,per_hit,raw_percent_of_host,api-node1,api-node2,6,4,10,14.141414,13.000000,14.141414,26.000000,100.000000,50.000000,0.000000,0.000000,0.000000,0.000000,0.000000,0.000000,52.333333,79.500000,83.658409,59.886848,3.000000
2026-06-24T14:06:54.737334116Z,1000,per_hit,raw_percent_of_host,api-node1,api-node2,5,5,10,17.000000,13.131313,17.000000,26.262626,100.000000,50.000000,0.000000,0.000000,0.000000,0.000000,0.000000,0.000000,59.400000,60.200000,83.657803,82.597871,3.000000
2026-06-24T14:06:55.737333606Z,1000,per_hit,raw_percent_of_host,api-node1,api-node2,5,5,10,10.000000,15.151515,10.000000,30.303030,100.000000,50.000000,0.000000,0.000000,0.000000,0.000000,0.000000,0.000000,50.000000,109.400000,83.664744,82.424149,3.000000
2026-06-24T14:06:56.737334162Z,1000,per_hit,raw_percent_of_host,api-node1,api-node2,7,3,10,22.000000,8.080808,22.000000,16.161616,100.000000,50.000000,0.000000,0.000000,0.000000,0.000000,0.000000,0.000000,60.571429,50.000000,83.660295,60.100000,3.000000
2026-06-24T14:06:57.737334763Z,1000,per_hit,raw_percent_of_host,api-node1,api-node2,7,3,10,22.000000,6.593407,22.000000,13.186813,100.000000,50.000000,0.000000,0.000000,0.000000,0.000000,0.000000,0.000000,53.571429,69.333333,81.998216,83.447635,3.000000
2026-06-24T14:06:58.7373348Z,1000,per_hit,raw_percent_of_host,api-node1,api-node2,7,3,10,20.202020,10.101010,20.202020,20.202020,100.000000,50.000000,0.000000,0.000000,0.000000,0.000000,0.000000,0.000000,54.285714,50.000000,81.997575,83.666667,3.000000
2026-06-24T14:06:59.737334543Z,1000,per_hit,raw_percent_of_host,api-node1,api-node2,4,6,10,14.141414,11.111111,14.141414,22.222222,100.000000,50.000000,0.000000,0.000000,0.000000,0.000000,0.000000,0.000000,50.000000,81.833333,83.379330,83.204253,3.000000
2026-06-24T14:07:00.737334928Z,1000,per_hit,raw_percent_of_host,api-node1,api-node2,7,3,10,24.000000,9.090909,24.000000,18.181818,100.000000,50.000000,0.000000,0.000000,0.000000,0.000000,0.000000,0.000000,52.000000,73.666667,83.662822,81.211551,3.000000
2026-06-24T14:07:01.737334374Z,1000,per_hit,raw_percent_of_host,api-node1,api-node2,4,6,10,10.891089,16.000000,10.891089,32.000000,100.000000,50.000000,0.000000,0.000000,0.000000,0.000000,0.000000,0.000000,50.000000,101.666667,81.541572,82.788872,3.000000
2026-06-24T14:07:02.737334437Z,1000,per_hit,raw_percent_of_host,api-node1,api-node2,6,4,10,17.171717,9.090909,17.171717,18.181818,100.000000,50.000000,0.000000,0.000000,0.000000,0.000000,0.000000,0.000000,54.166667,50.000000,83.657803,60.099359,3.000000
2026-06-24T14:07:03.737334707Z,1000,per_hit,raw_percent_of_host,api-node1,api-node2,5,5,10,19.000000,13.000000,19.000000,26.000000,100.000000,50.000000,0.000000,0.000000,0.000000,0.000000,0.000000,0.000000,55.200000,50.000000,83.664744,82.850840,3.000000
2026-06-24T14:07:04.737334691Z,1000,per_hit,raw_percent_of_host,api-node1,api-node2,8,2,10,26.262626,0.000000,26.262626,0.000000,100.000000,50.000000,0.000000,0.000000,0.000000,0.000000,0.000000,0.000000,53.875000,50.000000,83.657803,82.718980,3.000000
2026-06-24T14:07:05.737335537Z,1000,per_hit,raw_percent_of_host,api-node1,api-node2,6,4,10,22.772277,6.060606,22.772277,12.121212,100.000000,50.000000,0.000000,0.000000,0.000000,0.000000,0.000000,0.000000,51.666667,79.750000,82.848969,83.346298,3.000000
2026-06-24T14:07:06.737334884Z,1000,per_hit,raw_percent_of_host,api-node1,api-node2,5,5,10,15.151515,15.151515,15.151515,30.303030,100.000000,50.000000,0.000000,0.000000,0.000000,0.000000,0.000000,0.000000,50.000000,61.200000,81.185750,83.470791,3.000000
2026-06-24T14:07:07.737335091Z,1000,per_hit,raw_percent_of_host,api-node1,api-node2,6,4,10,18.000000,16.000000,18.000000,32.000000,100.000000,50.000000,0.000000,0.000000,0.000000,0.000000,0.000000,0.000000,53.666667,68.500000,83.662181,59.674538,3.000000
2026-06-24T14:07:08.737335526Z,1000,per_hit,raw_percent_of_host,api-node1,api-node2,7,3,10,18.181818,10.101010,18.181818,20.202020,100.000000,50.000000,0.000000,0.000000,0.000000,0.000000,0.000000,0.000000,55.428571,50.000000,83.659049,60.099359,3.000000
2026-06-24T14:07:09.737333581Z,1000,per_hit,raw_percent_of_host,api-node1,api-node2,6,4,10,15.151515,15.151515,15.151515,30.303030,100.000000,50.000000,0.000000,0.000000,0.000000,0.000000,0.000000,0.000000,50.000000,85.250000,83.663462,82.773682,3.000000
2026-06-24T14:07:10.737335295Z,1000,per_hit,raw_percent_of_host,api-node1,api-node2,6,4,10,14.141414,15.000000,14.141414,30.000000,100.000000,50.000000,0.000000,0.000000,0.000000,0.000000,0.000000,0.000000,55.833333,50.000000,83.660935,60.099359,3.000000
2026-06-24T14:07:11.737335377Z,1000,per_hit,raw_percent_of_host,api-node1,api-node2,6,4,10,19.000000,14.141414,19.000000,28.282828,100.000000,50.000000,0.000000,0.000000,0.000000,0.000000,0.000000,0.000000,52.500000,50.000000,83.662822,60.100000,3.000000
2026-06-24T14:07:12.737334408Z,1000,per_hit,raw_percent_of_host,api-node1,api-node2,6,4,10,17.000000,13.131313,17.000000,26.262626,100.000000,50.000000,0.000000,0.000000,0.000000,0.000000,0.000000,0.000000,54.166667,82.000000,83.661539,83.142276,3.000000
2026-06-24T14:07:13.737335575Z,1000,per_hit,raw_percent_of_host,api-node1,api-node2,7,3,10,18.181818,14.000000,18.181818,28.000000,100.000000,50.000000,0.000000,0.000000,0.000000,0.000000,0.000000,0.000000,52.857143,68.333333,83.661539,82.709713,3.000000
2026-06-24T14:07:14.737335292Z,1000,per_hit,raw_percent_of_host,api-node1,api-node2,4,5,9,13.265306,15.000000,13.265306,30.000000,100.000000,50.000000,0.000000,0.000000,0.000000,0.000000,0.000000,0.000000,51.000000,76.000000,83.663107,83.254067,3.000000
2026-06-24T14:07:15.737336118Z,1000,per_hit,raw_percent_of_host,api-node1,api-node2,3,7,10,14.141414,20.183486,14.141414,40.366972,100.000000,50.000000,0.000000,1.000000,0.000000,0.000000,0.000000,1.000000,50.000000,72.500000,83.665385,72.897571,3.000000
2026-06-24T14:07:16.737334862Z,1000,per_hit,raw_percent_of_host,api-node1,api-node2,4,6,10,15.000000,10.101010,15.000000,20.202020,100.000000,50.000000,0.000000,0.000000,0.000000,0.000000,0.000000,0.000000,50.000000,86.142857,83.662822,50.000000,3.000000
2026-06-24T14:07:17.737333663Z,1000,per_hit,raw_percent_of_host,api-node1,api-node2,8,2,10,28.571429,10.101010,28.571429,20.202020,100.000000,50.000000,0.000000,0.000000,0.000000,0.000000,0.000000,0.000000,61.500000,50.000000,83.504556,83.541600,3.000000
2026-06-24T14:07:18.737334426Z,1000,per_hit,raw_percent_of_host,api-node1,api-node2,6,4,10,21.212121,9.900990,21.212121,19.801980,100.000000,50.000000,0.000000,0.000000,0.000000,0.000000,0.000000,0.000000,50.000000,88.000000,83.602000,83.138113,3.000000
2026-06-24T14:07:19.737335083Z,1000,per_hit,raw_percent_of_host,api-node1,api-node2,3,7,10,11.881188,15.151515,11.881188,30.303030,100.000000,50.000000,0.000000,0.000000,0.000000,0.000000,0.000000,0.000000,50.000000,64.714286,82.570311,83.247842,3.000000
2026-06-24T14:07:20.737333618Z,1000,per_hit,raw_percent_of_host,api-node1,api-node2,8,2,10,29.000000,0.000000,29.000000,0.000000,100.000000,50.000000,0.000000,0.000000,0.000000,0.000000,0.000000,0.000000,63.125000,65.500000,83.249209,56.192867,3.000000
2026-06-24T14:07:21.737338164Z,1000,per_hit,raw_percent_of_host,api-node1,api-node2,4,6,10,15.151515,9.000000,15.151515,18.000000,100.000000,50.000000,0.000000,0.000000,0.000000,0.000000,0.000000,0.000000,50.000000,70.833333,83.655935,83.249209,3.000000
2026-06-24T14:07:22.737335441Z,1000,per_hit,raw_percent_of_host,api-node1,api-node2,6,4,10,21.000000,7.000000,21.000000,14.000000,100.000000,50.000000,0.000000,0.000000,0.000000,0.000000,0.000000,0.000000,50.000000,104.500000,83.663463,82.623225,3.000000
2026-06-24T14:07:23.73733517Z,1000,per_hit,raw_percent_of_host,api-node1,api-node2,4,6,10,15.151515,10.101010,15.151515,20.202020,100.000000,50.000000,0.000000,0.000000,0.000000,0.000000,0.000000,0.000000,50.000000,81.333333,82.759796,82.479750,3.000000
2026-06-24T14:07:24.737334809Z,1000,per_hit,raw_percent_of_host,api-node1,api-node2,2,8,10,12.000000,11.111111,12.000000,22.222222,100.000000,50.000000,0.000000,0.000000,0.000000,0.000000,0.000000,0.000000,50.000000,95.875000,83.665385,83.230171,3.000000
2026-06-24T14:07:25.737334805Z,1000,per_hit,raw_percent_of_host,api-node1,api-node2,6,4,10,18.181818,8.080808,18.181818,16.161616,100.000000,50.000000,0.000000,0.000000,0.000000,0.000000,0.000000,0.000000,50.000000,104.250000,83.660898,81.364906,3.000000
2026-06-24T14:07:26.737341746Z,1000,per_hit,raw_percent_of_host,api-node1,api-node2,5,5,10,18.000000,14.141414,18.000000,28.282828,100.000000,50.000000,0.000000,0.000000,0.000000,0.000000,0.000000,0.000000,51.600000,68.800000,83.662821,83.109844,3.000000
2026-06-24T14:07:27.73733385Z,1000,per_hit,raw_percent_of_host,api-node1,api-node2,3,7,10,5.050505,19.000000,5.050505,38.000000,100.000000,50.000000,0.000000,0.000000,0.000000,0.000000,0.000000,0.000000,50.000000,67.428571,83.666667,83.330445,3.000000
2026-06-24T14:07:28.737334959Z,1000,per_hit,raw_percent_of_host,api-node1,api-node2,4,6,10,10.101010,16.000000,10.101010,32.000000,100.000000,50.000000,0.000000,0.000000,0.000000,0.000000,0.000000,0.000000,50.000000,87.166667,83.663463,56.533164,3.000000
2026-06-24T14:07:29.737333573Z,1000,per_hit,raw_percent_of_host,api-node1,api-node2,7,3,10,23.000000,9.000000,23.000000,18.000000,100.000000,50.000000,0.000000,0.000000,0.000000,0.000000,0.000000,0.000000,51.857143,97.666667,83.662822,56.341297,3.000000
2026-06-24T14:07:30.737333619Z,1000,per_hit,raw_percent_of_host,api-node1,api-node2,5,5,10,13.131313,20.000000,13.131313,40.000000,100.000000,50.000000,0.000000,0.000000,0.000000,0.000000,0.000000,0.000000,53.400000,69.200000,80.537754,83.234279,3.000000
2026-06-24T14:07:31.737334786Z,1000,per_hit,raw_percent_of_host,api-node1,api-node2,5,5,10,15.151515,15.841584,15.151515,31.683168,100.000000,50.000000,0.000000,0.000000,0.000000,0.000000,0.000000,0.000000,50.000000,68.000000,83.664744,56.545930,3.000000
2026-06-24T14:07:32.737334334Z,1000,per_hit,raw_percent_of_host,api-node1,api-node2,4,6,10,14.851485,17.346939,14.851485,34.693878,100.000000,50.000000,0.000000,0.000000,0.000000,0.000000,0.000000,0.000000,56.250000,56.166667,83.664103,56.651237,3.000000
2026-06-24T14:07:33.7373382Z,1000,per_hit,raw_percent_of_host,api-node1,api-node2,7,3,10,12.000000,15.000000,12.000000,30.000000,100.000000,50.000000,0.000000,0.000000,0.000000,0.000000,0.000000,0.000000,52.571429,50.000000,83.659049,56.732693,3.000000
2026-06-24T14:07:34.737334439Z,1000,per_hit,raw_percent_of_host,api-node1,api-node2,7,3,10,27.272727,2.020202,27.272727,4.040404,100.000000,50.000000,0.000000,0.000000,0.000000,0.000000,0.000000,0.000000,58.000000,50.000000,83.660935,56.256633,3.000000
2026-06-24T14:07:35.737334569Z,1000,per_hit,raw_percent_of_host,api-node1,api-node2,6,4,10,23.000000,8.910891,23.000000,17.821782,100.000000,50.000000,0.000000,0.000000,0.000000,0.000000,0.000000,0.000000,52.166667,91.500000,83.216018,83.475677,3.000000
2026-06-24T14:07:36.737335116Z,1000,per_hit,raw_percent_of_host,api-node1,api-node2,6,4,10,16.161616,15.000000,16.161616,30.000000,100.000000,50.000000,0.000000,0.000000,0.000000,0.000000,0.000000,0.000000,51.666667,64.500000,80.537754,83.214726,3.000000
2026-06-24T14:07:37.73733542Z,1000,per_hit,raw_percent_of_host,api-node1,api-node2,7,3,10,25.742574,5.000000,25.742574,10.000000,100.000000,50.000000,0.000000,0.000000,0.000000,0.000000,0.000000,0.000000,57.714286,79.000000,83.659049,56.635175,3.000000
2026-06-24T14:07:38.737341509Z,1000,per_hit,raw_percent_of_host,api-node1,api-node2,6,4,10,23.000000,7.000000,23.000000,14.000000,100.000000,50.000000,0.000000,0.000000,0.000000,0.000000,0.000000,0.000000,50.333333,82.500000,82.433419,83.501288,3.000000
2026-06-24T14:07:39.737334929Z,1000,per_hit,raw_percent_of_host,api-node1,api-node2,3,7,10,10.101010,11.000000,10.101010,22.000000,100.000000,50.000000,0.000000,0.000000,0.000000,0.000000,0.000000,0.000000,50.000000,83.714286,80.537754,83.246600,3.000000
2026-06-24T14:07:40.737334482Z,1000,per_hit,raw_percent_of_host,api-node1,api-node2,4,6,10,14.141414,10.101010,14.141414,20.202020,100.000000,50.000000,0.000000,0.000000,0.000000,0.000000,0.000000,0.000000,50.000000,78.500000,83.664104,81.476978,3.000000
2026-06-24T14:07:41.737334728Z,1000,per_hit,raw_percent_of_host,api-node1,api-node2,7,3,10,23.232323,10.101010,23.232323,20.202020,100.000000,50.000000,0.000000,0.000000,0.000000,0.000000,0.000000,0.000000,52.714286,68.333333,83.662180,83.186957,3.000000
2026-06-24T14:07:42.737335159Z,1000,per_hit,raw_percent_of_host,api-node1,api-node2,3,7,10,15.000000,11.111111,15.000000,22.222222,100.000000,50.000000,0.000000,0.000000,0.000000,0.000000,0.000000,0.000000,50.000000,88.142857,80.634550,83.140704,3.000000
2026-06-24T14:07:43.737334891Z,1000,per_hit,raw_percent_of_host,api-node1,api-node2,6,4,10,24.000000,6.593407,24.000000,13.186813,100.000000,50.000000,0.000000,0.000000,0.000000,0.000000,0.000000,0.000000,52.666667,99.000000,83.661576,81.397028,3.000000
2026-06-24T14:07:44.737334868Z,1000,per_hit,raw_percent_of_host,api-node1,api-node2,5,5,10,23.232323,11.111111,23.232323,22.222222,100.000000,50.000000,0.000000,0.000000,0.000000,0.000000,0.000000,0.000000,55.200000,68.800000,81.237987,83.071630,3.000000
2026-06-24T14:07:45.737333599Z,1000,per_hit,raw_percent_of_host,api-node1,api-node2,4,6,10,13.131313,14.141414,13.131313,28.282828,100.000000,50.000000,0.000000,0.000000,0.000000,0.000000,0.000000,0.000000,51.500000,75.000000,80.634550,81.317400,3.000000
2026-06-24T14:07:46.737334438Z,1000,per_hit,raw_percent_of_host,api-node1,api-node2,4,6,10,20.202020,5.555556,20.202020,11.111111,100.000000,50.000000,0.000000,0.000000,0.000000,0.000000,0.000000,0.000000,50.000000,101.833333,83.664103,83.414616,3.000000
2026-06-24T14:07:47.73733759Z,1000,per_hit,raw_percent_of_host,api-node1,api-node2,6,4,10,19.801980,11.000000,19.801980,22.000000,100.000000,50.000000,0.000000,0.000000,0.000000,0.000000,0.000000,0.000000,50.666667,59.250000,83.337642,83.509094,3.000000
2026-06-24T14:07:48.737335317Z,1000,per_hit,raw_percent_of_host,api-node1,api-node2,5,5,10,18.181818,10.204082,18.181818,20.408163,100.000000,50.000000,0.000000,0.000000,0.000000,0.000000,0.000000,0.000000,50.600000,68.400000,83.531156,81.608540,3.000000
2026-06-24T14:07:49.737334235Z,1000,per_hit,raw_percent_of_host,api-node1,api-node2,5,5,10,19.000000,8.000000,19.000000,16.000000,100.000000,50.000000,0.000000,0.000000,0.000000,0.000000,0.000000,0.000000,50.000000,91.600000,83.661539,82.734408,3.000000
2026-06-24T14:07:50.737334858Z,1000,per_hit,raw_percent_of_host,api-node1,api-node2,6,4,10,19.191919,9.000000,19.191919,18.000000,100.000000,50.000000,0.000000,0.000000,0.000000,0.000000,0.000000,0.000000,50.000000,97.250000,83.661539,83.295556,3.000000
2026-06-24T14:07:51.73733497Z,1000,per_hit,raw_percent_of_host,api-node1,api-node2,8,2,10,22.222222,8.000000,22.222222,16.000000,100.000000,50.000000,0.000000,0.000000,0.000000,0.000000,0.000000,0.000000,50.625000,75.500000,83.660295,82.858247,3.000000
2026-06-24T14:07:52.73733351Z,1000,per_hit,raw_percent_of_host,api-node1,api-node2,1,8,9,5.050505,22.000000,5.050505,44.000000,100.000000,50.000000,0.000000,0.000000,0.000000,0.000000,0.000000,0.000000,50.000000,91.625000,83.064013,81.909316,3.000000
2026-06-24T14:07:53.737335307Z,1000,per_hit,raw_percent_of_host,api-node1,api-node2,7,4,11,22.000000,14.141414,22.000000,28.282828,100.000000,50.000000,0.000000,0.000000,0.000000,0.000000,0.000000,0.000000,54.428571,63.750000,83.659742,55.983643,3.000000
2026-06-24T14:07:54.737333639Z,1000,per_hit,raw_percent_of_host,api-node1,api-node2,4,6,10,15.841584,11.000000,15.841584,22.000000,100.000000,50.000000,0.000000,0.000000,0.000000,0.000000,0.000000,0.000000,50.000000,97.000000,81.759225,83.048566,3.000000
2026-06-24T14:07:55.7373354Z,1000,per_hit,raw_percent_of_host,api-node1,api-node2,5,5,10,17.346939,14.141414,17.346939,28.282828,100.000000,50.000000,0.000000,0.000000,0.000000,0.000000,0.000000,0.000000,51.200000,69.800000,83.660294,81.578572,3.000000
2026-06-24T14:07:56.73733423Z,1000,per_hit,raw_percent_of_host,api-node1,api-node2,4,6,10,15.151515,19.000000,15.151515,38.000000,100.000000,50.000000,0.000000,0.000000,0.000000,0.000000,0.000000,0.000000,55.500000,72.500000,83.659049,83.514884,3.000000
2026-06-24T14:07:57.737335124Z,1000,per_hit,raw_percent_of_host,api-node1,api-node2,6,4,10,20.202020,10.000000,20.202020,20.000000,100.000000,50.000000,0.000000,0.000000,0.000000,0.000000,0.000000,0.000000,50.000000,84.750000,83.661539,56.662228,3.000000
2026-06-24T14:07:58.737333648Z,1000,per_hit,raw_percent_of_host,api-node1,api-node2,8,2,10,26.000000,10.000000,26.000000,20.000000,100.000000,50.000000,0.000000,0.000000,0.000000,0.000000,0.000000,0.000000,51.875000,85.500000,83.337642,83.006591,3.000000
2026-06-24T14:07:59.737333532Z,1000,per_hit,raw_percent_of_host,api-node1,api-node2,5,5,10,20.202020,16.000000,20.202020,32.000000,100.000000,50.000000,0.000000,0.000000,0.000000,0.000000,0.000000,0.000000,52.400000,79.800000,82.585281,83.176236,3.000000
2026-06-24T14:08:00.737334583Z,1000,per_hit,raw_percent_of_host,api-node1,api-node2,4,6,10,20.000000,14.141414,20.000000,28.282828,100.000000,50.000000,0.000000,0.000000,0.000000,0.000000,0.000000,0.000000,52.500000,75.500000,83.337642,56.545930,3.000000
2026-06-24T14:08:01.73733928Z,1000,per_hit,raw_percent_of_host,api-node1,api-node2,3,7,10,10.101010,10.101010,10.101010,20.202020,100.000000,50.000000,0.000000,0.000000,0.000000,0.000000,0.000000,0.000000,50.000000,106.714286,83.443750,83.320158,3.000000
2026-06-24T14:08:02.737335128Z,1000,per_hit,raw_percent_of_host,api-node1,api-node2,5,5,10,20.000000,15.000000,20.000000,30.000000,100.000000,50.000000,0.000000,0.000000,0.000000,0.000000,0.000000,0.000000,84.600000,57.600000,83.265767,82.440369,3.000000
2026-06-24T14:08:03.737334627Z,1000,per_hit,raw_percent_of_host,api-node1,api-node2,4,6,10,11.000000,20.202020,11.000000,40.404040,100.000000,50.000000,0.000000,0.000000,0.000000,0.000000,0.000000,0.000000,50.000000,82.833333,83.276157,56.357677,3.000000
2026-06-24T14:08:04.737335409Z,1000,per_hit,raw_percent_of_host,api-node1,api-node2,9,1,10,23.469388,5.050505,23.469388,10.101010,100.000000,50.000000,0.000000,0.000000,0.000000,0.000000,0.000000,0.000000,60.222222,50.000000,83.514132,56.373765,3.000000
2026-06-24T14:08:05.737333546Z,1000,per_hit,raw_percent_of_host,api-node1,api-node2,8,2,10,24.242424,5.940594,24.242424,11.881188,100.000000,50.000000,0.000000,0.000000,0.000000,0.000000,0.000000,0.000000,80.375000,68.500000,80.433634,83.620112,3.000000
2026-06-24T14:08:06.737334693Z,1000,per_hit,raw_percent_of_host,api-node1,api-node2,4,6,10,14.141414,16.000000,14.141414,32.000000,100.000000,50.000000,0.000000,0.000000,0.000000,0.000000,0.000000,0.000000,57.500000,72.500000,81.420277,83.581694,3.000000
2026-06-24T14:08:07.737334965Z,1000,per_hit,raw_percent_of_host,api-node1,api-node2,8,2,10,19.587629,11.000000,19.587629,22.000000,100.000000,50.000000,0.000000,0.000000,0.000000,0.000000,0.000000,0.000000,71.000000,50.000000,83.448913,56.733333,3.000000
2026-06-24T14:08:08.737334611Z,1000,per_hit,raw_percent_of_host,api-node1,api-node2,3,7,10,11.111111,17.171717,11.111111,34.343434,100.000000,50.000000,0.000000,0.000000,0.000000,0.000000,0.000000,0.000000,50.000000,104.142857,83.602027,81.488514,3.000000
2026-06-24T14:08:09.737334735Z,1000,per_hit,raw_percent_of_host,api-node1,api-node2,6,4,10,23.000000,13.131313,23.000000,26.262626,100.000000,50.000000,0.000000,0.000000,0.000000,0.000000,0.000000,0.000000,67.166667,50.000000,83.269540,56.732693,3.000000
2026-06-24T14:08:10.737334617Z,1000,per_hit,raw_percent_of_host,api-node1,api-node2,7,3,10,25.000000,8.080808,25.000000,16.161616,100.000000,50.000000,0.000000,0.000000,0.000000,0.000000,0.000000,0.000000,50.000000,57.666667,81.710456,83.081132,3.000000
2026-06-24T14:08:11.737339257Z,1000,per_hit,raw_percent_of_host,api-node1,api-node2,5,5,10,24.752475,10.000000,24.752475,20.000000,100.000000,50.000000,0.000000,0.000000,0.000000,0.000000,0.000000,0.000000,50.800000,73.800000,81.957109,83.485858,3.000000
2026-06-24T14:08:12.737334533Z,1000,per_hit,raw_percent_of_host,api-node1,api-node2,6,4,10,19.191919,15.151515,19.191919,30.303030,100.000000,50.000000,0.000000,0.000000,0.000000,0.000000,0.000000,0.000000,71.500000,50.000000,81.504739,83.383996,3.000000
2026-06-24T14:08:13.737335095Z,1000,per_hit,raw_percent_of_host,api-node1,api-node2,4,6,10,15.151515,19.090909,15.151515,38.181818,100.000000,50.000000,0.000000,0.000000,0.000000,0.000000,0.000000,0.000000,50.000000,115.666667,83.523300,73.457710,3.000000
2026-06-24T14:08:14.737335061Z,1000,per_hit,raw_percent_of_host,api-node1,api-node2,7,3,10,24.242424,11.000000,24.242424,22.000000,100.000000,50.000000,0.000000,0.000000,0.000000,0.000000,0.000000,0.000000,53.571429,84.333333,83.660294,56.533164,3.000000
2026-06-24T14:08:15.737334284Z,1000,per_hit,raw_percent_of_host,api-node1,api-node2,7,3,10,23.469388,10.000000,23.469388,20.000000,100.000000,50.000000,0.000000,0.000000,0.000000,0.000000,0.000000,0.000000,50.571429,90.333333,81.419636,81.641595,3.000000
2026-06-24T14:08:16.737334322Z,1000,per_hit,raw_percent_of_host,api-node1,api-node2,5,4,9,21.000000,15.151515,21.000000,30.303030,100.000000,50.000000,0.000000,0.000000,0.000000,0.000000,0.000000,0.000000,62.200000,90.500000,83.259012,83.144831,3.000000
2026-06-24T14:08:17.73733447Z,1000,per_hit,raw_percent_of_host,api-node1,api-node2,5,6,11,25.000000,6.000000,25.000000,12.000000,100.000000,50.000000,0.000000,0.000000,0.000000,0.000000,0.000000,0.000000,54.000000,88.166667,82.738603,56.046579,3.000000
2026-06-24T14:08:18.737334332Z,1000,per_hit,raw_percent_of_host,api-node1,api-node2,4,6,10,18.000000,15.000000,18.000000,30.000000,100.000000,50.000000,0.000000,0.000000,0.000000,0.000000,0.000000,0.000000,51.250000,92.500000,81.957750,83.554839,3.000000
2026-06-24T14:08:19.737337052Z,1000,per_hit,raw_percent_of_host,api-node1,api-node2,8,2,10,28.000000,11.000000,28.000000,22.000000,100.000000,50.000000,0.000000,0.000000,0.000000,0.000000,0.000000,0.000000,67.625000,85.500000,83.494199,56.357677,3.000000
2026-06-24T14:08:20.7373347Z,1000,per_hit,raw_percent_of_host,api-node1,api-node2,4,6,10,15.151515,21.000000,15.151515,42.000000,100.000000,50.000000,0.000000,0.000000,0.000000,0.000000,0.000000,0.000000,54.500000,79.500000,83.471043,81.572463,3.000000
2026-06-24T14:08:21.73733495Z,1000,per_hit,raw_percent_of_host,api-node1,api-node2,8,2,10,27.272727,10.000000,27.272727,20.000000,100.000000,50.000000,0.000000,0.000000,0.000000,0.000000,0.000000,0.000000,64.125000,50.000000,83.482726,56.733333,3.000000
2026-06-24T14:08:22.737334557Z,1000,per_hit,raw_percent_of_host,api-node1,api-node2,5,5,10,19.387755,15.151515,19.387755,30.303030,100.000000,50.000000,0.000000,0.000000,0.000000,0.000000,0.000000,0.000000,50.600000,84.600000,83.216018,83.052355,3.000000
2026-06-24T14:08:23.737334654Z,1000,per_hit,raw_percent_of_host,api-node1,api-node2,5,5,10,19.191919,16.000000,19.191919,32.000000,100.000000,50.000000,0.000000,0.000000,0.000000,0.000000,0.000000,0.000000,50.400000,83.800000,83.645905,56.324740,3.000000
2026-06-24T14:08:24.737334444Z,1000,per_hit,raw_percent_of_host,api-node1,api-node2,4,6,10,14.000000,21.000000,14.000000,42.000000,100.000000,50.000000,0.000000,0.000000,0.000000,0.000000,0.000000,0.000000,64.500000,92.833333,83.477341,56.373765,3.000000
2026-06-24T14:08:25.737334504Z,1000,per_hit,raw_percent_of_host,api-node1,api-node2,5,5,10,21.000000,11.111111,21.000000,22.222222,100.000000,50.000000,0.000000,0.000000,0.000000,0.000000,0.000000,0.000000,55.800000,86.600000,82.916414,56.653697,3.000000
2026-06-24T14:08:26.737334844Z,1000,per_hit,raw_percent_of_host,api-node1,api-node2,7,3,10,24.752475,11.000000,24.752475,22.000000,100.000000,50.000000,0.000000,0.000000,0.000000,0.000000,0.000000,0.000000,63.428571,81.000000,82.608470,81.396692,3.000000
2026-06-24T14:08:27.737334555Z,1000,per_hit,raw_percent_of_host,api-node1,api-node2,5,5,10,16.000000,18.181818,16.000000,36.363636,100.000000,50.000000,0.000000,0.000000,0.000000,0.000000,0.000000,0.000000,52.200000,70.400000,81.787626,81.697078,3.000000
2026-06-24T14:08:28.737345071Z,1000,per_hit,raw_percent_of_host,api-node1,api-node2,5,5,10,17.000000,16.161616,17.000000,32.323232,100.000000,50.000000,0.000000,0.000000,0.000000,0.000000,0.000000,0.000000,55.400000,76.600000,83.649081,56.558256,3.000000
2026-06-24T14:08:29.737334217Z,1000,per_hit,raw_percent_of_host,api-node1,api-node2,7,3,10,27.272727,10.000000,27.272727,20.000000,100.000000,50.000000,0.000000,0.000000,0.000000,0.000000,0.000000,0.000000,59.142857,86.333333,83.508327,56.582008,3.000000
2026-06-24T14:08:30.737335372Z,1000,per_hit,raw_percent_of_host,api-node1,api-node2,6,4,10,23.000000,13.000000,23.000000,26.000000,100.000000,50.000000,0.000000,0.000000,0.000000,0.000000,0.000000,0.000000,58.666667,67.750000,83.168959,83.026895,3.000000
2026-06-24T14:08:31.737334489Z,1000,per_hit,raw_percent_of_host,api-node1,api-node2,1,0,1,0.000000,0.000000,0.000000,0.000000,100.000000,50.000000,0.000000,0.000000,0.000000,0.000000,0.000000,0.000000,50.000000,0.000000,79.755526,82.315736,3.000000
2026-06-24T14:08:32.737335977Z,1000,per_hit,raw_percent_of_host,api-node1,api-node2,0,0,0,0.000000,0.990099,0.000000,1.980198,100.000000,50.000000,0.000000,0.000000,0.000000,0.000000,0.000000,0.000000,0.000000,0.000000,0.000000,0.000000,3.000000
2026-06-24T14:08:33.737334852Z,1000,per_hit,raw_percent_of_host,api-node1,api-node2,0,0,0,0.000000,0.000000,0.000000,0.000000,100.000000,50.000000,0.000000,0.000000,0.000000,0.000000,0.000000,0.000000,0.000000,0.000000,0.000000,0.000000,3.000000
2026-06-24T14:08:34.737337185Z,1000,per_hit,raw_percent_of_host,api-node1,api-node2,0,0,0,0.000000,0.000000,0.000000,0.000000,100.000000,50.000000,0.000000,0.000000,0.000000,0.000000,0.000000,0.000000,0.000000,0.000000,0.000000,0.000000,3.000000
2026-06-24T14:08:35.737334968Z,1000,per_hit,raw_percent_of_host,api-node1,api-node2,0,0,0,1.010101,0.000000,1.010101,0.000000,100.000000,50.000000,0.000000,0.000000,0.000000,0.000000,0.000000,0.000000,0.000000,0.000000,0.000000,0.000000,3.000000
2026-06-24T14:08:36.737334591Z,1000,per_hit,raw_percent_of_host,api-node1,api-node2,0,0,0,1.000000,0.000000,1.000000,0.000000,100.000000,50.000000,0.000000,0.000000,0.000000,0.000000,0.000000,0.000000,0.000000,0.000000,0.000000,0.000000,3.000000
2026-06-24T14:08:37.737335137Z,1000,per_hit,raw_percent_of_host,api-node1,api-node2,0,0,0,0.000000,0.000000,0.000000,0.000000,100.000000,50.000000,0.000000,0.000000,0.000000,0.000000,0.000000,0.000000,0.000000,0.000000,0.000000,0.000000,3.000000
2026-06-24T14:08:38.737334162Z,1000,per_hit,raw_percent_of_host,api-node1,api-node2,0,0,0,0.000000,0.000000,0.000000,0.000000,100.000000,50.000000,0.000000,0.000000,0.000000,0.000000,0.000000,0.000000,0.000000,0.000000,0.000000,0.000000,3.000000
2026-06-24T14:08:39.737334966Z,1000,per_hit,raw_percent_of_host,api-node1,api-node2,0,0,0,1.000000,0.000000,1.000000,0.000000,100.000000,50.000000,0.000000,0.000000,0.000000,0.000000,0.000000,0.000000,0.000000,0.000000,0.000000,0.000000,3.000000
2026-06-24T14:08:40.737334747Z,1000,per_hit,raw_percent_of_host,api-node1,api-node2,0,0,0,0.000000,0.000000,0.000000,0.000000,100.000000,50.000000,0.000000,0.000000,0.000000,0.000000,0.000000,0.000000,0.000000,0.000000,0.000000,0.000000,3.000000
2026-06-24T14:08:41.737334756Z,1000,per_hit,raw_percent_of_host,api-node1,api-node2,0,0,0,0.000000,0.000000,0.000000,0.000000,100.000000,50.000000,0.000000,0.000000,0.000000,0.000000,0.000000,0.000000,0.000000,0.000000,0.000000,0.000000,3.000000
2026-06-24T14:08:42.737334929Z,1000,per_hit,raw_percent_of_host,api-node1,api-node2,0,0,0,1.000000,0.000000,1.000000,0.000000,100.000000,50.000000,0.000000,0.000000,0.000000,0.000000,0.000000,0.000000,0.000000,0.000000,0.000000,0.000000,3.000000
2026-06-24T14:08:43.737333758Z,1000,per_hit,raw_percent_of_host,api-node1,api-node2,0,0,0,0.000000,0.990099,0.000000,1.980198,100.000000,50.000000,0.000000,0.000000,0.000000,0.000000,0.000000,0.000000,0.000000,0.000000,0.000000,0.000000,3.000000
2026-06-24T14:08:44.737336434Z,1000,per_hit,raw_percent_of_host,api-node1,api-node2,0,0,0,4.950495,0.000000,4.950495,0.000000,100.000000,50.000000,0.000000,0.000000,0.000000,0.000000,0.000000,0.000000,0.000000,0.000000,0.000000,0.000000,3.000000
2026-06-24T14:08:45.737335646Z,1000,per_hit,raw_percent_of_host,api-node1,api-node2,0,0,0,0.000000,0.000000,0.000000,0.000000,100.000000,50.000000,0.000000,0.000000,0.000000,0.000000,0.000000,0.000000,0.000000,0.000000,0.000000,0.000000,3.000000
2026-06-24T14:08:46.737334272Z,1000,per_hit,raw_percent_of_host,api-node1,api-node2,0,0,0,0.000000,0.000000,0.000000,0.000000,100.000000,50.000000,0.000000,0.000000,0.000000,0.000000,0.000000,0.000000,0.000000,0.000000,0.000000,0.000000,3.000000
2026-06-24T14:08:47.737335842Z,1000,per_hit,raw_percent_of_host,api-node1,api-node2,0,0,0,0.000000,0.000000,0.000000,0.000000,100.000000,50.000000,0.000000,0.000000,0.000000,0.000000,0.000000,0.000000,0.000000,0.000000,0.000000,0.000000,3.000000
2026-06-24T14:08:48.737334668Z,1000,per_hit,raw_percent_of_host,api-node1,api-node2,0,0,0,0.000000,0.000000,0.000000,0.000000,100.000000,50.000000,0.000000,0.000000,0.000000,0.000000,0.000000,0.000000,0.000000,0.000000,0.000000,0.000000,3.000000
2026-06-24T14:08:49.737334458Z,1000,per_hit,raw_percent_of_host,api-node1,api-node2,0,0,0,0.000000,0.000000,0.000000,0.000000,100.000000,50.000000,0.000000,0.000000,0.000000,0.000000,0.000000,0.000000,0.000000,0.000000,0.000000,0.000000,3.000000
2026-06-24T14:08:50.737335321Z,1000,per_hit,raw_percent_of_host,api-node1,api-node2,0,0,0,0.000000,4.000000,0.000000,8.000000,100.000000,50.000000,0.000000,0.000000,0.000000,0.000000,0.000000,0.000000,0.000000,0.000000,0.000000,0.000000,3.000000
2026-06-24T14:08:51.737334421Z,1000,per_hit,raw_percent_of_host,api-node1,api-node2,0,0,0,0.000000,0.000000,0.000000,0.000000,100.000000,50.000000,0.000000,0.000000,0.000000,0.000000,0.000000,0.000000,0.000000,0.000000,0.000000,0.000000,3.000000
2026-06-24T14:08:52.737335365Z,1000,per_hit,raw_percent_of_host,api-node1,api-node2,0,0,0,0.000000,0.000000,0.000000,0.000000,100.000000,50.000000,0.000000,0.000000,0.000000,0.000000,0.000000,0.000000,0.000000,0.000000,0.000000,0.000000,3.000000
