timestamp_utc,window_ms,traffic_log_mode,cpu_usage_unit,node1_name,node2_name,node1_requests,node2_requests,total_requests,node1_cpu_raw_usage,node2_cpu_raw_usage,node1_cpu_normalized_usage,node2_cpu_normalized_usage,node1_cpu_capacity,node2_cpu_capacity,node1_inflight,node2_inflight,node1_backend_inflight,node2_backend_inflight,node1_queue,node2_queue,node1_response_ms,node2_response_ms,node1_fuzzy_score,node2_fuzzy_score,os_idle_cpu
2026-05-10T08:39:16.975766266Z,0,per_hit,raw_percent_of_host,api-node1,api-node2,1,0,1,0.000000,0.000000,0.000000,0.000000,100.000000,100.000000,15.000000,25.000000,1.000000,1.000000,15.000000,25.000000,21.414752,23.149233,74.240253,73.838238,3.000000
2026-05-10T08:39:17.025921171Z,0,per_hit,raw_percent_of_host,api-node1,api-node2,1,0,1,19.910280,36.951115,19.910280,36.951115,100.000000,100.000000,15.000000,25.000000,2.000000,2.000000,15.000000,25.000000,22.169638,27.864495,74.239089,72.588260,3.000000
2026-05-10T08:39:17.07560163Z,0,per_hit,raw_percent_of_host,api-node1,api-node2,1,0,1,19.910280,36.951115,19.910280,36.951115,100.000000,100.000000,15.000000,23.000000,2.000000,2.000000,15.000000,23.000000,22.169638,27.864495,74.239089,72.588260,3.000000
2026-05-10T08:39:17.125753972Z,0,per_hit,raw_percent_of_host,api-node1,api-node2,1,0,1,19.910280,36.951115,19.910280,36.951115,100.000000,100.000000,15.000000,23.000000,2.000000,2.000000,15.000000,23.000000,22.169638,27.864495,74.239089,72.588260,3.000000
2026-05-10T08:39:17.175934941Z,0,per_hit,raw_percent_of_host,api-node1,api-node2,1,0,1,19.910280,36.951115,19.910280,36.951115,100.000000,100.000000,15.000000,23.000000,2.000000,2.000000,15.000000,23.000000,22.169638,27.864495,74.239089,72.588260,3.000000
2026-05-10T08:39:17.226092133Z,0,per_hit,raw_percent_of_host,api-node1,api-node2,1,0,1,19.910280,36.951115,19.910280,36.951115,100.000000,100.000000,15.000000,23.000000,2.000000,2.000000,15.000000,23.000000,22.169638,27.864495,74.239089,72.588260,3.000000
2026-05-10T08:39:17.275513531Z,0,per_hit,raw_percent_of_host,api-node1,api-node2,1,0,1,19.910280,36.951115,19.910280,36.951115,100.000000,100.000000,15.000000,22.000000,2.000000,2.000000,15.000000,22.000000,22.169638,27.864495,74.239089,72.588260,3.000000
2026-05-10T08:39:17.325628887Z,0,per_hit,raw_percent_of_host,api-node1,api-node2,0,1,1,99.696083,36.951115,99.696083,36.951115,100.000000,100.000000,1.000000,22.000000,14.000000,2.000000,1.000000,22.000000,309.842169,27.864495,49.919573,72.588260,3.000000
2026-05-10T08:39:17.376099244Z,0,per_hit,raw_percent_of_host,api-node1,api-node2,0,1,1,99.696083,36.951115,99.696083,36.951115,100.000000,100.000000,0.000000,21.000000,14.000000,2.000000,0.000000,21.000000,309.842169,27.864495,50.000000,72.588260,3.000000
2026-05-10T08:39:17.426252429Z,0,per_hit,raw_percent_of_host,api-node1,api-node2,0,1,1,99.696083,36.951115,99.696083,36.951115,100.000000,100.000000,0.000000,21.000000,14.000000,2.000000,0.000000,21.000000,309.842169,27.864495,50.000000,72.588260,3.000000
2026-05-10T08:39:17.475467619Z,0,per_hit,raw_percent_of_host,api-node1,api-node2,0,1,1,99.696083,36.951115,99.696083,36.951115,100.000000,100.000000,0.000000,20.000000,14.000000,2.000000,0.000000,20.000000,309.842169,27.864495,50.000000,72.588260,3.000000
2026-05-10T08:39:17.525603281Z,0,per_hit,raw_percent_of_host,api-node1,api-node2,0,1,1,99.696083,36.951115,99.696083,36.951115,100.000000,100.000000,0.000000,20.000000,14.000000,2.000000,0.000000,20.000000,309.842169,27.864495,50.000000,72.588260,3.000000
2026-05-10T08:39:17.57527462Z,0,per_hit,raw_percent_of_host,api-node1,api-node2,0,1,1,99.696083,36.951115,99.696083,36.951115,100.000000,100.000000,0.000000,19.000000,14.000000,2.000000,0.000000,19.000000,309.842169,27.864495,50.000000,72.588260,3.000000
2026-05-10T08:39:17.625421506Z,0,per_hit,raw_percent_of_host,api-node1,api-node2,0,1,1,99.696083,36.951115,99.696083,36.951115,100.000000,100.000000,0.000000,19.000000,14.000000,2.000000,0.000000,19.000000,309.842169,27.864495,50.000000,72.588260,3.000000
2026-05-10T08:39:17.675483238Z,0,per_hit,raw_percent_of_host,api-node1,api-node2,0,1,1,99.696083,36.951115,99.696083,36.951115,100.000000,100.000000,0.000000,18.000000,14.000000,2.000000,0.000000,18.000000,309.842169,27.864495,50.000000,72.588260,3.000000
2026-05-10T08:39:17.725628153Z,0,per_hit,raw_percent_of_host,api-node1,api-node2,0,1,1,99.696083,36.951115,99.696083,36.951115,100.000000,100.000000,0.000000,18.000000,14.000000,2.000000,0.000000,18.000000,309.842169,27.864495,50.000000,72.588260,3.000000
2026-05-10T08:39:17.77588798Z,0,per_hit,raw_percent_of_host,api-node1,api-node2,0,1,1,99.696083,36.951115,99.696083,36.951115,100.000000,100.000000,0.000000,17.000000,14.000000,2.000000,0.000000,17.000000,309.842169,27.864495,50.000000,72.588260,3.000000
2026-05-10T08:39:17.826062835Z,0,per_hit,raw_percent_of_host,api-node1,api-node2,0,1,1,99.696083,36.951115,99.696083,36.951115,100.000000,100.000000,0.000000,17.000000,14.000000,2.000000,0.000000,17.000000,309.842169,27.864495,50.000000,72.588260,3.000000
2026-05-10T08:39:17.976151865Z,0,per_hit,raw_percent_of_host,api-node1,api-node2,1,0,1,20.065601,20.707105,20.065601,20.707105,100.000000,100.000000,16.000000,21.000000,1.000000,1.000000,16.000000,21.000000,50.135824,84.800248,74.141381,73.796423,3.000000
2026-05-10T08:39:18.026149148Z,0,per_hit,raw_percent_of_host,api-node1,api-node2,1,0,1,20.065601,20.707105,20.065601,20.707105,100.000000,100.000000,16.000000,25.000000,1.000000,1.000000,16.000000,25.000000,50.135824,84.800248,74.141381,73.580190,3.000000
2026-05-10T08:39:18.076295689Z,0,per_hit,raw_percent_of_host,api-node1,api-node2,1,0,1,20.065601,20.707105,20.065601,20.707105,100.000000,100.000000,16.000000,25.000000,1.000000,1.000000,16.000000,25.000000,50.135824,84.800248,74.141381,73.580190,3.000000
2026-05-10T08:39:18.125454336Z,0,per_hit,raw_percent_of_host,api-node1,api-node2,1,0,1,20.065601,20.707105,20.065601,20.707105,100.000000,100.000000,16.000000,25.000000,1.000000,1.000000,16.000000,25.000000,50.135824,84.800248,74.141381,73.580190,3.000000
2026-05-10T08:39:18.1754221Z,0,per_hit,raw_percent_of_host,api-node1,api-node2,1,0,1,20.065601,20.707105,20.065601,20.707105,100.000000,100.000000,16.000000,24.000000,1.000000,1.000000,16.000000,24.000000,50.135824,84.800248,74.141381,73.633879,3.000000
2026-05-10T08:39:18.225547004Z,0,per_hit,raw_percent_of_host,api-node1,api-node2,1,0,1,20.065601,20.707105,20.065601,20.707105,100.000000,100.000000,16.000000,24.000000,1.000000,1.000000,16.000000,24.000000,50.135824,84.800248,74.141381,73.633879,3.000000
2026-05-10T08:39:18.276258649Z,0,per_hit,raw_percent_of_host,api-node1,api-node2,1,0,1,20.065601,20.707105,20.065601,20.707105,100.000000,100.000000,16.000000,23.000000,1.000000,1.000000,16.000000,23.000000,50.135824,84.800248,74.141381,73.687813,3.000000
2026-05-10T08:39:18.325999474Z,0,per_hit,raw_percent_of_host,api-node1,api-node2,0,1,1,91.288125,20.707105,91.288125,20.707105,100.000000,100.000000,1.000000,23.000000,15.000000,1.000000,1.000000,23.000000,300.843530,84.800248,49.917176,73.687813,3.000000
2026-05-10T08:39:18.375292353Z,0,per_hit,raw_percent_of_host,api-node1,api-node2,0,1,1,91.288125,20.707105,91.288125,20.707105,100.000000,100.000000,0.000000,22.000000,15.000000,1.000000,0.000000,22.000000,300.843530,84.800248,50.000000,73.741994,3.000000
2026-05-10T08:39:18.425439715Z,0,per_hit,raw_percent_of_host,api-node1,api-node2,0,1,1,91.288125,20.707105,91.288125,20.707105,100.000000,100.000000,0.000000,22.000000,15.000000,1.000000,0.000000,22.000000,300.843530,84.800248,50.000000,73.741994,3.000000
2026-05-10T08:39:18.475399084Z,0,per_hit,raw_percent_of_host,api-node1,api-node2,0,1,1,91.288125,20.707105,91.288125,20.707105,100.000000,100.000000,0.000000,21.000000,15.000000,1.000000,0.000000,21.000000,300.843530,84.800248,50.000000,73.796423,3.000000
2026-05-10T08:39:18.525561422Z,0,per_hit,raw_percent_of_host,api-node1,api-node2,0,1,1,91.288125,20.707105,91.288125,20.707105,100.000000,100.000000,0.000000,21.000000,15.000000,1.000000,0.000000,21.000000,300.843530,84.800248,50.000000,73.796423,3.000000
2026-05-10T08:39:18.575720765Z,0,per_hit,raw_percent_of_host,api-node1,api-node2,0,1,1,91.288125,20.707105,91.288125,20.707105,100.000000,100.000000,0.000000,21.000000,15.000000,1.000000,0.000000,21.000000,300.843530,84.800248,50.000000,73.796423,3.000000
2026-05-10T08:39:18.625863458Z,0,per_hit,raw_percent_of_host,api-node1,api-node2,0,1,1,91.288125,20.707105,91.288125,20.707105,100.000000,100.000000,0.000000,21.000000,15.000000,1.000000,0.000000,21.000000,300.843530,84.800248,50.000000,73.796423,3.000000
2026-05-10T08:39:18.67525136Z,0,per_hit,raw_percent_of_host,api-node1,api-node2,1,0,1,12.731300,53.828007,12.731300,53.828007,100.000000,100.000000,0.000000,19.000000,1.000000,17.000000,0.000000,19.000000,50.116595,649.014658,75.000000,48.716165,3.000000
2026-05-10T08:39:18.725403578Z,0,per_hit,raw_percent_of_host,api-node1,api-node2,1,0,1,12.731300,53.828007,12.731300,53.828007,100.000000,100.000000,0.000000,19.000000,1.000000,17.000000,0.000000,19.000000,50.116595,649.014658,75.000000,48.716165,3.000000
2026-05-10T08:39:18.775516233Z,0,per_hit,raw_percent_of_host,api-node1,api-node2,1,0,1,12.731300,47.031434,12.731300,47.031434,100.000000,100.000000,0.000000,1.000000,1.000000,3.000000,0.000000,1.000000,50.116595,105.366670,75.000000,68.729689,3.000000
2026-05-10T08:39:18.976288368Z,0,per_hit,raw_percent_of_host,api-node1,api-node2,0,1,1,0.000000,0.000000,0.000000,0.000000,100.000000,100.000000,20.000000,11.000000,1.000000,1.000000,20.000000,11.000000,50.116595,50.034084,73.935906,74.403427,3.000000
2026-05-10T08:39:19.025998143Z,0,per_hit,raw_percent_of_host,api-node1,api-node2,0,1,1,0.000000,0.000000,0.000000,0.000000,100.000000,100.000000,25.000000,17.000000,1.000000,1.000000,25.000000,17.000000,50.116595,50.034084,73.683887,74.089869,3.000000
2026-05-10T08:39:19.076195154Z,0,per_hit,raw_percent_of_host,api-node1,api-node2,0,1,1,0.000000,0.000000,0.000000,0.000000,100.000000,100.000000,25.000000,17.000000,1.000000,1.000000,25.000000,17.000000,50.116595,50.034084,73.683887,74.089869,3.000000
2026-05-10T08:39:19.125398163Z,0,per_hit,raw_percent_of_host,api-node1,api-node2,0,1,1,0.000000,0.000000,0.000000,0.000000,100.000000,100.000000,25.000000,17.000000,1.000000,1.000000,25.000000,17.000000,50.116595,50.034084,73.683887,74.089869,3.000000
2026-05-10T08:39:19.175469469Z,0,per_hit,raw_percent_of_host,api-node1,api-node2,0,1,1,0.000000,0.000000,0.000000,0.000000,100.000000,100.000000,25.000000,16.000000,1.000000,1.000000,25.000000,16.000000,50.116595,50.034084,73.683887,74.141568,3.000000
2026-05-10T08:39:19.225615589Z,0,per_hit,raw_percent_of_host,api-node1,api-node2,0,1,1,0.000000,0.000000,0.000000,0.000000,100.000000,100.000000,25.000000,16.000000,1.000000,1.000000,25.000000,16.000000,50.116595,50.034084,73.683887,74.141568,3.000000
2026-05-10T08:39:19.275427797Z,0,per_hit,raw_percent_of_host,api-node1,api-node2,1,0,1,0.000000,58.635008,0.000000,58.635008,100.000000,100.000000,25.000000,14.000000,1.000000,9.000000,25.000000,14.000000,50.116595,288.766720,73.683887,60.561664,3.000000
2026-05-10T08:39:19.325946309Z,0,per_hit,raw_percent_of_host,api-node1,api-node2,0,1,1,94.511551,58.635008,94.511551,58.635008,100.000000,100.000000,10.000000,14.000000,16.000000,9.000000,10.000000,14.000000,319.229018,288.766720,49.240650,60.561664,3.000000
2026-05-10T08:39:19.376074006Z,0,per_hit,raw_percent_of_host,api-node1,api-node2,0,1,1,94.511551,58.635008,94.511551,58.635008,100.000000,100.000000,9.000000,14.000000,16.000000,9.000000,9.000000,14.000000,319.229018,288.766720,49.314503,60.561664,3.000000
2026-05-10T08:39:19.426246421Z,0,per_hit,raw_percent_of_host,api-node1,api-node2,0,1,1,94.511551,58.635008,94.511551,58.635008,100.000000,100.000000,8.000000,14.000000,16.000000,9.000000,8.000000,14.000000,319.229018,288.766720,49.388807,60.561664,3.000000
2026-05-10T08:39:19.475666045Z,0,per_hit,raw_percent_of_host,api-node1,api-node2,0,1,1,94.511551,54.542208,94.511551,54.542208,100.000000,100.000000,8.000000,2.000000,16.000000,6.000000,8.000000,2.000000,319.229018,221.933009,49.388807,63.903350,3.000000
2026-05-10T08:39:19.525278195Z,0,per_hit,raw_percent_of_host,api-node1,api-node2,0,1,1,85.132487,54.542208,85.132487,54.542208,100.000000,100.000000,1.000000,2.000000,9.000000,6.000000,1.000000,2.000000,107.613838,221.933009,49.936449,63.903350,3.000000
2026-05-10T08:39:19.97606292Z,0,per_hit,raw_percent_of_host,api-node1,api-node2,0,1,1,0.000000,0.000000,0.000000,0.000000,100.000000,100.000000,30.000000,13.000000,1.000000,1.000000,30.000000,13.000000,50.098560,80.320098,73.437179,74.248867,3.000000
2026-05-10T08:39:20.025997934Z,0,per_hit,raw_percent_of_host,api-node1,api-node2,0,1,1,0.000000,0.000000,0.000000,0.000000,100.000000,100.000000,30.000000,13.000000,1.000000,1.000000,30.000000,13.000000,50.098560,80.320098,73.437179,74.248867,3.000000
2026-05-10T08:39:20.076154561Z,0,per_hit,raw_percent_of_host,api-node1,api-node2,0,1,1,0.000000,0.000000,0.000000,0.000000,100.000000,100.000000,30.000000,13.000000,1.000000,1.000000,30.000000,13.000000,50.098560,80.320098,73.437179,74.248867,3.000000
2026-05-10T08:39:20.125283233Z,0,per_hit,raw_percent_of_host,api-node1,api-node2,0,1,1,0.000000,0.000000,0.000000,0.000000,100.000000,100.000000,30.000000,13.000000,1.000000,1.000000,30.000000,13.000000,50.098560,80.320098,73.437179,74.248867,3.000000
2026-05-10T08:39:20.175258746Z,0,per_hit,raw_percent_of_host,api-node1,api-node2,0,1,1,0.000000,0.000000,0.000000,0.000000,100.000000,100.000000,30.000000,12.000000,1.000000,1.000000,30.000000,12.000000,50.098560,80.320098,73.437179,74.305041,3.000000
2026-05-10T08:39:20.22540225Z,0,per_hit,raw_percent_of_host,api-node1,api-node2,0,1,1,0.000000,0.000000,0.000000,0.000000,100.000000,100.000000,30.000000,12.000000,1.000000,1.000000,30.000000,12.000000,50.098560,80.320098,73.437179,74.305041,3.000000
2026-05-10T08:39:20.276173131Z,0,per_hit,raw_percent_of_host,api-node1,api-node2,0,1,1,0.000000,0.000000,0.000000,0.000000,100.000000,100.000000,30.000000,11.000000,1.000000,1.000000,30.000000,11.000000,50.098560,80.320098,73.437179,74.361475,3.000000
2026-05-10T08:39:20.325283206Z,0,per_hit,raw_percent_of_host,api-node1,api-node2,0,1,1,0.000000,0.000000,0.000000,0.000000,100.000000,100.000000,30.000000,11.000000,1.000000,1.000000,30.000000,11.000000,50.098560,80.320098,73.437179,74.361475,3.000000
2026-05-10T08:39:20.375418772Z,0,per_hit,raw_percent_of_host,api-node1,api-node2,0,1,1,0.000000,0.000000,0.000000,0.000000,100.000000,100.000000,30.000000,11.000000,1.000000,1.000000,30.000000,11.000000,50.098560,80.320098,73.437179,74.361475,3.000000
2026-05-10T08:39:20.425264645Z,0,per_hit,raw_percent_of_host,api-node1,api-node2,1,0,1,0.000000,56.023945,0.000000,56.023945,100.000000,100.000000,30.000000,0.000000,1.000000,10.000000,30.000000,0.000000,50.098560,376.337507,73.437179,56.183125,3.000000
2026-05-10T08:39:20.475415084Z,0,per_hit,raw_percent_of_host,api-node1,api-node2,1,0,1,0.000000,56.023945,0.000000,56.023945,100.000000,100.000000,30.000000,0.000000,1.000000,10.000000,30.000000,0.000000,50.098560,376.337507,73.437179,56.183125,3.000000
2026-05-10T08:39:20.525704996Z,0,per_hit,raw_percent_of_host,api-node1,api-node2,1,0,1,0.000000,56.023945,0.000000,56.023945,100.000000,100.000000,29.000000,0.000000,1.000000,10.000000,29.000000,0.000000,50.098560,376.337507,73.486119,56.183125,3.000000
2026-05-10T08:39:20.575742172Z,0,per_hit,raw_percent_of_host,api-node1,api-node2,0,1,1,98.578738,56.023945,98.578738,56.023945,100.000000,100.000000,18.000000,0.000000,29.000000,10.000000,18.000000,0.000000,580.835268,376.337507,45.958237,56.183125,3.000000
2026-05-10T08:39:20.976049068Z,0,per_hit,raw_percent_of_host,api-node1,api-node2,0,1,1,0.000000,19.951595,0.000000,19.951595,100.000000,100.000000,16.000000,10.000000,1.000000,1.000000,16.000000,10.000000,50.183985,50.049357,74.141292,74.456463,3.000000
2026-05-10T08:39:21.025378588Z,0,per_hit,raw_percent_of_host,api-node1,api-node2,0,1,1,0.000000,19.951595,0.000000,19.951595,100.000000,100.000000,28.000000,16.000000,1.000000,1.000000,28.000000,16.000000,50.183985,50.049357,73.535001,74.141540,3.000000
2026-05-10T08:39:21.075536904Z,0,per_hit,raw_percent_of_host,api-node1,api-node2,0,1,1,0.000000,19.951595,0.000000,19.951595,100.000000,100.000000,28.000000,16.000000,1.000000,1.000000,28.000000,16.000000,50.183985,50.049357,73.535001,74.141540,3.000000
2026-05-10T08:39:21.125685786Z,0,per_hit,raw_percent_of_host,api-node1,api-node2,0,1,1,0.000000,19.951595,0.000000,19.951595,100.000000,100.000000,28.000000,16.000000,1.000000,1.000000,28.000000,16.000000,50.183985,50.049357,73.535001,74.141540,3.000000
2026-05-10T08:39:21.175872207Z,0,per_hit,raw_percent_of_host,api-node1,api-node2,0,1,1,0.000000,19.951595,0.000000,19.951595,100.000000,100.000000,28.000000,16.000000,1.000000,1.000000,28.000000,16.000000,50.183985,50.049357,73.535001,74.141540,3.000000
2026-05-10T08:39:21.226017449Z,0,per_hit,raw_percent_of_host,api-node1,api-node2,0,1,1,0.000000,19.951595,0.000000,19.951595,100.000000,100.000000,28.000000,16.000000,1.000000,1.000000,28.000000,16.000000,50.183985,50.049357,73.535001,74.141540,3.000000
2026-05-10T08:39:21.27576539Z,0,per_hit,raw_percent_of_host,api-node1,api-node2,1,0,1,0.000000,58.506990,0.000000,58.506990,100.000000,100.000000,28.000000,14.000000,1.000000,9.000000,28.000000,14.000000,50.183985,281.305579,73.535001,60.934721,3.000000
2026-05-10T08:39:21.325923409Z,0,per_hit,raw_percent_of_host,api-node1,api-node2,1,0,1,0.000000,58.506990,0.000000,58.506990,100.000000,100.000000,27.000000,14.000000,1.000000,9.000000,27.000000,14.000000,50.183985,281.305579,73.584360,60.934721,3.000000
2026-05-10T08:39:21.376090971Z,0,per_hit,raw_percent_of_host,api-node1,api-node2,1,0,1,0.000000,58.506990,0.000000,58.506990,100.000000,100.000000,27.000000,14.000000,1.000000,9.000000,27.000000,14.000000,50.183985,281.305579,73.584360,60.934721,3.000000
2026-05-10T08:39:21.426255849Z,0,per_hit,raw_percent_of_host,api-node1,api-node2,1,0,1,0.000000,58.506990,0.000000,58.506990,100.000000,100.000000,27.000000,14.000000,1.000000,9.000000,27.000000,14.000000,50.183985,281.305579,73.584360,60.934721,3.000000
2026-05-10T08:39:21.476267164Z,0,per_hit,raw_percent_of_host,api-node1,api-node2,0,1,1,95.615615,58.506990,95.615615,58.506990,100.000000,100.000000,26.000000,2.000000,24.000000,9.000000,26.000000,2.000000,335.131755,281.305579,48.200103,60.934721,3.000000
2026-05-10T08:39:21.526147657Z,0,per_hit,raw_percent_of_host,api-node1,api-node2,0,1,1,95.615615,58.506990,95.615615,58.506990,100.000000,100.000000,26.000000,1.000000,24.000000,9.000000,26.000000,1.000000,335.131755,281.305579,48.200103,60.934721,3.000000
2026-05-10T08:39:21.9755221Z,0,per_hit,raw_percent_of_host,api-node1,api-node2,1,0,1,0.000000,0.000000,0.000000,0.000000,100.000000,100.000000,21.000000,24.000000,1.000000,1.000000,21.000000,24.000000,50.042354,79.756255,73.885250,73.649390,3.000000
2026-05-10T08:39:22.025867955Z,0,per_hit,raw_percent_of_host,api-node1,api-node2,1,0,1,0.000000,0.000000,0.000000,0.000000,100.000000,100.000000,21.000000,24.000000,1.000000,1.000000,21.000000,24.000000,50.042354,79.756255,73.885250,73.649390,3.000000
2026-05-10T08:39:22.07554791Z,0,per_hit,raw_percent_of_host,api-node1,api-node2,0,1,1,68.522012,0.000000,68.522012,0.000000,100.000000,100.000000,21.000000,24.000000,4.000000,1.000000,21.000000,24.000000,50.042354,79.756255,62.859511,73.649390,3.000000
2026-05-10T08:39:22.125698928Z,0,per_hit,raw_percent_of_host,api-node1,api-node2,0,1,1,68.522012,0.000000,68.522012,0.000000,100.000000,100.000000,21.000000,24.000000,4.000000,1.000000,21.000000,24.000000,50.042354,79.756255,62.859511,73.649390,3.000000
2026-05-10T08:39:22.176098424Z,0,per_hit,raw_percent_of_host,api-node1,api-node2,0,1,1,68.522012,0.000000,68.522012,0.000000,100.000000,100.000000,21.000000,23.000000,4.000000,1.000000,21.000000,23.000000,50.042354,79.756255,62.859511,73.702745,3.000000
2026-05-10T08:39:22.226235572Z,0,per_hit,raw_percent_of_host,api-node1,api-node2,0,1,1,68.522012,0.000000,68.522012,0.000000,100.000000,100.000000,21.000000,23.000000,4.000000,1.000000,21.000000,23.000000,50.042354,79.756255,62.859511,73.702745,3.000000
2026-05-10T08:39:22.276124117Z,0,per_hit,raw_percent_of_host,api-node1,api-node2,0,1,1,68.522012,0.000000,68.522012,0.000000,100.000000,100.000000,21.000000,22.000000,4.000000,1.000000,21.000000,22.000000,50.042354,79.756255,62.859511,73.756342,3.000000
2026-05-10T08:39:22.326267189Z,0,per_hit,raw_percent_of_host,api-node1,api-node2,0,1,1,68.522012,0.000000,68.522012,0.000000,100.000000,100.000000,21.000000,22.000000,4.000000,1.000000,21.000000,22.000000,50.042354,79.756255,62.859511,73.756342,3.000000
2026-05-10T08:39:22.375741147Z,0,per_hit,raw_percent_of_host,api-node1,api-node2,0,1,1,68.522012,0.000000,68.522012,0.000000,100.000000,100.000000,21.000000,21.000000,4.000000,1.000000,21.000000,21.000000,50.042354,79.756255,62.859511,73.810181,3.000000
2026-05-10T08:39:22.425302363Z,0,per_hit,raw_percent_of_host,api-node1,api-node2,0,1,1,68.522012,0.000000,68.522012,0.000000,100.000000,100.000000,1.000000,21.000000,4.000000,1.000000,1.000000,21.000000,50.042354,79.756255,64.968873,73.810181,3.000000
2026-05-10T08:39:22.475290635Z,0,per_hit,raw_percent_of_host,api-node1,api-node2,0,1,1,68.522012,0.000000,68.522012,0.000000,100.000000,100.000000,0.000000,20.000000,4.000000,1.000000,0.000000,20.000000,50.042354,79.756255,65.080529,73.864266,3.000000
2026-05-10T08:39:22.525410247Z,0,per_hit,raw_percent_of_host,api-node1,api-node2,0,1,1,68.522012,0.000000,68.522012,0.000000,100.000000,100.000000,0.000000,20.000000,4.000000,1.000000,0.000000,20.000000,50.042354,79.756255,65.080529,73.864266,3.000000
2026-05-10T08:39:22.575581664Z,0,per_hit,raw_percent_of_host,api-node1,api-node2,0,1,1,68.522012,0.000000,68.522012,0.000000,100.000000,100.000000,0.000000,20.000000,4.000000,1.000000,0.000000,20.000000,50.042354,79.756255,65.080529,73.864266,3.000000
2026-05-10T08:39:22.625710401Z,0,per_hit,raw_percent_of_host,api-node1,api-node2,0,1,1,68.522012,0.000000,68.522012,0.000000,100.000000,100.000000,0.000000,20.000000,4.000000,1.000000,0.000000,20.000000,50.042354,79.756255,65.080529,73.864266,3.000000
2026-05-10T08:39:22.67607936Z,0,per_hit,raw_percent_of_host,api-node1,api-node2,0,1,1,68.522012,0.000000,68.522012,0.000000,100.000000,100.000000,0.000000,19.000000,4.000000,1.000000,0.000000,19.000000,50.042354,79.756255,65.080529,73.918596,3.000000
2026-05-10T08:39:22.726251083Z,0,per_hit,raw_percent_of_host,api-node1,api-node2,0,1,1,68.522012,0.000000,68.522012,0.000000,100.000000,100.000000,0.000000,19.000000,4.000000,1.000000,0.000000,19.000000,50.042354,79.756255,65.080529,73.918596,3.000000
2026-05-10T08:39:22.975660825Z,0,per_hit,raw_percent_of_host,api-node1,api-node2,1,0,1,0.000000,0.000000,0.000000,0.000000,100.000000,100.000000,21.000000,25.000000,1.000000,1.000000,21.000000,25.000000,50.050025,87.897913,73.885232,73.570128,3.000000
2026-05-10T08:39:23.026039395Z,0,per_hit,raw_percent_of_host,api-node1,api-node2,1,0,1,0.000000,0.000000,0.000000,0.000000,100.000000,100.000000,21.000000,25.000000,1.000000,1.000000,21.000000,25.000000,50.050025,87.897913,73.885232,73.570128,3.000000
2026-05-10T08:39:23.076193047Z,0,per_hit,raw_percent_of_host,api-node1,api-node2,1,0,1,0.000000,0.000000,0.000000,0.000000,100.000000,100.000000,21.000000,25.000000,1.000000,1.000000,21.000000,25.000000,50.050025,87.897913,73.885232,73.570128,3.000000
2026-05-10T08:39:23.125292357Z,0,per_hit,raw_percent_of_host,api-node1,api-node2,1,0,1,0.000000,0.000000,0.000000,0.000000,100.000000,100.000000,21.000000,25.000000,1.000000,1.000000,21.000000,25.000000,50.050025,87.897913,73.885232,73.570128,3.000000
2026-05-10T08:39:23.175456995Z,0,per_hit,raw_percent_of_host,api-node1,api-node2,1,0,1,0.000000,0.000000,0.000000,0.000000,100.000000,100.000000,21.000000,25.000000,1.000000,1.000000,21.000000,25.000000,50.050025,87.897913,73.885232,73.570128,3.000000
2026-05-10T08:39:23.225605845Z,0,per_hit,raw_percent_of_host,api-node1,api-node2,1,0,1,0.000000,0.000000,0.000000,0.000000,100.000000,100.000000,21.000000,25.000000,1.000000,1.000000,21.000000,25.000000,50.050025,87.897913,73.885232,73.570128,3.000000
2026-05-10T08:39:23.275542915Z,0,per_hit,raw_percent_of_host,api-node1,api-node2,0,1,1,88.317314,0.000000,88.317314,0.000000,100.000000,100.000000,21.000000,24.000000,15.000000,1.000000,21.000000,24.000000,50.050025,87.897913,48.885232,73.624175,3.000000
2026-05-10T08:39:23.325722391Z,0,per_hit,raw_percent_of_host,api-node1,api-node2,0,1,1,88.317314,0.000000,88.317314,0.000000,100.000000,100.000000,21.000000,24.000000,15.000000,1.000000,21.000000,24.000000,50.050025,87.897913,48.885232,73.624175,3.000000
2026-05-10T08:39:23.376183773Z,0,per_hit,raw_percent_of_host,api-node1,api-node2,0,1,1,88.317314,0.000000,88.317314,0.000000,100.000000,100.000000,21.000000,23.000000,15.000000,1.000000,21.000000,23.000000,50.050025,87.897913,48.885232,73.678471,3.000000
2026-05-10T08:39:23.425451418Z,0,per_hit,raw_percent_of_host,api-node1,api-node2,0,1,1,88.317314,0.000000,88.317314,0.000000,100.000000,100.000000,1.000000,23.000000,15.000000,1.000000,1.000000,23.000000,50.050025,87.897913,49.944561,73.678471,3.000000
2026-05-10T08:39:23.47538654Z,0,per_hit,raw_percent_of_host,api-node1,api-node2,0,1,1,88.317314,0.000000,88.317314,0.000000,100.000000,100.000000,0.000000,22.000000,15.000000,1.000000,0.000000,22.000000,50.050025,87.897913,50.000000,73.733017,3.000000
2026-05-10T08:39:23.525550073Z,0,per_hit,raw_percent_of_host,api-node1,api-node2,0,1,1,88.317314,0.000000,88.317314,0.000000,100.000000,100.000000,0.000000,22.000000,15.000000,1.000000,0.000000,22.000000,50.050025,87.897913,50.000000,73.733017,3.000000
2026-05-10T08:39:23.576255223Z,0,per_hit,raw_percent_of_host,api-node1,api-node2,0,1,1,88.317314,0.000000,88.317314,0.000000,100.000000,100.000000,0.000000,21.000000,15.000000,1.000000,0.000000,21.000000,50.050025,87.897913,50.000000,73.787815,3.000000
2026-05-10T08:39:23.625381934Z,0,per_hit,raw_percent_of_host,api-node1,api-node2,0,1,1,88.317314,0.000000,88.317314,0.000000,100.000000,100.000000,0.000000,21.000000,15.000000,1.000000,0.000000,21.000000,50.050025,87.897913,50.000000,73.787815,3.000000
2026-05-10T08:39:23.675385301Z,0,per_hit,raw_percent_of_host,api-node1,api-node2,0,1,1,88.317314,0.000000,88.317314,0.000000,100.000000,100.000000,0.000000,20.000000,15.000000,1.000000,0.000000,20.000000,50.050025,87.897913,50.000000,73.842866,3.000000
2026-05-10T08:39:23.725608221Z,0,per_hit,raw_percent_of_host,api-node1,api-node2,0,1,1,88.317314,0.000000,88.317314,0.000000,100.000000,100.000000,0.000000,20.000000,15.000000,1.000000,0.000000,20.000000,50.050025,87.897913,50.000000,73.842866,3.000000
2026-05-10T08:39:23.775684482Z,0,per_hit,raw_percent_of_host,api-node1,api-node2,1,0,1,88.317314,53.216468,88.317314,53.216468,100.000000,100.000000,0.000000,2.000000,15.000000,19.000000,0.000000,2.000000,50.050025,780.710966,50.000000,49.823141,3.000000
2026-05-10T08:39:23.826020789Z,0,per_hit,raw_percent_of_host,api-node1,api-node2,1,0,1,32.388489,53.216468,32.388489,53.216468,100.000000,100.000000,0.000000,1.000000,1.000000,19.000000,0.000000,1.000000,50.043344,780.710966,71.889968,49.911257,3.000000
2026-05-10T08:39:23.975853344Z,0,per_hit,raw_percent_of_host,api-node1,api-node2,1,0,1,0.000000,0.000000,0.000000,0.000000,100.000000,100.000000,22.000000,25.000000,1.000000,1.000000,22.000000,25.000000,50.043344,79.589984,73.834639,73.596799,3.000000
2026-05-10T08:39:24.025902805Z,0,per_hit,raw_percent_of_host,api-node1,api-node2,1,0,1,0.000000,78.208313,0.000000,78.208313,100.000000,100.000000,22.000000,25.000000,1.000000,3.000000,22.000000,25.000000,50.043344,79.589984,73.834639,48.097250,3.000000
2026-05-10T08:39:24.076064938Z,0,per_hit,raw_percent_of_host,api-node1,api-node2,1,0,1,0.000000,78.208313,0.000000,78.208313,100.000000,100.000000,22.000000,25.000000,1.000000,3.000000,22.000000,25.000000,50.043344,79.589984,73.834639,48.097250,3.000000
2026-05-10T08:39:24.126220393Z,0,per_hit,raw_percent_of_host,api-node1,api-node2,1,0,1,0.000000,78.208313,0.000000,78.208313,100.000000,100.000000,22.000000,25.000000,1.000000,3.000000,22.000000,25.000000,50.043344,79.589984,73.834639,48.097250,3.000000
2026-05-10T08:39:24.175780756Z,0,per_hit,raw_percent_of_host,api-node1,api-node2,1,0,1,0.000000,78.208313,0.000000,78.208313,100.000000,100.000000,22.000000,24.000000,1.000000,3.000000,22.000000,24.000000,50.043344,79.589984,73.834639,48.167782,3.000000
2026-05-10T08:39:24.225932589Z,0,per_hit,raw_percent_of_host,api-node1,api-node2,1,0,1,0.000000,78.208313,0.000000,78.208313,100.000000,100.000000,22.000000,24.000000,1.000000,3.000000,22.000000,24.000000,50.043344,79.589984,73.834639,48.167782,3.000000
2026-05-10T08:39:24.276267372Z,0,per_hit,raw_percent_of_host,api-node1,api-node2,1,0,1,0.000000,78.208313,0.000000,78.208313,100.000000,100.000000,22.000000,23.000000,1.000000,3.000000,22.000000,23.000000,50.043344,79.589984,73.834639,48.238746,3.000000
2026-05-10T08:39:24.325450599Z,0,per_hit,raw_percent_of_host,api-node1,api-node2,1,0,1,0.000000,78.208313,0.000000,78.208313,100.000000,100.000000,22.000000,23.000000,1.000000,3.000000,22.000000,23.000000,50.043344,79.589984,73.834639,48.238746,3.000000
2026-05-10T08:39:24.375359424Z,0,per_hit,raw_percent_of_host,api-node1,api-node2,1,0,1,0.000000,78.208313,0.000000,78.208313,100.000000,100.000000,22.000000,22.000000,1.000000,3.000000,22.000000,22.000000,50.043344,79.589984,73.834639,48.310146,3.000000
2026-05-10T08:39:24.425231724Z,0,per_hit,raw_percent_of_host,api-node1,api-node2,1,0,1,95.908353,78.208313,95.908353,78.208313,100.000000,100.000000,2.000000,22.000000,22.000000,3.000000,2.000000,22.000000,440.526711,79.589984,49.887012,48.310146,3.000000
2026-05-10T08:39:24.475310044Z,0,per_hit,raw_percent_of_host,api-node1,api-node2,1,0,1,100.000000,78.208313,100.000000,78.208313,100.000000,100.000000,0.000000,21.000000,3.000000,3.000000,0.000000,21.000000,50.040559,79.589984,50.000000,48.381986,3.000000
2026-05-10T08:39:24.525481843Z,0,per_hit,raw_percent_of_host,api-node1,api-node2,1,0,1,100.000000,78.208313,100.000000,78.208313,100.000000,100.000000,0.000000,21.000000,3.000000,3.000000,0.000000,21.000000,50.040559,79.589984,50.000000,48.381986,3.000000
2026-05-10T08:39:24.575467371Z,0,per_hit,raw_percent_of_host,api-node1,api-node2,1,0,1,100.000000,78.208313,100.000000,78.208313,100.000000,100.000000,0.000000,20.000000,3.000000,3.000000,0.000000,20.000000,50.040559,79.589984,50.000000,48.454271,3.000000
2026-05-10T08:39:24.625637469Z,0,per_hit,raw_percent_of_host,api-node1,api-node2,1,0,1,100.000000,78.208313,100.000000,78.208313,100.000000,100.000000,0.000000,20.000000,3.000000,3.000000,0.000000,20.000000,50.040559,79.589984,50.000000,48.454271,3.000000
2026-05-10T08:39:24.675864561Z,0,per_hit,raw_percent_of_host,api-node1,api-node2,1,0,1,100.000000,78.208313,100.000000,78.208313,100.000000,100.000000,0.000000,19.000000,3.000000,3.000000,0.000000,19.000000,50.040559,79.589984,50.000000,48.527003,3.000000
2026-05-10T08:39:24.725986604Z,0,per_hit,raw_percent_of_host,api-node1,api-node2,1,0,1,100.000000,78.208313,100.000000,78.208313,100.000000,100.000000,0.000000,19.000000,3.000000,3.000000,0.000000,19.000000,50.040559,79.589984,50.000000,48.527003,3.000000
2026-05-10T08:39:24.775819818Z,0,per_hit,raw_percent_of_host,api-node1,api-node2,1,0,1,0.000000,51.368090,0.000000,51.368090,100.000000,100.000000,0.000000,1.000000,1.000000,9.000000,0.000000,1.000000,50.045978,403.197734,75.000000,55.111112,3.000000
2026-05-10T08:39:24.975218648Z,0,per_hit,raw_percent_of_host,api-node1,api-node2,1,0,1,0.000000,0.000000,0.000000,0.000000,100.000000,100.000000,4.000000,5.000000,1.000000,1.000000,4.000000,5.000000,50.045978,50.055570,74.779713,74.725241,3.000000
2026-05-10T08:39:25.025776706Z,0,per_hit,raw_percent_of_host,api-node1,api-node2,1,0,1,0.000000,0.000000,0.000000,0.000000,100.000000,100.000000,21.000000,26.000000,1.000000,1.000000,21.000000,26.000000,50.045978,50.055570,73.885242,73.634294,3.000000
2026-05-10T08:39:25.075692406Z,0,per_hit,raw_percent_of_host,api-node1,api-node2,1,0,1,0.000000,0.000000,0.000000,0.000000,100.000000,100.000000,20.000000,26.000000,1.000000,1.000000,20.000000,26.000000,50.045978,50.055570,73.936066,73.634294,3.000000
2026-05-10T08:39:25.125863473Z,0,per_hit,raw_percent_of_host,api-node1,api-node2,1,0,1,0.000000,0.000000,0.000000,0.000000,100.000000,100.000000,20.000000,26.000000,1.000000,1.000000,20.000000,26.000000,50.045978,50.055570,73.936066,73.634294,3.000000
2026-05-10T08:39:25.175389819Z,0,per_hit,raw_percent_of_host,api-node1,api-node2,1,0,1,0.000000,0.000000,0.000000,0.000000,100.000000,100.000000,20.000000,25.000000,1.000000,1.000000,20.000000,25.000000,50.045978,50.055570,73.936066,73.684057,3.000000
2026-05-10T08:39:25.225540179Z,0,per_hit,raw_percent_of_host,api-node1,api-node2,1,0,1,0.000000,0.000000,0.000000,0.000000,100.000000,100.000000,20.000000,25.000000,1.000000,1.000000,20.000000,25.000000,50.045978,50.055570,73.936066,73.684057,3.000000
2026-05-10T08:39:25.275949141Z,0,per_hit,raw_percent_of_host,api-node1,api-node2,1,0,1,0.000000,0.000000,0.000000,0.000000,100.000000,100.000000,20.000000,23.000000,1.000000,1.000000,20.000000,23.000000,50.045978,50.055570,73.936066,73.784212,3.000000
2026-05-10T08:39:25.326109065Z,0,per_hit,raw_percent_of_host,api-node1,api-node2,1,0,1,0.000000,0.000000,0.000000,0.000000,100.000000,100.000000,20.000000,23.000000,1.000000,1.000000,20.000000,23.000000,50.045978,50.055570,73.936066,73.784212,3.000000
2026-05-10T08:39:25.37587635Z,0,per_hit,raw_percent_of_host,api-node1,api-node2,1,0,1,0.000000,0.000000,0.000000,0.000000,100.000000,100.000000,20.000000,22.000000,1.000000,1.000000,20.000000,22.000000,50.045978,50.055570,73.936066,73.834609,3.000000
2026-05-10T08:39:25.426152081Z,0,per_hit,raw_percent_of_host,api-node1,api-node2,0,1,1,90.142687,0.000000,90.142687,0.000000,100.000000,100.000000,0.000000,22.000000,20.000000,1.000000,0.000000,22.000000,399.628038,50.055570,50.000000,73.834609,3.000000
2026-05-10T08:39:25.475543675Z,0,per_hit,raw_percent_of_host,api-node1,api-node2,0,1,1,90.142687,0.000000,90.142687,0.000000,100.000000,100.000000,0.000000,21.000000,20.000000,1.000000,0.000000,21.000000,399.628038,50.055570,50.000000,73.885219,3.000000
2026-05-10T08:39:25.525721589Z,0,per_hit,raw_percent_of_host,api-node1,api-node2,0,1,1,90.142687,0.000000,90.142687,0.000000,100.000000,100.000000,0.000000,21.000000,20.000000,1.000000,0.000000,21.000000,399.628038,50.055570,50.000000,73.885219,3.000000
2026-05-10T08:39:25.57587266Z,0,per_hit,raw_percent_of_host,api-node1,api-node2,0,1,1,90.142687,0.000000,90.142687,0.000000,100.000000,100.000000,0.000000,21.000000,20.000000,1.000000,0.000000,21.000000,399.628038,50.055570,50.000000,73.885219,3.000000
2026-05-10T08:39:25.625888958Z,0,per_hit,raw_percent_of_host,api-node1,api-node2,0,1,1,90.142687,0.000000,90.142687,0.000000,100.000000,100.000000,0.000000,21.000000,20.000000,1.000000,0.000000,21.000000,399.628038,50.055570,50.000000,73.885219,3.000000
2026-05-10T08:39:25.675870372Z,0,per_hit,raw_percent_of_host,api-node1,api-node2,1,0,1,10.840223,52.464767,10.840223,52.464767,100.000000,100.000000,0.000000,20.000000,1.000000,15.000000,0.000000,20.000000,50.047414,59.634723,75.000000,71.701536,3.000000
2026-05-10T08:39:25.725996874Z,0,per_hit,raw_percent_of_host,api-node1,api-node2,1,0,1,10.840223,52.464767,10.840223,52.464767,100.000000,100.000000,0.000000,20.000000,1.000000,15.000000,0.000000,20.000000,50.047414,59.634723,75.000000,71.701536,3.000000
2026-05-10T08:39:25.77623935Z,0,per_hit,raw_percent_of_host,api-node1,api-node2,1,0,1,10.840223,52.464767,10.840223,52.464767,100.000000,100.000000,0.000000,18.000000,1.000000,15.000000,0.000000,18.000000,50.047414,59.634723,75.000000,71.701536,3.000000
2026-05-10T08:39:25.825636946Z,0,per_hit,raw_percent_of_host,api-node1,api-node2,1,0,1,10.840223,52.464767,10.840223,52.464767,100.000000,100.000000,0.000000,18.000000,1.000000,15.000000,0.000000,18.000000,50.047414,59.634723,75.000000,71.701536,3.000000
2026-05-10T08:39:25.975542853Z,0,per_hit,raw_percent_of_host,api-node1,api-node2,1,0,1,0.000000,0.000000,0.000000,0.000000,100.000000,100.000000,21.000000,26.000000,1.000000,1.000000,21.000000,26.000000,50.047414,61.068132,73.885238,73.601946,3.000000
2026-05-10T08:39:26.025932818Z,0,per_hit,raw_percent_of_host,api-node1,api-node2,1,0,1,0.000000,0.000000,0.000000,0.000000,100.000000,100.000000,21.000000,27.000000,1.000000,1.000000,21.000000,27.000000,50.047414,61.068132,73.885238,73.551290,3.000000
2026-05-10T08:39:26.07609874Z,0,per_hit,raw_percent_of_host,api-node1,api-node2,1,0,1,0.000000,0.000000,0.000000,0.000000,100.000000,100.000000,21.000000,27.000000,1.000000,1.000000,21.000000,27.000000,50.047414,61.068132,73.885238,73.551290,3.000000
2026-05-10T08:39:26.126250699Z,0,per_hit,raw_percent_of_host,api-node1,api-node2,1,0,1,0.000000,0.000000,0.000000,0.000000,100.000000,100.000000,21.000000,27.000000,1.000000,1.000000,21.000000,27.000000,50.047414,61.068132,73.885238,73.551290,3.000000
2026-05-10T08:39:26.1761979Z,0,per_hit,raw_percent_of_host,api-node1,api-node2,1,0,1,0.000000,0.000000,0.000000,0.000000,100.000000,100.000000,21.000000,26.000000,1.000000,1.000000,21.000000,26.000000,50.047414,61.068132,73.885238,73.601946,3.000000
2026-05-10T08:39:26.225299644Z,0,per_hit,raw_percent_of_host,api-node1,api-node2,1,0,1,0.000000,0.000000,0.000000,0.000000,100.000000,100.000000,21.000000,26.000000,1.000000,1.000000,21.000000,26.000000,50.047414,61.068132,73.885238,73.601946,3.000000
2026-05-10T08:39:26.275586583Z,0,per_hit,raw_percent_of_host,api-node1,api-node2,1,0,1,0.000000,0.000000,0.000000,0.000000,100.000000,100.000000,21.000000,25.000000,1.000000,1.000000,21.000000,25.000000,50.047414,61.068132,73.885238,73.652819,3.000000
2026-05-10T08:39:26.325750306Z,0,per_hit,raw_percent_of_host,api-node1,api-node2,1,0,1,0.000000,0.000000,0.000000,0.000000,100.000000,100.000000,21.000000,25.000000,1.000000,1.000000,21.000000,25.000000,50.047414,61.068132,73.885238,73.652819,3.000000
2026-05-10T08:39:26.376175392Z,0,per_hit,raw_percent_of_host,api-node1,api-node2,1,0,1,0.000000,0.000000,0.000000,0.000000,100.000000,100.000000,21.000000,25.000000,1.000000,1.000000,21.000000,25.000000,50.047414,61.068132,73.885238,73.652819,3.000000
2026-05-10T08:39:26.425606791Z,0,per_hit,raw_percent_of_host,api-node1,api-node2,0,1,1,93.541804,0.000000,93.541804,0.000000,100.000000,100.000000,1.000000,25.000000,21.000000,1.000000,1.000000,25.000000,421.732231,61.068132,49.940861,73.652819,3.000000
2026-05-10T08:39:26.475686654Z,0,per_hit,raw_percent_of_host,api-node1,api-node2,0,1,1,93.541804,0.000000,93.541804,0.000000,100.000000,100.000000,0.000000,23.000000,21.000000,1.000000,0.000000,23.000000,421.732231,61.068132,50.000000,73.755228,3.000000
2026-05-10T08:39:26.525866682Z,0,per_hit,raw_percent_of_host,api-node1,api-node2,0,1,1,93.541804,0.000000,93.541804,0.000000,100.000000,100.000000,0.000000,23.000000,21.000000,1.000000,0.000000,23.000000,421.732231,61.068132,50.000000,73.755228,3.000000
2026-05-10T08:39:26.575647178Z,0,per_hit,raw_percent_of_host,api-node1,api-node2,0,1,1,93.541804,0.000000,93.541804,0.000000,100.000000,100.000000,0.000000,23.000000,21.000000,1.000000,0.000000,23.000000,421.732231,61.068132,50.000000,73.755228,3.000000
2026-05-10T08:39:26.625819978Z,0,per_hit,raw_percent_of_host,api-node1,api-node2,0,1,1,93.541804,0.000000,93.541804,0.000000,100.000000,100.000000,0.000000,23.000000,21.000000,1.000000,0.000000,23.000000,421.732231,61.068132,50.000000,73.755228,3.000000
2026-05-10T08:39:26.675632189Z,0,per_hit,raw_percent_of_host,api-node1,api-node2,0,1,1,93.541804,0.000000,93.541804,0.000000,100.000000,100.000000,0.000000,22.000000,21.000000,1.000000,0.000000,22.000000,421.732231,61.068132,50.000000,73.806765,3.000000
2026-05-10T08:39:26.725792904Z,0,per_hit,raw_percent_of_host,api-node1,api-node2,0,1,1,93.541804,0.000000,93.541804,0.000000,100.000000,100.000000,0.000000,22.000000,21.000000,1.000000,0.000000,22.000000,421.732231,61.068132,50.000000,73.806765,3.000000
2026-05-10T08:39:26.775615362Z,0,per_hit,raw_percent_of_host,api-node1,api-node2,1,0,1,93.541804,54.543352,93.541804,54.543352,100.000000,100.000000,0.000000,20.000000,21.000000,20.000000,0.000000,20.000000,421.732231,790.588118,50.000000,48.390151,3.000000
2026-05-10T08:39:26.826018694Z,0,per_hit,raw_percent_of_host,api-node1,api-node2,1,0,1,7.678528,54.543352,7.678528,54.543352,100.000000,100.000000,0.000000,20.000000,1.000000,20.000000,0.000000,20.000000,50.044851,790.588118,75.000000,48.390151,3.000000
2026-05-10T08:39:26.975916787Z,0,per_hit,raw_percent_of_host,api-node1,api-node2,0,1,1,0.000000,0.000000,0.000000,0.000000,100.000000,100.000000,28.000000,19.000000,1.000000,1.000000,28.000000,19.000000,50.044851,83.700431,73.535427,73.908797,3.000000
2026-05-10T08:39:27.025514628Z,0,per_hit,raw_percent_of_host,api-node1,api-node2,0,1,1,0.000000,0.000000,0.000000,0.000000,100.000000,100.000000,29.000000,20.000000,1.000000,1.000000,29.000000,20.000000,50.044851,83.700431,73.486288,73.853998,3.000000
2026-05-10T08:39:27.075686643Z,0,per_hit,raw_percent_of_host,api-node1,api-node2,0,1,1,0.000000,0.000000,0.000000,0.000000,100.000000,100.000000,29.000000,20.000000,1.000000,1.000000,29.000000,20.000000,50.044851,83.700431,73.486288,73.853998,3.000000
2026-05-10T08:39:27.125841322Z,0,per_hit,raw_percent_of_host,api-node1,api-node2,0,1,1,0.000000,0.000000,0.000000,0.000000,100.000000,100.000000,29.000000,20.000000,1.000000,1.000000,29.000000,20.000000,50.044851,83.700431,73.486288,73.853998,3.000000
2026-05-10T08:39:27.175759162Z,0,per_hit,raw_percent_of_host,api-node1,api-node2,0,1,1,0.000000,0.000000,0.000000,0.000000,100.000000,100.000000,29.000000,19.000000,1.000000,1.000000,29.000000,19.000000,50.044851,83.700431,73.486288,73.908797,3.000000
2026-05-10T08:39:27.225877771Z,0,per_hit,raw_percent_of_host,api-node1,api-node2,0,1,1,0.000000,0.000000,0.000000,0.000000,100.000000,100.000000,29.000000,19.000000,1.000000,1.000000,29.000000,19.000000,50.044851,83.700431,73.486288,73.908797,3.000000
2026-05-10T08:39:27.276153815Z,0,per_hit,raw_percent_of_host,api-node1,api-node2,0,1,1,0.000000,0.000000,0.000000,0.000000,100.000000,100.000000,29.000000,18.000000,1.000000,1.000000,29.000000,18.000000,50.044851,83.700431,73.486288,73.963849,3.000000
2026-05-10T08:39:27.325249072Z,0,per_hit,raw_percent_of_host,api-node1,api-node2,0,1,1,0.000000,0.000000,0.000000,0.000000,100.000000,100.000000,29.000000,18.000000,1.000000,1.000000,29.000000,18.000000,50.044851,83.700431,73.486288,73.963849,3.000000
2026-05-10T08:39:27.375942619Z,0,per_hit,raw_percent_of_host,api-node1,api-node2,0,1,1,0.000000,0.000000,0.000000,0.000000,100.000000,100.000000,29.000000,17.000000,1.000000,1.000000,29.000000,17.000000,50.044851,83.700431,73.486288,74.019154,3.000000
2026-05-10T08:39:27.426080315Z,0,per_hit,raw_percent_of_host,api-node1,api-node2,0,1,1,0.000000,0.000000,0.000000,0.000000,100.000000,100.000000,28.000000,17.000000,1.000000,1.000000,28.000000,17.000000,50.044851,83.700431,73.535427,74.019154,3.000000
2026-05-10T08:39:27.475832401Z,0,per_hit,raw_percent_of_host,api-node1,api-node2,0,1,1,96.035765,0.000000,96.035765,0.000000,100.000000,100.000000,6.000000,17.000000,23.000000,1.000000,6.000000,17.000000,443.897157,83.700431,49.666590,74.019154,3.000000
2026-05-10T08:39:27.525974653Z,0,per_hit,raw_percent_of_host,api-node1,api-node2,0,1,1,96.035765,0.000000,96.035765,0.000000,100.000000,100.000000,6.000000,17.000000,23.000000,1.000000,6.000000,17.000000,443.897157,83.700431,49.666590,74.019154,3.000000
2026-05-10T08:39:27.575927863Z,0,per_hit,raw_percent_of_host,api-node1,api-node2,1,0,1,96.035765,54.525683,96.035765,54.525683,100.000000,100.000000,2.000000,14.000000,23.000000,15.000000,2.000000,14.000000,443.897157,571.896668,49.887867,49.196871,3.000000
2026-05-10T08:39:27.626020682Z,0,per_hit,raw_percent_of_host,api-node1,api-node2,1,0,1,98.225261,54.525683,98.225261,54.525683,100.000000,100.000000,0.000000,14.000000,2.000000,15.000000,0.000000,14.000000,50.099364,571.896668,50.000000,49.196871,3.000000
2026-05-10T08:39:27.976103845Z,0,per_hit,raw_percent_of_host,api-node1,api-node2,1,0,1,0.000000,0.000000,0.000000,0.000000,100.000000,100.000000,23.000000,24.000000,1.000000,1.000000,23.000000,24.000000,50.336466,82.754285,73.783490,73.640213,3.000000
2026-05-10T08:39:28.026003331Z,0,per_hit,raw_percent_of_host,api-node1,api-node2,1,0,1,0.000000,0.000000,0.000000,0.000000,100.000000,100.000000,24.000000,25.000000,1.000000,1.000000,24.000000,25.000000,50.336466,82.754285,73.733278,73.586758,3.000000
2026-05-10T08:39:28.076163503Z,0,per_hit,raw_percent_of_host,api-node1,api-node2,1,0,1,0.000000,0.000000,0.000000,0.000000,100.000000,100.000000,24.000000,25.000000,1.000000,1.000000,24.000000,25.000000,50.336466,82.754285,73.733278,73.586758,3.000000
2026-05-10T08:39:28.125280709Z,0,per_hit,raw_percent_of_host,api-node1,api-node2,1,0,1,0.000000,0.000000,0.000000,0.000000,100.000000,100.000000,24.000000,25.000000,1.000000,1.000000,24.000000,25.000000,50.336466,82.754285,73.733278,73.586758,3.000000
2026-05-10T08:39:28.175310714Z,0,per_hit,raw_percent_of_host,api-node1,api-node2,1,0,1,0.000000,0.000000,0.000000,0.000000,100.000000,100.000000,24.000000,24.000000,1.000000,1.000000,24.000000,24.000000,50.336466,82.754285,73.733278,73.640213,3.000000
2026-05-10T08:39:28.22570627Z,0,per_hit,raw_percent_of_host,api-node1,api-node2,1,0,1,0.000000,0.000000,0.000000,0.000000,100.000000,100.000000,24.000000,24.000000,1.000000,1.000000,24.000000,24.000000,50.336466,82.754285,73.733278,73.640213,3.000000
2026-05-10T08:39:28.276190347Z,0,per_hit,raw_percent_of_host,api-node1,api-node2,1,0,1,0.000000,0.000000,0.000000,0.000000,100.000000,100.000000,24.000000,23.000000,1.000000,1.000000,24.000000,23.000000,50.336466,82.754285,73.733278,73.693911,3.000000
2026-05-10T08:39:28.325327227Z,0,per_hit,raw_percent_of_host,api-node1,api-node2,1,0,1,0.000000,0.000000,0.000000,0.000000,100.000000,100.000000,24.000000,23.000000,1.000000,1.000000,24.000000,23.000000,50.336466,82.754285,73.733278,73.693911,3.000000
2026-05-10T08:39:28.376242736Z,0,per_hit,raw_percent_of_host,api-node1,api-node2,0,1,1,0.000000,0.000000,0.000000,0.000000,100.000000,100.000000,24.000000,22.000000,1.000000,1.000000,24.000000,22.000000,50.336466,82.754285,73.733278,73.747853,3.000000
2026-05-10T08:39:28.425379337Z,0,per_hit,raw_percent_of_host,api-node1,api-node2,0,1,1,0.000000,0.000000,0.000000,0.000000,100.000000,100.000000,24.000000,22.000000,1.000000,1.000000,24.000000,22.000000,50.336466,82.754285,73.733278,73.747853,3.000000
2026-05-10T08:39:28.47568515Z,0,per_hit,raw_percent_of_host,api-node1,api-node2,0,1,1,96.836261,0.000000,96.836261,0.000000,100.000000,100.000000,8.000000,21.000000,23.000000,1.000000,8.000000,21.000000,467.392439,82.754285,49.579295,73.802042,3.000000
2026-05-10T08:39:28.52545115Z,0,per_hit,raw_percent_of_host,api-node1,api-node2,0,1,1,96.836261,0.000000,96.836261,0.000000,100.000000,100.000000,0.000000,21.000000,23.000000,1.000000,0.000000,21.000000,467.392439,82.754285,50.000000,73.802042,3.000000
2026-05-10T08:39:28.576025333Z,0,per_hit,raw_percent_of_host,api-node1,api-node2,0,1,1,96.836261,0.000000,96.836261,0.000000,100.000000,100.000000,0.000000,20.000000,23.000000,1.000000,0.000000,20.000000,467.392439,82.754285,50.000000,73.856478,3.000000
2026-05-10T08:39:28.626169599Z,0,per_hit,raw_percent_of_host,api-node1,api-node2,0,1,1,96.836261,0.000000,96.836261,0.000000,100.000000,100.000000,0.000000,20.000000,23.000000,1.000000,0.000000,20.000000,467.392439,82.754285,50.000000,73.856478,3.000000
2026-05-10T08:39:28.675662813Z,0,per_hit,raw_percent_of_host,api-node1,api-node2,0,1,1,96.836261,0.000000,96.836261,0.000000,100.000000,100.000000,0.000000,19.000000,23.000000,1.000000,0.000000,19.000000,467.392439,82.754285,50.000000,73.911164,3.000000
2026-05-10T08:39:28.725824825Z,0,per_hit,raw_percent_of_host,api-node1,api-node2,0,1,1,96.836261,0.000000,96.836261,0.000000,100.000000,100.000000,0.000000,19.000000,23.000000,1.000000,0.000000,19.000000,467.392439,82.754285,50.000000,73.911164,3.000000
2026-05-10T08:39:28.775762118Z,0,per_hit,raw_percent_of_host,api-node1,api-node2,1,0,1,9.534440,53.334939,9.534440,53.334939,100.000000,100.000000,0.000000,7.000000,1.000000,17.000000,0.000000,7.000000,50.018827,761.782000,75.000000,49.348915,3.000000
2026-05-10T08:39:28.976016268Z,0,per_hit,raw_percent_of_host,api-node1,api-node2,0,1,1,0.000000,20.049446,0.000000,20.049446,100.000000,100.000000,26.000000,21.000000,1.000000,1.000000,26.000000,21.000000,50.018827,50.024316,73.634400,73.885293,3.000000
2026-05-10T08:39:29.025596782Z,0,per_hit,raw_percent_of_host,api-node1,api-node2,0,1,1,0.000000,20.049446,0.000000,20.049446,100.000000,100.000000,28.000000,22.000000,1.000000,1.000000,28.000000,22.000000,50.018827,50.024316,73.535507,73.834686,3.000000
2026-05-10T08:39:29.075745953Z,0,per_hit,raw_percent_of_host,api-node1,api-node2,0,1,1,0.000000,20.049446,0.000000,20.049446,100.000000,100.000000,28.000000,22.000000,1.000000,1.000000,28.000000,22.000000,50.018827,50.024316,73.535507,73.834686,3.000000
2026-05-10T08:39:29.12587167Z,0,per_hit,raw_percent_of_host,api-node1,api-node2,0,1,1,0.000000,20.049446,0.000000,20.049446,100.000000,100.000000,28.000000,22.000000,1.000000,1.000000,28.000000,22.000000,50.018827,50.024316,73.535507,73.834686,3.000000
2026-05-10T08:39:29.175790518Z,0,per_hit,raw_percent_of_host,api-node1,api-node2,0,1,1,0.000000,20.049446,0.000000,20.049446,100.000000,100.000000,28.000000,21.000000,1.000000,1.000000,28.000000,21.000000,50.018827,50.024316,73.535507,73.885293,3.000000
2026-05-10T08:39:29.22592816Z,0,per_hit,raw_percent_of_host,api-node1,api-node2,0,1,1,0.000000,20.049446,0.000000,20.049446,100.000000,100.000000,28.000000,21.000000,1.000000,1.000000,28.000000,21.000000,50.018827,50.024316,73.535507,73.885293,3.000000
2026-05-10T08:39:29.275616625Z,0,per_hit,raw_percent_of_host,api-node1,api-node2,0,1,1,0.000000,20.049446,0.000000,20.049446,100.000000,100.000000,28.000000,20.000000,1.000000,1.000000,28.000000,20.000000,50.018827,50.024316,73.535507,73.936115,3.000000
2026-05-10T08:39:29.325784769Z,0,per_hit,raw_percent_of_host,api-node1,api-node2,0,1,1,0.000000,20.049446,0.000000,20.049446,100.000000,100.000000,28.000000,20.000000,1.000000,1.000000,28.000000,20.000000,50.018827,50.024316,73.535507,73.936115,3.000000
2026-05-10T08:39:29.376048128Z,0,per_hit,raw_percent_of_host,api-node1,api-node2,0,1,1,0.000000,20.049446,0.000000,20.049446,100.000000,100.000000,28.000000,19.000000,1.000000,1.000000,28.000000,19.000000,50.018827,50.024316,73.535507,73.987154,3.000000
2026-05-10T08:39:29.426207867Z,0,per_hit,raw_percent_of_host,api-node1,api-node2,0,1,1,0.000000,20.049446,0.000000,20.049446,100.000000,100.000000,28.000000,19.000000,1.000000,1.000000,28.000000,19.000000,50.018827,50.024316,73.535507,73.987154,3.000000
2026-05-10T08:39:29.476319788Z,0,per_hit,raw_percent_of_host,api-node1,api-node2,0,1,1,0.000000,20.049446,0.000000,20.049446,100.000000,100.000000,28.000000,18.000000,1.000000,1.000000,28.000000,18.000000,50.018827,50.024316,73.535507,74.038412,3.000000
2026-05-10T08:39:29.525448204Z,0,per_hit,raw_percent_of_host,api-node1,api-node2,0,1,1,0.000000,20.049446,0.000000,20.049446,100.000000,100.000000,28.000000,18.000000,1.000000,1.000000,28.000000,18.000000,50.018827,50.024316,73.535507,74.038412,3.000000
2026-05-10T08:39:29.576188975Z,0,per_hit,raw_percent_of_host,api-node1,api-node2,0,1,1,95.952463,20.049446,95.952463,20.049446,100.000000,100.000000,1.000000,17.000000,27.000000,1.000000,1.000000,17.000000,546.002674,50.024316,47.699866,74.089888,3.000000
2026-05-10T08:39:29.626086585Z,0,per_hit,raw_percent_of_host,api-node1,api-node2,0,1,1,95.952463,20.049446,95.952463,20.049446,100.000000,100.000000,0.000000,17.000000,27.000000,1.000000,0.000000,17.000000,546.002674,50.024316,47.699866,74.089888,3.000000
2026-05-10T08:39:29.675729888Z,0,per_hit,raw_percent_of_host,api-node1,api-node2,0,1,1,95.952463,52.346180,95.952463,52.346180,100.000000,100.000000,0.000000,2.000000,27.000000,16.000000,0.000000,2.000000,546.002674,662.889176,47.699866,49.852556,3.000000
2026-05-10T08:39:29.725473035Z,0,per_hit,raw_percent_of_host,api-node1,api-node2,1,0,1,25.571090,52.346180,25.571090,52.346180,100.000000,100.000000,0.000000,1.000000,1.000000,16.000000,0.000000,1.000000,55.886608,662.889176,74.549030,49.926060,3.000000
2026-05-10T08:39:29.975695239Z,0,per_hit,raw_percent_of_host,api-node1,api-node2,1,0,1,20.273366,0.000000,20.273366,0.000000,100.000000,100.000000,19.000000,19.000000,1.000000,1.000000,19.000000,19.000000,55.886608,79.119964,73.974333,73.920160,3.000000
2026-05-10T08:39:30.025627707Z,0,per_hit,raw_percent_of_host,api-node1,api-node2,1,0,1,20.273366,0.000000,20.273366,0.000000,100.000000,100.000000,24.000000,26.000000,1.000000,1.000000,24.000000,26.000000,55.886608,79.119964,73.718259,73.545471,3.000000
2026-05-10T08:39:30.07579517Z,0,per_hit,raw_percent_of_host,api-node1,api-node2,1,0,1,20.273366,0.000000,20.273366,0.000000,100.000000,100.000000,24.000000,26.000000,1.000000,1.000000,24.000000,26.000000,55.886608,79.119964,73.718259,73.545471,3.000000
2026-05-10T08:39:30.125943244Z,0,per_hit,raw_percent_of_host,api-node1,api-node2,1,0,1,20.273366,0.000000,20.273366,0.000000,100.000000,100.000000,24.000000,26.000000,1.000000,1.000000,24.000000,26.000000,55.886608,79.119964,73.718259,73.545471,3.000000
2026-05-10T08:39:30.175410252Z,0,per_hit,raw_percent_of_host,api-node1,api-node2,1,0,1,20.273366,0.000000,20.273366,0.000000,100.000000,100.000000,24.000000,25.000000,1.000000,1.000000,24.000000,25.000000,55.886608,79.119964,73.718259,73.598278,3.000000
2026-05-10T08:39:30.225548121Z,0,per_hit,raw_percent_of_host,api-node1,api-node2,1,0,1,20.273366,0.000000,20.273366,0.000000,100.000000,100.000000,24.000000,25.000000,1.000000,1.000000,24.000000,25.000000,55.886608,79.119964,73.718259,73.598278,3.000000
2026-05-10T08:39:30.275631909Z,0,per_hit,raw_percent_of_host,api-node1,api-node2,1,0,1,20.273366,0.000000,20.273366,0.000000,100.000000,100.000000,24.000000,24.000000,1.000000,1.000000,24.000000,24.000000,55.886608,79.119964,73.718259,73.651322,3.000000
2026-05-10T08:39:30.325782917Z,0,per_hit,raw_percent_of_host,api-node1,api-node2,1,0,1,20.273366,0.000000,20.273366,0.000000,100.000000,100.000000,24.000000,24.000000,1.000000,1.000000,24.000000,24.000000,55.886608,79.119964,73.718259,73.651322,3.000000
2026-05-10T08:39:30.375937517Z,0,per_hit,raw_percent_of_host,api-node1,api-node2,1,0,1,20.273366,0.000000,20.273366,0.000000,100.000000,100.000000,24.000000,24.000000,1.000000,1.000000,24.000000,24.000000,55.886608,79.119964,73.718259,73.651322,3.000000
2026-05-10T08:39:30.426059102Z,0,per_hit,raw_percent_of_host,api-node1,api-node2,0,1,1,93.233226,0.000000,93.233226,0.000000,100.000000,100.000000,23.000000,23.000000,21.000000,1.000000,23.000000,23.000000,378.346731,79.119964,48.567324,73.704605,3.000000
2026-05-10T08:39:30.476221444Z,0,per_hit,raw_percent_of_host,api-node1,api-node2,0,1,1,93.233226,0.000000,93.233226,0.000000,100.000000,100.000000,1.000000,21.000000,21.000000,1.000000,1.000000,21.000000,378.346731,79.119964,49.934097,73.811895,3.000000
2026-05-10T08:39:30.52569811Z,0,per_hit,raw_percent_of_host,api-node1,api-node2,0,1,1,93.233226,0.000000,93.233226,0.000000,100.000000,100.000000,0.000000,21.000000,21.000000,1.000000,0.000000,21.000000,378.346731,79.119964,50.000000,73.811895,3.000000
2026-05-10T08:39:30.575719698Z,0,per_hit,raw_percent_of_host,api-node1,api-node2,0,1,1,93.233226,0.000000,93.233226,0.000000,100.000000,100.000000,0.000000,20.000000,21.000000,1.000000,0.000000,20.000000,378.346731,79.119964,50.000000,73.865905,3.000000
2026-05-10T08:39:30.625860497Z,0,per_hit,raw_percent_of_host,api-node1,api-node2,0,1,1,93.233226,0.000000,93.233226,0.000000,100.000000,100.000000,0.000000,20.000000,21.000000,1.000000,0.000000,20.000000,378.346731,79.119964,50.000000,73.865905,3.000000
2026-05-10T08:39:30.676148112Z,0,per_hit,raw_percent_of_host,api-node1,api-node2,0,1,1,35.836861,50.901743,35.836861,50.901743,100.000000,100.000000,0.000000,19.000000,1.000000,15.000000,0.000000,19.000000,50.048540,59.680808,71.246112,71.527809,3.000000
2026-05-10T08:39:30.726263115Z,0,per_hit,raw_percent_of_host,api-node1,api-node2,0,1,1,35.836861,50.901743,35.836861,50.901743,100.000000,100.000000,0.000000,19.000000,1.000000,15.000000,0.000000,19.000000,50.048540,59.680808,71.246112,71.527809,3.000000
2026-05-10T08:39:30.775362204Z,0,per_hit,raw_percent_of_host,api-node1,api-node2,1,0,1,35.836861,62.856164,35.836861,62.856164,100.000000,100.000000,0.000000,2.000000,1.000000,4.000000,0.000000,2.000000,50.048540,142.297154,71.246112,67.714285,3.000000
2026-05-10T08:39:30.825770595Z,0,per_hit,raw_percent_of_host,api-node1,api-node2,1,0,1,0.000000,62.856164,0.000000,62.856164,100.000000,100.000000,0.000000,1.000000,1.000000,4.000000,0.000000,1.000000,50.048540,142.297154,75.000000,67.799543,3.000000
2026-05-10T08:39:30.975452022Z,0,per_hit,raw_percent_of_host,api-node1,api-node2,0,1,1,0.000000,0.000000,0.000000,0.000000,100.000000,100.000000,26.000000,20.000000,1.000000,1.000000,26.000000,20.000000,50.048540,79.809581,73.634315,73.864128,3.000000
2026-05-10T08:39:31.02539808Z,0,per_hit,raw_percent_of_host,api-node1,api-node2,0,1,1,0.000000,0.000000,0.000000,0.000000,100.000000,100.000000,27.000000,22.000000,1.000000,1.000000,27.000000,22.000000,50.048540,79.809581,73.584762,73.756192,3.000000
2026-05-10T08:39:31.075576622Z,0,per_hit,raw_percent_of_host,api-node1,api-node2,0,1,1,0.000000,0.000000,0.000000,0.000000,100.000000,100.000000,27.000000,22.000000,1.000000,1.000000,27.000000,22.000000,50.048540,79.809581,73.584762,73.756192,3.000000
2026-05-10T08:39:31.125712907Z,0,per_hit,raw_percent_of_host,api-node1,api-node2,0,1,1,0.000000,0.000000,0.000000,0.000000,100.000000,100.000000,27.000000,22.000000,1.000000,1.000000,27.000000,22.000000,50.048540,79.809581,73.584762,73.756192,3.000000
2026-05-10T08:39:31.175717905Z,0,per_hit,raw_percent_of_host,api-node1,api-node2,0,1,1,0.000000,0.000000,0.000000,0.000000,100.000000,100.000000,27.000000,21.000000,1.000000,1.000000,27.000000,21.000000,50.048540,79.809581,73.584762,73.810038,3.000000
2026-05-10T08:39:31.225910327Z,0,per_hit,raw_percent_of_host,api-node1,api-node2,0,1,1,0.000000,0.000000,0.000000,0.000000,100.000000,100.000000,28.000000,21.000000,1.000000,1.000000,28.000000,21.000000,50.048540,79.809581,73.535416,73.810038,3.000000
2026-05-10T08:39:31.275507461Z,0,per_hit,raw_percent_of_host,api-node1,api-node2,0,1,1,0.000000,0.000000,0.000000,0.000000,100.000000,100.000000,28.000000,20.000000,1.000000,1.000000,28.000000,20.000000,50.048540,79.809581,73.535416,73.864128,3.000000
2026-05-10T08:39:31.325632181Z,0,per_hit,raw_percent_of_host,api-node1,api-node2,0,1,1,0.000000,0.000000,0.000000,0.000000,100.000000,100.000000,28.000000,20.000000,1.000000,1.000000,28.000000,20.000000,50.048540,79.809581,73.535416,73.864128,3.000000
2026-05-10T08:39:31.376248181Z,0,per_hit,raw_percent_of_host,api-node1,api-node2,0,1,1,0.000000,0.000000,0.000000,0.000000,100.000000,100.000000,28.000000,19.000000,1.000000,1.000000,28.000000,19.000000,50.048540,79.809581,73.535416,73.918465,3.000000
2026-05-10T08:39:31.425381988Z,0,per_hit,raw_percent_of_host,api-node1,api-node2,0,1,1,0.000000,0.000000,0.000000,0.000000,100.000000,100.000000,28.000000,19.000000,1.000000,1.000000,28.000000,19.000000,50.048540,79.809581,73.535416,73.918465,3.000000
2026-05-10T08:39:31.476178507Z,0,per_hit,raw_percent_of_host,api-node1,api-node2,0,1,1,0.000000,0.000000,0.000000,0.000000,100.000000,100.000000,28.000000,18.000000,1.000000,1.000000,28.000000,18.000000,50.048540,79.809581,73.535416,73.973049,3.000000
2026-05-10T08:39:31.525346987Z,0,per_hit,raw_percent_of_host,api-node1,api-node2,0,1,1,95.339475,0.000000,95.339475,0.000000,100.000000,100.000000,23.000000,18.000000,26.000000,1.000000,23.000000,18.000000,525.174623,79.809581,48.741269,73.973049,3.000000
2026-05-10T08:39:31.575921918Z,0,per_hit,raw_percent_of_host,api-node1,api-node2,0,1,1,95.339475,0.000000,95.339475,0.000000,100.000000,100.000000,1.000000,17.000000,26.000000,1.000000,1.000000,17.000000,525.174623,79.809581,48.741269,74.027884,3.000000
2026-05-10T08:39:31.625420008Z,0,per_hit,raw_percent_of_host,api-node1,api-node2,0,1,1,95.339475,0.000000,95.339475,0.000000,100.000000,100.000000,0.000000,17.000000,26.000000,1.000000,0.000000,17.000000,525.174623,79.809581,48.741269,74.027884,3.000000
2026-05-10T08:39:31.676204392Z,0,per_hit,raw_percent_of_host,api-node1,api-node2,1,0,1,36.517648,55.339530,36.517648,55.339530,100.000000,100.000000,0.000000,1.000000,1.000000,18.000000,0.000000,1.000000,50.039927,588.498304,71.086803,49.939394,3.000000
2026-05-10T08:39:31.725308984Z,0,per_hit,raw_percent_of_host,api-node1,api-node2,1,0,1,36.517648,55.339530,36.517648,55.339530,100.000000,100.000000,0.000000,1.000000,1.000000,18.000000,0.000000,1.000000,50.039927,588.498304,71.086803,49.939394,3.000000
2026-05-10T08:39:31.975762988Z,0,per_hit,raw_percent_of_host,api-node1,api-node2,1,0,1,0.000000,0.000000,0.000000,0.000000,100.000000,100.000000,19.000000,28.000000,1.000000,1.000000,19.000000,28.000000,50.039927,99.649862,73.987121,73.365823,3.000000
2026-05-10T08:39:32.025393587Z,0,per_hit,raw_percent_of_host,api-node1,api-node2,1,0,1,0.000000,0.000000,0.000000,0.000000,100.000000,100.000000,20.000000,30.000000,1.000000,1.000000,20.000000,30.000000,50.039927,99.649862,73.936080,73.257233,3.000000
2026-05-10T08:39:32.075550531Z,0,per_hit,raw_percent_of_host,api-node1,api-node2,1,0,1,0.000000,0.000000,0.000000,0.000000,100.000000,100.000000,20.000000,30.000000,1.000000,1.000000,20.000000,30.000000,50.039927,99.649862,73.936080,73.257233,3.000000
2026-05-10T08:39:32.125709164Z,0,per_hit,raw_percent_of_host,api-node1,api-node2,1,0,1,0.000000,0.000000,0.000000,0.000000,100.000000,100.000000,20.000000,30.000000,1.000000,1.000000,20.000000,30.000000,50.039927,99.649862,73.936080,73.257233,3.000000
2026-05-10T08:39:32.175882377Z,0,per_hit,raw_percent_of_host,api-node1,api-node2,1,0,1,0.000000,0.000000,0.000000,0.000000,100.000000,100.000000,20.000000,30.000000,1.000000,1.000000,20.000000,30.000000,50.039927,99.649862,73.936080,73.257233,3.000000
2026-05-10T08:39:32.226015704Z,0,per_hit,raw_percent_of_host,api-node1,api-node2,1,0,1,0.000000,0.000000,0.000000,0.000000,100.000000,100.000000,20.000000,30.000000,1.000000,1.000000,20.000000,30.000000,50.039927,99.649862,73.936080,73.257233,3.000000
2026-05-10T08:39:32.275800463Z,0,per_hit,raw_percent_of_host,api-node1,api-node2,1,0,1,0.000000,0.000000,0.000000,0.000000,100.000000,100.000000,20.000000,29.000000,1.000000,1.000000,20.000000,29.000000,50.039927,99.649862,73.936080,73.311402,3.000000
2026-05-10T08:39:32.325961654Z,0,per_hit,raw_percent_of_host,api-node1,api-node2,1,0,1,0.000000,0.000000,0.000000,0.000000,100.000000,100.000000,20.000000,29.000000,1.000000,1.000000,20.000000,29.000000,50.039927,99.649862,73.936080,73.311402,3.000000
2026-05-10T08:39:32.375293506Z,0,per_hit,raw_percent_of_host,api-node1,api-node2,1,0,1,0.000000,0.000000,0.000000,0.000000,100.000000,100.000000,19.000000,28.000000,1.000000,1.000000,19.000000,28.000000,50.039927,99.649862,73.987121,73.365823,3.000000
2026-05-10T08:39:32.425680996Z,0,per_hit,raw_percent_of_host,api-node1,api-node2,0,1,1,95.689953,0.000000,95.689953,0.000000,100.000000,100.000000,0.000000,28.000000,20.000000,1.000000,0.000000,28.000000,378.075310,99.649862,50.000000,73.365823,3.000000
2026-05-10T08:39:32.475298418Z,0,per_hit,raw_percent_of_host,api-node1,api-node2,0,1,1,95.689953,0.000000,95.689953,0.000000,100.000000,100.000000,0.000000,27.000000,20.000000,1.000000,0.000000,27.000000,378.075310,99.649862,50.000000,73.420499,3.000000
2026-05-10T08:39:32.525458288Z,0,per_hit,raw_percent_of_host,api-node1,api-node2,0,1,1,95.689953,0.000000,95.689953,0.000000,100.000000,100.000000,0.000000,27.000000,20.000000,1.000000,0.000000,27.000000,378.075310,99.649862,50.000000,73.420499,3.000000
2026-05-10T08:39:32.575824893Z,0,per_hit,raw_percent_of_host,api-node1,api-node2,0,1,1,95.689953,0.000000,95.689953,0.000000,100.000000,100.000000,0.000000,26.000000,20.000000,1.000000,0.000000,26.000000,378.075310,99.649862,50.000000,73.475431,3.000000
2026-05-10T08:39:32.625951381Z,0,per_hit,raw_percent_of_host,api-node1,api-node2,0,1,1,95.689953,0.000000,95.689953,0.000000,100.000000,100.000000,0.000000,26.000000,20.000000,1.000000,0.000000,26.000000,378.075310,99.649862,50.000000,73.475431,3.000000
2026-05-10T08:39:32.675952904Z,0,per_hit,raw_percent_of_host,api-node1,api-node2,0,1,1,95.689953,0.000000,95.689953,0.000000,100.000000,100.000000,0.000000,25.000000,20.000000,1.000000,0.000000,25.000000,378.075310,99.649862,50.000000,73.530622,3.000000
2026-05-10T08:39:32.726103898Z,0,per_hit,raw_percent_of_host,api-node1,api-node2,0,1,1,95.689953,0.000000,95.689953,0.000000,100.000000,100.000000,0.000000,25.000000,20.000000,1.000000,0.000000,25.000000,378.075310,99.649862,50.000000,73.530622,3.000000
2026-05-10T08:39:32.776231392Z,0,per_hit,raw_percent_of_host,api-node1,api-node2,0,1,1,95.689953,0.000000,95.689953,0.000000,100.000000,100.000000,0.000000,24.000000,20.000000,1.000000,0.000000,24.000000,378.075310,99.649862,50.000000,73.586073,3.000000
2026-05-10T08:39:32.825401955Z,0,per_hit,raw_percent_of_host,api-node1,api-node2,0,1,1,95.689953,0.000000,95.689953,0.000000,100.000000,100.000000,0.000000,24.000000,20.000000,1.000000,0.000000,24.000000,378.075310,99.649862,50.000000,73.586073,3.000000
2026-05-10T08:39:32.876199785Z,0,per_hit,raw_percent_of_host,api-node1,api-node2,1,0,1,4.070775,53.011559,4.070775,53.011559,100.000000,100.000000,0.000000,4.000000,1.000000,20.000000,0.000000,4.000000,54.893594,848.276105,75.000000,49.716132,3.000000
2026-05-10T08:39:32.925299156Z,0,per_hit,raw_percent_of_host,api-node1,api-node2,1,0,1,4.070775,53.011559,4.070775,53.011559,100.000000,100.000000,0.000000,4.000000,1.000000,20.000000,0.000000,4.000000,54.893594,848.276105,75.000000,49.716132,3.000000
2026-05-10T08:39:32.975756336Z,0,per_hit,raw_percent_of_host,api-node1,api-node2,1,0,1,4.070775,53.011559,4.070775,53.011559,100.000000,100.000000,22.000000,26.000000,1.000000,20.000000,22.000000,26.000000,54.893594,848.276105,73.822538,48.263314,3.000000
2026-05-10T08:39:33.026274762Z,0,per_hit,raw_percent_of_host,api-node1,api-node2,1,0,1,4.070775,52.045004,4.070775,52.045004,100.000000,100.000000,23.000000,24.000000,1.000000,4.000000,23.000000,24.000000,54.893594,153.076582,73.771647,67.346171,3.000000
2026-05-10T08:39:33.076079896Z,0,per_hit,raw_percent_of_host,api-node1,api-node2,1,0,1,4.070775,52.045004,4.070775,52.045004,100.000000,100.000000,23.000000,27.000000,1.000000,4.000000,23.000000,27.000000,54.893594,153.076582,73.771647,67.346171,3.000000
2026-05-10T08:39:33.126221731Z,0,per_hit,raw_percent_of_host,api-node1,api-node2,1,0,1,4.070775,52.045004,4.070775,52.045004,100.000000,100.000000,23.000000,27.000000,1.000000,4.000000,23.000000,27.000000,54.893594,153.076582,73.771647,67.346171,3.000000
2026-05-10T08:39:33.175406699Z,0,per_hit,raw_percent_of_host,api-node1,api-node2,1,0,1,4.070775,52.045004,4.070775,52.045004,100.000000,100.000000,23.000000,25.000000,1.000000,4.000000,23.000000,25.000000,54.893594,153.076582,73.771647,67.346171,3.000000
2026-05-10T08:39:33.225707764Z,0,per_hit,raw_percent_of_host,api-node1,api-node2,1,0,1,4.070775,52.045004,4.070775,52.045004,100.000000,100.000000,23.000000,26.000000,1.000000,4.000000,23.000000,26.000000,54.893594,153.076582,73.771647,67.346171,3.000000
2026-05-10T08:39:33.275381182Z,0,per_hit,raw_percent_of_host,api-node1,api-node2,0,1,1,72.030961,52.045004,72.030961,52.045004,100.000000,100.000000,23.000000,25.000000,15.000000,4.000000,23.000000,25.000000,54.893594,153.076582,55.889281,67.346171,3.000000
2026-05-10T08:39:33.325539998Z,0,per_hit,raw_percent_of_host,api-node1,api-node2,0,1,1,72.030961,52.045004,72.030961,52.045004,100.000000,100.000000,23.000000,25.000000,15.000000,4.000000,23.000000,25.000000,54.893594,153.076582,55.889281,67.346171,3.000000
2026-05-10T08:39:33.37594957Z,0,per_hit,raw_percent_of_host,api-node1,api-node2,0,1,1,72.030961,52.045004,72.030961,52.045004,100.000000,100.000000,23.000000,24.000000,15.000000,4.000000,23.000000,24.000000,54.893594,153.076582,55.889281,67.346171,3.000000
2026-05-10T08:39:33.425300768Z,0,per_hit,raw_percent_of_host,api-node1,api-node2,0,1,1,72.030961,52.045004,72.030961,52.045004,100.000000,100.000000,21.000000,24.000000,15.000000,4.000000,21.000000,24.000000,54.893594,153.076582,56.082048,67.346171,3.000000
2026-05-10T08:39:33.475851903Z,0,per_hit,raw_percent_of_host,api-node1,api-node2,0,1,1,72.030961,52.045004,72.030961,52.045004,100.000000,100.000000,0.000000,23.000000,15.000000,4.000000,0.000000,23.000000,54.893594,153.076582,58.261540,67.346171,3.000000
2026-05-10T08:39:33.526016101Z,0,per_hit,raw_percent_of_host,api-node1,api-node2,0,1,1,72.030961,52.045004,72.030961,52.045004,100.000000,100.000000,0.000000,23.000000,15.000000,4.000000,0.000000,23.000000,54.893594,153.076582,58.261540,67.346171,3.000000
2026-05-10T08:39:33.576245004Z,0,per_hit,raw_percent_of_host,api-node1,api-node2,0,1,1,72.030961,52.045004,72.030961,52.045004,100.000000,100.000000,0.000000,22.000000,15.000000,4.000000,0.000000,22.000000,54.893594,153.076582,58.261540,67.346171,3.000000
2026-05-10T08:39:33.625399305Z,0,per_hit,raw_percent_of_host,api-node1,api-node2,0,1,1,72.030961,52.045004,72.030961,52.045004,100.000000,100.000000,0.000000,22.000000,15.000000,4.000000,0.000000,22.000000,54.893594,153.076582,58.261540,67.346171,3.000000
2026-05-10T08:39:33.675858164Z,0,per_hit,raw_percent_of_host,api-node1,api-node2,0,1,1,72.030961,52.045004,72.030961,52.045004,100.000000,100.000000,0.000000,21.000000,15.000000,4.000000,0.000000,21.000000,54.893594,153.076582,58.261540,67.346171,3.000000
2026-05-10T08:39:33.725962492Z,0,per_hit,raw_percent_of_host,api-node1,api-node2,0,1,1,72.030961,52.045004,72.030961,52.045004,100.000000,100.000000,0.000000,21.000000,15.000000,4.000000,0.000000,21.000000,54.893594,153.076582,58.261540,67.346171,3.000000
2026-05-10T08:39:33.775935487Z,0,per_hit,raw_percent_of_host,api-node1,api-node2,0,1,1,42.998355,49.632381,42.998355,49.632381,100.000000,100.000000,0.000000,18.000000,1.000000,17.000000,0.000000,18.000000,50.054654,59.528125,70.926197,71.382758,3.000000
2026-05-10T08:39:33.826099522Z,0,per_hit,raw_percent_of_host,api-node1,api-node2,0,1,1,42.998355,49.632381,42.998355,49.632381,100.000000,100.000000,0.000000,18.000000,1.000000,17.000000,0.000000,18.000000,50.054654,59.528125,70.926197,71.382758,3.000000
2026-05-10T08:39:33.87577399Z,0,per_hit,raw_percent_of_host,api-node1,api-node2,0,1,1,42.998355,49.632381,42.998355,49.632381,100.000000,100.000000,0.000000,9.000000,1.000000,17.000000,0.000000,9.000000,50.054654,59.528125,70.926197,71.382758,3.000000
2026-05-10T08:39:33.925959203Z,0,per_hit,raw_percent_of_host,api-node1,api-node2,0,1,1,42.998355,49.632381,42.998355,49.632381,100.000000,100.000000,0.000000,9.000000,1.000000,17.000000,0.000000,9.000000,50.054654,59.528125,70.926197,71.382758,3.000000
2026-05-10T08:39:33.975452997Z,0,per_hit,raw_percent_of_host,api-node1,api-node2,1,0,1,0.000000,0.000000,0.000000,0.000000,100.000000,100.000000,18.000000,22.000000,1.000000,1.000000,18.000000,22.000000,50.054654,103.661517,74.038349,73.685275,3.000000
2026-05-10T08:39:34.025770215Z,0,per_hit,raw_percent_of_host,api-node1,api-node2,1,0,1,0.000000,0.000000,0.000000,0.000000,100.000000,100.000000,20.000000,26.000000,1.000000,1.000000,20.000000,26.000000,50.054654,103.661517,73.936046,73.460950,3.000000
2026-05-10T08:39:34.075275798Z,0,per_hit,raw_percent_of_host,api-node1,api-node2,0,1,1,64.696866,0.000000,64.696866,0.000000,100.000000,100.000000,21.000000,28.000000,5.000000,1.000000,21.000000,28.000000,50.054654,103.661517,68.207817,73.350374,3.000000
2026-05-10T08:39:34.125393429Z,0,per_hit,raw_percent_of_host,api-node1,api-node2,0,1,1,64.696866,0.000000,64.696866,0.000000,100.000000,100.000000,21.000000,28.000000,5.000000,1.000000,21.000000,28.000000,50.054654,103.661517,68.207817,73.350374,3.000000
2026-05-10T08:39:34.175733502Z,0,per_hit,raw_percent_of_host,api-node1,api-node2,0,1,1,64.696866,51.754634,64.696866,51.754634,100.000000,100.000000,21.000000,28.000000,5.000000,6.000000,21.000000,28.000000,50.054654,103.661517,68.207817,69.666197,3.000000
2026-05-10T08:39:34.225519279Z,0,per_hit,raw_percent_of_host,api-node1,api-node2,0,1,1,64.696866,51.754634,64.696866,51.754634,100.000000,100.000000,22.000000,28.000000,5.000000,6.000000,22.000000,28.000000,50.054654,103.661517,68.110441,69.666197,3.000000
2026-05-10T08:39:34.27547956Z,0,per_hit,raw_percent_of_host,api-node1,api-node2,0,1,1,64.696866,51.754634,64.696866,51.754634,100.000000,100.000000,21.000000,28.000000,5.000000,6.000000,21.000000,28.000000,50.054654,103.661517,68.207817,69.666197,3.000000
2026-05-10T08:39:34.325624765Z,0,per_hit,raw_percent_of_host,api-node1,api-node2,0,1,1,64.696866,51.754634,64.696866,51.754634,100.000000,100.000000,21.000000,28.000000,5.000000,6.000000,21.000000,28.000000,50.054654,103.661517,68.207817,69.666197,3.000000
2026-05-10T08:39:34.375302631Z,0,per_hit,raw_percent_of_host,api-node1,api-node2,0,1,1,64.696866,51.754634,64.696866,51.754634,100.000000,100.000000,19.000000,27.000000,5.000000,6.000000,19.000000,27.000000,50.054654,103.661517,68.403896,69.666197,3.000000
2026-05-10T08:39:34.425837254Z,0,per_hit,raw_percent_of_host,api-node1,api-node2,0,1,1,100.000000,51.754634,100.000000,51.754634,100.000000,100.000000,2.000000,27.000000,13.000000,6.000000,2.000000,27.000000,273.598484,103.661517,49.818577,69.666197,3.000000
2026-05-10T08:39:34.475590182Z,0,per_hit,raw_percent_of_host,api-node1,api-node2,0,1,1,100.000000,51.754634,100.000000,51.754634,100.000000,100.000000,0.000000,26.000000,13.000000,6.000000,0.000000,26.000000,273.598484,103.661517,50.000000,69.666197,3.000000
2026-05-10T08:39:34.525751986Z,0,per_hit,raw_percent_of_host,api-node1,api-node2,0,1,1,100.000000,51.754634,100.000000,51.754634,100.000000,100.000000,0.000000,26.000000,13.000000,6.000000,0.000000,26.000000,273.598484,103.661517,50.000000,69.666197,3.000000
2026-05-10T08:39:34.575489704Z,0,per_hit,raw_percent_of_host,api-node1,api-node2,0,1,1,100.000000,51.754634,100.000000,51.754634,100.000000,100.000000,0.000000,24.000000,13.000000,6.000000,0.000000,24.000000,273.598484,103.661517,50.000000,69.666197,3.000000
2026-05-10T08:39:34.625634231Z,0,per_hit,raw_percent_of_host,api-node1,api-node2,0,1,1,100.000000,51.754634,100.000000,51.754634,100.000000,100.000000,0.000000,24.000000,13.000000,6.000000,0.000000,24.000000,273.598484,103.661517,50.000000,69.666197,3.000000
2026-05-10T08:39:34.676216475Z,0,per_hit,raw_percent_of_host,api-node1,api-node2,0,1,1,100.000000,51.754634,100.000000,51.754634,100.000000,100.000000,0.000000,22.000000,13.000000,6.000000,0.000000,22.000000,273.598484,103.661517,50.000000,69.666197,3.000000
2026-05-10T08:39:34.725316508Z,0,per_hit,raw_percent_of_host,api-node1,api-node2,0,1,1,100.000000,51.754634,100.000000,51.754634,100.000000,100.000000,0.000000,22.000000,13.000000,6.000000,0.000000,22.000000,273.598484,103.661517,50.000000,69.666197,3.000000
2026-05-10T08:39:34.77580073Z,0,per_hit,raw_percent_of_host,api-node1,api-node2,0,1,1,100.000000,51.754634,100.000000,51.754634,100.000000,100.000000,0.000000,21.000000,13.000000,6.000000,0.000000,21.000000,273.598484,103.661517,50.000000,69.666197,3.000000
2026-05-10T08:39:34.825928805Z,0,per_hit,raw_percent_of_host,api-node1,api-node2,0,1,1,100.000000,51.754634,100.000000,51.754634,100.000000,100.000000,0.000000,21.000000,13.000000,6.000000,0.000000,21.000000,273.598484,103.661517,50.000000,69.666197,3.000000
2026-05-10T08:39:34.876229831Z,0,per_hit,raw_percent_of_host,api-node1,api-node2,1,0,1,100.000000,52.626336,100.000000,52.626336,100.000000,100.000000,0.000000,2.000000,13.000000,17.000000,0.000000,2.000000,273.598484,740.092343,50.000000,49.809093,3.000000
2026-05-10T08:39:34.925879313Z,0,per_hit,raw_percent_of_host,api-node1,api-node2,1,0,1,10.202660,52.626336,10.202660,52.626336,100.000000,100.000000,0.000000,1.000000,1.000000,17.000000,0.000000,1.000000,50.037100,740.092343,75.000000,49.904181,3.000000
2026-05-10T08:39:34.976031668Z,0,per_hit,raw_percent_of_host,api-node1,api-node2,0,1,1,0.000000,0.000000,0.000000,0.000000,100.000000,100.000000,24.000000,15.000000,1.000000,1.000000,24.000000,15.000000,50.037100,79.752685,73.734078,74.138421,3.000000
2026-05-10T08:39:35.025703505Z,0,per_hit,raw_percent_of_host,api-node1,api-node2,0,1,1,0.000000,0.000000,0.000000,0.000000,100.000000,100.000000,28.000000,17.000000,1.000000,1.000000,28.000000,17.000000,50.037100,79.752685,73.535451,74.028010,3.000000
2026-05-10T08:39:35.07622723Z,0,per_hit,raw_percent_of_host,api-node1,api-node2,1,0,1,0.000000,76.659888,0.000000,76.659888,100.000000,100.000000,29.000000,19.000000,1.000000,6.000000,29.000000,19.000000,50.037100,79.752685,73.486313,48.398866,3.000000
2026-05-10T08:39:35.125385256Z,0,per_hit,raw_percent_of_host,api-node1,api-node2,1,0,1,0.000000,76.659888,0.000000,76.659888,100.000000,100.000000,29.000000,19.000000,1.000000,6.000000,29.000000,19.000000,50.037100,79.752685,73.486313,48.398866,3.000000
2026-05-10T08:39:35.176154735Z,0,per_hit,raw_percent_of_host,api-node1,api-node2,1,0,1,89.289248,76.659888,89.289248,76.659888,100.000000,100.000000,29.000000,18.000000,11.000000,6.000000,29.000000,18.000000,50.037100,79.752685,48.486313,48.478006,3.000000
2026-05-10T08:39:35.225438956Z,0,per_hit,raw_percent_of_host,api-node1,api-node2,0,1,1,89.289248,76.659888,89.289248,76.659888,100.000000,100.000000,30.000000,18.000000,11.000000,6.000000,30.000000,18.000000,50.037100,79.752685,48.437379,48.478006,3.000000
2026-05-10T08:39:35.275946038Z,0,per_hit,raw_percent_of_host,api-node1,api-node2,0,1,1,89.289248,76.659888,89.289248,76.659888,100.000000,100.000000,30.000000,17.000000,11.000000,6.000000,30.000000,17.000000,50.037100,79.752685,48.437379,48.557683,3.000000
2026-05-10T08:39:35.326105972Z,0,per_hit,raw_percent_of_host,api-node1,api-node2,0,1,1,89.289248,76.659888,89.289248,76.659888,100.000000,100.000000,30.000000,17.000000,11.000000,6.000000,30.000000,17.000000,50.037100,79.752685,48.437379,48.557683,3.000000
2026-05-10T08:39:35.376000885Z,0,per_hit,raw_percent_of_host,api-node1,api-node2,0,1,1,89.289248,76.659888,89.289248,76.659888,100.000000,100.000000,30.000000,15.000000,11.000000,6.000000,30.000000,15.000000,50.037100,79.752685,48.437379,48.718671,3.000000
2026-05-10T08:39:35.425539558Z,0,per_hit,raw_percent_of_host,api-node1,api-node2,0,1,1,89.289248,76.659888,89.289248,76.659888,100.000000,100.000000,29.000000,15.000000,11.000000,6.000000,29.000000,15.000000,50.037100,79.752685,48.486313,48.718671,3.000000
2026-05-10T08:39:35.476063903Z,0,per_hit,raw_percent_of_host,api-node1,api-node2,0,1,1,89.289248,76.659888,89.289248,76.659888,100.000000,100.000000,29.000000,12.000000,11.000000,6.000000,29.000000,12.000000,50.037100,79.752685,48.486313,48.964320,3.000000
2026-05-10T08:39:35.526228087Z,0,per_hit,raw_percent_of_host,api-node1,api-node2,0,1,1,89.289248,76.659888,89.289248,76.659888,100.000000,100.000000,29.000000,12.000000,11.000000,6.000000,29.000000,12.000000,50.037100,79.752685,48.486313,48.964320,3.000000
2026-05-10T08:39:35.576009134Z,0,per_hit,raw_percent_of_host,api-node1,api-node2,0,1,1,89.289248,76.659888,89.289248,76.659888,100.000000,100.000000,28.000000,12.000000,11.000000,6.000000,28.000000,12.000000,50.037100,79.752685,48.535451,48.964320,3.000000
2026-05-10T08:39:35.626085264Z,0,per_hit,raw_percent_of_host,api-node1,api-node2,0,1,1,89.289248,76.659888,89.289248,76.659888,100.000000,100.000000,25.000000,12.000000,11.000000,6.000000,25.000000,12.000000,50.037100,79.752685,48.684108,48.964320,3.000000
2026-05-10T08:39:35.676062861Z,0,per_hit,raw_percent_of_host,api-node1,api-node2,0,1,1,89.289248,76.659888,89.289248,76.659888,100.000000,100.000000,25.000000,11.000000,11.000000,6.000000,25.000000,11.000000,50.037100,79.752685,48.684108,49.047338,3.000000
2026-05-10T08:39:35.726222647Z,0,per_hit,raw_percent_of_host,api-node1,api-node2,0,1,1,89.289248,76.659888,89.289248,76.659888,100.000000,100.000000,25.000000,11.000000,11.000000,6.000000,25.000000,11.000000,50.037100,79.752685,48.684108,49.047338,3.000000
2026-05-10T08:39:35.775272485Z,0,per_hit,raw_percent_of_host,api-node1,api-node2,0,1,1,89.289248,76.659888,89.289248,76.659888,100.000000,100.000000,22.000000,4.000000,11.000000,6.000000,22.000000,4.000000,50.037100,79.752685,48.834654,49.644968,3.000000
2026-05-10T08:39:35.975740812Z,0,per_hit,raw_percent_of_host,api-node1,api-node2,1,0,1,0.000000,0.000000,0.000000,0.000000,100.000000,100.000000,14.000000,25.000000,1.000000,1.000000,14.000000,25.000000,50.265526,99.488504,74.245258,73.531180,3.000000
2026-05-10T08:39:36.026013136Z,0,per_hit,raw_percent_of_host,api-node1,api-node2,1,0,1,0.000000,0.000000,0.000000,0.000000,100.000000,100.000000,20.000000,25.000000,1.000000,1.000000,20.000000,25.000000,50.265526,99.488504,73.935569,73.531180,3.000000
2026-05-10T08:39:36.075696807Z,0,per_hit,raw_percent_of_host,api-node1,api-node2,1,0,1,0.000000,0.000000,0.000000,0.000000,100.000000,100.000000,22.000000,26.000000,1.000000,1.000000,22.000000,26.000000,50.265526,99.488504,73.834090,73.476008,3.000000
2026-05-10T08:39:36.125883151Z,0,per_hit,raw_percent_of_host,api-node1,api-node2,1,0,1,0.000000,0.000000,0.000000,0.000000,100.000000,100.000000,22.000000,26.000000,1.000000,1.000000,22.000000,26.000000,50.265526,99.488504,73.834090,73.476008,3.000000
2026-05-10T08:39:36.175637449Z,0,per_hit,raw_percent_of_host,api-node1,api-node2,1,0,1,0.000000,0.000000,0.000000,0.000000,100.000000,100.000000,22.000000,25.000000,1.000000,1.000000,22.000000,25.000000,50.265526,99.488504,73.834090,73.531180,3.000000
2026-05-10T08:39:36.225768961Z,0,per_hit,raw_percent_of_host,api-node1,api-node2,1,0,1,0.000000,0.000000,0.000000,0.000000,100.000000,100.000000,22.000000,25.000000,1.000000,1.000000,22.000000,25.000000,50.265526,99.488504,73.834090,73.531180,3.000000
2026-05-10T08:39:36.275940724Z,0,per_hit,raw_percent_of_host,api-node1,api-node2,1,0,1,0.000000,0.000000,0.000000,0.000000,100.000000,100.000000,21.000000,24.000000,1.000000,1.000000,21.000000,24.000000,50.265526,99.488504,73.884722,73.586611,3.000000
2026-05-10T08:39:36.326099353Z,0,per_hit,raw_percent_of_host,api-node1,api-node2,1,0,1,0.000000,0.000000,0.000000,0.000000,100.000000,100.000000,21.000000,24.000000,1.000000,1.000000,21.000000,24.000000,50.265526,99.488504,73.884722,73.586611,3.000000
2026-05-10T08:39:36.375554992Z,0,per_hit,raw_percent_of_host,api-node1,api-node2,0,1,1,100.000000,0.000000,100.000000,0.000000,100.000000,100.000000,17.000000,23.000000,18.000000,1.000000,17.000000,23.000000,161.654079,99.488504,48.803982,73.642304,3.000000
2026-05-10T08:39:36.425509365Z,0,per_hit,raw_percent_of_host,api-node1,api-node2,0,1,1,100.000000,0.000000,100.000000,0.000000,100.000000,100.000000,10.000000,23.000000,18.000000,1.000000,10.000000,23.000000,161.654079,99.488504,49.282323,73.642304,3.000000
2026-05-10T08:39:36.475395296Z,0,per_hit,raw_percent_of_host,api-node1,api-node2,0,1,1,100.000000,0.000000,100.000000,0.000000,100.000000,100.000000,0.000000,23.000000,18.000000,1.000000,0.000000,23.000000,161.654079,99.488504,50.000000,73.642304,3.000000
2026-05-10T08:39:36.525548351Z,0,per_hit,raw_percent_of_host,api-node1,api-node2,0,1,1,100.000000,0.000000,100.000000,0.000000,100.000000,100.000000,0.000000,23.000000,18.000000,1.000000,0.000000,23.000000,161.654079,99.488504,50.000000,73.642304,3.000000
2026-05-10T08:39:36.575961238Z,0,per_hit,raw_percent_of_host,api-node1,api-node2,0,1,1,100.000000,0.000000,100.000000,0.000000,100.000000,100.000000,0.000000,21.000000,18.000000,1.000000,0.000000,21.000000,161.654079,99.488504,50.000000,73.754482,3.000000
2026-05-10T08:39:36.626116326Z,0,per_hit,raw_percent_of_host,api-node1,api-node2,0,1,1,100.000000,0.000000,100.000000,0.000000,100.000000,100.000000,0.000000,21.000000,18.000000,1.000000,0.000000,21.000000,161.654079,99.488504,50.000000,73.754482,3.000000
2026-05-10T08:39:36.675626897Z,0,per_hit,raw_percent_of_host,api-node1,api-node2,0,1,1,100.000000,0.000000,100.000000,0.000000,100.000000,100.000000,0.000000,20.000000,18.000000,1.000000,0.000000,20.000000,161.654079,99.488504,50.000000,73.810972,3.000000
2026-05-10T08:39:36.725784842Z,0,per_hit,raw_percent_of_host,api-node1,api-node2,0,1,1,100.000000,0.000000,100.000000,0.000000,100.000000,100.000000,0.000000,20.000000,18.000000,1.000000,0.000000,20.000000,161.654079,99.488504,50.000000,73.810972,3.000000
2026-05-10T08:39:36.775379092Z,0,per_hit,raw_percent_of_host,api-node1,api-node2,1,0,1,14.739113,54.652284,14.739113,54.652284,100.000000,100.000000,0.000000,2.000000,1.000000,18.000000,0.000000,2.000000,50.054893,771.374832,75.000000,49.817101,3.000000
2026-05-10T08:39:36.826135572Z,0,per_hit,raw_percent_of_host,api-node1,api-node2,1,0,1,14.739113,54.652284,14.739113,54.652284,100.000000,100.000000,0.000000,1.000000,1.000000,18.000000,0.000000,1.000000,50.054893,771.374832,75.000000,49.908215,3.000000
2026-05-10T08:39:36.975391898Z,0,per_hit,raw_percent_of_host,api-node1,api-node2,0,1,1,0.000000,0.000000,0.000000,0.000000,100.000000,100.000000,22.000000,17.000000,1.000000,1.000000,22.000000,17.000000,50.054893,78.444483,73.834610,74.030909,3.000000
2026-05-10T08:39:37.025731585Z,0,per_hit,raw_percent_of_host,api-node1,api-node2,0,1,1,0.000000,0.000000,0.000000,0.000000,100.000000,100.000000,25.000000,20.000000,1.000000,1.000000,25.000000,20.000000,50.054893,78.444483,73.684058,73.867640,3.000000
2026-05-10T08:39:37.075859809Z,0,per_hit,raw_percent_of_host,api-node1,api-node2,0,1,1,0.000000,0.000000,0.000000,0.000000,100.000000,100.000000,27.000000,21.000000,1.000000,1.000000,27.000000,21.000000,50.054893,78.444483,73.584743,73.813708,3.000000
2026-05-10T08:39:37.12600619Z,0,per_hit,raw_percent_of_host,api-node1,api-node2,0,1,1,0.000000,0.000000,0.000000,0.000000,100.000000,100.000000,27.000000,21.000000,1.000000,1.000000,27.000000,21.000000,50.054893,78.444483,73.584743,73.813708,3.000000
2026-05-10T08:39:37.176186115Z,0,per_hit,raw_percent_of_host,api-node1,api-node2,0,1,1,0.000000,0.000000,0.000000,0.000000,100.000000,100.000000,27.000000,21.000000,1.000000,1.000000,27.000000,21.000000,50.054893,78.444483,73.584743,73.813708,3.000000
2026-05-10T08:39:37.226083042Z,0,per_hit,raw_percent_of_host,api-node1,api-node2,0,1,1,0.000000,0.000000,0.000000,0.000000,100.000000,100.000000,27.000000,22.000000,1.000000,1.000000,27.000000,22.000000,50.054893,78.444483,73.584743,73.760020,3.000000
2026-05-10T08:39:37.276216664Z,0,per_hit,raw_percent_of_host,api-node1,api-node2,0,1,1,0.000000,0.000000,0.000000,0.000000,100.000000,100.000000,27.000000,21.000000,1.000000,1.000000,27.000000,21.000000,50.054893,78.444483,73.584743,73.813708,3.000000
2026-05-10T08:39:37.325309352Z,0,per_hit,raw_percent_of_host,api-node1,api-node2,0,1,1,0.000000,0.000000,0.000000,0.000000,100.000000,100.000000,27.000000,21.000000,1.000000,1.000000,27.000000,21.000000,50.054893,78.444483,73.584743,73.813708,3.000000
2026-05-10T08:39:37.375691014Z,0,per_hit,raw_percent_of_host,api-node1,api-node2,0,1,1,0.000000,0.000000,0.000000,0.000000,100.000000,100.000000,27.000000,20.000000,1.000000,1.000000,27.000000,20.000000,50.054893,78.444483,73.584743,73.867640,3.000000
2026-05-10T08:39:37.42630568Z,0,per_hit,raw_percent_of_host,api-node1,api-node2,0,1,1,0.000000,0.000000,0.000000,0.000000,100.000000,100.000000,26.000000,20.000000,1.000000,1.000000,26.000000,20.000000,50.054893,78.444483,73.634296,73.867640,3.000000
2026-05-10T08:39:37.476037547Z,0,per_hit,raw_percent_of_host,api-node1,api-node2,0,1,1,0.000000,0.000000,0.000000,0.000000,100.000000,100.000000,25.000000,19.000000,1.000000,1.000000,25.000000,19.000000,50.054893,78.444483,73.684058,73.921816,3.000000
2026-05-10T08:39:37.52583743Z,0,per_hit,raw_percent_of_host,api-node1,api-node2,0,1,1,92.796920,0.000000,92.796920,0.000000,100.000000,100.000000,2.000000,19.000000,24.000000,1.000000,2.000000,19.000000,452.090237,78.444483,49.889890,73.921816,3.000000
2026-05-10T08:39:37.575311597Z,0,per_hit,raw_percent_of_host,api-node1,api-node2,1,0,1,96.895580,54.639443,96.895580,54.639443,100.000000,100.000000,0.000000,15.000000,1.000000,14.000000,0.000000,15.000000,50.039397,540.534830,50.000000,49.144657,3.000000
2026-05-10T08:39:37.625651734Z,0,per_hit,raw_percent_of_host,api-node1,api-node2,1,0,1,96.895580,54.639443,96.895580,54.639443,100.000000,100.000000,0.000000,15.000000,1.000000,14.000000,0.000000,15.000000,50.039397,540.534830,50.000000,49.144657,3.000000
2026-05-10T08:39:37.676182619Z,0,per_hit,raw_percent_of_host,api-node1,api-node2,1,0,1,0.000000,49.454523,0.000000,49.454523,100.000000,100.000000,0.000000,1.000000,1.000000,3.000000,0.000000,1.000000,50.039397,120.468421,75.000000,68.589633,3.000000
2026-05-10T08:39:37.72529995Z,0,per_hit,raw_percent_of_host,api-node1,api-node2,1,0,1,0.000000,49.454523,0.000000,49.454523,100.000000,100.000000,0.000000,1.000000,1.000000,3.000000,0.000000,1.000000,50.039397,120.468421,75.000000,68.589633,3.000000
2026-05-10T08:39:37.975364727Z,0,per_hit,raw_percent_of_host,api-node1,api-node2,0,1,1,0.000000,0.000000,0.000000,0.000000,100.000000,100.000000,12.000000,7.000000,1.000000,1.000000,12.000000,7.000000,50.039397,50.042429,74.350594,74.617032,3.000000
2026-05-10T08:39:38.025669929Z,0,per_hit,raw_percent_of_host,api-node1,api-node2,1,0,1,0.000000,0.000000,0.000000,0.000000,100.000000,100.000000,19.000000,25.000000,1.000000,1.000000,19.000000,25.000000,50.039397,50.042429,73.987122,73.684093,3.000000
2026-05-10T08:39:38.075919464Z,0,per_hit,raw_percent_of_host,api-node1,api-node2,1,0,1,0.000000,0.000000,0.000000,0.000000,100.000000,100.000000,21.000000,25.000000,1.000000,1.000000,21.000000,25.000000,50.039397,50.042429,73.885257,73.684093,3.000000
2026-05-10T08:39:38.125466489Z,0,per_hit,raw_percent_of_host,api-node1,api-node2,1,0,1,0.000000,0.000000,0.000000,0.000000,100.000000,100.000000,20.000000,25.000000,1.000000,1.000000,20.000000,25.000000,50.039397,50.042429,73.936081,73.684093,3.000000
2026-05-10T08:39:38.176261283Z,0,per_hit,raw_percent_of_host,api-node1,api-node2,1,0,1,0.000000,0.000000,0.000000,0.000000,100.000000,100.000000,20.000000,24.000000,1.000000,1.000000,20.000000,24.000000,50.039397,50.042429,73.936081,73.734064,3.000000
2026-05-10T08:39:38.226261675Z,0,per_hit,raw_percent_of_host,api-node1,api-node2,1,0,1,0.000000,0.000000,0.000000,0.000000,100.000000,100.000000,20.000000,25.000000,1.000000,1.000000,20.000000,25.000000,50.039397,50.042429,73.936081,73.684093,3.000000
2026-05-10T08:39:38.275424378Z,0,per_hit,raw_percent_of_host,api-node1,api-node2,1,0,1,0.000000,0.000000,0.000000,0.000000,100.000000,100.000000,20.000000,25.000000,1.000000,1.000000,20.000000,25.000000,50.039397,50.042429,73.936081,73.684093,3.000000
2026-05-10T08:39:38.325583606Z,0,per_hit,raw_percent_of_host,api-node1,api-node2,1,0,1,0.000000,0.000000,0.000000,0.000000,100.000000,100.000000,20.000000,25.000000,1.000000,1.000000,20.000000,25.000000,50.039397,50.042429,73.936081,73.684093,3.000000
2026-05-10T08:39:38.375290511Z,0,per_hit,raw_percent_of_host,api-node1,api-node2,0,1,1,97.362233,0.000000,97.362233,0.000000,100.000000,100.000000,16.000000,24.000000,18.000000,1.000000,16.000000,24.000000,363.623664,50.042429,48.946325,73.734064,3.000000
2026-05-10T08:39:38.425606015Z,0,per_hit,raw_percent_of_host,api-node1,api-node2,0,1,1,97.362233,0.000000,97.362233,0.000000,100.000000,100.000000,0.000000,24.000000,18.000000,1.000000,0.000000,24.000000,363.623664,50.042429,50.000000,73.734064,3.000000
2026-05-10T08:39:38.476203258Z,0,per_hit,raw_percent_of_host,api-node1,api-node2,0,1,1,97.362233,0.000000,97.362233,0.000000,100.000000,100.000000,0.000000,23.000000,18.000000,1.000000,0.000000,23.000000,363.623664,50.042429,50.000000,73.784246,3.000000
2026-05-10T08:39:38.525310827Z,0,per_hit,raw_percent_of_host,api-node1,api-node2,0,1,1,97.362233,0.000000,97.362233,0.000000,100.000000,100.000000,0.000000,23.000000,18.000000,1.000000,0.000000,23.000000,363.623664,50.042429,50.000000,73.784246,3.000000
2026-05-10T08:39:38.576251211Z,0,per_hit,raw_percent_of_host,api-node1,api-node2,0,1,1,97.362233,0.000000,97.362233,0.000000,100.000000,100.000000,0.000000,22.000000,18.000000,1.000000,0.000000,22.000000,363.623664,50.042429,50.000000,73.834641,3.000000
2026-05-10T08:39:38.625417036Z,0,per_hit,raw_percent_of_host,api-node1,api-node2,0,1,1,97.362233,0.000000,97.362233,0.000000,100.000000,100.000000,0.000000,22.000000,18.000000,1.000000,0.000000,22.000000,363.623664,50.042429,50.000000,73.834641,3.000000
2026-05-10T08:39:38.675482455Z,0,per_hit,raw_percent_of_host,api-node1,api-node2,0,1,1,97.362233,0.000000,97.362233,0.000000,100.000000,100.000000,0.000000,19.000000,18.000000,1.000000,0.000000,19.000000,363.623664,50.042429,50.000000,73.987115,3.000000
2026-05-10T08:39:38.7256237Z,0,per_hit,raw_percent_of_host,api-node1,api-node2,0,1,1,97.362233,0.000000,97.362233,0.000000,100.000000,100.000000,0.000000,19.000000,18.000000,1.000000,0.000000,19.000000,363.623664,50.042429,50.000000,73.987115,3.000000
2026-05-10T08:39:38.775497548Z,0,per_hit,raw_percent_of_host,api-node1,api-node2,1,0,1,17.579344,53.532694,17.579344,53.532694,100.000000,100.000000,0.000000,14.000000,1.000000,17.000000,0.000000,14.000000,50.044601,520.008450,75.000000,49.169849,3.000000
2026-05-10T08:39:38.825658594Z,0,per_hit,raw_percent_of_host,api-node1,api-node2,1,0,1,17.579344,53.532694,17.579344,53.532694,100.000000,100.000000,0.000000,14.000000,1.000000,17.000000,0.000000,14.000000,50.044601,520.008450,75.000000,49.169849,3.000000
2026-05-10T08:39:38.975949762Z,0,per_hit,raw_percent_of_host,api-node1,api-node2,0,1,1,0.000000,20.005471,0.000000,20.005471,100.000000,100.000000,20.000000,17.000000,1.000000,1.000000,20.000000,17.000000,50.044601,84.456836,73.936069,74.017439,3.000000
2026-05-10T08:39:39.026173204Z,0,per_hit,raw_percent_of_host,api-node1,api-node2,0,1,1,0.000000,20.005471,0.000000,20.005471,100.000000,100.000000,24.000000,19.000000,1.000000,1.000000,24.000000,19.000000,50.044601,84.456836,73.734058,73.906898,3.000000
2026-05-10T08:39:39.075986563Z,0,per_hit,raw_percent_of_host,api-node1,api-node2,0,1,1,0.000000,20.005471,0.000000,20.005471,100.000000,100.000000,27.000000,19.000000,1.000000,1.000000,27.000000,19.000000,50.044601,84.456836,73.584773,73.906898,3.000000
2026-05-10T08:39:39.12619489Z,0,per_hit,raw_percent_of_host,api-node1,api-node2,0,1,1,0.000000,20.005471,0.000000,20.005471,100.000000,100.000000,27.000000,19.000000,1.000000,1.000000,27.000000,19.000000,50.044601,84.456836,73.584773,73.906898,3.000000
2026-05-10T08:39:39.175312698Z,0,per_hit,raw_percent_of_host,api-node1,api-node2,0,1,1,0.000000,20.005471,0.000000,20.005471,100.000000,100.000000,27.000000,19.000000,1.000000,1.000000,27.000000,19.000000,50.044601,84.456836,73.584773,73.906898,3.000000
2026-05-10T08:39:39.22583055Z,0,per_hit,raw_percent_of_host,api-node1,api-node2,0,1,1,0.000000,20.005471,0.000000,20.005471,100.000000,100.000000,27.000000,20.000000,1.000000,1.000000,27.000000,20.000000,50.044601,84.456836,73.584773,73.852008,3.000000
2026-05-10T08:39:39.275403449Z,0,per_hit,raw_percent_of_host,api-node1,api-node2,0,1,1,0.000000,20.005471,0.000000,20.005471,100.000000,100.000000,27.000000,19.000000,1.000000,1.000000,27.000000,19.000000,50.044601,84.456836,73.584773,73.906898,3.000000
2026-05-10T08:39:39.325560369Z,0,per_hit,raw_percent_of_host,api-node1,api-node2,0,1,1,0.000000,20.005471,0.000000,20.005471,100.000000,100.000000,27.000000,19.000000,1.000000,1.000000,27.000000,19.000000,50.044601,84.456836,73.584773,73.906898,3.000000
2026-05-10T08:39:39.375722782Z,0,per_hit,raw_percent_of_host,api-node1,api-node2,0,1,1,0.000000,20.005471,0.000000,20.005471,100.000000,100.000000,26.000000,18.000000,1.000000,1.000000,26.000000,18.000000,50.044601,84.456836,73.634326,73.962041,3.000000
2026-05-10T08:39:39.425687946Z,0,per_hit,raw_percent_of_host,api-node1,api-node2,0,1,1,0.000000,20.005471,0.000000,20.005471,100.000000,100.000000,25.000000,18.000000,1.000000,1.000000,25.000000,18.000000,50.044601,84.456836,73.684087,73.962041,3.000000
2026-05-10T08:39:39.476089175Z,0,per_hit,raw_percent_of_host,api-node1,api-node2,0,1,1,93.051624,20.005471,93.051624,20.005471,100.000000,100.000000,23.000000,18.000000,23.000000,1.000000,23.000000,18.000000,424.079421,84.456836,48.713875,73.962041,3.000000
2026-05-10T08:39:39.525584624Z,0,per_hit,raw_percent_of_host,api-node1,api-node2,0,1,1,93.051624,20.005471,93.051624,20.005471,100.000000,100.000000,3.000000,18.000000,23.000000,1.000000,3.000000,18.000000,424.079421,84.456836,49.824389,73.962041,3.000000
2026-05-10T08:39:39.576198303Z,0,per_hit,raw_percent_of_host,api-node1,api-node2,1,0,1,78.353381,52.879180,78.353381,52.879180,100.000000,100.000000,0.000000,15.000000,1.000000,15.000000,0.000000,15.000000,50.036586,542.511487,50.000000,49.092612,3.000000
2026-05-10T08:39:39.625435023Z,0,per_hit,raw_percent_of_host,api-node1,api-node2,1,0,1,78.353381,52.879180,78.353381,52.879180,100.000000,100.000000,0.000000,15.000000,1.000000,15.000000,0.000000,15.000000,50.036586,542.511487,50.000000,49.092612,3.000000
2026-05-10T08:39:39.675440237Z,0,per_hit,raw_percent_of_host,api-node1,api-node2,1,0,1,0.000000,58.553180,0.000000,58.553180,100.000000,100.000000,0.000000,1.000000,1.000000,2.000000,0.000000,1.000000,50.036586,101.364474,75.000000,69.931776,3.000000
2026-05-10T08:39:39.725572109Z,0,per_hit,raw_percent_of_host,api-node1,api-node2,1,0,1,0.000000,58.553180,0.000000,58.553180,100.000000,100.000000,0.000000,1.000000,1.000000,2.000000,0.000000,1.000000,50.036586,101.364474,75.000000,69.931776,3.000000
2026-05-10T08:39:39.975753875Z,0,per_hit,raw_percent_of_host,api-node1,api-node2,0,1,1,0.000000,0.000000,0.000000,0.000000,100.000000,100.000000,21.000000,16.000000,1.000000,1.000000,21.000000,16.000000,50.036586,98.207475,73.885264,74.042587,3.000000
2026-05-10T08:39:40.025770725Z,0,per_hit,raw_percent_of_host,api-node1,api-node2,0,1,1,0.000000,0.000000,0.000000,0.000000,100.000000,100.000000,24.000000,19.000000,1.000000,1.000000,24.000000,19.000000,50.036586,98.207475,73.734080,73.871178,3.000000
2026-05-10T08:39:40.076090692Z,0,per_hit,raw_percent_of_host,api-node1,api-node2,0,1,1,0.000000,0.000000,0.000000,0.000000,100.000000,100.000000,25.000000,21.000000,1.000000,1.000000,25.000000,21.000000,50.036586,98.207475,73.684109,73.758256,3.000000
2026-05-10T08:39:40.126249517Z,0,per_hit,raw_percent_of_host,api-node1,api-node2,0,1,1,0.000000,0.000000,0.000000,0.000000,100.000000,100.000000,25.000000,21.000000,1.000000,1.000000,25.000000,21.000000,50.036586,98.207475,73.684109,73.758256,3.000000
2026-05-10T08:39:40.175413084Z,0,per_hit,raw_percent_of_host,api-node1,api-node2,0,1,1,0.000000,0.000000,0.000000,0.000000,100.000000,100.000000,25.000000,21.000000,1.000000,1.000000,25.000000,21.000000,50.036586,98.207475,73.684109,73.758256,3.000000
2026-05-10T08:39:40.226207223Z,0,per_hit,raw_percent_of_host,api-node1,api-node2,0,1,1,0.000000,0.000000,0.000000,0.000000,100.000000,100.000000,26.000000,21.000000,1.000000,1.000000,26.000000,21.000000,50.036586,98.207475,73.634349,73.758256,3.000000
2026-05-10T08:39:40.275555266Z,0,per_hit,raw_percent_of_host,api-node1,api-node2,0,1,1,0.000000,0.000000,0.000000,0.000000,100.000000,100.000000,26.000000,20.000000,1.000000,1.000000,26.000000,20.000000,50.036586,98.207475,73.634349,73.814583,3.000000
2026-05-10T08:39:40.325710899Z,0,per_hit,raw_percent_of_host,api-node1,api-node2,0,1,1,0.000000,0.000000,0.000000,0.000000,100.000000,100.000000,26.000000,20.000000,1.000000,1.000000,26.000000,20.000000,50.036586,98.207475,73.634349,73.814583,3.000000
2026-05-10T08:39:40.375855697Z,0,per_hit,raw_percent_of_host,api-node1,api-node2,0,1,1,0.000000,0.000000,0.000000,0.000000,100.000000,100.000000,26.000000,20.000000,1.000000,1.000000,26.000000,20.000000,50.036586,98.207475,73.634349,73.814583,3.000000
2026-05-10T08:39:40.425370395Z,0,per_hit,raw_percent_of_host,api-node1,api-node2,0,1,1,0.000000,0.000000,0.000000,0.000000,100.000000,100.000000,24.000000,19.000000,1.000000,1.000000,24.000000,19.000000,50.036586,98.207475,73.734080,73.871178,3.000000
2026-05-10T08:39:40.475817448Z,0,per_hit,raw_percent_of_host,api-node1,api-node2,0,1,1,94.018870,57.162489,94.018870,57.162489,100.000000,100.000000,21.000000,16.000000,22.000000,13.000000,21.000000,16.000000,430.025730,478.449592,48.835987,51.120050,3.000000
2026-05-10T08:39:40.525377068Z,0,per_hit,raw_percent_of_host,api-node1,api-node2,0,1,1,97.856335,57.162489,97.856335,57.162489,100.000000,100.000000,1.000000,16.000000,2.000000,13.000000,1.000000,16.000000,50.037627,478.449592,49.944563,51.120050,3.000000
2026-05-10T08:39:40.575475982Z,0,per_hit,raw_percent_of_host,api-node1,api-node2,0,1,1,97.856335,57.162489,97.856335,57.162489,100.000000,100.000000,0.000000,14.000000,2.000000,13.000000,0.000000,14.000000,50.037627,478.449592,50.000000,51.120050,3.000000
2026-05-10T08:39:40.625634368Z,0,per_hit,raw_percent_of_host,api-node1,api-node2,0,1,1,97.856335,57.162489,97.856335,57.162489,100.000000,100.000000,0.000000,14.000000,2.000000,13.000000,0.000000,14.000000,50.037627,478.449592,50.000000,51.120050,3.000000
2026-05-10T08:39:40.975677967Z,0,per_hit,raw_percent_of_host,api-node1,api-node2,0,1,1,0.000000,0.000000,0.000000,0.000000,100.000000,100.000000,20.000000,16.000000,1.000000,1.000000,20.000000,16.000000,50.036554,80.414808,73.936087,74.081695,3.000000
2026-05-10T08:39:41.025470313Z,0,per_hit,raw_percent_of_host,api-node1,api-node2,1,0,1,0.000000,0.000000,0.000000,0.000000,100.000000,100.000000,20.000000,22.000000,1.000000,1.000000,20.000000,22.000000,50.036554,80.414808,73.936087,73.754487,3.000000
2026-05-10T08:39:41.076008379Z,0,per_hit,raw_percent_of_host,api-node1,api-node2,1,0,1,0.000000,0.000000,0.000000,0.000000,100.000000,100.000000,20.000000,25.000000,1.000000,1.000000,20.000000,25.000000,50.036554,80.414808,73.936087,73.594195,3.000000
2026-05-10T08:39:41.126165563Z,0,per_hit,raw_percent_of_host,api-node1,api-node2,1,0,1,0.000000,0.000000,0.000000,0.000000,100.000000,100.000000,20.000000,25.000000,1.000000,1.000000,20.000000,25.000000,50.036554,80.414808,73.936087,73.594195,3.000000
2026-05-10T08:39:41.17527697Z,0,per_hit,raw_percent_of_host,api-node1,api-node2,1,0,1,0.000000,0.000000,0.000000,0.000000,100.000000,100.000000,20.000000,25.000000,1.000000,1.000000,20.000000,25.000000,50.036554,80.414808,73.936087,73.594195,3.000000
2026-05-10T08:39:41.226004213Z,0,per_hit,raw_percent_of_host,api-node1,api-node2,1,0,1,0.000000,0.000000,0.000000,0.000000,100.000000,100.000000,20.000000,26.000000,1.000000,1.000000,20.000000,26.000000,50.036554,80.414808,73.936087,73.541244,3.000000
2026-05-10T08:39:41.275428724Z,0,per_hit,raw_percent_of_host,api-node1,api-node2,1,0,1,0.000000,0.000000,0.000000,0.000000,100.000000,100.000000,20.000000,25.000000,1.000000,1.000000,20.000000,25.000000,50.036554,80.414808,73.936087,73.594195,3.000000
2026-05-10T08:39:41.325577141Z,0,per_hit,raw_percent_of_host,api-node1,api-node2,1,0,1,0.000000,0.000000,0.000000,0.000000,100.000000,100.000000,20.000000,25.000000,1.000000,1.000000,20.000000,25.000000,50.036554,80.414808,73.936087,73.594195,3.000000
2026-05-10T08:39:41.376033838Z,0,per_hit,raw_percent_of_host,api-node1,api-node2,1,0,1,0.000000,0.000000,0.000000,0.000000,100.000000,100.000000,19.000000,24.000000,1.000000,1.000000,19.000000,24.000000,50.036554,80.414808,73.987128,73.647385,3.000000
2026-05-10T08:39:41.425285654Z,0,per_hit,raw_percent_of_host,api-node1,api-node2,0,1,1,88.350120,0.000000,88.350120,0.000000,100.000000,100.000000,1.000000,24.000000,21.000000,1.000000,1.000000,24.000000,367.488072,80.414808,49.932155,73.647385,3.000000
2026-05-10T08:39:41.476034978Z,0,per_hit,raw_percent_of_host,api-node1,api-node2,0,1,1,88.350120,0.000000,88.350120,0.000000,100.000000,100.000000,0.000000,22.000000,21.000000,1.000000,0.000000,22.000000,367.488072,80.414808,50.000000,73.754487,3.000000
2026-05-10T08:39:41.526188773Z,0,per_hit,raw_percent_of_host,api-node1,api-node2,0,1,1,88.350120,0.000000,88.350120,0.000000,100.000000,100.000000,0.000000,22.000000,21.000000,1.000000,0.000000,22.000000,367.488072,80.414808,50.000000,73.754487,3.000000
2026-05-10T08:39:41.575559565Z,0,per_hit,raw_percent_of_host,api-node1,api-node2,0,1,1,88.350120,0.000000,88.350120,0.000000,100.000000,100.000000,0.000000,21.000000,21.000000,1.000000,0.000000,21.000000,367.488072,80.414808,50.000000,73.808403,3.000000
2026-05-10T08:39:41.625705913Z,0,per_hit,raw_percent_of_host,api-node1,api-node2,0,1,1,88.350120,0.000000,88.350120,0.000000,100.000000,100.000000,0.000000,21.000000,21.000000,1.000000,0.000000,21.000000,367.488072,80.414808,50.000000,73.808403,3.000000
2026-05-10T08:39:41.67598222Z,0,per_hit,raw_percent_of_host,api-node1,api-node2,1,0,1,11.203415,53.894772,11.203415,53.894772,100.000000,100.000000,0.000000,18.000000,1.000000,17.000000,0.000000,18.000000,50.040888,59.599270,75.000000,71.845810,3.000000
2026-05-10T08:39:41.726101183Z,0,per_hit,raw_percent_of_host,api-node1,api-node2,1,0,1,11.203415,53.894772,11.203415,53.894772,100.000000,100.000000,0.000000,18.000000,1.000000,17.000000,0.000000,18.000000,50.040888,59.599270,75.000000,71.845810,3.000000
2026-05-10T08:39:41.775540299Z,0,per_hit,raw_percent_of_host,api-node1,api-node2,1,0,1,11.203415,48.771043,11.203415,48.771043,100.000000,100.000000,0.000000,2.000000,1.000000,3.000000,0.000000,2.000000,50.040888,121.515296,75.000000,68.411686,3.000000
2026-05-10T08:39:41.825465001Z,0,per_hit,raw_percent_of_host,api-node1,api-node2,1,0,1,0.000000,48.771043,0.000000,48.771043,100.000000,100.000000,0.000000,1.000000,1.000000,3.000000,0.000000,1.000000,50.040888,121.515296,75.000000,68.411686,3.000000
2026-05-10T08:39:41.975998541Z,0,per_hit,raw_percent_of_host,api-node1,api-node2,1,0,1,0.000000,20.007691,0.000000,20.007691,100.000000,100.000000,15.000000,21.000000,1.000000,1.000000,15.000000,21.000000,50.040888,78.480375,74.193477,73.813612,3.000000
2026-05-10T08:39:42.025539649Z,0,per_hit,raw_percent_of_host,api-node1,api-node2,1,0,1,0.000000,20.007691,0.000000,20.007691,100.000000,100.000000,16.000000,25.000000,1.000000,1.000000,16.000000,25.000000,50.040888,78.480375,74.141556,73.600285,3.000000
2026-05-10T08:39:42.075890379Z,0,per_hit,raw_percent_of_host,api-node1,api-node2,1,0,1,0.000000,20.007691,0.000000,20.007691,100.000000,100.000000,18.000000,26.000000,1.000000,1.000000,18.000000,26.000000,50.040888,78.480375,74.038378,73.547550,3.000000
2026-05-10T08:39:42.126039392Z,0,per_hit,raw_percent_of_host,api-node1,api-node2,1,0,1,0.000000,20.007691,0.000000,20.007691,100.000000,100.000000,18.000000,26.000000,1.000000,1.000000,18.000000,26.000000,50.040888,78.480375,74.038378,73.547550,3.000000
2026-05-10T08:39:42.176263241Z,0,per_hit,raw_percent_of_host,api-node1,api-node2,1,0,1,0.000000,20.007691,0.000000,20.007691,100.000000,100.000000,18.000000,25.000000,1.000000,1.000000,18.000000,25.000000,50.040888,78.480375,74.038378,73.600285,3.000000
2026-05-10T08:39:42.225453363Z,0,per_hit,raw_percent_of_host,api-node1,api-node2,1,0,1,0.000000,20.007691,0.000000,20.007691,100.000000,100.000000,19.000000,25.000000,1.000000,1.000000,19.000000,25.000000,50.040888,78.480375,73.987119,73.600285,3.000000
2026-05-10T08:39:42.275934658Z,0,per_hit,raw_percent_of_host,api-node1,api-node2,0,1,1,97.884930,20.007691,97.884930,20.007691,100.000000,100.000000,17.000000,24.000000,14.000000,1.000000,17.000000,24.000000,283.252145,78.480375,48.584523,73.653258,3.000000
2026-05-10T08:39:42.32624606Z,0,per_hit,raw_percent_of_host,api-node1,api-node2,0,1,1,97.884930,20.007691,97.884930,20.007691,100.000000,100.000000,14.000000,24.000000,14.000000,1.000000,14.000000,24.000000,283.252145,78.480375,48.822548,73.653258,3.000000
2026-05-10T08:39:42.376263317Z,0,per_hit,raw_percent_of_host,api-node1,api-node2,0,1,1,97.884930,20.007691,97.884930,20.007691,100.000000,100.000000,1.000000,23.000000,14.000000,1.000000,1.000000,23.000000,283.252145,78.480375,49.912050,73.706469,3.000000
2026-05-10T08:39:42.425690401Z,0,per_hit,raw_percent_of_host,api-node1,api-node2,0,1,1,97.884930,20.007691,97.884930,20.007691,100.000000,100.000000,0.000000,23.000000,14.000000,1.000000,0.000000,23.000000,283.252145,78.480375,50.000000,73.706469,3.000000
2026-05-10T08:39:42.475760694Z,0,per_hit,raw_percent_of_host,api-node1,api-node2,1,0,1,54.790802,51.435006,54.790802,51.435006,100.000000,100.000000,0.000000,22.000000,1.000000,12.000000,0.000000,22.000000,50.040529,59.539578,72.369740,71.595268,3.000000
2026-05-10T08:39:42.525871715Z,0,per_hit,raw_percent_of_host,api-node1,api-node2,1,0,1,54.790802,51.435006,54.790802,51.435006,100.000000,100.000000,0.000000,22.000000,1.000000,12.000000,0.000000,22.000000,50.040529,59.539578,72.369740,71.595268,3.000000
2026-05-10T08:39:42.575933602Z,0,per_hit,raw_percent_of_host,api-node1,api-node2,1,0,1,54.790802,51.435006,54.790802,51.435006,100.000000,100.000000,0.000000,20.000000,1.000000,12.000000,0.000000,20.000000,50.040529,59.539578,72.369740,71.595268,3.000000
2026-05-10T08:39:42.626090672Z,0,per_hit,raw_percent_of_host,api-node1,api-node2,1,0,1,54.790802,51.435006,54.790802,51.435006,100.000000,100.000000,0.000000,20.000000,1.000000,12.000000,0.000000,20.000000,50.040529,59.539578,72.369740,71.595268,3.000000
2026-05-10T08:39:42.675557345Z,0,per_hit,raw_percent_of_host,api-node1,api-node2,1,0,1,54.790802,51.435006,54.790802,51.435006,100.000000,100.000000,0.000000,18.000000,1.000000,12.000000,0.000000,18.000000,50.040529,59.539578,72.369740,71.595268,3.000000
2026-05-10T08:39:42.725693878Z,0,per_hit,raw_percent_of_host,api-node1,api-node2,1,0,1,54.790802,51.435006,54.790802,51.435006,100.000000,100.000000,0.000000,18.000000,1.000000,12.000000,0.000000,18.000000,50.040529,59.539578,72.369740,71.595268,3.000000
2026-05-10T08:39:42.775793136Z,0,per_hit,raw_percent_of_host,api-node1,api-node2,1,0,1,54.790802,58.455684,54.790802,58.455684,100.000000,100.000000,0.000000,2.000000,1.000000,9.000000,0.000000,2.000000,50.040529,341.456325,72.369740,57.927184,3.000000
2026-05-10T08:39:42.826086451Z,0,per_hit,raw_percent_of_host,api-node1,api-node2,1,0,1,0.000000,58.455684,0.000000,58.455684,100.000000,100.000000,0.000000,2.000000,1.000000,9.000000,0.000000,2.000000,50.040529,341.456325,75.000000,57.927184,3.000000
2026-05-10T08:39:42.97542694Z,0,per_hit,raw_percent_of_host,api-node1,api-node2,0,1,1,0.000000,0.000000,0.000000,0.000000,100.000000,100.000000,20.000000,16.000000,1.000000,1.000000,20.000000,16.000000,50.040529,79.510212,73.936078,74.083598,3.000000
2026-05-10T08:39:43.02629369Z,0,per_hit,raw_percent_of_host,api-node1,api-node2,0,1,1,0.000000,0.000000,0.000000,0.000000,100.000000,100.000000,22.000000,19.000000,1.000000,1.000000,22.000000,19.000000,50.040529,79.510212,73.834646,73.919201,3.000000
2026-05-10T08:39:43.075611141Z,0,per_hit,raw_percent_of_host,api-node1,api-node2,0,1,1,0.000000,0.000000,0.000000,0.000000,100.000000,100.000000,23.000000,20.000000,1.000000,1.000000,23.000000,20.000000,50.040529,79.510212,73.784251,73.864900,3.000000
2026-05-10T08:39:43.12577022Z,0,per_hit,raw_percent_of_host,api-node1,api-node2,0,1,1,0.000000,0.000000,0.000000,0.000000,100.000000,100.000000,23.000000,20.000000,1.000000,1.000000,23.000000,20.000000,50.040529,79.510212,73.784251,73.864900,3.000000
2026-05-10T08:39:43.176256126Z,0,per_hit,raw_percent_of_host,api-node1,api-node2,0,1,1,0.000000,0.000000,0.000000,0.000000,100.000000,100.000000,23.000000,19.000000,1.000000,1.000000,23.000000,19.000000,50.040529,79.510212,73.784251,73.919201,3.000000
2026-05-10T08:39:43.226785671Z,0,per_hit,raw_percent_of_host,api-node1,api-node2,0,1,1,0.000000,0.000000,0.000000,0.000000,100.000000,100.000000,24.000000,19.000000,1.000000,1.000000,24.000000,19.000000,50.040529,79.510212,73.734069,73.919201,3.000000
2026-05-10T08:39:43.275860194Z,0,per_hit,raw_percent_of_host,api-node1,api-node2,0,1,1,0.000000,0.000000,0.000000,0.000000,100.000000,100.000000,24.000000,17.000000,1.000000,1.000000,24.000000,17.000000,50.040529,79.510212,73.734069,74.028549,3.000000
2026-05-10T08:39:43.326030334Z,0,per_hit,raw_percent_of_host,api-node1,api-node2,0,1,1,0.000000,0.000000,0.000000,0.000000,100.000000,100.000000,24.000000,17.000000,1.000000,1.000000,24.000000,17.000000,50.040529,79.510212,73.734069,74.028549,3.000000
2026-05-10T08:39:43.375940285Z,0,per_hit,raw_percent_of_host,api-node1,api-node2,0,1,1,0.000000,0.000000,0.000000,0.000000,100.000000,100.000000,23.000000,16.000000,1.000000,1.000000,23.000000,16.000000,50.040529,79.510212,73.784251,74.083598,3.000000
2026-05-10T08:39:43.425861151Z,0,per_hit,raw_percent_of_host,api-node1,api-node2,0,1,1,95.612586,0.000000,95.612586,0.000000,100.000000,100.000000,20.000000,16.000000,20.000000,1.000000,20.000000,16.000000,403.785708,79.510212,48.820158,74.083598,3.000000
2026-05-10T08:39:43.476213018Z,0,per_hit,raw_percent_of_host,api-node1,api-node2,0,1,1,95.612586,0.000000,95.612586,0.000000,100.000000,100.000000,1.000000,16.000000,20.000000,1.000000,1.000000,16.000000,403.785708,79.510212,49.938239,74.083598,3.000000
2026-05-10T08:39:43.525710401Z,0,per_hit,raw_percent_of_host,api-node1,api-node2,0,1,1,95.612586,0.000000,95.612586,0.000000,100.000000,100.000000,0.000000,16.000000,20.000000,1.000000,0.000000,16.000000,403.785708,79.510212,50.000000,74.083598,3.000000
2026-05-10T08:39:43.576247736Z,0,per_hit,raw_percent_of_host,api-node1,api-node2,1,0,1,56.012649,72.822802,56.012649,72.822802,100.000000,100.000000,0.000000,2.000000,1.000000,8.000000,0.000000,2.000000,50.044220,340.740129,72.462683,56.120060,3.000000
2026-05-10T08:39:43.625883029Z,0,per_hit,raw_percent_of_host,api-node1,api-node2,1,0,1,0.000000,72.822802,0.000000,72.822802,100.000000,100.000000,0.000000,1.000000,1.000000,8.000000,0.000000,1.000000,50.044220,340.740129,75.000000,56.228384,3.000000
2026-05-10T08:39:43.975462083Z,0,per_hit,raw_percent_of_host,api-node1,api-node2,0,1,1,0.000000,0.000000,0.000000,0.000000,100.000000,100.000000,21.000000,14.000000,1.000000,1.000000,21.000000,14.000000,50.044220,78.959255,73.885246,74.195478,3.000000
2026-05-10T08:39:44.025315545Z,0,per_hit,raw_percent_of_host,api-node1,api-node2,0,1,1,0.000000,0.000000,0.000000,0.000000,100.000000,100.000000,22.000000,17.000000,1.000000,1.000000,22.000000,17.000000,50.044220,78.959255,73.834637,74.029771,3.000000
2026-05-10T08:39:44.075909978Z,0,per_hit,raw_percent_of_host,api-node1,api-node2,0,1,1,0.000000,0.000000,0.000000,0.000000,100.000000,100.000000,23.000000,18.000000,1.000000,1.000000,23.000000,18.000000,50.044220,78.959255,73.784242,73.975038,3.000000
2026-05-10T08:39:44.126068031Z,0,per_hit,raw_percent_of_host,api-node1,api-node2,0,1,1,0.000000,0.000000,0.000000,0.000000,100.000000,100.000000,23.000000,18.000000,1.000000,1.000000,23.000000,18.000000,50.044220,78.959255,73.784242,73.975038,3.000000
2026-05-10T08:39:44.176114161Z,0,per_hit,raw_percent_of_host,api-node1,api-node2,0,1,1,0.000000,0.000000,0.000000,0.000000,100.000000,100.000000,23.000000,17.000000,1.000000,1.000000,23.000000,17.000000,50.044220,78.959255,73.784242,74.029771,3.000000
2026-05-10T08:39:44.225541284Z,0,per_hit,raw_percent_of_host,api-node1,api-node2,0,1,1,0.000000,0.000000,0.000000,0.000000,100.000000,100.000000,24.000000,18.000000,1.000000,1.000000,24.000000,18.000000,50.044220,78.959255,73.734059,73.975038,3.000000
2026-05-10T08:39:44.276100402Z,0,per_hit,raw_percent_of_host,api-node1,api-node2,0,1,1,0.000000,0.000000,0.000000,0.000000,100.000000,100.000000,24.000000,17.000000,1.000000,1.000000,24.000000,17.000000,50.044220,78.959255,73.734059,74.029771,3.000000
2026-05-10T08:39:44.326269333Z,0,per_hit,raw_percent_of_host,api-node1,api-node2,0,1,1,0.000000,0.000000,0.000000,0.000000,100.000000,100.000000,24.000000,17.000000,1.000000,1.000000,24.000000,17.000000,50.044220,78.959255,73.734059,74.029771,3.000000
2026-05-10T08:39:44.375951013Z,0,per_hit,raw_percent_of_host,api-node1,api-node2,0,1,1,0.000000,0.000000,0.000000,0.000000,100.000000,100.000000,24.000000,15.000000,1.000000,1.000000,24.000000,15.000000,50.044220,78.959255,73.734059,74.139989,3.000000
2026-05-10T08:39:44.42550765Z,0,per_hit,raw_percent_of_host,api-node1,api-node2,0,1,1,0.000000,0.000000,0.000000,0.000000,100.000000,100.000000,22.000000,15.000000,1.000000,1.000000,22.000000,15.000000,50.044220,78.959255,73.834637,74.139989,3.000000
2026-05-10T08:39:44.47538349Z,0,per_hit,raw_percent_of_host,api-node1,api-node2,0,1,1,97.186158,57.215517,97.186158,57.215517,100.000000,100.000000,7.000000,11.000000,22.000000,12.000000,7.000000,11.000000,424.729399,437.545495,49.594654,53.122725,3.000000
2026-05-10T08:39:44.525305021Z,0,per_hit,raw_percent_of_host,api-node1,api-node2,0,1,1,99.152911,57.215517,99.152911,57.215517,100.000000,100.000000,0.000000,11.000000,2.000000,12.000000,0.000000,11.000000,50.044289,437.545495,50.000000,53.122725,3.000000
2026-05-10T08:39:44.575892085Z,0,per_hit,raw_percent_of_host,api-node1,api-node2,1,0,1,0.000000,36.603261,0.000000,36.603261,100.000000,100.000000,0.000000,1.000000,1.000000,3.000000,0.000000,1.000000,50.021837,101.820488,75.000000,68.115684,3.000000
2026-05-10T08:39:44.626056081Z,0,per_hit,raw_percent_of_host,api-node1,api-node2,1,0,1,0.000000,36.603261,0.000000,36.603261,100.000000,100.000000,0.000000,1.000000,1.000000,3.000000,0.000000,1.000000,50.021837,101.820488,75.000000,68.115684,3.000000
2026-05-10T08:39:44.975567628Z,0,per_hit,raw_percent_of_host,api-node1,api-node2,1,0,1,0.000000,0.000000,0.000000,0.000000,100.000000,100.000000,16.000000,19.000000,1.000000,1.000000,16.000000,19.000000,50.021837,98.746966,74.141591,73.869729,3.000000
2026-05-10T08:39:45.025623905Z,0,per_hit,raw_percent_of_host,api-node1,api-node2,1,0,1,0.000000,0.000000,0.000000,0.000000,100.000000,100.000000,17.000000,22.000000,1.000000,1.000000,17.000000,22.000000,50.021837,98.746966,74.089893,73.700541,3.000000
2026-05-10T08:39:45.075384318Z,0,per_hit,raw_percent_of_host,api-node1,api-node2,1,0,1,0.000000,0.000000,0.000000,0.000000,100.000000,100.000000,17.000000,24.000000,1.000000,1.000000,17.000000,24.000000,50.021837,98.746966,74.089893,73.589075,3.000000
2026-05-10T08:39:45.125551539Z,0,per_hit,raw_percent_of_host,api-node1,api-node2,1,0,1,0.000000,0.000000,0.000000,0.000000,100.000000,100.000000,17.000000,24.000000,1.000000,1.000000,17.000000,24.000000,50.021837,98.746966,74.089893,73.589075,3.000000
2026-05-10T08:39:45.175671997Z,0,per_hit,raw_percent_of_host,api-node1,api-node2,1,0,1,0.000000,0.000000,0.000000,0.000000,100.000000,100.000000,17.000000,23.000000,1.000000,1.000000,17.000000,23.000000,50.021837,98.746966,74.089893,73.644677,3.000000
2026-05-10T08:39:45.226168672Z,0,per_hit,raw_percent_of_host,api-node1,api-node2,1,0,1,0.000000,0.000000,0.000000,0.000000,100.000000,100.000000,17.000000,24.000000,1.000000,1.000000,17.000000,24.000000,50.021837,98.746966,74.089893,73.589075,3.000000
2026-05-10T08:39:45.275374835Z,0,per_hit,raw_percent_of_host,api-node1,api-node2,1,0,1,0.000000,0.000000,0.000000,0.000000,100.000000,100.000000,16.000000,23.000000,1.000000,1.000000,16.000000,23.000000,50.021837,98.746966,74.141591,73.644677,3.000000
2026-05-10T08:39:45.32524244Z,0,per_hit,raw_percent_of_host,api-node1,api-node2,0,1,1,99.154588,0.000000,99.154588,0.000000,100.000000,100.000000,8.000000,23.000000,17.000000,1.000000,8.000000,23.000000,322.937347,98.746966,49.395656,73.644677,3.000000
2026-05-10T08:39:45.375864614Z,0,per_hit,raw_percent_of_host,api-node1,api-node2,0,1,1,99.154588,0.000000,99.154588,0.000000,100.000000,100.000000,0.000000,21.000000,17.000000,1.000000,0.000000,21.000000,322.937347,98.746966,50.000000,73.756670,3.000000
2026-05-10T08:39:45.426022905Z,0,per_hit,raw_percent_of_host,api-node1,api-node2,0,1,1,99.154588,0.000000,99.154588,0.000000,100.000000,100.000000,0.000000,21.000000,17.000000,1.000000,0.000000,21.000000,322.937347,98.746966,50.000000,73.756670,3.000000
2026-05-10T08:39:45.476049849Z,0,per_hit,raw_percent_of_host,api-node1,api-node2,0,1,1,99.154588,0.000000,99.154588,0.000000,100.000000,100.000000,0.000000,20.000000,17.000000,1.000000,0.000000,20.000000,322.937347,98.746966,50.000000,73.813065,3.000000
2026-05-10T08:39:45.52618015Z,0,per_hit,raw_percent_of_host,api-node1,api-node2,0,1,1,99.154588,0.000000,99.154588,0.000000,100.000000,100.000000,0.000000,20.000000,17.000000,1.000000,0.000000,20.000000,322.937347,98.746966,50.000000,73.813065,3.000000
2026-05-10T08:39:45.575289144Z,0,per_hit,raw_percent_of_host,api-node1,api-node2,0,1,1,99.154588,0.000000,99.154588,0.000000,100.000000,100.000000,0.000000,20.000000,17.000000,1.000000,0.000000,20.000000,322.937347,98.746966,50.000000,73.813065,3.000000
2026-05-10T08:39:45.625277526Z,0,per_hit,raw_percent_of_host,api-node1,api-node2,0,1,1,99.154588,0.000000,99.154588,0.000000,100.000000,100.000000,0.000000,19.000000,17.000000,1.000000,0.000000,19.000000,322.937347,98.746966,50.000000,73.869729,3.000000
2026-05-10T08:39:45.67568848Z,0,per_hit,raw_percent_of_host,api-node1,api-node2,0,1,1,99.154588,0.000000,99.154588,0.000000,100.000000,100.000000,0.000000,16.000000,17.000000,1.000000,0.000000,16.000000,322.937347,98.746966,50.000000,74.041349,3.000000
2026-05-10T08:39:45.725843455Z,0,per_hit,raw_percent_of_host,api-node1,api-node2,0,1,1,99.154588,0.000000,99.154588,0.000000,100.000000,100.000000,0.000000,16.000000,17.000000,1.000000,0.000000,16.000000,322.937347,98.746966,50.000000,74.041349,3.000000
2026-05-10T08:39:45.77593731Z,0,per_hit,raw_percent_of_host,api-node1,api-node2,0,1,1,99.154588,0.000000,99.154588,0.000000,100.000000,100.000000,0.000000,1.000000,17.000000,1.000000,0.000000,1.000000,322.937347,98.746966,50.000000,74.937850,3.000000
2026-05-10T08:39:45.975391709Z,0,per_hit,raw_percent_of_host,api-node1,api-node2,0,1,1,0.000000,0.000000,0.000000,0.000000,100.000000,100.000000,20.000000,14.000000,1.000000,1.000000,20.000000,14.000000,50.059305,50.072264,73.936036,74.245572,3.000000
2026-05-10T08:39:46.02568351Z,0,per_hit,raw_percent_of_host,api-node1,api-node2,0,1,1,0.000000,0.000000,0.000000,0.000000,100.000000,100.000000,22.000000,16.000000,1.000000,1.000000,22.000000,16.000000,50.059305,50.072264,73.834599,74.141498,3.000000
2026-05-10T08:39:46.07545864Z,0,per_hit,raw_percent_of_host,api-node1,api-node2,0,1,1,0.000000,0.000000,0.000000,0.000000,100.000000,100.000000,23.000000,17.000000,1.000000,1.000000,23.000000,17.000000,50.059305,50.072264,73.784203,74.089795,3.000000
2026-05-10T08:39:46.125618354Z,0,per_hit,raw_percent_of_host,api-node1,api-node2,0,1,1,0.000000,0.000000,0.000000,0.000000,100.000000,100.000000,23.000000,17.000000,1.000000,1.000000,23.000000,17.000000,50.059305,50.072264,73.784203,74.089795,3.000000
2026-05-10T08:39:46.175482066Z,0,per_hit,raw_percent_of_host,api-node1,api-node2,0,1,1,0.000000,0.000000,0.000000,0.000000,100.000000,100.000000,23.000000,16.000000,1.000000,1.000000,23.000000,16.000000,50.059305,50.072264,73.784203,74.141498,3.000000
2026-05-10T08:39:46.225511761Z,0,per_hit,raw_percent_of_host,api-node1,api-node2,0,1,1,0.000000,0.000000,0.000000,0.000000,100.000000,100.000000,24.000000,16.000000,1.000000,1.000000,24.000000,16.000000,50.059305,50.072264,73.734019,74.141498,3.000000
2026-05-10T08:39:46.275447617Z,0,per_hit,raw_percent_of_host,api-node1,api-node2,0,1,1,0.000000,0.000000,0.000000,0.000000,100.000000,100.000000,24.000000,15.000000,1.000000,1.000000,24.000000,15.000000,50.059305,50.072264,73.734019,74.193423,3.000000
2026-05-10T08:39:46.325701946Z,0,per_hit,raw_percent_of_host,api-node1,api-node2,0,1,1,0.000000,0.000000,0.000000,0.000000,100.000000,100.000000,24.000000,15.000000,1.000000,1.000000,24.000000,15.000000,50.059305,50.072264,73.734019,74.193423,3.000000
2026-05-10T08:39:46.37615707Z,0,per_hit,raw_percent_of_host,api-node1,api-node2,0,1,1,96.120399,0.000000,96.120399,0.000000,100.000000,100.000000,24.000000,14.000000,20.000000,1.000000,24.000000,14.000000,50.059305,50.072264,48.734019,74.245572,3.000000
2026-05-10T08:39:46.425708389Z,0,per_hit,raw_percent_of_host,api-node1,api-node2,0,1,1,96.120399,0.000000,96.120399,0.000000,100.000000,100.000000,20.000000,14.000000,20.000000,1.000000,20.000000,14.000000,50.059305,50.072264,48.936036,74.245572,3.000000
2026-05-10T08:39:46.476252997Z,0,per_hit,raw_percent_of_host,api-node1,api-node2,0,1,1,96.120399,57.195149,96.120399,57.195149,100.000000,100.000000,1.000000,11.000000,20.000000,13.000000,1.000000,11.000000,50.059305,459.131141,49.944560,52.043443,3.000000
2026-05-10T08:39:46.526242624Z,0,per_hit,raw_percent_of_host,api-node1,api-node2,0,1,1,96.539914,57.195149,96.539914,57.195149,100.000000,100.000000,0.000000,12.000000,1.000000,13.000000,0.000000,12.000000,50.112967,459.131141,50.000000,52.043443,3.000000
2026-05-10T08:39:46.975966971Z,0,per_hit,raw_percent_of_host,api-node1,api-node2,0,1,1,0.000000,0.000000,0.000000,0.000000,100.000000,100.000000,20.000000,13.000000,1.000000,1.000000,20.000000,13.000000,50.112967,0.172124,73.935914,74.991167,3.000000
2026-05-10T08:39:47.025867168Z,0,per_hit,raw_percent_of_host,api-node1,api-node2,0,1,1,0.000000,0.000000,0.000000,0.000000,100.000000,100.000000,21.000000,17.000000,1.000000,1.000000,21.000000,17.000000,50.112967,0.172124,73.885083,74.991094,3.000000
2026-05-10T08:39:47.075878483Z,0,per_hit,raw_percent_of_host,api-node1,api-node2,0,1,1,0.000000,0.000000,0.000000,0.000000,100.000000,100.000000,21.000000,18.000000,1.000000,1.000000,21.000000,18.000000,50.112967,0.172124,73.885083,74.991076,3.000000
2026-05-10T08:39:47.126028138Z,0,per_hit,raw_percent_of_host,api-node1,api-node2,0,1,1,0.000000,0.000000,0.000000,0.000000,100.000000,100.000000,21.000000,18.000000,1.000000,1.000000,21.000000,18.000000,50.112967,0.172124,73.885083,74.991076,3.000000
2026-05-10T08:39:47.175875142Z,0,per_hit,raw_percent_of_host,api-node1,api-node2,0,1,1,0.000000,0.000000,0.000000,0.000000,100.000000,100.000000,21.000000,17.000000,1.000000,1.000000,21.000000,17.000000,50.112967,0.172124,73.885083,74.991094,3.000000
2026-05-10T08:39:47.225453013Z,0,per_hit,raw_percent_of_host,api-node1,api-node2,0,1,1,0.000000,0.000000,0.000000,0.000000,100.000000,100.000000,20.000000,18.000000,1.000000,1.000000,20.000000,18.000000,50.112967,0.172124,73.935914,74.991076,3.000000
2026-05-10T08:39:47.276073941Z,0,per_hit,raw_percent_of_host,api-node1,api-node2,0,1,1,0.000000,0.000000,0.000000,0.000000,100.000000,100.000000,20.000000,17.000000,1.000000,1.000000,20.000000,17.000000,50.112967,0.172124,73.935914,74.991094,3.000000
2026-05-10T08:39:47.325606592Z,0,per_hit,raw_percent_of_host,api-node1,api-node2,0,1,1,0.000000,0.000000,0.000000,0.000000,100.000000,100.000000,19.000000,17.000000,1.000000,1.000000,19.000000,17.000000,50.112967,0.172124,73.986963,74.991094,3.000000
2026-05-10T08:39:47.376110572Z,0,per_hit,raw_percent_of_host,api-node1,api-node2,0,1,1,98.119510,0.000000,98.119510,0.000000,100.000000,100.000000,18.000000,15.000000,18.000000,1.000000,18.000000,15.000000,383.798042,0.172124,48.880034,74.991131,3.000000
2026-05-10T08:39:47.425328953Z,0,per_hit,raw_percent_of_host,api-node1,api-node2,0,1,1,98.119510,0.000000,98.119510,0.000000,100.000000,100.000000,0.000000,15.000000,18.000000,1.000000,0.000000,15.000000,383.798042,0.172124,50.000000,74.991131,3.000000
2026-05-10T08:39:47.475489775Z,0,per_hit,raw_percent_of_host,api-node1,api-node2,1,0,1,61.351013,53.537697,61.351013,53.537697,100.000000,100.000000,0.000000,13.000000,1.000000,10.000000,0.000000,13.000000,50.049822,445.431661,72.497509,52.951237,3.000000
2026-05-10T08:39:47.525647282Z,0,per_hit,raw_percent_of_host,api-node1,api-node2,1,0,1,61.351013,53.537697,61.351013,53.537697,100.000000,100.000000,0.000000,13.000000,1.000000,10.000000,0.000000,13.000000,50.049822,445.431661,72.497509,52.951237,3.000000
2026-05-10T08:39:47.576160695Z,0,per_hit,raw_percent_of_host,api-node1,api-node2,1,0,1,0.000000,57.571093,0.000000,57.571093,100.000000,100.000000,0.000000,1.000000,1.000000,3.000000,0.000000,1.000000,50.049822,120.788890,75.000000,68.960556,3.000000
2026-05-10T08:39:47.976157744Z,0,per_hit,raw_percent_of_host,api-node1,api-node2,0,1,1,0.000000,19.833857,0.000000,19.833857,100.000000,100.000000,20.000000,13.000000,1.000000,1.000000,20.000000,13.000000,50.049822,50.046168,73.936057,74.297986,3.000000
2026-05-10T08:39:48.025746797Z,0,per_hit,raw_percent_of_host,api-node1,api-node2,0,1,1,0.000000,19.833857,0.000000,19.833857,100.000000,100.000000,22.000000,15.000000,1.000000,1.000000,22.000000,15.000000,50.049822,50.046168,73.834623,74.193468,3.000000
2026-05-10T08:39:48.075637906Z,0,per_hit,raw_percent_of_host,api-node1,api-node2,0,1,1,0.000000,19.833857,0.000000,19.833857,100.000000,100.000000,22.000000,16.000000,1.000000,1.000000,22.000000,16.000000,50.049822,50.046168,73.834623,74.141546,3.000000
2026-05-10T08:39:48.125789017Z,0,per_hit,raw_percent_of_host,api-node1,api-node2,0,1,1,0.000000,19.833857,0.000000,19.833857,100.000000,100.000000,22.000000,16.000000,1.000000,1.000000,22.000000,16.000000,50.049822,50.046168,73.834623,74.141546,3.000000
2026-05-10T08:39:48.175855936Z,0,per_hit,raw_percent_of_host,api-node1,api-node2,0,1,1,0.000000,19.833857,0.000000,19.833857,100.000000,100.000000,22.000000,15.000000,1.000000,1.000000,22.000000,15.000000,50.049822,50.046168,73.834623,74.193468,3.000000
2026-05-10T08:39:48.226271517Z,0,per_hit,raw_percent_of_host,api-node1,api-node2,0,1,1,0.000000,19.833857,0.000000,19.833857,100.000000,100.000000,23.000000,15.000000,1.000000,1.000000,23.000000,15.000000,50.049822,50.046168,73.784227,74.193468,3.000000
2026-05-10T08:39:48.276222299Z,0,per_hit,raw_percent_of_host,api-node1,api-node2,0,1,1,0.000000,19.833857,0.000000,19.833857,100.000000,100.000000,23.000000,14.000000,1.000000,1.000000,23.000000,14.000000,50.049822,50.046168,73.784227,74.245615,3.000000
2026-05-10T08:39:48.325314428Z,0,per_hit,raw_percent_of_host,api-node1,api-node2,0,1,1,0.000000,19.833857,0.000000,19.833857,100.000000,100.000000,23.000000,14.000000,1.000000,1.000000,23.000000,14.000000,50.049822,50.046168,73.784227,74.245615,3.000000
2026-05-10T08:39:48.375939695Z,0,per_hit,raw_percent_of_host,api-node1,api-node2,0,1,1,0.000000,19.833857,0.000000,19.833857,100.000000,100.000000,22.000000,12.000000,1.000000,1.000000,22.000000,12.000000,50.049822,50.046168,73.834623,74.350584,3.000000
2026-05-10T08:39:48.425593027Z,0,per_hit,raw_percent_of_host,api-node1,api-node2,0,1,1,97.681197,19.833857,97.681197,19.833857,100.000000,100.000000,21.000000,12.000000,20.000000,1.000000,21.000000,12.000000,50.070271,50.046168,48.885184,74.350584,3.000000
2026-05-10T08:39:48.475537971Z,0,per_hit,raw_percent_of_host,api-node1,api-node2,0,1,1,78.276908,94.972951,78.276908,94.972951,100.000000,100.000000,1.000000,1.000000,2.000000,2.000000,1.000000,1.000000,50.029518,102.116864,49.918198,49.937325,3.000000
2026-05-10T08:39:48.976092251Z,0,per_hit,raw_percent_of_host,api-node1,api-node2,1,0,1,0.000000,0.000000,0.000000,0.000000,100.000000,100.000000,15.000000,18.000000,1.000000,1.000000,15.000000,18.000000,50.065019,50.039603,74.193436,74.038380,3.000000
2026-05-10T08:39:49.02539149Z,0,per_hit,raw_percent_of_host,api-node1,api-node2,1,0,1,0.000000,0.000000,0.000000,0.000000,100.000000,100.000000,15.000000,21.000000,1.000000,1.000000,15.000000,21.000000,50.065019,50.039603,74.193436,73.885257,3.000000
2026-05-10T08:39:49.076097191Z,0,per_hit,raw_percent_of_host,api-node1,api-node2,1,0,1,0.000000,0.000000,0.000000,0.000000,100.000000,100.000000,16.000000,21.000000,1.000000,1.000000,16.000000,21.000000,50.065019,50.039603,74.141511,73.885257,3.000000
2026-05-10T08:39:49.126252498Z,0,per_hit,raw_percent_of_host,api-node1,api-node2,1,0,1,0.000000,0.000000,0.000000,0.000000,100.000000,100.000000,16.000000,21.000000,1.000000,1.000000,16.000000,21.000000,50.065019,50.039603,74.141511,73.885257,3.000000
2026-05-10T08:39:49.175414319Z,0,per_hit,raw_percent_of_host,api-node1,api-node2,1,0,1,0.000000,0.000000,0.000000,0.000000,100.000000,100.000000,16.000000,21.000000,1.000000,1.000000,16.000000,21.000000,50.065019,50.039603,74.141511,73.885257,3.000000
2026-05-10T08:39:49.226140406Z,0,per_hit,raw_percent_of_host,api-node1,api-node2,1,0,1,0.000000,0.000000,0.000000,0.000000,100.000000,100.000000,17.000000,21.000000,1.000000,1.000000,17.000000,21.000000,50.065019,50.039603,74.089809,73.885257,3.000000
2026-05-10T08:39:49.275449429Z,0,per_hit,raw_percent_of_host,api-node1,api-node2,0,1,1,93.673357,0.000000,93.673357,0.000000,100.000000,100.000000,12.000000,20.000000,14.000000,1.000000,12.000000,20.000000,278.350496,50.039603,48.966766,73.936081,3.000000
2026-05-10T08:39:49.325324724Z,0,per_hit,raw_percent_of_host,api-node1,api-node2,0,1,1,93.673357,0.000000,93.673357,0.000000,100.000000,100.000000,1.000000,20.000000,14.000000,1.000000,1.000000,20.000000,278.350496,50.039603,49.910507,73.936081,3.000000
2026-05-10T08:39:49.37625257Z,0,per_hit,raw_percent_of_host,api-node1,api-node2,0,1,1,93.673357,0.000000,93.673357,0.000000,100.000000,100.000000,0.000000,18.000000,14.000000,1.000000,0.000000,18.000000,278.350496,50.039603,50.000000,74.038380,3.000000
2026-05-10T08:39:49.425390671Z,0,per_hit,raw_percent_of_host,api-node1,api-node2,0,1,1,93.673357,0.000000,93.673357,0.000000,100.000000,100.000000,0.000000,18.000000,14.000000,1.000000,0.000000,18.000000,278.350496,50.039603,50.000000,74.038380,3.000000
2026-05-10T08:39:49.475558883Z,0,per_hit,raw_percent_of_host,api-node1,api-node2,0,1,1,93.673357,0.000000,93.673357,0.000000,100.000000,100.000000,0.000000,18.000000,14.000000,1.000000,0.000000,18.000000,278.350496,50.039603,50.000000,74.038380,3.000000
2026-05-10T08:39:49.525711726Z,0,per_hit,raw_percent_of_host,api-node1,api-node2,0,1,1,93.673357,0.000000,93.673357,0.000000,100.000000,100.000000,0.000000,18.000000,14.000000,1.000000,0.000000,18.000000,278.350496,50.039603,50.000000,74.038380,3.000000
2026-05-10T08:39:49.575763257Z,0,per_hit,raw_percent_of_host,api-node1,api-node2,1,0,1,93.673357,56.021435,93.673357,56.021435,100.000000,100.000000,0.000000,16.000000,14.000000,15.000000,0.000000,16.000000,278.350496,562.230636,50.000000,49.118495,3.000000
2026-05-10T08:39:49.626035504Z,0,per_hit,raw_percent_of_host,api-node1,api-node2,1,0,1,27.064086,56.021435,27.064086,56.021435,100.000000,100.000000,0.000000,16.000000,1.000000,15.000000,0.000000,16.000000,50.051494,562.230636,73.462413,49.118495,3.000000
2026-05-10T08:39:49.676253704Z,0,per_hit,raw_percent_of_host,api-node1,api-node2,1,0,1,0.000000,36.004063,0.000000,36.004063,100.000000,100.000000,0.000000,1.000000,1.000000,2.000000,0.000000,1.000000,50.051494,102.646202,75.000000,68.292237,3.000000
2026-05-10T08:39:49.725411601Z,0,per_hit,raw_percent_of_host,api-node1,api-node2,1,0,1,0.000000,36.004063,0.000000,36.004063,100.000000,100.000000,0.000000,1.000000,1.000000,2.000000,0.000000,1.000000,50.051494,102.646202,75.000000,68.292237,3.000000
2026-05-10T08:39:49.975907242Z,0,per_hit,raw_percent_of_host,api-node1,api-node2,0,1,1,0.000000,0.000000,0.000000,0.000000,100.000000,100.000000,17.000000,15.000000,1.000000,1.000000,17.000000,15.000000,50.051494,50.042331,74.089835,74.193475,3.000000
2026-05-10T08:39:50.025543223Z,0,per_hit,raw_percent_of_host,api-node1,api-node2,1,0,1,0.000000,0.000000,0.000000,0.000000,100.000000,100.000000,17.000000,18.000000,1.000000,1.000000,17.000000,18.000000,50.051494,50.042331,74.089835,74.038375,3.000000
2026-05-10T08:39:50.075719944Z,0,per_hit,raw_percent_of_host,api-node1,api-node2,1,0,1,0.000000,0.000000,0.000000,0.000000,100.000000,100.000000,17.000000,19.000000,1.000000,1.000000,17.000000,19.000000,50.051494,50.042331,74.089835,73.987115,3.000000
2026-05-10T08:39:50.125869095Z,0,per_hit,raw_percent_of_host,api-node1,api-node2,1,0,1,0.000000,0.000000,0.000000,0.000000,100.000000,100.000000,17.000000,19.000000,1.000000,1.000000,17.000000,19.000000,50.051494,50.042331,74.089835,73.987115,3.000000
2026-05-10T08:39:50.175261079Z,0,per_hit,raw_percent_of_host,api-node1,api-node2,0,1,1,0.000000,0.000000,0.000000,0.000000,100.000000,100.000000,17.000000,17.000000,1.000000,1.000000,17.000000,17.000000,50.051494,50.042331,74.089835,74.089853,3.000000
2026-05-10T08:39:50.225838068Z,0,per_hit,raw_percent_of_host,api-node1,api-node2,0,1,1,0.000000,0.000000,0.000000,0.000000,100.000000,100.000000,17.000000,17.000000,1.000000,1.000000,17.000000,17.000000,50.051494,50.042331,74.089835,74.089853,3.000000
2026-05-10T08:39:50.275776507Z,0,per_hit,raw_percent_of_host,api-node1,api-node2,0,1,1,0.000000,0.000000,0.000000,0.000000,100.000000,100.000000,17.000000,16.000000,1.000000,1.000000,17.000000,16.000000,50.051494,50.042331,74.089835,74.141553,3.000000
2026-05-10T08:39:50.325951874Z,0,per_hit,raw_percent_of_host,api-node1,api-node2,0,1,1,0.000000,0.000000,0.000000,0.000000,100.000000,100.000000,17.000000,16.000000,1.000000,1.000000,17.000000,16.000000,50.051494,50.042331,74.089835,74.141553,3.000000
2026-05-10T08:39:50.375530859Z,0,per_hit,raw_percent_of_host,api-node1,api-node2,0,1,1,96.690184,0.000000,96.690184,0.000000,100.000000,100.000000,14.000000,16.000000,16.000000,1.000000,14.000000,16.000000,323.276543,50.042331,48.962276,74.141553,3.000000
2026-05-10T08:39:50.426005675Z,0,per_hit,raw_percent_of_host,api-node1,api-node2,0,1,1,96.690184,0.000000,96.690184,0.000000,100.000000,100.000000,0.000000,15.000000,16.000000,1.000000,0.000000,15.000000,323.276543,50.042331,50.000000,74.193475,3.000000
2026-05-10T08:39:50.475691153Z,0,per_hit,raw_percent_of_host,api-node1,api-node2,0,1,1,96.690184,0.000000,96.690184,0.000000,100.000000,100.000000,0.000000,13.000000,16.000000,1.000000,0.000000,13.000000,323.276543,50.042331,50.000000,74.297992,3.000000
2026-05-10T08:39:50.525852463Z,0,per_hit,raw_percent_of_host,api-node1,api-node2,0,1,1,96.690184,0.000000,96.690184,0.000000,100.000000,100.000000,0.000000,13.000000,16.000000,1.000000,0.000000,13.000000,323.276543,50.042331,50.000000,74.297992,3.000000
2026-05-10T08:39:50.57577097Z,0,per_hit,raw_percent_of_host,api-node1,api-node2,1,0,1,18.663273,54.571527,18.663273,54.571527,100.000000,100.000000,0.000000,2.000000,1.000000,13.000000,0.000000,2.000000,50.039375,59.546789,75.000000,71.911455,3.000000
2026-05-10T08:39:50.625558772Z,0,per_hit,raw_percent_of_host,api-node1,api-node2,1,0,1,18.663273,54.571527,18.663273,54.571527,100.000000,100.000000,0.000000,1.000000,1.000000,13.000000,0.000000,1.000000,50.039375,59.546789,75.000000,71.911455,3.000000
2026-05-10T08:39:50.975863104Z,0,per_hit,raw_percent_of_host,api-node1,api-node2,1,0,1,0.000000,0.000000,0.000000,0.000000,100.000000,100.000000,12.000000,19.000000,1.000000,1.000000,12.000000,19.000000,50.039375,78.777752,74.350594,73.921000,3.000000
2026-05-10T08:39:51.025783438Z,0,per_hit,raw_percent_of_host,api-node1,api-node2,1,0,1,0.000000,0.000000,0.000000,0.000000,100.000000,100.000000,12.000000,22.000000,1.000000,1.000000,12.000000,22.000000,50.039375,78.777752,74.350594,73.759088,3.000000
2026-05-10T08:39:51.075613227Z,0,per_hit,raw_percent_of_host,api-node1,api-node2,1,0,1,0.000000,0.000000,0.000000,0.000000,100.000000,100.000000,12.000000,23.000000,1.000000,1.000000,12.000000,23.000000,50.039375,78.777752,74.350594,73.705603,3.000000
2026-05-10T08:39:51.12578012Z,0,per_hit,raw_percent_of_host,api-node1,api-node2,1,0,1,0.000000,0.000000,0.000000,0.000000,100.000000,100.000000,12.000000,23.000000,1.000000,1.000000,12.000000,23.000000,50.039375,78.777752,74.350594,73.705603,3.000000
2026-05-10T08:39:51.175559881Z,0,per_hit,raw_percent_of_host,api-node1,api-node2,1,0,1,0.000000,0.000000,0.000000,0.000000,100.000000,100.000000,11.000000,22.000000,1.000000,1.000000,11.000000,22.000000,50.039375,78.777752,74.403420,73.759088,3.000000
2026-05-10T08:39:51.225298954Z,0,per_hit,raw_percent_of_host,api-node1,api-node2,0,1,1,89.514494,0.000000,89.514494,0.000000,100.000000,100.000000,9.000000,23.000000,11.000000,1.000000,9.000000,23.000000,223.561355,78.777752,49.211740,73.705603,3.000000
2026-05-10T08:39:51.275694828Z,0,per_hit,raw_percent_of_host,api-node1,api-node2,0,1,1,89.514494,0.000000,89.514494,0.000000,100.000000,100.000000,0.000000,23.000000,11.000000,1.000000,0.000000,23.000000,223.561355,78.777752,50.000000,73.705603,3.000000
2026-05-10T08:39:51.325861073Z,0,per_hit,raw_percent_of_host,api-node1,api-node2,0,1,1,89.514494,0.000000,89.514494,0.000000,100.000000,100.000000,0.000000,23.000000,11.000000,1.000000,0.000000,23.000000,223.561355,78.777752,50.000000,73.705603,3.000000
2026-05-10T08:39:51.375268569Z,0,per_hit,raw_percent_of_host,api-node1,api-node2,0,1,1,89.514494,0.000000,89.514494,0.000000,100.000000,100.000000,0.000000,21.000000,11.000000,1.000000,0.000000,21.000000,223.561355,78.777752,50.000000,73.812814,3.000000
2026-05-10T08:39:51.425385261Z,0,per_hit,raw_percent_of_host,api-node1,api-node2,0,1,1,89.514494,0.000000,89.514494,0.000000,100.000000,100.000000,0.000000,21.000000,11.000000,1.000000,0.000000,21.000000,223.561355,78.777752,50.000000,73.812814,3.000000
2026-05-10T08:39:51.476285974Z,0,per_hit,raw_percent_of_host,api-node1,api-node2,0,1,1,89.514494,0.000000,89.514494,0.000000,100.000000,100.000000,0.000000,20.000000,11.000000,1.000000,0.000000,20.000000,223.561355,78.777752,50.000000,73.866784,3.000000
2026-05-10T08:39:51.525417382Z,0,per_hit,raw_percent_of_host,api-node1,api-node2,0,1,1,89.514494,0.000000,89.514494,0.000000,100.000000,100.000000,0.000000,20.000000,11.000000,1.000000,0.000000,20.000000,223.561355,78.777752,50.000000,73.866784,3.000000
2026-05-10T08:39:51.57561918Z,0,per_hit,raw_percent_of_host,api-node1,api-node2,1,0,1,89.514494,57.646923,89.514494,57.646923,100.000000,100.000000,0.000000,17.000000,11.000000,15.000000,0.000000,17.000000,223.561355,568.540272,50.000000,49.052312,3.000000
2026-05-10T08:39:51.626226675Z,0,per_hit,raw_percent_of_host,api-node1,api-node2,1,0,1,12.995263,57.646923,12.995263,57.646923,100.000000,100.000000,0.000000,17.000000,1.000000,15.000000,0.000000,17.000000,50.050649,568.540272,75.000000,49.052312,3.000000
2026-05-10T08:39:51.675452625Z,0,per_hit,raw_percent_of_host,api-node1,api-node2,1,0,1,12.995263,57.646923,12.995263,57.646923,100.000000,100.000000,0.000000,9.000000,1.000000,15.000000,0.000000,9.000000,50.050649,568.540272,75.000000,49.489170,3.000000
2026-05-10T08:39:51.725590639Z,0,per_hit,raw_percent_of_host,api-node1,api-node2,1,0,1,12.995263,57.646923,12.995263,57.646923,100.000000,100.000000,0.000000,9.000000,1.000000,15.000000,0.000000,9.000000,50.050649,568.540272,75.000000,49.489170,3.000000
2026-05-10T08:39:51.976019989Z,0,per_hit,raw_percent_of_host,api-node1,api-node2,1,0,1,0.000000,20.002768,0.000000,20.002768,100.000000,100.000000,14.000000,16.000000,1.000000,1.000000,14.000000,16.000000,50.050649,62.447342,74.245607,74.118074,3.000000
2026-05-10T08:39:52.026245977Z,0,per_hit,raw_percent_of_host,api-node1,api-node2,0,1,1,0.000000,20.002768,0.000000,20.002768,100.000000,100.000000,18.000000,15.000000,1.000000,1.000000,18.000000,15.000000,50.050649,62.447342,74.038357,74.171367,3.000000
2026-05-10T08:39:52.075458451Z,0,per_hit,raw_percent_of_host,api-node1,api-node2,0,1,1,0.000000,20.002768,0.000000,20.002768,100.000000,100.000000,19.000000,15.000000,1.000000,1.000000,19.000000,15.000000,50.050649,62.447342,73.987097,74.171367,3.000000
2026-05-10T08:39:52.125625164Z,0,per_hit,raw_percent_of_host,api-node1,api-node2,0,1,1,0.000000,20.002768,0.000000,20.002768,100.000000,100.000000,19.000000,15.000000,1.000000,1.000000,19.000000,15.000000,50.050649,62.447342,73.987097,74.171367,3.000000
2026-05-10T08:39:52.176115759Z,0,per_hit,raw_percent_of_host,api-node1,api-node2,0,1,1,0.000000,20.002768,0.000000,20.002768,100.000000,100.000000,19.000000,14.000000,1.000000,1.000000,19.000000,14.000000,50.050649,62.447342,73.987097,74.224897,3.000000
2026-05-10T08:39:52.225866576Z,0,per_hit,raw_percent_of_host,api-node1,api-node2,0,1,1,0.000000,20.002768,0.000000,20.002768,100.000000,100.000000,20.000000,14.000000,1.000000,1.000000,20.000000,14.000000,50.050649,62.447342,73.936056,74.224897,3.000000
2026-05-10T08:39:52.276155487Z,0,per_hit,raw_percent_of_host,api-node1,api-node2,0,1,1,96.345175,20.002768,96.345175,20.002768,100.000000,100.000000,18.000000,13.000000,13.000000,1.000000,18.000000,13.000000,262.368884,62.447342,48.394972,74.278664,3.000000
2026-05-10T08:39:52.326303336Z,0,per_hit,raw_percent_of_host,api-node1,api-node2,0,1,1,96.345175,20.002768,96.345175,20.002768,100.000000,100.000000,18.000000,13.000000,13.000000,1.000000,18.000000,13.000000,262.368884,62.447342,48.394972,74.278664,3.000000
2026-05-10T08:39:52.375429856Z,0,per_hit,raw_percent_of_host,api-node1,api-node2,0,1,1,96.345175,20.002768,96.345175,20.002768,100.000000,100.000000,2.000000,12.000000,13.000000,1.000000,2.000000,12.000000,262.368884,62.447342,49.810870,74.332670,3.000000
2026-05-10T08:39:52.425590808Z,0,per_hit,raw_percent_of_host,api-node1,api-node2,0,1,1,96.345175,20.002768,96.345175,20.002768,100.000000,100.000000,0.000000,12.000000,13.000000,1.000000,0.000000,12.000000,262.368884,62.447342,50.000000,74.332670,3.000000
2026-05-10T08:39:52.476275861Z,0,per_hit,raw_percent_of_host,api-node1,api-node2,1,0,1,68.687028,55.517382,68.687028,55.517382,100.000000,100.000000,0.000000,1.000000,1.000000,11.000000,0.000000,1.000000,50.042447,461.775750,64.810163,52.015253,3.000000
2026-05-10T08:39:52.52541215Z,0,per_hit,raw_percent_of_host,api-node1,api-node2,1,0,1,68.687028,55.517382,68.687028,55.517382,100.000000,100.000000,0.000000,1.000000,1.000000,11.000000,0.000000,1.000000,50.042447,461.775750,64.810163,52.015253,3.000000
2026-05-10T08:39:52.975766105Z,0,per_hit,raw_percent_of_host,api-node1,api-node2,1,0,1,0.000000,20.167329,0.000000,20.167329,100.000000,100.000000,10.000000,11.000000,1.000000,1.000000,10.000000,11.000000,50.042447,99.206074,74.456472,74.332190,3.000000
2026-05-10T08:39:53.026072569Z,0,per_hit,raw_percent_of_host,api-node1,api-node2,0,1,1,0.000000,20.167329,0.000000,20.167329,100.000000,100.000000,17.000000,15.000000,1.000000,1.000000,17.000000,15.000000,50.042447,99.206074,74.089853,74.098111,3.000000
2026-05-10T08:39:53.075678584Z,0,per_hit,raw_percent_of_host,api-node1,api-node2,1,0,1,0.000000,20.167329,0.000000,20.167329,100.000000,100.000000,17.000000,16.000000,1.000000,1.000000,17.000000,16.000000,50.042447,99.206074,74.089853,74.040293,3.000000
2026-05-10T08:39:53.125865091Z,0,per_hit,raw_percent_of_host,api-node1,api-node2,1,0,1,0.000000,20.167329,0.000000,20.167329,100.000000,100.000000,17.000000,16.000000,1.000000,1.000000,17.000000,16.000000,50.042447,99.206074,74.089853,74.040293,3.000000
2026-05-10T08:39:53.175637184Z,0,per_hit,raw_percent_of_host,api-node1,api-node2,1,0,1,0.000000,20.167329,0.000000,20.167329,100.000000,100.000000,15.000000,16.000000,1.000000,1.000000,15.000000,16.000000,50.042447,99.206074,74.193475,74.040293,3.000000
2026-05-10T08:39:53.225982167Z,0,per_hit,raw_percent_of_host,api-node1,api-node2,1,0,1,0.000000,20.167329,0.000000,20.167329,100.000000,100.000000,15.000000,17.000000,1.000000,1.000000,15.000000,17.000000,50.042447,99.206074,74.193475,73.982752,3.000000
2026-05-10T08:39:53.275998607Z,0,per_hit,raw_percent_of_host,api-node1,api-node2,1,0,1,0.000000,20.167329,0.000000,20.167329,100.000000,100.000000,15.000000,14.000000,1.000000,1.000000,15.000000,14.000000,50.042447,99.206074,74.193475,74.156208,3.000000
2026-05-10T08:39:53.32579503Z,0,per_hit,raw_percent_of_host,api-node1,api-node2,0,1,1,93.023859,20.167329,93.023859,20.167329,100.000000,100.000000,1.000000,14.000000,16.000000,1.000000,1.000000,14.000000,177.286930,99.206074,49.922771,74.156208,3.000000
2026-05-10T08:39:53.375859345Z,0,per_hit,raw_percent_of_host,api-node1,api-node2,0,1,1,93.023859,20.167329,93.023859,20.167329,100.000000,100.000000,0.000000,14.000000,16.000000,1.000000,0.000000,14.000000,177.286930,99.206074,50.000000,74.156208,3.000000
2026-05-10T08:39:53.425293048Z,0,per_hit,raw_percent_of_host,api-node1,api-node2,0,1,1,93.023859,20.167329,93.023859,20.167329,100.000000,100.000000,0.000000,14.000000,16.000000,1.000000,0.000000,14.000000,177.286930,99.206074,50.000000,74.156208,3.000000
2026-05-10T08:39:53.475992147Z,0,per_hit,raw_percent_of_host,api-node1,api-node2,1,0,1,19.276223,53.409008,19.276223,53.409008,100.000000,100.000000,0.000000,8.000000,1.000000,13.000000,0.000000,8.000000,50.064104,59.634639,75.000000,71.797126,3.000000
2026-05-10T08:39:53.526146419Z,0,per_hit,raw_percent_of_host,api-node1,api-node2,1,0,1,19.276223,53.409008,19.276223,53.409008,100.000000,100.000000,0.000000,8.000000,1.000000,13.000000,0.000000,8.000000,50.064104,59.634639,75.000000,71.797126,3.000000
2026-05-10T08:39:53.975975577Z,0,per_hit,raw_percent_of_host,api-node1,api-node2,0,1,1,19.912462,0.000000,19.912462,0.000000,100.000000,100.000000,15.000000,13.000000,1.000000,1.000000,15.000000,13.000000,50.064104,81.602151,74.193437,74.246635,3.000000
2026-05-10T08:39:54.02589009Z,0,per_hit,raw_percent_of_host,api-node1,api-node2,1,0,1,19.912462,0.000000,19.912462,0.000000,100.000000,100.000000,15.000000,16.000000,1.000000,1.000000,15.000000,16.000000,50.064104,81.602151,74.193437,74.079185,3.000000
2026-05-10T08:39:54.075947341Z,0,per_hit,raw_percent_of_host,api-node1,api-node2,1,0,1,19.912462,0.000000,19.912462,0.000000,100.000000,100.000000,15.000000,17.000000,1.000000,1.000000,15.000000,17.000000,50.064104,81.602151,74.193437,74.023881,3.000000
2026-05-10T08:39:54.12609968Z,0,per_hit,raw_percent_of_host,api-node1,api-node2,1,0,1,19.912462,0.000000,19.912462,0.000000,100.000000,100.000000,15.000000,17.000000,1.000000,1.000000,15.000000,17.000000,50.064104,81.602151,74.193437,74.023881,3.000000
2026-05-10T08:39:54.175885543Z,0,per_hit,raw_percent_of_host,api-node1,api-node2,1,0,1,19.912462,58.533509,19.912462,58.533509,100.000000,100.000000,15.000000,16.000000,1.000000,8.000000,15.000000,16.000000,50.064104,59.559358,74.193437,72.022032,3.000000
2026-05-10T08:39:54.225608939Z,0,per_hit,raw_percent_of_host,api-node1,api-node2,0,1,1,79.126340,58.533509,79.126340,58.533509,100.000000,100.000000,14.000000,17.000000,12.000000,8.000000,14.000000,17.000000,50.064104,59.559358,48.948230,72.022032,3.000000
2026-05-10T08:39:54.27594158Z,0,per_hit,raw_percent_of_host,api-node1,api-node2,0,1,1,79.126340,58.533509,79.126340,58.533509,100.000000,100.000000,12.000000,15.000000,12.000000,8.000000,12.000000,15.000000,50.064104,59.559358,49.093032,72.022032,3.000000
2026-05-10T08:39:54.325271134Z,0,per_hit,raw_percent_of_host,api-node1,api-node2,0,1,1,94.919695,58.533509,94.919695,58.533509,100.000000,100.000000,0.000000,15.000000,6.000000,8.000000,0.000000,15.000000,103.792451,59.559358,50.000000,72.022032,3.000000
2026-05-10T08:39:54.375646628Z,0,per_hit,raw_percent_of_host,api-node1,api-node2,0,1,1,94.919695,58.533509,94.919695,58.533509,100.000000,100.000000,0.000000,13.000000,6.000000,8.000000,0.000000,13.000000,103.792451,59.559358,50.000000,72.022032,3.000000
2026-05-10T08:39:54.425793889Z,0,per_hit,raw_percent_of_host,api-node1,api-node2,0,1,1,94.919695,58.533509,94.919695,58.533509,100.000000,100.000000,0.000000,13.000000,6.000000,8.000000,0.000000,13.000000,103.792451,59.559358,50.000000,72.022032,3.000000
2026-05-10T08:39:54.475629657Z,0,per_hit,raw_percent_of_host,api-node1,api-node2,0,1,1,94.919695,46.523044,94.919695,46.523044,100.000000,100.000000,0.000000,7.000000,6.000000,7.000000,0.000000,7.000000,103.792451,320.781648,50.000000,59.205973,3.000000
2026-05-10T08:39:54.525983366Z,0,per_hit,raw_percent_of_host,api-node1,api-node2,1,0,1,14.368275,46.523044,14.368275,46.523044,100.000000,100.000000,0.000000,7.000000,1.000000,7.000000,0.000000,7.000000,51.191922,320.781648,75.000000,59.205973,3.000000
2026-05-10T08:39:54.975686786Z,0,per_hit,raw_percent_of_host,api-node1,api-node2,0,1,1,0.000000,0.000000,0.000000,0.000000,100.000000,100.000000,14.000000,13.000000,1.000000,1.000000,14.000000,13.000000,51.191922,60.726875,74.243747,74.281408,3.000000
2026-05-10T08:39:55.026166053Z,0,per_hit,raw_percent_of_host,api-node1,api-node2,1,0,1,0.000000,0.000000,0.000000,0.000000,100.000000,100.000000,14.000000,16.000000,1.000000,1.000000,14.000000,16.000000,51.191922,60.726875,74.243747,74.121407,3.000000
2026-05-10T08:39:55.07582619Z,0,per_hit,raw_percent_of_host,api-node1,api-node2,1,0,1,0.000000,0.000000,0.000000,0.000000,100.000000,100.000000,14.000000,17.000000,1.000000,1.000000,14.000000,17.000000,51.191922,60.726875,74.243747,74.068540,3.000000
2026-05-10T08:39:55.125929676Z,0,per_hit,raw_percent_of_host,api-node1,api-node2,1,0,1,0.000000,0.000000,0.000000,0.000000,100.000000,100.000000,13.000000,17.000000,1.000000,1.000000,13.000000,17.000000,51.191922,60.726875,74.296244,74.068540,3.000000
2026-05-10T08:39:55.175917768Z,0,per_hit,raw_percent_of_host,api-node1,api-node2,1,0,1,0.000000,50.763236,0.000000,50.763236,100.000000,100.000000,13.000000,17.000000,1.000000,7.000000,13.000000,17.000000,51.191922,60.726875,74.296244,71.459265,3.000000
2026-05-10T08:39:55.225274885Z,0,per_hit,raw_percent_of_host,api-node1,api-node2,1,0,1,0.000000,50.763236,0.000000,50.763236,100.000000,100.000000,14.000000,17.000000,1.000000,7.000000,14.000000,17.000000,51.191922,60.726875,74.243747,71.459265,3.000000
2026-05-10T08:39:55.276007557Z,0,per_hit,raw_percent_of_host,api-node1,api-node2,0,1,1,99.723665,50.763236,99.723665,50.763236,100.000000,100.000000,3.000000,15.000000,6.000000,7.000000,3.000000,15.000000,123.652014,60.726875,49.802292,71.459265,3.000000
2026-05-10T08:39:55.325692741Z,0,per_hit,raw_percent_of_host,api-node1,api-node2,0,1,1,99.723665,50.763236,99.723665,50.763236,100.000000,100.000000,0.000000,15.000000,6.000000,7.000000,0.000000,15.000000,123.652014,60.726875,50.000000,71.459265,3.000000
2026-05-10T08:39:55.375775411Z,0,per_hit,raw_percent_of_host,api-node1,api-node2,0,1,1,99.723665,50.763236,99.723665,50.763236,100.000000,100.000000,0.000000,14.000000,6.000000,7.000000,0.000000,14.000000,123.652014,60.726875,50.000000,71.459265,3.000000
2026-05-10T08:39:55.426026682Z,0,per_hit,raw_percent_of_host,api-node1,api-node2,0,1,1,99.723665,50.763236,99.723665,50.763236,100.000000,100.000000,0.000000,14.000000,6.000000,7.000000,0.000000,14.000000,123.652014,60.726875,50.000000,71.459265,3.000000
2026-05-10T08:39:55.476186807Z,0,per_hit,raw_percent_of_host,api-node1,api-node2,0,1,1,99.723665,50.763236,99.723665,50.763236,100.000000,100.000000,0.000000,14.000000,6.000000,7.000000,0.000000,14.000000,123.652014,60.726875,50.000000,71.459265,3.000000
2026-05-10T08:39:55.525286462Z,0,per_hit,raw_percent_of_host,api-node1,api-node2,0,1,1,99.723665,50.763236,99.723665,50.763236,100.000000,100.000000,0.000000,14.000000,6.000000,7.000000,0.000000,14.000000,123.652014,60.726875,50.000000,71.459265,3.000000
2026-05-10T08:39:55.57612027Z,0,per_hit,raw_percent_of_host,api-node1,api-node2,0,1,1,99.723665,50.763236,99.723665,50.763236,100.000000,100.000000,0.000000,13.000000,6.000000,7.000000,0.000000,13.000000,123.652014,60.726875,50.000000,71.459265,3.000000
2026-05-10T08:39:55.62540085Z,0,per_hit,raw_percent_of_host,api-node1,api-node2,0,1,1,99.723665,50.763236,99.723665,50.763236,100.000000,100.000000,0.000000,12.000000,6.000000,7.000000,0.000000,12.000000,123.652014,60.726875,50.000000,71.459265,3.000000
2026-05-10T08:39:55.675567066Z,0,per_hit,raw_percent_of_host,api-node1,api-node2,0,1,1,99.723665,50.763236,99.723665,50.763236,100.000000,100.000000,0.000000,12.000000,6.000000,7.000000,0.000000,12.000000,123.652014,60.726875,50.000000,71.459265,3.000000
2026-05-10T08:39:55.725736461Z,0,per_hit,raw_percent_of_host,api-node1,api-node2,0,1,1,99.723665,50.763236,99.723665,50.763236,100.000000,100.000000,0.000000,12.000000,6.000000,7.000000,0.000000,12.000000,123.652014,60.726875,50.000000,71.459265,3.000000
2026-05-10T08:39:55.775684306Z,0,per_hit,raw_percent_of_host,api-node1,api-node2,0,1,1,99.723665,50.763236,99.723665,50.763236,100.000000,100.000000,0.000000,9.000000,6.000000,7.000000,0.000000,9.000000,123.652014,60.726875,50.000000,71.459265,3.000000
2026-05-10T08:39:55.975871626Z,0,per_hit,raw_percent_of_host,api-node1,api-node2,1,0,1,0.000000,0.000000,0.000000,0.000000,100.000000,100.000000,13.000000,13.000000,1.000000,1.000000,13.000000,13.000000,50.039674,50.051269,74.297996,74.297978,3.000000
2026-05-10T08:39:56.026244927Z,0,per_hit,raw_percent_of_host,api-node1,api-node2,0,1,1,0.000000,0.000000,0.000000,0.000000,100.000000,100.000000,16.000000,14.000000,1.000000,1.000000,16.000000,14.000000,50.039674,50.051269,74.141558,74.245606,3.000000
2026-05-10T08:39:56.075767506Z,0,per_hit,raw_percent_of_host,api-node1,api-node2,1,0,1,58.431675,57.422089,58.431675,57.422089,100.000000,100.000000,16.000000,15.000000,5.000000,6.000000,16.000000,15.000000,50.039674,50.051269,72.498016,72.497437,3.000000
2026-05-10T08:39:56.125941804Z,0,per_hit,raw_percent_of_host,api-node1,api-node2,1,0,1,58.431675,57.422089,58.431675,57.422089,100.000000,100.000000,16.000000,15.000000,5.000000,6.000000,16.000000,15.000000,50.039674,50.051269,72.498016,72.497437,3.000000
2026-05-10T08:39:56.176006577Z,0,per_hit,raw_percent_of_host,api-node1,api-node2,1,0,1,58.431675,57.422089,58.431675,57.422089,100.000000,100.000000,15.000000,13.000000,5.000000,6.000000,15.000000,13.000000,50.039674,50.051269,72.498016,72.497437,3.000000
2026-05-10T08:39:56.225674348Z,0,per_hit,raw_percent_of_host,api-node1,api-node2,1,0,1,58.431675,57.422089,58.431675,57.422089,100.000000,100.000000,14.000000,14.000000,5.000000,6.000000,14.000000,14.000000,50.039674,50.051269,72.498016,72.497437,3.000000
2026-05-10T08:39:56.275918607Z,0,per_hit,raw_percent_of_host,api-node1,api-node2,0,1,1,100.000000,57.422089,100.000000,57.422089,100.000000,100.000000,2.000000,13.000000,11.000000,6.000000,2.000000,13.000000,222.569477,50.051269,49.821065,72.497437,3.000000
2026-05-10T08:39:56.325678607Z,0,per_hit,raw_percent_of_host,api-node1,api-node2,0,1,1,100.000000,57.422089,100.000000,57.422089,100.000000,100.000000,0.000000,13.000000,11.000000,6.000000,0.000000,13.000000,222.569477,50.051269,50.000000,72.497437,3.000000
2026-05-10T08:39:56.376177982Z,0,per_hit,raw_percent_of_host,api-node1,api-node2,0,1,1,100.000000,57.422089,100.000000,57.422089,100.000000,100.000000,0.000000,9.000000,11.000000,6.000000,0.000000,9.000000,222.569477,50.051269,50.000000,72.497437,3.000000
2026-05-10T08:39:56.425293762Z,0,per_hit,raw_percent_of_host,api-node1,api-node2,0,1,1,100.000000,57.422089,100.000000,57.422089,100.000000,100.000000,0.000000,9.000000,11.000000,6.000000,0.000000,9.000000,222.569477,50.051269,50.000000,72.497437,3.000000
2026-05-10T08:39:56.475452737Z,0,per_hit,raw_percent_of_host,api-node1,api-node2,1,0,1,11.308567,96.921657,11.308567,96.921657,100.000000,100.000000,0.000000,1.000000,1.000000,2.000000,0.000000,1.000000,50.042312,100.354027,75.000000,49.937601,3.000000
2026-05-10T08:39:56.52568184Z,0,per_hit,raw_percent_of_host,api-node1,api-node2,1,0,1,0.000000,96.921657,0.000000,96.921657,100.000000,100.000000,0.000000,1.000000,1.000000,2.000000,0.000000,1.000000,50.042312,100.354027,75.000000,49.937601,3.000000
2026-05-10T08:39:56.97609557Z,0,per_hit,raw_percent_of_host,api-node1,api-node2,1,0,1,0.000000,0.000000,0.000000,0.000000,100.000000,100.000000,8.000000,18.000000,1.000000,1.000000,8.000000,18.000000,50.042312,50.039345,74.563278,74.038381,3.000000
2026-05-10T08:39:57.025677062Z,0,per_hit,raw_percent_of_host,api-node1,api-node2,1,0,1,0.000000,0.000000,0.000000,0.000000,100.000000,100.000000,9.000000,20.000000,1.000000,1.000000,9.000000,20.000000,50.042312,50.039345,74.509759,73.936081,3.000000
2026-05-10T08:39:57.075278682Z,0,per_hit,raw_percent_of_host,api-node1,api-node2,1,0,1,0.000000,0.000000,0.000000,0.000000,100.000000,100.000000,10.000000,20.000000,1.000000,1.000000,10.000000,20.000000,50.042312,50.039345,74.456472,73.936081,3.000000
2026-05-10T08:39:57.125333648Z,0,per_hit,raw_percent_of_host,api-node1,api-node2,1,0,1,0.000000,0.000000,0.000000,0.000000,100.000000,100.000000,9.000000,20.000000,1.000000,1.000000,9.000000,20.000000,50.042312,50.039345,74.509759,73.936081,3.000000
2026-05-10T08:39:57.175694664Z,0,per_hit,raw_percent_of_host,api-node1,api-node2,0,1,1,90.158591,0.000000,90.158591,0.000000,100.000000,100.000000,2.000000,19.000000,7.000000,1.000000,2.000000,19.000000,141.851587,50.039345,49.861168,73.987122,3.000000
2026-05-10T08:39:57.226296255Z,0,per_hit,raw_percent_of_host,api-node1,api-node2,0,1,1,90.158591,0.000000,90.158591,0.000000,100.000000,100.000000,0.000000,20.000000,7.000000,1.000000,0.000000,20.000000,141.851587,50.039345,50.000000,73.936081,3.000000
2026-05-10T08:39:57.275650486Z,0,per_hit,raw_percent_of_host,api-node1,api-node2,0,1,1,90.158591,0.000000,90.158591,0.000000,100.000000,100.000000,0.000000,19.000000,7.000000,1.000000,0.000000,19.000000,141.851587,50.039345,50.000000,73.987122,3.000000
2026-05-10T08:39:57.325842014Z,0,per_hit,raw_percent_of_host,api-node1,api-node2,0,1,1,90.158591,0.000000,90.158591,0.000000,100.000000,100.000000,0.000000,19.000000,7.000000,1.000000,0.000000,19.000000,141.851587,50.039345,50.000000,73.987122,3.000000
2026-05-10T08:39:57.376166218Z,0,per_hit,raw_percent_of_host,api-node1,api-node2,0,1,1,90.158591,0.000000,90.158591,0.000000,100.000000,100.000000,0.000000,18.000000,7.000000,1.000000,0.000000,18.000000,141.851587,50.039345,50.000000,74.038381,3.000000
2026-05-10T08:39:57.426306926Z,0,per_hit,raw_percent_of_host,api-node1,api-node2,0,1,1,90.158591,0.000000,90.158591,0.000000,100.000000,100.000000,0.000000,18.000000,7.000000,1.000000,0.000000,18.000000,141.851587,50.039345,50.000000,74.038381,3.000000
2026-05-10T08:39:57.476138452Z,0,per_hit,raw_percent_of_host,api-node1,api-node2,0,1,1,90.158591,59.168456,90.158591,59.168456,100.000000,100.000000,0.000000,10.000000,7.000000,12.000000,0.000000,10.000000,141.851587,484.225273,50.000000,50.788736,3.000000
2026-05-10T08:39:57.525613358Z,0,per_hit,raw_percent_of_host,api-node1,api-node2,1,0,1,19.275985,59.168456,19.275985,59.168456,100.000000,100.000000,0.000000,10.000000,1.000000,12.000000,0.000000,10.000000,50.042536,484.225273,75.000000,50.788736,3.000000
2026-05-10T08:39:57.575467081Z,0,per_hit,raw_percent_of_host,api-node1,api-node2,1,0,1,19.275985,59.168456,19.275985,59.168456,100.000000,100.000000,0.000000,6.000000,1.000000,12.000000,0.000000,6.000000,50.042536,484.225273,75.000000,50.788736,3.000000
2026-05-10T08:39:57.625623877Z,0,per_hit,raw_percent_of_host,api-node1,api-node2,1,0,1,19.275985,59.168456,19.275985,59.168456,100.000000,100.000000,0.000000,6.000000,1.000000,12.000000,0.000000,6.000000,50.042536,484.225273,75.000000,50.788736,3.000000
2026-05-10T08:39:57.975608878Z,0,per_hit,raw_percent_of_host,api-node1,api-node2,0,1,1,0.000000,0.000000,0.000000,0.000000,100.000000,100.000000,15.000000,11.000000,1.000000,1.000000,15.000000,11.000000,50.042536,60.191731,74.193475,74.389985,3.000000
2026-05-10T08:39:58.025871053Z,0,per_hit,raw_percent_of_host,api-node1,api-node2,0,1,1,0.000000,0.000000,0.000000,0.000000,100.000000,100.000000,16.000000,13.000000,1.000000,1.000000,16.000000,13.000000,50.042536,60.191731,74.141553,74.282257,3.000000
2026-05-10T08:39:58.075678764Z,0,per_hit,raw_percent_of_host,api-node1,api-node2,0,1,1,0.000000,0.000000,0.000000,0.000000,100.000000,100.000000,17.000000,13.000000,1.000000,1.000000,17.000000,13.000000,50.042536,60.191731,74.089853,74.282257,3.000000
2026-05-10T08:39:58.125846338Z,0,per_hit,raw_percent_of_host,api-node1,api-node2,0,1,1,0.000000,0.000000,0.000000,0.000000,100.000000,100.000000,17.000000,13.000000,1.000000,1.000000,17.000000,13.000000,50.042536,60.191731,74.089853,74.282257,3.000000
2026-05-10T08:39:58.175626492Z,0,per_hit,raw_percent_of_host,api-node1,api-node2,0,1,1,0.000000,0.000000,0.000000,0.000000,100.000000,100.000000,17.000000,11.000000,1.000000,1.000000,17.000000,11.000000,50.042536,60.191731,74.089853,74.389985,3.000000
2026-05-10T08:39:58.225994871Z,0,per_hit,raw_percent_of_host,api-node1,api-node2,0,1,1,0.000000,0.000000,0.000000,0.000000,100.000000,100.000000,16.000000,12.000000,1.000000,1.000000,16.000000,12.000000,50.042536,60.191731,74.141553,74.336002,3.000000
2026-05-10T08:39:58.276301846Z,0,per_hit,raw_percent_of_host,api-node1,api-node2,0,1,1,0.000000,0.000000,0.000000,0.000000,100.000000,100.000000,16.000000,11.000000,1.000000,1.000000,16.000000,11.000000,50.042536,60.191731,74.141553,74.389985,3.000000
2026-05-10T08:39:58.32600939Z,0,per_hit,raw_percent_of_host,api-node1,api-node2,0,1,1,100.000000,0.000000,100.000000,0.000000,100.000000,100.000000,1.000000,11.000000,15.000000,1.000000,1.000000,11.000000,302.813246,60.191731,49.917713,74.389985,3.000000
2026-05-10T08:39:58.376154908Z,0,per_hit,raw_percent_of_host,api-node1,api-node2,1,0,1,57.240981,56.885634,57.240981,56.885634,100.000000,100.000000,0.000000,2.000000,1.000000,10.000000,0.000000,2.000000,50.092624,58.980063,72.495369,72.050997,3.000000
2026-05-10T08:39:58.426269255Z,0,per_hit,raw_percent_of_host,api-node1,api-node2,1,0,1,57.240981,56.885634,57.240981,56.885634,100.000000,100.000000,0.000000,1.000000,1.000000,10.000000,0.000000,1.000000,50.092624,58.980063,72.495369,72.050997,3.000000
2026-05-10T08:39:59.026145031Z,0,per_hit,raw_percent_of_host,api-node1,api-node2,1,0,1,0.000000,0.000000,0.000000,0.000000,100.000000,100.000000,9.000000,12.000000,1.000000,1.000000,9.000000,12.000000,50.092624,76.043628,74.509705,74.311858,3.000000
2026-05-10T08:39:59.076239091Z,0,per_hit,raw_percent_of_host,api-node1,api-node2,1,0,1,0.000000,0.000000,0.000000,0.000000,100.000000,100.000000,12.000000,16.000000,1.000000,1.000000,12.000000,16.000000,50.092624,76.043628,74.350519,74.090819,3.000000
2026-05-10T08:39:59.126301466Z,0,per_hit,raw_percent_of_host,api-node1,api-node2,1,0,1,0.000000,0.000000,0.000000,0.000000,100.000000,100.000000,12.000000,17.000000,1.000000,1.000000,12.000000,17.000000,50.092624,76.043628,74.350519,74.036186,3.000000
2026-05-10T08:39:59.175480051Z,0,per_hit,raw_percent_of_host,api-node1,api-node2,1,0,1,0.000000,0.000000,0.000000,0.000000,100.000000,100.000000,12.000000,15.000000,1.000000,1.000000,12.000000,15.000000,50.092624,76.043628,74.350519,74.145701,3.000000
2026-05-10T08:39:59.226282601Z,0,per_hit,raw_percent_of_host,api-node1,api-node2,1,0,1,0.000000,0.000000,0.000000,0.000000,100.000000,100.000000,12.000000,15.000000,1.000000,1.000000,12.000000,15.000000,50.092624,76.043628,74.350519,74.145701,3.000000
2026-05-10T08:39:59.275730814Z,0,per_hit,raw_percent_of_host,api-node1,api-node2,0,1,1,87.633063,0.000000,87.633063,0.000000,100.000000,100.000000,4.000000,14.000000,11.000000,1.000000,4.000000,14.000000,176.682689,76.043628,49.694486,74.200834,3.000000
2026-05-10T08:39:59.325449857Z,0,per_hit,raw_percent_of_host,api-node1,api-node2,0,1,1,87.633063,0.000000,87.633063,0.000000,100.000000,100.000000,0.000000,14.000000,11.000000,1.000000,0.000000,14.000000,176.682689,76.043628,50.000000,74.200834,3.000000
2026-05-10T08:39:59.375900504Z,0,per_hit,raw_percent_of_host,api-node1,api-node2,0,1,1,87.633063,53.232853,87.633063,53.232853,100.000000,100.000000,0.000000,12.000000,11.000000,8.000000,0.000000,12.000000,176.682689,339.953539,50.000000,58.002323,3.000000
2026-05-10T08:39:59.425627452Z,0,per_hit,raw_percent_of_host,api-node1,api-node2,1,0,1,49.965666,53.232853,49.965666,53.232853,100.000000,100.000000,0.000000,12.000000,1.000000,8.000000,0.000000,12.000000,50.038166,339.953539,71.924064,58.002323,3.000000
2026-05-10T08:39:59.475373617Z,0,per_hit,raw_percent_of_host,api-node1,api-node2,1,0,1,49.965666,53.232853,49.965666,53.232853,100.000000,100.000000,0.000000,11.000000,1.000000,8.000000,0.000000,11.000000,50.038166,339.953539,71.924064,58.002323,3.000000
2026-05-10T08:39:59.525533614Z,0,per_hit,raw_percent_of_host,api-node1,api-node2,1,0,1,49.965666,53.232853,49.965666,53.232853,100.000000,100.000000,0.000000,11.000000,1.000000,8.000000,0.000000,11.000000,50.038166,339.953539,71.924064,58.002323,3.000000
2026-05-10T08:39:59.576243289Z,0,per_hit,raw_percent_of_host,api-node1,api-node2,1,0,1,0.000000,44.177490,0.000000,44.177490,100.000000,100.000000,0.000000,1.000000,1.000000,5.000000,0.000000,1.000000,50.038166,201.404649,75.000000,64.407979,3.000000
2026-05-10T08:39:59.625405834Z,0,per_hit,raw_percent_of_host,api-node1,api-node2,1,0,1,0.000000,44.177490,0.000000,44.177490,100.000000,100.000000,0.000000,1.000000,1.000000,5.000000,0.000000,1.000000,50.038166,201.404649,75.000000,64.407979,3.000000
2026-05-10T08:39:59.975665893Z,0,per_hit,raw_percent_of_host,api-node1,api-node2,1,0,1,0.000000,19.794124,0.000000,19.794124,100.000000,100.000000,12.000000,13.000000,1.000000,1.000000,12.000000,13.000000,50.038166,99.548463,74.350596,74.213934,3.000000
2026-05-10T08:40:00.025944272Z,0,per_hit,raw_percent_of_host,api-node1,api-node2,0,1,1,0.000000,19.794124,0.000000,19.794124,100.000000,100.000000,15.000000,13.000000,1.000000,1.000000,15.000000,13.000000,50.038166,99.548463,74.193482,74.213934,3.000000
2026-05-10T08:40:00.075688763Z,0,per_hit,raw_percent_of_host,api-node1,api-node2,0,1,1,0.000000,19.794124,0.000000,19.794124,100.000000,100.000000,16.000000,13.000000,1.000000,1.000000,16.000000,13.000000,50.038166,99.548463,74.141561,74.213934,3.000000
2026-05-10T08:40:00.12587931Z,0,per_hit,raw_percent_of_host,api-node1,api-node2,0,1,1,0.000000,19.794124,0.000000,19.794124,100.000000,100.000000,16.000000,13.000000,1.000000,1.000000,16.000000,13.000000,50.038166,99.548463,74.141561,74.213934,3.000000
2026-05-10T08:40:00.175452691Z,0,per_hit,raw_percent_of_host,api-node1,api-node2,0,1,1,0.000000,19.794124,0.000000,19.794124,100.000000,100.000000,16.000000,11.000000,1.000000,1.000000,16.000000,11.000000,50.038166,99.548463,74.141561,74.331635,3.000000
2026-05-10T08:40:00.22569248Z,0,per_hit,raw_percent_of_host,api-node1,api-node2,0,1,1,0.000000,19.794124,0.000000,19.794124,100.000000,100.000000,15.000000,11.000000,1.000000,1.000000,15.000000,11.000000,50.038166,99.548463,74.193482,74.331635,3.000000
2026-05-10T08:40:00.285914053Z,0,per_hit,raw_percent_of_host,api-node1,api-node2,0,1,1,99.638007,19.794124,99.638007,19.794124,100.000000,100.000000,14.000000,10.000000,14.000000,1.000000,14.000000,10.000000,222.094059,99.548463,48.800984,74.390915,3.000000
2026-05-10T08:40:00.326019084Z,0,per_hit,raw_percent_of_host,api-node1,api-node2,0,1,1,99.638007,19.794124,99.638007,19.794124,100.000000,100.000000,13.000000,10.000000,14.000000,1.000000,13.000000,10.000000,222.094059,99.548463,48.882800,74.390915,3.000000
2026-05-10T08:40:00.375314812Z,0,per_hit,raw_percent_of_host,api-node1,api-node2,0,1,1,99.638007,56.891691,99.638007,56.891691,100.000000,100.000000,1.000000,4.000000,14.000000,9.000000,1.000000,4.000000,222.094059,368.158591,49.910364,56.592070,3.000000
2026-05-10T08:40:00.97573536Z,0,per_hit,raw_percent_of_host,api-node1,api-node2,1,0,1,0.000000,0.000000,0.000000,0.000000,100.000000,100.000000,12.000000,13.000000,1.000000,1.000000,12.000000,13.000000,50.047691,50.064806,74.350582,74.297958,3.000000
2026-05-10T08:40:01.025622909Z,0,per_hit,raw_percent_of_host,api-node1,api-node2,0,1,1,0.000000,0.000000,0.000000,0.000000,100.000000,100.000000,15.000000,13.000000,1.000000,1.000000,15.000000,13.000000,50.047691,50.064806,74.193466,74.297958,3.000000
2026-05-10T08:40:01.075513577Z,0,per_hit,raw_percent_of_host,api-node1,api-node2,0,1,1,0.000000,0.000000,0.000000,0.000000,100.000000,100.000000,15.000000,14.000000,1.000000,1.000000,15.000000,14.000000,50.047691,50.064806,74.193466,74.245584,3.000000
2026-05-10T08:40:01.125937961Z,0,per_hit,raw_percent_of_host,api-node1,api-node2,0,1,1,70.305386,0.000000,70.305386,0.000000,100.000000,100.000000,14.000000,14.000000,8.000000,1.000000,14.000000,14.000000,50.047691,50.064806,60.408314,74.245584,3.000000
2026-05-10T08:40:01.175744174Z,0,per_hit,raw_percent_of_host,api-node1,api-node2,0,1,1,70.305386,50.715271,70.305386,50.715271,100.000000,100.000000,14.000000,13.000000,8.000000,7.000000,14.000000,13.000000,50.047691,59.512291,60.408314,71.514640,3.000000
2026-05-10T08:40:01.225528772Z,0,per_hit,raw_percent_of_host,api-node1,api-node2,0,1,1,70.305386,50.715271,70.305386,50.715271,100.000000,100.000000,14.000000,13.000000,8.000000,7.000000,14.000000,13.000000,50.047691,59.512291,60.408314,71.514640,3.000000
2026-05-10T08:40:01.276072915Z,0,per_hit,raw_percent_of_host,api-node1,api-node2,0,1,1,97.834127,50.715271,97.834127,50.715271,100.000000,100.000000,3.000000,11.000000,6.000000,7.000000,3.000000,11.000000,122.927914,59.512291,49.802669,71.514640,3.000000
2026-05-10T08:40:01.326226764Z,0,per_hit,raw_percent_of_host,api-node1,api-node2,0,1,1,97.834127,50.715271,97.834127,50.715271,100.000000,100.000000,0.000000,11.000000,6.000000,7.000000,0.000000,11.000000,122.927914,59.512291,50.000000,71.514640,3.000000
2026-05-10T08:40:01.375933422Z,0,per_hit,raw_percent_of_host,api-node1,api-node2,0,1,1,97.834127,49.644222,97.834127,49.644222,100.000000,100.000000,0.000000,2.000000,6.000000,5.000000,0.000000,2.000000,122.927914,220.476002,50.000000,63.976200,3.000000
2026-05-10T08:40:01.425637079Z,0,per_hit,raw_percent_of_host,api-node1,api-node2,1,0,1,43.311557,49.644222,43.311557,49.644222,100.000000,100.000000,0.000000,1.000000,1.000000,5.000000,0.000000,1.000000,50.052413,220.476002,70.984835,63.976200,3.000000
2026-05-10T08:40:01.976081259Z,0,per_hit,raw_percent_of_host,api-node1,api-node2,0,1,1,0.000000,0.000000,0.000000,0.000000,100.000000,100.000000,14.000000,11.000000,1.000000,1.000000,14.000000,11.000000,50.052413,78.587487,74.245604,74.364033,3.000000
2026-05-10T08:40:02.025865851Z,0,per_hit,raw_percent_of_host,api-node1,api-node2,0,1,1,0.000000,0.000000,0.000000,0.000000,100.000000,100.000000,15.000000,13.000000,1.000000,1.000000,15.000000,13.000000,50.052413,78.587487,74.193457,74.251863,3.000000
2026-05-10T08:40:02.07576859Z,0,per_hit,raw_percent_of_host,api-node1,api-node2,0,1,1,0.000000,0.000000,0.000000,0.000000,100.000000,100.000000,16.000000,13.000000,1.000000,1.000000,16.000000,13.000000,50.052413,78.587487,74.141534,74.251863,3.000000
2026-05-10T08:40:02.125923795Z,0,per_hit,raw_percent_of_host,api-node1,api-node2,0,1,1,0.000000,0.000000,0.000000,0.000000,100.000000,100.000000,16.000000,13.000000,1.000000,1.000000,16.000000,13.000000,50.052413,78.587487,74.141534,74.251863,3.000000
2026-05-10T08:40:02.17529146Z,0,per_hit,raw_percent_of_host,api-node1,api-node2,0,1,1,0.000000,0.000000,0.000000,0.000000,100.000000,100.000000,16.000000,12.000000,1.000000,1.000000,16.000000,12.000000,50.052413,78.587487,74.141534,74.307819,3.000000
2026-05-10T08:40:02.225601218Z,0,per_hit,raw_percent_of_host,api-node1,api-node2,0,1,1,0.000000,0.000000,0.000000,0.000000,100.000000,100.000000,15.000000,13.000000,1.000000,1.000000,15.000000,13.000000,50.052413,78.587487,74.193457,74.251863,3.000000
2026-05-10T08:40:02.276215447Z,0,per_hit,raw_percent_of_host,api-node1,api-node2,0,1,1,96.419361,0.000000,96.419361,0.000000,100.000000,100.000000,11.000000,10.000000,14.000000,1.000000,11.000000,10.000000,256.278421,78.587487,48.971110,74.420508,3.000000
2026-05-10T08:40:02.325868026Z,0,per_hit,raw_percent_of_host,api-node1,api-node2,0,1,1,96.419361,0.000000,96.419361,0.000000,100.000000,100.000000,0.000000,10.000000,14.000000,1.000000,0.000000,10.000000,256.278421,78.587487,50.000000,74.420508,3.000000
2026-05-10T08:40:02.375856794Z,0,per_hit,raw_percent_of_host,api-node1,api-node2,1,0,1,56.169362,54.462333,56.169362,54.462333,100.000000,100.000000,0.000000,2.000000,1.000000,8.000000,0.000000,2.000000,50.057643,58.924660,72.473542,71.929825,3.000000
2026-05-10T08:40:02.426014588Z,0,per_hit,raw_percent_of_host,api-node1,api-node2,1,0,1,56.169362,54.462333,56.169362,54.462333,100.000000,100.000000,0.000000,2.000000,1.000000,8.000000,0.000000,2.000000,50.057643,58.924660,72.473542,71.929825,3.000000
2026-05-10T08:40:02.975377286Z,0,per_hit,raw_percent_of_host,api-node1,api-node2,1,0,1,0.000000,19.762143,0.000000,19.762143,100.000000,100.000000,10.000000,15.000000,1.000000,1.000000,10.000000,15.000000,50.057643,78.486067,74.456454,74.140921,3.000000
2026-05-10T08:40:03.025605765Z,0,per_hit,raw_percent_of_host,api-node1,api-node2,1,0,1,0.000000,19.762143,0.000000,19.762143,100.000000,100.000000,11.000000,17.000000,1.000000,1.000000,11.000000,17.000000,50.057643,78.486067,74.403396,74.030818,3.000000
2026-05-10T08:40:03.075873168Z,0,per_hit,raw_percent_of_host,api-node1,api-node2,1,0,1,0.000000,19.762143,0.000000,19.762143,100.000000,100.000000,12.000000,17.000000,1.000000,1.000000,12.000000,17.000000,50.057643,78.486067,74.350568,74.030818,3.000000
2026-05-10T08:40:03.12603888Z,0,per_hit,raw_percent_of_host,api-node1,api-node2,1,0,1,0.000000,19.762143,0.000000,19.762143,100.000000,100.000000,12.000000,17.000000,1.000000,1.000000,12.000000,17.000000,50.057643,78.486067,74.350568,74.030818,3.000000
2026-05-10T08:40:03.175944159Z,0,per_hit,raw_percent_of_host,api-node1,api-node2,0,1,1,96.001341,19.762143,96.001341,19.762143,100.000000,100.000000,10.000000,16.000000,9.000000,1.000000,10.000000,16.000000,181.720422,78.486067,49.238454,74.085743,3.000000
2026-05-10T08:40:03.225688241Z,0,per_hit,raw_percent_of_host,api-node1,api-node2,0,1,1,96.001341,19.762143,96.001341,19.762143,100.000000,100.000000,2.000000,16.000000,9.000000,1.000000,2.000000,16.000000,181.720422,78.486067,49.843886,74.085743,3.000000
2026-05-10T08:40:03.275459847Z,0,per_hit,raw_percent_of_host,api-node1,api-node2,0,1,1,96.001341,19.762143,96.001341,19.762143,100.000000,100.000000,1.000000,15.000000,9.000000,1.000000,1.000000,15.000000,181.720422,78.486067,49.921699,74.140921,3.000000
2026-05-10T08:40:03.325531303Z,0,per_hit,raw_percent_of_host,api-node1,api-node2,0,1,1,96.001341,19.762143,96.001341,19.762143,100.000000,100.000000,0.000000,15.000000,9.000000,1.000000,0.000000,15.000000,181.720422,78.486067,50.000000,74.140921,3.000000
2026-05-10T08:40:03.375701715Z,0,per_hit,raw_percent_of_host,api-node1,api-node2,0,1,1,96.001341,19.762143,96.001341,19.762143,100.000000,100.000000,0.000000,14.000000,9.000000,1.000000,0.000000,14.000000,181.720422,78.486067,50.000000,74.196352,3.000000
2026-05-10T08:40:03.4258579Z,0,per_hit,raw_percent_of_host,api-node1,api-node2,0,1,1,96.001341,19.762143,96.001341,19.762143,100.000000,100.000000,0.000000,14.000000,9.000000,1.000000,0.000000,14.000000,181.720422,78.486067,50.000000,74.196352,3.000000
2026-05-10T08:40:03.475379894Z,0,per_hit,raw_percent_of_host,api-node1,api-node2,0,1,1,96.001341,57.306362,96.001341,57.306362,100.000000,100.000000,0.000000,2.000000,9.000000,12.000000,0.000000,2.000000,181.720422,459.825265,50.000000,52.008737,3.000000
2026-05-10T08:40:03.525639758Z,0,per_hit,raw_percent_of_host,api-node1,api-node2,1,0,1,37.225515,57.306362,37.225515,57.306362,100.000000,100.000000,0.000000,1.000000,1.000000,12.000000,0.000000,1.000000,50.053335,459.825265,70.904559,52.008737,3.000000
2026-05-10T08:40:03.976039412Z,0,per_hit,raw_percent_of_host,api-node1,api-node2,1,0,1,0.000000,0.000000,0.000000,0.000000,100.000000,100.000000,6.000000,19.000000,1.000000,1.000000,6.000000,19.000000,50.053335,79.220661,74.671014,73.919913,3.000000
2026-05-10T08:40:04.026221952Z,0,per_hit,raw_percent_of_host,api-node1,api-node2,1,0,1,0.000000,0.000000,0.000000,0.000000,100.000000,100.000000,7.000000,20.000000,1.000000,1.000000,7.000000,20.000000,50.053335,79.220661,74.617023,73.865646,3.000000
2026-05-10T08:40:04.076232325Z,0,per_hit,raw_percent_of_host,api-node1,api-node2,1,0,1,0.000000,0.000000,0.000000,0.000000,100.000000,100.000000,8.000000,20.000000,1.000000,1.000000,8.000000,20.000000,50.053335,79.220661,74.563268,73.865646,3.000000
2026-05-10T08:40:04.126173022Z,0,per_hit,raw_percent_of_host,api-node1,api-node2,1,0,1,0.000000,0.000000,0.000000,0.000000,100.000000,100.000000,4.000000,20.000000,1.000000,1.000000,4.000000,20.000000,50.053335,79.220661,74.779710,73.865646,3.000000
2026-05-10T08:40:04.1760035Z,0,per_hit,raw_percent_of_host,api-node1,api-node2,1,0,1,0.000000,58.493268,0.000000,58.493268,100.000000,100.000000,0.000000,19.000000,1.000000,8.000000,0.000000,19.000000,50.053335,59.604865,75.000000,72.019757,3.000000
2026-05-10T08:40:04.225478622Z,0,per_hit,raw_percent_of_host,api-node1,api-node2,0,1,1,95.647968,58.493268,95.647968,58.493268,100.000000,100.000000,1.000000,19.000000,1.000000,8.000000,1.000000,19.000000,50.060519,59.604865,49.944560,72.019757,3.000000
2026-05-10T08:40:04.27594492Z,0,per_hit,raw_percent_of_host,api-node1,api-node2,0,1,1,95.647968,58.493268,95.647968,58.493268,100.000000,100.000000,1.000000,18.000000,1.000000,8.000000,1.000000,18.000000,50.060519,59.604865,49.944560,72.019757,3.000000
2026-05-10T08:40:04.325404614Z,0,per_hit,raw_percent_of_host,api-node1,api-node2,0,1,1,95.647968,58.493268,95.647968,58.493268,100.000000,100.000000,0.000000,18.000000,1.000000,8.000000,0.000000,18.000000,50.060519,59.604865,50.000000,72.019757,3.000000
2026-05-10T08:40:04.37628268Z,0,per_hit,raw_percent_of_host,api-node1,api-node2,0,1,1,95.647968,58.493268,95.647968,58.493268,100.000000,100.000000,0.000000,16.000000,1.000000,8.000000,0.000000,16.000000,50.060519,59.604865,50.000000,72.019757,3.000000
2026-05-10T08:40:04.425382202Z,0,per_hit,raw_percent_of_host,api-node1,api-node2,0,1,1,95.647968,58.493268,95.647968,58.493268,100.000000,100.000000,0.000000,16.000000,1.000000,8.000000,0.000000,16.000000,50.060519,59.604865,50.000000,72.019757,3.000000
2026-05-10T08:40:04.475595313Z,0,per_hit,raw_percent_of_host,api-node1,api-node2,0,1,1,95.647968,58.493268,95.647968,58.493268,100.000000,100.000000,0.000000,15.000000,1.000000,8.000000,0.000000,15.000000,50.060519,59.604865,50.000000,72.019757,3.000000
2026-05-10T08:40:04.525872379Z,0,per_hit,raw_percent_of_host,api-node1,api-node2,0,1,1,95.647968,58.493268,95.647968,58.493268,100.000000,100.000000,0.000000,15.000000,1.000000,8.000000,0.000000,15.000000,50.060519,59.604865,50.000000,72.019757,3.000000
2026-05-10T08:40:04.575389538Z,0,per_hit,raw_percent_of_host,api-node1,api-node2,1,0,1,13.852081,41.496329,13.852081,41.496329,100.000000,100.000000,0.000000,2.000000,1.000000,8.000000,0.000000,2.000000,50.046391,381.558048,75.000000,60.479334,3.000000
2026-05-10T08:40:04.625564023Z,0,per_hit,raw_percent_of_host,api-node1,api-node2,1,0,1,13.852081,41.496329,13.852081,41.496329,100.000000,100.000000,0.000000,2.000000,1.000000,8.000000,0.000000,2.000000,50.046391,381.558048,75.000000,60.479334,3.000000
2026-05-10T08:40:04.976112714Z,0,per_hit,raw_percent_of_host,api-node1,api-node2,0,1,1,0.000000,0.000000,0.000000,0.000000,100.000000,100.000000,14.000000,11.000000,1.000000,1.000000,14.000000,11.000000,50.046391,96.438971,74.245614,74.336648,3.000000
2026-05-10T08:40:05.026011865Z,0,per_hit,raw_percent_of_host,api-node1,api-node2,0,1,1,0.000000,0.000000,0.000000,0.000000,100.000000,100.000000,16.000000,12.000000,1.000000,1.000000,16.000000,12.000000,50.046391,96.438971,74.141545,74.278084,3.000000
2026-05-10T08:40:05.075241413Z,0,per_hit,raw_percent_of_host,api-node1,api-node2,0,1,1,0.000000,0.000000,0.000000,0.000000,100.000000,100.000000,17.000000,13.000000,1.000000,1.000000,17.000000,13.000000,50.046391,96.438971,74.089845,74.219802,3.000000
2026-05-10T08:40:05.125407281Z,0,per_hit,raw_percent_of_host,api-node1,api-node2,0,1,1,0.000000,0.000000,0.000000,0.000000,100.000000,100.000000,17.000000,13.000000,1.000000,1.000000,17.000000,13.000000,50.046391,96.438971,74.089845,74.219802,3.000000
2026-05-10T08:40:05.176151312Z,0,per_hit,raw_percent_of_host,api-node1,api-node2,0,1,1,0.000000,0.000000,0.000000,0.000000,100.000000,100.000000,16.000000,11.000000,1.000000,1.000000,16.000000,11.000000,50.046391,96.438971,74.141545,74.336648,3.000000
2026-05-10T08:40:05.225932031Z,0,per_hit,raw_percent_of_host,api-node1,api-node2,0,1,1,0.000000,0.000000,0.000000,0.000000,100.000000,100.000000,17.000000,11.000000,1.000000,1.000000,17.000000,11.000000,50.046391,96.438971,74.089845,74.336648,3.000000
2026-05-10T08:40:05.275445166Z,0,per_hit,raw_percent_of_host,api-node1,api-node2,0,1,1,96.912691,60.050556,96.912691,60.050556,100.000000,100.000000,10.000000,9.000000,14.000000,7.000000,10.000000,9.000000,262.931054,59.458208,49.084018,71.947973,3.000000
2026-05-10T08:40:05.325360076Z,0,per_hit,raw_percent_of_host,api-node1,api-node2,0,1,1,94.410496,60.050556,94.410496,60.050556,100.000000,100.000000,1.000000,9.000000,2.000000,7.000000,1.000000,9.000000,50.086800,59.458208,49.944557,71.947973,3.000000
2026-05-10T08:40:05.375534106Z,0,per_hit,raw_percent_of_host,api-node1,api-node2,1,0,1,41.911156,57.730997,41.911156,57.730997,100.000000,100.000000,0.000000,1.000000,1.000000,3.000000,0.000000,1.000000,50.046180,101.301013,70.709849,69.934949,3.000000
2026-05-10T08:40:05.975785708Z,0,per_hit,raw_percent_of_host,api-node1,api-node2,1,0,1,0.000000,0.000000,0.000000,0.000000,100.000000,100.000000,11.000000,14.000000,1.000000,1.000000,11.000000,14.000000,50.046180,50.044661,74.403411,74.245617,3.000000
2026-05-10T08:40:06.026224952Z,0,per_hit,raw_percent_of_host,api-node1,api-node2,1,0,1,0.000000,0.000000,0.000000,0.000000,100.000000,100.000000,12.000000,16.000000,1.000000,1.000000,12.000000,16.000000,50.046180,50.044661,74.350584,74.141549,3.000000
2026-05-10T08:40:06.075416878Z,0,per_hit,raw_percent_of_host,api-node1,api-node2,1,0,1,0.000000,0.000000,0.000000,0.000000,100.000000,100.000000,14.000000,16.000000,1.000000,1.000000,14.000000,16.000000,50.046180,50.044661,74.245615,74.141549,3.000000
2026-05-10T08:40:06.125785459Z,0,per_hit,raw_percent_of_host,api-node1,api-node2,1,0,1,0.000000,0.000000,0.000000,0.000000,100.000000,100.000000,13.000000,16.000000,1.000000,1.000000,13.000000,16.000000,50.046180,50.044661,74.297986,74.141549,3.000000
2026-05-10T08:40:06.175936485Z,0,per_hit,raw_percent_of_host,api-node1,api-node2,1,0,1,0.000000,0.000000,0.000000,0.000000,100.000000,100.000000,13.000000,16.000000,1.000000,1.000000,13.000000,16.000000,50.046180,50.044661,74.297986,74.141549,3.000000
2026-05-10T08:40:06.225470268Z,0,per_hit,raw_percent_of_host,api-node1,api-node2,0,1,1,95.718168,0.000000,95.718168,0.000000,100.000000,100.000000,9.000000,17.000000,11.000000,1.000000,9.000000,17.000000,202.046137,50.044661,49.266991,74.089849,3.000000
2026-05-10T08:40:06.275256002Z,0,per_hit,raw_percent_of_host,api-node1,api-node2,0,1,1,95.718168,0.000000,95.718168,0.000000,100.000000,100.000000,0.000000,16.000000,11.000000,1.000000,0.000000,16.000000,202.046137,50.044661,50.000000,74.141549,3.000000
2026-05-10T08:40:06.325427006Z,0,per_hit,raw_percent_of_host,api-node1,api-node2,0,1,1,95.718168,0.000000,95.718168,0.000000,100.000000,100.000000,0.000000,16.000000,11.000000,1.000000,0.000000,16.000000,202.046137,50.044661,50.000000,74.141549,3.000000
2026-05-10T08:40:06.376244598Z,0,per_hit,raw_percent_of_host,api-node1,api-node2,0,1,1,95.718168,0.000000,95.718168,0.000000,100.000000,100.000000,0.000000,13.000000,11.000000,1.000000,0.000000,13.000000,202.046137,50.044661,50.000000,74.297988,3.000000
2026-05-10T08:40:06.425394212Z,0,per_hit,raw_percent_of_host,api-node1,api-node2,0,1,1,95.718168,0.000000,95.718168,0.000000,100.000000,100.000000,0.000000,13.000000,11.000000,1.000000,0.000000,13.000000,202.046137,50.044661,50.000000,74.297988,3.000000
2026-05-10T08:40:06.475239581Z,0,per_hit,raw_percent_of_host,api-node1,api-node2,1,0,1,27.795382,53.648419,27.795382,53.648419,100.000000,100.000000,0.000000,2.000000,1.000000,11.000000,0.000000,2.000000,50.042349,58.493916,72.937405,71.873702,3.000000
2026-05-10T08:40:06.526021084Z,0,per_hit,raw_percent_of_host,api-node1,api-node2,1,0,1,0.000000,96.332309,0.000000,96.332309,100.000000,100.000000,0.000000,1.000000,1.000000,2.000000,0.000000,1.000000,50.042349,50.036806,75.000000,49.944563,3.000000
2026-05-10T08:40:06.975694802Z,0,per_hit,raw_percent_of_host,api-node1,api-node2,0,1,1,0.000000,0.000000,0.000000,0.000000,100.000000,100.000000,15.000000,10.000000,1.000000,1.000000,15.000000,10.000000,50.042349,78.399614,74.193475,74.420760,3.000000
2026-05-10T08:40:07.025683483Z,0,per_hit,raw_percent_of_host,api-node1,api-node2,0,1,1,0.000000,0.000000,0.000000,0.000000,100.000000,100.000000,17.000000,11.000000,1.000000,1.000000,17.000000,11.000000,50.042349,78.399614,74.089853,74.364309,3.000000
2026-05-10T08:40:07.076084847Z,0,per_hit,raw_percent_of_host,api-node1,api-node2,0,1,1,0.000000,0.000000,0.000000,0.000000,100.000000,100.000000,18.000000,12.000000,1.000000,1.000000,18.000000,12.000000,50.042349,78.399614,74.038375,74.308119,3.000000
2026-05-10T08:40:07.126226512Z,0,per_hit,raw_percent_of_host,api-node1,api-node2,0,1,1,0.000000,0.000000,0.000000,0.000000,100.000000,100.000000,18.000000,12.000000,1.000000,1.000000,18.000000,12.000000,50.042349,78.399614,74.038375,74.308119,3.000000
2026-05-10T08:40:07.176287842Z,0,per_hit,raw_percent_of_host,api-node1,api-node2,0,1,1,0.000000,0.000000,0.000000,0.000000,100.000000,100.000000,17.000000,10.000000,1.000000,1.000000,17.000000,10.000000,50.042349,78.399614,74.089853,74.420760,3.000000
2026-05-10T08:40:07.225474142Z,0,per_hit,raw_percent_of_host,api-node1,api-node2,0,1,1,0.000000,0.000000,0.000000,0.000000,100.000000,100.000000,17.000000,11.000000,1.000000,1.000000,17.000000,11.000000,50.042349,78.399614,74.089853,74.364309,3.000000
2026-05-10T08:40:07.275769345Z,0,per_hit,raw_percent_of_host,api-node1,api-node2,1,0,1,0.000000,62.649217,0.000000,62.649217,100.000000,100.000000,16.000000,8.000000,1.000000,8.000000,16.000000,8.000000,50.042349,269.453192,74.141553,60.952107,3.000000
2026-05-10T08:40:07.326029547Z,0,per_hit,raw_percent_of_host,api-node1,api-node2,0,1,1,100.000000,62.649217,100.000000,62.649217,100.000000,100.000000,2.000000,8.000000,15.000000,8.000000,2.000000,8.000000,283.218764,269.453192,49.824696,60.952107,3.000000
2026-05-10T08:40:07.375945437Z,0,per_hit,raw_percent_of_host,api-node1,api-node2,1,0,1,51.377301,40.012511,51.377301,40.012511,100.000000,100.000000,0.000000,1.000000,1.000000,2.000000,0.000000,1.000000,50.095133,98.971513,72.066437,67.105922,3.000000
2026-05-10T08:40:07.426098522Z,0,per_hit,raw_percent_of_host,api-node1,api-node2,1,0,1,51.377301,40.012511,51.377301,40.012511,100.000000,100.000000,0.000000,1.000000,1.000000,2.000000,0.000000,1.000000,50.095133,98.971513,72.066437,67.105922,3.000000
2026-05-10T08:40:07.976285923Z,0,per_hit,raw_percent_of_host,api-node1,api-node2,1,0,1,0.000000,0.000000,0.000000,0.000000,100.000000,100.000000,12.000000,13.000000,1.000000,1.000000,12.000000,13.000000,50.095133,98.087893,74.350516,74.216702,3.000000
2026-05-10T08:40:08.026091009Z,0,per_hit,raw_percent_of_host,api-node1,api-node2,1,0,1,0.000000,0.000000,0.000000,0.000000,100.000000,100.000000,14.000000,14.000000,1.000000,1.000000,14.000000,14.000000,50.095133,98.087893,74.245535,74.158476,3.000000
2026-05-10T08:40:08.075955152Z,0,per_hit,raw_percent_of_host,api-node1,api-node2,0,1,1,0.000000,0.000000,0.000000,0.000000,100.000000,100.000000,17.000000,14.000000,1.000000,1.000000,17.000000,14.000000,50.095133,98.087893,74.089750,74.158476,3.000000
2026-05-10T08:40:08.126030364Z,0,per_hit,raw_percent_of_host,api-node1,api-node2,0,1,1,0.000000,0.000000,0.000000,0.000000,100.000000,100.000000,16.000000,14.000000,1.000000,1.000000,16.000000,14.000000,50.095133,98.087893,74.141456,74.158476,3.000000
2026-05-10T08:40:08.176207143Z,0,per_hit,raw_percent_of_host,api-node1,api-node2,0,1,1,0.000000,0.000000,0.000000,0.000000,100.000000,100.000000,16.000000,14.000000,1.000000,1.000000,16.000000,14.000000,50.095133,98.087893,74.141456,74.158476,3.000000
2026-05-10T08:40:08.225760553Z,0,per_hit,raw_percent_of_host,api-node1,api-node2,0,1,1,82.225941,0.000000,82.225941,0.000000,100.000000,100.000000,15.000000,15.000000,11.000000,1.000000,15.000000,15.000000,236.571307,98.087893,48.653156,74.100530,3.000000
2026-05-10T08:40:08.275704055Z,0,per_hit,raw_percent_of_host,api-node1,api-node2,0,1,1,82.225941,0.000000,82.225941,0.000000,100.000000,100.000000,12.000000,14.000000,11.000000,1.000000,12.000000,14.000000,236.571307,98.087893,48.910789,74.158476,3.000000
2026-05-10T08:40:08.325384526Z,0,per_hit,raw_percent_of_host,api-node1,api-node2,0,1,1,82.225941,0.000000,82.225941,0.000000,100.000000,100.000000,3.000000,14.000000,11.000000,1.000000,3.000000,14.000000,236.571307,98.087893,49.718499,74.158476,3.000000
2026-05-10T08:40:08.375914141Z,0,per_hit,raw_percent_of_host,api-node1,api-node2,0,1,1,82.225941,58.849782,82.225941,58.849782,100.000000,100.000000,0.000000,5.000000,11.000000,10.000000,0.000000,5.000000,236.571307,378.234924,50.000000,56.088254,3.000000
2026-05-10T08:40:08.42570701Z,0,per_hit,raw_percent_of_host,api-node1,api-node2,0,1,1,73.982320,58.849782,73.982320,58.849782,100.000000,100.000000,0.000000,5.000000,1.000000,10.000000,0.000000,5.000000,50.068001,378.234924,53.176740,56.088254,3.000000
2026-05-10T08:40:08.976185797Z,0,per_hit,raw_percent_of_host,api-node1,api-node2,1,0,1,0.000000,0.000000,0.000000,0.000000,100.000000,100.000000,12.000000,13.000000,1.000000,1.000000,12.000000,13.000000,50.068001,60.485652,74.350554,74.281791,3.000000
2026-05-10T08:40:09.025693297Z,0,per_hit,raw_percent_of_host,api-node1,api-node2,1,0,1,0.000000,0.000000,0.000000,0.000000,100.000000,100.000000,13.000000,15.000000,1.000000,1.000000,13.000000,15.000000,50.068001,60.485652,74.297953,74.174944,3.000000
2026-05-10T08:40:09.075684568Z,0,per_hit,raw_percent_of_host,api-node1,api-node2,1,0,1,0.000000,0.000000,0.000000,0.000000,100.000000,100.000000,15.000000,17.000000,1.000000,1.000000,15.000000,17.000000,50.068001,60.485652,74.193430,74.069033,3.000000
2026-05-10T08:40:09.125849781Z,0,per_hit,raw_percent_of_host,api-node1,api-node2,1,0,1,0.000000,0.000000,0.000000,0.000000,100.000000,100.000000,15.000000,17.000000,1.000000,1.000000,15.000000,17.000000,50.068001,60.485652,74.193430,74.069033,3.000000
2026-05-10T08:40:09.175478499Z,0,per_hit,raw_percent_of_host,api-node1,api-node2,1,0,1,0.000000,0.000000,0.000000,0.000000,100.000000,100.000000,14.000000,16.000000,1.000000,1.000000,14.000000,16.000000,50.068001,60.485652,74.245579,74.121872,3.000000
2026-05-10T08:40:09.225692724Z,0,per_hit,raw_percent_of_host,api-node1,api-node2,0,1,1,98.253957,0.000000,98.253957,0.000000,100.000000,100.000000,13.000000,16.000000,11.000000,1.000000,13.000000,16.000000,196.611454,60.485652,48.972782,74.121872,3.000000
2026-05-10T08:40:09.275875184Z,0,per_hit,raw_percent_of_host,api-node1,api-node2,0,1,1,98.253957,0.000000,98.253957,0.000000,100.000000,100.000000,3.000000,15.000000,11.000000,1.000000,3.000000,15.000000,196.611454,60.485652,49.755213,74.174944,3.000000
2026-05-10T08:40:09.326011972Z,0,per_hit,raw_percent_of_host,api-node1,api-node2,0,1,1,98.253957,0.000000,98.253957,0.000000,100.000000,100.000000,0.000000,15.000000,11.000000,1.000000,0.000000,15.000000,196.611454,60.485652,50.000000,74.174944,3.000000
2026-05-10T08:40:09.376096273Z,0,per_hit,raw_percent_of_host,api-node1,api-node2,1,0,1,69.564248,56.798173,69.564248,56.798173,100.000000,100.000000,0.000000,12.000000,1.000000,9.000000,0.000000,12.000000,50.042277,365.161794,63.299613,56.741910,3.000000
2026-05-10T08:40:09.426249727Z,0,per_hit,raw_percent_of_host,api-node1,api-node2,1,0,1,69.564248,56.798173,69.564248,56.798173,100.000000,100.000000,0.000000,12.000000,1.000000,9.000000,0.000000,12.000000,50.042277,365.161794,63.299613,56.741910,3.000000
2026-05-10T08:40:09.475843984Z,0,per_hit,raw_percent_of_host,api-node1,api-node2,0,1,1,69.564248,64.967323,69.564248,64.967323,100.000000,100.000000,0.000000,2.000000,1.000000,4.000000,0.000000,2.000000,50.042277,121.636605,63.299613,68.142993,3.000000
2026-05-10T08:40:09.525517496Z,0,per_hit,raw_percent_of_host,api-node1,api-node2,1,0,1,0.000000,64.967323,0.000000,64.967323,100.000000,100.000000,0.000000,2.000000,1.000000,4.000000,0.000000,2.000000,50.042277,121.636605,75.000000,68.142993,3.000000
2026-05-10T08:40:09.975390545Z,0,per_hit,raw_percent_of_host,api-node1,api-node2,0,1,1,0.000000,0.000000,0.000000,0.000000,100.000000,100.000000,13.000000,12.000000,1.000000,1.000000,13.000000,12.000000,50.042277,78.949766,74.297992,74.307240,3.000000
2026-05-10T08:40:10.02612519Z,0,per_hit,raw_percent_of_host,api-node1,api-node2,1,0,1,0.000000,0.000000,0.000000,0.000000,100.000000,100.000000,14.000000,14.000000,1.000000,1.000000,14.000000,14.000000,50.042277,78.949766,74.245621,74.195495,3.000000
2026-05-10T08:40:10.076165177Z,0,per_hit,raw_percent_of_host,api-node1,api-node2,1,0,1,0.000000,0.000000,0.000000,0.000000,100.000000,100.000000,16.000000,16.000000,1.000000,1.000000,16.000000,16.000000,50.042277,78.949766,74.141553,74.084773,3.000000
2026-05-10T08:40:10.125275566Z,0,per_hit,raw_percent_of_host,api-node1,api-node2,1,0,1,0.000000,0.000000,0.000000,0.000000,100.000000,100.000000,16.000000,16.000000,1.000000,1.000000,16.000000,16.000000,50.042277,78.949766,74.141553,74.084773,3.000000
2026-05-10T08:40:10.176105211Z,0,per_hit,raw_percent_of_host,api-node1,api-node2,1,0,1,0.000000,0.000000,0.000000,0.000000,100.000000,100.000000,16.000000,15.000000,1.000000,1.000000,16.000000,15.000000,50.042277,78.949766,74.141553,74.140007,3.000000
2026-05-10T08:40:10.225750038Z,0,per_hit,raw_percent_of_host,api-node1,api-node2,1,0,1,0.000000,0.000000,0.000000,0.000000,100.000000,100.000000,14.000000,16.000000,1.000000,1.000000,14.000000,16.000000,50.042277,78.949766,74.245621,74.084773,3.000000
2026-05-10T08:40:10.275462444Z,0,per_hit,raw_percent_of_host,api-node1,api-node2,0,1,1,96.368785,0.000000,96.368785,0.000000,100.000000,100.000000,10.000000,15.000000,13.000000,1.000000,10.000000,15.000000,243.279999,78.949766,49.062687,74.140007,3.000000
2026-05-10T08:40:10.325651298Z,0,per_hit,raw_percent_of_host,api-node1,api-node2,0,1,1,96.368785,0.000000,96.368785,0.000000,100.000000,100.000000,10.000000,15.000000,13.000000,1.000000,10.000000,15.000000,243.279999,78.949766,49.062687,74.140007,3.000000
2026-05-10T08:40:10.375795542Z,0,per_hit,raw_percent_of_host,api-node1,api-node2,0,1,1,96.368785,0.000000,96.368785,0.000000,100.000000,100.000000,10.000000,15.000000,13.000000,1.000000,10.000000,15.000000,243.279999,78.949766,49.062687,74.140007,3.000000
2026-05-10T08:40:10.425687215Z,0,per_hit,raw_percent_of_host,api-node1,api-node2,1,0,1,43.448759,56.597523,43.448759,56.597523,100.000000,100.000000,0.000000,11.000000,1.000000,11.000000,0.000000,11.000000,50.066089,357.191884,71.009014,57.140406,3.000000
2026-05-10T08:40:10.476053508Z,0,per_hit,raw_percent_of_host,api-node1,api-node2,1,0,1,43.448759,59.011461,43.448759,59.011461,100.000000,100.000000,0.000000,2.000000,1.000000,3.000000,0.000000,2.000000,50.066089,121.211013,71.009014,68.939449,3.000000
2026-05-10T08:40:10.5254732Z,0,per_hit,raw_percent_of_host,api-node1,api-node2,1,0,1,0.000000,59.011461,0.000000,59.011461,100.000000,100.000000,0.000000,2.000000,1.000000,3.000000,0.000000,2.000000,50.066089,121.211013,75.000000,68.939449,3.000000
2026-05-10T08:40:10.975742622Z,0,per_hit,raw_percent_of_host,api-node1,api-node2,0,1,1,0.000000,0.000000,0.000000,0.000000,100.000000,100.000000,16.000000,9.000000,1.000000,1.000000,16.000000,9.000000,50.066089,78.857165,74.141509,74.476918,3.000000
2026-05-10T08:40:11.025273993Z,0,per_hit,raw_percent_of_host,api-node1,api-node2,0,1,1,0.000000,0.000000,0.000000,0.000000,100.000000,100.000000,18.000000,10.000000,1.000000,1.000000,18.000000,10.000000,50.066089,78.857165,74.038326,74.420146,3.000000
2026-05-10T08:40:11.076154839Z,0,per_hit,raw_percent_of_host,api-node1,api-node2,0,1,1,0.000000,0.000000,0.000000,0.000000,100.000000,100.000000,19.000000,14.000000,1.000000,1.000000,19.000000,14.000000,50.066089,78.857165,73.987064,74.195666,3.000000
2026-05-10T08:40:11.125261924Z,0,per_hit,raw_percent_of_host,api-node1,api-node2,0,1,1,0.000000,0.000000,0.000000,0.000000,100.000000,100.000000,19.000000,14.000000,1.000000,1.000000,19.000000,14.000000,50.066089,78.857165,73.987064,74.195666,3.000000
2026-05-10T08:40:11.176288446Z,0,per_hit,raw_percent_of_host,api-node1,api-node2,0,1,1,0.000000,0.000000,0.000000,0.000000,100.000000,100.000000,19.000000,12.000000,1.000000,1.000000,19.000000,12.000000,50.066089,78.857165,73.987064,74.307388,3.000000
2026-05-10T08:40:11.226226478Z,0,per_hit,raw_percent_of_host,api-node1,api-node2,0,1,1,0.000000,0.000000,0.000000,0.000000,100.000000,100.000000,19.000000,12.000000,1.000000,1.000000,19.000000,12.000000,50.066089,78.857165,73.987064,74.307388,3.000000
2026-05-10T08:40:11.275499986Z,0,per_hit,raw_percent_of_host,api-node1,api-node2,1,0,1,0.000000,56.097325,0.000000,56.097325,100.000000,100.000000,19.000000,7.000000,1.000000,6.000000,19.000000,7.000000,50.066089,247.501053,73.987064,62.624947,3.000000
2026-05-10T08:40:11.325389727Z,0,per_hit,raw_percent_of_host,api-node1,api-node2,0,1,1,98.351631,56.097325,98.351631,56.097325,100.000000,100.000000,16.000000,7.000000,15.000000,6.000000,16.000000,7.000000,302.711466,247.501053,48.744946,62.624947,3.000000
2026-05-10T08:40:11.376155484Z,0,per_hit,raw_percent_of_host,api-node1,api-node2,0,1,1,98.351631,63.986719,98.351631,63.986719,100.000000,100.000000,6.000000,2.000000,15.000000,4.000000,6.000000,2.000000,302.711466,120.157084,49.514109,68.655957,3.000000
2026-05-10T08:40:11.425679562Z,0,per_hit,raw_percent_of_host,api-node1,api-node2,0,1,1,94.041900,63.986719,94.041900,63.986719,100.000000,100.000000,0.000000,2.000000,1.000000,4.000000,0.000000,2.000000,50.041543,120.157084,50.000000,68.655957,3.000000
2026-05-10T08:40:11.975831622Z,0,per_hit,raw_percent_of_host,api-node1,api-node2,0,1,1,0.000000,0.000000,0.000000,0.000000,100.000000,100.000000,13.000000,12.000000,1.000000,1.000000,13.000000,12.000000,50.041543,80.631202,74.297993,74.304539,3.000000
2026-05-10T08:40:12.025268391Z,0,per_hit,raw_percent_of_host,api-node1,api-node2,1,0,1,0.000000,0.000000,0.000000,0.000000,100.000000,100.000000,14.000000,14.000000,1.000000,1.000000,14.000000,14.000000,50.041543,80.631202,74.245622,74.192374,3.000000
2026-05-10T08:40:12.07577407Z,0,per_hit,raw_percent_of_host,api-node1,api-node2,0,1,1,0.000000,0.000000,0.000000,0.000000,100.000000,100.000000,19.000000,15.000000,1.000000,1.000000,19.000000,15.000000,50.041543,80.631202,73.987117,74.136678,3.000000
2026-05-10T08:40:12.125943211Z,0,per_hit,raw_percent_of_host,api-node1,api-node2,0,1,1,0.000000,0.000000,0.000000,0.000000,100.000000,100.000000,19.000000,15.000000,1.000000,1.000000,19.000000,15.000000,50.041543,80.631202,73.987117,74.136678,3.000000
2026-05-10T08:40:12.176037712Z,0,per_hit,raw_percent_of_host,api-node1,api-node2,0,1,1,0.000000,0.000000,0.000000,0.000000,100.000000,100.000000,19.000000,14.000000,1.000000,1.000000,19.000000,14.000000,50.041543,80.631202,73.987117,74.192374,3.000000
2026-05-10T08:40:12.226027828Z,0,per_hit,raw_percent_of_host,api-node1,api-node2,0,1,1,0.000000,0.000000,0.000000,0.000000,100.000000,100.000000,19.000000,14.000000,1.000000,1.000000,19.000000,14.000000,50.041543,80.631202,73.987117,74.192374,3.000000
2026-05-10T08:40:12.275697703Z,0,per_hit,raw_percent_of_host,api-node1,api-node2,0,1,1,90.056355,0.000000,90.056355,0.000000,100.000000,100.000000,15.000000,12.000000,12.000000,1.000000,15.000000,12.000000,243.832441,80.631202,48.617091,74.304539,3.000000
2026-05-10T08:40:12.325857274Z,0,per_hit,raw_percent_of_host,api-node1,api-node2,0,1,1,90.056355,0.000000,90.056355,0.000000,100.000000,100.000000,15.000000,12.000000,12.000000,1.000000,15.000000,12.000000,243.832441,80.631202,48.617091,74.304539,3.000000
2026-05-10T08:40:12.375454146Z,0,per_hit,raw_percent_of_host,api-node1,api-node2,0,1,1,90.056355,54.450683,90.056355,54.450683,100.000000,100.000000,4.000000,7.000000,12.000000,8.000000,4.000000,7.000000,243.832441,344.890677,49.615632,57.755466,3.000000
2026-05-10T08:40:12.425747507Z,0,per_hit,raw_percent_of_host,api-node1,api-node2,0,1,1,100.000000,54.450683,100.000000,54.450683,100.000000,100.000000,0.000000,7.000000,3.000000,8.000000,0.000000,7.000000,83.934978,344.890677,50.000000,57.755466,3.000000
2026-05-10T08:40:12.975575557Z,0,per_hit,raw_percent_of_host,api-node1,api-node2,1,0,1,0.000000,0.000000,0.000000,0.000000,100.000000,100.000000,10.000000,15.000000,1.000000,1.000000,10.000000,15.000000,50.056514,82.103810,74.456455,74.133742,3.000000
2026-05-10T08:40:13.025528471Z,0,per_hit,raw_percent_of_host,api-node1,api-node2,1,0,1,0.000000,0.000000,0.000000,0.000000,100.000000,100.000000,12.000000,16.000000,1.000000,1.000000,12.000000,16.000000,50.056514,82.103810,74.350570,74.078121,3.000000
2026-05-10T08:40:13.075477057Z,0,per_hit,raw_percent_of_host,api-node1,api-node2,1,0,1,0.000000,0.000000,0.000000,0.000000,100.000000,100.000000,16.000000,19.000000,1.000000,1.000000,16.000000,19.000000,50.056514,82.103810,74.141527,73.912785,3.000000
2026-05-10T08:40:13.125795304Z,0,per_hit,raw_percent_of_host,api-node1,api-node2,1,0,1,0.000000,0.000000,0.000000,0.000000,100.000000,100.000000,16.000000,19.000000,1.000000,1.000000,16.000000,19.000000,50.056514,82.103810,74.141527,73.912785,3.000000
2026-05-10T08:40:13.175376865Z,0,per_hit,raw_percent_of_host,api-node1,api-node2,0,1,1,96.073495,0.000000,96.073495,0.000000,100.000000,100.000000,14.000000,18.000000,9.000000,1.000000,14.000000,18.000000,200.965708,82.103810,48.881912,73.967644,3.000000
2026-05-10T08:40:13.22538062Z,0,per_hit,raw_percent_of_host,api-node1,api-node2,0,1,1,96.073495,0.000000,96.073495,0.000000,100.000000,100.000000,11.000000,19.000000,9.000000,1.000000,11.000000,19.000000,200.965708,82.103810,49.113001,73.912785,3.000000
2026-05-10T08:40:13.276231484Z,0,per_hit,raw_percent_of_host,api-node1,api-node2,0,1,1,96.073495,0.000000,96.073495,0.000000,100.000000,100.000000,10.000000,17.000000,9.000000,1.000000,10.000000,17.000000,200.965708,82.103810,49.191028,74.022755,3.000000
2026-05-10T08:40:13.3252598Z,0,per_hit,raw_percent_of_host,api-node1,api-node2,0,1,1,96.073495,0.000000,96.073495,0.000000,100.000000,100.000000,0.000000,17.000000,9.000000,1.000000,0.000000,17.000000,200.965708,82.103810,50.000000,74.022755,3.000000
2026-05-10T08:40:13.375418148Z,0,per_hit,raw_percent_of_host,api-node1,api-node2,0,1,1,96.073495,0.000000,96.073495,0.000000,100.000000,100.000000,0.000000,17.000000,9.000000,1.000000,0.000000,17.000000,200.965708,82.103810,50.000000,74.022755,3.000000
2026-05-10T08:40:13.425538597Z,0,per_hit,raw_percent_of_host,api-node1,api-node2,0,1,1,96.073495,0.000000,96.073495,0.000000,100.000000,100.000000,0.000000,17.000000,9.000000,1.000000,0.000000,17.000000,200.965708,82.103810,50.000000,74.022755,3.000000
2026-05-10T08:40:13.475564012Z,0,per_hit,raw_percent_of_host,api-node1,api-node2,1,0,1,49.831321,57.610852,49.831321,57.610852,100.000000,100.000000,0.000000,12.000000,1.000000,12.000000,0.000000,12.000000,50.039266,448.025576,71.909420,52.598721,3.000000
2026-05-10T08:40:13.525740886Z,0,per_hit,raw_percent_of_host,api-node1,api-node2,1,0,1,49.831321,57.610852,49.831321,57.610852,100.000000,100.000000,0.000000,12.000000,1.000000,12.000000,0.000000,12.000000,50.039266,448.025576,71.909420,52.598721,3.000000
2026-05-10T08:40:13.575539525Z,0,per_hit,raw_percent_of_host,api-node1,api-node2,1,0,1,49.831321,56.942182,49.831321,56.942182,100.000000,100.000000,0.000000,2.000000,1.000000,4.000000,0.000000,2.000000,50.039266,121.360406,71.909420,68.931980,3.000000
2026-05-10T08:40:13.625864386Z,0,per_hit,raw_percent_of_host,api-node1,api-node2,1,0,1,0.000000,56.942182,0.000000,56.942182,100.000000,100.000000,0.000000,2.000000,1.000000,4.000000,0.000000,2.000000,50.039266,121.360406,75.000000,68.931980,3.000000
2026-05-10T08:40:13.975222716Z,0,per_hit,raw_percent_of_host,api-node1,api-node2,1,0,1,0.000000,0.000000,0.000000,0.000000,100.000000,100.000000,7.000000,14.000000,1.000000,1.000000,7.000000,14.000000,50.039266,79.603753,74.617035,74.194284,3.000000
2026-05-10T08:40:14.025381748Z,0,per_hit,raw_percent_of_host,api-node1,api-node2,1,0,1,0.000000,0.000000,0.000000,0.000000,100.000000,100.000000,11.000000,16.000000,1.000000,1.000000,11.000000,16.000000,50.039266,79.603753,74.403420,74.083402,3.000000
2026-05-10T08:40:14.075577158Z,0,per_hit,raw_percent_of_host,api-node1,api-node2,1,0,1,0.000000,0.000000,0.000000,0.000000,100.000000,100.000000,14.000000,21.000000,1.000000,1.000000,14.000000,21.000000,50.039266,79.603753,74.245626,73.810593,3.000000
2026-05-10T08:40:14.126193845Z,0,per_hit,raw_percent_of_host,api-node1,api-node2,1,0,1,0.000000,0.000000,0.000000,0.000000,100.000000,100.000000,14.000000,21.000000,1.000000,1.000000,14.000000,21.000000,50.039266,79.603753,74.245626,73.810593,3.000000
2026-05-10T08:40:14.175738648Z,0,per_hit,raw_percent_of_host,api-node1,api-node2,0,1,1,91.913948,0.000000,91.913948,0.000000,100.000000,100.000000,13.000000,19.000000,8.000000,1.000000,13.000000,19.000000,171.607197,79.603753,49.048017,73.918971,3.000000
2026-05-10T08:40:14.226283777Z,0,per_hit,raw_percent_of_host,api-node1,api-node2,0,1,1,91.913948,0.000000,91.913948,0.000000,100.000000,100.000000,12.000000,19.000000,8.000000,1.000000,12.000000,19.000000,171.607197,79.603753,49.118665,73.918971,3.000000
2026-05-10T08:40:14.276171739Z,0,per_hit,raw_percent_of_host,api-node1,api-node2,0,1,1,91.913948,0.000000,91.913948,0.000000,100.000000,100.000000,11.000000,19.000000,8.000000,1.000000,11.000000,19.000000,171.607197,79.603753,49.189729,73.918971,3.000000
2026-05-10T08:40:14.325300723Z,0,per_hit,raw_percent_of_host,api-node1,api-node2,0,1,1,91.913948,0.000000,91.913948,0.000000,100.000000,100.000000,1.000000,19.000000,8.000000,1.000000,1.000000,19.000000,171.607197,79.603753,49.924103,73.918971,3.000000
2026-05-10T08:40:14.376255475Z,0,per_hit,raw_percent_of_host,api-node1,api-node2,0,1,1,91.913948,0.000000,91.913948,0.000000,100.000000,100.000000,0.000000,18.000000,8.000000,1.000000,0.000000,18.000000,171.607197,79.603753,50.000000,73.973531,3.000000
2026-05-10T08:40:14.425399339Z,0,per_hit,raw_percent_of_host,api-node1,api-node2,0,1,1,91.913948,0.000000,91.913948,0.000000,100.000000,100.000000,0.000000,18.000000,8.000000,1.000000,0.000000,18.000000,171.607197,79.603753,50.000000,73.973531,3.000000
2026-05-10T08:40:14.475450512Z,0,per_hit,raw_percent_of_host,api-node1,api-node2,1,0,1,54.221819,55.443856,54.221819,55.443856,100.000000,100.000000,0.000000,14.000000,1.000000,12.000000,0.000000,14.000000,50.066033,465.092036,72.322790,51.857517,3.000000
2026-05-10T08:40:14.525619186Z,0,per_hit,raw_percent_of_host,api-node1,api-node2,1,0,1,54.221819,55.443856,54.221819,55.443856,100.000000,100.000000,0.000000,14.000000,1.000000,12.000000,0.000000,14.000000,50.066033,465.092036,72.322790,51.857517,3.000000
2026-05-10T08:40:14.575491581Z,0,per_hit,raw_percent_of_host,api-node1,api-node2,1,0,1,54.221819,55.443856,54.221819,55.443856,100.000000,100.000000,0.000000,12.000000,1.000000,12.000000,0.000000,12.000000,50.066033,465.092036,72.322790,51.857517,3.000000
2026-05-10T08:40:14.625624284Z,0,per_hit,raw_percent_of_host,api-node1,api-node2,1,0,1,54.221819,55.443856,54.221819,55.443856,100.000000,100.000000,0.000000,12.000000,1.000000,12.000000,0.000000,12.000000,50.066033,465.092036,72.322790,51.857517,3.000000
2026-05-10T08:40:14.97576548Z,0,per_hit,raw_percent_of_host,api-node1,api-node2,1,0,1,0.000000,0.000000,0.000000,0.000000,100.000000,100.000000,10.000000,15.000000,1.000000,1.000000,10.000000,15.000000,50.066033,83.571637,74.456444,74.130794,3.000000
2026-05-10T08:40:15.025675152Z,0,per_hit,raw_percent_of_host,api-node1,api-node2,1,0,1,0.000000,0.000000,0.000000,0.000000,100.000000,100.000000,12.000000,16.000000,1.000000,1.000000,12.000000,16.000000,50.066033,83.571637,74.350557,74.074991,3.000000
2026-05-10T08:40:15.075661841Z,0,per_hit,raw_percent_of_host,api-node1,api-node2,1,0,1,0.000000,0.000000,0.000000,0.000000,100.000000,100.000000,15.000000,21.000000,1.000000,1.000000,15.000000,21.000000,50.066033,83.571637,74.193434,73.799803,3.000000
2026-05-10T08:40:15.125836352Z,0,per_hit,raw_percent_of_host,api-node1,api-node2,1,0,1,0.000000,0.000000,0.000000,0.000000,100.000000,100.000000,14.000000,21.000000,1.000000,1.000000,14.000000,21.000000,50.066033,83.571637,74.245582,73.799803,3.000000
2026-05-10T08:40:15.175468848Z,0,per_hit,raw_percent_of_host,api-node1,api-node2,1,0,1,0.000000,0.000000,0.000000,0.000000,100.000000,100.000000,13.000000,20.000000,1.000000,1.000000,13.000000,20.000000,50.066033,83.571637,74.297956,73.854337,3.000000
2026-05-10T08:40:15.225616359Z,0,per_hit,raw_percent_of_host,api-node1,api-node2,1,0,1,0.000000,0.000000,0.000000,0.000000,100.000000,100.000000,10.000000,21.000000,1.000000,1.000000,10.000000,21.000000,50.066033,83.571637,74.456444,73.799803,3.000000
2026-05-10T08:40:15.275984461Z,0,per_hit,raw_percent_of_host,api-node1,api-node2,0,1,1,97.221557,50.552303,97.221557,50.552303,100.000000,100.000000,1.000000,19.000000,2.000000,8.000000,1.000000,19.000000,50.044160,59.489988,49.944562,71.496656,3.000000
2026-05-10T08:40:15.32622975Z,0,per_hit,raw_percent_of_host,api-node1,api-node2,0,1,1,97.221557,50.552303,97.221557,50.552303,100.000000,100.000000,0.000000,19.000000,2.000000,8.000000,0.000000,19.000000,50.044160,59.489988,50.000000,71.496656,3.000000
2026-05-10T08:40:15.375416761Z,0,per_hit,raw_percent_of_host,api-node1,api-node2,0,1,1,97.221557,50.552303,97.221557,50.552303,100.000000,100.000000,0.000000,19.000000,2.000000,8.000000,0.000000,19.000000,50.044160,59.489988,50.000000,71.496656,3.000000
2026-05-10T08:40:15.425557601Z,0,per_hit,raw_percent_of_host,api-node1,api-node2,0,1,1,97.221557,50.552303,97.221557,50.552303,100.000000,100.000000,0.000000,19.000000,2.000000,8.000000,0.000000,19.000000,50.044160,59.489988,50.000000,71.496656,3.000000
2026-05-10T08:40:15.475377775Z,0,per_hit,raw_percent_of_host,api-node1,api-node2,0,1,1,97.221557,50.552303,97.221557,50.552303,100.000000,100.000000,0.000000,14.000000,2.000000,8.000000,0.000000,14.000000,50.044160,59.489988,50.000000,71.496656,3.000000
2026-05-10T08:40:15.525537739Z,0,per_hit,raw_percent_of_host,api-node1,api-node2,0,1,1,97.221557,50.552303,97.221557,50.552303,100.000000,100.000000,0.000000,14.000000,2.000000,8.000000,0.000000,14.000000,50.044160,59.489988,50.000000,71.496656,3.000000
2026-05-10T08:40:15.575707961Z,0,per_hit,raw_percent_of_host,api-node1,api-node2,0,1,1,97.221557,50.552303,97.221557,50.552303,100.000000,100.000000,0.000000,14.000000,2.000000,8.000000,0.000000,14.000000,50.044160,59.489988,50.000000,71.496656,3.000000
2026-05-10T08:40:15.625867477Z,0,per_hit,raw_percent_of_host,api-node1,api-node2,0,1,1,97.221557,50.552303,97.221557,50.552303,100.000000,100.000000,0.000000,14.000000,2.000000,8.000000,0.000000,14.000000,50.044160,59.489988,50.000000,71.496656,3.000000
2026-05-10T08:40:15.675591032Z,0,per_hit,raw_percent_of_host,api-node1,api-node2,1,0,1,4.980979,52.304118,4.980979,52.304118,100.000000,100.000000,0.000000,2.000000,1.000000,10.000000,0.000000,2.000000,50.059828,419.227908,75.000000,54.288806,3.000000
2026-05-10T08:40:15.725748482Z,0,per_hit,raw_percent_of_host,api-node1,api-node2,1,0,1,4.980979,52.304118,4.980979,52.304118,100.000000,100.000000,0.000000,2.000000,1.000000,10.000000,0.000000,2.000000,50.059828,419.227908,75.000000,54.288806,3.000000
2026-05-10T08:40:15.975432279Z,0,per_hit,raw_percent_of_host,api-node1,api-node2,1,0,1,0.000000,0.000000,0.000000,0.000000,100.000000,100.000000,13.000000,12.000000,1.000000,1.000000,13.000000,12.000000,50.059828,98.869108,74.297965,74.273838,3.000000
2026-05-10T08:40:16.026244336Z,0,per_hit,raw_percent_of_host,api-node1,api-node2,1,0,1,0.000000,0.000000,0.000000,0.000000,100.000000,100.000000,14.000000,14.000000,1.000000,1.000000,14.000000,14.000000,50.059828,98.869108,74.245592,74.156892,3.000000
2026-05-10T08:40:16.076256398Z,0,per_hit,raw_percent_of_host,api-node1,api-node2,1,0,1,0.000000,0.000000,0.000000,0.000000,100.000000,100.000000,19.000000,18.000000,1.000000,1.000000,19.000000,18.000000,50.059828,98.869108,73.987078,73.926350,3.000000
2026-05-10T08:40:16.125930671Z,0,per_hit,raw_percent_of_host,api-node1,api-node2,1,0,1,0.000000,0.000000,0.000000,0.000000,100.000000,100.000000,19.000000,19.000000,1.000000,1.000000,19.000000,19.000000,50.059828,98.869108,73.987078,73.869400,3.000000
2026-05-10T08:40:16.175273215Z,0,per_hit,raw_percent_of_host,api-node1,api-node2,1,0,1,0.000000,0.000000,0.000000,0.000000,100.000000,100.000000,19.000000,18.000000,1.000000,1.000000,19.000000,18.000000,50.059828,98.869108,73.987078,73.926350,3.000000
2026-05-10T08:40:16.225830452Z,0,per_hit,raw_percent_of_host,api-node1,api-node2,1,0,1,0.000000,0.000000,0.000000,0.000000,100.000000,100.000000,18.000000,19.000000,1.000000,1.000000,18.000000,19.000000,50.059828,98.869108,74.038339,73.869400,3.000000
2026-05-10T08:40:16.275336146Z,0,per_hit,raw_percent_of_host,api-node1,api-node2,0,1,1,100.000000,0.000000,100.000000,0.000000,100.000000,100.000000,14.000000,17.000000,12.000000,1.000000,14.000000,17.000000,242.486747,98.869108,48.710928,73.983572,3.000000
2026-05-10T08:40:16.325421876Z,0,per_hit,raw_percent_of_host,api-node1,api-node2,0,1,1,100.000000,0.000000,100.000000,0.000000,100.000000,100.000000,14.000000,17.000000,12.000000,1.000000,14.000000,17.000000,242.486747,98.869108,48.710928,73.983572,3.000000
2026-05-10T08:40:16.375771396Z,0,per_hit,raw_percent_of_host,api-node1,api-node2,0,1,1,100.000000,56.963778,100.000000,56.963778,100.000000,100.000000,1.000000,12.000000,12.000000,9.000000,1.000000,12.000000,242.486747,343.905272,49.903293,57.804736,3.000000
2026-05-10T08:40:16.425466296Z,0,per_hit,raw_percent_of_host,api-node1,api-node2,0,1,1,92.689097,56.963778,92.689097,56.963778,100.000000,100.000000,0.000000,12.000000,1.000000,9.000000,0.000000,12.000000,50.041342,343.905272,50.000000,57.804736,3.000000
2026-05-10T08:40:16.476289039Z,0,per_hit,raw_percent_of_host,api-node1,api-node2,0,1,1,92.689097,56.963778,92.689097,56.963778,100.000000,100.000000,0.000000,11.000000,1.000000,9.000000,0.000000,11.000000,50.041342,343.905272,50.000000,57.804736,3.000000
2026-05-10T08:40:16.525403119Z,0,per_hit,raw_percent_of_host,api-node1,api-node2,0,1,1,92.689097,56.963778,92.689097,56.963778,100.000000,100.000000,0.000000,11.000000,1.000000,9.000000,0.000000,11.000000,50.041342,343.905272,50.000000,57.804736,3.000000
2026-05-10T08:40:16.575924953Z,0,per_hit,raw_percent_of_host,api-node1,api-node2,0,1,1,92.689097,54.264727,92.689097,54.264727,100.000000,100.000000,0.000000,2.000000,1.000000,6.000000,0.000000,2.000000,50.041342,219.924491,50.000000,64.003775,3.000000
2026-05-10T08:40:16.625686008Z,0,per_hit,raw_percent_of_host,api-node1,api-node2,1,0,1,0.000000,54.264727,0.000000,54.264727,100.000000,100.000000,1.000000,1.000000,1.000000,6.000000,1.000000,1.000000,50.041342,219.924491,74.944563,64.003775,3.000000
2026-05-10T08:40:16.675245663Z,0,per_hit,raw_percent_of_host,api-node1,api-node2,0,1,1,31.503809,0.000000,31.503809,0.000000,100.000000,100.000000,1.000000,0.000000,2.000000,1.000000,1.000000,0.000000,50.041342,78.927051,72.021102,75.000000,3.000000
2026-05-10T08:40:16.975683653Z,0,per_hit,raw_percent_of_host,api-node1,api-node2,1,0,1,0.000000,0.000000,0.000000,0.000000,100.000000,100.000000,7.000000,18.000000,1.000000,1.000000,7.000000,18.000000,50.048259,78.927051,74.617027,73.975113,3.000000
2026-05-10T08:40:17.026228327Z,0,per_hit,raw_percent_of_host,api-node1,api-node2,1,0,1,0.000000,0.000000,0.000000,0.000000,100.000000,100.000000,10.000000,18.000000,1.000000,1.000000,10.000000,18.000000,50.048259,78.927051,74.456465,73.975113,3.000000
2026-05-10T08:40:17.075232632Z,0,per_hit,raw_percent_of_host,api-node1,api-node2,1,0,1,0.000000,0.000000,0.000000,0.000000,100.000000,100.000000,16.000000,21.000000,1.000000,1.000000,16.000000,21.000000,50.048259,78.927051,74.141542,73.812413,3.000000
2026-05-10T08:40:17.125787207Z,0,per_hit,raw_percent_of_host,api-node1,api-node2,1,0,1,0.000000,0.000000,0.000000,0.000000,100.000000,100.000000,15.000000,21.000000,1.000000,1.000000,15.000000,21.000000,50.048259,78.927051,74.193465,73.812413,3.000000
2026-05-10T08:40:17.17561677Z,0,per_hit,raw_percent_of_host,api-node1,api-node2,0,1,1,95.526312,0.000000,95.526312,0.000000,100.000000,100.000000,14.000000,20.000000,7.000000,1.000000,14.000000,20.000000,141.418840,78.927051,49.060607,73.866401,3.000000
2026-05-10T08:40:17.225241094Z,0,per_hit,raw_percent_of_host,api-node1,api-node2,0,1,1,95.526312,0.000000,95.526312,0.000000,100.000000,100.000000,13.000000,21.000000,7.000000,1.000000,13.000000,21.000000,141.418840,78.927051,49.125359,73.812413,3.000000
2026-05-10T08:40:17.275447587Z,0,per_hit,raw_percent_of_host,api-node1,api-node2,0,1,1,95.526312,0.000000,95.526312,0.000000,100.000000,100.000000,12.000000,19.000000,7.000000,1.000000,12.000000,19.000000,141.418840,78.927051,49.190461,73.920633,3.000000
2026-05-10T08:40:17.325376381Z,0,per_hit,raw_percent_of_host,api-node1,api-node2,0,1,1,95.526312,0.000000,95.526312,0.000000,100.000000,100.000000,2.000000,19.000000,7.000000,1.000000,2.000000,19.000000,141.418840,78.927051,49.861335,73.920633,3.000000
2026-05-10T08:40:17.375945388Z,0,per_hit,raw_percent_of_host,api-node1,api-node2,0,1,1,95.526312,0.000000,95.526312,0.000000,100.000000,100.000000,0.000000,19.000000,7.000000,1.000000,0.000000,19.000000,141.418840,78.927051,50.000000,73.920633,3.000000
2026-05-10T08:40:17.426088403Z,0,per_hit,raw_percent_of_host,api-node1,api-node2,0,1,1,95.526312,0.000000,95.526312,0.000000,100.000000,100.000000,0.000000,19.000000,7.000000,1.000000,0.000000,19.000000,141.418840,78.927051,50.000000,73.920633,3.000000
2026-05-10T08:40:17.47574365Z,0,per_hit,raw_percent_of_host,api-node1,api-node2,0,1,1,95.526312,0.000000,95.526312,0.000000,100.000000,100.000000,0.000000,18.000000,7.000000,1.000000,0.000000,18.000000,141.418840,78.927051,50.000000,73.975113,3.000000
2026-05-10T08:40:17.525871624Z,0,per_hit,raw_percent_of_host,api-node1,api-node2,0,1,1,95.526312,0.000000,95.526312,0.000000,100.000000,100.000000,0.000000,18.000000,7.000000,1.000000,0.000000,18.000000,141.418840,78.927051,50.000000,73.975113,3.000000
2026-05-10T08:40:17.575542114Z,0,per_hit,raw_percent_of_host,api-node1,api-node2,1,0,1,50.967558,52.919659,50.967558,52.919659,100.000000,100.000000,0.000000,13.000000,1.000000,13.000000,0.000000,13.000000,50.220435,550.462169,72.019103,49.210882,3.000000
2026-05-10T08:40:17.625717706Z,0,per_hit,raw_percent_of_host,api-node1,api-node2,1,0,1,50.967558,52.919659,50.967558,52.919659,100.000000,100.000000,0.000000,13.000000,1.000000,13.000000,0.000000,13.000000,50.220435,550.462169,72.019103,49.210882,3.000000
2026-05-10T08:40:17.676089232Z,0,per_hit,raw_percent_of_host,api-node1,api-node2,1,0,1,0.000000,56.707847,0.000000,56.707847,100.000000,100.000000,0.000000,2.000000,1.000000,3.000000,0.000000,2.000000,50.220435,121.573796,75.000000,68.921310,3.000000
2026-05-10T08:40:17.726242408Z,0,per_hit,raw_percent_of_host,api-node1,api-node2,1,0,1,0.000000,56.707847,0.000000,56.707847,100.000000,100.000000,0.000000,2.000000,1.000000,3.000000,0.000000,2.000000,50.220435,121.573796,75.000000,68.921310,3.000000
2026-05-10T08:40:17.976313706Z,0,per_hit,raw_percent_of_host,api-node1,api-node2,0,1,1,0.000000,0.000000,0.000000,0.000000,100.000000,100.000000,15.000000,10.000000,1.000000,1.000000,15.000000,10.000000,50.220435,59.379341,74.193166,74.445210,3.000000
2026-05-10T08:40:18.025846905Z,0,per_hit,raw_percent_of_host,api-node1,api-node2,0,1,1,0.000000,0.000000,0.000000,0.000000,100.000000,100.000000,17.000000,11.000000,1.000000,1.000000,17.000000,11.000000,50.220435,59.379341,74.089506,74.391082,3.000000
2026-05-10T08:40:18.075362154Z,0,per_hit,raw_percent_of_host,api-node1,api-node2,0,1,1,0.000000,0.000000,0.000000,0.000000,100.000000,100.000000,23.000000,16.000000,1.000000,1.000000,23.000000,16.000000,50.220435,59.379341,73.783788,74.123999,3.000000
2026-05-10T08:40:18.12612233Z,0,per_hit,raw_percent_of_host,api-node1,api-node2,0,1,1,0.000000,0.000000,0.000000,0.000000,100.000000,100.000000,23.000000,16.000000,1.000000,1.000000,23.000000,16.000000,50.220435,59.379341,73.783788,74.123999,3.000000
2026-05-10T08:40:18.176227747Z,0,per_hit,raw_percent_of_host,api-node1,api-node2,0,1,1,0.000000,0.000000,0.000000,0.000000,100.000000,100.000000,22.000000,15.000000,1.000000,1.000000,22.000000,15.000000,50.220435,59.379341,73.834201,74.176947,3.000000
2026-05-10T08:40:18.225848853Z,0,per_hit,raw_percent_of_host,api-node1,api-node2,0,1,1,0.000000,0.000000,0.000000,0.000000,100.000000,100.000000,22.000000,16.000000,1.000000,1.000000,22.000000,16.000000,50.220435,59.379341,73.834201,74.123999,3.000000
2026-05-10T08:40:18.27525898Z,0,per_hit,raw_percent_of_host,api-node1,api-node2,0,1,1,94.624111,59.296009,94.624111,59.296009,100.000000,100.000000,21.000000,11.000000,14.000000,8.000000,21.000000,11.000000,282.817513,271.425029,48.271989,61.428749,3.000000
2026-05-10T08:40:18.325382164Z,0,per_hit,raw_percent_of_host,api-node1,api-node2,0,1,1,94.624111,59.296009,94.624111,59.296009,100.000000,100.000000,17.000000,11.000000,14.000000,8.000000,17.000000,11.000000,282.817513,271.425029,48.582471,61.428749,3.000000
2026-05-10T08:40:18.375523662Z,0,per_hit,raw_percent_of_host,api-node1,api-node2,0,1,1,94.624111,59.296009,94.624111,59.296009,100.000000,100.000000,12.000000,11.000000,14.000000,8.000000,12.000000,11.000000,282.817513,271.425029,48.982421,61.428749,3.000000
2026-05-10T08:40:18.425689329Z,0,per_hit,raw_percent_of_host,api-node1,api-node2,0,1,1,94.624111,59.296009,94.624111,59.296009,100.000000,100.000000,12.000000,11.000000,14.000000,8.000000,12.000000,11.000000,282.817513,271.425029,48.982421,61.428749,3.000000
2026-05-10T08:40:18.475252851Z,0,per_hit,raw_percent_of_host,api-node1,api-node2,0,1,1,98.556396,54.379338,98.556396,54.379338,100.000000,100.000000,0.000000,2.000000,8.000000,6.000000,0.000000,2.000000,161.568750,219.728096,50.000000,64.013595,3.000000
2026-05-10T08:40:18.526060533Z,0,per_hit,raw_percent_of_host,api-node1,api-node2,1,0,1,32.862326,54.379338,32.862326,54.379338,100.000000,100.000000,0.000000,2.000000,1.000000,6.000000,0.000000,2.000000,50.089520,219.728096,71.812370,64.013595,3.000000
2026-05-10T08:40:18.675380461Z,0,per_hit,raw_percent_of_host,api-node1,api-node2,1,0,1,0.000000,20.058749,0.000000,20.058749,100.000000,100.000000,0.000000,1.000000,1.000000,2.000000,0.000000,1.000000,50.089520,79.453090,75.000000,74.940695,3.000000
2026-05-10T08:40:18.976127969Z,0,per_hit,raw_percent_of_host,api-node1,api-node2,0,1,1,0.000000,0.000000,0.000000,0.000000,100.000000,100.000000,13.000000,12.000000,1.000000,1.000000,13.000000,12.000000,50.089520,50.075961,74.297920,74.350543,3.000000
2026-05-10T08:40:19.025457276Z,0,per_hit,raw_percent_of_host,api-node1,api-node2,0,1,1,0.000000,0.000000,0.000000,0.000000,100.000000,100.000000,14.000000,14.000000,1.000000,1.000000,14.000000,14.000000,50.089520,50.075961,74.245544,74.245566,3.000000
2026-05-10T08:40:19.075254302Z,0,per_hit,raw_percent_of_host,api-node1,api-node2,1,0,1,0.000000,0.000000,0.000000,0.000000,100.000000,100.000000,19.000000,21.000000,1.000000,1.000000,19.000000,21.000000,50.089520,50.075961,73.987013,73.885171,3.000000
2026-05-10T08:40:19.12541085Z,0,per_hit,raw_percent_of_host,api-node1,api-node2,1,0,1,0.000000,0.000000,0.000000,0.000000,100.000000,100.000000,19.000000,21.000000,1.000000,1.000000,19.000000,21.000000,50.089520,50.075961,73.987013,73.885171,3.000000
2026-05-10T08:40:19.176104783Z,0,per_hit,raw_percent_of_host,api-node1,api-node2,1,0,1,0.000000,0.000000,0.000000,0.000000,100.000000,100.000000,19.000000,20.000000,1.000000,1.000000,19.000000,20.000000,50.089520,50.075961,73.987013,73.935998,3.000000
2026-05-10T08:40:19.226026758Z,0,per_hit,raw_percent_of_host,api-node1,api-node2,0,1,1,95.249323,0.000000,95.249323,0.000000,100.000000,100.000000,18.000000,20.000000,12.000000,1.000000,18.000000,20.000000,240.123397,50.075961,48.380576,73.935998,3.000000
2026-05-10T08:40:19.275929275Z,0,per_hit,raw_percent_of_host,api-node1,api-node2,0,1,1,95.249323,0.000000,95.249323,0.000000,100.000000,100.000000,14.000000,18.000000,12.000000,1.000000,14.000000,18.000000,240.123397,50.075961,48.722052,74.038305,3.000000
2026-05-10T08:40:19.32570569Z,0,per_hit,raw_percent_of_host,api-node1,api-node2,0,1,1,95.249323,0.000000,95.249323,0.000000,100.000000,100.000000,13.000000,18.000000,12.000000,1.000000,13.000000,18.000000,240.123397,50.075961,48.808985,74.038305,3.000000
2026-05-10T08:40:19.376012448Z,0,per_hit,raw_percent_of_host,api-node1,api-node2,0,1,1,95.249323,54.321372,95.249323,54.321372,100.000000,100.000000,1.000000,13.000000,12.000000,9.000000,1.000000,13.000000,240.123397,342.113298,49.904169,57.894335,3.000000
2026-05-10T08:40:19.42568436Z,0,per_hit,raw_percent_of_host,api-node1,api-node2,0,1,1,93.647573,54.321372,93.647573,54.321372,100.000000,100.000000,0.000000,13.000000,2.000000,9.000000,0.000000,13.000000,50.033909,342.113298,50.000000,57.894335,3.000000
2026-05-10T08:40:19.475879387Z,0,per_hit,raw_percent_of_host,api-node1,api-node2,0,1,1,93.647573,54.321372,93.647573,54.321372,100.000000,100.000000,0.000000,13.000000,2.000000,9.000000,0.000000,13.000000,50.033909,342.113298,50.000000,57.894335,3.000000
2026-05-10T08:40:19.52602161Z,0,per_hit,raw_percent_of_host,api-node1,api-node2,0,1,1,93.647573,54.321372,93.647573,54.321372,100.000000,100.000000,0.000000,13.000000,2.000000,9.000000,0.000000,13.000000,50.033909,342.113298,50.000000,57.894335,3.000000
2026-05-10T08:40:19.576026847Z,0,per_hit,raw_percent_of_host,api-node1,api-node2,0,1,1,93.647573,54.321372,93.647573,54.321372,100.000000,100.000000,0.000000,12.000000,2.000000,9.000000,0.000000,12.000000,50.033909,342.113298,50.000000,57.894335,3.000000
2026-05-10T08:40:19.626172301Z,0,per_hit,raw_percent_of_host,api-node1,api-node2,0,1,1,93.647573,54.321372,93.647573,54.321372,100.000000,100.000000,0.000000,12.000000,2.000000,9.000000,0.000000,12.000000,50.033909,342.113298,50.000000,57.894335,3.000000
2026-05-10T08:40:19.675932585Z,0,per_hit,raw_percent_of_host,api-node1,api-node2,1,0,1,3.862752,54.805536,3.862752,54.805536,100.000000,100.000000,0.000000,1.000000,1.000000,2.000000,0.000000,1.000000,50.022762,84.308235,75.000000,70.784588,3.000000
2026-05-10T08:40:19.725445827Z,0,per_hit,raw_percent_of_host,api-node1,api-node2,1,0,1,0.000000,54.805536,0.000000,54.805536,100.000000,100.000000,0.000000,1.000000,1.000000,2.000000,0.000000,1.000000,50.022762,84.308235,75.000000,70.784588,3.000000
2026-05-10T08:40:19.975524958Z,0,per_hit,raw_percent_of_host,api-node1,api-node2,0,1,1,0.000000,0.000000,0.000000,0.000000,100.000000,100.000000,14.000000,11.000000,1.000000,1.000000,14.000000,11.000000,50.022762,76.344449,74.245653,74.367315,3.000000
2026-05-10T08:40:20.026168299Z,0,per_hit,raw_percent_of_host,api-node1,api-node2,0,1,1,0.000000,0.000000,0.000000,0.000000,100.000000,100.000000,15.000000,13.000000,1.000000,1.000000,15.000000,13.000000,50.022762,76.344449,74.193509,74.255706,3.000000
2026-05-10T08:40:20.076205461Z,0,per_hit,raw_percent_of_host,api-node1,api-node2,1,0,1,0.000000,0.000000,0.000000,0.000000,100.000000,100.000000,20.000000,21.000000,1.000000,1.000000,20.000000,21.000000,50.022762,76.344449,73.936119,73.819311,3.000000
2026-05-10T08:40:20.125325889Z,0,per_hit,raw_percent_of_host,api-node1,api-node2,1,0,1,0.000000,0.000000,0.000000,0.000000,100.000000,100.000000,20.000000,21.000000,1.000000,1.000000,20.000000,21.000000,50.022762,76.344449,73.936119,73.819311,3.000000
2026-05-10T08:40:20.176156054Z,0,per_hit,raw_percent_of_host,api-node1,api-node2,1,0,1,0.000000,0.000000,0.000000,0.000000,100.000000,100.000000,20.000000,20.000000,1.000000,1.000000,20.000000,20.000000,50.022762,76.344449,73.936119,73.873000,3.000000
2026-05-10T08:40:20.226002518Z,0,per_hit,raw_percent_of_host,api-node1,api-node2,1,0,1,0.000000,0.000000,0.000000,0.000000,100.000000,100.000000,19.000000,21.000000,1.000000,1.000000,19.000000,21.000000,50.022762,76.344449,73.987158,73.819311,3.000000
2026-05-10T08:40:20.276051725Z,0,per_hit,raw_percent_of_host,api-node1,api-node2,1,0,1,0.000000,61.850085,0.000000,61.850085,100.000000,100.000000,15.000000,20.000000,1.000000,9.000000,15.000000,20.000000,50.022762,283.257514,74.193509,59.458773,3.000000
2026-05-10T08:40:20.326188549Z,0,per_hit,raw_percent_of_host,api-node1,api-node2,1,0,1,0.000000,61.850085,0.000000,61.850085,100.000000,100.000000,15.000000,20.000000,1.000000,9.000000,15.000000,20.000000,50.022762,283.257514,74.193509,59.458773,3.000000
2026-05-10T08:40:20.375306567Z,0,per_hit,raw_percent_of_host,api-node1,api-node2,1,0,1,0.000000,61.850085,0.000000,61.850085,100.000000,100.000000,15.000000,20.000000,1.000000,9.000000,15.000000,20.000000,50.022762,283.257514,74.193509,59.458773,3.000000
2026-05-10T08:40:20.425696615Z,0,per_hit,raw_percent_of_host,api-node1,api-node2,0,1,1,83.936779,61.850085,83.936779,61.850085,100.000000,100.000000,0.000000,15.000000,1.000000,9.000000,0.000000,15.000000,50.043062,283.257514,50.000000,59.793325,3.000000
2026-05-10T08:40:20.475721814Z,0,per_hit,raw_percent_of_host,api-node1,api-node2,0,1,1,83.936779,61.850085,83.936779,61.850085,100.000000,100.000000,0.000000,14.000000,1.000000,9.000000,0.000000,14.000000,50.043062,283.257514,50.000000,59.861016,3.000000
2026-05-10T08:40:20.525885365Z,0,per_hit,raw_percent_of_host,api-node1,api-node2,0,1,1,83.936779,61.850085,83.936779,61.850085,100.000000,100.000000,0.000000,14.000000,1.000000,9.000000,0.000000,14.000000,50.043062,283.257514,50.000000,59.861016,3.000000
2026-05-10T08:40:20.576045052Z,0,per_hit,raw_percent_of_host,api-node1,api-node2,0,1,1,83.936779,61.850085,83.936779,61.850085,100.000000,100.000000,0.000000,14.000000,1.000000,9.000000,0.000000,14.000000,50.043062,283.257514,50.000000,59.861016,3.000000
2026-05-10T08:40:20.626198865Z,0,per_hit,raw_percent_of_host,api-node1,api-node2,0,1,1,83.936779,61.850085,83.936779,61.850085,100.000000,100.000000,0.000000,14.000000,1.000000,9.000000,0.000000,14.000000,50.043062,283.257514,50.000000,59.861016,3.000000
2026-05-10T08:40:20.676104368Z,0,per_hit,raw_percent_of_host,api-node1,api-node2,0,1,1,83.936779,47.279506,83.936779,47.279506,100.000000,100.000000,1.000000,1.000000,1.000000,7.000000,1.000000,1.000000,50.043062,300.131519,49.937492,59.993424,3.000000
2026-05-10T08:40:20.725790101Z,0,per_hit,raw_percent_of_host,api-node1,api-node2,1,0,1,14.315392,47.279506,14.315392,47.279506,100.000000,100.000000,0.000000,1.000000,2.000000,7.000000,0.000000,1.000000,50.043062,300.131519,75.000000,59.993424,3.000000
2026-05-10T08:40:20.975706605Z,0,per_hit,raw_percent_of_host,api-node1,api-node2,1,0,1,0.000000,0.000000,0.000000,0.000000,100.000000,100.000000,13.000000,12.000000,1.000000,1.000000,13.000000,12.000000,50.057560,98.724510,74.297969,74.274092,3.000000
2026-05-10T08:40:21.025581548Z,0,per_hit,raw_percent_of_host,api-node1,api-node2,0,1,1,0.000000,0.000000,0.000000,0.000000,100.000000,100.000000,15.000000,13.000000,1.000000,1.000000,15.000000,13.000000,50.057560,98.724510,74.193449,74.215498,3.000000
2026-05-10T08:40:21.075532357Z,0,per_hit,raw_percent_of_host,api-node1,api-node2,0,1,1,65.948061,63.990608,65.948061,63.990608,100.000000,100.000000,24.000000,18.000000,5.000000,6.000000,24.000000,18.000000,50.057560,98.724510,66.342301,68.036834,3.000000
2026-05-10T08:40:21.125999757Z,0,per_hit,raw_percent_of_host,api-node1,api-node2,0,1,1,65.948061,63.990608,65.948061,63.990608,100.000000,100.000000,24.000000,18.000000,5.000000,6.000000,24.000000,18.000000,50.057560,98.724510,66.342301,68.036834,3.000000
2026-05-10T08:40:21.17569357Z,0,per_hit,raw_percent_of_host,api-node1,api-node2,0,1,1,65.948061,63.990608,65.948061,63.990608,100.000000,100.000000,23.000000,16.000000,5.000000,6.000000,23.000000,16.000000,50.057560,98.724510,66.439837,68.215520,3.000000
2026-05-10T08:40:21.225922224Z,0,per_hit,raw_percent_of_host,api-node1,api-node2,0,1,1,65.948061,63.990608,65.948061,63.990608,100.000000,100.000000,23.000000,16.000000,5.000000,6.000000,23.000000,16.000000,50.057560,98.724510,66.439837,68.215520,3.000000
2026-05-10T08:40:21.275618718Z,0,per_hit,raw_percent_of_host,api-node1,api-node2,0,1,1,65.948061,63.990608,65.948061,63.990608,100.000000,100.000000,19.000000,14.000000,5.000000,6.000000,19.000000,14.000000,50.057560,98.724510,66.834629,68.395696,3.000000
2026-05-10T08:40:21.325782378Z,0,per_hit,raw_percent_of_host,api-node1,api-node2,0,1,1,65.948061,63.990608,65.948061,63.990608,100.000000,100.000000,19.000000,14.000000,5.000000,6.000000,19.000000,14.000000,50.057560,98.724510,66.834629,68.395696,3.000000
2026-05-10T08:40:21.375820738Z,0,per_hit,raw_percent_of_host,api-node1,api-node2,0,1,1,99.031845,63.990608,99.031845,63.990608,100.000000,100.000000,19.000000,10.000000,15.000000,6.000000,19.000000,10.000000,222.382243,98.724510,48.398612,68.760592,3.000000
2026-05-10T08:40:21.425685094Z,0,per_hit,raw_percent_of_host,api-node1,api-node2,0,1,1,99.031845,63.990608,99.031845,63.990608,100.000000,100.000000,18.000000,10.000000,15.000000,6.000000,18.000000,10.000000,222.382243,98.724510,48.477764,68.760592,3.000000
2026-05-10T08:40:21.475506408Z,0,per_hit,raw_percent_of_host,api-node1,api-node2,0,1,1,98.056816,41.676736,98.056816,41.676736,100.000000,100.000000,1.000000,9.000000,2.000000,7.000000,1.000000,9.000000,50.203675,59.571489,49.944543,69.999213,3.000000
2026-05-10T08:40:21.526182558Z,0,per_hit,raw_percent_of_host,api-node1,api-node2,0,1,1,98.056816,41.676736,98.056816,41.676736,100.000000,100.000000,0.000000,9.000000,2.000000,7.000000,0.000000,9.000000,50.203675,59.571489,50.000000,69.999213,3.000000
2026-05-10T08:40:21.625925409Z,0,per_hit,raw_percent_of_host,api-node1,api-node2,1,0,1,0.000000,0.000000,0.000000,0.000000,100.000000,100.000000,0.000000,1.000000,1.000000,1.000000,0.000000,1.000000,50.042627,80.667662,75.000000,74.940523,3.000000
2026-05-10T08:40:21.675761534Z,0,per_hit,raw_percent_of_host,api-node1,api-node2,1,0,1,0.000000,39.518695,0.000000,39.518695,100.000000,100.000000,0.000000,1.000000,1.000000,2.000000,0.000000,1.000000,50.042627,80.667662,75.000000,68.052928,3.000000
2026-05-10T08:40:21.975862782Z,0,per_hit,raw_percent_of_host,api-node1,api-node2,0,1,1,0.000000,0.000000,0.000000,0.000000,100.000000,100.000000,14.000000,11.000000,1.000000,1.000000,14.000000,11.000000,50.042627,50.067689,74.245620,74.403383,3.000000
2026-05-10T08:40:22.025867075Z,0,per_hit,raw_percent_of_host,api-node1,api-node2,1,0,1,0.000000,0.000000,0.000000,0.000000,100.000000,100.000000,14.000000,14.000000,1.000000,1.000000,14.000000,14.000000,50.042627,50.067689,74.245620,74.245580,3.000000
2026-05-10T08:40:22.075908218Z,0,per_hit,raw_percent_of_host,api-node1,api-node2,1,0,1,0.000000,0.000000,0.000000,0.000000,100.000000,100.000000,19.000000,21.000000,1.000000,1.000000,19.000000,21.000000,50.042627,50.067689,73.987115,73.885190,3.000000
2026-05-10T08:40:22.126183526Z,0,per_hit,raw_percent_of_host,api-node1,api-node2,0,1,1,71.998685,0.000000,71.998685,0.000000,100.000000,100.000000,20.000000,22.000000,9.000000,1.000000,20.000000,22.000000,50.042627,50.067689,56.252996,73.834579,3.000000
2026-05-10T08:40:22.176009409Z,0,per_hit,raw_percent_of_host,api-node1,api-node2,0,1,1,71.998685,0.000000,71.998685,0.000000,100.000000,100.000000,20.000000,20.000000,9.000000,1.000000,20.000000,20.000000,50.042627,50.067689,56.252996,73.936017,3.000000
2026-05-10T08:40:22.225248344Z,0,per_hit,raw_percent_of_host,api-node1,api-node2,0,1,1,71.998685,0.000000,71.998685,0.000000,100.000000,100.000000,19.000000,20.000000,9.000000,1.000000,19.000000,20.000000,50.042627,50.067689,56.350961,73.936017,3.000000
2026-05-10T08:40:22.276089034Z,0,per_hit,raw_percent_of_host,api-node1,api-node2,0,1,1,71.998685,0.000000,71.998685,0.000000,100.000000,100.000000,16.000000,19.000000,9.000000,1.000000,16.000000,19.000000,50.042627,50.067689,56.648576,73.987061,3.000000
2026-05-10T08:40:22.325850027Z,0,per_hit,raw_percent_of_host,api-node1,api-node2,0,1,1,71.998685,0.000000,71.998685,0.000000,100.000000,100.000000,15.000000,19.000000,9.000000,1.000000,15.000000,19.000000,50.042627,50.067689,56.749041,73.987061,3.000000
2026-05-10T08:40:22.375456145Z,0,per_hit,raw_percent_of_host,api-node1,api-node2,0,1,1,98.796565,0.000000,98.796565,0.000000,100.000000,100.000000,8.000000,16.000000,13.000000,1.000000,8.000000,16.000000,260.969074,50.067689,49.256420,74.141506,3.000000
2026-05-10T08:40:22.426047894Z,0,per_hit,raw_percent_of_host,api-node1,api-node2,0,1,1,98.796565,0.000000,98.796565,0.000000,100.000000,100.000000,0.000000,16.000000,13.000000,1.000000,0.000000,16.000000,260.969074,50.067689,50.000000,74.141506,3.000000
2026-05-10T08:40:22.4755654Z,0,per_hit,raw_percent_of_host,api-node1,api-node2,0,1,1,98.796565,0.000000,98.796565,0.000000,100.000000,100.000000,0.000000,15.000000,13.000000,1.000000,0.000000,15.000000,260.969074,50.067689,50.000000,74.193431,3.000000
2026-05-10T08:40:22.525713493Z,0,per_hit,raw_percent_of_host,api-node1,api-node2,0,1,1,98.796565,0.000000,98.796565,0.000000,100.000000,100.000000,0.000000,15.000000,13.000000,1.000000,0.000000,15.000000,260.969074,50.067689,50.000000,74.193431,3.000000
2026-05-10T08:40:22.576103429Z,0,per_hit,raw_percent_of_host,api-node1,api-node2,0,1,1,98.796565,0.000000,98.796565,0.000000,100.000000,100.000000,0.000000,13.000000,13.000000,1.000000,0.000000,13.000000,260.969074,50.067689,50.000000,74.297954,3.000000
2026-05-10T08:40:22.626264921Z,0,per_hit,raw_percent_of_host,api-node1,api-node2,0,1,1,98.796565,0.000000,98.796565,0.000000,100.000000,100.000000,0.000000,13.000000,13.000000,1.000000,0.000000,13.000000,260.969074,50.067689,50.000000,74.297954,3.000000
2026-05-10T08:40:22.675646117Z,0,per_hit,raw_percent_of_host,api-node1,api-node2,0,1,1,98.796565,55.378593,98.796565,55.378593,100.000000,100.000000,1.000000,1.000000,13.000000,13.000000,1.000000,1.000000,260.969074,59.439849,49.904569,71.988373,3.000000
2026-05-10T08:40:22.976088309Z,0,per_hit,raw_percent_of_host,api-node1,api-node2,1,0,1,19.160468,0.000000,19.160468,0.000000,100.000000,100.000000,10.000000,15.000000,1.000000,1.000000,10.000000,15.000000,50.094344,50.049784,74.456410,74.193462,3.000000
2026-05-10T08:40:23.025983074Z,0,per_hit,raw_percent_of_host,api-node1,api-node2,1,0,1,19.160468,0.000000,19.160468,0.000000,100.000000,100.000000,11.000000,17.000000,1.000000,1.000000,11.000000,17.000000,50.094344,50.049784,74.403349,74.089839,3.000000
2026-05-10T08:40:23.075291614Z,0,per_hit,raw_percent_of_host,api-node1,api-node2,1,0,1,19.160468,0.000000,19.160468,0.000000,100.000000,100.000000,18.000000,21.000000,1.000000,1.000000,18.000000,21.000000,50.094344,50.049784,74.038268,73.885232,3.000000
2026-05-10T08:40:23.125653511Z,0,per_hit,raw_percent_of_host,api-node1,api-node2,1,0,1,19.160468,0.000000,19.160468,0.000000,100.000000,100.000000,20.000000,22.000000,1.000000,1.000000,20.000000,22.000000,50.094344,50.049784,73.935957,73.834623,3.000000
2026-05-10T08:40:23.17616022Z,0,per_hit,raw_percent_of_host,api-node1,api-node2,1,0,1,19.160468,0.000000,19.160468,0.000000,100.000000,100.000000,19.000000,21.000000,1.000000,1.000000,19.000000,21.000000,50.094344,50.049784,73.987003,73.885232,3.000000
2026-05-10T08:40:23.225384353Z,0,per_hit,raw_percent_of_host,api-node1,api-node2,1,0,1,19.160468,0.000000,19.160468,0.000000,100.000000,100.000000,15.000000,22.000000,1.000000,1.000000,15.000000,22.000000,50.094344,50.049784,74.193385,73.834623,3.000000
2026-05-10T08:40:23.275931153Z,0,per_hit,raw_percent_of_host,api-node1,api-node2,1,0,1,19.160468,53.296205,19.160468,53.296205,100.000000,100.000000,15.000000,21.000000,1.000000,10.000000,15.000000,21.000000,50.094344,59.608868,74.193385,71.787210,3.000000
2026-05-10T08:40:23.325595097Z,0,per_hit,raw_percent_of_host,api-node1,api-node2,1,0,1,19.160468,53.296205,19.160468,53.296205,100.000000,100.000000,14.000000,21.000000,1.000000,10.000000,14.000000,21.000000,50.094344,59.608868,74.245536,71.787210,3.000000
2026-05-10T08:40:23.375626678Z,0,per_hit,raw_percent_of_host,api-node1,api-node2,1,0,1,19.160468,53.296205,19.160468,53.296205,100.000000,100.000000,14.000000,19.000000,1.000000,10.000000,14.000000,19.000000,50.094344,59.608868,74.245536,71.787210,3.000000
2026-05-10T08:40:23.426296046Z,0,per_hit,raw_percent_of_host,api-node1,api-node2,0,1,1,97.346210,53.296205,97.346210,53.296205,100.000000,100.000000,0.000000,19.000000,6.000000,10.000000,0.000000,19.000000,123.164045,59.608868,50.000000,71.787210,3.000000
2026-05-10T08:40:23.476257669Z,0,per_hit,raw_percent_of_host,api-node1,api-node2,0,1,1,97.346210,53.296205,97.346210,53.296205,100.000000,100.000000,0.000000,14.000000,6.000000,10.000000,0.000000,14.000000,123.164045,59.608868,50.000000,71.787210,3.000000
2026-05-10T08:40:23.52541196Z,0,per_hit,raw_percent_of_host,api-node1,api-node2,0,1,1,97.346210,53.296205,97.346210,53.296205,100.000000,100.000000,0.000000,14.000000,6.000000,10.000000,0.000000,14.000000,123.164045,59.608868,50.000000,71.787210,3.000000
2026-05-10T08:40:23.575554457Z,0,per_hit,raw_percent_of_host,api-node1,api-node2,0,1,1,97.346210,53.296205,97.346210,53.296205,100.000000,100.000000,0.000000,14.000000,6.000000,10.000000,0.000000,14.000000,123.164045,59.608868,50.000000,71.787210,3.000000
2026-05-10T08:40:23.6253906Z,0,per_hit,raw_percent_of_host,api-node1,api-node2,0,1,1,97.346210,53.296205,97.346210,53.296205,100.000000,100.000000,0.000000,14.000000,6.000000,10.000000,0.000000,14.000000,123.164045,59.608868,50.000000,71.787210,3.000000
2026-05-10T08:40:23.675512787Z,0,per_hit,raw_percent_of_host,api-node1,api-node2,0,1,1,97.346210,52.015724,97.346210,52.015724,100.000000,100.000000,0.000000,3.000000,6.000000,10.000000,0.000000,3.000000,123.164045,420.764924,50.000000,54.258357,3.000000
2026-05-10T08:40:23.725696994Z,0,per_hit,raw_percent_of_host,api-node1,api-node2,1,0,1,6.460008,52.015724,6.460008,52.015724,100.000000,100.000000,0.000000,3.000000,1.000000,10.000000,0.000000,3.000000,50.069897,420.764924,75.000000,54.258357,3.000000
2026-05-10T08:40:23.975407707Z,0,per_hit,raw_percent_of_host,api-node1,api-node2,0,1,1,0.000000,19.932575,0.000000,19.932575,100.000000,100.000000,20.000000,5.000000,1.000000,1.000000,20.000000,5.000000,50.069897,79.528591,73.936012,74.706208,3.000000
2026-05-10T08:40:24.025823454Z,0,per_hit,raw_percent_of_host,api-node1,api-node2,0,1,1,0.000000,19.932575,0.000000,19.932575,100.000000,100.000000,22.000000,6.000000,1.000000,1.000000,22.000000,6.000000,50.069897,79.528591,73.834573,74.648277,3.000000
2026-05-10T08:40:24.076016035Z,0,per_hit,raw_percent_of_host,api-node1,api-node2,1,0,1,0.000000,84.496867,0.000000,84.496867,100.000000,100.000000,28.000000,9.000000,1.000000,4.000000,28.000000,9.000000,50.069897,90.841881,73.535351,49.460795,3.000000
2026-05-10T08:40:24.125699989Z,0,per_hit,raw_percent_of_host,api-node1,api-node2,1,0,1,0.000000,84.496867,0.000000,84.496867,100.000000,100.000000,32.000000,11.000000,1.000000,4.000000,32.000000,11.000000,50.069897,90.841881,73.340008,49.344115,3.000000
2026-05-10T08:40:24.176094685Z,0,per_hit,raw_percent_of_host,api-node1,api-node2,1,0,1,0.000000,84.496867,0.000000,84.496867,100.000000,100.000000,32.000000,8.000000,1.000000,4.000000,32.000000,8.000000,50.069897,90.841881,73.340008,49.519555,3.000000
2026-05-10T08:40:24.226208562Z,0,per_hit,raw_percent_of_host,api-node1,api-node2,1,0,1,0.000000,84.496867,0.000000,84.496867,100.000000,100.000000,33.000000,8.000000,1.000000,4.000000,33.000000,8.000000,50.069897,90.841881,73.291678,49.519555,3.000000
2026-05-10T08:40:24.276262503Z,0,per_hit,raw_percent_of_host,api-node1,api-node2,1,0,1,0.000000,84.496867,0.000000,84.496867,100.000000,100.000000,32.000000,7.000000,1.000000,4.000000,32.000000,7.000000,50.069897,90.841881,73.340008,49.578599,3.000000
2026-05-10T08:40:24.325392014Z,0,per_hit,raw_percent_of_host,api-node1,api-node2,1,0,1,0.000000,84.496867,0.000000,84.496867,100.000000,100.000000,32.000000,7.000000,1.000000,4.000000,32.000000,7.000000,50.069897,90.841881,73.340008,49.578599,3.000000
2026-05-10T08:40:24.375956784Z,0,per_hit,raw_percent_of_host,api-node1,api-node2,0,1,1,98.982420,84.496867,98.982420,84.496867,100.000000,100.000000,31.000000,1.000000,19.000000,4.000000,31.000000,1.000000,385.803242,90.841881,48.140609,49.938917,3.000000
2026-05-10T08:40:24.426212285Z,0,per_hit,raw_percent_of_host,api-node1,api-node2,0,1,1,98.982420,50.024965,98.982420,50.024965,100.000000,100.000000,28.000000,0.000000,19.000000,1.000000,28.000000,0.000000,385.803242,50.048531,48.308375,71.929900,3.000000
2026-05-10T08:40:24.475449503Z,0,per_hit,raw_percent_of_host,api-node1,api-node2,0,1,1,98.982420,50.024965,98.982420,50.024965,100.000000,100.000000,18.000000,0.000000,19.000000,1.000000,18.000000,0.000000,385.803242,50.048531,48.885596,71.929900,3.000000
2026-05-10T08:40:24.525615608Z,0,per_hit,raw_percent_of_host,api-node1,api-node2,0,1,1,98.982420,50.024965,98.982420,50.024965,100.000000,100.000000,18.000000,0.000000,19.000000,1.000000,18.000000,0.000000,385.803242,50.048531,48.885596,71.929900,3.000000
2026-05-10T08:40:24.57579742Z,0,per_hit,raw_percent_of_host,api-node1,api-node2,0,1,1,98.982420,50.024965,98.982420,50.024965,100.000000,100.000000,18.000000,0.000000,19.000000,1.000000,18.000000,0.000000,385.803242,50.048531,48.885596,71.929900,3.000000
2026-05-10T08:40:24.625956478Z,0,per_hit,raw_percent_of_host,api-node1,api-node2,0,1,1,98.982420,50.024965,98.982420,50.024965,100.000000,100.000000,18.000000,0.000000,19.000000,1.000000,18.000000,0.000000,385.803242,50.048531,48.885596,71.929900,3.000000
2026-05-10T08:40:24.675767262Z,0,per_hit,raw_percent_of_host,api-node1,api-node2,0,1,1,100.000000,7.291996,100.000000,7.291996,100.000000,100.000000,0.000000,1.000000,2.000000,2.000000,0.000000,1.000000,50.053581,50.048531,50.000000,74.944562,3.000000
2026-05-10T08:40:24.726235767Z,0,per_hit,raw_percent_of_host,api-node1,api-node2,1,0,1,0.000000,0.000000,0.000000,0.000000,100.000000,100.000000,0.000000,1.000000,1.000000,1.000000,0.000000,1.000000,50.091659,50.049373,75.000000,74.944562,3.000000
2026-05-10T08:40:24.775683869Z,0,per_hit,raw_percent_of_host,api-node1,api-node2,1,0,1,0.000000,64.714251,0.000000,64.714251,100.000000,100.000000,0.000000,1.000000,1.000000,2.000000,0.000000,1.000000,50.091659,50.049373,75.000000,70.231695,3.000000
2026-05-10T08:40:24.975517092Z,0,per_hit,raw_percent_of_host,api-node1,api-node2,0,1,1,0.000000,0.000000,0.000000,0.000000,100.000000,100.000000,12.000000,11.000000,1.000000,1.000000,12.000000,11.000000,50.091659,50.059587,74.350520,74.403394,3.000000
2026-05-10T08:40:25.025869351Z,0,per_hit,raw_percent_of_host,api-node1,api-node2,1,0,1,0.000000,0.000000,0.000000,0.000000,100.000000,100.000000,13.000000,15.000000,1.000000,1.000000,13.000000,15.000000,50.091659,50.059587,74.297917,74.193445,3.000000
2026-05-10T08:40:25.075861714Z,0,per_hit,raw_percent_of_host,api-node1,api-node2,0,1,1,0.000000,0.000000,0.000000,0.000000,100.000000,100.000000,15.000000,15.000000,1.000000,1.000000,15.000000,15.000000,50.091659,50.059587,74.193389,74.193445,3.000000
2026-05-10T08:40:25.126006652Z,0,per_hit,raw_percent_of_host,api-node1,api-node2,0,1,1,0.000000,0.000000,0.000000,0.000000,100.000000,100.000000,23.000000,22.000000,1.000000,1.000000,23.000000,22.000000,50.091659,50.059587,73.784120,73.834599,3.000000
2026-05-10T08:40:25.176156532Z,0,per_hit,raw_percent_of_host,api-node1,api-node2,0,1,1,0.000000,0.000000,0.000000,0.000000,100.000000,100.000000,22.000000,20.000000,1.000000,1.000000,22.000000,20.000000,50.091659,50.059587,73.834519,73.936035,3.000000
2026-05-10T08:40:25.225536469Z,0,per_hit,raw_percent_of_host,api-node1,api-node2,0,1,1,99.805666,0.000000,99.805666,0.000000,100.000000,100.000000,18.000000,20.000000,11.000000,1.000000,18.000000,20.000000,222.729511,50.059587,48.475974,73.936035,3.000000
2026-05-10T08:40:25.275502192Z,0,per_hit,raw_percent_of_host,api-node1,api-node2,0,1,1,99.805666,0.000000,99.805666,0.000000,100.000000,100.000000,17.000000,18.000000,11.000000,1.000000,17.000000,18.000000,222.729511,50.059587,48.555751,74.038339,3.000000
2026-05-10T08:40:25.325648382Z,0,per_hit,raw_percent_of_host,api-node1,api-node2,0,1,1,99.805666,0.000000,99.805666,0.000000,100.000000,100.000000,17.000000,18.000000,11.000000,1.000000,17.000000,18.000000,222.729511,50.059587,48.555751,74.038339,3.000000
2026-05-10T08:40:25.375915438Z,0,per_hit,raw_percent_of_host,api-node1,api-node2,0,1,1,99.805666,0.000000,99.805666,0.000000,100.000000,100.000000,17.000000,17.000000,11.000000,1.000000,17.000000,17.000000,222.729511,50.059587,48.555751,74.089820,3.000000
2026-05-10T08:40:25.426183897Z,0,per_hit,raw_percent_of_host,api-node1,api-node2,0,1,1,99.805666,0.000000,99.805666,0.000000,100.000000,100.000000,11.000000,17.000000,11.000000,1.000000,11.000000,17.000000,222.729511,50.059587,49.046035,74.089820,3.000000
2026-05-10T08:40:25.475699428Z,0,per_hit,raw_percent_of_host,api-node1,api-node2,0,1,1,99.805666,55.743592,99.805666,55.743592,100.000000,100.000000,2.000000,14.000000,11.000000,11.000000,2.000000,14.000000,222.729511,58.815940,49.820962,72.047453,3.000000
2026-05-10T08:40:25.525879158Z,0,per_hit,raw_percent_of_host,api-node1,api-node2,0,1,1,99.805666,55.743592,99.805666,55.743592,100.000000,100.000000,2.000000,14.000000,11.000000,11.000000,2.000000,14.000000,222.729511,58.815940,49.820962,72.047453,3.000000
2026-05-10T08:40:25.576026453Z,0,per_hit,raw_percent_of_host,api-node1,api-node2,0,1,1,99.805666,55.743592,99.805666,55.743592,100.000000,100.000000,2.000000,14.000000,11.000000,11.000000,2.000000,14.000000,222.729511,58.815940,49.820962,72.047453,3.000000
2026-05-10T08:40:25.625907177Z,0,per_hit,raw_percent_of_host,api-node1,api-node2,0,1,1,95.305330,55.743592,95.305330,55.743592,100.000000,100.000000,0.000000,14.000000,2.000000,11.000000,0.000000,14.000000,59.955872,58.815940,50.000000,72.047453,3.000000
2026-05-10T08:40:25.675919072Z,0,per_hit,raw_percent_of_host,api-node1,api-node2,0,1,1,95.305330,53.971928,95.305330,53.971928,100.000000,100.000000,1.000000,3.000000,2.000000,5.000000,1.000000,3.000000,59.955872,220.371059,49.943316,63.981447,3.000000
2026-05-10T08:40:25.725517299Z,0,per_hit,raw_percent_of_host,api-node1,api-node2,1,0,1,17.980264,53.971928,17.980264,53.971928,100.000000,100.000000,0.000000,3.000000,2.000000,5.000000,0.000000,3.000000,50.036757,220.371059,75.000000,63.981447,3.000000
2026-05-10T08:40:25.775607458Z,0,per_hit,raw_percent_of_host,api-node1,api-node2,1,0,1,31.471343,74.279794,31.471343,74.279794,100.000000,100.000000,0.000000,2.000000,1.000000,2.000000,0.000000,2.000000,50.142273,50.044281,72.020416,52.083956,3.000000
2026-05-10T08:40:25.975520562Z,0,per_hit,raw_percent_of_host,api-node1,api-node2,1,0,1,0.000000,0.000000,0.000000,0.000000,100.000000,100.000000,11.000000,14.000000,1.000000,1.000000,11.000000,14.000000,50.142273,50.057054,74.403287,74.245597,3.000000
2026-05-10T08:40:26.025867909Z,0,per_hit,raw_percent_of_host,api-node1,api-node2,1,0,1,0.000000,0.000000,0.000000,0.000000,100.000000,100.000000,13.000000,15.000000,1.000000,1.000000,13.000000,15.000000,50.142273,50.057054,74.297840,74.193449,3.000000
2026-05-10T08:40:26.075424713Z,0,per_hit,raw_percent_of_host,api-node1,api-node2,1,0,1,0.000000,0.000000,0.000000,0.000000,100.000000,100.000000,19.000000,20.000000,1.000000,1.000000,19.000000,20.000000,50.142273,50.057054,73.986899,73.936041,3.000000
2026-05-10T08:40:26.126016706Z,0,per_hit,raw_percent_of_host,api-node1,api-node2,1,0,1,0.000000,0.000000,0.000000,0.000000,100.000000,100.000000,20.000000,24.000000,1.000000,1.000000,20.000000,24.000000,50.142273,50.057054,73.935848,73.734025,3.000000
2026-05-10T08:40:26.176181137Z,0,per_hit,raw_percent_of_host,api-node1,api-node2,1,0,1,0.000000,0.000000,0.000000,0.000000,100.000000,100.000000,20.000000,24.000000,1.000000,1.000000,20.000000,24.000000,50.142273,50.057054,73.935848,73.734025,3.000000
2026-05-10T08:40:26.225755772Z,0,per_hit,raw_percent_of_host,api-node1,api-node2,0,1,1,96.389493,0.000000,96.389493,0.000000,100.000000,100.000000,17.000000,24.000000,12.000000,1.000000,17.000000,24.000000,202.070723,50.057054,48.650491,73.734025,3.000000
2026-05-10T08:40:26.275546125Z,0,per_hit,raw_percent_of_host,api-node1,api-node2,0,1,1,96.389493,0.000000,96.389493,0.000000,100.000000,100.000000,17.000000,22.000000,12.000000,1.000000,17.000000,22.000000,202.070723,50.057054,48.650491,73.834605,3.000000
2026-05-10T08:40:26.325465591Z,0,per_hit,raw_percent_of_host,api-node1,api-node2,0,1,1,96.389493,0.000000,96.389493,0.000000,100.000000,100.000000,16.000000,22.000000,12.000000,1.000000,16.000000,22.000000,202.070723,50.057054,48.725828,73.834605,3.000000
2026-05-10T08:40:26.376077004Z,0,per_hit,raw_percent_of_host,api-node1,api-node2,0,1,1,96.389493,0.000000,96.389493,0.000000,100.000000,100.000000,14.000000,20.000000,12.000000,1.000000,14.000000,20.000000,202.070723,50.057054,48.877951,73.936041,3.000000
2026-05-10T08:40:26.426092312Z,0,per_hit,raw_percent_of_host,api-node1,api-node2,0,1,1,96.389493,0.000000,96.389493,0.000000,100.000000,100.000000,1.000000,20.000000,12.000000,1.000000,1.000000,20.000000,202.070723,50.057054,49.916368,73.936041,3.000000
2026-05-10T08:40:26.475844424Z,0,per_hit,raw_percent_of_host,api-node1,api-node2,0,1,1,91.568472,55.770422,91.568472,55.770422,100.000000,100.000000,0.000000,17.000000,1.000000,12.000000,0.000000,17.000000,50.039837,387.715703,50.000000,55.614215,3.000000
2026-05-10T08:40:26.525971048Z,0,per_hit,raw_percent_of_host,api-node1,api-node2,0,1,1,91.568472,55.770422,91.568472,55.770422,100.000000,100.000000,0.000000,17.000000,1.000000,12.000000,0.000000,17.000000,50.039837,387.715703,50.000000,55.614215,3.000000
2026-05-10T08:40:26.575473903Z,0,per_hit,raw_percent_of_host,api-node1,api-node2,0,1,1,91.568472,55.770422,91.568472,55.770422,100.000000,100.000000,0.000000,16.000000,1.000000,12.000000,0.000000,16.000000,50.039837,387.715703,50.000000,55.614215,3.000000
2026-05-10T08:40:26.625636764Z,0,per_hit,raw_percent_of_host,api-node1,api-node2,0,1,1,91.568472,55.770422,91.568472,55.770422,100.000000,100.000000,0.000000,16.000000,1.000000,12.000000,0.000000,16.000000,50.039837,387.715703,50.000000,55.614215,3.000000
2026-05-10T08:40:26.676133547Z,0,per_hit,raw_percent_of_host,api-node1,api-node2,0,1,1,91.568472,55.770422,91.568472,55.770422,100.000000,100.000000,1.000000,7.000000,1.000000,12.000000,1.000000,7.000000,50.039837,387.715703,49.944563,55.614215,3.000000
2026-05-10T08:40:26.725455002Z,0,per_hit,raw_percent_of_host,api-node1,api-node2,0,1,1,91.568472,55.770422,91.568472,55.770422,100.000000,100.000000,0.000000,8.000000,1.000000,12.000000,0.000000,8.000000,50.039837,387.715703,50.000000,55.614215,3.000000
2026-05-10T08:40:26.775847436Z,0,per_hit,raw_percent_of_host,api-node1,api-node2,1,0,1,16.587421,75.790872,16.587421,75.790872,100.000000,100.000000,0.000000,1.000000,1.000000,2.000000,0.000000,1.000000,50.043627,60.528685,75.000000,49.905368,3.000000
2026-05-10T08:40:26.826180272Z,0,per_hit,raw_percent_of_host,api-node1,api-node2,1,0,1,0.000000,75.790872,0.000000,75.790872,100.000000,100.000000,0.000000,1.000000,1.000000,2.000000,0.000000,1.000000,50.043627,60.528685,75.000000,49.905368,3.000000
2026-05-10T08:40:26.975236787Z,0,per_hit,raw_percent_of_host,api-node1,api-node2,0,1,1,0.000000,0.000000,0.000000,0.000000,100.000000,100.000000,14.000000,11.000000,1.000000,1.000000,14.000000,11.000000,50.043627,92.207397,74.245619,74.343350,3.000000
2026-05-10T08:40:27.025456434Z,0,per_hit,raw_percent_of_host,api-node1,api-node2,0,1,1,0.000000,0.000000,0.000000,0.000000,100.000000,100.000000,16.000000,12.000000,1.000000,1.000000,16.000000,12.000000,50.043627,92.207397,74.141551,74.285361,3.000000
2026-05-10T08:40:27.075217092Z,0,per_hit,raw_percent_of_host,api-node1,api-node2,0,1,1,0.000000,0.000000,0.000000,0.000000,100.000000,100.000000,23.000000,16.000000,1.000000,1.000000,23.000000,16.000000,50.043627,92.207397,73.784243,74.056142,3.000000
2026-05-10T08:40:27.125624854Z,0,per_hit,raw_percent_of_host,api-node1,api-node2,0,1,1,0.000000,0.000000,0.000000,0.000000,100.000000,100.000000,25.000000,20.000000,1.000000,1.000000,25.000000,20.000000,50.043627,92.207397,73.684090,73.831209,3.000000
2026-05-10T08:40:27.175791588Z,0,per_hit,raw_percent_of_host,api-node1,api-node2,0,1,1,0.000000,0.000000,0.000000,0.000000,100.000000,100.000000,25.000000,20.000000,1.000000,1.000000,25.000000,20.000000,50.043627,92.207397,73.684090,73.831209,3.000000
2026-05-10T08:40:27.225234992Z,0,per_hit,raw_percent_of_host,api-node1,api-node2,0,1,1,0.000000,0.000000,0.000000,0.000000,100.000000,100.000000,24.000000,21.000000,1.000000,1.000000,24.000000,21.000000,50.043627,92.207397,73.734061,73.775632,3.000000
2026-05-10T08:40:27.275675838Z,0,per_hit,raw_percent_of_host,api-node1,api-node2,0,1,1,97.036723,0.000000,97.036723,0.000000,100.000000,100.000000,23.000000,19.000000,13.000000,1.000000,23.000000,19.000000,262.657958,92.207397,47.987103,73.887047,3.000000
2026-05-10T08:40:27.325375783Z,0,per_hit,raw_percent_of_host,api-node1,api-node2,0,1,1,97.036723,0.000000,97.036723,0.000000,100.000000,100.000000,20.000000,19.000000,13.000000,1.000000,20.000000,19.000000,262.657958,92.207397,48.231078,73.887047,3.000000
2026-05-10T08:40:27.375697521Z,0,per_hit,raw_percent_of_host,api-node1,api-node2,0,1,1,97.036723,57.151922,97.036723,57.151922,100.000000,100.000000,20.000000,15.000000,13.000000,9.000000,20.000000,15.000000,262.657958,59.058409,48.231078,72.047080,3.000000
2026-05-10T08:40:27.426237307Z,0,per_hit,raw_percent_of_host,api-node1,api-node2,0,1,1,97.036723,57.151922,97.036723,57.151922,100.000000,100.000000,19.000000,15.000000,13.000000,9.000000,19.000000,15.000000,262.657958,59.058409,48.313557,72.047080,3.000000
2026-05-10T08:40:27.475446113Z,0,per_hit,raw_percent_of_host,api-node1,api-node2,0,1,1,97.481562,57.151922,97.481562,57.151922,100.000000,100.000000,4.000000,14.000000,7.000000,9.000000,4.000000,14.000000,144.907680,59.058409,49.721520,72.047080,3.000000
2026-05-10T08:40:27.526237035Z,0,per_hit,raw_percent_of_host,api-node1,api-node2,0,1,1,97.481562,57.151922,97.481562,57.151922,100.000000,100.000000,0.000000,14.000000,7.000000,9.000000,0.000000,14.000000,144.907680,59.058409,50.000000,72.047080,3.000000
2026-05-10T08:40:27.575522748Z,0,per_hit,raw_percent_of_host,api-node1,api-node2,0,1,1,97.481562,57.151922,97.481562,57.151922,100.000000,100.000000,0.000000,13.000000,7.000000,9.000000,0.000000,13.000000,144.907680,59.058409,50.000000,72.047080,3.000000
2026-05-10T08:40:27.625648445Z,0,per_hit,raw_percent_of_host,api-node1,api-node2,0,1,1,97.481562,57.151922,97.481562,57.151922,100.000000,100.000000,0.000000,13.000000,7.000000,9.000000,0.000000,13.000000,144.907680,59.058409,50.000000,72.047080,3.000000
2026-05-10T08:40:27.675909014Z,0,per_hit,raw_percent_of_host,api-node1,api-node2,1,0,1,15.189650,49.883617,15.189650,49.883617,100.000000,100.000000,0.000000,2.000000,1.000000,7.000000,0.000000,2.000000,50.052385,318.341421,75.000000,59.082929,3.000000
2026-05-10T08:40:27.725766569Z,0,per_hit,raw_percent_of_host,api-node1,api-node2,1,0,1,15.189650,49.883617,15.189650,49.883617,100.000000,100.000000,1.000000,2.000000,1.000000,7.000000,1.000000,2.000000,50.052385,318.341421,74.944561,59.082929,3.000000
2026-05-10T08:40:27.775452407Z,0,per_hit,raw_percent_of_host,api-node1,api-node2,0,1,1,41.474882,0.000000,41.474882,0.000000,100.000000,100.000000,1.000000,0.000000,2.000000,1.000000,1.000000,0.000000,50.052385,60.539725,70.615714,75.000000,3.000000
2026-05-10T08:40:27.976138324Z,0,per_hit,raw_percent_of_host,api-node1,api-node2,1,0,1,0.000000,19.734269,0.000000,19.734269,100.000000,100.000000,12.000000,13.000000,1.000000,1.000000,12.000000,13.000000,50.074490,60.539725,74.350545,74.281705,3.000000
2026-05-10T08:40:28.02561405Z,0,per_hit,raw_percent_of_host,api-node1,api-node2,1,0,1,0.000000,19.734269,0.000000,19.734269,100.000000,100.000000,14.000000,14.000000,1.000000,1.000000,14.000000,14.000000,50.074490,60.539725,74.245569,74.228157,3.000000
2026-05-10T08:40:28.075739184Z,0,per_hit,raw_percent_of_host,api-node1,api-node2,1,0,1,0.000000,19.734269,0.000000,19.734269,100.000000,100.000000,17.000000,18.000000,1.000000,1.000000,17.000000,18.000000,50.074490,60.539725,74.089791,74.016308,3.000000
2026-05-10T08:40:28.125770167Z,0,per_hit,raw_percent_of_host,api-node1,api-node2,0,1,1,0.000000,19.734269,0.000000,19.734269,100.000000,100.000000,25.000000,21.000000,1.000000,1.000000,25.000000,21.000000,50.074490,60.539725,73.684004,73.859836,3.000000
2026-05-10T08:40:28.17594089Z,0,per_hit,raw_percent_of_host,api-node1,api-node2,0,1,1,0.000000,19.734269,0.000000,19.734269,100.000000,100.000000,25.000000,20.000000,1.000000,1.000000,25.000000,20.000000,50.074490,60.539725,73.684004,73.911767,3.000000
2026-05-10T08:40:28.225532393Z,0,per_hit,raw_percent_of_host,api-node1,api-node2,0,1,1,95.462358,19.734269,95.462358,19.734269,100.000000,100.000000,22.000000,21.000000,12.000000,1.000000,22.000000,21.000000,221.982290,60.539725,48.166775,73.859836,3.000000
2026-05-10T08:40:28.275622304Z,0,per_hit,raw_percent_of_host,api-node1,api-node2,0,1,1,95.462358,19.734269,95.462358,19.734269,100.000000,100.000000,19.000000,19.000000,12.000000,1.000000,19.000000,19.000000,221.982290,60.539725,48.400769,73.963923,3.000000
2026-05-10T08:40:28.325558177Z,0,per_hit,raw_percent_of_host,api-node1,api-node2,0,1,1,95.462358,19.734269,95.462358,19.734269,100.000000,100.000000,18.000000,19.000000,12.000000,1.000000,18.000000,19.000000,221.982290,60.539725,48.479821,73.963923,3.000000
2026-05-10T08:40:28.375310208Z,0,per_hit,raw_percent_of_host,api-node1,api-node2,0,1,1,95.462358,59.498419,95.462358,59.498419,100.000000,100.000000,18.000000,14.000000,12.000000,9.000000,18.000000,14.000000,221.982290,366.438827,48.479821,56.678059,3.000000
2026-05-10T08:40:28.42577765Z,0,per_hit,raw_percent_of_host,api-node1,api-node2,0,1,1,95.462358,59.498419,95.462358,59.498419,100.000000,100.000000,17.000000,14.000000,12.000000,9.000000,17.000000,14.000000,221.982290,366.438827,48.559409,56.678059,3.000000
2026-05-10T08:40:28.47601079Z,0,per_hit,raw_percent_of_host,api-node1,api-node2,0,1,1,93.722335,59.498419,93.722335,59.498419,100.000000,100.000000,1.000000,13.000000,6.000000,9.000000,1.000000,13.000000,124.366649,366.438827,49.933622,56.678059,3.000000
2026-05-10T08:40:28.526162853Z,0,per_hit,raw_percent_of_host,api-node1,api-node2,0,1,1,93.722335,59.498419,93.722335,59.498419,100.000000,100.000000,0.000000,13.000000,6.000000,9.000000,0.000000,13.000000,124.366649,366.438827,50.000000,56.678059,3.000000
2026-05-10T08:40:28.57563044Z,0,per_hit,raw_percent_of_host,api-node1,api-node2,0,1,1,93.722335,59.498419,93.722335,59.498419,100.000000,100.000000,0.000000,12.000000,6.000000,9.000000,0.000000,12.000000,124.366649,366.438827,50.000000,56.678059,3.000000
2026-05-10T08:40:28.62579678Z,0,per_hit,raw_percent_of_host,api-node1,api-node2,0,1,1,93.722335,59.498419,93.722335,59.498419,100.000000,100.000000,0.000000,12.000000,6.000000,9.000000,0.000000,12.000000,124.366649,366.438827,50.000000,56.678059,3.000000
2026-05-10T08:40:28.675576917Z,0,per_hit,raw_percent_of_host,api-node1,api-node2,1,0,1,14.739120,46.400428,14.739120,46.400428,100.000000,100.000000,0.000000,2.000000,1.000000,7.000000,0.000000,2.000000,50.047104,300.062187,75.000000,59.996891,3.000000
2026-05-10T08:40:28.72567171Z,0,per_hit,raw_percent_of_host,api-node1,api-node2,1,0,1,14.739120,46.400428,14.739120,46.400428,100.000000,100.000000,1.000000,2.000000,1.000000,7.000000,1.000000,2.000000,50.047104,300.062187,74.944562,59.996891,3.000000
2026-05-10T08:40:28.776237234Z,0,per_hit,raw_percent_of_host,api-node1,api-node2,0,1,1,22.146856,0.000000,22.146856,0.000000,100.000000,100.000000,1.000000,0.000000,2.000000,1.000000,1.000000,0.000000,50.047104,59.170197,74.944562,75.000000,3.000000
2026-05-10T08:40:28.975372731Z,0,per_hit,raw_percent_of_host,api-node1,api-node2,0,1,1,0.000000,0.000000,0.000000,0.000000,100.000000,100.000000,13.000000,12.000000,1.000000,1.000000,13.000000,12.000000,50.183620,59.170197,74.297778,74.337499,3.000000
2026-05-10T08:40:29.025761445Z,0,per_hit,raw_percent_of_host,api-node1,api-node2,0,1,1,0.000000,0.000000,0.000000,0.000000,100.000000,100.000000,15.000000,13.000000,1.000000,1.000000,15.000000,13.000000,50.183620,59.170197,74.193230,74.283873,3.000000
2026-05-10T08:40:29.075427495Z,0,per_hit,raw_percent_of_host,api-node1,api-node2,1,0,1,0.000000,0.000000,0.000000,0.000000,100.000000,100.000000,18.000000,21.000000,1.000000,1.000000,18.000000,21.000000,50.183620,59.170197,74.038084,73.863218,3.000000
2026-05-10T08:40:29.126233148Z,0,per_hit,raw_percent_of_host,api-node1,api-node2,1,0,1,0.000000,0.000000,0.000000,0.000000,100.000000,100.000000,22.000000,25.000000,1.000000,1.000000,22.000000,25.000000,50.183620,59.170197,73.834292,73.658308,3.000000
2026-05-10T08:40:29.176157762Z,0,per_hit,raw_percent_of_host,api-node1,api-node2,1,0,1,0.000000,0.000000,0.000000,0.000000,100.000000,100.000000,22.000000,24.000000,1.000000,1.000000,22.000000,24.000000,50.183620,59.170197,73.834292,73.709205,3.000000
2026-05-10T08:40:29.225377275Z,0,per_hit,raw_percent_of_host,api-node1,api-node2,1,0,1,0.000000,0.000000,0.000000,0.000000,100.000000,100.000000,20.000000,25.000000,1.000000,1.000000,20.000000,25.000000,50.183620,59.170197,73.935754,73.658308,3.000000
2026-05-10T08:40:29.275692607Z,0,per_hit,raw_percent_of_host,api-node1,api-node2,0,1,1,93.928098,0.000000,93.928098,0.000000,100.000000,100.000000,17.000000,23.000000,12.000000,1.000000,17.000000,23.000000,242.913404,59.170197,48.449395,73.760321,3.000000
2026-05-10T08:40:29.325935262Z,0,per_hit,raw_percent_of_host,api-node1,api-node2,0,1,1,93.928098,0.000000,93.928098,0.000000,100.000000,100.000000,16.000000,23.000000,12.000000,1.000000,16.000000,23.000000,242.913404,59.170197,48.535263,73.760321,3.000000
2026-05-10T08:40:29.375863437Z,0,per_hit,raw_percent_of_host,api-node1,api-node2,0,1,1,93.928098,57.208882,93.928098,57.208882,100.000000,100.000000,16.000000,18.000000,12.000000,8.000000,16.000000,18.000000,242.913404,346.100068,48.535263,57.694997,3.000000
2026-05-10T08:40:29.426089688Z,0,per_hit,raw_percent_of_host,api-node1,api-node2,0,1,1,96.331972,57.208882,96.331972,57.208882,100.000000,100.000000,1.000000,18.000000,4.000000,8.000000,1.000000,18.000000,85.685679,346.100068,49.939805,57.694997,3.000000
2026-05-10T08:40:29.475616009Z,0,per_hit,raw_percent_of_host,api-node1,api-node2,0,1,1,96.331972,57.208882,96.331972,57.208882,100.000000,100.000000,0.000000,17.000000,4.000000,8.000000,0.000000,17.000000,85.685679,346.100068,50.000000,57.694997,3.000000
2026-05-10T08:40:29.52577229Z,0,per_hit,raw_percent_of_host,api-node1,api-node2,0,1,1,96.331972,57.208882,96.331972,57.208882,100.000000,100.000000,0.000000,17.000000,4.000000,8.000000,0.000000,17.000000,85.685679,346.100068,50.000000,57.694997,3.000000
2026-05-10T08:40:29.575659621Z,0,per_hit,raw_percent_of_host,api-node1,api-node2,0,1,1,96.331972,57.208882,96.331972,57.208882,100.000000,100.000000,0.000000,16.000000,4.000000,8.000000,0.000000,16.000000,85.685679,346.100068,50.000000,57.694997,3.000000
2026-05-10T08:40:29.625830282Z,0,per_hit,raw_percent_of_host,api-node1,api-node2,0,1,1,96.331972,57.208882,96.331972,57.208882,100.000000,100.000000,0.000000,16.000000,4.000000,8.000000,0.000000,16.000000,85.685679,346.100068,50.000000,57.694997,3.000000
2026-05-10T08:40:29.67614757Z,0,per_hit,raw_percent_of_host,api-node1,api-node2,0,1,1,96.331972,57.208882,96.331972,57.208882,100.000000,100.000000,1.000000,15.000000,4.000000,8.000000,1.000000,15.000000,85.685679,346.100068,49.939805,57.694997,3.000000
2026-05-10T08:40:29.725570127Z,0,per_hit,raw_percent_of_host,api-node1,api-node2,0,1,1,96.331972,57.208882,96.331972,57.208882,100.000000,100.000000,0.000000,16.000000,4.000000,8.000000,0.000000,16.000000,85.685679,346.100068,50.000000,57.694997,3.000000
2026-05-10T08:40:29.775260969Z,0,per_hit,raw_percent_of_host,api-node1,api-node2,0,1,1,96.331972,54.454048,96.331972,54.454048,100.000000,100.000000,0.000000,3.000000,4.000000,11.000000,0.000000,3.000000,85.685679,440.029710,50.000000,53.118629,3.000000
2026-05-10T08:40:29.825653721Z,0,per_hit,raw_percent_of_host,api-node1,api-node2,1,0,1,21.160824,54.454048,21.160824,54.454048,100.000000,100.000000,0.000000,3.000000,1.000000,11.000000,0.000000,3.000000,50.062901,440.029710,75.000000,53.118629,3.000000
2026-05-10T08:40:29.975477931Z,0,per_hit,raw_percent_of_host,api-node1,api-node2,1,0,1,0.000000,0.000000,0.000000,0.000000,100.000000,100.000000,9.000000,16.000000,1.000000,1.000000,9.000000,16.000000,50.062901,79.813148,74.509737,74.082962,3.000000
2026-05-10T08:40:30.025917295Z,0,per_hit,raw_percent_of_host,api-node1,api-node2,1,0,1,0.000000,0.000000,0.000000,0.000000,100.000000,100.000000,11.000000,17.000000,1.000000,1.000000,11.000000,17.000000,50.062901,79.813148,74.403389,74.027876,3.000000
2026-05-10T08:40:30.075853022Z,0,per_hit,raw_percent_of_host,api-node1,api-node2,1,0,1,0.000000,0.000000,0.000000,0.000000,100.000000,100.000000,19.000000,20.000000,1.000000,1.000000,19.000000,20.000000,50.062901,79.813148,73.987071,73.864119,3.000000
2026-05-10T08:40:30.125287445Z,0,per_hit,raw_percent_of_host,api-node1,api-node2,1,0,1,0.000000,0.000000,0.000000,0.000000,100.000000,100.000000,20.000000,26.000000,1.000000,1.000000,20.000000,26.000000,50.062901,79.813148,73.936028,73.543211,3.000000
2026-05-10T08:40:30.175884306Z,0,per_hit,raw_percent_of_host,api-node1,api-node2,0,1,1,97.621066,0.000000,97.621066,0.000000,100.000000,100.000000,19.000000,25.000000,8.000000,1.000000,19.000000,25.000000,161.520720,79.813148,48.671252,73.596095,3.000000
2026-05-10T08:40:30.225389783Z,0,per_hit,raw_percent_of_host,api-node1,api-node2,0,1,1,97.621066,0.000000,97.621066,0.000000,100.000000,100.000000,16.000000,26.000000,8.000000,1.000000,16.000000,26.000000,161.520720,79.813148,48.871584,73.543211,3.000000
2026-05-10T08:40:30.275950709Z,0,per_hit,raw_percent_of_host,api-node1,api-node2,0,1,1,97.621066,0.000000,97.621066,0.000000,100.000000,100.000000,15.000000,25.000000,8.000000,1.000000,15.000000,25.000000,161.520720,79.813148,48.939117,73.596095,3.000000
2026-05-10T08:40:30.326095827Z,0,per_hit,raw_percent_of_host,api-node1,api-node2,0,1,1,97.621066,0.000000,97.621066,0.000000,100.000000,100.000000,15.000000,25.000000,8.000000,1.000000,15.000000,25.000000,161.520720,79.813148,48.939117,73.596095,3.000000
2026-05-10T08:40:30.376260582Z,0,per_hit,raw_percent_of_host,api-node1,api-node2,0,1,1,97.621066,0.000000,97.621066,0.000000,100.000000,100.000000,15.000000,25.000000,8.000000,1.000000,15.000000,25.000000,161.520720,79.813148,48.939117,73.596095,3.000000
2026-05-10T08:40:30.425594904Z,0,per_hit,raw_percent_of_host,api-node1,api-node2,0,1,1,97.621066,0.000000,97.621066,0.000000,100.000000,100.000000,0.000000,23.000000,8.000000,1.000000,0.000000,23.000000,161.520720,79.813148,50.000000,73.702579,3.000000
2026-05-10T08:40:30.475842697Z,0,per_hit,raw_percent_of_host,api-node1,api-node2,0,1,1,97.621066,57.268835,97.621066,57.268835,100.000000,100.000000,0.000000,20.000000,8.000000,13.000000,0.000000,20.000000,161.520720,467.538720,50.000000,51.644626,3.000000
2026-05-10T08:40:30.52608887Z,0,per_hit,raw_percent_of_host,api-node1,api-node2,1,0,1,72.501313,57.268835,72.501313,57.268835,100.000000,100.000000,0.000000,20.000000,1.000000,13.000000,0.000000,20.000000,50.081007,467.538720,57.139641,51.644626,3.000000
2026-05-10T08:40:30.575689976Z,0,per_hit,raw_percent_of_host,api-node1,api-node2,1,0,1,72.501313,57.268835,72.501313,57.268835,100.000000,100.000000,0.000000,18.000000,1.000000,13.000000,0.000000,18.000000,50.081007,467.538720,57.139641,51.644626,3.000000
2026-05-10T08:40:30.625848857Z,0,per_hit,raw_percent_of_host,api-node1,api-node2,1,0,1,72.501313,57.268835,72.501313,57.268835,100.000000,100.000000,0.000000,18.000000,1.000000,13.000000,0.000000,18.000000,50.081007,467.538720,57.139641,51.644626,3.000000
2026-05-10T08:40:30.676083173Z,0,per_hit,raw_percent_of_host,api-node1,api-node2,1,0,1,72.501313,57.268835,72.501313,57.268835,100.000000,100.000000,0.000000,18.000000,1.000000,13.000000,0.000000,18.000000,50.081007,467.538720,57.139641,51.644626,3.000000
2026-05-10T08:40:30.725722796Z,0,per_hit,raw_percent_of_host,api-node1,api-node2,1,0,1,72.501313,57.268835,72.501313,57.268835,100.000000,100.000000,0.000000,19.000000,1.000000,13.000000,0.000000,19.000000,50.081007,467.538720,57.139641,51.644626,3.000000
2026-05-10T08:40:30.77607909Z,0,per_hit,raw_percent_of_host,api-node1,api-node2,1,0,1,72.501313,57.268835,72.501313,57.268835,100.000000,100.000000,0.000000,16.000000,1.000000,13.000000,0.000000,16.000000,50.081007,467.538720,57.139641,51.644626,3.000000
2026-05-10T08:40:30.826240701Z,0,per_hit,raw_percent_of_host,api-node1,api-node2,1,0,1,72.501313,57.268835,72.501313,57.268835,100.000000,100.000000,0.000000,16.000000,1.000000,13.000000,0.000000,16.000000,50.081007,467.538720,57.139641,51.644626,3.000000
2026-05-10T08:40:30.876044116Z,0,per_hit,raw_percent_of_host,api-node1,api-node2,1,0,1,0.000000,44.189535,0.000000,44.189535,100.000000,100.000000,0.000000,2.000000,1.000000,7.000000,0.000000,2.000000,50.081007,381.503637,75.000000,57.544990,3.000000
2026-05-10T08:40:30.926195623Z,0,per_hit,raw_percent_of_host,api-node1,api-node2,1,0,1,0.000000,44.189535,0.000000,44.189535,100.000000,100.000000,0.000000,2.000000,1.000000,7.000000,0.000000,2.000000,50.081007,381.503637,75.000000,57.544990,3.000000
2026-05-10T08:40:30.976051824Z,0,per_hit,raw_percent_of_host,api-node1,api-node2,0,1,1,41.576515,0.000000,41.576515,0.000000,100.000000,100.000000,15.000000,10.000000,2.000000,1.000000,15.000000,10.000000,50.081007,79.275371,70.635845,74.419583,3.000000
2026-05-10T08:40:31.025779249Z,0,per_hit,raw_percent_of_host,api-node1,api-node2,1,0,1,41.576515,87.125523,41.576515,87.125523,100.000000,100.000000,16.000000,12.000000,2.000000,2.000000,16.000000,12.000000,50.081007,79.275371,70.635845,49.306718,3.000000
2026-05-10T08:40:31.075210408Z,0,per_hit,raw_percent_of_host,api-node1,api-node2,1,0,1,41.576515,87.125523,41.576515,87.125523,100.000000,100.000000,21.000000,18.000000,2.000000,2.000000,21.000000,18.000000,50.081007,79.275371,70.635845,48.974300,3.000000
2026-05-10T08:40:31.125795224Z,0,per_hit,raw_percent_of_host,api-node1,api-node2,1,0,1,41.576515,87.125523,41.576515,87.125523,100.000000,100.000000,26.000000,20.000000,2.000000,2.000000,26.000000,20.000000,50.081007,79.275371,70.635845,48.865505,3.000000
2026-05-10T08:40:31.175827195Z,0,per_hit,raw_percent_of_host,api-node1,api-node2,1,0,1,41.576515,87.125523,41.576515,87.125523,100.000000,100.000000,25.000000,20.000000,2.000000,2.000000,25.000000,20.000000,50.081007,79.275371,70.635845,48.865505,3.000000
2026-05-10T08:40:31.226089421Z,0,per_hit,raw_percent_of_host,api-node1,api-node2,1,0,1,41.576515,87.125523,41.576515,87.125523,100.000000,100.000000,25.000000,21.000000,2.000000,2.000000,25.000000,21.000000,50.081007,79.275371,70.635845,48.811477,3.000000
2026-05-10T08:40:31.276104979Z,0,per_hit,raw_percent_of_host,api-node1,api-node2,0,1,1,97.095965,87.125523,97.095965,87.125523,100.000000,100.000000,21.000000,18.000000,13.000000,2.000000,21.000000,18.000000,262.432734,79.275371,48.147709,48.974300,3.000000
2026-05-10T08:40:31.32552801Z,0,per_hit,raw_percent_of_host,api-node1,api-node2,0,1,1,97.095965,87.125523,97.095965,87.125523,100.000000,100.000000,20.000000,18.000000,13.000000,2.000000,20.000000,18.000000,262.432734,79.275371,48.229667,48.974300,3.000000
2026-05-10T08:40:31.376254101Z,0,per_hit,raw_percent_of_host,api-node1,api-node2,0,1,1,97.095965,52.251610,97.095965,52.251610,100.000000,100.000000,20.000000,15.000000,13.000000,9.000000,20.000000,15.000000,262.432734,57.701916,48.229667,71.772900,3.000000
2026-05-10T08:40:31.425400114Z,0,per_hit,raw_percent_of_host,api-node1,api-node2,0,1,1,97.095965,52.251610,97.095965,52.251610,100.000000,100.000000,20.000000,15.000000,13.000000,9.000000,20.000000,15.000000,262.432734,57.701916,48.229667,71.772900,3.000000
2026-05-10T08:40:31.475455605Z,0,per_hit,raw_percent_of_host,api-node1,api-node2,0,1,1,97.095965,52.251610,97.095965,52.251610,100.000000,100.000000,19.000000,15.000000,13.000000,9.000000,19.000000,15.000000,262.432734,57.701916,48.312208,71.772900,3.000000
2026-05-10T08:40:31.525870594Z,0,per_hit,raw_percent_of_host,api-node1,api-node2,0,1,1,96.075502,52.251610,96.075502,52.251610,100.000000,100.000000,1.000000,15.000000,7.000000,9.000000,1.000000,15.000000,148.063257,57.701916,49.929166,71.772900,3.000000
2026-05-10T08:40:31.575489236Z,0,per_hit,raw_percent_of_host,api-node1,api-node2,0,1,1,96.075502,52.251610,96.075502,52.251610,100.000000,100.000000,0.000000,14.000000,7.000000,9.000000,0.000000,14.000000,148.063257,57.701916,50.000000,71.772900,3.000000
2026-05-10T08:40:31.625625168Z,0,per_hit,raw_percent_of_host,api-node1,api-node2,0,1,1,96.075502,52.251610,96.075502,52.251610,100.000000,100.000000,0.000000,14.000000,7.000000,9.000000,0.000000,14.000000,148.063257,57.701916,50.000000,71.772900,3.000000
2026-05-10T08:40:31.675660956Z,0,per_hit,raw_percent_of_host,api-node1,api-node2,1,0,1,26.378284,49.884212,26.378284,49.884212,100.000000,100.000000,0.000000,2.000000,1.000000,7.000000,0.000000,2.000000,50.179901,298.932981,73.951578,60.053351,3.000000
2026-05-10T08:40:31.725257756Z,0,per_hit,raw_percent_of_host,api-node1,api-node2,1,0,1,26.378284,49.884212,26.378284,49.884212,100.000000,100.000000,1.000000,2.000000,1.000000,7.000000,1.000000,2.000000,50.179901,298.932981,73.951578,60.053351,3.000000
2026-05-10T08:40:31.775760677Z,0,per_hit,raw_percent_of_host,api-node1,api-node2,0,1,1,30.304217,0.000000,30.304217,0.000000,100.000000,100.000000,1.000000,0.000000,2.000000,1.000000,1.000000,0.000000,50.179901,99.199709,72.175163,75.000000,3.000000
2026-05-10T08:40:31.9757775Z,0,per_hit,raw_percent_of_host,api-node1,api-node2,1,0,1,0.000000,0.000000,0.000000,0.000000,100.000000,100.000000,11.000000,14.000000,1.000000,1.000000,11.000000,14.000000,50.098189,99.199709,74.403344,74.156220,3.000000
2026-05-10T08:40:32.026100037Z,0,per_hit,raw_percent_of_host,api-node1,api-node2,1,0,1,0.000000,0.000000,0.000000,0.000000,100.000000,100.000000,11.000000,17.000000,1.000000,1.000000,11.000000,17.000000,50.098189,99.199709,74.403344,73.982768,3.000000
2026-05-10T08:40:32.075357092Z,0,per_hit,raw_percent_of_host,api-node1,api-node2,1,0,1,0.000000,0.000000,0.000000,0.000000,100.000000,100.000000,15.000000,24.000000,1.000000,1.000000,15.000000,24.000000,50.098189,99.199709,74.193378,73.587572,3.000000
2026-05-10T08:40:32.125743106Z,0,per_hit,raw_percent_of_host,api-node1,api-node2,1,0,1,0.000000,0.000000,0.000000,0.000000,100.000000,100.000000,16.000000,30.000000,1.000000,1.000000,16.000000,30.000000,50.098189,99.199709,74.141450,73.259054,3.000000
2026-05-10T08:40:32.175886056Z,0,per_hit,raw_percent_of_host,api-node1,api-node2,1,0,1,0.000000,0.000000,0.000000,0.000000,100.000000,100.000000,16.000000,29.000000,1.000000,1.000000,16.000000,29.000000,50.098189,99.199709,74.141450,73.313170,3.000000
2026-05-10T08:40:32.226018353Z,0,per_hit,raw_percent_of_host,api-node1,api-node2,0,1,1,94.809605,0.000000,94.809605,0.000000,100.000000,100.000000,11.000000,30.000000,10.000000,1.000000,11.000000,30.000000,205.805947,99.199709,49.098934,73.259054,3.000000
2026-05-10T08:40:32.27588044Z,0,per_hit,raw_percent_of_host,api-node1,api-node2,0,1,1,94.809605,0.000000,94.809605,0.000000,100.000000,100.000000,11.000000,28.000000,10.000000,1.000000,11.000000,28.000000,205.805947,99.199709,49.098934,73.367538,3.000000
2026-05-10T08:40:32.326082235Z,0,per_hit,raw_percent_of_host,api-node1,api-node2,0,1,1,94.809605,0.000000,94.809605,0.000000,100.000000,100.000000,1.000000,28.000000,10.000000,1.000000,1.000000,28.000000,205.805947,99.199709,49.915310,73.367538,3.000000
2026-05-10T08:40:32.376022629Z,0,per_hit,raw_percent_of_host,api-node1,api-node2,0,1,1,94.809605,58.866980,94.809605,58.866980,100.000000,100.000000,0.000000,26.000000,10.000000,10.000000,0.000000,26.000000,205.805947,385.596616,50.000000,55.720169,3.000000
2026-05-10T08:40:32.426097516Z,0,per_hit,raw_percent_of_host,api-node1,api-node2,1,0,1,67.146050,58.866980,67.146050,58.866980,100.000000,100.000000,0.000000,26.000000,1.000000,10.000000,0.000000,26.000000,50.083387,385.596616,67.182916,55.720169,3.000000
2026-05-10T08:40:32.476164387Z,0,per_hit,raw_percent_of_host,api-node1,api-node2,1,0,1,67.146050,58.866980,67.146050,58.866980,100.000000,100.000000,0.000000,24.000000,1.000000,10.000000,0.000000,24.000000,50.083387,385.596616,67.182916,55.720169,3.000000
2026-05-10T08:40:32.525272965Z,0,per_hit,raw_percent_of_host,api-node1,api-node2,1,0,1,67.146050,58.866980,67.146050,58.866980,100.000000,100.000000,0.000000,24.000000,1.000000,10.000000,0.000000,24.000000,50.083387,385.596616,67.182916,55.720169,3.000000
2026-05-10T08:40:32.576117981Z,0,per_hit,raw_percent_of_host,api-node1,api-node2,1,0,1,67.146050,58.866980,67.146050,58.866980,100.000000,100.000000,0.000000,22.000000,1.000000,10.000000,0.000000,22.000000,50.083387,385.596616,67.182916,55.720169,3.000000
2026-05-10T08:40:32.626276807Z,0,per_hit,raw_percent_of_host,api-node1,api-node2,1,0,1,67.146050,58.866980,67.146050,58.866980,100.000000,100.000000,0.000000,22.000000,1.000000,10.000000,0.000000,22.000000,50.083387,385.596616,67.182916,55.720169,3.000000
2026-05-10T08:40:32.675395152Z,0,per_hit,raw_percent_of_host,api-node1,api-node2,1,0,1,67.146050,58.866980,67.146050,58.866980,100.000000,100.000000,0.000000,22.000000,1.000000,10.000000,0.000000,22.000000,50.083387,385.596616,67.182916,55.720169,3.000000
2026-05-10T08:40:32.725506524Z,0,per_hit,raw_percent_of_host,api-node1,api-node2,1,0,1,67.146050,58.866980,67.146050,58.866980,100.000000,100.000000,1.000000,22.000000,1.000000,10.000000,1.000000,22.000000,50.083387,385.596616,67.072460,55.720169,3.000000
2026-05-10T08:40:32.775944955Z,0,per_hit,raw_percent_of_host,api-node1,api-node2,1,0,1,67.146050,58.866980,67.146050,58.866980,100.000000,100.000000,1.000000,21.000000,1.000000,10.000000,1.000000,21.000000,50.083387,385.596616,67.072460,55.720169,3.000000
2026-05-10T08:40:32.82561453Z,0,per_hit,raw_percent_of_host,api-node1,api-node2,1,0,1,67.146050,58.866980,67.146050,58.866980,100.000000,100.000000,0.000000,21.000000,1.000000,10.000000,0.000000,21.000000,50.083387,385.596616,67.182916,55.720169,3.000000
2026-05-10T08:40:32.876032402Z,0,per_hit,raw_percent_of_host,api-node1,api-node2,1,0,1,67.146050,58.866980,67.146050,58.866980,100.000000,100.000000,0.000000,16.000000,1.000000,10.000000,0.000000,16.000000,50.083387,385.596616,67.182916,55.720169,3.000000
2026-05-10T08:40:32.926161291Z,0,per_hit,raw_percent_of_host,api-node1,api-node2,1,0,1,67.146050,58.866980,67.146050,58.866980,100.000000,100.000000,0.000000,16.000000,1.000000,10.000000,0.000000,16.000000,50.083387,385.596616,67.182916,55.720169,3.000000
2026-05-10T08:40:32.975944893Z,0,per_hit,raw_percent_of_host,api-node1,api-node2,1,0,1,67.146050,47.621034,67.146050,47.621034,100.000000,100.000000,15.000000,16.000000,1.000000,14.000000,15.000000,16.000000,50.083387,608.111775,65.584671,52.041396,3.000000
2026-05-10T08:40:33.025851266Z,0,per_hit,raw_percent_of_host,api-node1,api-node2,1,0,1,10.135099,47.621034,10.135099,47.621034,100.000000,100.000000,18.000000,11.000000,2.000000,14.000000,18.000000,11.000000,50.045229,608.111775,74.038369,52.395585,3.000000
2026-05-10T08:40:33.075292697Z,0,per_hit,raw_percent_of_host,api-node1,api-node2,1,0,1,10.135099,47.621034,10.135099,47.621034,100.000000,100.000000,27.000000,15.000000,2.000000,14.000000,27.000000,15.000000,50.045229,608.111775,73.584771,52.111499,3.000000
2026-05-10T08:40:33.125849211Z,0,per_hit,raw_percent_of_host,api-node1,api-node2,1,0,1,10.135099,47.621034,10.135099,47.621034,100.000000,100.000000,30.000000,18.000000,2.000000,14.000000,30.000000,18.000000,50.045229,608.111775,73.437353,51.902271,3.000000
2026-05-10T08:40:33.17601371Z,0,per_hit,raw_percent_of_host,api-node1,api-node2,1,0,1,10.135099,47.621034,10.135099,47.621034,100.000000,100.000000,30.000000,18.000000,2.000000,14.000000,30.000000,18.000000,50.045229,608.111775,73.437353,51.902271,3.000000
2026-05-10T08:40:33.226135015Z,0,per_hit,raw_percent_of_host,api-node1,api-node2,1,0,1,10.135099,47.621034,10.135099,47.621034,100.000000,100.000000,29.000000,19.000000,2.000000,14.000000,29.000000,19.000000,50.045229,608.111775,73.486287,51.833245,3.000000
2026-05-10T08:40:33.275363031Z,0,per_hit,raw_percent_of_host,api-node1,api-node2,1,0,1,10.135099,47.781228,10.135099,47.781228,100.000000,100.000000,27.000000,15.000000,2.000000,7.000000,27.000000,15.000000,50.045229,270.113738,73.584771,61.494313,3.000000
2026-05-10T08:40:33.325359768Z,0,per_hit,raw_percent_of_host,api-node1,api-node2,1,0,1,10.135099,47.781228,10.135099,47.781228,100.000000,100.000000,26.000000,15.000000,2.000000,7.000000,26.000000,15.000000,50.045229,270.113738,73.634324,61.494313,3.000000
2026-05-10T08:40:33.375319505Z,0,per_hit,raw_percent_of_host,api-node1,api-node2,1,0,1,10.135099,47.781228,10.135099,47.781228,100.000000,100.000000,25.000000,13.000000,2.000000,7.000000,25.000000,13.000000,50.045229,270.113738,73.684085,61.494313,3.000000
2026-05-10T08:40:33.425361073Z,0,per_hit,raw_percent_of_host,api-node1,api-node2,1,0,1,10.135099,47.781228,10.135099,47.781228,100.000000,100.000000,24.000000,13.000000,2.000000,7.000000,24.000000,13.000000,50.045229,270.113738,73.734056,61.494313,3.000000
2026-05-10T08:40:33.47618934Z,0,per_hit,raw_percent_of_host,api-node1,api-node2,1,0,1,10.135099,47.781228,10.135099,47.781228,100.000000,100.000000,24.000000,12.000000,2.000000,7.000000,24.000000,12.000000,50.045229,270.113738,73.734056,61.494313,3.000000
2026-05-10T08:40:33.52537257Z,0,per_hit,raw_percent_of_host,api-node1,api-node2,1,0,1,10.135099,47.781228,10.135099,47.781228,100.000000,100.000000,23.000000,12.000000,2.000000,7.000000,23.000000,12.000000,50.045229,270.113738,73.784239,61.494313,3.000000
2026-05-10T08:40:33.576022844Z,0,per_hit,raw_percent_of_host,api-node1,api-node2,0,1,1,98.819231,58.650458,98.819231,58.650458,100.000000,100.000000,2.000000,2.000000,17.000000,8.000000,2.000000,2.000000,342.773232,340.190676,49.854977,57.990466,3.000000
2026-05-10T08:40:33.625603763Z,0,per_hit,raw_percent_of_host,api-node1,api-node2,1,0,1,67.409258,58.650458,67.409258,58.650458,100.000000,100.000000,0.000000,1.000000,1.000000,8.000000,0.000000,1.000000,50.139942,340.190676,66.800559,57.990466,3.000000
2026-05-10T08:40:33.676163423Z,0,per_hit,raw_percent_of_host,api-node1,api-node2,0,1,1,31.016443,0.000000,31.016443,0.000000,100.000000,100.000000,1.000000,0.000000,2.000000,1.000000,1.000000,0.000000,50.139942,79.700266,72.083606,75.000000,3.000000
2026-05-10T08:40:33.725226108Z,0,per_hit,raw_percent_of_host,api-node1,api-node2,0,1,1,0.000000,0.000000,0.000000,0.000000,100.000000,100.000000,1.000000,0.000000,1.000000,1.000000,1.000000,0.000000,50.047904,79.700266,74.944562,75.000000,3.000000
2026-05-10T08:40:33.775611026Z,0,per_hit,raw_percent_of_host,api-node1,api-node2,0,1,1,58.976386,0.000000,58.976386,0.000000,100.000000,100.000000,1.000000,0.000000,2.000000,1.000000,1.000000,0.000000,50.047904,79.700266,72.497605,75.000000,3.000000
2026-05-10T08:40:33.975565167Z,0,per_hit,raw_percent_of_host,api-node1,api-node2,0,1,1,0.000000,0.000000,0.000000,0.000000,100.000000,100.000000,14.000000,9.000000,1.000000,1.000000,14.000000,9.000000,50.058216,79.700266,74.245595,74.475891,3.000000
2026-05-10T08:40:34.025611654Z,0,per_hit,raw_percent_of_host,api-node1,api-node2,0,1,1,0.000000,0.000000,0.000000,0.000000,100.000000,100.000000,18.000000,10.000000,1.000000,1.000000,18.000000,10.000000,50.058216,79.700266,74.038342,74.419010,3.000000
2026-05-10T08:40:34.075436836Z,0,per_hit,raw_percent_of_host,api-node1,api-node2,0,1,1,0.000000,0.000000,0.000000,0.000000,100.000000,100.000000,26.000000,16.000000,1.000000,1.000000,26.000000,16.000000,50.058216,79.700266,73.634287,74.083199,3.000000
2026-05-10T08:40:34.126068585Z,0,per_hit,raw_percent_of_host,api-node1,api-node2,0,1,1,0.000000,0.000000,0.000000,0.000000,100.000000,100.000000,30.000000,17.000000,1.000000,1.000000,30.000000,17.000000,50.058216,79.700266,73.437310,74.028127,3.000000
2026-05-10T08:40:34.175529098Z,0,per_hit,raw_percent_of_host,api-node1,api-node2,0,1,1,0.000000,0.000000,0.000000,0.000000,100.000000,100.000000,30.000000,15.000000,1.000000,1.000000,30.000000,15.000000,50.058216,79.700266,73.437310,74.138525,3.000000
2026-05-10T08:40:34.226081251Z,0,per_hit,raw_percent_of_host,api-node1,api-node2,0,1,1,0.000000,0.000000,0.000000,0.000000,100.000000,100.000000,29.000000,16.000000,1.000000,1.000000,29.000000,16.000000,50.058216,79.700266,73.486246,74.083199,3.000000
2026-05-10T08:40:34.276008943Z,0,per_hit,raw_percent_of_host,api-node1,api-node2,0,1,1,99.251136,52.529516,99.251136,52.529516,100.000000,100.000000,27.000000,11.000000,13.000000,6.000000,27.000000,11.000000,264.881668,249.730836,47.687419,62.513458,3.000000
2026-05-10T08:40:34.326146485Z,0,per_hit,raw_percent_of_host,api-node1,api-node2,0,1,1,99.251136,52.529516,99.251136,52.529516,100.000000,100.000000,27.000000,11.000000,13.000000,6.000000,27.000000,11.000000,264.881668,249.730836,47.687419,62.513458,3.000000
2026-05-10T08:40:34.376072687Z,0,per_hit,raw_percent_of_host,api-node1,api-node2,0,1,1,99.251136,52.529516,99.251136,52.529516,100.000000,100.000000,24.000000,11.000000,13.000000,6.000000,24.000000,11.000000,264.881668,249.730836,47.923025,62.513458,3.000000
2026-05-10T08:40:34.426173163Z,0,per_hit,raw_percent_of_host,api-node1,api-node2,0,1,1,99.251136,52.529516,99.251136,52.529516,100.000000,100.000000,24.000000,11.000000,13.000000,6.000000,24.000000,11.000000,264.881668,249.730836,47.923025,62.513458,3.000000
2026-05-10T08:40:34.476290443Z,0,per_hit,raw_percent_of_host,api-node1,api-node2,0,1,1,99.251136,52.529516,99.251136,52.529516,100.000000,100.000000,24.000000,8.000000,13.000000,6.000000,24.000000,8.000000,264.881668,249.730836,47.923025,62.513458,3.000000
2026-05-10T08:40:34.526219692Z,0,per_hit,raw_percent_of_host,api-node1,api-node2,0,1,1,99.251136,52.529516,99.251136,52.529516,100.000000,100.000000,23.000000,8.000000,13.000000,6.000000,23.000000,8.000000,264.881668,249.730836,48.002652,62.513458,3.000000
2026-05-10T08:40:34.575346006Z,0,per_hit,raw_percent_of_host,api-node1,api-node2,0,1,1,98.391133,53.354764,98.391133,53.354764,100.000000,100.000000,4.000000,0.000000,17.000000,7.000000,4.000000,0.000000,324.025847,298.831912,49.695146,60.058404,3.000000
2026-05-10T08:40:34.675772582Z,0,per_hit,raw_percent_of_host,api-node1,api-node2,0,1,1,41.612414,0.000000,41.612414,0.000000,100.000000,100.000000,1.000000,0.000000,2.000000,1.000000,1.000000,0.000000,50.047545,82.353630,70.646037,75.000000,3.000000
2026-05-10T08:40:34.725460005Z,0,per_hit,raw_percent_of_host,api-node1,api-node2,0,1,1,70.978225,0.000000,70.978225,0.000000,100.000000,100.000000,1.000000,0.000000,1.000000,1.000000,1.000000,0.000000,50.072040,82.353630,60.459654,75.000000,3.000000
2026-05-10T08:40:34.775836036Z,0,per_hit,raw_percent_of_host,api-node1,api-node2,0,1,1,68.112494,0.000000,68.112494,0.000000,100.000000,100.000000,1.000000,0.000000,2.000000,1.000000,1.000000,0.000000,50.072040,82.353630,65.622518,75.000000,3.000000
2026-05-10T08:40:34.975526009Z,0,per_hit,raw_percent_of_host,api-node1,api-node2,1,0,1,0.000000,0.000000,0.000000,0.000000,100.000000,100.000000,10.000000,13.000000,1.000000,1.000000,10.000000,13.000000,50.046797,82.353630,74.456466,74.245320,3.000000
2026-05-10T08:40:35.026053224Z,0,per_hit,raw_percent_of_host,api-node1,api-node2,1,0,1,0.000000,0.000000,0.000000,0.000000,100.000000,100.000000,13.000000,15.000000,1.000000,1.000000,13.000000,15.000000,50.046797,82.353630,74.297985,74.133241,3.000000
2026-05-10T08:40:35.075305248Z,0,per_hit,raw_percent_of_host,api-node1,api-node2,1,0,1,0.000000,0.000000,0.000000,0.000000,100.000000,100.000000,21.000000,20.000000,1.000000,1.000000,21.000000,20.000000,50.046797,82.353630,73.885240,73.857525,3.000000
2026-05-10T08:40:35.125517226Z,0,per_hit,raw_percent_of_host,api-node1,api-node2,0,1,1,0.000000,0.000000,0.000000,0.000000,100.000000,100.000000,24.000000,21.000000,1.000000,1.000000,24.000000,21.000000,50.046797,82.353630,73.734052,73.803136,3.000000
2026-05-10T08:40:35.175515076Z,0,per_hit,raw_percent_of_host,api-node1,api-node2,0,1,1,90.747474,0.000000,90.747474,0.000000,100.000000,100.000000,22.000000,20.000000,9.000000,1.000000,22.000000,20.000000,181.807753,82.353630,48.383267,73.857525,3.000000
2026-05-10T08:40:35.226006672Z,0,per_hit,raw_percent_of_host,api-node1,api-node2,0,1,1,90.747474,0.000000,90.747474,0.000000,100.000000,100.000000,23.000000,20.000000,9.000000,1.000000,23.000000,20.000000,181.807753,82.353630,48.314733,73.857525,3.000000
2026-05-10T08:40:35.275546072Z,0,per_hit,raw_percent_of_host,api-node1,api-node2,0,1,1,90.747474,0.000000,90.747474,0.000000,100.000000,100.000000,21.000000,19.000000,9.000000,1.000000,21.000000,19.000000,181.807753,82.353630,48.452205,73.912163,3.000000
2026-05-10T08:40:35.325694475Z,0,per_hit,raw_percent_of_host,api-node1,api-node2,0,1,1,90.747474,0.000000,90.747474,0.000000,100.000000,100.000000,21.000000,19.000000,9.000000,1.000000,21.000000,19.000000,181.807753,82.353630,48.452205,73.912163,3.000000
2026-05-10T08:40:35.375318557Z,0,per_hit,raw_percent_of_host,api-node1,api-node2,0,1,1,90.747474,56.717662,90.747474,56.717662,100.000000,100.000000,20.000000,15.000000,9.000000,9.000000,20.000000,15.000000,181.807753,363.821478,48.521551,56.808926,3.000000
2026-05-10T08:40:35.425944377Z,0,per_hit,raw_percent_of_host,api-node1,api-node2,0,1,1,90.747474,56.717662,90.747474,56.717662,100.000000,100.000000,20.000000,15.000000,9.000000,9.000000,20.000000,15.000000,181.807753,363.821478,48.521551,56.808926,3.000000
2026-05-10T08:40:35.476432183Z,0,per_hit,raw_percent_of_host,api-node1,api-node2,0,1,1,90.747474,56.717662,90.747474,56.717662,100.000000,100.000000,19.000000,13.000000,9.000000,9.000000,19.000000,13.000000,181.807753,363.821478,48.591308,56.808926,3.000000
2026-05-10T08:40:35.525597408Z,0,per_hit,raw_percent_of_host,api-node1,api-node2,0,1,1,90.747474,56.717662,90.747474,56.717662,100.000000,100.000000,19.000000,13.000000,9.000000,9.000000,19.000000,13.000000,181.807753,363.821478,48.591308,56.808926,3.000000
2026-05-10T08:40:35.575772653Z,0,per_hit,raw_percent_of_host,api-node1,api-node2,0,1,1,90.747474,56.717662,90.747474,56.717662,100.000000,100.000000,19.000000,13.000000,9.000000,9.000000,19.000000,13.000000,181.807753,363.821478,48.591308,56.808926,3.000000
2026-05-10T08:40:35.625712762Z,0,per_hit,raw_percent_of_host,api-node1,api-node2,0,1,1,98.406046,56.717662,98.406046,56.717662,100.000000,100.000000,2.000000,13.000000,9.000000,9.000000,2.000000,13.000000,183.502546,363.821478,49.843013,56.808926,3.000000
2026-05-10T08:40:35.675857323Z,0,per_hit,raw_percent_of_host,api-node1,api-node2,1,0,1,0.000000,44.202773,0.000000,44.202773,100.000000,100.000000,2.000000,2.000000,1.000000,1.000000,2.000000,2.000000,50.042904,83.574576,74.889370,69.162154,3.000000
2026-05-10T08:40:35.726076643Z,0,per_hit,raw_percent_of_host,api-node1,api-node2,1,0,1,0.000000,75.208007,0.000000,75.208007,100.000000,100.000000,3.000000,2.000000,1.000000,2.000000,3.000000,2.000000,50.042904,83.574576,74.834421,49.804280,3.000000
2026-05-10T08:40:35.775987407Z,0,per_hit,raw_percent_of_host,api-node1,api-node2,0,1,1,53.326159,0.000000,53.326159,0.000000,100.000000,100.000000,1.000000,0.000000,2.000000,1.000000,1.000000,0.000000,50.042904,50.058074,72.248590,75.000000,3.000000
2026-05-10T08:40:35.975986749Z,0,per_hit,raw_percent_of_host,api-node1,api-node2,1,0,1,0.000000,0.000000,0.000000,0.000000,100.000000,100.000000,9.000000,14.000000,1.000000,1.000000,9.000000,14.000000,50.045812,50.058074,74.509755,74.245595,3.000000
2026-05-10T08:40:36.025544749Z,0,per_hit,raw_percent_of_host,api-node1,api-node2,1,0,1,0.000000,0.000000,0.000000,0.000000,100.000000,100.000000,12.000000,16.000000,1.000000,1.000000,12.000000,16.000000,50.045812,50.058074,74.350585,74.141524,3.000000
2026-05-10T08:40:36.075651379Z,0,per_hit,raw_percent_of_host,api-node1,api-node2,1,0,1,0.000000,0.000000,0.000000,0.000000,100.000000,100.000000,16.000000,22.000000,1.000000,1.000000,16.000000,22.000000,50.045812,50.058074,74.141547,73.834602,3.000000
2026-05-10T08:40:36.125930425Z,0,per_hit,raw_percent_of_host,api-node1,api-node2,1,0,1,0.000000,0.000000,0.000000,0.000000,100.000000,100.000000,19.000000,26.000000,1.000000,1.000000,19.000000,26.000000,50.045812,50.058074,73.987108,73.634287,3.000000
2026-05-10T08:40:36.175938867Z,0,per_hit,raw_percent_of_host,api-node1,api-node2,0,1,1,95.154617,0.000000,95.154617,0.000000,100.000000,100.000000,17.000000,25.000000,8.000000,1.000000,17.000000,25.000000,162.801098,50.058074,48.800109,73.684050,3.000000
2026-05-10T08:40:36.226249545Z,0,per_hit,raw_percent_of_host,api-node1,api-node2,0,1,1,95.154617,0.000000,95.154617,0.000000,100.000000,100.000000,16.000000,25.000000,8.000000,1.000000,16.000000,25.000000,162.801098,50.058074,48.867494,73.684050,3.000000
2026-05-10T08:40:36.275842248Z,0,per_hit,raw_percent_of_host,api-node1,api-node2,0,1,1,95.154617,0.000000,95.154617,0.000000,100.000000,100.000000,15.000000,24.000000,8.000000,1.000000,15.000000,24.000000,162.801098,50.058074,48.935261,73.734022,3.000000
2026-05-10T08:40:36.326006725Z,0,per_hit,raw_percent_of_host,api-node1,api-node2,0,1,1,95.154617,0.000000,95.154617,0.000000,100.000000,100.000000,15.000000,24.000000,8.000000,1.000000,15.000000,24.000000,162.801098,50.058074,48.935261,73.734022,3.000000
2026-05-10T08:40:36.376017585Z,0,per_hit,raw_percent_of_host,api-node1,api-node2,0,1,1,95.154617,58.989434,95.154617,58.989434,100.000000,100.000000,9.000000,20.000000,8.000000,10.000000,9.000000,20.000000,162.801098,385.902203,49.350085,55.704890,3.000000
2026-05-10T08:40:36.426001286Z,0,per_hit,raw_percent_of_host,api-node1,api-node2,0,1,1,95.231933,58.989434,95.231933,58.989434,100.000000,100.000000,1.000000,20.000000,2.000000,10.000000,1.000000,20.000000,50.039672,385.902203,49.944563,55.704890,3.000000
2026-05-10T08:40:36.475529956Z,0,per_hit,raw_percent_of_host,api-node1,api-node2,0,1,1,95.231933,58.989434,95.231933,58.989434,100.000000,100.000000,0.000000,18.000000,2.000000,10.000000,0.000000,18.000000,50.039672,385.902203,50.000000,55.704890,3.000000
2026-05-10T08:40:36.52568817Z,0,per_hit,raw_percent_of_host,api-node1,api-node2,0,1,1,95.231933,58.989434,95.231933,58.989434,100.000000,100.000000,0.000000,18.000000,2.000000,10.000000,0.000000,18.000000,50.039672,385.902203,50.000000,55.704890,3.000000
2026-05-10T08:40:36.575288647Z,0,per_hit,raw_percent_of_host,api-node1,api-node2,0,1,1,95.231933,58.989434,95.231933,58.989434,100.000000,100.000000,0.000000,17.000000,2.000000,10.000000,0.000000,17.000000,50.039672,385.902203,50.000000,55.704890,3.000000
2026-05-10T08:40:36.625427454Z,0,per_hit,raw_percent_of_host,api-node1,api-node2,0,1,1,95.231933,58.989434,95.231933,58.989434,100.000000,100.000000,0.000000,17.000000,2.000000,10.000000,0.000000,17.000000,50.039672,385.902203,50.000000,55.704890,3.000000
2026-05-10T08:40:36.67594649Z,0,per_hit,raw_percent_of_host,api-node1,api-node2,0,1,1,95.231933,58.989434,95.231933,58.989434,100.000000,100.000000,1.000000,16.000000,2.000000,10.000000,1.000000,16.000000,50.039672,385.902203,49.944563,55.704890,3.000000
2026-05-10T08:40:36.72565293Z,0,per_hit,raw_percent_of_host,api-node1,api-node2,0,1,1,95.231933,58.989434,95.231933,58.989434,100.000000,100.000000,1.000000,16.000000,2.000000,10.000000,1.000000,16.000000,50.039672,385.902203,49.944563,55.704890,3.000000
2026-05-10T08:40:36.775358296Z,0,per_hit,raw_percent_of_host,api-node1,api-node2,0,1,1,95.231933,49.838055,95.231933,49.838055,100.000000,100.000000,1.000000,2.000000,2.000000,10.000000,1.000000,2.000000,50.039672,421.986628,49.944563,54.505873,3.000000
2026-05-10T08:40:36.826095615Z,0,per_hit,raw_percent_of_host,api-node1,api-node2,1,0,1,30.788617,49.838055,30.788617,49.838055,100.000000,100.000000,0.000000,1.000000,1.000000,10.000000,0.000000,1.000000,50.053986,421.986628,72.118576,54.505873,3.000000
2026-05-10T08:40:36.975722513Z,0,per_hit,raw_percent_of_host,api-node1,api-node2,1,0,1,0.000000,0.000000,0.000000,0.000000,100.000000,100.000000,9.000000,14.000000,1.000000,1.000000,9.000000,14.000000,50.053986,79.778553,74.509746,74.193960,3.000000
2026-05-10T08:40:37.025416915Z,0,per_hit,raw_percent_of_host,api-node1,api-node2,1,0,1,0.000000,0.000000,0.000000,0.000000,100.000000,100.000000,11.000000,17.000000,1.000000,1.000000,11.000000,17.000000,50.053986,79.778553,74.403401,74.027953,3.000000
2026-05-10T08:40:37.075659553Z,0,per_hit,raw_percent_of_host,api-node1,api-node2,1,0,1,0.000000,0.000000,0.000000,0.000000,100.000000,100.000000,14.000000,25.000000,1.000000,1.000000,14.000000,25.000000,50.053986,79.778553,74.245602,73.596204,3.000000
2026-05-10T08:40:37.125385259Z,0,per_hit,raw_percent_of_host,api-node1,api-node2,1,0,1,0.000000,0.000000,0.000000,0.000000,100.000000,100.000000,15.000000,30.000000,1.000000,1.000000,15.000000,30.000000,50.053986,79.778553,74.193455,73.334153,3.000000
2026-05-10T08:40:37.175379391Z,0,per_hit,raw_percent_of_host,api-node1,api-node2,0,1,1,98.707187,0.000000,98.707187,0.000000,100.000000,100.000000,12.000000,30.000000,8.000000,1.000000,12.000000,30.000000,161.564267,79.778553,49.143923,73.334153,3.000000
2026-05-10T08:40:37.226167312Z,0,per_hit,raw_percent_of_host,api-node1,api-node2,0,1,1,98.707187,0.000000,98.707187,0.000000,100.000000,100.000000,10.000000,31.000000,8.000000,1.000000,10.000000,31.000000,161.564267,79.778553,49.282508,73.282440,3.000000
2026-05-10T08:40:37.275339627Z,0,per_hit,raw_percent_of_host,api-node1,api-node2,0,1,1,98.707187,0.000000,98.707187,0.000000,100.000000,100.000000,9.000000,30.000000,8.000000,1.000000,9.000000,30.000000,161.564267,79.778553,49.352398,73.334153,3.000000
2026-05-10T08:40:37.325687298Z,0,per_hit,raw_percent_of_host,api-node1,api-node2,0,1,1,98.707187,0.000000,98.707187,0.000000,100.000000,100.000000,0.000000,30.000000,8.000000,1.000000,0.000000,30.000000,161.564267,79.778553,50.000000,73.334153,3.000000
2026-05-10T08:40:37.375632222Z,0,per_hit,raw_percent_of_host,api-node1,api-node2,0,1,1,98.707187,61.408793,98.707187,61.408793,100.000000,100.000000,0.000000,26.000000,8.000000,11.000000,0.000000,26.000000,161.564267,392.306966,50.000000,54.021795,3.000000
2026-05-10T08:40:37.426207744Z,0,per_hit,raw_percent_of_host,api-node1,api-node2,1,0,1,68.626042,61.408793,68.626042,61.408793,100.000000,100.000000,0.000000,26.000000,1.000000,11.000000,0.000000,26.000000,50.049563,392.306966,64.910570,54.021795,3.000000
2026-05-10T08:40:37.476042986Z,0,per_hit,raw_percent_of_host,api-node1,api-node2,1,0,1,68.626042,61.408793,68.626042,61.408793,100.000000,100.000000,0.000000,25.000000,1.000000,11.000000,0.000000,25.000000,50.049563,392.306966,64.910570,54.021795,3.000000
2026-05-10T08:40:37.526164619Z,0,per_hit,raw_percent_of_host,api-node1,api-node2,1,0,1,68.626042,61.408793,68.626042,61.408793,100.000000,100.000000,0.000000,25.000000,1.000000,11.000000,0.000000,25.000000,50.049563,392.306966,64.910570,54.021795,3.000000
2026-05-10T08:40:37.576340234Z,0,per_hit,raw_percent_of_host,api-node1,api-node2,1,0,1,68.626042,61.408793,68.626042,61.408793,100.000000,100.000000,0.000000,23.000000,1.000000,11.000000,0.000000,23.000000,50.049563,392.306966,64.910570,54.048424,3.000000
2026-05-10T08:40:37.625460277Z,0,per_hit,raw_percent_of_host,api-node1,api-node2,1,0,1,68.626042,61.408793,68.626042,61.408793,100.000000,100.000000,0.000000,23.000000,1.000000,11.000000,0.000000,23.000000,50.049563,392.306966,64.910570,54.048424,3.000000
2026-05-10T08:40:37.675404623Z,0,per_hit,raw_percent_of_host,api-node1,api-node2,1,0,1,68.626042,61.408793,68.626042,61.408793,100.000000,100.000000,0.000000,23.000000,1.000000,11.000000,0.000000,23.000000,50.049563,392.306966,64.910570,54.048424,3.000000
2026-05-10T08:40:37.726231214Z,0,per_hit,raw_percent_of_host,api-node1,api-node2,1,0,1,68.626042,61.408793,68.626042,61.408793,100.000000,100.000000,1.000000,23.000000,1.000000,11.000000,1.000000,23.000000,50.049563,392.306966,64.798848,54.048424,3.000000
2026-05-10T08:40:37.775609053Z,0,per_hit,raw_percent_of_host,api-node1,api-node2,1,0,1,68.626042,61.408793,68.626042,61.408793,100.000000,100.000000,1.000000,22.000000,1.000000,11.000000,1.000000,22.000000,50.049563,392.306966,64.798848,54.104073,3.000000
2026-05-10T08:40:37.825790223Z,0,per_hit,raw_percent_of_host,api-node1,api-node2,1,0,1,68.626042,61.408793,68.626042,61.408793,100.000000,100.000000,0.000000,22.000000,1.000000,11.000000,0.000000,22.000000,50.049563,392.306966,64.910570,54.104073,3.000000
2026-05-10T08:40:37.875501537Z,0,per_hit,raw_percent_of_host,api-node1,api-node2,1,0,1,68.626042,61.408793,68.626042,61.408793,100.000000,100.000000,0.000000,21.000000,1.000000,11.000000,0.000000,21.000000,50.049563,392.306966,64.910570,54.159934,3.000000
2026-05-10T08:40:37.925644749Z,0,per_hit,raw_percent_of_host,api-node1,api-node2,1,0,1,68.626042,61.408793,68.626042,61.408793,100.000000,100.000000,0.000000,21.000000,1.000000,11.000000,0.000000,21.000000,50.049563,392.306966,64.910570,54.159934,3.000000
2026-05-10T08:40:37.975443875Z,0,per_hit,raw_percent_of_host,api-node1,api-node2,1,0,1,68.626042,49.969280,68.626042,49.969280,100.000000,100.000000,12.000000,12.000000,1.000000,14.000000,12.000000,12.000000,50.049563,640.608729,63.609960,49.229283,3.000000
2026-05-10T08:40:38.025580762Z,0,per_hit,raw_percent_of_host,api-node1,api-node2,1,0,1,68.626042,49.969280,68.626042,49.969280,100.000000,100.000000,18.000000,13.000000,1.000000,14.000000,18.000000,13.000000,50.049563,640.608729,62.990934,49.163855,3.000000
2026-05-10T08:40:38.075515497Z,0,per_hit,raw_percent_of_host,api-node1,api-node2,1,0,1,68.626042,49.969280,68.626042,49.969280,100.000000,100.000000,23.000000,11.000000,1.000000,14.000000,23.000000,11.000000,50.049563,640.608729,62.490042,49.295067,3.000000
2026-05-10T08:40:38.126087466Z,0,per_hit,raw_percent_of_host,api-node1,api-node2,1,0,1,68.626042,49.969280,68.626042,49.969280,100.000000,100.000000,29.000000,16.000000,1.000000,14.000000,29.000000,16.000000,50.049563,640.608729,61.906135,48.969673,3.000000
2026-05-10T08:40:38.176081751Z,0,per_hit,raw_percent_of_host,api-node1,api-node2,0,1,1,68.626042,44.774532,68.626042,44.774532,100.000000,100.000000,29.000000,13.000000,1.000000,5.000000,29.000000,13.000000,50.049563,59.085992,61.906135,70.675529,3.000000
2026-05-10T08:40:38.225534835Z,0,per_hit,raw_percent_of_host,api-node1,api-node2,0,1,1,33.822099,44.774532,33.822099,44.774532,100.000000,100.000000,28.000000,13.000000,11.000000,5.000000,28.000000,13.000000,217.482756,59.085992,67.287919,70.675529,3.000000
2026-05-10T08:40:38.275365003Z,0,per_hit,raw_percent_of_host,api-node1,api-node2,0,1,1,33.822099,44.774532,33.822099,44.774532,100.000000,100.000000,27.000000,12.000000,11.000000,5.000000,27.000000,12.000000,217.482756,59.085992,67.287919,70.675529,3.000000
2026-05-10T08:40:38.325520386Z,0,per_hit,raw_percent_of_host,api-node1,api-node2,0,1,1,33.822099,44.774532,33.822099,44.774532,100.000000,100.000000,27.000000,12.000000,11.000000,5.000000,27.000000,12.000000,217.482756,59.085992,67.287919,70.675529,3.000000
2026-05-10T08:40:38.375654049Z,0,per_hit,raw_percent_of_host,api-node1,api-node2,0,1,1,33.822099,44.774532,33.822099,44.774532,100.000000,100.000000,26.000000,11.000000,11.000000,5.000000,26.000000,11.000000,217.482756,59.085992,67.287919,70.675529,3.000000
2026-05-10T08:40:38.426011176Z,0,per_hit,raw_percent_of_host,api-node1,api-node2,0,1,1,33.822099,44.774532,33.822099,44.774532,100.000000,100.000000,24.000000,11.000000,11.000000,5.000000,24.000000,11.000000,217.482756,59.085992,67.287919,70.675529,3.000000
2026-05-10T08:40:38.475900971Z,0,per_hit,raw_percent_of_host,api-node1,api-node2,0,1,1,33.822099,44.774532,33.822099,44.774532,100.000000,100.000000,24.000000,10.000000,11.000000,5.000000,24.000000,10.000000,217.482756,59.085992,67.287919,70.675529,3.000000
2026-05-10T08:40:38.52600996Z,0,per_hit,raw_percent_of_host,api-node1,api-node2,0,1,1,33.822099,44.774532,33.822099,44.774532,100.000000,100.000000,24.000000,10.000000,11.000000,5.000000,24.000000,10.000000,217.482756,59.085992,67.287919,70.675529,3.000000
2026-05-10T08:40:38.575240908Z,0,per_hit,raw_percent_of_host,api-node1,api-node2,0,1,1,98.806228,49.881586,98.806228,49.881586,100.000000,100.000000,6.000000,0.000000,18.000000,8.000000,6.000000,0.000000,363.671203,399.655940,49.594234,55.503790,3.000000
2026-05-10T08:40:38.676161904Z,0,per_hit,raw_percent_of_host,api-node1,api-node2,0,1,1,0.000000,0.000000,0.000000,0.000000,100.000000,100.000000,1.000000,0.000000,1.000000,1.000000,1.000000,0.000000,50.022247,50.040689,74.944565,75.000000,3.000000
2026-05-10T08:40:38.725858452Z,0,per_hit,raw_percent_of_host,api-node1,api-node2,0,1,1,42.625413,0.000000,42.625413,0.000000,100.000000,100.000000,1.000000,0.000000,1.000000,1.000000,1.000000,0.000000,50.042510,50.040689,70.855132,75.000000,3.000000
2026-05-10T08:40:38.776233955Z,0,per_hit,raw_percent_of_host,api-node1,api-node2,0,1,1,64.917669,0.000000,64.917669,0.000000,100.000000,100.000000,1.000000,0.000000,2.000000,1.000000,1.000000,0.000000,50.042510,50.040689,69.990849,75.000000,3.000000
2026-05-10T08:40:38.975903725Z,0,per_hit,raw_percent_of_host,api-node1,api-node2,0,1,1,33.574985,0.000000,33.574985,0.000000,100.000000,100.000000,9.000000,7.000000,2.000000,1.000000,9.000000,7.000000,50.060615,50.040689,71.694019,74.617034,3.000000
2026-05-10T08:40:39.025237449Z,0,per_hit,raw_percent_of_host,api-node1,api-node2,0,1,1,33.574985,0.000000,33.574985,0.000000,100.000000,100.000000,12.000000,11.000000,2.000000,1.000000,12.000000,11.000000,50.060615,50.040689,71.694019,74.403418,3.000000
2026-05-10T08:40:39.076061202Z,0,per_hit,raw_percent_of_host,api-node1,api-node2,0,1,1,33.574985,56.920276,33.574985,56.920276,100.000000,100.000000,17.000000,14.000000,2.000000,6.000000,17.000000,14.000000,50.060615,50.040689,71.694019,72.497966,3.000000
2026-05-10T08:40:39.125766816Z,0,per_hit,raw_percent_of_host,api-node1,api-node2,0,1,1,33.574985,56.920276,33.574985,56.920276,100.000000,100.000000,22.000000,21.000000,2.000000,6.000000,22.000000,21.000000,50.060615,50.040689,71.694019,72.497966,3.000000
2026-05-10T08:40:39.17546134Z,0,per_hit,raw_percent_of_host,api-node1,api-node2,0,1,1,33.574985,56.920276,33.574985,56.920276,100.000000,100.000000,19.000000,18.000000,2.000000,6.000000,19.000000,18.000000,50.060615,50.040689,71.694019,72.497966,3.000000
2026-05-10T08:40:39.225892999Z,0,per_hit,raw_percent_of_host,api-node1,api-node2,0,1,1,33.574985,56.920276,33.574985,56.920276,100.000000,100.000000,20.000000,18.000000,2.000000,6.000000,20.000000,18.000000,50.060615,50.040689,71.694019,72.497966,3.000000
2026-05-10T08:40:39.275847495Z,0,per_hit,raw_percent_of_host,api-node1,api-node2,0,1,1,33.574985,56.920276,33.574985,56.920276,100.000000,100.000000,19.000000,16.000000,2.000000,6.000000,19.000000,16.000000,50.060615,50.040689,71.694019,72.497966,3.000000
2026-05-10T08:40:39.325547539Z,0,per_hit,raw_percent_of_host,api-node1,api-node2,0,1,1,94.756879,56.920276,94.756879,56.920276,100.000000,100.000000,17.000000,16.000000,13.000000,6.000000,17.000000,16.000000,221.792806,50.040689,48.560333,72.497966,3.000000
2026-05-10T08:40:39.376179296Z,0,per_hit,raw_percent_of_host,api-node1,api-node2,0,1,1,94.756879,56.920276,94.756879,56.920276,100.000000,100.000000,17.000000,13.000000,13.000000,6.000000,17.000000,13.000000,221.792806,50.040689,48.560333,72.497966,3.000000
2026-05-10T08:40:39.425600636Z,0,per_hit,raw_percent_of_host,api-node1,api-node2,0,1,1,94.756879,56.920276,94.756879,56.920276,100.000000,100.000000,11.000000,13.000000,13.000000,6.000000,11.000000,13.000000,221.792806,50.040689,49.049125,72.497966,3.000000
2026-05-10T08:40:39.476100355Z,0,per_hit,raw_percent_of_host,api-node1,api-node2,0,1,1,94.756879,56.920276,94.756879,56.920276,100.000000,100.000000,0.000000,13.000000,13.000000,6.000000,0.000000,13.000000,221.792806,50.040689,50.000000,72.497966,3.000000
2026-05-10T08:40:39.526266629Z,0,per_hit,raw_percent_of_host,api-node1,api-node2,0,1,1,94.756879,56.920276,94.756879,56.920276,100.000000,100.000000,0.000000,13.000000,13.000000,6.000000,0.000000,13.000000,221.792806,50.040689,50.000000,72.497966,3.000000
2026-05-10T08:40:39.576101323Z,0,per_hit,raw_percent_of_host,api-node1,api-node2,0,1,1,94.756879,56.920276,94.756879,56.920276,100.000000,100.000000,0.000000,12.000000,13.000000,6.000000,0.000000,12.000000,221.792806,50.040689,50.000000,72.497966,3.000000
2026-05-10T08:40:39.626243477Z,0,per_hit,raw_percent_of_host,api-node1,api-node2,0,1,1,94.756879,56.920276,94.756879,56.920276,100.000000,100.000000,0.000000,12.000000,13.000000,6.000000,0.000000,12.000000,221.792806,50.040689,50.000000,72.497966,3.000000
2026-05-10T08:40:39.676046119Z,0,per_hit,raw_percent_of_host,api-node1,api-node2,0,1,1,46.577144,0.000000,46.577144,0.000000,100.000000,100.000000,1.000000,0.000000,2.000000,1.000000,1.000000,0.000000,50.039153,81.787224,71.508416,75.000000,3.000000
2026-05-10T08:40:39.726085684Z,0,per_hit,raw_percent_of_host,api-node1,api-node2,0,1,1,46.558275,0.000000,46.558275,0.000000,100.000000,100.000000,0.000000,1.000000,1.000000,1.000000,0.000000,1.000000,50.059981,81.787224,71.504536,74.940364,3.000000
2026-05-10T08:40:39.775527595Z,0,per_hit,raw_percent_of_host,api-node1,api-node2,1,0,1,0.000000,80.973556,0.000000,80.973556,100.000000,100.000000,0.000000,1.000000,1.000000,2.000000,0.000000,1.000000,50.059981,81.787224,75.000000,49.928685,3.000000
2026-05-10T08:40:39.975272989Z,0,per_hit,raw_percent_of_host,api-node1,api-node2,0,1,1,0.000000,0.000000,0.000000,0.000000,100.000000,100.000000,9.000000,7.000000,1.000000,1.000000,9.000000,7.000000,50.059981,50.043671,74.509740,74.617031,3.000000
2026-05-10T08:40:40.025927804Z,0,per_hit,raw_percent_of_host,api-node1,api-node2,0,1,1,0.000000,0.000000,0.000000,0.000000,100.000000,100.000000,11.000000,11.000000,1.000000,1.000000,11.000000,11.000000,50.059981,50.043671,74.403393,74.403414,3.000000
2026-05-10T08:40:40.07555098Z,0,per_hit,raw_percent_of_host,api-node1,api-node2,0,1,1,0.000000,0.000000,0.000000,0.000000,100.000000,100.000000,17.000000,16.000000,1.000000,1.000000,17.000000,16.000000,50.059981,50.043671,74.089819,74.141550,3.000000
2026-05-10T08:40:40.125769937Z,0,per_hit,raw_percent_of_host,api-node1,api-node2,1,0,1,0.000000,0.000000,0.000000,0.000000,100.000000,100.000000,21.000000,22.000000,1.000000,1.000000,21.000000,22.000000,50.059981,50.043671,73.885208,73.834638,3.000000
2026-05-10T08:40:40.176071738Z,0,per_hit,raw_percent_of_host,api-node1,api-node2,1,0,1,0.000000,46.057536,0.000000,46.057536,100.000000,100.000000,18.000000,19.000000,1.000000,6.000000,18.000000,19.000000,50.059981,59.558052,74.038338,70.868385,3.000000
2026-05-10T08:40:40.225834659Z,0,per_hit,raw_percent_of_host,api-node1,api-node2,1,0,1,0.000000,46.057536,0.000000,46.057536,100.000000,100.000000,18.000000,20.000000,1.000000,6.000000,18.000000,20.000000,50.059981,59.558052,74.038338,70.868385,3.000000
2026-05-10T08:40:40.27608112Z,0,per_hit,raw_percent_of_host,api-node1,api-node2,1,0,1,0.000000,46.057536,0.000000,46.057536,100.000000,100.000000,16.000000,18.000000,1.000000,6.000000,16.000000,18.000000,50.059981,59.558052,74.141520,70.868385,3.000000
2026-05-10T08:40:40.326227428Z,0,per_hit,raw_percent_of_host,api-node1,api-node2,1,0,1,0.000000,46.057536,0.000000,46.057536,100.000000,100.000000,16.000000,18.000000,1.000000,6.000000,16.000000,18.000000,50.059981,59.558052,74.141520,70.868385,3.000000
2026-05-10T08:40:40.375385493Z,0,per_hit,raw_percent_of_host,api-node1,api-node2,1,0,1,0.000000,46.057536,0.000000,46.057536,100.000000,100.000000,16.000000,18.000000,1.000000,6.000000,16.000000,18.000000,50.059981,59.558052,74.141520,70.868385,3.000000
2026-05-10T08:40:40.425283495Z,0,per_hit,raw_percent_of_host,api-node1,api-node2,0,1,1,97.527763,46.057536,97.527763,46.057536,100.000000,100.000000,1.000000,15.000000,14.000000,6.000000,1.000000,15.000000,283.325813,59.558052,49.912073,70.868385,3.000000
2026-05-10T08:40:40.47626426Z,0,per_hit,raw_percent_of_host,api-node1,api-node2,0,1,1,97.527763,46.057536,97.527763,46.057536,100.000000,100.000000,0.000000,15.000000,14.000000,6.000000,0.000000,15.000000,283.325813,59.558052,50.000000,70.868385,3.000000
2026-05-10T08:40:40.525407642Z,0,per_hit,raw_percent_of_host,api-node1,api-node2,0,1,1,97.527763,46.057536,97.527763,46.057536,100.000000,100.000000,0.000000,15.000000,14.000000,6.000000,0.000000,15.000000,283.325813,59.558052,50.000000,70.868385,3.000000
2026-05-10T08:40:40.5762719Z,0,per_hit,raw_percent_of_host,api-node1,api-node2,0,1,1,97.527763,46.057536,97.527763,46.057536,100.000000,100.000000,0.000000,14.000000,14.000000,6.000000,0.000000,14.000000,283.325813,59.558052,50.000000,70.868385,3.000000
2026-05-10T08:40:40.625426293Z,0,per_hit,raw_percent_of_host,api-node1,api-node2,0,1,1,97.527763,46.057536,97.527763,46.057536,100.000000,100.000000,0.000000,14.000000,14.000000,6.000000,0.000000,14.000000,283.325813,59.558052,50.000000,70.868385,3.000000
2026-05-10T08:40:40.675437837Z,0,per_hit,raw_percent_of_host,api-node1,api-node2,1,0,1,97.527763,49.996732,97.527763,49.996732,100.000000,100.000000,1.000000,2.000000,14.000000,12.000000,1.000000,2.000000,283.325813,518.848946,49.912073,49.865337,3.000000
2026-05-10T08:40:40.725933787Z,0,per_hit,raw_percent_of_host,api-node1,api-node2,1,0,1,24.189018,49.996732,24.189018,49.996732,100.000000,100.000000,0.000000,2.000000,2.000000,12.000000,0.000000,2.000000,50.044340,518.848946,75.000000,49.865337,3.000000
2026-05-10T08:40:40.775692527Z,0,per_hit,raw_percent_of_host,api-node1,api-node2,1,0,1,17.107200,74.997774,17.107200,74.997774,100.000000,100.000000,0.000000,1.000000,1.000000,2.000000,0.000000,1.000000,50.039459,78.643409,75.000000,49.907801,3.000000
2026-05-10T08:40:40.825298202Z,0,per_hit,raw_percent_of_host,api-node1,api-node2,1,0,1,0.000000,74.997774,0.000000,74.997774,100.000000,100.000000,0.000000,1.000000,1.000000,2.000000,0.000000,1.000000,50.039459,78.643409,75.000000,49.907801,3.000000
2026-05-10T08:40:40.975447479Z,0,per_hit,raw_percent_of_host,api-node1,api-node2,1,0,1,0.000000,0.000000,0.000000,0.000000,100.000000,100.000000,8.000000,8.000000,1.000000,1.000000,8.000000,8.000000,50.039459,50.044788,74.563281,74.563276,3.000000
2026-05-10T08:40:41.025561216Z,0,per_hit,raw_percent_of_host,api-node1,api-node2,1,0,1,0.000000,0.000000,0.000000,0.000000,100.000000,100.000000,10.000000,12.000000,1.000000,1.000000,10.000000,12.000000,50.039459,50.044788,74.456475,74.350586,3.000000
2026-05-10T08:40:41.075371173Z,0,per_hit,raw_percent_of_host,api-node1,api-node2,1,0,1,0.000000,0.000000,0.000000,0.000000,100.000000,100.000000,14.000000,17.000000,1.000000,1.000000,14.000000,17.000000,50.039459,50.044788,74.245626,74.089848,3.000000
2026-05-10T08:40:41.125388991Z,0,per_hit,raw_percent_of_host,api-node1,api-node2,1,0,1,0.000000,0.000000,0.000000,0.000000,100.000000,100.000000,16.000000,24.000000,1.000000,1.000000,16.000000,24.000000,50.039459,50.044788,74.141558,73.734058,3.000000
2026-05-10T08:40:41.175313662Z,0,per_hit,raw_percent_of_host,api-node1,api-node2,0,1,1,90.186735,0.000000,90.186735,0.000000,100.000000,100.000000,14.000000,22.000000,7.000000,1.000000,14.000000,22.000000,148.435121,50.044788,49.042578,73.834635,3.000000
2026-05-10T08:40:41.226153415Z,0,per_hit,raw_percent_of_host,api-node1,api-node2,0,1,1,90.186735,0.000000,90.186735,0.000000,100.000000,100.000000,14.000000,23.000000,7.000000,1.000000,14.000000,23.000000,148.435121,50.044788,49.042578,73.784240,3.000000
2026-05-10T08:40:41.275449693Z,0,per_hit,raw_percent_of_host,api-node1,api-node2,0,1,1,90.186735,56.248520,90.186735,56.248520,100.000000,100.000000,12.000000,21.000000,7.000000,6.000000,12.000000,21.000000,148.435121,58.804065,49.174838,72.059797,3.000000
2026-05-10T08:40:41.325475825Z,0,per_hit,raw_percent_of_host,api-node1,api-node2,0,1,1,90.186735,56.248520,90.186735,56.248520,100.000000,100.000000,11.000000,21.000000,7.000000,6.000000,11.000000,21.000000,148.435121,58.804065,49.241515,72.059797,3.000000
2026-05-10T08:40:41.375615153Z,0,per_hit,raw_percent_of_host,api-node1,api-node2,0,1,1,98.299586,56.248520,98.299586,56.248520,100.000000,100.000000,1.000000,21.000000,6.000000,6.000000,1.000000,21.000000,122.055632,58.804065,49.934027,72.059797,3.000000
2026-05-10T08:40:41.425654092Z,0,per_hit,raw_percent_of_host,api-node1,api-node2,0,1,1,98.299586,56.248520,98.299586,56.248520,100.000000,100.000000,0.000000,21.000000,6.000000,6.000000,0.000000,21.000000,122.055632,58.804065,50.000000,72.059797,3.000000
2026-05-10T08:40:41.475700981Z,0,per_hit,raw_percent_of_host,api-node1,api-node2,0,1,1,98.299586,56.248520,98.299586,56.248520,100.000000,100.000000,0.000000,19.000000,6.000000,6.000000,0.000000,19.000000,122.055632,58.804065,50.000000,72.059797,3.000000
2026-05-10T08:40:41.525879817Z,0,per_hit,raw_percent_of_host,api-node1,api-node2,0,1,1,98.299586,56.248520,98.299586,56.248520,100.000000,100.000000,0.000000,19.000000,6.000000,6.000000,0.000000,19.000000,122.055632,58.804065,50.000000,72.059797,3.000000
2026-05-10T08:40:41.575631453Z,0,per_hit,raw_percent_of_host,api-node1,api-node2,0,1,1,98.299586,56.248520,98.299586,56.248520,100.000000,100.000000,0.000000,18.000000,6.000000,6.000000,0.000000,18.000000,122.055632,58.804065,50.000000,72.059797,3.000000
2026-05-10T08:40:41.625773927Z,0,per_hit,raw_percent_of_host,api-node1,api-node2,0,1,1,98.299586,56.248520,98.299586,56.248520,100.000000,100.000000,0.000000,18.000000,6.000000,6.000000,0.000000,18.000000,122.055632,58.804065,50.000000,72.059797,3.000000
2026-05-10T08:40:41.676181276Z,0,per_hit,raw_percent_of_host,api-node1,api-node2,0,1,1,98.299586,56.248520,98.299586,56.248520,100.000000,100.000000,0.000000,18.000000,6.000000,6.000000,0.000000,18.000000,122.055632,58.804065,50.000000,72.059797,3.000000
2026-05-10T08:40:41.726216066Z,0,per_hit,raw_percent_of_host,api-node1,api-node2,0,1,1,98.299586,56.248520,98.299586,56.248520,100.000000,100.000000,0.000000,19.000000,6.000000,6.000000,0.000000,19.000000,122.055632,58.804065,50.000000,72.059797,3.000000
2026-05-10T08:40:41.775286436Z,0,per_hit,raw_percent_of_host,api-node1,api-node2,1,0,1,98.299586,53.630375,98.299586,53.630375,100.000000,100.000000,0.000000,5.000000,6.000000,13.000000,0.000000,5.000000,122.055632,539.462318,50.000000,49.698072,3.000000
2026-05-10T08:40:41.825388733Z,0,per_hit,raw_percent_of_host,api-node1,api-node2,1,0,1,6.820378,53.630375,6.820378,53.630375,100.000000,100.000000,0.000000,5.000000,1.000000,13.000000,0.000000,5.000000,50.061456,539.462318,75.000000,49.698072,3.000000
2026-05-10T08:40:41.875485111Z,0,per_hit,raw_percent_of_host,api-node1,api-node2,1,0,1,0.000000,37.503842,0.000000,37.503842,100.000000,100.000000,0.000000,1.000000,1.000000,3.000000,0.000000,1.000000,50.061456,98.966166,75.000000,67.908484,3.000000
2026-05-10T08:40:41.92569152Z,0,per_hit,raw_percent_of_host,api-node1,api-node2,1,0,1,0.000000,37.503842,0.000000,37.503842,100.000000,100.000000,0.000000,1.000000,1.000000,3.000000,0.000000,1.000000,50.061456,98.966166,75.000000,67.908484,3.000000
2026-05-10T08:40:41.975826741Z,0,per_hit,raw_percent_of_host,api-node1,api-node2,1,0,1,0.000000,0.000000,0.000000,0.000000,100.000000,100.000000,7.000000,9.000000,1.000000,1.000000,7.000000,9.000000,50.061456,99.340430,74.617016,74.450763,3.000000
2026-05-10T08:40:42.025256849Z,0,per_hit,raw_percent_of_host,api-node1,api-node2,1,0,1,0.000000,0.000000,0.000000,0.000000,100.000000,100.000000,10.000000,10.000000,1.000000,1.000000,10.000000,10.000000,50.061456,99.340430,74.456449,74.391223,3.000000
2026-05-10T08:40:42.075277642Z,0,per_hit,raw_percent_of_host,api-node1,api-node2,1,0,1,0.000000,0.000000,0.000000,0.000000,100.000000,100.000000,14.000000,16.000000,1.000000,1.000000,14.000000,16.000000,50.061456,99.340430,74.245590,74.039984,3.000000
2026-05-10T08:40:42.125654431Z,0,per_hit,raw_percent_of_host,api-node1,api-node2,0,1,1,97.545196,0.000000,97.545196,0.000000,100.000000,100.000000,19.000000,18.000000,7.000000,1.000000,19.000000,18.000000,99.238797,99.340430,48.868404,73.925141,3.000000
2026-05-10T08:40:42.175639556Z,0,per_hit,raw_percent_of_host,api-node1,api-node2,0,1,1,97.545196,56.327870,97.545196,56.327870,100.000000,100.000000,19.000000,17.000000,7.000000,5.000000,19.000000,17.000000,99.238797,58.887109,48.868404,72.055645,3.000000
2026-05-10T08:40:42.225379584Z,0,per_hit,raw_percent_of_host,api-node1,api-node2,0,1,1,97.545196,56.327870,97.545196,56.327870,100.000000,100.000000,17.000000,18.000000,7.000000,5.000000,17.000000,18.000000,99.238797,58.887109,48.982672,72.055645,3.000000
2026-05-10T08:40:42.276043017Z,0,per_hit,raw_percent_of_host,api-node1,api-node2,0,1,1,97.545196,56.327870,97.545196,56.327870,100.000000,100.000000,16.000000,13.000000,7.000000,5.000000,16.000000,13.000000,99.238797,58.887109,49.040218,72.055645,3.000000
2026-05-10T08:40:42.326207697Z,0,per_hit,raw_percent_of_host,api-node1,api-node2,0,1,1,97.545196,56.327870,97.545196,56.327870,100.000000,100.000000,16.000000,13.000000,7.000000,5.000000,16.000000,13.000000,99.238797,58.887109,49.040218,72.055645,3.000000
2026-05-10T08:40:42.375871193Z,0,per_hit,raw_percent_of_host,api-node1,api-node2,0,1,1,97.545196,56.327870,97.545196,56.327870,100.000000,100.000000,16.000000,13.000000,7.000000,5.000000,16.000000,13.000000,99.238797,58.887109,49.040218,72.055645,3.000000
2026-05-10T08:40:42.425852744Z,0,per_hit,raw_percent_of_host,api-node1,api-node2,0,1,1,97.545196,56.327870,97.545196,56.327870,100.000000,100.000000,15.000000,13.000000,7.000000,5.000000,15.000000,13.000000,99.238797,58.887109,49.098040,72.055645,3.000000
2026-05-10T08:40:42.475283791Z,0,per_hit,raw_percent_of_host,api-node1,api-node2,0,1,1,96.009443,56.327870,96.009443,56.327870,100.000000,100.000000,0.000000,12.000000,16.000000,5.000000,0.000000,12.000000,322.229024,58.887109,50.000000,72.055645,3.000000
2026-05-10T08:40:42.525427984Z,0,per_hit,raw_percent_of_host,api-node1,api-node2,0,1,1,96.009443,56.327870,96.009443,56.327870,100.000000,100.000000,0.000000,12.000000,16.000000,5.000000,0.000000,12.000000,322.229024,58.887109,50.000000,72.055645,3.000000
2026-05-10T08:40:42.575317346Z,0,per_hit,raw_percent_of_host,api-node1,api-node2,1,0,1,22.498429,54.719024,22.498429,54.719024,100.000000,100.000000,0.000000,2.000000,1.000000,10.000000,0.000000,2.000000,50.134349,419.273291,75.000000,54.036335,3.000000
2026-05-10T08:40:42.625467716Z,0,per_hit,raw_percent_of_host,api-node1,api-node2,1,0,1,22.498429,54.719024,22.498429,54.719024,100.000000,100.000000,0.000000,2.000000,1.000000,10.000000,0.000000,2.000000,50.134349,419.273291,75.000000,54.036335,3.000000
2026-05-10T08:40:42.676144004Z,0,per_hit,raw_percent_of_host,api-node1,api-node2,0,1,1,0.000000,0.000000,0.000000,0.000000,100.000000,100.000000,1.000000,0.000000,1.000000,1.000000,1.000000,0.000000,50.134349,78.431863,74.944551,75.000000,3.000000
2026-05-10T08:40:42.72592928Z,0,per_hit,raw_percent_of_host,api-node1,api-node2,0,1,1,42.257318,0.000000,42.257318,0.000000,100.000000,100.000000,0.000000,1.000000,1.000000,1.000000,0.000000,1.000000,50.048939,78.431863,70.781190,74.940838,3.000000
2026-05-10T08:40:42.776081069Z,0,per_hit,raw_percent_of_host,api-node1,api-node2,1,0,1,0.000000,70.447658,0.000000,70.447658,100.000000,100.000000,0.000000,1.000000,1.000000,2.000000,0.000000,1.000000,50.048939,78.431863,75.000000,61.529326,3.000000
2026-05-10T08:40:42.976113426Z,0,per_hit,raw_percent_of_host,api-node1,api-node2,1,0,1,0.000000,0.000000,0.000000,0.000000,100.000000,100.000000,7.000000,9.000000,1.000000,1.000000,7.000000,9.000000,50.048939,50.045638,74.617027,74.509755,3.000000
2026-05-10T08:40:43.026020361Z,0,per_hit,raw_percent_of_host,api-node1,api-node2,1,0,1,0.000000,0.000000,0.000000,0.000000,100.000000,100.000000,8.000000,14.000000,1.000000,1.000000,8.000000,14.000000,50.048939,50.045638,74.563272,74.245615,3.000000
2026-05-10T08:40:43.075969657Z,0,per_hit,raw_percent_of_host,api-node1,api-node2,1,0,1,0.000000,0.000000,0.000000,0.000000,100.000000,100.000000,14.000000,18.000000,1.000000,1.000000,14.000000,18.000000,50.048939,50.045638,74.245610,74.038368,3.000000
2026-05-10T08:40:43.126029631Z,0,per_hit,raw_percent_of_host,api-node1,api-node2,0,1,1,99.928277,0.000000,99.928277,0.000000,100.000000,100.000000,13.000000,24.000000,6.000000,1.000000,13.000000,24.000000,121.134948,50.045638,49.170633,73.734055,3.000000
2026-05-10T08:40:43.17526499Z,0,per_hit,raw_percent_of_host,api-node1,api-node2,0,1,1,99.928277,0.000000,99.928277,0.000000,100.000000,100.000000,13.000000,23.000000,6.000000,1.000000,13.000000,23.000000,121.134948,50.045638,49.170633,73.784238,3.000000
2026-05-10T08:40:43.225851333Z,0,per_hit,raw_percent_of_host,api-node1,api-node2,0,1,1,99.928277,0.000000,99.928277,0.000000,100.000000,100.000000,12.000000,24.000000,6.000000,1.000000,12.000000,24.000000,121.134948,50.045638,49.232472,73.734055,3.000000
2026-05-10T08:40:43.275545297Z,0,per_hit,raw_percent_of_host,api-node1,api-node2,0,1,1,99.928277,0.000000,99.928277,0.000000,100.000000,100.000000,10.000000,22.000000,6.000000,1.000000,10.000000,22.000000,121.134948,50.045638,49.357103,73.834633,3.000000
2026-05-10T08:40:43.325292359Z,0,per_hit,raw_percent_of_host,api-node1,api-node2,0,1,1,99.928277,0.000000,99.928277,0.000000,100.000000,100.000000,1.000000,22.000000,6.000000,1.000000,1.000000,22.000000,121.134948,50.045638,49.934187,73.834633,3.000000
2026-05-10T08:40:43.375936457Z,0,per_hit,raw_percent_of_host,api-node1,api-node2,0,1,1,88.450150,57.332029,88.450150,57.332029,100.000000,100.000000,0.000000,20.000000,1.000000,9.000000,0.000000,20.000000,50.037335,59.595504,50.000000,72.020225,3.000000
2026-05-10T08:40:43.426007519Z,0,per_hit,raw_percent_of_host,api-node1,api-node2,0,1,1,88.450150,57.332029,88.450150,57.332029,100.000000,100.000000,0.000000,20.000000,1.000000,9.000000,0.000000,20.000000,50.037335,59.595504,50.000000,72.020225,3.000000
2026-05-10T08:40:43.475476588Z,0,per_hit,raw_percent_of_host,api-node1,api-node2,0,1,1,88.450150,57.332029,88.450150,57.332029,100.000000,100.000000,0.000000,18.000000,1.000000,9.000000,0.000000,18.000000,50.037335,59.595504,50.000000,72.020225,3.000000
2026-05-10T08:40:43.525634336Z,0,per_hit,raw_percent_of_host,api-node1,api-node2,0,1,1,88.450150,57.332029,88.450150,57.332029,100.000000,100.000000,0.000000,18.000000,1.000000,9.000000,0.000000,18.000000,50.037335,59.595504,50.000000,72.020225,3.000000
2026-05-10T08:40:43.575879083Z,0,per_hit,raw_percent_of_host,api-node1,api-node2,0,1,1,88.450150,57.332029,88.450150,57.332029,100.000000,100.000000,0.000000,17.000000,1.000000,9.000000,0.000000,17.000000,50.037335,59.595504,50.000000,72.020225,3.000000
2026-05-10T08:40:43.626024582Z,0,per_hit,raw_percent_of_host,api-node1,api-node2,0,1,1,88.450150,57.332029,88.450150,57.332029,100.000000,100.000000,0.000000,17.000000,1.000000,9.000000,0.000000,17.000000,50.037335,59.595504,50.000000,72.020225,3.000000
2026-05-10T08:40:43.675431705Z,0,per_hit,raw_percent_of_host,api-node1,api-node2,0,1,1,88.450150,57.332029,88.450150,57.332029,100.000000,100.000000,1.000000,16.000000,1.000000,9.000000,1.000000,16.000000,50.037335,59.595504,49.944563,72.020225,3.000000
2026-05-10T08:40:43.725953238Z,0,per_hit,raw_percent_of_host,api-node1,api-node2,0,1,1,88.450150,57.332029,88.450150,57.332029,100.000000,100.000000,0.000000,17.000000,1.000000,9.000000,0.000000,17.000000,50.037335,59.595504,50.000000,72.020225,3.000000
2026-05-10T08:40:43.776038744Z,0,per_hit,raw_percent_of_host,api-node1,api-node2,0,1,1,88.450150,54.430860,88.450150,54.430860,100.000000,100.000000,0.000000,3.000000,1.000000,11.000000,0.000000,3.000000,50.037335,439.889642,50.000000,53.127157,3.000000
2026-05-10T08:40:43.826252209Z,0,per_hit,raw_percent_of_host,api-node1,api-node2,1,0,1,13.605551,54.430860,13.605551,54.430860,100.000000,100.000000,0.000000,3.000000,1.000000,11.000000,0.000000,3.000000,50.085987,439.889642,75.000000,53.127157,3.000000
2026-05-10T08:40:43.975276729Z,0,per_hit,raw_percent_of_host,api-node1,api-node2,0,1,1,0.000000,0.000000,0.000000,0.000000,100.000000,100.000000,9.000000,7.000000,1.000000,1.000000,9.000000,7.000000,50.085987,79.998990,74.509712,74.590165,3.000000
2026-05-10T08:40:44.02600668Z,0,per_hit,raw_percent_of_host,api-node1,api-node2,1,0,1,0.000000,0.000000,0.000000,0.000000,100.000000,100.000000,11.000000,11.000000,1.000000,1.000000,11.000000,11.000000,50.085987,79.998990,74.403359,74.361950,3.000000
2026-05-10T08:40:44.07548727Z,0,per_hit,raw_percent_of_host,api-node1,api-node2,0,1,1,0.000000,0.000000,0.000000,0.000000,100.000000,100.000000,17.000000,13.000000,1.000000,1.000000,17.000000,13.000000,50.085987,79.998990,74.089768,74.249424,3.000000
2026-05-10T08:40:44.126073266Z,0,per_hit,raw_percent_of_host,api-node1,api-node2,0,1,1,0.000000,0.000000,0.000000,0.000000,100.000000,100.000000,23.000000,15.000000,1.000000,1.000000,23.000000,15.000000,50.085987,79.998990,73.784134,74.137933,3.000000
2026-05-10T08:40:44.175695501Z,0,per_hit,raw_percent_of_host,api-node1,api-node2,0,1,1,95.799429,63.477465,95.799429,63.477465,100.000000,100.000000,20.000000,12.000000,8.000000,5.000000,20.000000,12.000000,161.714190,168.115991,48.604466,65.619336,3.000000
2026-05-10T08:40:44.225248156Z,0,per_hit,raw_percent_of_host,api-node1,api-node2,0,1,1,95.799429,63.477465,95.799429,63.477465,100.000000,100.000000,21.000000,12.000000,8.000000,5.000000,21.000000,12.000000,161.714190,168.115991,48.538768,65.619336,3.000000
2026-05-10T08:40:44.275848783Z,0,per_hit,raw_percent_of_host,api-node1,api-node2,0,1,1,95.799429,63.477465,95.799429,63.477465,100.000000,100.000000,21.000000,11.000000,8.000000,5.000000,21.000000,11.000000,161.714190,168.115991,48.538768,65.698826,3.000000
2026-05-10T08:40:44.326247554Z,0,per_hit,raw_percent_of_host,api-node1,api-node2,0,1,1,95.799429,63.477465,95.799429,63.477465,100.000000,100.000000,19.000000,11.000000,8.000000,5.000000,19.000000,11.000000,161.714190,168.115991,48.670532,65.698826,3.000000
2026-05-10T08:40:44.375719759Z,0,per_hit,raw_percent_of_host,api-node1,api-node2,0,1,1,95.799429,63.477465,95.799429,63.477465,100.000000,100.000000,18.000000,9.000000,8.000000,5.000000,18.000000,9.000000,161.714190,168.115991,48.736969,65.858743,3.000000
2026-05-10T08:40:44.425420377Z,0,per_hit,raw_percent_of_host,api-node1,api-node2,0,1,1,100.000000,63.477465,100.000000,63.477465,100.000000,100.000000,4.000000,9.000000,13.000000,5.000000,4.000000,9.000000,262.871283,168.115991,49.625288,65.858743,3.000000
2026-05-10T08:40:44.475573665Z,0,per_hit,raw_percent_of_host,api-node1,api-node2,0,1,1,100.000000,53.460415,100.000000,53.460415,100.000000,100.000000,2.000000,1.000000,13.000000,8.000000,2.000000,1.000000,262.871283,316.644843,49.811229,59.167758,3.000000
2026-05-10T08:40:44.676100797Z,0,per_hit,raw_percent_of_host,api-node1,api-node2,0,1,1,38.346546,0.000000,38.346546,0.000000,100.000000,100.000000,1.000000,0.000000,2.000000,1.000000,1.000000,0.000000,50.139943,79.804929,70.573945,75.000000,3.000000
2026-05-10T08:40:44.725595985Z,0,per_hit,raw_percent_of_host,api-node1,api-node2,0,1,1,63.051009,0.000000,63.051009,0.000000,100.000000,100.000000,0.000000,1.000000,1.000000,1.000000,0.000000,1.000000,50.046055,79.804929,72.169644,74.940645,3.000000
2026-05-10T08:40:44.775866013Z,0,per_hit,raw_percent_of_host,api-node1,api-node2,1,0,1,0.000000,86.378405,0.000000,86.378405,100.000000,100.000000,0.000000,1.000000,1.000000,2.000000,0.000000,1.000000,50.046055,79.804929,75.000000,49.940645,3.000000
2026-05-10T08:40:44.976196698Z,0,per_hit,raw_percent_of_host,api-node1,api-node2,1,0,1,19.909756,0.000000,19.909756,0.000000,100.000000,100.000000,5.000000,11.000000,1.000000,1.000000,5.000000,11.000000,50.046055,50.073380,74.725247,74.403376,3.000000
2026-05-10T08:40:45.025860413Z,0,per_hit,raw_percent_of_host,api-node1,api-node2,1,0,1,19.909756,0.000000,19.909756,0.000000,100.000000,100.000000,8.000000,14.000000,1.000000,1.000000,8.000000,14.000000,50.046055,50.073380,74.563275,74.245570,3.000000
2026-05-10T08:40:45.075953008Z,0,per_hit,raw_percent_of_host,api-node1,api-node2,0,1,1,99.256851,0.000000,99.256851,0.000000,100.000000,100.000000,9.000000,18.000000,4.000000,1.000000,9.000000,18.000000,80.789525,50.073380,49.474557,74.038311,3.000000
2026-05-10T08:40:45.125446708Z,0,per_hit,raw_percent_of_host,api-node1,api-node2,0,1,1,99.256851,0.000000,99.256851,0.000000,100.000000,100.000000,12.000000,24.000000,4.000000,1.000000,12.000000,24.000000,80.789525,50.073380,49.304284,73.733981,3.000000
2026-05-10T08:40:45.175766986Z,0,per_hit,raw_percent_of_host,api-node1,api-node2,0,1,1,99.256851,0.000000,99.256851,0.000000,100.000000,100.000000,11.000000,23.000000,4.000000,1.000000,11.000000,23.000000,80.789525,50.073380,49.360778,73.784167,3.000000
2026-05-10T08:40:45.225921739Z,0,per_hit,raw_percent_of_host,api-node1,api-node2,0,1,1,99.256851,0.000000,99.256851,0.000000,100.000000,100.000000,10.000000,23.000000,4.000000,1.000000,10.000000,23.000000,80.789525,50.073380,49.417535,73.784167,3.000000
2026-05-10T08:40:45.276212564Z,0,per_hit,raw_percent_of_host,api-node1,api-node2,0,1,1,99.256851,0.000000,99.256851,0.000000,100.000000,100.000000,9.000000,20.000000,4.000000,1.000000,9.000000,20.000000,80.789525,50.073380,49.474557,73.936004,3.000000
2026-05-10T08:40:45.325632074Z,0,per_hit,raw_percent_of_host,api-node1,api-node2,0,1,1,99.256851,0.000000,99.256851,0.000000,100.000000,100.000000,1.000000,20.000000,4.000000,1.000000,1.000000,20.000000,80.789525,50.073380,49.940506,73.936004,3.000000
2026-05-10T08:40:45.375875268Z,0,per_hit,raw_percent_of_host,api-node1,api-node2,0,1,1,90.350454,57.386252,90.350454,57.386252,100.000000,100.000000,0.000000,18.000000,1.000000,9.000000,0.000000,18.000000,50.036152,290.400055,50.000000,60.479997,3.000000
2026-05-10T08:40:45.425974037Z,0,per_hit,raw_percent_of_host,api-node1,api-node2,0,1,1,90.350454,57.386252,90.350454,57.386252,100.000000,100.000000,0.000000,18.000000,1.000000,9.000000,0.000000,18.000000,50.036152,290.400055,50.000000,60.479997,3.000000
2026-05-10T08:40:45.475944422Z,0,per_hit,raw_percent_of_host,api-node1,api-node2,0,1,1,90.350454,57.386252,90.350454,57.386252,100.000000,100.000000,0.000000,17.000000,1.000000,9.000000,0.000000,17.000000,50.036152,290.400055,50.000000,60.479997,3.000000
2026-05-10T08:40:45.526098342Z,0,per_hit,raw_percent_of_host,api-node1,api-node2,0,1,1,90.350454,57.386252,90.350454,57.386252,100.000000,100.000000,0.000000,17.000000,1.000000,9.000000,0.000000,17.000000,50.036152,290.400055,50.000000,60.479997,3.000000
2026-05-10T08:40:45.576277703Z,0,per_hit,raw_percent_of_host,api-node1,api-node2,0,1,1,90.350454,57.386252,90.350454,57.386252,100.000000,100.000000,0.000000,17.000000,1.000000,9.000000,0.000000,17.000000,50.036152,290.400055,50.000000,60.479997,3.000000
2026-05-10T08:40:45.625545928Z,0,per_hit,raw_percent_of_host,api-node1,api-node2,0,1,1,90.350454,57.386252,90.350454,57.386252,100.000000,100.000000,0.000000,15.000000,1.000000,9.000000,0.000000,15.000000,50.036152,290.400055,50.000000,60.479997,3.000000
2026-05-10T08:40:45.675955129Z,0,per_hit,raw_percent_of_host,api-node1,api-node2,0,1,1,90.350454,57.386252,90.350454,57.386252,100.000000,100.000000,0.000000,14.000000,1.000000,9.000000,0.000000,14.000000,50.036152,290.400055,50.000000,60.479997,3.000000
2026-05-10T08:40:45.725451576Z,0,per_hit,raw_percent_of_host,api-node1,api-node2,0,1,1,90.350454,57.386252,90.350454,57.386252,100.000000,100.000000,1.000000,14.000000,1.000000,9.000000,1.000000,14.000000,50.036152,290.400055,49.944563,60.479997,3.000000
2026-05-10T08:40:45.775540831Z,0,per_hit,raw_percent_of_host,api-node1,api-node2,0,1,1,4.907529,0.000000,4.907529,0.000000,100.000000,100.000000,1.000000,0.000000,2.000000,1.000000,1.000000,0.000000,50.036152,83.918784,74.944563,75.000000,3.000000
2026-05-10T08:40:45.975349318Z,0,per_hit,raw_percent_of_host,api-node1,api-node2,0,1,1,0.000000,0.000000,0.000000,0.000000,100.000000,100.000000,9.000000,7.000000,1.000000,1.000000,9.000000,7.000000,50.057565,83.918784,74.509742,74.586368,3.000000
2026-05-10T08:40:46.02541694Z,0,per_hit,raw_percent_of_host,api-node1,api-node2,0,1,1,0.000000,0.000000,0.000000,0.000000,100.000000,100.000000,14.000000,9.000000,1.000000,1.000000,14.000000,9.000000,50.057565,83.918784,74.245596,74.470689,3.000000
2026-05-10T08:40:46.075245254Z,0,per_hit,raw_percent_of_host,api-node1,api-node2,0,1,1,0.000000,0.000000,0.000000,0.000000,100.000000,100.000000,16.000000,14.000000,1.000000,1.000000,16.000000,14.000000,50.057565,83.918784,74.141525,74.186200,3.000000
2026-05-10T08:40:46.125375149Z,0,per_hit,raw_percent_of_host,api-node1,api-node2,0,1,1,0.000000,0.000000,0.000000,0.000000,100.000000,100.000000,20.000000,18.000000,1.000000,1.000000,20.000000,18.000000,50.057565,83.918784,73.936040,73.963328,3.000000
2026-05-10T08:40:46.176022224Z,0,per_hit,raw_percent_of_host,api-node1,api-node2,0,1,1,93.313243,64.054304,93.313243,64.054304,100.000000,100.000000,18.000000,13.000000,8.000000,5.000000,18.000000,13.000000,163.391634,170.750697,48.730994,65.411759,3.000000
2026-05-10T08:40:46.225747979Z,0,per_hit,raw_percent_of_host,api-node1,api-node2,0,1,1,93.313243,64.054304,93.313243,64.054304,100.000000,100.000000,18.000000,13.000000,8.000000,5.000000,18.000000,13.000000,163.391634,170.750697,48.730994,65.411759,3.000000
2026-05-10T08:40:46.275909765Z,0,per_hit,raw_percent_of_host,api-node1,api-node2,0,1,1,93.313243,64.054304,93.313243,64.054304,100.000000,100.000000,18.000000,13.000000,8.000000,5.000000,18.000000,13.000000,163.391634,170.750697,48.730994,65.411759,3.000000
2026-05-10T08:40:46.325621674Z,0,per_hit,raw_percent_of_host,api-node1,api-node2,0,1,1,93.313243,64.054304,93.313243,64.054304,100.000000,100.000000,15.000000,13.000000,8.000000,5.000000,15.000000,13.000000,163.391634,170.750697,48.933472,65.411759,3.000000
2026-05-10T08:40:46.376187795Z,0,per_hit,raw_percent_of_host,api-node1,api-node2,0,1,1,93.313243,64.054304,93.313243,64.054304,100.000000,100.000000,15.000000,11.000000,8.000000,5.000000,15.000000,11.000000,163.391634,170.750697,48.933472,65.569927,3.000000
2026-05-10T08:40:46.425280796Z,0,per_hit,raw_percent_of_host,api-node1,api-node2,0,1,1,98.937730,64.054304,98.937730,64.054304,100.000000,100.000000,8.000000,11.000000,13.000000,5.000000,8.000000,11.000000,261.836162,170.750697,49.258809,65.569927,3.000000
2026-05-10T08:40:46.475744393Z,0,per_hit,raw_percent_of_host,api-node1,api-node2,0,1,1,98.937730,64.054304,98.937730,64.054304,100.000000,100.000000,0.000000,10.000000,13.000000,5.000000,0.000000,10.000000,261.836162,170.750697,50.000000,65.649476,3.000000
2026-05-10T08:40:46.525879031Z,0,per_hit,raw_percent_of_host,api-node1,api-node2,0,1,1,98.937730,64.054304,98.937730,64.054304,100.000000,100.000000,0.000000,10.000000,13.000000,5.000000,0.000000,10.000000,261.836162,170.750697,50.000000,65.649476,3.000000
2026-05-10T08:40:46.725460915Z,0,per_hit,raw_percent_of_host,api-node1,api-node2,0,1,1,0.000000,0.000000,0.000000,0.000000,100.000000,100.000000,1.000000,0.000000,1.000000,1.000000,1.000000,0.000000,50.056540,82.621989,74.944561,75.000000,3.000000
2026-05-10T08:40:46.775868233Z,0,per_hit,raw_percent_of_host,api-node1,api-node2,0,1,1,48.274179,0.000000,48.274179,0.000000,100.000000,100.000000,1.000000,0.000000,2.000000,1.000000,1.000000,0.000000,50.056540,82.621989,71.728714,75.000000,3.000000
2026-05-10T08:40:46.97553845Z,0,per_hit,raw_percent_of_host,api-node1,api-node2,0,1,1,0.000000,0.000000,0.000000,0.000000,100.000000,100.000000,9.000000,7.000000,1.000000,1.000000,9.000000,7.000000,50.121638,82.621989,74.509674,74.587632,3.000000
2026-05-10T08:40:47.02563438Z,0,per_hit,raw_percent_of_host,api-node1,api-node2,0,1,1,0.000000,0.000000,0.000000,0.000000,100.000000,100.000000,15.000000,8.000000,1.000000,1.000000,15.000000,8.000000,50.121638,82.621989,74.193337,74.529830,3.000000
2026-05-10T08:40:47.075856911Z,0,per_hit,raw_percent_of_host,api-node1,api-node2,0,1,1,0.000000,0.000000,0.000000,0.000000,100.000000,100.000000,17.000000,11.000000,1.000000,1.000000,17.000000,11.000000,50.121638,82.621989,74.089699,74.358044,3.000000
2026-05-10T08:40:47.12622226Z,0,per_hit,raw_percent_of_host,api-node1,api-node2,0,1,1,0.000000,0.000000,0.000000,0.000000,100.000000,100.000000,22.000000,15.000000,1.000000,1.000000,22.000000,15.000000,50.121638,82.621989,73.834445,74.132703,3.000000
2026-05-10T08:40:47.175818433Z,0,per_hit,raw_percent_of_host,api-node1,api-node2,0,1,1,99.491160,69.511891,99.491160,69.511891,100.000000,100.000000,20.000000,12.000000,8.000000,6.000000,20.000000,12.000000,161.982980,174.567150,48.603418,61.565295,3.000000
2026-05-10T08:40:47.225775746Z,0,per_hit,raw_percent_of_host,api-node1,api-node2,0,1,1,99.491160,69.511891,99.491160,69.511891,100.000000,100.000000,20.000000,13.000000,8.000000,6.000000,20.000000,13.000000,161.982980,174.567150,48.603418,61.466604,3.000000
2026-05-10T08:40:47.275920268Z,0,per_hit,raw_percent_of_host,api-node1,api-node2,0,1,1,99.491160,69.511891,99.491160,69.511891,100.000000,100.000000,19.000000,12.000000,8.000000,6.000000,19.000000,12.000000,161.982980,174.567150,48.669531,61.565295,3.000000
2026-05-10T08:40:47.326072586Z,0,per_hit,raw_percent_of_host,api-node1,api-node2,0,1,1,99.491160,69.511891,99.491160,69.511891,100.000000,100.000000,16.000000,12.000000,8.000000,6.000000,16.000000,12.000000,161.982980,174.567150,48.870111,61.565295,3.000000
2026-05-10T08:40:47.375788883Z,0,per_hit,raw_percent_of_host,api-node1,api-node2,0,1,1,99.491160,69.511891,99.491160,69.511891,100.000000,100.000000,16.000000,11.000000,8.000000,6.000000,16.000000,11.000000,161.982980,174.567150,48.870111,61.664521,3.000000
2026-05-10T08:40:47.425243867Z,0,per_hit,raw_percent_of_host,api-node1,api-node2,0,1,1,95.389531,69.511891,95.389531,69.511891,100.000000,100.000000,9.000000,11.000000,14.000000,6.000000,9.000000,11.000000,281.622147,174.567150,49.225799,61.664521,3.000000
2026-05-10T08:40:47.475685254Z,0,per_hit,raw_percent_of_host,api-node1,api-node2,1,0,1,63.753057,46.498776,63.753057,46.498776,100.000000,100.000000,0.000000,2.000000,1.000000,7.000000,0.000000,2.000000,50.303707,299.757330,71.425244,60.012134,3.000000
2026-05-10T08:40:47.525852456Z,0,per_hit,raw_percent_of_host,api-node1,api-node2,1,0,1,63.753057,46.498776,63.753057,46.498776,100.000000,100.000000,0.000000,2.000000,1.000000,7.000000,0.000000,2.000000,50.303707,299.757330,71.425244,60.012134,3.000000
2026-05-10T08:40:47.725682817Z,0,per_hit,raw_percent_of_host,api-node1,api-node2,1,0,1,20.305417,0.000000,20.305417,0.000000,100.000000,100.000000,0.000000,1.000000,1.000000,1.000000,0.000000,1.000000,50.303707,77.294453,75.000000,74.940997,3.000000
2026-05-10T08:40:47.775886602Z,0,per_hit,raw_percent_of_host,api-node1,api-node2,1,0,1,0.000000,36.898689,0.000000,36.898689,100.000000,100.000000,0.000000,1.000000,1.000000,2.000000,0.000000,1.000000,50.303707,77.294453,75.000000,69.305206,3.000000
2026-05-10T08:40:47.975922693Z,0,per_hit,raw_percent_of_host,api-node1,api-node2,0,1,1,0.000000,0.000000,0.000000,0.000000,100.000000,100.000000,9.000000,6.000000,1.000000,1.000000,9.000000,6.000000,50.303707,50.060481,74.509479,74.671009,3.000000
2026-05-10T08:40:48.025912055Z,0,per_hit,raw_percent_of_host,api-node1,api-node2,0,1,1,0.000000,0.000000,0.000000,0.000000,100.000000,100.000000,13.000000,12.000000,1.000000,1.000000,13.000000,12.000000,50.303707,50.060481,74.297595,74.350564,3.000000
2026-05-10T08:40:48.075497939Z,0,per_hit,raw_percent_of_host,api-node1,api-node2,0,1,1,0.000000,0.000000,0.000000,0.000000,100.000000,100.000000,14.000000,14.000000,1.000000,1.000000,14.000000,14.000000,50.303707,50.060481,74.245196,74.245591,3.000000
2026-05-10T08:40:48.125368405Z,0,per_hit,raw_percent_of_host,api-node1,api-node2,1,0,1,0.000000,0.000000,0.000000,0.000000,100.000000,100.000000,15.000000,20.000000,1.000000,1.000000,15.000000,20.000000,50.303707,50.060481,74.193021,73.936033,3.000000
2026-05-10T08:40:48.176007446Z,0,per_hit,raw_percent_of_host,api-node1,api-node2,0,1,1,98.380222,67.978526,98.380222,67.978526,100.000000,100.000000,13.000000,17.000000,8.000000,6.000000,13.000000,17.000000,139.001223,149.461574,49.131013,63.548273,3.000000
2026-05-10T08:40:48.225747433Z,0,per_hit,raw_percent_of_host,api-node1,api-node2,0,1,1,98.380222,67.978526,98.380222,67.978526,100.000000,100.000000,14.000000,17.000000,8.000000,6.000000,14.000000,17.000000,139.001223,149.461574,49.066664,63.548273,3.000000
2026-05-10T08:40:48.275535661Z,0,per_hit,raw_percent_of_host,api-node1,api-node2,0,1,1,98.380222,67.978526,98.380222,67.978526,100.000000,100.000000,10.000000,17.000000,8.000000,6.000000,10.000000,17.000000,139.001223,149.461574,49.326143,63.548273,3.000000
2026-05-10T08:40:48.325594044Z,0,per_hit,raw_percent_of_host,api-node1,api-node2,0,1,1,100.000000,67.978526,100.000000,67.978526,100.000000,100.000000,1.000000,17.000000,7.000000,6.000000,1.000000,17.000000,141.937818,149.461574,49.930374,63.548273,3.000000
2026-05-10T08:40:48.375465014Z,0,per_hit,raw_percent_of_host,api-node1,api-node2,0,1,1,100.000000,67.978526,100.000000,67.978526,100.000000,100.000000,0.000000,17.000000,7.000000,6.000000,0.000000,17.000000,141.937818,149.461574,50.000000,63.548273,3.000000
2026-05-10T08:40:48.425613155Z,0,per_hit,raw_percent_of_host,api-node1,api-node2,0,1,1,100.000000,67.978526,100.000000,67.978526,100.000000,100.000000,0.000000,17.000000,7.000000,6.000000,0.000000,17.000000,141.937818,149.461574,50.000000,63.548273,3.000000
2026-05-10T08:40:48.475771189Z,0,per_hit,raw_percent_of_host,api-node1,api-node2,0,1,1,100.000000,67.978526,100.000000,67.978526,100.000000,100.000000,0.000000,17.000000,7.000000,6.000000,0.000000,17.000000,141.937818,149.461574,50.000000,63.548273,3.000000
2026-05-10T08:40:48.526018856Z,0,per_hit,raw_percent_of_host,api-node1,api-node2,0,1,1,100.000000,67.978526,100.000000,67.978526,100.000000,100.000000,0.000000,17.000000,7.000000,6.000000,0.000000,17.000000,141.937818,149.461574,50.000000,63.548273,3.000000
2026-05-10T08:40:48.576185152Z,0,per_hit,raw_percent_of_host,api-node1,api-node2,0,1,1,100.000000,67.978526,100.000000,67.978526,100.000000,100.000000,0.000000,17.000000,7.000000,6.000000,0.000000,17.000000,141.937818,149.461574,50.000000,63.548273,3.000000
2026-05-10T08:40:48.625298317Z,0,per_hit,raw_percent_of_host,api-node1,api-node2,0,1,1,100.000000,67.978526,100.000000,67.978526,100.000000,100.000000,0.000000,17.000000,7.000000,6.000000,0.000000,17.000000,141.937818,149.461574,50.000000,63.548273,3.000000
2026-05-10T08:40:48.675270569Z,0,per_hit,raw_percent_of_host,api-node1,api-node2,0,1,1,100.000000,16.753006,100.000000,16.753006,100.000000,100.000000,0.000000,1.000000,7.000000,6.000000,0.000000,1.000000,141.937818,149.461574,50.000000,74.928884,3.000000
2026-05-10T08:40:48.725681445Z,0,per_hit,raw_percent_of_host,api-node1,api-node2,1,0,1,0.000000,0.000000,0.000000,0.000000,100.000000,100.000000,0.000000,1.000000,1.000000,1.000000,0.000000,1.000000,50.038181,50.044999,75.000000,74.944562,3.000000
2026-05-10T08:40:48.775524714Z,0,per_hit,raw_percent_of_host,api-node1,api-node2,1,0,1,0.000000,0.000000,0.000000,0.000000,100.000000,100.000000,0.000000,1.000000,1.000000,1.000000,0.000000,1.000000,50.038181,50.044999,75.000000,74.944562,3.000000
2026-05-10T08:40:48.975253218Z,0,per_hit,raw_percent_of_host,api-node1,api-node2,1,0,1,0.000000,0.000000,0.000000,0.000000,100.000000,100.000000,6.000000,9.000000,1.000000,1.000000,6.000000,9.000000,50.038181,50.043474,74.671025,74.509757,3.000000
2026-05-10T08:40:49.025653276Z,0,per_hit,raw_percent_of_host,api-node1,api-node2,1,0,1,0.000000,0.000000,0.000000,0.000000,100.000000,100.000000,10.000000,12.000000,1.000000,1.000000,10.000000,12.000000,50.038181,50.043474,74.456477,74.350588,3.000000
2026-05-10T08:40:49.075287701Z,0,per_hit,raw_percent_of_host,api-node1,api-node2,1,0,1,0.000000,0.000000,0.000000,0.000000,100.000000,100.000000,10.000000,16.000000,1.000000,1.000000,10.000000,16.000000,50.038181,50.043474,74.456477,74.141551,3.000000
2026-05-10T08:40:49.126014245Z,0,per_hit,raw_percent_of_host,api-node1,api-node2,0,1,1,91.827839,0.000000,91.827839,0.000000,100.000000,100.000000,13.000000,20.000000,5.000000,1.000000,13.000000,20.000000,100.871437,50.043474,49.211411,73.936072,3.000000
2026-05-10T08:40:49.175704736Z,0,per_hit,raw_percent_of_host,api-node1,api-node2,0,1,1,91.827839,0.000000,91.827839,0.000000,100.000000,100.000000,12.000000,18.000000,5.000000,1.000000,12.000000,18.000000,100.871437,50.043474,49.270301,74.038372,3.000000
2026-05-10T08:40:49.225380715Z,0,per_hit,raw_percent_of_host,api-node1,api-node2,0,1,1,91.827839,0.000000,91.827839,0.000000,100.000000,100.000000,9.000000,19.000000,5.000000,1.000000,9.000000,19.000000,100.871437,50.043474,49.448703,73.987113,3.000000
2026-05-10T08:40:49.276075974Z,0,per_hit,raw_percent_of_host,api-node1,api-node2,0,1,1,91.827839,56.283008,91.827839,56.283008,100.000000,100.000000,8.000000,16.000000,5.000000,6.000000,8.000000,16.000000,100.871437,247.686821,49.508755,62.615659,3.000000
2026-05-10T08:40:49.325696646Z,0,per_hit,raw_percent_of_host,api-node1,api-node2,0,1,1,100.000000,56.283008,100.000000,56.283008,100.000000,100.000000,0.000000,16.000000,3.000000,6.000000,0.000000,16.000000,64.230897,247.686821,50.000000,62.615659,3.000000
2026-05-10T08:40:49.375386526Z,0,per_hit,raw_percent_of_host,api-node1,api-node2,0,1,1,100.000000,56.283008,100.000000,56.283008,100.000000,100.000000,0.000000,15.000000,3.000000,6.000000,0.000000,15.000000,64.230897,247.686821,50.000000,62.615659,3.000000
2026-05-10T08:40:49.425549754Z,0,per_hit,raw_percent_of_host,api-node1,api-node2,0,1,1,100.000000,56.283008,100.000000,56.283008,100.000000,100.000000,0.000000,15.000000,3.000000,6.000000,0.000000,15.000000,64.230897,247.686821,50.000000,62.615659,3.000000
2026-05-10T08:40:49.475879102Z,0,per_hit,raw_percent_of_host,api-node1,api-node2,0,1,1,100.000000,56.283008,100.000000,56.283008,100.000000,100.000000,0.000000,13.000000,3.000000,6.000000,0.000000,13.000000,64.230897,247.686821,50.000000,62.615659,3.000000
2026-05-10T08:40:49.526031884Z,0,per_hit,raw_percent_of_host,api-node1,api-node2,0,1,1,100.000000,56.283008,100.000000,56.283008,100.000000,100.000000,0.000000,13.000000,3.000000,6.000000,0.000000,13.000000,64.230897,247.686821,50.000000,62.615659,3.000000
2026-05-10T08:40:49.575763728Z,0,per_hit,raw_percent_of_host,api-node1,api-node2,0,1,1,100.000000,56.283008,100.000000,56.283008,100.000000,100.000000,0.000000,12.000000,3.000000,6.000000,0.000000,12.000000,64.230897,247.686821,50.000000,62.615659,3.000000
2026-05-10T08:40:49.625920173Z,0,per_hit,raw_percent_of_host,api-node1,api-node2,0,1,1,100.000000,56.283008,100.000000,56.283008,100.000000,100.000000,0.000000,12.000000,3.000000,6.000000,0.000000,12.000000,64.230897,247.686821,50.000000,62.615659,3.000000
2026-05-10T08:40:49.676267548Z,0,per_hit,raw_percent_of_host,api-node1,api-node2,1,0,1,5.200787,54.708640,5.200787,54.708640,100.000000,100.000000,0.000000,1.000000,1.000000,10.000000,0.000000,1.000000,50.046564,418.818519,75.000000,54.059074,3.000000
2026-05-10T08:40:49.725755612Z,0,per_hit,raw_percent_of_host,api-node1,api-node2,1,0,1,5.200787,54.708640,5.200787,54.708640,100.000000,100.000000,1.000000,1.000000,1.000000,10.000000,1.000000,1.000000,50.046564,418.818519,74.944562,54.059074,3.000000
2026-05-10T08:40:49.776243028Z,0,per_hit,raw_percent_of_host,api-node1,api-node2,0,1,1,12.396069,0.000000,12.396069,0.000000,100.000000,100.000000,1.000000,0.000000,2.000000,1.000000,1.000000,0.000000,50.046564,50.059362,74.944562,75.000000,3.000000
2026-05-10T08:40:49.97553741Z,0,per_hit,raw_percent_of_host,api-node1,api-node2,0,1,1,0.000000,0.000000,0.000000,0.000000,100.000000,100.000000,8.000000,7.000000,1.000000,1.000000,8.000000,7.000000,50.107582,50.059362,74.563216,74.617018,3.000000
2026-05-10T08:40:50.025238781Z,0,per_hit,raw_percent_of_host,api-node1,api-node2,1,0,1,0.000000,0.000000,0.000000,0.000000,100.000000,100.000000,10.000000,11.000000,1.000000,1.000000,10.000000,11.000000,50.107582,50.059362,74.456395,74.403394,3.000000
2026-05-10T08:40:50.075500719Z,0,per_hit,raw_percent_of_host,api-node1,api-node2,1,0,1,0.000000,0.000000,0.000000,0.000000,100.000000,100.000000,11.000000,15.000000,1.000000,1.000000,11.000000,15.000000,50.107582,50.059362,74.403331,74.193445,3.000000
2026-05-10T08:40:50.125935051Z,0,per_hit,raw_percent_of_host,api-node1,api-node2,0,1,1,96.867707,0.000000,96.867707,0.000000,100.000000,100.000000,17.000000,17.000000,7.000000,1.000000,17.000000,17.000000,141.531821,50.059362,48.868080,74.089820,3.000000
2026-05-10T08:40:50.175611905Z,0,per_hit,raw_percent_of_host,api-node1,api-node2,0,1,1,96.867707,64.164859,96.867707,64.164859,100.000000,100.000000,12.000000,13.000000,7.000000,5.000000,12.000000,13.000000,141.531821,164.313758,49.190214,65.725450,3.000000
2026-05-10T08:40:50.226077156Z,0,per_hit,raw_percent_of_host,api-node1,api-node2,0,1,1,96.867707,64.164859,96.867707,64.164859,100.000000,100.000000,12.000000,13.000000,7.000000,5.000000,12.000000,13.000000,141.531821,164.313758,49.190214,65.725450,3.000000
2026-05-10T08:40:50.276241464Z,0,per_hit,raw_percent_of_host,api-node1,api-node2,0,1,1,96.867707,64.164859,96.867707,64.164859,100.000000,100.000000,12.000000,12.000000,7.000000,5.000000,12.000000,12.000000,141.531821,164.313758,49.190214,65.804992,3.000000
2026-05-10T08:40:50.325325097Z,0,per_hit,raw_percent_of_host,api-node1,api-node2,0,1,1,96.867707,64.164859,96.867707,64.164859,100.000000,100.000000,12.000000,12.000000,7.000000,5.000000,12.000000,12.000000,141.531821,164.313758,49.190214,65.804992,3.000000
2026-05-10T08:40:50.375487424Z,0,per_hit,raw_percent_of_host,api-node1,api-node2,0,1,1,96.867707,64.164859,96.867707,64.164859,100.000000,100.000000,12.000000,12.000000,7.000000,5.000000,12.000000,12.000000,141.531821,164.313758,49.190214,65.804992,3.000000
2026-05-10T08:40:50.42529356Z,0,per_hit,raw_percent_of_host,api-node1,api-node2,0,1,1,98.871258,64.164859,98.871258,64.164859,100.000000,100.000000,0.000000,9.000000,9.000000,5.000000,0.000000,9.000000,201.996186,164.313758,50.000000,66.045493,3.000000
2026-05-10T08:40:50.475674681Z,0,per_hit,raw_percent_of_host,api-node1,api-node2,0,1,1,98.871258,53.027808,98.871258,53.027808,100.000000,100.000000,0.000000,2.000000,9.000000,8.000000,0.000000,2.000000,201.996186,319.422263,50.000000,59.028887,3.000000
2026-05-10T08:40:50.526065179Z,0,per_hit,raw_percent_of_host,api-node1,api-node2,1,0,1,35.119471,53.027808,35.119471,53.027808,100.000000,100.000000,0.000000,2.000000,1.000000,8.000000,0.000000,2.000000,50.050436,319.422263,71.400917,59.028887,3.000000
2026-05-10T08:40:50.725929961Z,0,per_hit,raw_percent_of_host,api-node1,api-node2,1,0,1,0.000000,0.000000,0.000000,0.000000,100.000000,100.000000,0.000000,1.000000,1.000000,1.000000,0.000000,1.000000,50.050436,80.168376,75.000000,74.940594,3.000000
2026-05-10T08:40:50.775598409Z,0,per_hit,raw_percent_of_host,api-node1,api-node2,1,0,1,0.000000,47.376789,0.000000,47.376789,100.000000,100.000000,0.000000,1.000000,1.000000,2.000000,0.000000,1.000000,50.050436,80.168376,75.000000,69.987431,3.000000
2026-05-10T08:40:50.976110334Z,0,per_hit,raw_percent_of_host,api-node1,api-node2,1,0,1,19.735518,0.000000,19.735518,0.000000,100.000000,100.000000,7.000000,7.000000,1.000000,1.000000,7.000000,7.000000,50.050436,50.082768,74.617026,74.616998,3.000000
2026-05-10T08:40:51.025623611Z,0,per_hit,raw_percent_of_host,api-node1,api-node2,1,0,1,19.735518,0.000000,19.735518,0.000000,100.000000,100.000000,8.000000,11.000000,1.000000,1.000000,8.000000,11.000000,50.050436,50.082768,74.563271,74.403364,3.000000
2026-05-10T08:40:51.07567239Z,0,per_hit,raw_percent_of_host,api-node1,api-node2,1,0,1,19.735518,0.000000,19.735518,0.000000,100.000000,100.000000,8.000000,16.000000,1.000000,1.000000,8.000000,16.000000,50.050436,50.082768,74.563271,74.141478,3.000000
2026-05-10T08:40:51.125772918Z,0,per_hit,raw_percent_of_host,api-node1,api-node2,0,1,1,93.536847,0.000000,93.536847,0.000000,100.000000,100.000000,7.000000,21.000000,5.000000,1.000000,7.000000,21.000000,101.429238,50.082768,49.568509,73.885154,3.000000
2026-05-10T08:40:51.17538781Z,0,per_hit,raw_percent_of_host,api-node1,api-node2,0,1,1,93.536847,69.688892,93.536847,69.688892,100.000000,100.000000,5.000000,18.000000,5.000000,6.000000,5.000000,18.000000,101.429238,169.617017,49.690265,60.903278,3.000000
2026-05-10T08:40:51.225852331Z,0,per_hit,raw_percent_of_host,api-node1,api-node2,0,1,1,87.298361,69.688892,87.298361,69.688892,100.000000,100.000000,2.000000,18.000000,4.000000,6.000000,2.000000,18.000000,85.667972,169.617017,49.879904,60.903278,3.000000
2026-05-10T08:40:51.275401408Z,0,per_hit,raw_percent_of_host,api-node1,api-node2,0,1,1,87.298361,69.688892,87.298361,69.688892,100.000000,100.000000,1.000000,17.000000,4.000000,6.000000,1.000000,17.000000,85.667972,169.617017,49.939807,61.002008,3.000000
2026-05-10T08:40:51.325711677Z,0,per_hit,raw_percent_of_host,api-node1,api-node2,0,1,1,87.298361,69.688892,87.298361,69.688892,100.000000,100.000000,0.000000,17.000000,4.000000,6.000000,0.000000,17.000000,85.667972,169.617017,50.000000,61.002008,3.000000
2026-05-10T08:40:51.37554905Z,0,per_hit,raw_percent_of_host,api-node1,api-node2,0,1,1,87.298361,69.688892,87.298361,69.688892,100.000000,100.000000,0.000000,16.000000,4.000000,6.000000,0.000000,16.000000,85.667972,169.617017,50.000000,61.101281,3.000000
2026-05-10T08:40:51.425690342Z,0,per_hit,raw_percent_of_host,api-node1,api-node2,0,1,1,87.298361,69.688892,87.298361,69.688892,100.000000,100.000000,0.000000,16.000000,4.000000,6.000000,0.000000,16.000000,85.667972,169.617017,50.000000,61.101281,3.000000
2026-05-10T08:40:51.475390583Z,0,per_hit,raw_percent_of_host,api-node1,api-node2,0,1,1,87.298361,69.688892,87.298361,69.688892,100.000000,100.000000,0.000000,14.000000,4.000000,6.000000,0.000000,14.000000,85.667972,169.617017,50.000000,61.301480,3.000000
2026-05-10T08:40:51.525554478Z,0,per_hit,raw_percent_of_host,api-node1,api-node2,0,1,1,87.298361,69.688892,87.298361,69.688892,100.000000,100.000000,0.000000,14.000000,4.000000,6.000000,0.000000,14.000000,85.667972,169.617017,50.000000,61.301480,3.000000
2026-05-10T08:40:51.575697507Z,0,per_hit,raw_percent_of_host,api-node1,api-node2,0,1,1,87.298361,69.688892,87.298361,69.688892,100.000000,100.000000,0.000000,12.000000,4.000000,6.000000,0.000000,12.000000,85.667972,169.617017,50.000000,61.503912,3.000000
2026-05-10T08:40:51.6258573Z,0,per_hit,raw_percent_of_host,api-node1,api-node2,0,1,1,87.298361,69.688892,87.298361,69.688892,100.000000,100.000000,0.000000,12.000000,4.000000,6.000000,0.000000,12.000000,85.667972,169.617017,50.000000,61.503912,3.000000
2026-05-10T08:40:51.675843532Z,0,per_hit,raw_percent_of_host,api-node1,api-node2,1,0,1,18.379653,76.748979,18.379653,76.748979,100.000000,100.000000,0.000000,1.000000,1.000000,2.000000,0.000000,1.000000,50.053481,84.107274,75.000000,49.910762,3.000000
2026-05-10T08:40:51.725999532Z,0,per_hit,raw_percent_of_host,api-node1,api-node2,1,0,1,0.000000,76.748979,0.000000,76.748979,100.000000,100.000000,1.000000,1.000000,1.000000,2.000000,1.000000,1.000000,50.053481,84.107274,74.944561,49.910762,3.000000
2026-05-10T08:40:51.775615545Z,0,per_hit,raw_percent_of_host,api-node1,api-node2,0,1,1,32.106578,0.000000,32.106578,0.000000,100.000000,100.000000,1.000000,0.000000,2.000000,1.000000,1.000000,0.000000,50.053481,96.294172,71.932410,75.000000,3.000000
2026-05-10T08:40:51.976000732Z,0,per_hit,raw_percent_of_host,api-node1,api-node2,1,0,1,0.000000,0.000000,0.000000,0.000000,100.000000,100.000000,6.000000,8.000000,1.000000,1.000000,6.000000,8.000000,50.053575,96.294172,74.671014,74.514216,3.000000
2026-05-10T08:40:52.026132883Z,0,per_hit,raw_percent_of_host,api-node1,api-node2,1,0,1,0.000000,0.000000,0.000000,0.000000,100.000000,100.000000,9.000000,10.000000,1.000000,1.000000,9.000000,10.000000,50.053575,96.294172,74.509747,74.395706,3.000000
2026-05-10T08:40:52.075847207Z,0,per_hit,raw_percent_of_host,api-node1,api-node2,1,0,1,0.000000,0.000000,0.000000,0.000000,100.000000,100.000000,11.000000,13.000000,1.000000,1.000000,11.000000,13.000000,50.053575,96.294172,74.403401,74.220073,3.000000
2026-05-10T08:40:52.125922959Z,0,per_hit,raw_percent_of_host,api-node1,api-node2,0,1,1,85.991072,0.000000,85.991072,0.000000,100.000000,100.000000,13.000000,17.000000,5.000000,1.000000,13.000000,17.000000,101.315886,96.294172,49.210560,73.989793,3.000000
2026-05-10T08:40:52.175783929Z,0,per_hit,raw_percent_of_host,api-node1,api-node2,0,1,1,85.991072,72.517068,85.991072,72.517068,100.000000,100.000000,12.000000,15.000000,5.000000,7.000000,12.000000,15.000000,101.315886,188.527015,49.269512,55.529400,3.000000
2026-05-10T08:40:52.225761913Z,0,per_hit,raw_percent_of_host,api-node1,api-node2,0,1,1,85.991072,72.517068,85.991072,72.517068,100.000000,100.000000,10.000000,15.000000,5.000000,7.000000,10.000000,15.000000,101.315886,188.527015,49.388281,55.529400,3.000000
2026-05-10T08:40:52.275623091Z,0,per_hit,raw_percent_of_host,api-node1,api-node2,0,1,1,85.991072,72.517068,85.991072,72.517068,100.000000,100.000000,10.000000,13.000000,5.000000,7.000000,10.000000,13.000000,101.315886,188.527015,49.388281,55.730000,3.000000
2026-05-10T08:40:52.325466674Z,0,per_hit,raw_percent_of_host,api-node1,api-node2,0,1,1,98.778052,72.517068,98.778052,72.517068,100.000000,100.000000,1.000000,13.000000,6.000000,7.000000,1.000000,13.000000,122.086969,188.527015,49.934022,55.730000,3.000000
2026-05-10T08:40:52.375538682Z,0,per_hit,raw_percent_of_host,api-node1,api-node2,0,1,1,98.778052,72.517068,98.778052,72.517068,100.000000,100.000000,0.000000,11.000000,6.000000,7.000000,0.000000,11.000000,122.086969,188.527015,50.000000,55.933252,3.000000
2026-05-10T08:40:52.425676703Z,0,per_hit,raw_percent_of_host,api-node1,api-node2,0,1,1,98.778052,72.517068,98.778052,72.517068,100.000000,100.000000,0.000000,11.000000,6.000000,7.000000,0.000000,11.000000,122.086969,188.527015,50.000000,55.933252,3.000000
2026-05-10T08:40:52.476127117Z,0,per_hit,raw_percent_of_host,api-node1,api-node2,0,1,1,98.778052,72.517068,98.778052,72.517068,100.000000,100.000000,0.000000,10.000000,6.000000,7.000000,0.000000,10.000000,122.086969,188.527015,50.000000,56.035890,3.000000
2026-05-10T08:40:52.526271964Z,0,per_hit,raw_percent_of_host,api-node1,api-node2,0,1,1,98.778052,72.517068,98.778052,72.517068,100.000000,100.000000,0.000000,10.000000,6.000000,7.000000,0.000000,10.000000,122.086969,188.527015,50.000000,56.035890,3.000000
2026-05-10T08:40:52.725535123Z,0,per_hit,raw_percent_of_host,api-node1,api-node2,0,1,1,0.000000,0.000000,0.000000,0.000000,100.000000,100.000000,1.000000,0.000000,1.000000,1.000000,1.000000,0.000000,50.041040,83.244817,74.944563,75.000000,3.000000
2026-05-10T08:40:52.775700505Z,0,per_hit,raw_percent_of_host,api-node1,api-node2,0,1,1,62.523886,0.000000,62.523886,0.000000,100.000000,100.000000,1.000000,0.000000,2.000000,1.000000,1.000000,0.000000,50.041040,83.244817,72.213549,75.000000,3.000000
2026-05-10T08:40:52.976087967Z,0,per_hit,raw_percent_of_host,api-node1,api-node2,1,0,1,0.000000,0.000000,0.000000,0.000000,100.000000,100.000000,6.000000,7.000000,1.000000,1.000000,6.000000,7.000000,50.061602,83.244817,74.671008,74.587026,3.000000
2026-05-10T08:40:53.025272628Z,0,per_hit,raw_percent_of_host,api-node1,api-node2,1,0,1,0.000000,0.000000,0.000000,0.000000,100.000000,100.000000,8.000000,10.000000,1.000000,1.000000,8.000000,10.000000,50.061602,83.244817,74.563260,74.414184,3.000000
2026-05-10T08:40:53.075854913Z,0,per_hit,raw_percent_of_host,api-node1,api-node2,1,0,1,0.000000,0.000000,0.000000,0.000000,100.000000,100.000000,11.000000,12.000000,1.000000,1.000000,11.000000,12.000000,50.061602,83.244817,74.403391,74.300300,3.000000
2026-05-10T08:40:53.125343435Z,0,per_hit,raw_percent_of_host,api-node1,api-node2,0,1,1,100.000000,0.000000,100.000000,0.000000,100.000000,100.000000,13.000000,16.000000,5.000000,1.000000,13.000000,16.000000,100.957647,83.244817,49.211246,74.075690,3.000000
2026-05-10T08:40:53.176098186Z,0,per_hit,raw_percent_of_host,api-node1,api-node2,0,1,1,100.000000,67.658948,100.000000,67.658948,100.000000,100.000000,12.000000,13.000000,5.000000,6.000000,12.000000,13.000000,100.957647,157.675608,49.270148,63.945256,3.000000
2026-05-10T08:40:53.225373067Z,0,per_hit,raw_percent_of_host,api-node1,api-node2,0,1,1,100.000000,67.658948,100.000000,67.658948,100.000000,100.000000,9.000000,14.000000,5.000000,6.000000,9.000000,14.000000,100.957647,157.675608,49.448587,63.851723,3.000000
2026-05-10T08:40:53.275759089Z,0,per_hit,raw_percent_of_host,api-node1,api-node2,0,1,1,100.000000,67.658948,100.000000,67.658948,100.000000,100.000000,9.000000,12.000000,5.000000,6.000000,9.000000,12.000000,100.957647,157.675608,49.448587,64.039241,3.000000
2026-05-10T08:40:53.325433303Z,0,per_hit,raw_percent_of_host,api-node1,api-node2,0,1,1,98.711247,67.658948,98.711247,67.658948,100.000000,100.000000,0.000000,12.000000,7.000000,6.000000,0.000000,12.000000,142.384030,157.675608,50.000000,64.039241,3.000000
2026-05-10T08:40:53.376048349Z,0,per_hit,raw_percent_of_host,api-node1,api-node2,0,1,1,98.711247,67.658948,98.711247,67.658948,100.000000,100.000000,0.000000,11.000000,7.000000,6.000000,0.000000,11.000000,142.384030,157.675608,50.000000,64.133681,3.000000
2026-05-10T08:40:53.426193279Z,0,per_hit,raw_percent_of_host,api-node1,api-node2,0,1,1,98.711247,67.658948,98.711247,67.658948,100.000000,100.000000,0.000000,11.000000,7.000000,6.000000,0.000000,11.000000,142.384030,157.675608,50.000000,64.133681,3.000000
2026-05-10T08:40:53.476205365Z,0,per_hit,raw_percent_of_host,api-node1,api-node2,1,0,1,18.347853,46.294460,18.347853,46.294460,100.000000,100.000000,0.000000,2.000000,1.000000,7.000000,0.000000,2.000000,50.041319,299.748670,75.000000,60.012567,3.000000
2026-05-10T08:40:53.525311026Z,0,per_hit,raw_percent_of_host,api-node1,api-node2,1,0,1,18.347853,46.294460,18.347853,46.294460,100.000000,100.000000,0.000000,2.000000,1.000000,7.000000,0.000000,2.000000,50.041319,299.748670,75.000000,60.012567,3.000000
2026-05-10T08:40:53.725598523Z,0,per_hit,raw_percent_of_host,api-node1,api-node2,0,1,1,0.000000,0.000000,0.000000,0.000000,100.000000,100.000000,1.000000,0.000000,1.000000,1.000000,1.000000,0.000000,50.041319,78.376532,74.944563,75.000000,3.000000
2026-05-10T08:40:53.776095908Z,0,per_hit,raw_percent_of_host,api-node1,api-node2,0,1,1,48.630517,0.000000,48.630517,0.000000,100.000000,100.000000,1.000000,0.000000,2.000000,1.000000,1.000000,0.000000,50.041319,78.376532,71.772528,75.000000,3.000000
2026-05-10T08:40:53.975371569Z,0,per_hit,raw_percent_of_host,api-node1,api-node2,1,0,1,0.000000,34.532931,0.000000,34.532931,100.000000,100.000000,5.000000,8.000000,1.000000,2.000000,5.000000,8.000000,50.063606,78.376532,74.725236,69.946292,3.000000
2026-05-10T08:40:54.025965036Z,0,per_hit,raw_percent_of_host,api-node1,api-node2,1,0,1,37.711741,34.532931,37.711741,34.532931,100.000000,100.000000,6.000000,12.000000,3.000000,2.000000,6.000000,12.000000,50.063606,78.376532,70.769208,69.946292,3.000000
2026-05-10T08:40:54.075276598Z,0,per_hit,raw_percent_of_host,api-node1,api-node2,0,1,1,97.422835,34.532931,97.422835,34.532931,100.000000,100.000000,6.000000,13.000000,3.000000,2.000000,6.000000,13.000000,60.685709,78.376532,49.663159,69.946292,3.000000
2026-05-10T08:40:54.125275266Z,0,per_hit,raw_percent_of_host,api-node1,api-node2,0,1,1,97.422835,34.532931,97.422835,34.532931,100.000000,100.000000,10.000000,15.000000,3.000000,2.000000,10.000000,15.000000,60.685709,78.376532,49.443597,69.946292,3.000000
2026-05-10T08:40:54.175952569Z,0,per_hit,raw_percent_of_host,api-node1,api-node2,0,1,1,97.422835,34.532931,97.422835,34.532931,100.000000,100.000000,10.000000,14.000000,3.000000,2.000000,10.000000,14.000000,60.685709,78.376532,49.443597,69.946292,3.000000
2026-05-10T08:40:54.225865905Z,0,per_hit,raw_percent_of_host,api-node1,api-node2,0,1,1,97.422835,34.532931,97.422835,34.532931,100.000000,100.000000,8.000000,15.000000,3.000000,2.000000,8.000000,15.000000,60.685709,78.376532,49.552887,69.946292,3.000000
2026-05-10T08:40:54.275882295Z,0,per_hit,raw_percent_of_host,api-node1,api-node2,0,1,1,99.538892,54.213487,99.538892,54.213487,100.000000,100.000000,1.000000,13.000000,2.000000,6.000000,1.000000,13.000000,50.035371,58.721149,49.944563,71.916273,3.000000
2026-05-10T08:40:54.325543295Z,0,per_hit,raw_percent_of_host,api-node1,api-node2,0,1,1,99.538892,54.213487,99.538892,54.213487,100.000000,100.000000,0.000000,13.000000,2.000000,6.000000,0.000000,13.000000,50.035371,58.721149,50.000000,71.916273,3.000000
2026-05-10T08:40:54.376101512Z,0,per_hit,raw_percent_of_host,api-node1,api-node2,0,1,1,99.538892,54.213487,99.538892,54.213487,100.000000,100.000000,0.000000,10.000000,2.000000,6.000000,0.000000,10.000000,50.035371,58.721149,50.000000,71.916273,3.000000
2026-05-10T08:40:54.42626857Z,0,per_hit,raw_percent_of_host,api-node1,api-node2,0,1,1,99.538892,54.213487,99.538892,54.213487,100.000000,100.000000,0.000000,10.000000,2.000000,6.000000,0.000000,10.000000,50.035371,58.721149,50.000000,71.916273,3.000000
2026-05-10T08:40:54.476232318Z,0,per_hit,raw_percent_of_host,api-node1,api-node2,0,1,1,99.538892,54.213487,99.538892,54.213487,100.000000,100.000000,0.000000,8.000000,2.000000,6.000000,0.000000,8.000000,50.035371,58.721149,50.000000,71.916273,3.000000
2026-05-10T08:40:54.525393247Z,0,per_hit,raw_percent_of_host,api-node1,api-node2,0,1,1,99.538892,54.213487,99.538892,54.213487,100.000000,100.000000,0.000000,8.000000,2.000000,6.000000,0.000000,8.000000,50.035371,58.721149,50.000000,71.916273,3.000000
2026-05-10T08:40:54.72553562Z,0,per_hit,raw_percent_of_host,api-node1,api-node2,0,1,1,0.000000,0.000000,0.000000,0.000000,100.000000,100.000000,1.000000,0.000000,1.000000,1.000000,1.000000,0.000000,50.046208,82.036510,74.944562,75.000000,3.000000
2026-05-10T08:40:54.775571336Z,0,per_hit,raw_percent_of_host,api-node1,api-node2,0,1,1,0.000000,0.000000,0.000000,0.000000,100.000000,100.000000,1.000000,0.000000,1.000000,1.000000,1.000000,0.000000,50.046208,82.036510,74.944562,75.000000,3.000000
2026-05-10T08:40:54.975303227Z,0,per_hit,raw_percent_of_host,api-node1,api-node2,1,0,1,0.000000,0.000000,0.000000,0.000000,100.000000,100.000000,5.000000,7.000000,1.000000,1.000000,5.000000,7.000000,50.083904,82.036510,74.725224,74.588200,3.000000
2026-05-10T08:40:55.026098648Z,0,per_hit,raw_percent_of_host,api-node1,api-node2,1,0,1,0.000000,0.000000,0.000000,0.000000,100.000000,100.000000,7.000000,10.000000,1.000000,1.000000,7.000000,10.000000,50.083904,82.036510,74.616998,74.415838,3.000000
2026-05-10T08:40:55.075767563Z,0,per_hit,raw_percent_of_host,api-node1,api-node2,0,1,1,89.540172,0.000000,89.540172,0.000000,100.000000,100.000000,7.000000,14.000000,4.000000,1.000000,7.000000,14.000000,80.787371,82.036510,49.589407,74.189746,3.000000
2026-05-10T08:40:55.126223052Z,0,per_hit,raw_percent_of_host,api-node1,api-node2,0,1,1,89.540172,0.000000,89.540172,0.000000,100.000000,100.000000,7.000000,19.000000,4.000000,1.000000,7.000000,19.000000,80.787371,82.036510,49.589407,73.912953,3.000000
2026-05-10T08:40:55.175931604Z,0,per_hit,raw_percent_of_host,api-node1,api-node2,0,1,1,89.540172,0.000000,89.540172,0.000000,100.000000,100.000000,4.000000,16.000000,4.000000,1.000000,4.000000,16.000000,80.787371,82.036510,49.763712,74.078263,3.000000
2026-05-10T08:40:55.225609727Z,0,per_hit,raw_percent_of_host,api-node1,api-node2,0,1,1,89.540172,0.000000,89.540172,0.000000,100.000000,100.000000,1.000000,17.000000,4.000000,1.000000,1.000000,17.000000,80.787371,82.036510,49.940506,74.022906,3.000000
2026-05-10T08:40:55.276092559Z,0,per_hit,raw_percent_of_host,api-node1,api-node2,0,1,1,89.895294,60.051371,89.895294,60.051371,100.000000,100.000000,0.000000,14.000000,1.000000,7.000000,0.000000,14.000000,50.049238,168.465812,50.000000,66.505637,3.000000
2026-05-10T08:40:55.326238318Z,0,per_hit,raw_percent_of_host,api-node1,api-node2,0,1,1,89.895294,60.051371,89.895294,60.051371,100.000000,100.000000,0.000000,14.000000,1.000000,7.000000,0.000000,14.000000,50.049238,168.465812,50.000000,66.505637,3.000000
2026-05-10T08:40:55.375955595Z,0,per_hit,raw_percent_of_host,api-node1,api-node2,0,1,1,89.895294,60.051371,89.895294,60.051371,100.000000,100.000000,0.000000,13.000000,1.000000,7.000000,0.000000,13.000000,50.049238,168.465812,50.000000,66.505637,3.000000
2026-05-10T08:40:55.426099553Z,0,per_hit,raw_percent_of_host,api-node1,api-node2,0,1,1,89.895294,60.051371,89.895294,60.051371,100.000000,100.000000,0.000000,13.000000,1.000000,7.000000,0.000000,13.000000,50.049238,168.465812,50.000000,66.505637,3.000000
2026-05-10T08:40:55.475943756Z,0,per_hit,raw_percent_of_host,api-node1,api-node2,0,1,1,89.895294,60.051371,89.895294,60.051371,100.000000,100.000000,0.000000,12.000000,1.000000,7.000000,0.000000,12.000000,50.049238,168.465812,50.000000,66.505637,3.000000
2026-05-10T08:40:55.52611469Z,0,per_hit,raw_percent_of_host,api-node1,api-node2,0,1,1,89.895294,60.051371,89.895294,60.051371,100.000000,100.000000,0.000000,12.000000,1.000000,7.000000,0.000000,12.000000,50.049238,168.465812,50.000000,66.505637,3.000000
2026-05-10T08:40:55.576284942Z,0,per_hit,raw_percent_of_host,api-node1,api-node2,0,1,1,89.895294,60.051371,89.895294,60.051371,100.000000,100.000000,0.000000,12.000000,1.000000,7.000000,0.000000,12.000000,50.049238,168.465812,50.000000,66.505637,3.000000
2026-05-10T08:40:55.625406127Z,0,per_hit,raw_percent_of_host,api-node1,api-node2,0,1,1,89.895294,60.051371,89.895294,60.051371,100.000000,100.000000,0.000000,12.000000,1.000000,7.000000,0.000000,12.000000,50.049238,168.465812,50.000000,66.505637,3.000000
2026-05-10T08:40:55.675312678Z,0,per_hit,raw_percent_of_host,api-node1,api-node2,0,1,1,89.895294,60.051371,89.895294,60.051371,100.000000,100.000000,0.000000,11.000000,1.000000,7.000000,0.000000,11.000000,50.049238,168.465812,50.000000,66.505637,3.000000
2026-05-10T08:40:55.726137567Z,0,per_hit,raw_percent_of_host,api-node1,api-node2,0,1,1,89.895294,60.051371,89.895294,60.051371,100.000000,100.000000,0.000000,12.000000,1.000000,7.000000,0.000000,12.000000,50.049238,168.465812,50.000000,66.505637,3.000000
2026-05-10T08:40:55.775759993Z,0,per_hit,raw_percent_of_host,api-node1,api-node2,0,1,1,89.895294,60.051371,89.895294,60.051371,100.000000,100.000000,0.000000,8.000000,1.000000,7.000000,0.000000,8.000000,50.049238,168.465812,50.000000,66.505637,3.000000
2026-05-10T08:40:55.975369775Z,0,per_hit,raw_percent_of_host,api-node1,api-node2,0,1,1,0.000000,0.000000,0.000000,0.000000,100.000000,100.000000,8.000000,4.000000,1.000000,1.000000,8.000000,4.000000,50.049238,50.063298,74.563272,74.779705,3.000000
2026-05-10T08:40:56.026127364Z,0,per_hit,raw_percent_of_host,api-node1,api-node2,0,1,1,0.000000,0.000000,0.000000,0.000000,100.000000,100.000000,11.000000,4.000000,1.000000,1.000000,11.000000,4.000000,50.049238,50.063298,74.403407,74.779705,3.000000
2026-05-10T08:40:56.076073551Z,0,per_hit,raw_percent_of_host,api-node1,api-node2,0,1,1,0.000000,0.000000,0.000000,0.000000,100.000000,100.000000,15.000000,5.000000,1.000000,1.000000,15.000000,5.000000,50.049238,50.063298,74.193463,74.725237,3.000000
2026-05-10T08:40:56.125554908Z,0,per_hit,raw_percent_of_host,api-node1,api-node2,0,1,1,100.000000,0.000000,100.000000,0.000000,100.000000,100.000000,15.000000,10.000000,7.000000,1.000000,15.000000,10.000000,142.474222,50.063298,48.993358,74.456447,3.000000
2026-05-10T08:40:56.175462304Z,0,per_hit,raw_percent_of_host,api-node1,api-node2,0,1,1,100.000000,60.280281,100.000000,60.280281,100.000000,100.000000,14.000000,8.000000,7.000000,4.000000,14.000000,8.000000,142.474222,78.516667,49.057939,70.647694,3.000000
2026-05-10T08:40:56.225632099Z,0,per_hit,raw_percent_of_host,api-node1,api-node2,0,1,1,100.000000,60.280281,100.000000,60.280281,100.000000,100.000000,10.000000,9.000000,7.000000,4.000000,10.000000,9.000000,142.474222,78.516667,49.319776,70.647694,3.000000
2026-05-10T08:40:56.276241561Z,0,per_hit,raw_percent_of_host,api-node1,api-node2,0,1,1,100.000000,60.280281,100.000000,60.280281,100.000000,100.000000,10.000000,8.000000,7.000000,4.000000,10.000000,8.000000,142.474222,78.516667,49.319776,70.647694,3.000000
2026-05-10T08:40:56.325925969Z,0,per_hit,raw_percent_of_host,api-node1,api-node2,0,1,1,98.925848,60.280281,98.925848,60.280281,100.000000,100.000000,2.000000,8.000000,10.000000,4.000000,2.000000,8.000000,200.871857,78.516667,49.833958,70.647694,3.000000
2026-05-10T08:40:56.375534485Z,0,per_hit,raw_percent_of_host,api-node1,api-node2,1,0,1,58.778632,54.266035,58.778632,54.266035,100.000000,100.000000,0.000000,2.000000,1.000000,5.000000,0.000000,2.000000,50.067357,219.412786,72.496632,64.029361,3.000000
2026-05-10T08:40:56.426166025Z,0,per_hit,raw_percent_of_host,api-node1,api-node2,1,0,1,58.778632,54.266035,58.778632,54.266035,100.000000,100.000000,0.000000,1.000000,1.000000,5.000000,0.000000,1.000000,50.067357,219.412786,72.496632,64.029361,3.000000
2026-05-10T08:40:56.726231638Z,0,per_hit,raw_percent_of_host,api-node1,api-node2,1,0,1,0.000000,0.000000,0.000000,0.000000,100.000000,100.000000,0.000000,1.000000,1.000000,1.000000,0.000000,1.000000,50.067357,78.075007,75.000000,74.940888,3.000000
2026-05-10T08:40:56.775527908Z,0,per_hit,raw_percent_of_host,api-node1,api-node2,1,0,1,0.000000,55.717626,0.000000,55.717626,100.000000,100.000000,0.000000,1.000000,1.000000,2.000000,0.000000,1.000000,50.067357,78.075007,75.000000,71.096250,3.000000
2026-05-10T08:40:56.976158466Z,0,per_hit,raw_percent_of_host,api-node1,api-node2,1,0,1,0.000000,0.000000,0.000000,0.000000,100.000000,100.000000,6.000000,6.000000,1.000000,1.000000,6.000000,6.000000,50.067357,50.177693,74.671004,74.670924,3.000000
2026-05-10T08:40:57.025273265Z,0,per_hit,raw_percent_of_host,api-node1,api-node2,1,0,1,0.000000,0.000000,0.000000,0.000000,100.000000,100.000000,8.000000,8.000000,1.000000,1.000000,8.000000,8.000000,50.067357,50.177693,74.563255,74.563149,3.000000
2026-05-10T08:40:57.076054496Z,0,per_hit,raw_percent_of_host,api-node1,api-node2,0,1,1,56.141160,0.000000,56.141160,0.000000,100.000000,100.000000,9.000000,11.000000,5.000000,1.000000,9.000000,11.000000,50.067357,50.177693,72.471045,74.403241,3.000000
2026-05-10T08:40:57.125283608Z,0,per_hit,raw_percent_of_host,api-node1,api-node2,0,1,1,56.141160,0.000000,56.141160,0.000000,100.000000,100.000000,11.000000,14.000000,5.000000,1.000000,11.000000,14.000000,50.067357,50.177693,72.471045,74.245401,3.000000
2026-05-10T08:40:57.175987893Z,0,per_hit,raw_percent_of_host,api-node1,api-node2,0,1,1,98.506117,0.000000,98.506117,0.000000,100.000000,100.000000,8.000000,11.000000,6.000000,1.000000,8.000000,11.000000,120.268264,50.177693,49.484179,74.403241,3.000000
2026-05-10T08:40:57.226155264Z,0,per_hit,raw_percent_of_host,api-node1,api-node2,0,1,1,98.506117,0.000000,98.506117,0.000000,100.000000,100.000000,6.000000,12.000000,6.000000,1.000000,6.000000,12.000000,120.268264,50.177693,49.611129,74.350400,3.000000
2026-05-10T08:40:57.276026438Z,0,per_hit,raw_percent_of_host,api-node1,api-node2,0,1,1,97.165240,62.587650,97.165240,62.587650,100.000000,100.000000,0.000000,11.000000,1.000000,6.000000,0.000000,11.000000,50.055747,220.330128,50.000000,63.144319,3.000000
2026-05-10T08:40:57.326257865Z,0,per_hit,raw_percent_of_host,api-node1,api-node2,0,1,1,97.165240,62.587650,97.165240,62.587650,100.000000,100.000000,0.000000,11.000000,1.000000,6.000000,0.000000,11.000000,50.055747,220.330128,50.000000,63.144319,3.000000
2026-05-10T08:40:57.375625219Z,0,per_hit,raw_percent_of_host,api-node1,api-node2,0,1,1,97.165240,62.587650,97.165240,62.587650,100.000000,100.000000,0.000000,9.000000,1.000000,6.000000,0.000000,9.000000,50.055747,220.330128,50.000000,63.294198,3.000000
2026-05-10T08:40:57.425773566Z,0,per_hit,raw_percent_of_host,api-node1,api-node2,0,1,1,97.165240,62.587650,97.165240,62.587650,100.000000,100.000000,0.000000,9.000000,1.000000,6.000000,0.000000,9.000000,50.055747,220.330128,50.000000,63.294198,3.000000
2026-05-10T08:40:57.475855761Z,0,per_hit,raw_percent_of_host,api-node1,api-node2,0,1,1,97.165240,49.983769,97.165240,49.983769,100.000000,100.000000,0.000000,2.000000,1.000000,5.000000,0.000000,2.000000,50.055747,219.209123,50.000000,64.039544,3.000000
2026-05-10T08:40:57.525392314Z,0,per_hit,raw_percent_of_host,api-node1,api-node2,1,0,1,0.000000,49.983769,0.000000,49.983769,100.000000,100.000000,0.000000,1.000000,1.000000,5.000000,0.000000,1.000000,50.055747,219.209123,75.000000,64.039544,3.000000
2026-05-10T08:40:57.726235871Z,0,per_hit,raw_percent_of_host,api-node1,api-node2,1,0,1,0.000000,0.000000,0.000000,0.000000,100.000000,100.000000,0.000000,1.000000,1.000000,1.000000,0.000000,1.000000,50.055747,78.341500,75.000000,74.940851,3.000000
2026-05-10T08:40:57.775602826Z,0,per_hit,raw_percent_of_host,api-node1,api-node2,1,0,1,0.000000,64.448466,0.000000,64.448466,100.000000,100.000000,0.000000,1.000000,1.000000,2.000000,0.000000,1.000000,50.055747,78.341500,75.000000,70.340461,3.000000
2026-05-10T08:40:57.975590956Z,0,per_hit,raw_percent_of_host,api-node1,api-node2,0,1,1,0.000000,0.000000,0.000000,0.000000,100.000000,100.000000,8.000000,4.000000,1.000000,1.000000,8.000000,4.000000,50.055747,50.081553,74.563266,74.779696,3.000000
2026-05-10T08:40:58.02523446Z,0,per_hit,raw_percent_of_host,api-node1,api-node2,0,1,1,0.000000,0.000000,0.000000,0.000000,100.000000,100.000000,10.000000,6.000000,1.000000,1.000000,10.000000,6.000000,50.055747,50.081553,74.456456,74.670994,3.000000
2026-05-10T08:40:58.075582903Z,0,per_hit,raw_percent_of_host,api-node1,api-node2,1,0,1,0.000000,82.522917,0.000000,82.522917,100.000000,100.000000,13.000000,7.000000,1.000000,3.000000,13.000000,7.000000,50.055747,74.973423,74.297972,49.542342,3.000000
2026-05-10T08:40:58.125605637Z,0,per_hit,raw_percent_of_host,api-node1,api-node2,0,1,1,99.273199,82.522917,99.273199,82.522917,100.000000,100.000000,15.000000,9.000000,6.000000,3.000000,15.000000,9.000000,121.829116,74.973423,49.046216,49.414645,3.000000
2026-05-10T08:40:58.176160859Z,0,per_hit,raw_percent_of_host,api-node1,api-node2,0,1,1,99.273199,82.522917,99.273199,82.522917,100.000000,100.000000,13.000000,8.000000,6.000000,3.000000,13.000000,8.000000,121.829116,74.973423,49.169161,49.478327,3.000000
2026-05-10T08:40:58.225669677Z,0,per_hit,raw_percent_of_host,api-node1,api-node2,0,1,1,99.273199,82.522917,99.273199,82.522917,100.000000,100.000000,11.000000,9.000000,6.000000,3.000000,11.000000,9.000000,121.829116,74.973423,49.293370,49.414645,3.000000
2026-05-10T08:40:58.276153436Z,0,per_hit,raw_percent_of_host,api-node1,api-node2,0,1,1,99.273199,82.522917,99.273199,82.522917,100.000000,100.000000,10.000000,7.000000,6.000000,3.000000,10.000000,7.000000,121.829116,74.973423,49.355954,49.542342,3.000000
2026-05-10T08:40:58.325292423Z,0,per_hit,raw_percent_of_host,api-node1,api-node2,1,0,1,98.893977,82.522917,98.893977,82.522917,100.000000,100.000000,1.000000,7.000000,9.000000,3.000000,1.000000,7.000000,200.803155,74.973423,49.916721,49.542342,3.000000
2026-05-10T08:40:58.375532709Z,0,per_hit,raw_percent_of_host,api-node1,api-node2,1,0,1,84.394358,100.000000,84.394358,100.000000,100.000000,100.000000,0.000000,1.000000,1.000000,2.000000,0.000000,1.000000,50.103544,100.304324,50.000000,49.937609,3.000000
2026-05-10T08:40:58.426090362Z,0,per_hit,raw_percent_of_host,api-node1,api-node2,1,0,1,0.000000,100.000000,0.000000,100.000000,100.000000,100.000000,0.000000,1.000000,1.000000,2.000000,0.000000,1.000000,50.103544,100.304324,75.000000,49.937609,3.000000
2026-05-10T08:40:58.726106573Z,0,per_hit,raw_percent_of_host,api-node1,api-node2,0,1,1,0.000000,0.000000,0.000000,0.000000,100.000000,100.000000,1.000000,0.000000,1.000000,1.000000,1.000000,0.000000,50.103544,50.042566,74.944555,75.000000,3.000000
2026-05-10T08:40:58.775773367Z,0,per_hit,raw_percent_of_host,api-node1,api-node2,0,1,1,47.917236,0.000000,47.917236,0.000000,100.000000,100.000000,1.000000,0.000000,2.000000,1.000000,1.000000,0.000000,50.103544,50.042566,71.681820,75.000000,3.000000
2026-05-10T08:40:58.975867044Z,0,per_hit,raw_percent_of_host,api-node1,api-node2,0,1,1,20.057406,20.108195,20.057406,20.108195,100.000000,100.000000,9.000000,3.000000,1.000000,1.000000,9.000000,3.000000,50.056008,50.042566,74.509744,74.834422,3.000000
2026-05-10T08:40:59.025224494Z,0,per_hit,raw_percent_of_host,api-node1,api-node2,1,0,1,20.057406,47.040664,20.057406,47.040664,100.000000,100.000000,10.000000,6.000000,1.000000,3.000000,10.000000,6.000000,50.056008,50.042566,74.456456,71.571574,3.000000
2026-05-10T08:40:59.075253006Z,0,per_hit,raw_percent_of_host,api-node1,api-node2,1,0,1,56.194219,47.040664,56.194219,47.040664,100.000000,100.000000,12.000000,7.000000,5.000000,3.000000,12.000000,7.000000,50.056008,50.042566,72.475426,71.571574,3.000000
2026-05-10T08:40:59.126024005Z,0,per_hit,raw_percent_of_host,api-node1,api-node2,1,0,1,56.194219,47.040664,56.194219,47.040664,100.000000,100.000000,14.000000,12.000000,5.000000,3.000000,14.000000,12.000000,50.056008,50.042566,72.475426,71.571574,3.000000
2026-05-10T08:40:59.175775057Z,0,per_hit,raw_percent_of_host,api-node1,api-node2,1,0,1,56.194219,47.040664,56.194219,47.040664,100.000000,100.000000,11.000000,10.000000,5.000000,3.000000,11.000000,10.000000,50.056008,50.042566,72.475426,71.571574,3.000000
2026-05-10T08:40:59.225766221Z,0,per_hit,raw_percent_of_host,api-node1,api-node2,0,1,1,98.600149,47.040664,98.600149,47.040664,100.000000,100.000000,8.000000,11.000000,8.000000,3.000000,8.000000,11.000000,140.844215,50.042566,49.455272,71.571574,3.000000
2026-05-10T08:40:59.276032892Z,0,per_hit,raw_percent_of_host,api-node1,api-node2,0,1,1,98.600149,55.677489,98.600149,55.677489,100.000000,100.000000,1.000000,10.000000,8.000000,6.000000,1.000000,10.000000,140.844215,59.537602,49.930586,72.009888,3.000000
2026-05-10T08:40:59.325624539Z,0,per_hit,raw_percent_of_host,api-node1,api-node2,0,1,1,99.353653,55.677489,99.353653,55.677489,100.000000,100.000000,0.000000,10.000000,2.000000,6.000000,0.000000,10.000000,50.118969,59.537602,50.000000,72.009888,3.000000
2026-05-10T08:40:59.375613573Z,0,per_hit,raw_percent_of_host,api-node1,api-node2,0,1,1,99.353653,55.677489,99.353653,55.677489,100.000000,100.000000,0.000000,9.000000,2.000000,6.000000,0.000000,9.000000,50.118969,59.537602,50.000000,72.009888,3.000000
2026-05-10T08:40:59.425754689Z,0,per_hit,raw_percent_of_host,api-node1,api-node2,0,1,1,99.353653,55.677489,99.353653,55.677489,100.000000,100.000000,0.000000,9.000000,2.000000,6.000000,0.000000,9.000000,50.118969,59.537602,50.000000,72.009888,3.000000
2026-05-10T08:40:59.475690314Z,0,per_hit,raw_percent_of_host,api-node1,api-node2,1,0,1,0.000000,44.857793,0.000000,44.857793,100.000000,100.000000,0.000000,1.000000,1.000000,5.000000,0.000000,1.000000,50.059093,199.486644,75.000000,64.678225,3.000000
2026-05-10T08:40:59.525856307Z,0,per_hit,raw_percent_of_host,api-node1,api-node2,1,0,1,0.000000,44.857793,0.000000,44.857793,100.000000,100.000000,0.000000,1.000000,1.000000,5.000000,0.000000,1.000000,50.059093,199.486644,75.000000,64.678225,3.000000
2026-05-10T08:40:59.725727994Z,0,per_hit,raw_percent_of_host,api-node1,api-node2,1,0,1,0.000000,0.000000,0.000000,0.000000,100.000000,100.000000,0.000000,1.000000,1.000000,1.000000,0.000000,1.000000,50.059093,99.091653,75.000000,74.937797,3.000000
2026-05-10T08:40:59.776006577Z,0,per_hit,raw_percent_of_host,api-node1,api-node2,1,0,1,0.000000,50.382323,0.000000,50.382323,100.000000,100.000000,0.000000,1.000000,1.000000,2.000000,0.000000,1.000000,50.059093,99.091653,75.000000,69.634370,3.000000
2026-05-10T08:40:59.975528568Z,0,per_hit,raw_percent_of_host,api-node1,api-node2,0,1,1,0.000000,0.000000,0.000000,0.000000,100.000000,100.000000,8.000000,4.000000,1.000000,1.000000,8.000000,4.000000,50.059093,50.064390,74.563262,74.779704,3.000000
2026-05-10T08:41:00.025873649Z,0,per_hit,raw_percent_of_host,api-node1,api-node2,0,1,1,0.000000,0.000000,0.000000,0.000000,100.000000,100.000000,8.000000,4.000000,1.000000,1.000000,8.000000,4.000000,50.059093,50.064390,74.563262,74.779704,3.000000
2026-05-10T08:41:00.076006239Z,0,per_hit,raw_percent_of_host,api-node1,api-node2,1,0,1,0.000000,84.311211,0.000000,84.311211,100.000000,100.000000,11.000000,8.000000,1.000000,4.000000,11.000000,8.000000,50.059093,105.328366,74.403394,49.503317,3.000000
2026-05-10T08:41:00.125705125Z,0,per_hit,raw_percent_of_host,api-node1,api-node2,0,1,1,100.000000,84.311211,100.000000,84.311211,100.000000,100.000000,10.000000,11.000000,7.000000,4.000000,10.000000,11.000000,141.494400,105.328366,49.321584,49.322112,3.000000
2026-05-10T08:41:00.175768286Z,0,per_hit,raw_percent_of_host,api-node1,api-node2,0,1,1,100.000000,84.311211,100.000000,84.311211,100.000000,100.000000,10.000000,10.000000,7.000000,4.000000,10.000000,10.000000,141.494400,105.328366,49.321584,49.382215,3.000000
2026-05-10T08:41:00.225695015Z,0,per_hit,raw_percent_of_host,api-node1,api-node2,1,0,1,100.000000,84.311211,100.000000,84.311211,100.000000,100.000000,9.000000,10.000000,7.000000,4.000000,9.000000,10.000000,141.494400,105.328366,49.387764,49.382215,3.000000
2026-05-10T08:41:00.275832164Z,0,per_hit,raw_percent_of_host,api-node1,api-node2,1,0,1,99.074340,84.311211,99.074340,84.311211,100.000000,100.000000,3.000000,8.000000,7.000000,4.000000,3.000000,8.000000,139.623785,105.328366,49.793602,49.503317,3.000000
2026-05-10T08:41:00.325978884Z,0,per_hit,raw_percent_of_host,api-node1,api-node2,1,0,1,99.074340,84.311211,99.074340,84.311211,100.000000,100.000000,3.000000,8.000000,7.000000,4.000000,3.000000,8.000000,139.623785,105.328366,49.793602,49.503317,3.000000
2026-05-10T08:41:00.37548965Z,0,per_hit,raw_percent_of_host,api-node1,api-node2,1,0,1,99.074340,84.311211,99.074340,84.311211,100.000000,100.000000,2.000000,8.000000,7.000000,4.000000,2.000000,8.000000,139.623785,105.328366,49.862022,49.503317,3.000000
2026-05-10T08:41:00.426085442Z,0,per_hit,raw_percent_of_host,api-node1,api-node2,1,0,1,99.074340,84.311211,99.074340,84.311211,100.000000,100.000000,0.000000,8.000000,7.000000,4.000000,0.000000,8.000000,139.623785,105.328366,50.000000,49.503317,3.000000
2026-05-10T08:41:00.725857075Z,0,per_hit,raw_percent_of_host,api-node1,api-node2,1,0,1,0.000000,0.000000,0.000000,0.000000,100.000000,100.000000,0.000000,1.000000,1.000000,1.000000,0.000000,1.000000,50.041985,0.018941,75.000000,74.999051,3.000000
2026-05-10T08:41:00.776139909Z,0,per_hit,raw_percent_of_host,api-node1,api-node2,1,0,1,0.000000,48.585193,0.000000,48.585193,100.000000,100.000000,0.000000,1.000000,1.000000,2.000000,0.000000,1.000000,50.041985,0.018941,75.000000,74.926020,3.000000
2026-05-10T08:41:00.976249983Z,0,per_hit,raw_percent_of_host,api-node1,api-node2,0,1,1,0.000000,0.000000,0.000000,0.000000,100.000000,100.000000,7.000000,5.000000,1.000000,1.000000,7.000000,5.000000,50.041985,50.075353,74.617033,74.725229,3.000000
2026-05-10T08:41:01.025359119Z,0,per_hit,raw_percent_of_host,api-node1,api-node2,1,0,1,0.000000,0.000000,0.000000,0.000000,100.000000,100.000000,8.000000,8.000000,1.000000,1.000000,8.000000,8.000000,50.041985,50.075353,74.563279,74.563247,3.000000
2026-05-10T08:41:01.075565674Z,0,per_hit,raw_percent_of_host,api-node1,api-node2,0,1,1,0.000000,0.000000,0.000000,0.000000,100.000000,100.000000,10.000000,9.000000,1.000000,1.000000,10.000000,9.000000,50.041985,50.075353,74.456472,74.509723,3.000000
2026-05-10T08:41:01.125580915Z,0,per_hit,raw_percent_of_host,api-node1,api-node2,0,1,1,96.327975,0.000000,96.327975,0.000000,100.000000,100.000000,10.000000,13.000000,6.000000,1.000000,10.000000,13.000000,121.205729,50.075353,49.356986,74.297942,3.000000
2026-05-10T08:41:01.1755607Z,0,per_hit,raw_percent_of_host,api-node1,api-node2,0,1,1,96.327975,59.884344,96.327975,59.884344,100.000000,100.000000,8.000000,10.000000,6.000000,4.000000,8.000000,10.000000,121.205729,142.911766,49.482929,67.854412,3.000000
2026-05-10T08:41:01.225793516Z,0,per_hit,raw_percent_of_host,api-node1,api-node2,0,1,1,96.327975,59.884344,96.327975,59.884344,100.000000,100.000000,7.000000,11.000000,6.000000,4.000000,7.000000,11.000000,121.205729,142.911766,49.546390,67.854412,3.000000
2026-05-10T08:41:01.275498222Z,0,per_hit,raw_percent_of_host,api-node1,api-node2,0,1,1,97.972782,59.884344,97.972782,59.884344,100.000000,100.000000,1.000000,8.000000,6.000000,4.000000,1.000000,8.000000,122.387167,142.911766,49.933969,67.854412,3.000000
2026-05-10T08:41:01.325763303Z,0,per_hit,raw_percent_of_host,api-node1,api-node2,0,1,1,97.972782,59.884344,97.972782,59.884344,100.000000,100.000000,0.000000,8.000000,6.000000,4.000000,0.000000,8.000000,122.387167,142.911766,50.000000,67.854412,3.000000
2026-05-10T08:41:01.375601676Z,0,per_hit,raw_percent_of_host,api-node1,api-node2,0,1,1,97.972782,58.289339,97.972782,58.289339,100.000000,100.000000,0.000000,5.000000,6.000000,6.000000,0.000000,5.000000,122.387167,239.121854,50.000000,63.043907,3.000000
2026-05-10T08:41:01.425937976Z,0,per_hit,raw_percent_of_host,api-node1,api-node2,1,0,1,14.100407,58.289339,14.100407,58.289339,100.000000,100.000000,0.000000,5.000000,1.000000,6.000000,0.000000,5.000000,50.051974,239.121854,75.000000,63.043907,3.000000
2026-05-10T08:41:01.725902778Z,0,per_hit,raw_percent_of_host,api-node1,api-node2,1,0,1,0.000000,0.000000,0.000000,0.000000,100.000000,100.000000,0.000000,1.000000,1.000000,1.000000,0.000000,1.000000,50.051974,60.926361,75.000000,74.943191,3.000000
2026-05-10T08:41:01.775689793Z,0,per_hit,raw_percent_of_host,api-node1,api-node2,1,0,1,0.000000,66.263854,0.000000,66.263854,100.000000,100.000000,0.000000,1.000000,1.000000,2.000000,0.000000,1.000000,50.051974,60.926361,75.000000,68.293185,3.000000
2026-05-10T08:41:01.97525642Z,0,per_hit,raw_percent_of_host,api-node1,api-node2,0,1,1,0.000000,0.000000,0.000000,0.000000,100.000000,100.000000,6.000000,5.000000,1.000000,1.000000,6.000000,5.000000,50.051974,50.063524,74.671015,74.725236,3.000000
2026-05-10T08:41:02.025454174Z,0,per_hit,raw_percent_of_host,api-node1,api-node2,0,1,1,0.000000,0.000000,0.000000,0.000000,100.000000,100.000000,11.000000,5.000000,1.000000,1.000000,11.000000,5.000000,50.051974,50.063524,74.403403,74.725236,3.000000
2026-05-10T08:41:02.0754571Z,0,per_hit,raw_percent_of_host,api-node1,api-node2,0,1,1,0.000000,0.000000,0.000000,0.000000,100.000000,100.000000,14.000000,7.000000,1.000000,1.000000,14.000000,7.000000,50.051974,50.063524,74.245605,74.617015,3.000000
2026-05-10T08:41:02.125544642Z,0,per_hit,raw_percent_of_host,api-node1,api-node2,0,1,1,94.570452,0.000000,94.570452,0.000000,100.000000,100.000000,14.000000,11.000000,6.000000,1.000000,14.000000,11.000000,101.545886,50.063524,49.151421,74.403389,3.000000
2026-05-10T08:41:02.176225324Z,0,per_hit,raw_percent_of_host,api-node1,api-node2,0,1,1,94.570452,0.000000,94.570452,0.000000,100.000000,100.000000,14.000000,8.000000,6.000000,1.000000,14.000000,8.000000,101.545886,50.063524,49.151421,74.563258,3.000000
2026-05-10T08:41:02.226100667Z,0,per_hit,raw_percent_of_host,api-node1,api-node2,0,1,1,94.570452,0.000000,94.570452,0.000000,100.000000,100.000000,13.000000,9.000000,6.000000,1.000000,13.000000,9.000000,101.545886,50.063524,49.210118,74.509736,3.000000
2026-05-10T08:41:02.27569276Z,0,per_hit,raw_percent_of_host,api-node1,api-node2,0,1,1,94.570452,0.000000,94.570452,0.000000,100.000000,100.000000,11.000000,8.000000,6.000000,1.000000,11.000000,8.000000,101.545886,50.063524,49.328374,74.563258,3.000000
2026-05-10T08:41:02.325532495Z,0,per_hit,raw_percent_of_host,api-node1,api-node2,0,1,1,94.570452,0.000000,94.570452,0.000000,100.000000,100.000000,1.000000,8.000000,6.000000,1.000000,1.000000,8.000000,101.545886,50.063524,49.937415,74.563258,3.000000
2026-05-10T08:41:02.375604082Z,0,per_hit,raw_percent_of_host,api-node1,api-node2,0,1,1,90.736637,58.245448,90.736637,58.245448,100.000000,100.000000,0.000000,1.000000,1.000000,2.000000,0.000000,1.000000,50.036341,100.271766,50.000000,69.986412,3.000000
2026-05-10T08:41:02.425950415Z,0,per_hit,raw_percent_of_host,api-node1,api-node2,1,0,1,0.000000,58.245448,0.000000,58.245448,100.000000,100.000000,0.000000,1.000000,1.000000,2.000000,0.000000,1.000000,50.036341,100.271766,75.000000,69.986412,3.000000
2026-05-10T08:41:02.725965195Z,0,per_hit,raw_percent_of_host,api-node1,api-node2,1,0,1,0.000000,0.000000,0.000000,0.000000,100.000000,100.000000,0.000000,1.000000,1.000000,1.000000,0.000000,1.000000,50.036341,50.057235,75.000000,74.944561,3.000000
2026-05-10T08:41:02.775537963Z,0,per_hit,raw_percent_of_host,api-node1,api-node2,1,0,1,0.000000,0.000000,0.000000,0.000000,100.000000,100.000000,0.000000,1.000000,1.000000,1.000000,0.000000,1.000000,50.036341,50.057235,75.000000,74.944561,3.000000
2026-05-10T08:41:02.975752044Z,0,per_hit,raw_percent_of_host,api-node1,api-node2,0,1,1,0.000000,20.388463,0.000000,20.388463,100.000000,100.000000,7.000000,5.000000,1.000000,1.000000,7.000000,5.000000,50.036341,50.051788,74.617037,74.725243,3.000000
2026-05-10T08:41:03.025921303Z,0,per_hit,raw_percent_of_host,api-node1,api-node2,0,1,1,0.000000,20.388463,0.000000,20.388463,100.000000,100.000000,10.000000,7.000000,1.000000,1.000000,10.000000,7.000000,50.036341,50.051788,74.456479,74.617024,3.000000
2026-05-10T08:41:03.075247632Z,0,per_hit,raw_percent_of_host,api-node1,api-node2,1,0,1,0.000000,42.878761,0.000000,42.878761,100.000000,100.000000,9.000000,9.000000,1.000000,4.000000,9.000000,9.000000,50.036341,50.051788,74.509765,70.903608,3.000000
2026-05-10T08:41:03.126001009Z,0,per_hit,raw_percent_of_host,api-node1,api-node2,1,0,1,0.000000,42.878761,0.000000,42.878761,100.000000,100.000000,8.000000,15.000000,1.000000,4.000000,8.000000,15.000000,50.036341,50.051788,74.563284,70.903608,3.000000
2026-05-10T08:41:03.176043185Z,0,per_hit,raw_percent_of_host,api-node1,api-node2,0,1,1,82.470619,42.878761,82.470619,42.878761,100.000000,100.000000,4.000000,12.000000,7.000000,4.000000,4.000000,12.000000,144.859710,50.051788,49.721557,70.903608,3.000000
2026-05-10T08:41:03.226055248Z,0,per_hit,raw_percent_of_host,api-node1,api-node2,0,1,1,82.470619,42.878761,82.470619,42.878761,100.000000,100.000000,0.000000,13.000000,7.000000,4.000000,0.000000,13.000000,144.859710,50.051788,50.000000,70.903608,3.000000
2026-05-10T08:41:03.275984766Z,0,per_hit,raw_percent_of_host,api-node1,api-node2,1,0,1,60.104108,49.841798,60.104108,49.841798,100.000000,100.000000,0.000000,11.000000,1.000000,4.000000,0.000000,11.000000,50.059987,59.503080,72.497001,71.410165,3.000000
2026-05-10T08:41:03.326229021Z,0,per_hit,raw_percent_of_host,api-node1,api-node2,1,0,1,60.104108,49.841798,60.104108,49.841798,100.000000,100.000000,0.000000,11.000000,1.000000,4.000000,0.000000,11.000000,50.059987,59.503080,72.497001,71.410165,3.000000
2026-05-10T08:41:03.375396077Z,0,per_hit,raw_percent_of_host,api-node1,api-node2,1,0,1,60.104108,49.841798,60.104108,49.841798,100.000000,100.000000,0.000000,11.000000,1.000000,4.000000,0.000000,11.000000,50.059987,59.503080,72.497001,71.410165,3.000000
2026-05-10T08:41:03.425541803Z,0,per_hit,raw_percent_of_host,api-node1,api-node2,1,0,1,60.104108,49.841798,60.104108,49.841798,100.000000,100.000000,0.000000,11.000000,1.000000,4.000000,0.000000,11.000000,50.059987,59.503080,72.497001,71.410165,3.000000
2026-05-10T08:41:03.475246442Z,0,per_hit,raw_percent_of_host,api-node1,api-node2,1,0,1,60.104108,62.508400,60.104108,62.508400,100.000000,100.000000,0.000000,3.000000,1.000000,7.000000,0.000000,3.000000,50.059987,238.752860,72.497001,62.835345,3.000000
2026-05-10T08:41:03.526278659Z,0,per_hit,raw_percent_of_host,api-node1,api-node2,1,0,1,4.169987,62.508400,4.169987,62.508400,100.000000,100.000000,0.000000,3.000000,1.000000,7.000000,0.000000,3.000000,50.059987,238.752860,75.000000,62.835345,3.000000
2026-05-10T08:41:03.725710551Z,0,per_hit,raw_percent_of_host,api-node1,api-node2,1,0,1,0.000000,0.000000,0.000000,0.000000,100.000000,100.000000,0.000000,1.000000,1.000000,1.000000,0.000000,1.000000,50.059987,79.930763,75.000000,74.940627,3.000000
2026-05-10T08:41:03.77610787Z,0,per_hit,raw_percent_of_host,api-node1,api-node2,1,0,1,0.000000,0.000000,0.000000,0.000000,100.000000,100.000000,0.000000,1.000000,1.000000,1.000000,0.000000,1.000000,50.059987,79.930763,75.000000,74.940627,3.000000
2026-05-10T08:41:03.976161026Z,0,per_hit,raw_percent_of_host,api-node1,api-node2,1,0,1,0.000000,0.000000,0.000000,0.000000,100.000000,100.000000,2.000000,10.000000,1.000000,1.000000,2.000000,10.000000,50.059987,50.044975,74.889366,74.456469,3.000000
2026-05-10T08:41:04.02527893Z,0,per_hit,raw_percent_of_host,api-node1,api-node2,0,1,1,86.362444,0.000000,86.362444,0.000000,100.000000,100.000000,5.000000,10.000000,2.000000,1.000000,5.000000,10.000000,55.227467,50.044975,49.718705,74.456469,3.000000
2026-05-10T08:41:04.075814963Z,0,per_hit,raw_percent_of_host,api-node1,api-node2,0,1,1,86.362444,0.000000,86.362444,0.000000,100.000000,100.000000,8.000000,12.000000,2.000000,1.000000,8.000000,12.000000,55.227467,50.044975,49.552947,74.350586,3.000000
2026-05-10T08:41:04.125878908Z,0,per_hit,raw_percent_of_host,api-node1,api-node2,0,1,1,86.362444,0.000000,86.362444,0.000000,100.000000,100.000000,11.000000,15.000000,2.000000,1.000000,11.000000,15.000000,55.227467,50.044975,49.389396,74.193470,3.000000
2026-05-10T08:41:04.175623326Z,0,per_hit,raw_percent_of_host,api-node1,api-node2,0,1,1,86.362444,0.000000,86.362444,0.000000,100.000000,100.000000,9.000000,14.000000,2.000000,1.000000,9.000000,14.000000,55.227467,50.044975,49.498187,74.245617,3.000000
2026-05-10T08:41:04.225994183Z,0,per_hit,raw_percent_of_host,api-node1,api-node2,0,1,1,86.362444,0.000000,86.362444,0.000000,100.000000,100.000000,9.000000,14.000000,2.000000,1.000000,9.000000,14.000000,55.227467,50.044975,49.498187,74.245617,3.000000
2026-05-10T08:41:04.275449177Z,0,per_hit,raw_percent_of_host,api-node1,api-node2,0,1,1,86.362444,59.157123,86.362444,59.157123,100.000000,100.000000,3.000000,9.000000,2.000000,7.000000,3.000000,9.000000,55.227467,269.049208,49.830460,61.547540,3.000000
2026-05-10T08:41:04.326069982Z,0,per_hit,raw_percent_of_host,api-node1,api-node2,0,1,1,98.208875,59.157123,98.208875,59.157123,100.000000,100.000000,0.000000,9.000000,2.000000,7.000000,0.000000,9.000000,50.044437,269.049208,50.000000,61.547540,3.000000
2026-05-10T08:41:04.375540854Z,0,per_hit,raw_percent_of_host,api-node1,api-node2,0,1,1,98.208875,59.157123,98.208875,59.157123,100.000000,100.000000,0.000000,8.000000,2.000000,7.000000,0.000000,8.000000,50.044437,269.049208,50.000000,61.547540,3.000000
2026-05-10T08:41:04.42538728Z,0,per_hit,raw_percent_of_host,api-node1,api-node2,0,1,1,98.208875,59.157123,98.208875,59.157123,100.000000,100.000000,0.000000,8.000000,2.000000,7.000000,0.000000,8.000000,50.044437,269.049208,50.000000,61.547540,3.000000
2026-05-10T08:41:04.725758025Z,0,per_hit,raw_percent_of_host,api-node1,api-node2,0,1,1,0.000000,19.950047,0.000000,19.950047,100.000000,100.000000,1.000000,0.000000,1.000000,1.000000,1.000000,0.000000,50.043047,82.310927,74.944562,75.000000,3.000000
2026-05-10T08:41:04.776141303Z,0,per_hit,raw_percent_of_host,api-node1,api-node2,0,1,1,64.771930,0.000000,64.771930,0.000000,100.000000,100.000000,1.000000,0.000000,2.000000,1.000000,1.000000,0.000000,50.043047,82.310927,70.163796,75.000000,3.000000
2026-05-10T08:41:04.976130033Z,0,per_hit,raw_percent_of_host,api-node1,api-node2,1,0,1,0.000000,33.206048,0.000000,33.206048,100.000000,100.000000,10.000000,2.000000,1.000000,2.000000,10.000000,2.000000,50.071717,82.310927,74.456437,70.079334,3.000000
2026-05-10T08:41:05.025697942Z,0,per_hit,raw_percent_of_host,api-node1,api-node2,1,0,1,47.675707,33.206048,47.675707,33.206048,100.000000,100.000000,12.000000,6.000000,3.000000,2.000000,12.000000,6.000000,50.071717,82.310927,71.653053,70.079334,3.000000
2026-05-10T08:41:05.07596447Z,0,per_hit,raw_percent_of_host,api-node1,api-node2,1,0,1,47.675707,73.067178,47.675707,73.067178,100.000000,100.000000,11.000000,7.000000,3.000000,4.000000,11.000000,7.000000,50.071717,70.291855,71.653053,54.964097,3.000000
2026-05-10T08:41:05.125250554Z,0,per_hit,raw_percent_of_host,api-node1,api-node2,1,0,1,47.675707,73.067178,47.675707,73.067178,100.000000,100.000000,13.000000,12.000000,3.000000,4.000000,13.000000,12.000000,50.071717,70.291855,71.653053,54.454874,3.000000
2026-05-10T08:41:05.176256226Z,0,per_hit,raw_percent_of_host,api-node1,api-node2,0,1,1,100.000000,73.067178,100.000000,73.067178,100.000000,100.000000,10.000000,10.000000,7.000000,4.000000,10.000000,10.000000,81.021963,70.291855,49.417220,54.656472,3.000000
2026-05-10T08:41:05.225864596Z,0,per_hit,raw_percent_of_host,api-node1,api-node2,0,1,1,100.000000,73.067178,100.000000,73.067178,100.000000,100.000000,8.000000,11.000000,7.000000,4.000000,8.000000,11.000000,81.021963,70.291855,49.531592,54.555329,3.000000
2026-05-10T08:41:05.276265864Z,0,per_hit,raw_percent_of_host,api-node1,api-node2,0,1,1,85.340124,73.067178,85.340124,73.067178,100.000000,100.000000,1.000000,9.000000,4.000000,4.000000,1.000000,9.000000,81.029291,70.291855,49.940472,54.758309,3.000000
2026-05-10T08:41:05.325307794Z,0,per_hit,raw_percent_of_host,api-node1,api-node2,0,1,1,85.340124,73.067178,85.340124,73.067178,100.000000,100.000000,0.000000,9.000000,4.000000,4.000000,0.000000,9.000000,81.029291,70.291855,50.000000,54.758309,3.000000
2026-05-10T08:41:05.375487651Z,0,per_hit,raw_percent_of_host,api-node1,api-node2,0,1,1,85.340124,73.067178,85.340124,73.067178,100.000000,100.000000,0.000000,9.000000,4.000000,4.000000,0.000000,9.000000,81.029291,70.291855,50.000000,54.758309,3.000000
2026-05-10T08:41:05.425642769Z,0,per_hit,raw_percent_of_host,api-node1,api-node2,0,1,1,85.340124,73.067178,85.340124,73.067178,100.000000,100.000000,0.000000,9.000000,4.000000,4.000000,0.000000,9.000000,81.029291,70.291855,50.000000,54.758309,3.000000
2026-05-10T08:41:05.475391246Z,0,per_hit,raw_percent_of_host,api-node1,api-node2,1,0,1,23.708277,44.369359,23.708277,44.369359,100.000000,100.000000,0.000000,2.000000,1.000000,6.000000,0.000000,2.000000,50.094743,280.201976,75.000000,61.067303,3.000000
2026-05-10T08:41:05.52556168Z,0,per_hit,raw_percent_of_host,api-node1,api-node2,1,0,1,23.708277,44.369359,23.708277,44.369359,100.000000,100.000000,0.000000,2.000000,1.000000,6.000000,0.000000,2.000000,50.094743,280.201976,75.000000,61.067303,3.000000
2026-05-10T08:41:05.575715111Z,0,per_hit,raw_percent_of_host,api-node1,api-node2,1,0,1,23.708277,44.369359,23.708277,44.369359,100.000000,100.000000,0.000000,2.000000,1.000000,6.000000,0.000000,2.000000,50.094743,280.201976,75.000000,61.067303,3.000000
2026-05-10T08:41:05.725987667Z,0,per_hit,raw_percent_of_host,api-node1,api-node2,0,1,1,0.000000,0.000000,0.000000,0.000000,100.000000,100.000000,1.000000,0.000000,1.000000,1.000000,1.000000,0.000000,50.094743,50.036341,74.944556,75.000000,3.000000
2026-05-10T08:41:05.775282881Z,0,per_hit,raw_percent_of_host,api-node1,api-node2,0,1,1,0.000000,0.000000,0.000000,0.000000,100.000000,100.000000,1.000000,0.000000,1.000000,1.000000,1.000000,0.000000,50.094743,50.036341,74.944556,75.000000,3.000000
2026-05-10T08:41:05.976099705Z,0,per_hit,raw_percent_of_host,api-node1,api-node2,1,0,1,0.000000,0.000000,0.000000,0.000000,100.000000,100.000000,3.000000,9.000000,1.000000,1.000000,3.000000,9.000000,50.045396,50.036341,74.834420,74.509765,3.000000
2026-05-10T08:41:06.025924699Z,0,per_hit,raw_percent_of_host,api-node1,api-node2,0,1,1,36.024562,0.000000,36.024562,0.000000,100.000000,100.000000,6.000000,10.000000,3.000000,1.000000,6.000000,10.000000,50.045396,50.036341,71.203553,74.456479,3.000000
2026-05-10T08:41:06.075745944Z,0,per_hit,raw_percent_of_host,api-node1,api-node2,0,1,1,90.101711,0.000000,90.101711,0.000000,100.000000,100.000000,7.000000,12.000000,2.000000,1.000000,7.000000,12.000000,53.375099,50.036341,49.614219,74.350598,3.000000
2026-05-10T08:41:06.126054638Z,0,per_hit,raw_percent_of_host,api-node1,api-node2,0,1,1,90.101711,0.000000,90.101711,0.000000,100.000000,100.000000,10.000000,16.000000,2.000000,1.000000,10.000000,16.000000,53.375099,50.036341,49.452505,74.141564,3.000000
2026-05-10T08:41:06.175244472Z,0,per_hit,raw_percent_of_host,api-node1,api-node2,0,1,1,90.101711,0.000000,90.101711,0.000000,100.000000,100.000000,8.000000,14.000000,2.000000,1.000000,8.000000,14.000000,53.375099,50.036341,49.560077,74.245631,3.000000
2026-05-10T08:41:06.22586079Z,0,per_hit,raw_percent_of_host,api-node1,api-node2,0,1,1,90.101711,0.000000,90.101711,0.000000,100.000000,100.000000,8.000000,14.000000,2.000000,1.000000,8.000000,14.000000,53.375099,50.036341,49.560077,74.245631,3.000000
2026-05-10T08:41:06.276090173Z,0,per_hit,raw_percent_of_host,api-node1,api-node2,0,1,1,89.955115,52.400345,89.955115,52.400345,100.000000,100.000000,2.000000,9.000000,4.000000,6.000000,2.000000,9.000000,59.869274,251.641067,49.886911,62.417947,3.000000
2026-05-10T08:41:06.326000587Z,0,per_hit,raw_percent_of_host,api-node1,api-node2,0,1,1,89.955115,52.400345,89.955115,52.400345,100.000000,100.000000,0.000000,9.000000,4.000000,6.000000,0.000000,9.000000,59.869274,251.641067,50.000000,62.417947,3.000000
2026-05-10T08:41:06.376194406Z,0,per_hit,raw_percent_of_host,api-node1,api-node2,0,1,1,89.955115,52.400345,89.955115,52.400345,100.000000,100.000000,0.000000,9.000000,4.000000,6.000000,0.000000,9.000000,59.869274,251.641067,50.000000,62.417947,3.000000
2026-05-10T08:41:06.425280937Z,0,per_hit,raw_percent_of_host,api-node1,api-node2,0,1,1,89.955115,52.400345,89.955115,52.400345,100.000000,100.000000,0.000000,9.000000,4.000000,6.000000,0.000000,9.000000,59.869274,251.641067,50.000000,62.417947,3.000000
2026-05-10T08:41:06.475285104Z,0,per_hit,raw_percent_of_host,api-node1,api-node2,1,0,1,15.092848,58.937107,15.092848,58.937107,100.000000,100.000000,0.000000,1.000000,1.000000,6.000000,0.000000,1.000000,50.040880,219.633248,75.000000,64.018338,3.000000
2026-05-10T08:41:06.525391881Z,0,per_hit,raw_percent_of_host,api-node1,api-node2,1,0,1,15.092848,58.937107,15.092848,58.937107,100.000000,100.000000,0.000000,1.000000,1.000000,6.000000,0.000000,1.000000,50.040880,219.633248,75.000000,64.018338,3.000000
2026-05-10T08:41:06.725536265Z,0,per_hit,raw_percent_of_host,api-node1,api-node2,1,0,1,0.000000,0.000000,0.000000,0.000000,100.000000,100.000000,0.000000,1.000000,1.000000,1.000000,0.000000,1.000000,50.040880,99.183334,75.000000,74.937783,3.000000
2026-05-10T08:41:06.775839059Z,0,per_hit,raw_percent_of_host,api-node1,api-node2,1,0,1,0.000000,65.144338,0.000000,65.144338,100.000000,100.000000,0.000000,1.000000,1.000000,2.000000,0.000000,1.000000,50.040880,99.183334,75.000000,69.099483,3.000000
2026-05-10T08:41:06.975445536Z,0,per_hit,raw_percent_of_host,api-node1,api-node2,0,1,1,0.000000,16.895346,0.000000,16.895346,100.000000,100.000000,9.000000,3.000000,1.000000,2.000000,9.000000,3.000000,50.040880,50.066079,74.509760,74.834413,3.000000
2026-05-10T08:41:07.0255928Z,0,per_hit,raw_percent_of_host,api-node1,api-node2,0,1,1,50.674468,16.895346,50.674468,16.895346,100.000000,100.000000,12.000000,4.000000,3.000000,2.000000,12.000000,4.000000,50.040880,50.066079,71.998644,74.779704,3.000000
2026-05-10T08:41:07.075372192Z,0,per_hit,raw_percent_of_host,api-node1,api-node2,1,0,1,50.674468,80.076504,50.674468,80.076504,100.000000,100.000000,12.000000,6.000000,3.000000,3.000000,12.000000,6.000000,50.040880,66.169360,71.998644,49.559612,3.000000
2026-05-10T08:41:07.126158329Z,0,per_hit,raw_percent_of_host,api-node1,api-node2,1,0,1,50.674468,80.076504,50.674468,80.076504,100.000000,100.000000,16.000000,9.000000,3.000000,3.000000,16.000000,9.000000,50.040880,66.169360,71.998644,49.345185,3.000000
2026-05-10T08:41:07.175599165Z,0,per_hit,raw_percent_of_host,api-node1,api-node2,0,1,1,98.612762,80.076504,98.612762,80.076504,100.000000,100.000000,14.000000,7.000000,7.000000,3.000000,14.000000,7.000000,141.147976,66.169360,49.061290,49.487718,3.000000
2026-05-10T08:41:07.22568678Z,0,per_hit,raw_percent_of_host,api-node1,api-node2,0,1,1,98.612762,80.076504,98.612762,80.076504,100.000000,100.000000,12.000000,7.000000,7.000000,3.000000,12.000000,7.000000,141.147976,66.169360,49.191052,49.487718,3.000000
2026-05-10T08:41:07.276188798Z,0,per_hit,raw_percent_of_host,api-node1,api-node2,0,1,1,91.869148,80.076504,91.869148,80.076504,100.000000,100.000000,7.000000,6.000000,7.000000,3.000000,7.000000,6.000000,140.540225,66.169360,49.522458,49.559612,3.000000
2026-05-10T08:41:07.325863144Z,0,per_hit,raw_percent_of_host,api-node1,api-node2,1,0,1,91.869148,80.076504,91.869148,80.076504,100.000000,100.000000,6.000000,6.000000,7.000000,3.000000,6.000000,6.000000,140.540225,66.169360,49.589558,49.559612,3.000000
2026-05-10T08:41:07.725596325Z,0,per_hit,raw_percent_of_host,api-node1,api-node2,1,0,1,20.017898,0.000000,20.017898,0.000000,100.000000,100.000000,0.000000,1.000000,1.000000,1.000000,0.000000,1.000000,50.978589,60.109284,75.000000,74.943297,3.000000
2026-05-10T08:41:07.775422156Z,0,per_hit,raw_percent_of_host,api-node1,api-node2,1,0,1,0.000000,65.720773,0.000000,65.720773,100.000000,100.000000,0.000000,1.000000,1.000000,2.000000,0.000000,1.000000,50.978589,60.109284,75.000000,69.000659,3.000000
2026-05-10T08:41:07.975988668Z,0,per_hit,raw_percent_of_host,api-node1,api-node2,1,0,1,0.000000,0.000000,0.000000,0.000000,100.000000,100.000000,2.000000,10.000000,1.000000,1.000000,2.000000,10.000000,50.978589,50.073547,74.889141,74.456435,3.000000
2026-05-10T08:41:08.025856693Z,0,per_hit,raw_percent_of_host,api-node1,api-node2,0,1,1,100.000000,0.000000,100.000000,0.000000,100.000000,100.000000,4.000000,11.000000,2.000000,1.000000,4.000000,11.000000,55.211793,50.073547,49.777178,74.403376,3.000000
2026-05-10T08:41:08.075857473Z,0,per_hit,raw_percent_of_host,api-node1,api-node2,0,1,1,100.000000,0.000000,100.000000,0.000000,100.000000,100.000000,7.000000,13.000000,2.000000,1.000000,7.000000,13.000000,55.211793,50.073547,49.612650,74.297945,3.000000
2026-05-10T08:41:08.125249114Z,0,per_hit,raw_percent_of_host,api-node1,api-node2,0,1,1,100.000000,0.000000,100.000000,0.000000,100.000000,100.000000,10.000000,16.000000,2.000000,1.000000,10.000000,16.000000,55.211793,50.073547,49.450294,74.141495,3.000000
2026-05-10T08:41:08.176257929Z,0,per_hit,raw_percent_of_host,api-node1,api-node2,0,1,1,100.000000,0.000000,100.000000,0.000000,100.000000,100.000000,8.000000,14.000000,2.000000,1.000000,8.000000,14.000000,55.211793,50.073547,49.558292,74.245570,3.000000
2026-05-10T08:41:08.225938817Z,0,per_hit,raw_percent_of_host,api-node1,api-node2,0,1,1,100.000000,0.000000,100.000000,0.000000,100.000000,100.000000,7.000000,16.000000,2.000000,1.000000,7.000000,16.000000,55.211793,50.073547,49.612650,74.141495,3.000000
2026-05-10T08:41:08.275467931Z,0,per_hit,raw_percent_of_host,api-node1,api-node2,0,1,1,100.000000,59.357046,100.000000,59.357046,100.000000,100.000000,1.000000,13.000000,2.000000,7.000000,1.000000,13.000000,55.211793,270.118044,49.943920,61.494098,3.000000
2026-05-10T08:41:08.32526856Z,0,per_hit,raw_percent_of_host,api-node1,api-node2,0,1,1,98.718724,59.357046,98.718724,59.357046,100.000000,100.000000,0.000000,13.000000,2.000000,7.000000,0.000000,13.000000,50.053693,270.118044,50.000000,61.494098,3.000000
2026-05-10T08:41:08.375600305Z,0,per_hit,raw_percent_of_host,api-node1,api-node2,0,1,1,98.718724,59.357046,98.718724,59.357046,100.000000,100.000000,0.000000,11.000000,2.000000,7.000000,0.000000,11.000000,50.053693,270.118044,50.000000,61.494098,3.000000
2026-05-10T08:41:08.425774217Z,0,per_hit,raw_percent_of_host,api-node1,api-node2,0,1,1,98.718724,59.357046,98.718724,59.357046,100.000000,100.000000,0.000000,11.000000,2.000000,7.000000,0.000000,11.000000,50.053693,270.118044,50.000000,61.494098,3.000000
2026-05-10T08:41:08.476029172Z,0,per_hit,raw_percent_of_host,api-node1,api-node2,0,1,1,98.718724,59.357046,98.718724,59.357046,100.000000,100.000000,0.000000,8.000000,2.000000,7.000000,0.000000,8.000000,50.053693,270.118044,50.000000,61.494098,3.000000
2026-05-10T08:41:08.526177572Z,0,per_hit,raw_percent_of_host,api-node1,api-node2,0,1,1,98.718724,59.357046,98.718724,59.357046,100.000000,100.000000,0.000000,8.000000,2.000000,7.000000,0.000000,8.000000,50.053693,270.118044,50.000000,61.494098,3.000000
2026-05-10T08:41:08.725284454Z,0,per_hit,raw_percent_of_host,api-node1,api-node2,0,1,1,0.000000,0.000000,0.000000,0.000000,100.000000,100.000000,1.000000,0.000000,1.000000,1.000000,1.000000,0.000000,50.050404,85.195348,74.944561,75.000000,3.000000
2026-05-10T08:41:08.775484135Z,0,per_hit,raw_percent_of_host,api-node1,api-node2,0,1,1,65.575498,0.000000,65.575498,0.000000,100.000000,100.000000,1.000000,0.000000,2.000000,1.000000,1.000000,0.000000,50.050404,85.195348,69.184589,75.000000,3.000000
2026-05-10T08:41:08.97566486Z,0,per_hit,raw_percent_of_host,api-node1,api-node2,1,0,1,0.000000,0.000000,0.000000,0.000000,100.000000,100.000000,5.000000,6.000000,1.000000,1.000000,5.000000,6.000000,50.081570,85.195348,74.725225,74.643540,3.000000
2026-05-10T08:41:09.025581562Z,0,per_hit,raw_percent_of_host,api-node1,api-node2,1,0,1,0.000000,0.000000,0.000000,0.000000,100.000000,100.000000,8.000000,8.000000,1.000000,1.000000,8.000000,8.000000,50.081570,85.195348,74.563241,74.526968,3.000000
2026-05-10T08:41:09.075752875Z,0,per_hit,raw_percent_of_host,api-node1,api-node2,0,1,1,86.141261,0.000000,86.141261,0.000000,100.000000,100.000000,5.000000,12.000000,4.000000,1.000000,5.000000,12.000000,80.740736,85.195348,49.705369,74.297102,3.000000
2026-05-10T08:41:09.125579829Z,0,per_hit,raw_percent_of_host,api-node1,api-node2,0,1,1,86.141261,0.000000,86.141261,0.000000,100.000000,100.000000,6.000000,16.000000,4.000000,1.000000,6.000000,16.000000,80.740736,85.195348,49.647274,74.071505,3.000000
2026-05-10T08:41:09.175863761Z,0,per_hit,raw_percent_of_host,api-node1,api-node2,0,1,1,86.141261,60.175065,86.141261,60.175065,100.000000,100.000000,5.000000,12.000000,4.000000,5.000000,5.000000,12.000000,80.740736,146.531820,49.705369,67.425833,3.000000
2026-05-10T08:41:09.225380449Z,0,per_hit,raw_percent_of_host,api-node1,api-node2,0,1,1,100.000000,60.175065,100.000000,60.175065,100.000000,100.000000,4.000000,13.000000,4.000000,5.000000,4.000000,13.000000,90.847671,146.531820,49.757959,67.425833,3.000000
2026-05-10T08:41:09.276255128Z,0,per_hit,raw_percent_of_host,api-node1,api-node2,0,1,1,100.000000,60.175065,100.000000,60.175065,100.000000,100.000000,2.000000,11.000000,4.000000,5.000000,2.000000,11.000000,90.847671,146.531820,49.878391,67.425833,3.000000
2026-05-10T08:41:09.326077155Z,0,per_hit,raw_percent_of_host,api-node1,api-node2,0,1,1,100.000000,60.175065,100.000000,60.175065,100.000000,100.000000,0.000000,11.000000,4.000000,5.000000,0.000000,11.000000,90.847671,146.531820,50.000000,67.425833,3.000000
2026-05-10T08:41:09.375692924Z,0,per_hit,raw_percent_of_host,api-node1,api-node2,0,1,1,100.000000,60.175065,100.000000,60.175065,100.000000,100.000000,0.000000,10.000000,4.000000,5.000000,0.000000,10.000000,90.847671,146.531820,50.000000,67.425833,3.000000
2026-05-10T08:41:09.425972795Z,0,per_hit,raw_percent_of_host,api-node1,api-node2,0,1,1,100.000000,60.175065,100.000000,60.175065,100.000000,100.000000,0.000000,10.000000,4.000000,5.000000,0.000000,10.000000,90.847671,146.531820,50.000000,67.425833,3.000000
2026-05-10T08:41:09.475710521Z,0,per_hit,raw_percent_of_host,api-node1,api-node2,1,0,1,36.563843,53.012031,36.563843,53.012031,100.000000,100.000000,0.000000,2.000000,1.000000,8.000000,0.000000,2.000000,50.046347,320.028179,71.075036,58.998591,3.000000
2026-05-10T08:41:09.52612587Z,0,per_hit,raw_percent_of_host,api-node1,api-node2,1,0,1,36.563843,53.012031,36.563843,53.012031,100.000000,100.000000,0.000000,1.000000,1.000000,8.000000,0.000000,1.000000,50.046347,320.028179,71.075036,58.998591,3.000000
2026-05-10T08:41:09.725755604Z,0,per_hit,raw_percent_of_host,api-node1,api-node2,0,1,1,0.000000,0.000000,0.000000,0.000000,100.000000,100.000000,1.000000,0.000000,1.000000,1.000000,1.000000,0.000000,50.046347,78.209264,74.944562,75.000000,3.000000
2026-05-10T08:41:09.775983558Z,0,per_hit,raw_percent_of_host,api-node1,api-node2,0,1,1,31.485154,20.082229,31.485154,20.082229,100.000000,100.000000,1.000000,0.000000,2.000000,1.000000,1.000000,0.000000,50.046347,78.209264,72.023484,75.000000,3.000000
2026-05-10T08:41:09.976215331Z,0,per_hit,raw_percent_of_host,api-node1,api-node2,1,0,1,0.000000,0.000000,0.000000,0.000000,100.000000,100.000000,4.000000,7.000000,1.000000,1.000000,4.000000,7.000000,50.045626,78.209264,74.779714,74.591876,3.000000
2026-05-10T08:41:10.02559889Z,0,per_hit,raw_percent_of_host,api-node1,api-node2,1,0,1,0.000000,0.000000,0.000000,0.000000,100.000000,100.000000,7.000000,10.000000,1.000000,1.000000,7.000000,10.000000,50.045626,78.209264,74.617030,74.421016,3.000000
2026-05-10T08:41:10.076246977Z,0,per_hit,raw_percent_of_host,api-node1,api-node2,0,1,1,99.882306,0.000000,99.882306,0.000000,100.000000,100.000000,5.000000,13.000000,3.000000,1.000000,5.000000,13.000000,61.100692,78.209264,49.718405,74.252514,3.000000
2026-05-10T08:41:10.125912857Z,0,per_hit,raw_percent_of_host,api-node1,api-node2,0,1,1,99.882306,0.000000,99.882306,0.000000,100.000000,100.000000,8.000000,16.000000,3.000000,1.000000,8.000000,16.000000,61.100692,78.209264,49.552472,74.086321,3.000000
2026-05-10T08:41:10.175443646Z,0,per_hit,raw_percent_of_host,api-node1,api-node2,0,1,1,99.882306,68.034933,99.882306,68.034933,100.000000,100.000000,6.000000,12.000000,3.000000,6.000000,6.000000,12.000000,61.100692,169.498532,49.662845,63.305912,3.000000
2026-05-10T08:41:10.226228899Z,0,per_hit,raw_percent_of_host,api-node1,api-node2,0,1,1,99.882306,68.034933,99.882306,68.034933,100.000000,100.000000,6.000000,13.000000,3.000000,6.000000,6.000000,13.000000,61.100692,169.498532,49.662845,63.213535,3.000000
2026-05-10T08:41:10.275860103Z,0,per_hit,raw_percent_of_host,api-node1,api-node2,0,1,1,99.518645,68.034933,99.518645,68.034933,100.000000,100.000000,5.000000,12.000000,4.000000,6.000000,5.000000,12.000000,61.028622,169.498532,49.718450,63.305912,3.000000
2026-05-10T08:41:10.325904057Z,0,per_hit,raw_percent_of_host,api-node1,api-node2,0,1,1,99.518645,68.034933,99.518645,68.034933,100.000000,100.000000,4.000000,12.000000,4.000000,6.000000,4.000000,12.000000,61.028622,169.498532,49.774252,63.305912,3.000000
2026-05-10T08:41:10.37602138Z,0,per_hit,raw_percent_of_host,api-node1,api-node2,0,1,1,99.518645,68.034933,99.518645,68.034933,100.000000,100.000000,4.000000,12.000000,4.000000,6.000000,4.000000,12.000000,61.028622,169.498532,49.774252,63.305912,3.000000
2026-05-10T08:41:10.42531026Z,0,per_hit,raw_percent_of_host,api-node1,api-node2,0,1,1,99.518645,68.034933,99.518645,68.034933,100.000000,100.000000,0.000000,10.000000,4.000000,6.000000,0.000000,10.000000,61.028622,169.498532,50.000000,63.492013,3.000000
2026-05-10T08:41:10.475398424Z,0,per_hit,raw_percent_of_host,api-node1,api-node2,0,1,1,99.518645,49.971675,99.518645,49.971675,100.000000,100.000000,0.000000,2.000000,4.000000,8.000000,0.000000,2.000000,61.028622,300.121537,50.000000,59.993923,3.000000
2026-05-10T08:41:10.525602816Z,0,per_hit,raw_percent_of_host,api-node1,api-node2,1,0,1,34.736254,49.971675,34.736254,49.971675,100.000000,100.000000,0.000000,3.000000,1.000000,8.000000,0.000000,3.000000,50.037741,300.121537,71.479316,59.993923,3.000000
2026-05-10T08:41:10.57537587Z,0,per_hit,raw_percent_of_host,api-node1,api-node2,1,0,1,0.000000,37.605660,0.000000,37.605660,100.000000,100.000000,0.000000,1.000000,1.000000,2.000000,0.000000,1.000000,50.037741,79.252457,75.000000,68.943523,3.000000
2026-05-10T08:41:10.62554241Z,0,per_hit,raw_percent_of_host,api-node1,api-node2,1,0,1,0.000000,37.605660,0.000000,37.605660,100.000000,100.000000,0.000000,1.000000,1.000000,2.000000,0.000000,1.000000,50.037741,79.252457,75.000000,68.943523,3.000000
2026-05-10T08:41:10.725606321Z,0,per_hit,raw_percent_of_host,api-node1,api-node2,0,1,1,0.000000,0.000000,0.000000,0.000000,100.000000,100.000000,1.000000,0.000000,1.000000,1.000000,1.000000,0.000000,50.037741,50.055593,74.944563,75.000000,3.000000
2026-05-10T08:41:10.775690875Z,0,per_hit,raw_percent_of_host,api-node1,api-node2,0,1,1,63.396353,0.000000,63.396353,0.000000,100.000000,100.000000,1.000000,0.000000,2.000000,1.000000,1.000000,0.000000,50.037741,50.055593,71.703046,75.000000,3.000000
2026-05-10T08:41:10.976081951Z,0,per_hit,raw_percent_of_host,api-node1,api-node2,1,0,1,0.000000,0.000000,0.000000,0.000000,100.000000,100.000000,4.000000,7.000000,1.000000,1.000000,4.000000,7.000000,50.082570,50.055593,74.779696,74.617021,3.000000
2026-05-10T08:41:11.02600866Z,0,per_hit,raw_percent_of_host,api-node1,api-node2,1,0,1,0.000000,0.000000,0.000000,0.000000,100.000000,100.000000,5.000000,10.000000,1.000000,1.000000,5.000000,10.000000,50.082570,50.055593,74.725225,74.456456,3.000000
2026-05-10T08:41:11.075779799Z,0,per_hit,raw_percent_of_host,api-node1,api-node2,0,1,1,90.350635,0.000000,90.350635,0.000000,100.000000,100.000000,4.000000,12.000000,3.000000,1.000000,4.000000,12.000000,60.583034,50.055593,49.774479,74.350571,3.000000
2026-05-10T08:41:11.125455649Z,0,per_hit,raw_percent_of_host,api-node1,api-node2,0,1,1,90.350635,0.000000,90.350635,0.000000,100.000000,100.000000,5.000000,18.000000,3.000000,1.000000,5.000000,18.000000,60.583034,50.055593,49.718733,74.038347,3.000000
2026-05-10T08:41:11.175272429Z,0,per_hit,raw_percent_of_host,api-node1,api-node2,0,1,1,90.350635,63.919676,90.350635,63.919676,100.000000,100.000000,1.000000,15.000000,3.000000,5.000000,1.000000,15.000000,60.583034,170.136351,49.943236,65.284643,3.000000
2026-05-10T08:41:11.225456285Z,0,per_hit,raw_percent_of_host,api-node1,api-node2,0,1,1,100.000000,63.919676,100.000000,63.919676,100.000000,100.000000,2.000000,17.000000,2.000000,5.000000,2.000000,17.000000,50.044629,170.136351,49.889370,65.128803,3.000000
2026-05-10T08:41:11.275679052Z,0,per_hit,raw_percent_of_host,api-node1,api-node2,0,1,1,100.000000,63.919676,100.000000,63.919676,100.000000,100.000000,1.000000,15.000000,2.000000,5.000000,1.000000,15.000000,50.044629,170.136351,49.944562,65.284643,3.000000
2026-05-10T08:41:11.325960199Z,0,per_hit,raw_percent_of_host,api-node1,api-node2,0,1,1,100.000000,63.919676,100.000000,63.919676,100.000000,100.000000,0.000000,15.000000,2.000000,5.000000,0.000000,15.000000,50.044629,170.136351,50.000000,65.284643,3.000000
2026-05-10T08:41:11.376301186Z,0,per_hit,raw_percent_of_host,api-node1,api-node2,0,1,1,100.000000,63.919676,100.000000,63.919676,100.000000,100.000000,0.000000,14.000000,2.000000,5.000000,0.000000,14.000000,50.044629,170.136351,50.000000,65.363018,3.000000
2026-05-10T08:41:11.425473276Z,0,per_hit,raw_percent_of_host,api-node1,api-node2,0,1,1,100.000000,63.919676,100.000000,63.919676,100.000000,100.000000,0.000000,14.000000,2.000000,5.000000,0.000000,14.000000,50.044629,170.136351,50.000000,65.363018,3.000000
2026-05-10T08:41:11.476079798Z,0,per_hit,raw_percent_of_host,api-node1,api-node2,0,1,1,100.000000,63.919676,100.000000,63.919676,100.000000,100.000000,0.000000,12.000000,2.000000,5.000000,0.000000,12.000000,50.044629,170.136351,50.000000,65.520686,3.000000
2026-05-10T08:41:11.525533627Z,0,per_hit,raw_percent_of_host,api-node1,api-node2,0,1,1,100.000000,63.919676,100.000000,63.919676,100.000000,100.000000,1.000000,12.000000,2.000000,5.000000,1.000000,12.000000,50.044629,170.136351,49.944562,65.520686,3.000000
2026-05-10T08:41:11.575760279Z,0,per_hit,raw_percent_of_host,api-node1,api-node2,1,0,1,31.457989,44.799877,31.457989,44.799877,100.000000,100.000000,0.000000,10.000000,2.000000,8.000000,0.000000,10.000000,50.044770,378.216148,72.027408,57.524224,3.000000
2026-05-10T08:41:11.625941553Z,0,per_hit,raw_percent_of_host,api-node1,api-node2,1,0,1,31.457989,44.799877,31.457989,44.799877,100.000000,100.000000,0.000000,10.000000,2.000000,8.000000,0.000000,10.000000,50.044770,378.216148,72.027408,57.524224,3.000000
2026-05-10T08:41:11.725455806Z,0,per_hit,raw_percent_of_host,api-node1,api-node2,1,0,1,0.000000,0.000000,0.000000,0.000000,100.000000,100.000000,0.000000,1.000000,1.000000,1.000000,0.000000,1.000000,50.047708,83.110750,75.000000,74.940176,3.000000
2026-05-10T08:41:11.775694516Z,0,per_hit,raw_percent_of_host,api-node1,api-node2,1,0,1,0.000000,47.293111,0.000000,47.293111,100.000000,100.000000,0.000000,1.000000,1.000000,2.000000,0.000000,1.000000,50.047708,83.110750,75.000000,69.826064,3.000000
2026-05-10T08:41:11.976076107Z,0,per_hit,raw_percent_of_host,api-node1,api-node2,0,1,1,0.000000,0.000000,0.000000,0.000000,100.000000,100.000000,6.000000,5.000000,1.000000,1.000000,6.000000,5.000000,50.047708,50.048189,74.671018,74.725246,3.000000
2026-05-10T08:41:12.025503882Z,0,per_hit,raw_percent_of_host,api-node1,api-node2,1,0,1,0.000000,0.000000,0.000000,0.000000,100.000000,100.000000,7.000000,8.000000,1.000000,1.000000,7.000000,8.000000,50.047708,50.048189,74.617028,74.563273,3.000000
2026-05-10T08:41:12.076274192Z,0,per_hit,raw_percent_of_host,api-node1,api-node2,0,1,1,0.000000,0.000000,0.000000,0.000000,100.000000,100.000000,9.000000,8.000000,1.000000,1.000000,9.000000,8.000000,50.047708,50.048189,74.509753,74.563273,3.000000
2026-05-10T08:41:12.12543537Z,0,per_hit,raw_percent_of_host,api-node1,api-node2,0,1,1,100.000000,0.000000,100.000000,0.000000,100.000000,100.000000,7.000000,13.000000,5.000000,1.000000,7.000000,13.000000,101.048971,50.048189,49.568914,74.297983,3.000000
2026-05-10T08:41:12.175654029Z,0,per_hit,raw_percent_of_host,api-node1,api-node2,0,1,1,100.000000,65.983230,100.000000,65.983230,100.000000,100.000000,6.000000,10.000000,5.000000,4.000000,6.000000,10.000000,101.048971,59.096698,49.629585,67.704943,3.000000
2026-05-10T08:41:12.226158126Z,0,per_hit,raw_percent_of_host,api-node1,api-node2,0,1,1,96.408032,65.983230,96.408032,65.983230,100.000000,100.000000,5.000000,12.000000,4.000000,4.000000,5.000000,12.000000,82.471415,59.096698,49.704162,67.497778,3.000000
2026-05-10T08:41:12.275377526Z,0,per_hit,raw_percent_of_host,api-node1,api-node2,0,1,1,96.408032,65.983230,96.408032,65.983230,100.000000,100.000000,3.000000,11.000000,4.000000,4.000000,3.000000,11.000000,82.471415,59.096698,49.821653,67.601108,3.000000
2026-05-10T08:41:12.32590001Z,0,per_hit,raw_percent_of_host,api-node1,api-node2,0,1,1,96.408032,65.983230,96.408032,65.983230,100.000000,100.000000,0.000000,11.000000,4.000000,4.000000,0.000000,11.000000,82.471415,59.096698,50.000000,67.601108,3.000000
2026-05-10T08:41:12.375577091Z,0,per_hit,raw_percent_of_host,api-node1,api-node2,0,1,1,96.408032,65.983230,96.408032,65.983230,100.000000,100.000000,0.000000,10.000000,4.000000,4.000000,0.000000,10.000000,82.471415,59.096698,50.000000,67.704943,3.000000
2026-05-10T08:41:12.425704648Z,0,per_hit,raw_percent_of_host,api-node1,api-node2,0,1,1,96.408032,65.983230,96.408032,65.983230,100.000000,100.000000,0.000000,10.000000,4.000000,4.000000,0.000000,10.000000,82.471415,59.096698,50.000000,67.704943,3.000000
2026-05-10T08:41:12.475671578Z,0,per_hit,raw_percent_of_host,api-node1,api-node2,1,0,1,48.434421,49.956643,48.434421,49.956643,100.000000,100.000000,0.000000,2.000000,1.000000,7.000000,0.000000,2.000000,50.040387,299.218849,71.749086,60.039058,3.000000
2026-05-10T08:41:12.525238738Z,0,per_hit,raw_percent_of_host,api-node1,api-node2,1,0,1,48.434421,49.956643,48.434421,49.956643,100.000000,100.000000,1.000000,2.000000,1.000000,7.000000,1.000000,2.000000,50.040387,299.218849,71.749086,60.039058,3.000000
2026-05-10T08:41:12.575744253Z,0,per_hit,raw_percent_of_host,api-node1,api-node2,0,1,1,35.328600,0.000000,35.328600,0.000000,100.000000,100.000000,1.000000,0.000000,2.000000,1.000000,1.000000,0.000000,50.040387,80.147667,71.357715,75.000000,3.000000
2026-05-10T08:41:12.72545154Z,0,per_hit,raw_percent_of_host,api-node1,api-node2,1,0,1,0.000000,0.000000,0.000000,0.000000,100.000000,100.000000,0.000000,1.000000,1.000000,1.000000,0.000000,1.000000,50.053798,80.147667,75.000000,74.940597,3.000000
2026-05-10T08:41:12.775695206Z,0,per_hit,raw_percent_of_host,api-node1,api-node2,1,0,1,0.000000,49.776371,0.000000,49.776371,100.000000,100.000000,0.000000,1.000000,1.000000,2.000000,0.000000,1.000000,50.053798,80.147667,75.000000,70.384218,3.000000
2026-05-10T08:41:12.975701565Z,0,per_hit,raw_percent_of_host,api-node1,api-node2,0,1,1,0.000000,0.000000,0.000000,0.000000,100.000000,100.000000,7.000000,4.000000,1.000000,1.000000,7.000000,4.000000,50.053798,50.059749,74.617023,74.779707,3.000000
2026-05-10T08:41:13.025445522Z,0,per_hit,raw_percent_of_host,api-node1,api-node2,0,1,1,0.000000,0.000000,0.000000,0.000000,100.000000,100.000000,10.000000,6.000000,1.000000,1.000000,10.000000,6.000000,50.053798,50.059749,74.456458,74.671010,3.000000
2026-05-10T08:41:13.076283465Z,0,per_hit,raw_percent_of_host,api-node1,api-node2,1,0,1,0.000000,51.443120,0.000000,51.443120,100.000000,100.000000,12.000000,5.000000,1.000000,5.000000,12.000000,5.000000,50.053798,50.059749,74.350574,72.074709,3.000000
2026-05-10T08:41:13.125949795Z,0,per_hit,raw_percent_of_host,api-node1,api-node2,1,0,1,0.000000,51.443120,0.000000,51.443120,100.000000,100.000000,14.000000,7.000000,1.000000,5.000000,14.000000,7.000000,50.053798,50.059749,74.245602,72.074709,3.000000
2026-05-10T08:41:13.175984906Z,0,per_hit,raw_percent_of_host,api-node1,api-node2,0,1,1,100.000000,51.443120,100.000000,51.443120,100.000000,100.000000,12.000000,5.000000,6.000000,5.000000,12.000000,5.000000,121.750727,50.059749,49.231261,72.074709,3.000000
2026-05-10T08:41:13.225692953Z,0,per_hit,raw_percent_of_host,api-node1,api-node2,0,1,1,100.000000,51.443120,100.000000,51.443120,100.000000,100.000000,13.000000,9.000000,6.000000,5.000000,13.000000,9.000000,121.750727,50.059749,49.169328,72.074709,3.000000
2026-05-10T08:41:13.275278908Z,0,per_hit,raw_percent_of_host,api-node1,api-node2,0,1,1,100.000000,50.017824,100.000000,50.017824,100.000000,100.000000,12.000000,6.000000,6.000000,4.000000,12.000000,6.000000,121.750727,59.595956,49.231261,71.427045,3.000000
2026-05-10T08:41:13.326236168Z,0,per_hit,raw_percent_of_host,api-node1,api-node2,0,1,1,100.000000,50.017824,100.000000,50.017824,100.000000,100.000000,7.000000,6.000000,6.000000,4.000000,7.000000,6.000000,121.750727,59.595956,49.545749,71.427045,3.000000
2026-05-10T08:41:13.375247436Z,0,per_hit,raw_percent_of_host,api-node1,api-node2,0,1,1,90.643678,50.017824,90.643678,50.017824,100.000000,100.000000,0.000000,6.000000,5.000000,4.000000,0.000000,6.000000,104.585551,59.595956,50.000000,71.427045,3.000000
2026-05-10T08:41:13.425405018Z,0,per_hit,raw_percent_of_host,api-node1,api-node2,0,1,1,90.643678,50.017824,90.643678,50.017824,100.000000,100.000000,0.000000,6.000000,5.000000,4.000000,0.000000,6.000000,104.585551,59.595956,50.000000,71.427045,3.000000
2026-05-10T08:41:13.526012885Z,0,per_hit,raw_percent_of_host,api-node1,api-node2,1,0,1,0.000000,0.000000,0.000000,0.000000,100.000000,100.000000,0.000000,1.000000,1.000000,1.000000,0.000000,1.000000,50.047814,81.704473,75.000000,74.940376,3.000000
2026-05-10T08:41:13.725538688Z,0,per_hit,raw_percent_of_host,api-node1,api-node2,0,1,1,0.000000,0.000000,0.000000,0.000000,100.000000,100.000000,1.000000,0.000000,1.000000,1.000000,1.000000,0.000000,50.047814,50.047478,74.944562,75.000000,3.000000
2026-05-10T08:41:13.776206678Z,0,per_hit,raw_percent_of_host,api-node1,api-node2,0,1,1,62.339110,0.000000,62.339110,0.000000,100.000000,100.000000,1.000000,0.000000,2.000000,1.000000,1.000000,0.000000,50.047814,50.047478,72.249509,75.000000,3.000000
2026-05-10T08:41:13.975599974Z,0,per_hit,raw_percent_of_host,api-node1,api-node2,0,1,1,30.964972,0.000000,30.964972,0.000000,100.000000,100.000000,4.000000,7.000000,2.000000,1.000000,4.000000,7.000000,50.054317,50.047478,72.094965,74.617028,3.000000
2026-05-10T08:41:14.025995762Z,0,per_hit,raw_percent_of_host,api-node1,api-node2,1,0,1,30.964972,48.660471,30.964972,48.660471,100.000000,100.000000,6.000000,9.000000,2.000000,3.000000,6.000000,9.000000,50.054317,50.047478,72.094965,71.775742,3.000000
2026-05-10T08:41:14.075726134Z,0,per_hit,raw_percent_of_host,api-node1,api-node2,0,1,1,95.636523,48.660471,95.636523,48.660471,100.000000,100.000000,5.000000,11.000000,3.000000,3.000000,5.000000,11.000000,60.553326,50.047478,49.718751,71.775742,3.000000
2026-05-10T08:41:14.126193574Z,0,per_hit,raw_percent_of_host,api-node1,api-node2,0,1,1,95.636523,48.660471,95.636523,48.660471,100.000000,100.000000,4.000000,16.000000,3.000000,3.000000,4.000000,16.000000,60.553326,50.047478,49.774494,71.775742,3.000000
2026-05-10T08:41:14.175848156Z,0,per_hit,raw_percent_of_host,api-node1,api-node2,0,1,1,95.636523,51.680145,95.636523,51.680145,100.000000,100.000000,2.000000,14.000000,3.000000,5.000000,2.000000,14.000000,60.553326,174.051253,49.886736,66.297437,3.000000
2026-05-10T08:41:14.225530259Z,0,per_hit,raw_percent_of_host,api-node1,api-node2,0,1,1,93.777169,51.680145,93.777169,51.680145,100.000000,100.000000,3.000000,18.000000,2.000000,5.000000,3.000000,18.000000,50.051319,174.051253,49.834418,66.297437,3.000000
2026-05-10T08:41:14.275848753Z,0,per_hit,raw_percent_of_host,api-node1,api-node2,0,1,1,93.777169,51.680145,93.777169,51.680145,100.000000,100.000000,1.000000,15.000000,2.000000,5.000000,1.000000,15.000000,50.051319,174.051253,49.944561,66.297437,3.000000
2026-05-10T08:41:14.325685787Z,0,per_hit,raw_percent_of_host,api-node1,api-node2,0,1,1,93.777169,51.680145,93.777169,51.680145,100.000000,100.000000,0.000000,15.000000,2.000000,5.000000,0.000000,15.000000,50.051319,174.051253,50.000000,66.297437,3.000000
2026-05-10T08:41:14.37532081Z,0,per_hit,raw_percent_of_host,api-node1,api-node2,0,1,1,93.777169,51.680145,93.777169,51.680145,100.000000,100.000000,0.000000,14.000000,2.000000,5.000000,0.000000,14.000000,50.051319,174.051253,50.000000,66.297437,3.000000
2026-05-10T08:41:14.425479002Z,0,per_hit,raw_percent_of_host,api-node1,api-node2,0,1,1,93.777169,51.680145,93.777169,51.680145,100.000000,100.000000,0.000000,14.000000,2.000000,5.000000,0.000000,14.000000,50.051319,174.051253,50.000000,66.297437,3.000000
2026-05-10T08:41:14.476169706Z,0,per_hit,raw_percent_of_host,api-node1,api-node2,0,1,1,93.777169,51.680145,93.777169,51.680145,100.000000,100.000000,0.000000,13.000000,2.000000,5.000000,0.000000,13.000000,50.051319,174.051253,50.000000,66.297437,3.000000
2026-05-10T08:41:14.526170847Z,0,per_hit,raw_percent_of_host,api-node1,api-node2,0,1,1,93.777169,51.680145,93.777169,51.680145,100.000000,100.000000,0.000000,14.000000,2.000000,5.000000,0.000000,14.000000,50.051319,174.051253,50.000000,66.297437,3.000000
2026-05-10T08:41:14.575299905Z,0,per_hit,raw_percent_of_host,api-node1,api-node2,0,1,1,93.777169,51.680145,93.777169,51.680145,100.000000,100.000000,0.000000,11.000000,2.000000,5.000000,0.000000,11.000000,50.051319,174.051253,50.000000,66.297437,3.000000
2026-05-10T08:41:14.625453118Z,0,per_hit,raw_percent_of_host,api-node1,api-node2,0,1,1,93.777169,51.680145,93.777169,51.680145,100.000000,100.000000,0.000000,11.000000,2.000000,5.000000,0.000000,11.000000,50.051319,174.051253,50.000000,66.297437,3.000000
2026-05-10T08:41:14.675275294Z,0,per_hit,raw_percent_of_host,api-node1,api-node2,1,0,1,19.094096,52.100595,19.094096,52.100595,100.000000,100.000000,0.000000,2.000000,1.000000,10.000000,0.000000,2.000000,50.046303,59.513677,75.000000,71.668998,3.000000
2026-05-10T08:41:14.726076549Z,0,per_hit,raw_percent_of_host,api-node1,api-node2,1,0,1,19.094096,52.100595,19.094096,52.100595,100.000000,100.000000,1.000000,1.000000,1.000000,10.000000,1.000000,1.000000,50.046303,59.513677,74.944562,71.668998,3.000000
2026-05-10T08:41:14.775856801Z,0,per_hit,raw_percent_of_host,api-node1,api-node2,0,1,1,49.353517,0.000000,49.353517,0.000000,100.000000,100.000000,1.000000,0.000000,2.000000,1.000000,1.000000,0.000000,50.046303,77.639221,71.856022,75.000000,3.000000
2026-05-10T08:41:14.975846842Z,0,per_hit,raw_percent_of_host,api-node1,api-node2,1,0,1,0.000000,0.000000,0.000000,0.000000,100.000000,100.000000,3.000000,8.000000,1.000000,1.000000,3.000000,8.000000,50.048019,77.639221,74.834420,74.535274,3.000000
2026-05-10T08:41:15.025448849Z,0,per_hit,raw_percent_of_host,api-node1,api-node2,1,0,1,0.000000,0.000000,0.000000,0.000000,100.000000,100.000000,4.000000,11.000000,1.000000,1.000000,4.000000,11.000000,50.048019,77.639221,74.779712,74.365425,3.000000
2026-05-10T08:41:15.076082976Z,0,per_hit,raw_percent_of_host,api-node1,api-node2,0,1,1,100.000000,0.000000,100.000000,0.000000,100.000000,100.000000,4.000000,14.000000,2.000000,1.000000,4.000000,14.000000,50.042181,77.639221,49.779715,74.197911,3.000000
2026-05-10T08:41:15.125628715Z,0,per_hit,raw_percent_of_host,api-node1,api-node2,0,1,1,100.000000,0.000000,100.000000,0.000000,100.000000,100.000000,4.000000,18.000000,2.000000,1.000000,4.000000,18.000000,50.042181,77.639221,49.779715,73.978111,3.000000
2026-05-10T08:41:15.17549538Z,0,per_hit,raw_percent_of_host,api-node1,api-node2,0,1,1,100.000000,68.015359,100.000000,68.015359,100.000000,100.000000,4.000000,14.000000,2.000000,6.000000,4.000000,14.000000,50.042181,189.510518,49.779715,62.537553,3.000000
2026-05-10T08:41:15.225264653Z,0,per_hit,raw_percent_of_host,api-node1,api-node2,0,1,1,100.000000,68.015359,100.000000,68.015359,100.000000,100.000000,6.000000,18.000000,2.000000,6.000000,6.000000,18.000000,50.042181,189.510518,49.671022,62.196560,3.000000
2026-05-10T08:41:15.276073846Z,0,per_hit,raw_percent_of_host,api-node1,api-node2,0,1,1,94.576574,68.015359,94.576574,68.015359,100.000000,100.000000,5.000000,18.000000,3.000000,6.000000,5.000000,18.000000,50.045116,189.510518,49.725247,62.196560,3.000000
2026-05-10T08:41:15.32553852Z,0,per_hit,raw_percent_of_host,api-node1,api-node2,0,1,1,94.576574,68.015359,94.576574,68.015359,100.000000,100.000000,1.000000,18.000000,3.000000,6.000000,1.000000,18.000000,50.045116,189.510518,49.944562,62.196560,3.000000
2026-05-10T08:41:15.375631632Z,0,per_hit,raw_percent_of_host,api-node1,api-node2,0,1,1,94.576574,68.015359,94.576574,68.015359,100.000000,100.000000,0.000000,16.000000,3.000000,6.000000,0.000000,16.000000,50.045116,189.510518,50.000000,62.366278,3.000000
2026-05-10T08:41:15.425774864Z,0,per_hit,raw_percent_of_host,api-node1,api-node2,0,1,1,94.576574,68.015359,94.576574,68.015359,100.000000,100.000000,0.000000,16.000000,3.000000,6.000000,0.000000,16.000000,50.045116,189.510518,50.000000,62.366278,3.000000
2026-05-10T08:41:15.475854558Z,0,per_hit,raw_percent_of_host,api-node1,api-node2,0,1,1,94.576574,68.015359,94.576574,68.015359,100.000000,100.000000,0.000000,15.000000,3.000000,6.000000,0.000000,15.000000,50.045116,189.510518,50.000000,62.451720,3.000000
2026-05-10T08:41:15.525665798Z,0,per_hit,raw_percent_of_host,api-node1,api-node2,0,1,1,94.576574,68.015359,94.576574,68.015359,100.000000,100.000000,0.000000,16.000000,3.000000,6.000000,0.000000,16.000000,50.045116,189.510518,50.000000,62.366278,3.000000
2026-05-10T08:41:15.575853205Z,0,per_hit,raw_percent_of_host,api-node1,api-node2,0,1,1,94.576574,68.015359,94.576574,68.015359,100.000000,100.000000,0.000000,16.000000,3.000000,6.000000,0.000000,16.000000,50.045116,189.510518,50.000000,62.366278,3.000000
2026-05-10T08:41:15.626007687Z,0,per_hit,raw_percent_of_host,api-node1,api-node2,0,1,1,94.576574,68.015359,94.576574,68.015359,100.000000,100.000000,0.000000,16.000000,3.000000,6.000000,0.000000,16.000000,50.045116,189.510518,50.000000,62.366278,3.000000
2026-05-10T08:41:15.675448866Z,0,per_hit,raw_percent_of_host,api-node1,api-node2,0,1,1,94.576574,50.069017,94.576574,50.069017,100.000000,100.000000,0.000000,5.000000,3.000000,13.000000,0.000000,5.000000,50.045116,59.511239,50.000000,71.437648,3.000000
2026-05-10T08:41:15.725903839Z,0,per_hit,raw_percent_of_host,api-node1,api-node2,1,0,1,23.880044,50.069017,23.880044,50.069017,100.000000,100.000000,0.000000,5.000000,1.000000,13.000000,0.000000,5.000000,50.054249,59.511239,75.000000,71.437648,3.000000
2026-05-10T08:41:15.776020728Z,0,per_hit,raw_percent_of_host,api-node1,api-node2,1,0,1,0.000000,47.072447,0.000000,47.072447,100.000000,100.000000,0.000000,1.000000,1.000000,2.000000,0.000000,1.000000,50.054249,79.823226,75.000000,69.949737,3.000000
2026-05-10T08:41:15.975923229Z,0,per_hit,raw_percent_of_host,api-node1,api-node2,1,0,1,0.000000,0.000000,0.000000,0.000000,100.000000,100.000000,5.000000,6.000000,1.000000,1.000000,5.000000,6.000000,50.054249,50.054205,74.725242,74.671014,3.000000
2026-05-10T08:41:16.025400482Z,0,per_hit,raw_percent_of_host,api-node1,api-node2,1,0,1,0.000000,15.412744,0.000000,15.412744,100.000000,100.000000,5.000000,9.000000,1.000000,2.000000,5.000000,9.000000,50.054249,50.054205,74.725242,74.509746,3.000000
2026-05-10T08:41:16.075436211Z,0,per_hit,raw_percent_of_host,api-node1,api-node2,0,1,1,100.000000,15.412744,100.000000,15.412744,100.000000,100.000000,5.000000,11.000000,4.000000,2.000000,5.000000,11.000000,80.806816,50.054205,49.705323,74.403401,3.000000
2026-05-10T08:41:16.125576661Z,0,per_hit,raw_percent_of_host,api-node1,api-node2,0,1,1,100.000000,15.412744,100.000000,15.412744,100.000000,100.000000,5.000000,15.000000,4.000000,2.000000,5.000000,15.000000,80.806816,50.054205,49.705323,74.193454,3.000000
2026-05-10T08:41:16.175667623Z,0,per_hit,raw_percent_of_host,api-node1,api-node2,0,1,1,100.000000,65.685243,100.000000,65.685243,100.000000,100.000000,4.000000,13.000000,4.000000,4.000000,4.000000,13.000000,80.806816,151.365494,49.763701,65.662170,3.000000
2026-05-10T08:41:16.225723623Z,0,per_hit,raw_percent_of_host,api-node1,api-node2,0,1,1,98.622156,65.685243,98.622156,65.685243,100.000000,100.000000,3.000000,20.000000,3.000000,4.000000,3.000000,20.000000,60.111003,151.365494,49.830657,65.071466,3.000000
2026-05-10T08:41:16.275771786Z,0,per_hit,raw_percent_of_host,api-node1,api-node2,0,1,1,98.622156,65.685243,98.622156,65.685243,100.000000,100.000000,1.000000,17.000000,3.000000,4.000000,1.000000,17.000000,60.111003,151.365494,49.943296,65.322510,3.000000
2026-05-10T08:41:16.325696641Z,0,per_hit,raw_percent_of_host,api-node1,api-node2,0,1,1,98.622156,65.685243,98.622156,65.685243,100.000000,100.000000,0.000000,17.000000,3.000000,4.000000,0.000000,17.000000,60.111003,151.365494,50.000000,65.322510,3.000000
2026-05-10T08:41:16.375860074Z,0,per_hit,raw_percent_of_host,api-node1,api-node2,0,1,1,98.622156,65.685243,98.622156,65.685243,100.000000,100.000000,0.000000,17.000000,3.000000,4.000000,0.000000,17.000000,60.111003,151.365494,50.000000,65.322510,3.000000
2026-05-10T08:41:16.426017046Z,0,per_hit,raw_percent_of_host,api-node1,api-node2,0,1,1,98.622156,65.685243,98.622156,65.685243,100.000000,100.000000,0.000000,17.000000,3.000000,4.000000,0.000000,17.000000,60.111003,151.365494,50.000000,65.322510,3.000000
2026-05-10T08:41:16.475297834Z,0,per_hit,raw_percent_of_host,api-node1,api-node2,1,0,1,42.635567,53.113402,42.635567,53.113402,100.000000,100.000000,0.000000,14.000000,1.000000,8.000000,0.000000,14.000000,50.058134,318.938443,70.856043,59.053078,3.000000
2026-05-10T08:41:16.525372183Z,0,per_hit,raw_percent_of_host,api-node1,api-node2,1,0,1,42.635567,53.113402,42.635567,53.113402,100.000000,100.000000,0.000000,15.000000,1.000000,8.000000,0.000000,15.000000,50.058134,318.938443,70.856043,59.053078,3.000000
2026-05-10T08:41:16.575670854Z,0,per_hit,raw_percent_of_host,api-node1,api-node2,1,0,1,42.635567,53.113402,42.635567,53.113402,100.000000,100.000000,0.000000,14.000000,1.000000,8.000000,0.000000,14.000000,50.058134,318.938443,70.856043,59.053078,3.000000
2026-05-10T08:41:16.625840316Z,0,per_hit,raw_percent_of_host,api-node1,api-node2,1,0,1,42.635567,53.113402,42.635567,53.113402,100.000000,100.000000,0.000000,14.000000,1.000000,8.000000,0.000000,14.000000,50.058134,318.938443,70.856043,59.053078,3.000000
2026-05-10T08:41:16.675380738Z,0,per_hit,raw_percent_of_host,api-node1,api-node2,1,0,1,42.635567,53.113402,42.635567,53.113402,100.000000,100.000000,0.000000,7.000000,1.000000,8.000000,0.000000,7.000000,50.058134,318.938443,70.856043,59.053078,3.000000
2026-05-10T08:41:16.726196584Z,0,per_hit,raw_percent_of_host,api-node1,api-node2,1,0,1,42.635567,53.113402,42.635567,53.113402,100.000000,100.000000,0.000000,8.000000,1.000000,8.000000,0.000000,8.000000,50.058134,318.938443,70.856043,59.053078,3.000000
2026-05-10T08:41:16.775270285Z,0,per_hit,raw_percent_of_host,api-node1,api-node2,1,0,1,0.000000,42.911019,0.000000,42.911019,100.000000,100.000000,0.000000,2.000000,1.000000,6.000000,0.000000,2.000000,50.058134,278.287172,75.000000,61.605947,3.000000
2026-05-10T08:41:16.82547728Z,0,per_hit,raw_percent_of_host,api-node1,api-node2,1,0,1,0.000000,42.911019,0.000000,42.911019,100.000000,100.000000,0.000000,2.000000,1.000000,6.000000,0.000000,2.000000,50.058134,278.287172,75.000000,61.605947,3.000000
2026-05-10T08:41:16.976156001Z,0,per_hit,raw_percent_of_host,api-node1,api-node2,1,0,1,35.376085,34.190780,35.376085,34.190780,100.000000,100.000000,8.000000,3.000000,2.000000,2.000000,8.000000,3.000000,50.058134,79.536472,71.346510,69.975216,3.000000
2026-05-10T08:41:17.025269818Z,0,per_hit,raw_percent_of_host,api-node1,api-node2,1,0,1,35.376085,34.190780,35.376085,34.190780,100.000000,100.000000,11.000000,5.000000,2.000000,2.000000,11.000000,5.000000,50.058134,79.536472,71.346510,69.975216,3.000000
2026-05-10T08:41:17.075937634Z,0,per_hit,raw_percent_of_host,api-node1,api-node2,1,0,1,35.376085,34.190780,35.376085,34.190780,100.000000,100.000000,11.000000,6.000000,2.000000,2.000000,11.000000,6.000000,50.058134,79.536472,71.346510,69.975216,3.000000
2026-05-10T08:41:17.125438352Z,0,per_hit,raw_percent_of_host,api-node1,api-node2,0,1,1,91.441338,34.190780,91.441338,34.190780,100.000000,100.000000,12.000000,9.000000,6.000000,2.000000,12.000000,9.000000,121.830756,79.536472,49.231103,69.975216,3.000000
2026-05-10T08:41:17.175537488Z,0,per_hit,raw_percent_of_host,api-node1,api-node2,0,1,1,91.441338,57.270296,91.441338,57.270296,100.000000,100.000000,12.000000,7.000000,6.000000,4.000000,12.000000,7.000000,121.830756,66.225865,49.231103,71.688707,3.000000
2026-05-10T08:41:17.225935816Z,0,per_hit,raw_percent_of_host,api-node1,api-node2,0,1,1,91.441338,57.270296,91.441338,57.270296,100.000000,100.000000,11.000000,15.000000,6.000000,4.000000,11.000000,15.000000,121.830756,66.225865,49.293367,71.688707,3.000000
2026-05-10T08:41:17.275636542Z,0,per_hit,raw_percent_of_host,api-node1,api-node2,0,1,1,99.093868,57.270296,99.093868,57.270296,100.000000,100.000000,8.000000,14.000000,7.000000,4.000000,8.000000,14.000000,141.841889,66.225865,49.453788,71.688707,3.000000
2026-05-10T08:41:17.326087583Z,0,per_hit,raw_percent_of_host,api-node1,api-node2,0,1,1,99.093868,57.270296,99.093868,57.270296,100.000000,100.000000,5.000000,14.000000,7.000000,4.000000,5.000000,14.000000,141.841889,66.225865,49.655797,71.688707,3.000000
2026-05-10T08:41:17.375927398Z,0,per_hit,raw_percent_of_host,api-node1,api-node2,0,1,1,98.867811,49.730043,98.867811,49.730043,100.000000,100.000000,0.000000,10.000000,2.000000,4.000000,0.000000,10.000000,50.052716,199.777737,50.000000,65.011113,3.000000
2026-05-10T08:41:17.426028652Z,0,per_hit,raw_percent_of_host,api-node1,api-node2,0,1,1,98.867811,49.730043,98.867811,49.730043,100.000000,100.000000,0.000000,10.000000,2.000000,4.000000,0.000000,10.000000,50.052716,199.777737,50.000000,65.011113,3.000000
2026-05-10T08:41:17.476179734Z,0,per_hit,raw_percent_of_host,api-node1,api-node2,0,1,1,98.867811,49.730043,98.867811,49.730043,100.000000,100.000000,0.000000,10.000000,2.000000,4.000000,0.000000,10.000000,50.052716,199.777737,50.000000,65.011113,3.000000
2026-05-10T08:41:17.526060466Z,0,per_hit,raw_percent_of_host,api-node1,api-node2,0,1,1,98.867811,49.730043,98.867811,49.730043,100.000000,100.000000,1.000000,10.000000,2.000000,4.000000,1.000000,10.000000,50.052716,199.777737,49.944561,65.011113,3.000000
2026-05-10T08:41:17.57543594Z,0,per_hit,raw_percent_of_host,api-node1,api-node2,0,1,1,98.867811,62.503486,98.867811,62.503486,100.000000,100.000000,1.000000,2.000000,2.000000,7.000000,1.000000,2.000000,50.052716,238.926099,49.944561,62.902087,3.000000
2026-05-10T08:41:17.62546139Z,0,per_hit,raw_percent_of_host,api-node1,api-node2,1,0,1,21.844663,62.503486,21.844663,62.503486,100.000000,100.000000,0.000000,2.000000,1.000000,7.000000,0.000000,2.000000,50.078667,238.926099,75.000000,62.902087,3.000000
2026-05-10T08:41:17.725571289Z,0,per_hit,raw_percent_of_host,api-node1,api-node2,1,0,1,0.000000,0.000000,0.000000,0.000000,100.000000,100.000000,0.000000,1.000000,1.000000,1.000000,0.000000,1.000000,50.078667,80.361462,75.000000,74.940567,3.000000
2026-05-10T08:41:17.77600928Z,0,per_hit,raw_percent_of_host,api-node1,api-node2,1,0,1,0.000000,0.000000,0.000000,0.000000,100.000000,100.000000,0.000000,1.000000,1.000000,1.000000,0.000000,1.000000,50.078667,80.361462,75.000000,74.940567,3.000000
2026-05-10T08:41:17.975999549Z,0,per_hit,raw_percent_of_host,api-node1,api-node2,1,0,1,0.000000,0.000000,0.000000,0.000000,100.000000,100.000000,4.000000,7.000000,1.000000,1.000000,4.000000,7.000000,50.078667,50.110825,74.779698,74.616975,3.000000
2026-05-10T08:41:18.025862239Z,0,per_hit,raw_percent_of_host,api-node1,api-node2,1,0,1,0.000000,0.000000,0.000000,0.000000,100.000000,100.000000,4.000000,11.000000,1.000000,1.000000,4.000000,11.000000,50.078667,50.110825,74.779698,74.403327,3.000000
2026-05-10T08:41:18.075697311Z,0,per_hit,raw_percent_of_host,api-node1,api-node2,1,0,1,0.000000,0.000000,0.000000,0.000000,100.000000,100.000000,3.000000,14.000000,1.000000,1.000000,3.000000,14.000000,50.078667,50.110825,74.834408,74.245509,3.000000
2026-05-10T08:41:18.125772718Z,0,per_hit,raw_percent_of_host,api-node1,api-node2,1,0,1,0.000000,0.000000,0.000000,0.000000,100.000000,100.000000,4.000000,18.000000,1.000000,1.000000,4.000000,18.000000,50.078667,50.110825,74.779698,74.038234,3.000000
2026-05-10T08:41:18.176255626Z,0,per_hit,raw_percent_of_host,api-node1,api-node2,1,0,1,0.000000,46.393851,0.000000,46.393851,100.000000,100.000000,3.000000,15.000000,1.000000,6.000000,3.000000,15.000000,50.078667,59.332756,74.834408,70.935658,3.000000
2026-05-10T08:41:18.225755258Z,0,per_hit,raw_percent_of_host,api-node1,api-node2,0,1,1,90.335428,46.393851,90.335428,46.393851,100.000000,100.000000,8.000000,19.000000,3.000000,6.000000,8.000000,19.000000,60.470713,59.332756,49.553102,70.935658,3.000000
2026-05-10T08:41:18.275435764Z,0,per_hit,raw_percent_of_host,api-node1,api-node2,0,1,1,90.335428,46.393851,90.335428,46.393851,100.000000,100.000000,7.000000,18.000000,3.000000,6.000000,7.000000,18.000000,60.470713,59.332756,49.608088,70.935658,3.000000
2026-05-10T08:41:18.325900068Z,0,per_hit,raw_percent_of_host,api-node1,api-node2,0,1,1,90.335428,46.393851,90.335428,46.393851,100.000000,100.000000,6.000000,18.000000,3.000000,6.000000,6.000000,18.000000,60.470713,59.332756,49.663322,70.935658,3.000000
2026-05-10T08:41:18.375610261Z,0,per_hit,raw_percent_of_host,api-node1,api-node2,0,1,1,90.335428,46.393851,90.335428,46.393851,100.000000,100.000000,1.000000,14.000000,3.000000,6.000000,1.000000,14.000000,60.470713,59.332756,49.943250,70.935658,3.000000
2026-05-10T08:41:18.426127163Z,0,per_hit,raw_percent_of_host,api-node1,api-node2,0,1,1,90.335428,46.393851,90.335428,46.393851,100.000000,100.000000,0.000000,14.000000,3.000000,6.000000,0.000000,14.000000,60.470713,59.332756,50.000000,70.935658,3.000000
2026-05-10T08:41:18.476234922Z,0,per_hit,raw_percent_of_host,api-node1,api-node2,0,1,1,90.335428,46.393851,90.335428,46.393851,100.000000,100.000000,0.000000,14.000000,3.000000,6.000000,0.000000,14.000000,60.470713,59.332756,50.000000,70.935658,3.000000
2026-05-10T08:41:18.526307728Z,0,per_hit,raw_percent_of_host,api-node1,api-node2,0,1,1,90.335428,46.393851,90.335428,46.393851,100.000000,100.000000,0.000000,15.000000,3.000000,6.000000,0.000000,15.000000,60.470713,59.332756,50.000000,70.935658,3.000000
2026-05-10T08:41:18.575445079Z,0,per_hit,raw_percent_of_host,api-node1,api-node2,1,0,1,54.320888,52.532447,54.320888,52.532447,100.000000,100.000000,0.000000,13.000000,1.000000,9.000000,0.000000,13.000000,50.038435,59.452187,72.332184,71.717328,3.000000
2026-05-10T08:41:18.625610926Z,0,per_hit,raw_percent_of_host,api-node1,api-node2,1,0,1,54.320888,52.532447,54.320888,52.532447,100.000000,100.000000,0.000000,13.000000,1.000000,9.000000,0.000000,13.000000,50.038435,59.452187,72.332184,71.717328,3.000000
2026-05-10T08:41:18.675919202Z,0,per_hit,raw_percent_of_host,api-node1,api-node2,1,0,1,54.320888,52.532447,54.320888,52.532447,100.000000,100.000000,0.000000,5.000000,1.000000,9.000000,0.000000,5.000000,50.038435,59.452187,72.332184,71.717328,3.000000
2026-05-10T08:41:18.725890931Z,0,per_hit,raw_percent_of_host,api-node1,api-node2,1,0,1,54.320888,52.532447,54.320888,52.532447,100.000000,100.000000,0.000000,6.000000,1.000000,9.000000,0.000000,6.000000,50.038435,59.452187,72.332184,71.717328,3.000000
2026-05-10T08:41:18.775304247Z,0,per_hit,raw_percent_of_host,api-node1,api-node2,1,0,1,0.000000,68.379704,0.000000,68.379704,100.000000,100.000000,0.000000,1.000000,1.000000,2.000000,0.000000,1.000000,50.038435,81.412895,75.000000,65.198815,3.000000
2026-05-10T08:41:18.825855333Z,0,per_hit,raw_percent_of_host,api-node1,api-node2,1,0,1,0.000000,68.379704,0.000000,68.379704,100.000000,100.000000,0.000000,1.000000,1.000000,2.000000,0.000000,1.000000,50.038435,81.412895,75.000000,65.198815,3.000000
2026-05-10T08:41:18.97618834Z,0,per_hit,raw_percent_of_host,api-node1,api-node2,0,1,1,0.000000,0.000000,0.000000,0.000000,100.000000,100.000000,8.000000,3.000000,1.000000,1.000000,8.000000,3.000000,50.038435,85.571055,74.563282,74.820329,3.000000
2026-05-10T08:41:19.025628107Z,0,per_hit,raw_percent_of_host,api-node1,api-node2,0,1,1,0.000000,0.000000,0.000000,0.000000,100.000000,100.000000,10.000000,5.000000,1.000000,1.000000,10.000000,5.000000,50.038435,85.571055,74.456476,74.701976,3.000000
2026-05-10T08:41:19.075688741Z,0,per_hit,raw_percent_of_host,api-node1,api-node2,1,0,1,0.000000,87.733876,0.000000,87.733876,100.000000,100.000000,13.000000,5.000000,1.000000,2.000000,13.000000,5.000000,50.038435,50.025532,74.297998,49.725259,3.000000
2026-05-10T08:41:19.125378165Z,0,per_hit,raw_percent_of_host,api-node1,api-node2,1,0,1,0.000000,87.733876,0.000000,87.733876,100.000000,100.000000,17.000000,6.000000,1.000000,2.000000,17.000000,6.000000,50.038435,50.025532,74.089861,49.671034,3.000000
2026-05-10T08:41:19.175947218Z,0,per_hit,raw_percent_of_host,api-node1,api-node2,0,1,1,100.000000,87.733876,100.000000,87.733876,100.000000,100.000000,16.000000,3.000000,8.000000,2.000000,16.000000,3.000000,141.583850,50.025532,48.931670,49.834428,3.000000
2026-05-10T08:41:19.22577667Z,0,per_hit,raw_percent_of_host,api-node1,api-node2,0,1,1,100.000000,87.733876,100.000000,87.733876,100.000000,100.000000,23.000000,8.000000,8.000000,2.000000,23.000000,8.000000,141.583850,50.025532,48.492460,49.563294,3.000000
2026-05-10T08:41:19.27545962Z,0,per_hit,raw_percent_of_host,api-node1,api-node2,0,1,1,100.000000,45.413198,100.000000,45.413198,100.000000,100.000000,20.000000,5.000000,8.000000,2.000000,20.000000,5.000000,141.583850,99.784586,48.678703,68.626459,3.000000
2026-05-10T08:41:19.32526871Z,0,per_hit,raw_percent_of_host,api-node1,api-node2,0,1,1,92.761190,45.413198,92.761190,45.413198,100.000000,100.000000,16.000000,5.000000,10.000000,2.000000,16.000000,5.000000,181.471389,99.784586,48.804288,68.626459,3.000000
2026-05-10T08:41:19.375737619Z,0,per_hit,raw_percent_of_host,api-node1,api-node2,0,1,1,92.761190,54.732930,92.761190,54.732930,100.000000,100.000000,12.000000,2.000000,10.000000,3.000000,12.000000,2.000000,181.471389,126.382140,49.092363,68.680893,3.000000
2026-05-10T08:41:19.425901194Z,0,per_hit,raw_percent_of_host,api-node1,api-node2,0,1,1,92.761190,54.732930,92.761190,54.732930,100.000000,100.000000,12.000000,1.000000,10.000000,3.000000,12.000000,1.000000,181.471389,126.382140,49.092363,68.680893,3.000000
2026-05-10T08:41:19.475460619Z,0,per_hit,raw_percent_of_host,api-node1,api-node2,0,1,1,92.761190,54.732930,92.761190,54.732930,100.000000,100.000000,12.000000,0.000000,10.000000,3.000000,12.000000,0.000000,181.471389,126.382140,49.092363,68.680893,3.000000
2026-05-10T08:41:19.525366434Z,0,per_hit,raw_percent_of_host,api-node1,api-node2,0,1,1,89.968513,54.732930,89.968513,54.732930,100.000000,100.000000,1.000000,1.000000,9.000000,3.000000,1.000000,1.000000,187.649364,126.382140,49.920217,68.680893,3.000000
2026-05-10T08:41:19.575928905Z,0,per_hit,raw_percent_of_host,api-node1,api-node2,1,0,1,0.000000,89.242253,0.000000,89.242253,100.000000,100.000000,0.000000,1.000000,1.000000,2.000000,0.000000,1.000000,50.120681,74.008522,75.000000,49.941451,3.000000
2026-05-10T08:41:19.725923975Z,0,per_hit,raw_percent_of_host,api-node1,api-node2,1,0,1,0.000000,0.000000,0.000000,0.000000,100.000000,100.000000,0.000000,1.000000,1.000000,1.000000,0.000000,1.000000,50.120681,50.044785,75.000000,74.944562,3.000000
2026-05-10T08:41:19.775766841Z,0,per_hit,raw_percent_of_host,api-node1,api-node2,1,0,1,0.000000,53.267820,0.000000,53.267820,100.000000,100.000000,0.000000,1.000000,1.000000,2.000000,0.000000,1.000000,50.120681,50.044785,75.000000,72.243445,3.000000
2026-05-10T08:41:19.976285576Z,0,per_hit,raw_percent_of_host,api-node1,api-node2,0,1,1,0.000000,0.000000,0.000000,0.000000,100.000000,100.000000,7.000000,4.000000,1.000000,1.000000,7.000000,4.000000,50.120681,50.043148,74.616967,74.779715,3.000000
2026-05-10T08:41:20.026143283Z,0,per_hit,raw_percent_of_host,api-node1,api-node2,0,1,1,0.000000,0.000000,0.000000,0.000000,100.000000,100.000000,10.000000,6.000000,1.000000,1.000000,10.000000,6.000000,50.120681,50.043148,74.456379,74.671022,3.000000
2026-05-10T08:41:20.075543589Z,0,per_hit,raw_percent_of_host,api-node1,api-node2,1,0,1,0.000000,92.230903,0.000000,92.230903,100.000000,100.000000,14.000000,3.000000,1.000000,3.000000,14.000000,3.000000,50.120681,67.102071,74.245493,49.827941,3.000000
2026-05-10T08:41:20.125374637Z,0,per_hit,raw_percent_of_host,api-node1,api-node2,0,1,1,100.000000,92.230903,100.000000,92.230903,100.000000,100.000000,16.000000,5.000000,6.000000,3.000000,16.000000,5.000000,121.439296,67.102071,48.986214,49.714545,3.000000
2026-05-10T08:41:20.176006066Z,0,per_hit,raw_percent_of_host,api-node1,api-node2,0,1,1,100.000000,37.693451,100.000000,37.693451,100.000000,100.000000,15.000000,3.000000,6.000000,2.000000,15.000000,3.000000,121.439296,76.512421,49.047161,69.071441,3.000000
2026-05-10T08:41:20.225603425Z,0,per_hit,raw_percent_of_host,api-node1,api-node2,0,1,1,100.000000,37.693451,100.000000,37.693451,100.000000,100.000000,19.000000,11.000000,6.000000,2.000000,19.000000,11.000000,121.439296,76.512421,48.805214,69.071441,3.000000
2026-05-10T08:41:20.275694226Z,0,per_hit,raw_percent_of_host,api-node1,api-node2,0,1,1,100.000000,37.693451,100.000000,37.693451,100.000000,100.000000,17.000000,9.000000,6.000000,2.000000,17.000000,9.000000,121.439296,76.512421,48.925576,69.071441,3.000000
2026-05-10T08:41:20.325859656Z,0,per_hit,raw_percent_of_host,api-node1,api-node2,0,1,1,100.000000,37.693451,100.000000,37.693451,100.000000,100.000000,17.000000,9.000000,6.000000,2.000000,17.000000,9.000000,121.439296,76.512421,48.925576,69.071441,3.000000
2026-05-10T08:41:20.37601774Z,0,per_hit,raw_percent_of_host,api-node1,api-node2,0,1,1,100.000000,37.693451,100.000000,37.693451,100.000000,100.000000,17.000000,9.000000,6.000000,2.000000,17.000000,9.000000,121.439296,76.512421,48.925576,69.071441,3.000000
2026-05-10T08:41:20.425464702Z,0,per_hit,raw_percent_of_host,api-node1,api-node2,0,1,1,98.338194,37.693451,98.338194,37.693451,100.000000,100.000000,11.000000,8.000000,10.000000,2.000000,11.000000,8.000000,201.238956,76.512421,49.112219,69.071441,3.000000
2026-05-10T08:41:20.475751104Z,0,per_hit,raw_percent_of_host,api-node1,api-node2,0,1,1,91.554000,37.693451,91.554000,37.693451,100.000000,100.000000,0.000000,7.000000,3.000000,2.000000,0.000000,7.000000,61.811502,76.512421,50.000000,69.071441,3.000000
2026-05-10T08:41:20.526079136Z,0,per_hit,raw_percent_of_host,api-node1,api-node2,0,1,1,91.554000,37.693451,91.554000,37.693451,100.000000,100.000000,1.000000,7.000000,3.000000,2.000000,1.000000,7.000000,61.811502,76.512421,49.943077,69.071441,3.000000
2026-05-10T08:41:20.57586035Z,0,per_hit,raw_percent_of_host,api-node1,api-node2,0,1,1,58.826739,0.000000,58.826739,0.000000,100.000000,100.000000,1.000000,0.000000,2.000000,1.000000,1.000000,0.000000,50.051265,83.214812,72.497437,75.000000,3.000000
2026-05-10T08:41:20.72576047Z,0,per_hit,raw_percent_of_host,api-node1,api-node2,1,0,1,0.000000,0.000000,0.000000,0.000000,100.000000,100.000000,0.000000,1.000000,1.000000,1.000000,0.000000,1.000000,50.053777,83.214812,75.000000,74.940161,3.000000
2026-05-10T08:41:20.775933636Z,0,per_hit,raw_percent_of_host,api-node1,api-node2,1,0,1,0.000000,49.258283,0.000000,49.258283,100.000000,100.000000,0.000000,1.000000,1.000000,2.000000,0.000000,1.000000,50.053777,83.214812,75.000000,70.159247,3.000000
2026-05-10T08:41:20.975522642Z,0,per_hit,raw_percent_of_host,api-node1,api-node2,0,1,1,0.000000,20.185594,0.000000,20.185594,100.000000,100.000000,6.000000,5.000000,1.000000,1.000000,6.000000,5.000000,50.053777,50.049410,74.671014,74.725245,3.000000
2026-05-10T08:41:21.025581008Z,0,per_hit,raw_percent_of_host,api-node1,api-node2,0,1,1,50.905624,20.185594,50.905624,20.185594,100.000000,100.000000,5.000000,10.000000,4.000000,1.000000,5.000000,10.000000,50.053777,50.049410,72.021560,74.456463,3.000000
2026-05-10T08:41:21.075752787Z,0,per_hit,raw_percent_of_host,api-node1,api-node2,1,0,1,50.905624,47.546854,50.905624,47.546854,100.000000,100.000000,5.000000,8.000000,4.000000,5.000000,5.000000,8.000000,50.053777,50.049410,72.021560,71.637796,3.000000
2026-05-10T08:41:21.125606408Z,0,per_hit,raw_percent_of_host,api-node1,api-node2,0,1,1,87.941902,47.546854,87.941902,47.546854,100.000000,100.000000,8.000000,10.000000,3.000000,5.000000,8.000000,10.000000,50.054403,50.049410,49.563267,71.637796,3.000000
2026-05-10T08:41:21.176143481Z,0,per_hit,raw_percent_of_host,api-node1,api-node2,0,1,1,87.941902,47.546854,87.941902,47.546854,100.000000,100.000000,7.000000,9.000000,3.000000,5.000000,7.000000,9.000000,50.054403,50.049410,49.617022,71.637796,3.000000
2026-05-10T08:41:21.226008973Z,0,per_hit,raw_percent_of_host,api-node1,api-node2,0,1,1,87.941902,47.546854,87.941902,47.546854,100.000000,100.000000,10.000000,19.000000,3.000000,5.000000,10.000000,19.000000,50.054403,50.049410,49.456457,71.637796,3.000000
2026-05-10T08:41:21.276150595Z,0,per_hit,raw_percent_of_host,api-node1,api-node2,0,1,1,87.941902,57.039106,87.941902,57.039106,100.000000,100.000000,6.000000,16.000000,3.000000,5.000000,6.000000,16.000000,50.054403,208.620004,49.671013,64.569000,3.000000
2026-05-10T08:41:21.325375672Z,0,per_hit,raw_percent_of_host,api-node1,api-node2,0,1,1,97.872007,57.039106,97.872007,57.039106,100.000000,100.000000,2.000000,16.000000,4.000000,5.000000,2.000000,16.000000,81.943747,208.620004,49.880968,64.569000,3.000000
2026-05-10T08:41:21.376164005Z,0,per_hit,raw_percent_of_host,api-node1,api-node2,0,1,1,97.872007,57.039106,97.872007,57.039106,100.000000,100.000000,0.000000,13.000000,4.000000,5.000000,0.000000,13.000000,81.943747,208.620004,50.000000,64.569000,3.000000
2026-05-10T08:41:21.42525502Z,0,per_hit,raw_percent_of_host,api-node1,api-node2,0,1,1,97.872007,57.039106,97.872007,57.039106,100.000000,100.000000,0.000000,13.000000,4.000000,5.000000,0.000000,13.000000,81.943747,208.620004,50.000000,64.569000,3.000000
2026-05-10T08:41:21.475725697Z,0,per_hit,raw_percent_of_host,api-node1,api-node2,0,1,1,97.872007,57.039106,97.872007,57.039106,100.000000,100.000000,0.000000,12.000000,4.000000,5.000000,0.000000,12.000000,81.943747,208.620004,50.000000,64.569000,3.000000
2026-05-10T08:41:21.525386707Z,0,per_hit,raw_percent_of_host,api-node1,api-node2,0,1,1,97.872007,57.039106,97.872007,57.039106,100.000000,100.000000,1.000000,12.000000,4.000000,5.000000,1.000000,12.000000,81.943747,208.620004,49.940342,64.569000,3.000000
2026-05-10T08:41:21.576058612Z,0,per_hit,raw_percent_of_host,api-node1,api-node2,0,1,1,97.872007,57.039106,97.872007,57.039106,100.000000,100.000000,0.000000,11.000000,4.000000,5.000000,0.000000,11.000000,81.943747,208.620004,50.000000,64.569000,3.000000
2026-05-10T08:41:21.626210922Z,0,per_hit,raw_percent_of_host,api-node1,api-node2,0,1,1,97.872007,57.039106,97.872007,57.039106,100.000000,100.000000,0.000000,11.000000,4.000000,5.000000,0.000000,11.000000,81.943747,208.620004,50.000000,64.569000,3.000000
2026-05-10T08:41:21.675769628Z,0,per_hit,raw_percent_of_host,api-node1,api-node2,0,1,1,97.872007,49.949252,97.872007,49.949252,100.000000,100.000000,0.000000,2.000000,4.000000,9.000000,0.000000,2.000000,81.943747,419.297191,50.000000,54.615591,3.000000
2026-05-10T08:41:21.725520374Z,0,per_hit,raw_percent_of_host,api-node1,api-node2,1,0,1,21.852529,49.949252,21.852529,49.949252,100.000000,100.000000,1.000000,1.000000,1.000000,9.000000,1.000000,1.000000,50.052361,419.297191,74.944561,54.615591,3.000000
2026-05-10T08:41:21.775929441Z,0,per_hit,raw_percent_of_host,api-node1,api-node2,0,1,1,48.692582,0.000000,48.692582,0.000000,100.000000,100.000000,1.000000,0.000000,2.000000,1.000000,1.000000,0.000000,50.052361,79.676606,71.779275,75.000000,3.000000
2026-05-10T08:41:21.975843397Z,0,per_hit,raw_percent_of_host,api-node1,api-node2,0,1,1,16.800286,0.000000,16.800286,0.000000,100.000000,100.000000,6.000000,5.000000,2.000000,1.000000,6.000000,5.000000,50.162809,79.676606,74.670935,74.706106,3.000000
2026-05-10T08:41:22.025269763Z,0,per_hit,raw_percent_of_host,api-node1,api-node2,0,1,1,16.800286,0.000000,16.800286,0.000000,100.000000,100.000000,8.000000,6.000000,2.000000,1.000000,8.000000,6.000000,50.162809,79.676606,74.563163,74.648154,3.000000
2026-05-10T08:41:22.07578841Z,0,per_hit,raw_percent_of_host,api-node1,api-node2,1,0,1,100.000000,83.928889,100.000000,83.928889,100.000000,100.000000,5.000000,8.000000,4.000000,4.000000,5.000000,8.000000,81.672067,92.165319,49.704721,49.508376,3.000000
2026-05-10T08:41:22.125284395Z,0,per_hit,raw_percent_of_host,api-node1,api-node2,1,0,1,100.000000,83.928889,100.000000,83.928889,100.000000,100.000000,8.000000,11.000000,4.000000,4.000000,8.000000,11.000000,81.672067,92.165319,49.530878,49.328965,3.000000
2026-05-10T08:41:22.175579418Z,0,per_hit,raw_percent_of_host,api-node1,api-node2,1,0,1,99.088033,83.928889,99.088033,83.928889,100.000000,100.000000,6.000000,9.000000,3.000000,4.000000,6.000000,9.000000,59.512455,92.165319,49.664044,49.448279,3.000000
2026-05-10T08:41:22.225469764Z,0,per_hit,raw_percent_of_host,api-node1,api-node2,1,0,1,99.088033,83.928889,99.088033,83.928889,100.000000,100.000000,7.000000,19.000000,3.000000,4.000000,7.000000,19.000000,59.512455,92.165319,49.608928,48.863133,3.000000
2026-05-10T08:41:22.276230797Z,0,per_hit,raw_percent_of_host,api-node1,api-node2,1,0,1,99.088033,83.928889,99.088033,83.928889,100.000000,100.000000,6.000000,17.000000,3.000000,4.000000,6.000000,17.000000,59.512455,92.165319,49.664044,48.977910,3.000000
2026-05-10T08:41:22.325308971Z,0,per_hit,raw_percent_of_host,api-node1,api-node2,1,0,1,99.088033,83.928889,99.088033,83.928889,100.000000,100.000000,6.000000,17.000000,3.000000,4.000000,6.000000,17.000000,59.512455,92.165319,49.664044,48.977910,3.000000
2026-05-10T08:41:22.376080742Z,0,per_hit,raw_percent_of_host,api-node1,api-node2,0,1,1,99.269712,46.608398,99.269712,46.608398,100.000000,100.000000,0.000000,15.000000,2.000000,7.000000,0.000000,15.000000,50.046826,179.708405,50.000000,65.801163,3.000000
2026-05-10T08:41:22.426223698Z,0,per_hit,raw_percent_of_host,api-node1,api-node2,0,1,1,99.269712,46.608398,99.269712,46.608398,100.000000,100.000000,0.000000,15.000000,2.000000,7.000000,0.000000,15.000000,50.046826,179.708405,50.000000,65.801163,3.000000
2026-05-10T08:41:22.4757078Z,0,per_hit,raw_percent_of_host,api-node1,api-node2,0,1,1,99.269712,46.608398,99.269712,46.608398,100.000000,100.000000,0.000000,14.000000,2.000000,7.000000,0.000000,14.000000,50.046826,179.708405,50.000000,65.801163,3.000000
2026-05-10T08:41:22.526133717Z,0,per_hit,raw_percent_of_host,api-node1,api-node2,0,1,1,99.269712,46.608398,99.269712,46.608398,100.000000,100.000000,1.000000,14.000000,2.000000,7.000000,1.000000,14.000000,50.046826,179.708405,49.944562,65.801163,3.000000
2026-05-10T08:41:22.575543795Z,0,per_hit,raw_percent_of_host,api-node1,api-node2,0,1,1,99.269712,46.608398,99.269712,46.608398,100.000000,100.000000,1.000000,13.000000,2.000000,7.000000,1.000000,13.000000,50.046826,179.708405,49.944562,65.801163,3.000000
2026-05-10T08:41:22.625456591Z,0,per_hit,raw_percent_of_host,api-node1,api-node2,0,1,1,99.269712,46.608398,99.269712,46.608398,100.000000,100.000000,0.000000,13.000000,2.000000,7.000000,0.000000,13.000000,50.046826,179.708405,50.000000,65.801163,3.000000
2026-05-10T08:41:22.676232155Z,0,per_hit,raw_percent_of_host,api-node1,api-node2,0,1,1,99.269712,46.608398,99.269712,46.608398,100.000000,100.000000,0.000000,12.000000,2.000000,7.000000,0.000000,12.000000,50.046826,179.708405,50.000000,65.801163,3.000000
2026-05-10T08:41:22.725768249Z,0,per_hit,raw_percent_of_host,api-node1,api-node2,0,1,1,99.269712,46.608398,99.269712,46.608398,100.000000,100.000000,0.000000,13.000000,2.000000,7.000000,0.000000,13.000000,50.046826,179.708405,50.000000,65.801163,3.000000
2026-05-10T08:41:22.776223055Z,0,per_hit,raw_percent_of_host,api-node1,api-node2,1,0,1,0.000000,82.970021,0.000000,82.970021,100.000000,100.000000,0.000000,1.000000,1.000000,2.000000,0.000000,1.000000,50.104592,83.252949,75.000000,49.934868,3.000000
2026-05-10T08:41:22.82538259Z,0,per_hit,raw_percent_of_host,api-node1,api-node2,1,0,1,0.000000,82.970021,0.000000,82.970021,100.000000,100.000000,0.000000,1.000000,1.000000,2.000000,0.000000,1.000000,50.104592,83.252949,75.000000,49.934868,3.000000
2026-05-10T08:41:22.975380337Z,0,per_hit,raw_percent_of_host,api-node1,api-node2,0,1,1,0.000000,0.000000,0.000000,0.000000,100.000000,100.000000,7.000000,4.000000,1.000000,1.000000,7.000000,4.000000,50.104592,50.056757,74.616980,74.779708,3.000000
2026-05-10T08:41:23.025604491Z,0,per_hit,raw_percent_of_host,api-node1,api-node2,0,1,1,0.000000,0.000000,0.000000,0.000000,100.000000,100.000000,10.000000,5.000000,1.000000,1.000000,10.000000,5.000000,50.104592,50.056757,74.456398,74.725240,3.000000
2026-05-10T08:41:23.076172601Z,0,per_hit,raw_percent_of_host,api-node1,api-node2,1,0,1,0.000000,92.245270,0.000000,92.245270,100.000000,100.000000,11.000000,5.000000,1.000000,3.000000,11.000000,5.000000,50.104592,64.527292,74.403335,49.716214,3.000000
2026-05-10T08:41:23.12546948Z,0,per_hit,raw_percent_of_host,api-node1,api-node2,0,1,1,100.000000,92.245270,100.000000,92.245270,100.000000,100.000000,14.000000,7.000000,7.000000,3.000000,14.000000,7.000000,121.112402,64.527292,49.109160,49.604495,3.000000
2026-05-10T08:41:23.17567916Z,0,per_hit,raw_percent_of_host,api-node1,api-node2,0,1,1,100.000000,92.245270,100.000000,92.245270,100.000000,100.000000,14.000000,4.000000,7.000000,3.000000,14.000000,4.000000,121.112402,64.527292,49.109160,49.772455,3.000000
2026-05-10T08:41:23.22617092Z,0,per_hit,raw_percent_of_host,api-node1,api-node2,0,1,1,100.000000,92.245270,100.000000,92.245270,100.000000,100.000000,16.000000,9.000000,7.000000,3.000000,16.000000,9.000000,121.112402,64.527292,48.987054,49.493782,3.000000
2026-05-10T08:41:23.276200074Z,0,per_hit,raw_percent_of_host,api-node1,api-node2,0,1,1,100.000000,45.119347,100.000000,45.119347,100.000000,100.000000,19.000000,9.000000,7.000000,4.000000,19.000000,9.000000,121.112402,58.311339,48.806196,70.783470,3.000000
2026-05-10T08:41:23.325683607Z,0,per_hit,raw_percent_of_host,api-node1,api-node2,0,1,1,92.687734,45.119347,92.687734,45.119347,100.000000,100.000000,14.000000,9.000000,9.000000,4.000000,14.000000,9.000000,181.781106,58.311339,48.946478,70.783470,3.000000
2026-05-10T08:41:23.375894417Z,0,per_hit,raw_percent_of_host,api-node1,api-node2,0,1,1,92.687734,45.119347,92.687734,45.119347,100.000000,100.000000,14.000000,8.000000,9.000000,4.000000,14.000000,8.000000,181.781106,58.311339,48.946478,70.783470,3.000000
2026-05-10T08:41:23.426240293Z,0,per_hit,raw_percent_of_host,api-node1,api-node2,0,1,1,92.687734,45.119347,92.687734,45.119347,100.000000,100.000000,12.000000,8.000000,9.000000,4.000000,12.000000,8.000000,181.781106,58.311339,49.091512,70.783470,3.000000
2026-05-10T08:41:23.47538996Z,0,per_hit,raw_percent_of_host,api-node1,api-node2,0,1,1,92.687734,45.119347,92.687734,45.119347,100.000000,100.000000,12.000000,7.000000,9.000000,4.000000,12.000000,7.000000,181.781106,58.311339,49.091512,70.783470,3.000000
2026-05-10T08:41:23.526297686Z,0,per_hit,raw_percent_of_host,api-node1,api-node2,0,1,1,98.905930,45.119347,98.905930,45.119347,100.000000,100.000000,1.000000,7.000000,9.000000,4.000000,1.000000,7.000000,180.015436,58.311339,49.922115,70.783470,3.000000
2026-05-10T08:41:23.575960729Z,0,per_hit,raw_percent_of_host,api-node1,api-node2,0,1,1,73.056567,0.000000,73.056567,0.000000,100.000000,100.000000,1.000000,0.000000,2.000000,1.000000,1.000000,0.000000,50.079340,83.521134,55.626609,75.000000,3.000000
2026-05-10T08:41:23.725839141Z,0,per_hit,raw_percent_of_host,api-node1,api-node2,0,1,1,0.000000,0.000000,0.000000,0.000000,100.000000,100.000000,1.000000,0.000000,1.000000,1.000000,1.000000,0.000000,50.043015,83.521134,74.944562,75.000000,3.000000
2026-05-10T08:41:23.775446278Z,0,per_hit,raw_percent_of_host,api-node1,api-node2,0,1,1,0.000000,0.000000,0.000000,0.000000,100.000000,100.000000,1.000000,0.000000,1.000000,1.000000,1.000000,0.000000,50.043015,83.521134,74.944562,75.000000,3.000000
2026-05-10T08:41:23.976010142Z,0,per_hit,raw_percent_of_host,api-node1,api-node2,1,0,1,0.000000,0.000000,0.000000,0.000000,100.000000,100.000000,5.000000,6.000000,1.000000,1.000000,5.000000,6.000000,50.042064,83.521134,74.725249,74.644953,3.000000
2026-05-10T08:41:24.025589334Z,0,per_hit,raw_percent_of_host,api-node1,api-node2,1,0,1,0.000000,0.000000,0.000000,0.000000,100.000000,100.000000,7.000000,8.000000,1.000000,1.000000,7.000000,8.000000,50.042064,83.521134,74.617033,74.528834,3.000000
2026-05-10T08:41:24.076232923Z,0,per_hit,raw_percent_of_host,api-node1,api-node2,1,0,1,0.000000,51.568966,0.000000,51.568966,100.000000,100.000000,6.000000,10.000000,1.000000,5.000000,6.000000,10.000000,50.042064,83.521134,74.671022,70.490977,3.000000
2026-05-10T08:41:24.125274337Z,0,per_hit,raw_percent_of_host,api-node1,api-node2,1,0,1,0.000000,51.568966,0.000000,51.568966,100.000000,100.000000,9.000000,13.000000,1.000000,5.000000,9.000000,13.000000,50.042064,83.521134,74.509759,70.490977,3.000000
2026-05-10T08:41:24.176154903Z,0,per_hit,raw_percent_of_host,api-node1,api-node2,0,1,1,77.309741,51.568966,77.309741,51.568966,100.000000,100.000000,6.000000,11.000000,5.000000,5.000000,6.000000,11.000000,90.002145,83.521134,49.490655,70.490977,3.000000
2026-05-10T08:41:24.225880949Z,0,per_hit,raw_percent_of_host,api-node1,api-node2,0,1,1,77.309741,51.568966,77.309741,51.568966,100.000000,100.000000,10.000000,24.000000,5.000000,5.000000,10.000000,24.000000,90.002145,83.521134,49.162467,70.490977,3.000000
2026-05-10T08:41:24.276183011Z,0,per_hit,raw_percent_of_host,api-node1,api-node2,0,1,1,77.309741,51.568966,77.309741,51.568966,100.000000,100.000000,4.000000,23.000000,5.000000,5.000000,4.000000,23.000000,90.002145,83.521134,49.658115,70.490977,3.000000
2026-05-10T08:41:24.325558011Z,0,per_hit,raw_percent_of_host,api-node1,api-node2,0,1,1,77.309741,51.568966,77.309741,51.568966,100.000000,100.000000,1.000000,23.000000,5.000000,5.000000,1.000000,23.000000,90.002145,83.521134,49.913643,70.490977,3.000000
2026-05-10T08:41:24.375356803Z,0,per_hit,raw_percent_of_host,api-node1,api-node2,0,1,1,77.309741,51.568966,77.309741,51.568966,100.000000,100.000000,0.000000,21.000000,5.000000,5.000000,0.000000,21.000000,90.002145,83.521134,50.000000,70.490977,3.000000
2026-05-10T08:41:24.425397577Z,0,per_hit,raw_percent_of_host,api-node1,api-node2,0,1,1,77.309741,51.568966,77.309741,51.568966,100.000000,100.000000,0.000000,21.000000,5.000000,5.000000,0.000000,21.000000,90.002145,83.521134,50.000000,70.490977,3.000000
2026-05-10T08:41:24.475606388Z,0,per_hit,raw_percent_of_host,api-node1,api-node2,0,1,1,68.249417,47.329041,68.249417,47.329041,100.000000,100.000000,0.000000,18.000000,1.000000,8.000000,0.000000,18.000000,50.064141,59.485081,65.518166,71.070702,3.000000
2026-05-10T08:41:24.526307308Z,0,per_hit,raw_percent_of_host,api-node1,api-node2,0,1,1,68.249417,47.329041,68.249417,47.329041,100.000000,100.000000,1.000000,18.000000,1.000000,8.000000,1.000000,18.000000,50.064141,59.485081,65.406702,71.070702,3.000000
2026-05-10T08:41:24.5754433Z,0,per_hit,raw_percent_of_host,api-node1,api-node2,0,1,1,68.249417,47.329041,68.249417,47.329041,100.000000,100.000000,1.000000,18.000000,1.000000,8.000000,1.000000,18.000000,50.064141,59.485081,65.406702,71.070702,3.000000
2026-05-10T08:41:24.625816316Z,0,per_hit,raw_percent_of_host,api-node1,api-node2,0,1,1,68.249417,47.329041,68.249417,47.329041,100.000000,100.000000,0.000000,18.000000,1.000000,8.000000,0.000000,18.000000,50.064141,59.485081,65.518166,71.070702,3.000000
2026-05-10T08:41:24.675927989Z,0,per_hit,raw_percent_of_host,api-node1,api-node2,0,1,1,68.249417,47.329041,68.249417,47.329041,100.000000,100.000000,0.000000,16.000000,1.000000,8.000000,0.000000,16.000000,50.064141,59.485081,65.518166,71.070702,3.000000
2026-05-10T08:41:24.726025708Z,0,per_hit,raw_percent_of_host,api-node1,api-node2,0,1,1,68.249417,47.329041,68.249417,47.329041,100.000000,100.000000,1.000000,16.000000,1.000000,8.000000,1.000000,16.000000,50.064141,59.485081,65.406702,71.070702,3.000000
2026-05-10T08:41:24.775937486Z,0,per_hit,raw_percent_of_host,api-node1,api-node2,0,1,1,68.249417,47.329041,68.249417,47.329041,100.000000,100.000000,1.000000,13.000000,1.000000,8.000000,1.000000,13.000000,50.064141,59.485081,65.406702,71.070702,3.000000
2026-05-10T08:41:24.826015543Z,0,per_hit,raw_percent_of_host,api-node1,api-node2,0,1,1,68.249417,47.329041,68.249417,47.329041,100.000000,100.000000,0.000000,13.000000,1.000000,8.000000,0.000000,13.000000,50.064141,59.485081,65.518166,71.070702,3.000000
2026-05-10T08:41:24.875257309Z,0,per_hit,raw_percent_of_host,api-node1,api-node2,1,0,1,21.453842,52.296331,21.453842,52.296331,100.000000,100.000000,0.000000,1.000000,1.000000,10.000000,0.000000,1.000000,50.108953,419.187448,75.000000,54.291599,3.000000
2026-05-10T08:41:24.975458445Z,0,per_hit,raw_percent_of_host,api-node1,api-node2,1,0,1,20.108133,0.000000,20.108133,0.000000,100.000000,100.000000,3.000000,8.000000,1.000000,1.000000,3.000000,8.000000,50.108953,51.779280,74.834397,74.561616,3.000000
2026-05-10T08:41:25.025850388Z,0,per_hit,raw_percent_of_host,api-node1,api-node2,1,0,1,20.108133,0.000000,20.108133,0.000000,100.000000,100.000000,5.000000,9.000000,1.000000,1.000000,5.000000,9.000000,50.108953,51.779280,74.725209,74.507896,3.000000
2026-05-10T08:41:25.075936753Z,0,per_hit,raw_percent_of_host,api-node1,api-node2,0,1,1,82.597709,0.000000,82.597709,0.000000,100.000000,100.000000,5.000000,13.000000,2.000000,1.000000,5.000000,13.000000,50.037198,51.779280,49.672456,74.295348,3.000000
2026-05-10T08:41:25.126094646Z,0,per_hit,raw_percent_of_host,api-node1,api-node2,0,1,1,82.597709,0.000000,82.597709,0.000000,100.000000,100.000000,5.000000,13.000000,2.000000,1.000000,5.000000,13.000000,50.037198,51.779280,49.672456,74.295348,3.000000
2026-05-10T08:41:25.175787358Z,0,per_hit,raw_percent_of_host,api-node1,api-node2,0,1,1,82.597709,72.435182,82.597709,72.435182,100.000000,100.000000,7.000000,11.000000,2.000000,6.000000,7.000000,11.000000,50.037198,186.472642,49.543829,56.131248,3.000000
2026-05-10T08:41:25.225948043Z,0,per_hit,raw_percent_of_host,api-node1,api-node2,0,1,1,82.597709,72.435182,82.597709,72.435182,100.000000,100.000000,13.000000,23.000000,2.000000,6.000000,13.000000,23.000000,50.037198,186.472642,49.165872,54.948101,3.000000
2026-05-10T08:41:25.275648184Z,0,per_hit,raw_percent_of_host,api-node1,api-node2,0,1,1,100.000000,72.435182,100.000000,72.435182,100.000000,100.000000,10.000000,22.000000,4.000000,6.000000,10.000000,22.000000,78.629080,186.472642,49.420452,55.043251,3.000000
2026-05-10T08:41:25.326244548Z,0,per_hit,raw_percent_of_host,api-node1,api-node2,0,1,1,100.000000,72.435182,100.000000,72.435182,100.000000,100.000000,9.000000,22.000000,4.000000,6.000000,9.000000,22.000000,78.629080,186.472642,49.477195,55.043251,3.000000
2026-05-10T08:41:25.376183373Z,0,per_hit,raw_percent_of_host,api-node1,api-node2,0,1,1,100.000000,72.435182,100.000000,72.435182,100.000000,100.000000,8.000000,18.000000,4.000000,6.000000,8.000000,18.000000,78.629080,186.472642,49.534202,55.429974,3.000000
2026-05-10T08:41:25.425675911Z,0,per_hit,raw_percent_of_host,api-node1,api-node2,0,1,1,100.000000,72.435182,100.000000,72.435182,100.000000,100.000000,1.000000,18.000000,4.000000,6.000000,1.000000,18.000000,78.629080,186.472642,49.940810,55.429974,3.000000
2026-05-10T08:41:25.476023947Z,0,per_hit,raw_percent_of_host,api-node1,api-node2,0,1,1,100.000000,72.435182,100.000000,72.435182,100.000000,100.000000,0.000000,16.000000,4.000000,6.000000,0.000000,16.000000,78.629080,186.472642,50.000000,55.627093,3.000000
2026-05-10T08:41:25.526241893Z,0,per_hit,raw_percent_of_host,api-node1,api-node2,0,1,1,100.000000,72.435182,100.000000,72.435182,100.000000,100.000000,1.000000,16.000000,4.000000,6.000000,1.000000,16.000000,78.629080,186.472642,49.940810,55.627093,3.000000
2026-05-10T08:41:25.575397401Z,0,per_hit,raw_percent_of_host,api-node1,api-node2,0,1,1,100.000000,72.435182,100.000000,72.435182,100.000000,100.000000,1.000000,16.000000,4.000000,6.000000,1.000000,16.000000,78.629080,186.472642,49.940810,55.627093,3.000000
2026-05-10T08:41:25.625941324Z,0,per_hit,raw_percent_of_host,api-node1,api-node2,0,1,1,100.000000,72.435182,100.000000,72.435182,100.000000,100.000000,0.000000,16.000000,4.000000,6.000000,0.000000,16.000000,78.629080,186.472642,50.000000,55.627093,3.000000
2026-05-10T08:41:25.676081551Z,0,per_hit,raw_percent_of_host,api-node1,api-node2,1,0,1,57.479678,48.029862,57.479678,48.029862,100.000000,100.000000,0.000000,15.000000,1.000000,10.000000,0.000000,15.000000,50.053205,59.574390,72.497340,71.167099,3.000000
2026-05-10T08:41:25.725373035Z,0,per_hit,raw_percent_of_host,api-node1,api-node2,1,0,1,57.479678,48.029862,57.479678,48.029862,100.000000,100.000000,1.000000,15.000000,1.000000,10.000000,1.000000,15.000000,50.053205,59.574390,72.497340,71.167099,3.000000
2026-05-10T08:41:25.775679819Z,0,per_hit,raw_percent_of_host,api-node1,api-node2,1,0,1,57.479678,48.029862,57.479678,48.029862,100.000000,100.000000,1.000000,13.000000,1.000000,10.000000,1.000000,13.000000,50.053205,59.574390,72.497340,71.167099,3.000000
2026-05-10T08:41:25.825869442Z,0,per_hit,raw_percent_of_host,api-node1,api-node2,1,0,1,57.479678,48.029862,57.479678,48.029862,100.000000,100.000000,0.000000,13.000000,1.000000,10.000000,0.000000,13.000000,50.053205,59.574390,72.497340,71.167099,3.000000
2026-05-10T08:41:25.976228982Z,0,per_hit,raw_percent_of_host,api-node1,api-node2,1,0,1,0.000000,0.000000,0.000000,0.000000,100.000000,100.000000,5.000000,6.000000,1.000000,1.000000,5.000000,6.000000,50.211846,66.255393,74.725147,74.658893,3.000000
2026-05-10T08:41:26.025267901Z,0,per_hit,raw_percent_of_host,api-node1,api-node2,1,0,1,0.000000,0.000000,0.000000,0.000000,100.000000,100.000000,6.000000,9.000000,1.000000,1.000000,6.000000,9.000000,50.211846,66.255393,74.670900,74.491806,3.000000
2026-05-10T08:41:26.076085377Z,0,per_hit,raw_percent_of_host,api-node1,api-node2,0,1,1,100.000000,0.000000,100.000000,0.000000,100.000000,100.000000,6.000000,9.000000,3.000000,1.000000,6.000000,9.000000,61.139791,66.255393,49.662815,74.491806,3.000000
2026-05-10T08:41:26.125774392Z,0,per_hit,raw_percent_of_host,api-node1,api-node2,0,1,1,100.000000,0.000000,100.000000,0.000000,100.000000,100.000000,7.000000,14.000000,3.000000,1.000000,7.000000,14.000000,61.139791,66.255393,49.607500,74.218304,3.000000
2026-05-10T08:41:26.175926969Z,0,per_hit,raw_percent_of_host,api-node1,api-node2,0,1,1,100.000000,66.113171,100.000000,66.113171,100.000000,100.000000,5.000000,13.000000,3.000000,5.000000,5.000000,13.000000,61.139791,150.802859,49.718380,65.391786,3.000000
2026-05-10T08:41:26.225252275Z,0,per_hit,raw_percent_of_host,api-node1,api-node2,0,1,1,92.732090,66.113171,92.732090,66.113171,100.000000,100.000000,8.000000,24.000000,4.000000,5.000000,8.000000,24.000000,80.676236,150.802859,49.531971,64.448515,3.000000
2026-05-10T08:41:26.275862575Z,0,per_hit,raw_percent_of_host,api-node1,api-node2,0,1,1,92.732090,66.113171,92.732090,66.113171,100.000000,100.000000,8.000000,21.000000,4.000000,5.000000,8.000000,21.000000,80.676236,150.802859,49.531971,64.701373,3.000000
2026-05-10T08:41:26.32607944Z,0,per_hit,raw_percent_of_host,api-node1,api-node2,0,1,1,92.732090,66.113171,92.732090,66.113171,100.000000,100.000000,6.000000,21.000000,4.000000,5.000000,6.000000,21.000000,80.676236,150.802859,49.647327,64.701373,3.000000
2026-05-10T08:41:26.376220159Z,0,per_hit,raw_percent_of_host,api-node1,api-node2,0,1,1,92.732090,66.113171,92.732090,66.113171,100.000000,100.000000,6.000000,20.000000,4.000000,5.000000,6.000000,20.000000,80.676236,150.802859,49.647327,64.786381,3.000000
2026-05-10T08:41:26.425544173Z,0,per_hit,raw_percent_of_host,api-node1,api-node2,0,1,1,92.732090,66.113171,92.732090,66.113171,100.000000,100.000000,0.000000,20.000000,4.000000,5.000000,0.000000,20.000000,80.676236,150.802859,50.000000,64.786381,3.000000
2026-05-10T08:41:26.47614665Z,0,per_hit,raw_percent_of_host,api-node1,api-node2,0,1,1,84.488514,49.968551,84.488514,49.968551,100.000000,100.000000,0.000000,16.000000,1.000000,6.000000,0.000000,16.000000,50.067754,299.074885,50.000000,60.046256,3.000000
2026-05-10T08:41:26.526091692Z,0,per_hit,raw_percent_of_host,api-node1,api-node2,0,1,1,84.488514,49.968551,84.488514,49.968551,100.000000,100.000000,1.000000,16.000000,1.000000,6.000000,1.000000,16.000000,50.067754,299.074885,49.938897,60.046256,3.000000
2026-05-10T08:41:26.57570549Z,0,per_hit,raw_percent_of_host,api-node1,api-node2,0,1,1,84.488514,49.968551,84.488514,49.968551,100.000000,100.000000,1.000000,16.000000,1.000000,6.000000,1.000000,16.000000,50.067754,299.074885,49.938897,60.046256,3.000000
2026-05-10T08:41:26.62606537Z,0,per_hit,raw_percent_of_host,api-node1,api-node2,0,1,1,84.488514,49.968551,84.488514,49.968551,100.000000,100.000000,0.000000,16.000000,1.000000,6.000000,0.000000,16.000000,50.067754,299.074885,50.000000,60.046256,3.000000
2026-05-10T08:41:26.676219837Z,0,per_hit,raw_percent_of_host,api-node1,api-node2,0,1,1,84.488514,49.968551,84.488514,49.968551,100.000000,100.000000,0.000000,15.000000,1.000000,6.000000,0.000000,15.000000,50.067754,299.074885,50.000000,60.046256,3.000000
2026-05-10T08:41:26.725949656Z,0,per_hit,raw_percent_of_host,api-node1,api-node2,0,1,1,84.488514,49.968551,84.488514,49.968551,100.000000,100.000000,1.000000,15.000000,1.000000,6.000000,1.000000,15.000000,50.067754,299.074885,49.938897,60.046256,3.000000
2026-05-10T08:41:26.776092753Z,0,per_hit,raw_percent_of_host,api-node1,api-node2,0,1,1,84.488514,49.968551,84.488514,49.968551,100.000000,100.000000,1.000000,14.000000,1.000000,6.000000,1.000000,14.000000,50.067754,299.074885,49.938897,60.046256,3.000000
2026-05-10T08:41:26.825707517Z,0,per_hit,raw_percent_of_host,api-node1,api-node2,0,1,1,84.488514,49.968551,84.488514,49.968551,100.000000,100.000000,0.000000,14.000000,1.000000,6.000000,0.000000,14.000000,50.067754,299.074885,50.000000,60.046256,3.000000
2026-05-10T08:41:26.975229695Z,0,per_hit,raw_percent_of_host,api-node1,api-node2,1,0,1,0.000000,0.000000,0.000000,0.000000,100.000000,100.000000,1.000000,10.000000,1.000000,1.000000,1.000000,10.000000,50.064938,83.810879,74.944560,74.413406,3.000000
2026-05-10T08:41:27.02525223Z,0,per_hit,raw_percent_of_host,api-node1,api-node2,1,0,1,0.000000,0.000000,0.000000,0.000000,100.000000,100.000000,2.000000,12.000000,1.000000,1.000000,2.000000,12.000000,50.064938,83.810879,74.889365,74.299375,3.000000
2026-05-10T08:41:27.075862905Z,0,per_hit,raw_percent_of_host,api-node1,api-node2,1,0,1,0.000000,63.582379,0.000000,63.582379,100.000000,100.000000,5.000000,14.000000,1.000000,6.000000,5.000000,14.000000,50.064938,83.810879,74.725236,69.157019,3.000000
2026-05-10T08:41:27.125937644Z,0,per_hit,raw_percent_of_host,api-node1,api-node2,1,0,1,0.000000,63.582379,0.000000,63.582379,100.000000,100.000000,7.000000,17.000000,1.000000,6.000000,7.000000,17.000000,50.064938,83.810879,74.617013,68.881839,3.000000
2026-05-10T08:41:27.175675842Z,0,per_hit,raw_percent_of_host,api-node1,api-node2,0,1,1,84.630932,63.582379,84.630932,63.582379,100.000000,100.000000,6.000000,16.000000,4.000000,6.000000,6.000000,16.000000,50.530033,83.810879,49.639869,68.973184,3.000000
2026-05-10T08:41:27.225825904Z,0,per_hit,raw_percent_of_host,api-node1,api-node2,0,1,1,84.630932,63.582379,84.630932,63.582379,100.000000,100.000000,14.000000,23.000000,4.000000,6.000000,14.000000,23.000000,50.530033,83.810879,49.175531,68.341642,3.000000
2026-05-10T08:41:27.275932536Z,0,per_hit,raw_percent_of_host,api-node1,api-node2,0,1,1,84.630932,63.582379,84.630932,63.582379,100.000000,100.000000,13.000000,20.000000,4.000000,6.000000,13.000000,20.000000,50.530033,83.810879,49.232614,68.610068,3.000000
2026-05-10T08:41:27.326086296Z,0,per_hit,raw_percent_of_host,api-node1,api-node2,0,1,1,84.630932,63.582379,84.630932,63.582379,100.000000,100.000000,13.000000,20.000000,4.000000,6.000000,13.000000,20.000000,50.530033,83.810879,49.232614,68.610068,3.000000
2026-05-10T08:41:27.375689071Z,0,per_hit,raw_percent_of_host,api-node1,api-node2,0,1,1,84.630932,63.582379,84.630932,63.582379,100.000000,100.000000,12.000000,17.000000,4.000000,6.000000,12.000000,17.000000,50.530033,83.810879,49.289967,68.881839,3.000000
2026-05-10T08:41:27.425855868Z,0,per_hit,raw_percent_of_host,api-node1,api-node2,0,1,1,84.630932,63.582379,84.630932,63.582379,100.000000,100.000000,12.000000,17.000000,4.000000,6.000000,12.000000,17.000000,50.530033,83.810879,49.289967,68.881839,3.000000
2026-05-10T08:41:27.475849246Z,0,per_hit,raw_percent_of_host,api-node1,api-node2,0,1,1,84.630932,50.099464,84.630932,50.099464,100.000000,100.000000,2.000000,15.000000,4.000000,10.000000,2.000000,15.000000,50.530033,319.898376,49.878792,59.005081,3.000000
2026-05-10T08:41:27.52552597Z,0,per_hit,raw_percent_of_host,api-node1,api-node2,0,1,1,99.010775,50.099464,99.010775,50.099464,100.000000,100.000000,0.000000,16.000000,2.000000,10.000000,0.000000,16.000000,50.049485,319.898376,50.000000,59.005081,3.000000
2026-05-10T08:41:27.575411369Z,0,per_hit,raw_percent_of_host,api-node1,api-node2,0,1,1,99.010775,50.099464,99.010775,50.099464,100.000000,100.000000,0.000000,15.000000,2.000000,10.000000,0.000000,15.000000,50.049485,319.898376,50.000000,59.005081,3.000000
2026-05-10T08:41:27.625545494Z,0,per_hit,raw_percent_of_host,api-node1,api-node2,0,1,1,99.010775,50.099464,99.010775,50.099464,100.000000,100.000000,0.000000,15.000000,2.000000,10.000000,0.000000,15.000000,50.049485,319.898376,50.000000,59.005081,3.000000
2026-05-10T08:41:27.676228818Z,0,per_hit,raw_percent_of_host,api-node1,api-node2,0,1,1,99.010775,50.099464,99.010775,50.099464,100.000000,100.000000,0.000000,14.000000,2.000000,10.000000,0.000000,14.000000,50.049485,319.898376,50.000000,59.005081,3.000000
2026-05-10T08:41:27.725518422Z,0,per_hit,raw_percent_of_host,api-node1,api-node2,0,1,1,99.010775,50.099464,99.010775,50.099464,100.000000,100.000000,1.000000,14.000000,2.000000,10.000000,1.000000,14.000000,50.049485,319.898376,49.944562,59.005081,3.000000
2026-05-10T08:41:27.775785029Z,0,per_hit,raw_percent_of_host,api-node1,api-node2,0,1,1,99.010775,42.574846,99.010775,42.574846,100.000000,100.000000,1.000000,2.000000,2.000000,6.000000,1.000000,2.000000,50.049485,301.867389,49.944562,61.026926,3.000000
2026-05-10T08:41:27.826067824Z,0,per_hit,raw_percent_of_host,api-node1,api-node2,1,0,1,14.362502,42.574846,14.362502,42.574846,100.000000,100.000000,0.000000,1.000000,2.000000,6.000000,0.000000,1.000000,50.083134,301.867389,75.000000,61.026926,3.000000
2026-05-10T08:41:27.975856035Z,0,per_hit,raw_percent_of_host,api-node1,api-node2,1,0,1,0.000000,0.000000,0.000000,0.000000,100.000000,100.000000,4.000000,7.000000,1.000000,1.000000,4.000000,7.000000,50.057640,77.308734,74.779708,74.592731,3.000000
2026-05-10T08:41:28.025423063Z,0,per_hit,raw_percent_of_host,api-node1,api-node2,1,0,1,0.000000,0.000000,0.000000,0.000000,100.000000,100.000000,7.000000,8.000000,1.000000,1.000000,7.000000,8.000000,50.057640,77.308734,74.617020,74.535630,3.000000
2026-05-10T08:41:28.075374664Z,0,per_hit,raw_percent_of_host,api-node1,api-node2,1,0,1,0.000000,0.000000,0.000000,0.000000,100.000000,100.000000,7.000000,10.000000,1.000000,1.000000,7.000000,10.000000,50.057640,77.308734,74.617020,74.422221,3.000000
2026-05-10T08:41:28.125528856Z,0,per_hit,raw_percent_of_host,api-node1,api-node2,1,0,1,0.000000,0.000000,0.000000,0.000000,100.000000,100.000000,7.000000,16.000000,1.000000,1.000000,7.000000,16.000000,50.057640,77.308734,74.617020,74.088197,3.000000
2026-05-10T08:41:28.175607951Z,0,per_hit,raw_percent_of_host,api-node1,api-node2,1,0,1,0.000000,46.136075,0.000000,46.136075,100.000000,100.000000,5.000000,12.000000,1.000000,6.000000,5.000000,12.000000,50.057640,59.378766,74.725240,70.891570,3.000000
2026-05-10T08:41:28.225426295Z,0,per_hit,raw_percent_of_host,api-node1,api-node2,0,1,1,99.247522,46.136075,99.247522,46.136075,100.000000,100.000000,11.000000,22.000000,4.000000,6.000000,11.000000,22.000000,80.028688,59.378766,49.361906,70.891570,3.000000
2026-05-10T08:41:28.275610124Z,0,per_hit,raw_percent_of_host,api-node1,api-node2,0,1,1,99.247522,46.136075,99.247522,46.136075,100.000000,100.000000,11.000000,20.000000,4.000000,6.000000,11.000000,20.000000,80.028688,59.378766,49.361906,70.891570,3.000000
2026-05-10T08:41:28.325659202Z,0,per_hit,raw_percent_of_host,api-node1,api-node2,0,1,1,99.247522,46.136075,99.247522,46.136075,100.000000,100.000000,11.000000,20.000000,4.000000,6.000000,11.000000,20.000000,80.028688,59.378766,49.361906,70.891570,3.000000
2026-05-10T08:41:28.375801782Z,0,per_hit,raw_percent_of_host,api-node1,api-node2,0,1,1,99.247522,46.136075,99.247522,46.136075,100.000000,100.000000,11.000000,19.000000,4.000000,6.000000,11.000000,19.000000,80.028688,59.378766,49.361906,70.891570,3.000000
2026-05-10T08:41:28.425243761Z,0,per_hit,raw_percent_of_host,api-node1,api-node2,0,1,1,99.247522,46.136075,99.247522,46.136075,100.000000,100.000000,3.000000,19.000000,4.000000,6.000000,3.000000,19.000000,80.028688,59.378766,49.822683,70.891570,3.000000
2026-05-10T08:41:28.476146573Z,0,per_hit,raw_percent_of_host,api-node1,api-node2,0,1,1,90.168119,56.227003,90.168119,56.227003,100.000000,100.000000,0.000000,16.000000,1.000000,8.000000,0.000000,16.000000,50.041384,318.759055,50.000000,59.062047,3.000000
2026-05-10T08:41:28.525550331Z,0,per_hit,raw_percent_of_host,api-node1,api-node2,0,1,1,90.168119,56.227003,90.168119,56.227003,100.000000,100.000000,0.000000,17.000000,1.000000,8.000000,0.000000,17.000000,50.041384,318.759055,50.000000,59.062047,3.000000
2026-05-10T08:41:28.576257195Z,0,per_hit,raw_percent_of_host,api-node1,api-node2,0,1,1,90.168119,56.227003,90.168119,56.227003,100.000000,100.000000,0.000000,16.000000,1.000000,8.000000,0.000000,16.000000,50.041384,318.759055,50.000000,59.062047,3.000000
2026-05-10T08:41:28.625392033Z,0,per_hit,raw_percent_of_host,api-node1,api-node2,0,1,1,90.168119,56.227003,90.168119,56.227003,100.000000,100.000000,0.000000,16.000000,1.000000,8.000000,0.000000,16.000000,50.041384,318.759055,50.000000,59.062047,3.000000
2026-05-10T08:41:28.676205829Z,0,per_hit,raw_percent_of_host,api-node1,api-node2,0,1,1,90.168119,56.227003,90.168119,56.227003,100.000000,100.000000,0.000000,14.000000,1.000000,8.000000,0.000000,14.000000,50.041384,318.759055,50.000000,59.062047,3.000000
2026-05-10T08:41:28.725544133Z,0,per_hit,raw_percent_of_host,api-node1,api-node2,0,1,1,90.168119,56.227003,90.168119,56.227003,100.000000,100.000000,1.000000,14.000000,1.000000,8.000000,1.000000,14.000000,50.041384,318.759055,49.944563,59.062047,3.000000
2026-05-10T08:41:28.775676006Z,0,per_hit,raw_percent_of_host,api-node1,api-node2,0,1,1,90.168119,56.227003,90.168119,56.227003,100.000000,100.000000,1.000000,7.000000,1.000000,8.000000,1.000000,7.000000,50.041384,318.759055,49.944563,59.062047,3.000000
2026-05-10T08:41:28.825276092Z,0,per_hit,raw_percent_of_host,api-node1,api-node2,0,1,1,90.168119,56.227003,90.168119,56.227003,100.000000,100.000000,0.000000,7.000000,1.000000,8.000000,0.000000,7.000000,50.041384,318.759055,50.000000,59.062047,3.000000
2026-05-10T08:41:28.976115973Z,0,per_hit,raw_percent_of_host,api-node1,api-node2,0,1,1,0.000000,0.000000,0.000000,0.000000,100.000000,100.000000,6.000000,5.000000,1.000000,1.000000,6.000000,5.000000,50.167256,62.890103,74.670932,74.717265,3.000000
2026-05-10T08:41:29.025677255Z,0,per_hit,raw_percent_of_host,api-node1,api-node2,0,1,1,0.000000,0.000000,0.000000,0.000000,100.000000,100.000000,8.000000,7.000000,1.000000,1.000000,8.000000,7.000000,50.167256,62.890103,74.563159,74.605953,3.000000
2026-05-10T08:41:29.075758637Z,0,per_hit,raw_percent_of_host,api-node1,api-node2,1,0,1,0.000000,84.964633,0.000000,84.964633,100.000000,100.000000,12.000000,5.000000,1.000000,4.000000,12.000000,5.000000,50.167256,87.695659,74.350414,49.700458,3.000000
2026-05-10T08:41:29.126140421Z,0,per_hit,raw_percent_of_host,api-node1,api-node2,0,1,1,92.808423,84.964633,92.808423,84.964633,100.000000,100.000000,12.000000,8.000000,5.000000,4.000000,12.000000,8.000000,101.424848,87.695659,49.269318,49.524154,3.000000
2026-05-10T08:41:29.175364297Z,0,per_hit,raw_percent_of_host,api-node1,api-node2,0,1,1,92.808423,84.964633,92.808423,84.964633,100.000000,100.000000,11.000000,7.000000,5.000000,4.000000,11.000000,7.000000,101.424848,87.695659,49.328573,49.582642,3.000000
2026-05-10T08:41:29.225859099Z,0,per_hit,raw_percent_of_host,api-node1,api-node2,0,1,1,100.000000,84.964633,100.000000,84.964633,100.000000,100.000000,20.000000,16.000000,8.000000,4.000000,20.000000,16.000000,139.920576,87.695659,48.684485,49.066085,3.000000
2026-05-10T08:41:29.276007334Z,0,per_hit,raw_percent_of_host,api-node1,api-node2,0,1,1,100.000000,50.113948,100.000000,50.113948,100.000000,100.000000,19.000000,12.000000,8.000000,6.000000,19.000000,12.000000,139.920576,58.929716,48.746964,71.472967,3.000000
2026-05-10T08:41:29.325970508Z,0,per_hit,raw_percent_of_host,api-node1,api-node2,0,1,1,100.000000,50.113948,100.000000,50.113948,100.000000,100.000000,15.000000,12.000000,8.000000,6.000000,15.000000,12.000000,139.920576,58.929716,49.000212,71.472967,3.000000
2026-05-10T08:41:29.375475661Z,0,per_hit,raw_percent_of_host,api-node1,api-node2,0,1,1,100.000000,50.113948,100.000000,50.113948,100.000000,100.000000,15.000000,11.000000,8.000000,6.000000,15.000000,11.000000,139.920576,58.929716,49.000212,71.472967,3.000000
2026-05-10T08:41:29.425549607Z,0,per_hit,raw_percent_of_host,api-node1,api-node2,0,1,1,100.000000,50.113948,100.000000,50.113948,100.000000,100.000000,14.000000,11.000000,8.000000,6.000000,14.000000,11.000000,139.920576,58.929716,49.064370,71.472967,3.000000
2026-05-10T08:41:29.475864365Z,0,per_hit,raw_percent_of_host,api-node1,api-node2,0,1,1,94.924125,50.113948,94.924125,50.113948,100.000000,100.000000,11.000000,10.000000,10.000000,6.000000,11.000000,10.000000,200.619322,58.929716,49.113991,71.472967,3.000000
2026-05-10T08:41:29.52601527Z,0,per_hit,raw_percent_of_host,api-node1,api-node2,0,1,1,94.924125,50.113948,94.924125,50.113948,100.000000,100.000000,1.000000,11.000000,10.000000,6.000000,1.000000,11.000000,200.619322,58.929716,49.916772,71.472967,3.000000
2026-05-10T08:41:29.575275113Z,0,per_hit,raw_percent_of_host,api-node1,api-node2,0,1,1,94.924125,50.113948,94.924125,50.113948,100.000000,100.000000,0.000000,11.000000,10.000000,6.000000,0.000000,11.000000,200.619322,58.929716,50.000000,71.472967,3.000000
2026-05-10T08:41:29.625503182Z,0,per_hit,raw_percent_of_host,api-node1,api-node2,0,1,1,94.924125,50.113948,94.924125,50.113948,100.000000,100.000000,0.000000,11.000000,10.000000,6.000000,0.000000,11.000000,200.619322,58.929716,50.000000,71.472967,3.000000
2026-05-10T08:41:29.675774914Z,0,per_hit,raw_percent_of_host,api-node1,api-node2,1,0,1,37.412262,100.000000,37.412262,100.000000,100.000000,100.000000,0.000000,1.000000,1.000000,2.000000,0.000000,1.000000,50.094830,99.326324,70.851011,49.937760,3.000000
2026-05-10T08:41:29.725354623Z,0,per_hit,raw_percent_of_host,api-node1,api-node2,1,0,1,0.000000,100.000000,0.000000,100.000000,100.000000,100.000000,1.000000,1.000000,1.000000,2.000000,1.000000,1.000000,50.094830,99.326324,74.944556,49.937760,3.000000
2026-05-10T08:41:29.775677772Z,0,per_hit,raw_percent_of_host,api-node1,api-node2,0,1,1,16.128591,0.000000,16.128591,0.000000,100.000000,100.000000,1.000000,0.000000,2.000000,1.000000,1.000000,0.000000,50.094830,97.038178,74.944556,75.000000,3.000000
2026-05-10T08:41:29.975243916Z,0,per_hit,raw_percent_of_host,api-node1,api-node2,1,0,1,20.031547,20.015799,20.031547,20.015799,100.000000,100.000000,5.000000,6.000000,1.000000,1.000000,5.000000,6.000000,50.084618,97.038178,74.725224,74.633218,3.000000
2026-05-10T08:41:30.025666052Z,0,per_hit,raw_percent_of_host,api-node1,api-node2,0,1,1,14.841299,20.015799,14.841299,20.015799,100.000000,100.000000,9.000000,7.000000,2.000000,1.000000,9.000000,7.000000,50.084618,97.038178,74.509714,74.573131,3.000000
2026-05-10T08:41:30.075851726Z,0,per_hit,raw_percent_of_host,api-node1,api-node2,0,1,1,98.338420,20.015799,98.338420,20.015799,100.000000,100.000000,9.000000,8.000000,4.000000,1.000000,9.000000,8.000000,80.146241,97.038178,49.475346,74.513337,3.000000
2026-05-10T08:41:30.125472286Z,0,per_hit,raw_percent_of_host,api-node1,api-node2,0,1,1,98.338420,20.015799,98.338420,20.015799,100.000000,100.000000,13.000000,10.000000,4.000000,1.000000,13.000000,10.000000,80.146241,97.038178,49.249169,74.394617,3.000000
2026-05-10T08:41:30.175476627Z,0,per_hit,raw_percent_of_host,api-node1,api-node2,0,1,1,98.338420,59.751521,98.338420,59.751521,100.000000,100.000000,14.000000,4.000000,4.000000,4.000000,14.000000,4.000000,80.146241,148.489088,49.193277,67.575546,3.000000
2026-05-10T08:41:30.225777716Z,0,per_hit,raw_percent_of_host,api-node1,api-node2,0,1,1,98.338420,59.751521,98.338420,59.751521,100.000000,100.000000,21.000000,12.000000,4.000000,4.000000,21.000000,12.000000,80.146241,148.489088,48.809129,67.575546,3.000000
2026-05-10T08:41:30.27601951Z,0,per_hit,raw_percent_of_host,api-node1,api-node2,0,1,1,98.338420,58.510065,98.338420,58.510065,100.000000,100.000000,23.000000,10.000000,4.000000,4.000000,23.000000,10.000000,80.146241,118.117469,48.701603,69.094127,3.000000
2026-05-10T08:41:30.326172128Z,0,per_hit,raw_percent_of_host,api-node1,api-node2,0,1,1,98.338420,58.510065,98.338420,58.510065,100.000000,100.000000,23.000000,10.000000,4.000000,4.000000,23.000000,10.000000,80.146241,118.117469,48.701603,69.094127,3.000000
2026-05-10T08:41:30.375268383Z,0,per_hit,raw_percent_of_host,api-node1,api-node2,0,1,1,98.338420,58.510065,98.338420,58.510065,100.000000,100.000000,23.000000,10.000000,4.000000,4.000000,23.000000,10.000000,80.146241,118.117469,48.701603,69.094127,3.000000
2026-05-10T08:41:30.426078055Z,0,per_hit,raw_percent_of_host,api-node1,api-node2,0,1,1,99.140693,58.510065,99.140693,58.510065,100.000000,100.000000,17.000000,9.000000,9.000000,4.000000,17.000000,9.000000,181.602726,118.117469,48.732846,69.094127,3.000000
2026-05-10T08:41:30.47528721Z,0,per_hit,raw_percent_of_host,api-node1,api-node2,0,1,1,99.140693,58.510065,99.140693,58.510065,100.000000,100.000000,16.000000,7.000000,9.000000,4.000000,16.000000,7.000000,181.602726,118.117469,48.803818,69.094127,3.000000
2026-05-10T08:41:30.525476219Z,0,per_hit,raw_percent_of_host,api-node1,api-node2,0,1,1,99.140693,58.510065,99.140693,58.510065,100.000000,100.000000,12.000000,7.000000,9.000000,4.000000,12.000000,7.000000,181.602726,118.117469,49.092002,69.094127,3.000000
2026-05-10T08:41:30.576218274Z,0,per_hit,raw_percent_of_host,api-node1,api-node2,0,1,1,98.178694,0.000000,98.178694,0.000000,100.000000,100.000000,3.000000,0.000000,8.000000,1.000000,3.000000,0.000000,163.246501,82.394761,49.779252,75.000000,3.000000
2026-05-10T08:41:30.725677257Z,0,per_hit,raw_percent_of_host,api-node1,api-node2,0,1,1,0.000000,0.000000,0.000000,0.000000,100.000000,100.000000,1.000000,0.000000,1.000000,1.000000,1.000000,0.000000,50.076397,82.394761,74.944558,75.000000,3.000000
2026-05-10T08:41:30.775456579Z,0,per_hit,raw_percent_of_host,api-node1,api-node2,0,1,1,48.954519,0.000000,48.954519,0.000000,100.000000,100.000000,1.000000,0.000000,2.000000,1.000000,1.000000,0.000000,50.076397,82.394761,71.808663,75.000000,3.000000
2026-05-10T08:41:30.975511267Z,0,per_hit,raw_percent_of_host,api-node1,api-node2,1,0,1,0.000000,0.000000,0.000000,0.000000,100.000000,100.000000,5.000000,6.000000,1.000000,1.000000,5.000000,6.000000,50.438060,82.394761,74.725010,74.645897,3.000000
2026-05-10T08:41:31.025494264Z,0,per_hit,raw_percent_of_host,api-node1,api-node2,0,1,1,0.000000,0.000000,0.000000,0.000000,100.000000,100.000000,10.000000,6.000000,1.000000,1.000000,10.000000,6.000000,50.438060,82.394761,74.456004,74.645897,3.000000
2026-05-10T08:41:31.075911372Z,0,per_hit,raw_percent_of_host,api-node1,api-node2,0,1,1,56.074600,0.000000,56.074600,0.000000,100.000000,100.000000,9.000000,7.000000,5.000000,1.000000,9.000000,7.000000,50.438060,82.394761,72.449330,74.587852,3.000000
2026-05-10T08:41:31.125751Z,0,per_hit,raw_percent_of_host,api-node1,api-node2,0,1,1,56.074600,0.000000,56.074600,0.000000,100.000000,100.000000,12.000000,10.000000,5.000000,1.000000,12.000000,10.000000,50.438060,82.394761,72.449330,74.415349,3.000000
2026-05-10T08:41:31.175282533Z,0,per_hit,raw_percent_of_host,api-node1,api-node2,1,0,1,56.074600,64.450089,56.074600,64.450089,100.000000,100.000000,13.000000,6.000000,5.000000,4.000000,13.000000,6.000000,50.438060,100.681490,72.449330,68.853896,3.000000
2026-05-10T08:41:31.225211964Z,0,per_hit,raw_percent_of_host,api-node1,api-node2,0,1,1,98.629401,64.450089,98.629401,64.450089,100.000000,100.000000,17.000000,15.000000,7.000000,4.000000,17.000000,15.000000,140.665160,100.681490,48.870687,68.009370,3.000000
2026-05-10T08:41:31.27607463Z,0,per_hit,raw_percent_of_host,api-node1,api-node2,0,1,1,98.629401,64.450089,98.629401,64.450089,100.000000,100.000000,20.000000,12.000000,7.000000,4.000000,20.000000,12.000000,140.665160,100.681490,48.681903,68.287241,3.000000
2026-05-10T08:41:31.32585923Z,0,per_hit,raw_percent_of_host,api-node1,api-node2,0,1,1,98.438180,64.450089,98.438180,64.450089,100.000000,100.000000,15.000000,12.000000,9.000000,4.000000,15.000000,12.000000,181.948770,100.681490,48.874047,68.287241,3.000000
2026-05-10T08:41:31.376169874Z,0,per_hit,raw_percent_of_host,api-node1,api-node2,0,1,1,98.438180,64.450089,98.438180,64.450089,100.000000,100.000000,15.000000,11.000000,9.000000,4.000000,15.000000,11.000000,181.948770,100.681490,48.874047,68.380664,3.000000
2026-05-10T08:41:31.425378456Z,0,per_hit,raw_percent_of_host,api-node1,api-node2,0,1,1,98.438180,64.450089,98.438180,64.450089,100.000000,100.000000,14.000000,11.000000,9.000000,4.000000,14.000000,11.000000,181.948770,100.681490,48.945946,68.380664,3.000000
2026-05-10T08:41:31.476163748Z,0,per_hit,raw_percent_of_host,api-node1,api-node2,0,1,1,98.438180,64.450089,98.438180,64.450089,100.000000,100.000000,13.000000,10.000000,9.000000,4.000000,13.000000,10.000000,181.948770,100.681490,49.018279,68.474492,3.000000
2026-05-10T08:41:31.526258306Z,0,per_hit,raw_percent_of_host,api-node1,api-node2,0,1,1,98.438180,64.450089,98.438180,64.450089,100.000000,100.000000,2.000000,10.000000,9.000000,4.000000,2.000000,10.000000,181.948770,100.681490,49.843775,68.474492,3.000000
2026-05-10T08:41:31.576223925Z,0,per_hit,raw_percent_of_host,api-node1,api-node2,0,1,1,98.438180,50.019637,98.438180,50.019637,100.000000,100.000000,1.000000,9.000000,9.000000,8.000000,1.000000,9.000000,181.948770,59.462684,49.921643,71.434117,3.000000
2026-05-10T08:41:31.625937288Z,0,per_hit,raw_percent_of_host,api-node1,api-node2,0,1,1,99.194288,50.019637,99.194288,50.019637,100.000000,100.000000,0.000000,9.000000,1.000000,8.000000,0.000000,9.000000,50.043659,59.462684,50.000000,71.434117,3.000000
2026-05-10T08:41:31.725453631Z,0,per_hit,raw_percent_of_host,api-node1,api-node2,0,1,1,0.000000,0.000000,0.000000,0.000000,100.000000,100.000000,1.000000,0.000000,1.000000,1.000000,1.000000,0.000000,50.043659,62.403439,74.944562,75.000000,3.000000
2026-05-10T08:41:31.775765733Z,0,per_hit,raw_percent_of_host,api-node1,api-node2,0,1,1,49.897448,0.000000,49.897448,0.000000,100.000000,100.000000,1.000000,0.000000,2.000000,1.000000,1.000000,0.000000,50.043659,62.403439,71.916379,75.000000,3.000000
2026-05-10T08:41:31.975857036Z,0,per_hit,raw_percent_of_host,api-node1,api-node2,0,1,1,0.000000,0.000000,0.000000,0.000000,100.000000,100.000000,7.000000,4.000000,1.000000,1.000000,7.000000,4.000000,50.043089,62.403439,74.617032,74.773549,3.000000
2026-05-10T08:41:32.025236309Z,0,per_hit,raw_percent_of_host,api-node1,api-node2,0,1,1,0.000000,0.000000,0.000000,0.000000,100.000000,100.000000,10.000000,6.000000,1.000000,1.000000,10.000000,6.000000,50.043089,62.403439,74.456471,74.661855,3.000000
2026-05-10T08:41:32.075675811Z,0,per_hit,raw_percent_of_host,api-node1,api-node2,0,1,1,0.000000,0.000000,0.000000,0.000000,100.000000,100.000000,10.000000,8.000000,1.000000,1.000000,10.000000,8.000000,50.043089,62.403439,74.456471,74.551164,3.000000
2026-05-10T08:41:32.126118291Z,0,per_hit,raw_percent_of_host,api-node1,api-node2,0,1,1,93.625255,0.000000,93.625255,0.000000,100.000000,100.000000,10.000000,12.000000,6.000000,1.000000,10.000000,12.000000,121.300411,62.403439,49.356830,74.332735,3.000000
2026-05-10T08:41:32.175688508Z,0,per_hit,raw_percent_of_host,api-node1,api-node2,0,1,1,93.625255,81.880752,93.625255,81.880752,100.000000,100.000000,10.000000,8.000000,6.000000,5.000000,10.000000,8.000000,121.300411,62.403439,49.356830,49.463345,3.000000
2026-05-10T08:41:32.225289987Z,0,per_hit,raw_percent_of_host,api-node1,api-node2,1,0,1,99.033371,81.880752,99.033371,81.880752,100.000000,100.000000,15.000000,16.000000,4.000000,5.000000,15.000000,16.000000,81.082602,62.403439,49.135780,48.949246,3.000000
2026-05-10T08:41:32.275278347Z,0,per_hit,raw_percent_of_host,api-node1,api-node2,1,0,1,99.033371,81.880752,99.033371,81.880752,100.000000,100.000000,14.000000,16.000000,4.000000,5.000000,14.000000,16.000000,81.082602,62.403439,49.191532,48.949246,3.000000
2026-05-10T08:41:32.32623205Z,0,per_hit,raw_percent_of_host,api-node1,api-node2,1,0,1,99.033371,81.880752,99.033371,81.880752,100.000000,100.000000,13.000000,16.000000,4.000000,5.000000,13.000000,16.000000,81.082602,62.403439,49.247541,48.949246,3.000000
2026-05-10T08:41:32.37615853Z,0,per_hit,raw_percent_of_host,api-node1,api-node2,0,1,1,99.033371,51.728563,99.033371,51.728563,100.000000,100.000000,13.000000,13.000000,4.000000,6.000000,13.000000,13.000000,81.082602,219.680005,49.247541,64.016000,3.000000
2026-05-10T08:41:32.426132689Z,0,per_hit,raw_percent_of_host,api-node1,api-node2,0,1,1,99.033371,51.728563,99.033371,51.728563,100.000000,100.000000,12.000000,13.000000,4.000000,6.000000,12.000000,13.000000,81.082602,219.680005,49.303811,64.016000,3.000000
2026-05-10T08:41:32.475436809Z,0,per_hit,raw_percent_of_host,api-node1,api-node2,0,1,1,99.033371,51.728563,99.033371,51.728563,100.000000,100.000000,12.000000,12.000000,4.000000,6.000000,12.000000,12.000000,81.082602,219.680005,49.303811,64.016000,3.000000
2026-05-10T08:41:32.525574998Z,0,per_hit,raw_percent_of_host,api-node1,api-node2,0,1,1,98.662378,51.728563,98.662378,51.728563,100.000000,100.000000,1.000000,12.000000,6.000000,6.000000,1.000000,12.000000,122.740555,219.680005,49.933908,64.016000,3.000000
2026-05-10T08:41:32.575802133Z,0,per_hit,raw_percent_of_host,api-node1,api-node2,0,1,1,76.535685,37.499031,76.535685,37.499031,100.000000,100.000000,0.000000,11.000000,2.000000,8.000000,0.000000,11.000000,50.046737,58.845086,50.000000,70.236982,3.000000
2026-05-10T08:41:32.626018901Z,0,per_hit,raw_percent_of_host,api-node1,api-node2,0,1,1,76.535685,37.499031,76.535685,37.499031,100.000000,100.000000,0.000000,11.000000,2.000000,8.000000,0.000000,11.000000,50.046737,58.845086,50.000000,70.236982,3.000000
2026-05-10T08:41:32.675637733Z,0,per_hit,raw_percent_of_host,api-node1,api-node2,1,0,1,8.945393,56.541132,8.945393,56.541132,100.000000,100.000000,0.000000,1.000000,1.000000,3.000000,0.000000,1.000000,50.041979,123.083984,75.000000,68.845801,3.000000
2026-05-10T08:41:32.725271617Z,0,per_hit,raw_percent_of_host,api-node1,api-node2,1,0,1,27.855938,100.000000,27.855938,100.000000,100.000000,100.000000,0.000000,1.000000,1.000000,1.000000,0.000000,1.000000,50.041979,50.063770,72.891215,49.944560,3.000000
2026-05-10T08:41:32.775364992Z,0,per_hit,raw_percent_of_host,api-node1,api-node2,1,0,1,0.000000,84.686794,0.000000,84.686794,100.000000,100.000000,0.000000,1.000000,1.000000,2.000000,0.000000,1.000000,50.041979,50.063770,75.000000,49.939386,3.000000
2026-05-10T08:41:32.826148132Z,0,per_hit,raw_percent_of_host,api-node1,api-node2,1,0,1,0.000000,84.686794,0.000000,84.686794,100.000000,100.000000,0.000000,1.000000,1.000000,2.000000,0.000000,1.000000,50.041979,50.063770,75.000000,49.939386,3.000000
2026-05-10T08:41:32.975525536Z,0,per_hit,raw_percent_of_host,api-node1,api-node2,1,0,1,15.728839,0.000000,15.728839,0.000000,100.000000,100.000000,2.000000,9.000000,2.000000,1.000000,2.000000,9.000000,50.041979,50.049332,74.889370,74.509751,3.000000
2026-05-10T08:41:33.025719841Z,0,per_hit,raw_percent_of_host,api-node1,api-node2,1,0,1,15.728839,0.000000,15.728839,0.000000,100.000000,100.000000,3.000000,12.000000,2.000000,1.000000,3.000000,12.000000,50.041979,50.049332,74.834422,74.350580,3.000000
2026-05-10T08:41:33.076070659Z,0,per_hit,raw_percent_of_host,api-node1,api-node2,1,0,1,15.728839,0.000000,15.728839,0.000000,100.000000,100.000000,4.000000,14.000000,2.000000,1.000000,4.000000,14.000000,50.041979,50.049332,74.779715,74.245609,3.000000
2026-05-10T08:41:33.125765207Z,0,per_hit,raw_percent_of_host,api-node1,api-node2,1,0,1,15.728839,0.000000,15.728839,0.000000,100.000000,100.000000,4.000000,18.000000,2.000000,1.000000,4.000000,18.000000,50.041979,50.049332,74.779715,74.038360,3.000000
2026-05-10T08:41:33.175923208Z,0,per_hit,raw_percent_of_host,api-node1,api-node2,1,0,1,15.728839,50.880463,15.728839,50.880463,100.000000,100.000000,3.000000,17.000000,2.000000,6.000000,3.000000,17.000000,50.041979,59.374612,74.834422,71.540711,3.000000
2026-05-10T08:41:33.225915529Z,0,per_hit,raw_percent_of_host,api-node1,api-node2,0,1,1,98.697282,50.880463,98.697282,50.880463,100.000000,100.000000,10.000000,27.000000,3.000000,6.000000,10.000000,27.000000,60.396552,59.374612,49.443954,71.540711,3.000000
2026-05-10T08:41:33.275560134Z,0,per_hit,raw_percent_of_host,api-node1,api-node2,0,1,1,98.697282,50.880463,98.697282,50.880463,100.000000,100.000000,10.000000,24.000000,3.000000,6.000000,10.000000,24.000000,60.396552,59.374612,49.443954,71.540711,3.000000
2026-05-10T08:41:33.325717415Z,0,per_hit,raw_percent_of_host,api-node1,api-node2,0,1,1,98.697282,50.880463,98.697282,50.880463,100.000000,100.000000,10.000000,24.000000,3.000000,6.000000,10.000000,24.000000,60.396552,59.374612,49.443954,71.540711,3.000000
2026-05-10T08:41:33.375729911Z,0,per_hit,raw_percent_of_host,api-node1,api-node2,0,1,1,98.697282,50.880463,98.697282,50.880463,100.000000,100.000000,9.000000,21.000000,3.000000,6.000000,9.000000,21.000000,60.396552,59.374612,49.498443,71.540711,3.000000
2026-05-10T08:41:33.425378416Z,0,per_hit,raw_percent_of_host,api-node1,api-node2,0,1,1,98.697282,50.880463,98.697282,50.880463,100.000000,100.000000,1.000000,21.000000,3.000000,6.000000,1.000000,21.000000,60.396552,59.374612,49.943260,71.540711,3.000000
2026-05-10T08:41:33.475864979Z,0,per_hit,raw_percent_of_host,api-node1,api-node2,0,1,1,98.697282,50.880463,98.697282,50.880463,100.000000,100.000000,0.000000,21.000000,3.000000,6.000000,0.000000,21.000000,60.396552,59.374612,50.000000,71.540711,3.000000
2026-05-10T08:41:33.525914891Z,0,per_hit,raw_percent_of_host,api-node1,api-node2,0,1,1,98.697282,50.880463,98.697282,50.880463,100.000000,100.000000,1.000000,21.000000,3.000000,6.000000,1.000000,21.000000,60.396552,59.374612,49.943260,71.540711,3.000000
2026-05-10T08:41:33.57602939Z,0,per_hit,raw_percent_of_host,api-node1,api-node2,0,1,1,77.449131,47.448737,77.449131,47.448737,100.000000,100.000000,0.000000,18.000000,2.000000,9.000000,0.000000,18.000000,50.187236,399.510283,50.000000,55.964688,3.000000
2026-05-10T08:41:33.625493291Z,0,per_hit,raw_percent_of_host,api-node1,api-node2,0,1,1,77.449131,47.448737,77.449131,47.448737,100.000000,100.000000,0.000000,18.000000,2.000000,9.000000,0.000000,18.000000,50.187236,399.510283,50.000000,55.964688,3.000000
2026-05-10T08:41:33.675452924Z,0,per_hit,raw_percent_of_host,api-node1,api-node2,0,1,1,77.449131,47.448737,77.449131,47.448737,100.000000,100.000000,0.000000,17.000000,2.000000,9.000000,0.000000,17.000000,50.187236,399.510283,50.000000,55.964688,3.000000
2026-05-10T08:41:33.725656438Z,0,per_hit,raw_percent_of_host,api-node1,api-node2,0,1,1,77.449131,47.448737,77.449131,47.448737,100.000000,100.000000,0.000000,18.000000,2.000000,9.000000,0.000000,18.000000,50.187236,399.510283,50.000000,55.964688,3.000000
2026-05-10T08:41:33.775853263Z,0,per_hit,raw_percent_of_host,api-node1,api-node2,0,1,1,77.449131,47.448737,77.449131,47.448737,100.000000,100.000000,0.000000,16.000000,2.000000,9.000000,0.000000,16.000000,50.187236,399.510283,50.000000,55.964688,3.000000
2026-05-10T08:41:33.825987552Z,0,per_hit,raw_percent_of_host,api-node1,api-node2,0,1,1,77.449131,47.448737,77.449131,47.448737,100.000000,100.000000,0.000000,16.000000,2.000000,9.000000,0.000000,16.000000,50.187236,399.510283,50.000000,55.964688,3.000000
2026-05-10T08:41:33.875918506Z,0,per_hit,raw_percent_of_host,api-node1,api-node2,0,1,1,77.449131,55.296445,77.449131,55.296445,100.000000,100.000000,0.000000,5.000000,2.000000,9.000000,0.000000,5.000000,50.187236,342.677719,50.000000,57.866114,3.000000
2026-05-10T08:41:33.925941893Z,0,per_hit,raw_percent_of_host,api-node1,api-node2,1,0,1,3.012866,55.296445,3.012866,55.296445,100.000000,100.000000,0.000000,5.000000,1.000000,9.000000,0.000000,5.000000,50.080647,342.677719,75.000000,57.866114,3.000000
2026-05-10T08:41:33.975898695Z,0,per_hit,raw_percent_of_host,api-node1,api-node2,1,0,1,0.000000,0.000000,0.000000,0.000000,100.000000,100.000000,5.000000,6.000000,1.000000,1.000000,5.000000,6.000000,50.080647,58.510983,74.725226,74.664796,3.000000
2026-05-10T08:41:34.025283707Z,0,per_hit,raw_percent_of_host,api-node1,api-node2,1,0,1,0.000000,93.525446,0.000000,93.525446,100.000000,100.000000,7.000000,8.000000,1.000000,3.000000,7.000000,8.000000,50.080647,58.510983,74.617000,49.555050,3.000000
2026-05-10T08:41:34.075475362Z,0,per_hit,raw_percent_of_host,api-node1,api-node2,1,0,1,98.333327,93.525446,98.333327,93.525446,100.000000,100.000000,6.000000,10.000000,5.000000,3.000000,6.000000,10.000000,75.053123,58.510983,49.651929,49.446277,3.000000
2026-05-10T08:41:34.125662039Z,0,per_hit,raw_percent_of_host,api-node1,api-node2,1,0,1,98.333327,93.525446,98.333327,93.525446,100.000000,100.000000,9.000000,13.000000,5.000000,3.000000,9.000000,13.000000,75.053123,58.510983,49.481503,49.284911,3.000000
2026-05-10T08:41:34.175578692Z,0,per_hit,raw_percent_of_host,api-node1,api-node2,1,0,1,98.078434,93.525446,98.078434,93.525446,100.000000,100.000000,7.000000,11.000000,5.000000,3.000000,7.000000,11.000000,79.707700,58.510983,49.590444,49.392250,3.000000
2026-05-10T08:41:34.225280554Z,0,per_hit,raw_percent_of_host,api-node1,api-node2,1,0,1,98.078434,93.525446,98.078434,93.525446,100.000000,100.000000,13.000000,21.000000,5.000000,3.000000,13.000000,21.000000,79.707700,58.510983,49.249929,48.864838,3.000000
2026-05-10T08:41:34.275392353Z,0,per_hit,raw_percent_of_host,api-node1,api-node2,1,0,1,98.078434,93.525446,98.078434,93.525446,100.000000,100.000000,12.000000,19.000000,5.000000,3.000000,12.000000,19.000000,79.707700,58.510983,49.306025,48.968488,3.000000
2026-05-10T08:41:34.325949355Z,0,per_hit,raw_percent_of_host,api-node1,api-node2,1,0,1,98.078434,93.525446,98.078434,93.525446,100.000000,100.000000,11.000000,19.000000,5.000000,3.000000,11.000000,19.000000,79.707700,58.510983,49.362381,48.968488,3.000000
2026-05-10T08:41:34.375529003Z,0,per_hit,raw_percent_of_host,api-node1,api-node2,0,1,1,98.078434,51.250325,98.078434,51.250325,100.000000,100.000000,11.000000,17.000000,5.000000,7.000000,11.000000,17.000000,79.707700,54.753313,49.362381,71.814875,3.000000
2026-05-10T08:41:34.425545157Z,0,per_hit,raw_percent_of_host,api-node1,api-node2,0,1,1,98.078434,51.250325,98.078434,51.250325,100.000000,100.000000,10.000000,17.000000,5.000000,7.000000,10.000000,17.000000,79.707700,54.753313,49.419000,71.814875,3.000000
2026-05-10T08:41:34.475607864Z,0,per_hit,raw_percent_of_host,api-node1,api-node2,0,1,1,95.264454,51.250325,95.264454,51.250325,100.000000,100.000000,0.000000,14.000000,5.000000,7.000000,0.000000,14.000000,102.637413,54.753313,50.000000,71.814875,3.000000
2026-05-10T08:41:34.526239247Z,0,per_hit,raw_percent_of_host,api-node1,api-node2,0,1,1,95.264454,51.250325,95.264454,51.250325,100.000000,100.000000,0.000000,15.000000,5.000000,7.000000,0.000000,15.000000,102.637413,54.753313,50.000000,71.814875,3.000000
2026-05-10T08:41:34.575396922Z,0,per_hit,raw_percent_of_host,api-node1,api-node2,0,1,1,95.264454,51.250325,95.264454,51.250325,100.000000,100.000000,0.000000,13.000000,5.000000,7.000000,0.000000,13.000000,102.637413,54.753313,50.000000,71.814875,3.000000
2026-05-10T08:41:34.625570271Z,0,per_hit,raw_percent_of_host,api-node1,api-node2,0,1,1,95.264454,51.250325,95.264454,51.250325,100.000000,100.000000,0.000000,13.000000,5.000000,7.000000,0.000000,13.000000,102.637413,54.753313,50.000000,71.814875,3.000000
2026-05-10T08:41:34.676277918Z,0,per_hit,raw_percent_of_host,api-node1,api-node2,0,1,1,95.264454,51.250325,95.264454,51.250325,100.000000,100.000000,0.000000,12.000000,5.000000,7.000000,0.000000,12.000000,102.637413,54.753313,50.000000,71.814875,3.000000
2026-05-10T08:41:34.725777768Z,0,per_hit,raw_percent_of_host,api-node1,api-node2,0,1,1,95.264454,51.250325,95.264454,51.250325,100.000000,100.000000,1.000000,12.000000,5.000000,7.000000,1.000000,12.000000,102.637413,54.753313,49.937243,71.814875,3.000000
2026-05-10T08:41:34.775236098Z,0,per_hit,raw_percent_of_host,api-node1,api-node2,0,1,1,95.264454,49.806922,95.264454,49.806922,100.000000,100.000000,1.000000,2.000000,5.000000,7.000000,1.000000,2.000000,102.637413,400.412360,49.937243,55.484236,3.000000
2026-05-10T08:41:34.826016173Z,0,per_hit,raw_percent_of_host,api-node1,api-node2,1,0,1,20.661244,49.806922,20.661244,49.806922,100.000000,100.000000,0.000000,1.000000,2.000000,7.000000,0.000000,1.000000,50.063648,400.412360,75.000000,55.484236,3.000000
2026-05-10T08:41:34.975345732Z,0,per_hit,raw_percent_of_host,api-node1,api-node2,1,0,1,20.013372,0.000000,20.013372,0.000000,100.000000,100.000000,2.000000,9.000000,1.000000,1.000000,2.000000,9.000000,50.058884,77.410018,74.889366,74.478672,3.000000
2026-05-10T08:41:35.025774149Z,0,per_hit,raw_percent_of_host,api-node1,api-node2,1,0,1,20.013372,15.433988,20.013372,15.433988,100.000000,100.000000,3.000000,12.000000,1.000000,2.000000,3.000000,12.000000,50.058884,77.410018,74.834416,74.309694,3.000000
2026-05-10T08:41:35.075774017Z,0,per_hit,raw_percent_of_host,api-node1,api-node2,0,1,1,74.044033,15.433988,74.044033,15.433988,100.000000,100.000000,4.000000,14.000000,1.000000,2.000000,4.000000,14.000000,51.660722,77.410018,52.580787,74.198333,3.000000
2026-05-10T08:41:35.126080841Z,0,per_hit,raw_percent_of_host,api-node1,api-node2,0,1,1,74.044033,15.433988,74.044033,15.433988,100.000000,100.000000,2.000000,21.000000,1.000000,2.000000,2.000000,21.000000,51.660722,77.410018,52.786666,73.816475,3.000000
2026-05-10T08:41:35.176057837Z,0,per_hit,raw_percent_of_host,api-node1,api-node2,0,1,1,74.044033,15.433988,74.044033,15.433988,100.000000,100.000000,0.000000,20.000000,1.000000,2.000000,0.000000,20.000000,51.660722,77.410018,52.995641,73.870286,3.000000
2026-05-10T08:41:35.225295496Z,0,per_hit,raw_percent_of_host,api-node1,api-node2,0,1,1,74.044033,15.433988,74.044033,15.433988,100.000000,100.000000,4.000000,32.000000,1.000000,2.000000,4.000000,32.000000,51.660722,77.410018,52.580787,73.240172,3.000000
2026-05-10T08:41:35.276248704Z,0,per_hit,raw_percent_of_host,api-node1,api-node2,0,1,1,74.044033,51.543621,74.044033,51.543621,100.000000,100.000000,5.000000,31.000000,1.000000,6.000000,5.000000,31.000000,51.660722,251.315661,52.478988,62.434217,3.000000
2026-05-10T08:41:35.325369895Z,0,per_hit,raw_percent_of_host,api-node1,api-node2,1,0,1,69.524393,51.543621,69.524393,51.543621,100.000000,100.000000,2.000000,31.000000,4.000000,6.000000,2.000000,31.000000,80.647198,251.315661,63.147482,62.434217,3.000000
2026-05-10T08:41:35.375790311Z,0,per_hit,raw_percent_of_host,api-node1,api-node2,1,0,1,69.524393,51.543621,69.524393,51.543621,100.000000,100.000000,0.000000,28.000000,4.000000,6.000000,0.000000,28.000000,80.647198,251.315661,63.371050,62.434217,3.000000
2026-05-10T08:41:35.426028127Z,0,per_hit,raw_percent_of_host,api-node1,api-node2,1,0,1,69.524393,51.543621,69.524393,51.543621,100.000000,100.000000,0.000000,28.000000,4.000000,6.000000,0.000000,28.000000,80.647198,251.315661,63.371050,62.434217,3.000000
2026-05-10T08:41:35.47617361Z,0,per_hit,raw_percent_of_host,api-node1,api-node2,1,0,1,69.524393,51.543621,69.524393,51.543621,100.000000,100.000000,0.000000,28.000000,4.000000,6.000000,0.000000,28.000000,80.647198,251.315661,63.371050,62.434217,3.000000
2026-05-10T08:41:35.526111451Z,0,per_hit,raw_percent_of_host,api-node1,api-node2,1,0,1,69.524393,51.543621,69.524393,51.543621,100.000000,100.000000,0.000000,29.000000,4.000000,6.000000,0.000000,29.000000,80.647198,251.315661,63.371050,62.434217,3.000000
2026-05-10T08:41:35.576254915Z,0,per_hit,raw_percent_of_host,api-node1,api-node2,1,0,1,69.524393,51.543621,69.524393,51.543621,100.000000,100.000000,0.000000,29.000000,4.000000,6.000000,0.000000,29.000000,80.647198,251.315661,63.371050,62.434217,3.000000
2026-05-10T08:41:35.625391199Z,0,per_hit,raw_percent_of_host,api-node1,api-node2,1,0,1,69.524393,51.543621,69.524393,51.543621,100.000000,100.000000,0.000000,29.000000,4.000000,6.000000,0.000000,29.000000,80.647198,251.315661,63.371050,62.434217,3.000000
2026-05-10T08:41:35.67531613Z,0,per_hit,raw_percent_of_host,api-node1,api-node2,1,0,1,69.524393,51.543621,69.524393,51.543621,100.000000,100.000000,0.000000,26.000000,4.000000,6.000000,0.000000,26.000000,80.647198,251.315661,63.371050,62.434217,3.000000
2026-05-10T08:41:35.725684819Z,0,per_hit,raw_percent_of_host,api-node1,api-node2,1,0,1,69.524393,51.543621,69.524393,51.543621,100.000000,100.000000,1.000000,26.000000,4.000000,6.000000,1.000000,26.000000,80.647198,251.315661,63.258939,62.434217,3.000000
2026-05-10T08:41:35.7754214Z,0,per_hit,raw_percent_of_host,api-node1,api-node2,1,0,1,69.524393,51.543621,69.524393,51.543621,100.000000,100.000000,1.000000,25.000000,4.000000,6.000000,1.000000,25.000000,80.647198,251.315661,63.258939,62.434217,3.000000
2026-05-10T08:41:35.825627142Z,0,per_hit,raw_percent_of_host,api-node1,api-node2,1,0,1,69.524393,51.543621,69.524393,51.543621,100.000000,100.000000,0.000000,25.000000,4.000000,6.000000,0.000000,25.000000,80.647198,251.315661,63.371050,62.434217,3.000000
2026-05-10T08:41:35.876236635Z,0,per_hit,raw_percent_of_host,api-node1,api-node2,1,0,1,69.524393,51.543621,69.524393,51.543621,100.000000,100.000000,0.000000,24.000000,4.000000,6.000000,0.000000,24.000000,80.647198,251.315661,63.371050,62.434217,3.000000
2026-05-10T08:41:35.925406504Z,0,per_hit,raw_percent_of_host,api-node1,api-node2,1,0,1,69.524393,51.543621,69.524393,51.543621,100.000000,100.000000,0.000000,24.000000,4.000000,6.000000,0.000000,24.000000,80.647198,251.315661,63.371050,62.434217,3.000000
2026-05-10T08:41:35.975469108Z,0,per_hit,raw_percent_of_host,api-node1,api-node2,1,0,1,69.524393,51.543621,69.524393,51.543621,100.000000,100.000000,4.000000,31.000000,4.000000,6.000000,4.000000,31.000000,80.647198,251.315661,62.926503,62.434217,3.000000
2026-05-10T08:41:36.025867696Z,0,per_hit,raw_percent_of_host,api-node1,api-node2,1,0,1,69.524393,51.543621,69.524393,51.543621,100.000000,100.000000,3.000000,33.000000,4.000000,6.000000,3.000000,33.000000,80.647198,251.315661,63.036671,62.434217,3.000000
2026-05-10T08:41:36.075925792Z,0,per_hit,raw_percent_of_host,api-node1,api-node2,1,0,1,69.524393,53.551630,69.524393,53.551630,100.000000,100.000000,4.000000,32.000000,4.000000,21.000000,4.000000,32.000000,80.647198,838.941783,62.926503,47.843327,3.000000
2026-05-10T08:41:36.125502667Z,0,per_hit,raw_percent_of_host,api-node1,api-node2,1,0,1,32.748966,53.551630,32.748966,53.551630,100.000000,100.000000,3.000000,32.000000,3.000000,21.000000,3.000000,32.000000,50.028609,838.941783,71.834027,47.843327,3.000000
2026-05-10T08:41:36.17590351Z,0,per_hit,raw_percent_of_host,api-node1,api-node2,1,0,1,32.748966,53.551630,32.748966,53.551630,100.000000,100.000000,2.000000,14.000000,3.000000,21.000000,2.000000,14.000000,50.028609,838.941783,71.834027,49.008335,3.000000
2026-05-10T08:41:36.225261593Z,0,per_hit,raw_percent_of_host,api-node1,api-node2,1,0,1,32.748966,53.551630,32.748966,53.551630,100.000000,100.000000,3.000000,17.000000,3.000000,21.000000,3.000000,17.000000,50.028609,838.941783,71.834027,48.805985,3.000000
2026-05-10T08:41:36.276286329Z,0,per_hit,raw_percent_of_host,api-node1,api-node2,1,0,1,32.748966,53.551630,32.748966,53.551630,100.000000,100.000000,11.000000,29.000000,3.000000,21.000000,11.000000,29.000000,50.028609,838.941783,71.834027,48.029580,3.000000
2026-05-10T08:41:36.325949998Z,0,per_hit,raw_percent_of_host,api-node1,api-node2,1,0,1,32.748966,53.551630,32.748966,53.551630,100.000000,100.000000,11.000000,29.000000,3.000000,21.000000,11.000000,29.000000,50.028609,838.941783,71.834027,48.029580,3.000000
2026-05-10T08:41:36.375706504Z,0,per_hit,raw_percent_of_host,api-node1,api-node2,1,0,1,32.748966,53.551630,32.748966,53.551630,100.000000,100.000000,11.000000,27.000000,3.000000,21.000000,11.000000,27.000000,50.028609,838.941783,71.834027,48.155444,3.000000
2026-05-10T08:41:36.426238614Z,0,per_hit,raw_percent_of_host,api-node1,api-node2,1,0,1,32.748966,53.551630,32.748966,53.551630,100.000000,100.000000,12.000000,27.000000,3.000000,21.000000,12.000000,27.000000,50.028609,838.941783,71.834027,48.155444,3.000000
2026-05-10T08:41:36.475894854Z,0,per_hit,raw_percent_of_host,api-node1,api-node2,1,0,1,32.748966,44.747004,32.748966,44.747004,100.000000,100.000000,4.000000,22.000000,3.000000,10.000000,4.000000,22.000000,50.028609,400.328860,71.834027,56.784013,3.000000
2026-05-10T08:41:36.525931008Z,0,per_hit,raw_percent_of_host,api-node1,api-node2,0,1,1,80.853032,44.747004,80.853032,44.747004,100.000000,100.000000,1.000000,23.000000,2.000000,10.000000,1.000000,23.000000,50.046538,400.328860,49.928274,56.784013,3.000000
2026-05-10T08:41:36.575561106Z,0,per_hit,raw_percent_of_host,api-node1,api-node2,0,1,1,80.853032,44.747004,80.853032,44.747004,100.000000,100.000000,2.000000,22.000000,2.000000,10.000000,2.000000,22.000000,50.046538,400.328860,49.856959,56.784013,3.000000
2026-05-10T08:41:36.626159507Z,0,per_hit,raw_percent_of_host,api-node1,api-node2,0,1,1,80.853032,44.747004,80.853032,44.747004,100.000000,100.000000,0.000000,22.000000,2.000000,10.000000,0.000000,22.000000,50.046538,400.328860,50.000000,56.784013,3.000000
2026-05-10T08:41:36.675578483Z,0,per_hit,raw_percent_of_host,api-node1,api-node2,0,1,1,80.853032,44.747004,80.853032,44.747004,100.000000,100.000000,0.000000,20.000000,2.000000,10.000000,0.000000,20.000000,50.046538,400.328860,50.000000,56.784013,3.000000
2026-05-10T08:41:36.725983093Z,0,per_hit,raw_percent_of_host,api-node1,api-node2,0,1,1,80.853032,44.747004,80.853032,44.747004,100.000000,100.000000,0.000000,21.000000,2.000000,10.000000,0.000000,21.000000,50.046538,400.328860,50.000000,56.784013,3.000000
2026-05-10T08:41:36.775636076Z,0,per_hit,raw_percent_of_host,api-node1,api-node2,0,1,1,80.853032,44.747004,80.853032,44.747004,100.000000,100.000000,0.000000,20.000000,2.000000,10.000000,0.000000,20.000000,50.046538,400.328860,50.000000,56.784013,3.000000
2026-05-10T08:41:36.825786209Z,0,per_hit,raw_percent_of_host,api-node1,api-node2,0,1,1,80.853032,44.747004,80.853032,44.747004,100.000000,100.000000,0.000000,20.000000,2.000000,10.000000,0.000000,20.000000,50.046538,400.328860,50.000000,56.784013,3.000000
2026-05-10T08:41:36.875289225Z,0,per_hit,raw_percent_of_host,api-node1,api-node2,0,1,1,80.853032,44.747004,80.853032,44.747004,100.000000,100.000000,0.000000,19.000000,2.000000,10.000000,0.000000,19.000000,50.046538,400.328860,50.000000,56.784013,3.000000
2026-05-10T08:41:36.925390779Z,0,per_hit,raw_percent_of_host,api-node1,api-node2,0,1,1,80.853032,44.747004,80.853032,44.747004,100.000000,100.000000,0.000000,19.000000,2.000000,10.000000,0.000000,19.000000,50.046538,400.328860,50.000000,56.784013,3.000000
2026-05-10T08:41:36.97547838Z,0,per_hit,raw_percent_of_host,api-node1,api-node2,1,0,1,80.853032,53.739382,80.853032,53.739382,100.000000,100.000000,5.000000,17.000000,2.000000,13.000000,5.000000,17.000000,50.046538,520.226128,49.645441,49.005994,3.000000
2026-05-10T08:41:37.025769647Z,0,per_hit,raw_percent_of_host,api-node1,api-node2,1,0,1,80.853032,53.739382,80.853032,53.739382,100.000000,100.000000,5.000000,18.000000,2.000000,13.000000,5.000000,18.000000,50.046538,520.226128,49.645441,48.949978,3.000000
2026-05-10T08:41:37.075442957Z,0,per_hit,raw_percent_of_host,api-node1,api-node2,1,0,1,37.823436,53.739382,37.823436,53.739382,100.000000,100.000000,6.000000,9.000000,4.000000,13.000000,6.000000,9.000000,80.776277,520.226128,68.773173,49.463727,3.000000
2026-05-10T08:41:37.125843898Z,0,per_hit,raw_percent_of_host,api-node1,api-node2,1,0,1,37.823436,53.739382,37.823436,53.739382,100.000000,100.000000,6.000000,9.000000,4.000000,13.000000,6.000000,9.000000,80.776277,520.226128,68.773173,49.463727,3.000000
2026-05-10T08:41:37.175667748Z,0,per_hit,raw_percent_of_host,api-node1,api-node2,1,0,1,37.823436,39.092021,37.823436,39.092021,100.000000,100.000000,2.000000,8.000000,4.000000,5.000000,2.000000,8.000000,80.776277,180.614890,68.773173,63.676877,3.000000
2026-05-10T08:41:37.225521934Z,0,per_hit,raw_percent_of_host,api-node1,api-node2,0,1,1,99.152180,39.092021,99.152180,39.092021,100.000000,100.000000,10.000000,23.000000,2.000000,5.000000,10.000000,23.000000,50.056957,180.614890,49.456454,63.676877,3.000000
2026-05-10T08:41:37.275648949Z,0,per_hit,raw_percent_of_host,api-node1,api-node2,0,1,1,99.152180,39.092021,99.152180,39.092021,100.000000,100.000000,10.000000,17.000000,2.000000,5.000000,10.000000,17.000000,50.056957,180.614890,49.456454,63.676877,3.000000
2026-05-10T08:41:37.325757445Z,0,per_hit,raw_percent_of_host,api-node1,api-node2,0,1,1,99.152180,39.092021,99.152180,39.092021,100.000000,100.000000,10.000000,17.000000,2.000000,5.000000,10.000000,17.000000,50.056957,180.614890,49.456454,63.676877,3.000000
2026-05-10T08:41:37.375292463Z,0,per_hit,raw_percent_of_host,api-node1,api-node2,0,1,1,99.152180,39.092021,99.152180,39.092021,100.000000,100.000000,9.000000,17.000000,2.000000,5.000000,9.000000,17.000000,50.056957,180.614890,49.509743,63.676877,3.000000
2026-05-10T08:41:37.4258401Z,0,per_hit,raw_percent_of_host,api-node1,api-node2,0,1,1,99.152180,39.092021,99.152180,39.092021,100.000000,100.000000,2.000000,18.000000,2.000000,5.000000,2.000000,18.000000,50.056957,180.614890,49.889367,63.676877,3.000000
2026-05-10T08:41:37.475477623Z,0,per_hit,raw_percent_of_host,api-node1,api-node2,0,1,1,99.152180,39.092021,99.152180,39.092021,100.000000,100.000000,0.000000,17.000000,2.000000,5.000000,0.000000,17.000000,50.056957,180.614890,50.000000,63.676877,3.000000
2026-05-10T08:41:37.525608336Z,0,per_hit,raw_percent_of_host,api-node1,api-node2,0,1,1,99.152180,39.092021,99.152180,39.092021,100.000000,100.000000,2.000000,18.000000,2.000000,5.000000,2.000000,18.000000,50.056957,180.614890,49.889367,63.676877,3.000000
2026-05-10T08:41:37.575601486Z,0,per_hit,raw_percent_of_host,api-node1,api-node2,0,1,1,99.152180,52.629808,99.152180,52.629808,100.000000,100.000000,2.000000,17.000000,2.000000,9.000000,2.000000,17.000000,50.056957,59.546360,49.889367,71.722877,3.000000
2026-05-10T08:41:37.625918453Z,0,per_hit,raw_percent_of_host,api-node1,api-node2,0,1,1,75.123228,52.629808,75.123228,52.629808,100.000000,100.000000,0.000000,17.000000,2.000000,9.000000,0.000000,17.000000,50.051926,59.546360,50.000000,71.722877,3.000000
2026-05-10T08:41:37.67554964Z,0,per_hit,raw_percent_of_host,api-node1,api-node2,0,1,1,75.123228,52.629808,75.123228,52.629808,100.000000,100.000000,0.000000,16.000000,2.000000,9.000000,0.000000,16.000000,50.051926,59.546360,50.000000,71.722877,3.000000
2026-05-10T08:41:37.725888105Z,0,per_hit,raw_percent_of_host,api-node1,api-node2,0,1,1,75.123228,52.629808,75.123228,52.629808,100.000000,100.000000,0.000000,17.000000,2.000000,9.000000,0.000000,17.000000,50.051926,59.546360,50.000000,71.722877,3.000000
2026-05-10T08:41:37.775453882Z,0,per_hit,raw_percent_of_host,api-node1,api-node2,0,1,1,75.123228,52.629808,75.123228,52.629808,100.000000,100.000000,0.000000,11.000000,2.000000,9.000000,0.000000,11.000000,50.051926,59.546360,50.000000,71.722877,3.000000
2026-05-10T08:41:37.825602353Z,0,per_hit,raw_percent_of_host,api-node1,api-node2,0,1,1,75.123228,52.629808,75.123228,52.629808,100.000000,100.000000,0.000000,11.000000,2.000000,9.000000,0.000000,11.000000,50.051926,59.546360,50.000000,71.722877,3.000000
2026-05-10T08:41:37.876100784Z,0,per_hit,raw_percent_of_host,api-node1,api-node2,1,0,1,3.593441,49.876969,3.593441,49.876969,100.000000,100.000000,0.000000,2.000000,1.000000,7.000000,0.000000,2.000000,65.217054,299.876422,75.000000,60.006179,3.000000
2026-05-10T08:41:37.926267074Z,0,per_hit,raw_percent_of_host,api-node1,api-node2,1,0,1,3.593441,49.876969,3.593441,49.876969,100.000000,100.000000,0.000000,2.000000,1.000000,7.000000,0.000000,2.000000,65.217054,299.876422,75.000000,60.006179,3.000000
2026-05-10T08:41:37.975440298Z,0,per_hit,raw_percent_of_host,api-node1,api-node2,0,1,1,0.000000,0.000000,0.000000,0.000000,100.000000,100.000000,7.000000,1.000000,1.000000,1.000000,7.000000,1.000000,65.217054,78.762532,74.603878,74.940792,3.000000
2026-05-10T08:41:38.02545525Z,0,per_hit,raw_percent_of_host,api-node1,api-node2,0,1,1,82.671437,35.633488,82.671437,35.633488,100.000000,100.000000,9.000000,1.000000,3.000000,2.000000,9.000000,1.000000,65.217054,78.762532,49.418390,69.621409,3.000000
2026-05-10T08:41:38.07624308Z,0,per_hit,raw_percent_of_host,api-node1,api-node2,0,1,1,82.671437,82.539838,82.671437,82.539838,100.000000,100.000000,12.000000,4.000000,3.000000,2.000000,12.000000,4.000000,65.217054,78.762532,49.230488,49.736609,3.000000
2026-05-10T08:41:38.125663896Z,0,per_hit,raw_percent_of_host,api-node1,api-node2,0,1,1,82.671437,82.539838,82.671437,82.539838,100.000000,100.000000,10.000000,4.000000,3.000000,2.000000,10.000000,4.000000,65.217054,78.762532,49.355433,49.736609,3.000000
2026-05-10T08:41:38.17578309Z,0,per_hit,raw_percent_of_host,api-node1,api-node2,0,1,1,98.959464,82.539838,98.959464,82.539838,100.000000,100.000000,9.000000,2.000000,7.000000,2.000000,9.000000,2.000000,141.298859,78.762532,49.388090,49.867607,3.000000
2026-05-10T08:41:38.225284873Z,0,per_hit,raw_percent_of_host,api-node1,api-node2,1,0,1,97.419133,82.539838,97.419133,82.539838,100.000000,100.000000,6.000000,7.000000,4.000000,2.000000,6.000000,7.000000,80.888398,78.762532,49.647151,49.542680,3.000000
2026-05-10T08:41:38.275483436Z,0,per_hit,raw_percent_of_host,api-node1,api-node2,0,1,1,97.419133,49.869367,97.419133,49.869367,100.000000,100.000000,13.000000,13.000000,4.000000,2.000000,13.000000,13.000000,80.888398,89.934453,49.247879,69.949899,3.000000
2026-05-10T08:41:38.325626264Z,0,per_hit,raw_percent_of_host,api-node1,api-node2,0,1,1,97.419133,49.869367,97.419133,49.869367,100.000000,100.000000,13.000000,13.000000,4.000000,2.000000,13.000000,13.000000,80.888398,89.934453,49.247879,69.949899,3.000000
2026-05-10T08:41:38.375706743Z,0,per_hit,raw_percent_of_host,api-node1,api-node2,0,1,1,87.875402,50.182257,87.875402,50.182257,100.000000,100.000000,13.000000,13.000000,6.000000,5.000000,13.000000,13.000000,50.034180,69.654567,49.298004,70.944668,3.000000
2026-05-10T08:41:38.425276692Z,0,per_hit,raw_percent_of_host,api-node1,api-node2,0,1,1,87.875402,50.182257,87.875402,50.182257,100.000000,100.000000,14.000000,13.000000,6.000000,5.000000,14.000000,13.000000,50.034180,69.654567,49.245634,70.944668,3.000000
2026-05-10T08:41:38.475950688Z,0,per_hit,raw_percent_of_host,api-node1,api-node2,0,1,1,87.875402,50.182257,87.875402,50.182257,100.000000,100.000000,14.000000,12.000000,6.000000,5.000000,14.000000,12.000000,50.034180,69.654567,49.245634,70.944668,3.000000
2026-05-10T08:41:38.525594545Z,0,per_hit,raw_percent_of_host,api-node1,api-node2,0,1,1,91.994200,50.182257,91.994200,50.182257,100.000000,100.000000,4.000000,13.000000,8.000000,5.000000,4.000000,13.000000,162.045433,69.654567,49.707563,70.944668,3.000000
2026-05-10T08:41:38.576262288Z,0,per_hit,raw_percent_of_host,api-node1,api-node2,0,1,1,91.994200,50.182257,91.994200,50.182257,100.000000,100.000000,3.000000,12.000000,8.000000,5.000000,3.000000,12.000000,162.045433,69.654567,49.780029,70.944668,3.000000
2026-05-10T08:41:38.62577634Z,0,per_hit,raw_percent_of_host,api-node1,api-node2,0,1,1,91.994200,50.182257,91.994200,50.182257,100.000000,100.000000,0.000000,12.000000,8.000000,5.000000,0.000000,12.000000,162.045433,69.654567,50.000000,70.944668,3.000000
2026-05-10T08:41:38.675909222Z,0,per_hit,raw_percent_of_host,api-node1,api-node2,1,0,1,69.378441,49.580981,69.378441,49.580981,100.000000,100.000000,0.000000,2.000000,1.000000,7.000000,0.000000,2.000000,50.045860,300.333883,63.630295,59.983306,3.000000
2026-05-10T08:41:38.726224388Z,0,per_hit,raw_percent_of_host,api-node1,api-node2,1,0,1,69.378441,49.580981,69.378441,49.580981,100.000000,100.000000,0.000000,3.000000,1.000000,7.000000,0.000000,3.000000,50.045860,300.333883,63.630295,59.983306,3.000000
2026-05-10T08:41:38.775941707Z,0,per_hit,raw_percent_of_host,api-node1,api-node2,1,0,1,0.000000,41.323936,0.000000,41.323936,100.000000,100.000000,0.000000,1.000000,1.000000,2.000000,0.000000,1.000000,50.045860,80.550493,75.000000,68.581625,3.000000
2026-05-10T08:41:38.82618891Z,0,per_hit,raw_percent_of_host,api-node1,api-node2,1,0,1,0.000000,41.323936,0.000000,41.323936,100.000000,100.000000,0.000000,1.000000,1.000000,2.000000,0.000000,1.000000,50.045860,80.550493,75.000000,68.581625,3.000000
2026-05-10T08:41:38.975610494Z,0,per_hit,raw_percent_of_host,api-node1,api-node2,1,0,1,0.000000,0.000000,0.000000,0.000000,100.000000,100.000000,2.000000,6.000000,1.000000,1.000000,2.000000,6.000000,50.045860,86.648320,74.889369,74.642305,3.000000
2026-05-10T08:41:39.025719972Z,0,per_hit,raw_percent_of_host,api-node1,api-node2,0,1,1,99.232247,0.000000,99.232247,0.000000,100.000000,100.000000,1.000000,6.000000,1.000000,1.000000,1.000000,6.000000,50.049552,86.648320,49.944562,74.642305,3.000000
2026-05-10T08:41:39.076213178Z,0,per_hit,raw_percent_of_host,api-node1,api-node2,0,1,1,99.232247,0.000000,99.232247,0.000000,100.000000,100.000000,5.000000,9.000000,1.000000,1.000000,5.000000,9.000000,50.049552,86.648320,49.725245,74.467269,3.000000
2026-05-10T08:41:39.12579268Z,0,per_hit,raw_percent_of_host,api-node1,api-node2,1,0,1,99.232247,82.608702,99.232247,82.608702,100.000000,100.000000,6.000000,8.000000,1.000000,5.000000,6.000000,8.000000,50.049552,105.359999,49.671017,49.480265,3.000000
2026-05-10T08:41:39.175902473Z,0,per_hit,raw_percent_of_host,api-node1,api-node2,0,1,1,99.253585,19.393174,99.253585,19.393174,100.000000,100.000000,2.000000,4.000000,4.000000,3.000000,2.000000,4.000000,77.063967,113.205830,49.882335,74.744111,3.000000
2026-05-10T08:41:39.225688599Z,0,per_hit,raw_percent_of_host,api-node1,api-node2,0,1,1,98.327505,19.393174,98.327505,19.393174,100.000000,100.000000,6.000000,22.000000,2.000000,3.000000,6.000000,22.000000,50.070639,113.205830,49.671002,73.654580,3.000000
2026-05-10T08:41:39.275596512Z,0,per_hit,raw_percent_of_host,api-node1,api-node2,0,1,1,98.327505,52.844713,98.327505,52.844713,100.000000,100.000000,6.000000,19.000000,2.000000,2.000000,6.000000,19.000000,50.070639,81.572831,49.671002,70.745693,3.000000
2026-05-10T08:41:39.325461324Z,0,per_hit,raw_percent_of_host,api-node1,api-node2,0,1,1,98.327505,52.844713,98.327505,52.844713,100.000000,100.000000,5.000000,19.000000,2.000000,2.000000,5.000000,19.000000,50.070639,81.572831,49.725232,70.745693,3.000000
2026-05-10T08:41:39.375454139Z,0,per_hit,raw_percent_of_host,api-node1,api-node2,0,1,1,83.398480,52.844713,83.398480,52.844713,100.000000,100.000000,0.000000,18.000000,6.000000,2.000000,0.000000,18.000000,95.352874,81.572831,50.000000,70.745693,3.000000
2026-05-10T08:41:39.425794623Z,0,per_hit,raw_percent_of_host,api-node1,api-node2,0,1,1,83.398480,52.844713,83.398480,52.844713,100.000000,100.000000,0.000000,19.000000,6.000000,2.000000,0.000000,19.000000,95.352874,81.572831,50.000000,70.745693,3.000000
2026-05-10T08:41:39.475708011Z,0,per_hit,raw_percent_of_host,api-node1,api-node2,0,1,1,83.398480,52.844713,83.398480,52.844713,100.000000,100.000000,0.000000,18.000000,6.000000,2.000000,0.000000,18.000000,95.352874,81.572831,50.000000,70.745693,3.000000
2026-05-10T08:41:39.525539763Z,0,per_hit,raw_percent_of_host,api-node1,api-node2,0,1,1,83.398480,52.844713,83.398480,52.844713,100.000000,100.000000,2.000000,19.000000,6.000000,2.000000,2.000000,19.000000,95.352874,81.572831,49.872441,70.745693,3.000000
2026-05-10T08:41:39.575560242Z,0,per_hit,raw_percent_of_host,api-node1,api-node2,0,1,1,83.398480,52.844713,83.398480,52.844713,100.000000,100.000000,2.000000,17.000000,6.000000,2.000000,2.000000,17.000000,95.352874,81.572831,49.872441,70.745693,3.000000
2026-05-10T08:41:39.625463407Z,0,per_hit,raw_percent_of_host,api-node1,api-node2,0,1,1,83.398480,52.844713,83.398480,52.844713,100.000000,100.000000,0.000000,17.000000,6.000000,2.000000,0.000000,17.000000,95.352874,81.572831,50.000000,70.745693,3.000000
2026-05-10T08:41:39.675647777Z,0,per_hit,raw_percent_of_host,api-node1,api-node2,0,1,1,83.398480,52.844713,83.398480,52.844713,100.000000,100.000000,0.000000,17.000000,6.000000,2.000000,0.000000,17.000000,95.352874,81.572831,50.000000,70.745693,3.000000
2026-05-10T08:41:39.726212938Z,0,per_hit,raw_percent_of_host,api-node1,api-node2,0,1,1,83.398480,52.844713,83.398480,52.844713,100.000000,100.000000,1.000000,17.000000,6.000000,2.000000,1.000000,17.000000,95.352874,81.572831,49.936057,70.745693,3.000000
2026-05-10T08:41:39.775541066Z,0,per_hit,raw_percent_of_host,api-node1,api-node2,0,1,1,83.398480,52.844713,83.398480,52.844713,100.000000,100.000000,1.000000,16.000000,6.000000,2.000000,1.000000,16.000000,95.352874,81.572831,49.936057,70.745693,3.000000
2026-05-10T08:41:39.825397043Z,0,per_hit,raw_percent_of_host,api-node1,api-node2,0,1,1,83.398480,52.844713,83.398480,52.844713,100.000000,100.000000,0.000000,16.000000,6.000000,2.000000,0.000000,16.000000,95.352874,81.572831,50.000000,70.745693,3.000000
2026-05-10T08:41:39.875956601Z,0,per_hit,raw_percent_of_host,api-node1,api-node2,1,0,1,26.082543,51.715767,26.082543,51.715767,100.000000,100.000000,0.000000,10.000000,1.000000,15.000000,0.000000,10.000000,50.085185,617.531138,74.169232,49.361681,3.000000
2026-05-10T08:41:39.926107803Z,0,per_hit,raw_percent_of_host,api-node1,api-node2,1,0,1,26.082543,51.715767,26.082543,51.715767,100.000000,100.000000,0.000000,10.000000,1.000000,15.000000,0.000000,10.000000,50.085185,617.531138,74.169232,49.361681,3.000000
2026-05-10T08:41:39.975866936Z,0,per_hit,raw_percent_of_host,api-node1,api-node2,0,1,1,0.000000,0.000000,0.000000,0.000000,100.000000,100.000000,6.000000,2.000000,1.000000,1.000000,6.000000,2.000000,50.085185,62.511453,74.670991,74.886231,3.000000
2026-05-10T08:41:40.025570351Z,0,per_hit,raw_percent_of_host,api-node1,api-node2,1,0,1,0.000000,79.796115,0.000000,79.796115,100.000000,100.000000,7.000000,2.000000,1.000000,3.000000,7.000000,2.000000,50.085185,62.511453,74.616996,49.849368,3.000000
2026-05-10T08:41:40.075812598Z,0,per_hit,raw_percent_of_host,api-node1,api-node2,0,1,1,100.000000,79.796115,100.000000,79.796115,100.000000,100.000000,7.000000,4.000000,6.000000,3.000000,7.000000,4.000000,95.951818,62.511453,49.574259,49.700541,3.000000
2026-05-10T08:41:40.126196485Z,0,per_hit,raw_percent_of_host,api-node1,api-node2,0,1,1,100.000000,79.796115,100.000000,79.796115,100.000000,100.000000,8.000000,4.000000,6.000000,3.000000,8.000000,4.000000,95.951818,62.511453,49.514620,49.700541,3.000000
2026-05-10T08:41:40.175822493Z,0,per_hit,raw_percent_of_host,api-node1,api-node2,0,1,1,98.283615,47.754392,98.283615,47.754392,100.000000,100.000000,3.000000,1.000000,5.000000,2.000000,3.000000,1.000000,100.351701,80.727269,49.813733,70.026537,3.000000
2026-05-10T08:41:40.225662751Z,0,per_hit,raw_percent_of_host,api-node1,api-node2,0,1,1,100.000000,47.754392,100.000000,47.754392,100.000000,100.000000,9.000000,16.000000,2.000000,2.000000,9.000000,16.000000,50.051669,80.727269,49.509749,70.026537,3.000000
2026-05-10T08:41:40.275465974Z,0,per_hit,raw_percent_of_host,api-node1,api-node2,0,1,1,100.000000,47.754392,100.000000,47.754392,100.000000,100.000000,8.000000,15.000000,2.000000,2.000000,8.000000,15.000000,50.051669,80.727269,49.563270,70.026537,3.000000
2026-05-10T08:41:40.32563889Z,0,per_hit,raw_percent_of_host,api-node1,api-node2,0,1,1,100.000000,47.754392,100.000000,47.754392,100.000000,100.000000,8.000000,15.000000,2.000000,2.000000,8.000000,15.000000,50.051669,80.727269,49.563270,70.026537,3.000000
2026-05-10T08:41:40.375778605Z,0,per_hit,raw_percent_of_host,api-node1,api-node2,0,1,1,100.000000,47.754392,100.000000,47.754392,100.000000,100.000000,8.000000,15.000000,2.000000,2.000000,8.000000,15.000000,50.051669,80.727269,49.563270,70.026537,3.000000
2026-05-10T08:41:40.425990672Z,0,per_hit,raw_percent_of_host,api-node1,api-node2,0,1,1,100.000000,47.754392,100.000000,47.754392,100.000000,100.000000,1.000000,14.000000,2.000000,2.000000,1.000000,14.000000,50.051669,80.727269,49.944561,70.026537,3.000000
2026-05-10T08:41:40.475604845Z,0,per_hit,raw_percent_of_host,api-node1,api-node2,0,1,1,100.000000,53.102082,100.000000,53.102082,100.000000,100.000000,0.000000,13.000000,2.000000,7.000000,0.000000,13.000000,50.051669,59.572503,50.000000,71.769603,3.000000
2026-05-10T08:41:40.526204173Z,0,per_hit,raw_percent_of_host,api-node1,api-node2,0,1,1,86.330356,53.102082,86.330356,53.102082,100.000000,100.000000,2.000000,14.000000,1.000000,7.000000,2.000000,14.000000,50.042766,59.572503,49.886580,71.769603,3.000000
2026-05-10T08:41:40.576096984Z,0,per_hit,raw_percent_of_host,api-node1,api-node2,0,1,1,86.330356,53.102082,86.330356,53.102082,100.000000,100.000000,2.000000,13.000000,1.000000,7.000000,2.000000,13.000000,50.042766,59.572503,49.886580,71.769603,3.000000
2026-05-10T08:41:40.626231757Z,0,per_hit,raw_percent_of_host,api-node1,api-node2,0,1,1,86.330356,53.102082,86.330356,53.102082,100.000000,100.000000,0.000000,13.000000,1.000000,7.000000,0.000000,13.000000,50.042766,59.572503,50.000000,71.769603,3.000000
2026-05-10T08:41:40.675959692Z,0,per_hit,raw_percent_of_host,api-node1,api-node2,0,1,1,86.330356,53.102082,86.330356,53.102082,100.000000,100.000000,0.000000,12.000000,1.000000,7.000000,0.000000,12.000000,50.042766,59.572503,50.000000,71.769603,3.000000
2026-05-10T08:41:40.725595673Z,0,per_hit,raw_percent_of_host,api-node1,api-node2,0,1,1,86.330356,53.102082,86.330356,53.102082,100.000000,100.000000,0.000000,13.000000,1.000000,7.000000,0.000000,13.000000,50.042766,59.572503,50.000000,71.769603,3.000000
2026-05-10T08:41:40.77589655Z,0,per_hit,raw_percent_of_host,api-node1,api-node2,1,0,1,38.064358,45.644073,38.064358,45.644073,100.000000,100.000000,0.000000,2.000000,1.000000,5.000000,0.000000,2.000000,50.043592,282.758337,70.667318,60.862083,3.000000
2026-05-10T08:41:40.826014653Z,0,per_hit,raw_percent_of_host,api-node1,api-node2,1,0,1,38.064358,45.644073,38.064358,45.644073,100.000000,100.000000,0.000000,2.000000,1.000000,5.000000,0.000000,2.000000,50.043592,282.758337,70.667318,60.862083,3.000000
2026-05-10T08:41:40.975593868Z,0,per_hit,raw_percent_of_host,api-node1,api-node2,0,1,1,0.000000,0.000000,0.000000,0.000000,100.000000,100.000000,5.000000,3.000000,1.000000,1.000000,5.000000,3.000000,50.043592,96.997287,74.725248,74.815272,3.000000
2026-05-10T08:41:41.02572688Z,0,per_hit,raw_percent_of_host,api-node1,api-node2,0,1,1,89.406993,0.000000,89.406993,0.000000,100.000000,100.000000,4.000000,4.000000,4.000000,1.000000,4.000000,4.000000,50.043592,96.997287,49.779715,74.754301,3.000000
2026-05-10T08:41:41.075761211Z,0,per_hit,raw_percent_of_host,api-node1,api-node2,0,1,1,89.406993,59.205405,89.406993,59.205405,100.000000,100.000000,4.000000,7.000000,4.000000,2.000000,4.000000,7.000000,50.043592,50.020272,49.779715,72.498986,3.000000
2026-05-10T08:41:41.126085021Z,0,per_hit,raw_percent_of_host,api-node1,api-node2,0,1,1,98.040781,59.205405,98.040781,59.205405,100.000000,100.000000,3.000000,8.000000,3.000000,2.000000,3.000000,8.000000,70.916991,50.020272,49.826422,72.498986,3.000000
2026-05-10T08:41:41.175476964Z,0,per_hit,raw_percent_of_host,api-node1,api-node2,0,1,1,98.040781,59.205405,98.040781,59.205405,100.000000,100.000000,0.000000,7.000000,3.000000,2.000000,0.000000,7.000000,70.916991,50.020272,50.000000,72.498986,3.000000
2026-05-10T08:41:41.225837856Z,0,per_hit,raw_percent_of_host,api-node1,api-node2,0,1,1,98.040781,59.205405,98.040781,59.205405,100.000000,100.000000,7.000000,23.000000,3.000000,2.000000,7.000000,23.000000,70.916991,50.020272,49.598700,72.498986,3.000000
2026-05-10T08:41:41.276288945Z,0,per_hit,raw_percent_of_host,api-node1,api-node2,0,1,1,98.040781,59.378370,98.040781,59.378370,100.000000,100.000000,7.000000,18.000000,3.000000,6.000000,7.000000,18.000000,70.916991,59.480820,49.598700,72.025959,3.000000
2026-05-10T08:41:41.325466219Z,0,per_hit,raw_percent_of_host,api-node1,api-node2,0,1,1,98.040781,59.378370,98.040781,59.378370,100.000000,100.000000,6.000000,18.000000,3.000000,6.000000,6.000000,18.000000,70.916991,59.480820,49.655238,72.025959,3.000000
2026-05-10T08:41:41.37595999Z,0,per_hit,raw_percent_of_host,api-node1,api-node2,0,1,1,74.469573,59.378370,74.469573,59.378370,100.000000,100.000000,1.000000,18.000000,5.000000,6.000000,1.000000,18.000000,101.377921,59.480820,51.604916,72.025959,3.000000
2026-05-10T08:41:41.425875241Z,0,per_hit,raw_percent_of_host,api-node1,api-node2,0,1,1,74.469573,59.378370,74.469573,59.378370,100.000000,100.000000,0.000000,19.000000,5.000000,6.000000,0.000000,19.000000,101.377921,59.480820,51.707701,72.025959,3.000000
2026-05-10T08:41:41.476140887Z,0,per_hit,raw_percent_of_host,api-node1,api-node2,0,1,1,74.469573,59.378370,74.469573,59.378370,100.000000,100.000000,0.000000,18.000000,5.000000,6.000000,0.000000,18.000000,101.377921,59.480820,51.707701,72.025959,3.000000
2026-05-10T08:41:41.525293155Z,0,per_hit,raw_percent_of_host,api-node1,api-node2,0,1,1,74.469573,59.378370,74.469573,59.378370,100.000000,100.000000,1.000000,20.000000,5.000000,6.000000,1.000000,20.000000,101.377921,59.480820,51.604916,72.025959,3.000000
2026-05-10T08:41:41.575723367Z,0,per_hit,raw_percent_of_host,api-node1,api-node2,0,1,1,74.469573,59.378370,74.469573,59.378370,100.000000,100.000000,1.000000,19.000000,5.000000,6.000000,1.000000,19.000000,101.377921,59.480820,51.604916,72.025959,3.000000
2026-05-10T08:41:41.625773012Z,0,per_hit,raw_percent_of_host,api-node1,api-node2,0,1,1,74.469573,59.378370,74.469573,59.378370,100.000000,100.000000,0.000000,19.000000,5.000000,6.000000,0.000000,19.000000,101.377921,59.480820,51.707701,72.025959,3.000000
2026-05-10T08:41:41.67546567Z,0,per_hit,raw_percent_of_host,api-node1,api-node2,0,1,1,74.469573,59.378370,74.469573,59.378370,100.000000,100.000000,0.000000,18.000000,5.000000,6.000000,0.000000,18.000000,101.377921,59.480820,51.707701,72.025959,3.000000
2026-05-10T08:41:41.726162431Z,0,per_hit,raw_percent_of_host,api-node1,api-node2,0,1,1,74.469573,59.378370,74.469573,59.378370,100.000000,100.000000,1.000000,18.000000,5.000000,6.000000,1.000000,18.000000,101.377921,59.480820,51.604916,72.025959,3.000000
2026-05-10T08:41:41.776173355Z,0,per_hit,raw_percent_of_host,api-node1,api-node2,0,1,1,74.469573,59.378370,74.469573,59.378370,100.000000,100.000000,1.000000,17.000000,5.000000,6.000000,1.000000,17.000000,101.377921,59.480820,51.604916,72.025959,3.000000
2026-05-10T08:41:41.825300016Z,0,per_hit,raw_percent_of_host,api-node1,api-node2,0,1,1,74.469573,59.378370,74.469573,59.378370,100.000000,100.000000,0.000000,17.000000,5.000000,6.000000,0.000000,17.000000,101.377921,59.480820,51.707701,72.025959,3.000000
2026-05-10T08:41:41.875918953Z,0,per_hit,raw_percent_of_host,api-node1,api-node2,1,0,1,24.994522,48.314343,24.994522,48.314343,100.000000,100.000000,0.000000,9.000000,1.000000,13.000000,0.000000,9.000000,50.047562,579.772359,75.000000,51.644144,3.000000
2026-05-10T08:41:41.926069966Z,0,per_hit,raw_percent_of_host,api-node1,api-node2,1,0,1,24.994522,48.314343,24.994522,48.314343,100.000000,100.000000,0.000000,9.000000,1.000000,13.000000,0.000000,9.000000,50.047562,579.772359,75.000000,51.644144,3.000000
2026-05-10T08:41:41.975998354Z,0,per_hit,raw_percent_of_host,api-node1,api-node2,0,1,1,84.333102,44.415417,84.333102,44.415417,100.000000,100.000000,4.000000,4.000000,2.000000,1.000000,4.000000,4.000000,50.047562,61.544713,49.755831,70.460070,3.000000
2026-05-10T08:41:42.025353192Z,0,per_hit,raw_percent_of_host,api-node1,api-node2,0,1,1,84.333102,44.415417,84.333102,44.415417,100.000000,100.000000,4.000000,5.000000,2.000000,1.000000,4.000000,5.000000,50.047562,61.544713,49.755831,70.460070,3.000000
2026-05-10T08:41:42.075924758Z,0,per_hit,raw_percent_of_host,api-node1,api-node2,0,1,1,84.333102,62.823936,84.333102,62.823936,100.000000,100.000000,4.000000,7.000000,2.000000,4.000000,4.000000,7.000000,50.047562,66.124058,49.755831,70.818097,3.000000
2026-05-10T08:41:42.126083042Z,0,per_hit,raw_percent_of_host,api-node1,api-node2,0,1,1,84.333102,62.823936,84.333102,62.823936,100.000000,100.000000,4.000000,7.000000,2.000000,4.000000,4.000000,7.000000,50.047562,66.124058,49.755831,70.818097,3.000000
2026-05-10T08:41:42.17597674Z,0,per_hit,raw_percent_of_host,api-node1,api-node2,0,1,1,90.629059,62.823936,90.629059,62.823936,100.000000,100.000000,1.000000,4.000000,4.000000,4.000000,1.000000,4.000000,113.458865,66.124058,49.935491,71.106871,3.000000
2026-05-10T08:41:42.226016519Z,0,per_hit,raw_percent_of_host,api-node1,api-node2,0,1,1,90.629059,62.823936,90.629059,62.823936,100.000000,100.000000,9.000000,17.000000,4.000000,4.000000,9.000000,17.000000,113.458865,66.124058,49.431159,69.881108,3.000000
2026-05-10T08:41:42.275378974Z,0,per_hit,raw_percent_of_host,api-node1,api-node2,0,1,1,90.629059,44.504305,90.629059,44.504305,100.000000,100.000000,8.000000,15.000000,4.000000,4.000000,8.000000,15.000000,113.458865,118.650190,49.493082,67.533650,3.000000
2026-05-10T08:41:42.325533791Z,0,per_hit,raw_percent_of_host,api-node1,api-node2,0,1,1,90.629059,44.504305,90.629059,44.504305,100.000000,100.000000,8.000000,15.000000,4.000000,4.000000,8.000000,15.000000,113.458865,118.650190,49.493082,67.533650,3.000000
2026-05-10T08:41:42.375699222Z,0,per_hit,raw_percent_of_host,api-node1,api-node2,0,1,1,90.629059,44.504305,90.629059,44.504305,100.000000,100.000000,8.000000,15.000000,4.000000,4.000000,8.000000,15.000000,113.458865,118.650190,49.493082,67.533650,3.000000
2026-05-10T08:41:42.425327276Z,0,per_hit,raw_percent_of_host,api-node1,api-node2,0,1,1,100.000000,44.504305,100.000000,44.504305,100.000000,100.000000,2.000000,15.000000,8.000000,4.000000,2.000000,15.000000,161.589328,118.650190,49.853119,67.533650,3.000000
2026-05-10T08:41:42.475614696Z,0,per_hit,raw_percent_of_host,api-node1,api-node2,0,1,1,100.000000,44.504305,100.000000,44.504305,100.000000,100.000000,0.000000,14.000000,8.000000,4.000000,0.000000,14.000000,161.589328,118.650190,50.000000,67.533650,3.000000
2026-05-10T08:41:42.526255833Z,0,per_hit,raw_percent_of_host,api-node1,api-node2,0,1,1,100.000000,44.504305,100.000000,44.504305,100.000000,100.000000,2.000000,15.000000,8.000000,4.000000,2.000000,15.000000,161.589328,118.650190,49.853119,67.533650,3.000000
2026-05-10T08:41:42.575689245Z,0,per_hit,raw_percent_of_host,api-node1,api-node2,0,1,1,100.000000,44.504305,100.000000,44.504305,100.000000,100.000000,2.000000,13.000000,8.000000,4.000000,2.000000,13.000000,161.589328,118.650190,49.853119,67.533650,3.000000
2026-05-10T08:41:42.625453454Z,0,per_hit,raw_percent_of_host,api-node1,api-node2,0,1,1,100.000000,44.504305,100.000000,44.504305,100.000000,100.000000,0.000000,13.000000,8.000000,4.000000,0.000000,13.000000,161.589328,118.650190,50.000000,67.533650,3.000000
2026-05-10T08:41:42.675283064Z,0,per_hit,raw_percent_of_host,api-node1,api-node2,0,1,1,100.000000,44.504305,100.000000,44.504305,100.000000,100.000000,0.000000,12.000000,8.000000,4.000000,0.000000,12.000000,161.589328,118.650190,50.000000,67.533650,3.000000
2026-05-10T08:41:42.726243255Z,0,per_hit,raw_percent_of_host,api-node1,api-node2,0,1,1,100.000000,44.504305,100.000000,44.504305,100.000000,100.000000,0.000000,13.000000,8.000000,4.000000,0.000000,13.000000,161.589328,118.650190,50.000000,67.533650,3.000000
2026-05-10T08:41:42.775315712Z,0,per_hit,raw_percent_of_host,api-node1,api-node2,1,0,1,41.470742,49.892637,41.470742,49.892637,100.000000,100.000000,0.000000,2.000000,1.000000,11.000000,0.000000,2.000000,50.049762,499.831974,70.614995,50.150051,3.000000
2026-05-10T08:41:42.825401629Z,0,per_hit,raw_percent_of_host,api-node1,api-node2,1,0,1,41.470742,49.892637,41.470742,49.892637,100.000000,100.000000,0.000000,2.000000,1.000000,11.000000,0.000000,2.000000,50.049762,499.831974,70.614995,50.150051,3.000000
2026-05-10T08:41:42.976065566Z,0,per_hit,raw_percent_of_host,api-node1,api-node2,1,0,1,0.000000,0.000000,0.000000,0.000000,100.000000,100.000000,4.000000,4.000000,1.000000,1.000000,4.000000,4.000000,50.049762,78.884246,74.779712,74.764770,3.000000
2026-05-10T08:41:43.025914253Z,0,per_hit,raw_percent_of_host,api-node1,api-node2,1,0,1,0.000000,0.000000,0.000000,0.000000,100.000000,100.000000,4.000000,5.000000,1.000000,1.000000,4.000000,5.000000,50.049762,78.884246,74.779712,74.706652,3.000000
2026-05-10T08:41:43.075433536Z,0,per_hit,raw_percent_of_host,api-node1,api-node2,1,0,1,91.289274,80.395333,91.289274,80.395333,100.000000,100.000000,5.000000,5.000000,3.000000,3.000000,5.000000,5.000000,60.464067,71.220750,49.718808,49.637599,3.000000
2026-05-10T08:41:43.125301175Z,0,per_hit,raw_percent_of_host,api-node1,api-node2,1,0,1,91.289274,80.395333,91.289274,80.395333,100.000000,100.000000,5.000000,6.000000,3.000000,3.000000,5.000000,6.000000,60.464067,71.220750,49.718808,49.566377,3.000000
2026-05-10T08:41:43.17539186Z,0,per_hit,raw_percent_of_host,api-node1,api-node2,1,0,1,99.130855,80.395333,99.130855,80.395333,100.000000,100.000000,1.000000,5.000000,4.000000,3.000000,1.000000,5.000000,80.610515,71.220750,49.940531,49.637599,3.000000
2026-05-10T08:41:43.22567917Z,0,per_hit,raw_percent_of_host,api-node1,api-node2,1,0,1,99.130855,80.395333,99.130855,80.395333,100.000000,100.000000,13.000000,14.000000,4.000000,3.000000,13.000000,14.000000,80.610515,71.220750,49.248363,49.011082,3.000000
2026-05-10T08:41:43.27607275Z,0,per_hit,raw_percent_of_host,api-node1,api-node2,0,1,1,99.130855,50.246717,99.130855,50.246717,100.000000,100.000000,13.000000,10.000000,4.000000,4.000000,13.000000,10.000000,80.610515,178.312493,49.248363,66.084375,3.000000
2026-05-10T08:41:43.326231438Z,0,per_hit,raw_percent_of_host,api-node1,api-node2,0,1,1,99.130855,50.246717,99.130855,50.246717,100.000000,100.000000,13.000000,10.000000,4.000000,4.000000,13.000000,10.000000,80.610515,178.312493,49.248363,66.084375,3.000000
2026-05-10T08:41:43.375393435Z,0,per_hit,raw_percent_of_host,api-node1,api-node2,0,1,1,99.130855,50.246717,99.130855,50.246717,100.000000,100.000000,13.000000,10.000000,4.000000,4.000000,13.000000,10.000000,80.610515,178.312493,49.248363,66.084375,3.000000
2026-05-10T08:41:43.425302004Z,0,per_hit,raw_percent_of_host,api-node1,api-node2,0,1,1,99.130855,50.246717,99.130855,50.246717,100.000000,100.000000,13.000000,11.000000,4.000000,4.000000,13.000000,11.000000,80.610515,178.312493,49.248363,66.084375,3.000000
2026-05-10T08:41:43.475625104Z,0,per_hit,raw_percent_of_host,api-node1,api-node2,0,1,1,99.130855,50.246717,99.130855,50.246717,100.000000,100.000000,12.000000,10.000000,4.000000,4.000000,12.000000,10.000000,80.610515,178.312493,49.304573,66.084375,3.000000
2026-05-10T08:41:43.525521893Z,0,per_hit,raw_percent_of_host,api-node1,api-node2,0,1,1,88.178924,50.246717,88.178924,50.246717,100.000000,100.000000,1.000000,11.000000,12.000000,4.000000,1.000000,11.000000,242.400432,178.312493,49.903325,66.084375,3.000000
2026-05-10T08:41:43.575445052Z,0,per_hit,raw_percent_of_host,api-node1,api-node2,0,1,1,88.178924,49.878643,88.178924,49.878643,100.000000,100.000000,1.000000,3.000000,12.000000,7.000000,1.000000,3.000000,242.400432,299.227636,49.903325,60.038618,3.000000
2026-05-10T08:41:43.625705886Z,0,per_hit,raw_percent_of_host,api-node1,api-node2,0,1,1,80.528393,49.878643,80.528393,49.878643,100.000000,100.000000,0.000000,3.000000,1.000000,7.000000,0.000000,3.000000,50.047782,299.227636,50.000000,60.038618,3.000000
2026-05-10T08:41:43.725864568Z,0,per_hit,raw_percent_of_host,api-node1,api-node2,1,0,1,0.000000,0.000000,0.000000,0.000000,100.000000,100.000000,0.000000,1.000000,1.000000,1.000000,0.000000,1.000000,50.047782,79.057298,75.000000,74.940750,3.000000
2026-05-10T08:41:43.775378616Z,0,per_hit,raw_percent_of_host,api-node1,api-node2,1,0,1,0.000000,0.000000,0.000000,0.000000,100.000000,100.000000,0.000000,1.000000,1.000000,1.000000,0.000000,1.000000,50.047782,79.057298,75.000000,74.940750,3.000000
2026-05-10T08:41:43.975251641Z,0,per_hit,raw_percent_of_host,api-node1,api-node2,0,1,1,0.000000,0.000000,0.000000,0.000000,100.000000,100.000000,5.000000,3.000000,1.000000,1.000000,5.000000,3.000000,50.047782,50.068195,74.725246,74.834412,3.000000
2026-05-10T08:41:44.025744472Z,0,per_hit,raw_percent_of_host,api-node1,api-node2,0,1,1,0.000000,0.000000,0.000000,0.000000,100.000000,100.000000,5.000000,4.000000,1.000000,1.000000,5.000000,4.000000,50.047782,50.068195,74.725246,74.779703,3.000000
2026-05-10T08:41:44.07531632Z,0,per_hit,raw_percent_of_host,api-node1,api-node2,0,1,1,100.000000,78.805572,100.000000,78.805572,100.000000,100.000000,6.000000,4.000000,4.000000,2.000000,6.000000,4.000000,80.748566,60.822585,49.647268,49.684966,3.000000
2026-05-10T08:41:44.125295301Z,0,per_hit,raw_percent_of_host,api-node1,api-node2,0,1,1,100.000000,78.805572,100.000000,78.805572,100.000000,100.000000,7.000000,4.000000,4.000000,2.000000,7.000000,4.000000,80.748566,60.822585,49.589444,49.684966,3.000000
2026-05-10T08:41:44.175382523Z,0,per_hit,raw_percent_of_host,api-node1,api-node2,0,1,1,99.486280,63.315310,99.486280,63.315310,100.000000,100.000000,5.000000,1.000000,5.000000,2.000000,5.000000,1.000000,71.166104,84.039311,49.711871,70.467120,3.000000
2026-05-10T08:41:44.22559547Z,0,per_hit,raw_percent_of_host,api-node1,api-node2,0,1,1,93.854219,63.315310,93.854219,63.315310,100.000000,100.000000,8.000000,14.000000,3.000000,2.000000,8.000000,14.000000,61.448234,84.039311,49.552124,69.254736,3.000000
2026-05-10T08:41:44.275577841Z,0,per_hit,raw_percent_of_host,api-node1,api-node2,0,1,1,93.854219,63.315310,93.854219,63.315310,100.000000,100.000000,8.000000,13.000000,3.000000,2.000000,8.000000,13.000000,61.448234,84.039311,49.552124,69.345696,3.000000
2026-05-10T08:41:44.325709362Z,0,per_hit,raw_percent_of_host,api-node1,api-node2,0,1,1,93.854219,63.315310,93.854219,63.315310,100.000000,100.000000,8.000000,13.000000,3.000000,2.000000,8.000000,13.000000,61.448234,84.039311,49.552124,69.345696,3.000000
2026-05-10T08:41:44.375696717Z,0,per_hit,raw_percent_of_host,api-node1,api-node2,0,1,1,93.854219,45.138633,93.854219,45.138633,100.000000,100.000000,2.000000,12.000000,3.000000,4.000000,2.000000,12.000000,61.448234,59.559651,49.886506,70.712103,3.000000
2026-05-10T08:41:44.426100498Z,0,per_hit,raw_percent_of_host,api-node1,api-node2,0,1,1,90.459387,45.138633,90.459387,45.138633,100.000000,100.000000,1.000000,12.000000,2.000000,4.000000,1.000000,12.000000,50.031940,59.559651,49.944564,70.712103,3.000000
2026-05-10T08:41:44.47603337Z,0,per_hit,raw_percent_of_host,api-node1,api-node2,0,1,1,90.459387,45.138633,90.459387,45.138633,100.000000,100.000000,0.000000,12.000000,2.000000,4.000000,0.000000,12.000000,50.031940,59.559651,50.000000,70.712103,3.000000
2026-05-10T08:41:44.525238453Z,0,per_hit,raw_percent_of_host,api-node1,api-node2,0,1,1,90.459387,45.138633,90.459387,45.138633,100.000000,100.000000,0.000000,14.000000,2.000000,4.000000,0.000000,14.000000,50.031940,59.559651,50.000000,70.712103,3.000000
2026-05-10T08:41:44.575722149Z,0,per_hit,raw_percent_of_host,api-node1,api-node2,0,1,1,90.459387,45.138633,90.459387,45.138633,100.000000,100.000000,0.000000,13.000000,2.000000,4.000000,0.000000,13.000000,50.031940,59.559651,50.000000,70.712103,3.000000
2026-05-10T08:41:44.625877543Z,0,per_hit,raw_percent_of_host,api-node1,api-node2,0,1,1,90.459387,45.138633,90.459387,45.138633,100.000000,100.000000,0.000000,13.000000,2.000000,4.000000,0.000000,13.000000,50.031940,59.559651,50.000000,70.712103,3.000000
2026-05-10T08:41:44.67544076Z,0,per_hit,raw_percent_of_host,api-node1,api-node2,0,1,1,90.459387,56.025710,90.459387,56.025710,100.000000,100.000000,0.000000,6.000000,2.000000,9.000000,0.000000,6.000000,50.031940,320.199393,50.000000,58.990030,3.000000
2026-05-10T08:41:44.725232412Z,0,per_hit,raw_percent_of_host,api-node1,api-node2,1,0,1,20.599374,56.025710,20.599374,56.025710,100.000000,100.000000,0.000000,7.000000,1.000000,9.000000,0.000000,7.000000,50.047504,320.199393,75.000000,58.990030,3.000000
2026-05-10T08:41:44.775954858Z,0,per_hit,raw_percent_of_host,api-node1,api-node2,1,0,1,0.000000,24.842949,0.000000,24.842949,100.000000,100.000000,0.000000,2.000000,1.000000,2.000000,0.000000,2.000000,50.047504,101.548226,75.000000,74.875141,3.000000
2026-05-10T08:41:44.826095953Z,0,per_hit,raw_percent_of_host,api-node1,api-node2,1,0,1,0.000000,24.842949,0.000000,24.842949,100.000000,100.000000,0.000000,2.000000,1.000000,2.000000,0.000000,2.000000,50.047504,101.548226,75.000000,74.875141,3.000000
2026-05-10T08:41:44.975934742Z,0,per_hit,raw_percent_of_host,api-node1,api-node2,0,1,1,0.000000,0.000000,0.000000,0.000000,100.000000,100.000000,5.000000,3.000000,1.000000,1.000000,5.000000,3.000000,50.047504,60.531301,74.725246,74.830496,3.000000
2026-05-10T08:41:45.025240061Z,0,per_hit,raw_percent_of_host,api-node1,api-node2,0,1,1,48.725550,0.000000,48.725550,0.000000,100.000000,100.000000,6.000000,4.000000,3.000000,1.000000,6.000000,4.000000,50.047504,60.531301,71.783447,74.774505,3.000000
2026-05-10T08:41:45.075540967Z,0,per_hit,raw_percent_of_host,api-node1,api-node2,0,1,1,97.789617,69.515532,97.789617,69.515532,100.000000,100.000000,5.000000,5.000000,3.000000,3.000000,5.000000,5.000000,60.368237,50.613202,49.718868,62.832823,3.000000
2026-05-10T08:41:45.126080873Z,0,per_hit,raw_percent_of_host,api-node1,api-node2,0,1,1,97.789617,69.515532,97.789617,69.515532,100.000000,100.000000,6.000000,5.000000,3.000000,3.000000,6.000000,5.000000,60.368237,50.613202,49.663399,62.832823,3.000000
2026-05-10T08:41:45.176138325Z,0,per_hit,raw_percent_of_host,api-node1,api-node2,0,1,1,99.362849,58.213039,99.362849,58.213039,100.000000,100.000000,1.000000,3.000000,5.000000,3.000000,1.000000,3.000000,111.011656,119.499410,49.935896,69.025030,3.000000
2026-05-10T08:41:45.225675326Z,0,per_hit,raw_percent_of_host,api-node1,api-node2,0,1,1,85.846262,58.213039,85.846262,58.213039,100.000000,100.000000,4.000000,20.000000,2.000000,3.000000,4.000000,20.000000,50.039116,119.499410,49.769994,69.025030,3.000000
2026-05-10T08:41:45.275869675Z,0,per_hit,raw_percent_of_host,api-node1,api-node2,0,1,1,85.846262,58.213039,85.846262,58.213039,100.000000,100.000000,4.000000,18.000000,2.000000,3.000000,4.000000,18.000000,50.039116,119.499410,49.769994,69.025030,3.000000
2026-05-10T08:41:45.325761494Z,0,per_hit,raw_percent_of_host,api-node1,api-node2,0,1,1,85.846262,58.213039,85.846262,58.213039,100.000000,100.000000,1.000000,18.000000,2.000000,3.000000,1.000000,18.000000,50.039116,119.499410,49.942099,69.025030,3.000000
2026-05-10T08:41:45.375532059Z,0,per_hit,raw_percent_of_host,api-node1,api-node2,0,1,1,85.846262,58.213039,85.846262,58.213039,100.000000,100.000000,0.000000,17.000000,2.000000,3.000000,0.000000,17.000000,50.039116,119.499410,50.000000,69.025030,3.000000
2026-05-10T08:41:45.42538283Z,0,per_hit,raw_percent_of_host,api-node1,api-node2,0,1,1,85.846262,58.213039,85.846262,58.213039,100.000000,100.000000,1.000000,17.000000,2.000000,3.000000,1.000000,17.000000,50.039116,119.499410,49.942099,69.025030,3.000000
2026-05-10T08:41:45.475547974Z,0,per_hit,raw_percent_of_host,api-node1,api-node2,0,1,1,85.846262,58.213039,85.846262,58.213039,100.000000,100.000000,0.000000,16.000000,2.000000,3.000000,0.000000,16.000000,50.039116,119.499410,50.000000,69.025030,3.000000
2026-05-10T08:41:45.525374853Z,0,per_hit,raw_percent_of_host,api-node1,api-node2,0,1,1,85.846262,58.213039,85.846262,58.213039,100.000000,100.000000,1.000000,16.000000,2.000000,3.000000,1.000000,16.000000,50.039116,119.499410,49.942099,69.025030,3.000000
2026-05-10T08:41:45.575541576Z,0,per_hit,raw_percent_of_host,api-node1,api-node2,0,1,1,85.846262,58.213039,85.846262,58.213039,100.000000,100.000000,1.000000,16.000000,2.000000,3.000000,1.000000,16.000000,50.039116,119.499410,49.942099,69.025030,3.000000
2026-05-10T08:41:45.625586695Z,0,per_hit,raw_percent_of_host,api-node1,api-node2,0,1,1,85.846262,58.213039,85.846262,58.213039,100.000000,100.000000,1.000000,15.000000,2.000000,3.000000,1.000000,15.000000,50.039116,119.499410,49.942099,69.025030,3.000000
2026-05-10T08:41:45.676248064Z,0,per_hit,raw_percent_of_host,api-node1,api-node2,0,1,1,85.846262,58.213039,85.846262,58.213039,100.000000,100.000000,1.000000,14.000000,2.000000,3.000000,1.000000,14.000000,50.039116,119.499410,49.942099,69.025030,3.000000
2026-05-10T08:41:45.72600068Z,0,per_hit,raw_percent_of_host,api-node1,api-node2,0,1,1,85.846262,58.213039,85.846262,58.213039,100.000000,100.000000,1.000000,15.000000,2.000000,3.000000,1.000000,15.000000,50.039116,119.499410,49.942099,69.025030,3.000000
2026-05-10T08:41:45.77567341Z,0,per_hit,raw_percent_of_host,api-node1,api-node2,0,1,1,85.846262,58.213039,85.846262,58.213039,100.000000,100.000000,1.000000,4.000000,2.000000,3.000000,1.000000,4.000000,50.039116,119.499410,49.942099,69.025030,3.000000
2026-05-10T08:41:45.825451662Z,0,per_hit,raw_percent_of_host,api-node1,api-node2,0,1,1,37.095034,47.398531,37.095034,47.398531,100.000000,100.000000,0.000000,3.000000,1.000000,9.000000,0.000000,3.000000,50.047022,59.349496,70.939671,71.088516,3.000000
2026-05-10T08:41:45.975952601Z,0,per_hit,raw_percent_of_host,api-node1,api-node2,1,0,1,0.000000,0.000000,0.000000,0.000000,100.000000,100.000000,2.000000,6.000000,1.000000,1.000000,2.000000,6.000000,50.047022,57.988517,74.889369,74.665187,3.000000
2026-05-10T08:41:46.025246509Z,0,per_hit,raw_percent_of_host,api-node1,api-node2,1,0,1,0.000000,35.807631,0.000000,35.807631,100.000000,100.000000,2.000000,6.000000,1.000000,3.000000,2.000000,6.000000,50.047022,57.988517,74.889369,70.759038,3.000000
2026-05-10T08:41:46.076078111Z,0,per_hit,raw_percent_of_host,api-node1,api-node2,0,1,1,100.000000,35.807631,100.000000,35.807631,100.000000,100.000000,7.000000,7.000000,1.000000,3.000000,7.000000,7.000000,50.046522,57.988517,49.617029,70.759038,3.000000
2026-05-10T08:41:46.126230828Z,0,per_hit,raw_percent_of_host,api-node1,api-node2,0,1,1,100.000000,35.807631,100.000000,35.807631,100.000000,100.000000,7.000000,7.000000,1.000000,3.000000,7.000000,7.000000,50.046522,57.988517,49.617029,70.759038,3.000000
2026-05-10T08:41:46.176022071Z,0,per_hit,raw_percent_of_host,api-node1,api-node2,0,1,1,100.000000,52.434245,100.000000,52.434245,100.000000,100.000000,6.000000,3.000000,1.000000,4.000000,6.000000,3.000000,50.046522,153.457442,49.671019,67.327128,3.000000
2026-05-10T08:41:46.225947267Z,0,per_hit,raw_percent_of_host,api-node1,api-node2,0,1,1,98.181819,52.434245,98.181819,52.434245,100.000000,100.000000,8.000000,17.000000,3.000000,4.000000,8.000000,17.000000,61.452998,153.457442,49.552119,67.327128,3.000000
2026-05-10T08:41:46.275467024Z,0,per_hit,raw_percent_of_host,api-node1,api-node2,0,1,1,98.181819,50.122777,98.181819,50.122777,100.000000,100.000000,7.000000,14.000000,3.000000,2.000000,7.000000,14.000000,61.452998,97.685179,49.607224,69.651280,3.000000
2026-05-10T08:41:46.325466352Z,0,per_hit,raw_percent_of_host,api-node1,api-node2,0,1,1,98.181819,50.122777,98.181819,50.122777,100.000000,100.000000,6.000000,14.000000,3.000000,2.000000,6.000000,14.000000,61.452998,97.685179,49.662578,69.651280,3.000000
2026-05-10T08:41:46.375474802Z,0,per_hit,raw_percent_of_host,api-node1,api-node2,0,1,1,98.596721,50.122777,98.596721,50.122777,100.000000,100.000000,1.000000,13.000000,7.000000,2.000000,1.000000,13.000000,100.064217,97.685179,49.937646,69.651280,3.000000
2026-05-10T08:41:46.425867888Z,0,per_hit,raw_percent_of_host,api-node1,api-node2,0,1,1,98.596721,50.122777,98.596721,50.122777,100.000000,100.000000,0.000000,14.000000,7.000000,2.000000,0.000000,14.000000,100.064217,97.685179,50.000000,69.651280,3.000000
2026-05-10T08:41:46.475612207Z,0,per_hit,raw_percent_of_host,api-node1,api-node2,0,1,1,98.596721,57.950084,98.596721,57.950084,100.000000,100.000000,0.000000,14.000000,7.000000,8.000000,0.000000,14.000000,100.064217,59.409423,50.000000,72.029529,3.000000
2026-05-10T08:41:46.525560126Z,0,per_hit,raw_percent_of_host,api-node1,api-node2,1,0,1,23.081084,57.950084,23.081084,57.950084,100.000000,100.000000,0.000000,15.000000,1.000000,8.000000,0.000000,15.000000,50.069240,59.409423,75.000000,72.029529,3.000000
2026-05-10T08:41:46.575651867Z,0,per_hit,raw_percent_of_host,api-node1,api-node2,1,0,1,23.081084,57.950084,23.081084,57.950084,100.000000,100.000000,0.000000,14.000000,1.000000,8.000000,0.000000,14.000000,50.069240,59.409423,75.000000,72.029529,3.000000
2026-05-10T08:41:46.625793134Z,0,per_hit,raw_percent_of_host,api-node1,api-node2,1,0,1,23.081084,57.950084,23.081084,57.950084,100.000000,100.000000,0.000000,14.000000,1.000000,8.000000,0.000000,14.000000,50.069240,59.409423,75.000000,72.029529,3.000000
2026-05-10T08:41:46.675407437Z,0,per_hit,raw_percent_of_host,api-node1,api-node2,1,0,1,23.081084,57.950084,23.081084,57.950084,100.000000,100.000000,0.000000,13.000000,1.000000,8.000000,0.000000,13.000000,50.069240,59.409423,75.000000,72.029529,3.000000
2026-05-10T08:41:46.725929245Z,0,per_hit,raw_percent_of_host,api-node1,api-node2,1,0,1,23.081084,57.950084,23.081084,57.950084,100.000000,100.000000,1.000000,13.000000,1.000000,8.000000,1.000000,13.000000,50.069240,59.409423,74.944559,72.029529,3.000000
2026-05-10T08:41:46.776038308Z,0,per_hit,raw_percent_of_host,api-node1,api-node2,1,0,1,14.084739,46.450570,14.084739,46.450570,100.000000,100.000000,1.000000,2.000000,2.000000,6.000000,1.000000,2.000000,50.069240,301.204955,74.944559,59.939752,3.000000
2026-05-10T08:41:46.826092938Z,0,per_hit,raw_percent_of_host,api-node1,api-node2,1,0,1,14.084739,46.450570,14.084739,46.450570,100.000000,100.000000,0.000000,1.000000,2.000000,6.000000,0.000000,1.000000,50.069240,301.204955,75.000000,59.939752,3.000000
2026-05-10T08:41:46.975904573Z,0,per_hit,raw_percent_of_host,api-node1,api-node2,0,1,1,0.000000,0.000000,0.000000,0.000000,100.000000,100.000000,5.000000,3.000000,1.000000,1.000000,5.000000,3.000000,50.095573,77.517758,74.725217,74.823729,3.000000
2026-05-10T08:41:47.02628058Z,0,per_hit,raw_percent_of_host,api-node1,api-node2,0,1,1,45.518678,0.000000,45.518678,0.000000,100.000000,100.000000,6.000000,3.000000,3.000000,1.000000,6.000000,3.000000,50.095573,77.517758,71.351055,74.823729,3.000000
2026-05-10T08:41:47.076032731Z,0,per_hit,raw_percent_of_host,api-node1,api-node2,1,0,1,45.518678,87.371743,45.518678,87.371743,100.000000,100.000000,8.000000,3.000000,3.000000,1.000000,8.000000,3.000000,50.095573,50.047848,71.351055,49.834420,3.000000
2026-05-10T08:41:47.125511981Z,0,per_hit,raw_percent_of_host,api-node1,api-node2,1,0,1,45.518678,87.371743,45.518678,87.371743,100.000000,100.000000,7.000000,4.000000,3.000000,1.000000,7.000000,4.000000,50.095573,50.047848,71.351055,49.779712,3.000000
2026-05-10T08:41:47.176258614Z,0,per_hit,raw_percent_of_host,api-node1,api-node2,0,1,1,98.964229,87.371743,98.964229,87.371743,100.000000,100.000000,5.000000,2.000000,7.000000,1.000000,5.000000,2.000000,60.100486,50.047848,49.719038,49.889369,3.000000
2026-05-10T08:41:47.22567365Z,0,per_hit,raw_percent_of_host,api-node1,api-node2,0,1,1,79.268339,87.371743,79.268339,87.371743,100.000000,100.000000,12.000000,11.000000,2.000000,1.000000,12.000000,11.000000,50.045241,50.047848,49.099475,49.403409,3.000000
2026-05-10T08:41:47.275878624Z,0,per_hit,raw_percent_of_host,api-node1,api-node2,0,1,1,79.268339,87.371743,79.268339,87.371743,100.000000,100.000000,11.000000,8.000000,2.000000,1.000000,11.000000,8.000000,50.045241,50.047848,49.172033,49.563273,3.000000
2026-05-10T08:41:47.326028476Z,0,per_hit,raw_percent_of_host,api-node1,api-node2,0,1,1,79.268339,87.371743,79.268339,87.371743,100.000000,100.000000,11.000000,8.000000,2.000000,1.000000,11.000000,8.000000,50.045241,50.047848,49.172033,49.563273,3.000000
2026-05-10T08:41:47.375383544Z,0,per_hit,raw_percent_of_host,api-node1,api-node2,0,1,1,79.268339,50.435041,79.268339,50.435041,100.000000,100.000000,10.000000,7.000000,2.000000,4.000000,10.000000,7.000000,50.045241,59.596738,49.245030,71.477355,3.000000
2026-05-10T08:41:47.426161814Z,0,per_hit,raw_percent_of_host,api-node1,api-node2,0,1,1,79.268339,50.435041,79.268339,50.435041,100.000000,100.000000,11.000000,7.000000,2.000000,4.000000,11.000000,7.000000,50.045241,59.596738,49.172033,71.477355,3.000000
2026-05-10T08:41:47.475700395Z,0,per_hit,raw_percent_of_host,api-node1,api-node2,0,1,1,100.000000,50.435041,100.000000,50.435041,100.000000,100.000000,1.000000,7.000000,5.000000,4.000000,1.000000,7.000000,100.391760,59.596738,49.937595,71.477355,3.000000
2026-05-10T08:41:47.52583589Z,0,per_hit,raw_percent_of_host,api-node1,api-node2,0,1,1,100.000000,50.435041,100.000000,50.435041,100.000000,100.000000,1.000000,7.000000,5.000000,4.000000,1.000000,7.000000,100.391760,59.596738,49.937595,71.477355,3.000000
2026-05-10T08:41:47.575452219Z,0,per_hit,raw_percent_of_host,api-node1,api-node2,0,1,1,48.917748,0.000000,48.917748,0.000000,100.000000,100.000000,1.000000,0.000000,2.000000,1.000000,1.000000,0.000000,50.036827,82.130943,71.806586,75.000000,3.000000
2026-05-10T08:41:47.725354766Z,0,per_hit,raw_percent_of_host,api-node1,api-node2,0,1,1,0.000000,0.000000,0.000000,0.000000,100.000000,100.000000,1.000000,0.000000,1.000000,1.000000,1.000000,0.000000,50.045710,82.130943,74.944562,75.000000,3.000000
2026-05-10T08:41:47.775606855Z,0,per_hit,raw_percent_of_host,api-node1,api-node2,0,1,1,47.720554,0.000000,47.720554,0.000000,100.000000,100.000000,1.000000,0.000000,2.000000,1.000000,1.000000,0.000000,50.045710,82.130943,71.660280,75.000000,3.000000
2026-05-10T08:41:47.975377472Z,0,per_hit,raw_percent_of_host,api-node1,api-node2,1,0,1,0.000000,0.000000,0.000000,0.000000,100.000000,100.000000,4.000000,4.000000,1.000000,1.000000,4.000000,4.000000,50.098411,82.130943,74.779688,74.762960,3.000000
2026-05-10T08:41:48.025932816Z,0,per_hit,raw_percent_of_host,api-node1,api-node2,1,0,1,0.000000,0.000000,0.000000,0.000000,100.000000,100.000000,4.000000,4.000000,1.000000,1.000000,4.000000,4.000000,50.098411,82.130943,74.779688,74.762960,3.000000
2026-05-10T08:41:48.075251135Z,0,per_hit,raw_percent_of_host,api-node1,api-node2,1,0,1,0.000000,51.339998,0.000000,51.339998,100.000000,100.000000,5.000000,6.000000,1.000000,5.000000,5.000000,6.000000,50.098411,82.130943,74.725215,70.520944,3.000000
2026-05-10T08:41:48.125255462Z,0,per_hit,raw_percent_of_host,api-node1,api-node2,1,0,1,0.000000,51.339998,0.000000,51.339998,100.000000,100.000000,3.000000,6.000000,1.000000,5.000000,3.000000,6.000000,50.098411,82.130943,74.834401,70.520944,3.000000
2026-05-10T08:41:48.175851312Z,0,per_hit,raw_percent_of_host,api-node1,api-node2,0,1,1,100.000000,40.024809,100.000000,40.024809,100.000000,100.000000,2.000000,5.000000,4.000000,3.000000,2.000000,5.000000,70.128824,59.143668,49.884225,69.599419,3.000000
2026-05-10T08:41:48.225672653Z,0,per_hit,raw_percent_of_host,api-node1,api-node2,0,1,1,97.827588,40.024809,97.827588,40.024809,100.000000,100.000000,10.000000,14.000000,2.000000,3.000000,10.000000,14.000000,70.250973,59.143668,49.431494,69.599419,3.000000
2026-05-10T08:41:48.275301341Z,0,per_hit,raw_percent_of_host,api-node1,api-node2,0,1,1,97.827588,40.024809,97.827588,40.024809,100.000000,100.000000,9.000000,10.000000,2.000000,3.000000,9.000000,10.000000,70.250973,59.143668,49.487178,69.599419,3.000000
2026-05-10T08:41:48.325547446Z,0,per_hit,raw_percent_of_host,api-node1,api-node2,0,1,1,97.827588,40.024809,97.827588,40.024809,100.000000,100.000000,9.000000,10.000000,2.000000,3.000000,9.000000,10.000000,70.250973,59.143668,49.487178,69.599419,3.000000
2026-05-10T08:41:48.375689119Z,0,per_hit,raw_percent_of_host,api-node1,api-node2,0,1,1,97.827588,40.024809,97.827588,40.024809,100.000000,100.000000,9.000000,10.000000,2.000000,3.000000,9.000000,10.000000,70.250973,59.143668,49.487178,69.599419,3.000000
2026-05-10T08:41:48.425390417Z,0,per_hit,raw_percent_of_host,api-node1,api-node2,0,1,1,97.827588,40.024809,97.827588,40.024809,100.000000,100.000000,3.000000,10.000000,2.000000,3.000000,3.000000,10.000000,70.250973,59.143668,49.826689,69.599419,3.000000
2026-05-10T08:41:48.475748424Z,0,per_hit,raw_percent_of_host,api-node1,api-node2,0,1,1,98.861988,49.923238,98.861988,49.923238,100.000000,100.000000,1.000000,9.000000,2.000000,6.000000,1.000000,9.000000,50.037847,59.544070,49.944563,71.418103,3.000000
2026-05-10T08:41:48.52544212Z,0,per_hit,raw_percent_of_host,api-node1,api-node2,0,1,1,98.861988,49.923238,98.861988,49.923238,100.000000,100.000000,0.000000,10.000000,2.000000,6.000000,0.000000,10.000000,50.037847,59.544070,50.000000,71.418103,3.000000
2026-05-10T08:41:48.575814554Z,0,per_hit,raw_percent_of_host,api-node1,api-node2,1,0,1,24.869004,56.975422,24.869004,56.975422,100.000000,100.000000,0.000000,2.000000,1.000000,4.000000,0.000000,2.000000,50.047822,122.091628,75.000000,68.895419,3.000000
2026-05-10T08:41:48.625949445Z,0,per_hit,raw_percent_of_host,api-node1,api-node2,1,0,1,24.869004,56.975422,24.869004,56.975422,100.000000,100.000000,0.000000,2.000000,1.000000,4.000000,0.000000,2.000000,50.047822,122.091628,75.000000,68.895419,3.000000
2026-05-10T08:41:48.726207453Z,0,per_hit,raw_percent_of_host,api-node1,api-node2,1,0,1,0.000000,0.000000,0.000000,0.000000,100.000000,100.000000,0.000000,1.000000,1.000000,1.000000,0.000000,1.000000,50.047822,78.523576,75.000000,74.940825,3.000000
2026-05-10T08:41:48.775902346Z,0,per_hit,raw_percent_of_host,api-node1,api-node2,1,0,1,0.000000,0.000000,0.000000,0.000000,100.000000,100.000000,0.000000,1.000000,1.000000,1.000000,0.000000,1.000000,50.047822,78.523576,75.000000,74.940825,3.000000
2026-05-10T08:41:48.976057103Z,0,per_hit,raw_percent_of_host,api-node1,api-node2,1,0,1,0.000000,0.000000,0.000000,0.000000,100.000000,100.000000,1.000000,7.000000,1.000000,1.000000,1.000000,7.000000,50.047822,50.096613,74.944562,74.616987,3.000000
2026-05-10T08:41:49.025613517Z,0,per_hit,raw_percent_of_host,api-node1,api-node2,1,0,1,0.000000,0.000000,0.000000,0.000000,100.000000,100.000000,0.000000,8.000000,1.000000,1.000000,0.000000,8.000000,50.047822,50.096613,75.000000,74.563227,3.000000
2026-05-10T08:41:49.075762197Z,0,per_hit,raw_percent_of_host,api-node1,api-node2,1,0,1,0.000000,51.586469,0.000000,51.586469,100.000000,100.000000,5.000000,10.000000,1.000000,5.000000,5.000000,10.000000,50.047822,50.096613,74.725246,72.086751,3.000000
2026-05-10T08:41:49.125992493Z,0,per_hit,raw_percent_of_host,api-node1,api-node2,1,0,1,0.000000,51.586469,0.000000,51.586469,100.000000,100.000000,6.000000,10.000000,1.000000,5.000000,6.000000,10.000000,50.047822,50.096613,74.671018,72.086751,3.000000
2026-05-10T08:41:49.175890208Z,0,per_hit,raw_percent_of_host,api-node1,api-node2,0,1,1,77.568756,51.586469,77.568756,51.586469,100.000000,100.000000,2.000000,6.000000,4.000000,5.000000,2.000000,6.000000,76.318935,50.096613,49.830401,72.086751,3.000000
2026-05-10T08:41:49.225746781Z,0,per_hit,raw_percent_of_host,api-node1,api-node2,0,1,1,77.568756,51.586469,77.568756,51.586469,100.000000,100.000000,8.000000,16.000000,4.000000,5.000000,8.000000,16.000000,76.318935,50.096613,49.335134,72.086751,3.000000
2026-05-10T08:41:49.276013501Z,0,per_hit,raw_percent_of_host,api-node1,api-node2,0,1,1,77.568756,49.908071,77.568756,49.908071,100.000000,100.000000,8.000000,12.000000,4.000000,4.000000,8.000000,12.000000,76.318935,199.181378,49.335134,65.040931,3.000000
2026-05-10T08:41:49.325849204Z,0,per_hit,raw_percent_of_host,api-node1,api-node2,0,1,1,77.568756,49.908071,77.568756,49.908071,100.000000,100.000000,7.000000,12.000000,4.000000,4.000000,7.000000,12.000000,76.318935,199.181378,49.416302,65.040931,3.000000
2026-05-10T08:41:49.375861527Z,0,per_hit,raw_percent_of_host,api-node1,api-node2,0,1,1,98.818368,49.908071,98.818368,49.908071,100.000000,100.000000,2.000000,12.000000,7.000000,4.000000,2.000000,12.000000,141.379042,199.181378,49.861350,65.040931,3.000000
2026-05-10T08:41:49.42588058Z,0,per_hit,raw_percent_of_host,api-node1,api-node2,0,1,1,98.818368,49.908071,98.818368,49.908071,100.000000,100.000000,0.000000,12.000000,7.000000,4.000000,0.000000,12.000000,141.379042,199.181378,50.000000,65.040931,3.000000
2026-05-10T08:41:49.47576662Z,0,per_hit,raw_percent_of_host,api-node1,api-node2,0,1,1,98.818368,49.908071,98.818368,49.908071,100.000000,100.000000,0.000000,11.000000,7.000000,4.000000,0.000000,11.000000,141.379042,199.181378,50.000000,65.040931,3.000000
2026-05-10T08:41:49.525357458Z,0,per_hit,raw_percent_of_host,api-node1,api-node2,0,1,1,98.818368,49.908071,98.818368,49.908071,100.000000,100.000000,0.000000,12.000000,7.000000,4.000000,0.000000,12.000000,141.379042,199.181378,50.000000,65.040931,3.000000
2026-05-10T08:41:49.575946673Z,0,per_hit,raw_percent_of_host,api-node1,api-node2,0,1,1,98.818368,49.908071,98.818368,49.908071,100.000000,100.000000,0.000000,11.000000,7.000000,4.000000,0.000000,11.000000,141.379042,199.181378,50.000000,65.040931,3.000000
2026-05-10T08:41:49.626098518Z,0,per_hit,raw_percent_of_host,api-node1,api-node2,0,1,1,98.818368,49.908071,98.818368,49.908071,100.000000,100.000000,0.000000,11.000000,7.000000,4.000000,0.000000,11.000000,141.379042,199.181378,50.000000,65.040931,3.000000
2026-05-10T08:41:49.675667656Z,0,per_hit,raw_percent_of_host,api-node1,api-node2,1,0,1,10.752609,100.000000,10.752609,100.000000,100.000000,100.000000,0.000000,1.000000,1.000000,2.000000,0.000000,1.000000,50.044372,100.411828,75.000000,49.937592,3.000000
2026-05-10T08:41:49.725924319Z,0,per_hit,raw_percent_of_host,api-node1,api-node2,1,0,1,0.000000,100.000000,0.000000,100.000000,100.000000,100.000000,1.000000,1.000000,1.000000,2.000000,1.000000,1.000000,50.044372,100.411828,74.944562,49.937592,3.000000
2026-05-10T08:41:49.775618126Z,0,per_hit,raw_percent_of_host,api-node1,api-node2,0,1,1,15.262901,0.000000,15.262901,0.000000,100.000000,100.000000,1.000000,0.000000,2.000000,1.000000,1.000000,0.000000,50.044372,50.044513,74.944562,75.000000,3.000000
2026-05-10T08:41:49.976085182Z,0,per_hit,raw_percent_of_host,api-node1,api-node2,1,0,1,0.000000,31.731723,0.000000,31.731723,100.000000,100.000000,3.000000,5.000000,1.000000,2.000000,3.000000,5.000000,50.080364,50.044513,74.834408,71.988246,3.000000
2026-05-10T08:41:50.025741901Z,0,per_hit,raw_percent_of_host,api-node1,api-node2,0,1,1,42.098487,31.731723,42.098487,31.731723,100.000000,100.000000,3.000000,5.000000,3.000000,2.000000,3.000000,5.000000,50.080364,50.044513,70.746449,71.988246,3.000000
2026-05-10T08:41:50.075779466Z,0,per_hit,raw_percent_of_host,api-node1,api-node2,0,1,1,79.255586,74.455461,79.255586,74.455461,100.000000,100.000000,6.000000,5.000000,2.000000,4.000000,6.000000,5.000000,50.054571,92.556129,49.541181,51.245032,3.000000
2026-05-10T08:41:50.125433952Z,0,per_hit,raw_percent_of_host,api-node1,api-node2,0,1,1,79.255586,74.455461,79.255586,74.455461,100.000000,100.000000,7.000000,5.000000,2.000000,4.000000,7.000000,5.000000,50.054571,92.556129,49.466344,51.245032,3.000000
2026-05-10T08:41:50.176106317Z,0,per_hit,raw_percent_of_host,api-node1,api-node2,0,1,1,99.134853,50.388265,99.134853,50.388265,100.000000,100.000000,2.000000,2.000000,5.000000,4.000000,2.000000,2.000000,80.783057,100.447080,49.881296,69.577891,3.000000
2026-05-10T08:41:50.225734119Z,0,per_hit,raw_percent_of_host,api-node1,api-node2,0,1,1,98.640476,50.388265,98.640476,50.388265,100.000000,100.000000,2.000000,18.000000,2.000000,4.000000,2.000000,18.000000,50.066110,100.447080,49.889364,69.577891,3.000000
2026-05-10T08:41:50.276235969Z,0,per_hit,raw_percent_of_host,api-node1,api-node2,0,1,1,98.640476,50.388265,98.640476,50.388265,100.000000,100.000000,2.000000,15.000000,2.000000,4.000000,2.000000,15.000000,50.066110,100.447080,49.889364,69.577891,3.000000
2026-05-10T08:41:50.326200256Z,0,per_hit,raw_percent_of_host,api-node1,api-node2,0,1,1,98.640476,50.388265,98.640476,50.388265,100.000000,100.000000,1.000000,15.000000,2.000000,4.000000,1.000000,15.000000,50.066110,100.447080,49.944560,69.577891,3.000000
2026-05-10T08:41:50.375304575Z,0,per_hit,raw_percent_of_host,api-node1,api-node2,0,1,1,98.640476,50.388265,98.640476,50.388265,100.000000,100.000000,1.000000,15.000000,2.000000,4.000000,1.000000,15.000000,50.066110,100.447080,49.944560,69.577891,3.000000
2026-05-10T08:41:50.426215047Z,0,per_hit,raw_percent_of_host,api-node1,api-node2,0,1,1,98.640476,50.388265,98.640476,50.388265,100.000000,100.000000,0.000000,14.000000,2.000000,4.000000,0.000000,14.000000,50.066110,100.447080,50.000000,69.577891,3.000000
2026-05-10T08:41:50.475470303Z,0,per_hit,raw_percent_of_host,api-node1,api-node2,0,1,1,98.640476,50.388265,98.640476,50.388265,100.000000,100.000000,0.000000,13.000000,2.000000,4.000000,0.000000,13.000000,50.066110,100.447080,50.000000,69.577891,3.000000
2026-05-10T08:41:50.52564921Z,0,per_hit,raw_percent_of_host,api-node1,api-node2,0,1,1,98.640476,50.388265,98.640476,50.388265,100.000000,100.000000,0.000000,13.000000,2.000000,4.000000,0.000000,13.000000,50.066110,100.447080,50.000000,69.577891,3.000000
2026-05-10T08:41:50.575588871Z,0,per_hit,raw_percent_of_host,api-node1,api-node2,1,0,1,19.134516,47.386975,19.134516,47.386975,100.000000,100.000000,0.000000,13.000000,1.000000,8.000000,0.000000,13.000000,50.038249,59.548748,75.000000,71.075738,3.000000
2026-05-10T08:41:50.625732998Z,0,per_hit,raw_percent_of_host,api-node1,api-node2,1,0,1,19.134516,47.386975,19.134516,47.386975,100.000000,100.000000,0.000000,13.000000,1.000000,8.000000,0.000000,13.000000,50.038249,59.548748,75.000000,71.075738,3.000000
2026-05-10T08:41:50.675398709Z,0,per_hit,raw_percent_of_host,api-node1,api-node2,1,0,1,19.134516,47.386975,19.134516,47.386975,100.000000,100.000000,0.000000,12.000000,1.000000,8.000000,0.000000,12.000000,50.038249,59.548748,75.000000,71.075738,3.000000
2026-05-10T08:41:50.725930946Z,0,per_hit,raw_percent_of_host,api-node1,api-node2,1,0,1,19.134516,47.386975,19.134516,47.386975,100.000000,100.000000,1.000000,12.000000,1.000000,8.000000,1.000000,12.000000,50.038249,59.548748,74.944563,71.075738,3.000000
2026-05-10T08:41:50.775862903Z,0,per_hit,raw_percent_of_host,api-node1,api-node2,1,0,1,19.134516,49.826333,19.134516,49.826333,100.000000,100.000000,1.000000,2.000000,1.000000,5.000000,1.000000,2.000000,50.038249,219.707419,74.944563,64.014629,3.000000
2026-05-10T08:41:50.825627431Z,0,per_hit,raw_percent_of_host,api-node1,api-node2,1,0,1,22.606162,49.826333,22.606162,49.826333,100.000000,100.000000,0.000000,1.000000,1.000000,5.000000,0.000000,1.000000,50.061161,219.707419,75.000000,64.014629,3.000000
2026-05-10T08:41:50.97613507Z,0,per_hit,raw_percent_of_host,api-node1,api-node2,1,0,1,0.000000,0.000000,0.000000,0.000000,100.000000,100.000000,3.000000,5.000000,1.000000,1.000000,3.000000,5.000000,50.061161,78.307567,74.834415,74.707049,3.000000
2026-05-10T08:41:51.025444656Z,0,per_hit,raw_percent_of_host,api-node1,api-node2,1,0,1,0.000000,15.420499,0.000000,15.420499,100.000000,100.000000,1.000000,6.000000,1.000000,2.000000,1.000000,6.000000,50.061161,78.307567,74.944560,74.649281,3.000000
2026-05-10T08:41:51.075533156Z,0,per_hit,raw_percent_of_host,api-node1,api-node2,1,0,1,100.000000,98.427559,100.000000,98.427559,100.000000,100.000000,2.000000,9.000000,2.000000,4.000000,2.000000,9.000000,50.041460,90.258761,49.889370,49.462675,3.000000
2026-05-10T08:41:51.125505658Z,0,per_hit,raw_percent_of_host,api-node1,api-node2,1,0,1,93.223483,98.427559,93.223483,98.427559,100.000000,100.000000,0.000000,9.000000,2.000000,4.000000,0.000000,9.000000,50.046076,90.258761,50.000000,49.462675,3.000000
2026-05-10T08:41:51.175307498Z,0,per_hit,raw_percent_of_host,api-node1,api-node2,1,0,1,93.223483,98.427559,93.223483,98.427559,100.000000,100.000000,1.000000,8.000000,2.000000,4.000000,1.000000,8.000000,50.046076,90.258761,49.944562,49.521235,3.000000
2026-05-10T08:41:51.226168033Z,0,per_hit,raw_percent_of_host,api-node1,api-node2,1,0,1,93.223483,98.427559,93.223483,98.427559,100.000000,100.000000,10.000000,15.000000,2.000000,4.000000,10.000000,15.000000,50.046076,90.258761,49.456467,49.117110,3.000000
2026-05-10T08:41:51.275701472Z,0,per_hit,raw_percent_of_host,api-node1,api-node2,0,1,1,93.223483,47.441673,93.223483,47.441673,100.000000,100.000000,9.000000,14.000000,2.000000,7.000000,9.000000,14.000000,50.046076,189.978387,49.509755,65.501081,3.000000
2026-05-10T08:41:51.325681061Z,0,per_hit,raw_percent_of_host,api-node1,api-node2,0,1,1,93.223483,47.441673,93.223483,47.441673,100.000000,100.000000,8.000000,14.000000,2.000000,7.000000,8.000000,14.000000,50.046076,189.978387,49.563275,65.501081,3.000000
2026-05-10T08:41:51.376098226Z,0,per_hit,raw_percent_of_host,api-node1,api-node2,0,1,1,93.223483,47.441673,93.223483,47.441673,100.000000,100.000000,8.000000,10.000000,2.000000,7.000000,8.000000,10.000000,50.046076,189.978387,49.563275,65.501081,3.000000
2026-05-10T08:41:51.425548545Z,0,per_hit,raw_percent_of_host,api-node1,api-node2,0,1,1,85.830666,47.441673,85.830666,47.441673,100.000000,100.000000,1.000000,10.000000,8.000000,7.000000,1.000000,10.000000,162.303645,189.978387,49.926188,65.501081,3.000000
2026-05-10T08:41:51.475453636Z,0,per_hit,raw_percent_of_host,api-node1,api-node2,0,1,1,85.830666,47.441673,85.830666,47.441673,100.000000,100.000000,0.000000,9.000000,8.000000,7.000000,0.000000,9.000000,162.303645,189.978387,50.000000,65.501081,3.000000
2026-05-10T08:41:51.525601473Z,0,per_hit,raw_percent_of_host,api-node1,api-node2,0,1,1,85.830666,47.441673,85.830666,47.441673,100.000000,100.000000,0.000000,9.000000,8.000000,7.000000,0.000000,9.000000,162.303645,189.978387,50.000000,65.501081,3.000000
2026-05-10T08:41:51.575619249Z,0,per_hit,raw_percent_of_host,api-node1,api-node2,0,1,1,85.830666,40.313801,85.830666,40.313801,100.000000,100.000000,1.000000,1.000000,8.000000,7.000000,1.000000,1.000000,162.303645,317.327754,49.926188,61.741059,3.000000
2026-05-10T08:41:51.725952006Z,0,per_hit,raw_percent_of_host,api-node1,api-node2,1,0,1,0.000000,0.000000,0.000000,0.000000,100.000000,100.000000,0.000000,1.000000,1.000000,1.000000,0.000000,1.000000,50.067539,50.061251,75.000000,74.944560,3.000000
2026-05-10T08:41:51.775236867Z,0,per_hit,raw_percent_of_host,api-node1,api-node2,1,0,1,19.973554,47.244502,19.973554,47.244502,100.000000,100.000000,0.000000,1.000000,1.000000,2.000000,0.000000,1.000000,50.067539,50.061251,75.000000,71.597619,3.000000
2026-05-10T08:41:51.976008179Z,0,per_hit,raw_percent_of_host,api-node1,api-node2,0,1,1,0.000000,0.000000,0.000000,0.000000,100.000000,100.000000,4.000000,4.000000,1.000000,1.000000,4.000000,4.000000,50.067539,50.045463,74.779703,74.779714,3.000000
2026-05-10T08:41:52.025376664Z,0,per_hit,raw_percent_of_host,api-node1,api-node2,1,0,1,0.000000,45.237081,0.000000,45.237081,100.000000,100.000000,5.000000,4.000000,1.000000,3.000000,5.000000,4.000000,50.067539,50.045463,74.725234,71.310927,3.000000
2026-05-10T08:41:52.075644838Z,0,per_hit,raw_percent_of_host,api-node1,api-node2,1,0,1,55.824669,45.237081,55.824669,45.237081,100.000000,100.000000,5.000000,7.000000,5.000000,3.000000,5.000000,7.000000,50.067539,50.045463,72.447721,71.310927,3.000000
2026-05-10T08:41:52.125440704Z,0,per_hit,raw_percent_of_host,api-node1,api-node2,1,0,1,55.824669,45.237081,55.824669,45.237081,100.000000,100.000000,5.000000,7.000000,5.000000,3.000000,5.000000,7.000000,50.067539,50.045463,72.447721,71.310927,3.000000
2026-05-10T08:41:52.176136575Z,0,per_hit,raw_percent_of_host,api-node1,api-node2,0,1,1,99.730012,59.656296,99.730012,59.656296,100.000000,100.000000,1.000000,5.000000,4.000000,4.000000,1.000000,5.000000,50.045540,91.593531,49.944562,70.420323,3.000000
2026-05-10T08:41:52.225947175Z,0,per_hit,raw_percent_of_host,api-node1,api-node2,0,1,1,84.288895,59.656296,84.288895,59.656296,100.000000,100.000000,5.000000,15.000000,1.000000,4.000000,5.000000,15.000000,50.044642,91.593531,49.694984,70.420323,3.000000
2026-05-10T08:41:52.275849733Z,0,per_hit,raw_percent_of_host,api-node1,api-node2,0,1,1,84.288895,59.656296,84.288895,59.656296,100.000000,100.000000,4.000000,12.000000,1.000000,4.000000,4.000000,12.000000,50.044642,91.593531,49.755391,70.420323,3.000000
2026-05-10T08:41:52.32560521Z,0,per_hit,raw_percent_of_host,api-node1,api-node2,0,1,1,84.288895,59.656296,84.288895,59.656296,100.000000,100.000000,1.000000,12.000000,1.000000,4.000000,1.000000,12.000000,50.044642,91.593531,49.938396,70.420323,3.000000
2026-05-10T08:41:52.375470363Z,0,per_hit,raw_percent_of_host,api-node1,api-node2,0,1,1,84.288895,59.656296,84.288895,59.656296,100.000000,100.000000,0.000000,11.000000,1.000000,4.000000,0.000000,11.000000,50.044642,91.593531,50.000000,70.420323,3.000000
2026-05-10T08:41:52.42562431Z,0,per_hit,raw_percent_of_host,api-node1,api-node2,0,1,1,84.288895,59.656296,84.288895,59.656296,100.000000,100.000000,0.000000,11.000000,1.000000,4.000000,0.000000,11.000000,50.044642,91.593531,50.000000,70.420323,3.000000
2026-05-10T08:41:52.475553241Z,0,per_hit,raw_percent_of_host,api-node1,api-node2,0,1,1,42.867463,46.463740,42.867463,46.463740,100.000000,100.000000,0.000000,10.000000,1.000000,6.000000,0.000000,10.000000,50.030624,59.612068,70.902892,70.930772,3.000000
2026-05-10T08:41:52.526331571Z,0,per_hit,raw_percent_of_host,api-node1,api-node2,0,1,1,42.867463,46.463740,42.867463,46.463740,100.000000,100.000000,1.000000,9.000000,1.000000,6.000000,1.000000,9.000000,50.030624,59.612068,70.902892,70.930772,3.000000
2026-05-10T08:41:52.575617961Z,0,per_hit,raw_percent_of_host,api-node1,api-node2,0,1,1,42.867463,46.463740,42.867463,46.463740,100.000000,100.000000,1.000000,9.000000,1.000000,6.000000,1.000000,9.000000,50.030624,59.612068,70.902892,70.930772,3.000000
2026-05-10T08:41:52.625262193Z,0,per_hit,raw_percent_of_host,api-node1,api-node2,0,1,1,42.867463,46.463740,42.867463,46.463740,100.000000,100.000000,0.000000,9.000000,1.000000,6.000000,0.000000,9.000000,50.030624,59.612068,70.902892,70.930772,3.000000
2026-05-10T08:41:52.975823236Z,0,per_hit,raw_percent_of_host,api-node1,api-node2,1,0,1,0.000000,0.000000,0.000000,0.000000,100.000000,100.000000,1.000000,7.000000,1.000000,1.000000,1.000000,7.000000,50.050966,82.538310,74.944561,74.587713,3.000000
2026-05-10T08:41:53.025982884Z,0,per_hit,raw_percent_of_host,api-node1,api-node2,0,1,1,88.263103,0.000000,88.263103,0.000000,100.000000,100.000000,0.000000,7.000000,1.000000,1.000000,0.000000,7.000000,50.059168,82.538310,50.000000,74.587713,3.000000
2026-05-10T08:41:53.07616026Z,0,per_hit,raw_percent_of_host,api-node1,api-node2,0,1,1,88.263103,0.000000,88.263103,0.000000,100.000000,100.000000,3.000000,12.000000,1.000000,1.000000,3.000000,12.000000,50.059168,82.538310,49.834415,74.301451,3.000000
2026-05-10T08:41:53.125394518Z,0,per_hit,raw_percent_of_host,api-node1,api-node2,0,1,1,88.263103,0.000000,88.263103,0.000000,100.000000,100.000000,1.000000,13.000000,1.000000,1.000000,1.000000,13.000000,50.059168,82.538310,49.944560,74.244997,3.000000
2026-05-10T08:41:53.175382737Z,0,per_hit,raw_percent_of_host,api-node1,api-node2,1,0,1,52.190662,69.685103,52.190662,69.685103,100.000000,100.000000,0.000000,9.000000,1.000000,5.000000,0.000000,9.000000,50.050667,170.739943,72.146411,61.779332,3.000000
2026-05-10T08:41:53.226249527Z,0,per_hit,raw_percent_of_host,api-node1,api-node2,1,0,1,52.190662,69.685103,52.190662,69.685103,100.000000,100.000000,5.000000,20.000000,1.000000,5.000000,5.000000,20.000000,50.050667,170.739943,72.146411,60.679660,3.000000
2026-05-10T08:41:53.275543843Z,0,per_hit,raw_percent_of_host,api-node1,api-node2,1,0,1,52.190662,69.685103,52.190662,69.685103,100.000000,100.000000,5.000000,19.000000,1.000000,5.000000,5.000000,19.000000,50.050667,170.739943,72.146411,60.776906,3.000000
2026-05-10T08:41:53.325776836Z,0,per_hit,raw_percent_of_host,api-node1,api-node2,1,0,1,52.190662,69.685103,52.190662,69.685103,100.000000,100.000000,4.000000,19.000000,1.000000,5.000000,4.000000,19.000000,50.050667,170.739943,72.146411,60.776906,3.000000
2026-05-10T08:41:53.376080483Z,0,per_hit,raw_percent_of_host,api-node1,api-node2,1,0,1,52.190662,58.964573,52.190662,58.964573,100.000000,100.000000,0.000000,16.000000,1.000000,6.000000,0.000000,16.000000,50.050667,219.162275,72.146411,64.041886,3.000000
2026-05-10T08:41:53.426002899Z,0,per_hit,raw_percent_of_host,api-node1,api-node2,1,0,1,63.731456,58.964573,63.731456,58.964573,100.000000,100.000000,0.000000,16.000000,1.000000,6.000000,0.000000,16.000000,50.057888,219.162275,71.448742,64.041886,3.000000
2026-05-10T08:41:53.475268038Z,0,per_hit,raw_percent_of_host,api-node1,api-node2,1,0,1,63.731456,58.964573,63.731456,58.964573,100.000000,100.000000,0.000000,15.000000,1.000000,6.000000,0.000000,15.000000,50.057888,219.162275,71.448742,64.041886,3.000000
2026-05-10T08:41:53.525817743Z,0,per_hit,raw_percent_of_host,api-node1,api-node2,1,0,1,63.731456,58.964573,63.731456,58.964573,100.000000,100.000000,0.000000,16.000000,1.000000,6.000000,0.000000,16.000000,50.057888,219.162275,71.448742,64.041886,3.000000
2026-05-10T08:41:53.575494534Z,0,per_hit,raw_percent_of_host,api-node1,api-node2,1,0,1,63.731456,58.964573,63.731456,58.964573,100.000000,100.000000,0.000000,15.000000,1.000000,6.000000,0.000000,15.000000,50.057888,219.162275,71.448742,64.041886,3.000000
2026-05-10T08:41:53.625631005Z,0,per_hit,raw_percent_of_host,api-node1,api-node2,1,0,1,63.731456,58.964573,63.731456,58.964573,100.000000,100.000000,0.000000,15.000000,1.000000,6.000000,0.000000,15.000000,50.057888,219.162275,71.448742,64.041886,3.000000
2026-05-10T08:41:53.676246235Z,0,per_hit,raw_percent_of_host,api-node1,api-node2,1,0,1,63.731456,58.964573,63.731456,58.964573,100.000000,100.000000,0.000000,11.000000,1.000000,6.000000,0.000000,11.000000,50.057888,219.162275,71.448742,64.041886,3.000000
2026-05-10T08:41:53.725388668Z,0,per_hit,raw_percent_of_host,api-node1,api-node2,1,0,1,63.731456,58.964573,63.731456,58.964573,100.000000,100.000000,0.000000,11.000000,1.000000,6.000000,0.000000,11.000000,50.057888,219.162275,71.448742,64.041886,3.000000
2026-05-10T08:41:53.775503174Z,0,per_hit,raw_percent_of_host,api-node1,api-node2,1,0,1,0.000000,44.738166,0.000000,44.738166,100.000000,100.000000,0.000000,2.000000,1.000000,9.000000,0.000000,2.000000,50.057888,400.673100,75.000000,56.794540,3.000000
2026-05-10T08:41:53.825680544Z,0,per_hit,raw_percent_of_host,api-node1,api-node2,1,0,1,0.000000,44.738166,0.000000,44.738166,100.000000,100.000000,0.000000,2.000000,1.000000,9.000000,0.000000,2.000000,50.057888,400.673100,75.000000,56.794540,3.000000
2026-05-10T08:41:53.975732673Z,0,per_hit,raw_percent_of_host,api-node1,api-node2,1,0,1,0.000000,26.511658,0.000000,26.511658,100.000000,100.000000,5.000000,2.000000,1.000000,1.000000,5.000000,2.000000,50.057888,78.390761,74.725240,73.781876,3.000000
2026-05-10T08:41:54.025303092Z,0,per_hit,raw_percent_of_host,api-node1,api-node2,0,1,1,0.000000,15.650260,0.000000,15.650260,100.000000,100.000000,6.000000,3.000000,1.000000,2.000000,6.000000,3.000000,50.057888,78.390761,74.671011,74.823367,3.000000
2026-05-10T08:41:54.075930341Z,0,per_hit,raw_percent_of_host,api-node1,api-node2,0,1,1,93.713010,57.088773,93.713010,57.088773,100.000000,100.000000,4.000000,6.000000,4.000000,2.000000,4.000000,6.000000,80.755279,66.483446,49.763730,71.675828,3.000000
2026-05-10T08:41:54.125943584Z,0,per_hit,raw_percent_of_host,api-node1,api-node2,0,1,1,93.713010,57.088773,93.713010,57.088773,100.000000,100.000000,3.000000,6.000000,4.000000,2.000000,3.000000,6.000000,80.755279,66.483446,49.822378,71.675828,3.000000
2026-05-10T08:41:54.176126385Z,0,per_hit,raw_percent_of_host,api-node1,api-node2,0,1,1,100.000000,57.088773,100.000000,57.088773,100.000000,100.000000,0.000000,5.000000,4.000000,2.000000,0.000000,5.000000,70.085745,66.483446,50.000000,71.675828,3.000000
2026-05-10T08:41:54.22523749Z,0,per_hit,raw_percent_of_host,api-node1,api-node2,0,1,1,100.000000,57.088773,100.000000,57.088773,100.000000,100.000000,10.000000,11.000000,4.000000,2.000000,10.000000,11.000000,70.085745,66.483446,49.431707,71.675828,3.000000
2026-05-10T08:41:54.276089257Z,0,per_hit,raw_percent_of_host,api-node1,api-node2,0,1,1,100.000000,54.968324,100.000000,54.968324,100.000000,100.000000,10.000000,7.000000,4.000000,3.000000,10.000000,7.000000,70.085745,170.174464,49.431707,66.491277,3.000000
2026-05-10T08:41:54.326273796Z,0,per_hit,raw_percent_of_host,api-node1,api-node2,0,1,1,100.000000,54.968324,100.000000,54.968324,100.000000,100.000000,10.000000,7.000000,4.000000,3.000000,10.000000,7.000000,70.085745,170.174464,49.431707,66.491277,3.000000
2026-05-10T08:41:54.375442544Z,0,per_hit,raw_percent_of_host,api-node1,api-node2,0,1,1,100.000000,54.968324,100.000000,54.968324,100.000000,100.000000,9.000000,6.000000,4.000000,3.000000,9.000000,6.000000,70.085745,170.174464,49.487371,66.491277,3.000000
2026-05-10T08:41:54.426296525Z,0,per_hit,raw_percent_of_host,api-node1,api-node2,0,1,1,75.409121,54.968324,75.409121,54.968324,100.000000,100.000000,1.000000,6.000000,9.000000,3.000000,1.000000,6.000000,115.562840,170.174464,49.903033,66.491277,3.000000
2026-05-10T08:41:54.476148006Z,0,per_hit,raw_percent_of_host,api-node1,api-node2,1,0,1,63.551824,54.565119,63.551824,54.565119,100.000000,100.000000,0.000000,1.000000,1.000000,6.000000,0.000000,1.000000,50.108532,218.845512,71.642657,64.057724,3.000000
2026-05-10T08:41:54.525847541Z,0,per_hit,raw_percent_of_host,api-node1,api-node2,1,0,1,63.551824,54.565119,63.551824,54.565119,100.000000,100.000000,0.000000,2.000000,1.000000,6.000000,0.000000,2.000000,50.108532,218.845512,71.642657,64.057724,3.000000
2026-05-10T08:41:54.575857698Z,0,per_hit,raw_percent_of_host,api-node1,api-node2,1,0,1,0.000000,30.673368,0.000000,30.673368,100.000000,100.000000,0.000000,1.000000,1.000000,2.000000,0.000000,1.000000,50.108532,99.947688,75.000000,70.666625,3.000000
2026-05-10T08:41:54.626003062Z,0,per_hit,raw_percent_of_host,api-node1,api-node2,1,0,1,0.000000,30.673368,0.000000,30.673368,100.000000,100.000000,0.000000,1.000000,1.000000,2.000000,0.000000,1.000000,50.108532,99.947688,75.000000,70.666625,3.000000
2026-05-10T08:41:55.025377074Z,0,per_hit,raw_percent_of_host,api-node1,api-node2,0,1,1,17.156142,16.048695,17.156142,16.048695,100.000000,100.000000,4.000000,1.000000,2.000000,2.000000,4.000000,1.000000,50.108532,82.194837,74.779683,74.940306,3.000000
2026-05-10T08:41:55.075424867Z,0,per_hit,raw_percent_of_host,api-node1,api-node2,1,0,1,17.156142,16.048695,17.156142,16.048695,100.000000,100.000000,7.000000,7.000000,2.000000,2.000000,7.000000,7.000000,50.108532,82.194837,74.616977,74.588046,3.000000
2026-05-10T08:41:55.125277587Z,0,per_hit,raw_percent_of_host,api-node1,api-node2,0,1,1,98.556120,16.048695,98.556120,16.048695,100.000000,100.000000,4.000000,7.000000,4.000000,2.000000,4.000000,7.000000,80.703479,82.194837,49.763759,74.588046,3.000000
2026-05-10T08:41:55.175557686Z,0,per_hit,raw_percent_of_host,api-node1,api-node2,0,1,1,100.000000,64.648800,100.000000,64.648800,100.000000,100.000000,2.000000,6.000000,2.000000,3.000000,2.000000,6.000000,50.037756,52.804382,49.889371,69.779706,3.000000
2026-05-10T08:41:55.225594432Z,0,per_hit,raw_percent_of_host,api-node1,api-node2,0,1,1,100.000000,64.648800,100.000000,64.648800,100.000000,100.000000,11.000000,12.000000,2.000000,3.000000,11.000000,12.000000,50.037756,52.804382,49.403422,69.161373,3.000000
2026-05-10T08:41:55.275775235Z,0,per_hit,raw_percent_of_host,api-node1,api-node2,0,1,1,100.000000,64.648800,100.000000,64.648800,100.000000,100.000000,9.000000,8.000000,2.000000,3.000000,9.000000,8.000000,50.037756,52.804382,49.509764,69.571680,3.000000
2026-05-10T08:41:55.325944911Z,0,per_hit,raw_percent_of_host,api-node1,api-node2,0,1,1,100.000000,64.648800,100.000000,64.648800,100.000000,100.000000,9.000000,8.000000,2.000000,3.000000,9.000000,8.000000,50.037756,52.804382,49.509764,69.571680,3.000000
2026-05-10T08:41:55.375504759Z,0,per_hit,raw_percent_of_host,api-node1,api-node2,0,1,1,100.000000,64.648800,100.000000,64.648800,100.000000,100.000000,8.000000,7.000000,2.000000,3.000000,8.000000,7.000000,50.037756,52.804382,49.563283,69.675451,3.000000
2026-05-10T08:41:55.426189879Z,0,per_hit,raw_percent_of_host,api-node1,api-node2,0,1,1,100.000000,64.648800,100.000000,64.648800,100.000000,100.000000,1.000000,7.000000,2.000000,3.000000,1.000000,7.000000,50.037756,52.804382,49.944563,69.675451,3.000000
2026-05-10T08:41:55.475270248Z,0,per_hit,raw_percent_of_host,api-node1,api-node2,0,1,1,96.825410,46.391913,96.825410,46.391913,100.000000,100.000000,0.000000,2.000000,1.000000,5.000000,0.000000,2.000000,50.080973,59.462848,50.000000,70.927890,3.000000
2026-05-10T08:41:55.5259193Z,0,per_hit,raw_percent_of_host,api-node1,api-node2,0,1,1,96.825410,46.391913,96.825410,46.391913,100.000000,100.000000,1.000000,2.000000,1.000000,5.000000,1.000000,2.000000,50.080973,59.462848,49.944558,70.927890,3.000000
2026-05-10T08:41:55.576106727Z,0,per_hit,raw_percent_of_host,api-node1,api-node2,0,1,1,96.825410,46.391913,96.825410,46.391913,100.000000,100.000000,1.000000,2.000000,1.000000,5.000000,1.000000,2.000000,50.080973,59.462848,49.944558,70.927890,3.000000
2026-05-10T08:41:55.625743938Z,0,per_hit,raw_percent_of_host,api-node1,api-node2,0,1,1,28.507343,0.000000,28.507343,0.000000,100.000000,100.000000,1.000000,0.000000,1.000000,1.000000,1.000000,0.000000,50.046943,80.925439,72.392846,75.000000,3.000000
2026-05-10T08:41:55.675700807Z,0,per_hit,raw_percent_of_host,api-node1,api-node2,0,1,1,0.000000,0.000000,0.000000,0.000000,100.000000,100.000000,1.000000,0.000000,1.000000,1.000000,1.000000,0.000000,50.046943,80.925439,74.944562,75.000000,3.000000
2026-05-10T08:41:55.725763252Z,0,per_hit,raw_percent_of_host,api-node1,api-node2,0,1,1,0.000000,0.000000,0.000000,0.000000,100.000000,100.000000,1.000000,0.000000,1.000000,1.000000,1.000000,0.000000,50.046943,80.925439,74.944562,75.000000,3.000000
2026-05-10T08:41:55.775687583Z,0,per_hit,raw_percent_of_host,api-node1,api-node2,0,1,1,0.000000,0.000000,0.000000,0.000000,100.000000,100.000000,1.000000,0.000000,1.000000,1.000000,1.000000,0.000000,50.046943,80.925439,74.944562,75.000000,3.000000
2026-05-10T08:41:55.976155368Z,0,per_hit,raw_percent_of_host,api-node1,api-node2,0,1,1,0.000000,0.000000,0.000000,0.000000,100.000000,100.000000,4.000000,3.000000,1.000000,1.000000,4.000000,3.000000,50.046943,80.925439,74.779713,74.822306,3.000000
2026-05-10T08:41:56.025476775Z,0,per_hit,raw_percent_of_host,api-node1,api-node2,0,1,1,0.000000,0.000000,0.000000,0.000000,100.000000,100.000000,4.000000,3.000000,1.000000,1.000000,4.000000,3.000000,50.046943,80.925439,74.779713,74.822306,3.000000
2026-05-10T08:41:56.075459184Z,0,per_hit,raw_percent_of_host,api-node1,api-node2,0,1,1,89.824056,81.143329,89.824056,81.143329,100.000000,100.000000,6.000000,3.000000,3.000000,4.000000,6.000000,3.000000,60.470814,80.925439,49.663322,49.788964,3.000000
2026-05-10T08:41:56.125839799Z,0,per_hit,raw_percent_of_host,api-node1,api-node2,0,1,1,89.824056,81.143329,89.824056,81.143329,100.000000,100.000000,7.000000,3.000000,3.000000,4.000000,7.000000,3.000000,60.470814,80.925439,49.608088,49.788964,3.000000
2026-05-10T08:41:56.176147612Z,0,per_hit,raw_percent_of_host,api-node1,api-node2,0,1,1,99.028204,50.005168,99.028204,50.005168,100.000000,100.000000,3.000000,1.000000,5.000000,2.000000,3.000000,1.000000,100.448051,120.075675,49.813689,68.710581,3.000000
2026-05-10T08:41:56.225600222Z,0,per_hit,raw_percent_of_host,api-node1,api-node2,0,1,1,80.007066,50.005168,80.007066,50.005168,100.000000,100.000000,4.000000,12.000000,2.000000,2.000000,4.000000,12.000000,50.048135,120.075675,49.703661,68.710581,3.000000
2026-05-10T08:41:56.275465576Z,0,per_hit,raw_percent_of_host,api-node1,api-node2,0,1,1,80.007066,50.005168,80.007066,50.005168,100.000000,100.000000,4.000000,12.000000,2.000000,2.000000,4.000000,12.000000,50.048135,120.075675,49.703661,68.710581,3.000000
2026-05-10T08:41:56.326088372Z,0,per_hit,raw_percent_of_host,api-node1,api-node2,0,1,1,80.007066,50.005168,80.007066,50.005168,100.000000,100.000000,0.000000,12.000000,2.000000,2.000000,0.000000,12.000000,50.048135,120.075675,50.000000,68.710581,3.000000
2026-05-10T08:41:56.376099477Z,0,per_hit,raw_percent_of_host,api-node1,api-node2,0,1,1,80.007066,50.005168,80.007066,50.005168,100.000000,100.000000,0.000000,11.000000,2.000000,2.000000,0.000000,11.000000,50.048135,120.075675,50.000000,68.710581,3.000000
2026-05-10T08:41:56.425910706Z,0,per_hit,raw_percent_of_host,api-node1,api-node2,0,1,1,80.007066,50.005168,80.007066,50.005168,100.000000,100.000000,0.000000,11.000000,2.000000,2.000000,0.000000,11.000000,50.048135,120.075675,50.000000,68.710581,3.000000
2026-05-10T08:41:56.476252617Z,0,per_hit,raw_percent_of_host,api-node1,api-node2,0,1,1,80.007066,50.005168,80.007066,50.005168,100.000000,100.000000,0.000000,10.000000,2.000000,2.000000,0.000000,10.000000,50.048135,120.075675,50.000000,68.710581,3.000000
2026-05-10T08:41:56.525593218Z,0,per_hit,raw_percent_of_host,api-node1,api-node2,0,1,1,80.007066,50.005168,80.007066,50.005168,100.000000,100.000000,0.000000,11.000000,2.000000,2.000000,0.000000,11.000000,50.048135,120.075675,50.000000,68.710581,3.000000
2026-05-10T08:41:56.575801485Z,0,per_hit,raw_percent_of_host,api-node1,api-node2,1,0,1,30.375243,47.382899,30.375243,47.382899,100.000000,100.000000,0.000000,9.000000,1.000000,7.000000,0.000000,9.000000,50.079366,59.442087,72.171134,71.081063,3.000000
2026-05-10T08:41:56.625953162Z,0,per_hit,raw_percent_of_host,api-node1,api-node2,1,0,1,30.375243,47.382899,30.375243,47.382899,100.000000,100.000000,0.000000,9.000000,1.000000,7.000000,0.000000,9.000000,50.079366,59.442087,72.171134,71.081063,3.000000
2026-05-10T08:41:56.676175626Z,0,per_hit,raw_percent_of_host,api-node1,api-node2,1,0,1,0.000000,66.288315,0.000000,66.288315,100.000000,100.000000,0.000000,1.000000,1.000000,3.000000,0.000000,1.000000,50.079366,119.324233,75.000000,67.615037,3.000000
2026-05-10T08:41:56.725271036Z,0,per_hit,raw_percent_of_host,api-node1,api-node2,1,0,1,0.000000,66.288315,0.000000,66.288315,100.000000,100.000000,0.000000,1.000000,1.000000,3.000000,0.000000,1.000000,50.079366,119.324233,75.000000,67.615037,3.000000
2026-05-10T08:41:56.976232202Z,0,per_hit,raw_percent_of_host,api-node1,api-node2,1,0,1,0.000000,31.491019,0.000000,31.491019,100.000000,100.000000,5.000000,2.000000,1.000000,2.000000,5.000000,2.000000,50.079366,96.436907,74.725227,69.992053,3.000000
2026-05-10T08:41:57.025600836Z,0,per_hit,raw_percent_of_host,api-node1,api-node2,1,0,1,48.125975,31.491019,48.125975,31.491019,100.000000,100.000000,6.000000,3.000000,3.000000,2.000000,6.000000,3.000000,50.079366,96.436907,71.709206,69.992053,3.000000
2026-05-10T08:41:57.075455458Z,0,per_hit,raw_percent_of_host,api-node1,api-node2,1,0,1,97.897827,75.155571,97.897827,75.155571,100.000000,100.000000,3.000000,6.000000,3.000000,2.000000,3.000000,6.000000,60.368573,67.117404,49.830559,49.419938,3.000000
2026-05-10T08:41:57.125575952Z,0,per_hit,raw_percent_of_host,api-node1,api-node2,1,0,1,85.821421,75.155571,85.821421,75.155571,100.000000,100.000000,2.000000,6.000000,3.000000,2.000000,2.000000,6.000000,50.037823,67.117404,49.884355,49.419938,3.000000
2026-05-10T08:41:57.175540124Z,0,per_hit,raw_percent_of_host,api-node1,api-node2,1,0,1,85.821421,75.155571,85.821421,75.155571,100.000000,100.000000,1.000000,6.000000,3.000000,2.000000,1.000000,6.000000,50.037823,67.117404,49.942043,49.419938,3.000000
2026-05-10T08:41:57.22584488Z,0,per_hit,raw_percent_of_host,api-node1,api-node2,1,0,1,85.821421,75.155571,85.821421,75.155571,100.000000,100.000000,6.000000,15.000000,3.000000,2.000000,6.000000,15.000000,50.037823,67.117404,49.656245,48.598617,3.000000
2026-05-10T08:41:57.275272446Z,0,per_hit,raw_percent_of_host,api-node1,api-node2,0,1,1,85.821421,44.835357,85.821421,44.835357,100.000000,100.000000,5.000000,9.000000,3.000000,4.000000,5.000000,9.000000,50.037823,181.922387,49.712879,65.225210,3.000000
2026-05-10T08:41:57.325437278Z,0,per_hit,raw_percent_of_host,api-node1,api-node2,0,1,1,85.821421,44.835357,85.821421,44.835357,100.000000,100.000000,5.000000,9.000000,3.000000,4.000000,5.000000,9.000000,50.037823,181.922387,49.712879,65.225210,3.000000
2026-05-10T08:41:57.375625878Z,0,per_hit,raw_percent_of_host,api-node1,api-node2,0,1,1,93.562181,44.835357,93.562181,44.835357,100.000000,100.000000,0.000000,9.000000,5.000000,4.000000,0.000000,9.000000,101.081774,181.922387,50.000000,65.225210,3.000000
2026-05-10T08:41:57.425775142Z,0,per_hit,raw_percent_of_host,api-node1,api-node2,0,1,1,93.562181,44.835357,93.562181,44.835357,100.000000,100.000000,0.000000,9.000000,5.000000,4.000000,0.000000,9.000000,101.081774,181.922387,50.000000,65.225210,3.000000
2026-05-10T08:41:57.475906533Z,0,per_hit,raw_percent_of_host,api-node1,api-node2,0,1,1,93.562181,44.835357,93.562181,44.835357,100.000000,100.000000,0.000000,8.000000,5.000000,4.000000,0.000000,8.000000,101.081774,181.922387,50.000000,65.225210,3.000000
2026-05-10T08:41:57.525743514Z,0,per_hit,raw_percent_of_host,api-node1,api-node2,0,1,1,93.562181,44.835357,93.562181,44.835357,100.000000,100.000000,0.000000,8.000000,5.000000,4.000000,0.000000,8.000000,101.081774,181.922387,50.000000,65.225210,3.000000
2026-05-10T08:41:57.57559471Z,0,per_hit,raw_percent_of_host,api-node1,api-node2,0,1,1,93.562181,53.220604,93.562181,53.220604,100.000000,100.000000,1.000000,1.000000,5.000000,8.000000,1.000000,1.000000,101.081774,318.409891,49.937487,59.079505,3.000000
2026-05-10T08:41:57.625268314Z,0,per_hit,raw_percent_of_host,api-node1,api-node2,1,0,1,27.702371,53.220604,27.702371,53.220604,100.000000,100.000000,0.000000,1.000000,2.000000,8.000000,0.000000,1.000000,50.068143,318.409891,73.008220,59.079505,3.000000
2026-05-10T08:41:57.97615342Z,0,per_hit,raw_percent_of_host,api-node1,api-node2,0,1,1,32.404956,0.000000,32.404956,0.000000,100.000000,100.000000,2.000000,5.000000,2.000000,1.000000,2.000000,5.000000,50.043036,99.619966,71.887437,74.691647,3.000000
2026-05-10T08:41:58.025649323Z,0,per_hit,raw_percent_of_host,api-node1,api-node2,0,1,1,32.404956,0.000000,32.404956,0.000000,100.000000,100.000000,1.000000,6.000000,2.000000,1.000000,1.000000,6.000000,50.043036,99.619966,71.887437,74.630887,3.000000
2026-05-10T08:41:58.07569055Z,0,per_hit,raw_percent_of_host,api-node1,api-node2,1,0,1,32.404956,52.025690,32.404956,52.025690,100.000000,100.000000,4.000000,5.000000,2.000000,4.000000,4.000000,5.000000,50.043036,99.619966,71.887437,69.872364,3.000000
2026-05-10T08:41:58.12579499Z,0,per_hit,raw_percent_of_host,api-node1,api-node2,0,1,1,89.886585,52.025690,89.886585,52.025690,100.000000,100.000000,3.000000,5.000000,3.000000,4.000000,3.000000,5.000000,50.049017,99.619966,49.834419,69.872364,3.000000
2026-05-10T08:41:58.175365773Z,0,per_hit,raw_percent_of_host,api-node1,api-node2,0,1,1,89.886585,57.036659,89.886585,57.036659,100.000000,100.000000,0.000000,5.000000,3.000000,4.000000,0.000000,5.000000,50.049017,97.926779,50.000000,70.103661,3.000000
2026-05-10T08:41:58.225741013Z,0,per_hit,raw_percent_of_host,api-node1,api-node2,0,1,1,66.322562,57.036659,66.322562,57.036659,100.000000,100.000000,7.000000,13.000000,1.000000,4.000000,7.000000,13.000000,50.058693,97.926779,67.569166,70.103661,3.000000
2026-05-10T08:41:58.275524461Z,0,per_hit,raw_percent_of_host,api-node1,api-node2,1,0,1,66.322562,37.314622,66.322562,37.314622,100.000000,100.000000,7.000000,9.000000,1.000000,4.000000,7.000000,9.000000,50.058693,199.973109,67.569166,64.763118,3.000000
2026-05-10T08:41:58.325529354Z,0,per_hit,raw_percent_of_host,api-node1,api-node2,1,0,1,66.322562,37.314622,66.322562,37.314622,100.000000,100.000000,6.000000,9.000000,1.000000,4.000000,6.000000,9.000000,50.058693,199.973109,67.675423,64.763118,3.000000
2026-05-10T08:41:58.375996814Z,0,per_hit,raw_percent_of_host,api-node1,api-node2,0,1,1,79.729936,37.314622,79.729936,37.314622,100.000000,100.000000,1.000000,8.000000,6.000000,4.000000,1.000000,8.000000,121.218299,199.973109,49.924204,64.763118,3.000000
2026-05-10T08:41:58.425786854Z,0,per_hit,raw_percent_of_host,api-node1,api-node2,0,1,1,79.729936,37.314622,79.729936,37.314622,100.000000,100.000000,0.000000,8.000000,6.000000,4.000000,0.000000,8.000000,121.218299,199.973109,50.000000,64.763118,3.000000
2026-05-10T08:41:58.476175048Z,0,per_hit,raw_percent_of_host,api-node1,api-node2,0,1,1,79.729936,37.314622,79.729936,37.314622,100.000000,100.000000,0.000000,8.000000,6.000000,4.000000,0.000000,8.000000,121.218299,199.973109,50.000000,64.763118,3.000000
2026-05-10T08:41:58.525268062Z,0,per_hit,raw_percent_of_host,api-node1,api-node2,0,1,1,79.729936,37.314622,79.729936,37.314622,100.000000,100.000000,0.000000,8.000000,6.000000,4.000000,0.000000,8.000000,121.218299,199.973109,50.000000,64.763118,3.000000
2026-05-10T08:41:58.575850582Z,0,per_hit,raw_percent_of_host,api-node1,api-node2,1,0,1,23.893862,44.381135,23.893862,44.381135,100.000000,100.000000,1.000000,0.000000,2.000000,1.000000,1.000000,0.000000,50.058752,85.040390,74.944560,69.125645,3.000000
2026-05-10T08:41:58.975497963Z,0,per_hit,raw_percent_of_host,api-node1,api-node2,0,1,1,20.025763,0.000000,20.025763,0.000000,100.000000,100.000000,4.000000,3.000000,1.000000,1.000000,4.000000,3.000000,50.060800,85.040390,74.779706,74.820557,3.000000
2026-05-10T08:41:59.025266422Z,0,per_hit,raw_percent_of_host,api-node1,api-node2,1,0,1,20.025763,0.000000,20.025763,0.000000,100.000000,100.000000,3.000000,3.000000,1.000000,1.000000,3.000000,3.000000,50.060800,85.040390,74.834415,74.820557,3.000000
2026-05-10T08:41:59.076004953Z,0,per_hit,raw_percent_of_host,api-node1,api-node2,1,0,1,91.896957,81.081811,91.896957,81.081811,100.000000,100.000000,4.000000,5.000000,3.000000,3.000000,4.000000,5.000000,60.552527,69.479052,49.774494,49.649235,3.000000
2026-05-10T08:41:59.126156344Z,0,per_hit,raw_percent_of_host,api-node1,api-node2,1,0,1,91.896957,81.081811,91.896957,81.081811,100.000000,100.000000,4.000000,5.000000,3.000000,3.000000,4.000000,5.000000,60.552527,69.479052,49.774494,49.649235,3.000000
2026-05-10T08:41:59.17584451Z,0,per_hit,raw_percent_of_host,api-node1,api-node2,0,1,1,97.132616,66.712609,97.132616,66.712609,100.000000,100.000000,2.000000,4.000000,4.000000,4.000000,2.000000,4.000000,110.956312,140.154396,49.872137,66.189692,3.000000
2026-05-10T08:41:59.22539238Z,0,per_hit,raw_percent_of_host,api-node1,api-node2,0,1,1,100.000000,66.712609,100.000000,66.712609,100.000000,100.000000,6.000000,13.000000,2.000000,4.000000,6.000000,13.000000,50.055093,140.154396,49.671013,65.326379,3.000000
2026-05-10T08:41:59.275617394Z,0,per_hit,raw_percent_of_host,api-node1,api-node2,0,1,1,100.000000,66.712609,100.000000,66.712609,100.000000,100.000000,6.000000,9.000000,2.000000,4.000000,6.000000,9.000000,50.055093,140.154396,49.671013,65.705564,3.000000
2026-05-10T08:41:59.3260429Z,0,per_hit,raw_percent_of_host,api-node1,api-node2,0,1,1,100.000000,66.712609,100.000000,66.712609,100.000000,100.000000,5.000000,9.000000,2.000000,4.000000,5.000000,9.000000,50.055093,140.154396,49.725241,65.705564,3.000000
2026-05-10T08:41:59.376077482Z,0,per_hit,raw_percent_of_host,api-node1,api-node2,0,1,1,100.000000,66.712609,100.000000,66.712609,100.000000,100.000000,0.000000,8.000000,2.000000,4.000000,0.000000,8.000000,50.055093,140.154396,50.000000,65.801477,3.000000
2026-05-10T08:41:59.42527275Z,0,per_hit,raw_percent_of_host,api-node1,api-node2,0,1,1,100.000000,66.712609,100.000000,66.712609,100.000000,100.000000,0.000000,8.000000,2.000000,4.000000,0.000000,8.000000,50.055093,140.154396,50.000000,65.801477,3.000000
2026-05-10T08:41:59.475716608Z,0,per_hit,raw_percent_of_host,api-node1,api-node2,1,0,1,59.783886,42.343279,59.783886,42.343279,100.000000,100.000000,0.000000,7.000000,1.000000,5.000000,0.000000,7.000000,50.054851,59.417015,72.497257,70.164287,3.000000
2026-05-10T08:41:59.526010047Z,0,per_hit,raw_percent_of_host,api-node1,api-node2,1,0,1,59.783886,42.343279,59.783886,42.343279,100.000000,100.000000,0.000000,8.000000,1.000000,5.000000,0.000000,8.000000,50.054851,59.417015,72.497257,70.164287,3.000000
2026-05-10T08:41:59.575706648Z,0,per_hit,raw_percent_of_host,api-node1,api-node2,1,0,1,0.000000,0.000000,0.000000,0.000000,100.000000,100.000000,0.000000,1.000000,1.000000,2.000000,0.000000,1.000000,50.054851,82.741318,75.000000,74.940228,3.000000
2026-05-10T08:41:59.626025408Z,0,per_hit,raw_percent_of_host,api-node1,api-node2,1,0,1,0.000000,0.000000,0.000000,0.000000,100.000000,100.000000,0.000000,1.000000,1.000000,2.000000,0.000000,1.000000,50.054851,82.741318,75.000000,74.940228,3.000000
2026-05-10T08:41:59.975525466Z,0,per_hit,raw_percent_of_host,api-node1,api-node2,1,0,1,16.057902,32.525352,16.057902,32.525352,100.000000,100.000000,2.000000,4.000000,2.000000,2.000000,2.000000,4.000000,50.054851,82.031894,74.889367,70.247557,3.000000
2026-05-10T08:42:00.025761007Z,0,per_hit,raw_percent_of_host,api-node1,api-node2,0,1,1,100.000000,32.525352,100.000000,32.525352,100.000000,100.000000,0.000000,6.000000,2.000000,2.000000,0.000000,6.000000,50.047069,82.031894,50.000000,70.247557,3.000000
2026-05-10T08:42:00.076172064Z,0,per_hit,raw_percent_of_host,api-node1,api-node2,1,0,1,100.000000,79.981556,100.000000,79.981556,100.000000,100.000000,1.000000,7.000000,2.000000,3.000000,1.000000,7.000000,50.047069,73.905535,49.944562,49.485333,3.000000
2026-05-10T08:42:00.125626851Z,0,per_hit,raw_percent_of_host,api-node1,api-node2,1,0,1,49.962865,79.981556,49.962865,79.981556,100.000000,100.000000,1.000000,7.000000,2.000000,3.000000,1.000000,7.000000,50.463398,73.905535,71.900860,49.485333,3.000000
2026-05-10T08:42:00.175996908Z,0,per_hit,raw_percent_of_host,api-node1,api-node2,1,0,1,49.962865,79.981556,49.962865,79.981556,100.000000,100.000000,1.000000,6.000000,2.000000,3.000000,1.000000,6.000000,50.463398,73.905535,71.900860,49.557556,3.000000
2026-05-10T08:42:00.225434551Z,0,per_hit,raw_percent_of_host,api-node1,api-node2,1,0,1,49.962865,79.981556,49.962865,79.981556,100.000000,100.000000,9.000000,12.000000,2.000000,3.000000,9.000000,12.000000,50.463398,73.905535,71.900860,49.130500,3.000000
2026-05-10T08:42:00.275610526Z,0,per_hit,raw_percent_of_host,api-node1,api-node2,1,0,1,49.962865,79.981556,49.962865,79.981556,100.000000,100.000000,9.000000,9.000000,2.000000,3.000000,9.000000,9.000000,50.463398,73.905535,71.900860,49.342155,3.000000
2026-05-10T08:42:00.325775972Z,0,per_hit,raw_percent_of_host,api-node1,api-node2,1,0,1,49.962865,79.981556,49.962865,79.981556,100.000000,100.000000,9.000000,9.000000,2.000000,3.000000,9.000000,9.000000,50.463398,73.905535,71.900860,49.342155,3.000000
2026-05-10T08:42:00.375527224Z,0,per_hit,raw_percent_of_host,api-node1,api-node2,1,0,1,49.962865,54.516176,49.962865,54.516176,100.000000,100.000000,8.000000,8.000000,2.000000,5.000000,8.000000,8.000000,50.463398,198.628820,71.900860,65.068559,3.000000
2026-05-10T08:42:00.425252812Z,0,per_hit,raw_percent_of_host,api-node1,api-node2,1,0,1,49.962865,54.516176,49.962865,54.516176,100.000000,100.000000,6.000000,8.000000,2.000000,5.000000,6.000000,8.000000,50.463398,198.628820,71.900860,65.068559,3.000000
2026-05-10T08:42:00.475517424Z,0,per_hit,raw_percent_of_host,api-node1,api-node2,0,1,1,72.644998,49.782975,72.644998,49.782975,100.000000,100.000000,0.000000,2.000000,3.000000,3.000000,0.000000,2.000000,62.552013,121.429903,56.784793,68.615302,3.000000
2026-05-10T08:42:00.525357906Z,0,per_hit,raw_percent_of_host,api-node1,api-node2,1,0,1,47.584676,49.782975,47.584676,49.782975,100.000000,100.000000,0.000000,2.000000,1.000000,3.000000,0.000000,2.000000,50.056334,121.429903,71.642268,68.615302,3.000000
2026-05-10T08:42:00.57614186Z,0,per_hit,raw_percent_of_host,api-node1,api-node2,1,0,1,0.000000,0.000000,0.000000,0.000000,100.000000,100.000000,0.000000,1.000000,1.000000,1.000000,0.000000,1.000000,50.056334,79.742887,75.000000,74.940654,3.000000
2026-05-10T08:42:00.975259516Z,0,per_hit,raw_percent_of_host,api-node1,api-node2,0,1,1,31.417911,0.000000,31.417911,0.000000,100.000000,100.000000,3.000000,3.000000,2.000000,1.000000,3.000000,3.000000,50.056334,50.051009,72.032454,74.834418,3.000000
2026-05-10T08:42:01.02524805Z,0,per_hit,raw_percent_of_host,api-node1,api-node2,0,1,1,31.417911,0.000000,31.417911,0.000000,100.000000,100.000000,2.000000,4.000000,2.000000,1.000000,2.000000,4.000000,50.056334,50.051009,72.032454,74.779711,3.000000
2026-05-10T08:42:01.075534563Z,0,per_hit,raw_percent_of_host,api-node1,api-node2,1,0,1,31.417911,43.136333,31.417911,43.136333,100.000000,100.000000,3.000000,4.000000,2.000000,4.000000,3.000000,4.000000,50.056334,50.051009,72.032454,70.952419,3.000000
2026-05-10T08:42:01.125904005Z,0,per_hit,raw_percent_of_host,api-node1,api-node2,0,1,1,99.048476,43.136333,99.048476,43.136333,100.000000,100.000000,1.000000,4.000000,4.000000,4.000000,1.000000,4.000000,55.009129,50.051009,49.943945,70.952419,3.000000
2026-05-10T08:42:01.175269824Z,0,per_hit,raw_percent_of_host,api-node1,api-node2,0,1,1,99.048476,58.258749,99.048476,58.258749,100.000000,100.000000,1.000000,2.000000,4.000000,4.000000,1.000000,2.000000,55.009129,50.060224,49.943945,72.496989,3.000000
2026-05-10T08:42:01.225275249Z,0,per_hit,raw_percent_of_host,api-node1,api-node2,0,1,1,86.554621,58.258749,86.554621,58.258749,100.000000,100.000000,7.000000,8.000000,2.000000,4.000000,7.000000,8.000000,50.051218,50.060224,49.610745,72.496989,3.000000
2026-05-10T08:42:01.276009245Z,0,per_hit,raw_percent_of_host,api-node1,api-node2,0,1,1,86.554621,49.728367,86.554621,49.728367,100.000000,100.000000,7.000000,8.000000,2.000000,1.000000,7.000000,8.000000,50.051218,78.686980,49.610745,70.445822,3.000000
2026-05-10T08:42:01.326187823Z,0,per_hit,raw_percent_of_host,api-node1,api-node2,0,1,1,86.554621,49.728367,86.554621,49.728367,100.000000,100.000000,7.000000,8.000000,2.000000,1.000000,7.000000,8.000000,50.051218,78.686980,49.610745,70.445822,3.000000
2026-05-10T08:42:01.375689739Z,0,per_hit,raw_percent_of_host,api-node1,api-node2,0,1,1,75.079327,49.728367,75.079327,49.728367,100.000000,100.000000,1.000000,7.000000,7.000000,1.000000,1.000000,7.000000,121.851442,78.686980,49.900920,70.445822,3.000000
2026-05-10T08:42:01.42553237Z,0,per_hit,raw_percent_of_host,api-node1,api-node2,0,1,1,75.079327,49.728367,75.079327,49.728367,100.000000,100.000000,0.000000,7.000000,7.000000,1.000000,0.000000,7.000000,121.851442,78.686980,50.000000,70.445822,3.000000
2026-05-10T08:42:01.476227895Z,0,per_hit,raw_percent_of_host,api-node1,api-node2,1,0,1,27.084018,49.932598,27.084018,49.932598,100.000000,100.000000,0.000000,2.000000,1.000000,5.000000,0.000000,2.000000,50.073195,218.943768,73.448417,64.052812,3.000000
2026-05-10T08:42:01.525650152Z,0,per_hit,raw_percent_of_host,api-node1,api-node2,1,0,1,27.084018,49.932598,27.084018,49.932598,100.000000,100.000000,1.000000,1.000000,1.000000,5.000000,1.000000,1.000000,50.073195,218.943768,73.448417,64.052812,3.000000
2026-05-10T08:42:01.575290731Z,0,per_hit,raw_percent_of_host,api-node1,api-node2,0,1,1,22.472478,0.000000,22.472478,0.000000,100.000000,100.000000,1.000000,0.000000,2.000000,1.000000,1.000000,0.000000,50.073195,78.481338,74.944559,75.000000,3.000000
2026-05-10T08:42:01.976049244Z,0,per_hit,raw_percent_of_host,api-node1,api-node2,0,1,1,0.000000,0.000000,0.000000,0.000000,100.000000,100.000000,6.000000,0.000000,1.000000,1.000000,6.000000,0.000000,50.064709,78.481338,74.671006,75.000000,3.000000
2026-05-10T08:42:02.025494983Z,0,per_hit,raw_percent_of_host,api-node1,api-node2,0,1,1,46.774270,0.000000,46.774270,0.000000,100.000000,100.000000,6.000000,2.000000,3.000000,1.000000,6.000000,2.000000,50.064709,78.481338,71.534122,74.881941,3.000000
2026-05-10T08:42:02.07575547Z,0,per_hit,raw_percent_of_host,api-node1,api-node2,0,1,1,46.774270,0.000000,46.774270,0.000000,100.000000,100.000000,9.000000,3.000000,3.000000,1.000000,9.000000,3.000000,50.064709,78.481338,71.534122,74.823329,3.000000
2026-05-10T08:42:02.126286357Z,0,per_hit,raw_percent_of_host,api-node1,api-node2,0,1,1,98.016561,0.000000,98.016561,0.000000,100.000000,100.000000,6.000000,3.000000,4.000000,1.000000,6.000000,3.000000,80.507085,78.481338,49.647468,74.823329,3.000000
2026-05-10T08:42:02.176226949Z,0,per_hit,raw_percent_of_host,api-node1,api-node2,0,1,1,99.125807,54.440301,99.125807,54.440301,100.000000,100.000000,2.000000,1.000000,4.000000,3.000000,2.000000,1.000000,79.296637,117.517764,49.881714,69.124112,3.000000
2026-05-10T08:42:02.225277256Z,0,per_hit,raw_percent_of_host,api-node1,api-node2,0,1,1,98.026745,54.440301,98.026745,54.440301,100.000000,100.000000,1.000000,0.000000,3.000000,3.000000,1.000000,0.000000,50.115327,117.517764,49.944553,69.124112,3.000000
2026-05-10T08:42:02.325985563Z,0,per_hit,raw_percent_of_host,api-node1,api-node2,1,0,1,21.663810,23.698777,21.663810,23.698777,100.000000,100.000000,6.000000,9.000000,2.000000,2.000000,6.000000,9.000000,50.045649,50.061020,74.671020,74.509739,3.000000
2026-05-10T08:42:02.375503998Z,0,per_hit,raw_percent_of_host,api-node1,api-node2,1,0,1,21.663810,23.698777,21.663810,23.698777,100.000000,100.000000,6.000000,9.000000,2.000000,2.000000,6.000000,9.000000,50.045649,50.061020,74.671020,74.509739,3.000000
2026-05-10T08:42:02.425539066Z,0,per_hit,raw_percent_of_host,api-node1,api-node2,0,1,1,97.949121,23.698777,97.949121,23.698777,100.000000,100.000000,2.000000,9.000000,4.000000,2.000000,2.000000,9.000000,81.576766,50.061020,49.881072,74.509739,3.000000
2026-05-10T08:42:02.475708753Z,0,per_hit,raw_percent_of_host,api-node1,api-node2,0,1,1,97.949121,23.698777,97.949121,23.698777,100.000000,100.000000,0.000000,8.000000,4.000000,2.000000,0.000000,8.000000,81.576766,50.061020,50.000000,74.563261,3.000000
2026-05-10T08:42:02.525863966Z,0,per_hit,raw_percent_of_host,api-node1,api-node2,0,1,1,97.949121,23.698777,97.949121,23.698777,100.000000,100.000000,0.000000,8.000000,4.000000,2.000000,0.000000,8.000000,81.576766,50.061020,50.000000,74.563261,3.000000
2026-05-10T08:42:02.575615674Z,0,per_hit,raw_percent_of_host,api-node1,api-node2,1,0,1,26.623761,55.633127,26.623761,55.633127,100.000000,100.000000,0.000000,1.000000,1.000000,5.000000,0.000000,1.000000,50.044082,218.161760,73.774360,64.091912,3.000000
2026-05-10T08:42:02.726011902Z,0,per_hit,raw_percent_of_host,api-node1,api-node2,1,0,1,0.000000,0.000000,0.000000,0.000000,100.000000,100.000000,0.000000,1.000000,1.000000,1.000000,0.000000,1.000000,50.044082,50.047081,75.000000,74.944562,3.000000
2026-05-10T08:42:02.775681527Z,0,per_hit,raw_percent_of_host,api-node1,api-node2,1,0,1,0.000000,51.644903,0.000000,51.644903,100.000000,100.000000,0.000000,1.000000,1.000000,2.000000,0.000000,1.000000,50.044082,50.047081,75.000000,72.094938,3.000000
2026-05-10T08:42:02.97525975Z,0,per_hit,raw_percent_of_host,api-node1,api-node2,1,0,1,0.000000,0.000000,0.000000,0.000000,100.000000,100.000000,2.000000,4.000000,1.000000,1.000000,2.000000,4.000000,50.044082,50.117327,74.889370,74.779679,3.000000
2026-05-10T08:42:03.025665294Z,0,per_hit,raw_percent_of_host,api-node1,api-node2,1,0,1,0.000000,0.000000,0.000000,0.000000,100.000000,100.000000,2.000000,5.000000,1.000000,1.000000,2.000000,5.000000,50.044082,50.117327,74.889370,74.725204,3.000000
2026-05-10T08:42:03.075992261Z,0,per_hit,raw_percent_of_host,api-node1,api-node2,1,0,1,0.000000,44.281769,0.000000,44.281769,100.000000,100.000000,4.000000,4.000000,1.000000,5.000000,4.000000,4.000000,50.044082,50.117327,74.779714,71.151584,3.000000
2026-05-10T08:42:03.125699509Z,0,per_hit,raw_percent_of_host,api-node1,api-node2,0,1,1,87.835156,44.281769,87.835156,44.281769,100.000000,100.000000,2.000000,4.000000,4.000000,5.000000,2.000000,4.000000,74.942638,50.117327,49.882920,71.151584,3.000000
2026-05-10T08:42:03.176272102Z,0,per_hit,raw_percent_of_host,api-node1,api-node2,0,1,1,87.835156,58.214133,87.835156,58.214133,100.000000,100.000000,0.000000,3.000000,4.000000,3.000000,0.000000,3.000000,74.942638,98.013540,50.000000,70.099323,3.000000
2026-05-10T08:42:03.225989362Z,0,per_hit,raw_percent_of_host,api-node1,api-node2,1,0,1,43.433208,58.214133,43.433208,58.214133,100.000000,100.000000,4.000000,14.000000,1.000000,3.000000,4.000000,14.000000,50.062952,98.013540,71.006395,70.099323,3.000000
2026-05-10T08:42:03.275533005Z,0,per_hit,raw_percent_of_host,api-node1,api-node2,1,0,1,43.433208,58.214133,43.433208,58.214133,100.000000,100.000000,4.000000,12.000000,1.000000,3.000000,4.000000,12.000000,50.062952,98.013540,71.006395,70.099323,3.000000
2026-05-10T08:42:03.325526901Z,0,per_hit,raw_percent_of_host,api-node1,api-node2,1,0,1,43.433208,58.214133,43.433208,58.214133,100.000000,100.000000,0.000000,12.000000,1.000000,3.000000,0.000000,12.000000,50.062952,98.013540,71.006395,70.099323,3.000000
2026-05-10T08:42:03.375682525Z,0,per_hit,raw_percent_of_host,api-node1,api-node2,1,0,1,43.433208,58.214133,43.433208,58.214133,100.000000,100.000000,0.000000,12.000000,1.000000,3.000000,0.000000,12.000000,50.062952,98.013540,71.006395,70.099323,3.000000
2026-05-10T08:42:03.425851759Z,0,per_hit,raw_percent_of_host,api-node1,api-node2,1,0,1,43.433208,58.214133,43.433208,58.214133,100.000000,100.000000,0.000000,12.000000,1.000000,3.000000,0.000000,12.000000,50.062952,98.013540,71.006395,70.099323,3.000000
2026-05-10T08:42:03.476069337Z,0,per_hit,raw_percent_of_host,api-node1,api-node2,0,1,1,42.811329,49.981744,42.811329,49.981744,100.000000,100.000000,0.000000,11.000000,1.000000,7.000000,0.000000,11.000000,50.080678,59.728372,70.888667,71.415814,3.000000
2026-05-10T08:42:03.525923254Z,0,per_hit,raw_percent_of_host,api-node1,api-node2,0,1,1,42.811329,49.981744,42.811329,49.981744,100.000000,100.000000,1.000000,11.000000,1.000000,7.000000,1.000000,11.000000,50.080678,59.728372,70.888667,71.415814,3.000000
2026-05-10T08:42:03.575525716Z,0,per_hit,raw_percent_of_host,api-node1,api-node2,0,1,1,42.811329,49.981744,42.811329,49.981744,100.000000,100.000000,1.000000,9.000000,1.000000,7.000000,1.000000,9.000000,50.080678,59.728372,70.888667,71.415814,3.000000
2026-05-10T08:42:03.625311195Z,0,per_hit,raw_percent_of_host,api-node1,api-node2,0,1,1,42.811329,49.981744,42.811329,49.981744,100.000000,100.000000,0.000000,9.000000,1.000000,7.000000,0.000000,9.000000,50.080678,59.728372,70.888667,71.415814,3.000000
2026-05-10T08:42:03.975844899Z,0,per_hit,raw_percent_of_host,api-node1,api-node2,1,0,1,0.000000,0.000000,0.000000,0.000000,100.000000,100.000000,2.000000,4.000000,1.000000,1.000000,2.000000,4.000000,50.052765,84.003543,74.889368,74.761903,3.000000
2026-05-10T08:42:04.026229227Z,0,per_hit,raw_percent_of_host,api-node1,api-node2,1,0,1,0.000000,0.000000,0.000000,0.000000,100.000000,100.000000,1.000000,5.000000,1.000000,1.000000,1.000000,5.000000,50.052765,84.003543,74.944561,74.703085,3.000000
2026-05-10T08:42:04.076170796Z,0,per_hit,raw_percent_of_host,api-node1,api-node2,1,0,1,0.000000,51.303269,0.000000,51.303269,100.000000,100.000000,3.000000,5.000000,1.000000,5.000000,3.000000,5.000000,50.052765,84.003543,74.834418,70.432252,3.000000
2026-05-10T08:42:04.125329089Z,0,per_hit,raw_percent_of_host,api-node1,api-node2,0,1,1,89.687856,51.303269,89.687856,51.303269,100.000000,100.000000,2.000000,5.000000,3.000000,5.000000,2.000000,5.000000,50.046904,84.003543,49.889369,70.432252,3.000000
2026-05-10T08:42:04.175860693Z,0,per_hit,raw_percent_of_host,api-node1,api-node2,0,1,1,89.687856,49.907506,89.687856,49.907506,100.000000,100.000000,0.000000,3.000000,3.000000,3.000000,0.000000,3.000000,50.046904,118.119476,50.000000,68.769294,3.000000
2026-05-10T08:42:04.22575025Z,0,per_hit,raw_percent_of_host,api-node1,api-node2,1,0,1,51.518856,49.907506,51.518856,49.907506,100.000000,100.000000,5.000000,13.000000,1.000000,3.000000,5.000000,13.000000,50.041034,118.119476,72.083052,68.769294,3.000000
2026-05-10T08:42:04.275628061Z,0,per_hit,raw_percent_of_host,api-node1,api-node2,1,0,1,51.518856,49.907506,51.518856,49.907506,100.000000,100.000000,5.000000,11.000000,1.000000,3.000000,5.000000,11.000000,50.041034,118.119476,72.083052,68.769294,3.000000
2026-05-10T08:42:04.325685852Z,0,per_hit,raw_percent_of_host,api-node1,api-node2,1,0,1,51.518856,49.907506,51.518856,49.907506,100.000000,100.000000,1.000000,11.000000,1.000000,3.000000,1.000000,11.000000,50.041034,118.119476,72.083052,68.769294,3.000000
2026-05-10T08:42:04.376024906Z,0,per_hit,raw_percent_of_host,api-node1,api-node2,1,0,1,51.518856,49.907506,51.518856,49.907506,100.000000,100.000000,0.000000,10.000000,1.000000,3.000000,0.000000,10.000000,50.041034,118.119476,72.083052,68.769294,3.000000
2026-05-10T08:42:04.426166435Z,0,per_hit,raw_percent_of_host,api-node1,api-node2,1,0,1,51.518856,49.907506,51.518856,49.907506,100.000000,100.000000,0.000000,10.000000,1.000000,3.000000,0.000000,10.000000,50.041034,118.119476,72.083052,68.769294,3.000000
2026-05-10T08:42:04.475373277Z,0,per_hit,raw_percent_of_host,api-node1,api-node2,0,1,1,43.005738,50.058426,43.005738,50.058426,100.000000,100.000000,0.000000,8.000000,1.000000,7.000000,0.000000,8.000000,50.045281,59.300934,70.928234,71.447160,3.000000
2026-05-10T08:42:04.525693631Z,0,per_hit,raw_percent_of_host,api-node1,api-node2,0,1,1,43.005738,50.058426,43.005738,50.058426,100.000000,100.000000,1.000000,8.000000,1.000000,7.000000,1.000000,8.000000,50.045281,59.300934,70.928234,71.447160,3.000000
2026-05-10T08:42:04.576046373Z,0,per_hit,raw_percent_of_host,api-node1,api-node2,1,0,1,43.005738,49.138394,43.005738,49.138394,100.000000,100.000000,1.000000,1.000000,1.000000,2.000000,1.000000,1.000000,50.045281,100.096423,70.928234,69.375729,3.000000
2026-05-10T08:42:04.625362556Z,0,per_hit,raw_percent_of_host,api-node1,api-node2,1,0,1,26.865004,49.138394,26.865004,49.138394,100.000000,100.000000,0.000000,1.000000,2.000000,2.000000,0.000000,1.000000,50.045281,100.096423,73.602442,69.375729,3.000000
2026-05-10T08:42:04.975376822Z,0,per_hit,raw_percent_of_host,api-node1,api-node2,1,0,1,0.000000,0.000000,0.000000,0.000000,100.000000,100.000000,2.000000,4.000000,1.000000,1.000000,2.000000,4.000000,50.050446,50.053879,74.889368,74.779710,3.000000
2026-05-10T08:42:05.025711275Z,0,per_hit,raw_percent_of_host,api-node1,api-node2,0,1,1,91.396098,0.000000,91.396098,0.000000,100.000000,100.000000,1.000000,5.000000,2.000000,1.000000,1.000000,5.000000,50.047173,50.053879,49.944562,74.725242,3.000000
2026-05-10T08:42:05.075264395Z,0,per_hit,raw_percent_of_host,api-node1,api-node2,1,0,1,91.396098,80.472961,91.396098,80.472961,100.000000,100.000000,2.000000,6.000000,2.000000,3.000000,2.000000,6.000000,50.047173,70.751943,49.889369,49.567992,3.000000
2026-05-10T08:42:05.125924272Z,0,per_hit,raw_percent_of_host,api-node1,api-node2,1,0,1,73.260970,80.472961,73.260970,80.472961,100.000000,100.000000,1.000000,6.000000,2.000000,3.000000,1.000000,6.000000,50.059453,70.751943,55.086694,49.567992,3.000000
2026-05-10T08:42:05.176010471Z,0,per_hit,raw_percent_of_host,api-node1,api-node2,1,0,1,73.260970,80.472961,73.260970,80.472961,100.000000,100.000000,1.000000,3.000000,2.000000,3.000000,1.000000,3.000000,50.059453,70.751943,55.086694,49.782114,3.000000
2026-05-10T08:42:05.225723664Z,0,per_hit,raw_percent_of_host,api-node1,api-node2,1,0,1,73.260970,80.472961,73.260970,80.472961,100.000000,100.000000,12.000000,6.000000,2.000000,3.000000,12.000000,6.000000,50.059453,70.751943,53.949333,49.567992,3.000000
2026-05-10T08:42:05.275245394Z,0,per_hit,raw_percent_of_host,api-node1,api-node2,0,1,1,73.260970,44.627576,73.260970,44.627576,100.000000,100.000000,12.000000,4.000000,2.000000,4.000000,12.000000,4.000000,50.059453,118.829253,53.949333,67.558721,3.000000
2026-05-10T08:42:05.325666238Z,0,per_hit,raw_percent_of_host,api-node1,api-node2,0,1,1,73.260970,44.627576,73.260970,44.627576,100.000000,100.000000,11.000000,5.000000,2.000000,4.000000,11.000000,5.000000,50.059453,118.829253,54.049164,67.558721,3.000000
2026-05-10T08:42:05.375871263Z,0,per_hit,raw_percent_of_host,api-node1,api-node2,0,1,1,73.260970,49.852492,73.260970,49.852492,100.000000,100.000000,11.000000,1.000000,2.000000,2.000000,11.000000,1.000000,50.059453,98.691765,54.049164,69.562166,3.000000
2026-05-10T08:42:05.426165535Z,0,per_hit,raw_percent_of_host,api-node1,api-node2,0,1,1,83.023649,49.852492,83.023649,49.852492,100.000000,100.000000,8.000000,1.000000,9.000000,2.000000,8.000000,1.000000,161.609320,98.691765,49.422617,69.562166,3.000000
2026-05-10T08:42:05.475453458Z,0,per_hit,raw_percent_of_host,api-node1,api-node2,0,1,1,96.541302,49.077761,96.541302,49.077761,100.000000,100.000000,1.000000,0.000000,2.000000,1.000000,1.000000,0.000000,50.084410,99.291044,49.944557,69.399943,3.000000
2026-05-10T08:42:05.525339684Z,0,per_hit,raw_percent_of_host,api-node1,api-node2,0,1,1,47.565118,0.000000,47.565118,0.000000,100.000000,100.000000,1.000000,0.000000,1.000000,1.000000,1.000000,0.000000,50.151056,99.291044,71.634247,75.000000,3.000000
2026-05-10T08:42:05.57550827Z,0,per_hit,raw_percent_of_host,api-node1,api-node2,0,1,1,47.565118,0.000000,47.565118,0.000000,100.000000,100.000000,1.000000,0.000000,1.000000,1.000000,1.000000,0.000000,50.151056,99.291044,71.634247,75.000000,3.000000
2026-05-10T08:42:05.975584163Z,0,per_hit,raw_percent_of_host,api-node1,api-node2,1,0,1,0.000000,0.000000,0.000000,0.000000,100.000000,100.000000,2.000000,4.000000,1.000000,1.000000,2.000000,4.000000,50.053850,99.291044,74.889367,74.752909,3.000000
2026-05-10T08:42:06.025382797Z,0,per_hit,raw_percent_of_host,api-node1,api-node2,1,0,1,0.000000,0.000000,0.000000,0.000000,100.000000,100.000000,2.000000,4.000000,1.000000,1.000000,2.000000,4.000000,50.053850,99.291044,74.889367,74.752909,3.000000
2026-05-10T08:42:06.075374471Z,0,per_hit,raw_percent_of_host,api-node1,api-node2,1,0,1,100.000000,80.914513,100.000000,80.914513,100.000000,100.000000,3.000000,5.000000,2.000000,3.000000,3.000000,5.000000,50.054565,69.603560,49.834417,49.646468,3.000000
2026-05-10T08:42:06.125360934Z,0,per_hit,raw_percent_of_host,api-node1,api-node2,1,0,1,95.230880,80.914513,95.230880,80.914513,100.000000,100.000000,1.000000,5.000000,3.000000,3.000000,1.000000,5.000000,50.057640,69.603560,49.944561,49.646468,3.000000
2026-05-10T08:42:06.176247212Z,0,per_hit,raw_percent_of_host,api-node1,api-node2,1,0,1,95.230880,80.914513,95.230880,80.914513,100.000000,100.000000,0.000000,6.000000,3.000000,3.000000,0.000000,6.000000,50.057640,69.603560,50.000000,49.576959,3.000000
2026-05-10T08:42:06.226094955Z,0,per_hit,raw_percent_of_host,api-node1,api-node2,1,0,1,95.230880,80.914513,95.230880,80.914513,100.000000,100.000000,10.000000,11.000000,3.000000,3.000000,10.000000,11.000000,50.057640,69.603560,49.456454,49.235209,3.000000
2026-05-10T08:42:06.275373162Z,0,per_hit,raw_percent_of_host,api-node1,api-node2,0,1,1,95.230880,44.358375,95.230880,44.358375,100.000000,100.000000,9.000000,6.000000,3.000000,4.000000,9.000000,6.000000,50.057640,200.128677,49.509742,64.503966,3.000000
2026-05-10T08:42:06.326144163Z,0,per_hit,raw_percent_of_host,api-node1,api-node2,0,1,1,95.230880,44.358375,95.230880,44.358375,100.000000,100.000000,9.000000,7.000000,3.000000,4.000000,9.000000,7.000000,50.057640,200.128677,49.509742,64.503966,3.000000
2026-05-10T08:42:06.37571433Z,0,per_hit,raw_percent_of_host,api-node1,api-node2,0,1,1,95.230880,44.358375,95.230880,44.358375,100.000000,100.000000,9.000000,6.000000,3.000000,4.000000,9.000000,6.000000,50.057640,200.128677,49.509742,64.503966,3.000000
2026-05-10T08:42:06.426254967Z,0,per_hit,raw_percent_of_host,api-node1,api-node2,0,1,1,72.828396,44.358375,72.828396,44.358375,100.000000,100.000000,1.000000,6.000000,9.000000,4.000000,1.000000,6.000000,181.710468,200.128677,56.214176,64.503966,3.000000
2026-05-10T08:42:06.475263896Z,0,per_hit,raw_percent_of_host,api-node1,api-node2,1,0,1,46.581076,95.227183,46.581076,95.227183,100.000000,100.000000,0.000000,1.000000,1.000000,2.000000,0.000000,1.000000,53.555123,100.646112,71.299972,49.937555,3.000000
2026-05-10T08:42:06.525244473Z,0,per_hit,raw_percent_of_host,api-node1,api-node2,1,0,1,0.000000,95.227183,0.000000,95.227183,100.000000,100.000000,1.000000,1.000000,1.000000,2.000000,1.000000,1.000000,53.555123,100.646112,74.944127,49.937555,3.000000
2026-05-10T08:42:06.575690653Z,0,per_hit,raw_percent_of_host,api-node1,api-node2,0,1,1,30.331921,0.000000,30.331921,0.000000,100.000000,100.000000,1.000000,0.000000,2.000000,1.000000,1.000000,0.000000,53.555123,50.040449,72.004189,75.000000,3.000000
2026-05-10T08:42:06.975606047Z,0,per_hit,raw_percent_of_host,api-node1,api-node2,1,0,1,0.000000,0.000000,0.000000,0.000000,100.000000,100.000000,1.000000,5.000000,1.000000,1.000000,1.000000,5.000000,50.043384,50.040449,74.944562,74.725250,3.000000
2026-05-10T08:42:07.025333583Z,0,per_hit,raw_percent_of_host,api-node1,api-node2,0,1,1,97.344222,0.000000,97.344222,0.000000,100.000000,100.000000,1.000000,6.000000,1.000000,1.000000,1.000000,6.000000,50.045880,50.040449,49.944562,74.671023,3.000000
2026-05-10T08:42:07.075514525Z,0,per_hit,raw_percent_of_host,api-node1,api-node2,1,0,1,97.344222,84.646642,97.344222,84.646642,100.000000,100.000000,1.000000,8.000000,1.000000,4.000000,1.000000,8.000000,50.045880,90.519778,49.944562,49.520935,3.000000
2026-05-10T08:42:07.125289859Z,0,per_hit,raw_percent_of_host,api-node1,api-node2,1,0,1,59.821636,84.646642,59.821636,84.646642,100.000000,100.000000,0.000000,9.000000,1.000000,4.000000,0.000000,9.000000,50.046261,90.519778,72.497687,49.462340,3.000000
2026-05-10T08:42:07.175517233Z,0,per_hit,raw_percent_of_host,api-node1,api-node2,1,0,1,59.821636,84.646642,59.821636,84.646642,100.000000,100.000000,0.000000,7.000000,1.000000,4.000000,0.000000,7.000000,50.046261,90.519778,72.497687,49.579812,3.000000
2026-05-10T08:42:07.225382695Z,0,per_hit,raw_percent_of_host,api-node1,api-node2,1,0,1,59.821636,84.646642,59.821636,84.646642,100.000000,100.000000,9.000000,13.000000,1.000000,4.000000,9.000000,13.000000,50.046261,90.519778,72.497687,49.230733,3.000000
2026-05-10T08:42:07.275733948Z,0,per_hit,raw_percent_of_host,api-node1,api-node2,1,0,1,59.821636,44.483825,59.821636,44.483825,100.000000,100.000000,9.000000,12.000000,1.000000,5.000000,9.000000,12.000000,50.046261,199.345876,72.497687,64.567112,3.000000
2026-05-10T08:42:07.326245523Z,0,per_hit,raw_percent_of_host,api-node1,api-node2,1,0,1,59.821636,44.483825,59.821636,44.483825,100.000000,100.000000,9.000000,12.000000,1.000000,5.000000,9.000000,12.000000,50.046261,199.345876,72.497687,64.567112,3.000000
2026-05-10T08:42:07.375441802Z,0,per_hit,raw_percent_of_host,api-node1,api-node2,1,0,1,59.821636,44.483825,59.821636,44.483825,100.000000,100.000000,8.000000,10.000000,1.000000,5.000000,8.000000,10.000000,50.046261,199.345876,72.497687,64.567112,3.000000
2026-05-10T08:42:07.425682388Z,0,per_hit,raw_percent_of_host,api-node1,api-node2,1,0,1,55.440297,44.483825,55.440297,44.483825,100.000000,100.000000,1.000000,10.000000,7.000000,5.000000,1.000000,10.000000,141.356779,199.345876,67.932161,64.567112,3.000000
2026-05-10T08:42:07.475456677Z,0,per_hit,raw_percent_of_host,api-node1,api-node2,1,0,1,55.440297,44.483825,55.440297,44.483825,100.000000,100.000000,0.000000,8.000000,7.000000,5.000000,0.000000,8.000000,141.356779,199.345876,67.932161,64.567112,3.000000
2026-05-10T08:42:07.525936029Z,0,per_hit,raw_percent_of_host,api-node1,api-node2,1,0,1,55.440297,44.483825,55.440297,44.483825,100.000000,100.000000,0.000000,9.000000,7.000000,5.000000,0.000000,9.000000,141.356779,199.345876,67.932161,64.567112,3.000000
2026-05-10T08:42:07.57526214Z,0,per_hit,raw_percent_of_host,api-node1,api-node2,1,0,1,32.313844,46.725463,32.313844,46.725463,100.000000,100.000000,0.000000,2.000000,1.000000,6.000000,0.000000,2.000000,50.054747,279.518527,71.900849,61.024074,3.000000
2026-05-10T08:42:07.625390834Z,0,per_hit,raw_percent_of_host,api-node1,api-node2,1,0,1,32.313844,46.725463,32.313844,46.725463,100.000000,100.000000,0.000000,2.000000,1.000000,6.000000,0.000000,2.000000,50.054747,279.518527,71.900849,61.024074,3.000000
2026-05-10T08:42:07.976011601Z,0,per_hit,raw_percent_of_host,api-node1,api-node2,1,0,1,0.000000,0.000000,0.000000,0.000000,100.000000,100.000000,2.000000,4.000000,1.000000,1.000000,2.000000,4.000000,50.054747,79.307639,74.889367,74.764535,3.000000
2026-05-10T08:42:08.025927242Z,0,per_hit,raw_percent_of_host,api-node1,api-node2,0,1,1,100.000000,0.000000,100.000000,0.000000,100.000000,100.000000,2.000000,5.000000,2.000000,1.000000,2.000000,5.000000,56.848147,79.307639,49.887679,74.706361,3.000000
2026-05-10T08:42:08.075755214Z,0,per_hit,raw_percent_of_host,api-node1,api-node2,1,0,1,100.000000,91.421958,100.000000,91.421958,100.000000,100.000000,3.000000,5.000000,2.000000,3.000000,3.000000,5.000000,56.848147,70.845977,49.831896,49.712084,3.000000
2026-05-10T08:42:08.125588576Z,0,per_hit,raw_percent_of_host,api-node1,api-node2,1,0,1,98.381488,91.421958,98.381488,91.421958,100.000000,100.000000,1.000000,4.000000,3.000000,3.000000,1.000000,4.000000,60.542973,70.845977,49.943241,49.769135,3.000000
2026-05-10T08:42:08.176263951Z,0,per_hit,raw_percent_of_host,api-node1,api-node2,0,1,1,84.038695,50.366181,84.038695,50.366181,100.000000,100.000000,1.000000,2.000000,2.000000,2.000000,1.000000,2.000000,50.068620,97.995230,49.937756,69.678444,3.000000
2026-05-10T08:42:08.225528745Z,0,per_hit,raw_percent_of_host,api-node1,api-node2,0,1,1,84.038695,50.366181,84.038695,50.366181,100.000000,100.000000,4.000000,10.000000,2.000000,2.000000,4.000000,10.000000,50.068620,97.995230,49.752870,69.678444,3.000000
2026-05-10T08:42:08.276179658Z,0,per_hit,raw_percent_of_host,api-node1,api-node2,0,1,1,84.038695,50.366181,84.038695,50.366181,100.000000,100.000000,5.000000,9.000000,2.000000,2.000000,5.000000,9.000000,50.068620,97.995230,49.691849,69.678444,3.000000
2026-05-10T08:42:08.325553882Z,0,per_hit,raw_percent_of_host,api-node1,api-node2,0,1,1,84.038695,50.366181,84.038695,50.366181,100.000000,100.000000,4.000000,11.000000,2.000000,2.000000,4.000000,11.000000,50.068620,97.995230,49.752870,69.678444,3.000000
2026-05-10T08:42:08.376097925Z,0,per_hit,raw_percent_of_host,api-node1,api-node2,0,1,1,84.038695,50.366181,84.038695,50.366181,100.000000,100.000000,0.000000,10.000000,2.000000,2.000000,0.000000,10.000000,50.068620,97.995230,50.000000,69.678444,3.000000
2026-05-10T08:42:08.426125261Z,0,per_hit,raw_percent_of_host,api-node1,api-node2,0,1,1,84.038695,50.366181,84.038695,50.366181,100.000000,100.000000,0.000000,10.000000,2.000000,2.000000,0.000000,10.000000,50.068620,97.995230,50.000000,69.678444,3.000000
2026-05-10T08:42:08.47546646Z,0,per_hit,raw_percent_of_host,api-node1,api-node2,1,0,1,60.717677,46.479961,60.717677,46.479961,100.000000,100.000000,0.000000,8.000000,1.000000,5.000000,0.000000,8.000000,50.061006,59.529300,72.496950,70.938074,3.000000
2026-05-10T08:42:08.525415386Z,0,per_hit,raw_percent_of_host,api-node1,api-node2,1,0,1,60.717677,46.479961,60.717677,46.479961,100.000000,100.000000,0.000000,9.000000,1.000000,5.000000,0.000000,9.000000,50.061006,59.529300,72.496950,70.938074,3.000000
2026-05-10T08:42:08.57567639Z,0,per_hit,raw_percent_of_host,api-node1,api-node2,1,0,1,60.717677,56.081575,60.717677,56.081575,100.000000,100.000000,0.000000,3.000000,1.000000,5.000000,0.000000,3.000000,50.061006,141.857526,72.496950,67.907124,3.000000
2026-05-10T08:42:08.625453704Z,0,per_hit,raw_percent_of_host,api-node1,api-node2,1,0,1,0.000000,56.081575,0.000000,56.081575,100.000000,100.000000,0.000000,3.000000,1.000000,5.000000,0.000000,3.000000,50.061006,141.857526,75.000000,67.907124,3.000000
2026-05-10T08:42:08.97616859Z,0,per_hit,raw_percent_of_host,api-node1,api-node2,1,0,1,0.000000,0.000000,0.000000,0.000000,100.000000,100.000000,3.000000,3.000000,1.000000,1.000000,3.000000,3.000000,50.061006,59.268458,74.834415,74.830979,3.000000
2026-05-10T08:42:09.025609323Z,0,per_hit,raw_percent_of_host,api-node1,api-node2,0,1,1,97.614109,48.796737,97.614109,48.796737,100.000000,100.000000,3.000000,2.000000,2.000000,3.000000,3.000000,2.000000,50.331909,59.268458,49.834316,71.288501,3.000000
2026-05-10T08:42:09.075471098Z,0,per_hit,raw_percent_of_host,api-node1,api-node2,0,1,1,97.614109,66.481968,97.614109,66.481968,100.000000,100.000000,5.000000,2.000000,2.000000,2.000000,5.000000,2.000000,50.331909,50.045113,49.725074,67.890728,3.000000
2026-05-10T08:42:09.126171939Z,0,per_hit,raw_percent_of_host,api-node1,api-node2,0,1,1,99.413194,66.481968,99.413194,66.481968,100.000000,100.000000,5.000000,2.000000,6.000000,2.000000,5.000000,2.000000,58.821608,50.045113,49.719843,67.890728,3.000000
2026-05-10T08:42:09.175957082Z,0,per_hit,raw_percent_of_host,api-node1,api-node2,0,1,1,98.492334,39.940403,98.492334,39.940403,100.000000,100.000000,0.000000,2.000000,2.000000,2.000000,0.000000,2.000000,50.034542,89.209767,50.000000,67.630802,3.000000
2026-05-10T08:42:09.225681714Z,0,per_hit,raw_percent_of_host,api-node1,api-node2,1,0,1,46.004832,39.940403,46.004832,39.940403,100.000000,100.000000,6.000000,11.000000,1.000000,2.000000,6.000000,11.000000,50.047186,89.209767,71.426388,67.630802,3.000000
2026-05-10T08:42:09.27530713Z,0,per_hit,raw_percent_of_host,api-node1,api-node2,1,0,1,46.004832,39.940403,46.004832,39.940403,100.000000,100.000000,6.000000,9.000000,1.000000,2.000000,6.000000,9.000000,50.047186,89.209767,71.426388,67.630802,3.000000
2026-05-10T08:42:09.32526783Z,0,per_hit,raw_percent_of_host,api-node1,api-node2,1,0,1,46.004832,39.940403,46.004832,39.940403,100.000000,100.000000,6.000000,11.000000,1.000000,2.000000,6.000000,11.000000,50.047186,89.209767,71.426388,67.630802,3.000000
2026-05-10T08:42:09.376169939Z,0,per_hit,raw_percent_of_host,api-node1,api-node2,1,0,1,46.004832,39.940403,46.004832,39.940403,100.000000,100.000000,1.000000,10.000000,1.000000,2.000000,1.000000,10.000000,50.047186,89.209767,71.426388,67.630802,3.000000
2026-05-10T08:42:09.425618794Z,0,per_hit,raw_percent_of_host,api-node1,api-node2,1,0,1,46.004832,39.940403,46.004832,39.940403,100.000000,100.000000,0.000000,10.000000,1.000000,2.000000,0.000000,10.000000,50.047186,89.209767,71.426388,67.630802,3.000000
2026-05-10T08:42:09.475249021Z,0,per_hit,raw_percent_of_host,api-node1,api-node2,0,1,1,63.877874,50.065507,63.877874,50.065507,100.000000,100.000000,0.000000,9.000000,1.000000,6.000000,0.000000,9.000000,50.044377,59.466058,71.288708,71.439540,3.000000
2026-05-10T08:42:09.525402611Z,0,per_hit,raw_percent_of_host,api-node1,api-node2,0,1,1,63.877874,50.065507,63.877874,50.065507,100.000000,100.000000,0.000000,9.000000,1.000000,6.000000,0.000000,9.000000,50.044377,59.466058,71.288708,71.439540,3.000000
2026-05-10T08:42:09.575684069Z,0,per_hit,raw_percent_of_host,api-node1,api-node2,1,0,1,63.877874,57.636318,63.877874,57.636318,100.000000,100.000000,0.000000,3.000000,1.000000,3.000000,0.000000,3.000000,50.044377,120.559704,71.288708,68.972015,3.000000
2026-05-10T08:42:09.625715722Z,0,per_hit,raw_percent_of_host,api-node1,api-node2,1,0,1,0.000000,57.636318,0.000000,57.636318,100.000000,100.000000,0.000000,3.000000,1.000000,3.000000,0.000000,3.000000,50.044377,120.559704,75.000000,68.972015,3.000000
2026-05-10T08:42:09.675854116Z,0,per_hit,raw_percent_of_host,api-node1,api-node2,1,0,1,0.000000,37.909438,0.000000,37.909438,100.000000,100.000000,0.000000,1.000000,1.000000,4.000000,0.000000,1.000000,50.044377,120.559704,75.000000,66.682577,3.000000
2026-05-10T08:42:10.125998446Z,0,per_hit,raw_percent_of_host,api-node1,api-node2,0,1,1,39.914717,17.812191,39.914717,17.812191,100.000000,100.000000,3.000000,6.000000,2.000000,2.000000,3.000000,6.000000,50.044377,50.061046,70.244951,74.671009,3.000000
2026-05-10T08:42:10.175286562Z,0,per_hit,raw_percent_of_host,api-node1,api-node2,0,1,1,39.914717,17.812191,39.914717,17.812191,100.000000,100.000000,1.000000,7.000000,2.000000,2.000000,1.000000,7.000000,50.044377,50.061046,70.244951,74.617017,3.000000
2026-05-10T08:42:10.226213274Z,0,per_hit,raw_percent_of_host,api-node1,api-node2,0,1,1,99.027387,17.812191,99.027387,17.812191,100.000000,100.000000,9.000000,13.000000,2.000000,2.000000,9.000000,13.000000,50.042011,50.061046,49.509759,74.297964,3.000000
2026-05-10T08:42:10.276110086Z,0,per_hit,raw_percent_of_host,api-node1,api-node2,0,1,1,99.027387,17.812191,99.027387,17.812191,100.000000,100.000000,9.000000,9.000000,2.000000,2.000000,9.000000,9.000000,50.042011,50.061046,49.509759,74.509739,3.000000
2026-05-10T08:42:10.325453079Z,0,per_hit,raw_percent_of_host,api-node1,api-node2,0,1,1,99.027387,17.812191,99.027387,17.812191,100.000000,100.000000,13.000000,9.000000,2.000000,2.000000,13.000000,9.000000,50.042011,50.061046,49.297992,74.509739,3.000000
2026-05-10T08:42:10.375238154Z,0,per_hit,raw_percent_of_host,api-node1,api-node2,0,1,1,99.027387,17.812191,99.027387,17.812191,100.000000,100.000000,13.000000,8.000000,2.000000,2.000000,13.000000,8.000000,50.042011,50.061046,49.297992,74.563261,3.000000
2026-05-10T08:42:10.425857545Z,0,per_hit,raw_percent_of_host,api-node1,api-node2,0,1,1,99.027387,73.432501,99.027387,73.432501,100.000000,100.000000,5.000000,8.000000,2.000000,4.000000,5.000000,8.000000,50.042011,129.047430,49.725249,53.893530,3.000000
2026-05-10T08:42:10.475276944Z,0,per_hit,raw_percent_of_host,api-node1,api-node2,0,1,1,85.558653,50.037785,85.558653,50.037785,100.000000,100.000000,2.000000,2.000000,4.000000,3.000000,2.000000,2.000000,70.756072,120.489161,49.883171,68.700530,3.000000
2026-05-10T08:42:10.525236843Z,0,per_hit,raw_percent_of_host,api-node1,api-node2,0,1,1,100.000000,50.037785,100.000000,50.037785,100.000000,100.000000,0.000000,1.000000,2.000000,3.000000,0.000000,1.000000,50.043122,120.489161,50.000000,68.700530,3.000000
2026-05-10T08:42:10.575528082Z,0,per_hit,raw_percent_of_host,api-node1,api-node2,1,0,1,52.552712,32.286184,52.552712,32.286184,100.000000,100.000000,0.000000,1.000000,1.000000,2.000000,0.000000,1.000000,50.205093,79.190449,72.171960,70.432727,3.000000
2026-05-10T08:42:10.975287563Z,0,per_hit,raw_percent_of_host,api-node1,api-node2,0,1,1,33.440014,0.000000,33.440014,0.000000,100.000000,100.000000,1.000000,1.000000,2.000000,1.000000,1.000000,1.000000,50.205093,50.264850,71.709199,74.944535,3.000000
2026-05-10T08:42:11.025378016Z,0,per_hit,raw_percent_of_host,api-node1,api-node2,0,1,1,75.494381,0.000000,75.494381,0.000000,100.000000,100.000000,0.000000,1.000000,1.000000,1.000000,0.000000,1.000000,50.043642,50.264850,50.000000,74.944535,3.000000
2026-05-10T08:42:11.075845818Z,0,per_hit,raw_percent_of_host,api-node1,api-node2,1,0,1,37.195031,77.918344,37.195031,77.918344,100.000000,100.000000,1.000000,3.000000,2.000000,2.000000,1.000000,3.000000,50.043642,50.045963,70.913377,49.751358,3.000000
2026-05-10T08:42:11.125263736Z,0,per_hit,raw_percent_of_host,api-node1,api-node2,1,0,1,64.606169,77.918344,64.606169,77.918344,100.000000,100.000000,1.000000,3.000000,1.000000,2.000000,1.000000,3.000000,50.048161,50.045963,70.358096,49.751358,3.000000
2026-05-10T08:42:11.175665686Z,0,per_hit,raw_percent_of_host,api-node1,api-node2,0,1,1,64.606169,0.000000,64.606169,0.000000,100.000000,100.000000,5.000000,2.000000,1.000000,1.000000,5.000000,2.000000,50.048161,70.468475,69.934417,74.884134,3.000000
2026-05-10T08:42:11.225533838Z,0,per_hit,raw_percent_of_host,api-node1,api-node2,0,1,1,79.805513,0.000000,79.805513,0.000000,100.000000,100.000000,4.000000,2.000000,3.000000,1.000000,4.000000,2.000000,50.048161,70.468475,49.700681,74.884134,3.000000
2026-05-10T08:42:11.275411338Z,0,per_hit,raw_percent_of_host,api-node1,api-node2,0,1,1,97.672375,65.107392,97.672375,65.107392,100.000000,100.000000,1.000000,1.000000,3.000000,2.000000,1.000000,1.000000,60.001223,63.498084,49.943311,69.762679,3.000000
2026-05-10T08:42:11.325392129Z,0,per_hit,raw_percent_of_host,api-node1,api-node2,1,0,1,0.000000,100.000000,0.000000,100.000000,100.000000,100.000000,5.000000,6.000000,1.000000,2.000000,5.000000,6.000000,50.049519,50.040067,74.725245,49.671024,3.000000
2026-05-10T08:42:11.37584644Z,0,per_hit,raw_percent_of_host,api-node1,api-node2,1,0,1,0.000000,100.000000,0.000000,100.000000,100.000000,100.000000,4.000000,7.000000,1.000000,2.000000,4.000000,7.000000,50.049519,50.040067,74.779712,49.617034,3.000000
2026-05-10T08:42:11.426284684Z,0,per_hit,raw_percent_of_host,api-node1,api-node2,1,0,1,0.000000,100.000000,0.000000,100.000000,100.000000,100.000000,7.000000,11.000000,1.000000,2.000000,7.000000,11.000000,50.049519,50.040067,74.617026,49.403419,3.000000
2026-05-10T08:42:11.475636264Z,0,per_hit,raw_percent_of_host,api-node1,api-node2,1,0,1,0.000000,39.906045,0.000000,39.906045,100.000000,100.000000,4.000000,10.000000,1.000000,3.000000,4.000000,10.000000,50.049519,59.504620,74.779712,69.539821,3.000000
2026-05-10T08:42:11.525261855Z,0,per_hit,raw_percent_of_host,api-node1,api-node2,1,0,1,0.000000,39.906045,0.000000,39.906045,100.000000,100.000000,1.000000,10.000000,1.000000,3.000000,1.000000,10.000000,50.049519,59.504620,74.944562,69.539821,3.000000
2026-05-10T08:42:11.57572062Z,0,per_hit,raw_percent_of_host,api-node1,api-node2,0,1,1,89.323983,39.906045,89.323983,39.906045,100.000000,100.000000,0.000000,8.000000,5.000000,3.000000,0.000000,8.000000,50.103852,59.504620,50.000000,69.539821,3.000000
2026-05-10T08:42:11.625883688Z,0,per_hit,raw_percent_of_host,api-node1,api-node2,0,1,1,89.323983,39.906045,89.323983,39.906045,100.000000,100.000000,0.000000,8.000000,5.000000,3.000000,0.000000,8.000000,50.103852,59.504620,50.000000,69.539821,3.000000
2026-05-10T08:42:11.676140148Z,0,per_hit,raw_percent_of_host,api-node1,api-node2,0,1,1,89.323983,58.181769,89.323983,58.181769,100.000000,100.000000,0.000000,6.000000,5.000000,7.000000,0.000000,6.000000,50.103852,239.316178,50.000000,63.034191,3.000000
2026-05-10T08:42:11.725548489Z,0,per_hit,raw_percent_of_host,api-node1,api-node2,1,0,1,16.825833,58.181769,16.825833,58.181769,100.000000,100.000000,0.000000,6.000000,1.000000,7.000000,0.000000,6.000000,50.043272,239.316178,75.000000,63.034191,3.000000
2026-05-10T08:42:11.975675598Z,0,per_hit,raw_percent_of_host,api-node1,api-node2,1,0,1,20.099675,31.587817,20.099675,31.587817,100.000000,100.000000,0.000000,2.000000,1.000000,2.000000,0.000000,2.000000,50.043272,80.996051,75.000000,70.492604,3.000000
2026-05-10T08:42:12.025376654Z,0,per_hit,raw_percent_of_host,api-node1,api-node2,1,0,1,0.000000,31.587817,0.000000,31.587817,100.000000,100.000000,0.000000,3.000000,1.000000,2.000000,0.000000,3.000000,50.043272,80.996051,75.000000,70.492604,3.000000
2026-05-10T08:42:12.075375009Z,0,per_hit,raw_percent_of_host,api-node1,api-node2,1,0,1,37.305221,75.568290,37.305221,75.568290,100.000000,100.000000,3.000000,3.000000,2.000000,2.000000,3.000000,3.000000,50.043272,67.286686,70.883771,49.714255,3.000000
2026-05-10T08:42:12.126233978Z,0,per_hit,raw_percent_of_host,api-node1,api-node2,1,0,1,37.305221,75.568290,37.305221,75.568290,100.000000,100.000000,2.000000,3.000000,2.000000,2.000000,2.000000,3.000000,50.043272,67.286686,70.883771,49.714255,3.000000
2026-05-10T08:42:12.176103657Z,0,per_hit,raw_percent_of_host,api-node1,api-node2,1,0,1,37.305221,58.154814,37.305221,58.154814,100.000000,100.000000,2.000000,1.000000,2.000000,3.000000,2.000000,1.000000,50.043272,101.819585,70.883771,69.909021,3.000000
2026-05-10T08:42:12.225739064Z,0,per_hit,raw_percent_of_host,api-node1,api-node2,0,1,1,82.001013,58.154814,82.001013,58.154814,100.000000,100.000000,7.000000,8.000000,3.000000,3.000000,7.000000,8.000000,50.126219,101.819585,49.531689,69.909021,3.000000
2026-05-10T08:42:12.275596012Z,0,per_hit,raw_percent_of_host,api-node1,api-node2,0,1,1,82.001013,58.154814,82.001013,58.154814,100.000000,100.000000,7.000000,9.000000,3.000000,3.000000,7.000000,9.000000,50.126219,101.819585,49.531689,69.909021,3.000000
2026-05-10T08:42:12.325819704Z,0,per_hit,raw_percent_of_host,api-node1,api-node2,0,1,1,82.001013,58.154814,82.001013,58.154814,100.000000,100.000000,10.000000,14.000000,3.000000,3.000000,10.000000,14.000000,50.126219,101.819585,49.336313,69.909021,3.000000
2026-05-10T08:42:12.375936182Z,0,per_hit,raw_percent_of_host,api-node1,api-node2,0,1,1,82.001013,58.154814,82.001013,58.154814,100.000000,100.000000,5.000000,13.000000,3.000000,3.000000,5.000000,13.000000,50.126219,101.819585,49.663692,69.909021,3.000000
2026-05-10T08:42:12.425524995Z,0,per_hit,raw_percent_of_host,api-node1,api-node2,0,1,1,82.001013,58.154814,82.001013,58.154814,100.000000,100.000000,2.000000,13.000000,3.000000,3.000000,2.000000,13.000000,50.126219,101.819585,49.864382,69.909021,3.000000
2026-05-10T08:42:12.475959479Z,0,per_hit,raw_percent_of_host,api-node1,api-node2,0,1,1,99.071489,46.489121,99.071489,46.489121,100.000000,100.000000,0.000000,10.000000,1.000000,5.000000,0.000000,10.000000,50.036883,59.473863,50.000000,70.942691,3.000000
2026-05-10T08:42:12.52529038Z,0,per_hit,raw_percent_of_host,api-node1,api-node2,0,1,1,99.071489,46.489121,99.071489,46.489121,100.000000,100.000000,1.000000,13.000000,1.000000,5.000000,1.000000,13.000000,50.036883,59.473863,49.944563,70.942691,3.000000
2026-05-10T08:42:12.576145364Z,0,per_hit,raw_percent_of_host,api-node1,api-node2,0,1,1,99.071489,46.489121,99.071489,46.489121,100.000000,100.000000,0.000000,12.000000,1.000000,5.000000,0.000000,12.000000,50.036883,59.473863,50.000000,70.942691,3.000000
2026-05-10T08:42:12.626302784Z,0,per_hit,raw_percent_of_host,api-node1,api-node2,0,1,1,99.071489,46.489121,99.071489,46.489121,100.000000,100.000000,0.000000,12.000000,1.000000,5.000000,0.000000,12.000000,50.036883,59.473863,50.000000,70.942691,3.000000
2026-05-10T08:42:12.676149698Z,0,per_hit,raw_percent_of_host,api-node1,api-node2,0,1,1,99.071489,58.166978,99.071489,58.166978,100.000000,100.000000,0.000000,8.000000,1.000000,7.000000,0.000000,8.000000,50.036883,320.746427,50.000000,58.962679,3.000000
2026-05-10T08:42:12.725911765Z,0,per_hit,raw_percent_of_host,api-node1,api-node2,1,0,1,24.949105,58.166978,24.949105,58.166978,100.000000,100.000000,0.000000,8.000000,1.000000,7.000000,0.000000,8.000000,50.057905,320.746427,75.000000,58.962679,3.000000
2026-05-10T08:42:12.775264889Z,0,per_hit,raw_percent_of_host,api-node1,api-node2,1,0,1,24.949105,49.430705,24.949105,49.430705,100.000000,100.000000,0.000000,2.000000,1.000000,3.000000,0.000000,2.000000,50.057905,121.877680,75.000000,68.529367,3.000000
2026-05-10T08:42:12.826248749Z,0,per_hit,raw_percent_of_host,api-node1,api-node2,1,0,1,0.000000,49.430705,0.000000,49.430705,100.000000,100.000000,0.000000,1.000000,1.000000,3.000000,0.000000,1.000000,50.057905,121.877680,75.000000,68.529367,3.000000
2026-05-10T08:42:12.875977263Z,0,per_hit,raw_percent_of_host,api-node1,api-node2,1,0,1,0.000000,28.927956,0.000000,28.927956,100.000000,100.000000,0.000000,1.000000,1.000000,2.000000,0.000000,1.000000,50.057905,78.431683,75.000000,72.062448,3.000000
2026-05-10T08:42:12.926249106Z,0,per_hit,raw_percent_of_host,api-node1,api-node2,1,0,1,0.000000,28.927956,0.000000,28.927956,100.000000,100.000000,0.000000,1.000000,1.000000,2.000000,0.000000,1.000000,50.057905,78.431683,75.000000,72.062448,3.000000
2026-05-10T08:42:12.976156563Z,0,per_hit,raw_percent_of_host,api-node1,api-node2,0,1,1,0.000000,0.000000,0.000000,0.000000,100.000000,100.000000,2.000000,0.000000,1.000000,1.000000,2.000000,0.000000,50.057905,50.049687,74.889366,75.000000,3.000000
2026-05-10T08:42:13.025265081Z,0,per_hit,raw_percent_of_host,api-node1,api-node2,0,1,1,79.441482,0.000000,79.441482,0.000000,100.000000,100.000000,3.000000,0.000000,2.000000,1.000000,3.000000,0.000000,50.057905,50.049687,49.770660,75.000000,3.000000
2026-05-10T08:42:13.076077531Z,0,per_hit,raw_percent_of_host,api-node1,api-node2,0,1,1,99.591126,17.973973,99.591126,17.973973,100.000000,100.000000,4.000000,3.000000,2.000000,2.000000,4.000000,3.000000,55.708710,50.049687,49.776931,74.834419,3.000000
2026-05-10T08:42:13.125739356Z,0,per_hit,raw_percent_of_host,api-node1,api-node2,0,1,1,99.078188,17.973973,99.078188,17.973973,100.000000,100.000000,2.000000,2.000000,4.000000,2.000000,2.000000,2.000000,59.208268,50.049687,49.887080,74.889368,3.000000
2026-05-10T08:42:13.175298864Z,0,per_hit,raw_percent_of_host,api-node1,api-node2,1,0,1,37.261023,81.147951,37.261023,81.147951,100.000000,100.000000,0.000000,1.000000,1.000000,1.000000,0.000000,1.000000,50.665509,50.036216,70.853141,49.929272,3.000000
2026-05-10T08:42:13.225515105Z,0,per_hit,raw_percent_of_host,api-node1,api-node2,1,0,1,0.000000,90.088747,0.000000,90.088747,100.000000,100.000000,5.000000,6.000000,1.000000,2.000000,5.000000,6.000000,50.665509,50.036216,74.724872,49.671027,3.000000
2026-05-10T08:42:13.276123376Z,0,per_hit,raw_percent_of_host,api-node1,api-node2,1,0,1,0.000000,90.088747,0.000000,90.088747,100.000000,100.000000,5.000000,5.000000,1.000000,2.000000,5.000000,5.000000,50.665509,50.036216,74.724872,49.725253,3.000000
2026-05-10T08:42:13.326216278Z,0,per_hit,raw_percent_of_host,api-node1,api-node2,1,0,1,0.000000,90.088747,0.000000,90.088747,100.000000,100.000000,9.000000,8.000000,1.000000,2.000000,9.000000,8.000000,50.665509,50.036216,74.509092,49.563284,3.000000
2026-05-10T08:42:13.375370997Z,0,per_hit,raw_percent_of_host,api-node1,api-node2,1,0,1,0.000000,40.810854,0.000000,40.810854,100.000000,100.000000,7.000000,5.000000,1.000000,4.000000,7.000000,5.000000,50.665509,59.525803,74.616509,69.785668,3.000000
2026-05-10T08:42:13.425691723Z,0,per_hit,raw_percent_of_host,api-node1,api-node2,0,1,1,93.855423,40.810854,93.855423,40.810854,100.000000,100.000000,7.000000,5.000000,4.000000,4.000000,7.000000,5.000000,50.038941,59.525803,49.617035,69.785668,3.000000
2026-05-10T08:42:13.475577796Z,0,per_hit,raw_percent_of_host,api-node1,api-node2,0,1,1,93.855423,57.120885,93.855423,57.120885,100.000000,100.000000,3.000000,2.000000,4.000000,4.000000,3.000000,2.000000,50.038941,120.565701,49.834423,68.971715,3.000000
2026-05-10T08:42:13.525665421Z,0,per_hit,raw_percent_of_host,api-node1,api-node2,0,1,1,93.855423,57.120885,93.855423,57.120885,100.000000,100.000000,1.000000,4.000000,4.000000,4.000000,1.000000,4.000000,50.038941,120.565701,49.944563,68.971715,3.000000
2026-05-10T08:42:13.575688044Z,0,per_hit,raw_percent_of_host,api-node1,api-node2,0,1,1,99.113926,51.080779,99.113926,51.080779,100.000000,100.000000,0.000000,3.000000,2.000000,3.000000,0.000000,3.000000,50.035544,79.822570,50.000000,70.588988,3.000000
2026-05-10T08:42:13.625688103Z,0,per_hit,raw_percent_of_host,api-node1,api-node2,1,0,1,57.442284,51.080779,57.442284,51.080779,100.000000,100.000000,0.000000,3.000000,1.000000,3.000000,0.000000,3.000000,50.057822,79.822570,72.497109,70.588988,3.000000
2026-05-10T08:42:13.875400772Z,0,per_hit,raw_percent_of_host,api-node1,api-node2,0,1,1,37.763156,0.000000,37.763156,0.000000,100.000000,100.000000,1.000000,0.000000,2.000000,1.000000,1.000000,0.000000,50.057822,80.806630,70.754857,75.000000,3.000000
2026-05-10T08:42:13.975922351Z,0,per_hit,raw_percent_of_host,api-node1,api-node2,0,1,1,37.763156,0.000000,37.763156,0.000000,100.000000,100.000000,2.000000,0.000000,2.000000,1.000000,2.000000,0.000000,50.057822,80.806630,70.754857,75.000000,3.000000
2026-05-10T08:42:14.025431679Z,0,per_hit,raw_percent_of_host,api-node1,api-node2,0,1,1,50.596640,0.000000,50.596640,0.000000,100.000000,100.000000,2.000000,0.000000,3.000000,1.000000,2.000000,0.000000,50.085340,80.806630,71.988266,75.000000,3.000000
2026-05-10T08:42:14.076217124Z,0,per_hit,raw_percent_of_host,api-node1,api-node2,0,1,1,93.020351,0.000000,93.020351,0.000000,100.000000,100.000000,4.000000,3.000000,3.000000,1.000000,4.000000,3.000000,50.044165,80.806630,49.779714,74.822356,3.000000
2026-05-10T08:42:14.125754173Z,0,per_hit,raw_percent_of_host,api-node1,api-node2,0,1,1,100.000000,0.000000,100.000000,0.000000,100.000000,100.000000,2.000000,2.000000,3.000000,1.000000,2.000000,2.000000,58.587708,80.806630,49.887238,74.881290,3.000000
2026-05-10T08:42:14.175689045Z,0,per_hit,raw_percent_of_host,api-node1,api-node2,1,0,1,54.037776,88.154060,54.037776,88.154060,100.000000,100.000000,0.000000,1.000000,1.000000,1.000000,0.000000,1.000000,50.050619,50.036632,72.308389,49.944563,3.000000
2026-05-10T08:42:14.226178853Z,0,per_hit,raw_percent_of_host,api-node1,api-node2,1,0,1,44.313517,88.154060,44.313517,88.154060,100.000000,100.000000,5.000000,6.000000,1.000000,1.000000,5.000000,6.000000,50.050619,50.036632,71.161268,49.671026,3.000000
2026-05-10T08:42:14.275515779Z,0,per_hit,raw_percent_of_host,api-node1,api-node2,1,0,1,44.313517,88.154060,44.313517,88.154060,100.000000,100.000000,5.000000,6.000000,1.000000,1.000000,5.000000,6.000000,50.050619,50.036632,71.161268,49.671026,3.000000
2026-05-10T08:42:14.325241795Z,0,per_hit,raw_percent_of_host,api-node1,api-node2,1,0,1,44.313517,88.154060,44.313517,88.154060,100.000000,100.000000,11.000000,9.000000,1.000000,1.000000,11.000000,9.000000,50.050619,50.036632,71.161268,49.509765,3.000000
2026-05-10T08:42:14.375922772Z,0,per_hit,raw_percent_of_host,api-node1,api-node2,1,0,1,44.313517,41.637994,44.313517,41.637994,100.000000,100.000000,8.000000,6.000000,1.000000,3.000000,8.000000,6.000000,50.050619,57.605897,71.161268,70.122964,3.000000
2026-05-10T08:42:14.426072515Z,0,per_hit,raw_percent_of_host,api-node1,api-node2,1,0,1,44.313517,41.637994,44.313517,41.637994,100.000000,100.000000,8.000000,6.000000,1.000000,3.000000,8.000000,6.000000,50.050619,57.605897,71.161268,70.122964,3.000000
2026-05-10T08:42:14.475848396Z,0,per_hit,raw_percent_of_host,api-node1,api-node2,1,0,1,44.313517,41.637994,44.313517,41.637994,100.000000,100.000000,7.000000,6.000000,1.000000,3.000000,7.000000,6.000000,50.050619,57.605897,71.161268,70.122964,3.000000
2026-05-10T08:42:14.525821761Z,0,per_hit,raw_percent_of_host,api-node1,api-node2,0,1,1,88.084645,41.637994,88.084645,41.637994,100.000000,100.000000,6.000000,6.000000,8.000000,3.000000,6.000000,6.000000,130.720547,57.605897,49.600298,70.122964,3.000000
2026-05-10T08:42:14.575975292Z,0,per_hit,raw_percent_of_host,api-node1,api-node2,0,1,1,88.084645,0.000000,88.084645,0.000000,100.000000,100.000000,4.000000,0.000000,8.000000,1.000000,4.000000,0.000000,130.720547,82.916251,49.732104,75.000000,3.000000
2026-05-10T08:42:14.626134661Z,0,per_hit,raw_percent_of_host,api-node1,api-node2,0,1,1,88.084645,0.000000,88.084645,0.000000,100.000000,100.000000,4.000000,0.000000,8.000000,1.000000,4.000000,0.000000,130.720547,82.916251,49.732104,75.000000,3.000000
2026-05-10T08:42:14.875906037Z,0,per_hit,raw_percent_of_host,api-node1,api-node2,1,0,1,0.000000,20.035058,0.000000,20.035058,100.000000,100.000000,0.000000,1.000000,1.000000,2.000000,0.000000,1.000000,50.051157,82.916251,75.000000,74.940203,3.000000
2026-05-10T08:42:14.97608499Z,0,per_hit,raw_percent_of_host,api-node1,api-node2,0,1,1,16.368493,0.000000,16.368493,0.000000,100.000000,100.000000,2.000000,0.000000,2.000000,1.000000,2.000000,0.000000,50.051157,50.050033,74.889368,75.000000,3.000000
2026-05-10T08:42:15.025220823Z,0,per_hit,raw_percent_of_host,api-node1,api-node2,0,1,1,98.019393,0.000000,98.019393,0.000000,100.000000,100.000000,1.000000,2.000000,2.000000,1.000000,1.000000,2.000000,55.062923,50.050033,49.943938,74.889368,3.000000
2026-05-10T08:42:15.075848392Z,0,per_hit,raw_percent_of_host,api-node1,api-node2,0,1,1,70.953575,0.000000,70.953575,0.000000,100.000000,100.000000,1.000000,6.000000,2.000000,1.000000,1.000000,6.000000,50.048095,50.050033,60.510665,74.671017,3.000000
2026-05-10T08:42:15.126170681Z,0,per_hit,raw_percent_of_host,api-node1,api-node2,0,1,1,70.953575,0.000000,70.953575,0.000000,100.000000,100.000000,0.000000,6.000000,2.000000,1.000000,0.000000,6.000000,50.048095,50.050033,60.622531,74.671017,3.000000
2026-05-10T08:42:15.175390121Z,0,per_hit,raw_percent_of_host,api-node1,api-node2,0,1,1,49.804156,60.414234,49.804156,60.414234,100.000000,100.000000,1.000000,6.000000,1.000000,3.000000,1.000000,6.000000,50.109470,50.050033,71.902651,71.934287,3.000000
2026-05-10T08:42:15.225368647Z,0,per_hit,raw_percent_of_host,api-node1,api-node2,1,0,1,49.804156,60.414234,49.804156,60.414234,100.000000,100.000000,6.000000,10.000000,1.000000,3.000000,6.000000,10.000000,50.109470,50.050033,71.902651,71.850594,3.000000
2026-05-10T08:42:15.275894001Z,0,per_hit,raw_percent_of_host,api-node1,api-node2,1,0,1,49.804156,49.613037,49.804156,49.613037,100.000000,100.000000,6.000000,6.000000,1.000000,3.000000,6.000000,6.000000,50.109470,119.893639,71.902651,68.643081,3.000000
2026-05-10T08:42:15.325903776Z,0,per_hit,raw_percent_of_host,api-node1,api-node2,1,0,1,49.804156,49.613037,49.804156,49.613037,100.000000,100.000000,10.000000,12.000000,1.000000,3.000000,10.000000,12.000000,50.109470,119.893639,71.902651,68.643081,3.000000
2026-05-10T08:42:15.375682183Z,0,per_hit,raw_percent_of_host,api-node1,api-node2,0,1,1,93.150270,49.613037,93.150270,49.613037,100.000000,100.000000,6.000000,9.000000,5.000000,3.000000,6.000000,9.000000,100.954409,119.893639,49.629671,68.643081,3.000000
2026-05-10T08:42:15.425929632Z,0,per_hit,raw_percent_of_host,api-node1,api-node2,0,1,1,93.150270,49.613037,93.150270,49.613037,100.000000,100.000000,5.000000,9.000000,5.000000,3.000000,5.000000,9.000000,100.954409,119.893639,49.690629,68.643081,3.000000
2026-05-10T08:42:15.475862622Z,0,per_hit,raw_percent_of_host,api-node1,api-node2,0,1,1,93.150270,49.613037,93.150270,49.613037,100.000000,100.000000,0.000000,8.000000,5.000000,3.000000,0.000000,8.000000,100.954409,119.893639,50.000000,68.643081,3.000000
2026-05-10T08:42:15.52596668Z,0,per_hit,raw_percent_of_host,api-node1,api-node2,0,1,1,93.150270,49.613037,93.150270,49.613037,100.000000,100.000000,2.000000,11.000000,5.000000,3.000000,2.000000,11.000000,100.954409,119.893639,49.875326,68.643081,3.000000
2026-05-10T08:42:15.576169122Z,0,per_hit,raw_percent_of_host,api-node1,api-node2,0,1,1,93.150270,49.613037,93.150270,49.613037,100.000000,100.000000,2.000000,10.000000,5.000000,3.000000,2.000000,10.000000,100.954409,119.893639,49.875326,68.643081,3.000000
2026-05-10T08:42:15.625382508Z,0,per_hit,raw_percent_of_host,api-node1,api-node2,0,1,1,93.150270,46.531890,93.150270,46.531890,100.000000,100.000000,2.000000,10.000000,5.000000,5.000000,2.000000,10.000000,100.954409,59.454400,49.875326,70.950556,3.000000
2026-05-10T08:42:15.675424036Z,0,per_hit,raw_percent_of_host,api-node1,api-node2,0,1,1,66.676955,46.531890,66.676955,46.531890,100.000000,100.000000,2.000000,5.000000,1.000000,5.000000,2.000000,5.000000,50.061471,59.454400,67.623659,70.950556,3.000000
2026-05-10T08:42:15.725550542Z,0,per_hit,raw_percent_of_host,api-node1,api-node2,0,1,1,66.676955,46.531890,66.676955,46.531890,100.000000,100.000000,2.000000,5.000000,1.000000,5.000000,2.000000,5.000000,50.061471,59.454400,67.623659,70.950556,3.000000
2026-05-10T08:42:15.775343855Z,0,per_hit,raw_percent_of_host,api-node1,api-node2,0,1,1,0.000000,0.000000,0.000000,0.000000,100.000000,100.000000,2.000000,0.000000,1.000000,1.000000,2.000000,0.000000,50.061471,82.071604,74.889365,75.000000,3.000000
2026-05-10T08:42:15.876213911Z,0,per_hit,raw_percent_of_host,api-node1,api-node2,0,1,1,36.195699,0.000000,36.195699,0.000000,100.000000,100.000000,1.000000,0.000000,2.000000,1.000000,1.000000,0.000000,50.061471,82.071604,71.162666,75.000000,3.000000
2026-05-10T08:42:15.976002528Z,0,per_hit,raw_percent_of_host,api-node1,api-node2,1,0,1,0.000000,17.737014,0.000000,17.737014,100.000000,100.000000,0.000000,2.000000,1.000000,2.000000,0.000000,2.000000,50.056182,82.071604,75.000000,74.880932,3.000000
2026-05-10T08:42:16.025365784Z,0,per_hit,raw_percent_of_host,api-node1,api-node2,1,0,1,0.000000,17.737014,0.000000,17.737014,100.000000,100.000000,1.000000,3.000000,1.000000,2.000000,1.000000,3.000000,50.056182,82.071604,74.944561,74.821822,3.000000
2026-05-10T08:42:16.075768832Z,0,per_hit,raw_percent_of_host,api-node1,api-node2,1,0,1,0.000000,50.447725,0.000000,50.447725,100.000000,100.000000,2.000000,5.000000,1.000000,2.000000,2.000000,5.000000,50.056182,73.622486,74.889367,70.789742,3.000000
2026-05-10T08:42:16.126151354Z,0,per_hit,raw_percent_of_host,api-node1,api-node2,0,1,1,77.280510,50.447725,77.280510,50.447725,100.000000,100.000000,0.000000,5.000000,3.000000,2.000000,0.000000,5.000000,50.056182,73.622486,50.000000,70.789742,3.000000
2026-05-10T08:42:16.175391498Z,0,per_hit,raw_percent_of_host,api-node1,api-node2,1,0,1,47.507046,58.814608,47.507046,58.814608,100.000000,100.000000,0.000000,3.000000,1.000000,2.000000,0.000000,3.000000,50.049731,85.433827,71.632631,70.728309,3.000000
2026-05-10T08:42:16.22578195Z,0,per_hit,raw_percent_of_host,api-node1,api-node2,1,0,1,47.507046,58.814608,47.507046,58.814608,100.000000,100.000000,8.000000,5.000000,1.000000,2.000000,8.000000,5.000000,50.049731,85.433827,71.632631,70.728309,3.000000
2026-05-10T08:42:16.276139024Z,0,per_hit,raw_percent_of_host,api-node1,api-node2,1,0,1,47.507046,40.431767,47.507046,40.431767,100.000000,100.000000,8.000000,4.000000,1.000000,2.000000,8.000000,4.000000,50.049731,59.667938,71.632631,69.674821,3.000000
2026-05-10T08:42:16.325283056Z,0,per_hit,raw_percent_of_host,api-node1,api-node2,1,0,1,47.507046,40.431767,47.507046,40.431767,100.000000,100.000000,13.000000,9.000000,1.000000,2.000000,13.000000,9.000000,50.049731,59.667938,71.632631,69.674821,3.000000
2026-05-10T08:42:16.376025595Z,0,per_hit,raw_percent_of_host,api-node1,api-node2,0,1,1,68.905773,60.090467,68.905773,60.090467,100.000000,100.000000,11.000000,6.000000,7.000000,2.000000,11.000000,6.000000,141.468010,98.669023,63.248522,69.931056,3.000000
2026-05-10T08:42:16.425940549Z,0,per_hit,raw_percent_of_host,api-node1,api-node2,0,1,1,68.905773,60.090467,68.905773,60.090467,100.000000,100.000000,9.000000,6.000000,7.000000,2.000000,9.000000,6.000000,141.468010,98.669023,63.460678,69.931056,3.000000
2026-05-10T08:42:16.475256827Z,0,per_hit,raw_percent_of_host,api-node1,api-node2,0,1,1,68.905773,60.090467,68.905773,60.090467,100.000000,100.000000,6.000000,6.000000,7.000000,2.000000,6.000000,6.000000,141.468010,98.669023,63.783361,69.931056,3.000000
2026-05-10T08:42:16.5257401Z,0,per_hit,raw_percent_of_host,api-node1,api-node2,0,1,1,99.711203,60.090467,99.711203,60.090467,100.000000,100.000000,4.000000,8.000000,7.000000,2.000000,4.000000,8.000000,99.374275,98.669023,49.752858,69.931056,3.000000
2026-05-10T08:42:16.575634303Z,0,per_hit,raw_percent_of_host,api-node1,api-node2,0,1,1,99.711203,50.054749,99.711203,50.054749,100.000000,100.000000,4.000000,2.000000,7.000000,4.000000,4.000000,2.000000,99.374275,180.538197,49.752858,65.973090,3.000000
2026-05-10T08:42:16.62621245Z,0,per_hit,raw_percent_of_host,api-node1,api-node2,0,1,1,90.156224,50.054749,90.156224,50.054749,100.000000,100.000000,1.000000,2.000000,4.000000,4.000000,1.000000,2.000000,50.112219,180.538197,49.944554,65.973090,3.000000
2026-05-10T08:42:16.876002119Z,0,per_hit,raw_percent_of_host,api-node1,api-node2,0,1,1,56.262133,0.000000,56.262133,0.000000,100.000000,100.000000,1.000000,0.000000,2.000000,1.000000,1.000000,0.000000,50.066094,81.058824,72.479901,75.000000,3.000000
2026-05-10T08:42:16.975424077Z,0,per_hit,raw_percent_of_host,api-node1,api-node2,1,0,1,0.000000,0.000000,0.000000,0.000000,100.000000,100.000000,0.000000,2.000000,1.000000,1.000000,0.000000,2.000000,50.063873,81.058824,75.000000,74.881219,3.000000
2026-05-10T08:42:17.025738937Z,0,per_hit,raw_percent_of_host,api-node1,api-node2,1,0,1,0.000000,46.527377,0.000000,46.527377,100.000000,100.000000,2.000000,2.000000,1.000000,2.000000,2.000000,2.000000,50.063873,81.058824,74.889365,69.785105,3.000000
2026-05-10T08:42:17.076093486Z,0,per_hit,raw_percent_of_host,api-node1,api-node2,1,0,1,0.000000,63.537455,0.000000,63.537455,100.000000,100.000000,6.000000,1.000000,1.000000,2.000000,6.000000,1.000000,50.063873,50.059312,74.671007,71.552503,3.000000
2026-05-10T08:42:17.126265009Z,0,per_hit,raw_percent_of_host,api-node1,api-node2,1,0,1,0.000000,63.537455,0.000000,63.537455,100.000000,100.000000,6.000000,1.000000,1.000000,2.000000,6.000000,1.000000,50.063873,50.059312,74.671007,71.552503,3.000000
2026-05-10T08:42:17.175732687Z,0,per_hit,raw_percent_of_host,api-node1,api-node2,0,1,1,87.598771,19.801425,87.598771,19.801425,100.000000,100.000000,3.000000,0.000000,6.000000,1.000000,3.000000,0.000000,50.063873,72.407225,49.834414,75.000000,3.000000
2026-05-10T08:42:17.225452315Z,0,per_hit,raw_percent_of_host,api-node1,api-node2,0,1,1,97.014025,19.801425,97.014025,19.801425,100.000000,100.000000,5.000000,6.000000,2.000000,1.000000,5.000000,6.000000,50.055025,72.407225,49.725241,74.654053,3.000000
2026-05-10T08:42:17.275247183Z,0,per_hit,raw_percent_of_host,api-node1,api-node2,0,1,1,83.957673,19.801425,83.957673,19.801425,100.000000,100.000000,4.000000,6.000000,3.000000,1.000000,4.000000,6.000000,60.528870,72.407225,49.752042,74.654053,3.000000
2026-05-10T08:42:17.326174409Z,0,per_hit,raw_percent_of_host,api-node1,api-node2,0,1,1,83.957673,19.801425,83.957673,19.801425,100.000000,100.000000,9.000000,11.000000,3.000000,1.000000,9.000000,11.000000,60.528870,72.407225,49.448927,74.372995,3.000000
2026-05-10T08:42:17.375837456Z,0,per_hit,raw_percent_of_host,api-node1,api-node2,0,1,1,83.957673,44.426708,83.957673,44.426708,100.000000,100.000000,8.000000,7.000000,3.000000,4.000000,8.000000,7.000000,60.528870,53.027495,49.508955,70.989473,3.000000
2026-05-10T08:42:17.425989158Z,0,per_hit,raw_percent_of_host,api-node1,api-node2,0,1,1,83.957673,44.426708,83.957673,44.426708,100.000000,100.000000,8.000000,7.000000,3.000000,4.000000,8.000000,7.000000,60.528870,53.027495,49.508955,70.989473,3.000000
2026-05-10T08:42:17.475746946Z,0,per_hit,raw_percent_of_host,api-node1,api-node2,0,1,1,100.000000,44.426708,100.000000,44.426708,100.000000,100.000000,7.000000,7.000000,6.000000,4.000000,7.000000,7.000000,111.468336,53.027495,49.557558,70.989473,3.000000
2026-05-10T08:42:17.525683912Z,0,per_hit,raw_percent_of_host,api-node1,api-node2,0,1,1,100.000000,44.426708,100.000000,44.426708,100.000000,100.000000,4.000000,8.000000,6.000000,4.000000,4.000000,8.000000,111.468336,53.027495,49.745243,70.989473,3.000000
2026-05-10T08:42:17.576011463Z,0,per_hit,raw_percent_of_host,api-node1,api-node2,0,1,1,100.000000,54.528700,100.000000,54.528700,100.000000,100.000000,4.000000,2.000000,6.000000,6.000000,4.000000,2.000000,111.468336,218.947511,49.745243,64.052624,3.000000
2026-05-10T08:42:17.626090934Z,0,per_hit,raw_percent_of_host,api-node1,api-node2,0,1,1,94.303295,54.528700,94.303295,54.528700,100.000000,100.000000,1.000000,2.000000,3.000000,6.000000,1.000000,2.000000,88.370597,218.947511,49.939413,64.052624,3.000000
2026-05-10T08:42:17.875929094Z,0,per_hit,raw_percent_of_host,api-node1,api-node2,0,1,1,19.253681,0.000000,19.253681,0.000000,100.000000,100.000000,1.000000,0.000000,2.000000,1.000000,1.000000,0.000000,50.030565,78.385693,74.944564,75.000000,3.000000
2026-05-10T08:42:17.976235661Z,0,per_hit,raw_percent_of_host,api-node1,api-node2,1,0,1,17.265732,0.000000,17.265732,0.000000,100.000000,100.000000,1.000000,1.000000,2.000000,1.000000,1.000000,1.000000,50.045865,78.385693,74.944562,74.940844,3.000000
2026-05-10T08:42:18.026098053Z,0,per_hit,raw_percent_of_host,api-node1,api-node2,0,1,1,94.608214,54.705174,94.608214,54.705174,100.000000,100.000000,1.000000,2.000000,1.000000,2.000000,1.000000,2.000000,50.067804,78.385693,49.944559,71.080715,3.000000
2026-05-10T08:42:18.075372636Z,0,per_hit,raw_percent_of_host,api-node1,api-node2,0,1,1,94.608214,54.705174,94.608214,54.705174,100.000000,100.000000,3.000000,4.000000,1.000000,2.000000,3.000000,4.000000,50.067804,78.385693,49.834412,71.080715,3.000000
2026-05-10T08:42:18.126083531Z,0,per_hit,raw_percent_of_host,api-node1,api-node2,0,1,1,75.009108,54.705174,75.009108,54.705174,100.000000,100.000000,1.000000,4.000000,3.000000,2.000000,1.000000,4.000000,50.067804,78.385693,49.900459,71.080715,3.000000
2026-05-10T08:42:18.175817874Z,0,per_hit,raw_percent_of_host,api-node1,api-node2,0,1,1,75.009108,68.439973,75.009108,68.439973,100.000000,100.000000,1.000000,1.000000,3.000000,4.000000,1.000000,1.000000,50.067804,81.892065,49.900459,65.101802,3.000000
2026-05-10T08:42:18.225469449Z,0,per_hit,raw_percent_of_host,api-node1,api-node2,1,0,1,79.197214,100.000000,79.197214,100.000000,100.000000,100.000000,4.000000,6.000000,2.000000,1.000000,4.000000,6.000000,50.052426,50.153727,49.691314,49.670942,3.000000
2026-05-10T08:42:18.276008446Z,0,per_hit,raw_percent_of_host,api-node1,api-node2,1,0,1,99.134939,100.000000,99.134939,100.000000,100.000000,100.000000,3.000000,7.000000,2.000000,1.000000,3.000000,7.000000,50.044786,50.153727,49.834421,49.616939,3.000000
2026-05-10T08:42:18.325275995Z,0,per_hit,raw_percent_of_host,api-node1,api-node2,1,0,1,99.134939,100.000000,99.134939,100.000000,100.000000,100.000000,8.000000,9.000000,2.000000,1.000000,8.000000,9.000000,50.044786,50.153727,49.563276,49.509640,3.000000
2026-05-10T08:42:18.37528002Z,0,per_hit,raw_percent_of_host,api-node1,api-node2,0,1,1,99.134939,0.000000,99.134939,0.000000,100.000000,100.000000,8.000000,14.000000,2.000000,5.000000,8.000000,14.000000,50.044786,50.153727,49.563276,74.245440,3.000000
2026-05-10T08:42:18.425605896Z,0,per_hit,raw_percent_of_host,api-node1,api-node2,0,1,1,99.134939,0.000000,99.134939,0.000000,100.000000,100.000000,7.000000,14.000000,2.000000,5.000000,7.000000,14.000000,50.044786,50.153727,49.617030,74.245440,3.000000
2026-05-10T08:42:18.475521376Z,0,per_hit,raw_percent_of_host,api-node1,api-node2,0,1,1,95.176915,0.000000,95.176915,0.000000,100.000000,100.000000,2.000000,11.000000,7.000000,5.000000,2.000000,11.000000,119.620413,50.153727,49.869240,74.403272,3.000000
2026-05-10T08:42:18.525530148Z,0,per_hit,raw_percent_of_host,api-node1,api-node2,0,1,1,95.176915,0.000000,95.176915,0.000000,100.000000,100.000000,2.000000,13.000000,7.000000,5.000000,2.000000,13.000000,119.620413,50.153727,49.869240,74.297823,3.000000
2026-05-10T08:42:18.575865144Z,0,per_hit,raw_percent_of_host,api-node1,api-node2,0,1,1,95.176915,0.000000,95.176915,0.000000,100.000000,100.000000,1.000000,12.000000,7.000000,5.000000,1.000000,12.000000,119.620413,50.153727,49.934449,74.350433,3.000000
2026-05-10T08:42:18.625388104Z,0,per_hit,raw_percent_of_host,api-node1,api-node2,0,1,1,95.176915,0.000000,95.176915,0.000000,100.000000,100.000000,0.000000,12.000000,7.000000,5.000000,0.000000,12.000000,119.620413,50.153727,50.000000,74.350433,3.000000
2026-05-10T08:42:18.675993855Z,0,per_hit,raw_percent_of_host,api-node1,api-node2,1,0,1,67.127123,67.678950,67.127123,67.678950,100.000000,100.000000,0.000000,7.000000,1.000000,6.000000,0.000000,7.000000,50.044631,279.429570,67.210072,61.321457,3.000000
2026-05-10T08:42:18.726173549Z,0,per_hit,raw_percent_of_host,api-node1,api-node2,1,0,1,67.127123,67.678950,67.127123,67.678950,100.000000,100.000000,0.000000,7.000000,1.000000,6.000000,0.000000,7.000000,50.044631,279.429570,67.210072,61.321457,3.000000
2026-05-10T08:42:18.775538182Z,0,per_hit,raw_percent_of_host,api-node1,api-node2,1,0,1,67.127123,69.795936,67.127123,69.795936,100.000000,100.000000,0.000000,2.000000,1.000000,4.000000,0.000000,2.000000,50.044631,139.169728,67.210072,62.655106,3.000000
2026-05-10T08:42:18.825776313Z,0,per_hit,raw_percent_of_host,api-node1,api-node2,1,0,1,0.000000,69.795936,0.000000,69.795936,100.000000,100.000000,0.000000,1.000000,1.000000,4.000000,0.000000,1.000000,50.044631,139.169728,75.000000,62.766599,3.000000
2026-05-10T08:42:18.875765219Z,0,per_hit,raw_percent_of_host,api-node1,api-node2,1,0,1,0.000000,0.000000,0.000000,0.000000,100.000000,100.000000,0.000000,1.000000,1.000000,2.000000,0.000000,1.000000,50.044631,78.882191,75.000000,74.940775,3.000000
2026-05-10T08:42:18.975683149Z,0,per_hit,raw_percent_of_host,api-node1,api-node2,0,1,1,35.112078,0.000000,35.112078,0.000000,100.000000,100.000000,2.000000,0.000000,2.000000,1.000000,2.000000,0.000000,50.044631,50.675823,71.402804,75.000000,3.000000
2026-05-10T08:42:19.02577121Z,0,per_hit,raw_percent_of_host,api-node1,api-node2,0,1,1,97.840317,0.000000,97.840317,0.000000,100.000000,100.000000,1.000000,1.000000,2.000000,1.000000,1.000000,1.000000,58.229634,50.675823,49.943537,74.944484,3.000000
2026-05-10T08:42:19.076015871Z,0,per_hit,raw_percent_of_host,api-node1,api-node2,0,1,1,79.126893,0.000000,79.126893,0.000000,100.000000,100.000000,2.000000,5.000000,2.000000,1.000000,2.000000,5.000000,50.179537,50.675823,49.844131,74.724866,3.000000
2026-05-10T08:42:19.125533473Z,0,per_hit,raw_percent_of_host,api-node1,api-node2,0,1,1,79.126893,0.000000,79.126893,0.000000,100.000000,100.000000,0.000000,5.000000,2.000000,1.000000,0.000000,5.000000,50.179537,50.675823,50.000000,74.724866,3.000000
2026-05-10T08:42:19.175240574Z,0,per_hit,raw_percent_of_host,api-node1,api-node2,1,0,1,59.171314,51.885191,59.171314,51.885191,100.000000,100.000000,0.000000,4.000000,1.000000,2.000000,0.000000,4.000000,50.044368,50.079329,72.497782,72.116266,3.000000
2026-05-10T08:42:19.225450665Z,0,per_hit,raw_percent_of_host,api-node1,api-node2,1,0,1,59.171314,51.885191,59.171314,51.885191,100.000000,100.000000,3.000000,11.000000,1.000000,2.000000,3.000000,11.000000,50.044368,50.079329,72.497782,72.116266,3.000000
2026-05-10T08:42:19.276043591Z,0,per_hit,raw_percent_of_host,api-node1,api-node2,1,0,1,59.171314,49.944585,59.171314,49.944585,100.000000,100.000000,4.000000,9.000000,1.000000,3.000000,4.000000,9.000000,50.044368,98.753957,72.497782,69.575212,3.000000
2026-05-10T08:42:19.326094108Z,0,per_hit,raw_percent_of_host,api-node1,api-node2,1,0,1,45.891163,49.944585,45.891163,49.944585,100.000000,100.000000,9.000000,15.000000,3.000000,3.000000,9.000000,15.000000,55.176885,98.753957,71.099163,69.575212,3.000000
2026-05-10T08:42:19.37615691Z,0,per_hit,raw_percent_of_host,api-node1,api-node2,1,0,1,45.891163,49.944585,45.891163,49.944585,100.000000,100.000000,9.000000,14.000000,3.000000,3.000000,9.000000,14.000000,55.176885,98.753957,71.099163,69.575212,3.000000
2026-05-10T08:42:19.425419932Z,0,per_hit,raw_percent_of_host,api-node1,api-node2,1,0,1,45.891163,49.944585,45.891163,49.944585,100.000000,100.000000,9.000000,14.000000,3.000000,3.000000,9.000000,14.000000,55.176885,98.753957,71.099163,69.575212,3.000000
2026-05-10T08:42:19.47612734Z,0,per_hit,raw_percent_of_host,api-node1,api-node2,1,0,1,45.891163,58.210168,45.891163,58.210168,100.000000,100.000000,9.000000,10.000000,3.000000,6.000000,9.000000,10.000000,55.176885,239.146091,71.099163,63.042695,3.000000
2026-05-10T08:42:19.525524214Z,0,per_hit,raw_percent_of_host,api-node1,api-node2,1,0,1,45.891163,58.210168,45.891163,58.210168,100.000000,100.000000,11.000000,12.000000,3.000000,6.000000,11.000000,12.000000,55.176885,239.146091,71.099163,63.042695,3.000000
2026-05-10T08:42:19.57623078Z,0,per_hit,raw_percent_of_host,api-node1,api-node2,0,1,1,91.339204,58.210168,91.339204,58.210168,100.000000,100.000000,3.000000,11.000000,4.000000,6.000000,3.000000,11.000000,83.765391,239.146091,49.821103,63.042695,3.000000
2026-05-10T08:42:19.625293021Z,0,per_hit,raw_percent_of_host,api-node1,api-node2,0,1,1,91.339204,58.210168,91.339204,58.210168,100.000000,100.000000,0.000000,11.000000,4.000000,6.000000,0.000000,11.000000,83.765391,239.146091,50.000000,63.042695,3.000000
2026-05-10T08:42:19.675697556Z,0,per_hit,raw_percent_of_host,api-node1,api-node2,0,1,1,91.339204,44.896731,91.339204,44.896731,100.000000,100.000000,0.000000,6.000000,4.000000,5.000000,0.000000,6.000000,83.765391,221.036368,50.000000,63.948182,3.000000
2026-05-10T08:42:19.726028089Z,0,per_hit,raw_percent_of_host,api-node1,api-node2,1,0,1,56.358546,44.896731,56.358546,44.896731,100.000000,100.000000,0.000000,6.000000,1.000000,5.000000,0.000000,6.000000,50.051346,221.036368,72.487536,63.948182,3.000000
2026-05-10T08:42:19.775834852Z,0,per_hit,raw_percent_of_host,api-node1,api-node2,1,0,1,0.000000,49.946355,0.000000,49.946355,100.000000,100.000000,0.000000,1.000000,1.000000,3.000000,0.000000,1.000000,50.051346,100.583657,75.000000,69.497132,3.000000
2026-05-10T08:42:19.825825376Z,0,per_hit,raw_percent_of_host,api-node1,api-node2,1,0,1,0.000000,49.946355,0.000000,49.946355,100.000000,100.000000,0.000000,1.000000,1.000000,3.000000,0.000000,1.000000,50.051346,100.583657,75.000000,69.497132,3.000000
2026-05-10T08:42:19.875536601Z,0,per_hit,raw_percent_of_host,api-node1,api-node2,1,0,1,0.000000,56.107913,0.000000,56.107913,100.000000,100.000000,0.000000,1.000000,1.000000,2.000000,0.000000,1.000000,50.051346,99.929960,75.000000,70.003502,3.000000
2026-05-10T08:42:19.926287915Z,0,per_hit,raw_percent_of_host,api-node1,api-node2,1,0,1,0.000000,56.107913,0.000000,56.107913,100.000000,100.000000,0.000000,1.000000,1.000000,2.000000,0.000000,1.000000,50.051346,99.929960,75.000000,70.003502,3.000000
2026-05-10T08:42:19.975653006Z,0,per_hit,raw_percent_of_host,api-node1,api-node2,0,1,1,0.000000,0.000000,0.000000,0.000000,100.000000,100.000000,2.000000,0.000000,1.000000,1.000000,2.000000,0.000000,50.051346,50.072535,74.889368,75.000000,3.000000
2026-05-10T08:42:20.025464121Z,0,per_hit,raw_percent_of_host,api-node1,api-node2,0,1,1,80.794558,0.000000,80.794558,0.000000,100.000000,100.000000,2.000000,0.000000,3.000000,1.000000,2.000000,0.000000,50.051346,50.072535,49.856559,75.000000,3.000000
2026-05-10T08:42:20.075471218Z,0,per_hit,raw_percent_of_host,api-node1,api-node2,0,1,1,96.139462,0.000000,96.139462,0.000000,100.000000,100.000000,5.000000,2.000000,2.000000,1.000000,5.000000,2.000000,60.697629,50.072535,49.718660,74.889363,3.000000
2026-05-10T08:42:20.125274241Z,0,per_hit,raw_percent_of_host,api-node1,api-node2,0,1,1,96.139462,23.081221,96.139462,23.081221,100.000000,100.000000,5.000000,2.000000,2.000000,2.000000,5.000000,2.000000,60.697629,50.072535,49.718660,74.889363,3.000000
2026-05-10T08:42:20.175700316Z,0,per_hit,raw_percent_of_host,api-node1,api-node2,0,1,1,86.122790,23.081221,86.122790,23.081221,100.000000,100.000000,2.000000,0.000000,5.000000,2.000000,2.000000,0.000000,125.782242,50.072535,49.867098,75.000000,3.000000
2026-05-10T08:42:20.22529485Z,0,per_hit,raw_percent_of_host,api-node1,api-node2,0,1,1,97.663835,0.000000,97.663835,0.000000,100.000000,100.000000,6.000000,4.000000,2.000000,1.000000,6.000000,4.000000,65.175156,50.110058,49.659729,74.779682,3.000000
2026-05-10T08:42:20.275656875Z,0,per_hit,raw_percent_of_host,api-node1,api-node2,0,1,1,97.663835,0.000000,97.663835,0.000000,100.000000,100.000000,6.000000,5.000000,2.000000,1.000000,6.000000,5.000000,65.175156,50.110058,49.659729,74.725208,3.000000
2026-05-10T08:42:20.325860978Z,0,per_hit,raw_percent_of_host,api-node1,api-node2,0,1,1,97.663835,0.000000,97.663835,0.000000,100.000000,100.000000,11.000000,11.000000,2.000000,1.000000,11.000000,11.000000,65.175156,50.110058,49.383166,74.403328,3.000000
2026-05-10T08:42:20.375671208Z,0,per_hit,raw_percent_of_host,api-node1,api-node2,0,1,1,98.006388,0.000000,98.006388,0.000000,100.000000,100.000000,10.000000,13.000000,4.000000,1.000000,10.000000,13.000000,62.014061,50.110058,49.441947,74.297889,3.000000
2026-05-10T08:42:20.425884761Z,0,per_hit,raw_percent_of_host,api-node1,api-node2,0,1,1,98.006388,0.000000,98.006388,0.000000,100.000000,100.000000,7.000000,11.000000,4.000000,1.000000,7.000000,11.000000,62.014061,50.110058,49.606729,74.403328,3.000000
2026-05-10T08:42:20.476198992Z,0,per_hit,raw_percent_of_host,api-node1,api-node2,0,1,1,98.006388,58.213399,98.006388,58.213399,100.000000,100.000000,7.000000,10.000000,4.000000,1.000000,7.000000,10.000000,62.014061,99.983014,49.606729,70.000849,3.000000
2026-05-10T08:42:20.525500566Z,0,per_hit,raw_percent_of_host,api-node1,api-node2,0,1,1,93.066626,58.213399,93.066626,58.213399,100.000000,100.000000,4.000000,12.000000,7.000000,1.000000,4.000000,12.000000,50.037703,99.983014,49.779717,70.000849,3.000000
2026-05-10T08:42:20.576082584Z,0,per_hit,raw_percent_of_host,api-node1,api-node2,0,1,1,80.835638,58.213399,80.835638,58.213399,100.000000,100.000000,3.000000,11.000000,3.000000,1.000000,3.000000,11.000000,50.059575,99.983014,49.785874,70.000849,3.000000
2026-05-10T08:42:20.625591098Z,0,per_hit,raw_percent_of_host,api-node1,api-node2,0,1,1,80.835638,58.213399,80.835638,58.213399,100.000000,100.000000,0.000000,11.000000,3.000000,1.000000,0.000000,11.000000,50.059575,99.983014,50.000000,70.000849,3.000000
2026-05-10T08:42:20.675749215Z,0,per_hit,raw_percent_of_host,api-node1,api-node2,0,1,1,80.835638,58.213399,80.835638,58.213399,100.000000,100.000000,0.000000,11.000000,3.000000,1.000000,0.000000,11.000000,50.059575,99.983014,50.000000,70.000849,3.000000
2026-05-10T08:42:20.725872451Z,0,per_hit,raw_percent_of_host,api-node1,api-node2,0,1,1,80.835638,58.213399,80.835638,58.213399,100.000000,100.000000,0.000000,11.000000,3.000000,1.000000,0.000000,11.000000,50.059575,99.983014,50.000000,70.000849,3.000000
2026-05-10T08:42:20.77566512Z,0,per_hit,raw_percent_of_host,api-node1,api-node2,0,1,1,80.835638,55.896217,80.835638,55.896217,100.000000,100.000000,0.000000,7.000000,3.000000,8.000000,0.000000,7.000000,50.059575,300.521805,50.000000,59.973910,3.000000
2026-05-10T08:42:20.826016593Z,0,per_hit,raw_percent_of_host,api-node1,api-node2,1,0,1,22.714265,55.896217,22.714265,55.896217,100.000000,100.000000,0.000000,7.000000,1.000000,8.000000,0.000000,7.000000,50.069894,300.521805,75.000000,59.973910,3.000000
2026-05-10T08:42:20.875535578Z,0,per_hit,raw_percent_of_host,api-node1,api-node2,1,0,1,0.000000,30.689687,0.000000,30.689687,100.000000,100.000000,0.000000,1.000000,1.000000,2.000000,0.000000,1.000000,50.069894,80.696024,75.000000,70.679180,3.000000
2026-05-10T08:42:20.926102358Z,0,per_hit,raw_percent_of_host,api-node1,api-node2,1,0,1,29.845416,30.689687,29.845416,30.689687,100.000000,100.000000,0.000000,1.000000,1.000000,2.000000,0.000000,1.000000,50.069894,80.696024,72.237746,70.679180,3.000000
2026-05-10T08:42:20.975756216Z,0,per_hit,raw_percent_of_host,api-node1,api-node2,0,1,1,0.000000,0.000000,0.000000,0.000000,100.000000,100.000000,2.000000,0.000000,1.000000,1.000000,2.000000,0.000000,50.069894,50.068469,74.889363,75.000000,3.000000
2026-05-10T08:42:21.025525994Z,0,per_hit,raw_percent_of_host,api-node1,api-node2,0,1,1,82.420230,0.000000,82.420230,0.000000,100.000000,100.000000,1.000000,2.000000,3.000000,1.000000,1.000000,2.000000,50.069894,50.068469,49.933275,74.889364,3.000000
2026-05-10T08:42:21.07605996Z,0,per_hit,raw_percent_of_host,api-node1,api-node2,0,1,1,74.372387,29.207200,74.372387,29.207200,100.000000,100.000000,2.000000,5.000000,2.000000,2.000000,2.000000,5.000000,50.057898,50.068469,51.802218,72.313488,3.000000
2026-05-10T08:42:21.126086485Z,0,per_hit,raw_percent_of_host,api-node1,api-node2,0,1,1,74.372387,29.207200,74.372387,29.207200,100.000000,100.000000,0.000000,5.000000,2.000000,2.000000,0.000000,5.000000,50.057898,50.068469,52.008025,72.313488,3.000000
2026-05-10T08:42:21.175892322Z,0,per_hit,raw_percent_of_host,api-node1,api-node2,0,1,1,74.372387,63.425683,74.372387,63.425683,100.000000,100.000000,1.000000,4.000000,2.000000,4.000000,1.000000,4.000000,50.057898,140.065900,51.904728,67.655461,3.000000
2026-05-10T08:42:21.225405845Z,0,per_hit,raw_percent_of_host,api-node1,api-node2,1,0,1,59.633713,63.425683,59.633713,63.425683,100.000000,100.000000,3.000000,11.000000,2.000000,4.000000,3.000000,11.000000,50.072375,140.065900,72.496381,67.071140,3.000000
2026-05-10T08:42:21.27536815Z,0,per_hit,raw_percent_of_host,api-node1,api-node2,1,0,1,59.633713,63.425683,59.633713,63.425683,100.000000,100.000000,3.000000,7.000000,2.000000,4.000000,3.000000,7.000000,50.072375,140.065900,72.496381,67.403062,3.000000
2026-05-10T08:42:21.326064012Z,0,per_hit,raw_percent_of_host,api-node1,api-node2,1,0,1,59.633713,63.425683,59.633713,63.425683,100.000000,100.000000,9.000000,12.000000,2.000000,4.000000,9.000000,12.000000,50.072375,140.065900,72.496381,66.988970,3.000000
2026-05-10T08:42:21.375691504Z,0,per_hit,raw_percent_of_host,api-node1,api-node2,1,0,1,59.633713,45.090004,59.633713,45.090004,100.000000,100.000000,10.000000,14.000000,2.000000,5.000000,10.000000,14.000000,50.072375,59.345109,72.496381,70.716332,3.000000
2026-05-10T08:42:21.425274786Z,0,per_hit,raw_percent_of_host,api-node1,api-node2,1,0,1,59.633713,45.090004,59.633713,45.090004,100.000000,100.000000,10.000000,14.000000,2.000000,5.000000,10.000000,14.000000,50.072375,59.345109,72.496381,70.716332,3.000000
2026-05-10T08:42:21.475713922Z,0,per_hit,raw_percent_of_host,api-node1,api-node2,0,1,1,59.633713,16.636027,59.633713,16.636027,100.000000,100.000000,10.000000,11.000000,2.000000,5.000000,10.000000,11.000000,50.072375,58.496026,72.496381,74.392271,3.000000
2026-05-10T08:42:21.525753041Z,0,per_hit,raw_percent_of_host,api-node1,api-node2,0,1,1,59.633713,16.636027,59.633713,16.636027,100.000000,100.000000,11.000000,11.000000,2.000000,5.000000,11.000000,11.000000,50.072375,58.496026,72.496381,74.392271,3.000000
2026-05-10T08:42:21.576170862Z,0,per_hit,raw_percent_of_host,api-node1,api-node2,0,1,1,96.385012,16.636027,96.385012,16.636027,100.000000,100.000000,5.000000,12.000000,9.000000,5.000000,5.000000,12.000000,161.914727,58.496026,49.635659,74.338484,3.000000
2026-05-10T08:42:21.625772555Z,0,per_hit,raw_percent_of_host,api-node1,api-node2,0,1,1,95.152610,16.636027,95.152610,16.636027,100.000000,100.000000,1.000000,12.000000,3.000000,5.000000,1.000000,12.000000,60.347435,58.496026,49.943266,74.338484,3.000000
2026-05-10T08:42:21.675330618Z,0,per_hit,raw_percent_of_host,api-node1,api-node2,0,1,1,95.152610,16.636027,95.152610,16.636027,100.000000,100.000000,0.000000,11.000000,3.000000,5.000000,0.000000,11.000000,60.347435,58.496026,50.000000,74.392271,3.000000
2026-05-10T08:42:21.725692631Z,0,per_hit,raw_percent_of_host,api-node1,api-node2,0,1,1,95.152610,16.636027,95.152610,16.636027,100.000000,100.000000,0.000000,11.000000,3.000000,5.000000,0.000000,11.000000,60.347435,58.496026,50.000000,74.392271,3.000000
2026-05-10T08:42:21.776081403Z,0,per_hit,raw_percent_of_host,api-node1,api-node2,1,0,1,12.305495,53.110978,12.305495,53.110978,100.000000,100.000000,0.000000,1.000000,1.000000,5.000000,0.000000,1.000000,50.080229,209.923430,75.000000,64.503829,3.000000
2026-05-10T08:42:21.82624295Z,0,per_hit,raw_percent_of_host,api-node1,api-node2,1,0,1,12.305495,53.110978,12.305495,53.110978,100.000000,100.000000,0.000000,1.000000,1.000000,5.000000,0.000000,1.000000,50.080229,209.923430,75.000000,64.503829,3.000000
2026-05-10T08:42:21.875535984Z,0,per_hit,raw_percent_of_host,api-node1,api-node2,0,1,1,21.579943,0.000000,21.579943,0.000000,100.000000,100.000000,1.000000,0.000000,2.000000,1.000000,1.000000,0.000000,50.080229,50.061621,74.944558,75.000000,3.000000
2026-05-10T08:42:21.975682578Z,0,per_hit,raw_percent_of_host,api-node1,api-node2,1,0,1,0.000000,39.740621,0.000000,39.740621,100.000000,100.000000,0.000000,2.000000,1.000000,2.000000,0.000000,2.000000,50.058812,50.061621,75.000000,70.198238,3.000000
2026-05-10T08:42:22.025393935Z,0,per_hit,raw_percent_of_host,api-node1,api-node2,1,0,1,0.000000,39.740621,0.000000,39.740621,100.000000,100.000000,2.000000,2.000000,1.000000,2.000000,2.000000,2.000000,50.058812,50.061621,74.889366,70.198238,3.000000
2026-05-10T08:42:22.075378239Z,0,per_hit,raw_percent_of_host,api-node1,api-node2,1,0,1,0.000000,83.909240,0.000000,83.909240,100.000000,100.000000,4.000000,3.000000,1.000000,2.000000,4.000000,3.000000,50.058812,50.072628,74.779707,49.813195,3.000000
2026-05-10T08:42:22.125526091Z,0,per_hit,raw_percent_of_host,api-node1,api-node2,1,0,1,0.000000,83.909240,0.000000,83.909240,100.000000,100.000000,4.000000,3.000000,1.000000,2.000000,4.000000,3.000000,50.058812,50.072628,74.779707,49.813195,3.000000
2026-05-10T08:42:22.175511287Z,0,per_hit,raw_percent_of_host,api-node1,api-node2,0,1,1,98.329071,45.779407,98.329071,45.779407,100.000000,100.000000,1.000000,2.000000,1.000000,3.000000,1.000000,2.000000,50.069345,123.335033,49.944559,67.661839,3.000000
2026-05-10T08:42:22.226250638Z,0,per_hit,raw_percent_of_host,api-node1,api-node2,0,1,1,74.561806,45.779407,74.561806,45.779407,100.000000,100.000000,5.000000,6.000000,2.000000,3.000000,5.000000,6.000000,50.069345,123.335033,50.915588,67.661839,3.000000
2026-05-10T08:42:22.27543038Z,0,per_hit,raw_percent_of_host,api-node1,api-node2,0,1,1,74.561806,52.487899,74.561806,52.487899,100.000000,100.000000,5.000000,6.000000,2.000000,4.000000,5.000000,6.000000,50.069345,50.045435,50.915588,72.174041,3.000000
2026-05-10T08:42:22.326213436Z,0,per_hit,raw_percent_of_host,api-node1,api-node2,0,1,1,98.994919,52.487899,98.994919,52.487899,100.000000,100.000000,6.000000,14.000000,2.000000,4.000000,6.000000,14.000000,50.043203,50.045435,49.671021,72.174041,3.000000
2026-05-10T08:42:22.375291018Z,0,per_hit,raw_percent_of_host,api-node1,api-node2,0,1,1,98.994919,52.487899,98.994919,52.487899,100.000000,100.000000,9.000000,13.000000,2.000000,4.000000,9.000000,13.000000,50.043203,50.045435,49.509758,72.174041,3.000000
2026-05-10T08:42:22.425624546Z,0,per_hit,raw_percent_of_host,api-node1,api-node2,0,1,1,98.994919,52.487899,98.994919,52.487899,100.000000,100.000000,8.000000,13.000000,2.000000,4.000000,8.000000,13.000000,50.043203,50.045435,49.563278,72.174041,3.000000
2026-05-10T08:42:22.476239713Z,0,per_hit,raw_percent_of_host,api-node1,api-node2,0,1,1,98.994919,44.598076,98.994919,44.598076,100.000000,100.000000,7.000000,12.000000,2.000000,4.000000,7.000000,12.000000,50.043203,58.850700,49.617032,70.657713,3.000000
2026-05-10T08:42:22.525242644Z,0,per_hit,raw_percent_of_host,api-node1,api-node2,0,1,1,98.394045,44.598076,98.394045,44.598076,100.000000,100.000000,4.000000,13.000000,3.000000,4.000000,4.000000,13.000000,61.158902,58.850700,49.774185,70.657713,3.000000
2026-05-10T08:42:22.576239737Z,0,per_hit,raw_percent_of_host,api-node1,api-node2,0,1,1,98.394045,44.598076,98.394045,44.598076,100.000000,100.000000,3.000000,12.000000,3.000000,4.000000,3.000000,12.000000,61.158902,58.850700,49.830256,70.657713,3.000000
2026-05-10T08:42:22.625520693Z,0,per_hit,raw_percent_of_host,api-node1,api-node2,0,1,1,98.394045,44.598076,98.394045,44.598076,100.000000,100.000000,1.000000,12.000000,3.000000,4.000000,1.000000,12.000000,61.158902,58.850700,49.943161,70.657713,3.000000
2026-05-10T08:42:22.676227638Z,0,per_hit,raw_percent_of_host,api-node1,api-node2,0,1,1,98.394045,44.598076,98.394045,44.598076,100.000000,100.000000,0.000000,11.000000,3.000000,4.000000,0.000000,11.000000,61.158902,58.850700,50.000000,70.657713,3.000000
2026-05-10T08:42:22.725376955Z,0,per_hit,raw_percent_of_host,api-node1,api-node2,0,1,1,98.394045,44.598076,98.394045,44.598076,100.000000,100.000000,0.000000,11.000000,3.000000,4.000000,0.000000,11.000000,61.158902,58.850700,50.000000,70.657713,3.000000
2026-05-10T08:42:22.776055725Z,0,per_hit,raw_percent_of_host,api-node1,api-node2,1,0,1,48.034332,49.816146,48.034332,49.816146,100.000000,100.000000,0.000000,8.000000,1.000000,7.000000,0.000000,8.000000,50.042033,300.026161,71.699979,59.998692,3.000000
2026-05-10T08:42:22.82546517Z,0,per_hit,raw_percent_of_host,api-node1,api-node2,1,0,1,48.034332,49.816146,48.034332,49.816146,100.000000,100.000000,0.000000,8.000000,1.000000,7.000000,0.000000,8.000000,50.042033,300.026161,71.699979,59.998692,3.000000
2026-05-10T08:42:22.876165548Z,0,per_hit,raw_percent_of_host,api-node1,api-node2,0,1,1,11.024849,0.000000,11.024849,0.000000,100.000000,100.000000,1.000000,0.000000,2.000000,1.000000,1.000000,0.000000,50.042033,80.405586,74.944562,75.000000,3.000000
2026-05-10T08:42:22.975757561Z,0,per_hit,raw_percent_of_host,api-node1,api-node2,1,0,1,0.000000,21.732521,0.000000,21.732521,100.000000,100.000000,0.000000,2.000000,1.000000,2.000000,0.000000,2.000000,50.079677,80.405586,75.000000,74.881403,3.000000
2026-05-10T08:42:23.025456647Z,0,per_hit,raw_percent_of_host,api-node1,api-node2,1,0,1,0.000000,21.732521,0.000000,21.732521,100.000000,100.000000,1.000000,2.000000,1.000000,2.000000,1.000000,2.000000,50.079677,80.405586,74.944558,74.881403,3.000000
2026-05-10T08:42:23.076100528Z,0,per_hit,raw_percent_of_host,api-node1,api-node2,1,0,1,0.000000,66.896053,0.000000,66.896053,100.000000,100.000000,4.000000,3.000000,1.000000,2.000000,4.000000,3.000000,50.079677,74.202778,74.779697,67.209167,3.000000
2026-05-10T08:42:23.125955056Z,0,per_hit,raw_percent_of_host,api-node1,api-node2,1,0,1,0.000000,66.896053,0.000000,66.896053,100.000000,100.000000,4.000000,3.000000,1.000000,2.000000,4.000000,3.000000,50.079677,74.202778,74.779697,67.209167,3.000000
2026-05-10T08:42:23.176161461Z,0,per_hit,raw_percent_of_host,api-node1,api-node2,1,0,1,98.098049,75.723405,98.098049,75.723405,100.000000,100.000000,0.000000,2.000000,2.000000,2.000000,0.000000,2.000000,50.063865,70.852212,50.000000,49.810647,3.000000
2026-05-10T08:42:23.225760401Z,0,per_hit,raw_percent_of_host,api-node1,api-node2,1,0,1,0.000000,75.723405,0.000000,75.723405,100.000000,100.000000,3.000000,9.000000,1.000000,2.000000,3.000000,9.000000,50.068516,70.852212,74.834412,49.169916,3.000000
2026-05-10T08:42:23.275735491Z,0,per_hit,raw_percent_of_host,api-node1,api-node2,1,0,1,0.000000,75.723405,0.000000,75.723405,100.000000,100.000000,2.000000,9.000000,1.000000,2.000000,2.000000,9.000000,50.068516,70.852212,74.889364,49.169916,3.000000
2026-05-10T08:42:23.32574433Z,0,per_hit,raw_percent_of_host,api-node1,api-node2,1,0,1,0.000000,75.723405,0.000000,75.723405,100.000000,100.000000,8.000000,14.000000,1.000000,2.000000,8.000000,14.000000,50.068516,70.852212,74.563253,48.732145,3.000000
2026-05-10T08:42:23.375535025Z,0,per_hit,raw_percent_of_host,api-node1,api-node2,1,0,1,0.000000,49.965526,0.000000,49.965526,100.000000,100.000000,11.000000,14.000000,1.000000,5.000000,11.000000,14.000000,50.068516,59.378492,74.403382,71.431829,3.000000
2026-05-10T08:42:23.425738685Z,0,per_hit,raw_percent_of_host,api-node1,api-node2,1,0,1,0.000000,49.965526,0.000000,49.965526,100.000000,100.000000,11.000000,14.000000,1.000000,5.000000,11.000000,14.000000,50.068516,59.378492,74.403382,71.431829,3.000000
2026-05-10T08:42:23.475522208Z,0,per_hit,raw_percent_of_host,api-node1,api-node2,1,0,1,0.000000,49.965526,0.000000,49.965526,100.000000,100.000000,9.000000,11.000000,1.000000,5.000000,9.000000,11.000000,50.068516,59.378492,74.509731,71.431829,3.000000
2026-05-10T08:42:23.525537357Z,0,per_hit,raw_percent_of_host,api-node1,api-node2,1,0,1,0.000000,49.965526,0.000000,49.965526,100.000000,100.000000,10.000000,14.000000,1.000000,5.000000,10.000000,14.000000,50.068516,59.378492,74.456441,71.431829,3.000000
2026-05-10T08:42:23.5753809Z,0,per_hit,raw_percent_of_host,api-node1,api-node2,0,1,1,90.138264,49.965526,90.138264,49.965526,100.000000,100.000000,2.000000,14.000000,9.000000,5.000000,2.000000,14.000000,101.218308,59.378492,49.875244,71.431829,3.000000
2026-05-10T08:42:23.62544192Z,0,per_hit,raw_percent_of_host,api-node1,api-node2,0,1,1,90.138264,49.965526,90.138264,49.965526,100.000000,100.000000,0.000000,14.000000,9.000000,5.000000,0.000000,14.000000,101.218308,59.378492,50.000000,71.431829,3.000000
2026-05-10T08:42:23.675311712Z,0,per_hit,raw_percent_of_host,api-node1,api-node2,0,1,1,90.138264,49.965526,90.138264,49.965526,100.000000,100.000000,0.000000,12.000000,9.000000,5.000000,0.000000,12.000000,101.218308,59.378492,50.000000,71.431829,3.000000
2026-05-10T08:42:23.725564918Z,0,per_hit,raw_percent_of_host,api-node1,api-node2,0,1,1,90.138264,49.965526,90.138264,49.965526,100.000000,100.000000,0.000000,12.000000,9.000000,5.000000,0.000000,12.000000,101.218308,59.378492,50.000000,71.431829,3.000000
2026-05-10T08:42:23.775521197Z,0,per_hit,raw_percent_of_host,api-node1,api-node2,1,0,1,36.696993,47.110842,36.696993,47.110842,100.000000,100.000000,0.000000,8.000000,1.000000,8.000000,0.000000,8.000000,50.058895,379.286461,71.041136,56.912410,3.000000
2026-05-10T08:42:23.825675436Z,0,per_hit,raw_percent_of_host,api-node1,api-node2,1,0,1,36.696993,47.110842,36.696993,47.110842,100.000000,100.000000,0.000000,8.000000,1.000000,8.000000,0.000000,8.000000,50.058895,379.286461,71.041136,56.912410,3.000000
2026-05-10T08:42:23.87599359Z,0,per_hit,raw_percent_of_host,api-node1,api-node2,1,0,1,36.696993,58.146596,36.696993,58.146596,100.000000,100.000000,1.000000,1.000000,1.000000,4.000000,1.000000,1.000000,50.058895,118.884776,71.041136,69.055761,3.000000
2026-05-10T08:42:23.925465207Z,0,per_hit,raw_percent_of_host,api-node1,api-node2,1,0,1,23.208351,58.146596,23.208351,58.146596,100.000000,100.000000,0.000000,1.000000,2.000000,4.000000,0.000000,1.000000,50.058895,118.884776,75.000000,69.055761,3.000000
2026-05-10T08:42:23.975861194Z,0,per_hit,raw_percent_of_host,api-node1,api-node2,1,0,1,0.000000,0.000000,0.000000,0.000000,100.000000,100.000000,0.000000,2.000000,1.000000,1.000000,0.000000,2.000000,50.049395,99.618997,75.000000,74.875740,3.000000
2026-05-10T08:42:24.025746492Z,0,per_hit,raw_percent_of_host,api-node1,api-node2,1,0,1,0.000000,0.000000,0.000000,0.000000,100.000000,100.000000,1.000000,3.000000,1.000000,1.000000,1.000000,3.000000,50.049395,99.618997,74.944562,74.814072,3.000000
2026-05-10T08:42:24.075459484Z,0,per_hit,raw_percent_of_host,api-node1,api-node2,1,0,1,0.000000,69.098260,0.000000,69.098260,100.000000,100.000000,3.000000,4.000000,1.000000,3.000000,3.000000,4.000000,50.049395,99.618997,74.834419,63.673757,3.000000
2026-05-10T08:42:24.126023317Z,0,per_hit,raw_percent_of_host,api-node1,api-node2,1,0,1,39.386380,69.098260,39.386380,69.098260,100.000000,100.000000,1.000000,4.000000,2.000000,3.000000,1.000000,4.000000,50.064033,99.618997,70.229024,63.673757,3.000000
2026-05-10T08:42:24.175925455Z,0,per_hit,raw_percent_of_host,api-node1,api-node2,1,0,1,98.067494,100.000000,98.067494,100.000000,100.000000,100.000000,0.000000,2.000000,2.000000,2.000000,0.000000,2.000000,50.044310,89.187731,50.000000,49.878880,3.000000
2026-05-10T08:42:24.225836474Z,0,per_hit,raw_percent_of_host,api-node1,api-node2,1,0,1,25.989472,100.000000,25.989472,100.000000,100.000000,100.000000,4.000000,8.000000,1.000000,2.000000,4.000000,8.000000,50.039881,89.187731,74.238555,49.522459,3.000000
2026-05-10T08:42:24.276251405Z,0,per_hit,raw_percent_of_host,api-node1,api-node2,1,0,1,25.989472,100.000000,25.989472,100.000000,100.000000,100.000000,3.000000,7.000000,1.000000,2.000000,3.000000,7.000000,50.039881,89.187731,74.238555,49.581152,3.000000
2026-05-10T08:42:24.325423324Z,0,per_hit,raw_percent_of_host,api-node1,api-node2,1,0,1,25.989472,100.000000,25.989472,100.000000,100.000000,100.000000,10.000000,11.000000,1.000000,2.000000,10.000000,11.000000,50.039881,89.187731,74.238555,49.348051,3.000000
2026-05-10T08:42:24.375457636Z,0,per_hit,raw_percent_of_host,api-node1,api-node2,1,0,1,25.989472,44.395210,25.989472,44.395210,100.000000,100.000000,13.000000,14.000000,1.000000,4.000000,13.000000,14.000000,50.039881,59.549964,74.238555,70.577418,3.000000
2026-05-10T08:42:24.425360358Z,0,per_hit,raw_percent_of_host,api-node1,api-node2,1,0,1,25.989472,44.395210,25.989472,44.395210,100.000000,100.000000,12.000000,14.000000,1.000000,4.000000,12.000000,14.000000,50.039881,59.549964,74.238555,70.577418,3.000000
2026-05-10T08:42:24.475436148Z,0,per_hit,raw_percent_of_host,api-node1,api-node2,1,0,1,25.989472,44.395210,25.989472,44.395210,100.000000,100.000000,11.000000,12.000000,1.000000,4.000000,11.000000,12.000000,50.039881,59.549964,74.238555,70.577418,3.000000
2026-05-10T08:42:24.526159055Z,0,per_hit,raw_percent_of_host,api-node1,api-node2,1,0,1,25.989472,44.395210,25.989472,44.395210,100.000000,100.000000,15.000000,13.000000,1.000000,4.000000,15.000000,13.000000,50.039881,59.549964,74.193479,70.577418,3.000000
2026-05-10T08:42:24.576257184Z,0,per_hit,raw_percent_of_host,api-node1,api-node2,0,1,1,92.217384,44.395210,92.217384,44.395210,100.000000,100.000000,8.000000,11.000000,10.000000,4.000000,8.000000,11.000000,222.191675,59.549964,49.300230,70.577418,3.000000
2026-05-10T08:42:24.626109244Z,0,per_hit,raw_percent_of_host,api-node1,api-node2,0,1,1,92.217384,44.395210,92.217384,44.395210,100.000000,100.000000,5.000000,11.000000,10.000000,4.000000,5.000000,11.000000,222.191675,59.549964,49.558005,70.577418,3.000000
2026-05-10T08:42:24.676179393Z,0,per_hit,raw_percent_of_host,api-node1,api-node2,0,1,1,92.217384,44.395210,92.217384,44.395210,100.000000,100.000000,1.000000,10.000000,10.000000,4.000000,1.000000,10.000000,222.191675,59.549964,49.910333,70.577418,3.000000
2026-05-10T08:42:24.72545691Z,0,per_hit,raw_percent_of_host,api-node1,api-node2,0,1,1,92.217384,44.395210,92.217384,44.395210,100.000000,100.000000,0.000000,10.000000,10.000000,4.000000,0.000000,10.000000,222.191675,59.549964,50.000000,70.577418,3.000000
2026-05-10T08:42:24.775379087Z,0,per_hit,raw_percent_of_host,api-node1,api-node2,1,0,1,60.748620,100.000000,60.748620,100.000000,100.000000,100.000000,0.000000,1.000000,1.000000,2.000000,0.000000,1.000000,50.204034,100.798850,72.489798,49.937531,3.000000
2026-05-10T08:42:24.825886893Z,0,per_hit,raw_percent_of_host,api-node1,api-node2,1,0,1,0.000000,100.000000,0.000000,100.000000,100.000000,100.000000,0.000000,1.000000,1.000000,2.000000,0.000000,1.000000,50.204034,100.798850,75.000000,49.937531,3.000000
2026-05-10T08:42:24.875242506Z,0,per_hit,raw_percent_of_host,api-node1,api-node2,0,1,1,13.125644,0.000000,13.125644,0.000000,100.000000,100.000000,1.000000,0.000000,2.000000,1.000000,1.000000,0.000000,50.204034,50.049959,74.944543,75.000000,3.000000
2026-05-10T08:42:24.975604776Z,0,per_hit,raw_percent_of_host,api-node1,api-node2,1,0,1,0.000000,41.850918,0.000000,41.850918,100.000000,100.000000,1.000000,1.000000,1.000000,2.000000,1.000000,1.000000,50.775484,50.049959,74.944472,70.696883,3.000000
2026-05-10T08:42:25.025342237Z,0,per_hit,raw_percent_of_host,api-node1,api-node2,1,0,1,56.385346,41.850918,56.385346,41.850918,100.000000,100.000000,1.000000,0.000000,2.000000,2.000000,1.000000,0.000000,50.775484,50.049959,72.456839,70.696883,3.000000
2026-05-10T08:42:25.076205558Z,0,per_hit,raw_percent_of_host,api-node1,api-node2,0,1,1,56.385346,16.641188,56.385346,16.641188,100.000000,100.000000,5.000000,2.000000,2.000000,2.000000,5.000000,2.000000,50.775484,50.049884,72.456839,74.889368,3.000000
2026-05-10T08:42:25.125337497Z,0,per_hit,raw_percent_of_host,api-node1,api-node2,0,1,1,56.385346,16.641188,56.385346,16.641188,100.000000,100.000000,5.000000,2.000000,2.000000,2.000000,5.000000,2.000000,50.775484,50.049884,72.456839,74.889368,3.000000
2026-05-10T08:42:25.17546554Z,0,per_hit,raw_percent_of_host,api-node1,api-node2,0,1,1,99.090265,16.641188,99.090265,16.641188,100.000000,100.000000,0.000000,1.000000,2.000000,2.000000,0.000000,1.000000,50.085392,50.049884,50.000000,74.944561,3.000000
2026-05-10T08:42:25.225887935Z,0,per_hit,raw_percent_of_host,api-node1,api-node2,1,0,1,0.000000,66.759637,0.000000,66.759637,100.000000,100.000000,5.000000,6.000000,1.000000,2.000000,5.000000,6.000000,50.051065,50.057086,74.725244,67.076777,3.000000
2026-05-10T08:42:25.275929428Z,0,per_hit,raw_percent_of_host,api-node1,api-node2,1,0,1,0.000000,66.759637,0.000000,66.759637,100.000000,100.000000,5.000000,6.000000,1.000000,2.000000,5.000000,6.000000,50.051065,50.057086,74.725244,67.076777,3.000000
2026-05-10T08:42:25.32615255Z,0,per_hit,raw_percent_of_host,api-node1,api-node2,1,0,1,0.000000,66.759637,0.000000,66.759637,100.000000,100.000000,8.000000,14.000000,1.000000,2.000000,8.000000,14.000000,50.051065,50.057086,74.563270,66.238050,3.000000
2026-05-10T08:42:25.37582221Z,0,per_hit,raw_percent_of_host,api-node1,api-node2,1,0,1,0.000000,46.372764,0.000000,46.372764,100.000000,100.000000,10.000000,15.000000,1.000000,4.000000,10.000000,15.000000,50.051065,59.973822,74.456461,70.895566,3.000000
2026-05-10T08:42:25.425939702Z,0,per_hit,raw_percent_of_host,api-node1,api-node2,1,0,1,0.000000,46.372764,0.000000,46.372764,100.000000,100.000000,9.000000,15.000000,1.000000,4.000000,9.000000,15.000000,50.051065,59.973822,74.509749,70.895566,3.000000
2026-05-10T08:42:25.476055457Z,0,per_hit,raw_percent_of_host,api-node1,api-node2,0,1,1,97.364496,46.372764,97.364496,46.372764,100.000000,100.000000,8.000000,15.000000,7.000000,4.000000,8.000000,15.000000,121.095421,59.973822,49.483077,70.895566,3.000000
2026-05-10T08:42:25.526207625Z,0,per_hit,raw_percent_of_host,api-node1,api-node2,0,1,1,97.364496,46.372764,97.364496,46.372764,100.000000,100.000000,8.000000,18.000000,7.000000,4.000000,8.000000,18.000000,121.095421,59.973822,49.483077,70.895566,3.000000
2026-05-10T08:42:25.575311551Z,0,per_hit,raw_percent_of_host,api-node1,api-node2,0,1,1,97.364496,46.372764,97.364496,46.372764,100.000000,100.000000,8.000000,18.000000,7.000000,4.000000,8.000000,18.000000,121.095421,59.973822,49.483077,70.895566,3.000000
2026-05-10T08:42:25.626004802Z,0,per_hit,raw_percent_of_host,api-node1,api-node2,0,1,1,97.364496,46.372764,97.364496,46.372764,100.000000,100.000000,2.000000,17.000000,7.000000,4.000000,2.000000,17.000000,121.095421,59.973822,49.868734,70.895566,3.000000
2026-05-10T08:42:25.675875923Z,0,per_hit,raw_percent_of_host,api-node1,api-node2,0,1,1,97.364496,46.372764,97.364496,46.372764,100.000000,100.000000,2.000000,15.000000,7.000000,4.000000,2.000000,15.000000,121.095421,59.973822,49.868734,70.895566,3.000000
2026-05-10T08:42:25.726026359Z,0,per_hit,raw_percent_of_host,api-node1,api-node2,0,1,1,97.364496,46.372764,97.364496,46.372764,100.000000,100.000000,2.000000,15.000000,7.000000,4.000000,2.000000,15.000000,121.095421,59.973822,49.868734,70.895566,3.000000
2026-05-10T08:42:25.775986515Z,0,per_hit,raw_percent_of_host,api-node1,api-node2,0,1,1,45.964280,50.026836,45.964280,50.026836,100.000000,100.000000,2.000000,9.000000,1.000000,9.000000,2.000000,9.000000,50.087097,59.347892,71.418019,71.440898,3.000000
2026-05-10T08:42:25.825580032Z,0,per_hit,raw_percent_of_host,api-node1,api-node2,0,1,1,45.964280,50.026836,45.964280,50.026836,100.000000,100.000000,2.000000,9.000000,1.000000,9.000000,2.000000,9.000000,50.087097,59.347892,71.418019,71.440898,3.000000
2026-05-10T08:42:25.876158636Z,0,per_hit,raw_percent_of_host,api-node1,api-node2,0,1,1,45.964280,50.026836,45.964280,50.026836,100.000000,100.000000,1.000000,6.000000,1.000000,9.000000,1.000000,6.000000,50.087097,59.347892,71.418019,71.440898,3.000000
2026-05-10T08:42:25.925539438Z,0,per_hit,raw_percent_of_host,api-node1,api-node2,0,1,1,45.964280,50.026836,45.964280,50.026836,100.000000,100.000000,0.000000,6.000000,1.000000,9.000000,0.000000,6.000000,50.087097,59.347892,71.418019,71.440898,3.000000
2026-05-10T08:42:25.976077375Z,0,per_hit,raw_percent_of_host,api-node1,api-node2,0,1,1,25.006883,0.000000,25.006883,0.000000,100.000000,100.000000,2.000000,0.000000,1.000000,1.000000,2.000000,0.000000,50.666316,81.459560,74.889217,75.000000,3.000000
2026-05-10T08:42:26.026073102Z,0,per_hit,raw_percent_of_host,api-node1,api-node2,0,1,1,83.577202,0.000000,83.577202,0.000000,100.000000,100.000000,2.000000,1.000000,3.000000,1.000000,2.000000,1.000000,50.666316,81.459560,49.873403,74.940411,3.000000
2026-05-10T08:42:26.076169891Z,0,per_hit,raw_percent_of_host,api-node1,api-node2,0,1,1,98.683272,0.000000,98.683272,0.000000,100.000000,100.000000,2.000000,5.000000,1.000000,1.000000,2.000000,5.000000,50.056773,81.459560,49.889367,74.704869,3.000000
2026-05-10T08:42:26.125705679Z,0,per_hit,raw_percent_of_host,api-node1,api-node2,0,1,1,99.242105,0.000000,99.242105,0.000000,100.000000,100.000000,1.000000,5.000000,3.000000,1.000000,1.000000,5.000000,50.056773,81.459560,49.944561,74.704869,3.000000
2026-05-10T08:42:26.175693443Z,0,per_hit,raw_percent_of_host,api-node1,api-node2,1,0,1,42.766419,60.171717,42.766419,60.171717,100.000000,100.000000,0.000000,3.000000,1.000000,4.000000,0.000000,3.000000,50.057463,102.807132,70.881582,69.604333,3.000000
2026-05-10T08:42:26.22575729Z,0,per_hit,raw_percent_of_host,api-node1,api-node2,1,0,1,42.766419,60.171717,42.766419,60.171717,100.000000,100.000000,4.000000,8.000000,1.000000,4.000000,4.000000,8.000000,50.057463,102.807132,70.881582,69.604333,3.000000
2026-05-10T08:42:26.276214379Z,0,per_hit,raw_percent_of_host,api-node1,api-node2,1,0,1,42.766419,60.171717,42.766419,60.171717,100.000000,100.000000,3.000000,8.000000,1.000000,4.000000,3.000000,8.000000,50.057463,102.807132,70.881582,69.604333,3.000000
2026-05-10T08:42:26.325920373Z,0,per_hit,raw_percent_of_host,api-node1,api-node2,1,0,1,42.766419,60.171717,42.766419,60.171717,100.000000,100.000000,5.000000,9.000000,1.000000,4.000000,5.000000,9.000000,50.057463,102.807132,70.881582,69.604333,3.000000
2026-05-10T08:42:26.375259867Z,0,per_hit,raw_percent_of_host,api-node1,api-node2,0,1,1,42.766419,50.176324,42.766419,50.176324,100.000000,100.000000,11.000000,17.000000,1.000000,4.000000,11.000000,17.000000,50.057463,59.468227,70.881582,71.452877,3.000000
2026-05-10T08:42:26.425406643Z,0,per_hit,raw_percent_of_host,api-node1,api-node2,0,1,1,42.766419,50.176324,42.766419,50.176324,100.000000,100.000000,11.000000,17.000000,1.000000,4.000000,11.000000,17.000000,50.057463,59.468227,70.881582,71.452877,3.000000
2026-05-10T08:42:26.475865397Z,0,per_hit,raw_percent_of_host,api-node1,api-node2,0,1,1,42.766419,50.176324,42.766419,50.176324,100.000000,100.000000,10.000000,14.000000,1.000000,4.000000,10.000000,14.000000,50.057463,59.468227,70.881582,71.452877,3.000000
2026-05-10T08:42:26.525756342Z,0,per_hit,raw_percent_of_host,api-node1,api-node2,0,1,1,42.766419,50.176324,42.766419,50.176324,100.000000,100.000000,13.000000,16.000000,1.000000,4.000000,13.000000,16.000000,50.057463,59.468227,70.881582,71.452877,3.000000
2026-05-10T08:42:26.575670497Z,0,per_hit,raw_percent_of_host,api-node1,api-node2,0,1,1,87.753388,50.176324,87.753388,50.176324,100.000000,100.000000,5.000000,15.000000,10.000000,4.000000,5.000000,15.000000,201.939635,59.468227,49.587541,71.452877,3.000000
2026-05-10T08:42:26.625774252Z,0,per_hit,raw_percent_of_host,api-node1,api-node2,0,1,1,87.753388,50.176324,87.753388,50.176324,100.000000,100.000000,1.000000,15.000000,10.000000,4.000000,1.000000,15.000000,201.939635,59.468227,49.916405,71.452877,3.000000
2026-05-10T08:42:26.675520565Z,0,per_hit,raw_percent_of_host,api-node1,api-node2,0,1,1,87.753388,50.176324,87.753388,50.176324,100.000000,100.000000,0.000000,14.000000,10.000000,4.000000,0.000000,14.000000,201.939635,59.468227,50.000000,71.452877,3.000000
2026-05-10T08:42:26.72563768Z,0,per_hit,raw_percent_of_host,api-node1,api-node2,0,1,1,87.753388,50.176324,87.753388,50.176324,100.000000,100.000000,0.000000,14.000000,10.000000,4.000000,0.000000,14.000000,201.939635,59.468227,50.000000,71.452877,3.000000
2026-05-10T08:42:26.775711477Z,0,per_hit,raw_percent_of_host,api-node1,api-node2,0,1,1,87.753388,50.176324,87.753388,50.176324,100.000000,100.000000,0.000000,13.000000,10.000000,4.000000,0.000000,13.000000,201.939635,59.468227,50.000000,71.452877,3.000000
2026-05-10T08:42:26.825986594Z,0,per_hit,raw_percent_of_host,api-node1,api-node2,0,1,1,87.753388,50.176324,87.753388,50.176324,100.000000,100.000000,0.000000,13.000000,10.000000,4.000000,0.000000,13.000000,201.939635,59.468227,50.000000,71.452877,3.000000
2026-05-10T08:42:26.875896427Z,0,per_hit,raw_percent_of_host,api-node1,api-node2,1,0,1,26.398492,47.870795,26.398492,47.870795,100.000000,100.000000,0.000000,3.000000,1.000000,10.000000,0.000000,3.000000,50.047925,479.356890,73.937159,52.882681,3.000000
2026-05-10T08:42:26.926062091Z,0,per_hit,raw_percent_of_host,api-node1,api-node2,1,0,1,26.398492,47.870795,26.398492,47.870795,100.000000,100.000000,0.000000,3.000000,1.000000,10.000000,0.000000,3.000000,50.047925,479.356890,73.937159,52.882681,3.000000
2026-05-10T08:42:26.975384451Z,0,per_hit,raw_percent_of_host,api-node1,api-node2,0,1,1,0.000000,0.000000,0.000000,0.000000,100.000000,100.000000,2.000000,0.000000,1.000000,1.000000,2.000000,0.000000,50.047925,58.623220,74.889369,75.000000,3.000000
2026-05-10T08:42:27.025344097Z,0,per_hit,raw_percent_of_host,api-node1,api-node2,0,1,1,100.000000,0.000000,100.000000,0.000000,100.000000,100.000000,1.000000,1.000000,3.000000,1.000000,1.000000,1.000000,50.047925,58.623220,49.944562,74.943487,3.000000
2026-05-10T08:42:27.07600444Z,0,per_hit,raw_percent_of_host,api-node1,api-node2,0,1,1,98.436093,0.000000,98.436093,0.000000,100.000000,100.000000,5.000000,2.000000,1.000000,1.000000,5.000000,2.000000,50.051669,58.623220,49.725244,74.887229,3.000000
2026-05-10T08:42:27.125928192Z,0,per_hit,raw_percent_of_host,api-node1,api-node2,0,1,1,81.869355,0.000000,81.869355,0.000000,100.000000,100.000000,3.000000,2.000000,3.000000,1.000000,3.000000,2.000000,53.074431,58.623220,49.795912,74.887229,3.000000
2026-05-10T08:42:27.175679332Z,0,per_hit,raw_percent_of_host,api-node1,api-node2,0,1,1,99.837119,0.000000,99.837119,0.000000,100.000000,100.000000,0.000000,1.000000,2.000000,1.000000,0.000000,1.000000,50.046778,95.287104,50.000000,74.938380,3.000000
2026-05-10T08:42:27.225441948Z,0,per_hit,raw_percent_of_host,api-node1,api-node2,1,0,1,0.000000,80.483166,0.000000,80.483166,100.000000,100.000000,4.000000,7.000000,1.000000,2.000000,4.000000,7.000000,50.604409,95.287104,74.779442,49.497684,3.000000
2026-05-10T08:42:27.275812517Z,0,per_hit,raw_percent_of_host,api-node1,api-node2,1,0,1,63.271992,37.390801,63.271992,37.390801,100.000000,100.000000,3.000000,8.000000,3.000000,2.000000,3.000000,8.000000,50.604409,95.287104,71.625547,68.144242,3.000000
2026-05-10T08:42:27.326010723Z,0,per_hit,raw_percent_of_host,api-node1,api-node2,0,1,1,97.132680,37.390801,97.132680,37.390801,100.000000,100.000000,11.000000,11.000000,2.000000,2.000000,11.000000,11.000000,50.046252,95.287104,49.403411,68.144242,3.000000
2026-05-10T08:42:27.375854921Z,0,per_hit,raw_percent_of_host,api-node1,api-node2,0,1,1,97.132680,37.390801,97.132680,37.390801,100.000000,100.000000,13.000000,15.000000,2.000000,2.000000,13.000000,15.000000,50.046252,95.287104,49.297986,68.144242,3.000000
2026-05-10T08:42:27.426019684Z,0,per_hit,raw_percent_of_host,api-node1,api-node2,0,1,1,97.132680,37.390801,97.132680,37.390801,100.000000,100.000000,13.000000,15.000000,2.000000,2.000000,13.000000,15.000000,50.046252,95.287104,49.297986,68.144242,3.000000
2026-05-10T08:42:27.475604296Z,0,per_hit,raw_percent_of_host,api-node1,api-node2,0,1,1,97.132680,58.254683,97.132680,58.254683,100.000000,100.000000,13.000000,13.000000,2.000000,6.000000,13.000000,13.000000,50.046252,180.312320,49.297986,65.984384,3.000000
2026-05-10T08:42:27.525563029Z,0,per_hit,raw_percent_of_host,api-node1,api-node2,0,1,1,97.132680,58.254683,97.132680,58.254683,100.000000,100.000000,14.000000,16.000000,2.000000,6.000000,14.000000,16.000000,50.046252,180.312320,49.245614,65.984384,3.000000
2026-05-10T08:42:27.575922045Z,0,per_hit,raw_percent_of_host,api-node1,api-node2,0,1,1,97.132680,58.254683,97.132680,58.254683,100.000000,100.000000,14.000000,14.000000,2.000000,6.000000,14.000000,14.000000,50.046252,180.312320,49.245614,65.984384,3.000000
2026-05-10T08:42:27.625685428Z,0,per_hit,raw_percent_of_host,api-node1,api-node2,0,1,1,97.930309,58.254683,97.930309,58.254683,100.000000,100.000000,5.000000,14.000000,6.000000,6.000000,5.000000,14.000000,125.551476,180.312320,49.670575,65.984384,3.000000
2026-05-10T08:42:27.675468358Z,0,per_hit,raw_percent_of_host,api-node1,api-node2,0,1,1,97.930309,58.254683,97.930309,58.254683,100.000000,100.000000,0.000000,13.000000,6.000000,6.000000,0.000000,13.000000,125.551476,180.312320,50.000000,65.984384,3.000000
2026-05-10T08:42:27.725796602Z,0,per_hit,raw_percent_of_host,api-node1,api-node2,0,1,1,97.930309,58.254683,97.930309,58.254683,100.000000,100.000000,0.000000,13.000000,6.000000,6.000000,0.000000,13.000000,125.551476,180.312320,50.000000,65.984384,3.000000
2026-05-10T08:42:27.775541032Z,0,per_hit,raw_percent_of_host,api-node1,api-node2,1,0,1,27.946291,46.265608,27.946291,46.265608,100.000000,100.000000,0.000000,8.000000,1.000000,6.000000,0.000000,8.000000,50.044882,301.005673,72.822175,59.949716,3.000000
2026-05-10T08:42:27.825703564Z,0,per_hit,raw_percent_of_host,api-node1,api-node2,1,0,1,27.946291,46.265608,27.946291,46.265608,100.000000,100.000000,0.000000,8.000000,1.000000,6.000000,0.000000,8.000000,50.044882,301.005673,72.822175,59.949716,3.000000
2026-05-10T08:42:27.876192311Z,0,per_hit,raw_percent_of_host,api-node1,api-node2,1,0,1,27.946291,39.654488,27.946291,39.654488,100.000000,100.000000,1.000000,1.000000,1.000000,2.000000,1.000000,1.000000,50.044882,99.896913,72.822175,66.924174,3.000000
2026-05-10T08:42:27.97599969Z,0,per_hit,raw_percent_of_host,api-node1,api-node2,1,0,1,0.000000,38.219391,0.000000,38.219391,100.000000,100.000000,0.000000,2.000000,1.000000,2.000000,0.000000,2.000000,50.098307,50.049926,75.000000,70.619831,3.000000
2026-05-10T08:42:28.02607847Z,0,per_hit,raw_percent_of_host,api-node1,api-node2,1,0,1,0.000000,38.219391,0.000000,38.219391,100.000000,100.000000,0.000000,2.000000,1.000000,2.000000,0.000000,2.000000,50.098307,50.049926,75.000000,70.619831,3.000000
2026-05-10T08:42:28.076216814Z,0,per_hit,raw_percent_of_host,api-node1,api-node2,1,0,1,0.000000,60.647013,0.000000,60.647013,100.000000,100.000000,5.000000,2.000000,1.000000,1.000000,5.000000,2.000000,50.098307,50.073843,74.725215,72.307080,3.000000
2026-05-10T08:42:28.125918239Z,0,per_hit,raw_percent_of_host,api-node1,api-node2,0,1,1,42.032608,60.647013,42.032608,60.647013,100.000000,100.000000,4.000000,2.000000,3.000000,1.000000,4.000000,2.000000,50.098307,50.073843,70.731538,72.307080,3.000000
2026-05-10T08:42:28.175238666Z,0,per_hit,raw_percent_of_host,api-node1,api-node2,0,1,1,99.087561,0.000000,99.087561,0.000000,100.000000,100.000000,0.000000,1.000000,2.000000,1.000000,0.000000,1.000000,50.058918,98.012791,50.000000,74.937963,3.000000
2026-05-10T08:42:28.225610447Z,0,per_hit,raw_percent_of_host,api-node1,api-node2,1,0,1,0.000000,62.555815,0.000000,62.555815,100.000000,100.000000,4.000000,7.000000,1.000000,2.000000,4.000000,7.000000,50.725548,98.012791,74.779383,69.476687,3.000000
2026-05-10T08:42:28.275920831Z,0,per_hit,raw_percent_of_host,api-node1,api-node2,1,0,1,63.030224,69.124291,63.030224,69.124291,100.000000,100.000000,4.000000,6.000000,2.000000,2.000000,4.000000,6.000000,50.725548,98.012791,71.764205,63.410687,3.000000
2026-05-10T08:42:28.325406932Z,0,per_hit,raw_percent_of_host,api-node1,api-node2,0,1,1,99.075183,69.124291,99.075183,69.124291,100.000000,100.000000,6.000000,15.000000,4.000000,2.000000,6.000000,15.000000,50.042663,98.012791,49.671022,62.458168,3.000000
2026-05-10T08:42:28.375980846Z,0,per_hit,raw_percent_of_host,api-node1,api-node2,0,1,1,99.075183,69.124291,99.075183,69.124291,100.000000,100.000000,10.000000,19.000000,4.000000,2.000000,10.000000,19.000000,50.042663,98.012791,49.456471,62.049825,3.000000
2026-05-10T08:42:28.426229303Z,0,per_hit,raw_percent_of_host,api-node1,api-node2,0,1,1,99.075183,69.124291,99.075183,69.124291,100.000000,100.000000,10.000000,19.000000,4.000000,2.000000,10.000000,19.000000,50.042663,98.012791,49.456471,62.049825,3.000000
2026-05-10T08:42:28.475848648Z,0,per_hit,raw_percent_of_host,api-node1,api-node2,0,1,1,99.075183,49.664575,99.075183,49.664575,100.000000,100.000000,9.000000,15.000000,4.000000,5.000000,9.000000,15.000000,50.042663,185.512957,49.509758,65.724352,3.000000
2026-05-10T08:42:28.525958649Z,0,per_hit,raw_percent_of_host,api-node1,api-node2,0,1,1,99.075183,49.664575,99.075183,49.664575,100.000000,100.000000,11.000000,17.000000,4.000000,5.000000,11.000000,17.000000,50.042663,185.512957,49.403416,65.724352,3.000000
2026-05-10T08:42:28.57561539Z,0,per_hit,raw_percent_of_host,api-node1,api-node2,0,1,1,100.000000,49.664575,100.000000,49.664575,100.000000,100.000000,2.000000,17.000000,6.000000,5.000000,2.000000,17.000000,122.790311,185.512957,49.868147,65.724352,3.000000
2026-05-10T08:42:28.625312914Z,0,per_hit,raw_percent_of_host,api-node1,api-node2,0,1,1,100.000000,49.664575,100.000000,49.664575,100.000000,100.000000,0.000000,17.000000,6.000000,5.000000,0.000000,17.000000,122.790311,185.512957,50.000000,65.724352,3.000000
2026-05-10T08:42:28.676026786Z,0,per_hit,raw_percent_of_host,api-node1,api-node2,0,1,1,100.000000,49.664575,100.000000,49.664575,100.000000,100.000000,0.000000,16.000000,6.000000,5.000000,0.000000,16.000000,122.790311,185.512957,50.000000,65.724352,3.000000
2026-05-10T08:42:28.726192471Z,0,per_hit,raw_percent_of_host,api-node1,api-node2,0,1,1,100.000000,49.664575,100.000000,49.664575,100.000000,100.000000,0.000000,16.000000,6.000000,5.000000,0.000000,16.000000,122.790311,185.512957,50.000000,65.724352,3.000000
2026-05-10T08:42:28.776105589Z,0,per_hit,raw_percent_of_host,api-node1,api-node2,0,1,1,100.000000,49.664575,100.000000,49.664575,100.000000,100.000000,0.000000,14.000000,6.000000,5.000000,0.000000,14.000000,122.790311,185.512957,50.000000,65.724352,3.000000
2026-05-10T08:42:28.826275994Z,0,per_hit,raw_percent_of_host,api-node1,api-node2,0,1,1,100.000000,49.664575,100.000000,49.664575,100.000000,100.000000,0.000000,14.000000,6.000000,5.000000,0.000000,14.000000,122.790311,185.512957,50.000000,65.724352,3.000000
2026-05-10T08:42:28.876239339Z,0,per_hit,raw_percent_of_host,api-node1,api-node2,0,1,1,100.000000,52.313345,100.000000,52.313345,100.000000,100.000000,1.000000,10.000000,6.000000,10.000000,1.000000,10.000000,122.790311,419.084322,49.933899,54.293918,3.000000
2026-05-10T08:42:28.925547825Z,0,per_hit,raw_percent_of_host,api-node1,api-node2,1,0,1,31.517334,52.313345,31.517334,52.313345,100.000000,100.000000,0.000000,10.000000,2.000000,10.000000,0.000000,10.000000,50.070441,419.084322,72.017655,54.293918,3.000000
2026-05-10T08:42:28.975505346Z,0,per_hit,raw_percent_of_host,api-node1,api-node2,1,0,1,10.891300,48.813272,10.891300,48.813272,100.000000,100.000000,0.000000,3.000000,1.000000,3.000000,0.000000,3.000000,50.123967,100.746761,75.000000,69.287908,3.000000
2026-05-10T08:42:29.025715066Z,0,per_hit,raw_percent_of_host,api-node1,api-node2,1,0,1,10.891300,48.813272,10.891300,48.813272,100.000000,100.000000,1.000000,3.000000,1.000000,3.000000,1.000000,3.000000,50.123967,100.746761,74.944552,69.287908,3.000000
2026-05-10T08:42:29.075537477Z,0,per_hit,raw_percent_of_host,api-node1,api-node2,1,0,1,10.891300,52.126009,10.891300,52.126009,100.000000,100.000000,4.000000,4.000000,1.000000,2.000000,4.000000,4.000000,50.123967,100.079713,74.779676,69.868698,3.000000
2026-05-10T08:42:29.126227065Z,0,per_hit,raw_percent_of_host,api-node1,api-node2,1,0,1,60.607023,52.126009,60.607023,52.126009,100.000000,100.000000,2.000000,4.000000,3.000000,2.000000,2.000000,4.000000,75.140226,100.079713,71.058754,69.868698,3.000000
2026-05-10T08:42:29.175359079Z,0,per_hit,raw_percent_of_host,api-node1,api-node2,0,1,1,79.075007,50.054680,79.075007,50.054680,100.000000,100.000000,0.000000,3.000000,1.000000,4.000000,0.000000,3.000000,50.045877,100.079713,50.000000,69.537178,3.000000
2026-05-10T08:42:29.225555412Z,0,per_hit,raw_percent_of_host,api-node1,api-node2,0,1,1,79.075007,50.054680,79.075007,50.054680,100.000000,100.000000,4.000000,8.000000,1.000000,4.000000,4.000000,8.000000,50.045877,100.079713,49.689361,69.537178,3.000000
2026-05-10T08:42:29.276020634Z,0,per_hit,raw_percent_of_host,api-node1,api-node2,0,1,1,79.075007,50.054680,79.075007,50.054680,100.000000,100.000000,5.000000,6.000000,1.000000,4.000000,5.000000,6.000000,50.045877,100.079713,49.612903,69.537178,3.000000
2026-05-10T08:42:29.325502962Z,0,per_hit,raw_percent_of_host,api-node1,api-node2,0,1,1,79.075007,50.054680,79.075007,50.054680,100.000000,100.000000,5.000000,16.000000,1.000000,4.000000,5.000000,16.000000,50.045877,100.079713,49.612903,69.537178,3.000000
2026-05-10T08:42:29.376149764Z,0,per_hit,raw_percent_of_host,api-node1,api-node2,0,1,1,79.075007,44.331304,79.075007,44.331304,100.000000,100.000000,7.000000,22.000000,1.000000,3.000000,7.000000,22.000000,50.045877,59.628164,49.461401,70.560601,3.000000
2026-05-10T08:42:29.426302934Z,0,per_hit,raw_percent_of_host,api-node1,api-node2,0,1,1,85.486639,44.331304,85.486639,44.331304,100.000000,100.000000,7.000000,22.000000,5.000000,3.000000,7.000000,22.000000,69.551205,59.628164,49.594698,70.560601,3.000000
2026-05-10T08:42:29.475285926Z,0,per_hit,raw_percent_of_host,api-node1,api-node2,0,1,1,85.486639,44.331304,85.486639,44.331304,100.000000,100.000000,5.000000,19.000000,5.000000,3.000000,5.000000,19.000000,69.551205,59.628164,49.709152,70.560601,3.000000
2026-05-10T08:42:29.525892624Z,0,per_hit,raw_percent_of_host,api-node1,api-node2,0,1,1,85.486639,44.331304,85.486639,44.331304,100.000000,100.000000,2.000000,21.000000,5.000000,3.000000,2.000000,21.000000,69.551205,59.628164,49.882843,70.560601,3.000000
2026-05-10T08:42:29.575298342Z,0,per_hit,raw_percent_of_host,api-node1,api-node2,0,1,1,85.486639,44.331304,85.486639,44.331304,100.000000,100.000000,2.000000,20.000000,5.000000,3.000000,2.000000,20.000000,69.551205,59.628164,49.882843,70.560601,3.000000
2026-05-10T08:42:29.625920523Z,0,per_hit,raw_percent_of_host,api-node1,api-node2,0,1,1,85.486639,44.331304,85.486639,44.331304,100.000000,100.000000,0.000000,20.000000,5.000000,3.000000,0.000000,20.000000,69.551205,59.628164,50.000000,70.560601,3.000000
2026-05-10T08:42:29.676098995Z,0,per_hit,raw_percent_of_host,api-node1,api-node2,0,1,1,85.486639,44.331304,85.486639,44.331304,100.000000,100.000000,0.000000,19.000000,5.000000,3.000000,0.000000,19.000000,69.551205,59.628164,50.000000,70.560601,3.000000
2026-05-10T08:42:29.726265722Z,0,per_hit,raw_percent_of_host,api-node1,api-node2,0,1,1,85.486639,44.331304,85.486639,44.331304,100.000000,100.000000,0.000000,19.000000,5.000000,3.000000,0.000000,19.000000,69.551205,59.628164,50.000000,70.560601,3.000000
2026-05-10T08:42:29.77609185Z,0,per_hit,raw_percent_of_host,api-node1,api-node2,0,1,1,85.486639,44.331304,85.486639,44.331304,100.000000,100.000000,0.000000,17.000000,5.000000,3.000000,0.000000,17.000000,69.551205,59.628164,50.000000,70.560601,3.000000
2026-05-10T08:42:29.826264727Z,0,per_hit,raw_percent_of_host,api-node1,api-node2,0,1,1,85.486639,44.331304,85.486639,44.331304,100.000000,100.000000,0.000000,17.000000,5.000000,3.000000,0.000000,17.000000,69.551205,59.628164,50.000000,70.560601,3.000000
2026-05-10T08:42:29.876230336Z,0,per_hit,raw_percent_of_host,api-node1,api-node2,0,1,1,85.486639,53.736664,85.486639,53.736664,100.000000,100.000000,0.000000,17.000000,5.000000,13.000000,0.000000,17.000000,69.551205,419.039295,50.000000,54.118172,3.000000
2026-05-10T08:42:29.925303387Z,0,per_hit,raw_percent_of_host,api-node1,api-node2,1,0,1,40.078955,53.736664,40.078955,53.736664,100.000000,100.000000,0.000000,17.000000,1.000000,13.000000,0.000000,17.000000,50.039535,419.039295,70.287348,54.118172,3.000000
2026-05-10T08:42:29.97594221Z,0,per_hit,raw_percent_of_host,api-node1,api-node2,1,0,1,40.078955,53.736664,40.078955,53.736664,100.000000,100.000000,0.000000,16.000000,1.000000,13.000000,0.000000,16.000000,50.039535,419.039295,70.287348,54.118172,3.000000
2026-05-10T08:42:30.026162888Z,0,per_hit,raw_percent_of_host,api-node1,api-node2,1,0,1,40.078955,53.736664,40.078955,53.736664,100.000000,100.000000,1.000000,17.000000,1.000000,13.000000,1.000000,17.000000,50.039535,419.039295,70.287348,54.118172,3.000000
2026-05-10T08:42:30.076201858Z,0,per_hit,raw_percent_of_host,api-node1,api-node2,1,0,1,40.078955,49.834628,40.078955,49.834628,100.000000,100.000000,6.000000,6.000000,1.000000,5.000000,6.000000,6.000000,50.039535,220.138945,70.287348,63.993053,3.000000
2026-05-10T08:42:30.125375697Z,0,per_hit,raw_percent_of_host,api-node1,api-node2,1,0,1,40.078955,49.834628,40.078955,49.834628,100.000000,100.000000,5.000000,6.000000,1.000000,5.000000,5.000000,6.000000,50.039535,220.138945,70.287348,63.993053,3.000000
2026-05-10T08:42:30.175766752Z,0,per_hit,raw_percent_of_host,api-node1,api-node2,0,1,1,39.572775,49.882691,39.572775,49.882691,100.000000,100.000000,2.000000,3.000000,5.000000,4.000000,2.000000,3.000000,100.933322,117.551141,66.846482,68.787176,3.000000
2026-05-10T08:42:30.225606704Z,0,per_hit,raw_percent_of_host,api-node1,api-node2,0,1,1,100.000000,49.882691,100.000000,49.882691,100.000000,100.000000,6.000000,6.000000,2.000000,4.000000,6.000000,6.000000,50.046123,117.551141,49.671019,68.787176,3.000000
2026-05-10T08:42:30.276274316Z,0,per_hit,raw_percent_of_host,api-node1,api-node2,0,1,1,100.000000,49.882691,100.000000,49.882691,100.000000,100.000000,6.000000,6.000000,2.000000,4.000000,6.000000,6.000000,50.046123,117.551141,49.671019,68.787176,3.000000
2026-05-10T08:42:30.325404155Z,0,per_hit,raw_percent_of_host,api-node1,api-node2,0,1,1,100.000000,49.882691,100.000000,49.882691,100.000000,100.000000,13.000000,12.000000,2.000000,4.000000,13.000000,12.000000,50.046123,117.551141,49.297986,68.787176,3.000000
2026-05-10T08:42:30.376320837Z,0,per_hit,raw_percent_of_host,api-node1,api-node2,0,1,1,100.000000,49.882691,100.000000,49.882691,100.000000,100.000000,16.000000,19.000000,2.000000,4.000000,16.000000,19.000000,50.046123,117.551141,49.141546,68.787176,3.000000
2026-05-10T08:42:30.426087549Z,0,per_hit,raw_percent_of_host,api-node1,api-node2,0,1,1,100.000000,31.433402,100.000000,31.433402,100.000000,100.000000,10.000000,15.000000,2.000000,3.000000,10.000000,15.000000,50.046123,59.094544,49.456467,71.567675,3.000000
2026-05-10T08:42:30.475557842Z,0,per_hit,raw_percent_of_host,api-node1,api-node2,0,1,1,100.000000,49.728860,100.000000,49.728860,100.000000,100.000000,10.000000,13.000000,2.000000,1.000000,10.000000,13.000000,50.046123,79.813477,49.456467,70.392714,3.000000
2026-05-10T08:42:30.525946924Z,0,per_hit,raw_percent_of_host,api-node1,api-node2,0,1,1,100.000000,49.728860,100.000000,49.728860,100.000000,100.000000,14.000000,14.000000,2.000000,1.000000,14.000000,14.000000,50.046123,79.813477,49.245615,70.392714,3.000000
2026-05-10T08:42:30.576073779Z,0,per_hit,raw_percent_of_host,api-node1,api-node2,0,1,1,93.357477,49.728860,93.357477,49.728860,100.000000,100.000000,13.000000,14.000000,10.000000,1.000000,13.000000,14.000000,148.181212,79.813477,49.109147,70.392714,3.000000
2026-05-10T08:42:30.625381543Z,0,per_hit,raw_percent_of_host,api-node1,api-node2,0,1,1,93.357477,49.728860,93.357477,49.728860,100.000000,100.000000,6.000000,14.000000,10.000000,1.000000,6.000000,14.000000,148.181212,79.813477,49.580793,70.392714,3.000000
2026-05-10T08:42:30.675754054Z,0,per_hit,raw_percent_of_host,api-node1,api-node2,0,1,1,97.636595,49.728860,97.636595,49.728860,100.000000,100.000000,1.000000,13.000000,4.000000,1.000000,1.000000,13.000000,80.958269,79.813477,49.940482,70.392714,3.000000
2026-05-10T08:42:30.726007048Z,0,per_hit,raw_percent_of_host,api-node1,api-node2,0,1,1,97.636595,49.728860,97.636595,49.728860,100.000000,100.000000,0.000000,13.000000,4.000000,1.000000,0.000000,13.000000,80.958269,79.813477,50.000000,70.392714,3.000000
2026-05-10T08:42:30.775775842Z,0,per_hit,raw_percent_of_host,api-node1,api-node2,0,1,1,97.636595,49.728860,97.636595,49.728860,100.000000,100.000000,0.000000,12.000000,4.000000,1.000000,0.000000,12.000000,80.958269,79.813477,50.000000,70.392714,3.000000
2026-05-10T08:42:30.825936479Z,0,per_hit,raw_percent_of_host,api-node1,api-node2,0,1,1,97.636595,49.728860,97.636595,49.728860,100.000000,100.000000,0.000000,12.000000,4.000000,1.000000,0.000000,12.000000,80.958269,79.813477,50.000000,70.392714,3.000000
2026-05-10T08:42:30.875473197Z,0,per_hit,raw_percent_of_host,api-node1,api-node2,0,1,1,97.636595,56.643549,97.636595,56.643549,100.000000,100.000000,1.000000,2.000000,4.000000,7.000000,1.000000,2.000000,80.958269,321.105347,49.940482,58.944733,3.000000
2026-05-10T08:42:30.925854633Z,0,per_hit,raw_percent_of_host,api-node1,api-node2,1,0,1,32.400414,56.643549,32.400414,56.643549,100.000000,100.000000,0.000000,2.000000,1.000000,7.000000,0.000000,2.000000,50.074360,321.105347,71.886435,58.944733,3.000000
2026-05-10T08:42:30.975850541Z,0,per_hit,raw_percent_of_host,api-node1,api-node2,0,1,1,0.000000,0.000000,0.000000,0.000000,100.000000,100.000000,2.000000,0.000000,1.000000,1.000000,2.000000,0.000000,50.074360,78.137375,74.889362,75.000000,3.000000
2026-05-10T08:42:31.025260487Z,0,per_hit,raw_percent_of_host,api-node1,api-node2,0,1,1,87.146642,0.000000,87.146642,0.000000,100.000000,100.000000,1.000000,1.000000,3.000000,1.000000,1.000000,1.000000,50.074360,78.137375,49.944558,74.940879,3.000000
2026-05-10T08:42:31.075543185Z,0,per_hit,raw_percent_of_host,api-node1,api-node2,0,1,1,98.593961,0.000000,98.593961,0.000000,100.000000,100.000000,1.000000,6.000000,1.000000,1.000000,1.000000,6.000000,50.049857,78.137375,49.944561,74.649420,3.000000
2026-05-10T08:42:31.126256596Z,0,per_hit,raw_percent_of_host,api-node1,api-node2,0,1,1,44.317483,0.000000,44.317483,0.000000,100.000000,100.000000,0.000000,6.000000,2.000000,1.000000,0.000000,6.000000,50.049857,78.137375,71.161984,74.649420,3.000000
2026-05-10T08:42:31.175313537Z,0,per_hit,raw_percent_of_host,api-node1,api-node2,0,1,1,44.317483,0.000000,44.317483,0.000000,100.000000,100.000000,1.000000,6.000000,2.000000,1.000000,1.000000,6.000000,50.049857,78.137375,71.161984,74.649420,3.000000
2026-05-10T08:42:31.225613745Z,0,per_hit,raw_percent_of_host,api-node1,api-node2,0,1,1,44.317483,0.000000,44.317483,0.000000,100.000000,100.000000,6.000000,10.000000,2.000000,1.000000,6.000000,10.000000,50.049857,78.137375,71.161984,74.421112,3.000000
2026-05-10T08:42:31.276040295Z,0,per_hit,raw_percent_of_host,api-node1,api-node2,1,0,1,44.317483,50.726459,44.317483,50.726459,100.000000,100.000000,6.000000,6.000000,2.000000,4.000000,6.000000,6.000000,50.049857,196.305163,71.161984,65.184742,3.000000
2026-05-10T08:42:31.326065896Z,0,per_hit,raw_percent_of_host,api-node1,api-node2,1,0,1,44.317483,50.726459,44.317483,50.726459,100.000000,100.000000,10.000000,15.000000,2.000000,4.000000,10.000000,15.000000,50.049857,196.305163,71.161984,65.184742,3.000000
2026-05-10T08:42:31.376092561Z,0,per_hit,raw_percent_of_host,api-node1,api-node2,0,1,1,78.026755,50.726459,78.026755,50.726459,100.000000,100.000000,8.000000,21.000000,6.000000,4.000000,8.000000,21.000000,117.651759,196.305163,49.351588,65.184742,3.000000
2026-05-10T08:42:31.425892813Z,0,per_hit,raw_percent_of_host,api-node1,api-node2,0,1,1,78.026755,50.726459,78.026755,50.726459,100.000000,100.000000,7.000000,21.000000,6.000000,4.000000,7.000000,21.000000,117.651759,196.305163,49.430794,65.184742,3.000000
2026-05-10T08:42:31.475867828Z,0,per_hit,raw_percent_of_host,api-node1,api-node2,0,1,1,78.026755,49.959447,78.026755,49.959447,100.000000,100.000000,7.000000,18.000000,6.000000,4.000000,7.000000,18.000000,117.651759,199.397583,49.430794,65.030121,3.000000
2026-05-10T08:42:31.526166085Z,0,per_hit,raw_percent_of_host,api-node1,api-node2,0,1,1,91.879664,49.959447,91.879664,49.959447,100.000000,100.000000,0.000000,22.000000,4.000000,4.000000,0.000000,22.000000,81.348536,199.397583,50.000000,65.030121,3.000000
2026-05-10T08:42:31.575817683Z,0,per_hit,raw_percent_of_host,api-node1,api-node2,0,1,1,91.879664,49.959447,91.879664,49.959447,100.000000,100.000000,0.000000,22.000000,4.000000,4.000000,0.000000,22.000000,81.348536,199.397583,50.000000,65.030121,3.000000
2026-05-10T08:42:31.625947666Z,0,per_hit,raw_percent_of_host,api-node1,api-node2,0,1,1,91.879664,49.959447,91.879664,49.959447,100.000000,100.000000,0.000000,22.000000,4.000000,4.000000,0.000000,22.000000,81.348536,199.397583,50.000000,65.030121,3.000000
2026-05-10T08:42:31.675685233Z,0,per_hit,raw_percent_of_host,api-node1,api-node2,0,1,1,91.879664,49.959447,91.879664,49.959447,100.000000,100.000000,0.000000,21.000000,4.000000,4.000000,0.000000,21.000000,81.348536,199.397583,50.000000,65.030121,3.000000
2026-05-10T08:42:31.725846872Z,0,per_hit,raw_percent_of_host,api-node1,api-node2,0,1,1,91.879664,49.959447,91.879664,49.959447,100.000000,100.000000,0.000000,21.000000,4.000000,4.000000,0.000000,21.000000,81.348536,199.397583,50.000000,65.030121,3.000000
2026-05-10T08:42:31.775712101Z,0,per_hit,raw_percent_of_host,api-node1,api-node2,0,1,1,91.879664,49.959447,91.879664,49.959447,100.000000,100.000000,0.000000,19.000000,4.000000,4.000000,0.000000,19.000000,81.348536,199.397583,50.000000,65.030121,3.000000
2026-05-10T08:42:31.825876087Z,0,per_hit,raw_percent_of_host,api-node1,api-node2,0,1,1,91.879664,49.959447,91.879664,49.959447,100.000000,100.000000,0.000000,19.000000,4.000000,4.000000,0.000000,19.000000,81.348536,199.397583,50.000000,65.030121,3.000000
2026-05-10T08:42:31.87585908Z,0,per_hit,raw_percent_of_host,api-node1,api-node2,0,1,1,91.879664,49.959447,91.879664,49.959447,100.000000,100.000000,0.000000,20.000000,4.000000,4.000000,0.000000,20.000000,81.348536,199.397583,50.000000,65.030121,3.000000
2026-05-10T08:42:31.926009331Z,0,per_hit,raw_percent_of_host,api-node1,api-node2,0,1,1,91.879664,49.959447,91.879664,49.959447,100.000000,100.000000,0.000000,20.000000,4.000000,4.000000,0.000000,20.000000,81.348536,199.397583,50.000000,65.030121,3.000000
2026-05-10T08:42:31.976282044Z,0,per_hit,raw_percent_of_host,api-node1,api-node2,1,0,1,6.271179,53.805208,6.271179,53.805208,100.000000,100.000000,1.000000,17.000000,1.000000,12.000000,1.000000,17.000000,50.046125,519.229170,74.944562,49.008175,3.000000
2026-05-10T08:42:32.02623528Z,0,per_hit,raw_percent_of_host,api-node1,api-node2,1,0,1,6.271179,53.805208,6.271179,53.805208,100.000000,100.000000,2.000000,17.000000,1.000000,12.000000,2.000000,17.000000,50.046125,519.229170,74.889369,49.008175,3.000000
2026-05-10T08:42:32.075627048Z,0,per_hit,raw_percent_of_host,api-node1,api-node2,1,0,1,6.271179,53.805208,6.271179,53.805208,100.000000,100.000000,7.000000,15.000000,1.000000,12.000000,7.000000,15.000000,50.046125,519.229170,74.617029,49.120756,3.000000
2026-05-10T08:42:32.125795105Z,0,per_hit,raw_percent_of_host,api-node1,api-node2,1,0,1,6.271179,53.805208,6.271179,53.805208,100.000000,100.000000,7.000000,15.000000,1.000000,12.000000,7.000000,15.000000,50.046125,519.229170,74.617029,49.120756,3.000000
2026-05-10T08:42:32.176053479Z,0,per_hit,raw_percent_of_host,api-node1,api-node2,1,0,1,6.271179,50.126620,6.271179,50.126620,100.000000,100.000000,6.000000,3.000000,1.000000,5.000000,6.000000,3.000000,50.046125,218.296380,74.671019,64.085181,3.000000
2026-05-10T08:42:32.225447012Z,0,per_hit,raw_percent_of_host,api-node1,api-node2,0,1,1,94.071757,50.126620,94.071757,50.126620,100.000000,100.000000,6.000000,7.000000,2.000000,5.000000,6.000000,7.000000,50.030435,218.296380,49.671031,64.085181,3.000000
2026-05-10T08:42:32.275851686Z,0,per_hit,raw_percent_of_host,api-node1,api-node2,0,1,1,94.071757,50.126620,94.071757,50.126620,100.000000,100.000000,5.000000,8.000000,2.000000,5.000000,5.000000,8.000000,50.030435,218.296380,49.725256,64.085181,3.000000
2026-05-10T08:42:32.325754546Z,0,per_hit,raw_percent_of_host,api-node1,api-node2,0,1,1,94.071757,50.126620,94.071757,50.126620,100.000000,100.000000,6.000000,16.000000,2.000000,5.000000,6.000000,16.000000,50.030435,218.296380,49.671031,64.085181,3.000000
2026-05-10T08:42:32.375529911Z,0,per_hit,raw_percent_of_host,api-node1,api-node2,0,1,1,94.071757,50.126620,94.071757,50.126620,100.000000,100.000000,9.000000,22.000000,2.000000,5.000000,9.000000,22.000000,50.030435,218.296380,49.509771,64.085181,3.000000
2026-05-10T08:42:32.425677288Z,0,per_hit,raw_percent_of_host,api-node1,api-node2,0,1,1,94.071757,50.126620,94.071757,50.126620,100.000000,100.000000,9.000000,22.000000,2.000000,5.000000,9.000000,22.000000,50.030435,218.296380,49.509771,64.085181,3.000000
2026-05-10T08:42:32.475323688Z,0,per_hit,raw_percent_of_host,api-node1,api-node2,0,1,1,94.071757,51.793031,94.071757,51.793031,100.000000,100.000000,7.000000,19.000000,2.000000,5.000000,7.000000,19.000000,50.030435,119.968051,49.617042,69.001597,3.000000
2026-05-10T08:42:32.52537348Z,0,per_hit,raw_percent_of_host,api-node1,api-node2,0,1,1,100.000000,51.793031,100.000000,51.793031,100.000000,100.000000,4.000000,21.000000,3.000000,5.000000,4.000000,21.000000,64.583356,119.968051,49.772426,69.001597,3.000000
2026-05-10T08:42:32.576217313Z,0,per_hit,raw_percent_of_host,api-node1,api-node2,0,1,1,100.000000,51.793031,100.000000,51.793031,100.000000,100.000000,3.000000,20.000000,3.000000,5.000000,3.000000,20.000000,64.583356,119.968051,49.828930,69.001597,3.000000
2026-05-10T08:42:32.625379134Z,0,per_hit,raw_percent_of_host,api-node1,api-node2,0,1,1,100.000000,51.793031,100.000000,51.793031,100.000000,100.000000,1.000000,20.000000,3.000000,5.000000,1.000000,20.000000,64.583356,119.968051,49.942715,69.001597,3.000000
2026-05-10T08:42:32.67611576Z,0,per_hit,raw_percent_of_host,api-node1,api-node2,0,1,1,100.000000,51.793031,100.000000,51.793031,100.000000,100.000000,0.000000,19.000000,3.000000,5.000000,0.000000,19.000000,64.583356,119.968051,50.000000,69.001597,3.000000
2026-05-10T08:42:32.726029671Z,0,per_hit,raw_percent_of_host,api-node1,api-node2,0,1,1,100.000000,51.793031,100.000000,51.793031,100.000000,100.000000,0.000000,18.000000,3.000000,5.000000,0.000000,18.000000,64.583356,119.968051,50.000000,69.001597,3.000000
2026-05-10T08:42:32.775570954Z,0,per_hit,raw_percent_of_host,api-node1,api-node2,0,1,1,100.000000,51.793031,100.000000,51.793031,100.000000,100.000000,0.000000,17.000000,3.000000,5.000000,0.000000,17.000000,64.583356,119.968051,50.000000,69.001597,3.000000
2026-05-10T08:42:32.825731783Z,0,per_hit,raw_percent_of_host,api-node1,api-node2,0,1,1,100.000000,51.793031,100.000000,51.793031,100.000000,100.000000,0.000000,17.000000,3.000000,5.000000,0.000000,17.000000,64.583356,119.968051,50.000000,69.001597,3.000000
2026-05-10T08:42:32.876290225Z,0,per_hit,raw_percent_of_host,api-node1,api-node2,0,1,1,100.000000,51.793031,100.000000,51.793031,100.000000,100.000000,0.000000,17.000000,3.000000,5.000000,0.000000,17.000000,64.583356,119.968051,50.000000,69.001597,3.000000
2026-05-10T08:42:32.925464949Z,0,per_hit,raw_percent_of_host,api-node1,api-node2,0,1,1,100.000000,51.793031,100.000000,51.793031,100.000000,100.000000,0.000000,17.000000,3.000000,5.000000,0.000000,17.000000,64.583356,119.968051,50.000000,69.001597,3.000000
2026-05-10T08:42:32.975823612Z,0,per_hit,raw_percent_of_host,api-node1,api-node2,0,1,1,100.000000,47.601149,100.000000,47.601149,100.000000,100.000000,2.000000,14.000000,3.000000,12.000000,2.000000,14.000000,64.583356,509.188156,49.885693,52.551638,3.000000
2026-05-10T08:42:33.02551644Z,0,per_hit,raw_percent_of_host,api-node1,api-node2,1,0,1,33.841046,47.601149,33.841046,47.601149,100.000000,100.000000,2.000000,6.000000,3.000000,12.000000,2.000000,6.000000,50.062307,509.188156,71.646788,52.784725,3.000000
2026-05-10T08:42:33.075934021Z,0,per_hit,raw_percent_of_host,api-node1,api-node2,1,0,1,33.841046,49.595624,33.841046,49.595624,100.000000,100.000000,3.000000,4.000000,3.000000,4.000000,3.000000,4.000000,50.062307,106.822864,71.646788,69.171462,3.000000
2026-05-10T08:42:33.125306679Z,0,per_hit,raw_percent_of_host,api-node1,api-node2,0,1,1,98.663966,49.595624,98.663966,49.595624,100.000000,100.000000,1.000000,4.000000,2.000000,4.000000,1.000000,4.000000,50.058178,106.822864,49.944560,69.171462,3.000000
2026-05-10T08:42:33.175248811Z,0,per_hit,raw_percent_of_host,api-node1,api-node2,1,0,1,59.758013,54.996212,59.758013,54.996212,100.000000,100.000000,0.000000,3.000000,1.000000,3.000000,0.000000,3.000000,50.043062,59.457884,72.497847,71.953847,3.000000
2026-05-10T08:42:33.225422833Z,0,per_hit,raw_percent_of_host,api-node1,api-node2,1,0,1,59.758013,54.996212,59.758013,54.996212,100.000000,100.000000,5.000000,7.000000,1.000000,3.000000,5.000000,7.000000,50.043062,59.457884,72.497847,71.953847,3.000000
2026-05-10T08:42:33.276243104Z,0,per_hit,raw_percent_of_host,api-node1,api-node2,1,0,1,59.758013,54.996212,59.758013,54.996212,100.000000,100.000000,5.000000,6.000000,1.000000,3.000000,5.000000,6.000000,50.043062,59.457884,72.497847,71.953847,3.000000
2026-05-10T08:42:33.326074676Z,0,per_hit,raw_percent_of_host,api-node1,api-node2,1,0,1,59.758013,54.996212,59.758013,54.996212,100.000000,100.000000,7.000000,13.000000,1.000000,3.000000,7.000000,13.000000,50.043062,59.457884,72.497847,71.953847,3.000000
2026-05-10T08:42:33.376155406Z,0,per_hit,raw_percent_of_host,api-node1,api-node2,1,0,1,59.758013,44.311758,59.758013,44.311758,100.000000,100.000000,12.000000,15.000000,1.000000,3.000000,12.000000,15.000000,50.043062,59.694877,72.497847,70.552820,3.000000
2026-05-10T08:42:33.425313558Z,0,per_hit,raw_percent_of_host,api-node1,api-node2,1,0,1,59.758013,44.311758,59.758013,44.311758,100.000000,100.000000,12.000000,15.000000,1.000000,3.000000,12.000000,15.000000,50.043062,59.694877,72.497847,70.552820,3.000000
2026-05-10T08:42:33.475308707Z,0,per_hit,raw_percent_of_host,api-node1,api-node2,1,0,1,59.758013,44.311758,59.758013,44.311758,100.000000,100.000000,11.000000,15.000000,1.000000,3.000000,11.000000,15.000000,50.043062,59.694877,72.497847,70.552820,3.000000
2026-05-10T08:42:33.526183222Z,0,per_hit,raw_percent_of_host,api-node1,api-node2,0,1,1,84.837056,44.311758,84.837056,44.311758,100.000000,100.000000,12.000000,19.000000,8.000000,3.000000,12.000000,19.000000,151.027224,59.694877,49.168912,70.552820,3.000000
2026-05-10T08:42:33.575896588Z,0,per_hit,raw_percent_of_host,api-node1,api-node2,0,1,1,84.837056,44.311758,84.837056,44.311758,100.000000,100.000000,4.000000,18.000000,8.000000,3.000000,4.000000,18.000000,151.027224,59.694877,49.716692,70.552820,3.000000
2026-05-10T08:42:33.625761138Z,0,per_hit,raw_percent_of_host,api-node1,api-node2,0,1,1,84.837056,44.311758,84.837056,44.311758,100.000000,100.000000,0.000000,18.000000,8.000000,3.000000,0.000000,18.000000,151.027224,59.694877,50.000000,70.552820,3.000000
2026-05-10T08:42:33.676237247Z,0,per_hit,raw_percent_of_host,api-node1,api-node2,0,1,1,84.837056,44.311758,84.837056,44.311758,100.000000,100.000000,0.000000,16.000000,8.000000,3.000000,0.000000,16.000000,151.027224,59.694877,50.000000,70.552820,3.000000
2026-05-10T08:42:33.725404062Z,0,per_hit,raw_percent_of_host,api-node1,api-node2,0,1,1,84.837056,44.311758,84.837056,44.311758,100.000000,100.000000,0.000000,16.000000,8.000000,3.000000,0.000000,16.000000,151.027224,59.694877,50.000000,70.552820,3.000000
2026-05-10T08:42:33.776167965Z,0,per_hit,raw_percent_of_host,api-node1,api-node2,1,0,1,49.463308,50.016256,49.463308,50.016256,100.000000,100.000000,0.000000,15.000000,1.000000,9.000000,0.000000,15.000000,50.040775,59.074739,71.868667,71.453670,3.000000
2026-05-10T08:42:33.825290386Z,0,per_hit,raw_percent_of_host,api-node1,api-node2,1,0,1,49.463308,50.016256,49.463308,50.016256,100.000000,100.000000,0.000000,15.000000,1.000000,9.000000,0.000000,15.000000,50.040775,59.074739,71.868667,71.453670,3.000000
2026-05-10T08:42:33.875640466Z,0,per_hit,raw_percent_of_host,api-node1,api-node2,1,0,1,49.463308,50.016256,49.463308,50.016256,100.000000,100.000000,0.000000,11.000000,1.000000,9.000000,0.000000,11.000000,50.040775,59.074739,71.868667,71.453670,3.000000
2026-05-10T08:42:33.925791686Z,0,per_hit,raw_percent_of_host,api-node1,api-node2,1,0,1,49.463308,50.016256,49.463308,50.016256,100.000000,100.000000,0.000000,11.000000,1.000000,9.000000,0.000000,11.000000,50.040775,59.074739,71.868667,71.453670,3.000000
2026-05-10T08:42:33.975388936Z,0,per_hit,raw_percent_of_host,api-node1,api-node2,1,0,1,4.541662,54.299087,4.541662,54.299087,100.000000,100.000000,0.000000,4.000000,1.000000,7.000000,0.000000,4.000000,50.040775,220.193783,75.000000,63.990311,3.000000
2026-05-10T08:42:34.025535013Z,0,per_hit,raw_percent_of_host,api-node1,api-node2,1,0,1,4.541662,54.299087,4.541662,54.299087,100.000000,100.000000,0.000000,5.000000,1.000000,7.000000,0.000000,5.000000,50.040775,220.193783,75.000000,63.990311,3.000000
2026-05-10T08:42:34.075459943Z,0,per_hit,raw_percent_of_host,api-node1,api-node2,1,0,1,4.541662,57.502388,4.541662,57.502388,100.000000,100.000000,1.000000,8.000000,1.000000,3.000000,1.000000,8.000000,50.040775,97.016033,74.944563,70.149198,3.000000
2026-05-10T08:42:34.125373522Z,0,per_hit,raw_percent_of_host,api-node1,api-node2,1,0,1,30.934728,57.502388,30.934728,57.502388,100.000000,100.000000,0.000000,8.000000,2.000000,3.000000,0.000000,8.000000,50.040775,97.016033,72.099733,70.149198,3.000000
2026-05-10T08:42:34.176018124Z,0,per_hit,raw_percent_of_host,api-node1,api-node2,1,0,1,30.934728,57.502388,30.934728,57.502388,100.000000,100.000000,1.000000,6.000000,2.000000,3.000000,1.000000,6.000000,50.040775,97.016033,72.099733,70.149198,3.000000
2026-05-10T08:42:34.226160848Z,0,per_hit,raw_percent_of_host,api-node1,api-node2,1,0,1,30.934728,57.502388,30.934728,57.502388,100.000000,100.000000,5.000000,11.000000,2.000000,3.000000,5.000000,11.000000,50.040775,97.016033,72.099733,70.149198,3.000000
2026-05-10T08:42:34.276101228Z,0,per_hit,raw_percent_of_host,api-node1,api-node2,1,0,1,30.934728,45.005423,30.934728,45.005423,100.000000,100.000000,5.000000,9.000000,2.000000,5.000000,5.000000,9.000000,50.040775,197.839210,72.099733,64.773235,3.000000
2026-05-10T08:42:34.326247842Z,0,per_hit,raw_percent_of_host,api-node1,api-node2,0,1,1,71.244756,45.005423,71.244756,45.005423,100.000000,100.000000,7.000000,16.000000,3.000000,5.000000,7.000000,16.000000,60.971802,197.839210,59.244326,64.773235,3.000000
2026-05-10T08:42:34.375930892Z,0,per_hit,raw_percent_of_host,api-node1,api-node2,0,1,1,71.244756,45.005423,71.244756,45.005423,100.000000,100.000000,13.000000,19.000000,3.000000,5.000000,13.000000,19.000000,60.971802,197.839210,58.613264,64.773235,3.000000
2026-05-10T08:42:34.426061812Z,0,per_hit,raw_percent_of_host,api-node1,api-node2,0,1,1,71.244756,45.005423,71.244756,45.005423,100.000000,100.000000,13.000000,19.000000,3.000000,5.000000,13.000000,19.000000,60.971802,197.839210,58.613264,64.773235,3.000000
2026-05-10T08:42:34.47540215Z,0,per_hit,raw_percent_of_host,api-node1,api-node2,0,1,1,71.244756,49.930770,71.244756,49.930770,100.000000,100.000000,12.000000,16.000000,3.000000,5.000000,12.000000,16.000000,60.971802,198.964306,58.716820,65.051785,3.000000
2026-05-10T08:42:34.525242417Z,0,per_hit,raw_percent_of_host,api-node1,api-node2,0,1,1,71.244756,49.930770,71.244756,49.930770,100.000000,100.000000,17.000000,16.000000,3.000000,5.000000,17.000000,16.000000,60.971802,198.964306,58.205320,65.051785,3.000000
2026-05-10T08:42:34.575674962Z,0,per_hit,raw_percent_of_host,api-node1,api-node2,0,1,1,71.244756,49.930770,71.244756,49.930770,100.000000,100.000000,16.000000,14.000000,3.000000,5.000000,16.000000,14.000000,60.971802,198.964306,58.306375,65.051785,3.000000
2026-05-10T08:42:34.625822053Z,0,per_hit,raw_percent_of_host,api-node1,api-node2,0,1,1,98.653138,49.930770,98.653138,49.930770,100.000000,100.000000,8.000000,14.000000,7.000000,5.000000,8.000000,14.000000,142.207662,198.964306,49.453242,65.051785,3.000000
2026-05-10T08:42:34.676013055Z,0,per_hit,raw_percent_of_host,api-node1,api-node2,0,1,1,98.653138,49.930770,98.653138,49.930770,100.000000,100.000000,7.000000,13.000000,7.000000,5.000000,7.000000,13.000000,142.207662,198.964306,49.520275,65.051785,3.000000
2026-05-10T08:42:34.725695289Z,0,per_hit,raw_percent_of_host,api-node1,api-node2,0,1,1,98.653138,49.930770,98.653138,49.930770,100.000000,100.000000,0.000000,13.000000,7.000000,5.000000,0.000000,13.000000,142.207662,198.964306,50.000000,65.051785,3.000000
2026-05-10T08:42:34.776093392Z,0,per_hit,raw_percent_of_host,api-node1,api-node2,0,1,1,98.653138,49.930770,98.653138,49.930770,100.000000,100.000000,0.000000,11.000000,7.000000,5.000000,0.000000,11.000000,142.207662,198.964306,50.000000,65.051785,3.000000
2026-05-10T08:42:34.826257479Z,0,per_hit,raw_percent_of_host,api-node1,api-node2,0,1,1,98.653138,49.930770,98.653138,49.930770,100.000000,100.000000,0.000000,11.000000,7.000000,5.000000,0.000000,11.000000,142.207662,198.964306,50.000000,65.051785,3.000000
2026-05-10T08:42:34.876222995Z,0,per_hit,raw_percent_of_host,api-node1,api-node2,0,1,1,98.653138,50.018547,98.653138,50.018547,100.000000,100.000000,1.000000,1.000000,7.000000,8.000000,1.000000,1.000000,142.207662,398.510395,49.930322,55.528992,3.000000
2026-05-10T08:42:34.975606798Z,0,per_hit,raw_percent_of_host,api-node1,api-node2,0,1,1,31.861554,0.000000,31.861554,0.000000,100.000000,100.000000,1.000000,1.000000,2.000000,1.000000,1.000000,1.000000,50.084916,50.053453,71.967152,74.944561,3.000000
2026-05-10T08:42:35.025566312Z,0,per_hit,raw_percent_of_host,api-node1,api-node2,0,1,1,80.858513,68.929312,80.858513,68.929312,100.000000,100.000000,2.000000,1.000000,1.000000,2.000000,2.000000,1.000000,50.060205,50.053453,49.856997,64.293639,3.000000
2026-05-10T08:42:35.07560748Z,0,per_hit,raw_percent_of_host,api-node1,api-node2,0,1,1,80.858513,59.941004,80.858513,59.941004,100.000000,100.000000,5.000000,2.000000,1.000000,2.000000,5.000000,2.000000,50.060205,50.041686,49.645533,72.497916,3.000000
2026-05-10T08:42:35.125766655Z,0,per_hit,raw_percent_of_host,api-node1,api-node2,0,1,1,80.858513,59.941004,80.858513,59.941004,100.000000,100.000000,5.000000,2.000000,1.000000,2.000000,5.000000,2.000000,50.060205,50.041686,49.645533,72.497916,3.000000
2026-05-10T08:42:35.17610753Z,0,per_hit,raw_percent_of_host,api-node1,api-node2,0,1,1,80.606939,59.941004,80.606939,59.941004,100.000000,100.000000,1.000000,1.000000,6.000000,2.000000,1.000000,1.000000,50.060205,50.041686,49.927420,72.497916,3.000000
2026-05-10T08:42:35.225257115Z,0,per_hit,raw_percent_of_host,api-node1,api-node2,1,0,1,0.000000,55.210899,0.000000,55.210899,100.000000,100.000000,4.000000,6.000000,1.000000,2.000000,4.000000,6.000000,50.107224,50.139090,74.779684,72.397931,3.000000
2026-05-10T08:42:35.276258958Z,0,per_hit,raw_percent_of_host,api-node1,api-node2,1,0,1,0.000000,55.210899,0.000000,55.210899,100.000000,100.000000,5.000000,6.000000,1.000000,2.000000,5.000000,6.000000,50.107224,50.139090,74.725210,72.397931,3.000000
2026-05-10T08:42:35.325267216Z,0,per_hit,raw_percent_of_host,api-node1,api-node2,1,0,1,0.000000,55.210899,0.000000,55.210899,100.000000,100.000000,5.000000,13.000000,1.000000,2.000000,5.000000,13.000000,50.107224,50.139090,74.725210,72.397931,3.000000
2026-05-10T08:42:35.37591379Z,0,per_hit,raw_percent_of_host,api-node1,api-node2,1,0,1,0.000000,46.405346,0.000000,46.405346,100.000000,100.000000,8.000000,17.000000,1.000000,4.000000,8.000000,17.000000,50.107224,58.769623,74.563217,70.969828,3.000000
2026-05-10T08:42:35.426085286Z,0,per_hit,raw_percent_of_host,api-node1,api-node2,1,0,1,0.000000,46.405346,0.000000,46.405346,100.000000,100.000000,7.000000,17.000000,1.000000,4.000000,7.000000,17.000000,50.107224,58.769623,74.616978,70.969828,3.000000
2026-05-10T08:42:35.476252978Z,0,per_hit,raw_percent_of_host,api-node1,api-node2,1,0,1,0.000000,46.405346,0.000000,46.405346,100.000000,100.000000,7.000000,17.000000,1.000000,4.000000,7.000000,17.000000,50.107224,58.769623,74.616978,70.969828,3.000000
2026-05-10T08:42:35.525767348Z,0,per_hit,raw_percent_of_host,api-node1,api-node2,0,1,1,90.926192,46.405346,90.926192,46.405346,100.000000,100.000000,3.000000,21.000000,8.000000,4.000000,3.000000,21.000000,80.207500,58.769623,49.822608,70.969828,3.000000
2026-05-10T08:42:35.575952758Z,0,per_hit,raw_percent_of_host,api-node1,api-node2,0,1,1,90.926192,46.405346,90.926192,46.405346,100.000000,100.000000,3.000000,21.000000,8.000000,4.000000,3.000000,21.000000,80.207500,58.769623,49.822608,70.969828,3.000000
2026-05-10T08:42:35.626183941Z,0,per_hit,raw_percent_of_host,api-node1,api-node2,0,1,1,90.926192,46.405346,90.926192,46.405346,100.000000,100.000000,0.000000,19.000000,8.000000,4.000000,0.000000,19.000000,80.207500,58.769623,50.000000,70.969828,3.000000
2026-05-10T08:42:35.676119095Z,0,per_hit,raw_percent_of_host,api-node1,api-node2,0,1,1,90.926192,46.405346,90.926192,46.405346,100.000000,100.000000,0.000000,17.000000,8.000000,4.000000,0.000000,17.000000,80.207500,58.769623,50.000000,70.969828,3.000000
2026-05-10T08:42:35.725271227Z,0,per_hit,raw_percent_of_host,api-node1,api-node2,0,1,1,90.926192,46.405346,90.926192,46.405346,100.000000,100.000000,0.000000,17.000000,8.000000,4.000000,0.000000,17.000000,80.207500,58.769623,50.000000,70.969828,3.000000
2026-05-10T08:42:35.775471637Z,0,per_hit,raw_percent_of_host,api-node1,api-node2,1,0,1,30.282359,50.255599,30.282359,50.255599,100.000000,100.000000,0.000000,17.000000,1.000000,9.000000,0.000000,17.000000,50.087556,336.928026,72.182549,58.153599,3.000000
2026-05-10T08:42:35.825630164Z,0,per_hit,raw_percent_of_host,api-node1,api-node2,1,0,1,30.282359,50.255599,30.282359,50.255599,100.000000,100.000000,0.000000,17.000000,1.000000,9.000000,0.000000,17.000000,50.087556,336.928026,72.182549,58.153599,3.000000
2026-05-10T08:42:35.876021378Z,0,per_hit,raw_percent_of_host,api-node1,api-node2,1,0,1,30.282359,50.255599,30.282359,50.255599,100.000000,100.000000,0.000000,17.000000,1.000000,9.000000,0.000000,17.000000,50.087556,336.928026,72.182549,58.153599,3.000000
2026-05-10T08:42:35.926187409Z,0,per_hit,raw_percent_of_host,api-node1,api-node2,1,0,1,30.282359,50.255599,30.282359,50.255599,100.000000,100.000000,0.000000,17.000000,1.000000,9.000000,0.000000,17.000000,50.087556,336.928026,72.182549,58.153599,3.000000
2026-05-10T08:42:35.975864718Z,0,per_hit,raw_percent_of_host,api-node1,api-node2,1,0,1,30.282359,50.255599,30.282359,50.255599,100.000000,100.000000,2.000000,13.000000,1.000000,9.000000,2.000000,13.000000,50.087556,336.928026,72.182549,58.153599,3.000000
2026-05-10T08:42:36.025252296Z,0,per_hit,raw_percent_of_host,api-node1,api-node2,1,0,1,30.282359,50.255599,30.282359,50.255599,100.000000,100.000000,1.000000,15.000000,1.000000,9.000000,1.000000,15.000000,50.087556,336.928026,72.182549,58.153599,3.000000
2026-05-10T08:42:36.076070851Z,0,per_hit,raw_percent_of_host,api-node1,api-node2,1,0,1,30.855022,55.692876,30.855022,55.692876,100.000000,100.000000,1.000000,8.000000,2.000000,7.000000,1.000000,8.000000,50.087583,321.313485,72.108021,58.934326,3.000000
2026-05-10T08:42:36.126220226Z,0,per_hit,raw_percent_of_host,api-node1,api-node2,1,0,1,30.855022,55.692876,30.855022,55.692876,100.000000,100.000000,0.000000,8.000000,2.000000,7.000000,0.000000,8.000000,50.087583,321.313485,72.108021,58.934326,3.000000
2026-05-10T08:42:36.176127751Z,0,per_hit,raw_percent_of_host,api-node1,api-node2,1,0,1,30.855022,55.692876,30.855022,55.692876,100.000000,100.000000,0.000000,8.000000,2.000000,7.000000,0.000000,8.000000,50.087583,321.313485,72.108021,58.934326,3.000000
2026-05-10T08:42:36.225369557Z,0,per_hit,raw_percent_of_host,api-node1,api-node2,1,0,1,30.855022,55.692876,30.855022,55.692876,100.000000,100.000000,3.000000,14.000000,2.000000,7.000000,3.000000,14.000000,50.087583,321.313485,72.108021,58.934326,3.000000
2026-05-10T08:42:36.27581429Z,0,per_hit,raw_percent_of_host,api-node1,api-node2,1,0,1,30.855022,50.666254,30.855022,50.666254,100.000000,100.000000,5.000000,10.000000,2.000000,5.000000,5.000000,10.000000,50.087583,195.515153,72.108021,65.224242,3.000000
2026-05-10T08:42:36.325705982Z,0,per_hit,raw_percent_of_host,api-node1,api-node2,1,0,1,42.386702,50.666254,42.386702,50.666254,100.000000,100.000000,10.000000,14.000000,3.000000,5.000000,10.000000,14.000000,64.008670,195.515153,69.877505,65.224242,3.000000
2026-05-10T08:42:36.376016896Z,0,per_hit,raw_percent_of_host,api-node1,api-node2,1,0,1,42.386702,50.666254,42.386702,50.666254,100.000000,100.000000,15.000000,16.000000,3.000000,5.000000,15.000000,16.000000,64.008670,195.515153,69.877505,65.224242,3.000000
2026-05-10T08:42:36.42547658Z,0,per_hit,raw_percent_of_host,api-node1,api-node2,1,0,1,42.386702,50.666254,42.386702,50.666254,100.000000,100.000000,14.000000,16.000000,3.000000,5.000000,14.000000,16.000000,64.008670,195.515153,69.877505,65.224242,3.000000
2026-05-10T08:42:36.476222516Z,0,per_hit,raw_percent_of_host,api-node1,api-node2,1,0,1,42.386702,50.666254,42.386702,50.666254,100.000000,100.000000,14.000000,15.000000,3.000000,5.000000,14.000000,15.000000,64.008670,195.515153,69.877505,65.224242,3.000000
2026-05-10T08:42:36.525952431Z,0,per_hit,raw_percent_of_host,api-node1,api-node2,1,0,1,42.386702,50.666254,42.386702,50.666254,100.000000,100.000000,15.000000,17.000000,3.000000,5.000000,15.000000,17.000000,64.008670,195.515153,69.877505,65.224242,3.000000
2026-05-10T08:42:36.576257975Z,0,per_hit,raw_percent_of_host,api-node1,api-node2,1,0,1,42.386702,46.703899,42.386702,46.703899,100.000000,100.000000,16.000000,14.000000,3.000000,6.000000,16.000000,14.000000,64.008670,280.004617,69.877505,60.999769,3.000000
2026-05-10T08:42:36.625919691Z,0,per_hit,raw_percent_of_host,api-node1,api-node2,1,0,1,42.386702,46.703899,42.386702,46.703899,100.000000,100.000000,9.000000,14.000000,3.000000,6.000000,9.000000,14.000000,64.008670,280.004617,69.877505,60.999769,3.000000
2026-05-10T08:42:36.676186608Z,0,per_hit,raw_percent_of_host,api-node1,api-node2,1,0,1,42.386702,46.703899,42.386702,46.703899,100.000000,100.000000,7.000000,12.000000,3.000000,6.000000,7.000000,12.000000,64.008670,280.004617,69.877505,60.999769,3.000000
2026-05-10T08:42:36.725690412Z,0,per_hit,raw_percent_of_host,api-node1,api-node2,0,1,1,94.580351,46.703899,94.580351,46.703899,100.000000,100.000000,0.000000,12.000000,7.000000,6.000000,0.000000,12.000000,141.443250,280.004617,50.000000,60.999769,3.000000
2026-05-10T08:42:36.776079562Z,0,per_hit,raw_percent_of_host,api-node1,api-node2,0,1,1,94.580351,46.703899,94.580351,46.703899,100.000000,100.000000,0.000000,8.000000,7.000000,6.000000,0.000000,8.000000,141.443250,280.004617,50.000000,60.999769,3.000000
2026-05-10T08:42:36.826226017Z,0,per_hit,raw_percent_of_host,api-node1,api-node2,0,1,1,94.580351,46.703899,94.580351,46.703899,100.000000,100.000000,0.000000,8.000000,7.000000,6.000000,0.000000,8.000000,141.443250,280.004617,50.000000,60.999769,3.000000
2026-05-10T08:42:36.876237513Z,0,per_hit,raw_percent_of_host,api-node1,api-node2,0,1,1,94.580351,49.954950,94.580351,49.954950,100.000000,100.000000,1.000000,1.000000,7.000000,7.000000,1.000000,1.000000,141.443250,298.886693,49.930470,60.055665,3.000000
2026-05-10T08:42:36.926119238Z,0,per_hit,raw_percent_of_host,api-node1,api-node2,1,0,1,34.556841,49.954950,34.556841,49.954950,100.000000,100.000000,0.000000,1.000000,2.000000,7.000000,0.000000,1.000000,50.042861,298.886693,71.514209,60.055665,3.000000
2026-05-10T08:42:36.975280424Z,0,per_hit,raw_percent_of_host,api-node1,api-node2,0,1,1,14.889801,0.000000,14.889801,0.000000,100.000000,100.000000,1.000000,1.000000,1.000000,1.000000,1.000000,1.000000,50.125184,50.053131,74.944552,74.944561,3.000000
2026-05-10T08:42:37.025376967Z,0,per_hit,raw_percent_of_host,api-node1,api-node2,1,0,1,46.688052,99.467869,46.688052,99.467869,100.000000,100.000000,0.000000,2.000000,1.000000,2.000000,0.000000,2.000000,50.045163,50.053131,71.523429,49.889368,3.000000
2026-05-10T08:42:37.075918188Z,0,per_hit,raw_percent_of_host,api-node1,api-node2,1,0,1,39.656228,99.467869,39.656228,99.467869,100.000000,100.000000,5.000000,2.000000,2.000000,2.000000,5.000000,2.000000,50.045163,50.053131,70.177204,49.889368,3.000000
2026-05-10T08:42:37.126082805Z,0,per_hit,raw_percent_of_host,api-node1,api-node2,1,0,1,39.656228,99.467869,39.656228,99.467869,100.000000,100.000000,4.000000,2.000000,2.000000,2.000000,4.000000,2.000000,50.045163,50.053131,70.177204,49.889368,3.000000
2026-05-10T08:42:37.175856226Z,0,per_hit,raw_percent_of_host,api-node1,api-node2,0,1,1,85.160871,0.000000,85.160871,0.000000,100.000000,100.000000,2.000000,0.000000,2.000000,1.000000,2.000000,0.000000,50.049583,63.706730,49.881333,75.000000,3.000000
2026-05-10T08:42:37.225453332Z,0,per_hit,raw_percent_of_host,api-node1,api-node2,0,1,1,99.019278,0.000000,99.019278,0.000000,100.000000,100.000000,4.000000,5.000000,2.000000,1.000000,4.000000,5.000000,61.728915,63.706730,49.773894,74.716742,3.000000
2026-05-10T08:42:37.275903942Z,0,per_hit,raw_percent_of_host,api-node1,api-node2,0,1,1,99.019278,0.000000,99.019278,0.000000,100.000000,100.000000,5.000000,5.000000,2.000000,1.000000,5.000000,5.000000,61.728915,63.706730,49.718006,74.716742,3.000000
2026-05-10T08:42:37.325918258Z,0,per_hit,raw_percent_of_host,api-node1,api-node2,0,1,1,98.990593,0.000000,98.990593,0.000000,100.000000,100.000000,10.000000,9.000000,5.000000,1.000000,10.000000,9.000000,50.037224,63.706730,49.456478,74.494715,3.000000
2026-05-10T08:42:37.376098881Z,0,per_hit,raw_percent_of_host,api-node1,api-node2,0,1,1,98.990593,57.492480,98.990593,57.492480,100.000000,100.000000,13.000000,11.000000,5.000000,5.000000,13.000000,11.000000,50.037224,58.013106,49.298000,72.099345,3.000000
2026-05-10T08:42:37.426247787Z,0,per_hit,raw_percent_of_host,api-node1,api-node2,0,1,1,98.990593,57.492480,98.990593,57.492480,100.000000,100.000000,13.000000,11.000000,5.000000,5.000000,13.000000,11.000000,50.037224,58.013106,49.298000,72.099345,3.000000
2026-05-10T08:42:37.476126868Z,0,per_hit,raw_percent_of_host,api-node1,api-node2,0,1,1,98.990593,57.492480,98.990593,57.492480,100.000000,100.000000,13.000000,9.000000,5.000000,5.000000,13.000000,9.000000,50.037224,58.013106,49.298000,72.099345,3.000000
2026-05-10T08:42:37.526151134Z,0,per_hit,raw_percent_of_host,api-node1,api-node2,0,1,1,98.990593,57.492480,98.990593,57.492480,100.000000,100.000000,14.000000,12.000000,5.000000,5.000000,14.000000,12.000000,50.037224,58.013106,49.245629,72.099345,3.000000
2026-05-10T08:42:37.575678971Z,0,per_hit,raw_percent_of_host,api-node1,api-node2,0,1,1,99.041493,57.492480,99.041493,57.492480,100.000000,100.000000,14.000000,10.000000,12.000000,5.000000,14.000000,10.000000,161.441551,58.013106,49.007257,72.099345,3.000000
2026-05-10T08:42:37.625441892Z,0,per_hit,raw_percent_of_host,api-node1,api-node2,0,1,1,99.041493,57.492480,99.041493,57.492480,100.000000,100.000000,6.000000,10.000000,12.000000,5.000000,6.000000,10.000000,161.441551,58.013106,49.564660,72.099345,3.000000
2026-05-10T08:42:37.675453914Z,0,per_hit,raw_percent_of_host,api-node1,api-node2,0,1,1,99.041493,57.492480,99.041493,57.492480,100.000000,100.000000,0.000000,10.000000,12.000000,5.000000,0.000000,10.000000,161.441551,58.013106,50.000000,72.099345,3.000000
2026-05-10T08:42:37.72561084Z,0,per_hit,raw_percent_of_host,api-node1,api-node2,0,1,1,99.041493,57.492480,99.041493,57.492480,100.000000,100.000000,0.000000,10.000000,12.000000,5.000000,0.000000,10.000000,161.441551,58.013106,50.000000,72.099345,3.000000
2026-05-10T08:42:37.775767518Z,0,per_hit,raw_percent_of_host,api-node1,api-node2,1,0,1,44.872575,76.371504,44.872575,76.371504,100.000000,100.000000,0.000000,2.000000,1.000000,6.000000,0.000000,2.000000,50.046632,238.965918,71.253328,49.809911,3.000000
2026-05-10T08:42:37.825304358Z,0,per_hit,raw_percent_of_host,api-node1,api-node2,1,0,1,0.000000,76.371504,0.000000,76.371504,100.000000,100.000000,0.000000,2.000000,1.000000,6.000000,0.000000,2.000000,50.046632,238.965918,75.000000,49.809911,3.000000
2026-05-10T08:42:37.87608733Z,0,per_hit,raw_percent_of_host,api-node1,api-node2,0,1,1,26.754883,0.000000,26.754883,0.000000,100.000000,100.000000,1.000000,0.000000,2.000000,1.000000,1.000000,0.000000,50.046632,80.354010,73.680603,75.000000,3.000000
2026-05-10T08:42:37.976025217Z,0,per_hit,raw_percent_of_host,api-node1,api-node2,1,0,1,0.000000,40.357772,0.000000,40.357772,100.000000,100.000000,1.000000,1.000000,1.000000,2.000000,1.000000,1.000000,50.047950,80.354010,74.944562,68.298264,3.000000
2026-05-10T08:42:38.025338142Z,0,per_hit,raw_percent_of_host,api-node1,api-node2,0,1,1,78.346207,40.357772,78.346207,40.357772,100.000000,100.000000,2.000000,0.000000,2.000000,2.000000,2.000000,0.000000,50.047950,80.354010,49.837541,68.298264,3.000000
2026-05-10T08:42:38.075531781Z,0,per_hit,raw_percent_of_host,api-node1,api-node2,0,1,1,78.346207,48.959070,78.346207,48.959070,100.000000,100.000000,4.000000,3.000000,2.000000,2.000000,4.000000,3.000000,50.047950,50.142999,49.677180,71.805490,3.000000
2026-05-10T08:42:38.126146533Z,0,per_hit,raw_percent_of_host,api-node1,api-node2,0,1,1,98.928103,48.959070,98.928103,48.959070,100.000000,100.000000,2.000000,3.000000,4.000000,2.000000,2.000000,3.000000,50.038763,50.142999,49.889371,71.805490,3.000000
2026-05-10T08:42:38.175736105Z,0,per_hit,raw_percent_of_host,api-node1,api-node2,0,1,1,99.219870,64.906504,99.219870,64.906504,100.000000,100.000000,0.000000,2.000000,2.000000,4.000000,0.000000,2.000000,50.032183,50.142999,50.000000,69.897074,3.000000
2026-05-10T08:42:38.226004561Z,0,per_hit,raw_percent_of_host,api-node1,api-node2,1,0,1,0.000000,64.906504,0.000000,64.906504,100.000000,100.000000,5.000000,7.000000,1.000000,4.000000,5.000000,7.000000,50.017644,50.142999,74.725264,69.369152,3.000000
2026-05-10T08:42:38.275433157Z,0,per_hit,raw_percent_of_host,api-node1,api-node2,1,0,1,0.000000,64.906504,0.000000,64.906504,100.000000,100.000000,5.000000,7.000000,1.000000,4.000000,5.000000,7.000000,50.017644,50.142999,74.725264,69.369152,3.000000
2026-05-10T08:42:38.326240183Z,0,per_hit,raw_percent_of_host,api-node1,api-node2,1,0,1,0.000000,64.906504,0.000000,64.906504,100.000000,100.000000,11.000000,9.000000,1.000000,4.000000,11.000000,9.000000,50.017644,50.142999,74.403448,69.161444,3.000000
2026-05-10T08:42:38.376085111Z,0,per_hit,raw_percent_of_host,api-node1,api-node2,1,0,1,0.000000,64.906504,0.000000,64.906504,100.000000,100.000000,16.000000,11.000000,1.000000,4.000000,16.000000,11.000000,50.017644,50.142999,74.141598,68.955671,3.000000
2026-05-10T08:42:38.425847468Z,0,per_hit,raw_percent_of_host,api-node1,api-node2,1,0,1,0.000000,64.906504,0.000000,64.906504,100.000000,100.000000,16.000000,11.000000,1.000000,4.000000,16.000000,11.000000,50.017644,50.142999,74.141598,68.955671,3.000000
2026-05-10T08:42:38.475761461Z,0,per_hit,raw_percent_of_host,api-node1,api-node2,1,0,1,0.000000,54.301297,0.000000,54.301297,100.000000,100.000000,15.000000,8.000000,1.000000,6.000000,15.000000,8.000000,50.017644,74.899446,74.193518,71.205620,3.000000
2026-05-10T08:42:38.525425106Z,0,per_hit,raw_percent_of_host,api-node1,api-node2,1,0,1,0.000000,54.301297,0.000000,54.301297,100.000000,100.000000,16.000000,11.000000,1.000000,6.000000,16.000000,11.000000,50.017644,74.899446,74.141598,71.205620,3.000000
2026-05-10T08:42:38.575261559Z,0,per_hit,raw_percent_of_host,api-node1,api-node2,1,0,1,0.000000,54.301297,0.000000,54.301297,100.000000,100.000000,15.000000,10.000000,1.000000,6.000000,15.000000,10.000000,50.017644,74.899446,74.193518,71.205620,3.000000
2026-05-10T08:42:38.625422463Z,0,per_hit,raw_percent_of_host,api-node1,api-node2,1,0,1,0.000000,54.301297,0.000000,54.301297,100.000000,100.000000,15.000000,10.000000,1.000000,6.000000,15.000000,10.000000,50.017644,74.899446,74.193518,71.205620,3.000000
2026-05-10T08:42:38.675237726Z,0,per_hit,raw_percent_of_host,api-node1,api-node2,0,1,1,92.669148,52.980800,92.669148,52.980800,100.000000,100.000000,1.000000,6.000000,9.000000,7.000000,1.000000,6.000000,182.588852,200.655574,49.921485,64.967221,3.000000
2026-05-10T08:42:38.72598216Z,0,per_hit,raw_percent_of_host,api-node1,api-node2,0,1,1,97.664624,52.980800,97.664624,52.980800,100.000000,100.000000,0.000000,6.000000,1.000000,7.000000,0.000000,6.000000,50.071609,200.655574,50.000000,64.967221,3.000000
2026-05-10T08:42:38.875758816Z,0,per_hit,raw_percent_of_host,api-node1,api-node2,0,1,1,0.000000,0.000000,0.000000,0.000000,100.000000,100.000000,1.000000,0.000000,1.000000,1.000000,1.000000,0.000000,50.071609,82.750671,74.944559,75.000000,3.000000
2026-05-10T08:42:38.976009888Z,0,per_hit,raw_percent_of_host,api-node1,api-node2,1,0,1,0.000000,19.416999,0.000000,19.416999,100.000000,100.000000,1.000000,1.000000,1.000000,2.000000,1.000000,1.000000,50.054777,82.750671,74.944561,74.940227,3.000000
2026-05-10T08:42:39.025670865Z,0,per_hit,raw_percent_of_host,api-node1,api-node2,1,0,1,69.126233,84.130528,69.126233,84.130528,100.000000,100.000000,2.000000,0.000000,2.000000,1.000000,2.000000,0.000000,50.054777,50.076170,63.846412,50.000000,3.000000
2026-05-10T08:42:39.075701391Z,0,per_hit,raw_percent_of_host,api-node1,api-node2,0,1,1,69.126233,17.746296,69.126233,17.746296,100.000000,100.000000,4.000000,3.000000,2.000000,2.000000,4.000000,3.000000,50.054777,50.076170,63.625628,74.834409,3.000000
2026-05-10T08:42:39.125452885Z,0,per_hit,raw_percent_of_host,api-node1,api-node2,0,1,1,98.893795,17.746296,98.893795,17.746296,100.000000,100.000000,2.000000,2.000000,4.000000,2.000000,2.000000,2.000000,50.103433,50.076170,49.889355,74.889362,3.000000
2026-05-10T08:42:39.175539398Z,0,per_hit,raw_percent_of_host,api-node1,api-node2,1,0,1,0.000000,71.298533,0.000000,71.298533,100.000000,100.000000,0.000000,1.000000,1.000000,2.000000,0.000000,1.000000,50.542207,68.666989,75.000000,59.784594,3.000000
2026-05-10T08:42:39.225412696Z,0,per_hit,raw_percent_of_host,api-node1,api-node2,1,0,1,0.000000,69.287966,0.000000,69.287966,100.000000,100.000000,6.000000,5.000000,1.000000,2.000000,6.000000,5.000000,50.542207,50.059565,74.670661,63.235354,3.000000
2026-05-10T08:42:39.27528261Z,0,per_hit,raw_percent_of_host,api-node1,api-node2,1,0,1,17.283249,57.632956,17.283249,57.632956,100.000000,100.000000,6.000000,4.000000,2.000000,3.000000,6.000000,4.000000,50.542207,60.384790,74.670661,71.980761,3.000000
2026-05-10T08:42:39.325227899Z,0,per_hit,raw_percent_of_host,api-node1,api-node2,1,0,1,17.283249,57.632956,17.283249,57.632956,100.000000,100.000000,14.000000,7.000000,2.000000,3.000000,14.000000,7.000000,50.542207,60.384790,74.244807,71.980761,3.000000
2026-05-10T08:42:39.375775151Z,0,per_hit,raw_percent_of_host,api-node1,api-node2,0,1,1,99.000587,24.886920,99.000587,24.886920,100.000000,100.000000,17.000000,6.000000,4.000000,2.000000,17.000000,6.000000,60.870270,99.941720,49.068248,74.630595,3.000000
2026-05-10T08:42:39.42543585Z,0,per_hit,raw_percent_of_host,api-node1,api-node2,0,1,1,99.000587,24.886920,99.000587,24.886920,100.000000,100.000000,16.000000,6.000000,4.000000,2.000000,16.000000,6.000000,60.870270,99.941720,49.121130,74.630595,3.000000
2026-05-10T08:42:39.476178547Z,0,per_hit,raw_percent_of_host,api-node1,api-node2,0,1,1,99.000587,24.886920,99.000587,24.886920,100.000000,100.000000,16.000000,5.000000,4.000000,2.000000,16.000000,5.000000,60.870270,99.941720,49.121130,74.691402,3.000000
2026-05-10T08:42:39.526223017Z,0,per_hit,raw_percent_of_host,api-node1,api-node2,0,1,1,99.000587,24.886920,99.000587,24.886920,100.000000,100.000000,19.000000,6.000000,4.000000,2.000000,19.000000,6.000000,60.870270,99.941720,48.963176,74.630595,3.000000
2026-05-10T08:42:39.575684362Z,0,per_hit,raw_percent_of_host,api-node1,api-node2,0,1,1,99.000587,55.152197,99.000587,55.152197,100.000000,100.000000,19.000000,2.000000,4.000000,5.000000,19.000000,2.000000,60.870270,198.213720,48.963176,65.089314,3.000000
2026-05-10T08:42:39.625943886Z,0,per_hit,raw_percent_of_host,api-node1,api-node2,0,1,1,99.000587,55.152197,99.000587,55.152197,100.000000,100.000000,19.000000,2.000000,4.000000,5.000000,19.000000,2.000000,60.870270,198.213720,48.963176,65.089314,3.000000
2026-05-10T08:42:39.675527824Z,0,per_hit,raw_percent_of_host,api-node1,api-node2,0,1,1,97.033045,55.152197,97.033045,55.152197,100.000000,100.000000,16.000000,0.000000,14.000000,5.000000,16.000000,0.000000,288.486883,198.213720,48.686315,65.089314,3.000000
2026-05-10T08:42:39.725980082Z,0,per_hit,raw_percent_of_host,api-node1,api-node2,0,1,1,97.033045,22.221707,97.033045,22.221707,100.000000,100.000000,11.000000,0.000000,14.000000,1.000000,11.000000,0.000000,288.486883,78.317572,49.081763,75.000000,3.000000
2026-05-10T08:42:39.826194378Z,0,per_hit,raw_percent_of_host,api-node1,api-node2,1,0,1,0.000000,0.000000,0.000000,0.000000,100.000000,100.000000,0.000000,1.000000,1.000000,1.000000,0.000000,1.000000,50.043251,78.317572,75.000000,74.940854,3.000000
2026-05-10T08:42:39.876179824Z,0,per_hit,raw_percent_of_host,api-node1,api-node2,0,1,1,37.756477,0.000000,37.756477,0.000000,100.000000,100.000000,1.000000,1.000000,2.000000,1.000000,1.000000,1.000000,50.043251,78.317572,70.757806,74.940854,3.000000
2026-05-10T08:42:39.975677394Z,0,per_hit,raw_percent_of_host,api-node1,api-node2,0,1,1,34.082338,0.000000,34.082338,0.000000,100.000000,100.000000,1.000000,1.000000,2.000000,1.000000,1.000000,1.000000,50.072382,50.077490,71.602273,74.944558,3.000000
2026-05-10T08:42:40.025847592Z,0,per_hit,raw_percent_of_host,api-node1,api-node2,1,0,1,72.237334,76.563570,72.237334,76.563570,100.000000,100.000000,2.000000,1.000000,1.000000,2.000000,2.000000,1.000000,50.050014,50.077490,57.556665,49.909767,3.000000
2026-05-10T08:42:40.07552037Z,0,per_hit,raw_percent_of_host,api-node1,api-node2,1,0,1,72.237334,76.563570,72.237334,76.563570,100.000000,100.000000,4.000000,3.000000,1.000000,2.000000,4.000000,3.000000,50.050014,50.077490,57.339652,49.731240,3.000000
2026-05-10T08:42:40.125306899Z,0,per_hit,raw_percent_of_host,api-node1,api-node2,1,0,1,86.829921,76.563570,86.829921,76.563570,100.000000,100.000000,2.000000,3.000000,4.000000,2.000000,2.000000,3.000000,50.050014,50.077490,49.888682,49.731240,3.000000
2026-05-10T08:42:40.175470246Z,0,per_hit,raw_percent_of_host,api-node1,api-node2,1,0,1,0.000000,43.440237,0.000000,43.440237,100.000000,100.000000,0.000000,1.000000,1.000000,1.000000,0.000000,1.000000,50.023949,50.067613,75.000000,71.007362,3.000000
2026-05-10T08:42:40.225993748Z,0,per_hit,raw_percent_of_host,api-node1,api-node2,1,0,1,28.117678,66.634367,28.117678,66.634367,100.000000,100.000000,6.000000,5.000000,1.000000,2.000000,6.000000,5.000000,50.023949,50.067613,72.690809,67.357730,3.000000
2026-05-10T08:42:40.275743679Z,0,per_hit,raw_percent_of_host,api-node1,api-node2,1,0,1,28.117678,66.634367,28.117678,66.634367,100.000000,100.000000,7.000000,4.000000,1.000000,2.000000,7.000000,4.000000,50.023949,50.067613,72.690809,67.465393,3.000000
2026-05-10T08:42:40.326086748Z,0,per_hit,raw_percent_of_host,api-node1,api-node2,1,0,1,28.117678,66.634367,28.117678,66.634367,100.000000,100.000000,12.000000,9.000000,1.000000,2.000000,12.000000,9.000000,50.023949,50.067613,72.690809,66.932480,3.000000
2026-05-10T08:42:40.3755748Z,0,per_hit,raw_percent_of_host,api-node1,api-node2,1,0,1,28.117678,66.634367,28.117678,66.634367,100.000000,100.000000,16.000000,14.000000,1.000000,2.000000,16.000000,14.000000,50.023949,50.067613,72.690809,66.412777,3.000000
2026-05-10T08:42:40.425623528Z,0,per_hit,raw_percent_of_host,api-node1,api-node2,1,0,1,28.117678,53.828624,28.117678,53.828624,100.000000,100.000000,10.000000,11.000000,1.000000,5.000000,10.000000,11.000000,50.023949,63.019592,72.690809,71.682181,3.000000
2026-05-10T08:42:40.47546425Z,0,per_hit,raw_percent_of_host,api-node1,api-node2,1,0,1,28.117678,37.315102,28.117678,37.315102,100.000000,100.000000,10.000000,9.000000,1.000000,1.000000,10.000000,9.000000,50.023949,78.517409,72.690809,69.091378,3.000000
2026-05-10T08:42:40.52536666Z,0,per_hit,raw_percent_of_host,api-node1,api-node2,1,0,1,28.117678,37.315102,28.117678,37.315102,100.000000,100.000000,11.000000,11.000000,1.000000,1.000000,11.000000,11.000000,50.023949,78.517409,72.690809,69.091378,3.000000
2026-05-10T08:42:40.575785956Z,0,per_hit,raw_percent_of_host,api-node1,api-node2,0,1,1,94.862602,37.315102,94.862602,37.315102,100.000000,100.000000,6.000000,10.000000,10.000000,1.000000,6.000000,10.000000,231.459123,78.517409,49.453633,69.091378,3.000000
2026-05-10T08:42:40.626256198Z,0,per_hit,raw_percent_of_host,api-node1,api-node2,0,1,1,94.862602,37.315102,94.862602,37.315102,100.000000,100.000000,4.000000,10.000000,10.000000,1.000000,4.000000,10.000000,231.459123,78.517409,49.633083,69.091378,3.000000
2026-05-10T08:42:40.676177965Z,0,per_hit,raw_percent_of_host,api-node1,api-node2,0,1,1,82.239338,37.315102,82.239338,37.315102,100.000000,100.000000,0.000000,9.000000,3.000000,1.000000,0.000000,9.000000,81.146428,78.517409,50.000000,69.091378,3.000000
2026-05-10T08:42:40.725282326Z,0,per_hit,raw_percent_of_host,api-node1,api-node2,0,1,1,82.239338,37.315102,82.239338,37.315102,100.000000,100.000000,0.000000,9.000000,3.000000,1.000000,0.000000,9.000000,81.146428,78.517409,50.000000,69.091378,3.000000
2026-05-10T08:42:40.775573123Z,0,per_hit,raw_percent_of_host,api-node1,api-node2,0,1,1,82.239338,55.770058,82.239338,55.770058,100.000000,100.000000,0.000000,2.000000,3.000000,5.000000,0.000000,2.000000,81.146428,220.762672,50.000000,63.961866,3.000000
2026-05-10T08:42:40.825979415Z,0,per_hit,raw_percent_of_host,api-node1,api-node2,1,0,1,18.631221,55.770058,18.631221,55.770058,100.000000,100.000000,1.000000,2.000000,1.000000,5.000000,1.000000,2.000000,50.099532,220.762672,74.944555,63.961866,3.000000
2026-05-10T08:42:40.875468526Z,0,per_hit,raw_percent_of_host,api-node1,api-node2,0,1,1,18.631221,0.000000,18.631221,0.000000,100.000000,100.000000,2.000000,0.000000,1.000000,1.000000,2.000000,0.000000,50.099532,79.615316,74.889356,75.000000,3.000000
2026-05-10T08:42:40.975766092Z,0,per_hit,raw_percent_of_host,api-node1,api-node2,0,1,1,26.427563,0.000000,26.427563,0.000000,100.000000,100.000000,2.000000,0.000000,2.000000,1.000000,2.000000,0.000000,50.045187,79.615316,73.916030,75.000000,3.000000
2026-05-10T08:42:41.025616586Z,0,per_hit,raw_percent_of_host,api-node1,api-node2,0,1,1,26.427563,0.000000,26.427563,0.000000,100.000000,100.000000,1.000000,1.000000,2.000000,1.000000,1.000000,1.000000,50.045187,79.615316,73.916030,74.940672,3.000000
2026-05-10T08:42:41.076074439Z,0,per_hit,raw_percent_of_host,api-node1,api-node2,0,1,1,82.481791,0.000000,82.481791,0.000000,100.000000,100.000000,5.000000,2.000000,2.000000,1.000000,5.000000,2.000000,55.060036,79.615316,49.670790,74.881624,3.000000
2026-05-10T08:42:41.125687456Z,0,per_hit,raw_percent_of_host,api-node1,api-node2,0,1,1,99.086480,0.000000,99.086480,0.000000,100.000000,100.000000,3.000000,2.000000,4.000000,1.000000,3.000000,2.000000,53.541090,79.615316,49.833133,74.881624,3.000000
2026-05-10T08:42:41.175749646Z,0,per_hit,raw_percent_of_host,api-node1,api-node2,0,1,1,79.148804,0.000000,79.148804,0.000000,100.000000,100.000000,2.000000,0.000000,2.000000,1.000000,2.000000,0.000000,50.041467,61.085426,49.844308,75.000000,3.000000
2026-05-10T08:42:41.22567987Z,0,per_hit,raw_percent_of_host,api-node1,api-node2,0,1,1,98.900846,0.000000,98.900846,0.000000,100.000000,100.000000,4.000000,5.000000,2.000000,1.000000,4.000000,5.000000,69.828390,61.085426,49.769676,74.718414,3.000000
2026-05-10T08:42:41.275639408Z,0,per_hit,raw_percent_of_host,api-node1,api-node2,0,1,1,98.900846,0.000000,98.900846,0.000000,100.000000,100.000000,4.000000,6.000000,2.000000,1.000000,4.000000,6.000000,69.828390,61.085426,49.769676,74.662857,3.000000
2026-05-10T08:42:41.326157661Z,0,per_hit,raw_percent_of_host,api-node1,api-node2,0,1,1,99.174254,0.000000,99.174254,0.000000,100.000000,100.000000,6.000000,11.000000,5.000000,1.000000,6.000000,11.000000,50.032640,61.085426,49.671029,74.388773,3.000000
2026-05-10T08:42:41.375847178Z,0,per_hit,raw_percent_of_host,api-node1,api-node2,0,1,1,99.174254,51.799972,99.174254,51.799972,100.000000,100.000000,10.000000,16.000000,5.000000,4.000000,10.000000,16.000000,50.032640,50.062602,49.456483,72.109011,3.000000
2026-05-10T08:42:41.426139857Z,0,per_hit,raw_percent_of_host,api-node1,api-node2,0,1,1,99.174254,51.799972,99.174254,51.799972,100.000000,100.000000,8.000000,16.000000,5.000000,4.000000,8.000000,16.000000,50.032640,50.062602,49.563288,72.109011,3.000000
2026-05-10T08:42:41.475454677Z,0,per_hit,raw_percent_of_host,api-node1,api-node2,0,1,1,99.174254,51.799972,99.174254,51.799972,100.000000,100.000000,7.000000,14.000000,5.000000,4.000000,7.000000,14.000000,50.032640,50.062602,49.617040,72.109011,3.000000
2026-05-10T08:42:41.525904207Z,0,per_hit,raw_percent_of_host,api-node1,api-node2,0,1,1,100.000000,51.799972,100.000000,51.799972,100.000000,100.000000,4.000000,15.000000,7.000000,4.000000,4.000000,15.000000,50.067574,50.062602,49.779703,72.109011,3.000000
2026-05-10T08:42:41.575323105Z,0,per_hit,raw_percent_of_host,api-node1,api-node2,0,1,1,100.000000,51.799972,100.000000,51.799972,100.000000,100.000000,3.000000,15.000000,7.000000,4.000000,3.000000,15.000000,50.067574,50.062602,49.834412,72.109011,3.000000
2026-05-10T08:42:41.625368167Z,0,per_hit,raw_percent_of_host,api-node1,api-node2,0,1,1,100.000000,51.799972,100.000000,51.799972,100.000000,100.000000,0.000000,15.000000,7.000000,4.000000,0.000000,15.000000,50.067574,50.062602,50.000000,72.109011,3.000000
2026-05-10T08:42:41.675457834Z,0,per_hit,raw_percent_of_host,api-node1,api-node2,0,1,1,100.000000,51.799972,100.000000,51.799972,100.000000,100.000000,0.000000,12.000000,7.000000,4.000000,0.000000,12.000000,50.067574,50.062602,50.000000,72.109011,3.000000
2026-05-10T08:42:41.725626598Z,0,per_hit,raw_percent_of_host,api-node1,api-node2,0,1,1,100.000000,51.799972,100.000000,51.799972,100.000000,100.000000,0.000000,12.000000,7.000000,4.000000,0.000000,12.000000,50.067574,50.062602,50.000000,72.109011,3.000000
2026-05-10T08:42:41.775371725Z,0,per_hit,raw_percent_of_host,api-node1,api-node2,0,1,1,100.000000,52.362588,100.000000,52.362588,100.000000,100.000000,0.000000,9.000000,7.000000,9.000000,0.000000,9.000000,50.067574,399.094557,50.000000,55.129399,3.000000
2026-05-10T08:42:41.825466254Z,0,per_hit,raw_percent_of_host,api-node1,api-node2,1,0,1,41.636239,52.362588,41.636239,52.362588,100.000000,100.000000,1.000000,9.000000,1.000000,9.000000,1.000000,9.000000,50.042493,399.094557,70.651550,55.129399,3.000000
2026-05-10T08:42:41.87524582Z,0,per_hit,raw_percent_of_host,api-node1,api-node2,1,0,1,60.498221,36.743424,60.498221,36.743424,100.000000,100.000000,0.000000,2.000000,1.000000,2.000000,0.000000,2.000000,50.043615,100.592590,72.497819,68.123738,3.000000
2026-05-10T08:42:41.925395993Z,0,per_hit,raw_percent_of_host,api-node1,api-node2,1,0,1,60.498221,36.743424,60.498221,36.743424,100.000000,100.000000,0.000000,2.000000,1.000000,2.000000,0.000000,2.000000,50.043615,100.592590,72.497819,68.123738,3.000000
2026-05-10T08:42:41.975996424Z,0,per_hit,raw_percent_of_host,api-node1,api-node2,1,0,1,0.000000,0.000000,0.000000,0.000000,100.000000,100.000000,1.000000,1.000000,1.000000,1.000000,1.000000,1.000000,50.043615,61.237915,74.944562,74.943151,3.000000
2026-05-10T08:42:42.025386009Z,0,per_hit,raw_percent_of_host,api-node1,api-node2,1,0,1,0.000000,99.400938,0.000000,99.400938,100.000000,100.000000,2.000000,1.000000,1.000000,2.000000,2.000000,1.000000,50.043615,61.237915,74.889370,49.943151,3.000000
2026-05-10T08:42:42.075374611Z,0,per_hit,raw_percent_of_host,api-node1,api-node2,0,1,1,100.000000,27.710484,100.000000,27.710484,100.000000,100.000000,4.000000,3.000000,2.000000,2.000000,4.000000,3.000000,50.048881,61.237915,49.779712,72.972641,3.000000
2026-05-10T08:42:42.125861612Z,0,per_hit,raw_percent_of_host,api-node1,api-node2,0,1,1,100.000000,27.710484,100.000000,27.710484,100.000000,100.000000,2.000000,3.000000,2.000000,2.000000,2.000000,3.000000,50.048881,61.237915,49.889369,72.972641,3.000000
2026-05-10T08:42:42.176262537Z,0,per_hit,raw_percent_of_host,api-node1,api-node2,1,0,1,98.684737,98.511212,98.684737,98.511212,100.000000,100.000000,0.000000,2.000000,2.000000,2.000000,0.000000,2.000000,50.589780,101.850131,50.000000,49.875047,3.000000
2026-05-10T08:42:42.225257384Z,0,per_hit,raw_percent_of_host,api-node1,api-node2,1,0,1,25.350023,98.511212,25.350023,98.511212,100.000000,100.000000,2.000000,10.000000,1.000000,2.000000,2.000000,10.000000,50.066406,101.850131,74.725217,49.387480,3.000000
2026-05-10T08:42:42.275554871Z,0,per_hit,raw_percent_of_host,api-node1,api-node2,1,0,1,25.350023,98.511212,25.350023,98.511212,100.000000,100.000000,2.000000,8.000000,1.000000,2.000000,2.000000,8.000000,50.066406,101.850131,74.725217,49.507571,3.000000
2026-05-10T08:42:42.325537029Z,0,per_hit,raw_percent_of_host,api-node1,api-node2,1,0,1,25.350023,98.511212,25.350023,98.511212,100.000000,100.000000,8.000000,11.000000,1.000000,2.000000,8.000000,11.000000,50.066406,101.850131,74.563255,49.327875,3.000000
2026-05-10T08:42:42.375542043Z,0,per_hit,raw_percent_of_host,api-node1,api-node2,1,0,1,25.350023,50.004205,25.350023,50.004205,100.000000,100.000000,11.000000,14.000000,1.000000,5.000000,11.000000,14.000000,50.066406,59.543162,74.403385,71.428091,3.000000
2026-05-10T08:42:42.425699614Z,0,per_hit,raw_percent_of_host,api-node1,api-node2,1,0,1,25.350023,50.004205,25.350023,50.004205,100.000000,100.000000,11.000000,14.000000,1.000000,5.000000,11.000000,14.000000,50.066406,59.543162,74.403385,71.428091,3.000000
2026-05-10T08:42:42.475526007Z,0,per_hit,raw_percent_of_host,api-node1,api-node2,1,0,1,25.350023,50.004205,25.350023,50.004205,100.000000,100.000000,11.000000,12.000000,1.000000,5.000000,11.000000,12.000000,50.066406,59.543162,74.403385,71.428091,3.000000
2026-05-10T08:42:42.525847673Z,0,per_hit,raw_percent_of_host,api-node1,api-node2,1,0,1,25.350023,50.004205,25.350023,50.004205,100.000000,100.000000,11.000000,15.000000,1.000000,5.000000,11.000000,15.000000,50.066406,59.543162,74.403385,71.428091,3.000000
2026-05-10T08:42:42.575542316Z,0,per_hit,raw_percent_of_host,api-node1,api-node2,1,0,1,25.350023,50.004205,25.350023,50.004205,100.000000,100.000000,11.000000,14.000000,1.000000,5.000000,11.000000,14.000000,50.066406,59.543162,74.403385,71.428091,3.000000
2026-05-10T08:42:42.625941919Z,0,per_hit,raw_percent_of_host,api-node1,api-node2,0,1,1,90.991550,50.004205,90.991550,50.004205,100.000000,100.000000,0.000000,13.000000,11.000000,5.000000,0.000000,13.000000,221.918058,59.543162,50.000000,71.428091,3.000000
2026-05-10T08:42:42.676231808Z,0,per_hit,raw_percent_of_host,api-node1,api-node2,0,1,1,90.991550,50.004205,90.991550,50.004205,100.000000,100.000000,0.000000,13.000000,11.000000,5.000000,0.000000,13.000000,221.918058,59.543162,50.000000,71.428091,3.000000
2026-05-10T08:42:42.72539806Z,0,per_hit,raw_percent_of_host,api-node1,api-node2,0,1,1,90.991550,50.004205,90.991550,50.004205,100.000000,100.000000,0.000000,13.000000,11.000000,5.000000,0.000000,13.000000,221.918058,59.543162,50.000000,71.428091,3.000000
2026-05-10T08:42:42.775771631Z,0,per_hit,raw_percent_of_host,api-node1,api-node2,1,0,1,17.350856,47.164308,17.350856,47.164308,100.000000,100.000000,0.000000,8.000000,1.000000,9.000000,0.000000,8.000000,50.046570,59.182919,75.000000,71.063038,3.000000
2026-05-10T08:42:42.826139047Z,0,per_hit,raw_percent_of_host,api-node1,api-node2,1,0,1,17.350856,47.164308,17.350856,47.164308,100.000000,100.000000,0.000000,9.000000,1.000000,9.000000,0.000000,9.000000,50.046570,59.182919,75.000000,71.063038,3.000000
2026-05-10T08:42:42.876097088Z,0,per_hit,raw_percent_of_host,api-node1,api-node2,1,0,1,0.000000,49.791241,0.000000,49.791241,100.000000,100.000000,0.000000,3.000000,1.000000,4.000000,0.000000,3.000000,50.046570,118.487509,75.000000,68.732784,3.000000
2026-05-10T08:42:42.926262579Z,0,per_hit,raw_percent_of_host,api-node1,api-node2,1,0,1,0.000000,49.791241,0.000000,49.791241,100.000000,100.000000,0.000000,3.000000,1.000000,4.000000,0.000000,3.000000,50.046570,118.487509,75.000000,68.732784,3.000000
2026-05-10T08:42:42.975857311Z,0,per_hit,raw_percent_of_host,api-node1,api-node2,1,0,1,19.310083,50.241856,19.310083,50.241856,100.000000,100.000000,2.000000,1.000000,2.000000,2.000000,2.000000,1.000000,50.046570,97.844723,74.889369,69.664288,3.000000
2026-05-10T08:42:43.025746047Z,0,per_hit,raw_percent_of_host,api-node1,api-node2,1,0,1,19.310083,50.241856,19.310083,50.241856,100.000000,100.000000,1.000000,2.000000,2.000000,2.000000,1.000000,2.000000,50.046570,97.844723,74.944562,69.664288,3.000000
2026-05-10T08:42:43.075848339Z,0,per_hit,raw_percent_of_host,api-node1,api-node2,0,1,1,87.985630,50.304411,87.985630,50.304411,100.000000,100.000000,3.000000,4.000000,2.000000,1.000000,3.000000,4.000000,50.045498,50.216733,49.834420,71.950709,3.000000
2026-05-10T08:42:43.125259454Z,0,per_hit,raw_percent_of_host,api-node1,api-node2,0,1,1,87.985630,50.304411,87.985630,50.304411,100.000000,100.000000,1.000000,4.000000,2.000000,1.000000,1.000000,4.000000,50.045498,50.216733,49.944562,71.950709,3.000000
2026-05-10T08:42:43.175847303Z,0,per_hit,raw_percent_of_host,api-node1,api-node2,0,1,1,87.985630,58.470838,87.985630,58.470838,100.000000,100.000000,1.000000,2.000000,2.000000,4.000000,1.000000,2.000000,50.045498,50.216733,49.944562,72.489163,3.000000
2026-05-10T08:42:43.22575859Z,0,per_hit,raw_percent_of_host,api-node1,api-node2,0,1,1,74.156915,58.470838,74.156915,58.470838,100.000000,100.000000,3.000000,8.000000,2.000000,4.000000,3.000000,8.000000,50.057989,50.216733,52.350000,72.489163,3.000000
2026-05-10T08:42:43.275330334Z,0,per_hit,raw_percent_of_host,api-node1,api-node2,0,1,1,74.156915,58.470838,74.156915,58.470838,100.000000,100.000000,5.000000,6.000000,2.000000,4.000000,5.000000,6.000000,50.057989,50.216733,52.146693,72.489163,3.000000
2026-05-10T08:42:43.325350608Z,0,per_hit,raw_percent_of_host,api-node1,api-node2,0,1,1,74.156915,58.470838,74.156915,58.470838,100.000000,100.000000,5.000000,12.000000,2.000000,4.000000,5.000000,12.000000,50.057989,50.216733,52.146693,72.489163,3.000000
2026-05-10T08:42:43.376242038Z,0,per_hit,raw_percent_of_host,api-node1,api-node2,0,1,1,74.156915,49.960128,74.156915,49.960128,100.000000,100.000000,8.000000,15.000000,2.000000,4.000000,8.000000,15.000000,50.057989,59.471282,51.847338,71.426387,3.000000
2026-05-10T08:42:43.425531315Z,0,per_hit,raw_percent_of_host,api-node1,api-node2,0,1,1,74.156915,49.960128,74.156915,49.960128,100.000000,100.000000,7.000000,15.000000,2.000000,4.000000,7.000000,15.000000,50.057989,59.471282,51.946387,71.426387,3.000000
2026-05-10T08:42:43.476087015Z,0,per_hit,raw_percent_of_host,api-node1,api-node2,0,1,1,98.083657,49.960128,98.083657,49.960128,100.000000,100.000000,7.000000,12.000000,6.000000,4.000000,7.000000,12.000000,103.201513,59.471282,49.566616,71.426387,3.000000
2026-05-10T08:42:43.52621501Z,0,per_hit,raw_percent_of_host,api-node1,api-node2,0,1,1,98.083657,49.960128,98.083657,49.960128,100.000000,100.000000,3.000000,14.000000,6.000000,4.000000,3.000000,14.000000,103.201513,59.471282,49.812405,71.426387,3.000000
2026-05-10T08:42:43.575600196Z,0,per_hit,raw_percent_of_host,api-node1,api-node2,0,1,1,98.083657,49.960128,98.083657,49.960128,100.000000,100.000000,2.000000,13.000000,6.000000,4.000000,2.000000,13.000000,103.201513,59.471282,49.874623,71.426387,3.000000
2026-05-10T08:42:43.626084547Z,0,per_hit,raw_percent_of_host,api-node1,api-node2,0,1,1,98.083657,49.960128,98.083657,49.960128,100.000000,100.000000,0.000000,13.000000,6.000000,4.000000,0.000000,13.000000,103.201513,59.471282,50.000000,71.426387,3.000000
2026-05-10T08:42:43.675632553Z,0,per_hit,raw_percent_of_host,api-node1,api-node2,0,1,1,98.083657,49.960128,98.083657,49.960128,100.000000,100.000000,0.000000,11.000000,6.000000,4.000000,0.000000,11.000000,103.201513,59.471282,50.000000,71.426387,3.000000
2026-05-10T08:42:43.725800408Z,0,per_hit,raw_percent_of_host,api-node1,api-node2,0,1,1,98.083657,49.960128,98.083657,49.960128,100.000000,100.000000,0.000000,11.000000,6.000000,4.000000,0.000000,11.000000,103.201513,59.471282,50.000000,71.426387,3.000000
2026-05-10T08:42:43.775463862Z,0,per_hit,raw_percent_of_host,api-node1,api-node2,1,0,1,46.672239,49.635091,46.672239,49.635091,100.000000,100.000000,0.000000,7.000000,1.000000,10.000000,0.000000,7.000000,50.045878,399.463982,71.521203,55.554895,3.000000
2026-05-10T08:42:43.825396595Z,0,per_hit,raw_percent_of_host,api-node1,api-node2,1,0,1,46.672239,49.635091,46.672239,49.635091,100.000000,100.000000,0.000000,8.000000,1.000000,10.000000,0.000000,8.000000,50.045878,399.463982,71.521203,55.554895,3.000000
2026-05-10T08:42:43.875818381Z,0,per_hit,raw_percent_of_host,api-node1,api-node2,1,0,1,46.672239,49.506123,46.672239,49.506123,100.000000,100.000000,0.000000,3.000000,1.000000,3.000000,0.000000,3.000000,50.045878,120.337925,71.521203,68.604835,3.000000
2026-05-10T08:42:43.926164282Z,0,per_hit,raw_percent_of_host,api-node1,api-node2,1,0,1,8.279109,49.506123,8.279109,49.506123,100.000000,100.000000,0.000000,2.000000,1.000000,3.000000,0.000000,2.000000,50.045878,120.337925,75.000000,68.604835,3.000000
2026-05-10T08:42:43.975278153Z,0,per_hit,raw_percent_of_host,api-node1,api-node2,0,1,1,0.000000,0.000000,0.000000,0.000000,100.000000,100.000000,2.000000,0.000000,1.000000,1.000000,2.000000,0.000000,50.045878,80.689378,74.889369,75.000000,3.000000
2026-05-10T08:42:44.02543157Z,0,per_hit,raw_percent_of_host,api-node1,api-node2,0,1,1,85.119260,0.000000,85.119260,0.000000,100.000000,100.000000,1.000000,1.000000,3.000000,1.000000,1.000000,1.000000,50.045878,80.689378,49.940427,74.940520,3.000000
2026-05-10T08:42:44.075752762Z,0,per_hit,raw_percent_of_host,api-node1,api-node2,0,1,1,98.185956,42.187347,98.185956,42.187347,100.000000,100.000000,1.000000,6.000000,1.000000,2.000000,1.000000,6.000000,50.071763,80.689378,49.944559,68.816392,3.000000
2026-05-10T08:42:44.125628584Z,0,per_hit,raw_percent_of_host,api-node1,api-node2,0,1,1,99.298903,42.187347,99.298903,42.187347,100.000000,100.000000,0.000000,6.000000,2.000000,2.000000,0.000000,6.000000,50.071763,80.689378,50.000000,68.816392,3.000000
2026-05-10T08:42:44.175278622Z,0,per_hit,raw_percent_of_host,api-node1,api-node2,0,1,1,99.298903,42.187347,99.298903,42.187347,100.000000,100.000000,0.000000,7.000000,2.000000,2.000000,0.000000,7.000000,50.071763,80.689378,50.000000,68.816392,3.000000
2026-05-10T08:42:44.225620566Z,0,per_hit,raw_percent_of_host,api-node1,api-node2,0,1,1,99.298903,42.187347,99.298903,42.187347,100.000000,100.000000,4.000000,12.000000,2.000000,2.000000,4.000000,12.000000,50.071763,80.689378,49.779701,68.816392,3.000000
2026-05-10T08:42:44.275368325Z,0,per_hit,raw_percent_of_host,api-node1,api-node2,0,1,1,99.298903,44.129764,99.298903,44.129764,100.000000,100.000000,3.000000,8.000000,2.000000,4.000000,3.000000,8.000000,50.071763,196.084014,49.834411,64.555919,3.000000
2026-05-10T08:42:44.325282617Z,0,per_hit,raw_percent_of_host,api-node1,api-node2,1,0,1,45.690287,44.129764,45.690287,44.129764,100.000000,100.000000,3.000000,14.000000,4.000000,4.000000,3.000000,14.000000,50.045019,196.084014,71.380060,64.555919,3.000000
2026-05-10T08:42:44.375277218Z,0,per_hit,raw_percent_of_host,api-node1,api-node2,1,0,1,45.690287,44.129764,45.690287,44.129764,100.000000,100.000000,7.000000,18.000000,4.000000,4.000000,7.000000,18.000000,50.045019,196.084014,71.380060,64.555919,3.000000
2026-05-10T08:42:44.425660171Z,0,per_hit,raw_percent_of_host,api-node1,api-node2,1,0,1,45.690287,44.129764,45.690287,44.129764,100.000000,100.000000,6.000000,18.000000,4.000000,4.000000,6.000000,18.000000,50.045019,196.084014,71.380060,64.555919,3.000000
2026-05-10T08:42:44.475454605Z,0,per_hit,raw_percent_of_host,api-node1,api-node2,1,0,1,45.690287,53.890652,45.690287,53.890652,100.000000,100.000000,6.000000,15.000000,4.000000,5.000000,6.000000,15.000000,50.045019,219.249044,71.380060,64.037548,3.000000
2026-05-10T08:42:44.526119673Z,0,per_hit,raw_percent_of_host,api-node1,api-node2,0,1,1,90.964779,53.890652,90.964779,53.890652,100.000000,100.000000,3.000000,16.000000,3.000000,5.000000,3.000000,16.000000,61.544166,219.249044,49.830108,64.037548,3.000000
2026-05-10T08:42:44.576165164Z,0,per_hit,raw_percent_of_host,api-node1,api-node2,0,1,1,90.964779,53.890652,90.964779,53.890652,100.000000,100.000000,3.000000,15.000000,3.000000,5.000000,3.000000,15.000000,61.544166,219.249044,49.830108,64.037548,3.000000
2026-05-10T08:42:44.625545822Z,0,per_hit,raw_percent_of_host,api-node1,api-node2,0,1,1,90.964779,53.890652,90.964779,53.890652,100.000000,100.000000,0.000000,15.000000,3.000000,5.000000,0.000000,15.000000,61.544166,219.249044,50.000000,64.037548,3.000000
2026-05-10T08:42:44.675905331Z,0,per_hit,raw_percent_of_host,api-node1,api-node2,0,1,1,90.964779,53.890652,90.964779,53.890652,100.000000,100.000000,0.000000,14.000000,3.000000,5.000000,0.000000,14.000000,61.544166,219.249044,50.000000,64.037548,3.000000
2026-05-10T08:42:44.726181559Z,0,per_hit,raw_percent_of_host,api-node1,api-node2,0,1,1,90.964779,53.890652,90.964779,53.890652,100.000000,100.000000,0.000000,14.000000,3.000000,5.000000,0.000000,14.000000,61.544166,219.249044,50.000000,64.037548,3.000000
2026-05-10T08:42:44.776159926Z,0,per_hit,raw_percent_of_host,api-node1,api-node2,0,1,1,90.964779,53.890652,90.964779,53.890652,100.000000,100.000000,0.000000,13.000000,3.000000,5.000000,0.000000,13.000000,61.544166,219.249044,50.000000,64.037548,3.000000
2026-05-10T08:42:44.826014448Z,0,per_hit,raw_percent_of_host,api-node1,api-node2,0,1,1,90.964779,53.890652,90.964779,53.890652,100.000000,100.000000,0.000000,14.000000,3.000000,5.000000,0.000000,14.000000,61.544166,219.249044,50.000000,64.037548,3.000000
2026-05-10T08:42:44.875384514Z,0,per_hit,raw_percent_of_host,api-node1,api-node2,0,1,1,90.964779,50.305088,90.964779,50.305088,100.000000,100.000000,1.000000,10.000000,3.000000,9.000000,1.000000,10.000000,61.544166,396.647682,49.943111,55.558326,3.000000
2026-05-10T08:42:44.926164072Z,0,per_hit,raw_percent_of_host,api-node1,api-node2,1,0,1,37.133865,50.305088,37.133865,50.305088,100.000000,100.000000,0.000000,10.000000,2.000000,9.000000,0.000000,10.000000,50.052083,396.647682,70.929067,55.558326,3.000000
2026-05-10T08:42:44.976008091Z,0,per_hit,raw_percent_of_host,api-node1,api-node2,1,0,1,11.923761,50.025627,11.923761,50.025627,100.000000,100.000000,1.000000,1.000000,1.000000,3.000000,1.000000,1.000000,50.077346,99.174913,74.944558,69.570921,3.000000
2026-05-10T08:42:45.025489354Z,0,per_hit,raw_percent_of_host,api-node1,api-node2,1,0,1,11.923761,50.025627,11.923761,50.025627,100.000000,100.000000,2.000000,1.000000,1.000000,3.000000,2.000000,1.000000,50.077346,99.174913,74.889362,69.570921,3.000000
2026-05-10T08:42:45.076216472Z,0,per_hit,raw_percent_of_host,api-node1,api-node2,1,0,1,11.923761,37.828642,11.923761,37.828642,100.000000,100.000000,5.000000,2.000000,1.000000,1.000000,5.000000,2.000000,50.077346,97.689044,74.725228,67.840487,3.000000
2026-05-10T08:42:45.125707221Z,0,per_hit,raw_percent_of_host,api-node1,api-node2,0,1,1,79.421831,55.801537,79.421831,55.801537,100.000000,100.000000,4.000000,2.000000,3.000000,3.000000,4.000000,2.000000,50.036903,97.689044,49.694840,70.115548,3.000000
2026-05-10T08:42:45.176097635Z,0,per_hit,raw_percent_of_host,api-node1,api-node2,0,1,1,92.670994,23.355465,92.670994,23.355465,100.000000,100.000000,2.000000,0.000000,4.000000,1.000000,2.000000,0.000000,84.050309,66.081855,49.880368,75.000000,3.000000
2026-05-10T08:42:45.225259773Z,0,per_hit,raw_percent_of_host,api-node1,api-node2,0,1,1,100.000000,23.355465,100.000000,23.355465,100.000000,100.000000,5.000000,6.000000,2.000000,1.000000,5.000000,6.000000,50.063105,66.081855,49.725237,74.659027,3.000000
2026-05-10T08:42:45.275253441Z,0,per_hit,raw_percent_of_host,api-node1,api-node2,0,1,1,100.000000,43.498590,100.000000,43.498590,100.000000,100.000000,4.000000,5.000000,2.000000,3.000000,4.000000,5.000000,50.063105,50.060158,49.779705,71.018449,3.000000
2026-05-10T08:42:45.325444615Z,0,per_hit,raw_percent_of_host,api-node1,api-node2,0,1,1,100.000000,43.498590,100.000000,43.498590,100.000000,100.000000,2.000000,7.000000,5.000000,3.000000,2.000000,7.000000,50.050284,50.060158,49.889368,71.018449,3.000000
2026-05-10T08:42:45.37559808Z,0,per_hit,raw_percent_of_host,api-node1,api-node2,0,1,1,97.964052,46.583755,97.964052,46.583755,100.000000,100.000000,4.000000,14.000000,2.000000,2.000000,4.000000,14.000000,50.372084,85.097861,49.779555,69.592666,3.000000
2026-05-10T08:42:45.425924714Z,0,per_hit,raw_percent_of_host,api-node1,api-node2,0,1,1,99.855526,46.583755,99.855526,46.583755,100.000000,100.000000,3.000000,14.000000,3.000000,2.000000,3.000000,14.000000,60.539183,85.097861,49.830493,69.592666,3.000000
2026-05-10T08:42:45.475449013Z,0,per_hit,raw_percent_of_host,api-node1,api-node2,0,1,1,99.855526,46.583755,99.855526,46.583755,100.000000,100.000000,1.000000,13.000000,3.000000,2.000000,1.000000,13.000000,60.539183,85.097861,49.943241,69.592666,3.000000
2026-05-10T08:42:45.525864907Z,0,per_hit,raw_percent_of_host,api-node1,api-node2,0,1,1,99.855526,46.583755,99.855526,46.583755,100.000000,100.000000,0.000000,16.000000,3.000000,2.000000,0.000000,16.000000,60.539183,85.097861,50.000000,69.592666,3.000000
2026-05-10T08:42:45.575631038Z,0,per_hit,raw_percent_of_host,api-node1,api-node2,0,1,1,99.855526,46.583755,99.855526,46.583755,100.000000,100.000000,1.000000,15.000000,3.000000,2.000000,1.000000,15.000000,60.539183,85.097861,49.943241,69.592666,3.000000
2026-05-10T08:42:45.625771299Z,0,per_hit,raw_percent_of_host,api-node1,api-node2,0,1,1,99.855526,46.583755,99.855526,46.583755,100.000000,100.000000,1.000000,15.000000,3.000000,2.000000,1.000000,15.000000,60.539183,85.097861,49.943241,69.592666,3.000000
2026-05-10T08:42:45.675554807Z,0,per_hit,raw_percent_of_host,api-node1,api-node2,0,1,1,99.855526,46.583755,99.855526,46.583755,100.000000,100.000000,1.000000,13.000000,3.000000,2.000000,1.000000,13.000000,60.539183,85.097861,49.943241,69.592666,3.000000
2026-05-10T08:42:45.725714566Z,0,per_hit,raw_percent_of_host,api-node1,api-node2,0,1,1,99.855526,46.583755,99.855526,46.583755,100.000000,100.000000,1.000000,13.000000,3.000000,2.000000,1.000000,13.000000,60.539183,85.097861,49.943241,69.592666,3.000000
2026-05-10T08:42:45.775612041Z,0,per_hit,raw_percent_of_host,api-node1,api-node2,1,0,1,34.765655,52.591919,34.765655,52.591919,100.000000,100.000000,1.000000,10.000000,1.000000,10.000000,1.000000,10.000000,50.046993,298.741717,71.472920,60.062914,3.000000
2026-05-10T08:42:45.826070618Z,0,per_hit,raw_percent_of_host,api-node1,api-node2,1,0,1,34.765655,52.591919,34.765655,52.591919,100.000000,100.000000,1.000000,11.000000,1.000000,10.000000,1.000000,11.000000,50.046993,298.741717,71.472920,60.062914,3.000000
2026-05-10T08:42:45.876213184Z,0,per_hit,raw_percent_of_host,api-node1,api-node2,1,0,1,34.765655,52.591919,34.765655,52.591919,100.000000,100.000000,1.000000,9.000000,1.000000,10.000000,1.000000,9.000000,50.046993,298.741717,71.472920,60.062914,3.000000
2026-05-10T08:42:45.925880569Z,0,per_hit,raw_percent_of_host,api-node1,api-node2,1,0,1,34.765655,52.591919,34.765655,52.591919,100.000000,100.000000,0.000000,9.000000,1.000000,10.000000,0.000000,9.000000,50.046993,298.741717,71.472920,60.062914,3.000000
2026-05-10T08:42:45.9756786Z,0,per_hit,raw_percent_of_host,api-node1,api-node2,1,0,1,0.000000,0.000000,0.000000,0.000000,100.000000,100.000000,0.000000,1.000000,1.000000,1.000000,0.000000,1.000000,50.254429,83.300509,75.000000,74.940148,3.000000
2026-05-10T08:42:46.025880333Z,0,per_hit,raw_percent_of_host,api-node1,api-node2,1,0,1,0.000000,69.484002,0.000000,69.484002,100.000000,100.000000,1.000000,1.000000,1.000000,2.000000,1.000000,1.000000,50.254429,83.300509,74.944536,63.331062,3.000000
2026-05-10T08:42:46.076080672Z,0,per_hit,raw_percent_of_host,api-node1,api-node2,1,0,1,0.000000,69.484002,0.000000,69.484002,100.000000,100.000000,5.000000,1.000000,1.000000,2.000000,5.000000,1.000000,50.254429,83.300509,74.725121,63.331062,3.000000
2026-05-10T08:42:46.126256711Z,0,per_hit,raw_percent_of_host,api-node1,api-node2,1,0,1,0.000000,78.986695,0.000000,78.986695,100.000000,100.000000,5.000000,1.000000,1.000000,2.000000,5.000000,1.000000,50.254429,50.057990,74.725121,49.921246,3.000000
2026-05-10T08:42:46.175582108Z,0,per_hit,raw_percent_of_host,api-node1,api-node2,0,1,1,83.896814,14.169302,83.896814,14.169302,100.000000,100.000000,1.000000,1.000000,5.000000,1.000000,1.000000,1.000000,50.254429,50.048945,49.937387,74.944562,3.000000
2026-05-10T08:42:46.225548507Z,0,per_hit,raw_percent_of_host,api-node1,api-node2,1,0,1,0.000000,76.480775,0.000000,76.480775,100.000000,100.000000,3.000000,7.000000,1.000000,2.000000,3.000000,7.000000,50.224999,50.048945,74.834355,49.378727,3.000000
2026-05-10T08:42:46.275890109Z,0,per_hit,raw_percent_of_host,api-node1,api-node2,1,0,1,0.000000,41.707677,0.000000,41.707677,100.000000,100.000000,4.000000,7.000000,1.000000,1.000000,4.000000,7.000000,50.224999,62.826024,74.779626,69.790668,3.000000
2026-05-10T08:42:46.32537648Z,0,per_hit,raw_percent_of_host,api-node1,api-node2,0,1,1,66.142329,41.707677,66.142329,41.707677,100.000000,100.000000,6.000000,11.000000,4.000000,1.000000,6.000000,11.000000,50.224999,62.826024,67.915990,69.790668,3.000000
2026-05-10T08:42:46.37554308Z,0,per_hit,raw_percent_of_host,api-node1,api-node2,0,1,1,99.069241,41.707677,99.069241,41.707677,100.000000,100.000000,6.000000,17.000000,2.000000,1.000000,6.000000,17.000000,50.039915,62.826024,49.671024,69.790668,3.000000
2026-05-10T08:42:46.425709839Z,0,per_hit,raw_percent_of_host,api-node1,api-node2,0,1,1,99.069241,41.707677,99.069241,41.707677,100.000000,100.000000,6.000000,17.000000,2.000000,1.000000,6.000000,17.000000,50.039915,62.826024,49.671024,69.790668,3.000000
2026-05-10T08:42:46.475379439Z,0,per_hit,raw_percent_of_host,api-node1,api-node2,0,1,1,91.040122,50.191557,91.040122,50.191557,100.000000,100.000000,1.000000,14.000000,2.000000,3.000000,1.000000,14.000000,50.045790,179.413166,49.944562,66.029342,3.000000
2026-05-10T08:42:46.526101779Z,0,per_hit,raw_percent_of_host,api-node1,api-node2,0,1,1,91.040122,50.191557,91.040122,50.191557,100.000000,100.000000,1.000000,16.000000,2.000000,3.000000,1.000000,16.000000,50.045790,179.413166,49.944562,66.029342,3.000000
2026-05-10T08:42:46.575767353Z,0,per_hit,raw_percent_of_host,api-node1,api-node2,0,1,1,91.040122,50.191557,91.040122,50.191557,100.000000,100.000000,0.000000,15.000000,2.000000,3.000000,0.000000,15.000000,50.045790,179.413166,50.000000,66.029342,3.000000
2026-05-10T08:42:46.625938638Z,0,per_hit,raw_percent_of_host,api-node1,api-node2,0,1,1,91.040122,50.191557,91.040122,50.191557,100.000000,100.000000,0.000000,15.000000,2.000000,3.000000,0.000000,15.000000,50.045790,179.413166,50.000000,66.029342,3.000000
2026-05-10T08:42:46.676115582Z,0,per_hit,raw_percent_of_host,api-node1,api-node2,0,1,1,91.040122,50.191557,91.040122,50.191557,100.000000,100.000000,0.000000,15.000000,2.000000,3.000000,0.000000,15.000000,50.045790,179.413166,50.000000,66.029342,3.000000
2026-05-10T08:42:46.726272048Z,0,per_hit,raw_percent_of_host,api-node1,api-node2,0,1,1,91.040122,50.191557,91.040122,50.191557,100.000000,100.000000,0.000000,15.000000,2.000000,3.000000,0.000000,15.000000,50.045790,179.413166,50.000000,66.029342,3.000000
2026-05-10T08:42:46.775838789Z,0,per_hit,raw_percent_of_host,api-node1,api-node2,0,1,1,91.040122,50.191557,91.040122,50.191557,100.000000,100.000000,0.000000,13.000000,2.000000,3.000000,0.000000,13.000000,50.045790,179.413166,50.000000,66.029342,3.000000
2026-05-10T08:42:46.82555851Z,0,per_hit,raw_percent_of_host,api-node1,api-node2,0,1,1,91.040122,50.191557,91.040122,50.191557,100.000000,100.000000,0.000000,14.000000,2.000000,3.000000,0.000000,14.000000,50.045790,179.413166,50.000000,66.029342,3.000000
2026-05-10T08:42:46.87560664Z,0,per_hit,raw_percent_of_host,api-node1,api-node2,1,0,1,20.531602,49.927958,20.531602,49.927958,100.000000,100.000000,0.000000,10.000000,1.000000,9.000000,0.000000,10.000000,50.050896,399.821079,75.000000,55.488743,3.000000
2026-05-10T08:42:46.925767587Z,0,per_hit,raw_percent_of_host,api-node1,api-node2,1,0,1,20.531602,49.927958,20.531602,49.927958,100.000000,100.000000,0.000000,10.000000,1.000000,9.000000,0.000000,10.000000,50.050896,399.821079,75.000000,55.488743,3.000000
2026-05-10T08:42:46.97608798Z,0,per_hit,raw_percent_of_host,api-node1,api-node2,1,0,1,0.000000,66.553576,0.000000,66.553576,100.000000,100.000000,1.000000,1.000000,1.000000,4.000000,1.000000,1.000000,50.050896,119.189325,74.944561,67.458413,3.000000
2026-05-10T08:42:47.026021838Z,0,per_hit,raw_percent_of_host,api-node1,api-node2,1,0,1,0.000000,66.553576,0.000000,66.553576,100.000000,100.000000,1.000000,2.000000,1.000000,4.000000,1.000000,2.000000,50.050896,119.189325,74.944561,67.352988,3.000000
2026-05-10T08:42:47.075765059Z,0,per_hit,raw_percent_of_host,api-node1,api-node2,0,1,1,63.036423,25.232872,63.036423,25.232872,100.000000,100.000000,2.000000,4.000000,1.000000,1.000000,2.000000,4.000000,50.038838,98.399981,71.975636,74.753452,3.000000
2026-05-10T08:42:47.125622327Z,0,per_hit,raw_percent_of_host,api-node1,api-node2,0,1,1,63.036423,25.232872,63.036423,25.232872,100.000000,100.000000,1.000000,4.000000,1.000000,1.000000,1.000000,4.000000,50.038838,98.399981,72.079936,74.753452,3.000000
2026-05-10T08:42:47.176022732Z,0,per_hit,raw_percent_of_host,api-node1,api-node2,1,0,1,63.036423,66.823884,63.036423,66.823884,100.000000,100.000000,1.000000,2.000000,1.000000,4.000000,1.000000,2.000000,50.038838,98.399981,72.079936,67.419462,3.000000
2026-05-10T08:42:47.225612643Z,0,per_hit,raw_percent_of_host,api-node1,api-node2,0,1,1,77.112113,66.823884,77.112113,66.823884,100.000000,100.000000,7.000000,5.000000,2.000000,4.000000,7.000000,5.000000,50.048920,98.399981,49.401099,67.094216,3.000000
2026-05-10T08:42:47.276030581Z,0,per_hit,raw_percent_of_host,api-node1,api-node2,0,1,1,77.112113,58.229338,77.112113,58.229338,100.000000,100.000000,6.000000,5.000000,2.000000,3.000000,6.000000,5.000000,50.048920,79.705669,49.484893,71.014717,3.000000
2026-05-10T08:42:47.326205054Z,0,per_hit,raw_percent_of_host,api-node1,api-node2,0,1,1,77.112113,58.229338,77.112113,58.229338,100.000000,100.000000,9.000000,10.000000,2.000000,3.000000,9.000000,10.000000,50.048920,79.705669,49.235219,71.014717,3.000000
2026-05-10T08:42:47.376297086Z,0,per_hit,raw_percent_of_host,api-node1,api-node2,0,1,1,100.000000,58.229338,100.000000,58.229338,100.000000,100.000000,11.000000,9.000000,4.000000,3.000000,11.000000,9.000000,81.083680,79.705669,49.360341,71.014717,3.000000
2026-05-10T08:42:47.425324324Z,0,per_hit,raw_percent_of_host,api-node1,api-node2,0,1,1,100.000000,58.229338,100.000000,58.229338,100.000000,100.000000,10.000000,9.000000,4.000000,3.000000,10.000000,9.000000,81.083680,79.705669,49.417136,71.014717,3.000000
2026-05-10T08:42:47.476007451Z,0,per_hit,raw_percent_of_host,api-node1,api-node2,0,1,1,100.000000,31.216028,100.000000,31.216028,100.000000,100.000000,10.000000,8.000000,4.000000,3.000000,10.000000,8.000000,81.083680,58.973084,49.417136,71.608033,3.000000
2026-05-10T08:42:47.525260261Z,0,per_hit,raw_percent_of_host,api-node1,api-node2,0,1,1,100.000000,31.216028,100.000000,31.216028,100.000000,100.000000,12.000000,9.000000,4.000000,3.000000,12.000000,9.000000,81.083680,58.973084,49.303809,71.608033,3.000000
2026-05-10T08:42:47.575543168Z,0,per_hit,raw_percent_of_host,api-node1,api-node2,0,1,1,98.515892,31.216028,98.515892,31.216028,100.000000,100.000000,3.000000,7.000000,6.000000,3.000000,3.000000,7.000000,122.220184,58.973084,49.803036,71.608033,3.000000
2026-05-10T08:42:47.626138395Z,0,per_hit,raw_percent_of_host,api-node1,api-node2,0,1,1,98.515892,31.216028,98.515892,31.216028,100.000000,100.000000,1.000000,7.000000,6.000000,3.000000,1.000000,7.000000,122.220184,58.973084,49.933999,71.608033,3.000000
2026-05-10T08:42:47.675725839Z,0,per_hit,raw_percent_of_host,api-node1,api-node2,0,1,1,69.284889,54.867575,69.284889,54.867575,100.000000,100.000000,0.000000,2.000000,1.000000,5.000000,0.000000,2.000000,50.039223,198.876333,63.794546,65.056183,3.000000
2026-05-10T08:42:47.725884682Z,0,per_hit,raw_percent_of_host,api-node1,api-node2,0,1,1,69.284889,54.867575,69.284889,54.867575,100.000000,100.000000,0.000000,2.000000,1.000000,5.000000,0.000000,2.000000,50.039223,198.876333,63.794546,65.056183,3.000000
2026-05-10T08:42:47.826233639Z,0,per_hit,raw_percent_of_host,api-node1,api-node2,1,0,1,0.000000,0.000000,0.000000,0.000000,100.000000,100.000000,0.000000,1.000000,1.000000,1.000000,0.000000,1.000000,50.039223,80.008099,75.000000,74.940616,3.000000
2026-05-10T08:42:47.975371576Z,0,per_hit,raw_percent_of_host,api-node1,api-node2,1,0,1,0.000000,0.000000,0.000000,0.000000,100.000000,100.000000,0.000000,1.000000,1.000000,1.000000,0.000000,1.000000,50.039223,50.048240,75.000000,74.944562,3.000000
2026-05-10T08:42:48.025256835Z,0,per_hit,raw_percent_of_host,api-node1,api-node2,1,0,1,0.000000,52.794750,0.000000,52.794750,100.000000,100.000000,1.000000,1.000000,1.000000,2.000000,1.000000,1.000000,50.039223,50.048240,74.944563,72.201608,3.000000
2026-05-10T08:42:48.075684281Z,0,per_hit,raw_percent_of_host,api-node1,api-node2,1,0,1,0.000000,52.794750,0.000000,52.794750,100.000000,100.000000,3.000000,3.000000,1.000000,2.000000,3.000000,3.000000,50.039223,50.048240,74.834423,72.201608,3.000000
2026-05-10T08:42:48.125452352Z,0,per_hit,raw_percent_of_host,api-node1,api-node2,1,0,1,73.977067,75.064166,73.977067,75.064166,100.000000,100.000000,1.000000,3.000000,3.000000,3.000000,1.000000,3.000000,50.039223,50.042834,53.086914,49.704805,3.000000
2026-05-10T08:42:48.176026096Z,0,per_hit,raw_percent_of_host,api-node1,api-node2,1,0,1,34.818955,40.717118,34.818955,40.717118,100.000000,100.000000,1.000000,0.000000,1.000000,1.000000,1.000000,0.000000,50.043246,71.559353,71.462516,68.957965,3.000000
2026-05-10T08:42:48.226033777Z,0,per_hit,raw_percent_of_host,api-node1,api-node2,0,1,1,90.367723,0.000000,90.367723,0.000000,100.000000,100.000000,3.000000,5.000000,1.000000,1.000000,3.000000,5.000000,50.039300,71.559353,49.834423,74.711610,3.000000
2026-05-10T08:42:48.275761446Z,0,per_hit,raw_percent_of_host,api-node1,api-node2,0,1,1,90.367723,0.000000,90.367723,0.000000,100.000000,100.000000,3.000000,7.000000,1.000000,1.000000,3.000000,7.000000,50.039300,71.559353,49.834423,74.598108,3.000000
2026-05-10T08:42:48.325749055Z,0,per_hit,raw_percent_of_host,api-node1,api-node2,0,1,1,81.807265,0.000000,81.807265,0.000000,100.000000,100.000000,4.000000,12.000000,2.000000,1.000000,4.000000,12.000000,50.043413,71.559353,49.727857,74.318864,3.000000
2026-05-10T08:42:48.375244634Z,0,per_hit,raw_percent_of_host,api-node1,api-node2,0,1,1,81.807265,57.515017,81.807265,57.515017,100.000000,100.000000,4.000000,14.000000,2.000000,4.000000,4.000000,14.000000,50.043413,129.337157,49.727857,68.533142,3.000000
2026-05-10T08:42:48.425387396Z,0,per_hit,raw_percent_of_host,api-node1,api-node2,0,1,1,81.807265,57.515017,81.807265,57.515017,100.000000,100.000000,4.000000,14.000000,2.000000,4.000000,4.000000,14.000000,50.043413,129.337157,49.727857,68.533142,3.000000
2026-05-10T08:42:48.47624216Z,0,per_hit,raw_percent_of_host,api-node1,api-node2,0,1,1,90.542313,57.515017,90.542313,57.515017,100.000000,100.000000,0.000000,13.000000,4.000000,4.000000,0.000000,13.000000,90.816093,129.337157,50.000000,68.533142,3.000000
2026-05-10T08:42:48.52522049Z,0,per_hit,raw_percent_of_host,api-node1,api-node2,0,1,1,90.542313,57.515017,90.542313,57.515017,100.000000,100.000000,1.000000,16.000000,4.000000,4.000000,1.000000,16.000000,90.816093,129.337157,49.939052,68.533142,3.000000
2026-05-10T08:42:48.575246203Z,0,per_hit,raw_percent_of_host,api-node1,api-node2,0,1,1,90.542313,57.515017,90.542313,57.515017,100.000000,100.000000,1.000000,14.000000,4.000000,4.000000,1.000000,14.000000,90.816093,129.337157,49.939052,68.533142,3.000000
2026-05-10T08:42:48.626006195Z,0,per_hit,raw_percent_of_host,api-node1,api-node2,0,1,1,90.542313,57.515017,90.542313,57.515017,100.000000,100.000000,0.000000,14.000000,4.000000,4.000000,0.000000,14.000000,90.816093,129.337157,50.000000,68.533142,3.000000
2026-05-10T08:42:48.676149088Z,0,per_hit,raw_percent_of_host,api-node1,api-node2,0,1,1,90.542313,57.515017,90.542313,57.515017,100.000000,100.000000,0.000000,14.000000,4.000000,4.000000,0.000000,14.000000,90.816093,129.337157,50.000000,68.533142,3.000000
2026-05-10T08:42:48.725260144Z,0,per_hit,raw_percent_of_host,api-node1,api-node2,0,1,1,90.542313,57.515017,90.542313,57.515017,100.000000,100.000000,0.000000,14.000000,4.000000,4.000000,0.000000,14.000000,90.816093,129.337157,50.000000,68.533142,3.000000
2026-05-10T08:42:48.77627375Z,0,per_hit,raw_percent_of_host,api-node1,api-node2,0,1,1,90.542313,57.515017,90.542313,57.515017,100.000000,100.000000,0.000000,13.000000,4.000000,4.000000,0.000000,13.000000,90.816093,129.337157,50.000000,68.533142,3.000000
2026-05-10T08:42:48.826142721Z,0,per_hit,raw_percent_of_host,api-node1,api-node2,0,1,1,90.542313,57.515017,90.542313,57.515017,100.000000,100.000000,0.000000,14.000000,4.000000,4.000000,0.000000,14.000000,90.816093,129.337157,50.000000,68.533142,3.000000
2026-05-10T08:42:48.875668498Z,0,per_hit,raw_percent_of_host,api-node1,api-node2,1,0,1,19.176326,47.831601,19.176326,47.831601,100.000000,100.000000,0.000000,9.000000,1.000000,10.000000,0.000000,9.000000,50.044630,479.667340,75.000000,52.933967,3.000000
2026-05-10T08:42:48.92585682Z,0,per_hit,raw_percent_of_host,api-node1,api-node2,1,0,1,19.176326,47.831601,19.176326,47.831601,100.000000,100.000000,0.000000,9.000000,1.000000,10.000000,0.000000,9.000000,50.044630,479.667340,75.000000,52.933967,3.000000
2026-05-10T08:42:48.975727298Z,0,per_hit,raw_percent_of_host,api-node1,api-node2,1,0,1,19.176326,56.945423,19.176326,56.945423,100.000000,100.000000,1.000000,1.000000,1.000000,3.000000,1.000000,1.000000,50.044630,135.284134,74.944562,68.235793,3.000000
2026-05-10T08:42:49.025627831Z,0,per_hit,raw_percent_of_host,api-node1,api-node2,1,0,1,13.886974,56.945423,13.886974,56.945423,100.000000,100.000000,2.000000,1.000000,2.000000,3.000000,2.000000,1.000000,50.044630,135.284134,74.889370,68.235793,3.000000
2026-05-10T08:42:49.076228489Z,0,per_hit,raw_percent_of_host,api-node1,api-node2,1,0,1,13.886974,80.317042,13.886974,80.317042,100.000000,100.000000,5.000000,1.000000,2.000000,2.000000,5.000000,1.000000,50.044630,50.085023,74.725248,49.926388,3.000000
2026-05-10T08:42:49.125699119Z,0,per_hit,raw_percent_of_host,api-node1,api-node2,0,1,1,98.710609,80.317042,98.710609,80.317042,100.000000,100.000000,5.000000,1.000000,3.000000,2.000000,5.000000,1.000000,50.050913,50.085023,49.725244,49.926388,3.000000
2026-05-10T08:42:49.175852735Z,0,per_hit,raw_percent_of_host,api-node1,api-node2,0,1,1,98.298752,47.847270,98.298752,47.847270,100.000000,100.000000,1.000000,1.000000,3.000000,2.000000,1.000000,1.000000,59.817907,50.085023,49.943334,71.674077,3.000000
2026-05-10T08:42:49.226172943Z,0,per_hit,raw_percent_of_host,api-node1,api-node2,1,0,1,0.000000,38.122657,0.000000,38.122657,100.000000,100.000000,3.000000,6.000000,1.000000,2.000000,3.000000,6.000000,50.709400,50.051034,74.834177,70.649218,3.000000
2026-05-10T08:42:49.275687138Z,0,per_hit,raw_percent_of_host,api-node1,api-node2,1,0,1,0.000000,79.519626,0.000000,79.519626,100.000000,100.000000,2.000000,7.000000,1.000000,4.000000,2.000000,7.000000,50.709400,50.051034,74.889207,49.473410,3.000000
2026-05-10T08:42:49.325268652Z,0,per_hit,raw_percent_of_host,api-node1,api-node2,1,0,1,83.442473,79.519626,83.442473,79.519626,100.000000,100.000000,4.000000,11.000000,2.000000,4.000000,4.000000,11.000000,51.801896,50.051034,49.746648,49.182344,3.000000
2026-05-10T08:42:49.375410495Z,0,per_hit,raw_percent_of_host,api-node1,api-node2,1,0,1,83.442473,79.519626,83.442473,79.519626,100.000000,100.000000,9.000000,10.000000,2.000000,4.000000,9.000000,10.000000,51.801896,50.051034,49.437089,49.254459,3.000000
2026-05-10T08:42:49.425559912Z,0,per_hit,raw_percent_of_host,api-node1,api-node2,1,0,1,83.442473,79.519626,83.442473,79.519626,100.000000,100.000000,9.000000,10.000000,2.000000,4.000000,9.000000,10.000000,51.801896,50.051034,49.437089,49.254459,3.000000
2026-05-10T08:42:49.476246401Z,0,per_hit,raw_percent_of_host,api-node1,api-node2,0,1,1,83.442473,44.566113,83.442473,44.566113,100.000000,100.000000,8.000000,8.000000,2.000000,4.000000,8.000000,8.000000,51.801896,180.442697,49.498380,65.192449,3.000000
2026-05-10T08:42:49.525271249Z,0,per_hit,raw_percent_of_host,api-node1,api-node2,0,1,1,83.442473,44.566113,83.442473,44.566113,100.000000,100.000000,9.000000,10.000000,2.000000,4.000000,9.000000,10.000000,51.801896,180.442697,49.437089,65.192449,3.000000
2026-05-10T08:42:49.575390656Z,0,per_hit,raw_percent_of_host,api-node1,api-node2,0,1,1,94.051506,44.566113,94.051506,44.566113,100.000000,100.000000,2.000000,8.000000,4.000000,4.000000,2.000000,8.000000,81.816296,180.442697,49.881004,65.192449,3.000000
2026-05-10T08:42:49.625612402Z,0,per_hit,raw_percent_of_host,api-node1,api-node2,0,1,1,94.051506,44.566113,94.051506,44.566113,100.000000,100.000000,1.000000,8.000000,4.000000,4.000000,1.000000,8.000000,81.816296,180.442697,49.940360,65.192449,3.000000
2026-05-10T08:42:49.676252701Z,0,per_hit,raw_percent_of_host,api-node1,api-node2,0,1,1,82.363385,43.976343,82.363385,43.976343,100.000000,100.000000,0.000000,2.000000,1.000000,4.000000,0.000000,2.000000,50.054861,180.788418,50.000000,64.997964,3.000000
2026-05-10T08:42:49.725405847Z,0,per_hit,raw_percent_of_host,api-node1,api-node2,0,1,1,82.363385,43.976343,82.363385,43.976343,100.000000,100.000000,0.000000,2.000000,1.000000,4.000000,0.000000,2.000000,50.054861,180.788418,50.000000,64.997964,3.000000
2026-05-10T08:42:49.825274575Z,0,per_hit,raw_percent_of_host,api-node1,api-node2,1,0,1,0.000000,0.000000,0.000000,0.000000,100.000000,100.000000,0.000000,1.000000,1.000000,1.000000,0.000000,1.000000,50.054861,80.236329,75.000000,74.940584,3.000000
2026-05-10T08:42:49.975579267Z,0,per_hit,raw_percent_of_host,api-node1,api-node2,0,1,1,0.000000,0.000000,0.000000,0.000000,100.000000,100.000000,1.000000,0.000000,1.000000,1.000000,1.000000,0.000000,50.054861,50.100249,74.944561,75.000000,3.000000
2026-05-10T08:42:50.025846361Z,0,per_hit,raw_percent_of_host,api-node1,api-node2,0,1,1,58.130570,0.000000,58.130570,0.000000,100.000000,100.000000,1.000000,1.000000,2.000000,1.000000,1.000000,1.000000,50.054861,50.100249,72.497257,74.944555,3.000000
2026-05-10T08:42:50.076051562Z,0,per_hit,raw_percent_of_host,api-node1,api-node2,0,1,1,60.953494,59.364366,60.953494,59.364366,100.000000,100.000000,4.000000,2.000000,2.000000,2.000000,4.000000,2.000000,50.152241,50.100249,72.115464,72.494988,3.000000
2026-05-10T08:42:50.126005895Z,0,per_hit,raw_percent_of_host,api-node1,api-node2,0,1,1,60.953494,59.364366,60.953494,59.364366,100.000000,100.000000,2.000000,2.000000,2.000000,2.000000,2.000000,2.000000,50.152241,50.100249,72.303175,72.494988,3.000000
2026-05-10T08:42:50.175861035Z,0,per_hit,raw_percent_of_host,api-node1,api-node2,0,1,1,99.144676,0.000000,99.144676,0.000000,100.000000,100.000000,0.000000,1.000000,2.000000,1.000000,0.000000,1.000000,50.045019,65.268647,50.000000,74.942625,3.000000
2026-05-10T08:42:50.225313751Z,0,per_hit,raw_percent_of_host,api-node1,api-node2,1,0,1,0.000000,0.000000,0.000000,0.000000,100.000000,100.000000,2.000000,6.000000,1.000000,1.000000,2.000000,6.000000,50.455457,65.268647,74.889269,74.659657,3.000000
2026-05-10T08:42:50.275298326Z,0,per_hit,raw_percent_of_host,api-node1,api-node2,1,0,1,0.000000,76.109188,0.000000,76.109188,100.000000,100.000000,2.000000,6.000000,1.000000,2.000000,2.000000,6.000000,50.455457,65.268647,74.889269,49.453525,3.000000
2026-05-10T08:42:50.326224577Z,0,per_hit,raw_percent_of_host,api-node1,api-node2,1,0,1,0.000000,76.109188,0.000000,76.109188,100.000000,100.000000,8.000000,8.000000,1.000000,2.000000,8.000000,8.000000,50.455457,65.268647,74.562884,49.276637,3.000000
2026-05-10T08:42:50.376085555Z,0,per_hit,raw_percent_of_host,api-node1,api-node2,1,0,1,0.000000,76.109188,0.000000,76.109188,100.000000,100.000000,11.000000,12.000000,1.000000,2.000000,11.000000,12.000000,50.455457,65.268647,74.402881,48.930430,3.000000
2026-05-10T08:42:50.425686526Z,0,per_hit,raw_percent_of_host,api-node1,api-node2,0,1,1,100.000000,64.079002,100.000000,64.079002,100.000000,100.000000,8.000000,8.000000,2.000000,4.000000,8.000000,8.000000,50.090285,139.333915,49.563233,67.355614,3.000000
2026-05-10T08:42:50.475705509Z,0,per_hit,raw_percent_of_host,api-node1,api-node2,0,1,1,100.000000,16.517114,100.000000,16.517114,100.000000,100.000000,8.000000,6.000000,2.000000,1.000000,8.000000,6.000000,50.090285,80.598792,49.563233,74.647392,3.000000
2026-05-10T08:42:50.526087342Z,0,per_hit,raw_percent_of_host,api-node1,api-node2,0,1,1,100.000000,16.517114,100.000000,16.517114,100.000000,100.000000,9.000000,8.000000,2.000000,1.000000,9.000000,8.000000,50.090285,80.598792,49.509707,74.532056,3.000000
2026-05-10T08:42:50.575902609Z,0,per_hit,raw_percent_of_host,api-node1,api-node2,0,1,1,93.975920,16.517114,93.975920,16.517114,100.000000,100.000000,3.000000,8.000000,9.000000,1.000000,3.000000,8.000000,180.807077,80.598792,49.767220,74.532056,3.000000
2026-05-10T08:42:50.625943577Z,0,per_hit,raw_percent_of_host,api-node1,api-node2,0,1,1,100.000000,16.517114,100.000000,16.517114,100.000000,100.000000,0.000000,7.000000,2.000000,1.000000,0.000000,7.000000,50.048795,80.598792,50.000000,74.589588,3.000000
2026-05-10T08:42:50.676224616Z,0,per_hit,raw_percent_of_host,api-node1,api-node2,0,1,1,100.000000,16.517114,100.000000,16.517114,100.000000,100.000000,0.000000,4.000000,2.000000,1.000000,0.000000,4.000000,50.048795,80.598792,50.000000,74.763817,3.000000
2026-05-10T08:42:50.725388516Z,0,per_hit,raw_percent_of_host,api-node1,api-node2,0,1,1,100.000000,16.517114,100.000000,16.517114,100.000000,100.000000,0.000000,4.000000,2.000000,1.000000,0.000000,4.000000,50.048795,80.598792,50.000000,74.763817,3.000000
2026-05-10T08:42:50.825380725Z,0,per_hit,raw_percent_of_host,api-node1,api-node2,0,1,1,0.000000,0.000000,0.000000,0.000000,100.000000,100.000000,1.000000,0.000000,1.000000,1.000000,1.000000,0.000000,50.020843,60.541138,74.944565,75.000000,3.000000
2026-05-10T08:42:50.975665555Z,0,per_hit,raw_percent_of_host,api-node1,api-node2,1,0,1,0.000000,0.000000,0.000000,0.000000,100.000000,100.000000,0.000000,1.000000,1.000000,1.000000,0.000000,1.000000,50.046752,60.541138,75.000000,74.943241,3.000000
2026-05-10T08:42:51.025606716Z,0,per_hit,raw_percent_of_host,api-node1,api-node2,1,0,1,0.000000,58.466600,0.000000,58.466600,100.000000,100.000000,0.000000,2.000000,1.000000,2.000000,0.000000,2.000000,50.046752,60.541138,75.000000,71.972943,3.000000
2026-05-10T08:42:51.07600276Z,0,per_hit,raw_percent_of_host,api-node1,api-node2,1,0,1,0.000000,99.118830,0.000000,99.118830,100.000000,100.000000,4.000000,2.000000,1.000000,2.000000,4.000000,2.000000,50.046752,50.074957,74.779713,49.889362,3.000000
2026-05-10T08:42:51.125591581Z,0,per_hit,raw_percent_of_host,api-node1,api-node2,1,0,1,39.607964,99.118830,39.607964,99.118830,100.000000,100.000000,3.000000,2.000000,3.000000,2.000000,3.000000,2.000000,50.046752,50.074957,70.164228,49.889362,3.000000
2026-05-10T08:42:51.17547675Z,0,per_hit,raw_percent_of_host,api-node1,api-node2,0,1,1,97.450228,47.653870,97.450228,47.653870,100.000000,100.000000,1.000000,1.000000,2.000000,3.000000,1.000000,1.000000,50.038285,50.074957,49.944563,71.650071,3.000000
2026-05-10T08:42:51.226320806Z,0,per_hit,raw_percent_of_host,api-node1,api-node2,0,1,1,75.617879,47.653870,75.617879,47.653870,100.000000,100.000000,2.000000,5.000000,2.000000,3.000000,2.000000,5.000000,50.041165,50.074957,49.809377,71.650071,3.000000
2026-05-10T08:42:51.27595575Z,0,per_hit,raw_percent_of_host,api-node1,api-node2,0,1,1,75.617879,47.653870,75.617879,47.653870,100.000000,100.000000,2.000000,5.000000,2.000000,3.000000,2.000000,5.000000,50.041165,50.074957,49.809377,71.650071,3.000000
2026-05-10T08:42:51.325245734Z,0,per_hit,raw_percent_of_host,api-node1,api-node2,0,1,1,75.617879,47.653870,75.617879,47.653870,100.000000,100.000000,2.000000,10.000000,2.000000,3.000000,2.000000,10.000000,50.041165,50.074957,49.809377,71.650071,3.000000
2026-05-10T08:42:51.375765276Z,0,per_hit,raw_percent_of_host,api-node1,api-node2,0,1,1,75.617879,45.001702,75.617879,45.001702,100.000000,100.000000,6.000000,11.000000,2.000000,4.000000,6.000000,11.000000,50.041165,59.413751,49.436721,70.696556,3.000000
2026-05-10T08:42:51.425895723Z,0,per_hit,raw_percent_of_host,api-node1,api-node2,0,1,1,75.617879,45.001702,75.617879,45.001702,100.000000,100.000000,6.000000,11.000000,2.000000,4.000000,6.000000,11.000000,50.041165,59.413751,49.436721,70.696556,3.000000
2026-05-10T08:42:51.475300958Z,0,per_hit,raw_percent_of_host,api-node1,api-node2,0,1,1,93.804977,45.001702,93.804977,45.001702,100.000000,100.000000,1.000000,10.000000,5.000000,4.000000,1.000000,10.000000,115.450614,59.413751,49.935157,70.696556,3.000000
2026-05-10T08:42:51.526002592Z,0,per_hit,raw_percent_of_host,api-node1,api-node2,0,1,1,93.804977,45.001702,93.804977,45.001702,100.000000,100.000000,2.000000,11.000000,5.000000,4.000000,2.000000,11.000000,115.450614,59.413751,49.870650,70.696556,3.000000
2026-05-10T08:42:51.575538511Z,0,per_hit,raw_percent_of_host,api-node1,api-node2,0,1,1,93.804977,45.001702,93.804977,45.001702,100.000000,100.000000,1.000000,10.000000,5.000000,4.000000,1.000000,10.000000,115.450614,59.413751,49.935157,70.696556,3.000000
2026-05-10T08:42:51.625936396Z,0,per_hit,raw_percent_of_host,api-node1,api-node2,0,1,1,93.804977,45.001702,93.804977,45.001702,100.000000,100.000000,0.000000,10.000000,5.000000,4.000000,0.000000,10.000000,115.450614,59.413751,50.000000,70.696556,3.000000
2026-05-10T08:42:51.675733059Z,0,per_hit,raw_percent_of_host,api-node1,api-node2,0,1,1,93.804977,56.101986,93.804977,56.101986,100.000000,100.000000,0.000000,7.000000,5.000000,8.000000,0.000000,7.000000,115.450614,318.542904,50.000000,59.072855,3.000000
2026-05-10T08:42:51.725899136Z,0,per_hit,raw_percent_of_host,api-node1,api-node2,1,0,1,56.924328,56.101986,56.924328,56.101986,100.000000,100.000000,0.000000,6.000000,1.000000,8.000000,0.000000,6.000000,50.044864,318.542904,72.497757,59.072855,3.000000
2026-05-10T08:42:51.775547799Z,0,per_hit,raw_percent_of_host,api-node1,api-node2,1,0,1,56.924328,49.905643,56.924328,49.905643,100.000000,100.000000,0.000000,1.000000,1.000000,2.000000,0.000000,1.000000,50.044864,120.754817,72.497757,68.665151,3.000000
2026-05-10T08:42:51.825531507Z,0,per_hit,raw_percent_of_host,api-node1,api-node2,1,0,1,10.010828,49.905643,10.010828,49.905643,100.000000,100.000000,1.000000,1.000000,1.000000,2.000000,1.000000,1.000000,50.044864,120.754817,74.944562,68.665151,3.000000
2026-05-10T08:42:51.97557696Z,0,per_hit,raw_percent_of_host,api-node1,api-node2,0,1,1,0.000000,0.000000,0.000000,0.000000,100.000000,100.000000,1.000000,0.000000,1.000000,1.000000,1.000000,0.000000,50.051242,98.761008,74.944561,75.000000,3.000000
2026-05-10T08:42:52.025427318Z,0,per_hit,raw_percent_of_host,api-node1,api-node2,0,1,1,53.975768,0.000000,53.975768,0.000000,100.000000,100.000000,2.000000,0.000000,2.000000,1.000000,2.000000,0.000000,50.051242,98.761008,72.303220,75.000000,3.000000
2026-05-10T08:42:52.075452522Z,0,per_hit,raw_percent_of_host,api-node1,api-node2,1,0,1,53.975768,36.117107,53.975768,36.117107,100.000000,100.000000,3.000000,3.000000,2.000000,2.000000,3.000000,3.000000,50.051242,98.761008,72.303220,68.440751,3.000000
2026-05-10T08:42:52.126201081Z,0,per_hit,raw_percent_of_host,api-node1,api-node2,0,1,1,78.321761,36.117107,78.321761,36.117107,100.000000,100.000000,1.000000,2.000000,2.000000,2.000000,1.000000,2.000000,70.415704,98.761008,49.918397,68.440751,3.000000
2026-05-10T08:42:52.17586455Z,0,per_hit,raw_percent_of_host,api-node1,api-node2,0,1,1,77.209441,44.378124,77.209441,44.378124,100.000000,100.000000,1.000000,0.000000,1.000000,1.000000,1.000000,0.000000,50.059083,50.088656,49.913141,71.169643,3.000000
2026-05-10T08:42:52.225603218Z,0,per_hit,raw_percent_of_host,api-node1,api-node2,0,1,1,93.027976,0.000000,93.027976,0.000000,100.000000,100.000000,2.000000,4.000000,1.000000,1.000000,2.000000,4.000000,50.043951,50.088656,49.889370,74.779693,3.000000
2026-05-10T08:42:52.275241036Z,0,per_hit,raw_percent_of_host,api-node1,api-node2,0,1,1,93.027976,0.000000,93.027976,0.000000,100.000000,100.000000,1.000000,6.000000,1.000000,1.000000,1.000000,6.000000,50.043951,50.088656,49.944562,74.670989,3.000000
2026-05-10T08:42:52.326119317Z,0,per_hit,raw_percent_of_host,api-node1,api-node2,0,1,1,98.964474,0.000000,98.964474,0.000000,100.000000,100.000000,2.000000,11.000000,2.000000,1.000000,2.000000,11.000000,50.054221,50.088656,49.889367,74.403356,3.000000
2026-05-10T08:42:52.376029767Z,0,per_hit,raw_percent_of_host,api-node1,api-node2,0,1,1,98.964474,58.709049,98.964474,58.709049,100.000000,100.000000,5.000000,12.000000,2.000000,3.000000,5.000000,12.000000,50.054221,110.795694,49.725242,69.460215,3.000000
2026-05-10T08:42:52.425996036Z,0,per_hit,raw_percent_of_host,api-node1,api-node2,1,0,1,52.255547,58.709049,52.255547,58.709049,100.000000,100.000000,4.000000,12.000000,3.000000,3.000000,4.000000,12.000000,50.049426,110.795694,72.152493,69.460215,3.000000
2026-05-10T08:42:52.475846079Z,0,per_hit,raw_percent_of_host,api-node1,api-node2,1,0,1,52.255547,58.709049,52.255547,58.709049,100.000000,100.000000,0.000000,11.000000,3.000000,3.000000,0.000000,11.000000,50.049426,110.795694,72.152493,69.460215,3.000000
2026-05-10T08:42:52.525822916Z,0,per_hit,raw_percent_of_host,api-node1,api-node2,1,0,1,52.255547,58.709049,52.255547,58.709049,100.000000,100.000000,1.000000,12.000000,3.000000,3.000000,1.000000,12.000000,50.049426,110.795694,72.152493,69.460215,3.000000
2026-05-10T08:42:52.576096014Z,0,per_hit,raw_percent_of_host,api-node1,api-node2,1,0,1,52.255547,58.709049,52.255547,58.709049,100.000000,100.000000,0.000000,11.000000,3.000000,3.000000,0.000000,11.000000,50.049426,110.795694,72.152493,69.460215,3.000000
2026-05-10T08:42:52.626254114Z,0,per_hit,raw_percent_of_host,api-node1,api-node2,1,0,1,52.255547,58.709049,52.255547,58.709049,100.000000,100.000000,0.000000,11.000000,3.000000,3.000000,0.000000,11.000000,50.049426,110.795694,72.152493,69.460215,3.000000
2026-05-10T08:42:52.675632474Z,0,per_hit,raw_percent_of_host,api-node1,api-node2,1,0,1,52.255547,58.709049,52.255547,58.709049,100.000000,100.000000,0.000000,10.000000,3.000000,3.000000,0.000000,10.000000,50.049426,110.795694,72.152493,69.460215,3.000000
2026-05-10T08:42:52.725901366Z,0,per_hit,raw_percent_of_host,api-node1,api-node2,1,0,1,52.255547,58.709049,52.255547,58.709049,100.000000,100.000000,0.000000,9.000000,3.000000,3.000000,0.000000,9.000000,50.049426,110.795694,72.152493,69.460215,3.000000
2026-05-10T08:42:52.776052805Z,0,per_hit,raw_percent_of_host,api-node1,api-node2,1,0,1,34.264793,44.721372,34.264793,44.721372,100.000000,100.000000,0.000000,2.000000,1.000000,7.000000,0.000000,2.000000,50.045316,379.008118,71.569884,57.510811,3.000000
2026-05-10T08:42:52.825594116Z,0,per_hit,raw_percent_of_host,api-node1,api-node2,1,0,1,34.264793,44.721372,34.264793,44.721372,100.000000,100.000000,1.000000,2.000000,1.000000,7.000000,1.000000,2.000000,50.045316,379.008118,71.569884,57.510811,3.000000
2026-05-10T08:42:52.976130758Z,0,per_hit,raw_percent_of_host,api-node1,api-node2,1,0,1,0.000000,0.000000,0.000000,0.000000,100.000000,100.000000,0.000000,1.000000,1.000000,1.000000,0.000000,1.000000,50.043534,79.465125,75.000000,74.940693,3.000000
2026-05-10T08:42:53.026002891Z,0,per_hit,raw_percent_of_host,api-node1,api-node2,1,0,1,0.000000,74.257249,0.000000,74.257249,100.000000,100.000000,1.000000,1.000000,1.000000,2.000000,1.000000,1.000000,50.043534,79.465125,74.944562,52.255149,3.000000
2026-05-10T08:42:53.075997309Z,0,per_hit,raw_percent_of_host,api-node1,api-node2,1,0,1,0.000000,59.480315,0.000000,59.480315,100.000000,100.000000,4.000000,2.000000,1.000000,2.000000,4.000000,2.000000,50.043534,50.079805,74.779715,72.496010,3.000000
2026-05-10T08:42:53.126119007Z,0,per_hit,raw_percent_of_host,api-node1,api-node2,1,0,1,0.000000,59.480315,0.000000,59.480315,100.000000,100.000000,4.000000,2.000000,1.000000,2.000000,4.000000,2.000000,50.043534,50.079805,74.779715,72.496010,3.000000
2026-05-10T08:42:53.176241195Z,0,per_hit,raw_percent_of_host,api-node1,api-node2,0,1,1,100.000000,68.874671,100.000000,68.874671,100.000000,100.000000,0.000000,2.000000,2.000000,2.000000,0.000000,2.000000,50.037899,96.055457,50.000000,64.274501,3.000000
2026-05-10T08:42:53.225949991Z,0,per_hit,raw_percent_of_host,api-node1,api-node2,1,0,1,0.000000,68.874671,0.000000,68.874671,100.000000,100.000000,3.000000,5.000000,1.000000,2.000000,3.000000,5.000000,50.080137,96.055457,74.834408,63.944545,3.000000
2026-05-10T08:42:53.275454605Z,0,per_hit,raw_percent_of_host,api-node1,api-node2,1,0,1,0.000000,50.008094,0.000000,50.008094,100.000000,100.000000,3.000000,5.000000,1.000000,3.000000,3.000000,5.000000,50.080137,99.868582,74.834408,69.538248,3.000000
2026-05-10T08:42:53.325870712Z,0,per_hit,raw_percent_of_host,api-node1,api-node2,0,1,1,72.228322,50.008094,72.228322,50.008094,100.000000,100.000000,4.000000,8.000000,2.000000,3.000000,4.000000,8.000000,50.045688,99.868582,57.360996,69.538248,3.000000
2026-05-10T08:42:53.376093072Z,0,per_hit,raw_percent_of_host,api-node1,api-node2,0,1,1,72.228322,49.988928,72.228322,49.988928,100.000000,100.000000,6.000000,9.000000,2.000000,4.000000,6.000000,9.000000,50.045688,100.950638,57.146823,69.488816,3.000000
2026-05-10T08:42:53.426248315Z,0,per_hit,raw_percent_of_host,api-node1,api-node2,0,1,1,72.228322,49.988928,72.228322,49.988928,100.000000,100.000000,6.000000,9.000000,2.000000,4.000000,6.000000,9.000000,50.045688,100.950638,57.146823,69.488816,3.000000
2026-05-10T08:42:53.475933241Z,0,per_hit,raw_percent_of_host,api-node1,api-node2,0,1,1,72.228322,49.988928,72.228322,49.988928,100.000000,100.000000,6.000000,7.000000,2.000000,4.000000,6.000000,7.000000,50.045688,100.950638,57.146823,69.488816,3.000000
2026-05-10T08:42:53.52544754Z,0,per_hit,raw_percent_of_host,api-node1,api-node2,0,1,1,100.000000,49.988928,100.000000,49.988928,100.000000,100.000000,1.000000,9.000000,7.000000,4.000000,1.000000,9.000000,70.625565,100.950638,49.941911,69.488816,3.000000
2026-05-10T08:42:53.575859269Z,0,per_hit,raw_percent_of_host,api-node1,api-node2,0,1,1,100.000000,49.914859,100.000000,49.914859,100.000000,100.000000,1.000000,7.000000,7.000000,5.000000,1.000000,7.000000,70.625565,218.923877,49.941911,64.053806,3.000000
2026-05-10T08:42:53.625575771Z,0,per_hit,raw_percent_of_host,api-node1,api-node2,1,0,1,67.511723,49.914859,67.511723,49.914859,100.000000,100.000000,0.000000,7.000000,2.000000,5.000000,0.000000,7.000000,50.046871,218.923877,66.649290,64.053806,3.000000
2026-05-10T08:42:53.676057514Z,0,per_hit,raw_percent_of_host,api-node1,api-node2,0,1,1,67.511723,49.686381,67.511723,49.686381,100.000000,100.000000,0.000000,2.000000,2.000000,4.000000,0.000000,2.000000,50.046871,120.859507,66.649290,68.619120,3.000000
2026-05-10T08:42:53.725390101Z,0,per_hit,raw_percent_of_host,api-node1,api-node2,1,0,1,0.000000,49.686381,0.000000,49.686381,100.000000,100.000000,0.000000,1.000000,1.000000,4.000000,0.000000,1.000000,50.024360,120.859507,75.000000,68.619120,3.000000
2026-05-10T08:42:53.826082237Z,0,per_hit,raw_percent_of_host,api-node1,api-node2,0,1,1,0.000000,0.000000,0.000000,0.000000,100.000000,100.000000,1.000000,0.000000,1.000000,1.000000,1.000000,0.000000,50.024360,79.519255,74.944565,75.000000,3.000000
2026-05-10T08:42:53.976084802Z,0,per_hit,raw_percent_of_host,api-node1,api-node2,1,0,1,0.000000,0.000000,0.000000,0.000000,100.000000,100.000000,0.000000,1.000000,1.000000,1.000000,0.000000,1.000000,50.053866,79.519255,75.000000,74.940685,3.000000
2026-05-10T08:42:54.026224547Z,0,per_hit,raw_percent_of_host,api-node1,api-node2,1,0,1,0.000000,55.257758,0.000000,55.257758,100.000000,100.000000,0.000000,2.000000,1.000000,2.000000,0.000000,2.000000,50.053866,79.519255,75.000000,71.024037,3.000000
2026-05-10T08:42:54.075857567Z,0,per_hit,raw_percent_of_host,api-node1,api-node2,1,0,1,35.250420,55.257758,35.250420,55.257758,100.000000,100.000000,2.000000,4.000000,2.000000,2.000000,2.000000,4.000000,50.053866,79.519255,71.373386,71.024037,3.000000
2026-05-10T08:42:54.126039252Z,0,per_hit,raw_percent_of_host,api-node1,api-node2,1,0,1,35.250420,55.257758,35.250420,55.257758,100.000000,100.000000,1.000000,4.000000,2.000000,2.000000,1.000000,4.000000,50.053866,79.519255,71.373386,71.024037,3.000000
2026-05-10T08:42:54.175532089Z,0,per_hit,raw_percent_of_host,api-node1,api-node2,1,0,1,35.250420,72.901495,35.250420,72.901495,100.000000,100.000000,1.000000,2.000000,2.000000,5.000000,1.000000,2.000000,50.053866,50.051110,71.373386,55.919518,3.000000
2026-05-10T08:42:54.226034536Z,0,per_hit,raw_percent_of_host,api-node1,api-node2,0,1,1,81.749165,72.901495,81.749165,72.901495,100.000000,100.000000,1.000000,6.000000,2.000000,5.000000,1.000000,6.000000,50.058678,50.051110,49.931222,55.494471,3.000000
2026-05-10T08:42:54.275379169Z,0,per_hit,raw_percent_of_host,api-node1,api-node2,0,1,1,81.749165,72.901495,81.749165,72.901495,100.000000,100.000000,1.000000,6.000000,2.000000,5.000000,1.000000,6.000000,50.058678,50.051110,49.931222,55.494471,3.000000
2026-05-10T08:42:54.325931009Z,0,per_hit,raw_percent_of_host,api-node1,api-node2,0,1,1,81.749165,72.901495,81.749165,72.901495,100.000000,100.000000,1.000000,7.000000,2.000000,5.000000,1.000000,7.000000,50.058678,50.051110,49.931222,55.390029,3.000000
2026-05-10T08:42:54.37585584Z,0,per_hit,raw_percent_of_host,api-node1,api-node2,0,1,1,81.749165,44.466466,81.749165,44.466466,100.000000,100.000000,5.000000,12.000000,2.000000,4.000000,5.000000,12.000000,50.058678,59.286311,49.659851,70.606842,3.000000
2026-05-10T08:42:54.425934232Z,0,per_hit,raw_percent_of_host,api-node1,api-node2,0,1,1,79.542752,44.466466,79.542752,44.466466,100.000000,100.000000,5.000000,12.000000,3.000000,4.000000,5.000000,12.000000,50.079269,59.286311,49.622028,70.606842,3.000000
2026-05-10T08:42:54.475466632Z,0,per_hit,raw_percent_of_host,api-node1,api-node2,0,1,1,79.542752,44.466466,79.542752,44.466466,100.000000,100.000000,5.000000,10.000000,3.000000,4.000000,5.000000,10.000000,50.079269,59.286311,49.622028,70.606842,3.000000
2026-05-10T08:42:54.525865905Z,0,per_hit,raw_percent_of_host,api-node1,api-node2,0,1,1,79.542752,44.466466,79.542752,44.466466,100.000000,100.000000,2.000000,10.000000,3.000000,4.000000,2.000000,10.000000,50.079269,59.286311,49.847427,70.606842,3.000000
2026-05-10T08:42:54.575275635Z,0,per_hit,raw_percent_of_host,api-node1,api-node2,0,1,1,79.542752,44.466466,79.542752,44.466466,100.000000,100.000000,1.000000,9.000000,3.000000,4.000000,1.000000,9.000000,50.079269,59.286311,49.923480,70.606842,3.000000
2026-05-10T08:42:54.625459008Z,0,per_hit,raw_percent_of_host,api-node1,api-node2,0,1,1,79.542752,44.466466,79.542752,44.466466,100.000000,100.000000,0.000000,9.000000,3.000000,4.000000,0.000000,9.000000,50.079269,59.286311,50.000000,70.606842,3.000000
2026-05-10T08:42:54.675833028Z,0,per_hit,raw_percent_of_host,api-node1,api-node2,0,1,1,69.824199,50.012051,69.824199,50.012051,100.000000,100.000000,0.000000,4.000000,1.000000,7.000000,0.000000,4.000000,50.047591,58.939608,62.826755,71.460123,3.000000
2026-05-10T08:42:54.726012361Z,0,per_hit,raw_percent_of_host,api-node1,api-node2,0,1,1,69.824199,50.012051,69.824199,50.012051,100.000000,100.000000,0.000000,4.000000,1.000000,7.000000,0.000000,4.000000,50.047591,58.939608,62.826755,71.460123,3.000000
2026-05-10T08:42:54.825928497Z,0,per_hit,raw_percent_of_host,api-node1,api-node2,0,1,1,0.000000,0.000000,0.000000,0.000000,100.000000,100.000000,1.000000,0.000000,1.000000,1.000000,1.000000,0.000000,50.047591,79.927660,74.944562,75.000000,3.000000
2026-05-10T08:42:54.975680433Z,0,per_hit,raw_percent_of_host,api-node1,api-node2,0,1,1,0.000000,19.922077,0.000000,19.922077,100.000000,100.000000,1.000000,0.000000,1.000000,1.000000,1.000000,0.000000,50.058227,79.927660,74.944560,75.000000,3.000000
2026-05-10T08:42:55.025524479Z,0,per_hit,raw_percent_of_host,api-node1,api-node2,1,0,1,0.000000,0.000000,0.000000,0.000000,100.000000,100.000000,1.000000,1.000000,1.000000,1.000000,1.000000,1.000000,50.058227,79.927660,74.944560,74.940628,3.000000
2026-05-10T08:42:55.075527863Z,0,per_hit,raw_percent_of_host,api-node1,api-node2,0,1,1,49.881154,0.000000,49.881154,0.000000,100.000000,100.000000,2.000000,4.000000,2.000000,1.000000,2.000000,4.000000,50.100946,79.927660,71.911513,74.764191,3.000000
2026-05-10T08:42:55.126199735Z,0,per_hit,raw_percent_of_host,api-node1,api-node2,0,1,1,49.881154,0.000000,49.881154,0.000000,100.000000,100.000000,1.000000,3.000000,2.000000,1.000000,1.000000,3.000000,50.100946,79.927660,71.911513,74.822725,3.000000
2026-05-10T08:42:55.175690582Z,0,per_hit,raw_percent_of_host,api-node1,api-node2,0,1,1,77.889162,91.165224,77.889162,91.165224,100.000000,100.000000,1.000000,1.000000,1.000000,2.000000,1.000000,1.000000,50.048183,99.039150,49.916431,49.937805,3.000000
2026-05-10T08:42:55.225284711Z,0,per_hit,raw_percent_of_host,api-node1,api-node2,1,0,1,65.576169,91.165224,65.576169,91.165224,100.000000,100.000000,5.000000,2.000000,2.000000,2.000000,5.000000,2.000000,50.048183,99.039150,68.754843,49.875918,3.000000
2026-05-10T08:42:55.275573734Z,0,per_hit,raw_percent_of_host,api-node1,api-node2,1,0,1,65.576169,37.661136,65.576169,37.661136,100.000000,100.000000,5.000000,3.000000,2.000000,2.000000,5.000000,3.000000,50.048183,91.710510,68.754843,68.226454,3.000000
2026-05-10T08:42:55.326207038Z,0,per_hit,raw_percent_of_host,api-node1,api-node2,1,0,1,65.576169,37.661136,65.576169,37.661136,100.000000,100.000000,7.000000,5.000000,2.000000,2.000000,7.000000,5.000000,50.048183,91.710510,68.543499,68.226454,3.000000
2026-05-10T08:42:55.3756736Z,0,per_hit,raw_percent_of_host,api-node1,api-node2,0,1,1,98.157355,44.494786,98.157355,44.494786,100.000000,100.000000,5.000000,9.000000,4.000000,3.000000,5.000000,9.000000,101.456030,50.059305,49.690244,71.190964,3.000000
2026-05-10T08:42:55.426160422Z,0,per_hit,raw_percent_of_host,api-node1,api-node2,0,1,1,99.555737,44.494786,99.555737,44.494786,100.000000,100.000000,4.000000,9.000000,4.000000,3.000000,4.000000,9.000000,50.055836,50.059305,49.779709,71.190964,3.000000
2026-05-10T08:42:55.47611858Z,0,per_hit,raw_percent_of_host,api-node1,api-node2,0,1,1,99.555737,44.494786,99.555737,44.494786,100.000000,100.000000,1.000000,7.000000,4.000000,3.000000,1.000000,7.000000,50.055836,50.059305,49.944561,71.190964,3.000000
2026-05-10T08:42:55.525932565Z,0,per_hit,raw_percent_of_host,api-node1,api-node2,0,1,1,99.555737,44.494786,99.555737,44.494786,100.000000,100.000000,2.000000,7.000000,4.000000,3.000000,2.000000,7.000000,50.055836,50.059305,49.889367,71.190964,3.000000
2026-05-10T08:42:55.576300106Z,0,per_hit,raw_percent_of_host,api-node1,api-node2,0,1,1,99.555737,44.494786,99.555737,44.494786,100.000000,100.000000,2.000000,8.000000,4.000000,3.000000,2.000000,8.000000,50.055836,50.059305,49.889367,71.190964,3.000000
2026-05-10T08:42:55.625857889Z,0,per_hit,raw_percent_of_host,api-node1,api-node2,0,1,1,99.555737,47.239546,99.555737,47.239546,100.000000,100.000000,1.000000,7.000000,4.000000,4.000000,1.000000,7.000000,50.055836,58.698121,49.944561,71.101408,3.000000
2026-05-10T08:42:55.675937282Z,0,per_hit,raw_percent_of_host,api-node1,api-node2,1,0,1,0.000000,58.167359,0.000000,58.167359,100.000000,100.000000,1.000000,1.000000,1.000000,2.000000,1.000000,1.000000,50.066236,80.307464,74.944559,70.984627,3.000000
2026-05-10T08:42:55.726091566Z,0,per_hit,raw_percent_of_host,api-node1,api-node2,1,0,1,0.000000,58.167359,0.000000,58.167359,100.000000,100.000000,1.000000,1.000000,1.000000,2.000000,1.000000,1.000000,50.066236,80.307464,74.944559,70.984627,3.000000
2026-05-10T08:42:55.775979141Z,0,per_hit,raw_percent_of_host,api-node1,api-node2,0,1,1,0.000000,0.000000,0.000000,0.000000,100.000000,100.000000,1.000000,0.000000,1.000000,1.000000,1.000000,0.000000,50.066236,98.516261,74.944559,75.000000,3.000000
2026-05-10T08:42:55.826085493Z,0,per_hit,raw_percent_of_host,api-node1,api-node2,0,1,1,26.006916,0.000000,26.006916,0.000000,100.000000,100.000000,1.000000,0.000000,1.000000,1.000000,1.000000,0.000000,50.066236,98.516261,74.225504,75.000000,3.000000
2026-05-10T08:42:55.975905105Z,0,per_hit,raw_percent_of_host,api-node1,api-node2,0,1,1,0.000000,0.000000,0.000000,0.000000,100.000000,100.000000,1.000000,0.000000,1.000000,1.000000,1.000000,0.000000,50.040708,98.516261,74.944563,75.000000,3.000000
2026-05-10T08:42:56.025858871Z,0,per_hit,raw_percent_of_host,api-node1,api-node2,0,1,1,52.418000,0.000000,52.418000,0.000000,100.000000,100.000000,1.000000,0.000000,2.000000,1.000000,1.000000,0.000000,50.040708,98.516261,72.167890,75.000000,3.000000
2026-05-10T08:42:56.076082091Z,0,per_hit,raw_percent_of_host,api-node1,api-node2,0,1,1,47.519183,0.000000,47.519183,0.000000,100.000000,100.000000,3.000000,2.000000,1.000000,1.000000,3.000000,2.000000,50.081449,98.516261,71.632356,74.876079,3.000000
2026-05-10T08:42:56.125768988Z,0,per_hit,raw_percent_of_host,api-node1,api-node2,0,1,1,47.519183,0.000000,47.519183,0.000000,100.000000,100.000000,2.000000,2.000000,1.000000,1.000000,2.000000,2.000000,50.081449,98.516261,71.632356,74.876079,3.000000
2026-05-10T08:42:56.176082778Z,0,per_hit,raw_percent_of_host,api-node1,api-node2,0,1,1,71.538948,0.000000,71.538948,0.000000,100.000000,100.000000,1.000000,0.000000,1.000000,1.000000,1.000000,0.000000,50.070027,50.059085,59.262572,75.000000,3.000000
2026-05-10T08:42:56.22625317Z,0,per_hit,raw_percent_of_host,api-node1,api-node2,0,1,1,71.538948,0.000000,71.538948,0.000000,100.000000,100.000000,4.000000,3.000000,1.000000,1.000000,4.000000,3.000000,50.070027,50.059085,58.932791,74.834415,3.000000
2026-05-10T08:42:56.275991979Z,0,per_hit,raw_percent_of_host,api-node1,api-node2,0,1,1,100.000000,0.000000,100.000000,0.000000,100.000000,100.000000,4.000000,2.000000,2.000000,1.000000,4.000000,2.000000,50.061701,50.059085,49.779706,74.889366,3.000000
2026-05-10T08:42:56.325594837Z,0,per_hit,raw_percent_of_host,api-node1,api-node2,0,1,1,98.296801,0.000000,98.296801,0.000000,100.000000,100.000000,4.000000,4.000000,3.000000,1.000000,4.000000,4.000000,59.960466,50.059085,49.774795,74.779707,3.000000
2026-05-10T08:42:56.375675839Z,0,per_hit,raw_percent_of_host,api-node1,api-node2,0,1,1,99.505765,51.642736,99.505765,51.642736,100.000000,100.000000,4.000000,9.000000,2.000000,2.000000,4.000000,9.000000,50.049954,93.690753,49.779711,70.061643,3.000000
2026-05-10T08:42:56.425848588Z,0,per_hit,raw_percent_of_host,api-node1,api-node2,0,1,1,99.505765,51.642736,99.505765,51.642736,100.000000,100.000000,3.000000,8.000000,2.000000,2.000000,3.000000,8.000000,50.049954,93.690753,49.834419,70.061643,3.000000
2026-05-10T08:42:56.475708289Z,0,per_hit,raw_percent_of_host,api-node1,api-node2,0,1,1,99.230551,40.122458,99.230551,40.122458,100.000000,100.000000,0.000000,8.000000,2.000000,2.000000,0.000000,8.000000,50.044167,98.343758,50.000000,67.179519,3.000000
2026-05-10T08:42:56.525303695Z,0,per_hit,raw_percent_of_host,api-node1,api-node2,0,1,1,99.230551,40.122458,99.230551,40.122458,100.000000,100.000000,1.000000,9.000000,2.000000,2.000000,1.000000,9.000000,50.044167,98.343758,49.944562,67.179519,3.000000
2026-05-10T08:42:56.575705556Z,0,per_hit,raw_percent_of_host,api-node1,api-node2,0,1,1,99.230551,40.122458,99.230551,40.122458,100.000000,100.000000,2.000000,8.000000,2.000000,2.000000,2.000000,8.000000,50.044167,98.343758,49.889370,67.179519,3.000000
2026-05-10T08:42:56.626259275Z,0,per_hit,raw_percent_of_host,api-node1,api-node2,0,1,1,99.230551,40.122458,99.230551,40.122458,100.000000,100.000000,0.000000,8.000000,2.000000,2.000000,0.000000,8.000000,50.044167,98.343758,50.000000,67.179519,3.000000
2026-05-10T08:42:56.675824486Z,0,per_hit,raw_percent_of_host,api-node1,api-node2,1,0,1,38.325149,58.955551,38.325149,58.955551,100.000000,100.000000,0.000000,2.000000,1.000000,5.000000,0.000000,2.000000,50.059128,300.314681,70.586489,59.984266,3.000000
2026-05-10T08:42:56.725979285Z,0,per_hit,raw_percent_of_host,api-node1,api-node2,1,0,1,38.325149,58.955551,38.325149,58.955551,100.000000,100.000000,0.000000,2.000000,1.000000,5.000000,0.000000,2.000000,50.059128,300.314681,70.586489,59.984266,3.000000
2026-05-10T08:42:56.826009929Z,0,per_hit,raw_percent_of_host,api-node1,api-node2,1,0,1,0.000000,0.000000,0.000000,0.000000,100.000000,100.000000,0.000000,1.000000,1.000000,1.000000,0.000000,1.000000,50.059128,78.970037,75.000000,74.940762,3.000000
2026-05-10T08:42:56.975694494Z,0,per_hit,raw_percent_of_host,api-node1,api-node2,1,0,1,0.000000,0.000000,0.000000,0.000000,100.000000,100.000000,0.000000,1.000000,1.000000,1.000000,0.000000,1.000000,50.059128,50.080604,75.000000,74.944558,3.000000
2026-05-10T08:42:57.025847343Z,0,per_hit,raw_percent_of_host,api-node1,api-node2,1,0,1,0.000000,56.093569,0.000000,56.093569,100.000000,100.000000,1.000000,1.000000,1.000000,2.000000,1.000000,1.000000,50.059128,50.080604,74.944560,72.466964,3.000000
2026-05-10T08:42:57.075254964Z,0,per_hit,raw_percent_of_host,api-node1,api-node2,1,0,1,0.000000,56.093569,0.000000,56.093569,100.000000,100.000000,4.000000,1.000000,1.000000,2.000000,4.000000,1.000000,50.059128,50.080604,74.779707,72.466964,3.000000
2026-05-10T08:42:57.125475762Z,0,per_hit,raw_percent_of_host,api-node1,api-node2,0,1,1,74.005772,49.625053,74.005772,49.625053,100.000000,100.000000,3.000000,1.000000,4.000000,2.000000,3.000000,1.000000,50.059128,50.072532,52.795275,71.884944,3.000000
2026-05-10T08:42:57.175286662Z,0,per_hit,raw_percent_of_host,api-node1,api-node2,0,1,1,99.027744,56.878567,99.027744,56.878567,100.000000,100.000000,1.000000,0.000000,2.000000,1.000000,1.000000,0.000000,50.077528,66.200003,49.944558,71.690000,3.000000
2026-05-10T08:42:57.225508156Z,0,per_hit,raw_percent_of_host,api-node1,api-node2,0,1,1,74.282903,19.741186,74.282903,19.741186,100.000000,100.000000,2.000000,5.000000,2.000000,1.000000,2.000000,5.000000,50.023072,66.200003,52.074551,74.715132,3.000000
2026-05-10T08:42:57.276237466Z,0,per_hit,raw_percent_of_host,api-node1,api-node2,0,1,1,99.064298,42.236684,99.064298,42.236684,100.000000,100.000000,3.000000,4.000000,3.000000,3.000000,3.000000,4.000000,50.061069,66.200003,49.834415,69.702955,3.000000
2026-05-10T08:42:57.325622556Z,0,per_hit,raw_percent_of_host,api-node1,api-node2,0,1,1,97.956519,42.236684,97.956519,42.236684,100.000000,100.000000,4.000000,5.000000,1.000000,3.000000,4.000000,5.000000,50.071132,66.200003,49.779701,69.702955,3.000000
2026-05-10T08:42:57.375258707Z,0,per_hit,raw_percent_of_host,api-node1,api-node2,0,1,1,97.956519,59.453330,97.956519,59.453330,100.000000,100.000000,6.000000,8.000000,1.000000,3.000000,6.000000,8.000000,50.071132,97.125367,49.671001,70.143732,3.000000
2026-05-10T08:42:57.425770112Z,0,per_hit,raw_percent_of_host,api-node1,api-node2,0,1,1,97.956519,59.453330,97.956519,59.453330,100.000000,100.000000,5.000000,8.000000,1.000000,3.000000,5.000000,8.000000,50.071132,97.125367,49.725232,70.143732,3.000000
2026-05-10T08:42:57.475535917Z,0,per_hit,raw_percent_of_host,api-node1,api-node2,0,1,1,83.013103,59.453330,83.013103,59.453330,100.000000,100.000000,1.000000,7.000000,5.000000,3.000000,1.000000,7.000000,100.447800,97.125367,49.934989,70.143732,3.000000
2026-05-10T08:42:57.52522773Z,0,per_hit,raw_percent_of_host,api-node1,api-node2,0,1,1,83.013103,59.453330,83.013103,59.453330,100.000000,100.000000,2.000000,7.000000,5.000000,3.000000,2.000000,7.000000,100.447800,97.125367,49.870316,70.143732,3.000000
2026-05-10T08:42:57.575384879Z,0,per_hit,raw_percent_of_host,api-node1,api-node2,0,1,1,83.013103,49.491841,83.013103,49.491841,100.000000,100.000000,1.000000,3.000000,5.000000,6.000000,1.000000,3.000000,100.447800,220.471742,49.934989,63.976413,3.000000
2026-05-10T08:42:57.626160592Z,0,per_hit,raw_percent_of_host,api-node1,api-node2,0,1,1,87.188055,49.491841,87.188055,49.491841,100.000000,100.000000,0.000000,3.000000,1.000000,6.000000,0.000000,3.000000,50.052835,220.471742,50.000000,63.976413,3.000000
2026-05-10T08:42:57.676086517Z,0,per_hit,raw_percent_of_host,api-node1,api-node2,1,0,1,0.000000,38.180985,0.000000,38.180985,100.000000,100.000000,0.000000,1.000000,1.000000,2.000000,0.000000,1.000000,50.052835,99.247986,75.000000,67.607299,3.000000
2026-05-10T08:42:57.725276844Z,0,per_hit,raw_percent_of_host,api-node1,api-node2,1,0,1,0.000000,38.180985,0.000000,38.180985,100.000000,100.000000,0.000000,1.000000,1.000000,2.000000,0.000000,1.000000,50.052835,99.247986,75.000000,67.607299,3.000000
2026-05-10T08:42:57.826154368Z,0,per_hit,raw_percent_of_host,api-node1,api-node2,0,1,1,0.000000,0.000000,0.000000,0.000000,100.000000,100.000000,1.000000,0.000000,1.000000,1.000000,1.000000,0.000000,50.052835,98.724275,74.944561,75.000000,3.000000
2026-05-10T08:42:57.975689566Z,0,per_hit,raw_percent_of_host,api-node1,api-node2,0,1,1,0.000000,0.000000,0.000000,0.000000,100.000000,100.000000,1.000000,0.000000,1.000000,1.000000,1.000000,0.000000,50.094803,98.724275,74.944556,75.000000,3.000000
2026-05-10T08:42:58.026155022Z,0,per_hit,raw_percent_of_host,api-node1,api-node2,0,1,1,69.567928,19.737218,69.567928,19.737218,100.000000,100.000000,2.000000,0.000000,2.000000,1.000000,2.000000,0.000000,50.094803,98.724275,63.069418,75.000000,3.000000
2026-05-10T08:42:58.075654265Z,0,per_hit,raw_percent_of_host,api-node1,api-node2,0,1,1,69.567928,19.737218,69.567928,19.737218,100.000000,100.000000,4.000000,1.000000,2.000000,1.000000,4.000000,1.000000,50.094803,98.724275,62.848427,74.937854,3.000000
2026-05-10T08:42:58.126224813Z,0,per_hit,raw_percent_of_host,api-node1,api-node2,0,1,1,99.050039,31.540908,99.050039,31.540908,100.000000,100.000000,3.000000,0.000000,4.000000,2.000000,3.000000,0.000000,50.053387,98.724275,49.834418,69.950453,3.000000
2026-05-10T08:42:58.175432212Z,0,per_hit,raw_percent_of_host,api-node1,api-node2,0,1,1,98.784182,54.278390,98.784182,54.278390,100.000000,100.000000,0.000000,1.000000,2.000000,1.000000,0.000000,1.000000,50.046924,50.066427,50.000000,72.327391,3.000000
2026-05-10T08:42:58.225737138Z,0,per_hit,raw_percent_of_host,api-node1,api-node2,1,0,1,46.311963,42.983905,46.311963,42.983905,100.000000,100.000000,1.000000,4.000000,1.000000,2.000000,1.000000,4.000000,50.317563,50.066427,71.454254,70.922655,3.000000
2026-05-10T08:42:58.275525499Z,0,per_hit,raw_percent_of_host,api-node1,api-node2,1,0,1,18.133736,88.612624,18.133736,88.612624,100.000000,100.000000,0.000000,6.000000,2.000000,3.000000,0.000000,6.000000,50.317563,50.055407,75.000000,49.671013,3.000000
2026-05-10T08:42:58.326147956Z,0,per_hit,raw_percent_of_host,api-node1,api-node2,1,0,1,69.775263,88.612624,69.775263,88.612624,100.000000,100.000000,4.000000,7.000000,1.000000,3.000000,4.000000,7.000000,50.059257,50.055407,62.472031,49.617021,3.000000
2026-05-10T08:42:58.375658113Z,0,per_hit,raw_percent_of_host,api-node1,api-node2,1,0,1,69.775263,88.612624,69.775263,88.612624,100.000000,100.000000,8.000000,9.000000,1.000000,3.000000,8.000000,9.000000,50.059257,50.055407,62.037672,49.509745,3.000000
2026-05-10T08:42:58.425595375Z,0,per_hit,raw_percent_of_host,api-node1,api-node2,1,0,1,69.775263,88.612624,69.775263,88.612624,100.000000,100.000000,7.000000,9.000000,1.000000,3.000000,7.000000,9.000000,50.059257,50.055407,62.145315,49.509745,3.000000
2026-05-10T08:42:58.476046306Z,0,per_hit,raw_percent_of_host,api-node1,api-node2,0,1,1,69.775263,47.388786,69.775263,47.388786,100.000000,100.000000,5.000000,7.000000,1.000000,6.000000,5.000000,7.000000,50.059257,130.352485,62.362489,67.761288,3.000000
2026-05-10T08:42:58.525441293Z,0,per_hit,raw_percent_of_host,api-node1,api-node2,0,1,1,78.611638,47.388786,78.611638,47.388786,100.000000,100.000000,2.000000,8.000000,3.000000,6.000000,2.000000,8.000000,61.723249,130.352485,49.839843,67.761288,3.000000
2026-05-10T08:42:58.575734657Z,0,per_hit,raw_percent_of_host,api-node1,api-node2,0,1,1,78.611638,47.388786,78.611638,47.388786,100.000000,100.000000,0.000000,4.000000,3.000000,6.000000,0.000000,4.000000,61.723249,130.352485,50.000000,67.761288,3.000000
2026-05-10T08:42:58.625884713Z,0,per_hit,raw_percent_of_host,api-node1,api-node2,0,1,1,78.611638,47.388786,78.611638,47.388786,100.000000,100.000000,0.000000,4.000000,3.000000,6.000000,0.000000,4.000000,61.723249,130.352485,50.000000,67.761288,3.000000
2026-05-10T08:42:58.675296588Z,0,per_hit,raw_percent_of_host,api-node1,api-node2,1,0,1,52.070497,100.000000,52.070497,100.000000,100.000000,100.000000,0.000000,1.000000,1.000000,2.000000,0.000000,1.000000,50.048553,100.430325,72.135302,49.937589,3.000000
2026-05-10T08:42:58.725707046Z,0,per_hit,raw_percent_of_host,api-node1,api-node2,1,0,1,0.000000,100.000000,0.000000,100.000000,100.000000,100.000000,0.000000,1.000000,1.000000,2.000000,0.000000,1.000000,50.048553,100.430325,75.000000,49.937589,3.000000
2026-05-10T08:42:58.825775051Z,0,per_hit,raw_percent_of_host,api-node1,api-node2,0,1,1,0.000000,0.000000,0.000000,0.000000,100.000000,100.000000,1.000000,0.000000,1.000000,1.000000,1.000000,0.000000,50.048553,50.070765,74.944562,75.000000,3.000000
2026-05-10T08:42:58.976150727Z,0,per_hit,raw_percent_of_host,api-node1,api-node2,1,0,1,0.000000,0.000000,0.000000,0.000000,100.000000,100.000000,0.000000,1.000000,1.000000,1.000000,0.000000,1.000000,50.054706,50.070765,75.000000,74.944559,3.000000
2026-05-10T08:42:59.025816886Z,0,per_hit,raw_percent_of_host,api-node1,api-node2,1,0,1,0.000000,0.000000,0.000000,0.000000,100.000000,100.000000,1.000000,1.000000,1.000000,1.000000,1.000000,1.000000,50.054706,50.070765,74.944561,74.944559,3.000000
2026-05-10T08:42:59.075749861Z,0,per_hit,raw_percent_of_host,api-node1,api-node2,1,0,1,0.000000,0.000000,0.000000,0.000000,100.000000,100.000000,2.000000,3.000000,1.000000,1.000000,2.000000,3.000000,50.054706,50.070765,74.889367,74.834411,3.000000
2026-05-10T08:42:59.125297665Z,0,per_hit,raw_percent_of_host,api-node1,api-node2,1,0,1,0.000000,0.000000,0.000000,0.000000,100.000000,100.000000,1.000000,2.000000,1.000000,1.000000,1.000000,2.000000,50.054706,50.070765,74.944561,74.889363,3.000000
2026-05-10T08:42:59.176115944Z,0,per_hit,raw_percent_of_host,api-node1,api-node2,1,0,1,0.000000,0.000000,0.000000,0.000000,100.000000,100.000000,0.000000,1.000000,1.000000,1.000000,0.000000,1.000000,50.054706,50.070765,75.000000,74.944559,3.000000
2026-05-10T08:42:59.225503859Z,0,per_hit,raw_percent_of_host,api-node1,api-node2,1,0,1,0.000000,20.026229,0.000000,20.026229,100.000000,100.000000,0.000000,1.000000,1.000000,1.000000,0.000000,1.000000,50.054706,50.070765,75.000000,74.944559,3.000000
2026-05-10T08:42:59.275446731Z,0,per_hit,raw_percent_of_host,api-node1,api-node2,0,1,1,33.917081,56.488546,33.917081,56.488546,100.000000,100.000000,3.000000,4.000000,1.000000,1.000000,3.000000,4.000000,50.053058,56.689587,71.633608,72.165521,3.000000
2026-05-10T08:42:59.325289418Z,0,per_hit,raw_percent_of_host,api-node1,api-node2,0,1,1,62.767985,56.488546,62.767985,56.488546,100.000000,100.000000,3.000000,7.000000,4.000000,1.000000,3.000000,7.000000,50.053058,56.689587,71.958840,72.165521,3.000000
2026-05-10T08:42:59.376007933Z,0,per_hit,raw_percent_of_host,api-node1,api-node2,0,1,1,100.000000,50.206441,100.000000,50.206441,100.000000,100.000000,7.000000,7.000000,3.000000,4.000000,7.000000,7.000000,50.617494,56.689587,49.616550,71.599563,3.000000
2026-05-10T08:42:59.425944059Z,0,per_hit,raw_percent_of_host,api-node1,api-node2,0,1,1,100.000000,50.206441,100.000000,50.206441,100.000000,100.000000,5.000000,7.000000,3.000000,4.000000,5.000000,7.000000,50.617494,56.689587,49.724901,71.599563,3.000000
2026-05-10T08:42:59.476102718Z,0,per_hit,raw_percent_of_host,api-node1,api-node2,0,1,1,100.000000,49.515388,100.000000,49.515388,100.000000,100.000000,5.000000,6.000000,3.000000,3.000000,5.000000,6.000000,50.617494,98.852625,49.724901,69.496844,3.000000
2026-05-10T08:42:59.525862827Z,0,per_hit,raw_percent_of_host,api-node1,api-node2,0,1,1,69.707179,49.515388,69.707179,49.515388,100.000000,100.000000,0.000000,8.000000,3.000000,3.000000,0.000000,8.000000,63.507810,98.852625,63.041117,69.496844,3.000000
2026-05-10T08:42:59.575372126Z,0,per_hit,raw_percent_of_host,api-node1,api-node2,0,1,1,69.707179,64.211856,69.707179,64.211856,100.000000,100.000000,0.000000,4.000000,3.000000,4.000000,0.000000,4.000000,63.507810,139.297477,63.041117,67.677629,3.000000
2026-05-10T08:42:59.625750178Z,0,per_hit,raw_percent_of_host,api-node1,api-node2,1,0,1,29.276735,64.211856,29.276735,64.211856,100.000000,100.000000,0.000000,4.000000,1.000000,4.000000,0.000000,4.000000,50.059472,139.297477,72.305877,67.677629,3.000000
2026-05-10T08:42:59.675770352Z,0,per_hit,raw_percent_of_host,api-node1,api-node2,1,0,1,0.000000,37.534162,0.000000,37.534162,100.000000,100.000000,0.000000,1.000000,1.000000,2.000000,0.000000,1.000000,50.059472,100.532742,75.000000,67.816001,3.000000
2026-05-10T08:42:59.825458654Z,0,per_hit,raw_percent_of_host,api-node1,api-node2,0,1,1,0.000000,0.000000,0.000000,0.000000,100.000000,100.000000,1.000000,0.000000,1.000000,1.000000,1.000000,0.000000,50.059472,50.072206,74.944560,75.000000,3.000000
2026-05-10T08:42:59.975923858Z,0,per_hit,raw_percent_of_host,api-node1,api-node2,0,1,1,0.000000,0.000000,0.000000,0.000000,100.000000,100.000000,1.000000,0.000000,1.000000,1.000000,1.000000,0.000000,50.046661,50.072206,74.944562,75.000000,3.000000
2026-05-10T08:43:00.026009196Z,0,per_hit,raw_percent_of_host,api-node1,api-node2,0,1,1,57.884961,0.000000,57.884961,0.000000,100.000000,100.000000,1.000000,1.000000,2.000000,1.000000,1.000000,1.000000,50.046661,50.072206,72.497667,74.944559,3.000000
2026-05-10T08:43:00.075457737Z,0,per_hit,raw_percent_of_host,api-node1,api-node2,0,1,1,41.763004,0.000000,41.763004,0.000000,100.000000,100.000000,2.000000,3.000000,1.000000,1.000000,2.000000,3.000000,50.065276,50.072206,70.677123,74.834411,3.000000
2026-05-10T08:43:00.125693907Z,0,per_hit,raw_percent_of_host,api-node1,api-node2,0,1,1,41.763004,0.000000,41.763004,0.000000,100.000000,100.000000,1.000000,3.000000,1.000000,1.000000,1.000000,3.000000,50.065276,50.072206,70.677123,74.834411,3.000000
2026-05-10T08:43:00.175701855Z,0,per_hit,raw_percent_of_host,api-node1,api-node2,0,1,1,41.763004,51.518619,41.763004,51.518619,100.000000,100.000000,1.000000,1.000000,1.000000,4.000000,1.000000,1.000000,50.065276,50.072206,70.677123,72.081424,3.000000
2026-05-10T08:43:00.225441518Z,0,per_hit,raw_percent_of_host,api-node1,api-node2,0,1,1,76.743597,51.518619,76.743597,51.518619,100.000000,100.000000,1.000000,5.000000,2.000000,4.000000,1.000000,5.000000,50.087073,50.072206,49.910733,72.081424,3.000000
2026-05-10T08:43:00.275931427Z,0,per_hit,raw_percent_of_host,api-node1,api-node2,0,1,1,76.743597,51.518619,76.743597,51.518619,100.000000,100.000000,2.000000,5.000000,2.000000,4.000000,2.000000,5.000000,50.087073,50.072206,49.822102,72.081424,3.000000
2026-05-10T08:43:00.325307481Z,0,per_hit,raw_percent_of_host,api-node1,api-node2,0,1,1,76.743597,51.518619,76.743597,51.518619,100.000000,100.000000,3.000000,7.000000,2.000000,4.000000,3.000000,7.000000,50.087073,50.072206,49.734099,72.081424,3.000000
2026-05-10T08:43:00.375503808Z,0,per_hit,raw_percent_of_host,api-node1,api-node2,0,1,1,76.743597,51.518619,76.743597,51.518619,100.000000,100.000000,7.000000,10.000000,2.000000,4.000000,7.000000,10.000000,50.087073,50.072206,49.388240,72.081424,3.000000
2026-05-10T08:43:00.425673078Z,0,per_hit,raw_percent_of_host,api-node1,api-node2,0,1,1,76.743597,49.993802,76.743597,49.993802,100.000000,100.000000,7.000000,7.000000,2.000000,4.000000,7.000000,7.000000,50.087073,59.414201,49.388240,71.433452,3.000000
2026-05-10T08:43:00.475773629Z,0,per_hit,raw_percent_of_host,api-node1,api-node2,0,1,1,76.743597,49.993802,76.743597,49.993802,100.000000,100.000000,7.000000,6.000000,2.000000,4.000000,7.000000,6.000000,50.087073,59.414201,49.388240,71.433452,3.000000
2026-05-10T08:43:00.525949101Z,0,per_hit,raw_percent_of_host,api-node1,api-node2,0,1,1,64.970654,49.993802,64.970654,49.993802,100.000000,100.000000,2.000000,7.000000,6.000000,4.000000,2.000000,7.000000,108.318255,59.414201,68.684732,71.433452,3.000000
2026-05-10T08:43:00.576008635Z,0,per_hit,raw_percent_of_host,api-node1,api-node2,0,1,1,99.693015,50.017296,99.693015,50.017296,100.000000,100.000000,1.000000,7.000000,2.000000,4.000000,1.000000,7.000000,69.535256,58.862740,49.942058,71.464723,3.000000
2026-05-10T08:43:00.625770997Z,0,per_hit,raw_percent_of_host,api-node1,api-node2,0,1,1,99.693015,50.017296,99.693015,50.017296,100.000000,100.000000,0.000000,7.000000,2.000000,4.000000,0.000000,7.000000,69.535256,58.862740,50.000000,71.464723,3.000000
2026-05-10T08:43:00.676290388Z,0,per_hit,raw_percent_of_host,api-node1,api-node2,0,1,1,99.693015,57.733183,99.693015,57.733183,100.000000,100.000000,0.000000,2.000000,2.000000,3.000000,0.000000,2.000000,69.535256,140.477493,50.000000,67.976125,3.000000
2026-05-10T08:43:00.725713106Z,0,per_hit,raw_percent_of_host,api-node1,api-node2,1,0,1,0.000000,57.733183,0.000000,57.733183,100.000000,100.000000,0.000000,2.000000,1.000000,3.000000,0.000000,2.000000,50.090656,140.477493,75.000000,67.976125,3.000000
2026-05-10T08:43:00.825545796Z,0,per_hit,raw_percent_of_host,api-node1,api-node2,0,1,1,0.000000,0.000000,0.000000,0.000000,100.000000,100.000000,1.000000,0.000000,1.000000,1.000000,1.000000,0.000000,50.090656,79.683865,74.944556,75.000000,3.000000
2026-05-10T08:43:00.975604681Z,0,per_hit,raw_percent_of_host,api-node1,api-node2,0,1,1,0.000000,0.000000,0.000000,0.000000,100.000000,100.000000,1.000000,0.000000,1.000000,1.000000,1.000000,0.000000,50.076199,79.683865,74.944558,75.000000,3.000000
2026-05-10T08:43:01.026164451Z,0,per_hit,raw_percent_of_host,api-node1,api-node2,0,1,1,39.415848,0.000000,39.415848,0.000000,100.000000,100.000000,2.000000,0.000000,2.000000,1.000000,2.000000,0.000000,50.076199,79.683865,70.217342,75.000000,3.000000
2026-05-10T08:43:01.076151988Z,0,per_hit,raw_percent_of_host,api-node1,api-node2,0,1,1,99.212384,34.575639,99.212384,34.575639,100.000000,100.000000,3.000000,2.000000,2.000000,2.000000,3.000000,2.000000,66.618496,79.683865,49.828132,69.867993,3.000000
2026-05-10T08:43:01.126149206Z,0,per_hit,raw_percent_of_host,api-node1,api-node2,0,1,1,97.558187,34.575639,97.558187,34.575639,100.000000,100.000000,1.000000,1.000000,2.000000,2.000000,1.000000,1.000000,50.041781,79.683865,49.944562,69.867993,3.000000
2026-05-10T08:43:01.175872186Z,0,per_hit,raw_percent_of_host,api-node1,api-node2,0,1,1,50.641013,0.000000,50.641013,0.000000,100.000000,100.000000,0.000000,1.000000,1.000000,1.000000,0.000000,1.000000,50.046815,55.827065,71.994886,74.943842,3.000000
2026-05-10T08:43:01.22606959Z,0,per_hit,raw_percent_of_host,api-node1,api-node2,0,1,1,0.000000,0.000000,0.000000,0.000000,100.000000,100.000000,4.000000,2.000000,1.000000,1.000000,4.000000,2.000000,50.046815,55.827065,74.779713,74.887936,3.000000
2026-05-10T08:43:01.275639841Z,0,per_hit,raw_percent_of_host,api-node1,api-node2,1,0,1,0.000000,83.219264,0.000000,83.219264,100.000000,100.000000,4.000000,2.000000,1.000000,3.000000,4.000000,2.000000,50.046815,55.827065,74.779713,49.871461,3.000000
2026-05-10T08:43:01.325771158Z,0,per_hit,raw_percent_of_host,api-node1,api-node2,1,0,1,99.118080,83.219264,99.118080,83.219264,100.000000,100.000000,3.000000,6.000000,3.000000,3.000000,3.000000,6.000000,61.207876,55.827065,49.830237,49.618309,3.000000
2026-05-10T08:43:01.375364589Z,0,per_hit,raw_percent_of_host,api-node1,api-node2,0,1,1,99.789372,37.264568,99.789372,37.264568,100.000000,100.000000,5.000000,7.000000,2.000000,1.000000,5.000000,7.000000,50.049498,100.503934,49.725245,67.926494,3.000000
2026-05-10T08:43:01.425520435Z,0,per_hit,raw_percent_of_host,api-node1,api-node2,0,1,1,99.789372,37.264568,99.789372,37.264568,100.000000,100.000000,5.000000,7.000000,2.000000,1.000000,5.000000,7.000000,50.049498,100.503934,49.725245,67.926494,3.000000
2026-05-10T08:43:01.475690135Z,0,per_hit,raw_percent_of_host,api-node1,api-node2,0,1,1,99.789372,58.682258,99.789372,58.682258,100.000000,100.000000,1.000000,5.000000,2.000000,3.000000,1.000000,5.000000,50.049498,99.319415,49.944562,70.034029,3.000000
2026-05-10T08:43:01.525657628Z,0,per_hit,raw_percent_of_host,api-node1,api-node2,0,1,1,96.395321,58.682258,96.395321,58.682258,100.000000,100.000000,0.000000,7.000000,2.000000,3.000000,0.000000,7.000000,50.047558,99.319415,50.000000,70.034029,3.000000
2026-05-10T08:43:01.575377569Z,0,per_hit,raw_percent_of_host,api-node1,api-node2,1,0,1,0.000000,59.122668,0.000000,59.122668,100.000000,100.000000,0.000000,4.000000,1.000000,3.000000,0.000000,4.000000,50.215888,100.214423,75.000000,69.989279,3.000000
2026-05-10T08:43:01.625536177Z,0,per_hit,raw_percent_of_host,api-node1,api-node2,1,0,1,0.000000,59.122668,0.000000,59.122668,100.000000,100.000000,0.000000,4.000000,1.000000,3.000000,0.000000,4.000000,50.215888,100.214423,75.000000,69.989279,3.000000
2026-05-10T08:43:01.675680675Z,0,per_hit,raw_percent_of_host,api-node1,api-node2,1,0,1,0.000000,40.393737,0.000000,40.393737,100.000000,100.000000,0.000000,1.000000,1.000000,2.000000,0.000000,1.000000,50.215888,79.035652,75.000000,68.390478,3.000000
2026-05-10T08:43:01.725844804Z,0,per_hit,raw_percent_of_host,api-node1,api-node2,1,0,1,0.000000,40.393737,0.000000,40.393737,100.000000,100.000000,0.000000,1.000000,1.000000,2.000000,0.000000,1.000000,50.215888,79.035652,75.000000,68.390478,3.000000
2026-05-10T08:43:01.826113883Z,0,per_hit,raw_percent_of_host,api-node1,api-node2,0,1,1,26.202956,0.000000,26.202956,0.000000,100.000000,100.000000,1.000000,0.000000,1.000000,1.000000,1.000000,0.000000,50.215888,99.187977,74.079967,75.000000,3.000000
2026-05-10T08:43:01.876161988Z,0,per_hit,raw_percent_of_host,api-node1,api-node2,0,1,1,46.348053,0.000000,46.348053,0.000000,100.000000,100.000000,1.000000,0.000000,2.000000,1.000000,1.000000,0.000000,50.215888,99.187977,71.465542,75.000000,3.000000
2026-05-10T08:43:01.975443196Z,0,per_hit,raw_percent_of_host,api-node1,api-node2,0,1,1,0.000000,0.000000,0.000000,0.000000,100.000000,100.000000,1.000000,0.000000,1.000000,1.000000,1.000000,0.000000,50.097539,99.187977,74.944556,75.000000,3.000000
2026-05-10T08:43:02.02582105Z,0,per_hit,raw_percent_of_host,api-node1,api-node2,0,1,1,67.030311,0.000000,67.030311,0.000000,100.000000,100.000000,2.000000,0.000000,2.000000,1.000000,2.000000,0.000000,50.097539,99.187977,67.128185,75.000000,3.000000
2026-05-10T08:43:02.076213591Z,0,per_hit,raw_percent_of_host,api-node1,api-node2,0,1,1,99.129726,0.000000,99.129726,0.000000,100.000000,100.000000,3.000000,2.000000,2.000000,1.000000,3.000000,2.000000,50.085178,99.187977,49.834406,74.875873,3.000000
2026-05-10T08:43:02.12541769Z,0,per_hit,raw_percent_of_host,api-node1,api-node2,0,1,1,97.085514,0.000000,97.085514,0.000000,100.000000,100.000000,1.000000,2.000000,2.000000,1.000000,1.000000,2.000000,50.052643,99.187977,49.944561,74.875873,3.000000
2026-05-10T08:43:02.176216854Z,0,per_hit,raw_percent_of_host,api-node1,api-node2,0,1,1,48.695070,0.000000,48.695070,0.000000,100.000000,100.000000,0.000000,1.000000,1.000000,1.000000,0.000000,1.000000,50.072884,50.115336,71.778419,74.944553,3.000000
2026-05-10T08:43:02.226207208Z,0,per_hit,raw_percent_of_host,api-node1,api-node2,1,0,1,0.000000,0.000000,0.000000,0.000000,100.000000,100.000000,3.000000,3.000000,1.000000,1.000000,3.000000,3.000000,50.072884,50.115336,74.834410,74.834395,3.000000
2026-05-10T08:43:02.275993406Z,0,per_hit,raw_percent_of_host,api-node1,api-node2,1,0,1,0.000000,68.138955,0.000000,68.138955,100.000000,100.000000,3.000000,2.000000,1.000000,4.000000,3.000000,2.000000,50.072884,50.115336,74.834410,65.470249,3.000000
2026-05-10T08:43:02.326006378Z,0,per_hit,raw_percent_of_host,api-node1,api-node2,0,1,1,99.813605,68.138955,99.813605,68.138955,100.000000,100.000000,1.000000,1.000000,2.000000,4.000000,1.000000,1.000000,50.509180,50.115336,49.944505,65.581020,3.000000
2026-05-10T08:43:02.375603895Z,0,per_hit,raw_percent_of_host,api-node1,api-node2,0,1,1,99.813605,33.252621,99.813605,33.252621,100.000000,100.000000,5.000000,7.000000,2.000000,1.000000,5.000000,7.000000,50.509180,79.675464,49.724967,70.195909,3.000000
2026-05-10T08:43:02.426279884Z,0,per_hit,raw_percent_of_host,api-node1,api-node2,0,1,1,99.813605,33.252621,99.813605,33.252621,100.000000,100.000000,3.000000,7.000000,2.000000,1.000000,3.000000,7.000000,50.509180,79.675464,49.834251,70.195909,3.000000
2026-05-10T08:43:02.475688902Z,0,per_hit,raw_percent_of_host,api-node1,api-node2,0,1,1,99.813605,33.252621,99.813605,33.252621,100.000000,100.000000,2.000000,4.000000,2.000000,1.000000,2.000000,4.000000,50.509180,79.675464,49.889256,70.195909,3.000000
2026-05-10T08:43:02.52552916Z,0,per_hit,raw_percent_of_host,api-node1,api-node2,0,1,1,99.813605,33.252621,99.813605,33.252621,100.000000,100.000000,3.000000,5.000000,2.000000,1.000000,3.000000,5.000000,50.509180,79.675464,49.834251,70.195909,3.000000
2026-05-10T08:43:02.576080104Z,0,per_hit,raw_percent_of_host,api-node1,api-node2,0,1,1,99.813605,33.252621,99.813605,33.252621,100.000000,100.000000,3.000000,4.000000,2.000000,1.000000,3.000000,4.000000,50.509180,79.675464,49.834251,70.195909,3.000000
2026-05-10T08:43:02.626023538Z,0,per_hit,raw_percent_of_host,api-node1,api-node2,1,0,1,57.194734,33.252621,57.194734,33.252621,100.000000,100.000000,2.000000,4.000000,1.000000,1.000000,2.000000,4.000000,50.109812,79.675464,72.494509,70.195909,3.000000
2026-05-10T08:43:02.676087917Z,0,per_hit,raw_percent_of_host,api-node1,api-node2,0,1,1,68.036193,50.023354,68.036193,50.023354,100.000000,100.000000,0.000000,2.000000,1.000000,2.000000,0.000000,2.000000,50.052021,78.986451,65.852914,70.475764,3.000000
2026-05-10T08:43:02.726230565Z,0,per_hit,raw_percent_of_host,api-node1,api-node2,0,1,1,68.036193,50.023354,68.036193,50.023354,100.000000,100.000000,0.000000,2.000000,1.000000,2.000000,0.000000,2.000000,50.052021,78.986451,65.852914,70.475764,3.000000
2026-05-10T08:43:02.825532338Z,0,per_hit,raw_percent_of_host,api-node1,api-node2,1,0,1,0.000000,0.000000,0.000000,0.000000,100.000000,100.000000,0.000000,1.000000,1.000000,1.000000,0.000000,1.000000,50.052021,79.580530,75.000000,74.940677,3.000000
2026-05-10T08:43:02.97616777Z,0,per_hit,raw_percent_of_host,api-node1,api-node2,0,1,1,0.000000,0.000000,0.000000,0.000000,100.000000,100.000000,1.000000,0.000000,1.000000,1.000000,1.000000,0.000000,50.052021,50.160150,74.944561,75.000000,3.000000
2026-05-10T08:43:03.025526614Z,0,per_hit,raw_percent_of_host,api-node1,api-node2,0,1,1,50.475662,0.000000,50.475662,0.000000,100.000000,100.000000,1.000000,1.000000,2.000000,1.000000,1.000000,1.000000,50.052021,50.160150,71.977462,74.944548,3.000000
2026-05-10T08:43:03.075602323Z,0,per_hit,raw_percent_of_host,api-node1,api-node2,0,1,1,59.913869,0.000000,59.913869,0.000000,100.000000,100.000000,2.000000,3.000000,2.000000,1.000000,2.000000,3.000000,50.042823,50.160150,72.497859,74.834379,3.000000
2026-05-10T08:43:03.125369044Z,0,per_hit,raw_percent_of_host,api-node1,api-node2,0,1,1,59.913869,0.000000,59.913869,0.000000,100.000000,100.000000,1.000000,3.000000,2.000000,1.000000,1.000000,3.000000,50.042823,50.160150,72.497859,74.834379,3.000000
2026-05-10T08:43:03.176081718Z,0,per_hit,raw_percent_of_host,api-node1,api-node2,1,0,1,59.913869,51.320528,59.913869,51.320528,100.000000,100.000000,1.000000,1.000000,2.000000,4.000000,1.000000,1.000000,50.042823,50.160150,72.497859,72.057488,3.000000
2026-05-10T08:43:03.225255851Z,0,per_hit,raw_percent_of_host,api-node1,api-node2,0,1,1,79.502006,51.320528,79.502006,51.320528,100.000000,100.000000,4.000000,2.000000,2.000000,4.000000,4.000000,2.000000,50.052872,50.160150,49.696080,72.057488,3.000000
2026-05-10T08:43:03.275772909Z,0,per_hit,raw_percent_of_host,api-node1,api-node2,0,1,1,79.502006,49.572805,79.502006,49.572805,100.000000,100.000000,5.000000,1.000000,2.000000,2.000000,5.000000,1.000000,50.052872,99.801865,49.621250,69.465806,3.000000
2026-05-10T08:43:03.32597871Z,0,per_hit,raw_percent_of_host,api-node1,api-node2,0,1,1,98.640098,49.572805,98.640098,49.572805,100.000000,100.000000,1.000000,4.000000,4.000000,2.000000,1.000000,4.000000,80.679148,99.801865,49.940522,69.465806,3.000000
2026-05-10T08:43:03.376167849Z,0,per_hit,raw_percent_of_host,api-node1,api-node2,0,1,1,98.640098,49.976706,98.640098,49.976706,100.000000,100.000000,5.000000,8.000000,4.000000,2.000000,5.000000,8.000000,80.679148,100.194122,49.705412,69.518972,3.000000
2026-05-10T08:43:03.425265677Z,0,per_hit,raw_percent_of_host,api-node1,api-node2,0,1,1,98.640098,49.976706,98.640098,49.976706,100.000000,100.000000,5.000000,8.000000,4.000000,2.000000,5.000000,8.000000,80.679148,100.194122,49.705412,69.518972,3.000000
2026-05-10T08:43:03.475267972Z,0,per_hit,raw_percent_of_host,api-node1,api-node2,0,1,1,99.227331,49.976706,99.227331,49.976706,100.000000,100.000000,0.000000,6.000000,5.000000,2.000000,0.000000,6.000000,98.362526,100.194122,50.000000,69.518972,3.000000
2026-05-10T08:43:03.525474516Z,0,per_hit,raw_percent_of_host,api-node1,api-node2,0,1,1,99.227331,49.976706,99.227331,49.976706,100.000000,100.000000,1.000000,7.000000,5.000000,2.000000,1.000000,7.000000,98.362526,100.194122,49.937909,69.518972,3.000000
2026-05-10T08:43:03.576252273Z,0,per_hit,raw_percent_of_host,api-node1,api-node2,0,1,1,99.227331,54.712542,99.227331,54.712542,100.000000,100.000000,2.000000,4.000000,5.000000,6.000000,2.000000,4.000000,98.362526,198.192010,49.876126,65.090400,3.000000
2026-05-10T08:43:03.625530502Z,0,per_hit,raw_percent_of_host,api-node1,api-node2,1,0,1,62.342244,54.712542,62.342244,54.712542,100.000000,100.000000,0.000000,4.000000,2.000000,6.000000,0.000000,4.000000,60.544434,198.192010,71.862785,65.090400,3.000000
2026-05-10T08:43:03.675751738Z,0,per_hit,raw_percent_of_host,api-node1,api-node2,1,0,1,35.841874,47.087119,35.841874,47.087119,100.000000,100.000000,0.000000,1.000000,1.000000,3.000000,0.000000,1.000000,50.045236,101.159998,71.245193,68.930744,3.000000
2026-05-10T08:43:03.826019926Z,0,per_hit,raw_percent_of_host,api-node1,api-node2,1,0,1,0.000000,0.000000,0.000000,0.000000,100.000000,100.000000,0.000000,1.000000,1.000000,1.000000,0.000000,1.000000,50.045236,99.916617,75.000000,74.937669,3.000000
2026-05-10T08:43:03.97601952Z,0,per_hit,raw_percent_of_host,api-node1,api-node2,0,1,1,0.000000,20.247207,0.000000,20.247207,100.000000,100.000000,1.000000,0.000000,1.000000,1.000000,1.000000,0.000000,50.045236,50.057323,74.944562,75.000000,3.000000
2026-05-10T08:43:04.025606988Z,0,per_hit,raw_percent_of_host,api-node1,api-node2,0,1,1,49.573751,0.000000,49.573751,0.000000,100.000000,100.000000,2.000000,0.000000,2.000000,1.000000,2.000000,0.000000,50.045236,50.057323,71.880742,75.000000,3.000000
2026-05-10T08:43:04.075374637Z,0,per_hit,raw_percent_of_host,api-node1,api-node2,0,1,1,49.573751,0.000000,49.573751,0.000000,100.000000,100.000000,2.000000,3.000000,2.000000,1.000000,2.000000,3.000000,50.045236,50.057323,71.880742,74.834416,3.000000
2026-05-10T08:43:04.126060535Z,0,per_hit,raw_percent_of_host,api-node1,api-node2,0,1,1,43.761897,28.477916,43.761897,28.477916,100.000000,100.000000,0.000000,3.000000,1.000000,3.000000,0.000000,3.000000,50.079250,50.057323,71.064268,72.412945,3.000000
2026-05-10T08:43:04.175871875Z,0,per_hit,raw_percent_of_host,api-node1,api-node2,1,0,1,0.000000,75.172874,0.000000,75.172874,100.000000,100.000000,0.000000,2.000000,1.000000,2.000000,0.000000,2.000000,50.079250,92.826452,75.000000,49.803830,3.000000
2026-05-10T08:43:04.226155896Z,0,per_hit,raw_percent_of_host,api-node1,api-node2,1,0,1,0.000000,75.172874,0.000000,75.172874,100.000000,100.000000,4.000000,3.000000,1.000000,2.000000,4.000000,3.000000,50.079250,92.826452,74.779697,49.706895,3.000000
2026-05-10T08:43:04.27617703Z,0,per_hit,raw_percent_of_host,api-node1,api-node2,1,0,1,0.000000,50.220653,0.000000,50.220653,100.000000,100.000000,5.000000,2.000000,1.000000,2.000000,5.000000,2.000000,50.079250,99.206057,74.725227,69.602513,3.000000
2026-05-10T08:43:04.325783955Z,0,per_hit,raw_percent_of_host,api-node1,api-node2,1,0,1,64.859479,50.220653,64.859479,50.220653,100.000000,100.000000,1.000000,2.000000,3.000000,2.000000,1.000000,2.000000,60.448611,99.206057,70.060142,69.602513,3.000000
2026-05-10T08:43:04.375848563Z,0,per_hit,raw_percent_of_host,api-node1,api-node2,1,0,1,0.000000,45.300423,0.000000,45.300423,100.000000,100.000000,0.000000,3.000000,1.000000,1.000000,0.000000,3.000000,50.054547,78.812011,75.000000,69.657799,3.000000
2026-05-10T08:43:04.426082012Z,0,per_hit,raw_percent_of_host,api-node1,api-node2,1,0,1,0.000000,45.300423,0.000000,45.300423,100.000000,100.000000,2.000000,10.000000,1.000000,1.000000,2.000000,10.000000,50.054547,78.812011,74.889367,69.657799,3.000000
2026-05-10T08:43:04.475588094Z,0,per_hit,raw_percent_of_host,api-node1,api-node2,1,0,1,0.000000,54.961084,0.000000,54.961084,100.000000,100.000000,1.000000,9.000000,1.000000,3.000000,1.000000,9.000000,50.054547,55.266687,74.944561,72.141076,3.000000
2026-05-10T08:43:04.525965727Z,0,per_hit,raw_percent_of_host,api-node1,api-node2,0,1,1,97.427969,54.961084,97.427969,54.961084,100.000000,100.000000,0.000000,9.000000,2.000000,3.000000,0.000000,9.000000,50.074302,55.266687,50.000000,72.141076,3.000000
2026-05-10T08:43:04.575940302Z,0,per_hit,raw_percent_of_host,api-node1,api-node2,0,1,1,97.427969,54.961084,97.427969,54.961084,100.000000,100.000000,0.000000,8.000000,2.000000,3.000000,0.000000,8.000000,50.074302,55.266687,50.000000,72.141076,3.000000
2026-05-10T08:43:04.625304806Z,0,per_hit,raw_percent_of_host,api-node1,api-node2,0,1,1,97.427969,54.961084,97.427969,54.961084,100.000000,100.000000,1.000000,9.000000,2.000000,3.000000,1.000000,9.000000,50.074302,55.266687,49.944558,72.141076,3.000000
2026-05-10T08:43:04.675446481Z,0,per_hit,raw_percent_of_host,api-node1,api-node2,0,1,1,97.427969,58.048709,97.427969,58.048709,100.000000,100.000000,1.000000,5.000000,2.000000,6.000000,1.000000,5.000000,50.074302,223.113608,49.944558,63.844320,3.000000
2026-05-10T08:43:04.726244573Z,0,per_hit,raw_percent_of_host,api-node1,api-node2,1,0,1,25.360013,58.048709,25.360013,58.048709,100.000000,100.000000,0.000000,5.000000,1.000000,6.000000,0.000000,5.000000,50.043524,223.113608,74.717477,63.844320,3.000000
2026-05-10T08:43:04.775536298Z,0,per_hit,raw_percent_of_host,api-node1,api-node2,1,0,1,25.360013,49.712698,25.360013,49.712698,100.000000,100.000000,0.000000,2.000000,1.000000,3.000000,0.000000,2.000000,50.043524,120.674934,74.717477,68.631439,3.000000
2026-05-10T08:43:04.825801093Z,0,per_hit,raw_percent_of_host,api-node1,api-node2,1,0,1,0.000000,49.712698,0.000000,49.712698,100.000000,100.000000,0.000000,1.000000,1.000000,3.000000,0.000000,1.000000,50.043524,120.674934,75.000000,68.631439,3.000000
2026-05-10T08:43:04.875515589Z,0,per_hit,raw_percent_of_host,api-node1,api-node2,0,1,1,0.000000,0.000000,0.000000,0.000000,100.000000,100.000000,1.000000,0.000000,1.000000,1.000000,1.000000,0.000000,50.043524,79.647578,74.944562,75.000000,3.000000
2026-05-10T08:43:04.925445943Z,0,per_hit,raw_percent_of_host,api-node1,api-node2,1,0,1,0.000000,31.385445,0.000000,31.385445,100.000000,100.000000,1.000000,0.000000,1.000000,1.000000,1.000000,0.000000,50.043524,79.647578,74.944562,70.594116,3.000000
2026-05-10T08:43:05.025847499Z,0,per_hit,raw_percent_of_host,api-node1,api-node2,1,0,1,0.000000,0.000000,0.000000,0.000000,100.000000,100.000000,0.000000,1.000000,1.000000,1.000000,0.000000,1.000000,50.055513,79.647578,75.000000,74.940667,3.000000
2026-05-10T08:43:05.07523999Z,0,per_hit,raw_percent_of_host,api-node1,api-node2,1,0,1,0.000000,40.140743,0.000000,40.140743,100.000000,100.000000,0.000000,2.000000,1.000000,2.000000,0.000000,2.000000,50.055513,79.647578,75.000000,68.271734,3.000000
2026-05-10T08:43:05.125746301Z,0,per_hit,raw_percent_of_host,api-node1,api-node2,1,0,1,20.324113,40.140743,20.324113,40.140743,100.000000,100.000000,3.000000,2.000000,1.000000,2.000000,3.000000,2.000000,50.055513,79.647578,74.834417,68.271734,3.000000
2026-05-10T08:43:05.175534293Z,0,per_hit,raw_percent_of_host,api-node1,api-node2,1,0,1,20.324113,52.762048,20.324113,52.762048,100.000000,100.000000,2.000000,1.000000,1.000000,1.000000,2.000000,1.000000,50.055513,50.047869,74.889367,72.198700,3.000000
2026-05-10T08:43:05.225869983Z,0,per_hit,raw_percent_of_host,api-node1,api-node2,0,1,1,100.000000,52.762048,100.000000,52.762048,100.000000,100.000000,0.000000,2.000000,2.000000,1.000000,0.000000,2.000000,50.388438,50.047869,50.000000,72.198700,3.000000
2026-05-10T08:43:05.276100524Z,0,per_hit,raw_percent_of_host,api-node1,api-node2,0,1,1,43.530038,44.172114,43.530038,44.172114,100.000000,100.000000,3.000000,3.000000,1.000000,2.000000,3.000000,3.000000,50.052219,50.047869,71.024662,71.137509,3.000000
2026-05-10T08:43:05.32623944Z,0,per_hit,raw_percent_of_host,api-node1,api-node2,0,1,1,43.530038,44.172114,43.530038,44.172114,100.000000,100.000000,1.000000,4.000000,1.000000,2.000000,1.000000,4.000000,50.052219,50.047869,71.024662,71.137509,3.000000
2026-05-10T08:43:05.375912274Z,0,per_hit,raw_percent_of_host,api-node1,api-node2,0,1,1,80.558854,50.154195,80.558854,50.154195,100.000000,100.000000,4.000000,7.000000,1.000000,3.000000,4.000000,7.000000,50.055611,109.772466,49.711523,69.150062,3.000000
2026-05-10T08:43:05.425663519Z,0,per_hit,raw_percent_of_host,api-node1,api-node2,0,1,1,80.558854,50.154195,80.558854,50.154195,100.000000,100.000000,5.000000,8.000000,1.000000,3.000000,5.000000,8.000000,50.055611,109.772466,49.640440,69.150062,3.000000
2026-05-10T08:43:05.475403967Z,0,per_hit,raw_percent_of_host,api-node1,api-node2,0,1,1,89.889784,49.193579,89.889784,49.193579,100.000000,100.000000,3.000000,6.000000,3.000000,2.000000,3.000000,6.000000,55.227518,50.042464,49.832504,71.838079,3.000000
2026-05-10T08:43:05.525502458Z,0,per_hit,raw_percent_of_host,api-node1,api-node2,0,1,1,89.889784,49.193579,89.889784,49.193579,100.000000,100.000000,1.000000,7.000000,3.000000,2.000000,1.000000,7.000000,55.227518,50.042464,49.943918,71.838079,3.000000
2026-05-10T08:43:05.575640191Z,0,per_hit,raw_percent_of_host,api-node1,api-node2,0,1,1,89.889784,49.193579,89.889784,49.193579,100.000000,100.000000,2.000000,8.000000,3.000000,2.000000,2.000000,8.000000,55.227518,50.042464,49.888086,71.838079,3.000000
2026-05-10T08:43:05.626211136Z,0,per_hit,raw_percent_of_host,api-node1,api-node2,0,1,1,89.889784,49.193579,89.889784,49.193579,100.000000,100.000000,1.000000,6.000000,3.000000,2.000000,1.000000,6.000000,55.227518,50.042464,49.943918,71.838079,3.000000
2026-05-10T08:43:05.675863875Z,0,per_hit,raw_percent_of_host,api-node1,api-node2,0,1,1,72.987799,50.272361,72.987799,50.272361,100.000000,100.000000,1.000000,2.000000,1.000000,4.000000,1.000000,2.000000,50.045669,58.909919,55.805346,71.492987,3.000000
2026-05-10T08:43:05.726025691Z,0,per_hit,raw_percent_of_host,api-node1,api-node2,0,1,1,72.987799,50.272361,72.987799,50.272361,100.000000,100.000000,1.000000,2.000000,1.000000,4.000000,1.000000,2.000000,50.045669,58.909919,55.805346,71.492987,3.000000
2026-05-10T08:43:05.775862001Z,0,per_hit,raw_percent_of_host,api-node1,api-node2,0,1,1,0.000000,0.000000,0.000000,0.000000,100.000000,100.000000,1.000000,0.000000,1.000000,1.000000,1.000000,0.000000,50.045669,80.734767,74.944562,75.000000,3.000000
2026-05-10T08:43:05.825861856Z,0,per_hit,raw_percent_of_host,api-node1,api-node2,1,0,1,0.000000,0.000000,0.000000,0.000000,100.000000,100.000000,0.000000,1.000000,1.000000,1.000000,0.000000,1.000000,50.045669,80.734767,75.000000,74.940514,3.000000
2026-05-10T08:43:05.875687223Z,0,per_hit,raw_percent_of_host,api-node1,api-node2,1,0,1,0.000000,75.027404,0.000000,75.027404,100.000000,100.000000,0.000000,1.000000,1.000000,2.000000,0.000000,1.000000,50.045669,80.734767,75.000000,49.900579,3.000000
2026-05-10T08:43:06.026025615Z,0,per_hit,raw_percent_of_host,api-node1,api-node2,1,0,1,0.000000,31.612135,0.000000,31.612135,100.000000,100.000000,0.000000,2.000000,1.000000,2.000000,0.000000,2.000000,50.045669,50.053870,75.000000,72.004995,3.000000
2026-05-10T08:43:06.07529123Z,0,per_hit,raw_percent_of_host,api-node1,api-node2,1,0,1,0.000000,41.451405,0.000000,41.451405,100.000000,100.000000,0.000000,4.000000,1.000000,2.000000,0.000000,4.000000,50.045669,66.001561,75.000000,69.518537,3.000000
2026-05-10T08:43:06.12576683Z,0,per_hit,raw_percent_of_host,api-node1,api-node2,1,0,1,18.917750,41.451405,18.917750,41.451405,100.000000,100.000000,1.000000,4.000000,2.000000,2.000000,1.000000,4.000000,50.045669,66.001561,74.944562,69.518537,3.000000
2026-05-10T08:43:06.175411252Z,0,per_hit,raw_percent_of_host,api-node1,api-node2,1,0,1,18.917750,81.849569,18.917750,81.849569,100.000000,100.000000,0.000000,2.000000,2.000000,3.000000,0.000000,2.000000,50.045669,84.523622,75.000000,49.863447,3.000000
2026-05-10T08:43:06.226088031Z,0,per_hit,raw_percent_of_host,api-node1,api-node2,1,0,1,60.446687,81.849569,60.446687,81.849569,100.000000,100.000000,3.000000,4.000000,1.000000,3.000000,3.000000,4.000000,50.073426,84.523622,72.213050,49.728379,3.000000
2026-05-10T08:43:06.275249646Z,0,per_hit,raw_percent_of_host,api-node1,api-node2,0,1,1,61.675425,28.838449,61.675425,28.838449,100.000000,100.000000,3.000000,3.000000,3.000000,2.000000,3.000000,3.000000,55.296706,66.071218,71.950104,72.132458,3.000000
2026-05-10T08:43:06.325243148Z,0,per_hit,raw_percent_of_host,api-node1,api-node2,0,1,1,61.675425,28.838449,61.675425,28.838449,100.000000,100.000000,2.000000,5.000000,3.000000,2.000000,2.000000,5.000000,55.296706,66.071218,72.043733,72.132458,3.000000
2026-05-10T08:43:06.376225607Z,0,per_hit,raw_percent_of_host,api-node1,api-node2,1,0,1,61.675425,49.624669,61.675425,49.624669,100.000000,100.000000,6.000000,6.000000,3.000000,2.000000,6.000000,6.000000,55.296706,99.499536,71.671441,69.487933,3.000000
2026-05-10T08:43:06.425993396Z,0,per_hit,raw_percent_of_host,api-node1,api-node2,0,1,1,88.709936,49.624669,88.709936,49.624669,100.000000,100.000000,5.000000,6.000000,2.000000,2.000000,5.000000,6.000000,50.118173,99.499536,49.725203,69.487933,3.000000
2026-05-10T08:43:06.475680751Z,0,per_hit,raw_percent_of_host,api-node1,api-node2,0,1,1,88.709936,64.234821,88.709936,64.234821,100.000000,100.000000,1.000000,5.000000,2.000000,4.000000,1.000000,5.000000,50.118173,98.021649,49.944553,69.152913,3.000000
2026-05-10T08:43:06.525391954Z,0,per_hit,raw_percent_of_host,api-node1,api-node2,0,1,1,86.072121,64.234821,86.072121,64.234821,100.000000,100.000000,1.000000,6.000000,1.000000,4.000000,1.000000,6.000000,50.045232,98.021649,49.942599,69.057522,3.000000
2026-05-10T08:43:06.576281431Z,0,per_hit,raw_percent_of_host,api-node1,api-node2,0,1,1,86.072121,39.424405,86.072121,39.424405,100.000000,100.000000,1.000000,2.000000,1.000000,3.000000,1.000000,2.000000,50.045232,102.164268,49.942599,66.857505,3.000000
2026-05-10T08:43:06.62544758Z,0,per_hit,raw_percent_of_host,api-node1,api-node2,1,0,1,61.239403,39.424405,61.239403,39.424405,100.000000,100.000000,1.000000,2.000000,2.000000,3.000000,1.000000,2.000000,50.040526,102.164268,72.403167,66.857505,3.000000
2026-05-10T08:43:06.67525968Z,0,per_hit,raw_percent_of_host,api-node1,api-node2,1,0,1,61.239403,61.149508,61.239403,61.149508,100.000000,100.000000,0.000000,1.000000,2.000000,2.000000,0.000000,1.000000,50.040526,77.032747,72.497974,71.056250,3.000000
2026-05-10T08:43:06.825436803Z,0,per_hit,raw_percent_of_host,api-node1,api-node2,1,0,1,0.000000,0.000000,0.000000,0.000000,100.000000,100.000000,0.000000,1.000000,1.000000,1.000000,0.000000,1.000000,50.043933,99.336022,75.000000,74.937759,3.000000
2026-05-10T08:43:06.976057954Z,0,per_hit,raw_percent_of_host,api-node1,api-node2,1,0,1,0.000000,0.000000,0.000000,0.000000,100.000000,100.000000,0.000000,1.000000,1.000000,1.000000,0.000000,1.000000,50.043933,50.124608,75.000000,74.944552,3.000000
2026-05-10T08:43:07.026214621Z,0,per_hit,raw_percent_of_host,api-node1,api-node2,1,0,1,19.879224,38.816354,19.879224,38.816354,100.000000,100.000000,1.000000,1.000000,1.000000,2.000000,1.000000,1.000000,50.043933,50.124608,74.944562,70.423205,3.000000
2026-05-10T08:43:07.075617561Z,0,per_hit,raw_percent_of_host,api-node1,api-node2,1,0,1,19.879224,40.924662,19.879224,40.924662,100.000000,100.000000,4.000000,0.000000,1.000000,1.000000,4.000000,0.000000,50.043933,55.162187,74.779714,70.121108,3.000000
2026-05-10T08:43:07.1260748Z,0,per_hit,raw_percent_of_host,api-node1,api-node2,1,0,1,62.376903,32.847432,62.376903,32.847432,100.000000,100.000000,2.000000,1.000000,2.000000,2.000000,2.000000,1.000000,50.047360,55.162187,72.142270,71.536897,3.000000
2026-05-10T08:43:07.175863727Z,0,per_hit,raw_percent_of_host,api-node1,api-node2,0,1,1,98.106053,74.028646,98.106053,74.028646,100.000000,100.000000,1.000000,0.000000,1.000000,1.000000,1.000000,0.000000,50.050811,50.042352,49.944561,53.040925,3.000000
2026-05-10T08:43:07.225274313Z,0,per_hit,raw_percent_of_host,api-node1,api-node2,0,1,1,91.468375,0.000000,91.468375,0.000000,100.000000,100.000000,4.000000,1.000000,1.000000,1.000000,4.000000,1.000000,50.083809,50.042352,49.779695,74.944562,3.000000
2026-05-10T08:43:07.275566528Z,0,per_hit,raw_percent_of_host,api-node1,api-node2,0,1,1,91.468375,61.930430,91.468375,61.930430,100.000000,100.000000,4.000000,1.000000,1.000000,2.000000,4.000000,1.000000,50.083809,54.294723,49.779695,72.133361,3.000000
2026-05-10T08:43:07.325649542Z,0,per_hit,raw_percent_of_host,api-node1,api-node2,0,1,1,100.000000,61.930430,100.000000,61.930430,100.000000,100.000000,0.000000,5.000000,2.000000,2.000000,0.000000,5.000000,50.093633,54.294723,50.000000,71.752444,3.000000
2026-05-10T08:43:07.375899167Z,0,per_hit,raw_percent_of_host,api-node1,api-node2,0,1,1,100.000000,55.628801,100.000000,55.628801,100.000000,100.000000,3.000000,9.000000,2.000000,3.000000,3.000000,9.000000,50.093633,54.294723,49.834403,72.240275,3.000000
2026-05-10T08:43:07.426245143Z,0,per_hit,raw_percent_of_host,api-node1,api-node2,0,1,1,63.177964,55.628801,63.177964,55.628801,100.000000,100.000000,2.000000,11.000000,4.000000,3.000000,2.000000,11.000000,50.046768,54.294723,71.828410,72.240275,3.000000
2026-05-10T08:43:07.475920091Z,0,per_hit,raw_percent_of_host,api-node1,api-node2,0,1,1,63.177964,55.628801,63.177964,55.628801,100.000000,100.000000,0.000000,9.000000,4.000000,3.000000,0.000000,9.000000,50.046768,54.294723,72.037917,72.240275,3.000000
2026-05-10T08:43:07.525775547Z,0,per_hit,raw_percent_of_host,api-node1,api-node2,0,1,1,63.177964,55.628801,63.177964,55.628801,100.000000,100.000000,1.000000,10.000000,4.000000,3.000000,1.000000,10.000000,50.046768,54.294723,71.932929,72.240275,3.000000
2026-05-10T08:43:07.575927886Z,0,per_hit,raw_percent_of_host,api-node1,api-node2,0,1,1,63.177964,55.628801,63.177964,55.628801,100.000000,100.000000,1.000000,11.000000,4.000000,3.000000,1.000000,11.000000,50.046768,54.294723,71.932929,72.240275,3.000000
2026-05-10T08:43:07.62616163Z,0,per_hit,raw_percent_of_host,api-node1,api-node2,0,1,1,63.177964,55.628801,63.177964,55.628801,100.000000,100.000000,0.000000,11.000000,4.000000,3.000000,0.000000,11.000000,50.046768,54.294723,72.037917,72.240275,3.000000
2026-05-10T08:43:07.675696893Z,0,per_hit,raw_percent_of_host,api-node1,api-node2,1,0,1,56.164246,46.237576,56.164246,46.237576,100.000000,100.000000,0.000000,8.000000,1.000000,6.000000,0.000000,8.000000,50.051708,279.571823,72.473439,61.021409,3.000000
2026-05-10T08:43:07.725857688Z,0,per_hit,raw_percent_of_host,api-node1,api-node2,1,0,1,56.164246,46.237576,56.164246,46.237576,100.000000,100.000000,0.000000,8.000000,1.000000,6.000000,0.000000,8.000000,50.051708,279.571823,72.473439,61.021409,3.000000
2026-05-10T08:43:07.775769455Z,0,per_hit,raw_percent_of_host,api-node1,api-node2,1,0,1,0.000000,49.876532,0.000000,49.876532,100.000000,100.000000,0.000000,1.000000,1.000000,3.000000,0.000000,1.000000,50.051708,119.221668,75.000000,68.719896,3.000000
2026-05-10T08:43:07.825431179Z,0,per_hit,raw_percent_of_host,api-node1,api-node2,1,0,1,0.000000,49.876532,0.000000,49.876532,100.000000,100.000000,1.000000,0.000000,1.000000,3.000000,1.000000,0.000000,50.051708,119.221668,74.944561,68.719896,3.000000
2026-05-10T08:43:07.975247785Z,0,per_hit,raw_percent_of_host,api-node1,api-node2,1,0,1,0.000000,0.000000,0.000000,0.000000,100.000000,100.000000,0.000000,1.000000,1.000000,1.000000,0.000000,1.000000,50.079000,50.087100,75.000000,74.944557,3.000000
2026-05-10T08:43:08.026161Z,0,per_hit,raw_percent_of_host,api-node1,api-node2,1,0,1,0.000000,75.323561,0.000000,75.323561,100.000000,100.000000,0.000000,2.000000,1.000000,2.000000,0.000000,2.000000,50.079000,50.087100,75.000000,49.805744,3.000000
2026-05-10T08:43:08.076079539Z,0,per_hit,raw_percent_of_host,api-node1,api-node2,1,0,1,20.123521,75.323561,20.123521,75.323561,100.000000,100.000000,2.000000,3.000000,1.000000,2.000000,2.000000,3.000000,50.079000,50.087100,74.889361,49.709744,3.000000
2026-05-10T08:43:08.125936104Z,0,per_hit,raw_percent_of_host,api-node1,api-node2,1,0,1,20.123521,75.323561,20.123521,75.323561,100.000000,100.000000,1.000000,3.000000,1.000000,2.000000,1.000000,3.000000,50.079000,50.087100,74.944558,49.709744,3.000000
2026-05-10T08:43:08.175431089Z,0,per_hit,raw_percent_of_host,api-node1,api-node2,0,1,1,72.604985,59.806976,72.604985,59.806976,100.000000,100.000000,0.000000,2.000000,1.000000,3.000000,0.000000,2.000000,50.058505,57.512301,56.884200,72.124385,3.000000
2026-05-10T08:43:08.225254314Z,0,per_hit,raw_percent_of_host,api-node1,api-node2,0,1,1,72.604985,59.806976,72.604985,59.806976,100.000000,100.000000,0.000000,7.000000,1.000000,3.000000,0.000000,7.000000,50.058505,57.512301,56.884200,72.124385,3.000000
2026-05-10T08:43:08.275470221Z,0,per_hit,raw_percent_of_host,api-node1,api-node2,1,0,1,0.000000,37.466662,0.000000,37.466662,100.000000,100.000000,0.000000,7.000000,1.000000,2.000000,0.000000,7.000000,50.058505,99.441336,75.000000,67.899240,3.000000
2026-05-10T08:43:08.325630553Z,0,per_hit,raw_percent_of_host,api-node1,api-node2,1,0,1,0.000000,37.466662,0.000000,37.466662,100.000000,100.000000,0.000000,7.000000,1.000000,2.000000,0.000000,7.000000,50.058505,99.441336,75.000000,67.899240,3.000000
2026-05-10T08:43:08.375685652Z,0,per_hit,raw_percent_of_host,api-node1,api-node2,1,0,1,0.000000,37.466662,0.000000,37.466662,100.000000,100.000000,7.000000,10.000000,1.000000,2.000000,7.000000,10.000000,50.058505,99.441336,74.617019,67.899240,3.000000
2026-05-10T08:43:08.425481586Z,0,per_hit,raw_percent_of_host,api-node1,api-node2,1,0,1,0.000000,37.466662,0.000000,37.466662,100.000000,100.000000,8.000000,10.000000,1.000000,2.000000,8.000000,10.000000,50.058505,99.441336,74.563263,67.899240,3.000000
2026-05-10T08:43:08.475831997Z,0,per_hit,raw_percent_of_host,api-node1,api-node2,1,0,1,0.000000,49.942975,0.000000,49.942975,100.000000,100.000000,8.000000,6.000000,1.000000,4.000000,8.000000,6.000000,50.058505,199.496414,74.563263,65.025179,3.000000
2026-05-10T08:43:08.525486015Z,0,per_hit,raw_percent_of_host,api-node1,api-node2,1,0,1,53.777783,49.942975,53.777783,49.942975,100.000000,100.000000,4.000000,8.000000,4.000000,4.000000,4.000000,8.000000,81.752315,199.496414,70.853197,65.025179,3.000000
2026-05-10T08:43:08.575532928Z,0,per_hit,raw_percent_of_host,api-node1,api-node2,1,0,1,53.777783,63.533148,53.777783,63.533148,100.000000,100.000000,2.000000,4.000000,4.000000,5.000000,2.000000,4.000000,81.752315,140.345836,70.853197,67.641576,3.000000
2026-05-10T08:43:08.625927962Z,0,per_hit,raw_percent_of_host,api-node1,api-node2,0,1,1,100.000000,63.533148,100.000000,63.533148,100.000000,100.000000,0.000000,4.000000,2.000000,5.000000,0.000000,4.000000,50.070343,140.345836,50.000000,67.641576,3.000000
2026-05-10T08:43:08.675948653Z,0,per_hit,raw_percent_of_host,api-node1,api-node2,1,0,1,0.000000,37.408119,0.000000,37.408119,100.000000,100.000000,0.000000,1.000000,1.000000,3.000000,0.000000,1.000000,50.406145,100.711537,75.000000,67.858334,3.000000
2026-05-10T08:43:08.726101586Z,0,per_hit,raw_percent_of_host,api-node1,api-node2,1,0,1,0.000000,37.408119,0.000000,37.408119,100.000000,100.000000,0.000000,1.000000,1.000000,3.000000,0.000000,1.000000,50.406145,100.711537,75.000000,67.858334,3.000000
2026-05-10T08:43:08.825763093Z,0,per_hit,raw_percent_of_host,api-node1,api-node2,1,0,1,0.000000,0.000000,0.000000,0.000000,100.000000,100.000000,0.000000,1.000000,1.000000,1.000000,0.000000,1.000000,50.406145,99.989963,75.000000,74.937657,3.000000
2026-05-10T08:43:08.976002004Z,0,per_hit,raw_percent_of_host,api-node1,api-node2,1,0,1,0.000000,0.000000,0.000000,0.000000,100.000000,100.000000,0.000000,1.000000,1.000000,1.000000,0.000000,1.000000,50.406145,50.082339,75.000000,74.944558,3.000000
2026-05-10T08:43:09.026138668Z,0,per_hit,raw_percent_of_host,api-node1,api-node2,1,0,1,0.000000,0.000000,0.000000,0.000000,100.000000,100.000000,0.000000,2.000000,1.000000,1.000000,0.000000,2.000000,50.406145,50.082339,75.000000,74.889360,3.000000
2026-05-10T08:43:09.075581696Z,0,per_hit,raw_percent_of_host,api-node1,api-node2,1,0,1,0.000000,72.964255,0.000000,72.964255,100.000000,100.000000,2.000000,3.000000,1.000000,1.000000,2.000000,3.000000,50.406145,50.051219,74.889281,55.651062,3.000000
2026-05-10T08:43:09.126207421Z,0,per_hit,raw_percent_of_host,api-node1,api-node2,1,0,1,49.909921,72.964255,49.909921,72.964255,100.000000,100.000000,0.000000,3.000000,3.000000,1.000000,0.000000,3.000000,50.406145,50.051219,71.898176,55.651062,3.000000
2026-05-10T08:43:09.176203618Z,0,per_hit,raw_percent_of_host,api-node1,api-node2,1,0,1,51.373641,99.017815,51.373641,99.017815,100.000000,100.000000,1.000000,1.000000,1.000000,2.000000,1.000000,1.000000,50.046635,76.243867,72.068585,49.941143,3.000000
2026-05-10T08:43:09.225447334Z,0,per_hit,raw_percent_of_host,api-node1,api-node2,1,0,1,70.239839,99.017815,70.239839,99.017815,100.000000,100.000000,4.000000,2.000000,2.000000,2.000000,4.000000,2.000000,50.046635,76.243867,61.600310,49.882562,3.000000
2026-05-10T08:43:09.27589166Z,0,per_hit,raw_percent_of_host,api-node1,api-node2,0,1,1,70.239839,25.113435,70.239839,25.113435,100.000000,100.000000,5.000000,1.000000,2.000000,2.000000,5.000000,1.000000,50.046635,98.469689,61.490838,74.899510,3.000000
2026-05-10T08:43:09.325512068Z,0,per_hit,raw_percent_of_host,api-node1,api-node2,0,1,1,100.000000,25.113435,100.000000,25.113435,100.000000,100.000000,2.000000,3.000000,3.000000,2.000000,2.000000,3.000000,60.506789,98.469689,49.886748,74.814600,3.000000
2026-05-10T08:43:09.375695564Z,0,per_hit,raw_percent_of_host,api-node1,api-node2,0,1,1,100.000000,49.938072,100.000000,49.938072,100.000000,100.000000,6.000000,6.000000,3.000000,2.000000,6.000000,6.000000,60.506789,99.273124,49.663295,69.551794,3.000000
2026-05-10T08:43:09.425856578Z,0,per_hit,raw_percent_of_host,api-node1,api-node2,0,1,1,100.000000,49.938072,100.000000,49.938072,100.000000,100.000000,6.000000,6.000000,3.000000,2.000000,6.000000,6.000000,60.506789,99.273124,49.663295,69.551794,3.000000
2026-05-10T08:43:09.47560487Z,0,per_hit,raw_percent_of_host,api-node1,api-node2,0,1,1,99.344115,49.938072,99.344115,49.938072,100.000000,100.000000,4.000000,6.000000,5.000000,2.000000,4.000000,6.000000,50.043612,99.273124,49.779715,69.551794,3.000000
2026-05-10T08:43:09.526192044Z,0,per_hit,raw_percent_of_host,api-node1,api-node2,0,1,1,99.344115,49.938072,99.344115,49.938072,100.000000,100.000000,2.000000,7.000000,5.000000,2.000000,2.000000,7.000000,50.043612,99.273124,49.889370,69.551794,3.000000
2026-05-10T08:43:09.576232748Z,0,per_hit,raw_percent_of_host,api-node1,api-node2,0,1,1,99.344115,49.813127,99.344115,49.813127,100.000000,100.000000,2.000000,3.000000,5.000000,4.000000,2.000000,3.000000,50.043612,179.666180,49.889370,66.016691,3.000000
2026-05-10T08:43:09.625449804Z,0,per_hit,raw_percent_of_host,api-node1,api-node2,0,1,1,100.000000,49.813127,100.000000,49.813127,100.000000,100.000000,0.000000,3.000000,3.000000,4.000000,0.000000,3.000000,50.049371,179.666180,50.000000,66.016691,3.000000
2026-05-10T08:43:09.675876026Z,0,per_hit,raw_percent_of_host,api-node1,api-node2,1,0,1,28.030474,99.007200,28.030474,99.007200,100.000000,100.000000,0.000000,1.000000,1.000000,2.000000,0.000000,1.000000,50.131283,118.079395,72.757716,49.934712,3.000000
2026-05-10T08:43:09.725406536Z,0,per_hit,raw_percent_of_host,api-node1,api-node2,1,0,1,0.000000,99.007200,0.000000,99.007200,100.000000,100.000000,0.000000,1.000000,1.000000,2.000000,0.000000,1.000000,50.131283,118.079395,75.000000,49.934712,3.000000
2026-05-10T08:43:09.825531804Z,0,per_hit,raw_percent_of_host,api-node1,api-node2,0,1,1,0.000000,0.000000,0.000000,0.000000,100.000000,100.000000,1.000000,0.000000,1.000000,1.000000,1.000000,0.000000,50.131283,50.040680,74.944551,75.000000,3.000000
2026-05-10T08:43:09.975369752Z,0,per_hit,raw_percent_of_host,api-node1,api-node2,1,0,1,0.000000,0.000000,0.000000,0.000000,100.000000,100.000000,0.000000,1.000000,1.000000,1.000000,0.000000,1.000000,50.085895,50.040680,75.000000,74.944563,3.000000
2026-05-10T08:43:10.025456245Z,0,per_hit,raw_percent_of_host,api-node1,api-node2,1,0,1,0.000000,55.632481,0.000000,55.632481,100.000000,100.000000,1.000000,1.000000,1.000000,2.000000,1.000000,1.000000,50.085895,50.040680,74.944557,72.434588,3.000000
2026-05-10T08:43:10.075425297Z,0,per_hit,raw_percent_of_host,api-node1,api-node2,0,1,1,54.796212,55.632481,54.796212,55.632481,100.000000,100.000000,3.000000,2.000000,2.000000,2.000000,3.000000,2.000000,50.085895,50.040680,72.368034,72.434588,3.000000
2026-05-10T08:43:10.125324546Z,0,per_hit,raw_percent_of_host,api-node1,api-node2,1,0,1,54.796212,68.125925,54.796212,68.125925,100.000000,100.000000,2.000000,2.000000,2.000000,3.000000,2.000000,2.000000,50.085895,50.045165,72.368034,65.490706,3.000000
2026-05-10T08:43:10.176245526Z,0,per_hit,raw_percent_of_host,api-node1,api-node2,0,1,1,89.727387,0.000000,89.727387,0.000000,100.000000,100.000000,1.000000,0.000000,1.000000,1.000000,1.000000,0.000000,50.150216,58.866719,49.944549,75.000000,3.000000
2026-05-10T08:43:10.226017052Z,0,per_hit,raw_percent_of_host,api-node1,api-node2,0,1,1,86.121685,0.000000,86.121685,0.000000,100.000000,100.000000,1.000000,4.000000,1.000000,1.000000,1.000000,4.000000,50.070209,58.866719,49.942708,74.775348,3.000000
2026-05-10T08:43:10.275714144Z,0,per_hit,raw_percent_of_host,api-node1,api-node2,0,1,1,100.000000,0.000000,100.000000,0.000000,100.000000,100.000000,1.000000,4.000000,2.000000,1.000000,1.000000,4.000000,54.374573,58.866719,49.944025,74.775348,3.000000
2026-05-10T08:43:10.325888485Z,0,per_hit,raw_percent_of_host,api-node1,api-node2,0,1,1,100.000000,0.000000,100.000000,0.000000,100.000000,100.000000,2.000000,6.000000,2.000000,1.000000,2.000000,6.000000,54.374573,58.866719,49.888299,74.664530,3.000000
2026-05-10T08:43:10.376100973Z,0,per_hit,raw_percent_of_host,api-node1,api-node2,0,1,1,100.000000,0.000000,100.000000,0.000000,100.000000,100.000000,6.000000,11.000000,2.000000,1.000000,6.000000,11.000000,54.374573,58.866719,49.667866,74.391772,3.000000
2026-05-10T08:43:10.425763083Z,0,per_hit,raw_percent_of_host,api-node1,api-node2,0,1,1,100.000000,59.655390,100.000000,59.655390,100.000000,100.000000,7.000000,7.000000,2.000000,2.000000,7.000000,7.000000,54.374573,99.250326,49.613367,70.037484,3.000000
2026-05-10T08:43:10.47614342Z,0,per_hit,raw_percent_of_host,api-node1,api-node2,1,0,1,57.157430,59.655390,57.157430,59.655390,100.000000,100.000000,4.000000,9.000000,5.000000,2.000000,4.000000,9.000000,86.187521,99.250326,70.690624,70.037484,3.000000
2026-05-10T08:43:10.525816094Z,0,per_hit,raw_percent_of_host,api-node1,api-node2,1,0,1,57.157430,59.655390,57.157430,59.655390,100.000000,100.000000,1.000000,11.000000,5.000000,2.000000,1.000000,11.000000,86.187521,99.250326,70.690624,70.037484,3.000000
2026-05-10T08:43:10.576149698Z,0,per_hit,raw_percent_of_host,api-node1,api-node2,1,0,1,57.157430,54.538355,57.157430,54.538355,100.000000,100.000000,1.000000,7.000000,5.000000,6.000000,1.000000,7.000000,86.187521,168.706392,70.690624,66.564680,3.000000
2026-05-10T08:43:10.626009409Z,0,per_hit,raw_percent_of_host,api-node1,api-node2,0,1,1,91.907420,54.538355,91.907420,54.538355,100.000000,100.000000,0.000000,7.000000,2.000000,6.000000,0.000000,7.000000,50.038300,168.706392,50.000000,66.564680,3.000000
2026-05-10T08:43:10.675448301Z,0,per_hit,raw_percent_of_host,api-node1,api-node2,0,1,1,91.907420,54.538355,91.907420,54.538355,100.000000,100.000000,0.000000,4.000000,2.000000,6.000000,0.000000,4.000000,50.038300,168.706392,50.000000,66.564680,3.000000
2026-05-10T08:43:10.725613271Z,0,per_hit,raw_percent_of_host,api-node1,api-node2,0,1,1,91.907420,54.538355,91.907420,54.538355,100.000000,100.000000,0.000000,4.000000,2.000000,6.000000,0.000000,4.000000,50.038300,168.706392,50.000000,66.564680,3.000000
2026-05-10T08:43:10.825606733Z,0,per_hit,raw_percent_of_host,api-node1,api-node2,1,0,1,0.000000,0.000000,0.000000,0.000000,100.000000,100.000000,0.000000,1.000000,1.000000,1.000000,0.000000,1.000000,50.046591,81.256202,75.000000,74.940440,3.000000
2026-05-10T08:43:10.975860159Z,0,per_hit,raw_percent_of_host,api-node1,api-node2,1,0,1,19.830361,0.000000,19.830361,0.000000,100.000000,100.000000,0.000000,1.000000,1.000000,1.000000,0.000000,1.000000,50.046591,50.064101,75.000000,74.944560,3.000000
2026-05-10T08:43:11.025466407Z,0,per_hit,raw_percent_of_host,api-node1,api-node2,1,0,1,0.000000,55.177389,0.000000,55.177389,100.000000,100.000000,0.000000,2.000000,1.000000,2.000000,0.000000,2.000000,50.046591,50.064101,75.000000,72.398833,3.000000
2026-05-10T08:43:11.075527559Z,0,per_hit,raw_percent_of_host,api-node1,api-node2,1,0,1,16.563255,55.177389,16.563255,55.177389,100.000000,100.000000,2.000000,3.000000,2.000000,2.000000,2.000000,3.000000,50.046591,50.064101,74.889369,72.398833,3.000000
2026-05-10T08:43:11.125624492Z,0,per_hit,raw_percent_of_host,api-node1,api-node2,1,0,1,16.563255,55.177389,16.563255,55.177389,100.000000,100.000000,1.000000,3.000000,2.000000,2.000000,1.000000,3.000000,50.046591,50.064101,74.944562,72.398833,3.000000
2026-05-10T08:43:11.176256008Z,0,per_hit,raw_percent_of_host,api-node1,api-node2,1,0,1,16.563255,60.879084,16.563255,60.879084,100.000000,100.000000,1.000000,1.000000,2.000000,4.000000,1.000000,1.000000,50.046591,50.061766,74.944562,72.402107,3.000000
2026-05-10T08:43:11.226125781Z,0,per_hit,raw_percent_of_host,api-node1,api-node2,0,1,1,71.798787,60.879084,71.798787,60.879084,100.000000,100.000000,3.000000,3.000000,2.000000,4.000000,3.000000,3.000000,50.049079,50.061766,58.463024,72.213630,3.000000
2026-05-10T08:43:11.275548769Z,0,per_hit,raw_percent_of_host,api-node1,api-node2,0,1,1,71.798787,58.251995,71.798787,58.251995,100.000000,100.000000,2.000000,3.000000,2.000000,3.000000,2.000000,3.000000,50.049079,99.893029,58.572612,70.005349,3.000000
2026-05-10T08:43:11.325267992Z,0,per_hit,raw_percent_of_host,api-node1,api-node2,0,1,1,99.058647,58.251995,99.058647,58.251995,100.000000,100.000000,2.000000,4.000000,1.000000,3.000000,2.000000,4.000000,50.042070,99.893029,49.889370,70.005349,3.000000
2026-05-10T08:43:11.375298635Z,0,per_hit,raw_percent_of_host,api-node1,api-node2,0,1,1,99.058647,37.424287,99.058647,37.424287,100.000000,100.000000,3.000000,9.000000,1.000000,2.000000,3.000000,9.000000,50.042070,99.984136,49.834422,67.888720,3.000000
2026-05-10T08:43:11.425671917Z,0,per_hit,raw_percent_of_host,api-node1,api-node2,0,1,1,81.715276,37.424287,81.715276,37.424287,100.000000,100.000000,2.000000,10.000000,3.000000,2.000000,2.000000,10.000000,70.598270,99.984136,49.862608,67.888720,3.000000
2026-05-10T08:43:11.476006589Z,0,per_hit,raw_percent_of_host,api-node1,api-node2,0,1,1,81.715276,37.424287,81.715276,37.424287,100.000000,100.000000,3.000000,10.000000,3.000000,2.000000,3.000000,10.000000,70.598270,99.984136,49.794476,67.888720,3.000000
2026-05-10T08:43:11.525946592Z,0,per_hit,raw_percent_of_host,api-node1,api-node2,0,1,1,81.715276,37.424287,81.715276,37.424287,100.000000,100.000000,3.000000,11.000000,3.000000,2.000000,3.000000,11.000000,70.598270,99.984136,49.794476,67.888720,3.000000
2026-05-10T08:43:11.575450081Z,0,per_hit,raw_percent_of_host,api-node1,api-node2,0,1,1,81.715276,54.456583,81.715276,54.456583,100.000000,100.000000,3.000000,10.000000,3.000000,6.000000,3.000000,10.000000,70.598270,219.347241,49.794476,64.032638,3.000000
2026-05-10T08:43:11.625747871Z,0,per_hit,raw_percent_of_host,api-node1,api-node2,0,1,1,100.000000,54.456583,100.000000,54.456583,100.000000,100.000000,0.000000,10.000000,2.000000,6.000000,0.000000,10.000000,50.041778,219.347241,50.000000,64.032638,3.000000
2026-05-10T08:43:11.675519151Z,0,per_hit,raw_percent_of_host,api-node1,api-node2,0,1,1,100.000000,54.456583,100.000000,54.456583,100.000000,100.000000,0.000000,7.000000,2.000000,6.000000,0.000000,7.000000,50.041778,219.347241,50.000000,64.032638,3.000000
2026-05-10T08:43:11.725712163Z,0,per_hit,raw_percent_of_host,api-node1,api-node2,0,1,1,100.000000,54.456583,100.000000,54.456583,100.000000,100.000000,0.000000,7.000000,2.000000,6.000000,0.000000,7.000000,50.041778,219.347241,50.000000,64.032638,3.000000
2026-05-10T08:43:11.776130864Z,0,per_hit,raw_percent_of_host,api-node1,api-node2,1,0,1,5.989585,44.438612,5.989585,44.438612,100.000000,100.000000,0.000000,1.000000,1.000000,5.000000,0.000000,1.000000,50.037897,199.962231,75.000000,64.534208,3.000000
2026-05-10T08:43:11.825718834Z,0,per_hit,raw_percent_of_host,api-node1,api-node2,1,0,1,5.989585,44.438612,5.989585,44.438612,100.000000,100.000000,1.000000,1.000000,1.000000,5.000000,1.000000,1.000000,50.037897,199.962231,74.944563,64.534208,3.000000
2026-05-10T08:43:11.975863778Z,0,per_hit,raw_percent_of_host,api-node1,api-node2,1,0,1,0.000000,0.000000,0.000000,0.000000,100.000000,100.000000,0.000000,1.000000,1.000000,1.000000,0.000000,1.000000,50.062759,98.906842,75.000000,74.937825,3.000000
2026-05-10T08:43:12.026168512Z,0,per_hit,raw_percent_of_host,api-node1,api-node2,1,0,1,0.000000,73.484138,0.000000,73.484138,100.000000,100.000000,1.000000,1.000000,1.000000,2.000000,1.000000,1.000000,50.062759,98.906842,74.944560,54.482005,3.000000
2026-05-10T08:43:12.075454732Z,0,per_hit,raw_percent_of_host,api-node1,api-node2,1,0,1,0.000000,73.484138,0.000000,73.484138,100.000000,100.000000,4.000000,1.000000,1.000000,2.000000,4.000000,1.000000,50.062759,98.906842,74.779705,54.482005,3.000000
2026-05-10T08:43:12.125688054Z,0,per_hit,raw_percent_of_host,api-node1,api-node2,0,1,1,70.719339,46.844326,70.719339,46.844326,100.000000,100.000000,3.000000,1.000000,4.000000,2.000000,3.000000,1.000000,50.062759,50.050753,60.767005,71.544531,3.000000
2026-05-10T08:43:12.175296071Z,0,per_hit,raw_percent_of_host,api-node1,api-node2,0,1,1,99.134184,58.639441,99.134184,58.639441,100.000000,100.000000,1.000000,0.000000,2.000000,1.000000,1.000000,0.000000,50.055772,66.214214,49.944561,71.689289,3.000000
2026-05-10T08:43:12.226083594Z,0,per_hit,raw_percent_of_host,api-node1,api-node2,0,1,1,74.283414,22.525384,74.283414,22.525384,100.000000,100.000000,3.000000,2.000000,2.000000,2.000000,3.000000,2.000000,50.096505,66.214214,51.970820,74.885265,3.000000
2026-05-10T08:43:12.276141149Z,0,per_hit,raw_percent_of_host,api-node1,api-node2,0,1,1,100.000000,22.525384,100.000000,22.525384,100.000000,100.000000,3.000000,2.000000,3.000000,2.000000,3.000000,2.000000,50.056484,66.214214,49.834416,74.885265,3.000000
2026-05-10T08:43:12.325436135Z,0,per_hit,raw_percent_of_host,api-node1,api-node2,0,1,1,97.980763,0.000000,97.980763,0.000000,100.000000,100.000000,2.000000,2.000000,1.000000,1.000000,2.000000,2.000000,50.054760,61.200864,49.889367,74.886570,3.000000
2026-05-10T08:43:12.375771702Z,0,per_hit,raw_percent_of_host,api-node1,api-node2,0,1,1,97.980763,0.000000,97.980763,0.000000,100.000000,100.000000,7.000000,5.000000,1.000000,1.000000,7.000000,5.000000,50.054760,61.200864,49.617022,74.718341,3.000000
2026-05-10T08:43:12.425340043Z,0,per_hit,raw_percent_of_host,api-node1,api-node2,0,1,1,97.980763,0.000000,97.980763,0.000000,100.000000,100.000000,6.000000,5.000000,1.000000,1.000000,6.000000,5.000000,50.054760,61.200864,49.671013,74.718341,3.000000
2026-05-10T08:43:12.475607908Z,0,per_hit,raw_percent_of_host,api-node1,api-node2,0,1,1,86.293145,64.494750,86.293145,64.494750,100.000000,100.000000,6.000000,5.000000,4.000000,4.000000,6.000000,5.000000,55.104885,88.878831,49.662329,69.433173,3.000000
2026-05-10T08:43:12.525252308Z,0,per_hit,raw_percent_of_host,api-node1,api-node2,0,1,1,86.985685,64.494750,86.985685,64.494750,100.000000,100.000000,3.000000,5.000000,4.000000,4.000000,3.000000,5.000000,59.544012,88.878831,49.830874,69.433173,3.000000
2026-05-10T08:43:12.575696915Z,0,per_hit,raw_percent_of_host,api-node1,api-node2,0,1,1,86.985685,57.904319,86.985685,57.904319,100.000000,100.000000,2.000000,4.000000,4.000000,3.000000,2.000000,4.000000,59.544012,119.351508,49.886994,69.032425,3.000000
2026-05-10T08:43:12.625649883Z,0,per_hit,raw_percent_of_host,api-node1,api-node2,0,1,1,99.244494,57.904319,99.244494,57.904319,100.000000,100.000000,0.000000,4.000000,2.000000,3.000000,0.000000,4.000000,59.835943,119.351508,50.000000,69.032425,3.000000
2026-05-10T08:43:12.676238797Z,0,per_hit,raw_percent_of_host,api-node1,api-node2,1,0,1,16.663891,37.597021,16.663891,37.597021,100.000000,100.000000,0.000000,1.000000,1.000000,2.000000,0.000000,1.000000,50.037546,100.408204,75.000000,67.796450,3.000000
2026-05-10T08:43:12.725411461Z,0,per_hit,raw_percent_of_host,api-node1,api-node2,1,0,1,16.663891,37.597021,16.663891,37.597021,100.000000,100.000000,0.000000,1.000000,1.000000,2.000000,0.000000,1.000000,50.037546,100.408204,75.000000,67.796450,3.000000
2026-05-10T08:43:12.826244003Z,0,per_hit,raw_percent_of_host,api-node1,api-node2,1,0,1,0.000000,0.000000,0.000000,0.000000,100.000000,100.000000,0.000000,1.000000,1.000000,1.000000,0.000000,1.000000,50.037546,99.421696,75.000000,74.937746,3.000000
2026-05-10T08:43:12.975858653Z,0,per_hit,raw_percent_of_host,api-node1,api-node2,0,1,1,19.679935,0.000000,19.679935,0.000000,100.000000,100.000000,1.000000,0.000000,1.000000,1.000000,1.000000,0.000000,50.037546,50.053849,74.944563,75.000000,3.000000
2026-05-10T08:43:13.025516669Z,0,per_hit,raw_percent_of_host,api-node1,api-node2,0,1,1,52.109870,0.000000,52.109870,0.000000,100.000000,100.000000,2.000000,0.000000,2.000000,1.000000,2.000000,0.000000,50.037546,50.053849,72.139544,75.000000,3.000000
2026-05-10T08:43:13.076137403Z,0,per_hit,raw_percent_of_host,api-node1,api-node2,0,1,1,52.109870,17.244264,52.109870,17.244264,100.000000,100.000000,2.000000,3.000000,2.000000,2.000000,2.000000,3.000000,50.037546,50.053849,72.139544,74.834417,3.000000
2026-05-10T08:43:13.12606179Z,0,per_hit,raw_percent_of_host,api-node1,api-node2,0,1,1,98.772082,17.244264,98.772082,17.244264,100.000000,100.000000,0.000000,2.000000,1.000000,2.000000,0.000000,2.000000,50.069703,50.053849,50.000000,74.889367,3.000000
2026-05-10T08:43:13.17594514Z,0,per_hit,raw_percent_of_host,api-node1,api-node2,1,0,1,0.000000,87.346234,0.000000,87.346234,100.000000,100.000000,1.000000,0.000000,1.000000,1.000000,1.000000,0.000000,50.069703,50.047583,74.944559,50.000000,3.000000
2026-05-10T08:43:13.225895551Z,0,per_hit,raw_percent_of_host,api-node1,api-node2,0,1,1,85.141357,0.000000,85.141357,0.000000,100.000000,100.000000,2.000000,3.000000,1.000000,1.000000,2.000000,3.000000,50.706726,50.047583,49.881242,74.834420,3.000000
2026-05-10T08:43:13.275755639Z,0,per_hit,raw_percent_of_host,api-node1,api-node2,0,1,1,85.141357,0.000000,85.141357,0.000000,100.000000,100.000000,2.000000,2.000000,1.000000,1.000000,2.000000,2.000000,50.706726,50.047583,49.881242,74.889369,3.000000
2026-05-10T08:43:13.325273366Z,0,per_hit,raw_percent_of_host,api-node1,api-node2,0,1,1,92.521848,0.000000,92.521848,0.000000,100.000000,100.000000,1.000000,4.000000,2.000000,1.000000,1.000000,4.000000,50.525718,50.047583,49.944503,74.779713,3.000000
2026-05-10T08:43:13.375947149Z,0,per_hit,raw_percent_of_host,api-node1,api-node2,0,1,1,83.606889,51.694957,83.606889,51.694957,100.000000,100.000000,5.000000,7.000000,2.000000,2.000000,5.000000,7.000000,50.053265,94.582291,49.686283,70.031804,3.000000
2026-05-10T08:43:13.425828568Z,0,per_hit,raw_percent_of_host,api-node1,api-node2,0,1,1,83.606889,51.694957,83.606889,51.694957,100.000000,100.000000,5.000000,9.000000,2.000000,2.000000,5.000000,9.000000,50.053265,94.582291,49.686283,70.031804,3.000000
2026-05-10T08:43:13.475382617Z,0,per_hit,raw_percent_of_host,api-node1,api-node2,0,1,1,83.606889,58.482502,83.606889,58.482502,100.000000,100.000000,1.000000,11.000000,2.000000,3.000000,1.000000,11.000000,50.053265,99.237547,49.936620,70.038123,3.000000
2026-05-10T08:43:13.525369968Z,0,per_hit,raw_percent_of_host,api-node1,api-node2,0,1,1,98.474575,58.482502,98.474575,58.482502,100.000000,100.000000,1.000000,12.000000,2.000000,3.000000,1.000000,12.000000,50.035018,99.237547,49.944563,70.038123,3.000000
2026-05-10T08:43:13.575864865Z,0,per_hit,raw_percent_of_host,api-node1,api-node2,0,1,1,98.474575,58.482502,98.474575,58.482502,100.000000,100.000000,1.000000,12.000000,2.000000,3.000000,1.000000,12.000000,50.035018,99.237547,49.944563,70.038123,3.000000
2026-05-10T08:43:13.626008744Z,0,per_hit,raw_percent_of_host,api-node1,api-node2,0,1,1,98.474575,58.482502,98.474575,58.482502,100.000000,100.000000,0.000000,12.000000,2.000000,3.000000,0.000000,12.000000,50.035018,99.237547,50.000000,70.038123,3.000000
2026-05-10T08:43:13.675859295Z,0,per_hit,raw_percent_of_host,api-node1,api-node2,0,1,1,98.474575,58.482502,98.474575,58.482502,100.000000,100.000000,0.000000,10.000000,2.000000,3.000000,0.000000,10.000000,50.035018,99.237547,50.000000,70.038123,3.000000
2026-05-10T08:43:13.725841253Z,0,per_hit,raw_percent_of_host,api-node1,api-node2,0,1,1,98.474575,58.482502,98.474575,58.482502,100.000000,100.000000,0.000000,10.000000,2.000000,3.000000,0.000000,10.000000,50.035018,99.237547,50.000000,70.038123,3.000000
2026-05-10T08:43:13.77568782Z,0,per_hit,raw_percent_of_host,api-node1,api-node2,1,0,1,34.415161,53.249222,34.415161,53.249222,100.000000,100.000000,0.000000,5.000000,1.000000,8.000000,0.000000,5.000000,50.045545,299.275832,71.541354,60.036208,3.000000
2026-05-10T08:43:13.825756387Z,0,per_hit,raw_percent_of_host,api-node1,api-node2,1,0,1,34.415161,53.249222,34.415161,53.249222,100.000000,100.000000,1.000000,5.000000,1.000000,8.000000,1.000000,5.000000,50.045545,299.275832,71.541354,60.036208,3.000000
2026-05-10T08:43:13.975251783Z,0,per_hit,raw_percent_of_host,api-node1,api-node2,1,0,1,0.000000,0.000000,0.000000,0.000000,100.000000,100.000000,0.000000,1.000000,1.000000,1.000000,0.000000,1.000000,50.141694,78.508241,75.000000,74.940827,3.000000
2026-05-10T08:43:14.025602017Z,0,per_hit,raw_percent_of_host,api-node1,api-node2,1,0,1,0.000000,71.217956,0.000000,71.217956,100.000000,100.000000,1.000000,1.000000,1.000000,2.000000,1.000000,1.000000,50.141694,78.508241,74.944550,59.956574,3.000000
2026-05-10T08:43:14.076005646Z,0,per_hit,raw_percent_of_host,api-node1,api-node2,1,0,1,0.000000,44.917577,0.000000,44.917577,100.000000,100.000000,4.000000,1.000000,1.000000,1.000000,4.000000,1.000000,50.141694,50.083861,74.779667,71.258162,3.000000
2026-05-10T08:43:14.125292765Z,0,per_hit,raw_percent_of_host,api-node1,api-node2,1,0,1,56.964947,44.917577,56.964947,44.917577,100.000000,100.000000,3.000000,1.000000,2.000000,1.000000,3.000000,1.000000,50.141694,50.083861,72.492915,71.258162,3.000000
2026-05-10T08:43:14.175450873Z,0,per_hit,raw_percent_of_host,api-node1,api-node2,0,1,1,100.000000,0.000000,100.000000,0.000000,100.000000,100.000000,0.000000,1.000000,2.000000,1.000000,0.000000,1.000000,50.049170,64.771107,50.000000,74.942691,3.000000
2026-05-10T08:43:14.225262747Z,0,per_hit,raw_percent_of_host,api-node1,api-node2,1,0,1,0.000000,0.000000,0.000000,0.000000,100.000000,100.000000,3.000000,3.000000,1.000000,1.000000,3.000000,3.000000,50.979317,64.771107,74.834078,74.828857,3.000000
2026-05-10T08:43:14.275445088Z,0,per_hit,raw_percent_of_host,api-node1,api-node2,1,0,1,0.000000,0.000000,0.000000,0.000000,100.000000,100.000000,2.000000,4.000000,1.000000,1.000000,2.000000,4.000000,50.979317,64.771107,74.889140,74.772328,3.000000
2026-05-10T08:43:14.325451338Z,0,per_hit,raw_percent_of_host,api-node1,api-node2,1,0,1,0.000000,0.000000,0.000000,0.000000,100.000000,100.000000,0.000000,7.000000,1.000000,1.000000,0.000000,7.000000,50.979317,64.771107,75.000000,74.604277,3.000000
2026-05-10T08:43:14.37609575Z,0,per_hit,raw_percent_of_host,api-node1,api-node2,0,1,1,65.313346,59.794928,65.313346,59.794928,100.000000,100.000000,5.000000,7.000000,1.000000,4.000000,5.000000,7.000000,50.059073,59.492537,69.083495,72.025373,3.000000
2026-05-10T08:43:14.42555256Z,0,per_hit,raw_percent_of_host,api-node1,api-node2,0,1,1,65.313346,59.794928,65.313346,59.794928,100.000000,100.000000,5.000000,8.000000,1.000000,4.000000,5.000000,8.000000,50.059073,59.492537,69.083495,72.025373,3.000000
2026-05-10T08:43:14.475854854Z,0,per_hit,raw_percent_of_host,api-node1,api-node2,0,1,1,97.593618,50.075951,97.593618,50.075951,100.000000,100.000000,3.000000,11.000000,2.000000,3.000000,3.000000,11.000000,50.040834,97.731482,49.834422,69.641437,3.000000
2026-05-10T08:43:14.525762338Z,0,per_hit,raw_percent_of_host,api-node1,api-node2,0,1,1,97.593618,50.075951,97.593618,50.075951,100.000000,100.000000,1.000000,13.000000,2.000000,3.000000,1.000000,13.000000,50.040834,97.731482,49.944563,69.641437,3.000000
2026-05-10T08:43:14.575777201Z,0,per_hit,raw_percent_of_host,api-node1,api-node2,0,1,1,97.593618,50.075951,97.593618,50.075951,100.000000,100.000000,1.000000,11.000000,2.000000,3.000000,1.000000,11.000000,50.040834,97.731482,49.944563,69.641437,3.000000
2026-05-10T08:43:14.626089145Z,0,per_hit,raw_percent_of_host,api-node1,api-node2,0,1,1,97.593618,50.075951,97.593618,50.075951,100.000000,100.000000,0.000000,11.000000,2.000000,3.000000,0.000000,11.000000,50.040834,97.731482,50.000000,69.641437,3.000000
2026-05-10T08:43:14.675453507Z,0,per_hit,raw_percent_of_host,api-node1,api-node2,1,0,1,56.006902,54.690923,56.006902,54.690923,100.000000,100.000000,0.000000,9.000000,1.000000,5.000000,0.000000,9.000000,50.056790,199.399485,72.461688,65.030026,3.000000
2026-05-10T08:43:14.7256226Z,0,per_hit,raw_percent_of_host,api-node1,api-node2,1,0,1,56.006902,54.690923,56.006902,54.690923,100.000000,100.000000,0.000000,9.000000,1.000000,5.000000,0.000000,9.000000,50.056790,199.399485,72.461688,65.030026,3.000000
2026-05-10T08:43:14.775865748Z,0,per_hit,raw_percent_of_host,api-node1,api-node2,1,0,1,56.006902,54.690923,56.006902,54.690923,100.000000,100.000000,0.000000,6.000000,1.000000,5.000000,0.000000,6.000000,50.056790,199.399485,72.461688,65.030026,3.000000
2026-05-10T08:43:14.825776071Z,0,per_hit,raw_percent_of_host,api-node1,api-node2,1,0,1,56.006902,54.690923,56.006902,54.690923,100.000000,100.000000,1.000000,6.000000,1.000000,5.000000,1.000000,6.000000,50.056790,199.399485,72.461688,65.030026,3.000000
2026-05-10T08:43:14.976252638Z,0,per_hit,raw_percent_of_host,api-node1,api-node2,0,1,1,0.000000,0.000000,0.000000,0.000000,100.000000,100.000000,1.000000,0.000000,1.000000,1.000000,1.000000,0.000000,50.138706,62.073477,74.944551,75.000000,3.000000
2026-05-10T08:43:15.025700434Z,0,per_hit,raw_percent_of_host,api-node1,api-node2,0,1,1,53.595661,0.000000,53.595661,0.000000,100.000000,100.000000,2.000000,0.000000,2.000000,1.000000,2.000000,0.000000,50.138706,62.073477,72.267039,75.000000,3.000000
2026-05-10T08:43:15.075927438Z,0,per_hit,raw_percent_of_host,api-node1,api-node2,0,1,1,53.595661,0.000000,53.595661,0.000000,100.000000,100.000000,3.000000,2.000000,2.000000,1.000000,3.000000,2.000000,50.138706,62.073477,72.267039,74.886345,3.000000
2026-05-10T08:43:15.125284115Z,0,per_hit,raw_percent_of_host,api-node1,api-node2,0,1,1,100.000000,0.000000,100.000000,0.000000,100.000000,100.000000,1.000000,2.000000,4.000000,1.000000,1.000000,2.000000,50.045950,62.073477,49.944562,74.886345,3.000000
2026-05-10T08:43:15.176017024Z,0,per_hit,raw_percent_of_host,api-node1,api-node2,0,1,1,0.000000,0.000000,0.000000,0.000000,100.000000,100.000000,1.000000,0.000000,1.000000,1.000000,1.000000,0.000000,50.073243,50.040517,74.944559,75.000000,3.000000
2026-05-10T08:43:15.225740646Z,0,per_hit,raw_percent_of_host,api-node1,api-node2,0,1,1,0.000000,0.000000,0.000000,0.000000,100.000000,100.000000,3.000000,2.000000,1.000000,1.000000,3.000000,2.000000,50.073243,50.040517,74.834410,74.889371,3.000000
2026-05-10T08:43:15.276128868Z,0,per_hit,raw_percent_of_host,api-node1,api-node2,0,1,1,97.188063,0.000000,97.188063,0.000000,100.000000,100.000000,3.000000,1.000000,2.000000,1.000000,3.000000,1.000000,50.043717,50.040517,49.834421,74.944563,3.000000
2026-05-10T08:43:15.32562688Z,0,per_hit,raw_percent_of_host,api-node1,api-node2,0,1,1,97.237122,0.000000,97.237122,0.000000,100.000000,100.000000,2.000000,2.000000,3.000000,1.000000,2.000000,2.000000,59.871910,50.065277,49.886911,74.889365,3.000000
2026-05-10T08:43:15.375543285Z,0,per_hit,raw_percent_of_host,api-node1,api-node2,0,1,1,98.887465,0.000000,98.887465,0.000000,100.000000,100.000000,4.000000,8.000000,2.000000,1.000000,4.000000,8.000000,50.041705,50.065277,49.779715,74.563257,3.000000
2026-05-10T08:43:15.425846875Z,0,per_hit,raw_percent_of_host,api-node1,api-node2,0,1,1,98.412244,0.000000,98.412244,0.000000,100.000000,100.000000,3.000000,8.000000,3.000000,1.000000,3.000000,8.000000,69.927150,50.065277,49.826819,74.563257,3.000000
2026-05-10T08:43:15.476226154Z,0,per_hit,raw_percent_of_host,api-node1,api-node2,0,1,1,98.412244,0.000000,98.412244,0.000000,100.000000,100.000000,3.000000,11.000000,3.000000,1.000000,3.000000,11.000000,69.927150,50.065277,49.826819,74.403386,3.000000
2026-05-10T08:43:15.525525746Z,0,per_hit,raw_percent_of_host,api-node1,api-node2,0,1,1,98.412244,0.000000,98.412244,0.000000,100.000000,100.000000,3.000000,12.000000,3.000000,1.000000,3.000000,12.000000,69.927150,50.065277,49.826819,74.350558,3.000000
2026-05-10T08:43:15.575613685Z,0,per_hit,raw_percent_of_host,api-node1,api-node2,0,1,1,98.412244,0.000000,98.412244,0.000000,100.000000,100.000000,3.000000,12.000000,3.000000,1.000000,3.000000,12.000000,69.927150,50.065277,49.826819,74.350558,3.000000
2026-05-10T08:43:15.625278677Z,0,per_hit,raw_percent_of_host,api-node1,api-node2,0,1,1,98.412244,52.371389,98.412244,52.371389,100.000000,100.000000,0.000000,11.000000,3.000000,4.000000,0.000000,11.000000,69.927150,203.513805,50.000000,64.824310,3.000000
2026-05-10T08:43:15.67596504Z,0,per_hit,raw_percent_of_host,api-node1,api-node2,0,1,1,94.903502,52.371389,94.903502,52.371389,100.000000,100.000000,0.000000,9.000000,1.000000,4.000000,0.000000,9.000000,50.085346,203.513805,50.000000,64.824310,3.000000
2026-05-10T08:43:15.725837452Z,0,per_hit,raw_percent_of_host,api-node1,api-node2,0,1,1,94.903502,52.371389,94.903502,52.371389,100.000000,100.000000,0.000000,9.000000,1.000000,4.000000,0.000000,9.000000,50.085346,203.513805,50.000000,64.824310,3.000000
2026-05-10T08:43:15.775652591Z,0,per_hit,raw_percent_of_host,api-node1,api-node2,0,1,1,94.903502,52.371389,94.903502,52.371389,100.000000,100.000000,0.000000,7.000000,1.000000,4.000000,0.000000,7.000000,50.085346,203.513805,50.000000,64.824310,3.000000
2026-05-10T08:43:15.825609724Z,0,per_hit,raw_percent_of_host,api-node1,api-node2,0,1,1,94.903502,52.371389,94.903502,52.371389,100.000000,100.000000,0.000000,8.000000,1.000000,4.000000,0.000000,8.000000,50.085346,203.513805,50.000000,64.824310,3.000000
2026-05-10T08:43:15.87581802Z,0,per_hit,raw_percent_of_host,api-node1,api-node2,1,0,1,0.000000,100.000000,0.000000,100.000000,100.000000,100.000000,0.000000,1.000000,1.000000,2.000000,0.000000,1.000000,50.085346,82.655740,75.000000,49.940241,3.000000
2026-05-10T08:43:15.975849061Z,0,per_hit,raw_percent_of_host,api-node1,api-node2,1,0,1,0.000000,0.000000,0.000000,0.000000,100.000000,100.000000,0.000000,1.000000,1.000000,1.000000,0.000000,1.000000,50.085346,50.051763,75.000000,74.944561,3.000000
2026-05-10T08:43:16.025603423Z,0,per_hit,raw_percent_of_host,api-node1,api-node2,1,0,1,0.000000,67.342040,0.000000,67.342040,100.000000,100.000000,1.000000,1.000000,1.000000,2.000000,1.000000,1.000000,50.085346,50.051763,74.944557,66.788391,3.000000
2026-05-10T08:43:16.07623877Z,0,per_hit,raw_percent_of_host,api-node1,api-node2,1,0,1,0.000000,44.291704,0.000000,44.291704,100.000000,100.000000,4.000000,1.000000,1.000000,1.000000,4.000000,1.000000,50.085346,50.049362,74.779694,71.157676,3.000000
2026-05-10T08:43:16.125397467Z,0,per_hit,raw_percent_of_host,api-node1,api-node2,1,0,1,0.000000,44.291704,0.000000,44.291704,100.000000,100.000000,4.000000,1.000000,1.000000,1.000000,4.000000,1.000000,50.085346,50.049362,74.779694,71.157676,3.000000
2026-05-10T08:43:16.17528582Z,0,per_hit,raw_percent_of_host,api-node1,api-node2,0,1,1,99.138598,55.712658,99.138598,55.712658,100.000000,100.000000,0.000000,1.000000,1.000000,1.000000,0.000000,1.000000,50.056171,50.042032,50.000000,72.440537,3.000000
2026-05-10T08:43:16.225982806Z,0,per_hit,raw_percent_of_host,api-node1,api-node2,1,0,1,0.000000,66.434527,0.000000,66.434527,100.000000,100.000000,1.000000,5.000000,1.000000,2.000000,1.000000,5.000000,50.056171,50.042032,74.944561,67.631063,3.000000
2026-05-10T08:43:16.276103456Z,0,per_hit,raw_percent_of_host,api-node1,api-node2,1,0,1,0.000000,66.434527,0.000000,66.434527,100.000000,100.000000,0.000000,5.000000,1.000000,2.000000,0.000000,5.000000,50.056171,50.042032,75.000000,67.631063,3.000000
2026-05-10T08:43:16.325984252Z,0,per_hit,raw_percent_of_host,api-node1,api-node2,1,0,1,0.000000,66.434527,0.000000,66.434527,100.000000,100.000000,3.000000,7.000000,1.000000,2.000000,3.000000,7.000000,50.056171,50.042032,74.834417,67.417779,3.000000
2026-05-10T08:43:16.375832539Z,0,per_hit,raw_percent_of_host,api-node1,api-node2,1,0,1,0.000000,54.113763,0.000000,54.113763,100.000000,100.000000,7.000000,7.000000,1.000000,4.000000,7.000000,7.000000,50.056171,59.430717,74.617021,71.874316,3.000000
2026-05-10T08:43:16.425460774Z,0,per_hit,raw_percent_of_host,api-node1,api-node2,1,0,1,0.000000,54.113763,0.000000,54.113763,100.000000,100.000000,7.000000,8.000000,1.000000,4.000000,7.000000,8.000000,50.056171,59.430717,74.617021,71.874316,3.000000
2026-05-10T08:43:16.475768062Z,0,per_hit,raw_percent_of_host,api-node1,api-node2,0,1,1,70.394418,54.113763,70.394418,54.113763,100.000000,100.000000,8.000000,8.000000,6.000000,4.000000,8.000000,8.000000,100.916804,59.430717,60.867452,71.874316,3.000000
2026-05-10T08:43:16.525604478Z,0,per_hit,raw_percent_of_host,api-node1,api-node2,0,1,1,70.394418,54.113763,70.394418,54.113763,100.000000,100.000000,7.000000,9.000000,6.000000,4.000000,7.000000,9.000000,100.916804,59.430717,60.974917,71.874316,3.000000
2026-05-10T08:43:16.575628452Z,0,per_hit,raw_percent_of_host,api-node1,api-node2,0,1,1,70.394418,49.855009,70.394418,49.855009,100.000000,100.000000,5.000000,9.000000,6.000000,4.000000,5.000000,9.000000,100.916804,199.158350,61.191790,65.042083,3.000000
2026-05-10T08:43:16.625469854Z,0,per_hit,raw_percent_of_host,api-node1,api-node2,0,1,1,90.742600,49.855009,90.742600,49.855009,100.000000,100.000000,1.000000,9.000000,3.000000,4.000000,1.000000,9.000000,61.099931,199.158350,49.943169,65.042083,3.000000
2026-05-10T08:43:16.675544922Z,0,per_hit,raw_percent_of_host,api-node1,api-node2,0,1,1,90.742600,49.855009,90.742600,49.855009,100.000000,100.000000,0.000000,7.000000,3.000000,4.000000,0.000000,7.000000,61.099931,199.158350,50.000000,65.042083,3.000000
2026-05-10T08:43:16.725703725Z,0,per_hit,raw_percent_of_host,api-node1,api-node2,0,1,1,90.742600,49.855009,90.742600,49.855009,100.000000,100.000000,0.000000,7.000000,3.000000,4.000000,0.000000,7.000000,61.099931,199.158350,50.000000,65.042083,3.000000
2026-05-10T08:43:16.775552146Z,0,per_hit,raw_percent_of_host,api-node1,api-node2,1,0,1,18.877142,55.008185,18.877142,55.008185,100.000000,100.000000,0.000000,1.000000,1.000000,5.000000,0.000000,1.000000,50.125188,198.870470,75.000000,65.056477,3.000000
2026-05-10T08:43:16.825701481Z,0,per_hit,raw_percent_of_host,api-node1,api-node2,1,0,1,18.877142,55.008185,18.877142,55.008185,100.000000,100.000000,0.000000,2.000000,1.000000,5.000000,0.000000,2.000000,50.125188,198.870470,75.000000,65.056477,3.000000
2026-05-10T08:43:16.875591227Z,0,per_hit,raw_percent_of_host,api-node1,api-node2,1,0,1,0.000000,40.257619,0.000000,40.257619,100.000000,100.000000,0.000000,1.000000,1.000000,2.000000,0.000000,1.000000,50.125188,99.038690,75.000000,67.189493,3.000000
2026-05-10T08:43:16.925749333Z,0,per_hit,raw_percent_of_host,api-node1,api-node2,1,0,1,0.000000,40.257619,0.000000,40.257619,100.000000,100.000000,0.000000,1.000000,1.000000,2.000000,0.000000,1.000000,50.125188,99.038690,75.000000,67.189493,3.000000
2026-05-10T08:43:16.976130661Z,0,per_hit,raw_percent_of_host,api-node1,api-node2,0,1,1,45.766565,0.000000,45.766565,0.000000,100.000000,100.000000,0.000000,1.000000,1.000000,1.000000,0.000000,1.000000,50.125188,99.245621,71.386493,74.937773,3.000000
2026-05-10T08:43:17.025543253Z,0,per_hit,raw_percent_of_host,api-node1,api-node2,1,0,1,0.000000,91.977347,0.000000,91.977347,100.000000,100.000000,0.000000,2.000000,1.000000,2.000000,0.000000,2.000000,50.125188,99.245621,75.000000,49.875855,3.000000
2026-05-10T08:43:17.075451818Z,0,per_hit,raw_percent_of_host,api-node1,api-node2,1,0,1,0.000000,91.977347,0.000000,91.977347,100.000000,100.000000,2.000000,3.000000,1.000000,2.000000,2.000000,3.000000,50.125188,99.245621,74.889350,49.814244,3.000000
2026-05-10T08:43:17.125759912Z,0,per_hit,raw_percent_of_host,api-node1,api-node2,1,0,1,37.140946,91.977347,37.140946,91.977347,100.000000,100.000000,0.000000,3.000000,3.000000,2.000000,0.000000,3.000000,50.125188,99.245621,70.922212,49.814244,3.000000
2026-05-10T08:43:17.175862847Z,0,per_hit,raw_percent_of_host,api-node1,api-node2,1,0,1,52.038149,99.038303,52.038149,99.038303,100.000000,100.000000,1.000000,1.000000,1.000000,2.000000,1.000000,1.000000,50.071121,81.503445,72.131123,49.940405,3.000000
2026-05-10T08:43:17.225251967Z,0,per_hit,raw_percent_of_host,api-node1,api-node2,1,0,1,70.378437,99.038303,70.378437,99.038303,100.000000,100.000000,5.000000,1.000000,2.000000,2.000000,5.000000,1.000000,50.071121,81.503445,61.222922,49.940405,3.000000
2026-05-10T08:43:17.275467913Z,0,per_hit,raw_percent_of_host,api-node1,api-node2,0,1,1,70.378437,49.006228,70.378437,49.006228,100.000000,100.000000,5.000000,1.000000,2.000000,2.000000,5.000000,1.000000,50.071121,50.035560,61.222922,71.816928,3.000000
2026-05-10T08:43:17.325413906Z,0,per_hit,raw_percent_of_host,api-node1,api-node2,0,1,1,98.484469,49.006228,98.484469,49.006228,100.000000,100.000000,5.000000,2.000000,5.000000,2.000000,5.000000,2.000000,98.881431,50.035560,49.692208,71.816928,3.000000
2026-05-10T08:43:17.375379134Z,0,per_hit,raw_percent_of_host,api-node1,api-node2,0,1,1,98.484469,42.436158,98.484469,42.436158,100.000000,100.000000,8.000000,5.000000,5.000000,1.000000,8.000000,5.000000,98.881431,77.988143,49.511144,69.038991,3.000000
2026-05-10T08:43:17.425850675Z,0,per_hit,raw_percent_of_host,api-node1,api-node2,0,1,1,98.484469,42.436158,98.484469,42.436158,100.000000,100.000000,6.000000,5.000000,5.000000,1.000000,6.000000,5.000000,98.881431,77.988143,49.631557,69.038991,3.000000
