timestamp_utc,window_ms,traffic_log_mode,cpu_usage_unit,node1_name,node2_name,node1_requests,node2_requests,total_requests,node1_cpu_raw_usage,node2_cpu_raw_usage,node1_cpu_normalized_usage,node2_cpu_normalized_usage,node1_cpu_capacity,node2_cpu_capacity,node1_inflight,node2_inflight,node1_backend_inflight,node2_backend_inflight,node1_queue,node2_queue,node1_response_ms,node2_response_ms,node1_fuzzy_score,node2_fuzzy_score,os_idle_cpu
2026-06-24T22:39:19.197184223Z,1000,per_hit,raw_percent_of_host,api-node1,api-node2,0,0,0,0.000000,0.000000,0.000000,0.000000,100.000000,50.000000,0.000000,0.000000,0.000000,0.000000,0.000000,0.000000,0.000000,0.000000,0.000000,0.000000,3.000000
2026-06-24T22:39:20.197182676Z,1000,per_hit,raw_percent_of_host,api-node1,api-node2,0,0,0,0.000000,0.000000,0.000000,0.000000,100.000000,50.000000,0.000000,0.000000,0.000000,0.000000,0.000000,0.000000,0.000000,0.000000,0.000000,0.000000,3.000000
2026-06-24T22:39:21.197184193Z,1000,per_hit,raw_percent_of_host,api-node1,api-node2,0,0,0,0.000000,0.000000,0.000000,0.000000,100.000000,50.000000,0.000000,0.000000,0.000000,0.000000,0.000000,0.000000,0.000000,0.000000,0.000000,0.000000,3.000000
2026-06-24T22:39:22.197183599Z,1000,per_hit,raw_percent_of_host,api-node1,api-node2,0,0,0,1.000000,0.000000,1.000000,0.000000,100.000000,50.000000,0.000000,0.000000,0.000000,0.000000,0.000000,0.000000,0.000000,0.000000,0.000000,0.000000,3.000000
2026-06-24T22:39:23.197184581Z,1000,per_hit,raw_percent_of_host,api-node1,api-node2,18,22,40,31.000000,19.811321,31.000000,39.622642,100.000000,50.000000,0.000000,0.000000,0.000000,0.000000,0.000000,0.000000,197.611111,376.181818,83.472323,83.429951,3.000000
2026-06-24T22:39:24.197183827Z,1000,per_hit,raw_percent_of_host,api-node1,api-node2,15,26,41,26.000000,18.691589,26.000000,37.383178,100.000000,50.000000,0.000000,0.000000,0.000000,0.000000,0.000000,0.000000,156.266667,423.500000,41.594305,44.137298,3.000000
2026-06-24T22:39:25.197186096Z,1000,per_hit,raw_percent_of_host,api-node1,api-node2,20,22,42,31.000000,19.626168,31.000000,39.252336,100.000000,50.000000,0.000000,0.000000,0.000000,0.000000,0.000000,0.000000,166.750000,334.545455,50.000000,42.350620,3.000000
2026-06-24T22:39:26.197184413Z,1000,per_hit,raw_percent_of_host,api-node1,api-node2,19,24,43,20.408163,18.867925,20.408163,37.735849,100.000000,50.000000,0.000000,0.000000,0.000000,0.000000,0.000000,0.000000,169.368421,343.000000,50.000000,50.000000,3.000000
2026-06-24T22:39:27.197184447Z,1000,per_hit,raw_percent_of_host,api-node1,api-node2,16,28,44,21.568627,20.945946,21.568627,41.891892,100.000000,50.000000,0.000000,1.000000,0.000000,0.000000,0.000000,1.000000,133.062500,519.222222,37.956469,50.000000,3.000000
2026-06-24T22:39:28.197184164Z,1000,per_hit,raw_percent_of_host,api-node1,api-node2,14,31,45,20.202020,20.183486,20.202020,40.366972,100.000000,50.000000,0.000000,0.000000,0.000000,0.000000,0.000000,0.000000,164.428571,489.031250,49.792047,50.000000,3.000000
2026-06-24T22:39:29.197183474Z,1000,per_hit,raw_percent_of_host,api-node1,api-node2,20,26,46,31.000000,18.867925,31.000000,37.735849,100.000000,50.000000,0.000000,0.000000,0.000000,0.000000,0.000000,0.000000,186.600000,361.423077,49.353345,42.502948,3.000000
2026-06-24T22:39:30.197184359Z,1000,per_hit,raw_percent_of_host,api-node1,api-node2,21,26,47,31.372549,19.444444,31.372549,38.888889,100.000000,50.000000,0.000000,0.000000,0.000000,0.000000,0.000000,0.000000,177.476190,416.538462,50.000000,50.000000,3.000000
2026-06-24T22:39:31.197184438Z,1000,per_hit,raw_percent_of_host,api-node1,api-node2,24,23,47,41.000000,18.691589,41.000000,37.383178,100.000000,50.000000,0.000000,0.000000,0.000000,0.000000,0.000000,0.000000,217.166667,316.956522,50.000000,50.000000,3.000000
2026-06-24T22:39:32.197185106Z,1000,per_hit,raw_percent_of_host,api-node1,api-node2,22,26,48,30.303030,19.626168,30.303030,39.252336,100.000000,50.000000,0.000000,0.000000,0.000000,0.000000,0.000000,0.000000,201.272727,416.307692,50.000000,50.000000,3.000000
2026-06-24T22:39:33.197185543Z,1000,per_hit,raw_percent_of_host,api-node1,api-node2,27,22,49,36.363636,19.626168,36.363636,39.252336,100.000000,50.000000,0.000000,0.000000,0.000000,0.000000,0.000000,0.000000,212.777778,333.772727,50.000000,45.964513,3.000000
2026-06-24T22:39:34.197185618Z,1000,per_hit,raw_percent_of_host,api-node1,api-node2,26,23,49,37.254902,19.444444,37.254902,38.888889,100.000000,50.000000,0.000000,0.000000,0.000000,0.000000,0.000000,0.000000,277.192308,390.782609,40.170418,50.000000,3.000000
2026-06-24T22:39:35.197184043Z,1000,per_hit,raw_percent_of_host,api-node1,api-node2,29,21,50,40.404040,20.560748,40.404040,41.121495,100.000000,50.000000,0.000000,0.000000,0.000000,0.000000,0.000000,0.000000,218.896552,390.952381,42.590808,50.000000,3.000000
2026-06-24T22:39:36.197187614Z,1000,per_hit,raw_percent_of_host,api-node1,api-node2,30,20,50,36.000000,19.626168,36.000000,39.252336,100.000000,50.000000,0.000000,0.000000,0.000000,0.000000,0.000000,0.000000,277.933333,361.150000,40.025278,50.000000,3.000000
2026-06-24T22:39:37.197183618Z,1000,per_hit,raw_percent_of_host,api-node1,api-node2,22,28,50,31.000000,19.685039,31.000000,39.370079,100.000000,50.000000,0.000000,0.000000,0.000000,0.000000,0.000000,0.000000,192.818182,434.892857,41.300035,50.000000,3.000000
2026-06-24T22:39:38.197183713Z,1000,per_hit,raw_percent_of_host,api-node1,api-node2,20,30,50,31.000000,18.691589,31.000000,37.383178,100.000000,50.000000,0.000000,0.000000,0.000000,0.000000,0.000000,0.000000,209.250000,533.433333,39.778298,50.000000,3.000000
2026-06-24T22:39:39.197183558Z,1000,per_hit,raw_percent_of_host,api-node1,api-node2,29,21,50,41.000000,18.691589,41.000000,37.383178,100.000000,50.000000,0.000000,0.000000,0.000000,0.000000,0.000000,0.000000,250.965517,335.761905,50.000000,44.649558,3.000000
2026-06-24T22:39:40.197182972Z,1000,per_hit,raw_percent_of_host,api-node1,api-node2,28,22,50,41.176471,19.626168,41.176471,39.252336,100.000000,50.000000,0.000000,0.000000,0.000000,0.000000,0.000000,0.000000,275.250000,312.272727,40.324742,50.000000,3.000000
2026-06-24T22:39:41.197187116Z,1000,per_hit,raw_percent_of_host,api-node1,api-node2,22,27,49,31.000000,18.691589,31.000000,37.383178,100.000000,50.000000,0.000000,0.000000,0.000000,0.000000,0.000000,0.000000,222.909091,404.407407,42.681516,50.000000,3.000000
2026-06-24T22:39:42.197185206Z,1000,per_hit,raw_percent_of_host,api-node1,api-node2,25,24,49,32.000000,18.867925,32.000000,37.735849,100.000000,50.000000,0.000000,0.000000,0.000000,0.000000,0.000000,0.000000,236.240000,437.708333,50.000000,50.000000,3.000000
2026-06-24T22:39:43.197184526Z,1000,per_hit,raw_percent_of_host,api-node1,api-node2,25,24,49,34.343434,16.666667,34.343434,33.333333,100.000000,50.000000,0.000000,0.000000,0.000000,0.000000,0.000000,0.000000,201.200000,375.458333,50.000000,43.292564,3.000000
2026-06-24T22:39:44.197186822Z,1000,per_hit,raw_percent_of_host,api-node1,api-node2,23,25,48,31.000000,19.626168,31.000000,39.252336,100.000000,50.000000,0.000000,0.000000,0.000000,0.000000,0.000000,0.000000,213.782609,331.040000,50.000000,42.122878,3.000000
2026-06-24T22:39:45.19718481Z,1000,per_hit,raw_percent_of_host,api-node1,api-node2,24,24,48,31.000000,19.444444,31.000000,38.888889,100.000000,50.000000,0.000000,0.000000,0.000000,0.000000,0.000000,0.000000,202.833333,434.708333,53.437687,50.000000,3.000000
2026-06-24T22:39:46.197183993Z,1000,per_hit,raw_percent_of_host,api-node1,api-node2,26,21,47,35.353535,19.626168,35.353535,39.252336,100.000000,50.000000,0.000000,0.000000,0.000000,0.000000,0.000000,0.000000,248.038462,372.571429,39.341377,45.456873,3.000000
2026-06-24T22:39:47.197184454Z,1000,per_hit,raw_percent_of_host,api-node1,api-node2,20,27,47,20.408163,19.444444,20.408163,38.888889,100.000000,50.000000,0.000000,0.000000,0.000000,0.000000,0.000000,0.000000,165.850000,417.074074,41.929622,50.000000,3.000000
2026-06-24T22:39:48.197184105Z,1000,per_hit,raw_percent_of_host,api-node1,api-node2,28,18,46,41.000000,16.161616,41.000000,32.323232,100.000000,50.000000,0.000000,0.000000,0.000000,0.000000,0.000000,0.000000,224.464286,225.388889,50.528449,45.406153,3.000000
2026-06-24T22:39:49.197184605Z,1000,per_hit,raw_percent_of_host,api-node1,api-node2,22,23,45,36.633663,18.867925,36.633663,37.735849,100.000000,50.000000,0.000000,0.000000,0.000000,0.000000,0.000000,0.000000,229.318182,444.695652,43.052272,50.733618,3.000000
2026-06-24T22:39:50.197187378Z,1000,per_hit,raw_percent_of_host,api-node1,api-node2,23,21,44,30.303030,18.691589,30.303030,37.383178,100.000000,50.000000,0.000000,0.000000,0.000000,0.000000,0.000000,0.000000,183.956522,388.333333,41.757089,43.304443,3.000000
2026-06-24T22:39:51.197183336Z,1000,per_hit,raw_percent_of_host,api-node1,api-node2,21,22,43,31.000000,24.074074,31.000000,48.148148,100.000000,50.000000,0.000000,0.000000,0.000000,0.000000,0.000000,0.000000,185.619048,383.818182,40.516782,50.000000,3.000000
2026-06-24T22:39:52.197184263Z,1000,per_hit,raw_percent_of_host,api-node1,api-node2,19,23,42,26.000000,18.691589,26.000000,37.383178,100.000000,50.000000,0.000000,0.000000,0.000000,0.000000,0.000000,0.000000,187.105263,340.652174,39.534918,50.000000,3.000000
2026-06-24T22:39:53.197184752Z,1000,per_hit,raw_percent_of_host,api-node1,api-node2,19,22,41,20.202020,19.626168,20.202020,39.252336,100.000000,50.000000,0.000000,0.000000,0.000000,0.000000,0.000000,0.000000,151.263158,366.954545,39.198824,45.598285,3.000000
2026-06-24T22:39:54.197183897Z,1000,per_hit,raw_percent_of_host,api-node1,api-node2,23,17,40,31.000000,19.444444,31.000000,38.888889,100.000000,50.000000,0.000000,0.000000,0.000000,0.000000,0.000000,0.000000,227.130435,297.764706,39.019741,46.606382,3.000000
2026-06-24T22:39:55.197184639Z,1000,per_hit,raw_percent_of_host,api-node1,api-node2,15,24,39,21.000000,19.626168,21.000000,39.252336,100.000000,50.000000,0.000000,0.000000,0.000000,0.000000,0.000000,0.000000,133.866667,377.208333,40.633351,50.000000,3.000000
2026-06-24T22:39:56.197185418Z,1000,per_hit,raw_percent_of_host,api-node1,api-node2,16,22,38,20.202020,19.626168,20.202020,39.252336,100.000000,50.000000,0.000000,0.000000,0.000000,0.000000,0.000000,0.000000,102.250000,348.272727,50.000000,45.892522,3.000000
2026-06-24T22:39:57.197184419Z,1000,per_hit,raw_percent_of_host,api-node1,api-node2,23,14,37,32.352941,15.151515,32.352941,30.303030,100.000000,50.000000,0.000000,0.000000,0.000000,0.000000,0.000000,0.000000,240.391304,184.214286,75.845915,44.818586,3.000000
2026-06-24T22:39:58.197186156Z,1000,per_hit,raw_percent_of_host,api-node1,api-node2,12,24,36,20.202020,20.370370,20.202020,40.740741,100.000000,50.000000,0.000000,0.000000,0.000000,0.000000,0.000000,0.000000,113.583333,334.291667,41.767938,50.000000,3.000000
2026-06-24T22:39:59.197182976Z,1000,per_hit,raw_percent_of_host,api-node1,api-node2,16,19,35,21.000000,19.626168,21.000000,39.252336,100.000000,50.000000,0.000000,0.000000,0.000000,0.000000,0.000000,0.000000,179.437500,259.789474,38.988231,50.000000,3.000000
2026-06-24T22:40:00.19718372Z,1000,per_hit,raw_percent_of_host,api-node1,api-node2,17,17,34,30.303030,19.626168,30.303030,39.252336,100.000000,50.000000,0.000000,0.000000,0.000000,0.000000,0.000000,0.000000,180.117647,256.647059,38.969954,50.000000,3.000000
2026-06-24T22:40:01.197183799Z,1000,per_hit,raw_percent_of_host,api-node1,api-node2,15,18,33,21.782178,19.626168,21.782178,39.252336,100.000000,50.000000,0.000000,0.000000,0.000000,0.000000,0.000000,0.000000,139.000000,343.388889,43.713926,50.000000,3.000000
2026-06-24T22:40:02.197185077Z,1000,per_hit,raw_percent_of_host,api-node1,api-node2,16,17,33,26.000000,20.370370,26.000000,40.740741,100.000000,50.000000,0.000000,0.000000,0.000000,0.000000,0.000000,0.000000,150.375000,268.470588,37.393939,50.000000,3.000000
2026-06-24T22:40:03.197182859Z,1000,per_hit,raw_percent_of_host,api-node1,api-node2,16,16,32,26.000000,21.296296,26.000000,42.592593,100.000000,50.000000,0.000000,0.000000,0.000000,0.000000,0.000000,0.000000,149.437500,266.062500,39.268037,50.000000,3.000000
2026-06-24T22:40:04.19718405Z,1000,per_hit,raw_percent_of_host,api-node1,api-node2,16,15,31,26.000000,18.691589,26.000000,37.383178,100.000000,50.000000,0.000000,0.000000,0.000000,0.000000,0.000000,0.000000,121.312500,254.666667,40.032909,50.000000,3.000000
2026-06-24T22:40:05.197185688Z,1000,per_hit,raw_percent_of_host,api-node1,api-node2,8,23,31,16.161616,19.626168,16.161616,39.252336,100.000000,50.000000,0.000000,0.000000,0.000000,0.000000,0.000000,0.000000,96.250000,431.130435,40.016202,50.000000,3.000000
2026-06-24T22:40:06.19718402Z,1000,per_hit,raw_percent_of_host,api-node1,api-node2,18,12,30,30.693069,16.000000,30.693069,32.000000,100.000000,50.000000,0.000000,0.000000,0.000000,0.000000,0.000000,0.000000,185.111111,198.750000,76.427251,45.925377,3.000000
2026-06-24T22:40:07.197184196Z,1000,per_hit,raw_percent_of_host,api-node1,api-node2,14,16,30,20.202020,19.626168,20.202020,39.252336,100.000000,50.000000,0.000000,0.000000,0.000000,0.000000,0.000000,0.000000,119.000000,241.437500,41.510938,50.000000,3.000000
2026-06-24T22:40:08.197183933Z,1000,per_hit,raw_percent_of_host,api-node1,api-node2,12,18,30,21.000000,19.626168,21.000000,39.252336,100.000000,50.000000,0.000000,0.000000,0.000000,0.000000,0.000000,0.000000,138.083333,215.888889,47.400000,50.000000,3.000000
2026-06-24T22:40:09.19718279Z,1000,per_hit,raw_percent_of_host,api-node1,api-node2,15,15,30,20.202020,19.444444,20.202020,38.888889,100.000000,50.000000,0.000000,0.000000,0.000000,0.000000,0.000000,0.000000,132.866667,179.066667,37.571343,50.000000,3.000000
2026-06-24T22:40:10.197182969Z,1000,per_hit,raw_percent_of_host,api-node1,api-node2,6,24,30,16.831683,19.444444,16.831683,38.888889,100.000000,50.000000,0.000000,0.000000,0.000000,0.000000,0.000000,0.000000,92.166667,435.500000,41.333333,50.000000,3.000000
2026-06-24T22:40:11.197184352Z,1000,per_hit,raw_percent_of_host,api-node1,api-node2,23,8,31,31.683168,16.000000,31.683168,32.000000,100.000000,50.000000,0.000000,0.000000,0.000000,0.000000,0.000000,0.000000,179.217391,155.250000,75.293473,48.248305,3.000000
2026-06-24T22:40:12.19718364Z,1000,per_hit,raw_percent_of_host,api-node1,api-node2,15,16,31,20.202020,18.867925,20.202020,37.735849,100.000000,50.000000,0.000000,0.000000,0.000000,0.000000,0.000000,0.000000,124.333333,292.062500,43.739639,50.000000,3.000000
2026-06-24T22:40:13.197182913Z,1000,per_hit,raw_percent_of_host,api-node1,api-node2,15,16,31,21.212121,21.000000,21.212121,42.000000,100.000000,50.000000,0.000000,0.000000,0.000000,0.000000,0.000000,0.000000,132.066667,249.500000,41.003380,50.000000,3.000000
2026-06-24T22:40:14.197187Z,1000,per_hit,raw_percent_of_host,api-node1,api-node2,14,18,32,28.000000,19.444444,28.000000,38.888889,100.000000,50.000000,0.000000,0.000000,0.000000,0.000000,0.000000,0.000000,132.500000,244.222222,41.525160,50.000000,3.000000
2026-06-24T22:40:15.197184396Z,1000,per_hit,raw_percent_of_host,api-node1,api-node2,15,18,33,20.202020,18.867925,20.202020,37.735849,100.000000,50.000000,0.000000,0.000000,0.000000,0.000000,0.000000,0.000000,125.533333,226.611111,50.000000,50.000000,3.000000
2026-06-24T22:40:16.197184056Z,1000,per_hit,raw_percent_of_host,api-node1,api-node2,14,19,33,26.000000,20.370370,26.000000,40.740741,100.000000,50.000000,0.000000,0.000000,0.000000,0.000000,0.000000,0.000000,138.071429,249.631579,39.504051,50.000000,3.000000
2026-06-24T22:40:17.197183781Z,1000,per_hit,raw_percent_of_host,api-node1,api-node2,23,11,34,31.000000,16.000000,31.000000,32.000000,100.000000,50.000000,0.000000,0.000000,0.000000,0.000000,0.000000,0.000000,160.173913,193.000000,58.784139,50.000000,3.000000
2026-06-24T22:40:18.197184506Z,1000,per_hit,raw_percent_of_host,api-node1,api-node2,14,21,35,25.252525,20.370370,25.252525,40.740741,100.000000,50.000000,0.000000,0.000000,0.000000,0.000000,0.000000,0.000000,133.928571,377.428571,41.966702,50.000000,3.000000
2026-06-24T22:40:19.197186847Z,1000,per_hit,raw_percent_of_host,api-node1,api-node2,16,20,36,30.000000,19.626168,30.000000,39.252336,100.000000,50.000000,0.000000,0.000000,0.000000,0.000000,0.000000,0.000000,115.187500,263.800000,54.437026,43.256042,3.000000
2026-06-24T22:40:20.197184243Z,1000,per_hit,raw_percent_of_host,api-node1,api-node2,19,18,37,31.000000,19.444444,31.000000,38.888889,100.000000,50.000000,0.000000,0.000000,0.000000,0.000000,0.000000,0.000000,178.789474,271.777778,38.090324,50.000000,3.000000
2026-06-24T22:40:21.197192423Z,1000,per_hit,raw_percent_of_host,api-node1,api-node2,18,20,38,31.000000,19.626168,31.000000,39.252336,100.000000,50.000000,0.000000,0.000000,0.000000,0.000000,0.000000,0.000000,138.222222,233.650000,49.163453,50.000000,3.000000
2026-06-24T22:40:22.197183959Z,1000,per_hit,raw_percent_of_host,api-node1,api-node2,19,20,39,31.683168,19.444444,31.683168,38.888889,100.000000,50.000000,0.000000,0.000000,0.000000,0.000000,0.000000,0.000000,182.842105,338.200000,48.384643,50.000000,3.000000
2026-06-24T22:40:23.197184163Z,1000,per_hit,raw_percent_of_host,api-node1,api-node2,16,24,40,26.470588,21.296296,26.470588,42.592593,100.000000,50.000000,0.000000,0.000000,0.000000,0.000000,0.000000,0.000000,95.250000,236.000000,52.119136,58.264333,3.000000
2026-06-24T22:40:24.197185668Z,1000,per_hit,raw_percent_of_host,api-node1,api-node2,22,19,41,35.353535,20.370370,35.353535,40.740741,100.000000,50.000000,0.000000,0.000000,0.000000,0.000000,0.000000,0.000000,193.681818,205.368421,58.134067,58.821089,3.000000
2026-06-24T22:40:25.19718355Z,1000,per_hit,raw_percent_of_host,api-node1,api-node2,24,18,42,30.303030,18.867925,30.303030,37.735849,100.000000,50.000000,0.000000,0.000000,0.000000,0.000000,0.000000,0.000000,181.208333,256.000000,50.636356,50.000000,3.000000
2026-06-24T22:40:26.197184016Z,1000,per_hit,raw_percent_of_host,api-node1,api-node2,23,20,43,31.683168,20.370370,31.683168,40.740741,100.000000,50.000000,0.000000,0.000000,0.000000,0.000000,0.000000,0.000000,218.869565,173.100000,44.378122,60.068290,3.000000
2026-06-24T22:40:27.197183585Z,1000,per_hit,raw_percent_of_host,api-node1,api-node2,21,23,44,30.303030,18.691589,30.303030,37.383178,100.000000,50.000000,0.000000,1.000000,0.000000,0.000000,0.000000,1.000000,144.761905,343.636364,44.834718,50.000000,3.000000
2026-06-24T22:40:28.197186642Z,1000,per_hit,raw_percent_of_host,api-node1,api-node2,26,19,45,41.176471,19.626168,41.176471,39.252336,100.000000,50.000000,0.000000,0.000000,0.000000,0.000000,0.000000,0.000000,252.192308,239.800000,48.125521,44.793876,3.000000
2026-06-24T22:40:29.197184437Z,1000,per_hit,raw_percent_of_host,api-node1,api-node2,23,23,46,31.000000,18.867925,31.000000,37.735849,100.000000,50.000000,0.000000,0.000000,0.000000,0.000000,0.000000,0.000000,171.652174,256.130435,50.383658,61.350060,3.000000
2026-06-24T22:40:30.197185123Z,1000,per_hit,raw_percent_of_host,api-node1,api-node2,22,25,47,31.000000,19.626168,31.000000,39.252336,100.000000,50.000000,0.000000,2.000000,0.000000,0.000000,0.000000,2.000000,125.045455,481.347826,52.303775,50.000000,3.000000
2026-06-24T22:40:31.19718402Z,1000,per_hit,raw_percent_of_host,api-node1,api-node2,23,25,48,36.000000,19.626168,36.000000,39.252336,100.000000,50.000000,0.000000,0.000000,0.000000,0.000000,0.000000,0.000000,154.826087,305.481481,64.257136,44.035743,3.000000
2026-06-24T22:40:32.197182885Z,1000,per_hit,raw_percent_of_host,api-node1,api-node2,24,24,48,41.584158,20.183486,41.584158,40.366972,100.000000,50.000000,0.000000,0.000000,0.000000,0.000000,0.000000,0.000000,246.833333,434.666667,45.633913,50.000000,3.000000
2026-06-24T22:40:33.197187733Z,1000,per_hit,raw_percent_of_host,api-node1,api-node2,30,19,49,41.000000,22.018349,41.000000,44.036697,100.000000,50.000000,0.000000,0.000000,0.000000,0.000000,0.000000,0.000000,212.266667,287.473684,58.751562,45.808044,3.000000
2026-06-24T22:40:34.197184514Z,1000,per_hit,raw_percent_of_host,api-node1,api-node2,22,26,48,30.000000,20.370370,30.000000,40.740741,100.000000,50.000000,0.000000,0.000000,0.000000,0.000000,0.000000,0.000000,158.863636,243.730769,49.428924,62.359321,3.000000
2026-06-24T22:40:35.197184639Z,1000,per_hit,raw_percent_of_host,api-node1,api-node2,25,26,51,46.464646,21.818182,46.464646,43.636364,100.000000,50.000000,0.000000,0.000000,0.000000,0.000000,0.000000,0.000000,146.920000,240.076923,79.187490,50.000000,3.000000
2026-06-24T22:40:36.197183643Z,1000,per_hit,raw_percent_of_host,api-node1,api-node2,19,31,50,31.683168,18.867925,31.683168,37.735849,100.000000,50.000000,0.000000,0.000000,0.000000,0.000000,0.000000,0.000000,129.105263,308.032258,76.560294,62.479182,3.000000
2026-06-24T22:40:37.1971852Z,1000,per_hit,raw_percent_of_host,api-node1,api-node2,26,24,50,40.404040,20.183486,40.404040,40.366972,100.000000,50.000000,0.000000,2.000000,0.000000,0.000000,0.000000,2.000000,203.192308,370.909091,47.468852,49.700924,3.000000
2026-06-24T22:40:38.197184809Z,1000,per_hit,raw_percent_of_host,api-node1,api-node2,30,20,50,46.000000,18.867925,46.000000,37.735849,100.000000,50.000000,0.000000,0.000000,0.000000,0.000000,0.000000,0.000000,203.900000,249.000000,74.769374,59.085942,3.000000
2026-06-24T22:40:39.197184345Z,1000,per_hit,raw_percent_of_host,api-node1,api-node2,28,22,50,40.404040,19.626168,40.404040,39.252336,100.000000,50.000000,0.000000,0.000000,0.000000,0.000000,0.000000,0.000000,221.107143,257.500000,78.270330,62.651666,3.000000
2026-06-24T22:40:40.197183582Z,1000,per_hit,raw_percent_of_host,api-node1,api-node2,17,33,50,30.303030,20.370370,30.303030,40.740741,100.000000,50.000000,0.000000,2.000000,0.000000,0.000000,0.000000,2.000000,125.058824,458.580645,58.947721,79.698391,3.000000
2026-06-24T22:40:41.19718402Z,1000,per_hit,raw_percent_of_host,api-node1,api-node2,20,30,50,31.683168,19.444444,31.683168,38.888889,100.000000,50.000000,0.000000,3.000000,0.000000,0.000000,0.000000,3.000000,193.950000,324.793103,44.477067,57.408537,3.000000
2026-06-24T22:40:42.197184061Z,1000,per_hit,raw_percent_of_host,api-node1,api-node2,26,23,49,31.000000,20.370370,31.000000,40.740741,100.000000,50.000000,0.000000,0.000000,0.000000,0.000000,0.000000,0.000000,141.384615,287.384615,48.995637,57.952036,3.000000
2026-06-24T22:40:43.197184316Z,1000,per_hit,raw_percent_of_host,api-node1,api-node2,25,24,49,45.454545,20.370370,45.454545,40.740741,100.000000,50.000000,0.000000,0.000000,0.000000,0.000000,0.000000,0.000000,153.600000,333.375000,51.090871,49.740044,3.000000
2026-06-24T22:40:44.197183691Z,1000,per_hit,raw_percent_of_host,api-node1,api-node2,30,18,48,41.000000,20.370370,41.000000,40.740741,100.000000,50.000000,0.000000,0.000000,0.000000,0.000000,0.000000,0.000000,198.666667,173.777778,79.507912,56.559888,3.000000
2026-06-24T22:40:45.197184023Z,1000,per_hit,raw_percent_of_host,api-node1,api-node2,24,24,48,36.633663,19.626168,36.633663,39.252336,100.000000,50.000000,0.000000,0.000000,0.000000,0.000000,0.000000,0.000000,129.750000,402.625000,75.564255,52.746466,3.000000
2026-06-24T22:40:46.19718695Z,1000,per_hit,raw_percent_of_host,api-node1,api-node2,27,20,47,31.000000,19.626168,31.000000,39.252336,100.000000,50.000000,0.000000,0.000000,0.000000,0.000000,0.000000,0.000000,223.074074,284.700000,81.005021,54.364903,3.000000
2026-06-24T22:40:47.197182897Z,1000,per_hit,raw_percent_of_host,api-node1,api-node2,23,24,47,30.303030,19.444444,30.303030,38.888889,100.000000,50.000000,0.000000,0.000000,0.000000,0.000000,0.000000,0.000000,172.347826,291.708333,47.251872,60.979351,3.000000
2026-06-24T22:40:48.197183035Z,1000,per_hit,raw_percent_of_host,api-node1,api-node2,23,23,46,32.352941,19.626168,32.352941,39.252336,100.000000,50.000000,0.000000,0.000000,0.000000,0.000000,0.000000,0.000000,149.869565,169.347826,51.009108,50.605920,3.000000
2026-06-24T22:40:49.197182908Z,1000,per_hit,raw_percent_of_host,api-node1,api-node2,17,28,45,35.353535,19.626168,35.353535,39.252336,100.000000,50.000000,0.000000,1.000000,0.000000,0.000000,0.000000,1.000000,114.058824,433.481481,50.481630,78.952287,3.000000
2026-06-24T22:40:50.197184443Z,1000,per_hit,raw_percent_of_host,api-node1,api-node2,28,16,44,36.633663,18.867925,36.633663,37.735849,100.000000,50.000000,0.000000,0.000000,0.000000,0.000000,0.000000,0.000000,204.178571,277.294118,75.271809,56.680512,3.000000
2026-06-24T22:40:51.197182816Z,1000,per_hit,raw_percent_of_host,api-node1,api-node2,22,21,43,36.633663,21.698113,36.633663,43.396226,100.000000,50.000000,0.000000,0.000000,0.000000,0.000000,0.000000,0.000000,131.636364,270.714286,50.346932,49.803048,3.000000
2026-06-24T22:40:52.197183733Z,1000,per_hit,raw_percent_of_host,api-node1,api-node2,26,15,41,36.000000,19.444444,36.000000,38.888889,100.000000,50.000000,0.000000,0.000000,0.000000,0.000000,0.000000,0.000000,193.230769,177.533333,76.065102,57.782479,3.000000
2026-06-24T22:40:53.197184114Z,1000,per_hit,raw_percent_of_host,api-node1,api-node2,24,17,41,36.363636,19.626168,36.363636,39.252336,100.000000,50.000000,0.000000,0.000000,0.000000,0.000000,0.000000,0.000000,224.958333,289.000000,76.868250,57.661454,3.000000
2026-06-24T22:40:54.197184762Z,1000,per_hit,raw_percent_of_host,api-node1,api-node2,18,21,39,31.683168,20.370370,31.683168,40.740741,100.000000,50.000000,0.000000,0.000000,0.000000,0.000000,0.000000,0.000000,122.500000,240.523810,49.565241,76.568649,3.000000
2026-06-24T22:40:55.197183227Z,1000,per_hit,raw_percent_of_host,api-node1,api-node2,9,13,22,27.000000,15.887850,27.000000,31.775701,100.000000,50.000000,0.000000,0.000000,0.000000,0.000000,0.000000,0.000000,74.888889,139.000000,80.715920,80.334954,3.000000
2026-06-24T22:40:56.197183948Z,1000,per_hit,raw_percent_of_host,api-node1,api-node2,28,26,54,43.434343,19.626168,43.434343,39.252336,100.000000,50.000000,2.000000,3.000000,0.000000,0.000000,2.000000,3.000000,108.461538,293.173913,82.539806,67.293423,3.000000
2026-06-24T22:40:57.197183756Z,1000,per_hit,raw_percent_of_host,api-node1,api-node2,18,18,36,45.454545,20.183486,45.454545,40.366972,100.000000,50.000000,1.000000,2.000000,0.000000,0.000000,1.000000,2.000000,65.263158,102.526316,74.497326,71.717607,3.000000
2026-06-24T22:40:58.1971834Z,1000,per_hit,raw_percent_of_host,api-node1,api-node2,17,18,35,46.000000,18.867925,46.000000,37.735849,100.000000,50.000000,2.000000,2.000000,0.000000,0.000000,2.000000,2.000000,59.062500,120.277778,79.525694,76.214452,3.000000
2026-06-24T22:40:59.197183493Z,1000,per_hit,raw_percent_of_host,api-node1,api-node2,23,11,34,40.404040,16.666667,40.404040,33.333333,100.000000,50.000000,1.000000,2.000000,0.000000,0.000000,1.000000,2.000000,93.708333,84.090909,75.111802,66.572607,3.000000
2026-06-24T22:41:00.197183287Z,1000,per_hit,raw_percent_of_host,api-node1,api-node2,21,10,31,39.393939,19.626168,39.393939,39.252336,100.000000,50.000000,1.000000,0.000000,0.000000,0.000000,1.000000,0.000000,85.952381,98.000000,80.712006,69.667886,3.000000
2026-06-24T22:41:01.19718314Z,1000,per_hit,raw_percent_of_host,api-node1,api-node2,20,15,35,33.000000,18.348624,33.000000,36.697248,100.000000,50.000000,2.000000,2.000000,0.000000,0.000000,2.000000,2.000000,74.789474,159.769231,81.696505,57.625773,3.000000
2026-06-24T22:41:02.1971832Z,1000,per_hit,raw_percent_of_host,api-node1,api-node2,16,16,32,36.633663,19.626168,36.633663,39.252336,100.000000,50.000000,1.000000,1.000000,0.000000,0.000000,1.000000,1.000000,85.117647,110.058824,65.222542,71.283976,3.000000
2026-06-24T22:41:03.197183493Z,1000,per_hit,raw_percent_of_host,api-node1,api-node2,15,17,32,42.000000,21.782178,42.000000,43.564356,100.000000,50.000000,0.000000,3.000000,0.000000,0.000000,0.000000,3.000000,87.437500,104.933333,78.232825,64.371763,3.000000
2026-06-24T22:41:04.197182781Z,1000,per_hit,raw_percent_of_host,api-node1,api-node2,17,14,31,44.000000,18.867925,44.000000,37.735849,100.000000,50.000000,0.000000,2.000000,0.000000,0.000000,0.000000,2.000000,78.117647,114.866667,79.105470,65.630954,3.000000
2026-06-24T22:41:05.19718361Z,1000,per_hit,raw_percent_of_host,api-node1,api-node2,18,13,31,49.038462,19.191919,49.038462,38.383838,100.000000,50.000000,0.000000,2.000000,0.000000,0.000000,0.000000,2.000000,77.111111,83.153846,79.120303,73.892487,3.000000
2026-06-24T22:41:06.197184015Z,1000,per_hit,raw_percent_of_host,api-node1,api-node2,19,11,30,48.039216,19.191919,48.039216,38.383838,100.000000,50.000000,0.000000,2.000000,0.000000,0.000000,0.000000,2.000000,81.368421,94.454545,80.006505,70.189872,3.000000
2026-06-24T22:41:07.197183282Z,1000,per_hit,raw_percent_of_host,api-node1,api-node2,20,10,30,41.414141,16.981132,41.414141,33.962264,100.000000,50.000000,0.000000,2.000000,0.000000,0.000000,0.000000,2.000000,98.600000,76.600000,75.063724,80.445385,3.000000
2026-06-24T22:41:08.197185192Z,1000,per_hit,raw_percent_of_host,api-node1,api-node2,14,16,30,45.544554,18.867925,45.544554,37.735849,100.000000,50.000000,0.000000,3.000000,0.000000,0.000000,0.000000,3.000000,56.642857,113.133333,82.719097,58.174125,3.000000
2026-06-24T22:41:09.197183217Z,1000,per_hit,raw_percent_of_host,api-node1,api-node2,15,15,30,41.584158,19.626168,41.584158,39.252336,100.000000,50.000000,0.000000,2.000000,0.000000,0.000000,0.000000,2.000000,57.866667,95.437500,82.927253,70.593473,3.000000
2026-06-24T22:41:10.197183665Z,1000,per_hit,raw_percent_of_host,api-node1,api-node2,18,12,30,49.514563,20.183486,49.514563,40.366972,100.000000,50.000000,0.000000,4.000000,0.000000,0.000000,0.000000,4.000000,85.777778,95.400000,79.835270,68.773503,3.000000
2026-06-24T22:41:11.197183004Z,1000,per_hit,raw_percent_of_host,api-node1,api-node2,16,15,31,46.534653,18.867925,46.534653,37.735849,100.000000,50.000000,0.000000,2.000000,0.000000,0.000000,0.000000,2.000000,74.562500,122.529412,79.211797,59.472269,3.000000
2026-06-24T22:41:12.197183688Z,1000,per_hit,raw_percent_of_host,api-node1,api-node2,16,13,29,38.834951,19.626168,38.834951,39.252336,100.000000,50.000000,0.000000,1.000000,0.000000,0.000000,0.000000,1.000000,67.250000,133.142857,77.845981,62.819035,3.000000
2026-06-24T22:41:13.197185358Z,1000,per_hit,raw_percent_of_host,api-node1,api-node2,4,7,11,17.171717,10.101010,17.171717,20.202020,100.000000,50.000000,0.000000,0.000000,0.000000,0.000000,0.000000,0.000000,50.000000,70.375000,83.542317,75.078068,3.000000
2026-06-24T22:41:14.197184071Z,1000,per_hit,raw_percent_of_host,api-node1,api-node2,25,15,40,48.039216,18.867925,48.039216,37.735849,100.000000,50.000000,1.000000,0.000000,0.000000,0.000000,1.000000,0.000000,101.500000,133.200000,81.575598,63.711235,3.000000
2026-06-24T22:41:15.197184218Z,1000,per_hit,raw_percent_of_host,api-node1,api-node2,18,13,31,39.805825,18.867925,39.805825,37.735849,100.000000,50.000000,1.000000,2.000000,0.000000,0.000000,1.000000,2.000000,66.111111,96.636364,80.358681,68.953848,3.000000
2026-06-24T22:41:16.1971847Z,1000,per_hit,raw_percent_of_host,api-node1,api-node2,18,15,33,46.464646,21.739130,46.464646,43.478261,100.000000,50.000000,0.000000,0.000000,0.000000,0.000000,0.000000,0.000000,61.894737,74.235294,77.894094,74.077649,3.000000
2026-06-24T22:41:17.197186028Z,1000,per_hit,raw_percent_of_host,api-node1,api-node2,22,13,35,50.980392,16.000000,50.980392,32.000000,100.000000,50.000000,0.000000,1.000000,0.000000,0.000000,0.000000,1.000000,64.636364,115.666667,80.746682,59.866980,3.000000
2026-06-24T22:41:18.197183095Z,1000,per_hit,raw_percent_of_host,api-node1,api-node2,22,13,35,51.456311,26.000000,51.456311,52.000000,100.000000,50.000000,0.000000,0.000000,0.000000,0.000000,0.000000,0.000000,76.454545,98.428571,79.535009,59.805890,3.000000
2026-06-24T22:41:19.197182695Z,1000,per_hit,raw_percent_of_host,api-node1,api-node2,20,16,36,44.660194,21.000000,44.660194,42.000000,100.000000,50.000000,0.000000,0.000000,0.000000,0.000000,0.000000,0.000000,65.800000,124.687500,77.388340,62.376793,3.000000
2026-06-24T22:41:20.197184058Z,1000,per_hit,raw_percent_of_host,api-node1,api-node2,19,18,37,48.543689,21.000000,48.543689,42.000000,100.000000,50.000000,0.000000,0.000000,0.000000,0.000000,0.000000,0.000000,64.684211,116.444444,74.613071,64.883415,3.000000
2026-06-24T22:41:21.197184333Z,1000,per_hit,raw_percent_of_host,api-node1,api-node2,20,18,38,43.137255,24.299065,43.137255,48.598131,100.000000,50.000000,0.000000,1.000000,0.000000,0.000000,0.000000,1.000000,84.000000,119.117647,77.982120,57.959734,3.000000
2026-06-24T22:41:22.197183414Z,1000,per_hit,raw_percent_of_host,api-node1,api-node2,23,16,39,52.427184,19.000000,52.427184,38.000000,100.000000,50.000000,0.000000,0.000000,0.000000,0.000000,0.000000,0.000000,81.869565,124.058824,77.459351,59.415893,3.000000
2026-06-24T22:41:23.197184921Z,1000,per_hit,raw_percent_of_host,api-node1,api-node2,23,16,39,45.192308,13.265306,45.192308,26.530612,100.000000,50.000000,1.000000,3.000000,0.000000,0.000000,1.000000,3.000000,79.363636,107.384615,75.677061,66.521745,3.000000
2026-06-24T22:41:24.1971835Z,1000,per_hit,raw_percent_of_host,api-node1,api-node2,22,20,42,47.572816,21.000000,47.572816,42.000000,100.000000,50.000000,0.000000,2.000000,0.000000,0.000000,0.000000,2.000000,67.130435,161.476190,80.864275,62.892004,3.000000
2026-06-24T22:41:25.197184597Z,1000,per_hit,raw_percent_of_host,api-node1,api-node2,24,18,42,35.238095,19.444444,35.238095,38.888889,100.000000,50.000000,1.000000,0.000000,0.000000,0.000000,1.000000,0.000000,80.304348,131.400000,79.659851,56.546244,3.000000
2026-06-24T22:41:26.197183795Z,1000,per_hit,raw_percent_of_host,api-node1,api-node2,21,22,43,49.038462,21.000000,49.038462,42.000000,100.000000,50.000000,0.000000,2.000000,0.000000,0.000000,0.000000,2.000000,87.954545,115.900000,75.018081,66.804720,3.000000
2026-06-24T22:41:27.197183905Z,1000,per_hit,raw_percent_of_host,api-node1,api-node2,22,22,44,49.514563,20.000000,49.514563,40.000000,100.000000,50.000000,0.000000,2.000000,0.000000,0.000000,0.000000,2.000000,73.954545,169.954545,75.048308,66.262460,3.000000
2026-06-24T22:41:28.197183086Z,1000,per_hit,raw_percent_of_host,api-node1,api-node2,20,25,45,44.660194,20.202020,44.660194,40.404040,100.000000,50.000000,0.000000,0.000000,0.000000,0.000000,0.000000,0.000000,92.550000,174.259259,80.275747,60.885386,3.000000
2026-06-24T22:41:29.197183297Z,1000,per_hit,raw_percent_of_host,api-node1,api-node2,27,19,46,29.126214,25.252525,29.126214,50.505051,100.000000,50.000000,0.000000,0.000000,0.000000,0.000000,0.000000,0.000000,125.666667,123.105263,65.119595,57.925786,3.000000
2026-06-24T22:41:30.197183123Z,1000,per_hit,raw_percent_of_host,api-node1,api-node2,29,18,47,51.456311,15.306122,51.456311,30.612245,100.000000,50.000000,0.000000,0.000000,0.000000,0.000000,0.000000,0.000000,97.137931,169.277778,75.131523,68.537870,3.000000
2026-06-24T22:41:31.197183211Z,1000,per_hit,raw_percent_of_host,api-node1,api-node2,28,20,48,50.980392,16.831683,50.980392,33.663366,100.000000,50.000000,0.000000,0.000000,0.000000,0.000000,0.000000,0.000000,108.285714,120.600000,69.045171,64.340728,3.000000
2026-06-24T22:41:32.197183974Z,1000,per_hit,raw_percent_of_host,api-node1,api-node2,27,21,48,50.000000,20.202020,50.000000,40.404040,100.000000,50.000000,0.000000,1.000000,0.000000,0.000000,0.000000,1.000000,107.555556,124.800000,74.531917,68.719212,3.000000
2026-06-24T22:41:33.197183279Z,1000,per_hit,raw_percent_of_host,api-node1,api-node2,27,22,49,48.484848,18.181818,48.484848,36.363636,100.000000,50.000000,0.000000,1.000000,0.000000,0.000000,0.000000,1.000000,79.444444,173.045455,76.331127,67.157532,3.000000
2026-06-24T22:41:34.197182802Z,1000,per_hit,raw_percent_of_host,api-node1,api-node2,27,22,49,41.176471,16.822430,41.176471,33.644860,100.000000,50.000000,0.000000,1.000000,0.000000,0.000000,0.000000,1.000000,109.555556,173.000000,73.760485,61.804481,3.000000
2026-06-24T22:41:35.197184316Z,1000,per_hit,raw_percent_of_host,api-node1,api-node2,26,24,50,52.475248,20.202020,52.475248,40.404040,100.000000,50.000000,0.000000,1.000000,0.000000,0.000000,0.000000,1.000000,88.192308,183.125000,73.811214,64.683033,3.000000
2026-06-24T22:41:36.19718412Z,1000,per_hit,raw_percent_of_host,api-node1,api-node2,28,22,50,51.923077,19.000000,51.923077,38.000000,100.000000,50.000000,0.000000,1.000000,0.000000,0.000000,0.000000,1.000000,100.821429,194.954545,75.132327,63.578207,3.000000
2026-06-24T22:41:37.19718327Z,1000,per_hit,raw_percent_of_host,api-node1,api-node2,28,22,50,49.019608,25.252525,49.019608,50.505051,100.000000,50.000000,0.000000,1.000000,0.000000,0.000000,0.000000,1.000000,132.535714,125.545455,71.720787,65.793639,3.000000
2026-06-24T22:41:38.197183389Z,1000,per_hit,raw_percent_of_host,api-node1,api-node2,30,20,50,51.000000,23.364486,51.000000,46.728972,100.000000,50.000000,0.000000,1.000000,0.000000,0.000000,0.000000,1.000000,105.833333,127.400000,71.191070,70.312010,3.000000
2026-06-24T22:41:39.197182856Z,1000,per_hit,raw_percent_of_host,api-node1,api-node2,21,29,50,43.269231,21.000000,43.269231,42.000000,100.000000,50.000000,0.000000,5.000000,0.000000,0.000000,0.000000,5.000000,85.380952,207.680000,72.023036,67.247552,3.000000
2026-06-24T22:41:40.197183322Z,1000,per_hit,raw_percent_of_host,api-node1,api-node2,24,26,50,43.689320,26.732673,43.689320,53.465347,100.000000,50.000000,0.000000,4.000000,0.000000,0.000000,0.000000,4.000000,108.458333,151.407407,78.327255,64.766015,3.000000
2026-06-24T22:41:41.19718293Z,1000,per_hit,raw_percent_of_host,api-node1,api-node2,29,20,49,43.137255,19.191919,43.137255,38.383838,100.000000,50.000000,0.000000,2.000000,0.000000,0.000000,0.000000,2.000000,91.448276,111.636364,77.084735,65.882939,3.000000
2026-06-24T22:41:42.197183798Z,1000,per_hit,raw_percent_of_host,api-node1,api-node2,25,24,49,49.038462,23.232323,49.038462,46.464646,100.000000,50.000000,0.000000,2.000000,0.000000,0.000000,0.000000,2.000000,81.000000,150.000000,78.618363,66.209072,3.000000
2026-06-24T22:41:43.197184009Z,1000,per_hit,raw_percent_of_host,api-node1,api-node2,21,28,49,34.375000,16.831683,34.375000,33.663366,100.000000,50.000000,0.000000,15.000000,0.000000,0.000000,0.000000,15.000000,67.809524,213.466667,74.949928,72.589938,3.000000
2026-06-24T22:41:44.197182842Z,1000,per_hit,raw_percent_of_host,api-node1,api-node2,26,22,48,48.113208,20.202020,48.113208,40.404040,100.000000,50.000000,0.000000,2.000000,0.000000,0.000000,0.000000,2.000000,93.807692,279.114286,78.786396,59.768373,3.000000
2026-06-24T22:41:45.197184972Z,1000,per_hit,raw_percent_of_host,api-node1,api-node2,27,20,47,48.076923,19.626168,48.076923,39.252336,100.000000,50.000000,0.000000,2.000000,0.000000,0.000000,0.000000,2.000000,119.074074,174.350000,77.059758,63.632493,3.000000
2026-06-24T22:41:46.197182876Z,1000,per_hit,raw_percent_of_host,api-node1,api-node2,23,24,47,48.000000,18.691589,48.000000,37.383178,100.000000,50.000000,0.000000,0.000000,0.000000,0.000000,0.000000,0.000000,88.086957,187.000000,74.630878,61.468342,3.000000
2026-06-24T22:41:47.197185066Z,1000,per_hit,raw_percent_of_host,api-node1,api-node2,24,22,46,40.196078,25.000000,40.196078,50.000000,100.000000,50.000000,0.000000,0.000000,0.000000,0.000000,0.000000,0.000000,106.458333,134.454545,72.641758,56.486682,3.000000
2026-06-24T22:41:48.197183907Z,1000,per_hit,raw_percent_of_host,api-node1,api-node2,25,20,45,45.098039,23.584906,45.098039,47.169811,100.000000,50.000000,0.000000,0.000000,0.000000,0.000000,0.000000,0.000000,99.640000,175.500000,73.067221,74.951290,3.000000
2026-06-24T22:41:49.19718336Z,1000,per_hit,raw_percent_of_host,api-node1,api-node2,30,15,45,44.660194,24.299065,44.660194,48.598131,100.000000,50.000000,0.000000,1.000000,0.000000,0.000000,0.000000,1.000000,116.433333,110.642857,71.860798,56.311736,3.000000
2026-06-24T22:41:50.197185127Z,1000,per_hit,raw_percent_of_host,api-node1,api-node2,24,20,44,51.960784,20.792079,51.960784,41.584158,100.000000,50.000000,0.000000,1.000000,0.000000,0.000000,0.000000,1.000000,62.791667,206.350000,80.955817,66.658696,3.000000
2026-06-24T22:41:51.197185151Z,1000,per_hit,raw_percent_of_host,api-node1,api-node2,24,19,43,51.456311,24.242424,51.456311,48.484848,100.000000,50.000000,0.000000,1.000000,0.000000,0.000000,0.000000,1.000000,85.541667,149.263158,77.505626,62.110122,3.000000
2026-06-24T22:41:52.197184044Z,1000,per_hit,raw_percent_of_host,api-node1,api-node2,24,18,42,46.078431,15.151515,46.078431,30.303030,100.000000,50.000000,0.000000,1.000000,0.000000,0.000000,0.000000,1.000000,88.541667,133.611111,75.044365,59.488594,3.000000
2026-06-24T22:41:53.197184956Z,1000,per_hit,raw_percent_of_host,api-node1,api-node2,22,19,41,47.474747,25.000000,47.474747,50.000000,100.000000,50.000000,0.000000,0.000000,0.000000,0.000000,0.000000,0.000000,76.681818,133.850000,78.193152,60.390240,3.000000
2026-06-24T22:41:54.197183982Z,1000,per_hit,raw_percent_of_host,api-node1,api-node2,25,15,40,38.383838,19.626168,38.383838,39.252336,100.000000,50.000000,0.000000,0.000000,0.000000,0.000000,0.000000,0.000000,87.360000,119.066667,78.854508,54.828317,3.000000
2026-06-24T22:41:55.197184232Z,1000,per_hit,raw_percent_of_host,api-node1,api-node2,15,24,39,37.000000,22.222222,37.000000,44.444444,100.000000,50.000000,0.000000,2.000000,0.000000,0.000000,0.000000,2.000000,55.133333,140.272727,82.818791,71.669013,3.000000
2026-06-24T22:41:56.1971837Z,1000,per_hit,raw_percent_of_host,api-node1,api-node2,21,17,38,40.384615,26.732673,40.384615,53.465347,100.000000,50.000000,0.000000,0.000000,0.000000,0.000000,0.000000,0.000000,74.761905,138.315789,82.492917,60.188376,3.000000
2026-06-24T22:41:57.197182671Z,1000,per_hit,raw_percent_of_host,api-node1,api-node2,18,19,37,46.601942,16.000000,46.601942,32.000000,100.000000,50.000000,0.000000,0.000000,0.000000,0.000000,0.000000,0.000000,67.388889,105.210526,75.010322,67.673871,3.000000
2026-06-24T22:41:58.197184739Z,1000,per_hit,raw_percent_of_host,api-node1,api-node2,17,18,35,45.454545,21.000000,45.454545,42.000000,100.000000,50.000000,0.000000,0.000000,0.000000,0.000000,0.000000,0.000000,59.176471,166.277778,80.877120,72.214285,3.000000
2026-06-24T22:41:59.197184009Z,1000,per_hit,raw_percent_of_host,api-node1,api-node2,20,15,35,41.176471,24.299065,41.176471,48.598131,100.000000,50.000000,0.000000,0.000000,0.000000,0.000000,0.000000,0.000000,63.700000,113.866667,82.369067,66.053722,3.000000
2026-06-24T22:42:00.197183691Z,1000,per_hit,raw_percent_of_host,api-node1,api-node2,20,14,34,36.363636,18.867925,36.363636,37.735849,100.000000,50.000000,0.000000,0.000000,0.000000,0.000000,0.000000,0.000000,77.100000,107.142857,79.476546,56.763447,3.000000
2026-06-24T22:42:01.197183246Z,1000,per_hit,raw_percent_of_host,api-node1,api-node2,17,16,33,48.514851,15.151515,48.514851,30.303030,100.000000,50.000000,0.000000,1.000000,0.000000,0.000000,0.000000,1.000000,62.529412,158.000000,82.305564,66.322571,3.000000
2026-06-24T22:42:02.197183681Z,1000,per_hit,raw_percent_of_host,api-node1,api-node2,18,14,32,41.000000,16.000000,41.000000,32.000000,100.000000,50.000000,0.000000,0.000000,0.000000,0.000000,0.000000,0.000000,59.111111,104.800000,80.396911,59.928726,3.000000
2026-06-24T22:42:03.197184322Z,1000,per_hit,raw_percent_of_host,api-node1,api-node2,17,15,32,40.384615,22.222222,40.384615,44.444444,100.000000,50.000000,0.000000,0.000000,0.000000,0.000000,0.000000,0.000000,71.882353,109.666667,82.087218,70.029615,3.000000
2026-06-24T22:42:04.197183464Z,1000,per_hit,raw_percent_of_host,api-node1,api-node2,16,15,31,48.543689,20.408163,48.543689,40.816327,100.000000,50.000000,0.000000,0.000000,0.000000,0.000000,0.000000,0.000000,58.937500,115.866667,83.422165,71.718751,3.000000
2026-06-24T22:42:05.197183674Z,1000,per_hit,raw_percent_of_host,api-node1,api-node2,18,13,31,45.192308,23.584906,45.192308,47.169811,100.000000,50.000000,0.000000,0.000000,0.000000,0.000000,0.000000,0.000000,66.166667,88.692308,81.349257,73.297511,3.000000
2026-06-24T22:42:06.197183321Z,1000,per_hit,raw_percent_of_host,api-node1,api-node2,20,10,30,41.414141,19.626168,41.414141,39.252336,100.000000,50.000000,0.000000,0.000000,0.000000,0.000000,0.000000,0.000000,69.000000,78.500000,75.366881,71.940600,3.000000
2026-06-24T22:42:07.197183666Z,1000,per_hit,raw_percent_of_host,api-node1,api-node2,14,16,30,46.534653,16.822430,46.534653,33.644860,100.000000,50.000000,0.000000,0.000000,0.000000,0.000000,0.000000,0.000000,59.142857,87.437500,82.642440,72.557480,3.000000
2026-06-24T22:42:08.197183488Z,1000,per_hit,raw_percent_of_host,api-node1,api-node2,22,8,30,46.153846,18.867925,46.153846,37.735849,100.000000,50.000000,0.000000,0.000000,0.000000,0.000000,0.000000,0.000000,74.090909,84.125000,78.835172,74.918442,3.000000
2026-06-24T22:42:09.197184329Z,1000,per_hit,raw_percent_of_host,api-node1,api-node2,19,11,30,44.554455,23.584906,44.554455,47.169811,100.000000,50.000000,0.000000,0.000000,0.000000,0.000000,0.000000,0.000000,62.947368,93.909091,80.139252,80.625908,3.000000
2026-06-24T22:42:10.197183236Z,1000,per_hit,raw_percent_of_host,api-node1,api-node2,15,15,30,44.230769,24.752475,44.230769,49.504950,100.000000,50.000000,0.000000,0.000000,0.000000,0.000000,0.000000,0.000000,55.933333,117.666667,80.093849,70.413619,3.000000
2026-06-24T22:42:11.197183681Z,1000,per_hit,raw_percent_of_host,api-node1,api-node2,20,11,31,44.660194,19.626168,44.660194,39.252336,100.000000,50.000000,0.000000,0.000000,0.000000,0.000000,0.000000,0.000000,79.250000,63.454545,80.985171,76.641690,3.000000
2026-06-24T22:42:12.197183344Z,1000,per_hit,raw_percent_of_host,api-node1,api-node2,15,16,31,45.454545,16.000000,45.454545,32.000000,100.000000,50.000000,0.000000,0.000000,0.000000,0.000000,0.000000,0.000000,54.266667,112.500000,78.615322,72.550492,3.000000
2026-06-24T22:42:13.197188216Z,1000,per_hit,raw_percent_of_host,api-node1,api-node2,19,13,32,34.615385,23.364486,34.615385,46.728972,100.000000,50.000000,0.000000,0.000000,0.000000,0.000000,0.000000,0.000000,101.894737,102.076923,74.891670,59.880782,3.000000
2026-06-24T22:42:14.197183854Z,1000,per_hit,raw_percent_of_host,api-node1,api-node2,19,13,32,41.414141,22.222222,41.414141,44.444444,100.000000,50.000000,0.000000,0.000000,0.000000,0.000000,0.000000,0.000000,64.894737,59.307692,79.319501,79.240490,3.000000
2026-06-24T22:42:15.197183776Z,1000,per_hit,raw_percent_of_host,api-node1,api-node2,15,18,33,40.196078,25.742574,40.196078,51.485149,100.000000,50.000000,0.000000,0.000000,0.000000,0.000000,0.000000,0.000000,70.066667,102.722222,82.574026,72.491278,3.000000
2026-06-24T22:42:16.197183898Z,1000,per_hit,raw_percent_of_host,api-node1,api-node2,18,16,34,34.951456,21.000000,34.951456,42.000000,100.000000,50.000000,0.000000,0.000000,0.000000,0.000000,0.000000,0.000000,70.944444,150.625000,79.621303,53.718929,3.000000
2026-06-24T22:42:17.197182713Z,1000,per_hit,raw_percent_of_host,api-node1,api-node2,14,20,34,44.000000,19.626168,44.000000,39.252336,100.000000,50.000000,0.000000,0.000000,0.000000,0.000000,0.000000,0.000000,54.642857,107.800000,74.582360,74.110211,3.000000
2026-06-24T22:42:18.197184496Z,1000,per_hit,raw_percent_of_host,api-node1,api-node2,16,19,35,40.594059,19.444444,40.594059,38.888889,100.000000,50.000000,0.000000,1.000000,0.000000,0.000000,0.000000,1.000000,58.500000,100.833333,82.487556,75.943476,3.000000
2026-06-24T22:42:19.197182592Z,1000,per_hit,raw_percent_of_host,api-node1,api-node2,26,10,36,37.864078,21.621622,37.864078,43.243243,100.000000,50.000000,0.000000,0.000000,0.000000,0.000000,0.000000,0.000000,103.076923,125.454545,76.758956,52.971747,3.000000
2026-06-24T22:42:20.197182736Z,1000,per_hit,raw_percent_of_host,api-node1,api-node2,18,19,37,45.192308,25.252525,45.192308,50.505051,100.000000,50.000000,0.000000,0.000000,0.000000,0.000000,0.000000,0.000000,94.388889,102.578947,77.447141,64.434840,3.000000
2026-06-24T22:42:21.197183213Z,1000,per_hit,raw_percent_of_host,api-node1,api-node2,24,14,38,44.117647,23.584906,44.117647,47.169811,100.000000,50.000000,0.000000,0.000000,0.000000,0.000000,0.000000,0.000000,98.291667,89.142857,78.725449,72.757967,3.000000
2026-06-24T22:42:22.197183423Z,1000,per_hit,raw_percent_of_host,api-node1,api-node2,24,15,39,39.805825,19.626168,39.805825,39.252336,100.000000,50.000000,0.000000,0.000000,0.000000,0.000000,0.000000,0.000000,94.000000,102.600000,76.046699,59.998601,3.000000
2026-06-24T22:42:23.197182581Z,1000,per_hit,raw_percent_of_host,api-node1,api-node2,24,16,40,48.076923,25.252525,48.076923,50.505051,100.000000,50.000000,0.000000,0.000000,0.000000,0.000000,0.000000,0.000000,98.333333,115.625000,79.452193,76.783055,3.000000
2026-06-24T22:42:24.197184983Z,1000,per_hit,raw_percent_of_host,api-node1,api-node2,22,19,41,34.951456,21.000000,34.951456,42.000000,100.000000,50.000000,0.000000,0.000000,0.000000,0.000000,0.000000,0.000000,90.363636,142.263158,75.330813,51.141596,3.000000
2026-06-24T22:42:25.197186278Z,1000,per_hit,raw_percent_of_host,api-node1,api-node2,17,25,42,40.384615,26.000000,40.384615,52.000000,100.000000,50.000000,0.000000,5.000000,0.000000,0.000000,0.000000,5.000000,70.294118,167.100000,79.390721,71.473483,3.000000
2026-06-24T22:42:26.197185082Z,1000,per_hit,raw_percent_of_host,api-node1,api-node2,21,22,43,45.098039,25.833333,45.098039,51.666667,100.000000,50.000000,0.000000,2.000000,0.000000,0.000000,0.000000,2.000000,77.857143,174.320000,80.557300,64.914980,3.000000
2026-06-24T22:42:27.1971837Z,1000,per_hit,raw_percent_of_host,api-node1,api-node2,25,19,44,39.215686,21.212121,39.215686,42.424242,100.000000,50.000000,0.000000,2.000000,0.000000,0.000000,0.000000,2.000000,134.240000,149.631579,73.638366,50.370800,3.000000
2026-06-24T22:42:28.197182783Z,1000,per_hit,raw_percent_of_host,api-node1,api-node2,29,16,45,49.514563,17.171717,49.514563,34.343434,100.000000,50.000000,0.000000,0.000000,0.000000,0.000000,0.000000,0.000000,97.275862,153.222222,77.995912,69.512260,3.000000
2026-06-24T22:42:29.197183829Z,1000,per_hit,raw_percent_of_host,api-node1,api-node2,25,21,46,44.660194,21.000000,44.660194,42.000000,100.000000,50.000000,0.000000,2.000000,0.000000,0.000000,0.000000,2.000000,103.520000,160.526316,75.613626,69.685972,3.000000
2026-06-24T22:42:30.197184242Z,1000,per_hit,raw_percent_of_host,api-node1,api-node2,26,21,47,39.215686,26.881720,39.215686,53.763441,100.000000,50.000000,0.000000,4.000000,0.000000,0.000000,0.000000,4.000000,115.692308,129.157895,66.217172,70.249885,3.000000
2026-06-24T22:42:31.197183245Z,1000,per_hit,raw_percent_of_host,api-node1,api-node2,28,20,48,45.192308,19.626168,45.192308,39.252336,100.000000,50.000000,0.000000,2.000000,0.000000,0.000000,0.000000,2.000000,85.821429,179.818182,79.458021,66.996301,3.000000
2026-06-24T22:42:32.197183549Z,1000,per_hit,raw_percent_of_host,api-node1,api-node2,23,25,48,29.166667,22.000000,29.166667,44.000000,100.000000,50.000000,0.000000,12.000000,0.000000,0.000000,0.000000,12.000000,86.521739,156.933333,77.029624,67.418028,3.000000
2026-06-24T22:42:33.197184138Z,1000,per_hit,raw_percent_of_host,api-node1,api-node2,29,20,49,43.137255,19.444444,43.137255,38.888889,100.000000,50.000000,0.000000,0.000000,0.000000,0.000000,0.000000,0.000000,116.000000,213.812500,80.646306,69.868923,3.000000
2026-06-24T22:42:34.19718393Z,1000,per_hit,raw_percent_of_host,api-node1,api-node2,19,30,49,29.166667,18.478261,29.166667,36.956522,100.000000,50.000000,0.000000,19.000000,0.000000,0.000000,0.000000,19.000000,91.842105,123.090909,76.427370,79.195857,3.000000
2026-06-24T22:42:35.197183739Z,1000,per_hit,raw_percent_of_host,api-node1,api-node2,25,25,50,48.076923,20.202020,48.076923,40.404040,100.000000,50.000000,0.000000,11.000000,0.000000,0.000000,0.000000,11.000000,83.640000,294.242424,79.254469,66.355262,3.000000
2026-06-24T22:42:36.197184247Z,1000,per_hit,raw_percent_of_host,api-node1,api-node2,28,22,50,40.384615,25.252525,40.384615,50.505051,100.000000,50.000000,0.000000,1.000000,0.000000,0.000000,0.000000,1.000000,119.678571,195.281250,77.808538,64.153029,3.000000
2026-06-24T22:42:37.1971832Z,1000,per_hit,raw_percent_of_host,api-node1,api-node2,25,25,50,39.047619,26.000000,39.047619,52.000000,100.000000,50.000000,0.000000,11.000000,0.000000,0.000000,0.000000,11.000000,113.080000,128.933333,73.372825,63.731281,3.000000
2026-06-24T22:42:38.197183529Z,1000,per_hit,raw_percent_of_host,api-node1,api-node2,24,26,50,34.615385,22.950820,34.615385,45.901639,100.000000,50.000000,0.000000,13.000000,0.000000,0.000000,0.000000,13.000000,103.958333,225.791667,77.681397,47.531634,3.000000
2026-06-24T22:42:39.197184129Z,1000,per_hit,raw_percent_of_host,api-node1,api-node2,22,28,50,39.805825,26.000000,39.805825,52.000000,100.000000,50.000000,0.000000,16.000000,0.000000,0.000000,0.000000,16.000000,100.863636,237.600000,71.712468,61.096041,3.000000
2026-06-24T22:42:40.197184034Z,1000,per_hit,raw_percent_of_host,api-node1,api-node2,25,25,50,48.039216,23.232323,48.039216,46.464646,100.000000,50.000000,0.000000,0.000000,0.000000,0.000000,0.000000,0.000000,115.960000,233.365854,80.207547,62.436098,3.000000
2026-06-24T22:42:41.197183363Z,1000,per_hit,raw_percent_of_host,api-node1,api-node2,31,19,50,44.117647,20.202020,44.117647,40.404040,100.000000,50.000000,0.000000,1.000000,0.000000,0.000000,0.000000,1.000000,123.000000,156.722222,73.460479,70.814728,3.000000
2026-06-24T22:42:42.197183189Z,1000,per_hit,raw_percent_of_host,api-node1,api-node2,28,21,49,46.078431,23.364486,46.078431,46.728972,100.000000,50.000000,0.000000,8.000000,0.000000,0.000000,0.000000,8.000000,99.500000,157.214286,77.787164,74.252439,3.000000
2026-06-24T22:42:43.197183033Z,1000,per_hit,raw_percent_of_host,api-node1,api-node2,26,22,48,42.718447,23.364486,42.718447,46.728972,100.000000,50.000000,0.000000,3.000000,0.000000,0.000000,0.000000,3.000000,105.076923,206.666667,74.747013,55.167358,3.000000
2026-06-24T22:42:44.197183072Z,1000,per_hit,raw_percent_of_host,api-node1,api-node2,27,21,48,46.601942,17.142857,46.601942,34.285714,100.000000,50.000000,0.000000,2.000000,0.000000,0.000000,0.000000,2.000000,101.111111,189.818182,77.236645,74.499930,3.000000
2026-06-24T22:42:45.19718514Z,1000,per_hit,raw_percent_of_host,api-node1,api-node2,24,24,48,28.421053,25.252525,28.421053,50.505051,100.000000,50.000000,0.000000,4.000000,0.000000,0.000000,0.000000,4.000000,82.416667,169.000000,76.227751,63.304875,3.000000
2026-06-24T22:42:46.197183662Z,1000,per_hit,raw_percent_of_host,api-node1,api-node2,24,23,47,49.514563,14.953271,49.514563,29.906542,100.000000,50.000000,0.000000,9.000000,0.000000,0.000000,0.000000,9.000000,93.750000,187.111111,73.517067,72.348815,3.000000
2026-06-24T22:42:47.197183292Z,1000,per_hit,raw_percent_of_host,api-node1,api-node2,31,15,46,45.631068,15.740741,45.631068,31.481481,100.000000,50.000000,1.000000,1.000000,0.000000,0.000000,1.000000,1.000000,120.433333,198.739130,73.587614,64.548304,3.000000
2026-06-24T22:42:48.197183212Z,1000,per_hit,raw_percent_of_host,api-node1,api-node2,23,22,45,49.514563,14.150943,49.514563,28.301887,100.000000,50.000000,0.000000,5.000000,0.000000,0.000000,0.000000,5.000000,94.416667,179.888889,78.572381,70.567868,3.000000
2026-06-24T22:42:49.197184092Z,1000,per_hit,raw_percent_of_host,api-node1,api-node2,25,19,44,45.631068,18.867925,45.631068,37.735849,100.000000,50.000000,0.000000,3.000000,0.000000,0.000000,0.000000,3.000000,100.720000,170.285714,75.842287,75.791447,3.000000
2026-06-24T22:42:50.197183666Z,1000,per_hit,raw_percent_of_host,api-node1,api-node2,22,22,44,50.476190,9.433962,50.476190,18.867925,100.000000,50.000000,0.000000,12.000000,0.000000,0.000000,0.000000,12.000000,78.500000,162.461538,78.521361,61.860641,3.000000
2026-06-24T22:42:51.19718273Z,1000,per_hit,raw_percent_of_host,api-node1,api-node2,23,19,42,39.805825,32.692308,39.805825,65.384615,100.000000,50.000000,0.000000,1.000000,0.000000,0.000000,0.000000,1.000000,114.913043,194.400000,71.724718,68.285151,3.000000
2026-06-24T22:42:52.197183316Z,1000,per_hit,raw_percent_of_host,api-node1,api-node2,20,22,42,34.313725,23.584906,34.313725,47.169811,100.000000,50.000000,0.000000,12.000000,0.000000,0.000000,0.000000,12.000000,81.400000,101.818182,79.481076,71.442125,3.000000
2026-06-24T22:42:53.197183374Z,1000,per_hit,raw_percent_of_host,api-node1,api-node2,26,15,41,35.576923,16.822430,35.576923,33.644860,100.000000,50.000000,0.000000,0.000000,0.000000,0.000000,0.000000,0.000000,96.076923,200.592593,79.138125,69.697241,3.000000
2026-06-24T22:42:54.197183995Z,1000,per_hit,raw_percent_of_host,api-node1,api-node2,16,23,39,39.215686,16.981132,39.215686,33.962264,100.000000,50.000000,0.000000,9.000000,0.000000,0.000000,0.000000,9.000000,79.125000,140.785714,78.751000,78.497090,3.000000
2026-06-24T22:42:55.197182901Z,1000,per_hit,raw_percent_of_host,api-node1,api-node2,21,18,39,45.192308,14.141414,45.192308,28.282828,100.000000,50.000000,0.000000,0.000000,0.000000,0.000000,0.000000,0.000000,93.142857,197.518519,77.699489,63.937380,3.000000
2026-06-24T22:42:56.19718302Z,1000,per_hit,raw_percent_of_host,api-node1,api-node2,24,13,37,36.792453,19.626168,36.792453,39.252336,100.000000,50.000000,0.000000,0.000000,0.000000,0.000000,0.000000,0.000000,114.333333,97.307692,76.787930,76.453165,3.000000
2026-06-24T22:42:57.197183856Z,1000,per_hit,raw_percent_of_host,api-node1,api-node2,16,20,36,39.805825,16.000000,39.805825,32.000000,100.000000,50.000000,0.000000,6.000000,0.000000,0.000000,0.000000,6.000000,81.250000,94.714286,80.580162,72.529784,3.000000
2026-06-24T22:42:58.197183209Z,1000,per_hit,raw_percent_of_host,api-node1,api-node2,20,15,35,44.117647,14.953271,44.117647,29.906542,100.000000,50.000000,0.000000,0.000000,0.000000,0.000000,0.000000,0.000000,85.650000,160.285714,79.004067,76.220897,3.000000
2026-06-24T22:42:59.197183564Z,1000,per_hit,raw_percent_of_host,api-node1,api-node2,20,16,36,34.951456,13.207547,34.951456,26.415094,100.000000,50.000000,1.000000,0.000000,0.000000,0.000000,1.000000,0.000000,86.631579,153.625000,79.034275,67.374114,3.000000
2026-06-24T22:43:00.197183319Z,1000,per_hit,raw_percent_of_host,api-node1,api-node2,14,20,34,39.215686,14.814815,39.215686,29.629630,100.000000,50.000000,0.000000,3.000000,0.000000,0.000000,0.000000,3.000000,63.066667,155.235294,81.852099,73.470557,3.000000
2026-06-24T22:43:01.197183424Z,1000,per_hit,raw_percent_of_host,api-node1,api-node2,13,20,33,29.411765,20.202020,29.411765,40.404040,100.000000,50.000000,1.000000,2.000000,0.000000,0.000000,1.000000,2.000000,89.250000,146.285714,78.305627,66.752726,3.000000
2026-06-24T22:43:02.197184245Z,1000,per_hit,raw_percent_of_host,api-node1,api-node2,18,14,32,34.313725,14.141414,34.313725,28.282828,100.000000,50.000000,0.000000,1.000000,0.000000,0.000000,0.000000,1.000000,89.789474,119.533333,81.178881,67.411583,3.000000
2026-06-24T22:43:03.197184341Z,1000,per_hit,raw_percent_of_host,api-node1,api-node2,12,19,31,33.980583,19.444444,33.980583,38.888889,100.000000,50.000000,0.000000,2.000000,0.000000,0.000000,0.000000,2.000000,59.666667,140.222222,78.712944,77.001216,3.000000
2026-06-24T22:43:04.197184692Z,1000,per_hit,raw_percent_of_host,api-node1,api-node2,19,12,31,40.196078,5.050505,40.196078,10.101010,100.000000,50.000000,0.000000,0.000000,0.000000,0.000000,0.000000,0.000000,100.421053,153.357143,81.823417,76.389023,3.000000
2026-06-24T22:43:05.197184278Z,1000,per_hit,raw_percent_of_host,api-node1,api-node2,22,9,31,44.660194,11.111111,44.660194,22.222222,100.000000,50.000000,0.000000,0.000000,0.000000,0.000000,0.000000,0.000000,128.272727,73.555556,77.887373,75.573141,3.000000
2026-06-24T22:43:06.197183821Z,1000,per_hit,raw_percent_of_host,api-node1,api-node2,12,18,30,38.000000,14.150943,38.000000,28.301887,100.000000,50.000000,0.000000,1.000000,0.000000,0.000000,0.000000,1.000000,61.333333,154.941176,78.776972,77.945134,3.000000
2026-06-24T22:43:07.197183093Z,1000,per_hit,raw_percent_of_host,api-node1,api-node2,19,11,30,35.922330,20.202020,35.922330,40.404040,100.000000,50.000000,0.000000,0.000000,0.000000,0.000000,0.000000,0.000000,102.315789,112.833333,82.535051,78.174916,3.000000
2026-06-24T22:43:08.197183589Z,1000,per_hit,raw_percent_of_host,api-node1,api-node2,18,12,30,44.117647,7.608696,44.117647,15.217391,100.000000,50.000000,0.000000,0.000000,0.000000,0.000000,0.000000,0.000000,89.555556,125.250000,78.427407,67.544665,3.000000
2026-06-24T22:43:09.197184193Z,1000,per_hit,raw_percent_of_host,api-node1,api-node2,18,12,30,40.952381,12.121212,40.952381,24.242424,100.000000,50.000000,0.000000,0.000000,0.000000,0.000000,0.000000,0.000000,84.277778,126.166667,80.351531,73.040207,3.000000
2026-06-24T22:43:10.19718408Z,1000,per_hit,raw_percent_of_host,api-node1,api-node2,16,14,30,34.313725,16.981132,34.313725,33.962264,100.000000,50.000000,0.000000,0.000000,0.000000,0.000000,0.000000,0.000000,101.937500,114.428571,81.217453,74.414052,3.000000
2026-06-24T22:43:11.197183353Z,1000,per_hit,raw_percent_of_host,api-node1,api-node2,19,12,31,40.384615,12.121212,40.384615,24.242424,100.000000,50.000000,0.000000,1.000000,0.000000,0.000000,0.000000,1.000000,90.684211,122.727273,78.849487,73.059705,3.000000
2026-06-24T22:43:12.197184138Z,1000,per_hit,raw_percent_of_host,api-node1,api-node2,21,10,31,45.631068,0.000000,45.631068,0.000000,100.000000,50.000000,0.000000,0.000000,0.000000,0.000000,0.000000,0.000000,102.047619,141.636364,79.243231,48.647219,3.000000
2026-06-24T22:43:13.197183543Z,1000,per_hit,raw_percent_of_host,api-node1,api-node2,14,18,32,25.961538,16.037736,25.961538,32.075472,100.000000,50.000000,0.000000,0.000000,0.000000,0.000000,0.000000,0.000000,79.642857,123.944444,82.685970,75.583454,3.000000
2026-06-24T22:43:14.197183057Z,1000,per_hit,raw_percent_of_host,api-node1,api-node2,15,17,32,39.603960,14.953271,39.603960,29.906542,100.000000,50.000000,0.000000,2.000000,0.000000,0.000000,0.000000,2.000000,62.200000,165.266667,78.243331,75.920344,3.000000
2026-06-24T22:43:15.1971831Z,1000,per_hit,raw_percent_of_host,api-node1,api-node2,19,14,33,34.951456,17.757009,34.951456,35.514019,100.000000,50.000000,0.000000,0.000000,0.000000,0.000000,0.000000,0.000000,92.052632,126.687500,82.599960,69.046355,3.000000
2026-06-24T22:43:16.197183303Z,1000,per_hit,raw_percent_of_host,api-node1,api-node2,17,17,34,35.576923,16.161616,35.576923,32.323232,100.000000,50.000000,0.000000,0.000000,0.000000,0.000000,0.000000,0.000000,126.941176,103.294118,76.829722,76.355475,3.000000
2026-06-24T22:43:17.197184224Z,1000,per_hit,raw_percent_of_host,api-node1,api-node2,14,21,35,15.625000,19.191919,15.625000,38.383838,100.000000,50.000000,0.000000,8.000000,0.000000,0.000000,0.000000,8.000000,78.857143,145.230769,79.116897,72.000004,3.000000
2026-06-24T22:43:18.197183675Z,1000,per_hit,raw_percent_of_host,api-node1,api-node2,21,14,35,35.576923,16.981132,35.576923,33.962264,100.000000,50.000000,0.000000,0.000000,0.000000,0.000000,0.000000,0.000000,119.571429,176.636364,79.429266,63.979144,3.000000
2026-06-24T22:43:19.197183295Z,1000,per_hit,raw_percent_of_host,api-node1,api-node2,17,19,36,20.833333,12.264151,20.833333,24.528302,100.000000,50.000000,0.000000,10.000000,0.000000,0.000000,0.000000,10.000000,80.764706,100.111111,75.336949,69.856852,3.000000
2026-06-24T22:43:20.197184323Z,1000,per_hit,raw_percent_of_host,api-node1,api-node2,19,18,37,40.384615,15.053763,40.384615,30.107527,100.000000,50.000000,0.000000,4.000000,0.000000,0.000000,0.000000,4.000000,94.578947,188.458333,73.322688,68.719797,3.000000
2026-06-24T22:43:21.197183877Z,1000,per_hit,raw_percent_of_host,api-node1,api-node2,19,19,38,24.509804,18.867925,24.509804,37.735849,100.000000,50.000000,0.000000,5.000000,0.000000,0.000000,0.000000,5.000000,131.263158,137.277778,73.285800,67.484222,3.000000
2026-06-24T22:43:22.197183011Z,1000,per_hit,raw_percent_of_host,api-node1,api-node2,21,18,39,42.056075,16.216216,42.056075,32.432432,100.000000,50.000000,0.000000,4.000000,0.000000,0.000000,0.000000,4.000000,102.619048,155.315789,73.221884,68.530419,3.000000
2026-06-24T22:43:23.197184016Z,1000,per_hit,raw_percent_of_host,api-node1,api-node2,18,23,41,35.576923,19.191919,35.576923,38.383838,100.000000,50.000000,0.000000,6.000000,0.000000,0.000000,0.000000,6.000000,83.444444,138.380952,77.481261,76.469514,3.000000
2026-06-24T22:43:24.197183158Z,1000,per_hit,raw_percent_of_host,api-node1,api-node2,21,21,42,34.951456,15.841584,34.951456,31.683168,100.000000,50.000000,0.000000,3.000000,0.000000,0.000000,0.000000,3.000000,109.904762,178.833333,76.803333,61.656822,3.000000
2026-06-24T22:43:25.19718284Z,1000,per_hit,raw_percent_of_host,api-node1,api-node2,25,18,43,40.196078,12.264151,40.196078,24.528302,100.000000,50.000000,1.000000,3.000000,0.000000,0.000000,1.000000,3.000000,96.708333,138.277778,76.595565,69.688558,3.000000
2026-06-24T22:43:26.197184363Z,1000,per_hit,raw_percent_of_host,api-node1,api-node2,18,26,44,31.632653,21.739130,31.632653,43.478261,100.000000,50.000000,0.000000,16.000000,0.000000,0.000000,0.000000,16.000000,74.842105,127.846154,80.744351,69.919003,3.000000
2026-06-24T22:43:27.197182629Z,1000,per_hit,raw_percent_of_host,api-node1,api-node2,24,21,45,33.980583,19.000000,33.980583,38.000000,100.000000,50.000000,1.000000,7.000000,0.000000,0.000000,1.000000,7.000000,89.695652,225.866667,77.173265,58.112968,3.000000
2026-06-24T22:43:28.197183121Z,1000,per_hit,raw_percent_of_host,api-node1,api-node2,21,24,45,34.951456,15.151515,34.951456,30.303030,100.000000,50.000000,1.000000,16.000000,0.000000,0.000000,1.000000,16.000000,105.809524,143.333333,73.997469,63.695024,3.000000
2026-06-24T22:43:29.197185385Z,1000,per_hit,raw_percent_of_host,api-node1,api-node2,31,15,46,30.927835,22.000000,30.927835,44.000000,100.000000,50.000000,2.000000,10.000000,0.000000,0.000000,2.000000,10.000000,102.300000,204.523810,73.312554,64.535619,3.000000
2026-06-24T22:43:30.197191217Z,1000,per_hit,raw_percent_of_host,api-node1,api-node2,36,11,47,43.689320,1.000000,43.689320,2.000000,100.000000,50.000000,4.000000,3.000000,0.000000,0.000000,4.000000,3.000000,133.882353,174.944444,67.147730,60.556075,3.000000
2026-06-24T22:43:31.197183101Z,1000,per_hit,raw_percent_of_host,api-node1,api-node2,28,20,48,39.805825,14.018692,39.805825,28.037383,100.000000,50.000000,3.000000,7.000000,0.000000,0.000000,3.000000,7.000000,112.896552,117.937500,72.937209,61.716007,3.000000
2026-06-24T22:43:32.197183139Z,1000,per_hit,raw_percent_of_host,api-node1,api-node2,29,19,48,31.958763,16.129032,31.958763,32.258065,100.000000,50.000000,15.000000,3.000000,0.000000,0.000000,15.000000,3.000000,82.470588,178.260870,77.913836,63.757855,3.000000
2026-06-24T22:43:33.197184593Z,1000,per_hit,raw_percent_of_host,api-node1,api-node2,29,20,49,31.250000,13.043478,31.250000,26.086957,100.000000,50.000000,13.000000,4.000000,0.000000,0.000000,13.000000,4.000000,125.354839,114.894737,72.721166,71.503267,3.000000
2026-06-24T22:43:34.197182743Z,1000,per_hit,raw_percent_of_host,api-node1,api-node2,26,23,49,34.951456,17.171717,34.951456,34.343434,100.000000,50.000000,2.000000,10.000000,0.000000,0.000000,2.000000,10.000000,140.108108,97.411765,69.951504,69.764208,3.000000
2026-06-24T22:43:35.197184078Z,1000,per_hit,raw_percent_of_host,api-node1,api-node2,25,25,50,26.041667,24.299065,26.041667,48.598131,100.000000,50.000000,1.000000,14.000000,0.000000,0.000000,1.000000,14.000000,99.307692,161.047619,73.382335,64.981300,3.000000
2026-06-24T22:43:36.197183388Z,1000,per_hit,raw_percent_of_host,api-node1,api-node2,30,20,50,39.805825,14.130435,39.805825,28.260870,100.000000,50.000000,3.000000,11.000000,0.000000,0.000000,3.000000,11.000000,127.535714,218.956522,70.085403,63.608478,3.000000
2026-06-24T22:43:37.19718365Z,1000,per_hit,raw_percent_of_host,api-node1,api-node2,28,22,50,39.215686,14.150943,39.215686,28.301887,100.000000,50.000000,5.000000,9.000000,0.000000,0.000000,5.000000,9.000000,135.076923,173.916667,64.749354,58.932845,3.000000
2026-06-24T22:43:38.197183766Z,1000,per_hit,raw_percent_of_host,api-node1,api-node2,25,25,50,39.805825,14.000000,39.805825,28.000000,100.000000,50.000000,0.000000,13.000000,0.000000,0.000000,0.000000,13.000000,114.533333,160.380952,71.467020,61.208681,3.000000
2026-06-24T22:43:39.19718518Z,1000,per_hit,raw_percent_of_host,api-node1,api-node2,26,24,50,39.805825,13.043478,39.805825,26.086957,100.000000,50.000000,1.000000,18.000000,0.000000,0.000000,1.000000,18.000000,91.600000,196.684211,75.042233,72.075624,3.000000
2026-06-24T22:43:40.197183286Z,1000,per_hit,raw_percent_of_host,api-node1,api-node2,24,26,50,26.041667,25.925926,26.041667,51.851852,100.000000,50.000000,1.000000,22.000000,0.000000,0.000000,1.000000,22.000000,108.500000,269.000000,72.720939,66.780463,3.000000
2026-06-24T22:43:41.197183715Z,1000,per_hit,raw_percent_of_host,api-node1,api-node2,26,24,50,34.951456,25.000000,34.951456,50.000000,100.000000,50.000000,1.000000,9.000000,0.000000,0.000000,1.000000,9.000000,83.153846,257.243243,77.571032,63.869025,3.000000
2026-06-24T22:43:42.197183599Z,1000,per_hit,raw_percent_of_host,api-node1,api-node2,26,23,49,34.951456,18.867925,34.951456,37.735849,100.000000,50.000000,3.000000,8.000000,0.000000,0.000000,3.000000,8.000000,94.125000,172.291667,71.398306,68.036821,3.000000
2026-06-24T22:43:43.19718899Z,1000,per_hit,raw_percent_of_host,api-node1,api-node2,24,24,48,21.649485,16.304348,21.649485,32.608696,100.000000,50.000000,2.000000,12.000000,0.000000,0.000000,2.000000,12.000000,123.520000,152.800000,68.660391,65.166397,3.000000
2026-06-24T22:43:44.197183368Z,1000,per_hit,raw_percent_of_host,api-node1,api-node2,29,19,48,44.660194,10.784314,44.660194,21.568627,100.000000,50.000000,2.000000,8.000000,0.000000,0.000000,2.000000,8.000000,134.758621,182.043478,71.046564,55.752863,3.000000
2026-06-24T22:43:45.197183531Z,1000,per_hit,raw_percent_of_host,api-node1,api-node2,23,25,48,40.384615,13.131313,40.384615,26.262626,100.000000,50.000000,1.000000,10.000000,0.000000,0.000000,1.000000,10.000000,95.791667,187.913043,78.505348,64.735563,3.000000
2026-06-24T22:43:46.197183709Z,1000,per_hit,raw_percent_of_host,api-node1,api-node2,27,20,47,34.313725,18.181818,34.313725,36.363636,100.000000,50.000000,12.000000,8.000000,0.000000,0.000000,12.000000,8.000000,115.750000,233.181818,78.158008,63.015188,3.000000
2026-06-24T22:43:47.197183522Z,1000,per_hit,raw_percent_of_host,api-node1,api-node2,18,28,46,31.958763,25.000000,31.958763,50.000000,100.000000,50.000000,0.000000,19.000000,0.000000,0.000000,0.000000,19.000000,126.433333,158.470588,70.571609,73.556464,3.000000
2026-06-24T22:43:48.197183384Z,1000,per_hit,raw_percent_of_host,api-node1,api-node2,26,18,44,29.166667,13.043478,29.166667,26.086957,100.000000,50.000000,0.000000,4.000000,0.000000,0.000000,0.000000,4.000000,83.730769,241.727273,76.223913,60.900395,3.000000
2026-06-24T22:43:49.197183233Z,1000,per_hit,raw_percent_of_host,api-node1,api-node2,23,21,44,39.215686,15.000000,39.215686,30.000000,100.000000,50.000000,0.000000,10.000000,0.000000,0.000000,0.000000,10.000000,105.956522,116.866667,76.213218,62.558818,3.000000
2026-06-24T22:43:50.19718335Z,1000,per_hit,raw_percent_of_host,api-node1,api-node2,27,17,44,20.833333,12.727273,20.833333,25.454545,100.000000,50.000000,6.000000,2.000000,0.000000,0.000000,6.000000,2.000000,102.714286,182.360000,75.873402,54.385599,3.000000
2026-06-24T22:43:51.197183909Z,1000,per_hit,raw_percent_of_host,api-node1,api-node2,22,21,43,39.805825,16.161616,39.805825,32.323232,100.000000,50.000000,1.000000,10.000000,0.000000,0.000000,1.000000,10.000000,101.777778,97.846154,75.090236,73.699165,3.000000
2026-06-24T22:43:52.197183163Z,1000,per_hit,raw_percent_of_host,api-node1,api-node2,23,19,42,39.215686,10.185185,39.215686,20.370370,100.000000,50.000000,2.000000,5.000000,0.000000,0.000000,2.000000,5.000000,88.363636,180.708333,78.123622,73.096998,3.000000
2026-06-24T22:43:53.197182626Z,1000,per_hit,raw_percent_of_host,api-node1,api-node2,24,16,40,44.660194,9.090909,44.660194,18.181818,100.000000,50.000000,0.000000,4.000000,0.000000,0.000000,0.000000,4.000000,121.807692,116.176471,70.930912,76.370813,3.000000
2026-06-24T22:43:54.197184165Z,1000,per_hit,raw_percent_of_host,api-node1,api-node2,22,17,39,39.215686,10.101010,39.215686,20.202020,100.000000,50.000000,0.000000,0.000000,0.000000,0.000000,0.000000,0.000000,87.181818,121.428571,76.872828,79.041058,3.000000
2026-06-24T22:43:55.197189997Z,1000,per_hit,raw_percent_of_host,api-node1,api-node2,20,18,38,35.576923,16.304348,35.576923,32.608696,100.000000,50.000000,1.000000,3.000000,0.000000,0.000000,1.000000,3.000000,96.210526,106.066667,83.060633,73.244580,3.000000
2026-06-24T22:43:56.197183318Z,1000,per_hit,raw_percent_of_host,api-node1,api-node2,22,15,37,39.805825,11.764706,39.805825,23.529412,100.000000,50.000000,0.000000,2.000000,0.000000,0.000000,0.000000,2.000000,112.521739,129.250000,72.932126,69.349739,3.000000
2026-06-24T22:43:57.197183747Z,1000,per_hit,raw_percent_of_host,api-node1,api-node2,18,18,36,31.067961,18.518519,31.067961,37.037037,100.000000,50.000000,0.000000,1.000000,0.000000,0.000000,0.000000,1.000000,116.722222,125.631579,75.038316,67.417400,3.000000
2026-06-24T22:43:58.197184376Z,1000,per_hit,raw_percent_of_host,api-node1,api-node2,19,16,35,39.215686,7.000000,39.215686,14.000000,100.000000,50.000000,0.000000,4.000000,0.000000,0.000000,0.000000,4.000000,88.473684,140.923077,74.022281,73.798028,3.000000
2026-06-24T22:43:59.197183272Z,1000,per_hit,raw_percent_of_host,api-node1,api-node2,19,15,34,40.384615,9.433962,40.384615,18.867925,100.000000,50.000000,1.000000,1.000000,0.000000,0.000000,1.000000,1.000000,75.388889,129.500000,79.017596,69.504156,3.000000
2026-06-24T22:44:00.197185795Z,1000,per_hit,raw_percent_of_host,api-node1,api-node2,18,16,34,34.313725,14.814815,34.313725,29.629630,100.000000,50.000000,0.000000,5.000000,0.000000,0.000000,0.000000,5.000000,80.789474,138.000000,77.012033,74.990398,3.000000
2026-06-24T22:44:01.197183291Z,1000,per_hit,raw_percent_of_host,api-node1,api-node2,22,11,33,40.000000,8.411215,40.000000,16.822430,100.000000,50.000000,0.000000,3.000000,0.000000,0.000000,0.000000,3.000000,102.500000,129.307692,74.399673,65.114924,3.000000
2026-06-24T22:44:02.197182663Z,1000,per_hit,raw_percent_of_host,api-node1,api-node2,16,16,32,29.126214,19.191919,29.126214,38.383838,100.000000,50.000000,1.000000,4.000000,0.000000,0.000000,1.000000,4.000000,83.933333,117.533333,80.964749,73.687906,3.000000
2026-06-24T22:44:03.197183753Z,1000,per_hit,raw_percent_of_host,api-node1,api-node2,17,15,32,39.805825,11.111111,39.805825,22.222222,100.000000,50.000000,0.000000,4.000000,0.000000,0.000000,0.000000,4.000000,79.111111,142.066667,76.630545,66.235734,3.000000
2026-06-24T22:44:04.197183536Z,1000,per_hit,raw_percent_of_host,api-node1,api-node2,17,14,31,34.951456,10.280374,34.951456,20.560748,100.000000,50.000000,0.000000,0.000000,0.000000,0.000000,0.000000,0.000000,84.294118,148.166667,82.794823,72.243294,3.000000
2026-06-24T22:44:05.197184262Z,1000,per_hit,raw_percent_of_host,api-node1,api-node2,15,16,31,30.097087,15.151515,30.097087,30.303030,100.000000,50.000000,0.000000,2.000000,0.000000,0.000000,0.000000,2.000000,107.533333,89.571429,79.031548,79.664232,3.000000
2026-06-24T22:44:06.197182646Z,1000,per_hit,raw_percent_of_host,api-node1,api-node2,13,17,30,25.242718,17.924528,25.242718,35.849057,100.000000,50.000000,0.000000,1.000000,0.000000,0.000000,0.000000,1.000000,97.923077,116.388889,82.374814,70.419777,3.000000
2026-06-24T22:44:07.197183757Z,1000,per_hit,raw_percent_of_host,api-node1,api-node2,20,10,30,39.215686,9.090909,39.215686,18.181818,100.000000,50.000000,0.000000,1.000000,0.000000,0.000000,0.000000,1.000000,109.600000,77.300000,76.117007,79.993275,3.000000
2026-06-24T22:44:08.197182728Z,1000,per_hit,raw_percent_of_host,api-node1,api-node2,19,11,30,34.951456,10.000000,34.951456,20.000000,100.000000,50.000000,0.000000,2.000000,0.000000,0.000000,0.000000,2.000000,97.000000,107.900000,72.184566,80.144361,3.000000
2026-06-24T22:44:09.197182728Z,1000,per_hit,raw_percent_of_host,api-node1,api-node2,15,15,30,36.190476,11.111111,36.190476,22.222222,100.000000,50.000000,0.000000,2.000000,0.000000,0.000000,0.000000,2.000000,85.733333,90.466667,78.478465,77.023157,3.000000
2026-06-24T22:44:10.197183962Z,1000,per_hit,raw_percent_of_host,api-node1,api-node2,17,13,30,35.576923,14.000000,35.576923,28.000000,100.000000,50.000000,1.000000,0.000000,0.000000,0.000000,1.000000,0.000000,98.562500,93.066667,82.965526,64.847681,3.000000
2026-06-24T22:44:11.197183843Z,1000,per_hit,raw_percent_of_host,api-node1,api-node2,15,16,31,25.242718,17.757009,25.242718,35.514019,100.000000,50.000000,0.000000,1.000000,0.000000,0.000000,0.000000,1.000000,99.937500,123.666667,74.952006,75.681928,3.000000
2026-06-24T22:44:12.197184136Z,1000,per_hit,raw_percent_of_host,api-node1,api-node2,19,12,31,34.313725,15.151515,34.313725,30.303030,100.000000,50.000000,1.000000,1.000000,0.000000,0.000000,1.000000,1.000000,90.611111,87.916667,80.821224,77.983547,3.000000
2026-06-24T22:44:13.197184092Z,1000,per_hit,raw_percent_of_host,api-node1,api-node2,14,18,32,30.097087,15.151515,30.097087,30.303030,100.000000,50.000000,2.000000,5.000000,0.000000,0.000000,2.000000,5.000000,79.076923,110.785714,78.218471,74.584690,3.000000
2026-06-24T22:44:14.1971839Z,1000,per_hit,raw_percent_of_host,api-node1,api-node2,14,18,32,29.411765,10.280374,29.411765,20.560748,100.000000,50.000000,1.000000,2.000000,0.000000,0.000000,1.000000,2.000000,74.733333,150.047619,78.219085,72.348099,3.000000
2026-06-24T22:44:15.197183588Z,1000,per_hit,raw_percent_of_host,api-node1,api-node2,17,16,33,34.951456,13.888889,34.951456,27.777778,100.000000,50.000000,0.000000,4.000000,0.000000,0.000000,0.000000,4.000000,99.222222,92.500000,73.424847,77.727336,3.000000
2026-06-24T22:44:16.197182584Z,1000,per_hit,raw_percent_of_host,api-node1,api-node2,18,16,34,33.333333,13.000000,33.333333,26.000000,100.000000,50.000000,3.000000,4.000000,0.000000,0.000000,3.000000,4.000000,64.066667,115.875000,80.248759,66.114210,3.000000
2026-06-24T22:44:17.197183884Z,1000,per_hit,raw_percent_of_host,api-node1,api-node2,20,15,35,33.962264,11.000000,33.962264,22.000000,100.000000,50.000000,4.000000,3.000000,0.000000,0.000000,4.000000,3.000000,82.736842,130.125000,75.050297,73.882680,3.000000
2026-06-24T22:44:18.197184212Z,1000,per_hit,raw_percent_of_host,api-node1,api-node2,21,15,36,34.313725,10.101010,34.313725,20.202020,100.000000,50.000000,3.000000,5.000000,0.000000,0.000000,3.000000,5.000000,112.136364,101.230769,70.034817,68.940786,3.000000
2026-06-24T22:44:19.197183332Z,1000,per_hit,raw_percent_of_host,api-node1,api-node2,24,13,37,38.834951,0.000000,38.834951,0.000000,100.000000,50.000000,5.000000,4.000000,0.000000,0.000000,5.000000,4.000000,89.363636,128.642857,77.586104,58.026137,3.000000
2026-06-24T22:44:20.197182952Z,1000,per_hit,raw_percent_of_host,api-node1,api-node2,20,18,38,39.215686,10.000000,39.215686,20.000000,100.000000,50.000000,4.000000,9.000000,0.000000,0.000000,4.000000,9.000000,85.714286,107.230769,74.572567,70.624595,3.000000
2026-06-24T22:44:21.197183771Z,1000,per_hit,raw_percent_of_host,api-node1,api-node2,19,20,39,27.000000,16.304348,27.000000,32.608696,100.000000,50.000000,7.000000,6.000000,0.000000,0.000000,7.000000,6.000000,67.437500,154.086957,81.695852,67.081288,3.000000
2026-06-24T22:44:22.197182722Z,1000,per_hit,raw_percent_of_host,api-node1,api-node2,20,20,40,28.431373,19.148936,28.431373,38.297872,100.000000,50.000000,8.000000,4.000000,0.000000,0.000000,8.000000,4.000000,82.157895,137.818182,75.605553,60.312983,3.000000
2026-06-24T22:44:23.197183786Z,1000,per_hit,raw_percent_of_host,api-node1,api-node2,16,25,41,31.730769,14.150943,31.730769,28.301887,100.000000,50.000000,5.000000,9.000000,0.000000,0.000000,5.000000,9.000000,87.631579,145.150000,73.246408,58.229362,3.000000
2026-06-24T22:44:24.197188932Z,1000,per_hit,raw_percent_of_host,api-node1,api-node2,29,13,42,39.805825,0.000000,39.805825,0.000000,100.000000,50.000000,5.000000,7.000000,0.000000,0.000000,5.000000,7.000000,108.724138,151.733333,74.255194,54.300238,3.000000
2026-06-24T22:44:25.197182914Z,1000,per_hit,raw_percent_of_host,api-node1,api-node2,29,14,43,34.313725,14.141414,34.313725,28.282828,100.000000,50.000000,12.000000,3.000000,0.000000,0.000000,12.000000,3.000000,95.590909,124.944444,75.130748,57.790818,3.000000
2026-06-24T22:44:26.197183638Z,1000,per_hit,raw_percent_of_host,api-node1,api-node2,29,15,44,39.215686,5.050505,39.215686,10.101010,100.000000,50.000000,11.000000,5.000000,0.000000,0.000000,11.000000,5.000000,92.733333,129.384615,80.460274,62.625426,3.000000
2026-06-24T22:44:27.197183343Z,1000,per_hit,raw_percent_of_host,api-node1,api-node2,23,18,41,29.807692,17.757009,29.807692,35.514019,100.000000,50.000000,8.000000,4.000000,0.000000,0.000000,8.000000,4.000000,106.038462,116.263158,70.148024,64.415231,3.000000
2026-06-24T22:44:28.197183475Z,1000,per_hit,raw_percent_of_host,api-node1,api-node2,24,24,48,31.958763,25.252525,31.958763,50.505051,100.000000,50.000000,7.000000,10.000000,0.000000,0.000000,7.000000,10.000000,100.880000,133.166667,74.942384,60.120139,3.000000
2026-06-24T22:44:29.197183013Z,1000,per_hit,raw_percent_of_host,api-node1,api-node2,26,20,46,29.411765,20.652174,29.411765,41.304348,100.000000,50.000000,7.000000,9.000000,0.000000,0.000000,7.000000,9.000000,106.538462,167.428571,68.763387,57.646864,3.000000
2026-06-24T22:44:30.197183129Z,1000,per_hit,raw_percent_of_host,api-node1,api-node2,21,25,46,29.807692,20.879121,29.807692,41.758242,100.000000,50.000000,7.000000,10.000000,0.000000,0.000000,7.000000,10.000000,93.000000,174.208333,74.136428,61.516073,3.000000
2026-06-24T22:44:31.197182975Z,1000,per_hit,raw_percent_of_host,api-node1,api-node2,28,19,47,31.250000,14.000000,31.250000,28.000000,100.000000,50.000000,12.000000,12.000000,0.000000,0.000000,12.000000,12.000000,123.304348,164.647059,77.820710,53.685049,3.000000
2026-06-24T22:44:32.197183152Z,1000,per_hit,raw_percent_of_host,api-node1,api-node2,31,17,48,39.215686,0.990099,39.215686,1.980198,100.000000,50.000000,9.000000,6.000000,0.000000,0.000000,9.000000,6.000000,117.176471,178.521739,68.626333,48.369870,3.000000
2026-06-24T22:44:33.197182941Z,1000,per_hit,raw_percent_of_host,api-node1,api-node2,27,21,48,34.951456,13.131313,34.951456,26.262626,100.000000,50.000000,6.000000,9.000000,0.000000,0.000000,6.000000,9.000000,114.600000,128.555556,67.309595,62.910678,3.000000
2026-06-24T22:44:34.197182958Z,1000,per_hit,raw_percent_of_host,api-node1,api-node2,27,23,50,31.428571,23.913043,31.428571,47.826087,100.000000,50.000000,11.000000,6.000000,0.000000,0.000000,11.000000,6.000000,91.045455,201.730769,64.845402,64.566625,3.000000
2026-06-24T22:44:35.197183507Z,1000,per_hit,raw_percent_of_host,api-node1,api-node2,25,25,50,25.242718,14.000000,25.242718,28.000000,100.000000,50.000000,10.000000,7.000000,0.000000,0.000000,10.000000,7.000000,110.384615,157.375000,74.456269,66.120003,3.000000
2026-06-24T22:44:36.197183284Z,1000,per_hit,raw_percent_of_host,api-node1,api-node2,25,21,46,39.805825,11.009174,39.805825,22.018349,100.000000,50.000000,8.000000,9.000000,0.000000,0.000000,8.000000,9.000000,102.481481,147.315789,80.238042,55.229253,3.000000
2026-06-24T22:44:37.197192363Z,1000,per_hit,raw_percent_of_host,api-node1,api-node2,24,22,46,36.792453,10.101010,36.792453,20.202020,100.000000,50.000000,4.000000,5.000000,0.000000,0.000000,4.000000,5.000000,101.714286,211.000000,79.821365,56.857422,3.000000
2026-06-24T22:44:38.19718338Z,1000,per_hit,raw_percent_of_host,api-node1,api-node2,31,23,54,30.769231,16.483516,30.769231,32.967033,100.000000,50.000000,5.000000,7.000000,0.000000,0.000000,5.000000,7.000000,123.500000,136.904762,72.016156,66.136946,3.000000
2026-06-24T22:44:39.197186813Z,1000,per_hit,raw_percent_of_host,api-node1,api-node2,28,24,52,39.805825,8.602151,39.805825,17.204301,100.000000,50.000000,5.000000,11.000000,0.000000,0.000000,5.000000,11.000000,117.535714,125.000000,69.714585,66.303165,3.000000
2026-06-24T22:44:40.197184039Z,1000,per_hit,raw_percent_of_host,api-node1,api-node2,25,25,50,40.000000,13.978495,40.000000,27.956989,100.000000,50.000000,5.000000,10.000000,0.000000,0.000000,5.000000,10.000000,102.240000,187.461538,64.921822,68.767630,3.000000
2026-06-24T22:44:41.197183165Z,1000,per_hit,raw_percent_of_host,api-node1,api-node2,23,27,50,39.603960,15.217391,39.603960,30.434783,100.000000,50.000000,5.000000,9.000000,0.000000,0.000000,5.000000,9.000000,81.652174,235.928571,72.431571,62.196384,3.000000
2026-06-24T22:44:42.197182688Z,1000,per_hit,raw_percent_of_host,api-node1,api-node2,26,22,48,39.215686,10.869565,39.215686,21.739130,100.000000,50.000000,5.000000,9.000000,0.000000,0.000000,5.000000,9.000000,112.307692,143.954545,74.160701,62.788075,3.000000
2026-06-24T22:44:43.197182968Z,1000,per_hit,raw_percent_of_host,api-node1,api-node2,30,20,50,36.190476,17.000000,36.190476,34.000000,100.000000,50.000000,8.000000,7.000000,0.000000,0.000000,8.000000,7.000000,96.730769,198.636364,64.039257,61.076217,3.000000
2026-06-24T22:44:44.197184002Z,1000,per_hit,raw_percent_of_host,api-node1,api-node2,27,21,48,19.417476,18.000000,19.417476,36.000000,100.000000,50.000000,14.000000,4.000000,0.000000,0.000000,14.000000,4.000000,120.142857,165.750000,67.524913,55.686051,3.000000
2026-06-24T22:44:45.197183075Z,1000,per_hit,raw_percent_of_host,api-node1,api-node2,24,24,48,29.411765,17.924528,29.411765,35.849057,100.000000,50.000000,5.000000,8.000000,0.000000,0.000000,5.000000,8.000000,127.272727,145.050000,72.861554,64.159762,3.000000
2026-06-24T22:44:46.197183304Z,1000,per_hit,raw_percent_of_host,api-node1,api-node2,21,26,47,31.958763,14.851485,31.958763,29.702970,100.000000,50.000000,6.000000,15.000000,0.000000,0.000000,6.000000,15.000000,106.800000,142.789474,77.859905,60.529154,3.000000
2026-06-24T22:44:47.197183246Z,1000,per_hit,raw_percent_of_host,api-node1,api-node2,25,21,46,40.196078,10.869565,40.196078,21.739130,100.000000,50.000000,7.000000,5.000000,0.000000,0.000000,7.000000,5.000000,91.000000,201.774194,77.252364,55.362120,3.000000
2026-06-24T22:44:48.197182677Z,1000,per_hit,raw_percent_of_host,api-node1,api-node2,30,15,45,39.805825,9.259259,39.805825,18.518519,100.000000,50.000000,4.000000,7.000000,0.000000,0.000000,4.000000,7.000000,113.441176,117.461538,74.127590,66.714425,3.000000
2026-06-24T22:44:49.197183293Z,1000,per_hit,raw_percent_of_host,api-node1,api-node2,23,22,45,38.834951,3.260870,38.834951,6.521739,100.000000,50.000000,3.000000,10.000000,0.000000,0.000000,3.000000,10.000000,100.000000,166.526316,64.423013,55.011872,3.000000
2026-06-24T22:44:50.197183171Z,1000,per_hit,raw_percent_of_host,api-node1,api-node2,22,21,43,34.313725,15.841584,34.313725,31.683168,100.000000,50.000000,6.000000,7.000000,0.000000,0.000000,6.000000,7.000000,112.473684,171.041667,68.883455,68.600584,3.000000
2026-06-24T22:44:51.197183722Z,1000,per_hit,raw_percent_of_host,api-node1,api-node2,25,17,42,34.313725,18.681319,34.313725,37.362637,100.000000,50.000000,6.000000,5.000000,0.000000,0.000000,6.000000,5.000000,116.000000,143.578947,73.896027,67.647209,3.000000
2026-06-24T22:44:52.197183393Z,1000,per_hit,raw_percent_of_host,api-node1,api-node2,17,24,41,27.272727,24.074074,27.272727,48.148148,100.000000,50.000000,6.000000,10.000000,0.000000,0.000000,6.000000,10.000000,92.705882,147.789474,67.825918,58.983792,3.000000
2026-06-24T22:44:53.197183177Z,1000,per_hit,raw_percent_of_host,api-node1,api-node2,23,17,40,35.576923,13.131313,35.576923,26.262626,100.000000,50.000000,5.000000,4.000000,0.000000,0.000000,5.000000,4.000000,102.041667,182.260870,78.765329,60.135355,3.000000
2026-06-24T22:44:54.197184021Z,1000,per_hit,raw_percent_of_host,api-node1,api-node2,21,19,40,34.951456,12.903226,34.951456,25.806452,100.000000,50.000000,3.000000,6.000000,0.000000,0.000000,3.000000,6.000000,94.478261,143.058824,74.485972,66.095356,3.000000
2026-06-24T22:44:55.197182757Z,1000,per_hit,raw_percent_of_host,api-node1,api-node2,16,22,38,26.923077,20.000000,26.923077,40.000000,100.000000,50.000000,5.000000,4.000000,0.000000,0.000000,5.000000,4.000000,65.642857,141.583333,76.335425,62.461665,3.000000
2026-06-24T22:44:56.19718292Z,1000,per_hit,raw_percent_of_host,api-node1,api-node2,19,17,36,35.576923,13.000000,35.576923,26.000000,100.000000,50.000000,3.000000,3.000000,0.000000,0.000000,3.000000,3.000000,71.952381,111.888889,80.977983,73.317234,3.000000
2026-06-24T22:44:57.197183167Z,1000,per_hit,raw_percent_of_host,api-node1,api-node2,17,19,36,40.952381,10.185185,40.952381,20.370370,100.000000,50.000000,0.000000,7.000000,0.000000,0.000000,0.000000,7.000000,83.550000,131.400000,75.331609,69.119725,3.000000
2026-06-24T22:44:58.197183377Z,1000,per_hit,raw_percent_of_host,api-node1,api-node2,19,16,35,39.215686,7.608696,39.215686,15.217391,100.000000,50.000000,0.000000,6.000000,0.000000,0.000000,0.000000,6.000000,90.842105,142.352941,71.420495,67.872200,3.000000
2026-06-24T22:44:59.197182625Z,1000,per_hit,raw_percent_of_host,api-node1,api-node2,20,14,34,40.384615,8.080808,40.384615,16.161616,100.000000,50.000000,2.000000,3.000000,0.000000,0.000000,2.000000,3.000000,59.166667,137.647059,79.486442,65.673459,3.000000
2026-06-24T22:45:00.197183407Z,1000,per_hit,raw_percent_of_host,api-node1,api-node2,17,18,35,34.951456,15.151515,34.951456,30.303030,100.000000,50.000000,2.000000,3.000000,0.000000,0.000000,2.000000,3.000000,80.941176,139.555556,80.479624,64.149721,3.000000
2026-06-24T22:45:01.197183307Z,1000,per_hit,raw_percent_of_host,api-node1,api-node2,18,15,33,30.476190,17.171717,30.476190,34.343434,100.000000,50.000000,2.000000,4.000000,0.000000,0.000000,2.000000,4.000000,73.666667,105.357143,81.215815,70.084524,3.000000
2026-06-24T22:45:02.197183483Z,1000,per_hit,raw_percent_of_host,api-node1,api-node2,15,17,32,34.951456,11.000000,34.951456,22.000000,100.000000,50.000000,1.000000,5.000000,0.000000,0.000000,1.000000,5.000000,68.250000,112.437500,81.234406,71.650925,3.000000
2026-06-24T22:45:03.197183537Z,1000,per_hit,raw_percent_of_host,api-node1,api-node2,16,16,32,19.387755,27.102804,19.387755,54.205607,100.000000,50.000000,2.000000,7.000000,0.000000,0.000000,2.000000,7.000000,60.666667,130.000000,82.054788,64.401655,3.000000
2026-06-24T22:45:04.197185843Z,1000,per_hit,raw_percent_of_host,api-node1,api-node2,22,10,32,39.215686,5.434783,39.215686,10.869565,100.000000,50.000000,2.000000,3.000000,0.000000,0.000000,2.000000,3.000000,102.000000,162.642857,73.801578,66.047579,3.000000
2026-06-24T22:45:05.197183093Z,1000,per_hit,raw_percent_of_host,api-node1,api-node2,18,13,31,35.294118,12.121212,35.294118,24.242424,100.000000,50.000000,1.000000,3.000000,0.000000,0.000000,1.000000,3.000000,85.789474,107.769231,76.145738,71.470944,3.000000
2026-06-24T22:45:06.197183392Z,1000,per_hit,raw_percent_of_host,api-node1,api-node2,16,14,30,35.576923,15.000000,35.576923,30.000000,100.000000,50.000000,1.000000,4.000000,0.000000,0.000000,1.000000,4.000000,89.125000,83.538462,75.781928,80.932269,3.000000
2026-06-24T22:45:07.197183174Z,1000,per_hit,raw_percent_of_host,api-node1,api-node2,13,17,30,30.097087,16.981132,30.097087,33.962264,100.000000,50.000000,1.000000,4.000000,0.000000,0.000000,1.000000,4.000000,63.538462,125.470588,82.097550,65.499706,3.000000
2026-06-24T22:45:08.197183875Z,1000,per_hit,raw_percent_of_host,api-node1,api-node2,18,12,30,38.834951,7.070707,38.834951,14.141414,100.000000,50.000000,1.000000,3.000000,0.000000,0.000000,1.000000,3.000000,73.500000,108.769231,77.714484,66.753373,3.000000
2026-06-24T22:45:09.1971839Z,1000,per_hit,raw_percent_of_host,api-node1,api-node2,18,12,30,34.951456,17.204301,34.951456,34.408602,100.000000,50.000000,2.000000,2.000000,0.000000,0.000000,2.000000,2.000000,80.470588,92.692308,79.427571,70.572646,3.000000
2026-06-24T22:45:10.197183216Z,1000,per_hit,raw_percent_of_host,api-node1,api-node2,15,15,30,28.000000,17.757009,28.000000,35.514019,100.000000,50.000000,3.000000,1.000000,0.000000,0.000000,3.000000,1.000000,70.428571,109.625000,82.351421,76.083765,3.000000
2026-06-24T22:45:11.197185121Z,1000,per_hit,raw_percent_of_host,api-node1,api-node2,17,13,30,35.294118,15.151515,35.294118,30.303030,100.000000,50.000000,1.000000,3.000000,0.000000,0.000000,1.000000,3.000000,95.578947,73.636364,75.202485,78.659084,3.000000
2026-06-24T22:45:12.197183756Z,1000,per_hit,raw_percent_of_host,api-node1,api-node2,12,19,31,33.000000,5.050505,33.000000,10.101010,100.000000,50.000000,0.000000,5.000000,0.000000,0.000000,0.000000,5.000000,64.538462,107.941176,76.103165,71.323926,3.000000
2026-06-24T22:45:13.197184011Z,1000,per_hit,raw_percent_of_host,api-node1,api-node2,17,14,31,34.343434,14.018692,34.343434,28.037383,100.000000,50.000000,2.000000,2.000000,0.000000,0.000000,2.000000,2.000000,59.533333,128.529412,80.328309,63.278041,3.000000
2026-06-24T22:45:14.197184232Z,1000,per_hit,raw_percent_of_host,api-node1,api-node2,19,13,32,34.313725,10.280374,34.313725,20.560748,100.000000,50.000000,1.000000,3.000000,0.000000,0.000000,1.000000,3.000000,89.650000,96.416667,78.625375,71.983110,3.000000
2026-06-24T22:45:15.197183505Z,1000,per_hit,raw_percent_of_host,api-node1,api-node2,16,16,32,25.242718,12.264151,25.242718,24.528302,100.000000,50.000000,1.000000,3.000000,0.000000,0.000000,1.000000,3.000000,74.250000,115.437500,82.187568,63.604249,3.000000
2026-06-24T22:45:16.197182712Z,1000,per_hit,raw_percent_of_host,api-node1,api-node2,13,20,33,38.613861,12.745098,38.613861,25.490196,100.000000,50.000000,1.000000,4.000000,0.000000,0.000000,1.000000,4.000000,56.461538,125.842105,79.264009,62.223945,3.000000
2026-06-24T22:45:17.197191273Z,1000,per_hit,raw_percent_of_host,api-node1,api-node2,26,8,34,40.384615,2.197802,40.384615,4.395604,100.000000,50.000000,1.000000,2.000000,0.000000,0.000000,1.000000,2.000000,84.076923,111.900000,75.847847,60.067271,3.000000
2026-06-24T22:45:18.197183372Z,1000,per_hit,raw_percent_of_host,api-node1,api-node2,13,22,35,27.000000,20.879121,27.000000,41.758242,100.000000,50.000000,1.000000,3.000000,0.000000,0.000000,1.000000,3.000000,62.615385,126.619048,82.042255,73.807451,3.000000
2026-06-24T22:45:19.19718313Z,1000,per_hit,raw_percent_of_host,api-node1,api-node2,16,20,36,39.805825,14.583333,39.805825,29.166667,100.000000,50.000000,1.000000,5.000000,0.000000,0.000000,1.000000,5.000000,67.687500,128.166667,81.718800,63.002212,3.000000
2026-06-24T22:45:20.197183257Z,1000,per_hit,raw_percent_of_host,api-node1,api-node2,24,13,37,35.576923,9.890110,35.576923,19.780220,100.000000,50.000000,1.000000,3.000000,0.000000,0.000000,1.000000,3.000000,88.875000,115.666667,77.028688,68.174463,3.000000
2026-06-24T22:45:21.19718382Z,1000,per_hit,raw_percent_of_host,api-node1,api-node2,21,17,38,24.509804,18.181818,24.509804,36.363636,100.000000,50.000000,2.000000,2.000000,0.000000,0.000000,2.000000,2.000000,100.450000,104.555556,68.385520,72.216417,3.000000
2026-06-24T22:45:22.197183307Z,1000,per_hit,raw_percent_of_host,api-node1,api-node2,19,20,39,26.213592,19.191919,26.213592,38.383838,100.000000,50.000000,2.000000,3.000000,0.000000,0.000000,2.000000,3.000000,71.157895,120.052632,75.822102,68.618321,3.000000
2026-06-24T22:45:23.197183016Z,1000,per_hit,raw_percent_of_host,api-node1,api-node2,22,18,40,39.805825,11.956522,39.805825,23.913043,100.000000,50.000000,2.000000,2.000000,0.000000,0.000000,2.000000,2.000000,72.818182,142.473684,78.888964,58.457738,3.000000
2026-06-24T22:45:24.197182641Z,1000,per_hit,raw_percent_of_host,api-node1,api-node2,18,23,41,25.242718,17.171717,25.242718,34.343434,100.000000,50.000000,1.000000,7.000000,0.000000,0.000000,1.000000,7.000000,85.736842,127.833333,74.279203,58.414487,3.000000
2026-06-24T22:45:25.19718521Z,1000,per_hit,raw_percent_of_host,api-node1,api-node2,21,21,42,34.951456,16.483516,34.951456,32.967033,100.000000,50.000000,1.000000,5.000000,0.000000,0.000000,1.000000,5.000000,79.619048,155.869565,78.190228,59.285299,3.000000
2026-06-24T22:45:26.197184339Z,1000,per_hit,raw_percent_of_host,api-node1,api-node2,24,19,43,31.067961,20.202020,31.067961,40.404040,100.000000,50.000000,1.000000,2.000000,0.000000,0.000000,1.000000,2.000000,91.750000,139.136364,77.499089,59.552615,3.000000
2026-06-24T22:45:27.197183195Z,1000,per_hit,raw_percent_of_host,api-node1,api-node2,21,23,44,25.242718,24.752475,25.242718,49.504950,100.000000,50.000000,0.000000,3.000000,0.000000,0.000000,0.000000,3.000000,104.227273,140.090909,72.854061,72.465028,3.000000
2026-06-24T22:45:28.197183753Z,1000,per_hit,raw_percent_of_host,api-node1,api-node2,25,20,45,34.951456,20.652174,34.951456,41.304348,100.000000,50.000000,2.000000,3.000000,0.000000,0.000000,2.000000,3.000000,95.608696,133.250000,78.804814,67.372631,3.000000
2026-06-24T22:45:29.197187534Z,1000,per_hit,raw_percent_of_host,api-node1,api-node2,27,19,46,34.951456,15.384615,34.951456,30.769231,100.000000,50.000000,2.000000,5.000000,0.000000,0.000000,2.000000,5.000000,111.555556,105.411765,75.802750,63.845842,3.000000
2026-06-24T22:45:30.197184006Z,1000,per_hit,raw_percent_of_host,api-node1,api-node2,27,20,47,25.242718,24.242424,25.242718,48.484848,100.000000,50.000000,1.000000,4.000000,0.000000,0.000000,1.000000,4.000000,128.500000,123.571429,70.485012,62.459335,3.000000
2026-06-24T22:45:31.197183097Z,1000,per_hit,raw_percent_of_host,api-node1,api-node2,26,21,47,30.097087,22.826087,30.097087,45.652174,100.000000,50.000000,1.000000,3.000000,0.000000,0.000000,1.000000,3.000000,98.423077,148.272727,72.522827,62.229007,3.000000
2026-06-24T22:45:32.197184014Z,1000,per_hit,raw_percent_of_host,api-node1,api-node2,20,28,48,29.411765,24.752475,29.411765,49.504950,100.000000,50.000000,2.000000,3.000000,0.000000,0.000000,2.000000,3.000000,77.263158,177.785714,68.250577,68.631015,3.000000
2026-06-24T22:45:33.197182861Z,1000,per_hit,raw_percent_of_host,api-node1,api-node2,25,24,49,29.411765,26.923077,29.411765,53.846154,100.000000,50.000000,1.000000,2.000000,0.000000,0.000000,1.000000,2.000000,104.115385,174.840000,74.614392,55.568390,3.000000
2026-06-24T22:45:34.197183053Z,1000,per_hit,raw_percent_of_host,api-node1,api-node2,24,25,49,23.000000,23.232323,23.000000,46.464646,100.000000,50.000000,2.000000,2.000000,0.000000,0.000000,2.000000,2.000000,123.434783,129.200000,74.420576,71.308199,3.000000
2026-06-24T22:45:35.19718357Z,1000,per_hit,raw_percent_of_host,api-node1,api-node2,23,26,49,24.489796,25.000000,24.489796,50.000000,100.000000,50.000000,3.000000,3.000000,0.000000,0.000000,3.000000,3.000000,96.909091,125.560000,74.562571,54.613510,3.000000
2026-06-24T22:45:36.197187295Z,1000,per_hit,raw_percent_of_host,api-node1,api-node2,29,21,50,34.951456,22.580645,34.951456,45.161290,100.000000,50.000000,2.000000,2.000000,0.000000,0.000000,2.000000,2.000000,89.066667,199.227273,78.655772,55.319254,3.000000
2026-06-24T22:45:37.197182693Z,1000,per_hit,raw_percent_of_host,api-node1,api-node2,26,24,50,35.000000,25.000000,35.000000,50.000000,100.000000,50.000000,3.000000,2.000000,0.000000,0.000000,3.000000,2.000000,88.480000,153.791667,77.602057,68.489330,3.000000
2026-06-24T22:45:38.197187618Z,1000,per_hit,raw_percent_of_host,api-node1,api-node2,32,18,50,35.353535,11.827957,35.353535,23.655914,100.000000,50.000000,2.000000,1.000000,0.000000,0.000000,2.000000,1.000000,103.484848,134.105263,80.125826,54.622847,3.000000
2026-06-24T22:45:39.197184463Z,1000,per_hit,raw_percent_of_host,api-node1,api-node2,29,21,50,35.576923,21.000000,35.576923,42.000000,100.000000,50.000000,2.000000,2.000000,0.000000,0.000000,2.000000,2.000000,103.000000,122.550000,73.755426,71.050325,3.000000
2026-06-24T22:45:40.197183071Z,1000,per_hit,raw_percent_of_host,api-node1,api-node2,32,18,50,40.384615,11.827957,40.384615,23.655914,100.000000,50.000000,2.000000,1.000000,0.000000,0.000000,2.000000,1.000000,106.156250,142.052632,79.169425,55.532886,3.000000
2026-06-24T22:45:41.1971835Z,1000,per_hit,raw_percent_of_host,api-node1,api-node2,29,21,50,37.000000,18.478261,37.000000,36.956522,100.000000,50.000000,2.000000,2.000000,0.000000,0.000000,2.000000,2.000000,99.827586,143.150000,76.571606,67.801455,3.000000
2026-06-24T22:45:42.197182611Z,1000,per_hit,raw_percent_of_host,api-node1,api-node2,20,29,49,17.647059,24.000000,17.647059,48.000000,100.000000,50.000000,2.000000,4.000000,0.000000,0.000000,2.000000,4.000000,100.050000,148.037037,70.266077,55.773696,3.000000
2026-06-24T22:45:43.197182656Z,1000,per_hit,raw_percent_of_host,api-node1,api-node2,28,21,49,35.000000,20.408163,35.000000,40.816327,100.000000,50.000000,1.000000,2.000000,0.000000,0.000000,1.000000,2.000000,105.068966,125.086957,80.872926,56.825471,3.000000
2026-06-24T22:45:44.197184216Z,1000,per_hit,raw_percent_of_host,api-node1,api-node2,26,22,48,40.952381,14.130435,40.952381,28.260870,100.000000,50.000000,2.000000,4.000000,0.000000,0.000000,2.000000,4.000000,86.280000,136.150000,81.140246,67.812106,3.000000
2026-06-24T22:45:45.197183668Z,1000,per_hit,raw_percent_of_host,api-node1,api-node2,24,24,48,32.352941,18.181818,32.352941,36.363636,100.000000,50.000000,2.000000,2.000000,0.000000,0.000000,2.000000,2.000000,83.166667,192.923077,80.976051,56.710320,3.000000
2026-06-24T22:45:46.197182701Z,1000,per_hit,raw_percent_of_host,api-node1,api-node2,23,25,48,29.126214,25.000000,29.126214,50.000000,100.000000,50.000000,0.000000,3.000000,0.000000,0.000000,0.000000,3.000000,102.000000,155.833333,60.565886,71.133665,3.000000
2026-06-24T22:45:47.197183645Z,1000,per_hit,raw_percent_of_host,api-node1,api-node2,23,23,46,36.734694,20.879121,36.734694,41.758242,100.000000,50.000000,2.000000,5.000000,0.000000,0.000000,2.000000,5.000000,77.333333,146.571429,76.473983,65.806333,3.000000
2026-06-24T22:45:48.197184396Z,1000,per_hit,raw_percent_of_host,api-node1,api-node2,25,21,46,34.615385,21.782178,34.615385,43.564356,100.000000,50.000000,2.000000,1.000000,0.000000,0.000000,2.000000,1.000000,80.120000,166.480000,79.820969,52.039773,3.000000
2026-06-24T22:45:49.197184824Z,1000,per_hit,raw_percent_of_host,api-node1,api-node2,27,18,45,34.951456,20.430108,34.951456,40.860215,100.000000,50.000000,1.000000,3.000000,0.000000,0.000000,1.000000,3.000000,110.392857,99.750000,75.080300,77.862169,3.000000
2026-06-24T22:45:50.197183721Z,1000,per_hit,raw_percent_of_host,api-node1,api-node2,28,16,44,40.384615,17.204301,40.384615,34.408602,100.000000,50.000000,3.000000,0.000000,0.000000,0.000000,3.000000,0.000000,77.846154,127.789474,78.347523,73.424042,3.000000
2026-06-24T22:45:51.197183082Z,1000,per_hit,raw_percent_of_host,api-node1,api-node2,18,24,42,29.411765,27.272727,29.411765,54.545455,100.000000,50.000000,3.000000,2.000000,0.000000,0.000000,3.000000,2.000000,98.444444,148.954545,71.845356,70.137131,3.000000
2026-06-24T22:45:52.197182831Z,1000,per_hit,raw_percent_of_host,api-node1,api-node2,23,19,42,29.807692,23.469388,29.807692,46.938776,100.000000,50.000000,1.000000,2.000000,0.000000,0.000000,1.000000,2.000000,87.640000,88.000000,74.616581,72.659131,3.000000
2026-06-24T22:45:53.197183233Z,1000,per_hit,raw_percent_of_host,api-node1,api-node2,21,20,41,40.000000,12.903226,40.000000,25.806452,100.000000,50.000000,1.000000,4.000000,0.000000,0.000000,1.000000,4.000000,73.380952,102.777778,81.389486,66.511438,3.000000
2026-06-24T22:45:54.197183438Z,1000,per_hit,raw_percent_of_host,api-node1,api-node2,24,16,40,34.653465,1.075269,34.653465,2.150538,100.000000,50.000000,2.000000,3.000000,0.000000,0.000000,2.000000,3.000000,77.956522,130.176471,80.060628,56.268809,3.000000
2026-06-24T22:45:55.197182445Z,1000,per_hit,raw_percent_of_host,api-node1,api-node2,19,20,39,30.769231,11.000000,30.769231,22.000000,100.000000,50.000000,2.000000,1.000000,0.000000,0.000000,2.000000,1.000000,60.000000,134.454545,82.784845,67.871765,3.000000
2026-06-24T22:45:56.197182798Z,1000,per_hit,raw_percent_of_host,api-node1,api-node2,23,15,38,34.313725,10.989011,34.313725,21.978022,100.000000,50.000000,1.000000,3.000000,0.000000,0.000000,1.000000,3.000000,89.041667,78.769231,74.209053,71.607404,3.000000
2026-06-24T22:45:57.197182637Z,1000,per_hit,raw_percent_of_host,api-node1,api-node2,14,23,37,29.702970,13.265306,29.702970,26.530612,100.000000,50.000000,1.000000,6.000000,0.000000,0.000000,1.000000,6.000000,64.142857,129.400000,82.061869,64.901255,3.000000
2026-06-24T22:45:58.197183366Z,1000,per_hit,raw_percent_of_host,api-node1,api-node2,20,16,36,35.353535,13.000000,35.353535,26.000000,100.000000,50.000000,2.000000,4.000000,0.000000,0.000000,2.000000,4.000000,76.526316,134.055556,75.819607,61.602421,3.000000
2026-06-24T22:45:59.197183303Z,1000,per_hit,raw_percent_of_host,api-node1,api-node2,20,15,35,30.769231,15.000000,30.769231,30.000000,100.000000,50.000000,3.000000,1.000000,0.000000,0.000000,3.000000,1.000000,75.421053,120.000000,77.145383,64.544130,3.000000
2026-06-24T22:46:00.197183258Z,1000,per_hit,raw_percent_of_host,api-node1,api-node2,19,14,33,25.000000,17.757009,25.000000,35.514019,100.000000,50.000000,1.000000,2.000000,0.000000,0.000000,1.000000,2.000000,107.714286,76.615385,69.823566,75.556369,3.000000
2026-06-24T22:46:01.19718292Z,1000,per_hit,raw_percent_of_host,api-node1,api-node2,16,17,33,36.190476,15.053763,36.190476,30.107527,100.000000,50.000000,1.000000,3.000000,0.000000,0.000000,1.000000,3.000000,69.125000,87.625000,75.548949,74.559111,3.000000
2026-06-24T22:46:02.197183685Z,1000,per_hit,raw_percent_of_host,api-node1,api-node2,17,16,33,39.805825,8.695652,39.805825,17.391304,100.000000,50.000000,1.000000,3.000000,0.000000,0.000000,1.000000,3.000000,78.411765,95.875000,81.292592,71.629259,3.000000
2026-06-24T22:46:03.197184383Z,1000,per_hit,raw_percent_of_host,api-node1,api-node2,17,15,32,31.428571,20.652174,31.428571,41.304348,100.000000,50.000000,1.000000,2.000000,0.000000,0.000000,1.000000,2.000000,73.529412,84.750000,81.277335,75.590065,3.000000
2026-06-24T22:46:04.197183941Z,1000,per_hit,raw_percent_of_host,api-node1,api-node2,14,17,31,33.980583,12.264151,33.980583,24.528302,100.000000,50.000000,0.000000,4.000000,0.000000,0.000000,0.000000,4.000000,58.133333,100.000000,81.927332,70.053059,3.000000
2026-06-24T22:46:05.197183107Z,1000,per_hit,raw_percent_of_host,api-node1,api-node2,20,11,31,34.951456,11.000000,34.951456,22.000000,100.000000,50.000000,3.000000,1.000000,0.000000,0.000000,3.000000,1.000000,73.176471,106.571429,78.608866,70.821404,3.000000
2026-06-24T22:46:06.1971832Z,1000,per_hit,raw_percent_of_host,api-node1,api-node2,16,14,30,28.000000,16.000000,28.000000,32.000000,100.000000,50.000000,1.000000,2.000000,0.000000,0.000000,1.000000,2.000000,71.500000,106.384615,81.900129,69.126236,3.000000
2026-06-24T22:46:07.197182596Z,1000,per_hit,raw_percent_of_host,api-node1,api-node2,21,9,30,29.411765,18.000000,29.411765,36.000000,100.000000,50.000000,3.000000,0.000000,0.000000,0.000000,3.000000,0.000000,93.210526,55.818182,75.987938,82.684566,3.000000
2026-06-24T22:46:08.197183872Z,1000,per_hit,raw_percent_of_host,api-node1,api-node2,12,18,30,25.714286,15.454545,25.714286,30.909091,100.000000,50.000000,1.000000,2.000000,0.000000,0.000000,1.000000,2.000000,62.571429,103.750000,80.487759,74.210060,3.000000
2026-06-24T22:46:09.197183499Z,1000,per_hit,raw_percent_of_host,api-node1,api-node2,19,11,30,29.411765,17.757009,29.411765,35.514019,100.000000,50.000000,3.000000,1.000000,0.000000,0.000000,3.000000,1.000000,72.647059,84.000000,81.992054,75.646503,3.000000
2026-06-24T22:46:10.197182595Z,1000,per_hit,raw_percent_of_host,api-node1,api-node2,17,13,30,35.294118,14.953271,35.294118,29.906542,100.000000,50.000000,1.000000,2.000000,0.000000,0.000000,1.000000,2.000000,66.578947,76.250000,82.484073,75.424907,3.000000
2026-06-24T22:46:11.197183516Z,1000,per_hit,raw_percent_of_host,api-node1,api-node2,16,14,30,38.000000,8.910891,38.000000,17.821782,100.000000,50.000000,1.000000,2.000000,0.000000,0.000000,1.000000,2.000000,60.625000,79.928571,82.877573,81.403956,3.000000
2026-06-24T22:46:12.197183636Z,1000,per_hit,raw_percent_of_host,api-node1,api-node2,18,13,31,34.313725,13.131313,34.313725,26.262626,100.000000,50.000000,0.000000,4.000000,0.000000,0.000000,0.000000,4.000000,79.684211,82.000000,77.829584,76.174554,3.000000
2026-06-24T22:46:13.197183229Z,1000,per_hit,raw_percent_of_host,api-node1,api-node2,15,16,31,30.769231,14.141414,30.769231,28.282828,100.000000,50.000000,1.000000,3.000000,0.000000,0.000000,1.000000,3.000000,75.642857,112.176471,77.148851,72.439959,3.000000
2026-06-24T22:46:14.197184256Z,1000,per_hit,raw_percent_of_host,api-node1,api-node2,15,17,32,31.000000,9.677419,31.000000,19.354839,100.000000,50.000000,2.000000,3.000000,0.000000,0.000000,2.000000,3.000000,60.571429,118.117647,82.263467,74.145753,3.000000
2026-06-24T22:46:15.197184937Z,1000,per_hit,raw_percent_of_host,api-node1,api-node2,18,14,32,39.215686,12.765957,39.215686,25.531915,100.000000,50.000000,1.000000,3.000000,0.000000,0.000000,1.000000,3.000000,63.263158,119.071429,79.702755,67.902694,3.000000
2026-06-24T22:46:16.197183787Z,1000,per_hit,raw_percent_of_host,api-node1,api-node2,16,17,33,34.343434,19.191919,34.343434,38.383838,100.000000,50.000000,2.000000,2.000000,0.000000,0.000000,2.000000,2.000000,60.333333,115.944444,82.623759,67.662574,3.000000
2026-06-24T22:46:17.197183131Z,1000,per_hit,raw_percent_of_host,api-node1,api-node2,23,11,34,34.951456,19.191919,34.951456,38.383838,100.000000,50.000000,2.000000,2.000000,0.000000,0.000000,2.000000,2.000000,77.608696,78.818182,77.300561,77.393447,3.000000
2026-06-24T22:46:18.19718323Z,1000,per_hit,raw_percent_of_host,api-node1,api-node2,19,16,35,29.126214,22.826087,29.126214,45.652174,100.000000,50.000000,0.000000,4.000000,0.000000,0.000000,0.000000,4.000000,89.714286,87.428571,76.828383,77.668058,3.000000
2026-06-24T22:46:19.197183724Z,1000,per_hit,raw_percent_of_host,api-node1,api-node2,24,12,36,39.805825,7.692308,39.805825,15.384615,100.000000,50.000000,2.000000,3.000000,0.000000,0.000000,2.000000,3.000000,67.636364,118.461538,79.572768,58.738934,3.000000
2026-06-24T22:46:20.197183893Z,1000,per_hit,raw_percent_of_host,api-node1,api-node2,21,16,37,34.313725,24.000000,34.313725,48.000000,100.000000,50.000000,1.000000,3.000000,0.000000,0.000000,1.000000,3.000000,73.045455,89.812500,79.292491,77.032996,3.000000
2026-06-24T22:46:21.197183011Z,1000,per_hit,raw_percent_of_host,api-node1,api-node2,18,20,38,33.980583,24.000000,33.980583,48.000000,100.000000,50.000000,2.000000,3.000000,0.000000,0.000000,2.000000,3.000000,72.647059,117.350000,80.038937,65.311006,3.000000
2026-06-24T22:46:22.197182837Z,1000,per_hit,raw_percent_of_host,api-node1,api-node2,25,14,39,39.805825,17.171717,39.805825,34.343434,100.000000,50.000000,1.000000,3.000000,0.000000,0.000000,1.000000,3.000000,82.115385,115.071429,76.537669,63.420021,3.000000
2026-06-24T22:46:23.197184727Z,1000,per_hit,raw_percent_of_host,api-node1,api-node2,25,15,40,35.353535,24.000000,35.353535,48.000000,100.000000,50.000000,2.000000,3.000000,0.000000,0.000000,2.000000,3.000000,78.541667,90.666667,75.652890,64.156576,3.000000
2026-06-24T22:46:24.197183511Z,1000,per_hit,raw_percent_of_host,api-node1,api-node2,22,19,41,35.353535,20.430108,35.353535,40.860215,100.000000,50.000000,0.000000,4.000000,0.000000,0.000000,0.000000,4.000000,88.416667,101.888889,76.793644,63.458180,3.000000
2026-06-24T22:46:25.197183473Z,1000,per_hit,raw_percent_of_host,api-node1,api-node2,19,23,42,20.618557,24.000000,20.618557,48.000000,100.000000,50.000000,3.000000,3.000000,0.000000,0.000000,3.000000,3.000000,76.687500,131.166667,82.066906,61.610820,3.000000
2026-06-24T22:46:26.197182906Z,1000,per_hit,raw_percent_of_host,api-node1,api-node2,21,22,43,28.000000,24.299065,28.000000,48.598131,100.000000,50.000000,2.000000,2.000000,0.000000,0.000000,2.000000,2.000000,75.090909,138.347826,72.774922,59.695780,3.000000
2026-06-24T22:46:27.197184367Z,1000,per_hit,raw_percent_of_host,api-node1,api-node2,27,17,44,34.951456,22.222222,34.951456,44.444444,100.000000,50.000000,2.000000,1.000000,0.000000,0.000000,2.000000,1.000000,65.074074,87.222222,80.089901,74.973446,3.000000
2026-06-24T22:46:28.19718678Z,1000,per_hit,raw_percent_of_host,api-node1,api-node2,24,21,45,39.215686,23.232323,39.215686,46.464646,100.000000,50.000000,1.000000,2.000000,0.000000,0.000000,1.000000,2.000000,65.880000,122.550000,80.152723,73.199879,3.000000
2026-06-24T22:46:29.197183038Z,1000,per_hit,raw_percent_of_host,api-node1,api-node2,25,21,46,37.500000,22.000000,37.500000,44.000000,100.000000,50.000000,1.000000,3.000000,0.000000,0.000000,1.000000,3.000000,73.440000,115.150000,79.081583,73.102180,3.000000
2026-06-24T22:46:30.1971842Z,1000,per_hit,raw_percent_of_host,api-node1,api-node2,30,17,47,34.375000,19.626168,34.375000,39.252336,100.000000,50.000000,5.000000,0.000000,0.000000,0.000000,5.000000,0.000000,78.769231,107.550000,77.831943,59.576918,3.000000
2026-06-24T22:46:31.197183121Z,1000,per_hit,raw_percent_of_host,api-node1,api-node2,27,20,47,40.404040,23.762376,40.404040,47.524752,100.000000,50.000000,2.000000,4.000000,0.000000,0.000000,2.000000,4.000000,79.933333,115.375000,79.274472,58.860265,3.000000
2026-06-24T22:46:32.197184025Z,1000,per_hit,raw_percent_of_host,api-node1,api-node2,28,20,48,32.291667,21.739130,32.291667,43.478261,100.000000,50.000000,1.000000,2.000000,0.000000,0.000000,1.000000,2.000000,86.620690,115.090909,80.526486,61.405944,3.000000
2026-06-24T22:46:33.197183653Z,1000,per_hit,raw_percent_of_host,api-node1,api-node2,28,21,49,40.625000,23.364486,40.625000,46.728972,100.000000,50.000000,4.000000,1.000000,0.000000,0.000000,4.000000,1.000000,79.040000,140.272727,79.139642,67.075165,3.000000
2026-06-24T22:46:34.197183149Z,1000,per_hit,raw_percent_of_host,api-node1,api-node2,28,21,49,41.000000,20.000000,41.000000,40.000000,100.000000,50.000000,2.000000,1.000000,0.000000,0.000000,2.000000,1.000000,75.866667,108.333333,80.352982,66.676486,3.000000
2026-06-24T22:46:35.197183028Z,1000,per_hit,raw_percent_of_host,api-node1,api-node2,20,29,49,37.254902,28.723404,37.254902,57.446809,100.000000,50.000000,0.000000,5.000000,0.000000,0.000000,0.000000,5.000000,72.409091,154.920000,74.424483,68.471881,3.000000
2026-06-24T22:46:36.197183284Z,1000,per_hit,raw_percent_of_host,api-node1,api-node2,32,18,50,36.000000,23.853211,36.000000,47.706422,100.000000,50.000000,2.000000,1.000000,0.000000,0.000000,2.000000,1.000000,92.866667,121.681818,80.081060,54.884725,3.000000
2026-06-24T22:46:37.197182749Z,1000,per_hit,raw_percent_of_host,api-node1,api-node2,25,25,50,35.353535,23.364486,35.353535,46.728972,100.000000,50.000000,2.000000,3.000000,0.000000,0.000000,2.000000,3.000000,91.720000,122.782609,73.867689,66.425642,3.000000
2026-06-24T22:46:38.197183287Z,1000,per_hit,raw_percent_of_host,api-node1,api-node2,33,17,50,30.000000,25.000000,30.000000,50.000000,100.000000,50.000000,1.000000,3.000000,0.000000,0.000000,1.000000,3.000000,93.558824,124.235294,73.217572,63.386343,3.000000
2026-06-24T22:46:39.197183662Z,1000,per_hit,raw_percent_of_host,api-node1,api-node2,26,24,50,32.291667,24.074074,32.291667,48.148148,100.000000,50.000000,1.000000,3.000000,0.000000,0.000000,1.000000,3.000000,83.500000,130.041667,79.195104,66.272908,3.000000
2026-06-24T22:46:40.197184136Z,1000,per_hit,raw_percent_of_host,api-node1,api-node2,35,15,50,41.000000,26.000000,41.000000,52.000000,100.000000,50.000000,5.000000,0.000000,0.000000,0.000000,5.000000,0.000000,106.258065,118.222222,71.104283,56.622077,3.000000
2026-06-24T22:46:41.197182801Z,1000,per_hit,raw_percent_of_host,api-node1,api-node2,21,29,50,24.742268,23.584906,24.742268,47.169811,100.000000,50.000000,1.000000,3.000000,0.000000,0.000000,1.000000,3.000000,89.800000,153.384615,73.883396,60.272645,3.000000
2026-06-24T22:46:42.197183355Z,1000,per_hit,raw_percent_of_host,api-node1,api-node2,30,20,50,43.434343,23.000000,43.434343,46.000000,100.000000,50.000000,0.000000,5.000000,0.000000,0.000000,0.000000,5.000000,96.387097,120.111111,79.424526,56.920932,3.000000
2026-06-24T22:46:43.197182532Z,1000,per_hit,raw_percent_of_host,api-node1,api-node2,26,23,49,29.166667,22.826087,29.166667,45.652174,100.000000,50.000000,2.000000,2.000000,0.000000,0.000000,2.000000,2.000000,73.708333,169.269231,80.168109,60.600247,3.000000
2026-06-24T22:46:44.197184528Z,1000,per_hit,raw_percent_of_host,api-node1,api-node2,27,21,48,48.039216,18.478261,48.039216,36.956522,100.000000,50.000000,0.000000,4.000000,0.000000,0.000000,0.000000,4.000000,103.517241,124.157895,79.472808,56.024421,3.000000
2026-06-24T22:46:45.19718279Z,1000,per_hit,raw_percent_of_host,api-node1,api-node2,27,21,48,42.000000,16.129032,42.000000,32.258065,100.000000,50.000000,0.000000,4.000000,0.000000,0.000000,0.000000,4.000000,76.629630,165.047619,76.921145,56.734934,3.000000
2026-06-24T22:46:46.197187685Z,1000,per_hit,raw_percent_of_host,api-node1,api-node2,25,22,47,36.000000,27.173913,36.000000,54.347826,100.000000,50.000000,0.000000,4.000000,0.000000,0.000000,0.000000,4.000000,84.120000,121.909091,76.283807,65.846058,3.000000
2026-06-24T22:46:47.197183008Z,1000,per_hit,raw_percent_of_host,api-node1,api-node2,29,18,47,32.291667,23.364486,32.291667,46.728972,100.000000,50.000000,2.000000,1.000000,0.000000,0.000000,2.000000,1.000000,86.296296,118.047619,77.701656,59.144152,3.000000
2026-06-24T22:46:48.197184376Z,1000,per_hit,raw_percent_of_host,api-node1,api-node2,22,24,46,34.313725,22.340426,34.313725,44.680851,100.000000,50.000000,2.000000,3.000000,0.000000,0.000000,2.000000,3.000000,75.909091,138.409091,76.046397,69.727376,3.000000
2026-06-24T22:46:49.197184465Z,1000,per_hit,raw_percent_of_host,api-node1,api-node2,23,21,44,34.951456,26.732673,34.951456,53.465347,100.000000,50.000000,3.000000,1.000000,0.000000,0.000000,3.000000,1.000000,61.181818,149.217391,82.136839,56.883198,3.000000
2026-06-24T22:46:50.197182709Z,1000,per_hit,raw_percent_of_host,api-node1,api-node2,25,19,44,40.000000,23.000000,40.000000,46.000000,100.000000,50.000000,2.000000,1.000000,0.000000,0.000000,2.000000,1.000000,70.961538,112.052632,80.884215,64.797667,3.000000
2026-06-24T22:46:51.197183202Z,1000,per_hit,raw_percent_of_host,api-node1,api-node2,24,19,43,39.583333,27.358491,39.583333,54.716981,100.000000,50.000000,1.000000,2.000000,0.000000,0.000000,1.000000,2.000000,75.840000,98.388889,77.513598,70.975784,3.000000
2026-06-24T22:46:52.197183619Z,1000,per_hit,raw_percent_of_host,api-node1,api-node2,23,19,42,34.951456,16.161616,34.951456,32.323232,100.000000,50.000000,1.000000,3.000000,0.000000,0.000000,1.000000,3.000000,82.391304,103.444444,74.737381,57.665676,3.000000
2026-06-24T22:46:53.197183929Z,1000,per_hit,raw_percent_of_host,api-node1,api-node2,21,20,41,25.510204,25.000000,25.510204,50.000000,100.000000,50.000000,2.000000,2.000000,0.000000,0.000000,2.000000,2.000000,71.650000,119.761905,77.104142,62.583706,3.000000
2026-06-24T22:46:54.197182791Z,1000,per_hit,raw_percent_of_host,api-node1,api-node2,23,17,40,35.416667,23.364486,35.416667,46.728972,100.000000,50.000000,3.000000,1.000000,0.000000,0.000000,3.000000,1.000000,74.181818,103.888889,76.303412,66.026542,3.000000
2026-06-24T22:46:55.197192498Z,1000,per_hit,raw_percent_of_host,api-node1,api-node2,22,17,39,37.000000,20.792079,37.000000,41.584158,100.000000,50.000000,2.000000,1.000000,0.000000,0.000000,2.000000,1.000000,69.826087,97.588235,77.411758,61.646819,3.000000
2026-06-24T22:46:56.19718329Z,1000,per_hit,raw_percent_of_host,api-node1,api-node2,21,17,38,38.383838,11.956522,38.383838,23.913043,100.000000,50.000000,2.000000,3.000000,0.000000,0.000000,2.000000,3.000000,66.714286,85.533333,80.578967,72.936559,3.000000
2026-06-24T22:46:57.197183822Z,1000,per_hit,raw_percent_of_host,api-node1,api-node2,16,20,36,30.097087,22.000000,30.097087,44.000000,100.000000,50.000000,0.000000,4.000000,0.000000,0.000000,0.000000,4.000000,74.222222,103.263158,80.378955,69.868457,3.000000
2026-06-24T22:46:58.197182972Z,1000,per_hit,raw_percent_of_host,api-node1,api-node2,20,15,35,31.132075,24.242424,31.132075,48.484848,100.000000,50.000000,2.000000,0.000000,0.000000,0.000000,2.000000,0.000000,66.500000,104.631579,81.919814,64.912159,3.000000
2026-06-24T22:46:59.197183321Z,1000,per_hit,raw_percent_of_host,api-node1,api-node2,16,18,34,34.343434,18.181818,34.343434,36.363636,100.000000,50.000000,1.000000,2.000000,0.000000,0.000000,1.000000,2.000000,63.058824,84.187500,79.572619,73.766223,3.000000
2026-06-24T22:47:00.19718323Z,1000,per_hit,raw_percent_of_host,api-node1,api-node2,13,20,33,26.000000,21.495327,26.000000,42.990654,100.000000,50.000000,0.000000,3.000000,0.000000,0.000000,0.000000,3.000000,55.357143,109.631579,82.903676,77.898969,3.000000
2026-06-24T22:47:01.197183255Z,1000,per_hit,raw_percent_of_host,api-node1,api-node2,12,21,33,22.222222,21.568627,22.222222,43.137255,100.000000,50.000000,1.000000,3.000000,0.000000,0.000000,1.000000,3.000000,56.909091,123.952381,82.854787,63.547059,3.000000
2026-06-24T22:47:02.197182677Z,1000,per_hit,raw_percent_of_host,api-node1,api-node2,18,14,32,33.000000,17.021277,33.000000,34.042553,100.000000,50.000000,1.000000,1.000000,0.000000,0.000000,1.000000,1.000000,60.166667,107.750000,80.790716,62.723438,3.000000
2026-06-24T22:47:03.197183302Z,1000,per_hit,raw_percent_of_host,api-node1,api-node2,18,14,32,35.353535,27.000000,35.353535,54.000000,100.000000,50.000000,1.000000,1.000000,0.000000,0.000000,1.000000,1.000000,62.388889,93.142857,82.626861,78.408697,3.000000
2026-06-24T22:47:04.197183253Z,1000,per_hit,raw_percent_of_host,api-node1,api-node2,18,13,31,34.000000,20.202020,34.000000,40.404040,100.000000,50.000000,1.000000,3.000000,0.000000,0.000000,1.000000,3.000000,60.222222,68.454545,81.165897,76.117457,3.000000
2026-06-24T22:47:05.19718311Z,1000,per_hit,raw_percent_of_host,api-node1,api-node2,17,14,31,32.000000,21.782178,32.000000,43.564356,100.000000,50.000000,0.000000,3.000000,0.000000,0.000000,0.000000,3.000000,62.555556,107.214286,80.254349,66.778146,3.000000
2026-06-24T22:47:06.197183437Z,1000,per_hit,raw_percent_of_host,api-node1,api-node2,18,13,31,36.000000,10.869565,36.000000,21.739130,100.000000,50.000000,0.000000,3.000000,0.000000,0.000000,0.000000,3.000000,62.333333,94.692308,82.395047,66.544388,3.000000
2026-06-24T22:47:07.197183206Z,1000,per_hit,raw_percent_of_host,api-node1,api-node2,12,18,30,20.202020,20.370370,20.202020,40.740741,100.000000,50.000000,1.000000,2.000000,0.000000,0.000000,1.000000,2.000000,54.181818,129.000000,83.033224,67.624652,3.000000
2026-06-24T22:47:08.197183803Z,1000,per_hit,raw_percent_of_host,api-node1,api-node2,14,16,30,24.000000,24.242424,24.000000,48.484848,100.000000,50.000000,2.000000,0.000000,0.000000,0.000000,2.000000,0.000000,55.923077,101.000000,81.887439,62.611020,3.000000
2026-06-24T22:47:09.197183795Z,1000,per_hit,raw_percent_of_host,api-node1,api-node2,15,15,30,30.097087,16.981132,30.097087,33.962264,100.000000,50.000000,0.000000,2.000000,0.000000,0.000000,0.000000,2.000000,57.117647,83.538462,81.900999,72.966905,3.000000
2026-06-24T22:47:10.197184723Z,1000,per_hit,raw_percent_of_host,api-node1,api-node2,13,17,30,22.222222,24.000000,22.222222,48.000000,100.000000,50.000000,1.000000,1.000000,0.000000,0.000000,1.000000,1.000000,60.083333,100.000000,83.208823,70.146205,3.000000
2026-06-24T22:47:11.197183057Z,1000,per_hit,raw_percent_of_host,api-node1,api-node2,17,13,30,30.303030,24.000000,30.303030,48.000000,100.000000,50.000000,2.000000,0.000000,0.000000,0.000000,2.000000,0.000000,58.312500,66.285714,81.139377,79.020429,3.000000
2026-06-24T22:47:12.197183868Z,1000,per_hit,raw_percent_of_host,api-node1,api-node2,15,16,31,20.000000,25.000000,20.000000,50.000000,100.000000,50.000000,2.000000,0.000000,0.000000,0.000000,2.000000,0.000000,58.800000,116.125000,82.992471,70.422310,3.000000
2026-06-24T22:47:13.197183055Z,1000,per_hit,raw_percent_of_host,api-node1,api-node2,18,13,31,34.313725,26.086957,34.313725,52.173913,100.000000,50.000000,1.000000,1.000000,0.000000,0.000000,1.000000,1.000000,62.315789,76.083333,82.007888,67.162352,3.000000
2026-06-24T22:47:14.197183706Z,1000,per_hit,raw_percent_of_host,api-node1,api-node2,14,18,32,25.252525,27.102804,25.252525,54.205607,100.000000,50.000000,1.000000,2.000000,0.000000,0.000000,1.000000,2.000000,57.642857,117.058824,82.647207,68.698172,3.000000
2026-06-24T22:47:15.197183604Z,1000,per_hit,raw_percent_of_host,api-node1,api-node2,17,16,33,33.333333,22.429907,33.333333,44.859813,100.000000,50.000000,1.000000,3.000000,0.000000,0.000000,1.000000,3.000000,59.411765,99.333333,81.399934,69.293891,3.000000
2026-06-24T22:47:16.197183598Z,1000,per_hit,raw_percent_of_host,api-node1,api-node2,21,12,33,41.237113,15.217391,41.237113,30.434783,100.000000,50.000000,1.000000,3.000000,0.000000,0.000000,1.000000,3.000000,63.238095,113.416667,81.947565,61.550583,3.000000
2026-06-24T22:47:17.197183456Z,1000,per_hit,raw_percent_of_host,api-node1,api-node2,21,13,34,36.000000,13.636364,36.000000,27.272727,100.000000,50.000000,1.000000,1.000000,0.000000,0.000000,1.000000,1.000000,61.904762,115.733333,82.015696,55.122328,3.000000
2026-06-24T22:47:18.197183601Z,1000,per_hit,raw_percent_of_host,api-node1,api-node2,21,14,35,45.833333,20.370370,45.833333,40.740741,100.000000,50.000000,2.000000,0.000000,0.000000,0.000000,2.000000,0.000000,62.200000,64.266667,81.564109,80.910525,3.000000
2026-06-24T22:47:19.19719136Z,1000,per_hit,raw_percent_of_host,api-node1,api-node2,23,13,36,44.329897,21.000000,44.329897,42.000000,100.000000,50.000000,1.000000,2.000000,0.000000,0.000000,1.000000,2.000000,68.625000,92.818182,80.071048,74.593411,3.000000
2026-06-24T22:47:20.197182618Z,1000,per_hit,raw_percent_of_host,api-node1,api-node2,22,15,37,44.329897,23.000000,44.329897,46.000000,100.000000,50.000000,1.000000,2.000000,0.000000,0.000000,1.000000,2.000000,67.090909,108.333333,81.434851,61.654979,3.000000
2026-06-24T22:47:21.19718316Z,1000,per_hit,raw_percent_of_host,api-node1,api-node2,16,22,38,35.353535,27.102804,35.353535,54.205607,100.000000,50.000000,0.000000,2.000000,0.000000,0.000000,0.000000,2.000000,60.058824,133.272727,82.412339,67.300111,3.000000
2026-06-24T22:47:22.197183246Z,1000,per_hit,raw_percent_of_host,api-node1,api-node2,18,21,39,28.125000,25.742574,28.125000,51.485149,100.000000,50.000000,0.000000,3.000000,0.000000,0.000000,0.000000,3.000000,56.888889,112.950000,81.701507,67.826640,3.000000
2026-06-24T22:47:23.197183767Z,1000,per_hit,raw_percent_of_host,api-node1,api-node2,27,13,40,45.833333,26.000000,45.833333,52.000000,100.000000,50.000000,1.000000,1.000000,0.000000,0.000000,1.000000,1.000000,81.576923,113.466667,81.223805,55.775853,3.000000
2026-06-24T22:47:24.197188055Z,1000,per_hit,raw_percent_of_host,api-node1,api-node2,22,19,41,35.353535,26.415094,35.353535,52.830189,100.000000,50.000000,1.000000,1.000000,0.000000,0.000000,1.000000,1.000000,68.045455,97.789474,76.585239,66.736987,3.000000
2026-06-24T22:47:25.197183642Z,1000,per_hit,raw_percent_of_host,api-node1,api-node2,20,22,42,38.541667,26.000000,38.541667,52.000000,100.000000,50.000000,1.000000,2.000000,0.000000,0.000000,1.000000,2.000000,63.050000,123.333333,81.195050,68.888075,3.000000
2026-06-24T22:47:26.197212268Z,1000,per_hit,raw_percent_of_host,api-node1,api-node2,26,17,43,44.791667,27.102804,44.791667,54.205607,100.000000,50.000000,2.000000,0.000000,0.000000,0.000000,2.000000,0.000000,82.360000,116.473684,77.056589,63.161614,3.000000
2026-06-24T22:47:27.197184505Z,1000,per_hit,raw_percent_of_host,api-node1,api-node2,24,20,44,40.206186,26.000000,40.206186,52.000000,100.000000,50.000000,1.000000,1.000000,0.000000,0.000000,1.000000,1.000000,65.080000,153.105263,77.314839,66.461784,3.000000
2026-06-24T22:47:28.197184167Z,1000,per_hit,raw_percent_of_host,api-node1,api-node2,23,22,45,46.000000,26.168224,46.000000,52.336449,100.000000,50.000000,0.000000,2.000000,0.000000,0.000000,0.000000,2.000000,93.000000,127.333333,76.876493,64.736323,3.000000
2026-06-24T22:47:29.197183943Z,1000,per_hit,raw_percent_of_host,api-node1,api-node2,21,25,46,34.736842,24.218750,34.736842,48.437500,100.000000,50.000000,0.000000,2.000000,0.000000,0.000000,0.000000,2.000000,76.619048,154.400000,76.380757,59.951325,3.000000
2026-06-24T22:47:30.197182578Z,1000,per_hit,raw_percent_of_host,api-node1,api-node2,24,23,47,37.755102,24.468085,37.755102,48.936170,100.000000,50.000000,0.000000,2.000000,0.000000,0.000000,0.000000,2.000000,74.583333,134.043478,77.441818,55.520243,3.000000
2026-06-24T22:47:31.197185966Z,1000,per_hit,raw_percent_of_host,api-node1,api-node2,26,21,47,41.000000,27.102804,41.000000,54.205607,100.000000,50.000000,1.000000,1.000000,0.000000,0.000000,1.000000,1.000000,92.800000,169.909091,75.934582,61.530316,3.000000
2026-06-24T22:47:32.197183099Z,1000,per_hit,raw_percent_of_host,api-node1,api-node2,32,16,48,45.918367,27.522936,45.918367,55.045872,100.000000,50.000000,2.000000,1.000000,0.000000,0.000000,2.000000,1.000000,108.129032,118.062500,75.261954,57.543056,3.000000
2026-06-24T22:47:33.197184056Z,1000,per_hit,raw_percent_of_host,api-node1,api-node2,25,24,49,43.269231,25.471698,43.269231,50.943396,100.000000,50.000000,2.000000,0.000000,0.000000,0.000000,2.000000,0.000000,80.200000,238.320000,75.828526,56.637819,3.000000
2026-06-24T22:47:34.197182845Z,1000,per_hit,raw_percent_of_host,api-node1,api-node2,24,25,49,42.268041,24.074074,42.268041,48.148148,100.000000,50.000000,1.000000,1.000000,0.000000,0.000000,1.000000,1.000000,75.840000,128.541667,74.876195,54.323356,3.000000
2026-06-24T22:47:35.197183327Z,1000,per_hit,raw_percent_of_host,api-node1,api-node2,35,15,50,49.514563,25.925926,49.514563,51.851852,100.000000,50.000000,1.000000,1.000000,0.000000,0.000000,1.000000,1.000000,119.057143,110.800000,71.401139,64.289817,3.000000
2026-06-24T22:47:36.197183103Z,1000,per_hit,raw_percent_of_host,api-node1,api-node2,31,19,50,45.833333,24.299065,45.833333,48.598131,100.000000,50.000000,1.000000,1.000000,0.000000,0.000000,1.000000,1.000000,84.258065,133.473684,77.085254,71.592364,3.000000
2026-06-24T22:47:37.197183923Z,1000,per_hit,raw_percent_of_host,api-node1,api-node2,23,27,50,31.958763,25.471698,31.958763,50.943396,100.000000,50.000000,1.000000,2.000000,0.000000,0.000000,1.000000,2.000000,90.739130,130.730769,72.267682,67.139798,3.000000
2026-06-24T22:47:38.197185057Z,1000,per_hit,raw_percent_of_host,api-node1,api-node2,27,23,50,36.666667,27.522936,36.666667,55.045872,100.000000,50.000000,2.000000,2.000000,0.000000,0.000000,2.000000,2.000000,115.115385,139.217391,78.189261,63.493845,3.000000
2026-06-24T22:47:39.197183204Z,1000,per_hit,raw_percent_of_host,api-node1,api-node2,34,16,50,48.979592,26.881720,48.979592,53.763441,100.000000,50.000000,2.000000,1.000000,0.000000,0.000000,2.000000,1.000000,95.617647,149.411765,75.872237,47.853482,3.000000
2026-06-24T22:47:40.197184077Z,1000,per_hit,raw_percent_of_host,api-node1,api-node2,28,22,50,41.237113,26.168224,41.237113,52.336449,100.000000,50.000000,2.000000,0.000000,0.000000,0.000000,2.000000,0.000000,75.357143,155.304348,78.921202,47.379190,3.000000
2026-06-24T22:47:41.19718326Z,1000,per_hit,raw_percent_of_host,api-node1,api-node2,29,21,50,45.360825,25.233645,45.360825,50.467290,100.000000,50.000000,2.000000,1.000000,0.000000,0.000000,2.000000,1.000000,121.586207,131.450000,73.174764,67.198401,3.000000
2026-06-24T22:47:42.197183414Z,1000,per_hit,raw_percent_of_host,api-node1,api-node2,30,20,50,51.515152,26.415094,51.515152,52.830189,100.000000,50.000000,1.000000,1.000000,0.000000,0.000000,1.000000,1.000000,86.133333,130.400000,76.515537,58.795554,3.000000
2026-06-24T22:47:43.197183334Z,1000,per_hit,raw_percent_of_host,api-node1,api-node2,29,20,49,44.897959,26.000000,44.897959,52.000000,100.000000,50.000000,2.000000,0.000000,0.000000,0.000000,2.000000,0.000000,98.357143,115.428571,74.591965,59.519179,3.000000
2026-06-24T22:47:44.197183596Z,1000,per_hit,raw_percent_of_host,api-node1,api-node2,24,25,49,42.708333,27.358491,42.708333,54.716981,100.000000,50.000000,2.000000,0.000000,0.000000,0.000000,2.000000,0.000000,76.318182,174.680000,77.006497,55.979501,3.000000
2026-06-24T22:47:45.197183074Z,1000,per_hit,raw_percent_of_host,api-node1,api-node2,29,19,48,44.329897,23.404255,44.329897,46.808511,100.000000,50.000000,1.000000,2.000000,0.000000,0.000000,1.000000,2.000000,86.870968,113.176471,79.730154,56.774555,3.000000
2026-06-24T22:47:46.197183628Z,1000,per_hit,raw_percent_of_host,api-node1,api-node2,31,16,47,41.584158,23.364486,41.584158,46.728972,100.000000,50.000000,2.000000,0.000000,0.000000,0.000000,2.000000,0.000000,79.366667,139.555556,78.576835,64.010522,3.000000
2026-06-24T22:47:47.197187981Z,1000,per_hit,raw_percent_of_host,api-node1,api-node2,23,23,46,45.454545,21.000000,45.454545,42.000000,100.000000,50.000000,0.000000,4.000000,0.000000,0.000000,0.000000,4.000000,76.760000,150.736842,78.909588,54.616501,3.000000
2026-06-24T22:47:48.19718314Z,1000,per_hit,raw_percent_of_host,api-node1,api-node2,30,15,45,41.584158,23.364486,41.584158,46.728972,100.000000,50.000000,1.000000,1.000000,0.000000,0.000000,1.000000,1.000000,81.965517,134.944444,72.665402,51.087934,3.000000
2026-06-24T22:47:49.197183062Z,1000,per_hit,raw_percent_of_host,api-node1,api-node2,30,15,45,50.505051,24.752475,50.505051,49.504950,100.000000,50.000000,2.000000,0.000000,0.000000,0.000000,2.000000,0.000000,85.172414,114.250000,80.697363,59.256250,3.000000
2026-06-24T22:47:50.197184876Z,1000,per_hit,raw_percent_of_host,api-node1,api-node2,25,19,44,41.666667,27.102804,41.666667,54.205607,100.000000,50.000000,2.000000,0.000000,0.000000,0.000000,2.000000,0.000000,76.080000,119.315789,77.893168,64.604199,3.000000
2026-06-24T22:47:51.197185057Z,1000,per_hit,raw_percent_of_host,api-node1,api-node2,26,16,42,51.000000,20.202020,51.000000,40.404040,100.000000,50.000000,0.000000,4.000000,0.000000,0.000000,0.000000,4.000000,95.285714,98.416667,76.675905,68.538425,3.000000
2026-06-24T22:47:52.197184936Z,1000,per_hit,raw_percent_of_host,api-node1,api-node2,22,20,42,36.734694,25.000000,36.734694,50.000000,100.000000,50.000000,2.000000,1.000000,0.000000,0.000000,2.000000,1.000000,61.600000,115.347826,76.462361,67.439526,3.000000
2026-06-24T22:47:53.197183407Z,1000,per_hit,raw_percent_of_host,api-node1,api-node2,24,17,41,47.000000,22.580645,47.000000,45.161290,100.000000,50.000000,1.000000,2.000000,0.000000,0.000000,1.000000,2.000000,62.458333,129.312500,81.713245,59.231329,3.000000
2026-06-24T22:47:54.197183823Z,1000,per_hit,raw_percent_of_host,api-node1,api-node2,19,21,40,43.434343,27.956989,43.434343,55.913978,100.000000,50.000000,1.000000,1.000000,0.000000,0.000000,1.000000,1.000000,65.263158,109.909091,80.315176,57.204287,3.000000
2026-06-24T22:47:55.197187379Z,1000,per_hit,raw_percent_of_host,api-node1,api-node2,20,19,39,39.795918,25.510204,39.795918,51.020408,100.000000,50.000000,1.000000,2.000000,0.000000,0.000000,1.000000,2.000000,68.400000,103.722222,82.105309,65.998228,3.000000
2026-06-24T22:47:56.197183053Z,1000,per_hit,raw_percent_of_host,api-node1,api-node2,23,15,38,40.404040,23.762376,40.404040,47.524752,100.000000,50.000000,1.000000,1.000000,0.000000,0.000000,1.000000,1.000000,62.478261,91.375000,81.361482,66.376518,3.000000
2026-06-24T22:47:57.197184064Z,1000,per_hit,raw_percent_of_host,api-node1,api-node2,17,20,37,35.000000,22.826087,35.000000,45.652174,100.000000,50.000000,1.000000,1.000000,0.000000,0.000000,1.000000,1.000000,58.235294,111.050000,82.333372,63.536314,3.000000
2026-06-24T22:47:58.197183459Z,1000,per_hit,raw_percent_of_host,api-node1,api-node2,20,16,36,37.623762,27.000000,37.623762,54.000000,100.000000,50.000000,2.000000,0.000000,0.000000,0.000000,2.000000,0.000000,61.842105,103.705882,82.333922,66.809762,3.000000
2026-06-24T22:47:59.197183264Z,1000,per_hit,raw_percent_of_host,api-node1,api-node2,15,20,35,41.414141,26.851852,41.414141,53.703704,100.000000,50.000000,0.000000,3.000000,0.000000,0.000000,0.000000,3.000000,60.941176,95.588235,82.189915,67.239987,3.000000
2026-06-24T22:48:00.197182953Z,1000,per_hit,raw_percent_of_host,api-node1,api-node2,19,15,34,40.404040,20.202020,40.404040,40.404040,100.000000,50.000000,2.000000,0.000000,0.000000,0.000000,2.000000,0.000000,53.352941,111.666667,82.815450,63.878381,3.000000
2026-06-24T22:48:01.197183724Z,1000,per_hit,raw_percent_of_host,api-node1,api-node2,16,17,33,37.000000,25.806452,37.000000,51.612903,100.000000,50.000000,2.000000,0.000000,0.000000,0.000000,2.000000,0.000000,62.562500,115.058824,81.500892,64.148433,3.000000
2026-06-24T22:48:02.197183135Z,1000,per_hit,raw_percent_of_host,api-node1,api-node2,18,14,32,39.795918,24.000000,39.795918,48.000000,100.000000,50.000000,1.000000,1.000000,0.000000,0.000000,1.000000,1.000000,64.789474,72.307692,79.917861,72.285232,3.000000
2026-06-24T22:48:03.197183794Z,1000,per_hit,raw_percent_of_host,api-node1,api-node2,21,11,32,45.714286,19.387755,45.714286,38.775510,100.000000,50.000000,2.000000,0.000000,0.000000,0.000000,2.000000,0.000000,55.350000,79.000000,80.730985,72.194368,3.000000
2026-06-24T22:48:04.197184768Z,1000,per_hit,raw_percent_of_host,api-node1,api-node2,19,12,31,35.051546,23.000000,35.051546,46.000000,100.000000,50.000000,2.000000,0.000000,0.000000,0.000000,2.000000,0.000000,54.052632,92.500000,81.746625,74.530459,3.000000
2026-06-24T22:48:05.197182694Z,1000,per_hit,raw_percent_of_host,api-node1,api-node2,16,14,30,27.272727,24.528302,27.272727,49.056604,100.000000,50.000000,2.000000,0.000000,0.000000,0.000000,2.000000,0.000000,59.375000,109.857143,81.876623,69.680306,3.000000
2026-06-24T22:48:06.197182627Z,1000,per_hit,raw_percent_of_host,api-node1,api-node2,19,11,30,43.157895,16.981132,43.157895,33.962264,100.000000,50.000000,1.000000,1.000000,0.000000,0.000000,1.000000,1.000000,63.550000,61.700000,80.176753,72.854371,3.000000
2026-06-24T22:48:07.197185088Z,1000,per_hit,raw_percent_of_host,api-node1,api-node2,15,15,30,44.660194,25.233645,44.660194,50.467290,100.000000,50.000000,0.000000,2.000000,0.000000,0.000000,0.000000,2.000000,50.250000,95.214286,82.977197,67.475663,3.000000
2026-06-24T22:48:08.197183331Z,1000,per_hit,raw_percent_of_host,api-node1,api-node2,18,12,30,38.000000,21.000000,38.000000,42.000000,100.000000,50.000000,2.000000,0.000000,0.000000,0.000000,2.000000,0.000000,53.062500,94.000000,82.475322,59.580941,3.000000
2026-06-24T22:48:09.19718309Z,1000,per_hit,raw_percent_of_host,api-node1,api-node2,17,13,30,39.795918,24.000000,39.795918,48.000000,100.000000,50.000000,0.000000,2.000000,0.000000,0.000000,0.000000,2.000000,57.789474,68.636364,82.520776,77.329805,3.000000
2026-06-24T22:48:10.197183438Z,1000,per_hit,raw_percent_of_host,api-node1,api-node2,13,17,30,37.000000,25.000000,37.000000,50.000000,100.000000,50.000000,1.000000,1.000000,0.000000,0.000000,1.000000,1.000000,53.500000,96.888889,83.217096,67.625200,3.000000
2026-06-24T22:48:11.197183806Z,1000,per_hit,raw_percent_of_host,api-node1,api-node2,15,16,31,38.383838,21.000000,38.383838,42.000000,100.000000,50.000000,1.000000,3.000000,0.000000,0.000000,1.000000,3.000000,59.133333,71.500000,82.827222,78.064951,3.000000
2026-06-24T22:48:12.197183052Z,1000,per_hit,raw_percent_of_host,api-node1,api-node2,22,9,31,41.052632,14.000000,41.052632,28.000000,100.000000,50.000000,1.000000,1.000000,0.000000,0.000000,1.000000,1.000000,65.590909,97.090909,81.653223,64.612209,3.000000
2026-06-24T22:48:13.197185207Z,1000,per_hit,raw_percent_of_host,api-node1,api-node2,15,16,31,30.303030,24.000000,30.303030,48.000000,100.000000,50.000000,1.000000,1.000000,0.000000,0.000000,1.000000,1.000000,56.933333,75.000000,80.702719,81.331966,3.000000
2026-06-24T22:48:14.197183315Z,1000,per_hit,raw_percent_of_host,api-node1,api-node2,16,16,32,37.623762,26.168224,37.623762,52.336449,100.000000,50.000000,1.000000,2.000000,0.000000,0.000000,1.000000,2.000000,55.375000,107.133333,83.190152,68.689445,3.000000
2026-06-24T22:48:15.197183552Z,1000,per_hit,raw_percent_of_host,api-node1,api-node2,20,13,33,46.534653,27.173913,46.534653,54.347826,100.000000,50.000000,2.000000,0.000000,0.000000,0.000000,2.000000,0.000000,57.421053,92.866667,82.801147,68.451957,3.000000
2026-06-24T22:48:16.197183155Z,1000,per_hit,raw_percent_of_host,api-node1,api-node2,16,17,33,41.052632,24.299065,41.052632,48.598131,100.000000,50.000000,0.000000,2.000000,0.000000,0.000000,0.000000,2.000000,64.500000,108.600000,78.050775,63.695809,3.000000
2026-06-24T22:48:17.197184862Z,1000,per_hit,raw_percent_of_host,api-node1,api-node2,22,12,34,47.959184,20.202020,47.959184,40.404040,100.000000,50.000000,1.000000,1.000000,0.000000,0.000000,1.000000,1.000000,69.809524,118.923077,77.325081,56.886591,3.000000
2026-06-24T22:48:18.197184222Z,1000,per_hit,raw_percent_of_host,api-node1,api-node2,16,19,35,42.857143,27.000000,42.857143,54.000000,100.000000,50.000000,0.000000,4.000000,0.000000,0.000000,0.000000,4.000000,67.058824,78.937500,76.388994,76.468806,3.000000
2026-06-24T22:48:19.197182689Z,1000,per_hit,raw_percent_of_host,api-node1,api-node2,19,17,36,47.000000,22.222222,47.000000,44.444444,100.000000,50.000000,1.000000,3.000000,0.000000,0.000000,1.000000,3.000000,68.000000,105.611111,81.340911,67.560498,3.000000
2026-06-24T22:48:20.197183565Z,1000,per_hit,raw_percent_of_host,api-node1,api-node2,22,15,37,52.525253,26.000000,52.525253,52.000000,100.000000,50.000000,2.000000,0.000000,0.000000,0.000000,2.000000,0.000000,62.904762,118.722222,75.822780,57.924742,3.000000
2026-06-24T22:48:21.197192669Z,1000,per_hit,raw_percent_of_host,api-node1,api-node2,22,16,38,47.474747,24.299065,47.474747,48.598131,100.000000,50.000000,1.000000,2.000000,0.000000,0.000000,1.000000,2.000000,59.695652,110.214286,79.623327,68.913196,3.000000
2026-06-24T22:48:22.197186133Z,1000,per_hit,raw_percent_of_host,api-node1,api-node2,23,16,39,51.923077,22.580645,51.923077,45.161290,100.000000,50.000000,1.000000,1.000000,0.000000,0.000000,1.000000,1.000000,96.521739,100.764706,80.219826,66.650557,3.000000
2026-06-24T22:48:23.197183563Z,1000,per_hit,raw_percent_of_host,api-node1,api-node2,24,16,40,48.000000,26.000000,48.000000,52.000000,100.000000,50.000000,2.000000,1.000000,0.000000,0.000000,2.000000,1.000000,84.913043,72.250000,75.427745,71.041765,3.000000
2026-06-24T22:48:24.197185252Z,1000,per_hit,raw_percent_of_host,api-node1,api-node2,25,16,41,46.391753,23.584906,46.391753,47.169811,100.000000,50.000000,1.000000,1.000000,0.000000,0.000000,1.000000,1.000000,72.423077,122.437500,76.782947,64.383419,3.000000
2026-06-24T22:48:25.19718288Z,1000,per_hit,raw_percent_of_host,api-node1,api-node2,20,22,42,48.484848,25.233645,48.484848,50.467290,100.000000,50.000000,1.000000,2.000000,0.000000,0.000000,1.000000,2.000000,71.000000,133.047619,77.320875,68.143529,3.000000
2026-06-24T22:48:26.197183485Z,1000,per_hit,raw_percent_of_host,api-node1,api-node2,28,15,43,53.608247,24.528302,53.608247,49.056604,100.000000,50.000000,1.000000,1.000000,0.000000,0.000000,1.000000,1.000000,86.714286,116.000000,76.678579,58.536816,3.000000
2026-06-24T22:48:27.197184106Z,1000,per_hit,raw_percent_of_host,api-node1,api-node2,24,20,44,45.454545,25.925926,45.454545,51.851852,100.000000,50.000000,1.000000,1.000000,0.000000,0.000000,1.000000,1.000000,92.333333,123.100000,74.394439,61.409166,3.000000
2026-06-24T22:48:28.197191934Z,1000,per_hit,raw_percent_of_host,api-node1,api-node2,24,21,45,48.514851,25.000000,48.514851,50.000000,100.000000,50.000000,2.000000,0.000000,0.000000,0.000000,2.000000,0.000000,67.217391,141.590909,77.760062,66.003233,3.000000
2026-06-24T22:48:29.197183261Z,1000,per_hit,raw_percent_of_host,api-node1,api-node2,24,22,46,50.505051,24.299065,50.505051,48.598131,100.000000,50.000000,1.000000,1.000000,0.000000,0.000000,1.000000,1.000000,73.920000,175.952381,75.409064,70.294780,3.000000
2026-06-24T22:48:30.197184404Z,1000,per_hit,raw_percent_of_host,api-node1,api-node2,24,23,47,51.000000,24.528302,51.000000,49.056604,100.000000,50.000000,1.000000,1.000000,0.000000,0.000000,1.000000,1.000000,82.750000,118.521739,76.752190,71.311572,3.000000
2026-06-24T22:48:31.197183875Z,1000,per_hit,raw_percent_of_host,api-node1,api-node2,22,26,48,36.458333,20.754717,36.458333,41.509434,100.000000,50.000000,2.000000,2.000000,0.000000,0.000000,2.000000,2.000000,79.666667,163.840000,72.256214,69.402942,3.000000
2026-06-24T22:48:32.197184142Z,1000,per_hit,raw_percent_of_host,api-node1,api-node2,24,24,48,44.000000,22.935780,44.000000,45.871560,100.000000,50.000000,1.000000,1.000000,0.000000,0.000000,1.000000,1.000000,93.160000,173.560000,76.662877,71.005804,3.000000
2026-06-24T22:48:33.19718283Z,1000,per_hit,raw_percent_of_host,api-node1,api-node2,27,22,49,51.020408,19.444444,51.020408,38.888889,100.000000,50.000000,2.000000,0.000000,0.000000,0.000000,2.000000,0.000000,85.192308,156.391304,78.101646,65.636735,3.000000
2026-06-24T22:48:34.197184104Z,1000,per_hit,raw_percent_of_host,api-node1,api-node2,24,25,49,51.485149,21.495327,51.485149,42.990654,100.000000,50.000000,1.000000,1.000000,0.000000,0.000000,1.000000,1.000000,78.240000,177.708333,74.609931,72.374597,3.000000
2026-06-24T22:48:35.197183669Z,1000,per_hit,raw_percent_of_host,api-node1,api-node2,28,22,50,52.427184,25.925926,52.427184,51.851852,100.000000,50.000000,2.000000,0.000000,0.000000,0.000000,2.000000,0.000000,79.555556,202.869565,74.643230,68.487422,3.000000
2026-06-24T22:48:36.19718309Z,1000,per_hit,raw_percent_of_host,api-node1,api-node2,32,18,50,51.456311,21.000000,51.456311,42.000000,100.000000,50.000000,1.000000,1.000000,0.000000,0.000000,1.000000,1.000000,139.787879,108.647059,70.312839,56.954776,3.000000
2026-06-24T22:48:37.197190786Z,1000,per_hit,raw_percent_of_host,api-node1,api-node2,23,27,50,53.000000,25.688073,53.000000,51.376147,100.000000,50.000000,0.000000,2.000000,0.000000,0.000000,0.000000,2.000000,76.833333,241.538462,75.294657,65.410769,3.000000
2026-06-24T22:48:38.197183479Z,1000,per_hit,raw_percent_of_host,api-node1,api-node2,21,29,50,36.734694,25.252525,36.734694,50.505051,100.000000,50.000000,2.000000,1.000000,0.000000,0.000000,2.000000,1.000000,90.421053,179.133333,80.237260,49.357371,3.000000
2026-06-24T22:48:39.197184952Z,1000,per_hit,raw_percent_of_host,api-node1,api-node2,32,18,50,50.000000,20.754717,50.000000,41.509434,100.000000,50.000000,2.000000,2.000000,0.000000,0.000000,2.000000,2.000000,99.343750,153.294118,73.782716,51.111101,3.000000
2026-06-24T22:48:40.197183858Z,1000,per_hit,raw_percent_of_host,api-node1,api-node2,22,28,50,47.422680,25.233645,47.422680,50.467290,100.000000,50.000000,1.000000,1.000000,0.000000,0.000000,1.000000,1.000000,73.913043,209.034483,76.644637,62.838886,3.000000
2026-06-24T22:48:41.197182729Z,1000,per_hit,raw_percent_of_host,api-node1,api-node2,31,18,49,50.980392,25.000000,50.980392,50.000000,100.000000,50.000000,0.000000,2.000000,0.000000,0.000000,0.000000,2.000000,118.468750,123.117647,69.243790,70.519978,3.000000
2026-06-24T22:48:42.197185023Z,1000,per_hit,raw_percent_of_host,api-node1,api-node2,23,26,49,49.494949,24.299065,49.494949,48.598131,100.000000,50.000000,1.000000,3.000000,0.000000,0.000000,1.000000,3.000000,89.727273,157.080000,75.986119,64.581872,3.000000
2026-06-24T22:48:43.197184086Z,1000,per_hit,raw_percent_of_host,api-node1,api-node2,25,24,49,51.485149,20.560748,51.485149,41.121495,100.000000,50.000000,2.000000,0.000000,0.000000,0.000000,2.000000,0.000000,79.625000,197.222222,76.380003,61.547914,3.000000
2026-06-24T22:48:44.197182706Z,1000,per_hit,raw_percent_of_host,api-node1,api-node2,28,21,49,48.484848,26.732673,48.484848,53.465347,100.000000,50.000000,2.000000,0.000000,0.000000,0.000000,2.000000,0.000000,77.035714,132.350000,76.449248,72.002492,3.000000
2026-06-24T22:48:45.197194359Z,1000,per_hit,raw_percent_of_host,api-node1,api-node2,26,22,48,51.923077,24.074074,51.923077,48.148148,100.000000,50.000000,1.000000,2.000000,0.000000,0.000000,1.000000,2.000000,116.111111,137.800000,71.005865,57.714610,3.000000
2026-06-24T22:48:46.197185967Z,1000,per_hit,raw_percent_of_host,api-node1,api-node2,26,21,47,51.485149,23.364486,51.485149,46.728972,100.000000,50.000000,1.000000,2.000000,0.000000,0.000000,1.000000,2.000000,76.230769,173.523810,76.512013,58.026207,3.000000
2026-06-24T22:48:47.197184074Z,1000,per_hit,raw_percent_of_host,api-node1,api-node2,25,22,47,46.000000,26.851852,46.000000,53.703704,100.000000,50.000000,0.000000,2.000000,0.000000,0.000000,0.000000,2.000000,109.038462,113.863636,71.513604,57.725123,3.000000
2026-06-24T22:48:48.197183784Z,1000,per_hit,raw_percent_of_host,api-node1,api-node2,24,22,46,48.000000,20.560748,48.000000,41.121495,100.000000,50.000000,1.000000,1.000000,0.000000,0.000000,1.000000,1.000000,71.217391,140.913043,77.907782,62.704827,3.000000
2026-06-24T22:48:49.197183658Z,1000,per_hit,raw_percent_of_host,api-node1,api-node2,26,19,45,52.475248,25.925926,52.475248,51.851852,100.000000,50.000000,1.000000,1.000000,0.000000,0.000000,1.000000,1.000000,88.153846,110.736842,75.585971,61.248468,3.000000
2026-06-24T22:48:50.197183421Z,1000,per_hit,raw_percent_of_host,api-node1,api-node2,25,18,43,51.923077,24.299065,51.923077,48.598131,100.000000,50.000000,1.000000,1.000000,0.000000,0.000000,1.000000,1.000000,68.080000,125.333333,77.576118,72.463829,3.000000
2026-06-24T22:48:51.197182586Z,1000,per_hit,raw_percent_of_host,api-node1,api-node2,22,20,42,44.000000,27.102804,44.000000,54.205607,100.000000,50.000000,1.000000,1.000000,0.000000,0.000000,1.000000,1.000000,94.454545,99.000000,72.012515,66.853483,3.000000
2026-06-24T22:48:52.197183535Z,1000,per_hit,raw_percent_of_host,api-node1,api-node2,21,21,42,48.543689,24.528302,48.543689,49.056604,100.000000,50.000000,1.000000,1.000000,0.000000,0.000000,1.000000,1.000000,65.190476,149.857143,78.258277,62.086570,3.000000
2026-06-24T22:48:53.197183313Z,1000,per_hit,raw_percent_of_host,api-node1,api-node2,25,16,41,48.000000,24.000000,48.000000,48.000000,100.000000,50.000000,1.000000,1.000000,0.000000,0.000000,1.000000,1.000000,60.480000,99.312500,76.026300,73.739203,3.000000
2026-06-24T22:48:54.197183873Z,1000,per_hit,raw_percent_of_host,api-node1,api-node2,23,17,40,51.428571,24.299065,51.428571,48.598131,100.000000,50.000000,1.000000,1.000000,0.000000,0.000000,1.000000,1.000000,84.869565,111.588235,76.450935,63.289436,3.000000
2026-06-24T22:48:55.19718273Z,1000,per_hit,raw_percent_of_host,api-node1,api-node2,24,15,39,50.000000,24.074074,50.000000,48.148148,100.000000,50.000000,0.000000,2.000000,0.000000,0.000000,0.000000,2.000000,68.440000,107.428571,75.435168,70.295009,3.000000
2026-06-24T22:48:56.197183194Z,1000,per_hit,raw_percent_of_host,api-node1,api-node2,22,16,38,50.000000,22.429907,50.000000,44.859813,100.000000,50.000000,2.000000,0.000000,0.000000,0.000000,2.000000,0.000000,65.250000,123.166667,78.609018,52.652460,3.000000
2026-06-24T22:48:57.197183169Z,1000,per_hit,raw_percent_of_host,api-node1,api-node2,18,19,37,45.544554,24.299065,45.544554,48.598131,100.000000,50.000000,1.000000,1.000000,0.000000,0.000000,1.000000,1.000000,61.421053,147.666667,80.322231,60.318817,3.000000
2026-06-24T22:48:58.197183128Z,1000,per_hit,raw_percent_of_host,api-node1,api-node2,22,14,36,40.625000,24.299065,40.625000,48.598131,100.000000,50.000000,1.000000,1.000000,0.000000,0.000000,1.000000,1.000000,64.545455,117.642857,80.384478,69.874989,3.000000
2026-06-24T22:48:59.197183448Z,1000,per_hit,raw_percent_of_host,api-node1,api-node2,18,17,35,46.534653,24.299065,46.534653,48.598131,100.000000,50.000000,1.000000,1.000000,0.000000,0.000000,1.000000,1.000000,57.888889,106.352941,80.976525,69.569756,3.000000
2026-06-24T22:49:00.197183353Z,1000,per_hit,raw_percent_of_host,api-node1,api-node2,20,14,34,43.689320,22.429907,43.689320,44.859813,100.000000,50.000000,1.000000,1.000000,0.000000,0.000000,1.000000,1.000000,66.050000,103.357143,81.214162,68.322583,3.000000
2026-06-24T22:49:01.197182669Z,1000,per_hit,raw_percent_of_host,api-node1,api-node2,14,19,33,31.578947,23.584906,31.578947,47.169811,100.000000,50.000000,1.000000,3.000000,0.000000,0.000000,1.000000,3.000000,52.642857,83.647059,82.695963,78.288894,3.000000
2026-06-24T22:49:02.197182536Z,1000,per_hit,raw_percent_of_host,api-node1,api-node2,20,12,32,41.000000,20.000000,41.000000,40.000000,100.000000,50.000000,2.000000,0.000000,0.000000,0.000000,2.000000,0.000000,60.210526,86.000000,81.860633,66.220734,3.000000
2026-06-24T22:49:03.197189449Z,1000,per_hit,raw_percent_of_host,api-node1,api-node2,16,16,32,30.000000,26.851852,30.000000,53.703704,100.000000,50.000000,0.000000,2.000000,0.000000,0.000000,0.000000,2.000000,64.055556,107.071429,82.397345,73.400001,3.000000
2026-06-24T22:49:04.197184064Z,1000,per_hit,raw_percent_of_host,api-node1,api-node2,16,15,31,38.000000,18.000000,38.000000,36.000000,100.000000,50.000000,1.000000,3.000000,0.000000,0.000000,1.000000,3.000000,60.400000,79.285714,82.686416,74.907849,3.000000
2026-06-24T22:49:05.197184082Z,1000,per_hit,raw_percent_of_host,api-node1,api-node2,18,12,30,47.000000,17.391304,47.000000,34.782609,100.000000,50.000000,1.000000,0.000000,0.000000,0.000000,1.000000,0.000000,60.444444,111.200000,80.322127,52.395448,3.000000
2026-06-24T22:49:06.197183678Z,1000,per_hit,raw_percent_of_host,api-node1,api-node2,14,16,30,46.000000,26.000000,46.000000,52.000000,100.000000,50.000000,0.000000,1.000000,0.000000,0.000000,0.000000,1.000000,56.866667,115.866667,81.849566,56.714351,3.000000
2026-06-24T22:49:07.197184765Z,1000,per_hit,raw_percent_of_host,api-node1,api-node2,16,14,30,47.524752,24.242424,47.524752,48.484848,100.000000,50.000000,0.000000,1.000000,0.000000,0.000000,0.000000,1.000000,53.062500,77.000000,81.860614,75.070339,3.000000
2026-06-24T22:49:08.197185267Z,1000,per_hit,raw_percent_of_host,api-node1,api-node2,21,9,30,45.192308,23.232323,45.192308,46.464646,100.000000,50.000000,0.000000,1.000000,0.000000,0.000000,0.000000,1.000000,57.523810,59.444444,80.880708,80.642193,3.000000
2026-06-24T22:49:09.197183111Z,1000,per_hit,raw_percent_of_host,api-node1,api-node2,18,12,30,47.524752,27.000000,47.524752,54.000000,100.000000,50.000000,0.000000,1.000000,0.000000,0.000000,0.000000,1.000000,61.277778,86.833333,82.081366,71.945235,3.000000
2026-06-24T22:49:10.197184346Z,1000,per_hit,raw_percent_of_host,api-node1,api-node2,13,17,30,40.404040,26.262626,40.404040,52.525253,100.000000,50.000000,0.000000,1.000000,0.000000,0.000000,0.000000,1.000000,51.769231,77.235294,79.562608,78.218723,3.000000
2026-06-24T22:49:11.197183472Z,1000,per_hit,raw_percent_of_host,api-node1,api-node2,13,18,31,35.000000,25.000000,35.000000,50.000000,100.000000,50.000000,0.000000,2.000000,0.000000,0.000000,0.000000,2.000000,54.923077,109.352941,81.294634,60.412796,3.000000
2026-06-24T22:49:12.197183108Z,1000,per_hit,raw_percent_of_host,api-node1,api-node2,14,17,31,39.795918,25.252525,39.795918,50.505051,100.000000,50.000000,1.000000,0.000000,0.000000,0.000000,1.000000,0.000000,56.538462,106.736842,80.169527,67.210320,3.000000
2026-06-24T22:49:13.197183528Z,1000,per_hit,raw_percent_of_host,api-node1,api-node2,17,14,31,43.434343,23.232323,43.434343,46.464646,100.000000,50.000000,0.000000,2.000000,0.000000,0.000000,0.000000,2.000000,56.444444,100.583333,81.755635,71.154847,3.000000
2026-06-24T22:49:14.197182725Z,1000,per_hit,raw_percent_of_host,api-node1,api-node2,17,15,32,43.000000,26.000000,43.000000,52.000000,100.000000,50.000000,1.000000,0.000000,0.000000,0.000000,1.000000,0.000000,58.750000,109.941176,82.450415,68.408983,3.000000
2026-06-24T22:49:15.197183897Z,1000,per_hit,raw_percent_of_host,api-node1,api-node2,18,15,33,43.877551,24.299065,43.877551,48.598131,100.000000,50.000000,0.000000,1.000000,0.000000,0.000000,0.000000,1.000000,61.578947,102.500000,82.477438,69.702692,3.000000
2026-06-24T22:49:16.197185848Z,1000,per_hit,raw_percent_of_host,api-node1,api-node2,17,16,33,42.156863,25.742574,42.156863,51.485149,100.000000,50.000000,0.000000,1.000000,0.000000,0.000000,0.000000,1.000000,58.058824,107.937500,82.786445,60.682444,3.000000
2026-06-24T22:49:17.19718441Z,1000,per_hit,raw_percent_of_host,api-node1,api-node2,20,14,34,50.505051,23.584906,50.505051,47.169811,100.000000,50.000000,0.000000,1.000000,0.000000,0.000000,0.000000,1.000000,57.950000,83.071429,82.370174,76.592039,3.000000
2026-06-24T22:49:18.197183405Z,1000,per_hit,raw_percent_of_host,api-node1,api-node2,20,15,35,43.564356,25.925926,43.564356,51.851852,100.000000,50.000000,0.000000,1.000000,0.000000,0.000000,0.000000,1.000000,64.500000,106.000000,77.676796,63.380216,3.000000
2026-06-24T22:49:19.197184376Z,1000,per_hit,raw_percent_of_host,api-node1,api-node2,20,16,36,45.098039,24.528302,45.098039,49.056604,100.000000,50.000000,0.000000,1.000000,0.000000,0.000000,0.000000,1.000000,78.600000,124.312500,79.098120,52.008158,3.000000
2026-06-24T22:49:20.197184257Z,1000,per_hit,raw_percent_of_host,api-node1,api-node2,23,14,37,44.000000,20.000000,44.000000,40.000000,100.000000,50.000000,0.000000,1.000000,0.000000,0.000000,0.000000,1.000000,78.608696,90.071429,79.261140,71.896780,3.000000
2026-06-24T22:49:21.197184831Z,1000,per_hit,raw_percent_of_host,api-node1,api-node2,18,20,38,49.514563,25.233645,49.514563,50.467290,100.000000,50.000000,0.000000,2.000000,0.000000,0.000000,0.000000,2.000000,76.000000,103.947368,80.139788,68.830548,3.000000
2026-06-24T22:49:22.197183085Z,1000,per_hit,raw_percent_of_host,api-node1,api-node2,27,12,39,46.464646,21.495327,46.464646,42.990654,100.000000,50.000000,1.000000,0.000000,0.000000,0.000000,1.000000,0.000000,72.615385,107.142857,76.224565,68.746425,3.000000
2026-06-24T22:49:23.197183007Z,1000,per_hit,raw_percent_of_host,api-node1,api-node2,20,20,40,39.805825,24.528302,39.805825,49.056604,100.000000,50.000000,0.000000,2.000000,0.000000,0.000000,0.000000,2.000000,74.333333,115.833333,77.930474,57.292273,3.000000
2026-06-24T22:49:24.197183022Z,1000,per_hit,raw_percent_of_host,api-node1,api-node2,24,17,41,48.000000,25.000000,48.000000,50.000000,100.000000,50.000000,1.000000,0.000000,0.000000,0.000000,1.000000,0.000000,86.695652,141.631579,78.371198,70.916198,3.000000
2026-06-24T22:49:25.197182697Z,1000,per_hit,raw_percent_of_host,api-node1,api-node2,27,15,42,52.427184,25.233645,52.427184,50.467290,100.000000,50.000000,1.000000,0.000000,0.000000,0.000000,1.000000,0.000000,84.407407,108.733333,76.376097,67.042694,3.000000
2026-06-24T22:49:26.197183786Z,1000,per_hit,raw_percent_of_host,api-node1,api-node2,23,20,43,49.000000,24.528302,49.000000,49.056604,100.000000,50.000000,0.000000,2.000000,0.000000,0.000000,0.000000,2.000000,105.333333,104.388889,75.305168,74.627896,3.000000
2026-06-24T22:49:27.197185214Z,1000,per_hit,raw_percent_of_host,api-node1,api-node2,13,31,44,40.404040,24.299065,40.404040,48.598131,100.000000,50.000000,0.000000,4.000000,0.000000,0.000000,0.000000,4.000000,74.230769,196.275862,80.679565,60.314118,3.000000
2026-06-24T22:49:28.197182794Z,1000,per_hit,raw_percent_of_host,api-node1,api-node2,28,17,45,51.428571,21.904762,51.428571,43.809524,100.000000,50.000000,1.000000,0.000000,0.000000,0.000000,1.000000,0.000000,91.851852,181.428571,74.736293,61.836602,3.000000
2026-06-24T22:49:29.1971828Z,1000,per_hit,raw_percent_of_host,api-node1,api-node2,24,22,46,47.572816,19.626168,47.572816,39.252336,100.000000,50.000000,0.000000,2.000000,0.000000,0.000000,0.000000,2.000000,88.680000,164.450000,73.879141,71.986664,3.000000
2026-06-24T22:49:30.197183319Z,1000,per_hit,raw_percent_of_host,api-node1,api-node2,27,20,47,44.791667,19.626168,44.791667,39.252336,100.000000,50.000000,1.000000,2.000000,0.000000,0.000000,1.000000,2.000000,101.423077,197.950000,74.582467,70.458206,3.000000
2026-06-24T22:49:31.19718326Z,1000,per_hit,raw_percent_of_host,api-node1,api-node2,25,23,48,48.484848,28.571429,48.484848,57.142857,100.000000,50.000000,0.000000,1.000000,0.000000,0.000000,0.000000,1.000000,114.653846,198.625000,76.017007,69.963798,3.000000
2026-06-24T22:49:32.19718321Z,1000,per_hit,raw_percent_of_host,api-node1,api-node2,29,19,48,51.456311,21.705426,51.456311,43.410853,100.000000,50.000000,1.000000,1.000000,0.000000,0.000000,1.000000,1.000000,97.285714,204.421053,76.855378,62.006792,3.000000
2026-06-24T22:49:33.197184331Z,1000,per_hit,raw_percent_of_host,api-node1,api-node2,28,21,49,45.714286,25.233645,45.714286,50.467290,100.000000,50.000000,1.000000,0.000000,0.000000,0.000000,1.000000,0.000000,123.428571,150.272727,75.022597,52.157485,3.000000
2026-06-24T22:49:34.197184362Z,1000,per_hit,raw_percent_of_host,api-node1,api-node2,26,23,49,45.360825,22.641509,45.360825,45.283019,100.000000,50.000000,0.000000,1.000000,0.000000,0.000000,0.000000,1.000000,85.222222,168.863636,77.482687,74.950759,3.000000
2026-06-24T22:49:35.197183824Z,1000,per_hit,raw_percent_of_host,api-node1,api-node2,21,29,50,42.000000,25.233645,42.000000,50.467290,100.000000,50.000000,1.000000,3.000000,0.000000,0.000000,1.000000,3.000000,76.200000,228.777778,80.568784,72.900999,3.000000
2026-06-24T22:49:36.197184054Z,1000,per_hit,raw_percent_of_host,api-node1,api-node2,27,23,50,51.923077,21.296296,51.923077,42.592593,100.000000,50.000000,0.000000,2.000000,0.000000,0.000000,0.000000,2.000000,111.892857,175.625000,66.180391,65.378339,3.000000
2026-06-24T22:49:37.197183585Z,1000,per_hit,raw_percent_of_host,api-node1,api-node2,27,23,50,48.000000,20.754717,48.000000,41.509434,100.000000,50.000000,1.000000,10.000000,0.000000,0.000000,1.000000,10.000000,116.000000,223.066667,73.568377,74.864929,3.000000
2026-06-24T22:49:38.197183839Z,1000,per_hit,raw_percent_of_host,api-node1,api-node2,32,18,50,46.153846,24.074074,46.153846,48.148148,100.000000,50.000000,0.000000,2.000000,0.000000,0.000000,0.000000,2.000000,131.939394,195.153846,74.095859,70.298945,3.000000
2026-06-24T22:49:39.197183417Z,1000,per_hit,raw_percent_of_host,api-node1,api-node2,23,27,50,39.805825,27.131783,39.805825,54.263566,100.000000,50.000000,0.000000,3.000000,0.000000,0.000000,0.000000,3.000000,112.304348,172.230769,76.847804,71.279923,3.000000
2026-06-24T22:49:40.197183566Z,1000,per_hit,raw_percent_of_host,api-node1,api-node2,27,23,50,43.689320,21.495327,43.689320,42.990654,100.000000,50.000000,0.000000,1.000000,0.000000,0.000000,0.000000,1.000000,101.074074,201.160000,78.809115,53.803769,3.000000
2026-06-24T22:49:41.197182936Z,1000,per_hit,raw_percent_of_host,api-node1,api-node2,30,20,50,45.192308,25.000000,45.192308,50.000000,100.000000,50.000000,1.000000,0.000000,0.000000,0.000000,1.000000,0.000000,101.344828,169.476190,77.206826,57.097050,3.000000
2026-06-24T22:49:42.19718353Z,1000,per_hit,raw_percent_of_host,api-node1,api-node2,24,25,49,48.000000,25.233645,48.000000,50.467290,100.000000,50.000000,1.000000,2.000000,0.000000,0.000000,1.000000,2.000000,97.041667,167.260870,76.870393,71.348216,3.000000
2026-06-24T22:49:43.197183694Z,1000,per_hit,raw_percent_of_host,api-node1,api-node2,31,18,49,51.428571,25.000000,51.428571,50.000000,100.000000,50.000000,0.000000,1.000000,0.000000,0.000000,0.000000,1.000000,95.500000,166.315789,77.372721,55.691389,3.000000
2026-06-24T22:49:44.197183626Z,1000,per_hit,raw_percent_of_host,api-node1,api-node2,31,18,49,51.428571,18.867925,51.428571,37.735849,100.000000,50.000000,1.000000,0.000000,0.000000,0.000000,1.000000,0.000000,113.700000,122.421053,75.129331,58.584074,3.000000
2026-06-24T22:49:45.197184729Z,1000,per_hit,raw_percent_of_host,api-node1,api-node2,25,22,47,39.215686,24.770642,39.215686,49.541284,100.000000,50.000000,0.000000,2.000000,0.000000,0.000000,0.000000,2.000000,149.346154,127.900000,71.776002,53.889289,3.000000
2026-06-24T22:49:46.197184511Z,1000,per_hit,raw_percent_of_host,api-node1,api-node2,25,22,47,43.877551,24.074074,43.877551,48.148148,100.000000,50.000000,1.000000,1.000000,0.000000,0.000000,1.000000,1.000000,106.541667,138.391304,78.722193,73.662833,3.000000
2026-06-24T22:49:47.19718337Z,1000,per_hit,raw_percent_of_host,api-node1,api-node2,28,18,46,38.235294,24.528302,38.235294,49.056604,100.000000,50.000000,1.000000,1.000000,0.000000,0.000000,1.000000,1.000000,125.750000,135.333333,77.130486,45.910915,3.000000
2026-06-24T22:49:48.19718276Z,1000,per_hit,raw_percent_of_host,api-node1,api-node2,22,24,46,48.076923,24.299065,48.076923,48.598131,100.000000,50.000000,0.000000,1.000000,0.000000,0.000000,0.000000,1.000000,79.260870,137.625000,78.965493,70.268450,3.000000
2026-06-24T22:49:49.197182818Z,1000,per_hit,raw_percent_of_host,api-node1,api-node2,24,21,45,48.000000,25.000000,48.000000,50.000000,100.000000,50.000000,1.000000,1.000000,0.000000,0.000000,1.000000,1.000000,96.565217,100.904762,75.091442,55.683180,3.000000
2026-06-24T22:49:50.197183991Z,1000,per_hit,raw_percent_of_host,api-node1,api-node2,22,21,43,46.601942,23.148148,46.601942,46.296296,100.000000,50.000000,0.000000,2.000000,0.000000,0.000000,0.000000,2.000000,81.869565,194.700000,71.074227,73.208711,3.000000
2026-06-24T22:49:51.197219208Z,1000,per_hit,raw_percent_of_host,api-node1,api-node2,27,17,44,51.960784,29.292929,51.960784,58.585859,100.000000,50.000000,1.000000,0.000000,0.000000,0.000000,1.000000,0.000000,89.500000,124.842105,77.269841,65.991435,3.000000
2026-06-24T22:49:52.197183652Z,1000,per_hit,raw_percent_of_host,api-node1,api-node2,23,19,42,49.514563,26.126126,49.514563,52.252252,100.000000,50.000000,0.000000,1.000000,0.000000,0.000000,0.000000,1.000000,83.708333,134.388889,74.266292,67.030503,3.000000
2026-06-24T22:49:53.197182791Z,1000,per_hit,raw_percent_of_host,api-node1,api-node2,23,18,41,41.904762,25.233645,41.904762,50.467290,100.000000,50.000000,1.000000,0.000000,0.000000,0.000000,1.000000,0.000000,102.318182,113.263158,77.611613,55.475203,3.000000
2026-06-24T22:49:54.197183386Z,1000,per_hit,raw_percent_of_host,api-node1,api-node2,24,16,40,45.544554,25.925926,45.544554,51.851852,100.000000,50.000000,1.000000,0.000000,0.000000,0.000000,1.000000,0.000000,73.083333,118.687500,70.644066,70.984214,3.000000
2026-06-24T22:49:55.197184856Z,1000,per_hit,raw_percent_of_host,api-node1,api-node2,23,16,39,52.000000,24.299065,52.000000,48.598131,100.000000,50.000000,1.000000,1.000000,0.000000,0.000000,1.000000,1.000000,86.217391,85.266667,79.183760,74.340307,3.000000
2026-06-24T22:49:56.197184084Z,1000,per_hit,raw_percent_of_host,api-node1,api-node2,21,17,38,36.842105,24.528302,36.842105,49.056604,100.000000,50.000000,1.000000,0.000000,0.000000,0.000000,1.000000,0.000000,66.238095,94.388889,78.283316,63.977058,3.000000
2026-06-24T22:49:57.197183265Z,1000,per_hit,raw_percent_of_host,api-node1,api-node2,17,20,37,37.500000,25.233645,37.500000,50.467290,100.000000,50.000000,0.000000,1.000000,0.000000,0.000000,0.000000,1.000000,69.000000,106.210526,82.046227,73.806426,3.000000
2026-06-24T22:49:58.197183066Z,1000,per_hit,raw_percent_of_host,api-node1,api-node2,23,13,36,50.495050,20.560748,50.495050,41.121495,100.000000,50.000000,1.000000,0.000000,0.000000,0.000000,1.000000,0.000000,66.000000,98.857143,78.749756,63.776277,3.000000
2026-06-24T22:49:59.197183807Z,1000,per_hit,raw_percent_of_host,api-node1,api-node2,21,14,35,49.000000,24.074074,49.000000,48.148148,100.000000,50.000000,0.000000,2.000000,0.000000,0.000000,0.000000,2.000000,61.772727,111.333333,78.722869,78.834988,3.000000
2026-06-24T22:50:00.197183581Z,1000,per_hit,raw_percent_of_host,api-node1,api-node2,14,20,34,29.591837,26.168224,29.591837,52.336449,100.000000,50.000000,1.000000,4.000000,0.000000,0.000000,1.000000,4.000000,67.000000,115.166667,74.225368,58.496085,3.000000
2026-06-24T22:50:01.197182769Z,1000,per_hit,raw_percent_of_host,api-node1,api-node2,17,16,33,35.294118,20.754717,35.294118,41.509434,100.000000,50.000000,1.000000,0.000000,0.000000,0.000000,1.000000,0.000000,57.705882,107.100000,80.330680,74.444127,3.000000
2026-06-24T22:50:02.197182755Z,1000,per_hit,raw_percent_of_host,api-node1,api-node2,17,15,32,38.541667,26.851852,38.541667,53.703704,100.000000,50.000000,1.000000,0.000000,0.000000,0.000000,1.000000,0.000000,65.000000,125.533333,75.209521,73.544187,3.000000
2026-06-24T22:50:03.197184287Z,1000,per_hit,raw_percent_of_host,api-node1,api-node2,18,14,32,40.404040,25.233645,40.404040,50.467290,100.000000,50.000000,1.000000,0.000000,0.000000,0.000000,1.000000,0.000000,64.166667,97.642857,76.932441,64.836777,3.000000
2026-06-24T22:50:04.197184076Z,1000,per_hit,raw_percent_of_host,api-node1,api-node2,16,15,31,44.554455,25.233645,44.554455,50.467290,100.000000,50.000000,0.000000,1.000000,0.000000,0.000000,0.000000,1.000000,64.882353,97.642857,81.911233,70.760157,3.000000
2026-06-24T22:50:05.197183866Z,1000,per_hit,raw_percent_of_host,api-node1,api-node2,18,13,31,46.000000,24.242424,46.000000,48.484848,100.000000,50.000000,1.000000,0.000000,0.000000,0.000000,1.000000,0.000000,55.117647,57.714286,81.471995,80.757214,3.000000
2026-06-24T22:50:06.197183345Z,1000,per_hit,raw_percent_of_host,api-node1,api-node2,18,12,30,39.583333,23.232323,39.583333,46.464646,100.000000,50.000000,1.000000,0.000000,0.000000,0.000000,1.000000,0.000000,61.000000,78.250000,81.729923,76.535774,3.000000
2026-06-24T22:50:07.197183959Z,1000,per_hit,raw_percent_of_host,api-node1,api-node2,19,11,30,46.938776,23.364486,46.938776,46.728972,100.000000,50.000000,1.000000,0.000000,0.000000,0.000000,1.000000,0.000000,52.736842,76.272727,82.599919,76.474859,3.000000
2026-06-24T22:50:08.197182722Z,1000,per_hit,raw_percent_of_host,api-node1,api-node2,16,14,30,37.500000,24.299065,37.500000,48.598131,100.000000,50.000000,1.000000,0.000000,0.000000,0.000000,1.000000,0.000000,52.687500,87.714286,81.673540,74.695869,3.000000
2026-06-24T22:50:09.19718328Z,1000,per_hit,raw_percent_of_host,api-node1,api-node2,19,11,30,41.176471,18.181818,41.176471,36.363636,100.000000,50.000000,0.000000,1.000000,0.000000,0.000000,0.000000,1.000000,74.200000,94.300000,81.204132,69.439260,3.000000
2026-06-24T22:50:10.197182729Z,1000,per_hit,raw_percent_of_host,api-node1,api-node2,16,14,30,46.534653,26.168224,46.534653,52.336449,100.000000,50.000000,1.000000,0.000000,0.000000,0.000000,1.000000,0.000000,55.000000,101.200000,82.624380,68.743870,3.000000
2026-06-24T22:50:11.197183387Z,1000,per_hit,raw_percent_of_host,api-node1,api-node2,21,10,31,51.428571,15.151515,51.428571,30.303030,100.000000,50.000000,0.000000,1.000000,0.000000,0.000000,0.000000,1.000000,61.409091,86.888889,80.961679,64.513232,3.000000
2026-06-24T22:50:12.197183166Z,1000,per_hit,raw_percent_of_host,api-node1,api-node2,18,13,31,35.294118,22.641509,35.294118,45.283019,100.000000,50.000000,0.000000,1.000000,0.000000,0.000000,0.000000,1.000000,62.055556,109.846154,76.784876,71.884165,3.000000
2026-06-24T22:50:13.197183965Z,1000,per_hit,raw_percent_of_host,api-node1,api-node2,17,15,32,45.000000,22.772277,45.000000,45.544554,100.000000,50.000000,0.000000,1.000000,0.000000,0.000000,0.000000,1.000000,65.352941,92.000000,79.931399,64.174728,3.000000
2026-06-24T22:50:14.197183972Z,1000,per_hit,raw_percent_of_host,api-node1,api-node2,17,15,32,38.834951,25.233645,38.834951,50.467290,100.000000,50.000000,0.000000,1.000000,0.000000,0.000000,0.000000,1.000000,74.470588,109.133333,79.459976,60.303769,3.000000
2026-06-24T22:50:15.197183093Z,1000,per_hit,raw_percent_of_host,api-node1,api-node2,19,14,33,40.625000,12.000000,40.625000,24.000000,100.000000,50.000000,0.000000,1.000000,0.000000,0.000000,0.000000,1.000000,58.526316,87.071429,82.746300,78.809113,3.000000
2026-06-24T22:50:16.197183586Z,1000,per_hit,raw_percent_of_host,api-node1,api-node2,20,14,34,48.484848,24.242424,48.484848,48.484848,100.000000,50.000000,1.000000,0.000000,0.000000,0.000000,1.000000,0.000000,60.947368,79.866667,82.526730,70.692614,3.000000
2026-06-24T22:50:17.197184748Z,1000,per_hit,raw_percent_of_host,api-node1,api-node2,19,15,34,49.504950,25.000000,49.504950,50.000000,100.000000,50.000000,0.000000,1.000000,0.000000,0.000000,0.000000,1.000000,56.050000,82.428571,81.036813,73.320806,3.000000
2026-06-24T22:50:18.197183294Z,1000,per_hit,raw_percent_of_host,api-node1,api-node2,17,18,35,46.601942,19.626168,46.601942,39.252336,100.000000,50.000000,1.000000,1.000000,0.000000,0.000000,1.000000,1.000000,55.625000,132.277778,78.368009,63.404983,3.000000
2026-06-24T22:50:19.19718298Z,1000,per_hit,raw_percent_of_host,api-node1,api-node2,18,18,36,41.000000,24.528302,41.000000,49.056604,100.000000,50.000000,0.000000,1.000000,0.000000,0.000000,0.000000,1.000000,72.210526,95.277778,77.915625,73.853801,3.000000
2026-06-24T22:50:20.197182953Z,1000,per_hit,raw_percent_of_host,api-node1,api-node2,23,14,37,43.137255,24.752475,43.137255,49.504950,100.000000,50.000000,0.000000,2.000000,0.000000,0.000000,0.000000,2.000000,97.913043,97.461538,79.575046,65.457788,3.000000
2026-06-24T22:50:21.197183823Z,1000,per_hit,raw_percent_of_host,api-node1,api-node2,23,15,38,45.454545,24.000000,45.454545,48.000000,100.000000,50.000000,1.000000,1.000000,0.000000,0.000000,1.000000,1.000000,69.136364,84.687500,77.143207,75.567928,3.000000
2026-06-24T22:50:22.197183511Z,1000,per_hit,raw_percent_of_host,api-node1,api-node2,18,21,39,42.307692,25.233645,42.307692,50.467290,100.000000,50.000000,0.000000,2.000000,0.000000,0.000000,0.000000,2.000000,68.105263,149.350000,80.465304,54.050896,3.000000
2026-06-24T22:50:23.197184735Z,1000,per_hit,raw_percent_of_host,api-node1,api-node2,20,20,40,46.315789,25.233645,46.315789,50.467290,100.000000,50.000000,0.000000,3.000000,0.000000,0.000000,0.000000,3.000000,64.200000,157.000000,81.585437,74.503523,3.000000
2026-06-24T22:50:24.197183563Z,1000,per_hit,raw_percent_of_host,api-node1,api-node2,19,22,41,34.951456,25.471698,34.951456,50.943396,100.000000,50.000000,1.000000,1.000000,0.000000,0.000000,1.000000,1.000000,68.833333,158.708333,80.826989,66.071057,3.000000
2026-06-24T22:50:25.197182578Z,1000,per_hit,raw_percent_of_host,api-node1,api-node2,25,17,42,46.464646,19.626168,46.464646,39.252336,100.000000,50.000000,1.000000,1.000000,0.000000,0.000000,1.000000,1.000000,72.640000,134.823529,78.964798,70.233189,3.000000
2026-06-24T22:50:26.197183939Z,1000,per_hit,raw_percent_of_host,api-node1,api-node2,22,21,43,38.679245,25.233645,38.679245,50.467290,100.000000,50.000000,0.000000,1.000000,0.000000,0.000000,0.000000,1.000000,100.913043,118.333333,76.946601,59.073749,3.000000
2026-06-24T22:50:27.197183547Z,1000,per_hit,raw_percent_of_host,api-node1,api-node2,24,20,44,48.484848,22.222222,48.484848,44.444444,100.000000,50.000000,1.000000,3.000000,0.000000,0.000000,1.000000,3.000000,75.173913,139.000000,79.381009,76.440683,3.000000
2026-06-24T22:50:28.197183719Z,1000,per_hit,raw_percent_of_host,api-node1,api-node2,21,24,45,42.000000,25.000000,42.000000,50.000000,100.000000,50.000000,1.000000,11.000000,0.000000,0.000000,1.000000,11.000000,76.666667,155.812500,74.538153,71.883669,3.000000
2026-06-24T22:50:29.197184791Z,1000,per_hit,raw_percent_of_host,api-node1,api-node2,22,23,45,49.514563,25.000000,49.514563,50.000000,100.000000,50.000000,0.000000,3.000000,0.000000,0.000000,0.000000,3.000000,78.782609,179.032258,79.161601,63.193713,3.000000
2026-06-24T22:50:30.197192523Z,1000,per_hit,raw_percent_of_host,api-node1,api-node2,24,23,47,40.776699,24.299065,40.776699,48.598131,100.000000,50.000000,1.000000,4.000000,0.000000,0.000000,1.000000,4.000000,81.913043,158.181818,75.076092,59.658834,3.000000
2026-06-24T22:50:31.197185507Z,1000,per_hit,raw_percent_of_host,api-node1,api-node2,27,21,48,44.000000,19.626168,44.000000,39.252336,100.000000,50.000000,0.000000,6.000000,0.000000,0.000000,0.000000,6.000000,86.857143,165.631579,77.846531,64.244717,3.000000
2026-06-24T22:50:32.197184344Z,1000,per_hit,raw_percent_of_host,api-node1,api-node2,26,22,48,43.689320,23.584906,43.689320,47.169811,100.000000,50.000000,1.000000,1.000000,0.000000,0.000000,1.000000,1.000000,97.400000,157.518519,76.948982,55.693257,3.000000
2026-06-24T22:50:33.197183359Z,1000,per_hit,raw_percent_of_host,api-node1,api-node2,25,24,49,46.078431,26.000000,46.078431,52.000000,100.000000,50.000000,0.000000,4.000000,0.000000,0.000000,0.000000,4.000000,92.346154,144.476190,78.188822,58.945090,3.000000
2026-06-24T22:50:34.197183613Z,1000,per_hit,raw_percent_of_host,api-node1,api-node2,29,20,49,49.038462,15.887850,49.038462,31.775701,100.000000,50.000000,1.000000,10.000000,0.000000,0.000000,1.000000,10.000000,101.678571,184.642857,76.134512,56.305720,3.000000
2026-06-24T22:50:35.197184123Z,1000,per_hit,raw_percent_of_host,api-node1,api-node2,31,19,50,40.404040,18.867925,40.404040,37.735849,100.000000,50.000000,1.000000,0.000000,0.000000,0.000000,1.000000,0.000000,89.193548,175.965517,76.607838,73.831142,3.000000
2026-06-24T22:50:36.197183392Z,1000,per_hit,raw_percent_of_host,api-node1,api-node2,28,22,50,48.543689,23.584906,48.543689,47.169811,100.000000,50.000000,1.000000,2.000000,0.000000,0.000000,1.000000,2.000000,95.500000,137.400000,78.173431,68.438711,3.000000
2026-06-24T22:50:37.197182683Z,1000,per_hit,raw_percent_of_host,api-node1,api-node2,30,20,50,50.000000,23.232323,50.000000,46.464646,100.000000,50.000000,1.000000,3.000000,0.000000,0.000000,1.000000,3.000000,111.100000,132.157895,73.970300,70.794154,3.000000
2026-06-24T22:50:38.19718377Z,1000,per_hit,raw_percent_of_host,api-node1,api-node2,31,19,50,41.747573,22.000000,41.747573,44.000000,100.000000,50.000000,0.000000,1.000000,0.000000,0.000000,0.000000,1.000000,117.281250,130.619048,74.774087,54.351670,3.000000
2026-06-24T22:50:39.197182781Z,1000,per_hit,raw_percent_of_host,api-node1,api-node2,28,22,50,47.115385,24.528302,47.115385,49.056604,100.000000,50.000000,1.000000,1.000000,0.000000,0.000000,1.000000,1.000000,92.851852,138.545455,76.736723,67.355987,3.000000
2026-06-24T22:50:40.197183026Z,1000,per_hit,raw_percent_of_host,api-node1,api-node2,27,23,50,46.000000,21.495327,46.000000,42.990654,100.000000,50.000000,1.000000,4.000000,0.000000,0.000000,1.000000,4.000000,106.037037,149.350000,74.864080,73.389089,3.000000
2026-06-24T22:50:41.197184663Z,1000,per_hit,raw_percent_of_host,api-node1,api-node2,25,24,49,44.897959,22.000000,44.897959,44.000000,100.000000,50.000000,1.000000,7.000000,0.000000,0.000000,1.000000,7.000000,92.680000,164.047619,76.781942,71.739692,3.000000
2026-06-24T22:50:42.197184399Z,1000,per_hit,raw_percent_of_host,api-node1,api-node2,33,16,49,46.153846,26.086957,46.153846,52.173913,100.000000,50.000000,1.000000,0.000000,0.000000,0.000000,1.000000,0.000000,128.424242,171.217391,75.318885,54.482447,3.000000
2026-06-24T22:50:43.197184788Z,1000,per_hit,raw_percent_of_host,api-node1,api-node2,23,26,49,27.184466,25.233645,27.184466,50.467290,100.000000,50.000000,1.000000,2.000000,0.000000,0.000000,1.000000,2.000000,103.391304,130.000000,76.294751,60.342841,3.000000
2026-06-24T22:50:44.197184923Z,1000,per_hit,raw_percent_of_host,api-node1,api-node2,25,23,48,50.495050,18.691589,50.495050,37.383178,100.000000,50.000000,1.000000,3.000000,0.000000,0.000000,1.000000,3.000000,84.480000,162.181818,78.792952,77.009000,3.000000
2026-06-24T22:50:45.197183452Z,1000,per_hit,raw_percent_of_host,api-node1,api-node2,26,22,48,44.117647,26.605505,44.117647,53.211009,100.000000,50.000000,1.000000,2.000000,0.000000,0.000000,1.000000,2.000000,94.730769,145.478261,76.529772,56.574893,3.000000
2026-06-24T22:50:46.197184279Z,1000,per_hit,raw_percent_of_host,api-node1,api-node2,21,26,47,40.404040,24.299065,40.404040,48.598131,100.000000,50.000000,1.000000,11.000000,0.000000,0.000000,1.000000,11.000000,82.571429,133.647059,78.040799,67.115209,3.000000
2026-06-24T22:50:47.197185105Z,1000,per_hit,raw_percent_of_host,api-node1,api-node2,27,19,46,46.601942,20.792079,46.601942,41.584158,100.000000,50.000000,1.000000,3.000000,0.000000,0.000000,1.000000,3.000000,81.703704,189.629630,76.598339,72.670252,3.000000
2026-06-24T22:50:48.197183913Z,1000,per_hit,raw_percent_of_host,api-node1,api-node2,25,21,46,46.000000,24.299065,46.000000,48.598131,100.000000,50.000000,1.000000,2.000000,0.000000,0.000000,1.000000,2.000000,80.040000,146.590909,79.449772,76.657934,3.000000
2026-06-24T22:50:49.197183427Z,1000,per_hit,raw_percent_of_host,api-node1,api-node2,23,22,45,50.980392,25.925926,50.980392,51.851852,100.000000,50.000000,1.000000,2.000000,0.000000,0.000000,1.000000,2.000000,81.304348,112.636364,77.609402,72.905270,3.000000
2026-06-24T22:50:50.197185909Z,1000,per_hit,raw_percent_of_host,api-node1,api-node2,21,23,44,37.373737,22.429907,37.373737,44.859813,100.000000,50.000000,0.000000,5.000000,0.000000,0.000000,0.000000,5.000000,73.681818,131.150000,75.278339,69.463697,3.000000
2026-06-24T22:50:51.197183854Z,1000,per_hit,raw_percent_of_host,api-node1,api-node2,24,19,43,43.000000,27.358491,43.000000,54.716981,100.000000,50.000000,0.000000,2.000000,0.000000,0.000000,0.000000,2.000000,79.666667,149.409091,80.115277,61.748763,3.000000
2026-06-24T22:50:52.197183281Z,1000,per_hit,raw_percent_of_host,api-node1,api-node2,21,21,42,39.215686,23.584906,39.215686,47.169811,100.000000,50.000000,0.000000,2.000000,0.000000,0.000000,0.000000,2.000000,75.761905,125.571429,80.689055,55.439988,3.000000
2026-06-24T22:50:53.197183196Z,1000,per_hit,raw_percent_of_host,api-node1,api-node2,23,18,41,41.000000,24.299065,41.000000,48.598131,100.000000,50.000000,1.000000,2.000000,0.000000,0.000000,1.000000,2.000000,73.636364,110.388889,80.713610,69.332231,3.000000
2026-06-24T22:50:54.197185236Z,1000,per_hit,raw_percent_of_host,api-node1,api-node2,23,17,40,39.795918,27.450980,39.795918,54.901961,100.000000,50.000000,1.000000,0.000000,0.000000,0.000000,1.000000,0.000000,97.043478,117.789474,78.694374,58.768610,3.000000
2026-06-24T22:50:55.197182841Z,1000,per_hit,raw_percent_of_host,api-node1,api-node2,23,16,39,42.857143,26.168224,42.857143,52.336449,100.000000,50.000000,1.000000,0.000000,0.000000,0.000000,1.000000,0.000000,76.130435,120.312500,74.221895,74.698549,3.000000
2026-06-24T22:50:56.197186403Z,1000,per_hit,raw_percent_of_host,api-node1,api-node2,20,17,37,36.893204,24.299065,36.893204,48.598131,100.000000,50.000000,1.000000,2.000000,0.000000,0.000000,1.000000,2.000000,83.000000,119.533333,78.825884,52.588834,3.000000
2026-06-24T22:50:57.197183343Z,1000,per_hit,raw_percent_of_host,api-node1,api-node2,21,15,36,45.631068,25.252525,45.631068,50.505051,100.000000,50.000000,0.000000,1.000000,0.000000,0.000000,0.000000,1.000000,74.636364,88.687500,80.385930,70.787684,3.000000
2026-06-24T22:50:58.197182678Z,1000,per_hit,raw_percent_of_host,api-node1,api-node2,22,14,36,47.959184,17.647059,47.959184,35.294118,100.000000,50.000000,0.000000,2.000000,0.000000,0.000000,0.000000,2.000000,63.636364,80.923077,81.353484,78.736947,3.000000
2026-06-24T22:50:59.197183429Z,1000,per_hit,raw_percent_of_host,api-node1,api-node2,17,18,35,45.000000,25.233645,45.000000,50.467290,100.000000,50.000000,1.000000,0.000000,0.000000,0.000000,1.000000,0.000000,55.000000,130.050000,78.729335,55.351761,3.000000
2026-06-24T22:51:00.197183721Z,1000,per_hit,raw_percent_of_host,api-node1,api-node2,20,14,34,38.947368,18.867925,38.947368,37.735849,100.000000,50.000000,0.000000,1.000000,0.000000,0.000000,0.000000,1.000000,73.333333,108.153846,78.808848,66.440891,3.000000
2026-06-24T22:51:01.197184881Z,1000,per_hit,raw_percent_of_host,api-node1,api-node2,19,14,33,49.514563,23.655914,49.514563,47.311828,100.000000,50.000000,1.000000,0.000000,0.000000,0.000000,1.000000,0.000000,62.388889,87.000000,82.252498,64.103544,3.000000
2026-06-24T22:51:02.197183351Z,1000,per_hit,raw_percent_of_host,api-node1,api-node2,16,16,32,41.414141,24.074074,41.414141,48.148148,100.000000,50.000000,1.000000,0.000000,0.000000,0.000000,1.000000,0.000000,52.562500,95.312500,80.835254,67.267721,3.000000
2026-06-24T22:51:03.197183594Z,1000,per_hit,raw_percent_of_host,api-node1,api-node2,24,8,32,49.514563,17.000000,49.514563,34.000000,100.000000,50.000000,1.000000,0.000000,0.000000,0.000000,1.000000,0.000000,67.458333,102.750000,82.295382,54.846004,3.000000
2026-06-24T22:51:04.197183985Z,1000,per_hit,raw_percent_of_host,api-node1,api-node2,16,15,31,47.524752,27.956989,47.524752,55.913978,100.000000,50.000000,0.000000,1.000000,0.000000,0.000000,0.000000,1.000000,54.235294,74.000000,80.477176,74.234077,3.000000
2026-06-24T22:51:05.197183202Z,1000,per_hit,raw_percent_of_host,api-node1,api-node2,14,17,31,35.714286,25.233645,35.714286,50.467290,100.000000,50.000000,0.000000,1.000000,0.000000,0.000000,0.000000,1.000000,58.928571,109.823529,81.591909,66.746974,3.000000
2026-06-24T22:51:06.197184224Z,1000,per_hit,raw_percent_of_host,api-node1,api-node2,13,17,30,36.363636,23.364486,36.363636,46.728972,100.000000,50.000000,0.000000,2.000000,0.000000,0.000000,0.000000,2.000000,53.076923,101.250000,82.877351,67.608420,3.000000
2026-06-24T22:51:07.197183362Z,1000,per_hit,raw_percent_of_host,api-node1,api-node2,16,14,30,28.723404,17.757009,28.723404,35.514019,100.000000,50.000000,1.000000,1.000000,0.000000,0.000000,1.000000,1.000000,54.866667,105.333333,83.067884,71.745693,3.000000
2026-06-24T22:51:08.197183848Z,1000,per_hit,raw_percent_of_host,api-node1,api-node2,15,15,30,40.404040,20.370370,40.404040,40.740741,100.000000,50.000000,0.000000,2.000000,0.000000,0.000000,0.000000,2.000000,61.937500,92.071429,82.834869,60.089622,3.000000
2026-06-24T22:51:09.197192214Z,1000,per_hit,raw_percent_of_host,api-node1,api-node2,19,11,30,40.206186,20.202020,40.206186,40.404040,100.000000,50.000000,0.000000,2.000000,0.000000,0.000000,0.000000,2.000000,70.842105,84.545455,81.404890,79.766205,3.000000
2026-06-24T22:51:10.197183823Z,1000,per_hit,raw_percent_of_host,api-node1,api-node2,14,16,30,30.927835,25.233645,30.927835,50.467290,100.000000,50.000000,0.000000,1.000000,0.000000,0.000000,0.000000,1.000000,50.071429,94.000000,83.143274,66.918468,3.000000
2026-06-24T22:51:11.197183426Z,1000,per_hit,raw_percent_of_host,api-node1,api-node2,18,13,31,46.601942,25.925926,46.601942,51.851852,100.000000,50.000000,1.000000,0.000000,0.000000,0.000000,1.000000,0.000000,57.411765,82.571429,82.408132,74.945056,3.000000
2026-06-24T22:51:12.197183597Z,1000,per_hit,raw_percent_of_host,api-node1,api-node2,9,13,22,29.292929,14.953271,29.292929,29.906542,100.000000,50.000000,0.000000,3.000000,0.000000,0.000000,0.000000,3.000000,59.400000,98.600000,82.196897,72.274730,3.000000
2026-06-24T22:51:13.197184487Z,1000,per_hit,raw_percent_of_host,api-node1,api-node2,18,14,32,31.914894,23.364486,31.914894,46.728972,100.000000,50.000000,1.000000,1.000000,0.000000,0.000000,1.000000,1.000000,58.117647,88.062500,82.797391,68.316454,3.000000
2026-06-24T22:51:14.197182603Z,1000,per_hit,raw_percent_of_host,api-node1,api-node2,15,20,35,40.196078,23.364486,40.196078,46.728972,100.000000,50.000000,1.000000,3.000000,0.000000,0.000000,1.000000,3.000000,58.200000,126.277778,81.425538,67.352312,3.000000
2026-06-24T22:51:15.197183608Z,1000,per_hit,raw_percent_of_host,api-node1,api-node2,16,10,26,35.714286,15.887850,35.714286,31.775701,100.000000,50.000000,1.000000,3.000000,0.000000,0.000000,1.000000,3.000000,53.750000,94.400000,82.836886,79.307296,3.000000
2026-06-24T22:51:16.197183458Z,1000,per_hit,raw_percent_of_host,api-node1,api-node2,20,11,31,39.393939,21.495327,39.393939,42.990654,100.000000,50.000000,3.000000,1.000000,0.000000,0.000000,3.000000,1.000000,58.888889,96.153846,82.747949,72.213353,3.000000
2026-06-24T22:51:17.197182515Z,1000,per_hit,raw_percent_of_host,api-node1,api-node2,24,21,45,34.313725,26.000000,34.313725,52.000000,100.000000,50.000000,6.000000,2.000000,0.000000,0.000000,6.000000,2.000000,78.619048,106.950000,75.501020,60.161493,3.000000
2026-06-24T22:51:18.197183202Z,1000,per_hit,raw_percent_of_host,api-node1,api-node2,23,10,33,41.000000,11.956522,41.000000,23.913043,100.000000,50.000000,4.000000,3.000000,0.000000,0.000000,4.000000,3.000000,86.000000,92.222222,74.985226,76.248381,3.000000
2026-06-24T22:51:19.197183129Z,1000,per_hit,raw_percent_of_host,api-node1,api-node2,14,20,34,17.821782,23.762376,17.821782,47.524752,100.000000,50.000000,3.000000,4.000000,0.000000,0.000000,3.000000,4.000000,81.466667,96.894737,79.298077,76.036986,3.000000
2026-06-24T22:51:20.197190201Z,1000,per_hit,raw_percent_of_host,api-node1,api-node2,24,14,38,37.373737,23.364486,37.373737,46.728972,100.000000,50.000000,5.000000,4.000000,0.000000,0.000000,5.000000,4.000000,73.772727,91.642857,81.337906,76.081760,3.000000
2026-06-24T22:51:21.197183027Z,1000,per_hit,raw_percent_of_host,api-node1,api-node2,19,19,38,23.232323,18.867925,23.232323,37.735849,100.000000,50.000000,2.000000,7.000000,0.000000,0.000000,2.000000,7.000000,90.136364,91.812500,74.454224,65.730753,3.000000
2026-06-24T22:51:22.197183914Z,1000,per_hit,raw_percent_of_host,api-node1,api-node2,23,13,36,40.404040,22.580645,40.404040,45.161290,100.000000,50.000000,9.000000,3.000000,0.000000,0.000000,9.000000,3.000000,65.312500,174.235294,78.044929,68.423175,3.000000
2026-06-24T22:51:23.197185476Z,1000,per_hit,raw_percent_of_host,api-node1,api-node2,25,18,43,27.083333,25.510204,27.083333,51.020408,100.000000,50.000000,5.000000,6.000000,0.000000,0.000000,5.000000,6.000000,92.793103,94.200000,78.999568,69.882062,3.000000
2026-06-24T22:51:24.197184729Z,1000,per_hit,raw_percent_of_host,api-node1,api-node2,19,22,41,37.500000,19.000000,37.500000,38.000000,100.000000,50.000000,2.000000,10.000000,0.000000,0.000000,2.000000,10.000000,71.590909,116.666667,81.857862,69.377603,3.000000
2026-06-24T22:51:25.197182558Z,1000,per_hit,raw_percent_of_host,api-node1,api-node2,26,13,39,42.424242,23.404255,42.424242,46.808511,100.000000,50.000000,9.000000,5.000000,0.000000,0.000000,9.000000,5.000000,79.789474,139.666667,78.350676,69.245674,3.000000
2026-06-24T22:51:26.197183923Z,1000,per_hit,raw_percent_of_host,api-node1,api-node2,21,19,40,21.875000,21.739130,21.875000,43.478261,100.000000,50.000000,7.000000,4.000000,0.000000,0.000000,7.000000,4.000000,101.347826,107.900000,74.259794,65.871773,3.000000
2026-06-24T22:51:27.197183217Z,1000,per_hit,raw_percent_of_host,api-node1,api-node2,30,24,54,49.504950,17.582418,49.504950,35.164835,100.000000,50.000000,11.000000,12.000000,0.000000,0.000000,11.000000,12.000000,70.384615,132.937500,74.829414,72.115867,3.000000
2026-06-24T22:51:28.197183407Z,1000,per_hit,raw_percent_of_host,api-node1,api-node2,19,14,33,28.282828,18.279570,28.282828,36.559140,100.000000,50.000000,7.000000,2.000000,0.000000,0.000000,7.000000,2.000000,100.521739,155.708333,78.905521,66.460040,3.000000
2026-06-24T22:51:29.197184092Z,1000,per_hit,raw_percent_of_host,api-node1,api-node2,33,21,54,33.009709,18.279570,33.009709,36.559140,100.000000,50.000000,11.000000,7.000000,0.000000,0.000000,11.000000,7.000000,93.655172,115.562500,76.326938,61.268934,3.000000
2026-06-24T22:51:30.197183582Z,1000,per_hit,raw_percent_of_host,api-node1,api-node2,15,16,31,36.538462,25.252525,36.538462,50.505051,100.000000,50.000000,2.000000,1.000000,0.000000,0.000000,2.000000,1.000000,107.708333,120.409091,71.868726,61.687819,3.000000
2026-06-24T22:51:31.197183269Z,1000,per_hit,raw_percent_of_host,api-node1,api-node2,25,27,52,31.000000,24.299065,31.000000,48.598131,100.000000,50.000000,4.000000,12.000000,0.000000,0.000000,4.000000,12.000000,84.652174,73.937500,78.699373,72.826123,3.000000
2026-06-24T22:51:32.197184118Z,1000,per_hit,raw_percent_of_host,api-node1,api-node2,23,19,42,43.000000,23.232323,43.000000,46.464646,100.000000,50.000000,2.000000,2.000000,0.000000,0.000000,2.000000,2.000000,77.480000,188.551724,78.338361,55.924745,3.000000
2026-06-24T22:51:33.197183236Z,1000,per_hit,raw_percent_of_host,api-node1,api-node2,34,24,58,41.666667,22.580645,41.666667,45.161290,100.000000,50.000000,3.000000,5.000000,0.000000,0.000000,3.000000,5.000000,93.878788,106.428571,68.406326,65.159383,3.000000
2026-06-24T22:51:34.197183477Z,1000,per_hit,raw_percent_of_host,api-node1,api-node2,26,19,45,42.708333,20.792079,42.708333,41.584158,100.000000,50.000000,5.000000,3.000000,0.000000,0.000000,5.000000,3.000000,72.708333,129.619048,79.343614,63.812683,3.000000
2026-06-24T22:51:35.197183064Z,1000,per_hit,raw_percent_of_host,api-node1,api-node2,28,26,54,47.959184,25.742574,47.959184,51.485149,100.000000,50.000000,4.000000,4.000000,0.000000,0.000000,4.000000,4.000000,86.896552,107.640000,73.509330,63.317048,3.000000
2026-06-24T22:51:36.197183541Z,1000,per_hit,raw_percent_of_host,api-node1,api-node2,28,22,50,51.456311,22.471910,51.456311,44.943820,100.000000,50.000000,5.000000,4.000000,0.000000,0.000000,5.000000,4.000000,91.962963,103.636364,72.591310,67.391627,3.000000
2026-06-24T22:51:37.197184155Z,1000,per_hit,raw_percent_of_host,api-node1,api-node2,28,22,50,27.551020,25.000000,27.551020,50.000000,100.000000,50.000000,6.000000,3.000000,0.000000,0.000000,6.000000,3.000000,109.037037,132.652174,69.748422,59.067013,3.000000
2026-06-24T22:51:38.197184859Z,1000,per_hit,raw_percent_of_host,api-node1,api-node2,30,20,50,42.105263,20.202020,42.105263,40.404040,100.000000,50.000000,4.000000,5.000000,0.000000,0.000000,4.000000,5.000000,96.733333,121.055556,70.864828,59.632348,3.000000
2026-06-24T22:51:39.197183975Z,1000,per_hit,raw_percent_of_host,api-node1,api-node2,23,27,50,47.474747,24.175824,47.474747,48.351648,100.000000,50.000000,3.000000,7.000000,0.000000,0.000000,3.000000,7.000000,82.000000,101.520000,76.485120,68.878269,3.000000
2026-06-24T22:51:40.197184178Z,1000,per_hit,raw_percent_of_host,api-node1,api-node2,24,26,50,43.137255,25.742574,43.137255,51.485149,100.000000,50.000000,3.000000,5.000000,0.000000,0.000000,3.000000,5.000000,72.791667,157.964286,75.666201,60.732362,3.000000
2026-06-24T22:51:41.197183388Z,1000,per_hit,raw_percent_of_host,api-node1,api-node2,33,16,49,46.464646,21.782178,46.464646,43.564356,100.000000,50.000000,6.000000,2.000000,0.000000,0.000000,6.000000,2.000000,97.133333,126.210526,65.911186,63.104861,3.000000
2026-06-24T22:51:42.19718382Z,1000,per_hit,raw_percent_of_host,api-node1,api-node2,22,27,49,47.058824,22.680412,47.058824,45.360825,100.000000,50.000000,2.000000,6.000000,0.000000,0.000000,2.000000,6.000000,78.615385,133.652174,71.241009,67.804733,3.000000
2026-06-24T22:51:43.197183812Z,1000,per_hit,raw_percent_of_host,api-node1,api-node2,25,24,49,32.978723,26.732673,32.978723,53.465347,100.000000,50.000000,5.000000,3.000000,0.000000,0.000000,5.000000,3.000000,75.636364,131.666667,72.284720,61.312537,3.000000
2026-06-24T22:51:44.19718317Z,1000,per_hit,raw_percent_of_host,api-node1,api-node2,31,17,48,51.456311,14.285714,51.456311,28.571429,100.000000,50.000000,5.000000,4.000000,0.000000,0.000000,5.000000,4.000000,94.032258,107.187500,73.773846,64.874069,3.000000
2026-06-24T22:51:45.197182864Z,1000,per_hit,raw_percent_of_host,api-node1,api-node2,26,21,47,29.292929,23.584906,29.292929,47.169811,100.000000,50.000000,4.000000,5.000000,0.000000,0.000000,4.000000,5.000000,92.481481,124.100000,71.648941,60.021642,3.000000
2026-06-24T22:51:46.197183261Z,1000,per_hit,raw_percent_of_host,api-node1,api-node2,30,16,46,42.718447,23.711340,42.718447,47.422680,100.000000,50.000000,3.000000,3.000000,0.000000,0.000000,3.000000,3.000000,93.838710,116.166667,74.831029,58.243438,3.000000
2026-06-24T22:51:47.197183436Z,1000,per_hit,raw_percent_of_host,api-node1,api-node2,23,22,45,38.383838,24.489796,38.383838,48.979592,100.000000,50.000000,1.000000,5.000000,0.000000,0.000000,1.000000,5.000000,66.440000,101.350000,80.543776,67.784323,3.000000
2026-06-24T22:51:48.197183476Z,1000,per_hit,raw_percent_of_host,api-node1,api-node2,26,19,45,42.574257,26.000000,42.574257,52.000000,100.000000,50.000000,5.000000,3.000000,0.000000,0.000000,5.000000,3.000000,70.409091,130.000000,77.077272,61.072839,3.000000
2026-06-24T22:51:49.197183055Z,1000,per_hit,raw_percent_of_host,api-node1,api-node2,28,17,45,38.461538,21.782178,38.461538,43.564356,100.000000,50.000000,3.000000,3.000000,0.000000,0.000000,3.000000,3.000000,91.400000,115.647059,70.106767,59.334548,3.000000
2026-06-24T22:51:50.197184243Z,1000,per_hit,raw_percent_of_host,api-node1,api-node2,26,18,44,49.514563,25.000000,49.514563,50.000000,100.000000,50.000000,2.000000,3.000000,0.000000,0.000000,2.000000,3.000000,83.037037,96.833333,74.446166,68.638524,3.000000
2026-06-24T22:51:51.197183158Z,1000,per_hit,raw_percent_of_host,api-node1,api-node2,25,18,43,52.000000,30.107527,52.000000,60.215054,100.000000,50.000000,2.000000,4.000000,0.000000,0.000000,2.000000,4.000000,72.200000,107.941176,77.895292,64.172746,3.000000
2026-06-24T22:51:52.197183271Z,1000,per_hit,raw_percent_of_host,api-node1,api-node2,19,23,42,42.857143,25.000000,42.857143,50.000000,100.000000,50.000000,0.000000,5.000000,0.000000,0.000000,0.000000,5.000000,64.950000,108.636364,77.818344,60.848955,3.000000
2026-06-24T22:51:53.197184225Z,1000,per_hit,raw_percent_of_host,api-node1,api-node2,25,15,40,47.000000,21.212121,47.000000,42.424242,100.000000,50.000000,1.000000,4.000000,0.000000,0.000000,1.000000,4.000000,60.750000,90.750000,81.649452,78.340401,3.000000
2026-06-24T22:51:54.19718285Z,1000,per_hit,raw_percent_of_host,api-node1,api-node2,29,10,39,48.958333,14.953271,48.958333,29.906542,100.000000,50.000000,4.000000,1.000000,0.000000,0.000000,4.000000,1.000000,68.423077,85.076923,80.102201,73.803328,3.000000
2026-06-24T22:51:55.197182677Z,1000,per_hit,raw_percent_of_host,api-node1,api-node2,20,18,38,46.938776,23.584906,46.938776,47.169811,100.000000,50.000000,2.000000,3.000000,0.000000,0.000000,2.000000,3.000000,64.863636,110.625000,79.998829,60.135699,3.000000
2026-06-24T22:51:56.197183869Z,1000,per_hit,raw_percent_of_host,api-node1,api-node2,20,17,37,31.683168,25.000000,31.683168,50.000000,100.000000,50.000000,3.000000,2.000000,0.000000,0.000000,3.000000,2.000000,62.368421,111.444444,81.169890,61.480680,3.000000
2026-06-24T22:51:57.197182602Z,1000,per_hit,raw_percent_of_host,api-node1,api-node2,21,14,35,35.353535,27.358491,35.353535,54.716981,100.000000,50.000000,4.000000,0.000000,0.000000,0.000000,4.000000,0.000000,66.600000,116.562500,82.284807,58.901417,3.000000
2026-06-24T22:51:58.197183684Z,1000,per_hit,raw_percent_of_host,api-node1,api-node2,14,21,35,27.835052,21.000000,27.835052,42.000000,100.000000,50.000000,2.000000,4.000000,0.000000,0.000000,2.000000,4.000000,68.937500,117.705882,79.394026,68.739410,3.000000
2026-06-24T22:51:59.197182543Z,1000,per_hit,raw_percent_of_host,api-node1,api-node2,19,16,35,42.424242,14.150943,42.424242,28.301887,100.000000,50.000000,2.000000,3.000000,0.000000,0.000000,2.000000,3.000000,65.631579,113.941176,76.967227,61.921214,3.000000
2026-06-24T22:52:00.197183087Z,1000,per_hit,raw_percent_of_host,api-node1,api-node2,19,15,34,46.534653,21.978022,46.534653,43.956044,100.000000,50.000000,2.000000,2.000000,0.000000,0.000000,2.000000,2.000000,66.473684,95.312500,80.571742,70.250948,3.000000
2026-06-24T22:52:01.197183081Z,1000,per_hit,raw_percent_of_host,api-node1,api-node2,17,16,33,34.343434,21.000000,34.343434,42.000000,100.000000,50.000000,4.000000,1.000000,0.000000,0.000000,4.000000,1.000000,58.000000,91.352941,81.321756,64.915746,3.000000
2026-06-24T22:52:02.197183053Z,1000,per_hit,raw_percent_of_host,api-node1,api-node2,19,13,32,45.000000,21.212121,45.000000,42.424242,100.000000,50.000000,3.000000,1.000000,0.000000,0.000000,3.000000,1.000000,62.200000,113.461538,80.316370,62.943230,3.000000
2026-06-24T22:52:03.197183143Z,1000,per_hit,raw_percent_of_host,api-node1,api-node2,13,19,32,40.384615,24.299065,40.384615,48.598131,100.000000,50.000000,0.000000,5.000000,0.000000,0.000000,0.000000,5.000000,79.375000,82.133333,76.396049,68.311793,3.000000
2026-06-24T22:52:04.197183932Z,1000,per_hit,raw_percent_of_host,api-node1,api-node2,16,15,31,36.893204,20.000000,36.893204,40.000000,100.000000,50.000000,3.000000,1.000000,0.000000,0.000000,3.000000,1.000000,76.846154,110.894737,77.127879,66.134429,3.000000
2026-06-24T22:52:05.197182892Z,1000,per_hit,raw_percent_of_host,api-node1,api-node2,19,12,31,38.383838,19.626168,38.383838,39.252336,100.000000,50.000000,4.000000,0.000000,0.000000,0.000000,4.000000,0.000000,60.944444,94.000000,82.631062,77.547344,3.000000
2026-06-24T22:52:06.197183244Z,1000,per_hit,raw_percent_of_host,api-node1,api-node2,15,15,30,36.000000,25.252525,36.000000,50.505051,100.000000,50.000000,3.000000,2.000000,0.000000,0.000000,3.000000,2.000000,64.500000,79.076923,81.978755,78.019231,3.000000
2026-06-24T22:52:07.197183294Z,1000,per_hit,raw_percent_of_host,api-node1,api-node2,20,10,30,40.404040,21.212121,40.404040,42.424242,100.000000,50.000000,4.000000,0.000000,0.000000,0.000000,4.000000,0.000000,60.947368,71.750000,82.123889,78.249535,3.000000
2026-06-24T22:52:08.197183409Z,1000,per_hit,raw_percent_of_host,api-node1,api-node2,12,18,30,35.353535,25.233645,35.353535,50.467290,100.000000,50.000000,1.000000,4.000000,0.000000,0.000000,1.000000,4.000000,68.466667,99.857143,82.830158,65.181260,3.000000
2026-06-24T22:52:09.197184166Z,1000,per_hit,raw_percent_of_host,api-node1,api-node2,16,14,30,41.747573,23.913043,41.747573,47.826087,100.000000,50.000000,1.000000,4.000000,0.000000,0.000000,1.000000,4.000000,70.187500,90.714286,81.406487,71.895487,3.000000
2026-06-24T22:52:10.197183363Z,1000,per_hit,raw_percent_of_host,api-node1,api-node2,18,12,30,40.816327,20.430108,40.816327,40.860215,100.000000,50.000000,3.000000,2.000000,0.000000,0.000000,3.000000,2.000000,59.312500,85.928571,82.830987,72.553027,3.000000
2026-06-24T22:52:11.197183877Z,1000,per_hit,raw_percent_of_host,api-node1,api-node2,17,14,31,39.000000,16.000000,39.000000,32.000000,100.000000,50.000000,3.000000,3.000000,0.000000,0.000000,3.000000,3.000000,60.058824,99.000000,82.687917,67.820102,3.000000
2026-06-24T22:52:12.197183683Z,1000,per_hit,raw_percent_of_host,api-node1,api-node2,16,15,31,39.393939,20.000000,39.393939,40.000000,100.000000,50.000000,3.000000,3.000000,0.000000,0.000000,3.000000,3.000000,61.062500,100.400000,82.490007,62.009430,3.000000
2026-06-24T22:52:13.197183811Z,1000,per_hit,raw_percent_of_host,api-node1,api-node2,16,16,32,41.414141,22.222222,41.414141,44.444444,100.000000,50.000000,3.000000,4.000000,0.000000,0.000000,3.000000,4.000000,56.437500,109.066667,82.450050,70.829948,3.000000
2026-06-24T22:52:14.197182945Z,1000,per_hit,raw_percent_of_host,api-node1,api-node2,13,19,32,31.313131,23.232323,31.313131,46.464646,100.000000,50.000000,5.000000,3.000000,0.000000,0.000000,5.000000,3.000000,56.545455,132.600000,82.305292,55.123029,3.000000
2026-06-24T22:52:15.197182587Z,1000,per_hit,raw_percent_of_host,api-node1,api-node2,18,15,33,43.000000,25.252525,43.000000,50.505051,100.000000,50.000000,4.000000,3.000000,0.000000,0.000000,4.000000,3.000000,58.894737,111.533333,81.202526,58.124214,3.000000
2026-06-24T22:52:16.197182528Z,1000,per_hit,raw_percent_of_host,api-node1,api-node2,18,16,34,41.584158,18.811881,41.584158,37.623762,100.000000,50.000000,3.000000,6.000000,0.000000,0.000000,3.000000,6.000000,65.684211,97.846154,81.969354,72.604136,3.000000
2026-06-24T22:52:17.197188006Z,1000,per_hit,raw_percent_of_host,api-node1,api-node2,20,15,35,41.000000,20.202020,41.000000,40.404040,100.000000,50.000000,7.000000,3.000000,0.000000,0.000000,7.000000,3.000000,62.375000,111.166667,79.921230,61.710393,3.000000
2026-06-24T22:52:18.197182992Z,1000,per_hit,raw_percent_of_host,api-node1,api-node2,25,11,36,45.000000,20.202020,45.000000,40.404040,100.000000,50.000000,9.000000,1.000000,0.000000,0.000000,9.000000,1.000000,63.521739,81.307692,79.199768,69.899627,3.000000
2026-06-24T22:52:19.197183141Z,1000,per_hit,raw_percent_of_host,api-node1,api-node2,19,18,37,36.363636,21.739130,36.363636,43.478261,100.000000,50.000000,6.000000,6.000000,0.000000,0.000000,6.000000,6.000000,86.727273,80.076923,78.245090,71.948290,3.000000
2026-06-24T22:52:20.197183073Z,1000,per_hit,raw_percent_of_host,api-node1,api-node2,19,13,32,46.000000,22.222222,46.000000,44.444444,100.000000,50.000000,3.000000,3.000000,0.000000,0.000000,3.000000,3.000000,65.000000,96.687500,82.196216,63.325766,3.000000
2026-06-24T22:52:21.197182996Z,1000,per_hit,raw_percent_of_host,api-node1,api-node2,28,17,45,35.353535,25.252525,35.353535,50.505051,100.000000,50.000000,11.000000,3.000000,0.000000,0.000000,11.000000,3.000000,88.850000,90.647059,74.672321,69.894247,3.000000
2026-06-24T22:52:22.197182863Z,1000,per_hit,raw_percent_of_host,api-node1,api-node2,18,17,35,36.363636,24.242424,36.363636,48.484848,100.000000,50.000000,7.000000,4.000000,0.000000,0.000000,7.000000,4.000000,99.086957,99.437500,77.004213,72.250976,3.000000
2026-06-24T22:52:23.197184241Z,1000,per_hit,raw_percent_of_host,api-node1,api-node2,20,21,41,33.000000,26.262626,33.000000,52.525253,100.000000,50.000000,9.000000,2.000000,0.000000,0.000000,9.000000,2.000000,71.764706,115.913043,78.258203,57.195818,3.000000
2026-06-24T22:52:24.197183728Z,1000,per_hit,raw_percent_of_host,api-node1,api-node2,25,19,44,31.313131,26.881720,31.313131,53.763441,100.000000,50.000000,8.000000,6.000000,0.000000,0.000000,8.000000,6.000000,103.384615,78.466667,74.025484,55.089435,3.000000
2026-06-24T22:52:25.197183142Z,1000,per_hit,raw_percent_of_host,api-node1,api-node2,20,22,42,45.098039,22.222222,45.098039,44.444444,100.000000,50.000000,6.000000,8.000000,0.000000,0.000000,6.000000,8.000000,76.500000,164.750000,69.723140,66.126603,3.000000
2026-06-24T22:52:26.197183048Z,1000,per_hit,raw_percent_of_host,api-node1,api-node2,27,14,41,41.000000,13.131313,41.000000,26.262626,100.000000,50.000000,8.000000,4.000000,0.000000,0.000000,8.000000,4.000000,71.692308,124.333333,76.647023,57.832543,3.000000
2026-06-24T22:52:27.197183257Z,1000,per_hit,raw_percent_of_host,api-node1,api-node2,29,17,46,43.434343,25.806452,43.434343,51.612903,100.000000,50.000000,8.000000,5.000000,0.000000,0.000000,8.000000,5.000000,99.285714,94.625000,79.202328,63.295317,3.000000
2026-06-24T22:52:28.197182697Z,1000,per_hit,raw_percent_of_host,api-node1,api-node2,30,15,45,44.660194,21.000000,44.660194,42.000000,100.000000,50.000000,10.000000,3.000000,0.000000,0.000000,10.000000,3.000000,92.678571,131.529412,78.410928,63.387389,3.000000
2026-06-24T22:52:29.19718275Z,1000,per_hit,raw_percent_of_host,api-node1,api-node2,25,16,41,44.117647,22.916667,44.117647,45.833333,100.000000,50.000000,6.000000,3.000000,0.000000,0.000000,6.000000,3.000000,120.482759,106.937500,72.574893,53.397494,3.000000
2026-06-24T22:52:30.197183122Z,1000,per_hit,raw_percent_of_host,api-node1,api-node2,32,19,51,34.951456,24.752475,34.951456,49.504950,100.000000,50.000000,10.000000,4.000000,0.000000,0.000000,10.000000,4.000000,121.928571,113.055556,76.591761,55.559567,3.000000
2026-06-24T22:52:31.197183016Z,1000,per_hit,raw_percent_of_host,api-node1,api-node2,24,19,43,37.373737,18.279570,37.373737,36.559140,100.000000,50.000000,5.000000,4.000000,0.000000,0.000000,5.000000,4.000000,103.517241,138.157895,76.026516,58.167169,3.000000
2026-06-24T22:52:32.197183263Z,1000,per_hit,raw_percent_of_host,api-node1,api-node2,30,22,52,49.038462,16.304348,49.038462,32.608696,100.000000,50.000000,6.000000,8.000000,0.000000,0.000000,6.000000,8.000000,116.793103,131.777778,67.712812,63.637702,3.000000
2026-06-24T22:52:33.197183343Z,1000,per_hit,raw_percent_of_host,api-node1,api-node2,26,21,47,35.000000,25.000000,35.000000,50.000000,100.000000,50.000000,9.000000,4.000000,0.000000,0.000000,9.000000,4.000000,98.782609,132.320000,72.887840,71.245735,3.000000
2026-06-24T22:52:34.197182905Z,1000,per_hit,raw_percent_of_host,api-node1,api-node2,26,22,48,26.262626,25.252525,26.262626,50.505051,100.000000,50.000000,10.000000,2.000000,0.000000,0.000000,10.000000,2.000000,131.480000,135.041667,76.878463,62.013395,3.000000
2026-06-24T22:52:35.197183737Z,1000,per_hit,raw_percent_of_host,api-node1,api-node2,32,19,51,41.584158,16.129032,41.584158,32.258065,100.000000,50.000000,10.000000,4.000000,0.000000,0.000000,10.000000,4.000000,120.250000,110.176471,76.626196,50.957249,3.000000
2026-06-24T22:52:36.197183634Z,1000,per_hit,raw_percent_of_host,api-node1,api-node2,23,23,46,40.000000,20.000000,40.000000,40.000000,100.000000,50.000000,5.000000,5.000000,0.000000,0.000000,5.000000,5.000000,102.107143,100.090909,72.463080,59.596530,3.000000
2026-06-24T22:52:37.197183119Z,1000,per_hit,raw_percent_of_host,api-node1,api-node2,26,27,53,41.176471,23.000000,41.176471,46.000000,100.000000,50.000000,4.000000,8.000000,0.000000,0.000000,4.000000,8.000000,98.518519,146.375000,72.937141,72.698227,3.000000
2026-06-24T22:52:38.197184677Z,1000,per_hit,raw_percent_of_host,api-node1,api-node2,26,24,50,46.000000,19.565217,46.000000,39.130435,100.000000,50.000000,7.000000,6.000000,0.000000,0.000000,7.000000,6.000000,82.130435,187.692308,78.312868,72.232057,3.000000
2026-06-24T22:52:39.197182708Z,1000,per_hit,raw_percent_of_host,api-node1,api-node2,29,22,51,48.076923,20.202020,48.076923,40.404040,100.000000,50.000000,6.000000,8.000000,0.000000,0.000000,6.000000,8.000000,115.966667,129.400000,62.825562,68.085774,3.000000
2026-06-24T22:52:40.197183419Z,1000,per_hit,raw_percent_of_host,api-node1,api-node2,26,23,49,43.434343,24.175824,43.434343,48.351648,100.000000,50.000000,9.000000,4.000000,0.000000,0.000000,9.000000,4.000000,80.652174,209.703704,69.916964,68.000764,3.000000
2026-06-24T22:52:41.197182634Z,1000,per_hit,raw_percent_of_host,api-node1,api-node2,27,23,50,36.000000,19.000000,36.000000,38.000000,100.000000,50.000000,7.000000,5.000000,0.000000,0.000000,7.000000,5.000000,123.724138,126.454545,76.553357,70.059912,3.000000
2026-06-24T22:52:42.197183456Z,1000,per_hit,raw_percent_of_host,api-node1,api-node2,25,23,48,41.000000,25.742574,41.000000,51.485149,100.000000,50.000000,6.000000,6.000000,0.000000,0.000000,6.000000,6.000000,117.423077,123.590909,77.780746,65.923593,3.000000
2026-06-24T22:52:43.197182894Z,1000,per_hit,raw_percent_of_host,api-node1,api-node2,27,23,50,34.313725,26.000000,34.313725,52.000000,100.000000,50.000000,3.000000,9.000000,0.000000,0.000000,3.000000,9.000000,118.100000,118.450000,65.304015,57.296462,3.000000
2026-06-24T22:52:44.197183228Z,1000,per_hit,raw_percent_of_host,api-node1,api-node2,27,22,49,45.192308,24.210526,45.192308,48.421053,100.000000,50.000000,8.000000,7.000000,0.000000,0.000000,8.000000,7.000000,98.181818,160.080000,77.963316,73.357448,3.000000
2026-06-24T22:52:45.19718303Z,1000,per_hit,raw_percent_of_host,api-node1,api-node2,29,17,46,45.454545,24.000000,45.454545,48.000000,100.000000,50.000000,10.000000,2.000000,0.000000,0.000000,10.000000,2.000000,85.222222,160.285714,77.961397,75.474869,3.000000
2026-06-24T22:52:46.197183095Z,1000,per_hit,raw_percent_of_host,api-node1,api-node2,28,20,48,50.000000,24.242424,50.000000,48.484848,100.000000,50.000000,9.000000,2.000000,0.000000,0.000000,9.000000,2.000000,98.827586,138.650000,75.464910,66.553568,3.000000
2026-06-24T22:52:47.197183525Z,1000,per_hit,raw_percent_of_host,api-node1,api-node2,26,22,48,35.353535,22.448980,35.353535,44.897959,100.000000,50.000000,8.000000,6.000000,0.000000,0.000000,8.000000,6.000000,126.851852,112.222222,76.439001,53.624068,3.000000
2026-06-24T22:52:48.197184235Z,1000,per_hit,raw_percent_of_host,api-node1,api-node2,26,16,42,33.000000,25.742574,33.000000,51.485149,100.000000,50.000000,5.000000,4.000000,0.000000,0.000000,5.000000,4.000000,118.827586,132.611111,75.752593,51.529067,3.000000
2026-06-24T22:52:49.19718312Z,1000,per_hit,raw_percent_of_host,api-node1,api-node2,30,18,48,47.572816,20.430108,47.572816,40.860215,100.000000,50.000000,8.000000,5.000000,0.000000,0.000000,8.000000,5.000000,105.481481,121.352941,73.550709,64.916781,3.000000
2026-06-24T22:52:50.197183169Z,1000,per_hit,raw_percent_of_host,api-node1,api-node2,23,20,43,40.404040,20.202020,40.404040,40.404040,100.000000,50.000000,6.000000,5.000000,0.000000,0.000000,6.000000,5.000000,86.320000,119.900000,76.153070,61.790669,3.000000
2026-06-24T22:52:51.197183392Z,1000,per_hit,raw_percent_of_host,api-node1,api-node2,20,19,39,44.117647,27.173913,44.117647,54.347826,100.000000,50.000000,4.000000,4.000000,0.000000,0.000000,4.000000,4.000000,102.181818,96.250000,70.691019,70.142378,3.000000
2026-06-24T22:52:52.197183134Z,1000,per_hit,raw_percent_of_host,api-node1,api-node2,28,18,46,44.000000,22.222222,44.000000,44.444444,100.000000,50.000000,9.000000,2.000000,0.000000,0.000000,9.000000,2.000000,59.565217,163.200000,76.119553,58.371061,3.000000
2026-06-24T22:52:53.197183191Z,1000,per_hit,raw_percent_of_host,api-node1,api-node2,21,18,39,47.058824,17.777778,47.058824,35.555556,100.000000,50.000000,3.000000,7.000000,0.000000,0.000000,3.000000,7.000000,100.851852,87.692308,77.593494,67.639081,3.000000
2026-06-24T22:52:54.197183183Z,1000,per_hit,raw_percent_of_host,api-node1,api-node2,22,18,40,35.714286,23.076923,35.714286,46.153846,100.000000,50.000000,7.000000,3.000000,0.000000,0.000000,7.000000,3.000000,62.388889,117.590909,79.889504,76.520127,3.000000
2026-06-24T22:52:55.197185138Z,1000,per_hit,raw_percent_of_host,api-node1,api-node2,18,20,38,30.612245,25.252525,30.612245,50.505051,100.000000,50.000000,6.000000,2.000000,0.000000,0.000000,6.000000,2.000000,84.578947,102.952381,78.864225,65.248052,3.000000
2026-06-24T22:52:56.197184197Z,1000,per_hit,raw_percent_of_host,api-node1,api-node2,22,15,37,39.215686,24.000000,39.215686,48.000000,100.000000,50.000000,5.000000,3.000000,0.000000,0.000000,5.000000,3.000000,86.739130,103.642857,78.132148,57.229395,3.000000
2026-06-24T22:52:57.197183355Z,1000,per_hit,raw_percent_of_host,api-node1,api-node2,20,16,36,34.000000,21.000000,34.000000,42.000000,100.000000,50.000000,6.000000,1.000000,0.000000,0.000000,6.000000,1.000000,75.052632,96.055556,77.395411,67.590564,3.000000
2026-06-24T22:52:58.197184998Z,1000,per_hit,raw_percent_of_host,api-node1,api-node2,20,16,36,41.414141,23.148148,41.414141,46.296296,100.000000,50.000000,3.000000,4.000000,0.000000,0.000000,3.000000,4.000000,84.130435,77.000000,77.135672,73.163401,3.000000
2026-06-24T22:52:59.197183007Z,1000,per_hit,raw_percent_of_host,api-node1,api-node2,19,16,35,41.584158,26.086957,41.584158,52.173913,100.000000,50.000000,4.000000,3.000000,0.000000,0.000000,4.000000,3.000000,64.944444,93.176471,82.401775,63.591150,3.000000
2026-06-24T22:53:00.197183799Z,1000,per_hit,raw_percent_of_host,api-node1,api-node2,21,13,34,39.393939,16.000000,39.393939,32.000000,100.000000,50.000000,5.000000,2.000000,0.000000,0.000000,5.000000,2.000000,63.450000,114.785714,82.243853,57.095527,3.000000
2026-06-24T22:53:01.19718327Z,1000,per_hit,raw_percent_of_host,api-node1,api-node2,18,16,34,44.000000,23.469388,44.000000,46.938776,100.000000,50.000000,4.000000,3.000000,0.000000,0.000000,4.000000,3.000000,60.105263,68.933333,81.967170,67.328183,3.000000
2026-06-24T22:53:02.19718327Z,1000,per_hit,raw_percent_of_host,api-node1,api-node2,14,18,32,30.303030,26.086957,30.303030,52.173913,100.000000,50.000000,3.000000,2.000000,0.000000,0.000000,3.000000,2.000000,61.133333,98.789474,82.484740,63.707899,3.000000
2026-06-24T22:53:03.197183025Z,1000,per_hit,raw_percent_of_host,api-node1,api-node2,19,12,31,35.000000,19.626168,35.000000,39.252336,100.000000,50.000000,2.000000,2.000000,0.000000,0.000000,2.000000,2.000000,69.250000,87.500000,79.802837,70.501383,3.000000
2026-06-24T22:53:04.19718328Z,1000,per_hit,raw_percent_of_host,api-node1,api-node2,17,14,31,36.734694,20.202020,36.734694,40.404040,100.000000,50.000000,3.000000,2.000000,0.000000,0.000000,3.000000,2.000000,65.312500,89.285714,82.477800,72.101148,3.000000
2026-06-24T22:53:05.197182651Z,1000,per_hit,raw_percent_of_host,api-node1,api-node2,13,18,31,36.000000,25.000000,36.000000,50.000000,100.000000,50.000000,3.000000,2.000000,0.000000,0.000000,3.000000,2.000000,56.000000,94.666667,82.859347,70.240876,3.000000
2026-06-24T22:53:06.197183459Z,1000,per_hit,raw_percent_of_host,api-node1,api-node2,16,15,31,43.000000,22.641509,43.000000,45.283019,100.000000,50.000000,3.000000,1.000000,0.000000,0.000000,3.000000,1.000000,54.437500,89.312500,82.754987,75.308815,3.000000
2026-06-24T22:53:07.197183225Z,1000,per_hit,raw_percent_of_host,api-node1,api-node2,17,13,30,41.000000,5.050505,41.000000,10.101010,100.000000,50.000000,1.000000,3.000000,0.000000,0.000000,1.000000,3.000000,67.210526,95.363636,70.198799,63.827190,3.000000
2026-06-24T22:53:08.197184301Z,1000,per_hit,raw_percent_of_host,api-node1,api-node2,14,16,30,31.313131,23.584906,31.313131,47.169811,100.000000,50.000000,1.000000,4.000000,0.000000,0.000000,1.000000,4.000000,53.928571,75.066667,83.073832,80.682323,3.000000
2026-06-24T22:53:09.197183193Z,1000,per_hit,raw_percent_of_host,api-node1,api-node2,16,14,30,39.805825,22.222222,39.805825,44.444444,100.000000,50.000000,2.000000,2.000000,0.000000,0.000000,2.000000,2.000000,76.666667,111.750000,81.377389,61.970720,3.000000
2026-06-24T22:53:10.197183798Z,1000,per_hit,raw_percent_of_host,api-node1,api-node2,15,15,30,44.444444,24.000000,44.444444,48.000000,100.000000,50.000000,1.000000,3.000000,0.000000,0.000000,1.000000,3.000000,57.562500,89.214286,82.079674,71.427611,3.000000
2026-06-24T22:53:11.197183805Z,1000,per_hit,raw_percent_of_host,api-node1,api-node2,12,18,30,27.272727,21.212121,27.272727,42.424242,100.000000,50.000000,3.000000,2.000000,0.000000,0.000000,3.000000,2.000000,53.000000,117.473684,81.511819,69.056381,3.000000
2026-06-24T22:53:12.197183328Z,1000,per_hit,raw_percent_of_host,api-node1,api-node2,15,16,31,33.009709,16.000000,33.009709,32.000000,100.000000,50.000000,1.000000,4.000000,0.000000,0.000000,1.000000,4.000000,64.411765,161.142857,82.272472,58.045028,3.000000
2026-06-24T22:53:13.197183186Z,1000,per_hit,raw_percent_of_host,api-node1,api-node2,13,18,31,30.303030,26.000000,30.303030,52.000000,100.000000,50.000000,3.000000,1.000000,0.000000,0.000000,3.000000,1.000000,50.000000,107.238095,83.248400,69.841660,3.000000
2026-06-24T22:53:14.197183603Z,1000,per_hit,raw_percent_of_host,api-node1,api-node2,20,12,32,42.268041,19.191919,42.268041,38.383838,100.000000,50.000000,2.000000,3.000000,0.000000,0.000000,2.000000,3.000000,77.857143,74.700000,77.252667,78.263205,3.000000
2026-06-24T22:53:15.197182916Z,1000,per_hit,raw_percent_of_host,api-node1,api-node2,20,12,32,45.000000,15.151515,45.000000,30.303030,100.000000,50.000000,3.000000,1.000000,0.000000,0.000000,3.000000,1.000000,59.894737,97.285714,82.372046,73.051495,3.000000
2026-06-24T22:53:16.197182875Z,1000,per_hit,raw_percent_of_host,api-node1,api-node2,17,16,33,40.404040,20.652174,40.404040,41.304348,100.000000,50.000000,1.000000,3.000000,0.000000,0.000000,1.000000,3.000000,61.578947,91.142857,80.485670,65.774787,3.000000
2026-06-24T22:53:17.197183069Z,1000,per_hit,raw_percent_of_host,api-node1,api-node2,19,15,34,46.000000,19.354839,46.000000,38.709677,100.000000,50.000000,1.000000,3.000000,0.000000,0.000000,1.000000,3.000000,61.315789,83.333333,82.016875,76.642676,3.000000
2026-06-24T22:53:18.197186306Z,1000,per_hit,raw_percent_of_host,api-node1,api-node2,23,12,35,36.000000,21.296296,36.000000,42.592593,100.000000,50.000000,4.000000,0.000000,0.000000,0.000000,4.000000,0.000000,68.500000,101.600000,81.815041,68.838006,3.000000
2026-06-24T22:53:19.197183215Z,1000,per_hit,raw_percent_of_host,api-node1,api-node2,15,21,36,40.404040,24.731183,40.404040,49.462366,100.000000,50.000000,0.000000,5.000000,0.000000,0.000000,0.000000,5.000000,67.421053,83.500000,79.200997,62.573047,3.000000
2026-06-24T22:53:20.197183504Z,1000,per_hit,raw_percent_of_host,api-node1,api-node2,20,17,37,33.333333,24.752475,33.333333,49.504950,100.000000,50.000000,2.000000,2.000000,0.000000,0.000000,2.000000,2.000000,72.777778,125.900000,74.988401,56.690576,3.000000
2026-06-24T22:53:21.197184111Z,1000,per_hit,raw_percent_of_host,api-node1,api-node2,20,18,38,39.603960,25.252525,39.603960,50.505051,100.000000,50.000000,3.000000,1.000000,0.000000,0.000000,3.000000,1.000000,71.210526,93.631579,75.422010,72.432862,3.000000
2026-06-24T22:53:22.197183563Z,1000,per_hit,raw_percent_of_host,api-node1,api-node2,21,18,39,45.918367,20.879121,45.918367,41.758242,100.000000,50.000000,2.000000,3.000000,0.000000,0.000000,2.000000,3.000000,69.000000,92.312500,79.490954,76.085933,3.000000
2026-06-24T22:53:23.197183174Z,1000,per_hit,raw_percent_of_host,api-node1,api-node2,24,16,40,34.313725,27.000000,34.313725,54.000000,100.000000,50.000000,3.000000,2.000000,0.000000,0.000000,3.000000,2.000000,75.086957,104.588235,78.501676,73.526309,3.000000
2026-06-24T22:53:24.197183946Z,1000,per_hit,raw_percent_of_host,api-node1,api-node2,18,23,41,40.404040,25.000000,40.404040,50.000000,100.000000,50.000000,3.000000,2.000000,0.000000,0.000000,3.000000,2.000000,60.444444,150.130435,79.701266,63.012285,3.000000
2026-06-24T22:53:25.19718241Z,1000,per_hit,raw_percent_of_host,api-node1,api-node2,26,16,42,47.000000,21.739130,47.000000,43.478261,100.000000,50.000000,1.000000,3.000000,0.000000,0.000000,1.000000,3.000000,84.642857,97.200000,72.619990,74.523814,3.000000
2026-06-24T22:53:26.197183142Z,1000,per_hit,raw_percent_of_host,api-node1,api-node2,20,23,43,40.000000,25.742574,40.000000,51.485149,100.000000,50.000000,5.000000,0.000000,0.000000,0.000000,5.000000,0.000000,60.125000,152.653846,80.806667,71.400712,3.000000
2026-06-24T22:53:27.197183119Z,1000,per_hit,raw_percent_of_host,api-node1,api-node2,19,25,44,29.000000,24.000000,29.000000,48.000000,100.000000,50.000000,2.000000,2.000000,0.000000,0.000000,2.000000,2.000000,76.727273,116.782609,76.200782,75.465211,3.000000
2026-06-24T22:53:28.197183186Z,1000,per_hit,raw_percent_of_host,api-node1,api-node2,20,25,45,42.718447,25.000000,42.718447,50.000000,100.000000,50.000000,1.000000,4.000000,0.000000,0.000000,1.000000,4.000000,80.047619,180.652174,79.229095,69.030479,3.000000
2026-06-24T22:53:29.197183101Z,1000,per_hit,raw_percent_of_host,api-node1,api-node2,27,19,46,41.176471,24.175824,41.176471,48.351648,100.000000,50.000000,2.000000,2.000000,0.000000,0.000000,2.000000,2.000000,99.461538,135.666667,78.130494,61.619683,3.000000
2026-06-24T22:53:30.197183261Z,1000,per_hit,raw_percent_of_host,api-node1,api-node2,21,26,47,40.816327,22.340426,40.816327,44.680851,100.000000,50.000000,2.000000,3.000000,0.000000,0.000000,2.000000,3.000000,66.809524,183.680000,81.993153,72.030550,3.000000
2026-06-24T22:53:31.19718332Z,1000,per_hit,raw_percent_of_host,api-node1,api-node2,23,24,47,47.000000,25.000000,47.000000,50.000000,100.000000,50.000000,2.000000,3.000000,0.000000,0.000000,2.000000,3.000000,74.565217,160.125000,81.304849,68.598870,3.000000
2026-06-24T22:53:32.197183118Z,1000,per_hit,raw_percent_of_host,api-node1,api-node2,29,19,48,48.543689,25.252525,48.543689,50.505051,100.000000,50.000000,4.000000,1.000000,0.000000,0.000000,4.000000,1.000000,75.481481,143.190476,80.075132,57.088970,3.000000
2026-06-24T22:53:33.19718336Z,1000,per_hit,raw_percent_of_host,api-node1,api-node2,24,25,49,45.000000,19.565217,45.000000,39.130435,100.000000,50.000000,1.000000,3.000000,0.000000,0.000000,1.000000,3.000000,74.148148,150.478261,73.028499,69.162648,3.000000
2026-06-24T22:53:34.197183185Z,1000,per_hit,raw_percent_of_host,api-node1,api-node2,23,26,49,40.816327,29.523810,40.816327,59.047619,100.000000,50.000000,2.000000,3.000000,0.000000,0.000000,2.000000,3.000000,68.727273,214.576923,79.167042,62.399057,3.000000
2026-06-24T22:53:35.197183316Z,1000,per_hit,raw_percent_of_host,api-node1,api-node2,21,28,49,35.714286,25.742574,35.714286,51.485149,100.000000,50.000000,3.000000,2.000000,0.000000,0.000000,3.000000,2.000000,78.250000,186.448276,78.320946,62.324259,3.000000
2026-06-24T22:53:36.19718428Z,1000,per_hit,raw_percent_of_host,api-node1,api-node2,29,21,50,45.000000,25.000000,45.000000,50.000000,100.000000,50.000000,3.000000,1.000000,0.000000,0.000000,3.000000,1.000000,79.034483,165.318182,80.080116,58.931685,3.000000
2026-06-24T22:53:37.197183287Z,1000,per_hit,raw_percent_of_host,api-node1,api-node2,22,28,50,44.444444,22.413793,44.444444,44.827586,100.000000,50.000000,1.000000,3.000000,0.000000,0.000000,1.000000,3.000000,71.791667,234.461538,76.297366,62.602057,3.000000
2026-06-24T22:53:38.197184324Z,1000,per_hit,raw_percent_of_host,api-node1,api-node2,25,25,50,44.444444,26.000000,44.444444,52.000000,100.000000,50.000000,2.000000,3.000000,0.000000,0.000000,2.000000,3.000000,81.666667,155.520000,78.962948,63.536839,3.000000
2026-06-24T22:53:39.197183476Z,1000,per_hit,raw_percent_of_host,api-node1,api-node2,24,26,50,49.494949,25.252525,49.494949,50.505051,100.000000,50.000000,1.000000,3.000000,0.000000,0.000000,1.000000,3.000000,81.160000,193.884615,78.211271,61.948488,3.000000
2026-06-24T22:53:40.197185087Z,1000,per_hit,raw_percent_of_host,api-node1,api-node2,28,22,50,44.554455,25.490196,44.554455,50.980392,100.000000,50.000000,2.000000,2.000000,0.000000,0.000000,2.000000,2.000000,91.777778,154.956522,73.368424,68.120108,3.000000
2026-06-24T22:53:41.197182765Z,1000,per_hit,raw_percent_of_host,api-node1,api-node2,23,27,50,46.000000,24.175824,46.000000,48.351648,100.000000,50.000000,1.000000,3.000000,0.000000,0.000000,1.000000,3.000000,68.166667,145.038462,80.580383,69.556753,3.000000
2026-06-24T22:53:42.197183119Z,1000,per_hit,raw_percent_of_host,api-node1,api-node2,29,19,48,46.391753,25.252525,46.391753,50.505051,100.000000,50.000000,2.000000,1.000000,0.000000,0.000000,2.000000,1.000000,88.821429,164.047619,78.122341,56.738465,3.000000
2026-06-24T22:53:43.197183487Z,1000,per_hit,raw_percent_of_host,api-node1,api-node2,23,27,50,40.816327,25.806452,40.816327,51.612903,100.000000,50.000000,3.000000,2.000000,0.000000,0.000000,3.000000,2.000000,83.363636,249.269231,74.601532,69.313627,3.000000
2026-06-24T22:53:44.1971825Z,1000,per_hit,raw_percent_of_host,api-node1,api-node2,28,21,49,40.816327,23.655914,40.816327,47.311828,100.000000,50.000000,1.000000,3.000000,0.000000,0.000000,1.000000,3.000000,76.333333,141.050000,80.052105,68.695277,3.000000
2026-06-24T22:53:45.197183435Z,1000,per_hit,raw_percent_of_host,api-node1,api-node2,25,23,48,33.673469,25.252525,33.673469,50.505051,100.000000,50.000000,3.000000,2.000000,0.000000,0.000000,3.000000,2.000000,83.956522,125.708333,76.336772,63.749055,3.000000
2026-06-24T22:53:46.197183849Z,1000,per_hit,raw_percent_of_host,api-node1,api-node2,31,17,48,45.833333,19.354839,45.833333,38.709677,100.000000,50.000000,4.000000,1.000000,0.000000,0.000000,4.000000,1.000000,85.866667,142.777778,75.037426,63.543052,3.000000
2026-06-24T22:53:47.197183674Z,1000,per_hit,raw_percent_of_host,api-node1,api-node2,23,24,47,44.117647,25.252525,44.117647,50.505051,100.000000,50.000000,1.000000,3.000000,0.000000,0.000000,1.000000,3.000000,78.538462,204.772727,77.211423,65.619739,3.000000
2026-06-24T22:53:48.197184175Z,1000,per_hit,raw_percent_of_host,api-node1,api-node2,28,17,45,51.000000,18.478261,51.000000,36.956522,100.000000,50.000000,2.000000,3.000000,0.000000,0.000000,2.000000,3.000000,84.444444,121.333333,75.079954,69.871090,3.000000
2026-06-24T22:53:49.197184041Z,1000,per_hit,raw_percent_of_host,api-node1,api-node2,25,21,46,41.000000,23.232323,41.000000,46.464646,100.000000,50.000000,2.000000,2.000000,0.000000,0.000000,2.000000,2.000000,72.760000,109.190476,77.685695,69.961727,3.000000
2026-06-24T22:53:50.197183918Z,1000,per_hit,raw_percent_of_host,api-node1,api-node2,28,16,44,51.000000,12.087912,51.000000,24.175824,100.000000,50.000000,2.000000,2.000000,0.000000,0.000000,2.000000,2.000000,76.000000,98.312500,78.128898,69.705709,3.000000
2026-06-24T22:53:51.197183819Z,1000,per_hit,raw_percent_of_host,api-node1,api-node2,26,17,43,45.000000,21.505376,45.000000,43.010753,100.000000,50.000000,4.000000,1.000000,0.000000,0.000000,4.000000,1.000000,75.708333,102.277778,77.698851,69.188231,3.000000
2026-06-24T22:53:52.197183481Z,1000,per_hit,raw_percent_of_host,api-node1,api-node2,20,22,42,38.613861,19.780220,38.613861,39.560440,100.000000,50.000000,2.000000,3.000000,0.000000,0.000000,2.000000,3.000000,69.545455,105.450000,78.344502,64.948476,3.000000
2026-06-24T22:53:53.197183717Z,1000,per_hit,raw_percent_of_host,api-node1,api-node2,21,20,41,36.000000,27.450980,36.000000,54.901961,100.000000,50.000000,2.000000,3.000000,0.000000,0.000000,2.000000,3.000000,77.714286,94.600000,78.963137,64.251253,3.000000
2026-06-24T22:53:54.197183336Z,1000,per_hit,raw_percent_of_host,api-node1,api-node2,22,18,40,41.584158,25.000000,41.584158,50.000000,100.000000,50.000000,2.000000,3.000000,0.000000,0.000000,2.000000,3.000000,72.590909,98.055556,77.806669,62.053985,3.000000
2026-06-24T22:53:55.19718468Z,1000,per_hit,raw_percent_of_host,api-node1,api-node2,21,17,38,32.291667,24.242424,32.291667,48.484848,100.000000,50.000000,2.000000,1.000000,0.000000,0.000000,2.000000,1.000000,73.952381,117.263158,78.744726,60.959980,3.000000
2026-06-24T22:53:56.197184049Z,1000,per_hit,raw_percent_of_host,api-node1,api-node2,22,17,39,41.584158,27.173913,41.584158,54.347826,100.000000,50.000000,2.000000,2.000000,0.000000,0.000000,2.000000,2.000000,66.090909,120.625000,77.646451,65.155342,3.000000
2026-06-24T22:53:57.197200503Z,1000,per_hit,raw_percent_of_host,api-node1,api-node2,18,19,37,39.805825,23.000000,39.805825,46.000000,100.000000,50.000000,2.000000,3.000000,0.000000,0.000000,2.000000,3.000000,72.611111,116.500000,77.689102,64.872000,3.000000
2026-06-24T22:53:58.197183998Z,1000,per_hit,raw_percent_of_host,api-node1,api-node2,23,13,36,40.404040,16.831683,40.404040,33.663366,100.000000,50.000000,4.000000,0.000000,0.000000,0.000000,4.000000,0.000000,63.952381,111.562500,76.099711,54.090304,3.000000
2026-06-24T22:53:59.197183268Z,1000,per_hit,raw_percent_of_host,api-node1,api-node2,19,16,35,40.404040,15.957447,40.404040,31.914894,100.000000,50.000000,3.000000,2.000000,0.000000,0.000000,3.000000,2.000000,69.000000,106.642857,81.991504,64.804002,3.000000
2026-06-24T22:54:00.197183764Z,1000,per_hit,raw_percent_of_host,api-node1,api-node2,22,12,34,45.631068,23.913043,45.631068,47.826087,100.000000,50.000000,3.000000,1.000000,0.000000,0.000000,3.000000,1.000000,70.818182,94.769231,77.093408,75.625791,3.000000
2026-06-24T22:54:01.19718369Z,1000,per_hit,raw_percent_of_host,api-node1,api-node2,19,14,33,32.000000,22.000000,32.000000,44.000000,100.000000,50.000000,3.000000,1.000000,0.000000,0.000000,3.000000,1.000000,62.578947,96.357143,81.525593,70.453331,3.000000
2026-06-24T22:54:02.197182815Z,1000,per_hit,raw_percent_of_host,api-node1,api-node2,17,16,33,35.294118,26.000000,35.294118,52.000000,100.000000,50.000000,2.000000,2.000000,0.000000,0.000000,2.000000,2.000000,66.222222,107.333333,75.165034,70.166265,3.000000
2026-06-24T22:54:03.197182717Z,1000,per_hit,raw_percent_of_host,api-node1,api-node2,17,15,32,40.000000,26.086957,40.000000,52.173913,100.000000,50.000000,2.000000,3.000000,0.000000,0.000000,2.000000,3.000000,68.647059,71.642857,82.218889,73.495654,3.000000
2026-06-24T22:54:04.197183509Z,1000,per_hit,raw_percent_of_host,api-node1,api-node2,16,15,31,51.000000,23.655914,51.000000,47.311828,100.000000,50.000000,0.000000,5.000000,0.000000,0.000000,0.000000,5.000000,64.111111,89.307692,78.208477,71.344746,3.000000
2026-06-24T22:54:05.197183048Z,1000,per_hit,raw_percent_of_host,api-node1,api-node2,18,13,31,39.805825,22.000000,39.805825,44.000000,100.000000,50.000000,3.000000,1.000000,0.000000,0.000000,3.000000,1.000000,62.133333,127.058824,77.923355,58.514452,3.000000
2026-06-24T22:54:06.197183644Z,1000,per_hit,raw_percent_of_host,api-node1,api-node2,18,12,30,45.000000,20.652174,45.000000,41.304348,100.000000,50.000000,2.000000,3.000000,0.000000,0.000000,2.000000,3.000000,57.421053,74.300000,81.705624,78.380649,3.000000
2026-06-24T22:54:07.197184108Z,1000,per_hit,raw_percent_of_host,api-node1,api-node2,18,12,30,36.363636,13.978495,36.363636,27.956989,100.000000,50.000000,3.000000,2.000000,0.000000,0.000000,3.000000,2.000000,62.000000,89.923077,81.688639,68.418735,3.000000
2026-06-24T22:54:08.197182969Z,1000,per_hit,raw_percent_of_host,api-node1,api-node2,18,12,30,47.572816,20.652174,47.572816,41.304348,100.000000,50.000000,1.000000,3.000000,0.000000,0.000000,1.000000,3.000000,63.700000,87.363636,77.695286,68.913693,3.000000
2026-06-24T22:54:09.197183528Z,1000,per_hit,raw_percent_of_host,api-node1,api-node2,18,12,30,31.000000,18.181818,31.000000,36.363636,100.000000,50.000000,2.000000,3.000000,0.000000,0.000000,2.000000,3.000000,58.529412,79.750000,81.319953,72.484173,3.000000
2026-06-24T22:54:10.197183655Z,1000,per_hit,raw_percent_of_host,api-node1,api-node2,19,11,30,47.000000,19.565217,47.000000,39.130435,100.000000,50.000000,2.000000,2.000000,0.000000,0.000000,2.000000,2.000000,60.526316,91.000000,82.122711,68.184460,3.000000
2026-06-24T22:54:11.197182892Z,1000,per_hit,raw_percent_of_host,api-node1,api-node2,14,16,30,25.252525,17.821782,25.252525,35.643564,100.000000,50.000000,3.000000,2.000000,0.000000,0.000000,3.000000,2.000000,57.000000,116.750000,81.112602,69.738321,3.000000
2026-06-24T22:54:12.197183584Z,1000,per_hit,raw_percent_of_host,api-node1,api-node2,15,16,31,30.303030,22.000000,30.303030,44.000000,100.000000,50.000000,2.000000,3.000000,0.000000,0.000000,2.000000,3.000000,64.437500,107.733333,82.589754,64.702976,3.000000
2026-06-24T22:54:13.197183004Z,1000,per_hit,raw_percent_of_host,api-node1,api-node2,17,14,31,31.000000,24.000000,31.000000,48.000000,100.000000,50.000000,2.000000,2.000000,0.000000,0.000000,2.000000,2.000000,55.941176,110.000000,82.258774,55.303606,3.000000
2026-06-24T22:54:14.197183525Z,1000,per_hit,raw_percent_of_host,api-node1,api-node2,20,12,32,41.414141,20.560748,41.414141,41.121495,100.000000,50.000000,3.000000,1.000000,0.000000,0.000000,3.000000,1.000000,60.473684,70.230769,82.111269,74.914173,3.000000
2026-06-24T22:54:15.197183144Z,1000,per_hit,raw_percent_of_host,api-node1,api-node2,17,15,32,35.353535,23.584906,35.353535,47.169811,100.000000,50.000000,3.000000,2.000000,0.000000,0.000000,3.000000,2.000000,65.764706,89.214286,75.462022,69.668057,3.000000
2026-06-24T22:54:16.197184005Z,1000,per_hit,raw_percent_of_host,api-node1,api-node2,20,13,33,44.000000,20.430108,44.000000,40.860215,100.000000,50.000000,3.000000,2.000000,0.000000,0.000000,3.000000,2.000000,66.450000,100.230769,81.933904,68.404381,3.000000
2026-06-24T22:54:17.197182587Z,1000,per_hit,raw_percent_of_host,api-node1,api-node2,19,15,34,37.113402,26.000000,37.113402,52.000000,100.000000,50.000000,1.000000,3.000000,0.000000,0.000000,1.000000,3.000000,70.095238,88.214286,77.348259,67.074411,3.000000
2026-06-24T22:54:18.197182874Z,1000,per_hit,raw_percent_of_host,api-node1,api-node2,26,9,35,50.000000,6.521739,50.000000,13.043478,100.000000,50.000000,4.000000,0.000000,0.000000,0.000000,4.000000,0.000000,67.434783,77.416667,78.458193,63.126072,3.000000
2026-06-24T22:54:19.197182897Z,1000,per_hit,raw_percent_of_host,api-node1,api-node2,19,17,36,32.631579,25.252525,32.631579,50.505051,100.000000,50.000000,4.000000,1.000000,0.000000,0.000000,4.000000,1.000000,69.421053,90.750000,74.969833,73.844789,3.000000
2026-06-24T22:54:20.197182651Z,1000,per_hit,raw_percent_of_host,api-node1,api-node2,27,10,37,51.546392,16.304348,51.546392,32.608696,100.000000,50.000000,3.000000,2.000000,0.000000,0.000000,3.000000,2.000000,74.607143,98.888889,78.816551,58.498935,3.000000
2026-06-24T22:54:21.197183874Z,1000,per_hit,raw_percent_of_host,api-node1,api-node2,23,15,38,36.842105,22.549020,36.842105,45.098039,100.000000,50.000000,3.000000,1.000000,0.000000,0.000000,3.000000,1.000000,83.217391,89.125000,71.787025,72.705084,3.000000
2026-06-24T22:54:22.197183068Z,1000,per_hit,raw_percent_of_host,api-node1,api-node2,17,22,39,20.833333,25.742574,20.833333,51.485149,100.000000,50.000000,0.000000,4.000000,0.000000,0.000000,0.000000,4.000000,75.450000,141.894737,73.230551,52.407795,3.000000
2026-06-24T22:54:23.197183657Z,1000,per_hit,raw_percent_of_host,api-node1,api-node2,20,20,40,43.298969,30.434783,43.298969,60.869565,100.000000,50.000000,2.000000,3.000000,0.000000,0.000000,2.000000,3.000000,82.222222,109.857143,77.377064,58.191137,3.000000
2026-06-24T22:54:24.197183833Z,1000,per_hit,raw_percent_of_host,api-node1,api-node2,9,6,15,3.000000,4.395604,3.000000,8.791209,100.000000,50.000000,0.000000,0.000000,0.000000,0.000000,0.000000,0.000000,42.000000,87.333333,82.363134,58.072327,3.000000
2026-06-24T22:54:25.19718379Z,1000,per_hit,raw_percent_of_host,api-node1,api-node2,0,0,0,4.000000,3.000000,4.000000,6.000000,100.000000,50.000000,0.000000,0.000000,0.000000,0.000000,0.000000,0.000000,0.000000,0.000000,0.000000,0.000000,3.000000
2026-06-24T22:54:26.197184589Z,1000,per_hit,raw_percent_of_host,api-node1,api-node2,0,0,0,3.000000,2.020202,3.000000,4.040404,100.000000,50.000000,0.000000,0.000000,0.000000,0.000000,0.000000,0.000000,0.000000,0.000000,0.000000,0.000000,3.000000
2026-06-24T22:54:27.197183873Z,1000,per_hit,raw_percent_of_host,api-node1,api-node2,0,0,0,3.030303,3.030303,3.030303,6.060606,100.000000,50.000000,0.000000,0.000000,0.000000,0.000000,0.000000,0.000000,0.000000,0.000000,0.000000,0.000000,3.000000
2026-06-24T22:54:28.197184775Z,1000,per_hit,raw_percent_of_host,api-node1,api-node2,0,0,0,3.030303,3.030303,3.030303,6.060606,100.000000,50.000000,0.000000,0.000000,0.000000,0.000000,0.000000,0.000000,0.000000,0.000000,0.000000,0.000000,3.000000
2026-06-24T22:54:29.197186192Z,1000,per_hit,raw_percent_of_host,api-node1,api-node2,0,0,0,3.000000,2.040816,3.000000,4.081633,100.000000,50.000000,0.000000,0.000000,0.000000,0.000000,0.000000,0.000000,0.000000,0.000000,0.000000,0.000000,3.000000
2026-06-24T22:54:30.197185271Z,1000,per_hit,raw_percent_of_host,api-node1,api-node2,0,0,0,3.000000,3.960396,3.000000,7.920792,100.000000,50.000000,0.000000,0.000000,0.000000,0.000000,0.000000,0.000000,0.000000,0.000000,0.000000,0.000000,3.000000
