timestamp_utc,window_ms,traffic_log_mode,cpu_usage_unit,node1_name,node2_name,node1_requests,node2_requests,total_requests,node1_cpu_raw_usage,node2_cpu_raw_usage,node1_cpu_normalized_usage,node2_cpu_normalized_usage,node1_cpu_capacity,node2_cpu_capacity,node1_inflight,node2_inflight,node1_backend_inflight,node2_backend_inflight,node1_queue,node2_queue,node1_response_ms,node2_response_ms,node1_fuzzy_score,node2_fuzzy_score,os_idle_cpu
2026-06-24T16:59:12.085519005Z,1000,per_hit,raw_percent_of_host,api-node1,api-node2,18,22,40,16.831683,11.304348,16.831683,22.608696,100.0,50.0,0.0,9.0,0.0,0.0,0.0,9.0,185.055556,248.307692,83.022838,83.649245,3.0
2026-06-24T16:59:13.085519022Z,1000,per_hit,raw_percent_of_host,api-node1,api-node2,22,19,41,15.0,12.0,15.0,24.0,100.0,50.0,0.0,1.0,0.0,0.0,0.0,1.0,218.227273,350.037037,69.004774,51.046737,3.0
2026-06-24T16:59:14.085521382Z,1000,per_hit,raw_percent_of_host,api-node1,api-node2,23,19,42,15.0,9.649123,15.0,19.298246,100.0,50.0,0.0,3.0,0.0,0.0,0.0,3.0,215.347826,301.823529,68.3851,67.438995,3.0
2026-06-24T16:59:15.085520127Z,1000,per_hit,raw_percent_of_host,api-node1,api-node2,24,19,43,16.0,11.304348,16.0,22.608696,100.0,50.0,1.0,3.0,0.0,0.0,1.0,3.0,203.173913,262.578947,67.438995,65.211511,3.0
2026-06-24T16:59:16.085519109Z,1000,per_hit,raw_percent_of_host,api-node1,api-node2,27,17,44,15.0,10.344828,15.0,20.689655,100.0,50.0,3.0,7.0,0.0,0.0,3.0,7.0,233.24,338.0,65.571602,66.227179,3.0
2026-06-24T16:59:17.08552958Z,1000,per_hit,raw_percent_of_host,api-node1,api-node2,21,24,45,16.0,11.403509,16.0,22.807018,100.0,50.0,0.0,11.0,0.0,0.0,0.0,11.0,199.416667,345.6,65.144219,66.392118,3.0
2026-06-24T16:59:18.085518987Z,1000,per_hit,raw_percent_of_host,api-node1,api-node2,28,18,46,15.151515,10.10101,15.151515,20.20202,100.0,50.0,0.0,2.0,0.0,0.0,0.0,2.0,266.928571,359.888889,69.897294,57.976325,3.0
2026-06-24T16:59:19.085518881Z,1000,per_hit,raw_percent_of_host,api-node1,api-node2,32,15,47,14.141414,10.434783,14.141414,20.869565,100.0,50.0,3.0,0.0,0.0,0.0,3.0,0.0,263.965517,238.0,69.317157,67.438995,3.0
2026-06-24T16:59:20.085519542Z,1000,per_hit,raw_percent_of_host,api-node1,api-node2,27,20,47,15.0,9.649123,15.0,19.298246,100.0,50.0,0.0,11.0,0.0,0.0,0.0,11.0,259.266667,298.888889,64.583632,71.081276,3.0
2026-06-24T16:59:21.085519093Z,1000,per_hit,raw_percent_of_host,api-node1,api-node2,22,26,48,15.0,13.0,15.0,26.0,100.0,50.0,0.0,12.0,0.0,0.0,0.0,12.0,226.545455,370.52,67.438995,59.537562,3.0
2026-06-24T16:59:22.085520514Z,1000,per_hit,raw_percent_of_host,api-node1,api-node2,27,22,49,15.0,12.173913,15.0,24.347826,100.0,50.0,0.0,17.0,0.0,0.0,0.0,17.0,228.925926,364.647059,69.823961,62.711523,3.0
2026-06-24T16:59:23.08552283Z,1000,per_hit,raw_percent_of_host,api-node1,api-node2,25,24,49,16.0,12.941176,16.0,25.882353,100.0,50.0,0.0,21.0,0.0,0.0,0.0,21.0,253.0,365.95,67.907554,65.211511,3.0
2026-06-24T16:59:24.085520099Z,1000,per_hit,raw_percent_of_host,api-node1,api-node2,27,23,50,15.0,18.823529,15.0,37.647059,100.0,50.0,0.0,17.0,0.0,0.0,0.0,17.0,255.148148,437.518519,68.646895,57.954289,3.0
2026-06-24T16:59:25.085521313Z,1000,per_hit,raw_percent_of_host,api-node1,api-node2,20,30,50,15.151515,15.151515,15.151515,30.30303,100.0,50.0,0.0,29.0,0.0,0.0,0.0,29.0,189.05,393.666667,68.50778,62.711523,3.0
2026-06-24T16:59:26.085520105Z,1000,per_hit,raw_percent_of_host,api-node1,api-node2,29,21,50,16.0,10.434783,16.0,20.869565,100.0,50.0,7.0,5.0,0.0,0.0,7.0,5.0,253.227273,402.777778,69.317157,51.282851,3.0
2026-06-24T16:59:27.085522513Z,1000,per_hit,raw_percent_of_host,api-node1,api-node2,28,22,50,15.0,17.647059,15.0,35.294118,100.0,50.0,1.0,22.0,0.0,0.0,1.0,22.0,295.588235,416.6,70.386412,59.791776,3.0
2026-06-24T16:59:28.085523261Z,1000,per_hit,raw_percent_of_host,api-node1,api-node2,20,30,50,15.151515,18.823529,15.151515,37.647059,100.0,50.0,0.0,28.0,0.0,0.0,0.0,28.0,188.190476,414.708333,65.571602,57.903865,3.0
2026-06-24T16:59:29.085519979Z,1000,per_hit,raw_percent_of_host,api-node1,api-node2,32,18,50,15.0,14.141414,15.0,28.282828,100.0,50.0,2.0,1.0,0.0,0.0,2.0,1.0,245.366667,476.955556,69.158511,48.23049,3.0
2026-06-24T16:59:30.085519545Z,1000,per_hit,raw_percent_of_host,api-node1,api-node2,28,22,50,15.0,11.904762,15.0,23.809524,100.0,50.0,1.0,9.0,0.0,0.0,1.0,9.0,285.034483,331.461538,64.583632,67.137716,3.0
2026-06-24T16:59:31.085519488Z,1000,per_hit,raw_percent_of_host,api-node1,api-node2,19,30,49,15.0,17.857143,15.0,35.714286,100.0,50.0,0.0,23.0,0.0,0.0,0.0,23.0,166.1,371.0625,65.571602,59.316701,3.0
2026-06-24T16:59:32.085519507Z,1000,per_hit,raw_percent_of_host,api-node1,api-node2,24,25,49,15.151515,20.20202,15.151515,40.40404,100.0,50.0,0.0,25.0,0.0,0.0,0.0,25.0,247.333333,489.478261,69.285636,55.686505,3.0
2026-06-24T16:59:33.085520019Z,1000,per_hit,raw_percent_of_host,api-node1,api-node2,33,16,49,15.0,10.434783,15.0,20.869565,100.0,50.0,4.0,0.0,0.0,0.0,4.0,0.0,295.448276,382.146341,67.907554,52.305404,3.0
2026-06-24T16:59:34.085519961Z,1000,per_hit,raw_percent_of_host,api-node1,api-node2,25,23,48,15.151515,5.952381,15.151515,11.904762,100.0,50.0,0.0,22.0,0.0,0.0,0.0,22.0,235.275862,105.0,65.985893,72.372507,3.0
2026-06-24T16:59:35.085520704Z,1000,per_hit,raw_percent_of_host,api-node1,api-node2,33,14,47,16.0,10.434783,16.0,20.869565,100.0,50.0,5.0,0.0,0.0,0.0,5.0,0.0,299.035714,345.305556,69.805881,51.340036,3.0
2026-06-24T16:59:36.085519939Z,1000,per_hit,raw_percent_of_host,api-node1,api-node2,25,22,47,15.0,14.0,15.0,28.0,100.0,50.0,0.0,3.0,0.0,0.0,0.0,3.0,236.9,268.473684,66.008004,72.398255,3.0
2026-06-24T16:59:37.085520611Z,1000,per_hit,raw_percent_of_host,api-node1,api-node2,21,25,46,15.0,11.0,15.0,22.0,100.0,50.0,0.0,24.0,0.0,0.0,0.0,24.0,180.333333,306.25,69.400496,68.198439,3.0
2026-06-24T16:59:38.085519238Z,1000,per_hit,raw_percent_of_host,api-node1,api-node2,25,20,45,15.151515,12.173913,15.151515,24.347826,100.0,50.0,0.0,2.0,0.0,0.0,0.0,2.0,240.96,374.619048,70.152771,51.125395,3.0
2026-06-24T16:59:39.085519542Z,1000,per_hit,raw_percent_of_host,api-node1,api-node2,23,21,44,16.0,12.941176,16.0,25.882353,100.0,50.0,0.0,15.0,0.0,0.0,0.0,15.0,240.782609,300.0,68.034234,65.519188,3.0
2026-06-24T16:59:40.085518871Z,1000,per_hit,raw_percent_of_host,api-node1,api-node2,27,16,43,15.841584,12.173913,15.841584,24.347826,100.0,50.0,0.0,1.0,0.0,0.0,0.0,1.0,217.37037,333.166667,68.825084,66.392118,3.0
2026-06-24T16:59:41.085518911Z,1000,per_hit,raw_percent_of_host,api-node1,api-node2,28,14,42,15.151515,11.304348,15.151515,22.608696,100.0,50.0,0.0,1.0,0.0,0.0,0.0,1.0,254.178571,262.928571,68.343646,66.392118,3.0
2026-06-24T16:59:42.085520605Z,1000,per_hit,raw_percent_of_host,api-node1,api-node2,21,20,41,16.0,12.941176,16.0,25.882353,100.0,50.0,0.0,4.0,0.0,0.0,0.0,4.0,200.761905,299.0,68.50778,65.52501,3.0
2026-06-24T16:59:43.08551969Z,1000,per_hit,raw_percent_of_host,api-node1,api-node2,23,17,40,17.475728,13.157895,17.475728,26.315789,100.0,50.0,0.0,0.0,0.0,0.0,0.0,0.0,207.26087,256.761905,69.677107,66.554613,3.0
2026-06-24T16:59:44.085519403Z,1000,per_hit,raw_percent_of_host,api-node1,api-node2,17,20,37,5.882353,5.952381,5.882353,11.904762,100.0,50.0,1.0,16.0,0.0,0.0,1.0,16.0,168.5,230.25,70.847146,72.268776,3.0
2026-06-24T16:59:45.085519242Z,1000,per_hit,raw_percent_of_host,api-node1,api-node2,18,21,39,14.285714,14.655172,14.285714,29.310345,100.0,50.0,0.0,3.0,0.0,0.0,0.0,3.0,165.263158,297.264706,72.927673,62.994481,3.0
2026-06-24T16:59:46.085527623Z,1000,per_hit,raw_percent_of_host,api-node1,api-node2,19,17,36,15.841584,8.77193,15.841584,17.54386,100.0,50.0,0.0,4.0,0.0,0.0,0.0,4.0,128.052632,256.5,74.332894,67.074717,3.0
2026-06-24T16:59:47.085519067Z,1000,per_hit,raw_percent_of_host,api-node1,api-node2,17,19,36,16.0,12.068966,16.0,24.137931,100.0,50.0,0.0,3.0,0.0,0.0,0.0,3.0,135.294118,255.7,73.583037,69.242084,3.0
2026-06-24T16:59:48.085519334Z,1000,per_hit,raw_percent_of_host,api-node1,api-node2,21,14,35,15.151515,11.304348,15.151515,22.608696,100.0,50.0,1.0,0.0,0.0,0.0,1.0,0.0,163.15,231.588235,77.408601,68.820359,3.0
2026-06-24T16:59:49.085522175Z,1000,per_hit,raw_percent_of_host,api-node1,api-node2,22,12,34,15.841584,12.931034,15.841584,25.862069,100.0,50.0,1.0,0.0,0.0,0.0,1.0,0.0,167.863636,182.0,70.549294,72.360393,3.0
2026-06-24T16:59:50.085521322Z,1000,per_hit,raw_percent_of_host,api-node1,api-node2,17,16,33,16.666667,12.173913,16.666667,24.347826,100.0,50.0,0.0,1.0,0.0,0.0,0.0,1.0,141.666667,206.866667,70.452295,72.951309,3.0
2026-06-24T16:59:51.085519589Z,1000,per_hit,raw_percent_of_host,api-node1,api-node2,20,12,32,15.841584,15.789474,15.841584,31.578947,100.0,50.0,0.0,0.0,0.0,0.0,0.0,0.0,162.15,150.076923,77.617525,69.499587,3.0
2026-06-24T16:59:52.085519342Z,1000,per_hit,raw_percent_of_host,api-node1,api-node2,10,22,32,15.841584,12.931034,15.841584,25.862069,100.0,50.0,0.0,7.0,0.0,0.0,0.0,7.0,97.9,281.533333,74.14474,76.30279,3.0
2026-06-24T16:59:53.085518985Z,1000,per_hit,raw_percent_of_host,api-node1,api-node2,14,17,31,16.0,14.141414,16.0,28.282828,100.0,50.0,0.0,0.0,0.0,0.0,0.0,0.0,110.357143,263.416667,78.415517,66.40351,3.0
2026-06-24T16:59:54.085519874Z,1000,per_hit,raw_percent_of_host,api-node1,api-node2,16,15,31,16.831683,14.141414,16.831683,28.282828,100.0,50.0,0.0,0.0,0.0,0.0,0.0,0.0,130.0625,129.866667,77.426788,71.844488,3.0
2026-06-24T16:59:55.085519403Z,1000,per_hit,raw_percent_of_host,api-node1,api-node2,11,19,30,15.0,12.068966,15.0,24.137931,100.0,50.0,0.0,1.0,0.0,0.0,0.0,1.0,115.545455,200.055556,76.179047,75.174082,3.0
2026-06-24T16:59:56.085520396Z,1000,per_hit,raw_percent_of_host,api-node1,api-node2,19,11,30,15.841584,13.131313,15.841584,26.262626,100.0,50.0,0.0,0.0,0.0,0.0,0.0,0.0,161.315789,126.083333,74.946552,69.81973,3.0
2026-06-24T16:59:57.085522548Z,1000,per_hit,raw_percent_of_host,api-node1,api-node2,17,13,30,15.0,11.403509,15.0,22.807018,100.0,50.0,0.0,1.0,0.0,0.0,0.0,1.0,159.882353,193.25,74.296103,75.578128,3.0
2026-06-24T16:59:58.085520121Z,1000,per_hit,raw_percent_of_host,api-node1,api-node2,19,11,30,15.841584,11.304348,15.841584,22.608696,100.0,50.0,0.0,2.0,0.0,0.0,0.0,2.0,182.789474,184.7,69.812477,69.253954,3.0
2026-06-24T16:59:59.085522685Z,1000,per_hit,raw_percent_of_host,api-node1,api-node2,14,16,30,15.151515,13.157895,15.151515,26.315789,100.0,50.0,0.0,2.0,0.0,0.0,0.0,2.0,114.071429,215.8125,70.84557,68.119155,3.0
2026-06-24T17:00:00.085518757Z,1000,per_hit,raw_percent_of_host,api-node1,api-node2,20,11,31,16.831683,12.280702,16.831683,24.561404,100.0,50.0,0.0,0.0,0.0,0.0,0.0,0.0,168.4,132.076923,74.685022,69.165846,3.0
2026-06-24T17:00:01.085521485Z,1000,per_hit,raw_percent_of_host,api-node1,api-node2,15,16,31,14.141414,13.265306,14.141414,26.530612,100.0,50.0,0.0,2.0,0.0,0.0,0.0,2.0,153.866667,185.5,72.330135,76.008063,3.0
2026-06-24T17:00:02.085522876Z,1000,per_hit,raw_percent_of_host,api-node1,api-node2,16,15,31,15.0,10.526316,15.0,21.052632,100.0,50.0,0.0,2.0,0.0,0.0,0.0,2.0,110.6875,226.266667,74.417797,68.60092,3.0
2026-06-24T17:00:03.085520408Z,1000,per_hit,raw_percent_of_host,api-node1,api-node2,20,12,32,15.151515,13.913043,15.151515,27.826087,100.0,50.0,0.0,0.0,0.0,0.0,0.0,0.0,151.25,190.857143,76.189306,65.789001,3.0
2026-06-24T17:00:04.085522557Z,1000,per_hit,raw_percent_of_host,api-node1,api-node2,15,18,33,15.0,14.0,15.0,28.0,100.0,50.0,0.0,1.0,0.0,0.0,0.0,1.0,134.0,216.294118,71.881062,77.085614,3.0
2026-06-24T17:00:05.085519501Z,1000,per_hit,raw_percent_of_host,api-node1,api-node2,13,20,33,18.269231,12.280702,18.269231,24.561404,100.0,50.0,0.0,9.0,0.0,0.0,0.0,9.0,117.230769,286.583333,76.050529,67.953648,3.0
2026-06-24T17:00:06.085519256Z,1000,per_hit,raw_percent_of_host,api-node1,api-node2,22,12,34,15.151515,14.035088,15.151515,28.070175,100.0,50.0,0.0,0.0,0.0,0.0,0.0,0.0,137.045455,210.52381,73.572524,67.728349,3.0
2026-06-24T17:00:07.085520206Z,1000,per_hit,raw_percent_of_host,api-node1,api-node2,16,19,35,15.0,9.482759,15.0,18.965517,100.0,50.0,0.0,1.0,0.0,0.0,0.0,1.0,115.4375,254.555556,74.666267,75.914866,3.0
2026-06-24T17:00:08.085519702Z,1000,per_hit,raw_percent_of_host,api-node1,api-node2,19,17,36,15.0,13.043478,15.0,26.086957,100.0,50.0,0.0,2.0,0.0,0.0,0.0,2.0,151.210526,193.9375,72.814026,69.982301,3.0
2026-06-24T17:00:09.085520821Z,1000,per_hit,raw_percent_of_host,api-node1,api-node2,17,20,37,15.841584,12.931034,15.841584,25.862069,100.0,50.0,0.0,11.0,0.0,0.0,0.0,11.0,117.117647,202.636364,72.080398,68.611337,3.0
2026-06-24T17:00:10.085521329Z,1000,per_hit,raw_percent_of_host,api-node1,api-node2,16,22,38,16.666667,13.793103,16.666667,27.586207,100.0,50.0,0.0,8.0,0.0,0.0,0.0,8.0,116.875,255.6,74.042411,67.258273,3.0
2026-06-24T17:00:11.085521473Z,1000,per_hit,raw_percent_of_host,api-node1,api-node2,17,22,39,15.151515,13.043478,15.151515,26.086957,100.0,50.0,0.0,13.0,0.0,0.0,0.0,13.0,142.647059,271.882353,72.444496,68.639705,3.0
2026-06-24T17:00:12.085520586Z,1000,per_hit,raw_percent_of_host,api-node1,api-node2,19,21,40,9.0,17.857143,9.0,35.714286,100.0,50.0,0.0,15.0,0.0,0.0,0.0,15.0,134.368421,297.736842,75.043819,60.102273,3.0
2026-06-24T17:00:13.085521664Z,1000,per_hit,raw_percent_of_host,api-node1,api-node2,26,15,41,15.0,13.043478,15.0,26.086957,100.0,50.0,5.0,1.0,0.0,0.0,5.0,1.0,172.285714,260.793103,73.767388,64.632374,3.0
2026-06-24T17:00:14.085523044Z,1000,per_hit,raw_percent_of_host,api-node1,api-node2,16,26,42,15.0,15.0,15.0,30.0,100.0,50.0,0.0,13.0,0.0,0.0,0.0,13.0,162.761905,253.428571,67.582595,67.42443,3.0
2026-06-24T17:00:15.085522922Z,1000,per_hit,raw_percent_of_host,api-node1,api-node2,26,17,43,16.666667,13.043478,16.666667,26.086957,100.0,50.0,2.0,1.0,0.0,0.0,2.0,1.0,169.458333,247.241379,74.452325,62.389531,3.0
2026-06-24T17:00:16.085521252Z,1000,per_hit,raw_percent_of_host,api-node1,api-node2,15,29,44,15.0,12.121212,15.0,24.242424,100.0,50.0,0.0,21.0,0.0,0.0,0.0,21.0,114.294118,201.888889,70.381321,69.422527,3.0
2026-06-24T17:00:17.08552276Z,1000,per_hit,raw_percent_of_host,api-node1,api-node2,21,24,45,18.26087,13.861386,18.26087,27.722772,100.0,50.0,0.0,12.0,0.0,0.0,0.0,12.0,134.52381,377.272727,72.593101,55.875387,3.0
2026-06-24T17:00:18.085520306Z,1000,per_hit,raw_percent_of_host,api-node1,api-node2,19,27,46,11.904762,10.204082,11.904762,20.408163,100.0,50.0,0.0,23.0,0.0,0.0,0.0,23.0,124.684211,299.625,73.989735,69.49784,3.0
2026-06-24T17:00:19.085519667Z,1000,per_hit,raw_percent_of_host,api-node1,api-node2,26,21,47,15.841584,11.403509,15.841584,22.807018,100.0,50.0,3.0,9.0,0.0,0.0,3.0,9.0,176.347826,324.257143,73.79214,67.817746,3.0
2026-06-24T17:00:20.085519504Z,1000,per_hit,raw_percent_of_host,api-node1,api-node2,25,23,48,15.0,13.131313,15.0,26.262626,100.0,50.0,15.0,4.0,0.0,0.0,15.0,4.0,183.153846,239.142857,69.095997,68.68801,3.0
2026-06-24T17:00:21.085519727Z,1000,per_hit,raw_percent_of_host,api-node1,api-node2,20,28,48,17.821782,12.280702,17.821782,24.561404,100.0,50.0,1.0,17.0,0.0,0.0,1.0,17.0,212.617647,266.866667,67.384448,67.427378,3.0
2026-06-24T17:00:22.085520989Z,1000,per_hit,raw_percent_of_host,api-node1,api-node2,26,23,49,8.0,24.705882,8.0,49.411765,100.0,50.0,15.0,12.0,0.0,0.0,15.0,12.0,132.333333,312.928571,72.102108,62.622458,3.0
2026-06-24T17:00:23.085519756Z,1000,per_hit,raw_percent_of_host,api-node1,api-node2,31,18,49,15.151515,12.121212,15.151515,24.242424,100.0,50.0,5.0,6.0,0.0,0.0,5.0,6.0,225.829268,226.791667,71.34509,68.161347,3.0
2026-06-24T17:00:24.085521124Z,1000,per_hit,raw_percent_of_host,api-node1,api-node2,23,27,50,16.831683,11.403509,16.831683,22.807018,100.0,50.0,1.0,11.0,0.0,0.0,1.0,11.0,150.666667,248.772727,67.854221,68.738819,3.0
2026-06-24T17:00:25.085519629Z,1000,per_hit,raw_percent_of_host,api-node1,api-node2,28,22,50,15.0,12.931034,15.0,25.862069,100.0,50.0,6.0,8.0,0.0,0.0,6.0,8.0,182.521739,255.44,70.031191,61.425371,3.0
2026-06-24T17:00:26.085520476Z,1000,per_hit,raw_percent_of_host,api-node1,api-node2,28,22,50,26.262626,18.823529,26.262626,37.647059,100.0,50.0,4.0,14.0,0.0,0.0,4.0,14.0,159.933333,239.375,68.594629,64.782727,3.0
2026-06-24T17:00:27.085519873Z,1000,per_hit,raw_percent_of_host,api-node1,api-node2,27,23,50,16.831683,15.0,16.831683,30.0,100.0,50.0,1.0,5.0,0.0,0.0,1.0,5.0,178.233333,235.4375,68.808651,64.74694,3.0
2026-06-24T17:00:28.085520084Z,1000,per_hit,raw_percent_of_host,api-node1,api-node2,21,29,50,25.252525,16.0,25.252525,32.0,100.0,50.0,1.0,24.0,0.0,0.0,1.0,24.0,196.571429,238.9,68.2756,65.260853,3.0
2026-06-24T17:00:29.085519654Z,1000,per_hit,raw_percent_of_host,api-node1,api-node2,25,25,50,15.151515,12.173913,15.151515,24.347826,100.0,50.0,3.0,16.0,0.0,0.0,3.0,16.0,154.565217,383.757576,71.121206,61.831003,3.0
2026-06-24T17:00:30.085520241Z,1000,per_hit,raw_percent_of_host,api-node1,api-node2,23,26,49,15.151515,13.913043,15.151515,27.826087,100.0,50.0,1.0,20.0,0.0,0.0,1.0,20.0,212.64,309.954545,71.555207,61.376749,3.0
2026-06-24T17:00:31.085520842Z,1000,per_hit,raw_percent_of_host,api-node1,api-node2,27,22,49,26.0,23.809524,26.0,47.619048,100.0,50.0,2.0,17.0,0.0,0.0,2.0,17.0,157.846154,301.08,70.296083,61.701319,3.0
2026-06-24T17:00:32.085519804Z,1000,per_hit,raw_percent_of_host,api-node1,api-node2,27,22,49,8.080808,17.857143,8.080808,35.714286,100.0,50.0,9.0,22.0,0.0,0.0,9.0,22.0,161.95,397.764706,71.385909,59.537562,3.0
2026-06-24T17:00:33.085520653Z,1000,per_hit,raw_percent_of_host,api-node1,api-node2,24,25,49,14.141414,11.304348,14.141414,22.608696,100.0,50.0,0.0,14.0,0.0,0.0,0.0,14.0,161.848485,398.060606,68.657323,61.412991,3.0
2026-06-24T17:00:34.085519889Z,1000,per_hit,raw_percent_of_host,api-node1,api-node2,28,20,48,15.0,23.809524,15.0,47.619048,100.0,50.0,4.0,15.0,0.0,0.0,4.0,15.0,179.166667,271.157895,70.407538,62.326953,3.0
2026-06-24T17:00:35.085519588Z,1000,per_hit,raw_percent_of_host,api-node1,api-node2,21,26,47,15.151515,7.142857,15.151515,14.285714,100.0,50.0,3.0,21.0,0.0,0.0,3.0,21.0,146.272727,296.6,69.225579,72.605639,3.0
2026-06-24T17:00:36.085520258Z,1000,per_hit,raw_percent_of_host,api-node1,api-node2,22,25,47,15.841584,13.0,15.841584,26.0,100.0,50.0,2.0,9.0,0.0,0.0,2.0,9.0,126.652174,318.648649,72.031695,67.106449,3.0
2026-06-24T17:00:37.0855197Z,1000,per_hit,raw_percent_of_host,api-node1,api-node2,24,22,46,15.0,11.403509,15.0,22.807018,100.0,50.0,1.0,11.0,0.0,0.0,1.0,11.0,125.8,244.95,68.987357,64.081947,3.0
2026-06-24T17:00:38.085521182Z,1000,per_hit,raw_percent_of_host,api-node1,api-node2,17,28,45,25.252525,17.857143,25.252525,35.714286,100.0,50.0,0.0,23.0,0.0,0.0,0.0,23.0,133.5,260.875,68.592086,67.633186,3.0
2026-06-24T17:00:39.085520276Z,1000,per_hit,raw_percent_of_host,api-node1,api-node2,23,21,44,15.151515,13.131313,15.151515,26.262626,100.0,50.0,0.0,5.0,0.0,0.0,0.0,5.0,191.782609,296.230769,74.465466,72.697915,3.0
2026-06-24T17:00:40.085525858Z,1000,per_hit,raw_percent_of_host,api-node1,api-node2,25,18,43,15.0,11.304348,15.0,22.608696,100.0,50.0,3.0,1.0,0.0,0.0,3.0,1.0,123.0,204.909091,72.547777,66.995826,3.0
2026-06-24T17:00:41.085519339Z,1000,per_hit,raw_percent_of_host,api-node1,api-node2,20,22,42,16.666667,12.173913,16.666667,24.347826,100.0,50.0,1.0,8.0,0.0,0.0,1.0,8.0,147.545455,196.666667,68.799417,70.425244,3.0
2026-06-24T17:00:42.085519184Z,1000,per_hit,raw_percent_of_host,api-node1,api-node2,19,21,40,8.0,11.904762,8.0,23.809524,100.0,50.0,2.0,13.0,0.0,0.0,2.0,13.0,126.444444,250.375,68.169013,66.484035,3.0
2026-06-24T17:00:43.085519319Z,1000,per_hit,raw_percent_of_host,api-node1,api-node2,23,17,40,15.841584,13.913043,15.841584,27.826087,100.0,50.0,1.0,1.0,0.0,0.0,1.0,1.0,131.916667,252.206897,68.982153,65.7131,3.0
2026-06-24T17:00:44.085521092Z,1000,per_hit,raw_percent_of_host,api-node1,api-node2,16,23,39,14.141414,11.304348,14.141414,22.608696,100.0,50.0,0.0,12.0,0.0,0.0,0.0,12.0,115.058824,238.0,67.934843,66.412857,3.0
2026-06-24T17:00:45.085519414Z,1000,per_hit,raw_percent_of_host,api-node1,api-node2,21,17,38,16.0,15.151515,16.0,30.30303,100.0,50.0,0.0,2.0,0.0,0.0,0.0,2.0,137.52381,264.481481,72.14767,60.702637,3.0
2026-06-24T17:00:46.085518778Z,1000,per_hit,raw_percent_of_host,api-node1,api-node2,14,23,37,16.666667,15.151515,16.666667,30.30303,100.0,50.0,0.0,4.0,0.0,0.0,0.0,4.0,129.428571,203.666667,72.239018,68.794329,3.0
2026-06-24T17:00:47.085519751Z,1000,per_hit,raw_percent_of_host,api-node1,api-node2,14,22,36,19.387755,15.151515,19.387755,30.30303,100.0,50.0,0.0,20.0,0.0,0.0,0.0,20.0,134.714286,252.5,73.893071,65.361313,3.0
2026-06-24T17:00:48.085519309Z,1000,per_hit,raw_percent_of_host,api-node1,api-node2,23,12,35,15.841584,11.403509,15.841584,22.807018,100.0,50.0,1.0,1.0,0.0,0.0,1.0,1.0,155.227273,306.322581,76.358383,66.407918,3.0
2026-06-24T17:00:49.085520912Z,1000,per_hit,raw_percent_of_host,api-node1,api-node2,18,16,34,15.0,12.173913,15.0,24.347826,100.0,50.0,0.0,3.0,0.0,0.0,0.0,3.0,134.578947,272.714286,71.08586,68.100804,3.0
2026-06-24T17:00:50.085522625Z,1000,per_hit,raw_percent_of_host,api-node1,api-node2,14,19,33,21.212121,11.904762,21.212121,23.809524,100.0,50.0,0.0,13.0,0.0,0.0,0.0,13.0,122.428571,281.777778,72.994285,66.697571,3.0
2026-06-24T17:00:51.085519488Z,1000,per_hit,raw_percent_of_host,api-node1,api-node2,13,19,32,13.861386,15.517241,13.861386,31.034483,100.0,50.0,0.0,15.0,0.0,0.0,0.0,15.0,78.076923,300.058824,72.82239,67.989786,3.0
2026-06-24T17:00:52.085530046Z,1000,per_hit,raw_percent_of_host,api-node1,api-node2,21,11,32,5.050505,11.851852,5.050505,23.703704,100.0,50.0,4.0,0.0,0.0,0.0,4.0,0.0,139.823529,264.038462,77.350782,65.148812,3.0
2026-06-24T17:00:53.085518916Z,1000,per_hit,raw_percent_of_host,api-node1,api-node2,14,17,31,15.841584,13.043478,15.841584,26.086957,100.0,50.0,0.0,0.0,0.0,0.0,0.0,0.0,130.166667,170.0,72.923358,81.893976,3.0
2026-06-24T17:00:54.085519084Z,1000,per_hit,raw_percent_of_host,api-node1,api-node2,20,11,31,17.475728,12.280702,17.475728,24.561404,100.0,50.0,0.0,0.0,0.0,0.0,0.0,0.0,117.2,162.545455,73.285251,73.198779,3.0
2026-06-24T17:00:55.085520773Z,1000,per_hit,raw_percent_of_host,api-node1,api-node2,19,11,30,15.151515,13.793103,15.151515,27.586207,100.0,50.0,1.0,0.0,0.0,0.0,1.0,0.0,146.444444,114.727273,73.227578,73.290612,3.0
2026-06-24T17:00:56.085520205Z,1000,per_hit,raw_percent_of_host,api-node1,api-node2,11,19,30,11.111111,15.966387,11.111111,31.932773,100.0,50.0,0.0,6.0,0.0,0.0,0.0,6.0,84.416667,171.384615,69.339729,72.622458,3.0
2026-06-24T17:00:57.085520215Z,1000,per_hit,raw_percent_of_host,api-node1,api-node2,18,12,30,15.0,13.043478,15.0,26.086957,100.0,50.0,0.0,0.0,0.0,0.0,0.0,0.0,150.722222,215.833333,75.978473,66.658997,3.0
2026-06-24T17:00:58.085518732Z,1000,per_hit,raw_percent_of_host,api-node1,api-node2,15,15,30,15.0,13.043478,15.0,26.086957,100.0,50.0,1.0,1.0,0.0,0.0,1.0,1.0,126.357143,154.928571,69.811025,72.852977,3.0
2026-06-24T17:00:59.085529918Z,1000,per_hit,raw_percent_of_host,api-node1,api-node2,18,12,30,15.841584,11.403509,15.841584,22.807018,100.0,50.0,0.0,0.0,0.0,0.0,0.0,0.0,157.842105,199.461538,68.643434,67.173061,3.0
2026-06-24T17:01:00.085518976Z,1000,per_hit,raw_percent_of_host,api-node1,api-node2,14,17,31,16.0,13.043478,16.0,26.086957,100.0,50.0,0.0,1.0,0.0,0.0,0.0,1.0,98.428571,157.0625,73.462886,72.723222,3.0
2026-06-24T17:01:01.085521404Z,1000,per_hit,raw_percent_of_host,api-node1,api-node2,17,14,31,15.841584,12.173913,15.841584,24.347826,100.0,50.0,0.0,2.0,0.0,0.0,0.0,2.0,105.764706,136.923077,74.038727,69.46659,3.0
2026-06-24T17:01:02.085518741Z,1000,per_hit,raw_percent_of_host,api-node1,api-node2,15,16,31,16.666667,15.0,16.666667,30.0,100.0,50.0,0.0,2.0,0.0,0.0,0.0,2.0,135.933333,185.5625,72.776652,67.582695,3.0
2026-06-24T17:01:03.085518629Z,1000,per_hit,raw_percent_of_host,api-node1,api-node2,18,14,32,16.0,13.913043,16.0,27.826087,100.0,50.0,0.0,2.0,0.0,0.0,0.0,2.0,132.611111,141.071429,72.397181,70.000834,3.0
2026-06-24T17:01:04.085520602Z,1000,per_hit,raw_percent_of_host,api-node1,api-node2,10,23,33,10.10101,13.157895,10.10101,26.315789,100.0,50.0,0.0,9.0,0.0,0.0,0.0,9.0,70.4,201.4375,73.860615,69.18297,3.0
2026-06-24T17:01:05.085521135Z,1000,per_hit,raw_percent_of_host,api-node1,api-node2,21,13,34,15.151515,11.304348,15.151515,22.608696,100.0,50.0,4.0,3.0,0.0,0.0,4.0,3.0,168.764706,232.315789,75.266103,67.960813,3.0
2026-06-24T17:01:06.08552001Z,1000,per_hit,raw_percent_of_host,api-node1,api-node2,19,15,34,15.0,12.173913,15.0,24.347826,100.0,50.0,4.0,2.0,0.0,0.0,4.0,2.0,120.0,222.5,71.622139,68.7351,3.0
2026-06-24T17:01:07.085519356Z,1000,per_hit,raw_percent_of_host,api-node1,api-node2,15,20,35,15.841584,11.206897,15.841584,22.413793,100.0,50.0,1.0,7.0,0.0,0.0,1.0,7.0,122.722222,180.666667,71.008809,67.772645,3.0
2026-06-24T17:01:08.085520593Z,1000,per_hit,raw_percent_of_host,api-node1,api-node2,17,19,36,12.0,17.857143,12.0,35.714286,100.0,50.0,3.0,13.0,0.0,0.0,3.0,13.0,94.933333,184.384615,71.614316,69.087229,3.0
2026-06-24T17:01:09.085522329Z,1000,per_hit,raw_percent_of_host,api-node1,api-node2,18,19,37,15.841584,14.141414,15.841584,28.282828,100.0,50.0,4.0,3.0,0.0,0.0,4.0,3.0,109.882353,198.068966,72.768821,68.722062,3.0
2026-06-24T17:01:10.085520527Z,1000,per_hit,raw_percent_of_host,api-node1,api-node2,15,23,38,11.0,13.157895,11.0,26.315789,100.0,50.0,2.0,10.0,0.0,0.0,2.0,10.0,87.0,205.5,73.41408,69.770242,3.0
2026-06-24T17:01:11.085524585Z,1000,per_hit,raw_percent_of_host,api-node1,api-node2,21,18,39,14.851485,17.857143,14.851485,35.714286,100.0,50.0,4.0,11.0,0.0,0.0,4.0,11.0,92.368421,214.470588,73.24678,67.762522,3.0
2026-06-24T17:01:12.085519416Z,1000,per_hit,raw_percent_of_host,api-node1,api-node2,25,15,40,19.417476,12.173913,19.417476,24.347826,100.0,50.0,6.0,4.0,0.0,0.0,6.0,4.0,131.826087,218.318182,71.289028,65.40299,3.0
2026-06-24T17:01:13.08552014Z,1000,per_hit,raw_percent_of_host,api-node1,api-node2,21,20,41,18.269231,12.173913,18.269231,24.347826,100.0,50.0,8.0,5.0,0.0,0.0,8.0,5.0,114.578947,189.894737,70.914801,69.253788,3.0
2026-06-24T17:01:14.085520307Z,1000,per_hit,raw_percent_of_host,api-node1,api-node2,24,18,42,15.841584,13.0,15.841584,26.0,100.0,50.0,9.0,5.0,0.0,0.0,9.0,5.0,127.217391,165.0,72.184739,67.81412,3.0
2026-06-24T17:01:15.085521365Z,1000,per_hit,raw_percent_of_host,api-node1,api-node2,25,18,43,15.0,13.793103,15.0,27.586207,100.0,50.0,8.0,9.0,0.0,0.0,8.0,9.0,156.230769,172.785714,69.747955,67.941033,3.0
2026-06-24T17:01:16.085519718Z,1000,per_hit,raw_percent_of_host,api-node1,api-node2,20,24,44,15.151515,8.77193,15.151515,17.54386,100.0,50.0,7.0,11.0,0.0,0.0,7.0,11.0,116.952381,262.545455,71.696107,66.56791,3.0
2026-06-24T17:01:17.085519994Z,1000,per_hit,raw_percent_of_host,api-node1,api-node2,25,20,45,13.131313,13.793103,13.131313,27.586207,100.0,50.0,16.0,5.0,0.0,0.0,16.0,5.0,78.0625,205.884615,75.141711,66.404966,3.0
2026-06-24T17:01:18.085520871Z,1000,per_hit,raw_percent_of_host,api-node1,api-node2,27,19,46,15.0,14.655172,15.0,29.310345,100.0,50.0,9.0,8.0,0.0,0.0,9.0,8.0,159.852941,152.0,72.97874,68.300167,3.0
2026-06-24T17:01:19.085519151Z,1000,per_hit,raw_percent_of_host,api-node1,api-node2,20,27,47,15.841584,14.141414,15.841584,28.282828,100.0,50.0,10.0,17.0,0.0,0.0,10.0,17.0,119.736842,222.833333,71.521745,68.144641,3.0
2026-06-24T17:01:20.085519598Z,1000,per_hit,raw_percent_of_host,api-node1,api-node2,26,22,48,15.841584,13.913043,15.841584,27.826087,100.0,50.0,12.0,8.0,0.0,0.0,12.0,8.0,124.875,242.741935,71.742853,65.689012,3.0
2026-06-24T17:01:21.085523088Z,1000,per_hit,raw_percent_of_host,api-node1,api-node2,28,20,48,15.0,12.173913,15.0,24.347826,100.0,50.0,17.0,6.0,0.0,0.0,17.0,6.0,144.130435,178.590909,70.310185,68.05649,3.0
2026-06-24T17:01:22.085519167Z,1000,per_hit,raw_percent_of_host,api-node1,api-node2,27,22,49,36.0,13.043478,36.0,26.086957,100.0,50.0,11.0,12.0,0.0,0.0,11.0,12.0,177.363636,205.5625,70.503955,68.001784,3.0
2026-06-24T17:01:23.085519921Z,1000,per_hit,raw_percent_of_host,api-node1,api-node2,30,19,49,15.0,12.931034,15.0,25.862069,100.0,50.0,16.0,10.0,0.0,0.0,16.0,10.0,142.4,208.428571,70.776,67.916905,3.0
2026-06-24T17:01:24.085518897Z,1000,per_hit,raw_percent_of_host,api-node1,api-node2,27,23,50,17.475728,13.043478,17.475728,26.086957,100.0,50.0,10.0,13.0,0.0,0.0,10.0,13.0,147.0,204.65,71.771974,67.497504,3.0
2026-06-24T17:01:25.085519504Z,1000,per_hit,raw_percent_of_host,api-node1,api-node2,25,25,50,15.841584,14.0,15.841584,28.0,100.0,50.0,11.0,13.0,0.0,0.0,11.0,13.0,129.666667,200.6,70.367775,65.985559,3.0
2026-06-24T17:01:26.085520852Z,1000,per_hit,raw_percent_of_host,api-node1,api-node2,32,18,50,14.285714,13.793103,14.285714,27.586207,100.0,50.0,14.0,12.0,0.0,0.0,14.0,12.0,128.931034,192.105263,71.10433,69.656607,3.0
2026-06-24T17:01:27.085519145Z,1000,per_hit,raw_percent_of_host,api-node1,api-node2,24,26,50,16.666667,11.304348,16.666667,22.608696,100.0,50.0,12.0,19.0,0.0,0.0,12.0,19.0,161.538462,229.210526,71.237735,66.201131,3.0
2026-06-24T17:01:28.085519746Z,1000,per_hit,raw_percent_of_host,api-node1,api-node2,26,24,50,15.0,13.043478,15.0,26.086957,100.0,50.0,12.0,13.0,0.0,0.0,12.0,13.0,152.961538,283.333333,69.753814,64.396864,3.0
2026-06-24T17:01:29.085519496Z,1000,per_hit,raw_percent_of_host,api-node1,api-node2,28,22,50,15.151515,14.529915,15.151515,29.059829,100.0,50.0,11.0,11.0,0.0,0.0,11.0,11.0,136.413793,261.25,70.303421,62.195368,3.0
2026-06-24T17:01:30.085519462Z,1000,per_hit,raw_percent_of_host,api-node1,api-node2,21,29,50,16.831683,13.793103,16.831683,27.586207,100.0,50.0,5.0,16.0,0.0,0.0,5.0,16.0,132.333333,201.75,71.498806,70.367741,3.0
2026-06-24T17:01:31.085520332Z,1000,per_hit,raw_percent_of_host,api-node1,api-node2,15,34,49,14.0,14.0,14.0,28.0,100.0,50.0,4.0,30.0,0.0,0.0,4.0,30.0,79.625,392.15,74.81121,62.53686,3.0
2026-06-24T17:01:32.085520454Z,1000,per_hit,raw_percent_of_host,api-node1,api-node2,27,21,48,27.0,24.489796,27.0,48.979592,100.0,50.0,13.0,12.0,0.0,0.0,13.0,12.0,150.666667,314.974359,70.780239,62.529745,3.0
2026-06-24T17:01:33.085520052Z,1000,per_hit,raw_percent_of_host,api-node1,api-node2,23,25,48,16.0,12.173913,16.0,24.347826,100.0,50.0,7.0,12.0,0.0,0.0,7.0,12.0,141.896552,201.52,71.427443,67.788488,3.0
2026-06-24T17:01:34.085520273Z,1000,per_hit,raw_percent_of_host,api-node1,api-node2,31,17,48,31.0,16.239316,31.0,32.478632,100.0,50.0,19.0,6.0,0.0,0.0,19.0,6.0,126.157895,233.695652,70.46211,62.866053,3.0
2026-06-24T17:01:35.085519973Z,1000,per_hit,raw_percent_of_host,api-node1,api-node2,25,22,47,15.841584,11.904762,15.841584,23.809524,100.0,50.0,13.0,9.0,0.0,0.0,13.0,9.0,157.645161,175.473684,70.626774,70.548378,3.0
2026-06-24T17:01:36.085520084Z,1000,per_hit,raw_percent_of_host,api-node1,api-node2,25,21,46,15.151515,13.265306,15.151515,26.530612,100.0,50.0,9.0,11.0,0.0,0.0,9.0,11.0,135.551724,163.947368,72.037167,69.116627,3.0
2026-06-24T17:01:37.085520027Z,1000,per_hit,raw_percent_of_host,api-node1,api-node2,16,29,45,12.121212,20.20202,12.121212,40.40404,100.0,50.0,3.0,16.0,0.0,0.0,3.0,16.0,103.0,223.666667,73.55987,64.648261,3.0
2026-06-24T17:01:38.085519294Z,1000,per_hit,raw_percent_of_host,api-node1,api-node2,14,21,35,13.131313,14.035088,13.131313,28.070175,100.0,50.0,3.0,9.0,0.0,0.0,3.0,9.0,82.5,288.892857,74.180121,59.531333,3.0
2026-06-24T17:01:39.085521251Z,1000,per_hit,raw_percent_of_host,api-node1,api-node2,27,23,50,15.0,23.529412,15.0,47.058824,100.0,50.0,5.0,11.0,0.0,0.0,5.0,11.0,116.04,186.809524,74.196043,67.699418,3.0
2026-06-24T17:01:40.085520758Z,1000,per_hit,raw_percent_of_host,api-node1,api-node2,23,20,43,27.0,12.931034,27.0,25.862069,100.0,50.0,5.0,8.0,0.0,0.0,5.0,8.0,104.521739,222.913043,74.788235,64.604057,3.0
2026-06-24T17:01:41.085518661Z,1000,per_hit,raw_percent_of_host,api-node1,api-node2,26,16,42,25.0,13.913043,25.0,27.826087,100.0,50.0,7.0,3.0,0.0,0.0,7.0,3.0,127.875,172.380952,72.975742,68.893299,3.0
2026-06-24T17:01:42.085520388Z,1000,per_hit,raw_percent_of_host,api-node1,api-node2,19,22,41,17.0,18.26087,17.0,36.521739,100.0,50.0,5.0,10.0,0.0,0.0,5.0,10.0,98.238095,145.266667,71.903961,72.487007,3.0
2026-06-24T17:01:43.085520286Z,1000,per_hit,raw_percent_of_host,api-node1,api-node2,19,21,40,21.0,13.043478,21.0,26.086957,100.0,50.0,3.0,6.0,0.0,0.0,3.0,6.0,113.619048,227.28,73.43264,69.558762,3.0
2026-06-24T17:01:44.085520822Z,1000,per_hit,raw_percent_of_host,api-node1,api-node2,24,15,39,25.510204,12.280702,25.510204,24.561404,100.0,50.0,4.0,3.0,0.0,0.0,4.0,3.0,118.478261,225.944444,72.978095,67.823142,3.0
2026-06-24T17:01:45.085519673Z,1000,per_hit,raw_percent_of_host,api-node1,api-node2,22,16,38,21.782178,13.913043,21.782178,27.826087,100.0,50.0,4.0,3.0,0.0,0.0,4.0,3.0,140.590909,129.25,73.38883,71.126307,3.0
2026-06-24T17:01:46.085519295Z,1000,per_hit,raw_percent_of_host,api-node1,api-node2,19,18,37,18.103448,18.0,18.103448,36.0,100.0,50.0,2.0,4.0,0.0,0.0,2.0,4.0,108.142857,142.941176,70.980124,76.074453,3.0
2026-06-24T17:01:47.085519239Z,1000,per_hit,raw_percent_of_host,api-node1,api-node2,17,19,36,14.0,17.391304,14.0,34.782609,100.0,50.0,4.0,3.0,0.0,0.0,4.0,3.0,89.4,155.65,73.094426,74.181327,3.0
2026-06-24T17:01:48.085519799Z,1000,per_hit,raw_percent_of_host,api-node1,api-node2,17,18,35,20.0,13.043478,20.0,26.086957,100.0,50.0,1.0,4.0,0.0,0.0,1.0,4.0,118.2,225.235294,74.278962,66.614513,3.0
2026-06-24T17:01:49.085519621Z,1000,per_hit,raw_percent_of_host,api-node1,api-node2,16,18,34,20.792079,10.526316,20.792079,21.052632,100.0,50.0,0.0,8.0,0.0,0.0,0.0,8.0,97.823529,213.357143,74.465524,67.13131,3.0
2026-06-24T17:01:50.085519621Z,1000,per_hit,raw_percent_of_host,api-node1,api-node2,25,8,33,16.831683,15.151515,16.831683,30.30303,100.0,50.0,5.0,0.0,0.0,0.0,5.0,0.0,155.25,156.4375,72.222275,76.436871,3.0
2026-06-24T17:01:51.085521764Z,1000,per_hit,raw_percent_of_host,api-node1,api-node2,17,15,32,15.151515,17.241379,15.151515,34.482759,100.0,50.0,2.0,3.0,0.0,0.0,2.0,3.0,142.45,161.333333,68.854699,75.335653,3.0
2026-06-24T17:01:52.085520639Z,1000,per_hit,raw_percent_of_host,api-node1,api-node2,15,17,32,19.80198,13.043478,19.80198,26.086957,100.0,50.0,0.0,4.0,0.0,0.0,0.0,4.0,102.470588,175.75,74.489197,70.142013,3.0
2026-06-24T17:01:53.085518904Z,1000,per_hit,raw_percent_of_host,api-node1,api-node2,21,10,31,20.20202,13.043478,20.20202,26.086957,100.0,50.0,3.0,1.0,0.0,0.0,3.0,1.0,118.944444,162.846154,74.590514,68.68185,3.0
2026-06-24T17:01:54.085522043Z,1000,per_hit,raw_percent_of_host,api-node1,api-node2,18,13,31,20.20202,12.280702,20.20202,24.561404,100.0,50.0,4.0,1.0,0.0,0.0,4.0,1.0,101.294118,156.538462,75.014928,69.925109,3.0
2026-06-24T17:01:55.085521616Z,1000,per_hit,raw_percent_of_host,api-node1,api-node2,21,9,30,22.54902,10.891089,22.54902,21.782178,100.0,50.0,1.0,1.0,0.0,0.0,1.0,1.0,131.166667,114.444444,73.550294,69.451318,3.0
2026-06-24T17:01:56.085521519Z,1000,per_hit,raw_percent_of_host,api-node1,api-node2,11,19,30,13.0,17.54386,13.0,35.087719,100.0,50.0,0.0,6.0,0.0,0.0,0.0,6.0,82.666667,181.0,72.673366,75.149328,3.0
2026-06-24T17:01:57.085519194Z,1000,per_hit,raw_percent_of_host,api-node1,api-node2,17,13,30,20.792079,12.173913,20.792079,24.347826,100.0,50.0,1.0,3.0,0.0,0.0,1.0,3.0,125.3125,168.1875,74.807158,67.664439,3.0
2026-06-24T17:01:58.085520001Z,1000,per_hit,raw_percent_of_host,api-node1,api-node2,16,13,29,21.568627,12.173913,21.568627,24.347826,100.0,50.0,3.0,2.0,0.0,0.0,3.0,2.0,100.0,160.571429,74.12596,69.081375,3.0
2026-06-24T17:01:59.085519295Z,1000,per_hit,raw_percent_of_host,api-node1,api-node2,15,16,31,13.265306,17.391304,13.265306,34.782609,100.0,50.0,0.0,3.0,0.0,0.0,0.0,3.0,88.222222,154.0,76.013935,73.28355,3.0
2026-06-24T17:02:00.085518684Z,1000,per_hit,raw_percent_of_host,api-node1,api-node2,13,17,30,14.141414,14.035088,14.141414,28.070175,100.0,50.0,0.0,3.0,0.0,0.0,0.0,3.0,88.076923,147.529412,75.129766,73.924223,3.0
2026-06-24T17:02:01.085520139Z,1000,per_hit,raw_percent_of_host,api-node1,api-node2,14,17,31,21.782178,15.0,21.782178,30.0,100.0,50.0,2.0,3.0,0.0,0.0,2.0,3.0,98.75,183.647059,75.278815,71.601616,3.0
2026-06-24T17:02:02.085521336Z,1000,per_hit,raw_percent_of_host,api-node1,api-node2,16,15,31,23.076923,13.157895,23.076923,26.315789,100.0,50.0,0.0,5.0,0.0,0.0,0.0,5.0,137.944444,166.307692,73.185162,70.694646,3.0
2026-06-24T17:02:03.085519781Z,1000,per_hit,raw_percent_of_host,api-node1,api-node2,13,19,32,14.0,18.604651,14.0,37.209302,100.0,50.0,0.0,4.0,0.0,0.0,0.0,4.0,68.692308,198.55,74.781981,74.834219,3.0
2026-06-24T17:02:04.085519372Z,1000,per_hit,raw_percent_of_host,api-node1,api-node2,17,15,32,19.65812,18.26087,19.65812,36.521739,100.0,50.0,4.0,0.0,0.0,0.0,4.0,0.0,98.076923,161.052632,75.010476,74.265604,3.0
2026-06-24T17:02:05.085518863Z,1000,per_hit,raw_percent_of_host,api-node1,api-node2,14,19,33,15.841584,16.666667,15.841584,33.333333,100.0,50.0,0.0,4.0,0.0,0.0,0.0,4.0,116.944444,157.133333,74.247377,75.201196,3.0
2026-06-24T17:02:06.085519261Z,1000,per_hit,raw_percent_of_host,api-node1,api-node2,16,18,34,19.0,13.0,19.0,26.0,100.0,50.0,0.0,4.0,0.0,0.0,0.0,4.0,86.25,153.222222,75.795582,72.306262,3.0
2026-06-24T17:02:07.085518735Z,1000,per_hit,raw_percent_of_host,api-node1,api-node2,20,14,34,15.151515,16.666667,15.151515,33.333333,100.0,50.0,1.0,2.0,0.0,0.0,1.0,2.0,108.631579,142.8125,75.327165,73.946124,3.0
2026-06-24T17:02:08.085518697Z,1000,per_hit,raw_percent_of_host,api-node1,api-node2,22,13,35,20.0,13.157895,20.0,26.315789,100.0,50.0,0.0,2.0,0.0,0.0,0.0,2.0,98.434783,139.769231,76.272323,72.890167,3.0
2026-06-24T17:02:09.085521676Z,1000,per_hit,raw_percent_of_host,api-node1,api-node2,14,22,36,12.0,18.26087,12.0,36.521739,100.0,50.0,0.0,3.0,0.0,0.0,0.0,3.0,69.857143,158.571429,75.882471,73.868731,3.0
2026-06-24T17:02:10.085539311Z,1000,per_hit,raw_percent_of_host,api-node1,api-node2,18,19,37,15.0,16.521739,15.0,33.043478,100.0,50.0,1.0,2.0,0.0,0.0,1.0,2.0,120.0,170.5,76.120956,74.716205,3.0
2026-06-24T17:02:11.085528512Z,1000,per_hit,raw_percent_of_host,api-node1,api-node2,15,23,38,16.666667,16.521739,16.666667,33.043478,100.0,50.0,1.0,5.0,0.0,0.0,1.0,5.0,100.466667,151.45,76.248364,75.068085,3.0
2026-06-24T17:02:12.085520976Z,1000,per_hit,raw_percent_of_host,api-node1,api-node2,21,18,39,19.191919,12.068966,19.191919,24.137931,100.0,50.0,0.0,2.0,0.0,0.0,0.0,2.0,83.409091,177.47619,76.609844,72.337362,3.0
2026-06-24T17:02:13.085518716Z,1000,per_hit,raw_percent_of_host,api-node1,api-node2,19,21,40,12.121212,17.910448,12.121212,35.820896,100.0,50.0,0.0,0.0,0.0,0.0,0.0,0.0,75.894737,165.086957,74.997606,74.07664,3.0
2026-06-24T17:02:14.085518948Z,1000,per_hit,raw_percent_of_host,api-node1,api-node2,19,22,41,15.0,18.0,15.0,36.0,100.0,50.0,2.0,2.0,0.0,0.0,2.0,2.0,116.235294,112.35,76.285962,75.097507,3.0
2026-06-24T17:02:15.08552303Z,1000,per_hit,raw_percent_of_host,api-node1,api-node2,26,17,43,15.151515,16.161616,15.151515,32.323232,100.0,50.0,3.0,1.0,0.0,0.0,3.0,1.0,117.44,140.222222,72.823173,74.040054,3.0
2026-06-24T17:02:16.085520776Z,1000,per_hit,raw_percent_of_host,api-node1,api-node2,23,21,44,19.0,13.043478,19.0,26.086957,100.0,50.0,0.0,2.0,0.0,0.0,0.0,2.0,82.153846,168.8,75.567138,70.374205,3.0
2026-06-24T17:02:17.085520269Z,1000,per_hit,raw_percent_of_host,api-node1,api-node2,23,21,44,18.103448,15.652174,18.103448,31.304348,100.0,50.0,1.0,2.0,0.0,0.0,1.0,2.0,117.409091,170.952381,73.335362,74.143795,3.0
2026-06-24T17:02:18.08551936Z,1000,per_hit,raw_percent_of_host,api-node1,api-node2,22,23,45,17.647059,20.175439,17.647059,40.350877,100.0,50.0,1.0,2.0,0.0,0.0,1.0,2.0,103.318182,169.521739,72.665705,71.087247,3.0
2026-06-24T17:02:19.085519161Z,1000,per_hit,raw_percent_of_host,api-node1,api-node2,25,21,46,18.181818,13.157895,18.181818,26.315789,100.0,50.0,0.0,3.0,0.0,0.0,0.0,3.0,91.076923,198.4,75.829571,70.074399,3.0
2026-06-24T17:02:20.085520753Z,1000,per_hit,raw_percent_of_host,api-node1,api-node2,22,25,47,15.0,19.0,15.0,38.0,100.0,50.0,0.0,3.0,0.0,0.0,0.0,3.0,99.727273,182.32,75.565353,70.802161,3.0
2026-06-24T17:02:21.085519948Z,1000,per_hit,raw_percent_of_host,api-node1,api-node2,27,21,48,20.20202,12.931034,20.20202,25.862069,100.0,50.0,2.0,2.0,0.0,0.0,2.0,2.0,102.96,150.318182,76.881634,70.111646,3.0
2026-06-24T17:02:22.08552155Z,1000,per_hit,raw_percent_of_host,api-node1,api-node2,26,22,48,20.792079,13.131313,20.792079,26.262626,100.0,50.0,1.0,2.0,0.0,0.0,1.0,2.0,105.37037,190.227273,75.026034,67.612468,3.0
2026-06-24T17:02:23.085520609Z,1000,per_hit,raw_percent_of_host,api-node1,api-node2,27,22,49,23.275862,14.035088,23.275862,28.070175,100.0,50.0,0.0,3.0,0.0,0.0,0.0,3.0,129.107143,202.333333,74.697001,67.779114,3.0
2026-06-24T17:02:24.085520588Z,1000,per_hit,raw_percent_of_host,api-node1,api-node2,27,22,49,19.387755,12.280702,19.387755,24.561404,100.0,50.0,0.0,3.0,0.0,0.0,0.0,3.0,129.962963,159.272727,75.62086,69.600238,3.0
2026-06-24T17:02:25.085519234Z,1000,per_hit,raw_percent_of_host,api-node1,api-node2,22,28,50,26.213592,15.0,26.213592,30.0,100.0,50.0,0.0,3.0,0.0,0.0,0.0,3.0,108.5,168.285714,75.619777,68.3722,3.0
2026-06-24T17:02:26.085518841Z,1000,per_hit,raw_percent_of_host,api-node1,api-node2,20,30,50,11.0,15.789474,11.0,31.578947,100.0,50.0,0.0,5.0,0.0,0.0,0.0,5.0,106.35,180.0,73.957881,73.313512,3.0
2026-06-24T17:02:27.085519831Z,1000,per_hit,raw_percent_of_host,api-node1,api-node2,28,22,50,16.831683,15.789474,16.831683,31.578947,100.0,50.0,0.0,5.0,0.0,0.0,0.0,5.0,122.75,183.090909,75.24235,71.350108,3.0
2026-06-24T17:02:28.085519009Z,1000,per_hit,raw_percent_of_host,api-node1,api-node2,26,24,50,15.841584,19.298246,15.841584,38.596491,100.0,50.0,2.0,0.0,0.0,0.0,2.0,0.0,105.0,189.034483,74.458162,67.999079,3.0
2026-06-24T17:02:29.085520907Z,1000,per_hit,raw_percent_of_host,api-node1,api-node2,24,26,50,20.0,11.304348,20.0,22.608696,100.0,50.0,0.0,5.0,0.0,0.0,0.0,5.0,116.153846,148.809524,75.118659,68.170947,3.0
2026-06-24T17:02:30.085520675Z,1000,per_hit,raw_percent_of_host,api-node1,api-node2,23,27,50,14.141414,20.0,14.141414,40.0,100.0,50.0,0.0,2.0,0.0,0.0,0.0,2.0,81.434783,182.533333,73.562328,70.42484,3.0
2026-06-24T17:02:31.085519744Z,1000,per_hit,raw_percent_of_host,api-node1,api-node2,28,21,49,20.0,13.793103,20.0,27.586207,100.0,50.0,0.0,3.0,0.0,0.0,0.0,3.0,115.071429,147.75,77.153047,70.737669,3.0
2026-06-24T17:02:32.08552038Z,1000,per_hit,raw_percent_of_host,api-node1,api-node2,25,24,49,21.0,27.058824,21.0,54.117647,100.0,50.0,1.0,4.0,0.0,0.0,1.0,4.0,104.416667,177.565217,76.30488,68.311522,3.0
2026-06-24T17:02:33.085519366Z,1000,per_hit,raw_percent_of_host,api-node1,api-node2,31,18,49,16.831683,18.0,16.831683,36.0,100.0,50.0,1.0,1.0,0.0,0.0,1.0,1.0,113.032258,166.666667,72.72671,73.510232,3.0
2026-06-24T17:02:34.085518783Z,1000,per_hit,raw_percent_of_host,api-node1,api-node2,26,22,48,12.121212,19.0,12.121212,38.0,100.0,50.0,3.0,1.0,0.0,0.0,3.0,1.0,92.458333,169.227273,74.237923,71.579081,3.0
2026-06-24T17:02:35.085519381Z,1000,per_hit,raw_percent_of_host,api-node1,api-node2,29,19,48,20.0,13.157895,20.0,26.315789,100.0,50.0,1.0,2.0,0.0,0.0,1.0,2.0,111.566667,143.166667,76.236397,70.714435,3.0
2026-06-24T17:02:36.085519637Z,1000,per_hit,raw_percent_of_host,api-node1,api-node2,27,20,47,20.20202,14.705882,20.20202,29.411765,100.0,50.0,1.0,2.0,0.0,0.0,1.0,2.0,118.851852,136.4,74.590858,70.904553,3.0
2026-06-24T17:02:37.085519717Z,1000,per_hit,raw_percent_of_host,api-node1,api-node2,21,25,46,16.0,12.280702,16.0,24.561404,100.0,50.0,0.0,8.0,0.0,0.0,0.0,8.0,88.772727,197.421053,76.662983,69.809032,3.0
2026-06-24T17:02:38.085519106Z,1000,per_hit,raw_percent_of_host,api-node1,api-node2,23,22,45,15.0,17.171717,15.0,34.343434,100.0,50.0,2.0,3.0,0.0,0.0,2.0,3.0,106.904762,228.333333,74.015924,72.73984,3.0
2026-06-24T17:02:39.08552083Z,1000,per_hit,raw_percent_of_host,api-node1,api-node2,21,24,45,15.151515,18.26087,15.151515,36.521739,100.0,50.0,2.0,1.0,0.0,0.0,2.0,1.0,98.285714,147.653846,75.076027,74.162278,3.0
2026-06-24T17:02:40.085524789Z,1000,per_hit,raw_percent_of_host,api-node1,api-node2,21,23,44,15.151515,18.803419,15.151515,37.606838,100.0,50.0,2.0,3.0,0.0,0.0,2.0,3.0,92.095238,184.380952,75.218015,75.16268,3.0
2026-06-24T17:02:41.085519807Z,1000,per_hit,raw_percent_of_host,api-node1,api-node2,19,24,43,15.151515,16.666667,15.151515,33.333333,100.0,50.0,0.0,5.0,0.0,0.0,0.0,5.0,84.857143,173.318182,75.363473,73.190228,3.0
2026-06-24T17:02:42.085519686Z,1000,per_hit,raw_percent_of_host,api-node1,api-node2,21,21,42,15.841584,17.391304,15.841584,34.782609,100.0,50.0,1.0,4.0,0.0,0.0,1.0,4.0,96.85,166.363636,75.341354,73.778581,3.0
2026-06-24T17:02:43.08552009Z,1000,per_hit,raw_percent_of_host,api-node1,api-node2,21,20,41,22.54902,13.0,22.54902,26.0,100.0,50.0,3.0,2.0,0.0,0.0,3.0,2.0,99.157895,168.681818,75.530344,70.534643,3.0
2026-06-24T17:02:44.085519975Z,1000,per_hit,raw_percent_of_host,api-node1,api-node2,13,26,39,17.0,13.913043,17.0,27.826087,100.0,50.0,0.0,3.0,0.0,0.0,0.0,3.0,83.4375,186.56,75.44286,70.15815,3.0
2026-06-24T17:02:45.085519762Z,1000,per_hit,raw_percent_of_host,api-node1,api-node2,22,16,38,17.0,17.857143,17.0,35.714286,100.0,50.0,1.0,2.0,0.0,0.0,1.0,2.0,107.571429,179.0,76.189053,74.735888,3.0
2026-06-24T17:02:46.085519862Z,1000,per_hit,raw_percent_of_host,api-node1,api-node2,17,20,37,21.782178,14.0,21.782178,28.0,100.0,50.0,0.0,4.0,0.0,0.0,0.0,4.0,95.055556,129.555556,76.305296,70.439082,3.0
2026-06-24T17:02:47.085519614Z,1000,per_hit,raw_percent_of_host,api-node1,api-node2,19,16,35,15.151515,17.391304,15.151515,34.782609,100.0,50.0,3.0,1.0,0.0,0.0,3.0,1.0,118.8125,154.263158,72.778077,73.905895,3.0
2026-06-24T17:02:48.085522151Z,1000,per_hit,raw_percent_of_host,api-node1,api-node2,20,15,35,20.792079,12.173913,20.792079,24.347826,100.0,50.0,2.0,1.0,0.0,0.0,2.0,1.0,117.47619,125.133333,75.806285,73.14399,3.0
2026-06-24T17:02:49.085518978Z,1000,per_hit,raw_percent_of_host,api-node1,api-node2,13,22,35,20.20202,17.857143,20.20202,35.714286,100.0,50.0,0.0,5.0,0.0,0.0,0.0,5.0,93.866667,214.555556,75.409554,73.317409,3.0
2026-06-24T17:02:50.085519152Z,1000,per_hit,raw_percent_of_host,api-node1,api-node2,20,14,34,15.0,15.789474,15.0,31.578947,100.0,50.0,1.0,2.0,0.0,0.0,1.0,2.0,125.0,169.176471,74.67456,75.562883,3.0
2026-06-24T17:02:51.085519388Z,1000,per_hit,raw_percent_of_host,api-node1,api-node2,14,17,31,15.151515,20.175439,15.151515,40.350877,100.0,50.0,4.0,1.0,0.0,0.0,4.0,1.0,92.0,186.833333,76.351349,74.887177,3.0
2026-06-24T17:02:52.085520188Z,1000,per_hit,raw_percent_of_host,api-node1,api-node2,16,17,33,21.568627,13.131313,21.568627,26.262626,100.0,50.0,0.0,6.0,0.0,0.0,0.0,6.0,92.25,144.5,76.049831,74.756675,3.0
2026-06-24T17:02:53.085519189Z,1000,per_hit,raw_percent_of_host,api-node1,api-node2,14,17,31,15.841584,19.191919,15.841584,38.383838,100.0,50.0,1.0,2.0,0.0,0.0,1.0,2.0,82.538462,168.142857,76.442861,73.36755,3.0
2026-06-24T17:02:54.085520859Z,1000,per_hit,raw_percent_of_host,api-node1,api-node2,16,15,31,20.792079,14.141414,20.792079,28.282828,100.0,50.0,2.0,1.0,0.0,0.0,2.0,1.0,96.6,139.125,76.090132,72.522218,3.0
2026-06-24T17:02:55.085521364Z,1000,per_hit,raw_percent_of_host,api-node1,api-node2,17,13,30,15.0,17.391304,15.0,34.782609,100.0,50.0,1.0,1.0,0.0,0.0,1.0,1.0,98.111111,122.538462,75.555569,73.948958,3.0
2026-06-24T17:02:56.085521271Z,1000,per_hit,raw_percent_of_host,api-node1,api-node2,16,14,30,17.171717,11.403509,17.171717,22.807018,100.0,50.0,0.0,3.0,0.0,0.0,0.0,3.0,69.0,138.75,76.156962,73.981828,3.0
2026-06-24T17:02:57.0855188Z,1000,per_hit,raw_percent_of_host,api-node1,api-node2,11,19,30,21.0,11.403509,21.0,22.807018,100.0,50.0,0.0,6.0,0.0,0.0,0.0,6.0,90.0,117.0625,74.692159,73.133279,3.0
2026-06-24T17:02:58.085521138Z,1000,per_hit,raw_percent_of_host,api-node1,api-node2,12,18,30,15.151515,11.504425,15.151515,23.00885,100.0,50.0,0.0,3.0,0.0,0.0,0.0,3.0,63.666667,203.857143,76.872544,72.802498,3.0
2026-06-24T17:02:59.085520083Z,1000,per_hit,raw_percent_of_host,api-node1,api-node2,13,17,30,16.666667,17.391304,16.666667,34.782609,100.0,50.0,2.0,1.0,0.0,0.0,2.0,1.0,101.0,137.894737,75.379282,74.730592,3.0
2026-06-24T17:03:00.085519172Z,1000,per_hit,raw_percent_of_host,api-node1,api-node2,10,20,30,10.10101,17.54386,10.10101,35.087719,100.0,50.0,0.0,1.0,0.0,0.0,0.0,1.0,64.25,151.85,76.303806,75.396102,3.0
2026-06-24T17:03:01.085521615Z,1000,per_hit,raw_percent_of_host,api-node1,api-node2,14,17,31,14.0,20.0,14.0,40.0,100.0,50.0,0.0,2.0,0.0,0.0,0.0,2.0,69.0,157.3125,77.584819,76.191391,3.0
2026-06-24T17:03:02.085520912Z,1000,per_hit,raw_percent_of_host,api-node1,api-node2,12,19,31,15.306122,12.280702,15.306122,24.561404,100.0,50.0,0.0,4.0,0.0,0.0,0.0,4.0,65.75,143.529412,77.363948,73.858571,3.0
2026-06-24T17:03:03.085518884Z,1000,per_hit,raw_percent_of_host,api-node1,api-node2,19,13,32,21.0,12.173913,21.0,24.347826,100.0,50.0,1.0,1.0,0.0,0.0,1.0,1.0,81.5,174.5625,76.542249,72.61266,3.0
2026-06-24T17:03:04.085520341Z,1000,per_hit,raw_percent_of_host,api-node1,api-node2,16,16,32,17.171717,12.173913,17.171717,24.347826,100.0,50.0,0.0,3.0,0.0,0.0,0.0,3.0,72.882353,140.928571,76.896152,73.991523,3.0
2026-06-24T17:03:05.085519317Z,1000,per_hit,raw_percent_of_host,api-node1,api-node2,17,16,33,15.151515,15.789474,15.151515,31.578947,100.0,50.0,1.0,1.0,0.0,0.0,1.0,1.0,97.6875,132.833333,76.448735,74.891585,3.0
2026-06-24T17:03:06.085521271Z,1000,per_hit,raw_percent_of_host,api-node1,api-node2,16,18,34,20.792079,13.675214,20.792079,27.350427,100.0,50.0,0.0,7.0,0.0,0.0,0.0,7.0,89.235294,132.166667,76.328916,74.180569,3.0
2026-06-24T17:03:07.085519168Z,1000,per_hit,raw_percent_of_host,api-node1,api-node2,10,16,26,6.0,1.010101,6.0,2.020202,100.0,50.0,1.0,4.0,0.0,0.0,1.0,4.0,71.777778,172.105263,77.79268,74.541845,3.0
2026-06-24T17:03:08.085519041Z,1000,per_hit,raw_percent_of_host,api-node1,api-node2,17,26,43,15.151515,11.0,15.151515,22.0,100.0,50.0,5.0,8.0,0.0,0.0,5.0,8.0,64.692308,144.227273,78.302773,74.479985,3.0
2026-06-24T17:03:09.085518842Z,1000,per_hit,raw_percent_of_host,api-node1,api-node2,19,17,36,16.831683,15.853659,16.831683,31.707317,100.0,50.0,4.0,3.0,0.0,0.0,4.0,3.0,87.95,130.590909,76.40638,73.996062,3.0
2026-06-24T17:03:10.085518993Z,1000,per_hit,raw_percent_of_host,api-node1,api-node2,22,15,37,13.0,17.857143,13.0,35.714286,100.0,50.0,6.0,0.0,0.0,0.0,6.0,0.0,93.45,108.388889,76.23127,75.951529,3.0
2026-06-24T17:03:11.085526579Z,1000,per_hit,raw_percent_of_host,api-node1,api-node2,27,11,38,15.151515,8.235294,15.151515,16.470588,100.0,50.0,6.0,0.0,0.0,0.0,6.0,0.0,88.0,103.909091,76.61934,74.807175,3.0
2026-06-24T17:03:12.085519102Z,1000,per_hit,raw_percent_of_host,api-node1,api-node2,24,16,40,14.285714,14.457831,14.285714,28.915663,100.0,50.0,6.0,2.0,0.0,0.0,6.0,2.0,105.833333,99.142857,75.530879,75.954102,3.0
2026-06-24T17:03:13.085519728Z,1000,per_hit,raw_percent_of_host,api-node1,api-node2,15,26,41,17.0,10.714286,17.0,21.428571,100.0,50.0,0.0,9.0,0.0,0.0,0.0,9.0,81.095238,136.052632,76.869506,73.135651,3.0
2026-06-24T17:03:14.085521726Z,1000,per_hit,raw_percent_of_host,api-node1,api-node2,23,19,42,20.20202,18.0,20.20202,36.0,100.0,50.0,3.0,6.0,0.0,0.0,3.0,6.0,70.35,135.0,76.771922,72.880373,3.0
2026-06-24T17:03:15.085519624Z,1000,per_hit,raw_percent_of_host,api-node1,api-node2,20,23,43,11.881188,17.857143,11.881188,35.714286,100.0,50.0,3.0,4.0,0.0,0.0,3.0,4.0,86.7,144.92,75.534586,73.672217,3.0
2026-06-24T17:03:16.085521795Z,1000,per_hit,raw_percent_of_host,api-node1,api-node2,28,16,44,29.52381,2.352941,29.52381,4.705882,100.0,50.0,7.0,3.0,0.0,0.0,7.0,3.0,105.666667,133.0,75.809314,75.502612,3.0
2026-06-24T17:03:17.085519134Z,1000,per_hit,raw_percent_of_host,api-node1,api-node2,24,21,45,15.306122,17.857143,15.306122,35.714286,100.0,50.0,8.0,2.0,0.0,0.0,8.0,2.0,90.086957,124.863636,75.380681,76.302477,3.0
2026-06-24T17:03:18.085519103Z,1000,per_hit,raw_percent_of_host,api-node1,api-node2,26,20,46,15.151515,18.965517,15.151515,37.931034,100.0,50.0,6.0,4.0,0.0,0.0,6.0,4.0,122.142857,124.777778,75.936645,74.271148,3.0
2026-06-24T17:03:19.085519749Z,1000,per_hit,raw_percent_of_host,api-node1,api-node2,28,18,46,23.0,13.095238,23.0,26.190476,100.0,50.0,4.0,4.0,0.0,0.0,4.0,4.0,92.0,141.666667,75.664104,72.932413,3.0
2026-06-24T17:03:20.085518999Z,1000,per_hit,raw_percent_of_host,api-node1,api-node2,22,24,46,15.151515,16.470588,15.151515,32.941176,100.0,50.0,2.0,5.0,0.0,0.0,2.0,5.0,86.333333,137.913043,75.639794,70.46574,3.0
2026-06-24T17:03:21.085520885Z,1000,per_hit,raw_percent_of_host,api-node1,api-node2,28,20,48,36.0,16.0,36.0,32.0,100.0,50.0,2.0,3.0,0.0,0.0,2.0,3.0,75.357143,145.363636,77.451096,73.387932,3.0
2026-06-24T17:03:22.085521532Z,1000,per_hit,raw_percent_of_host,api-node1,api-node2,25,24,49,24.742268,19.047619,24.742268,38.095238,100.0,50.0,4.0,6.0,0.0,0.0,4.0,6.0,96.695652,130.857143,76.271424,73.315085,3.0
2026-06-24T17:03:23.085519693Z,1000,per_hit,raw_percent_of_host,api-node1,api-node2,26,23,49,15.463918,25.301205,15.463918,50.60241,100.0,50.0,3.0,3.0,0.0,0.0,3.0,3.0,81.296296,131.730769,75.18063,74.72554,3.0
2026-06-24T17:03:24.08552232Z,1000,per_hit,raw_percent_of_host,api-node1,api-node2,20,20,40,22.916667,17.44186,22.916667,34.883721,100.0,50.0,0.0,4.0,0.0,0.0,0.0,4.0,85.826087,127.157895,75.35808,73.299741,3.0
2026-06-24T17:03:25.085521356Z,1000,per_hit,raw_percent_of_host,api-node1,api-node2,19,28,47,28.282828,21.176471,28.282828,42.352941,100.0,50.0,4.0,8.0,0.0,0.0,4.0,8.0,62.333333,164.166667,76.362979,73.182005,3.0
2026-06-24T17:03:26.085521846Z,1000,per_hit,raw_percent_of_host,api-node1,api-node2,24,30,54,23.232323,26.190476,23.232323,52.380952,100.0,50.0,3.0,2.0,0.0,0.0,3.0,2.0,79.64,254.583333,75.463546,65.907697,3.0
2026-06-24T17:03:27.085521391Z,1000,per_hit,raw_percent_of_host,api-node1,api-node2,30,20,50,39.795918,15.47619,39.795918,30.952381,100.0,50.0,2.0,1.0,0.0,0.0,2.0,1.0,107.096774,139.333333,74.018547,73.562576,3.0
2026-06-24T17:03:28.085520606Z,1000,per_hit,raw_percent_of_host,api-node1,api-node2,26,24,50,24.742268,16.666667,24.742268,33.333333,100.0,50.0,2.0,0.0,0.0,0.0,2.0,0.0,86.769231,189.28,76.012209,74.47752,3.0
2026-06-24T17:03:29.08551969Z,1000,per_hit,raw_percent_of_host,api-node1,api-node2,23,27,50,36.0,25.252525,36.0,50.505051,100.0,50.0,2.0,2.0,0.0,0.0,2.0,2.0,103.869565,108.48,74.0796,74.392329,3.0
2026-06-24T17:03:30.085519617Z,1000,per_hit,raw_percent_of_host,api-node1,api-node2,28,22,50,35.714286,17.857143,35.714286,35.714286,100.0,50.0,0.0,3.0,0.0,0.0,0.0,3.0,105.466667,136.428571,73.864551,75.196053,3.0
2026-06-24T17:03:31.085519125Z,1000,per_hit,raw_percent_of_host,api-node1,api-node2,19,30,49,24.489796,21.428571,24.489796,42.857143,100.0,50.0,2.0,2.0,0.0,0.0,2.0,2.0,66.176471,203.516129,77.364557,72.560116,3.0
2026-06-24T17:03:32.085519064Z,1000,per_hit,raw_percent_of_host,api-node1,api-node2,26,23,49,34.693878,23.809524,34.693878,47.619048,100.0,50.0,1.0,2.0,0.0,0.0,1.0,2.0,84.814815,153.478261,74.716479,74.10974,3.0
2026-06-24T17:03:33.085518781Z,1000,per_hit,raw_percent_of_host,api-node1,api-node2,26,22,48,38.383838,25.0,38.383838,50.0,100.0,50.0,2.0,2.0,0.0,0.0,2.0,2.0,86.72,131.227273,76.799855,72.841897,3.0
2026-06-24T17:03:34.085519116Z,1000,per_hit,raw_percent_of_host,api-node1,api-node2,20,28,48,26.262626,23.529412,26.262626,47.058824,100.0,50.0,0.0,4.0,0.0,0.0,0.0,4.0,92.0,152.269231,75.78852,73.585191,3.0
2026-06-24T17:03:35.08552091Z,1000,per_hit,raw_percent_of_host,api-node1,api-node2,20,27,47,30.612245,23.529412,30.612245,47.058824,100.0,50.0,1.0,3.0,0.0,0.0,1.0,3.0,87.0,172.0,76.417946,73.415938,3.0
2026-06-24T17:03:36.085518905Z,1000,per_hit,raw_percent_of_host,api-node1,api-node2,20,26,46,27.0,22.619048,27.0,45.238095,100.0,50.0,1.0,2.0,0.0,0.0,1.0,2.0,69.95,208.740741,76.919557,71.568222,3.0
2026-06-24T17:03:37.0855197Z,1000,per_hit,raw_percent_of_host,api-node1,api-node2,23,23,46,30.30303,17.857143,30.30303,35.714286,100.0,50.0,1.0,1.0,0.0,0.0,1.0,1.0,74.391304,148.541667,75.106698,75.718755,3.0
2026-06-24T17:03:38.085521706Z,1000,per_hit,raw_percent_of_host,api-node1,api-node2,22,23,45,21.212121,24.705882,21.212121,49.411765,100.0,50.0,4.0,0.0,0.0,0.0,4.0,0.0,82.210526,136.208333,76.540482,76.540819,3.0
2026-06-24T17:03:39.085519942Z,1000,per_hit,raw_percent_of_host,api-node1,api-node2,25,19,44,30.612245,18.072289,30.612245,36.144578,100.0,50.0,2.0,1.0,0.0,0.0,2.0,1.0,90.222222,95.333333,75.314801,76.612513,3.0
2026-06-24T17:03:40.085518825Z,1000,per_hit,raw_percent_of_host,api-node1,api-node2,26,17,43,34.020619,17.857143,34.020619,35.714286,100.0,50.0,0.0,2.0,0.0,0.0,0.0,2.0,87.928571,85.875,75.530076,76.206048,3.0
2026-06-24T17:03:41.085550487Z,1000,per_hit,raw_percent_of_host,api-node1,api-node2,19,23,42,19.587629,21.428571,19.587629,42.857143,100.0,50.0,0.0,2.0,0.0,0.0,0.0,2.0,87.210526,130.130435,76.290719,74.407848,3.0
2026-06-24T17:03:42.085520945Z,1000,per_hit,raw_percent_of_host,api-node1,api-node2,18,23,41,29.166667,21.428571,29.166667,42.857143,100.0,50.0,1.0,2.0,0.0,0.0,1.0,2.0,73.588235,133.304348,76.99915,75.015934,3.0
2026-06-24T17:03:43.08551873Z,1000,per_hit,raw_percent_of_host,api-node1,api-node2,20,19,39,25.510204,21.686747,25.510204,43.373494,100.0,50.0,1.0,1.0,0.0,0.0,1.0,1.0,69.0,121.1,76.619278,74.616514,3.0
2026-06-24T17:03:44.085522532Z,1000,per_hit,raw_percent_of_host,api-node1,api-node2,17,22,39,29.591837,22.891566,29.591837,45.783133,100.0,50.0,0.0,3.0,0.0,0.0,0.0,3.0,67.5,108.65,75.909388,75.966082,3.0
2026-06-24T17:03:45.085525056Z,1000,per_hit,raw_percent_of_host,api-node1,api-node2,21,16,37,21.875,25.0,21.875,50.0,100.0,50.0,3.0,0.0,0.0,0.0,3.0,0.0,69.388889,145.105263,76.912362,72.974239,3.0
2026-06-24T17:03:46.085521132Z,1000,per_hit,raw_percent_of_host,api-node1,api-node2,21,16,37,29.166667,12.0,29.166667,24.0,100.0,50.0,1.0,2.0,0.0,0.0,1.0,2.0,88.391304,85.0,75.051145,76.479333,3.0
2026-06-24T17:03:47.085518849Z,1000,per_hit,raw_percent_of_host,api-node1,api-node2,21,14,35,35.714286,7.142857,35.714286,14.285714,100.0,50.0,2.0,0.0,0.0,0.0,2.0,0.0,62.0,125.25,77.678372,71.650736,3.0
2026-06-24T17:03:48.085519693Z,1000,per_hit,raw_percent_of_host,api-node1,api-node2,14,21,35,18.947368,21.428571,18.947368,42.857143,100.0,50.0,0.0,3.0,0.0,0.0,0.0,3.0,69.8125,135.833333,76.496164,74.616979,3.0
2026-06-24T17:03:49.085520048Z,1000,per_hit,raw_percent_of_host,api-node1,api-node2,15,19,34,30.612245,6.024096,30.612245,12.048193,100.0,50.0,0.0,3.0,0.0,0.0,0.0,3.0,63.4,127.157895,77.032228,73.576235,3.0
2026-06-24T17:03:50.085521409Z,1000,per_hit,raw_percent_of_host,api-node1,api-node2,12,22,34,6.382979,21.686747,6.382979,43.373494,100.0,50.0,0.0,3.0,0.0,0.0,0.0,3.0,64.75,131.227273,77.593897,74.124601,3.0
2026-06-24T17:03:51.085518832Z,1000,per_hit,raw_percent_of_host,api-node1,api-node2,14,18,32,24.489796,21.95122,24.489796,43.902439,100.0,50.0,1.0,2.0,0.0,0.0,1.0,2.0,53.153846,144.736842,78.269231,73.394593,3.0
2026-06-24T17:03:52.085522148Z,1000,per_hit,raw_percent_of_host,api-node1,api-node2,20,12,32,25.510204,11.904762,25.510204,23.809524,100.0,50.0,1.0,0.0,0.0,0.0,1.0,0.0,62.95,104.642857,76.359162,74.906709,3.0
2026-06-24T17:03:53.085521857Z,1000,per_hit,raw_percent_of_host,api-node1,api-node2,13,19,32,14.285714,18.072289,14.285714,36.144578,100.0,50.0,0.0,1.0,0.0,0.0,0.0,1.0,61.642857,116.888889,76.783023,73.470334,3.0
2026-06-24T17:03:54.085518717Z,1000,per_hit,raw_percent_of_host,api-node1,api-node2,19,12,31,25.510204,16.831683,25.510204,33.663366,100.0,50.0,1.0,1.0,0.0,0.0,1.0,1.0,67.111111,86.833333,77.131316,76.336683,3.0
2026-06-24T17:03:55.085522264Z,1000,per_hit,raw_percent_of_host,api-node1,api-node2,15,15,30,18.75,19.047619,18.75,38.095238,100.0,50.0,1.0,1.0,0.0,0.0,1.0,1.0,54.866667,106.066667,76.922082,74.521817,3.0
2026-06-24T17:03:56.085519713Z,1000,per_hit,raw_percent_of_host,api-node1,api-node2,13,17,30,19.587629,13.095238,19.587629,26.190476,100.0,50.0,0.0,2.0,0.0,0.0,0.0,2.0,58.857143,100.25,77.44131,75.623607,3.0
2026-06-24T17:03:57.085518864Z,1000,per_hit,raw_percent_of_host,api-node1,api-node2,20,10,30,24.742268,19.0,24.742268,38.0,100.0,50.0,1.0,0.0,0.0,0.0,1.0,0.0,92.105263,77.333333,75.298576,74.761617,3.0
2026-06-24T17:03:58.085521717Z,1000,per_hit,raw_percent_of_host,api-node1,api-node2,15,15,30,27.0,18.181818,27.0,36.363636,100.0,50.0,0.0,2.0,0.0,0.0,0.0,2.0,72.125,110.230769,76.235904,74.997979,3.0
2026-06-24T17:03:59.085519893Z,1000,per_hit,raw_percent_of_host,api-node1,api-node2,18,12,30,27.0,11.904762,27.0,23.809524,100.0,50.0,1.0,1.0,0.0,0.0,1.0,1.0,63.058824,95.461538,76.343771,73.92102,3.0
2026-06-24T17:04:00.085519439Z,1000,per_hit,raw_percent_of_host,api-node1,api-node2,12,18,30,15.151515,23.809524,15.151515,47.619048,100.0,50.0,3.0,0.0,0.0,0.0,3.0,0.0,51.9,130.263158,76.916731,73.377821,3.0
2026-06-24T17:04:01.085521167Z,1000,per_hit,raw_percent_of_host,api-node1,api-node2,13,18,31,25.252525,11.0,25.252525,22.0,100.0,50.0,1.0,2.0,0.0,0.0,1.0,2.0,65.133333,111.125,77.604145,73.763573,3.0
2026-06-24T17:04:02.08551893Z,1000,per_hit,raw_percent_of_host,api-node1,api-node2,15,16,31,13.541667,20.238095,13.541667,40.47619,100.0,50.0,1.0,0.0,0.0,0.0,1.0,0.0,57.266667,83.722222,77.078434,75.283659,3.0
2026-06-24T17:04:03.085519562Z,1000,per_hit,raw_percent_of_host,api-node1,api-node2,13,19,32,15.151515,24.705882,15.151515,49.411765,100.0,50.0,1.0,1.0,0.0,0.0,1.0,1.0,51.384615,130.888889,78.386723,77.151728,3.0
2026-06-24T17:04:04.085521412Z,1000,per_hit,raw_percent_of_host,api-node1,api-node2,19,13,32,40.40404,5.952381,40.40404,11.904762,100.0,50.0,1.0,1.0,0.0,0.0,1.0,1.0,72.947368,109.153846,78.002357,74.489415,3.0
2026-06-24T17:04:05.085520964Z,1000,per_hit,raw_percent_of_host,api-node1,api-node2,16,17,33,35.353535,11.904762,35.353535,23.809524,100.0,50.0,0.0,1.0,0.0,0.0,0.0,1.0,64.058824,122.058824,78.136422,75.503636,3.0
2026-06-24T17:04:06.085521855Z,1000,per_hit,raw_percent_of_host,api-node1,api-node2,23,11,34,28.865979,13.095238,28.865979,26.190476,100.0,50.0,1.0,0.0,0.0,0.0,1.0,0.0,78.363636,100.416667,77.208774,74.868057,3.0
2026-06-24T17:04:07.085523584Z,1000,per_hit,raw_percent_of_host,api-node1,api-node2,14,21,35,20.408163,19.191919,20.408163,38.383838,100.0,50.0,1.0,2.0,0.0,0.0,1.0,2.0,96.642857,97.421053,76.476043,73.984825,3.0
2026-06-24T17:04:08.085519343Z,1000,per_hit,raw_percent_of_host,api-node1,api-node2,17,19,36,24.489796,21.428571,24.489796,42.857143,100.0,50.0,1.0,0.0,0.0,0.0,1.0,0.0,60.588235,105.333333,76.071009,75.254495,3.0
2026-06-24T17:04:09.085521686Z,1000,per_hit,raw_percent_of_host,api-node1,api-node2,17,20,37,14.43299,23.809524,14.43299,47.619048,100.0,50.0,0.0,2.0,0.0,0.0,0.0,2.0,78.666667,116.555556,74.315983,74.76865,3.0
2026-06-24T17:04:10.085519037Z,1000,per_hit,raw_percent_of_host,api-node1,api-node2,21,17,38,36.0,16.161616,36.0,32.323232,100.0,50.0,0.0,1.0,0.0,0.0,0.0,1.0,82.380952,120.333333,76.790846,73.774868,3.0
2026-06-24T17:04:11.085521305Z,1000,per_hit,raw_percent_of_host,api-node1,api-node2,20,19,39,31.313131,24.705882,31.313131,49.411765,100.0,50.0,1.0,1.0,0.0,0.0,1.0,1.0,97.684211,133.105263,77.147974,73.929794,3.0
2026-06-24T17:04:12.085543808Z,1000,per_hit,raw_percent_of_host,api-node1,api-node2,20,20,40,31.958763,21.95122,31.958763,43.902439,100.0,50.0,1.0,0.0,0.0,0.0,1.0,0.0,66.55,131.0,77.177076,75.338692,3.0
2026-06-24T17:04:13.085518933Z,1000,per_hit,raw_percent_of_host,api-node1,api-node2,19,22,41,26.0,20.20202,26.0,40.40404,100.0,50.0,1.0,0.0,0.0,0.0,1.0,0.0,68.157895,142.590909,76.527141,76.142907,3.0
2026-06-24T17:04:14.08551905Z,1000,per_hit,raw_percent_of_host,api-node1,api-node2,23,18,41,36.734694,21.428571,36.734694,42.857143,100.0,50.0,4.0,0.0,0.0,0.0,4.0,0.0,68.3,152.0,77.81542,77.87132,3.0
2026-06-24T17:04:15.085573526Z,1000,per_hit,raw_percent_of_host,api-node1,api-node2,20,23,43,28.865979,23.809524,28.865979,47.619048,100.0,50.0,0.0,1.0,0.0,0.0,0.0,1.0,83.166667,138.727273,76.459609,76.835459,3.0
2026-06-24T17:04:16.08552022Z,1000,per_hit,raw_percent_of_host,api-node1,api-node2,28,17,45,40.594059,22.44898,40.594059,44.897959,100.0,50.0,1.0,0.0,0.0,0.0,1.0,0.0,92.111111,128.5,75.387378,76.969348,3.0
2026-06-24T17:04:17.085519584Z,1000,per_hit,raw_percent_of_host,api-node1,api-node2,24,21,45,44.086022,17.857143,44.086022,35.714286,100.0,50.0,0.0,2.0,0.0,0.0,0.0,2.0,87.92,137.210526,78.141788,74.883016,3.0
2026-06-24T17:04:18.085520337Z,1000,per_hit,raw_percent_of_host,api-node1,api-node2,22,24,46,30.612245,24.705882,30.612245,49.411765,100.0,50.0,0.0,1.0,0.0,0.0,0.0,1.0,81.5,143.8,77.025079,75.336469,3.0
2026-06-24T17:04:19.085519363Z,1000,per_hit,raw_percent_of_host,api-node1,api-node2,18,28,46,36.363636,16.923077,36.363636,33.846154,100.0,50.0,0.0,3.0,0.0,0.0,0.0,3.0,83.388889,156.038462,77.256103,76.19817,3.0
2026-06-24T17:04:20.08552176Z,1000,per_hit,raw_percent_of_host,api-node1,api-node2,28,19,47,34.020619,21.428571,34.020619,42.857143,100.0,50.0,1.0,2.0,0.0,0.0,1.0,2.0,136.444444,125.1,73.940948,72.407849,3.0
2026-06-24T17:04:21.085519304Z,1000,per_hit,raw_percent_of_host,api-node1,api-node2,32,16,48,41.414141,23.0,41.414141,46.0,100.0,50.0,1.0,0.0,0.0,0.0,1.0,0.0,108.0625,138.666667,76.742541,75.836795,3.0
2026-06-24T17:04:22.085521742Z,1000,per_hit,raw_percent_of_host,api-node1,api-node2,25,24,49,44.0,17.857143,44.0,35.714286,100.0,50.0,0.0,1.0,0.0,0.0,0.0,1.0,99.730769,125.608696,78.451508,76.049347,3.0
2026-06-24T17:04:23.085521519Z,1000,per_hit,raw_percent_of_host,api-node1,api-node2,22,27,49,34.693878,25.0,34.693878,50.0,100.0,50.0,1.0,1.0,0.0,0.0,1.0,1.0,74.190476,177.333333,78.136274,75.619696,3.0
2026-06-24T17:04:24.085519529Z,1000,per_hit,raw_percent_of_host,api-node1,api-node2,23,26,49,35.714286,21.0,35.714286,42.0,100.0,50.0,0.0,1.0,0.0,0.0,0.0,1.0,81.041667,182.0,76.669727,72.485532,3.0
2026-06-24T17:04:25.08551955Z,1000,per_hit,raw_percent_of_host,api-node1,api-node2,17,33,50,30.612245,25.252525,30.612245,50.505051,100.0,50.0,1.0,2.0,0.0,0.0,1.0,2.0,93.5,278.28125,75.988953,72.713436,3.0
2026-06-24T17:04:26.085518969Z,1000,per_hit,raw_percent_of_host,api-node1,api-node2,27,23,50,36.0,23.809524,36.0,47.619048,100.0,50.0,3.0,1.0,0.0,0.0,3.0,1.0,99.0,119.541667,74.979756,76.311738,3.0
2026-06-24T17:04:27.085518569Z,1000,per_hit,raw_percent_of_host,api-node1,api-node2,28,22,50,35.051546,22.619048,35.051546,45.238095,100.0,50.0,1.0,0.0,0.0,0.0,1.0,0.0,97.2,187.913043,76.796252,75.957942,3.0
2026-06-24T17:04:28.085518631Z,1000,per_hit,raw_percent_of_host,api-node1,api-node2,23,27,50,35.416667,24.705882,35.416667,49.411765,100.0,50.0,0.0,1.0,0.0,0.0,0.0,1.0,75.958333,183.692308,78.482093,74.858389,3.0
2026-06-24T17:04:29.085521023Z,1000,per_hit,raw_percent_of_host,api-node1,api-node2,32,18,50,46.464646,18.181818,46.464646,36.363636,100.0,50.0,1.0,0.0,0.0,0.0,1.0,0.0,107.16129,158.157895,75.739574,73.464558,3.0
2026-06-24T17:04:30.085531136Z,1000,per_hit,raw_percent_of_host,api-node1,api-node2,27,23,50,42.574257,21.0,42.574257,42.0,100.0,50.0,1.0,0.0,0.0,0.0,1.0,0.0,107.444444,139.869565,77.601857,75.635105,3.0
2026-06-24T17:04:31.085518765Z,1000,per_hit,raw_percent_of_host,api-node1,api-node2,26,24,50,36.0,17.0,36.0,34.0,100.0,50.0,0.0,3.0,0.0,0.0,0.0,3.0,91.592593,141.904762,78.330586,76.375985,3.0
2026-06-24T17:04:32.085526857Z,1000,per_hit,raw_percent_of_host,api-node1,api-node2,22,27,49,22.916667,26.190476,22.916667,52.380952,100.0,50.0,1.0,1.0,0.0,0.0,1.0,1.0,88.0,193.137931,74.619559,73.718663,3.0
2026-06-24T17:04:33.085520826Z,1000,per_hit,raw_percent_of_host,api-node1,api-node2,23,26,49,23.958333,24.705882,23.958333,49.411765,100.0,50.0,0.0,1.0,0.0,0.0,0.0,1.0,83.125,146.615385,74.953109,77.172283,3.0
2026-06-24T17:04:34.085519378Z,1000,per_hit,raw_percent_of_host,api-node1,api-node2,23,25,48,37.755102,23.809524,37.755102,47.619048,100.0,50.0,1.0,1.0,0.0,0.0,1.0,1.0,79.272727,156.4,76.609319,73.872966,3.0
2026-06-24T17:04:35.085524981Z,1000,per_hit,raw_percent_of_host,api-node1,api-node2,17,31,48,39.0,25.0,39.0,50.0,100.0,50.0,1.0,2.0,0.0,0.0,1.0,2.0,62.529412,250.1,77.919486,74.012267,3.0
2026-06-24T17:04:36.085518912Z,1000,per_hit,raw_percent_of_host,api-node1,api-node2,17,30,47,30.30303,23.529412,30.30303,47.058824,100.0,50.0,0.0,2.0,0.0,0.0,0.0,2.0,77.444444,181.366667,76.004688,76.041628,3.0
2026-06-24T17:04:37.085518803Z,1000,per_hit,raw_percent_of_host,api-node1,api-node2,24,22,46,37.0,24.096386,37.0,48.192771,100.0,50.0,0.0,1.0,0.0,0.0,0.0,1.0,81.166667,140.130435,77.375659,76.524935,3.0
2026-06-24T17:04:38.08551916Z,1000,per_hit,raw_percent_of_host,api-node1,api-node2,17,27,44,30.927835,23.809524,30.927835,47.619048,100.0,50.0,1.0,1.0,0.0,0.0,1.0,1.0,70.4375,158.814815,78.078465,75.096309,3.0
2026-06-24T17:04:39.085520931Z,1000,per_hit,raw_percent_of_host,api-node1,api-node2,27,18,45,30.612245,20.20202,30.612245,40.40404,100.0,50.0,0.0,1.0,0.0,0.0,0.0,1.0,84.428571,101.888889,76.5324,75.462638,3.0
2026-06-24T17:04:40.085519788Z,1000,per_hit,raw_percent_of_host,api-node1,api-node2,20,23,43,36.363636,19.047619,36.363636,38.095238,100.0,50.0,1.0,0.0,0.0,0.0,1.0,0.0,60.789474,139.083333,77.100734,73.03344,3.0
2026-06-24T17:04:41.085522063Z,1000,per_hit,raw_percent_of_host,api-node1,api-node2,20,21,41,34.693878,17.857143,34.693878,35.714286,100.0,50.0,0.0,2.0,0.0,0.0,0.0,2.0,84.428571,103.736842,77.102086,75.895718,3.0
2026-06-24T17:04:42.085522154Z,1000,per_hit,raw_percent_of_host,api-node1,api-node2,26,14,40,34.375,7.8125,34.375,15.625,100.0,50.0,1.0,0.0,0.0,0.0,1.0,0.0,87.36,109.0625,76.203816,74.144354,3.0
2026-06-24T17:04:43.085520416Z,1000,per_hit,raw_percent_of_host,api-node1,api-node2,19,18,37,29.591837,25.0,29.591837,50.0,100.0,50.0,0.0,0.0,0.0,0.0,0.0,0.0,83.1,131.333333,76.0082,75.795329,3.0
2026-06-24T17:04:44.085518887Z,1000,per_hit,raw_percent_of_host,api-node1,api-node2,18,23,41,41.584158,17.857143,41.584158,35.714286,100.0,50.0,0.0,1.0,0.0,0.0,0.0,1.0,80.277778,127.681818,77.255584,74.066247,3.0
2026-06-24T17:04:45.085520309Z,1000,per_hit,raw_percent_of_host,api-node1,api-node2,19,19,38,30.927835,23.809524,30.927835,47.619048,100.0,50.0,0.0,1.0,0.0,0.0,0.0,1.0,92.789474,109.894737,74.705798,76.361758,3.0
2026-06-24T17:04:46.085519576Z,1000,per_hit,raw_percent_of_host,api-node1,api-node2,22,14,36,24.742268,24.705882,24.742268,49.411765,100.0,50.0,1.0,0.0,0.0,0.0,1.0,0.0,90.238095,107.866667,75.370121,76.012386,3.0
2026-06-24T17:04:47.085518743Z,1000,per_hit,raw_percent_of_host,api-node1,api-node2,23,13,36,29.896907,17.857143,29.896907,35.714286,100.0,50.0,1.0,0.0,0.0,0.0,1.0,0.0,72.347826,103.0,76.509753,76.135623,3.0
2026-06-24T17:04:48.085518822Z,1000,per_hit,raw_percent_of_host,api-node1,api-node2,21,13,34,33.333333,15.151515,33.333333,30.30303,100.0,50.0,0.0,1.0,0.0,0.0,0.0,1.0,97.545455,109.0,76.903791,75.298449,3.0
2026-06-24T17:04:49.085520542Z,1000,per_hit,raw_percent_of_host,api-node1,api-node2,21,13,34,29.591837,16.161616,29.591837,32.323232,100.0,50.0,0.0,1.0,0.0,0.0,0.0,1.0,77.47619,134.846154,75.346146,76.223527,3.0
2026-06-24T17:04:50.085520742Z,1000,per_hit,raw_percent_of_host,api-node1,api-node2,17,16,33,26.732673,24.489796,26.732673,48.979592,100.0,50.0,1.0,0.0,0.0,0.0,1.0,0.0,96.4375,113.411765,75.714378,76.222949,3.0
2026-06-24T17:04:51.085525465Z,1000,per_hit,raw_percent_of_host,api-node1,api-node2,17,16,33,37.0,17.0,37.0,34.0,100.0,50.0,1.0,0.0,0.0,0.0,1.0,0.0,86.352941,117.75,75.426597,75.814295,3.0
2026-06-24T17:04:52.085519214Z,1000,per_hit,raw_percent_of_host,api-node1,api-node2,17,14,31,36.363636,20.20202,36.363636,40.40404,100.0,50.0,1.0,0.0,0.0,0.0,1.0,0.0,77.0,117.5,76.390847,73.297731,3.0
2026-06-24T17:04:53.085519225Z,1000,per_hit,raw_percent_of_host,api-node1,api-node2,18,13,31,31.0,18.0,31.0,36.0,100.0,50.0,0.0,1.0,0.0,0.0,0.0,1.0,84.052632,99.25,77.617082,75.713073,3.0
2026-06-24T17:04:54.085520716Z,1000,per_hit,raw_percent_of_host,api-node1,api-node2,16,15,31,32.0,18.0,32.0,36.0,100.0,50.0,0.0,1.0,0.0,0.0,0.0,1.0,100.5625,108.666667,75.858508,75.267084,3.0
2026-06-24T17:04:55.085519332Z,1000,per_hit,raw_percent_of_host,api-node1,api-node2,16,15,31,33.333333,11.881188,33.333333,23.762376,100.0,50.0,0.0,1.0,0.0,0.0,0.0,1.0,82.125,108.6,76.081538,75.733691,3.0
2026-06-24T17:04:56.085519256Z,1000,per_hit,raw_percent_of_host,api-node1,api-node2,16,14,30,31.0,18.181818,31.0,36.363636,100.0,50.0,0.0,1.0,0.0,0.0,0.0,1.0,80.5625,89.0,76.126908,75.783816,3.0
2026-06-24T17:04:57.085524747Z,1000,per_hit,raw_percent_of_host,api-node1,api-node2,17,13,30,35.353535,11.904762,35.353535,23.809524,100.0,50.0,1.0,0.0,0.0,0.0,1.0,0.0,94.5,125.571429,77.611763,73.188154,3.0
2026-06-24T17:04:58.085518912Z,1000,per_hit,raw_percent_of_host,api-node1,api-node2,12,18,30,21.0,23.809524,21.0,47.619048,100.0,50.0,0.0,1.0,0.0,0.0,0.0,1.0,92.615385,123.235294,76.412775,73.129727,3.0
2026-06-24T17:04:59.085521878Z,1000,per_hit,raw_percent_of_host,api-node1,api-node2,21,9,30,30.30303,21.0,30.30303,42.0,100.0,50.0,1.0,0.0,0.0,0.0,1.0,0.0,78.45,95.8,77.104812,77.375206,3.0
2026-06-24T17:05:00.085521169Z,1000,per_hit,raw_percent_of_host,api-node1,api-node2,18,12,30,31.0,20.20202,31.0,40.40404,100.0,50.0,1.0,0.0,0.0,0.0,1.0,0.0,84.166667,105.666667,78.019427,76.018163,3.0
2026-06-24T17:05:01.085521678Z,1000,per_hit,raw_percent_of_host,api-node1,api-node2,12,18,30,26.262626,25.252525,26.262626,50.505051,100.0,50.0,0.0,1.0,0.0,0.0,0.0,1.0,64.461538,117.235294,76.502627,76.982112,3.0
2026-06-24T17:05:02.085521916Z,1000,per_hit,raw_percent_of_host,api-node1,api-node2,14,18,32,28.0,19.191919,28.0,38.383838,100.0,50.0,1.0,0.0,0.0,0.0,1.0,0.0,54.0,142.789474,77.20633,74.192857,3.0
2026-06-24T17:05:03.08552093Z,1000,per_hit,raw_percent_of_host,api-node1,api-node2,20,12,32,37.0,13.131313,37.0,26.262626,100.0,50.0,1.0,0.0,0.0,0.0,1.0,0.0,81.85,102.0,77.406833,74.60368,3.0
2026-06-24T17:05:04.085521447Z,1000,per_hit,raw_percent_of_host,api-node1,api-node2,17,15,32,35.353535,20.408163,35.353535,40.816327,100.0,50.0,0.0,1.0,0.0,0.0,0.0,1.0,85.055556,101.357143,76.324317,76.828301,3.0
2026-06-24T17:05:05.08552158Z,1000,per_hit,raw_percent_of_host,api-node1,api-node2,19,14,33,36.0,20.792079,36.0,41.584158,100.0,50.0,1.0,0.0,0.0,0.0,1.0,0.0,81.111111,107.6,76.590878,77.362605,3.0
2026-06-24T17:05:06.085521307Z,1000,per_hit,raw_percent_of_host,api-node1,api-node2,17,17,34,41.0,20.20202,41.0,40.40404,100.0,50.0,0.0,2.0,0.0,0.0,0.0,2.0,89.888889,122.333333,76.800593,75.023276,3.0
2026-06-24T17:05:07.085520724Z,1000,per_hit,raw_percent_of_host,api-node1,api-node2,18,17,35,36.0,19.80198,36.0,39.60396,100.0,50.0,1.0,0.0,0.0,0.0,1.0,0.0,89.176471,144.526316,78.546968,75.081216,3.0
2026-06-24T17:05:08.08552215Z,1000,per_hit,raw_percent_of_host,api-node1,api-node2,19,17,36,36.633663,17.647059,36.633663,35.294118,100.0,50.0,1.0,0.0,0.0,0.0,1.0,0.0,98.157895,123.470588,77.717603,75.27305,3.0
2026-06-24T17:05:09.085518866Z,1000,per_hit,raw_percent_of_host,api-node1,api-node2,21,16,37,36.0,25.252525,36.0,50.505051,100.0,50.0,1.0,0.0,0.0,0.0,1.0,0.0,93.809524,116.1875,75.772595,76.290992,3.0
2026-06-24T17:05:10.085519665Z,1000,per_hit,raw_percent_of_host,api-node1,api-node2,19,19,38,36.0,23.0,36.0,46.0,100.0,50.0,1.0,0.0,0.0,0.0,1.0,0.0,81.263158,133.526316,75.516636,74.482005,3.0
2026-06-24T17:05:11.085518785Z,1000,per_hit,raw_percent_of_host,api-node1,api-node2,21,18,39,36.363636,20.20202,36.363636,40.40404,100.0,50.0,0.0,1.0,0.0,0.0,0.0,1.0,93.227273,94.588235,78.341637,75.020583,3.0
2026-06-24T17:05:12.085519073Z,1000,per_hit,raw_percent_of_host,api-node1,api-node2,21,19,40,31.0,22.222222,31.0,44.444444,100.0,50.0,0.0,1.0,0.0,0.0,0.0,1.0,118.333333,105.421053,74.648767,75.976813,3.0
2026-06-24T17:05:13.085518977Z,1000,per_hit,raw_percent_of_host,api-node1,api-node2,23,18,41,36.0,25.0,36.0,50.0,100.0,50.0,1.0,0.0,0.0,0.0,1.0,0.0,91.227273,157.0,77.217396,73.835197,3.0
2026-06-24T17:05:14.085520833Z,1000,per_hit,raw_percent_of_host,api-node1,api-node2,24,18,42,41.414141,25.252525,41.414141,50.505051,100.0,50.0,0.0,1.0,0.0,0.0,0.0,1.0,94.48,117.294118,77.096974,73.338657,3.0
2026-06-24T17:05:15.085521883Z,1000,per_hit,raw_percent_of_host,api-node1,api-node2,27,16,43,45.454545,20.0,45.454545,40.0,100.0,50.0,0.0,1.0,0.0,0.0,0.0,1.0,115.481481,128.0,74.83021,77.939626,3.0
2026-06-24T17:05:16.085519354Z,1000,per_hit,raw_percent_of_host,api-node1,api-node2,29,15,44,42.0,22.44898,42.0,44.897959,100.0,50.0,1.0,0.0,0.0,0.0,1.0,0.0,110.535714,119.8125,76.621041,77.103832,3.0
2026-06-24T17:05:17.085521225Z,1000,per_hit,raw_percent_of_host,api-node1,api-node2,27,18,45,45.0,23.0,45.0,46.0,100.0,50.0,0.0,1.0,0.0,0.0,0.0,1.0,106.107143,140.0,76.695424,75.506189,3.0
2026-06-24T17:05:18.085520745Z,1000,per_hit,raw_percent_of_host,api-node1,api-node2,24,22,46,36.633663,28.0,36.633663,56.0,100.0,50.0,1.0,0.0,0.0,0.0,1.0,0.0,76.217391,178.956522,78.149582,75.282451,3.0
2026-06-24T17:05:19.085519433Z,1000,per_hit,raw_percent_of_host,api-node1,api-node2,21,26,47,35.714286,23.232323,35.714286,46.464646,100.0,50.0,1.0,0.0,0.0,0.0,1.0,0.0,73.761905,153.538462,77.538687,74.891076,3.0
2026-06-24T17:05:20.085520661Z,1000,per_hit,raw_percent_of_host,api-node1,api-node2,19,28,47,31.683168,23.684211,31.683168,47.368421,100.0,50.0,1.0,0.0,0.0,0.0,1.0,0.0,107.105263,180.714286,75.714778,74.295642,3.0
2026-06-24T17:05:21.085518904Z,1000,per_hit,raw_percent_of_host,api-node1,api-node2,24,24,48,45.544554,25.0,45.544554,50.0,100.0,50.0,1.0,0.0,0.0,0.0,1.0,0.0,87.416667,163.125,75.621561,74.033916,3.0
2026-06-24T17:05:22.085518919Z,1000,per_hit,raw_percent_of_host,api-node1,api-node2,20,29,49,35.353535,27.058824,35.353535,54.117647,100.0,50.0,0.0,1.0,0.0,0.0,0.0,1.0,80.857143,209.142857,76.337879,73.330137,3.0
2026-06-24T17:05:23.085520884Z,1000,per_hit,raw_percent_of_host,api-node1,api-node2,16,33,49,36.0,27.55102,36.0,55.102041,100.0,50.0,0.0,2.0,0.0,0.0,0.0,2.0,65.1875,249.46875,76.368661,73.71866,3.0
2026-06-24T17:05:24.085519021Z,1000,per_hit,raw_percent_of_host,api-node1,api-node2,22,27,49,36.633663,25.217391,36.633663,50.434783,100.0,50.0,0.0,1.0,0.0,0.0,0.0,1.0,79.363636,238.571429,77.340576,74.018373,3.0
2026-06-24T17:05:25.085519616Z,1000,per_hit,raw_percent_of_host,api-node1,api-node2,27,23,50,42.156863,24.347826,42.156863,48.695652,100.0,50.0,0.0,1.0,0.0,0.0,0.0,1.0,110.222222,133.0,75.26766,72.834983,3.0
2026-06-24T17:05:26.085518805Z,1000,per_hit,raw_percent_of_host,api-node1,api-node2,23,27,50,41.0,25.0,41.0,50.0,100.0,50.0,1.0,1.0,0.0,0.0,1.0,1.0,107.681818,200.037037,76.979335,73.85832,3.0
2026-06-24T17:05:27.08551975Z,1000,per_hit,raw_percent_of_host,api-node1,api-node2,32,18,50,48.0,25.0,48.0,50.0,100.0,50.0,0.0,1.0,0.0,0.0,0.0,1.0,138.272727,120.944444,75.520662,74.35123,3.0
2026-06-24T17:05:28.085522121Z,1000,per_hit,raw_percent_of_host,api-node1,api-node2,33,17,50,50.49505,20.20202,50.49505,40.40404,100.0,50.0,1.0,1.0,0.0,0.0,1.0,1.0,150.53125,113.0,74.529481,76.34506,3.0
2026-06-24T17:05:29.085521533Z,1000,per_hit,raw_percent_of_host,api-node1,api-node2,24,26,50,36.0,26.724138,36.0,53.448276,100.0,50.0,0.0,2.0,0.0,0.0,0.0,2.0,93.8,245.48,75.311069,73.189098,3.0
2026-06-24T17:05:30.085518829Z,1000,per_hit,raw_percent_of_host,api-node1,api-node2,25,25,50,41.0,21.212121,41.0,42.424242,100.0,50.0,0.0,1.0,0.0,0.0,0.0,1.0,113.32,143.961538,74.561191,73.886827,3.0
2026-06-24T17:05:31.085521015Z,1000,per_hit,raw_percent_of_host,api-node1,api-node2,22,27,49,45.454545,27.272727,45.454545,54.545455,100.0,50.0,0.0,2.0,0.0,0.0,0.0,2.0,101.318182,176.5,74.791637,75.061086,3.0
2026-06-24T17:05:32.085520722Z,1000,per_hit,raw_percent_of_host,api-node1,api-node2,31,18,49,45.918367,24.242424,45.918367,48.484848,100.0,50.0,1.0,0.0,0.0,0.0,1.0,0.0,106.9,164.1,75.734853,75.443321,3.0
2026-06-24T17:05:33.085519093Z,1000,per_hit,raw_percent_of_host,api-node1,api-node2,29,20,49,49.0,23.762376,49.0,47.524752,100.0,50.0,1.0,0.0,0.0,0.0,1.0,0.0,126.965517,141.95,74.840547,74.610207,3.0
2026-06-24T17:05:34.085518721Z,1000,per_hit,raw_percent_of_host,api-node1,api-node2,22,26,48,40.40404,26.262626,40.40404,52.525253,100.0,50.0,0.0,1.0,0.0,0.0,0.0,1.0,104.434783,186.6,76.771666,74.319246,3.0
2026-06-24T17:05:35.085524253Z,1000,per_hit,raw_percent_of_host,api-node1,api-node2,27,20,47,45.454545,25.0,45.454545,50.0,100.0,50.0,1.0,0.0,0.0,0.0,1.0,0.0,118.423077,150.714286,74.530212,75.207221,3.0
2026-06-24T17:05:36.08551879Z,1000,per_hit,raw_percent_of_host,api-node1,api-node2,20,26,46,36.0,25.217391,36.0,50.434783,100.0,50.0,0.0,0.0,0.0,0.0,0.0,0.0,87.142857,183.576923,74.835395,77.563105,3.0
2026-06-24T17:05:37.085522224Z,1000,per_hit,raw_percent_of_host,api-node1,api-node2,22,25,47,36.0,25.0,36.0,50.0,100.0,50.0,0.0,1.0,0.0,0.0,0.0,1.0,78.045455,141.666667,77.238271,76.659214,3.0
2026-06-24T17:05:38.085518944Z,1000,per_hit,raw_percent_of_host,api-node1,api-node2,24,21,45,41.0,25.0,41.0,50.0,100.0,50.0,0.0,1.0,0.0,0.0,0.0,1.0,96.625,110.333333,73.985673,76.71977,3.0
2026-06-24T17:05:39.085521649Z,1000,per_hit,raw_percent_of_host,api-node1,api-node2,23,21,44,42.424242,26.724138,42.424242,53.448276,100.0,50.0,1.0,0.0,0.0,0.0,1.0,0.0,75.818182,165.863636,76.659541,74.476247,3.0
2026-06-24T17:05:40.085518853Z,1000,per_hit,raw_percent_of_host,api-node1,api-node2,19,24,43,41.0,23.232323,41.0,46.464646,100.0,50.0,0.0,1.0,0.0,0.0,0.0,1.0,96.45,142.478261,75.944755,74.412298,3.0
2026-06-24T17:05:41.085520554Z,1000,per_hit,raw_percent_of_host,api-node1,api-node2,19,22,41,41.0,26.470588,41.0,52.941176,100.0,50.0,1.0,1.0,0.0,0.0,1.0,1.0,89.611111,218.0,76.043627,76.124738,3.0
2026-06-24T17:05:42.085522214Z,1000,per_hit,raw_percent_of_host,api-node1,api-node2,23,18,41,36.633663,21.649485,36.633663,43.298969,100.0,50.0,0.0,0.0,0.0,0.0,0.0,0.0,101.833333,109.736842,75.687823,76.56085,3.0
2026-06-24T17:05:43.085519701Z,1000,per_hit,raw_percent_of_host,api-node1,api-node2,19,19,38,39.393939,24.096386,39.393939,48.192771,100.0,50.0,1.0,0.0,0.0,0.0,1.0,0.0,76.444444,124.894737,75.894573,74.976941,3.0
2026-06-24T17:05:44.08551894Z,1000,per_hit,raw_percent_of_host,api-node1,api-node2,19,22,41,44.0,23.232323,44.0,46.464646,100.0,50.0,0.0,1.0,0.0,0.0,0.0,1.0,79.6,160.333333,76.905993,74.238346,3.0
2026-06-24T17:05:45.085518811Z,1000,per_hit,raw_percent_of_host,api-node1,api-node2,18,20,38,39.0,17.171717,39.0,34.343434,100.0,50.0,1.0,0.0,0.0,0.0,1.0,0.0,97.647059,130.619048,77.10542,75.547016,3.0
2026-06-24T17:05:46.085521825Z,1000,per_hit,raw_percent_of_host,api-node1,api-node2,20,17,37,36.0,17.171717,36.0,34.343434,100.0,50.0,1.0,0.0,0.0,0.0,1.0,0.0,93.4,129.176471,75.510379,74.915786,3.0
2026-06-24T17:05:47.085518967Z,1000,per_hit,raw_percent_of_host,api-node1,api-node2,16,20,36,32.653061,25.0,32.653061,50.0,100.0,50.0,1.0,0.0,0.0,0.0,1.0,0.0,59.9375,162.2,76.973699,74.151982,3.0
2026-06-24T17:05:48.08552091Z,1000,per_hit,raw_percent_of_host,api-node1,api-node2,15,20,35,32.673267,22.0,32.673267,44.0,100.0,50.0,0.0,1.0,0.0,0.0,0.0,1.0,97.5,135.684211,74.876015,75.627875,3.0
2026-06-24T17:05:49.08552045Z,1000,per_hit,raw_percent_of_host,api-node1,api-node2,17,17,34,35.353535,25.252525,35.353535,50.505051,100.0,50.0,1.0,0.0,0.0,0.0,1.0,0.0,84.875,117.5,76.159371,76.331059,3.0
2026-06-24T17:05:50.085521619Z,1000,per_hit,raw_percent_of_host,api-node1,api-node2,17,16,33,36.0,23.0,36.0,46.0,100.0,50.0,1.0,0.0,0.0,0.0,1.0,0.0,90.176471,104.8125,76.544364,77.779375,3.0
2026-06-24T17:05:51.085522487Z,1000,per_hit,raw_percent_of_host,api-node1,api-node2,18,14,32,35.353535,27.272727,35.353535,54.545455,100.0,50.0,0.0,0.0,0.0,0.0,0.0,0.0,74.789474,114.285714,75.614525,77.615521,3.0
2026-06-24T17:05:52.085521181Z,1000,per_hit,raw_percent_of_host,api-node1,api-node2,15,18,33,33.333333,23.0,33.333333,46.0,100.0,50.0,1.0,0.0,0.0,0.0,1.0,0.0,68.714286,107.444444,75.654419,77.910227,3.0
2026-06-24T17:05:53.085519543Z,1000,per_hit,raw_percent_of_host,api-node1,api-node2,22,9,31,42.156863,19.191919,42.156863,38.383838,100.0,50.0,1.0,0.0,0.0,0.0,1.0,0.0,90.0,71.222222,76.929485,77.207634,3.0
2026-06-24T17:05:54.085521011Z,1000,per_hit,raw_percent_of_host,api-node1,api-node2,16,14,30,32.0,18.0,32.0,36.0,100.0,50.0,0.0,0.0,0.0,0.0,0.0,0.0,53.823529,145.428571,78.49407,74.727711,3.0
2026-06-24T17:05:55.085519377Z,1000,per_hit,raw_percent_of_host,api-node1,api-node2,15,16,31,33.0,26.0,33.0,52.0,100.0,50.0,1.0,0.0,0.0,0.0,1.0,0.0,59.428571,103.6875,77.570309,75.388065,3.0
2026-06-24T17:05:56.085519229Z,1000,per_hit,raw_percent_of_host,api-node1,api-node2,14,16,30,37.0,20.0,37.0,40.0,100.0,50.0,0.0,2.0,0.0,0.0,0.0,2.0,67.933333,109.428571,76.983235,77.139413,3.0
2026-06-24T17:05:57.085518944Z,1000,per_hit,raw_percent_of_host,api-node1,api-node2,15,15,30,32.0,23.232323,32.0,46.464646,100.0,50.0,1.0,0.0,0.0,0.0,1.0,0.0,86.071429,127.352941,76.983069,74.536283,3.0
2026-06-24T17:05:58.085520509Z,1000,per_hit,raw_percent_of_host,api-node1,api-node2,15,15,30,41.0,17.171717,41.0,34.343434,100.0,50.0,0.0,1.0,0.0,0.0,0.0,1.0,72.0,113.0,76.886552,74.37008,3.0
2026-06-24T17:05:59.085527921Z,1000,per_hit,raw_percent_of_host,api-node1,api-node2,19,11,30,37.373737,20.0,37.373737,40.0,100.0,50.0,1.0,0.0,0.0,0.0,1.0,0.0,56.388889,141.333333,77.735725,75.557125,3.0
2026-06-24T17:06:00.085518935Z,1000,per_hit,raw_percent_of_host,api-node1,api-node2,17,13,30,41.0,17.171717,41.0,34.343434,100.0,50.0,0.0,1.0,0.0,0.0,0.0,1.0,98.222222,78.083333,77.191346,73.499651,3.0
2026-06-24T17:06:01.08551954Z,1000,per_hit,raw_percent_of_host,api-node1,api-node2,17,14,31,36.734694,23.232323,36.734694,46.464646,100.0,50.0,0.0,1.0,0.0,0.0,0.0,1.0,82.235294,105.714286,76.02807,77.81088,3.0
2026-06-24T17:06:02.085518699Z,1000,per_hit,raw_percent_of_host,api-node1,api-node2,17,14,31,37.0,23.0,37.0,46.0,100.0,50.0,1.0,0.0,0.0,0.0,1.0,0.0,62.25,125.933333,76.784456,77.252487,3.0
2026-06-24T17:06:03.08552277Z,1000,per_hit,raw_percent_of_host,api-node1,api-node2,16,16,32,36.0,25.490196,36.0,50.980392,100.0,50.0,1.0,0.0,0.0,0.0,1.0,0.0,71.875,126.4375,77.845169,74.326378,3.0
2026-06-24T17:06:04.085527624Z,1000,per_hit,raw_percent_of_host,api-node1,api-node2,21,12,33,41.584158,21.0,41.584158,42.0,100.0,50.0,0.0,1.0,0.0,0.0,0.0,1.0,81.136364,94.818182,76.491161,76.056066,3.0
2026-06-24T17:06:05.08551928Z,1000,per_hit,raw_percent_of_host,api-node1,api-node2,21,12,33,41.0,17.171717,41.0,34.343434,100.0,50.0,0.0,1.0,0.0,0.0,0.0,1.0,80.904762,93.25,77.192388,76.590114,3.0
2026-06-24T17:06:06.085518929Z,1000,per_hit,raw_percent_of_host,api-node1,api-node2,20,14,34,40.594059,25.0,40.594059,50.0,100.0,50.0,1.0,0.0,0.0,0.0,1.0,0.0,73.894737,120.666667,76.866621,74.735475,3.0
2026-06-24T17:06:07.085519135Z,1000,per_hit,raw_percent_of_host,api-node1,api-node2,17,18,35,38.613861,26.0,38.613861,52.0,100.0,50.0,0.0,1.0,0.0,0.0,0.0,1.0,85.944444,118.176471,76.683369,75.200726,3.0
2026-06-24T17:06:08.085519079Z,1000,per_hit,raw_percent_of_host,api-node1,api-node2,21,15,36,45.454545,21.929825,45.454545,43.859649,100.0,50.0,0.0,1.0,0.0,0.0,0.0,1.0,82.904762,125.8,74.794849,74.930336,3.0
2026-06-24T17:06:09.085521292Z,1000,per_hit,raw_percent_of_host,api-node1,api-node2,18,19,37,45.0,28.0,45.0,56.0,100.0,50.0,1.0,1.0,0.0,0.0,1.0,1.0,87.411765,121.789474,76.095122,74.999264,3.0
2026-06-24T17:06:10.08552164Z,1000,per_hit,raw_percent_of_host,api-node1,api-node2,16,22,38,44.117647,25.252525,44.117647,50.505051,100.0,50.0,0.0,1.0,0.0,0.0,0.0,1.0,72.411765,209.136364,78.091979,73.295983,3.0
2026-06-24T17:06:11.085518722Z,1000,per_hit,raw_percent_of_host,api-node1,api-node2,25,14,39,48.514851,27.272727,48.514851,54.545455,100.0,50.0,1.0,0.0,0.0,0.0,1.0,0.0,82.666667,144.266667,76.735326,73.961005,3.0
2026-06-24T17:06:12.085519553Z,1000,per_hit,raw_percent_of_host,api-node1,api-node2,26,14,40,46.0,27.272727,46.0,54.545455,100.0,50.0,1.0,0.0,0.0,0.0,1.0,0.0,85.115385,120.357143,75.624177,75.360398,3.0
2026-06-24T17:06:13.085520877Z,1000,per_hit,raw_percent_of_host,api-node1,api-node2,23,18,41,42.574257,23.232323,42.574257,46.464646,100.0,50.0,1.0,0.0,0.0,0.0,1.0,0.0,80.608696,122.777778,77.1626,73.791066,3.0
2026-06-24T17:06:14.085521058Z,1000,per_hit,raw_percent_of_host,api-node1,api-node2,27,15,42,50.505051,27.272727,50.505051,54.545455,100.0,50.0,1.0,0.0,0.0,0.0,1.0,0.0,95.703704,120.866667,76.457877,72.802691,3.0
2026-06-24T17:06:15.085526028Z,1000,per_hit,raw_percent_of_host,api-node1,api-node2,22,21,43,45.0,26.086957,45.0,52.173913,100.0,50.0,1.0,0.0,0.0,0.0,1.0,0.0,70.0,159.142857,77.806745,74.769337,3.0
2026-06-24T17:06:16.085519286Z,1000,per_hit,raw_percent_of_host,api-node1,api-node2,22,22,44,45.0,24.786325,45.0,49.57265,100.0,50.0,1.0,0.0,0.0,0.0,1.0,0.0,88.045455,133.636364,75.263613,74.80172,3.0
2026-06-24T17:06:17.085518896Z,1000,per_hit,raw_percent_of_host,api-node1,api-node2,26,20,46,50.0,26.956522,50.0,53.913043,100.0,50.0,1.0,1.0,0.0,0.0,1.0,1.0,119.846154,119.222222,75.927497,75.516872,3.0
2026-06-24T17:06:18.085518914Z,1000,per_hit,raw_percent_of_host,api-node1,api-node2,22,24,46,45.0,26.956522,45.0,53.913043,100.0,50.0,0.0,2.0,0.0,0.0,0.0,2.0,102.434783,120.826087,76.339285,74.20314,3.0
2026-06-24T17:06:19.085519357Z,1000,per_hit,raw_percent_of_host,api-node1,api-node2,25,22,47,45.0,27.272727,45.0,54.545455,100.0,50.0,1.0,0.0,0.0,0.0,1.0,0.0,98.791667,135.875,74.897917,75.424877,3.0
2026-06-24T17:06:20.085521538Z,1000,per_hit,raw_percent_of_host,api-node1,api-node2,21,26,47,50.0,26.086957,50.0,52.173913,100.0,50.0,1.0,1.0,0.0,0.0,1.0,1.0,68.666667,193.08,76.150559,69.405788,3.0
2026-06-24T17:06:21.085519384Z,1000,per_hit,raw_percent_of_host,api-node1,api-node2,23,25,48,41.0,29.411765,41.0,58.823529,100.0,50.0,1.0,0.0,0.0,0.0,1.0,0.0,107.086957,163.076923,75.398369,74.341902,3.0
2026-06-24T17:06:22.08551897Z,1000,per_hit,raw_percent_of_host,api-node1,api-node2,26,23,49,46.078431,24.347826,46.078431,48.695652,100.0,50.0,1.0,1.0,0.0,0.0,1.0,1.0,112.384615,168.772727,75.871123,72.504317,3.0
2026-06-24T17:06:23.085518933Z,1000,per_hit,raw_percent_of_host,api-node1,api-node2,28,21,49,46.0,24.561404,46.0,49.122807,100.0,50.0,1.0,0.0,0.0,0.0,1.0,0.0,83.25,134.181818,76.749577,74.508806,3.0
2026-06-24T17:06:24.085519034Z,1000,per_hit,raw_percent_of_host,api-node1,api-node2,25,25,50,42.574257,24.347826,42.574257,48.695652,100.0,50.0,1.0,0.0,0.0,0.0,1.0,0.0,87.92,166.56,78.746167,72.552258,3.0
2026-06-24T17:06:25.085520913Z,1000,per_hit,raw_percent_of_host,api-node1,api-node2,24,26,50,45.544554,24.347826,45.544554,48.695652,100.0,50.0,1.0,4.0,0.0,0.0,1.0,4.0,91.166667,186.363636,77.007599,74.012675,3.0
2026-06-24T17:06:26.085521505Z,1000,per_hit,raw_percent_of_host,api-node1,api-node2,25,25,50,45.544554,25.0,45.544554,50.0,100.0,50.0,1.0,0.0,0.0,0.0,1.0,0.0,104.4,169.586207,75.810818,72.467636,3.0
2026-06-24T17:06:27.085518751Z,1000,per_hit,raw_percent_of_host,api-node1,api-node2,27,22,49,50.0,24.347826,50.0,48.695652,100.0,50.0,1.0,0.0,0.0,0.0,1.0,0.0,126.703704,147.363636,76.460513,70.349575,3.0
2026-06-24T17:06:28.085519246Z,1000,per_hit,raw_percent_of_host,api-node1,api-node2,31,20,51,50.49505,27.0,50.49505,54.0,100.0,50.0,0.0,1.0,0.0,0.0,0.0,1.0,101.0,124.894737,76.130337,75.508059,3.0
2026-06-24T17:06:29.085520523Z,1000,per_hit,raw_percent_of_host,api-node1,api-node2,32,18,50,50.0,23.478261,50.0,46.956522,100.0,50.0,1.0,1.0,0.0,0.0,1.0,1.0,109.967742,140.722222,76.110822,73.988394,3.0
2026-06-24T17:06:30.085518792Z,1000,per_hit,raw_percent_of_host,api-node1,api-node2,27,23,50,47.524752,26.086957,47.524752,52.173913,100.0,50.0,1.0,0.0,0.0,0.0,1.0,0.0,87.407407,151.125,79.080747,74.039422,3.0
2026-06-24T17:06:31.085521097Z,1000,per_hit,raw_percent_of_host,api-node1,api-node2,21,28,49,40.0,24.347826,40.0,48.695652,100.0,50.0,0.0,2.0,0.0,0.0,0.0,2.0,81.227273,160.0,76.725421,73.830985,3.0
2026-06-24T17:06:32.085521333Z,1000,per_hit,raw_percent_of_host,api-node1,api-node2,29,19,48,50.0,23.893805,50.0,47.787611,100.0,50.0,0.0,1.0,0.0,0.0,0.0,1.0,100.862069,134.35,75.897049,74.099614,3.0
2026-06-24T17:06:33.085519161Z,1000,per_hit,raw_percent_of_host,api-node1,api-node2,28,21,49,50.505051,26.086957,50.505051,52.173913,100.0,50.0,1.0,0.0,0.0,0.0,1.0,0.0,93.222222,141.772727,74.928786,74.879318,3.0
2026-06-24T17:06:34.085520693Z,1000,per_hit,raw_percent_of_host,api-node1,api-node2,25,23,48,50.505051,30.392157,50.505051,60.784314,100.0,50.0,0.0,1.0,0.0,0.0,0.0,1.0,82.730769,126.636364,76.670895,73.203981,3.0
2026-06-24T17:06:35.085518979Z,1000,per_hit,raw_percent_of_host,api-node1,api-node2,24,23,47,51.960784,25.217391,51.960784,50.434783,100.0,50.0,1.0,1.0,0.0,0.0,1.0,1.0,66.608696,187.086957,77.315224,72.33721,3.0
2026-06-24T17:06:36.085519028Z,1000,per_hit,raw_percent_of_host,api-node1,api-node2,26,21,47,46.534653,26.086957,46.534653,52.173913,100.0,50.0,1.0,0.0,0.0,0.0,1.0,0.0,90.576923,149.863636,77.107881,73.426349,3.0
2026-06-24T17:06:37.085518669Z,1000,per_hit,raw_percent_of_host,api-node1,api-node2,30,16,46,45.217391,22.608696,45.217391,45.217391,100.0,50.0,0.0,1.0,0.0,0.0,0.0,1.0,92.0,124.133333,78.114465,76.071056,3.0
2026-06-24T17:06:38.085518677Z,1000,per_hit,raw_percent_of_host,api-node1,api-node2,23,22,45,49.50495,28.0,49.50495,56.0,100.0,50.0,0.0,1.0,0.0,0.0,0.0,1.0,90.913043,113.409091,73.599641,77.224343,3.0
2026-06-24T17:06:39.085521003Z,1000,per_hit,raw_percent_of_host,api-node1,api-node2,25,18,43,50.505051,26.086957,50.505051,52.173913,100.0,50.0,0.0,0.0,0.0,0.0,0.0,0.0,90.92,116.736842,75.387577,76.553841,3.0
2026-06-24T17:06:40.085519504Z,1000,per_hit,raw_percent_of_host,api-node1,api-node2,20,24,44,41.0,23.762376,41.0,47.524752,100.0,50.0,0.0,1.0,0.0,0.0,0.0,1.0,104.05,114.304348,75.201567,74.486124,3.0
2026-06-24T17:06:41.085519026Z,1000,per_hit,raw_percent_of_host,api-node1,api-node2,18,24,42,43.434343,22.608696,43.434343,45.217391,100.0,50.0,1.0,2.0,0.0,0.0,1.0,2.0,64.823529,133.608696,76.396192,74.496247,3.0
2026-06-24T17:06:42.085518918Z,1000,per_hit,raw_percent_of_host,api-node1,api-node2,18,23,41,51.0,27.272727,51.0,54.545455,100.0,50.0,0.0,2.0,0.0,0.0,0.0,2.0,100.263158,136.0,76.483708,71.866828,3.0
2026-06-24T17:06:43.085519264Z,1000,per_hit,raw_percent_of_host,api-node1,api-node2,19,21,40,48.0,24.752475,48.0,49.50495,100.0,50.0,0.0,1.0,0.0,0.0,0.0,1.0,68.473684,108.818182,76.832471,75.969659,3.0
2026-06-24T17:06:44.085520774Z,1000,per_hit,raw_percent_of_host,api-node1,api-node2,18,21,39,40.40404,30.30303,40.40404,60.606061,100.0,50.0,1.0,1.0,0.0,0.0,1.0,1.0,53.705882,157.190476,78.406664,74.151982,3.0
2026-06-24T17:06:45.085520845Z,1000,per_hit,raw_percent_of_host,api-node1,api-node2,16,22,38,43.877551,26.262626,43.877551,52.525253,100.0,50.0,0.0,2.0,0.0,0.0,0.0,2.0,65.647059,134.190476,76.34761,74.025118,3.0
2026-06-24T17:06:46.085519055Z,1000,per_hit,raw_percent_of_host,api-node1,api-node2,18,18,36,43.0,27.058824,43.0,54.117647,100.0,50.0,0.0,0.0,0.0,0.0,0.0,0.0,70.333333,129.5,78.680174,74.003539,3.0
2026-06-24T17:06:47.085521002Z,1000,per_hit,raw_percent_of_host,api-node1,api-node2,21,16,37,44.554455,24.0,44.554455,48.0,100.0,50.0,1.0,0.0,0.0,0.0,1.0,0.0,68.55,105.3125,78.172125,75.5886,3.0
2026-06-24T17:06:48.085520485Z,1000,per_hit,raw_percent_of_host,api-node1,api-node2,18,16,34,41.0,23.684211,41.0,47.368421,100.0,50.0,0.0,0.0,0.0,0.0,0.0,0.0,80.842105,130.125,76.618509,74.671036,3.0
2026-06-24T17:06:49.085518831Z,1000,per_hit,raw_percent_of_host,api-node1,api-node2,17,18,35,38.77551,23.232323,38.77551,46.464646,100.0,50.0,1.0,0.0,0.0,0.0,1.0,0.0,53.1875,126.777778,77.478971,74.213214,3.0
2026-06-24T17:06:50.085518638Z,1000,per_hit,raw_percent_of_host,api-node1,api-node2,18,15,33,44.897959,23.232323,44.897959,46.464646,100.0,50.0,0.0,1.0,0.0,0.0,0.0,1.0,63.210526,100.0,77.601305,74.731896,3.0
2026-06-24T17:06:51.085519285Z,1000,per_hit,raw_percent_of_host,api-node1,api-node2,11,21,32,30.30303,28.571429,30.30303,57.142857,100.0,50.0,0.0,2.0,0.0,0.0,0.0,2.0,73.272727,105.1,76.134431,75.415563,3.0
2026-06-24T17:06:52.085520934Z,1000,per_hit,raw_percent_of_host,api-node1,api-node2,16,16,32,38.383838,21.212121,38.383838,42.424242,100.0,50.0,0.0,1.0,0.0,0.0,0.0,1.0,62.1875,130.882353,77.080797,76.377191,3.0
2026-06-24T17:06:53.085518748Z,1000,per_hit,raw_percent_of_host,api-node1,api-node2,19,12,31,46.0,21.0,46.0,42.0,100.0,50.0,1.0,0.0,0.0,0.0,1.0,0.0,76.388889,83.615385,76.899953,76.523143,3.0
2026-06-24T17:06:54.085521211Z,1000,per_hit,raw_percent_of_host,api-node1,api-node2,18,13,31,41.0,24.242424,41.0,48.484848,100.0,50.0,1.0,0.0,0.0,0.0,1.0,0.0,77.277778,82.384615,77.406531,77.430165,3.0
2026-06-24T17:06:55.085518773Z,1000,per_hit,raw_percent_of_host,api-node1,api-node2,18,11,29,42.0,13.131313,42.0,26.262626,100.0,50.0,0.0,0.0,0.0,0.0,0.0,0.0,82.578947,84.272727,76.127137,76.268894,3.0
2026-06-24T17:06:56.08552073Z,1000,per_hit,raw_percent_of_host,api-node1,api-node2,13,18,31,32.0,24.0,32.0,48.0,100.0,50.0,0.0,1.0,0.0,0.0,0.0,1.0,71.846154,99.352941,76.559074,75.628814,3.0
2026-06-24T17:06:57.085519359Z,1000,per_hit,raw_percent_of_host,api-node1,api-node2,11,19,30,32.323232,23.809524,32.323232,47.619048,100.0,50.0,0.0,1.0,0.0,0.0,0.0,1.0,53.363636,120.421053,78.204001,74.397914,3.0
2026-06-24T17:06:58.085519128Z,1000,per_hit,raw_percent_of_host,api-node1,api-node2,15,15,30,43.434343,18.0,43.434343,36.0,100.0,50.0,0.0,1.0,0.0,0.0,0.0,1.0,82.266667,107.866667,76.658824,74.69845,3.0
2026-06-24T17:06:59.085520908Z,1000,per_hit,raw_percent_of_host,api-node1,api-node2,16,14,30,39.393939,18.0,39.393939,36.0,100.0,50.0,0.0,1.0,0.0,0.0,0.0,1.0,59.1875,124.428571,78.073397,75.893738,3.0
2026-06-24T17:07:00.085520162Z,1000,per_hit,raw_percent_of_host,api-node1,api-node2,19,12,31,37.623762,23.232323,37.623762,46.464646,100.0,50.0,1.0,0.0,0.0,0.0,1.0,0.0,73.555556,121.230769,77.710336,76.160883,3.0
2026-06-24T17:07:01.085519111Z,1000,per_hit,raw_percent_of_host,api-node1,api-node2,17,14,31,37.373737,18.181818,37.373737,36.363636,100.0,50.0,1.0,0.0,0.0,0.0,1.0,0.0,81.411765,96.285714,77.578713,75.835186,3.0
2026-06-24T17:07:02.085520763Z,1000,per_hit,raw_percent_of_host,api-node1,api-node2,14,16,30,32.0,22.44898,32.0,44.897959,100.0,50.0,0.0,0.0,0.0,0.0,0.0,0.0,68.466667,102.75,76.763947,76.221296,3.0
2026-06-24T17:07:03.085520241Z,1000,per_hit,raw_percent_of_host,api-node1,api-node2,20,13,33,40.40404,26.732673,40.40404,53.465347,100.0,50.0,1.0,0.0,0.0,0.0,1.0,0.0,65.842105,105.461538,77.179973,77.284586,3.0
2026-06-24T17:07:04.085520414Z,1000,per_hit,raw_percent_of_host,api-node1,api-node2,12,21,33,25.252525,25.252525,25.252525,50.505051,100.0,50.0,0.0,1.0,0.0,0.0,0.0,1.0,50.384615,156.1,77.878021,73.103841,3.0
2026-06-24T17:07:05.085520864Z,1000,per_hit,raw_percent_of_host,api-node1,api-node2,20,13,33,39.0,12.121212,39.0,24.242424,100.0,50.0,1.0,0.0,0.0,0.0,1.0,0.0,80.0,81.642857,75.596643,76.177728,3.0
2026-06-24T17:07:06.085518767Z,1000,per_hit,raw_percent_of_host,api-node1,api-node2,13,21,34,26.0,27.272727,26.0,54.545455,100.0,50.0,1.0,2.0,0.0,0.0,1.0,2.0,69.0,128.631579,77.027802,75.769943,3.0
2026-06-24T17:07:07.085524516Z,1000,per_hit,raw_percent_of_host,api-node1,api-node2,16,18,34,32.0,26.0,32.0,52.0,100.0,50.0,0.0,0.0,0.0,0.0,0.0,0.0,56.470588,132.35,75.737156,75.947018,3.0
2026-06-24T17:07:08.085521429Z,1000,per_hit,raw_percent_of_host,api-node1,api-node2,24,13,37,30.612245,22.222222,30.612245,44.444444,100.0,50.0,1.0,0.0,0.0,0.0,1.0,0.0,83.478261,72.076923,77.744316,75.676971,3.0
2026-06-24T17:07:09.085518649Z,1000,per_hit,raw_percent_of_host,api-node1,api-node2,18,19,37,33.333333,26.923077,33.333333,53.846154,100.0,50.0,1.0,0.0,0.0,0.0,1.0,0.0,58.0,113.789474,77.788596,76.588033,3.0
2026-06-24T17:07:10.085519246Z,1000,per_hit,raw_percent_of_host,api-node1,api-node2,15,22,37,35.353535,22.772277,35.353535,45.544554,100.0,50.0,0.0,3.0,0.0,0.0,0.0,3.0,53.625,113.631579,78.290781,75.45283,3.0
2026-06-24T17:07:11.085518786Z,1000,per_hit,raw_percent_of_host,api-node1,api-node2,23,17,40,35.714286,22.44898,35.714286,44.897959,100.0,50.0,1.0,0.0,0.0,0.0,1.0,0.0,74.727273,112.75,75.587865,75.821686,3.0
2026-06-24T17:07:12.085520357Z,1000,per_hit,raw_percent_of_host,api-node1,api-node2,26,14,40,42.424242,22.0,42.424242,44.0,100.0,50.0,2.0,0.0,0.0,0.0,2.0,0.0,79.2,107.0,78.450747,76.194066,3.0
2026-06-24T17:07:13.08551885Z,1000,per_hit,raw_percent_of_host,api-node1,api-node2,25,16,41,49.0,13.131313,49.0,26.262626,100.0,50.0,1.0,1.0,0.0,0.0,1.0,1.0,88.192308,84.0,77.526432,75.312657,3.0
2026-06-24T17:07:14.085518997Z,1000,per_hit,raw_percent_of_host,api-node1,api-node2,24,17,41,40.816327,27.0,40.816327,54.0,100.0,50.0,0.0,1.0,0.0,0.0,0.0,1.0,74.88,126.470588,78.555432,75.762209,3.0
2026-06-24T17:07:15.085519149Z,1000,per_hit,raw_percent_of_host,api-node1,api-node2,18,25,43,35.353535,24.705882,35.353535,49.411765,100.0,50.0,0.0,1.0,0.0,0.0,0.0,1.0,59.555556,131.08,78.023101,74.96578,3.0
2026-06-24T17:07:16.085525734Z,1000,per_hit,raw_percent_of_host,api-node1,api-node2,23,22,45,36.0,19.191919,36.0,38.383838,100.0,50.0,0.0,5.0,0.0,0.0,0.0,5.0,70.086957,135.888889,78.004445,72.307256,3.0
2026-06-24T17:07:17.085518767Z,1000,per_hit,raw_percent_of_host,api-node1,api-node2,23,22,45,33.333333,24.242424,33.333333,48.484848,100.0,50.0,2.0,1.0,0.0,0.0,2.0,1.0,86.666667,141.884615,77.323733,76.301538,3.0
2026-06-24T17:07:18.085520278Z,1000,per_hit,raw_percent_of_host,api-node1,api-node2,25,21,46,35.643564,23.232323,35.643564,46.464646,100.0,50.0,2.0,4.0,0.0,0.0,2.0,4.0,84.16,135.5,77.92817,74.718384,3.0
2026-06-24T17:07:19.085519643Z,1000,per_hit,raw_percent_of_host,api-node1,api-node2,21,26,47,21.428571,20.20202,21.428571,40.40404,100.0,50.0,0.0,7.0,0.0,0.0,0.0,7.0,75.478261,155.347826,78.135582,75.531923,3.0
2026-06-24T17:07:20.085531153Z,1000,per_hit,raw_percent_of_host,api-node1,api-node2,24,24,48,42.0,23.232323,42.0,46.464646,100.0,50.0,1.0,4.0,0.0,0.0,1.0,4.0,84.913043,149.296296,77.359076,73.663118,3.0
2026-06-24T17:07:21.085522165Z,1000,per_hit,raw_percent_of_host,api-node1,api-node2,28,20,48,35.714286,21.0,35.714286,42.0,100.0,50.0,4.0,3.0,0.0,0.0,4.0,3.0,85.76,131.666667,76.49153,76.379671,3.0
2026-06-24T17:07:22.085518651Z,1000,per_hit,raw_percent_of_host,api-node1,api-node2,25,24,49,40.40404,23.0,40.40404,46.0,100.0,50.0,1.0,8.0,0.0,0.0,1.0,8.0,96.714286,148.684211,78.057617,74.901939,3.0
2026-06-24T17:07:23.085525027Z,1000,per_hit,raw_percent_of_host,api-node1,api-node2,20,28,48,27.272727,24.096386,27.272727,48.192771,100.0,50.0,0.0,7.0,0.0,0.0,0.0,7.0,87.428571,155.827586,77.241734,73.611908,3.0
2026-06-24T17:07:24.085520319Z,1000,per_hit,raw_percent_of_host,api-node1,api-node2,25,26,51,32.323232,20.481928,32.323232,40.963855,100.0,50.0,0.0,13.0,0.0,0.0,0.0,13.0,83.48,153.05,76.33274,71.347182,3.0
2026-06-24T17:07:25.085519191Z,1000,per_hit,raw_percent_of_host,api-node1,api-node2,21,28,49,42.424242,23.0,42.424242,46.0,100.0,50.0,0.0,13.0,0.0,0.0,0.0,13.0,79.952381,185.607143,78.068486,74.446769,3.0
2026-06-24T17:07:26.085519207Z,1000,per_hit,raw_percent_of_host,api-node1,api-node2,23,27,50,30.30303,23.232323,30.30303,46.464646,100.0,50.0,0.0,11.0,0.0,0.0,0.0,11.0,88.565217,186.551724,78.072702,74.840737,3.0
2026-06-24T17:07:27.085518744Z,1000,per_hit,raw_percent_of_host,api-node1,api-node2,29,22,51,38.383838,22.222222,38.383838,44.444444,100.0,50.0,3.0,3.0,0.0,0.0,3.0,3.0,89.192308,168.666667,78.003877,74.454244,3.0
2026-06-24T17:07:28.085519598Z,1000,per_hit,raw_percent_of_host,api-node1,api-node2,25,24,49,39.0,25.742574,39.0,51.485149,100.0,50.0,3.0,3.0,0.0,0.0,3.0,3.0,91.08,142.666667,78.416774,75.68441,3.0
2026-06-24T17:07:29.085520358Z,1000,per_hit,raw_percent_of_host,api-node1,api-node2,26,25,51,36.363636,25.0,36.363636,50.0,100.0,50.0,1.0,6.0,0.0,0.0,1.0,6.0,107.464286,144.772727,77.868226,74.561521,3.0
2026-06-24T17:07:30.085521024Z,1000,per_hit,raw_percent_of_host,api-node1,api-node2,22,27,49,30.30303,23.809524,30.30303,47.619048,100.0,50.0,2.0,3.0,0.0,0.0,2.0,3.0,76.666667,163.4,78.152984,74.088074,3.0
2026-06-24T17:07:31.08552798Z,1000,per_hit,raw_percent_of_host,api-node1,api-node2,22,27,49,37.373737,23.232323,37.373737,46.464646,100.0,50.0,0.0,8.0,0.0,0.0,0.0,8.0,80.291667,141.727273,77.535136,75.926672,3.0
2026-06-24T17:07:32.08551921Z,1000,per_hit,raw_percent_of_host,api-node1,api-node2,21,28,49,26.530612,24.0,26.530612,48.0,100.0,50.0,2.0,4.0,0.0,0.0,2.0,4.0,78.947368,146.25,77.81951,75.308781,3.0
2026-06-24T17:07:33.085519302Z,1000,per_hit,raw_percent_of_host,api-node1,api-node2,24,26,50,27.272727,26.262626,27.272727,52.525253,100.0,50.0,1.0,7.0,0.0,0.0,1.0,7.0,76.76,147.0,77.447148,73.44562,3.0
2026-06-24T17:07:34.085519426Z,1000,per_hit,raw_percent_of_host,api-node1,api-node2,27,19,46,35.714286,23.232323,35.714286,46.464646,100.0,50.0,1.0,6.0,0.0,0.0,1.0,6.0,85.185185,134.0,77.298862,76.361055,3.0
2026-06-24T17:07:35.085519028Z,1000,per_hit,raw_percent_of_host,api-node1,api-node2,25,23,48,30.30303,25.0,30.30303,50.0,100.0,50.0,1.0,2.0,0.0,0.0,1.0,2.0,80.4,142.222222,77.665612,75.760256,3.0
2026-06-24T17:07:36.085519004Z,1000,per_hit,raw_percent_of_host,api-node1,api-node2,20,27,47,32.673267,22.222222,32.673267,44.444444,100.0,50.0,1.0,7.0,0.0,0.0,1.0,7.0,76.05,132.318182,77.436082,76.015547,3.0
2026-06-24T17:07:37.085518852Z,1000,per_hit,raw_percent_of_host,api-node1,api-node2,23,22,45,37.0,18.181818,37.0,36.363636,100.0,50.0,0.0,6.0,0.0,0.0,0.0,6.0,63.708333,174.26087,78.00655,72.252361,3.0
2026-06-24T17:07:38.085519243Z,1000,per_hit,raw_percent_of_host,api-node1,api-node2,20,26,46,32.323232,24.0,32.323232,48.0,100.0,50.0,0.0,5.0,0.0,0.0,0.0,5.0,64.6,155.888889,78.144201,74.728317,3.0
2026-06-24T17:07:39.085518788Z,1000,per_hit,raw_percent_of_host,api-node1,api-node2,26,17,43,35.0,23.529412,35.0,47.058824,100.0,50.0,2.0,0.0,0.0,0.0,2.0,0.0,83.25,130.772727,76.912743,74.270907,3.0
2026-06-24T17:07:40.085519047Z,1000,per_hit,raw_percent_of_host,api-node1,api-node2,23,21,44,27.0,22.44898,27.0,44.897959,100.0,50.0,2.0,1.0,0.0,0.0,2.0,1.0,82.304348,100.05,76.992535,76.342818,3.0
2026-06-24T17:07:41.085518984Z,1000,per_hit,raw_percent_of_host,api-node1,api-node2,21,20,41,30.30303,24.0,30.30303,48.0,100.0,50.0,0.0,1.0,0.0,0.0,0.0,1.0,84.782609,119.65,77.037566,76.260473,3.0
2026-06-24T17:07:42.085519995Z,1000,per_hit,raw_percent_of_host,api-node1,api-node2,20,21,41,32.0,27.0,32.0,54.0,100.0,50.0,0.0,8.0,0.0,0.0,0.0,8.0,80.0,96.642857,76.619759,76.408918,3.0
2026-06-24T17:07:43.085518997Z,1000,per_hit,raw_percent_of_host,api-node1,api-node2,17,23,40,32.0,25.0,32.0,50.0,100.0,50.0,1.0,3.0,0.0,0.0,1.0,3.0,60.125,149.107143,77.933615,73.4892,3.0
2026-06-24T17:07:44.085520582Z,1000,per_hit,raw_percent_of_host,api-node1,api-node2,18,21,39,37.623762,22.222222,37.623762,44.444444,100.0,50.0,1.0,2.0,0.0,0.0,1.0,2.0,57.222222,124.636364,77.553969,75.679489,3.0
2026-06-24T17:07:45.085519322Z,1000,per_hit,raw_percent_of_host,api-node1,api-node2,19,17,36,42.424242,23.0,42.424242,46.0,100.0,50.0,0.0,0.0,0.0,0.0,0.0,0.0,70.2,107.052632,78.233608,76.450257,3.0
2026-06-24T17:07:46.085520673Z,1000,per_hit,raw_percent_of_host,api-node1,api-node2,23,14,37,47.311828,17.857143,47.311828,35.714286,100.0,50.0,0.0,1.0,0.0,0.0,0.0,1.0,80.434783,93.076923,77.927066,76.83137,3.0
2026-06-24T17:07:47.085519328Z,1000,per_hit,raw_percent_of_host,api-node1,api-node2,25,12,37,41.414141,17.171717,41.414141,34.343434,100.0,50.0,3.0,0.0,0.0,0.0,3.0,0.0,96.954545,78.692308,77.677204,76.912414,3.0
2026-06-24T17:07:48.085518911Z,1000,per_hit,raw_percent_of_host,api-node1,api-node2,16,18,34,38.0,18.181818,38.0,36.363636,100.0,50.0,0.0,1.0,0.0,0.0,0.0,1.0,75.105263,116.705882,78.157335,74.819555,3.0
2026-06-24T17:07:49.08551866Z,1000,per_hit,raw_percent_of_host,api-node1,api-node2,13,22,35,35.353535,20.20202,35.353535,40.40404,100.0,50.0,0.0,3.0,0.0,0.0,0.0,3.0,52.538462,133.6,76.941655,73.530326,3.0
2026-06-24T17:07:50.085518752Z,1000,per_hit,raw_percent_of_host,api-node1,api-node2,11,21,32,27.272727,25.0,27.272727,50.0,100.0,50.0,0.0,2.0,0.0,0.0,0.0,2.0,53.636364,129.772727,76.251151,74.433841,3.0
2026-06-24T17:07:51.085520302Z,1000,per_hit,raw_percent_of_host,api-node1,api-node2,19,13,32,40.40404,23.0,40.40404,46.0,100.0,50.0,0.0,0.0,0.0,0.0,0.0,0.0,86.421053,80.333333,75.748696,76.51235,3.0
2026-06-24T17:07:52.085518873Z,1000,per_hit,raw_percent_of_host,api-node1,api-node2,16,16,32,36.0,23.0,36.0,46.0,100.0,50.0,0.0,0.0,0.0,0.0,0.0,0.0,70.5,95.9375,76.750175,76.486229,3.0
2026-06-24T17:07:53.08551996Z,1000,per_hit,raw_percent_of_host,api-node1,api-node2,13,18,31,29.0,23.232323,29.0,46.464646,100.0,50.0,1.0,2.0,0.0,0.0,1.0,2.0,52.25,111.0625,76.94969,76.881055,3.0
2026-06-24T17:07:54.085520836Z,1000,per_hit,raw_percent_of_host,api-node1,api-node2,13,18,31,21.212121,23.232323,21.212121,46.464646,100.0,50.0,0.0,0.0,0.0,0.0,0.0,0.0,55.071429,130.55,76.91408,74.837501,3.0
2026-06-24T17:07:55.085518828Z,1000,per_hit,raw_percent_of_host,api-node1,api-node2,17,13,30,36.0,23.0,36.0,46.0,100.0,50.0,0.0,1.0,0.0,0.0,0.0,1.0,64.470588,108.0,76.431203,74.725594,3.0
2026-06-24T17:07:56.085521302Z,1000,per_hit,raw_percent_of_host,api-node1,api-node2,11,19,30,20.618557,18.181818,20.618557,36.363636,100.0,50.0,0.0,0.0,0.0,0.0,0.0,0.0,61.545455,109.15,77.152496,75.079449,3.0
2026-06-24T17:07:57.085521945Z,1000,per_hit,raw_percent_of_host,api-node1,api-node2,18,12,30,37.0,19.0,37.0,38.0,100.0,50.0,0.0,1.0,0.0,0.0,0.0,1.0,74.611111,93.909091,76.95236,76.296078,3.0
2026-06-24T17:07:58.085520747Z,1000,per_hit,raw_percent_of_host,api-node1,api-node2,17,13,30,32.0,19.191919,32.0,38.383838,100.0,50.0,0.0,0.0,0.0,0.0,0.0,0.0,63.882353,88.642857,77.879329,76.659495,3.0
2026-06-24T17:07:59.085521056Z,1000,per_hit,raw_percent_of_host,api-node1,api-node2,17,13,30,38.77551,14.141414,38.77551,28.282828,100.0,50.0,0.0,0.0,0.0,0.0,0.0,0.0,63.941176,97.0,77.787649,74.608075,3.0
2026-06-24T17:08:00.085519561Z,1000,per_hit,raw_percent_of_host,api-node1,api-node2,10,21,31,16.161616,23.762376,16.161616,47.524752,100.0,50.0,0.0,1.0,0.0,0.0,0.0,1.0,50.0,152.3,77.690791,74.748324,3.0
2026-06-24T17:08:01.085520553Z,1000,per_hit,raw_percent_of_host,api-node1,api-node2,16,15,31,19.191919,23.232323,19.191919,46.464646,100.0,50.0,1.0,0.0,0.0,0.0,1.0,0.0,61.066667,102.5,78.117775,74.951131,3.0
2026-06-24T17:08:02.085519421Z,1000,per_hit,raw_percent_of_host,api-node1,api-node2,17,15,32,41.414141,20.0,41.414141,40.0,100.0,50.0,1.0,3.0,0.0,0.0,1.0,3.0,74.705882,108.666667,77.834051,77.998433,3.0
2026-06-24T17:08:03.085519044Z,1000,per_hit,raw_percent_of_host,api-node1,api-node2,16,16,32,36.363636,15.306122,36.363636,30.612245,100.0,50.0,0.0,4.0,0.0,0.0,0.0,4.0,89.647059,98.466667,77.019449,77.006243,3.0
2026-06-24T17:08:04.085518629Z,1000,per_hit,raw_percent_of_host,api-node1,api-node2,18,15,33,30.30303,16.831683,30.30303,33.663366,100.0,50.0,2.0,2.0,0.0,0.0,2.0,2.0,72.875,120.647059,75.669884,73.590119,3.0
2026-06-24T17:08:05.085522115Z,1000,per_hit,raw_percent_of_host,api-node1,api-node2,21,13,34,31.313131,11.904762,31.313131,23.809524,100.0,50.0,5.0,0.0,0.0,0.0,5.0,0.0,82.277778,103.933333,75.739792,73.802914,3.0
2026-06-24T17:08:06.085520804Z,1000,per_hit,raw_percent_of_host,api-node1,api-node2,17,17,34,27.272727,23.0,27.272727,46.0,100.0,50.0,3.0,0.0,0.0,0.0,3.0,0.0,68.473684,97.941176,76.947644,76.503395,3.0
2026-06-24T17:08:07.085520202Z,1000,per_hit,raw_percent_of_host,api-node1,api-node2,20,15,35,32.653061,18.181818,32.653061,36.363636,100.0,50.0,3.0,3.0,0.0,0.0,3.0,3.0,71.6,75.25,77.335718,77.682007,3.0
2026-06-24T17:08:08.085518879Z,1000,per_hit,raw_percent_of_host,api-node1,api-node2,23,13,36,34.343434,18.181818,34.343434,36.363636,100.0,50.0,6.0,2.0,0.0,0.0,6.0,2.0,61.6,149.5,77.53617,73.319858,3.0
2026-06-24T17:08:09.085520839Z,1000,per_hit,raw_percent_of_host,api-node1,api-node2,21,16,37,17.346939,21.212121,17.346939,42.424242,100.0,50.0,4.0,3.0,0.0,0.0,4.0,3.0,80.565217,111.066667,76.681395,77.02345,3.0
2026-06-24T17:08:10.085519026Z,1000,per_hit,raw_percent_of_host,api-node1,api-node2,15,23,38,34.0,11.904762,34.0,23.809524,100.0,50.0,5.0,5.0,0.0,0.0,5.0,5.0,63.071429,131.428571,76.882338,72.020047,3.0
2026-06-24T17:08:11.085518999Z,1000,per_hit,raw_percent_of_host,api-node1,api-node2,21,18,39,27.0,18.181818,27.0,36.363636,100.0,50.0,3.0,6.0,0.0,0.0,3.0,6.0,92.217391,99.882353,75.834034,74.984706,3.0
2026-06-24T17:08:12.085519145Z,1000,per_hit,raw_percent_of_host,api-node1,api-node2,14,26,40,30.30303,25.742574,30.30303,51.485149,100.0,50.0,1.0,10.0,0.0,0.0,1.0,10.0,77.25,128.590909,75.256183,75.381246,3.0
2026-06-24T17:08:13.085518859Z,1000,per_hit,raw_percent_of_host,api-node1,api-node2,23,18,41,35.051546,13.131313,35.051546,26.262626,100.0,50.0,7.0,5.0,0.0,0.0,7.0,5.0,53.647059,192.565217,77.770493,72.148735,3.0
2026-06-24T17:08:14.085521993Z,1000,per_hit,raw_percent_of_host,api-node1,api-node2,23,19,42,33.0,18.181818,33.0,36.363636,100.0,50.0,6.0,6.0,0.0,0.0,6.0,6.0,88.0,110.555556,76.700371,74.788125,3.0
2026-06-24T17:08:15.085522212Z,1000,per_hit,raw_percent_of_host,api-node1,api-node2,14,14,28,37.373737,18.0,37.373737,36.0,100.0,50.0,0.0,1.0,0.0,0.0,0.0,1.0,83.3,121.631579,76.717237,73.409078,3.0
2026-06-24T17:08:16.085518798Z,1000,per_hit,raw_percent_of_host,api-node1,api-node2,19,35,54,30.30303,23.809524,30.30303,47.619048,100.0,50.0,3.0,12.0,0.0,0.0,3.0,12.0,61.3125,146.75,76.521236,74.397533,3.0
2026-06-24T17:08:17.085520799Z,1000,per_hit,raw_percent_of_host,api-node1,api-node2,20,24,44,30.30303,16.0,30.30303,32.0,100.0,50.0,4.0,6.0,0.0,0.0,4.0,6.0,65.894737,156.133333,76.895595,72.931561,3.0
2026-06-24T17:08:18.085522837Z,1000,per_hit,raw_percent_of_host,api-node1,api-node2,26,17,43,41.0,17.647059,41.0,35.294118,100.0,50.0,4.0,3.0,0.0,0.0,4.0,3.0,91.846154,124.8,75.946769,74.56856,3.0
2026-06-24T17:08:19.085519058Z,1000,per_hit,raw_percent_of_host,api-node1,api-node2,27,21,48,47.959184,7.070707,47.959184,14.141414,100.0,50.0,2.0,8.0,0.0,0.0,2.0,8.0,89.931034,125.4375,77.28297,73.683454,3.0
2026-06-24T17:08:20.085521348Z,1000,per_hit,raw_percent_of_host,api-node1,api-node2,28,19,47,43.877551,11.904762,43.877551,23.809524,100.0,50.0,8.0,2.0,0.0,0.0,8.0,2.0,73.454545,202.28,77.552123,72.730461,3.0
2026-06-24T17:08:21.08551958Z,1000,per_hit,raw_percent_of_host,api-node1,api-node2,22,26,48,27.55102,18.823529,27.55102,37.647059,100.0,50.0,5.0,6.0,0.0,0.0,5.0,6.0,99.84,116.772727,76.28034,73.217855,3.0
2026-06-24T17:08:22.085520826Z,1000,per_hit,raw_percent_of_host,api-node1,api-node2,27,21,48,39.393939,11.904762,39.393939,23.809524,100.0,50.0,6.0,4.0,0.0,0.0,6.0,4.0,104.961538,125.0,75.752522,73.684017,3.0
2026-06-24T17:08:23.085518772Z,1000,per_hit,raw_percent_of_host,api-node1,api-node2,26,23,49,39.393939,19.277108,39.393939,38.554217,100.0,50.0,3.0,6.0,0.0,0.0,3.0,6.0,117.37931,120.809524,76.507409,74.424873,3.0
2026-06-24T17:08:24.085519787Z,1000,per_hit,raw_percent_of_host,api-node1,api-node2,23,26,49,29.896907,22.44898,29.896907,44.897959,100.0,50.0,4.0,6.0,0.0,0.0,4.0,6.0,84.272727,138.115385,76.960606,74.266972,3.0
2026-06-24T17:08:25.085519299Z,1000,per_hit,raw_percent_of_host,api-node1,api-node2,25,25,50,37.373737,16.0,37.373737,32.0,100.0,50.0,4.0,6.0,0.0,0.0,4.0,6.0,82.28,143.4,77.538203,71.858543,3.0
2026-06-24T17:08:26.085520484Z,1000,per_hit,raw_percent_of_host,api-node1,api-node2,28,21,49,35.714286,23.809524,35.714286,47.619048,100.0,50.0,8.0,2.0,0.0,0.0,8.0,2.0,79.5,183.04,77.819229,71.833264,3.0
2026-06-24T17:08:27.085520372Z,1000,per_hit,raw_percent_of_host,api-node1,api-node2,23,28,51,33.333333,21.428571,33.333333,42.857143,100.0,50.0,4.0,7.0,0.0,0.0,4.0,7.0,103.62963,157.608696,76.227363,72.837893,3.0
2026-06-24T17:08:28.085518909Z,1000,per_hit,raw_percent_of_host,api-node1,api-node2,30,20,50,40.0,20.0,40.0,40.0,100.0,50.0,8.0,2.0,0.0,0.0,8.0,2.0,82.192308,147.96,77.254671,74.209746,3.0
2026-06-24T17:08:29.085518846Z,1000,per_hit,raw_percent_of_host,api-node1,api-node2,24,26,50,39.795918,18.823529,39.795918,37.647059,100.0,50.0,5.0,4.0,0.0,0.0,5.0,4.0,92.666667,124.833333,77.004038,74.893853,3.0
2026-06-24T17:08:30.085518851Z,1000,per_hit,raw_percent_of_host,api-node1,api-node2,25,25,50,36.363636,17.857143,36.363636,35.714286,100.0,50.0,5.0,4.0,0.0,0.0,5.0,4.0,72.44,129.92,78.025618,74.285095,3.0
2026-06-24T17:08:31.085522134Z,1000,per_hit,raw_percent_of_host,api-node1,api-node2,18,21,39,21.359223,21.686747,21.359223,43.373494,100.0,50.0,0.0,0.0,0.0,0.0,0.0,0.0,92.826087,123.92,77.21516,75.281966,3.0
2026-06-24T17:08:32.085518706Z,1000,per_hit,raw_percent_of_host,api-node1,api-node2,31,28,59,36.0,23.809524,36.0,47.619048,100.0,50.0,6.0,3.0,0.0,0.0,6.0,3.0,97.92,124.28,75.126427,73.902588,3.0
2026-06-24T17:08:33.08551907Z,1000,per_hit,raw_percent_of_host,api-node1,api-node2,23,26,49,35.0,23.809524,35.0,47.619048,100.0,50.0,5.0,4.0,0.0,0.0,5.0,4.0,74.666667,135.52,77.4755,74.189224,3.0
2026-06-24T17:08:34.08552023Z,1000,per_hit,raw_percent_of_host,api-node1,api-node2,23,25,48,29.166667,24.0,29.166667,48.0,100.0,50.0,1.0,7.0,0.0,0.0,1.0,7.0,99.740741,132.363636,74.875334,75.609022,3.0
2026-06-24T17:08:35.08551899Z,1000,per_hit,raw_percent_of_host,api-node1,api-node2,19,28,47,31.313131,17.857143,31.313131,35.714286,100.0,50.0,2.0,7.0,0.0,0.0,2.0,7.0,74.388889,156.714286,75.929611,72.767669,3.0
2026-06-24T17:08:36.085520726Z,1000,per_hit,raw_percent_of_host,api-node1,api-node2,19,27,46,27.55102,22.222222,27.55102,44.444444,100.0,50.0,1.0,6.0,0.0,0.0,1.0,6.0,76.5,139.678571,76.075506,74.495492,3.0
2026-06-24T17:08:37.085519304Z,1000,per_hit,raw_percent_of_host,api-node1,api-node2,22,24,46,35.714286,22.772277,35.714286,45.544554,100.0,50.0,5.0,4.0,0.0,0.0,5.0,4.0,67.944444,148.0,76.890138,74.784226,3.0
2026-06-24T17:08:38.085525849Z,1000,per_hit,raw_percent_of_host,api-node1,api-node2,15,30,45,25.510204,23.232323,25.510204,46.464646,100.0,50.0,1.0,7.0,0.0,0.0,1.0,7.0,68.368421,128.185185,76.832406,74.640152,3.0
2026-06-24T17:08:39.085520903Z,1000,per_hit,raw_percent_of_host,api-node1,api-node2,24,21,45,28.0,18.072289,28.0,36.144578,100.0,50.0,5.0,3.0,0.0,0.0,5.0,3.0,85.75,120.32,76.287465,75.06688,3.0
2026-06-24T17:08:40.085520612Z,1000,per_hit,raw_percent_of_host,api-node1,api-node2,17,26,43,32.323232,18.823529,32.323232,37.647059,100.0,50.0,1.0,6.0,0.0,0.0,1.0,6.0,83.190476,137.217391,77.047985,74.417791,3.0
2026-06-24T17:08:41.085518757Z,1000,per_hit,raw_percent_of_host,api-node1,api-node2,26,16,42,47.42268,16.0,47.42268,32.0,100.0,50.0,2.0,4.0,0.0,0.0,2.0,4.0,84.48,113.0,77.092128,74.985581,3.0
2026-06-24T17:08:42.08552076Z,1000,per_hit,raw_percent_of_host,api-node1,api-node2,27,15,42,44.0,17.857143,44.0,35.714286,100.0,50.0,3.0,3.0,0.0,0.0,3.0,3.0,81.576923,128.75,77.307826,72.4985,3.0
2026-06-24T17:08:43.085519285Z,1000,per_hit,raw_percent_of_host,api-node1,api-node2,17,18,35,34.343434,24.096386,34.343434,48.192771,100.0,50.0,0.0,2.0,0.0,0.0,0.0,2.0,74.0,124.263158,77.573996,74.100725,3.0
2026-06-24T17:08:44.085520331Z,1000,per_hit,raw_percent_of_host,api-node1,api-node2,27,18,45,33.333333,23.809524,33.333333,47.619048,100.0,50.0,5.0,3.0,0.0,0.0,5.0,3.0,62.545455,122.823529,77.318877,75.39793,3.0
2026-06-24T17:08:45.085523068Z,1000,per_hit,raw_percent_of_host,api-node1,api-node2,19,19,38,35.0,23.809524,35.0,47.619048,100.0,50.0,4.0,2.0,0.0,0.0,4.0,2.0,91.5,111.45,76.163194,75.650707,3.0
2026-06-24T17:08:46.085522717Z,1000,per_hit,raw_percent_of_host,api-node1,api-node2,19,17,36,27.272727,22.222222,27.272727,44.444444,100.0,50.0,5.0,1.0,0.0,0.0,5.0,1.0,82.5,106.0,76.277687,76.553514,3.0
2026-06-24T17:08:47.085522421Z,1000,per_hit,raw_percent_of_host,api-node1,api-node2,16,20,36,41.414141,23.0,41.414141,46.0,100.0,50.0,2.0,4.0,0.0,0.0,2.0,4.0,73.105263,101.647059,77.56818,76.289303,3.0
2026-06-24T17:08:48.085520709Z,1000,per_hit,raw_percent_of_host,api-node1,api-node2,18,17,35,36.363636,23.232323,36.363636,46.464646,100.0,50.0,2.0,2.0,0.0,0.0,2.0,2.0,66.833333,118.789474,77.661592,75.123165,3.0
2026-06-24T17:08:49.085519598Z,1000,per_hit,raw_percent_of_host,api-node1,api-node2,18,16,34,36.0,18.823529,36.0,37.647059,100.0,50.0,4.0,1.0,0.0,0.0,4.0,1.0,87.8125,115.235294,76.643023,74.442461,3.0
2026-06-24T17:08:50.085519073Z,1000,per_hit,raw_percent_of_host,api-node1,api-node2,13,21,34,37.373737,23.232323,37.373737,46.464646,100.0,50.0,0.0,4.0,0.0,0.0,0.0,4.0,74.705882,88.333333,77.02718,77.678306,3.0
2026-06-24T17:08:51.085519032Z,1000,per_hit,raw_percent_of_host,api-node1,api-node2,12,17,29,28.282828,27.272727,28.282828,54.545455,100.0,50.0,0.0,1.0,0.0,0.0,0.0,1.0,57.333333,132.4,77.196088,73.819436,3.0
2026-06-24T17:08:52.085520381Z,1000,per_hit,raw_percent_of_host,api-node1,api-node2,20,15,35,38.383838,23.232323,38.383838,46.464646,100.0,50.0,0.0,2.0,0.0,0.0,0.0,2.0,63.1,111.928571,77.624058,76.820404,3.0
2026-06-24T17:08:53.085518877Z,1000,per_hit,raw_percent_of_host,api-node1,api-node2,17,14,31,37.0,24.0,37.0,48.0,100.0,50.0,2.0,0.0,0.0,0.0,2.0,0.0,57.8,119.1875,77.970324,76.331692,3.0
2026-06-24T17:08:54.085518646Z,1000,per_hit,raw_percent_of_host,api-node1,api-node2,18,13,31,41.414141,16.161616,41.414141,32.323232,100.0,50.0,1.0,2.0,0.0,0.0,1.0,2.0,79.315789,65.545455,77.956793,77.252107,3.0
2026-06-24T17:08:55.08551895Z,1000,per_hit,raw_percent_of_host,api-node1,api-node2,10,20,30,26.530612,22.222222,26.530612,44.444444,100.0,50.0,0.0,2.0,0.0,0.0,0.0,2.0,50.0,125.8,76.658805,74.133877,3.0
2026-06-24T17:08:56.085519344Z,1000,per_hit,raw_percent_of_host,api-node1,api-node2,18,12,30,38.0,20.0,38.0,40.0,100.0,50.0,1.0,0.0,0.0,0.0,1.0,0.0,61.941176,93.785714,76.192764,76.0242,3.0
2026-06-24T17:08:57.085518913Z,1000,per_hit,raw_percent_of_host,api-node1,api-node2,21,9,30,31.313131,14.0,31.313131,28.0,100.0,50.0,1.0,0.0,0.0,0.0,1.0,0.0,63.809524,73.0,77.888378,76.20621,3.0
2026-06-24T17:08:58.085518906Z,1000,per_hit,raw_percent_of_host,api-node1,api-node2,12,18,30,23.762376,19.191919,23.762376,38.383838,100.0,50.0,0.0,1.0,0.0,0.0,0.0,1.0,64.692308,103.823529,77.394092,75.680848,3.0
2026-06-24T17:08:59.085520654Z,1000,per_hit,raw_percent_of_host,api-node1,api-node2,11,19,30,20.0,26.262626,20.0,52.525253,100.0,50.0,1.0,2.0,0.0,0.0,1.0,2.0,56.8,106.611111,75.876925,76.473412,3.0
2026-06-24T17:09:00.085521131Z,1000,per_hit,raw_percent_of_host,api-node1,api-node2,19,11,30,31.632653,22.222222,31.632653,44.444444,100.0,50.0,2.0,0.0,0.0,0.0,2.0,0.0,57.555556,145.846154,77.408164,74.492394,3.0
2026-06-24T17:09:01.085519449Z,1000,per_hit,raw_percent_of_host,api-node1,api-node2,14,16,30,25.252525,23.232323,25.252525,46.464646,100.0,50.0,1.0,1.0,0.0,0.0,1.0,1.0,59.466667,78.333333,76.848071,76.395192,3.0
2026-06-24T17:09:02.085520507Z,1000,per_hit,raw_percent_of_host,api-node1,api-node2,15,17,32,31.632653,24.0,31.632653,48.0,100.0,50.0,1.0,0.0,0.0,0.0,1.0,0.0,65.266667,85.611111,76.795507,76.863471,3.0
2026-06-24T17:09:03.085519488Z,1000,per_hit,raw_percent_of_host,api-node1,api-node2,18,14,32,32.989691,24.242424,32.989691,48.484848,100.0,50.0,0.0,1.0,0.0,0.0,0.0,1.0,65.315789,96.461538,77.265022,76.143473,3.0
2026-06-24T17:09:04.085520265Z,1000,per_hit,raw_percent_of_host,api-node1,api-node2,12,20,32,40.0,16.0,40.0,32.0,100.0,50.0,0.0,2.0,0.0,0.0,0.0,2.0,53.5,141.052632,77.91764,71.901827,3.0
2026-06-24T17:09:05.085518841Z,1000,per_hit,raw_percent_of_host,api-node1,api-node2,21,12,33,40.206186,16.0,40.206186,32.0,100.0,50.0,1.0,0.0,0.0,0.0,1.0,0.0,70.05,97.357143,77.693127,74.846328,3.0
2026-06-24T17:09:06.08551879Z,1000,per_hit,raw_percent_of_host,api-node1,api-node2,15,19,34,33.663366,23.0,33.663366,46.0,100.0,50.0,0.0,1.0,0.0,0.0,0.0,1.0,66.8125,103.166667,77.321376,74.664585,3.0
2026-06-24T17:09:07.08551905Z,1000,per_hit,raw_percent_of_host,api-node1,api-node2,12,23,35,21.212121,25.252525,21.212121,50.505051,100.0,50.0,0.0,3.0,0.0,0.0,0.0,3.0,53.416667,122.619048,78.002599,74.228288,3.0
2026-06-24T17:09:08.085521292Z,1000,per_hit,raw_percent_of_host,api-node1,api-node2,15,18,33,25.773196,24.752475,25.773196,49.50495,100.0,50.0,0.0,0.0,0.0,0.0,0.0,0.0,68.2,118.904762,75.67363,74.969569,3.0
2026-06-24T17:09:09.085519421Z,1000,per_hit,raw_percent_of_host,api-node1,api-node2,20,18,38,36.458333,22.0,36.458333,44.0,100.0,50.0,0.0,1.0,0.0,0.0,0.0,1.0,75.65,98.705882,75.985988,75.693765,3.0
2026-06-24T17:09:10.08552603Z,1000,per_hit,raw_percent_of_host,api-node1,api-node2,19,18,37,30.0,21.212121,30.0,42.424242,100.0,50.0,1.0,0.0,0.0,0.0,1.0,0.0,67.5,87.105263,77.306979,75.568115,3.0
2026-06-24T17:09:11.085519682Z,1000,per_hit,raw_percent_of_host,api-node1,api-node2,18,20,38,32.0,23.809524,32.0,47.619048,100.0,50.0,0.0,1.0,0.0,0.0,0.0,1.0,69.263158,107.526316,76.743502,75.297696,3.0
2026-06-24T17:09:12.085518598Z,1000,per_hit,raw_percent_of_host,api-node1,api-node2,21,18,39,41.414141,22.222222,41.414141,44.444444,100.0,50.0,0.0,2.0,0.0,0.0,0.0,2.0,76.571429,108.0,76.103416,75.813795,3.0
2026-06-24T17:09:13.0855189Z,1000,per_hit,raw_percent_of_host,api-node1,api-node2,22,19,41,39.0,17.857143,39.0,35.714286,100.0,50.0,1.0,1.0,0.0,0.0,1.0,1.0,59.333333,98.5,78.511188,74.974598,3.0
2026-06-24T17:09:14.085519852Z,1000,per_hit,raw_percent_of_host,api-node1,api-node2,30,12,42,48.484848,12.121212,48.484848,24.242424,100.0,50.0,0.0,1.0,0.0,0.0,0.0,1.0,96.903226,97.0,76.860412,73.628209,3.0
2026-06-24T17:09:15.085524195Z,1000,per_hit,raw_percent_of_host,api-node1,api-node2,24,19,43,35.714286,23.809524,35.714286,47.619048,100.0,50.0,1.0,0.0,0.0,0.0,1.0,0.0,75.695652,127.5,78.419263,72.633242,3.0
2026-06-24T17:09:16.085518989Z,1000,per_hit,raw_percent_of_host,api-node1,api-node2,24,20,44,36.904762,23.762376,36.904762,47.524752,100.0,50.0,1.0,0.0,0.0,0.0,1.0,0.0,94.708333,108.6,76.806943,75.51674,3.0
2026-06-24T17:09:17.085521779Z,1000,per_hit,raw_percent_of_host,api-node1,api-node2,17,28,45,26.262626,22.0,26.262626,44.0,100.0,50.0,0.0,1.0,0.0,0.0,0.0,1.0,72.888889,142.296296,76.787436,75.858187,3.0
2026-06-24T17:09:18.08552635Z,1000,per_hit,raw_percent_of_host,api-node1,api-node2,22,23,45,40.40404,20.20202,40.40404,40.40404,100.0,50.0,1.0,0.0,0.0,0.0,1.0,0.0,82.857143,148.791667,75.982987,74.419899,3.0
2026-06-24T17:09:19.08551911Z,1000,per_hit,raw_percent_of_host,api-node1,api-node2,25,21,46,37.755102,21.0,37.755102,42.0,100.0,50.0,1.0,1.0,0.0,0.0,1.0,1.0,101.76,122.95,77.092471,74.984521,3.0
2026-06-24T17:09:20.085520044Z,1000,per_hit,raw_percent_of_host,api-node1,api-node2,20,27,47,37.373737,23.529412,37.373737,47.058824,100.0,50.0,0.0,1.0,0.0,0.0,0.0,1.0,74.285714,145.518519,77.809714,73.698832,3.0
2026-06-24T17:09:21.08552097Z,1000,per_hit,raw_percent_of_host,api-node1,api-node2,21,27,48,38.383838,23.809524,38.383838,47.619048,100.0,50.0,1.0,0.0,0.0,0.0,1.0,0.0,71.05,206.785714,77.44425,76.315637,3.0
2026-06-24T17:09:22.085528827Z,1000,per_hit,raw_percent_of_host,api-node1,api-node2,23,25,48,42.0,20.634921,42.0,41.269841,100.0,50.0,0.0,1.0,0.0,0.0,0.0,1.0,74.958333,187.625,77.143253,76.022844,3.0
2026-06-24T17:09:23.0855188Z,1000,per_hit,raw_percent_of_host,api-node1,api-node2,28,21,49,33.333333,25.0,33.333333,50.0,100.0,50.0,0.0,1.0,0.0,0.0,0.0,1.0,102.5,143.380952,77.094587,74.68612,3.0
2026-06-24T17:09:24.085519169Z,1000,per_hit,raw_percent_of_host,api-node1,api-node2,24,25,49,37.373737,23.809524,37.373737,47.619048,100.0,50.0,0.0,2.0,0.0,0.0,0.0,2.0,95.25,154.291667,76.719208,74.818061,3.0
2026-06-24T17:09:25.08552093Z,1000,per_hit,raw_percent_of_host,api-node1,api-node2,24,26,50,43.877551,13.953488,43.877551,27.906977,100.0,50.0,1.0,1.0,0.0,0.0,1.0,1.0,85.347826,221.222222,77.475091,71.929757,3.0
2026-06-24T17:09:26.085518894Z,1000,per_hit,raw_percent_of_host,api-node1,api-node2,31,19,50,41.0,17.857143,41.0,35.714286,100.0,50.0,0.0,1.0,0.0,0.0,0.0,1.0,115.0625,143.210526,77.481376,70.600053,3.0
2026-06-24T17:09:27.085519062Z,1000,per_hit,raw_percent_of_host,api-node1,api-node2,34,16,50,46.0,23.809524,46.0,47.619048,100.0,50.0,1.0,0.0,0.0,0.0,1.0,0.0,126.242424,121.529412,77.427875,74.459365,3.0
2026-06-24T17:09:28.085520426Z,1000,per_hit,raw_percent_of_host,api-node1,api-node2,24,25,49,32.0,22.619048,32.0,45.238095,100.0,50.0,1.0,0.0,0.0,0.0,1.0,0.0,94.041667,345.72,77.321537,75.17262,3.0
2026-06-24T17:09:29.085518972Z,1000,per_hit,raw_percent_of_host,api-node1,api-node2,20,30,50,27.835052,25.581395,27.835052,51.162791,100.0,50.0,2.0,0.0,0.0,0.0,2.0,0.0,91.263158,229.766667,75.784856,75.390611,3.0
2026-06-24T17:09:30.085529334Z,1000,per_hit,raw_percent_of_host,api-node1,api-node2,23,27,50,35.714286,17.857143,35.714286,35.714286,100.0,50.0,0.0,2.0,0.0,0.0,0.0,2.0,105.52,201.08,75.406901,71.860539,3.0
2026-06-24T17:09:31.085519094Z,1000,per_hit,raw_percent_of_host,api-node1,api-node2,24,27,51,41.237113,24.096386,41.237113,48.192771,100.0,50.0,1.0,1.0,0.0,0.0,1.0,1.0,106.136364,196.678571,78.324144,74.015505,3.0
2026-06-24T17:09:32.08551886Z,1000,per_hit,raw_percent_of_host,api-node1,api-node2,28,21,49,34.736842,23.809524,34.736842,47.619048,100.0,50.0,0.0,1.0,0.0,0.0,0.0,1.0,118.482759,132.761905,77.198082,74.794177,3.0
2026-06-24T17:09:33.085519037Z,1000,per_hit,raw_percent_of_host,api-node1,api-node2,27,21,48,44.329897,18.823529,44.329897,37.647059,100.0,50.0,0.0,0.0,0.0,0.0,0.0,0.0,89.703704,150.772727,77.037548,73.769817,3.0
2026-06-24T17:09:34.085519012Z,1000,per_hit,raw_percent_of_host,api-node1,api-node2,22,25,47,37.373737,23.809524,37.373737,47.619048,100.0,50.0,0.0,0.0,0.0,0.0,0.0,0.0,87.590909,173.4,77.42451,73.801603,3.0
2026-06-24T17:09:35.085518924Z,1000,per_hit,raw_percent_of_host,api-node1,api-node2,21,27,48,22.222222,23.529412,22.222222,47.058824,100.0,50.0,0.0,0.0,0.0,0.0,0.0,0.0,109.952381,148.037037,75.244503,75.379249,3.0
2026-06-24T17:09:36.085520623Z,1000,per_hit,raw_percent_of_host,api-node1,api-node2,31,15,46,48.0,11.904762,48.0,23.809524,100.0,50.0,0.0,0.0,0.0,0.0,0.0,0.0,124.967742,142.133333,73.973306,73.891985,3.0
2026-06-24T17:09:37.085520359Z,1000,per_hit,raw_percent_of_host,api-node1,api-node2,22,24,46,32.989691,23.809524,32.989691,47.619048,100.0,50.0,0.0,0.0,0.0,0.0,0.0,0.0,64.409091,183.25,77.601416,73.069193,3.0
2026-06-24T17:09:38.085520204Z,1000,per_hit,raw_percent_of_host,api-node1,api-node2,26,19,45,41.414141,23.529412,41.414141,47.058824,100.0,50.0,0.0,0.0,0.0,0.0,0.0,0.0,116.730769,104.947368,76.359261,76.481428,3.0
2026-06-24T17:09:39.085518899Z,1000,per_hit,raw_percent_of_host,api-node1,api-node2,28,16,44,31.313131,17.857143,31.313131,35.714286,100.0,50.0,0.0,0.0,0.0,0.0,0.0,0.0,109.607143,93.1875,76.597836,76.656207,3.0
2026-06-24T17:09:40.08552148Z,1000,per_hit,raw_percent_of_host,api-node1,api-node2,23,21,44,35.353535,17.647059,35.353535,35.294118,100.0,50.0,0.0,0.0,0.0,0.0,0.0,0.0,94.173913,122.857143,76.296639,74.908965,3.0
2026-06-24T17:09:41.085520488Z,1000,per_hit,raw_percent_of_host,api-node1,api-node2,22,21,43,34.0,18.0,34.0,36.0,100.0,50.0,0.0,0.0,0.0,0.0,0.0,0.0,64.0,117.857143,77.830088,75.709311,3.0
