timestamp_utc,window_ms,traffic_log_mode,cpu_usage_unit,node1_name,node2_name,node1_requests,node2_requests,total_requests,node1_cpu_raw_usage,node2_cpu_raw_usage,node1_cpu_normalized_usage,node2_cpu_normalized_usage,node1_cpu_capacity,node2_cpu_capacity,node1_inflight,node2_inflight,node1_backend_inflight,node2_backend_inflight,node1_queue,node2_queue,node1_response_ms,node2_response_ms,node1_fuzzy_score,node2_fuzzy_score,os_idle_cpu
2026-06-24T04:26:22.733150502Z,1000,per_hit,raw_percent_of_host,api-node1,api-node2,7,3,10,20.408163,5.050505,20.408163,10.10101,100.0,50.0,0.0,0.0,0.0,0.0,0.0,0.0,115.0,81.0,83.431602,83.664104,3.0
2026-06-24T04:26:23.73315182Z,1000,per_hit,raw_percent_of_host,api-node1,api-node2,4,6,10,12.871287,11.0,12.871287,22.0,100.0,50.0,0.0,0.0,0.0,0.0,0.0,0.0,69.0,133.666667,82.040899,81.463534,3.0
2026-06-24T04:26:24.733146461Z,1000,per_hit,raw_percent_of_host,api-node1,api-node2,5,5,10,17.0,11.0,17.0,22.0,100.0,50.0,0.0,0.0,0.0,0.0,0.0,0.0,85.2,126.6,83.049556,81.699964,3.0
2026-06-24T04:26:25.733149927Z,1000,per_hit,raw_percent_of_host,api-node1,api-node2,7,3,10,20.20202,5.050505,20.20202,10.10101,100.0,50.0,0.0,0.0,0.0,0.0,0.0,0.0,97.857143,78.333333,82.464165,81.850735,3.0
2026-06-24T04:26:26.73314974Z,1000,per_hit,raw_percent_of_host,api-node1,api-node2,4,6,10,11.111111,11.881188,11.111111,23.762376,100.0,50.0,0.0,0.0,0.0,0.0,0.0,0.0,67.25,111.0,82.021653,81.499226,3.0
2026-06-24T04:26:27.733149282Z,1000,per_hit,raw_percent_of_host,api-node1,api-node2,3,7,10,11.0,15.151515,11.0,30.30303,100.0,50.0,0.0,0.0,0.0,0.0,0.0,0.0,57.666667,150.428571,83.120801,81.82445,3.0
2026-06-24T04:26:28.733150507Z,1000,per_hit,raw_percent_of_host,api-node1,api-node2,8,3,11,17.821782,6.0,17.821782,12.0,100.0,50.0,0.0,0.0,0.0,0.0,0.0,0.0,83.375,80.0,83.015287,81.155965,3.0
2026-06-24T04:26:29.733149776Z,1000,per_hit,raw_percent_of_host,api-node1,api-node2,4,7,11,12.121212,11.0,12.121212,22.0,100.0,50.0,0.0,0.0,0.0,0.0,0.0,0.0,66.5,121.285714,82.641612,83.030114,3.0
2026-06-24T04:26:30.733147514Z,1000,per_hit,raw_percent_of_host,api-node1,api-node2,5,6,11,20.0,11.0,20.0,22.0,100.0,50.0,0.0,0.0,0.0,0.0,0.0,0.0,78.6,126.666667,83.10589,81.68562,3.0
2026-06-24T04:26:31.733149707Z,1000,per_hit,raw_percent_of_host,api-node1,api-node2,6,6,12,13.0,10.10101,13.0,20.20202,100.0,50.0,0.0,0.0,0.0,0.0,0.0,0.0,68.333333,110.5,82.591955,80.134621,3.0
2026-06-24T04:26:32.733147006Z,1000,per_hit,raw_percent_of_host,api-node1,api-node2,5,7,12,15.0,10.10101,15.0,20.20202,100.0,50.0,0.0,0.0,0.0,0.0,0.0,0.0,70.4,141.714286,83.027534,80.135384,3.0
2026-06-24T04:26:33.733159497Z,1000,per_hit,raw_percent_of_host,api-node1,api-node2,7,5,12,17.821782,11.0,17.821782,22.0,100.0,50.0,0.0,0.0,0.0,0.0,0.0,0.0,82.142857,92.0,82.79187,80.082251,3.0
2026-06-24T04:26:34.733150727Z,1000,per_hit,raw_percent_of_host,api-node1,api-node2,5,8,13,14.141414,16.0,14.141414,32.0,100.0,50.0,0.0,0.0,0.0,0.0,0.0,0.0,64.0,149.75,82.493497,82.235839,3.0
2026-06-24T04:26:35.73314978Z,1000,per_hit,raw_percent_of_host,api-node1,api-node2,8,5,13,20.0,11.0,20.0,22.0,100.0,50.0,0.0,0.0,0.0,0.0,0.0,0.0,79.375,99.6,83.000571,80.579769,3.0
2026-06-24T04:26:36.733155211Z,1000,per_hit,raw_percent_of_host,api-node1,api-node2,11,3,14,22.222222,10.10101,22.222222,20.20202,100.0,50.0,0.0,0.0,0.0,0.0,0.0,0.0,114.272727,115.666667,81.635949,82.274341,3.0
2026-06-24T04:26:37.733149929Z,1000,per_hit,raw_percent_of_host,api-node1,api-node2,6,8,14,12.121212,10.10101,12.121212,20.20202,100.0,50.0,0.0,0.0,0.0,0.0,0.0,0.0,66.5,141.5,81.232594,82.722474,3.0
2026-06-24T04:26:38.733147403Z,1000,per_hit,raw_percent_of_host,api-node1,api-node2,7,8,15,18.0,10.204082,18.0,20.408163,100.0,50.0,0.0,0.0,0.0,0.0,0.0,0.0,83.142857,168.25,83.05393,76.787538,3.0
2026-06-24T04:26:39.733151508Z,1000,per_hit,raw_percent_of_host,api-node1,api-node2,9,7,16,17.0,15.0,17.0,30.0,100.0,50.0,0.0,0.0,0.0,0.0,0.0,0.0,95.0,155.857143,82.609387,81.732083,3.0
2026-06-24T04:26:40.733149451Z,1000,per_hit,raw_percent_of_host,api-node1,api-node2,8,8,16,20.20202,12.0,20.20202,24.0,100.0,50.0,0.0,0.0,0.0,0.0,0.0,0.0,102.5,151.875,81.473244,81.063037,3.0
2026-06-24T04:26:41.73315156Z,1000,per_hit,raw_percent_of_host,api-node1,api-node2,11,6,17,21.0,10.891089,21.0,21.782178,100.0,50.0,0.0,0.0,0.0,0.0,0.0,0.0,109.727273,128.0,81.715599,80.100017,3.0
2026-06-24T04:26:42.733151019Z,1000,per_hit,raw_percent_of_host,api-node1,api-node2,10,8,18,21.212121,15.151515,21.212121,30.30303,100.0,50.0,0.0,0.0,0.0,0.0,0.0,0.0,94.9,144.25,81.551062,81.446565,3.0
2026-06-24T04:26:43.733147679Z,1000,per_hit,raw_percent_of_host,api-node1,api-node2,9,9,18,19.0,15.151515,19.0,30.30303,100.0,50.0,0.0,0.0,0.0,0.0,0.0,0.0,76.888889,180.666667,82.285842,76.861149,3.0
2026-06-24T04:26:44.733147665Z,1000,per_hit,raw_percent_of_host,api-node1,api-node2,11,8,19,22.222222,16.0,22.222222,32.0,100.0,50.0,0.0,0.0,0.0,0.0,0.0,0.0,98.454545,168.125,82.512326,80.80328,3.0
2026-06-24T04:26:45.733146962Z,1000,per_hit,raw_percent_of_host,api-node1,api-node2,8,12,20,21.0,16.0,21.0,32.0,100.0,50.0,0.0,0.0,0.0,0.0,0.0,0.0,102.875,176.083333,81.305167,80.356173,3.0
2026-06-24T04:26:46.733146372Z,1000,per_hit,raw_percent_of_host,api-node1,api-node2,8,13,21,20.20202,16.0,20.20202,32.0,100.0,50.0,0.0,0.0,0.0,0.0,0.0,0.0,87.875,242.0,82.459481,78.805858,3.0
2026-06-24T04:26:47.733146638Z,1000,per_hit,raw_percent_of_host,api-node1,api-node2,9,13,22,19.191919,16.831683,19.191919,33.663366,100.0,50.0,0.0,0.0,0.0,0.0,0.0,0.0,72.666667,239.076923,82.156475,80.820858,3.0
2026-06-24T04:26:48.733148003Z,1000,per_hit,raw_percent_of_host,api-node1,api-node2,11,12,23,21.0,15.151515,21.0,30.30303,100.0,50.0,0.0,0.0,0.0,0.0,0.0,0.0,91.272727,174.916667,82.29836,80.180086,3.0
2026-06-24T04:26:49.733157859Z,1000,per_hit,raw_percent_of_host,api-node1,api-node2,13,10,23,20.20202,15.0,20.20202,30.0,100.0,50.0,0.0,0.0,0.0,0.0,0.0,0.0,113.307692,168.1,81.328878,78.875244,3.0
2026-06-24T04:26:50.733147402Z,1000,per_hit,raw_percent_of_host,api-node1,api-node2,13,11,24,21.0,20.792079,21.0,41.584158,100.0,50.0,0.0,0.0,0.0,0.0,0.0,0.0,120.538462,216.363636,82.051287,78.852956,3.0
2026-06-24T04:26:51.733147301Z,1000,per_hit,raw_percent_of_host,api-node1,api-node2,12,13,25,20.20202,19.80198,20.20202,39.60396,100.0,50.0,0.0,0.0,0.0,0.0,0.0,0.0,95.666667,212.538462,81.67146,80.986743,3.0
2026-06-24T04:26:52.733146662Z,1000,per_hit,raw_percent_of_host,api-node1,api-node2,12,14,26,26.0,20.792079,26.0,41.584158,100.0,50.0,0.0,0.0,0.0,0.0,0.0,0.0,111.333333,203.571429,81.857106,81.810743,3.0
2026-06-24T04:26:53.733150876Z,1000,per_hit,raw_percent_of_host,api-node1,api-node2,16,11,27,30.30303,16.831683,30.30303,33.663366,100.0,50.0,0.0,0.0,0.0,0.0,0.0,0.0,136.6875,178.545455,81.147026,82.141172,3.0
2026-06-24T04:26:54.733150941Z,1000,per_hit,raw_percent_of_host,api-node1,api-node2,13,15,28,26.732673,20.792079,26.732673,41.584158,100.0,50.0,0.0,0.0,0.0,0.0,0.0,0.0,106.461538,222.666667,80.639146,80.073299,3.0
2026-06-24T04:26:55.733147469Z,1000,per_hit,raw_percent_of_host,api-node1,api-node2,13,16,29,20.408163,20.588235,20.408163,41.176471,100.0,50.0,0.0,0.0,0.0,0.0,0.0,0.0,112.307692,205.9375,80.92788,81.940881,3.0
2026-06-24T04:26:56.73314652Z,1000,per_hit,raw_percent_of_host,api-node1,api-node2,13,17,30,27.0,20.588235,27.0,41.176471,100.0,50.0,0.0,0.0,0.0,0.0,0.0,0.0,110.538462,315.882353,81.969952,81.865086,3.0
2026-06-24T04:26:57.733150798Z,1000,per_hit,raw_percent_of_host,api-node1,api-node2,11,20,31,20.20202,20.588235,20.20202,41.176471,100.0,50.0,0.0,0.0,0.0,0.0,0.0,0.0,108.454545,234.35,81.399044,73.750455,3.0
2026-06-24T04:26:58.733146528Z,1000,per_hit,raw_percent_of_host,api-node1,api-node2,20,13,33,27.272727,16.0,27.272727,32.0,100.0,50.0,0.0,0.0,0.0,0.0,0.0,0.0,158.5,151.307692,80.951269,73.838475,3.0
2026-06-24T04:26:59.733150956Z,1000,per_hit,raw_percent_of_host,api-node1,api-node2,15,19,34,26.0,21.359223,26.0,42.718447,100.0,50.0,0.0,0.0,0.0,0.0,0.0,0.0,106.666667,321.894737,80.215212,80.287054,3.0
2026-06-24T04:27:00.733147535Z,1000,per_hit,raw_percent_of_host,api-node1,api-node2,16,19,35,30.0,19.80198,30.0,39.60396,100.0,50.0,0.0,0.0,0.0,0.0,0.0,0.0,127.6875,306.315789,81.488447,75.165402,3.0
2026-06-24T04:27:01.733149846Z,1000,per_hit,raw_percent_of_host,api-node1,api-node2,19,17,36,30.30303,21.568627,30.30303,43.137255,100.0,50.0,0.0,0.0,0.0,0.0,0.0,0.0,145.947368,235.941176,79.689965,75.319579,3.0
2026-06-24T04:27:02.733146533Z,1000,per_hit,raw_percent_of_host,api-node1,api-node2,18,19,37,31.313131,19.80198,31.313131,39.60396,100.0,50.0,0.0,1.0,0.0,0.0,0.0,1.0,167.555556,347.555556,80.068292,80.322075,3.0
2026-06-24T04:27:03.733146579Z,1000,per_hit,raw_percent_of_host,api-node1,api-node2,24,14,38,32.0,20.0,32.0,40.0,100.0,50.0,0.0,0.0,0.0,0.0,0.0,0.0,168.25,274.4,80.068055,65.569228,3.0
2026-06-24T04:27:04.733147342Z,1000,per_hit,raw_percent_of_host,api-node1,api-node2,16,23,39,1.0,1.020408,1.0,2.040816,100.0,50.0,0.0,17.0,0.0,0.0,0.0,17.0,119.8125,228.166667,79.687919,80.482204,3.0
2026-06-24T04:27:05.733147965Z,1000,per_hit,raw_percent_of_host,api-node1,api-node2,24,15,39,37.383178,20.588235,37.383178,41.176471,100.0,50.0,0.0,0.0,0.0,0.0,0.0,0.0,175.375,421.0625,79.667518,66.631734,3.0
2026-06-24T04:27:06.733150057Z,1000,per_hit,raw_percent_of_host,api-node1,api-node2,20,22,42,30.30303,20.792079,30.30303,41.584158,100.0,50.0,1.0,0.0,0.0,0.0,1.0,0.0,133.368421,359.954545,80.509248,80.61304,3.0
2026-06-24T04:27:07.733148007Z,1000,per_hit,raw_percent_of_host,api-node1,api-node2,25,18,43,31.0,20.792079,31.0,41.584158,100.0,50.0,1.0,0.0,0.0,0.0,1.0,0.0,208.52,295.777778,79.009906,73.421095,3.0
2026-06-24T04:27:08.733150242Z,1000,per_hit,raw_percent_of_host,api-node1,api-node2,19,25,44,30.0,20.588235,30.0,41.176471,100.0,50.0,1.0,3.0,0.0,0.0,1.0,3.0,124.157895,363.227273,79.045953,73.350554,3.0
2026-06-24T04:27:09.733146728Z,1000,per_hit,raw_percent_of_host,api-node1,api-node2,26,19,45,31.313131,20.588235,31.313131,41.176471,100.0,50.0,1.0,0.0,0.0,0.0,1.0,0.0,160.923077,342.954545,79.087474,67.297329,3.0
2026-06-24T04:27:10.733149426Z,1000,per_hit,raw_percent_of_host,api-node1,api-node2,24,22,46,37.735849,20.588235,37.735849,41.176471,100.0,50.0,0.0,2.0,0.0,0.0,0.0,2.0,201.56,349.7,78.936874,73.367941,3.0
2026-06-24T04:27:11.733146461Z,1000,per_hit,raw_percent_of_host,api-node1,api-node2,29,18,47,41.0,20.588235,41.0,41.176471,100.0,50.0,1.0,0.0,0.0,0.0,1.0,0.0,224.821429,314.4,80.583369,76.047782,3.0
2026-06-24T04:27:12.733149114Z,1000,per_hit,raw_percent_of_host,api-node1,api-node2,24,24,48,30.30303,20.588235,30.30303,41.176471,100.0,50.0,1.0,1.0,0.0,0.0,1.0,1.0,168.75,421.434783,79.030654,73.383879,3.0
2026-06-24T04:27:13.733149332Z,1000,per_hit,raw_percent_of_host,api-node1,api-node2,27,22,49,38.53211,20.588235,38.53211,41.176471,100.0,50.0,0.0,1.0,0.0,0.0,0.0,1.0,241.321429,299.363636,78.961228,67.327327,3.0
2026-06-24T04:27:14.733147387Z,1000,per_hit,raw_percent_of_host,api-node1,api-node2,20,30,50,30.0,19.80198,30.0,39.60396,100.0,50.0,1.0,8.0,0.0,0.0,1.0,8.0,134.157895,345.217391,81.549373,76.527741,3.0
2026-06-24T04:27:15.733148466Z,1000,per_hit,raw_percent_of_host,api-node1,api-node2,25,27,52,31.683168,16.161616,31.683168,32.323232,100.0,50.0,0.0,5.0,0.0,0.0,0.0,5.0,193.269231,475.766667,79.08758,60.654639,3.0
2026-06-24T04:27:16.73314835Z,1000,per_hit,raw_percent_of_host,api-node1,api-node2,22,31,53,0.0,8.62069,0.0,17.241379,100.0,50.0,0.0,28.0,0.0,0.0,0.0,28.0,193.363636,328.375,80.172707,72.396192,3.0
2026-06-24T04:27:17.733146372Z,1000,per_hit,raw_percent_of_host,api-node1,api-node2,28,26,54,35.353535,20.588235,35.353535,41.176471,100.0,50.0,1.0,0.0,0.0,0.0,1.0,0.0,191.555556,496.666667,80.462723,60.354112,3.0
2026-06-24T04:27:18.73314673Z,1000,per_hit,raw_percent_of_host,api-node1,api-node2,32,23,55,38.317757,20.588235,38.317757,41.176471,100.0,50.0,0.0,1.0,0.0,0.0,0.0,1.0,263.666667,374.318182,78.991153,74.819755,3.0
2026-06-24T04:27:19.733151597Z,1000,per_hit,raw_percent_of_host,api-node1,api-node2,32,24,56,38.53211,21.359223,38.53211,42.718447,100.0,50.0,0.0,2.0,0.0,0.0,0.0,2.0,259.6875,388.043478,81.089197,76.54627,3.0
2026-06-24T04:27:20.733147498Z,1000,per_hit,raw_percent_of_host,api-node1,api-node2,25,32,57,36.111111,21.568627,36.111111,43.137255,100.0,50.0,1.0,12.0,0.0,0.0,1.0,12.0,181.416667,341.045455,80.878143,75.843001,3.0
2026-06-24T04:27:21.733147761Z,1000,per_hit,raw_percent_of_host,api-node1,api-node2,32,26,58,10.869565,17.171717,10.869565,34.343434,100.0,50.0,1.0,23.0,0.0,0.0,1.0,23.0,217.8125,555.866667,78.555658,59.325625,3.0
2026-06-24T04:27:22.733146586Z,1000,per_hit,raw_percent_of_host,api-node1,api-node2,31,28,59,37.735849,20.588235,37.735849,41.176471,100.0,50.0,0.0,6.0,0.0,0.0,0.0,6.0,258.78125,455.977778,77.181391,66.826834,3.0
2026-06-24T04:27:23.733149697Z,1000,per_hit,raw_percent_of_host,api-node1,api-node2,32,28,60,37.383178,19.80198,37.383178,39.60396,100.0,50.0,1.0,3.0,0.0,0.0,1.0,3.0,229.225806,394.193548,73.699404,60.264587,3.0
2026-06-24T04:27:24.733146429Z,1000,per_hit,raw_percent_of_host,api-node1,api-node2,32,29,61,38.317757,20.588235,38.317757,41.176471,100.0,50.0,1.0,6.0,0.0,0.0,1.0,6.0,193.9375,334.423077,78.438553,68.831896,3.0
2026-06-24T04:27:25.733147464Z,1000,per_hit,raw_percent_of_host,api-node1,api-node2,30,32,62,5.434783,15.463918,5.434783,30.927835,100.0,50.0,0.0,28.0,0.0,0.0,0.0,28.0,226.935484,382.8,79.202526,62.556025,3.0
2026-06-24T04:27:26.733149486Z,1000,per_hit,raw_percent_of_host,api-node1,api-node2,43,20,63,37.383178,21.568627,37.383178,43.137255,100.0,50.0,0.0,1.0,0.0,0.0,0.0,1.0,317.162791,490.340426,80.27047,57.539897,3.0
2026-06-24T04:27:27.733147519Z,1000,per_hit,raw_percent_of_host,api-node1,api-node2,34,30,64,38.317757,19.80198,38.317757,39.60396,100.0,50.0,1.0,6.0,0.0,0.0,1.0,6.0,236.393939,378.0,73.797534,76.312791,3.0
2026-06-24T04:27:28.733147407Z,1000,per_hit,raw_percent_of_host,api-node1,api-node2,35,28,63,5.494505,18.0,5.494505,36.0,100.0,50.0,0.0,12.0,0.0,0.0,0.0,12.0,237.972222,405.727273,79.107988,60.808746,3.0
2026-06-24T04:27:29.733147387Z,1000,per_hit,raw_percent_of_host,api-node1,api-node2,36,30,66,38.317757,20.588235,38.317757,41.176471,100.0,50.0,0.0,8.0,0.0,0.0,0.0,8.0,271.111111,400.411765,76.872634,62.739416,3.0
2026-06-24T04:27:30.733159201Z,1000,per_hit,raw_percent_of_host,api-node1,api-node2,37,29,66,37.735849,15.463918,37.735849,30.927835,100.0,50.0,1.0,17.0,0.0,0.0,1.0,17.0,299.055556,372.6,75.027809,65.986733,3.0
2026-06-24T04:27:31.733147992Z,1000,per_hit,raw_percent_of_host,api-node1,api-node2,33,34,67,17.204301,15.306122,17.204301,30.612245,100.0,50.0,0.0,33.0,0.0,0.0,0.0,33.0,259.882353,467.222222,76.863192,71.777251,3.0
2026-06-24T04:27:32.733148511Z,1000,per_hit,raw_percent_of_host,api-node1,api-node2,43,24,67,37.962963,19.80198,37.962963,39.60396,100.0,50.0,1.0,8.0,0.0,0.0,1.0,8.0,330.261905,534.265306,80.284634,67.814461,3.0
2026-06-24T04:27:33.733150705Z,1000,per_hit,raw_percent_of_host,api-node1,api-node2,30,38,68,38.317757,16.326531,38.317757,32.653061,100.0,50.0,1.0,31.0,0.0,0.0,1.0,31.0,217.0,370.4,73.837504,72.011112,3.0
2026-06-24T04:27:34.733148341Z,1000,per_hit,raw_percent_of_host,api-node1,api-node2,38,31,69,37.735849,21.782178,37.735849,43.564356,100.0,50.0,1.0,16.0,0.0,0.0,1.0,16.0,268.552632,558.021739,78.258473,55.209792,3.0
2026-06-24T04:27:35.733147381Z,1000,per_hit,raw_percent_of_host,api-node1,api-node2,33,37,70,16.304348,16.161616,16.304348,32.323232,100.0,50.0,0.0,31.0,0.0,0.0,0.0,31.0,278.117647,421.954545,77.616188,63.124946,3.0
2026-06-24T04:27:36.733147856Z,1000,per_hit,raw_percent_of_host,api-node1,api-node2,39,31,70,38.888889,20.588235,38.888889,41.176471,100.0,50.0,2.0,6.0,0.0,0.0,2.0,6.0,269.837838,499.178571,75.462319,67.875642,3.0
2026-06-24T04:27:37.733148959Z,1000,per_hit,raw_percent_of_host,api-node1,api-node2,41,30,71,21.73913,15.306122,21.73913,30.612245,100.0,50.0,2.0,26.0,0.0,0.0,2.0,26.0,249.536585,485.5,75.8578,61.290035,3.0
2026-06-24T04:27:38.733147243Z,1000,per_hit,raw_percent_of_host,api-node1,api-node2,34,37,71,21.73913,16.326531,21.73913,32.653061,100.0,50.0,2.0,37.0,0.0,0.0,2.0,37.0,180.088235,617.615385,75.608098,59.951886,3.0
2026-06-24T04:27:39.733147621Z,1000,per_hit,raw_percent_of_host,api-node1,api-node2,36,36,72,38.317757,26.470588,38.317757,52.941176,100.0,50.0,1.0,28.0,0.0,0.0,1.0,28.0,221.756757,628.422222,75.053506,60.183445,3.0
2026-06-24T04:27:40.733146908Z,1000,per_hit,raw_percent_of_host,api-node1,api-node2,40,32,72,5.434783,26.732673,5.434783,53.465347,100.0,50.0,1.0,27.0,0.0,0.0,1.0,27.0,323.8,589.151515,79.100172,52.73933,3.0
2026-06-24T04:27:41.733147373Z,1000,per_hit,raw_percent_of_host,api-node1,api-node2,38,35,73,39.814815,21.212121,39.814815,42.424242,100.0,50.0,0.0,33.0,0.0,0.0,0.0,33.0,287.384615,521.689655,76.252814,64.149924,3.0
2026-06-24T04:27:42.733147865Z,1000,per_hit,raw_percent_of_host,api-node1,api-node2,35,38,73,10.869565,21.428571,10.869565,42.857143,100.0,50.0,2.0,33.0,0.0,0.0,2.0,33.0,211.666667,519.657895,74.553075,68.388045,3.0
2026-06-24T04:27:43.733148032Z,1000,per_hit,raw_percent_of_host,api-node1,api-node2,44,29,73,37.962963,25.742574,37.962963,51.485149,100.0,50.0,0.0,11.0,0.0,0.0,0.0,11.0,349.326087,524.784314,76.247995,53.924266,3.0
2026-06-24T04:27:44.73314743Z,1000,per_hit,raw_percent_of_host,api-node1,api-node2,38,36,74,40.186916,22.222222,40.186916,44.444444,100.0,50.0,1.0,23.0,0.0,0.0,1.0,23.0,271.72973,445.916667,72.53155,68.25991,3.0
2026-06-24T04:27:45.733147619Z,1000,per_hit,raw_percent_of_host,api-node1,api-node2,37,37,74,37.735849,20.408163,37.735849,40.816327,100.0,50.0,2.0,36.0,0.0,0.0,2.0,36.0,257.444444,543.458333,76.337174,61.442578,3.0
2026-06-24T04:27:46.73314681Z,1000,per_hit,raw_percent_of_host,api-node1,api-node2,42,32,74,34.259259,26.732673,34.259259,53.465347,100.0,50.0,1.0,25.0,0.0,0.0,1.0,25.0,344.813953,645.116279,76.013473,54.057602,3.0
2026-06-24T04:27:47.733146589Z,1000,per_hit,raw_percent_of_host,api-node1,api-node2,46,29,75,38.317757,20.588235,38.317757,41.176471,100.0,50.0,2.0,6.0,0.0,0.0,2.0,6.0,325.422222,466.333333,74.034155,54.552755,3.0
2026-06-24T04:27:48.733148784Z,1000,per_hit,raw_percent_of_host,api-node1,api-node2,40,35,75,38.317757,20.588235,38.317757,41.176471,100.0,50.0,2.0,25.0,0.0,0.0,2.0,25.0,276.325,362.25,72.298401,63.979382,3.0
2026-06-24T04:27:49.733148675Z,1000,per_hit,raw_percent_of_host,api-node1,api-node2,44,31,75,37.962963,20.588235,37.962963,41.176471,100.0,50.0,3.0,10.0,0.0,0.0,3.0,10.0,315.302326,472.891304,75.135149,61.141898,3.0
2026-06-24T04:27:50.733147678Z,1000,per_hit,raw_percent_of_host,api-node1,api-node2,33,42,75,37.962963,17.171717,37.962963,34.343434,100.0,50.0,0.0,36.0,0.0,0.0,0.0,36.0,291.555556,433.375,73.777438,63.850187,3.0
2026-06-24T04:27:51.733146823Z,1000,per_hit,raw_percent_of_host,api-node1,api-node2,47,28,75,37.962963,26.0,37.962963,52.0,100.0,50.0,1.0,9.0,0.0,0.0,1.0,9.0,295.891304,570.036364,77.45427,56.540542,3.0
2026-06-24T04:27:52.733147238Z,1000,per_hit,raw_percent_of_host,api-node1,api-node2,37,38,75,37.962963,15.306122,37.962963,30.612245,100.0,50.0,1.0,37.0,0.0,0.0,1.0,37.0,267.189189,410.1,74.803802,72.536256,3.0
2026-06-24T04:27:53.733147582Z,1000,per_hit,raw_percent_of_host,api-node1,api-node2,49,26,75,37.383178,20.588235,37.383178,41.176471,100.0,50.0,1.0,5.0,0.0,0.0,1.0,5.0,359.142857,519.775862,76.395722,54.529122,3.0
2026-06-24T04:27:54.73314711Z,1000,per_hit,raw_percent_of_host,api-node1,api-node2,34,41,75,27.956989,17.171717,27.956989,34.343434,100.0,50.0,1.0,37.0,0.0,0.0,1.0,37.0,229.382353,425.222222,74.612516,72.11434,3.0
2026-06-24T04:27:55.733148799Z,1000,per_hit,raw_percent_of_host,api-node1,api-node2,49,26,75,37.962963,25.252525,37.962963,50.505051,100.0,50.0,1.0,1.0,0.0,0.0,1.0,1.0,360.489796,528.741935,76.372366,54.841759,3.0
2026-06-24T04:27:56.7331471Z,1000,per_hit,raw_percent_of_host,api-node1,api-node2,33,42,75,37.735849,12.121212,37.735849,24.242424,100.0,50.0,1.0,34.0,0.0,0.0,1.0,34.0,226.757576,438.0,74.215809,75.747163,3.0
2026-06-24T04:27:57.733147485Z,1000,per_hit,raw_percent_of_host,api-node1,api-node2,35,40,75,38.888889,25.0,38.888889,50.0,100.0,50.0,1.0,34.0,0.0,0.0,1.0,34.0,271.342857,615.225,77.351078,64.641786,3.0
2026-06-24T04:27:58.733147692Z,1000,per_hit,raw_percent_of_host,api-node1,api-node2,43,31,74,6.521739,26.0,6.521739,52.0,100.0,50.0,1.0,20.0,0.0,0.0,1.0,20.0,306.162791,645.2,78.656285,54.940943,3.0
2026-06-24T04:27:59.733147211Z,1000,per_hit,raw_percent_of_host,api-node1,api-node2,38,36,74,38.53211,15.463918,38.53211,30.927835,100.0,50.0,0.0,31.0,0.0,0.0,0.0,31.0,252.25641,460.68,77.257893,72.049519,3.0
2026-06-24T04:28:00.73314972Z,1000,per_hit,raw_percent_of_host,api-node1,api-node2,46,28,74,38.317757,21.0,38.317757,42.0,100.0,50.0,2.0,8.0,0.0,0.0,2.0,8.0,291.022727,532.215686,75.653022,64.994665,3.0
2026-06-24T04:28:01.733148168Z,1000,per_hit,raw_percent_of_host,api-node1,api-node2,39,35,74,37.383178,18.0,37.383178,36.0,100.0,50.0,1.0,29.0,0.0,0.0,1.0,29.0,326.25,454.428571,74.889591,62.728217,3.0
2026-06-24T04:28:02.733147156Z,1000,per_hit,raw_percent_of_host,api-node1,api-node2,45,28,73,38.679245,26.262626,38.679245,52.525253,100.0,50.0,1.0,20.0,0.0,0.0,1.0,20.0,396.288889,529.918919,75.305083,54.323221,3.0
2026-06-24T04:28:03.733148263Z,1000,per_hit,raw_percent_of_host,api-node1,api-node2,37,36,73,22.580645,18.181818,22.580645,36.363636,100.0,50.0,2.0,33.0,0.0,0.0,2.0,33.0,291.555556,442.782609,75.78153,73.569412,3.0
2026-06-24T04:28:04.733149291Z,1000,per_hit,raw_percent_of_host,api-node1,api-node2,43,30,73,37.962963,20.588235,37.962963,41.176471,100.0,50.0,1.0,5.0,0.0,0.0,1.0,5.0,264.795455,529.0,75.224634,64.419185,3.0
2026-06-24T04:28:05.733146685Z,1000,per_hit,raw_percent_of_host,api-node1,api-node2,36,36,72,37.383178,19.80198,37.383178,39.60396,100.0,50.0,1.0,13.0,0.0,0.0,1.0,13.0,253.722222,330.928571,76.598606,72.523479,3.0
2026-06-24T04:28:06.733147055Z,1000,per_hit,raw_percent_of_host,api-node1,api-node2,50,22,72,37.962963,21.0,37.962963,42.0,100.0,50.0,2.0,0.0,0.0,0.0,2.0,0.0,342.0,431.885714,78.561019,55.857959,3.0
2026-06-24T04:28:07.733147415Z,1000,per_hit,raw_percent_of_host,api-node1,api-node2,36,35,71,30.769231,5.102041,30.769231,10.204082,100.0,50.0,2.0,29.0,0.0,0.0,2.0,29.0,233.222222,316.0,75.587867,75.028121,3.0
2026-06-24T04:28:08.733147763Z,1000,per_hit,raw_percent_of_host,api-node1,api-node2,39,32,71,37.962963,16.161616,37.962963,32.323232,100.0,50.0,0.0,17.0,0.0,0.0,0.0,17.0,265.585366,472.5,75.267378,64.234166,3.0
2026-06-24T04:28:09.73314677Z,1000,per_hit,raw_percent_of_host,api-node1,api-node2,49,21,70,37.735849,20.588235,37.735849,41.176471,100.0,50.0,2.0,2.0,0.0,0.0,2.0,2.0,360.021277,391.805556,75.096325,66.075502,3.0
2026-06-24T04:28:10.733151808Z,1000,per_hit,raw_percent_of_host,api-node1,api-node2,33,36,69,37.962963,12.0,37.962963,24.0,100.0,50.0,0.0,27.0,0.0,0.0,0.0,27.0,299.628571,400.454545,74.780901,68.120053,3.0
2026-06-24T04:28:11.733147927Z,1000,per_hit,raw_percent_of_host,api-node1,api-node2,35,34,69,10.869565,25.0,10.869565,50.0,100.0,50.0,1.0,32.0,0.0,0.0,1.0,32.0,220.176471,555.310345,75.280751,57.345521,3.0
2026-06-24T04:28:12.733148888Z,1000,per_hit,raw_percent_of_host,api-node1,api-node2,41,27,68,39.090909,20.792079,39.090909,41.584158,100.0,50.0,1.0,4.0,0.0,0.0,1.0,4.0,353.878049,478.436364,76.895563,64.142603,3.0
2026-06-24T04:28:13.733148255Z,1000,per_hit,raw_percent_of_host,api-node1,api-node2,35,32,67,15.555556,17.0,15.555556,34.0,100.0,50.0,1.0,27.0,0.0,0.0,1.0,27.0,199.542857,268.222222,76.901934,72.785017,3.0
2026-06-24T04:28:14.733147118Z,1000,per_hit,raw_percent_of_host,api-node1,api-node2,34,32,66,37.962963,22.222222,37.962963,44.444444,100.0,50.0,2.0,22.0,0.0,0.0,2.0,22.0,215.939394,555.648649,76.52243,52.9181,3.0
2026-06-24T04:28:15.733147169Z,1000,per_hit,raw_percent_of_host,api-node1,api-node2,34,32,66,38.317757,20.408163,38.317757,40.816327,100.0,50.0,0.0,7.0,0.0,0.0,0.0,7.0,239.611111,461.553191,75.084712,55.947957,3.0
2026-06-24T04:28:16.733149668Z,1000,per_hit,raw_percent_of_host,api-node1,api-node2,28,36,64,9.89011,17.0,9.89011,34.0,100.0,50.0,2.0,28.0,0.0,0.0,2.0,28.0,221.192308,340.4,76.509336,72.561754,3.0
2026-06-24T04:28:17.733148007Z,1000,per_hit,raw_percent_of_host,api-node1,api-node2,33,32,65,38.888889,20.588235,38.888889,41.176471,100.0,50.0,0.0,9.0,0.0,0.0,0.0,9.0,219.428571,464.0,78.020245,60.123363,3.0
2026-06-24T04:28:18.733148165Z,1000,per_hit,raw_percent_of_host,api-node1,api-node2,36,27,63,37.735849,20.618557,37.735849,41.237113,100.0,50.0,0.0,7.0,0.0,0.0,0.0,7.0,258.222222,392.758621,77.025367,60.67817,3.0
2026-06-24T04:28:19.733149083Z,1000,per_hit,raw_percent_of_host,api-node1,api-node2,29,33,62,38.53211,20.588235,38.53211,41.176471,100.0,50.0,2.0,9.0,0.0,0.0,2.0,9.0,159.481481,386.967742,74.138404,72.126048,3.0
2026-06-24T04:28:20.733147802Z,1000,per_hit,raw_percent_of_host,api-node1,api-node2,37,24,61,37.735849,20.588235,37.735849,41.176471,100.0,50.0,1.0,3.0,0.0,0.0,1.0,3.0,242.131579,408.7,77.729441,63.749466,3.0
2026-06-24T04:28:21.733147926Z,1000,per_hit,raw_percent_of_host,api-node1,api-node2,35,25,60,38.317757,20.588235,38.317757,41.176471,100.0,50.0,1.0,5.0,0.0,0.0,1.0,5.0,218.8,380.347826,75.8326,72.16417,3.0
2026-06-24T04:28:22.733150396Z,1000,per_hit,raw_percent_of_host,api-node1,api-node2,29,31,60,38.888889,18.0,38.888889,36.0,100.0,50.0,0.0,30.0,0.0,0.0,0.0,30.0,178.1,352.5,77.744467,73.775608,3.0
2026-06-24T04:28:23.733148651Z,1000,per_hit,raw_percent_of_host,api-node1,api-node2,30,29,59,38.317757,20.588235,38.317757,41.176471,100.0,50.0,1.0,4.0,0.0,0.0,1.0,4.0,231.0,480.6,78.233885,69.928087,3.0
2026-06-24T04:28:24.733147262Z,1000,per_hit,raw_percent_of_host,api-node1,api-node2,31,27,58,5.434783,15.306122,5.434783,30.612245,100.0,50.0,2.0,26.0,0.0,0.0,2.0,26.0,210.5,326.8,79.012399,71.047656,3.0
2026-06-24T04:28:25.733149695Z,1000,per_hit,raw_percent_of_host,api-node1,api-node2,35,21,56,38.53211,20.38835,38.53211,40.776699,100.0,50.0,2.0,1.0,0.0,0.0,2.0,1.0,205.828571,449.826087,77.439263,60.234183,3.0
2026-06-24T04:28:26.733149107Z,1000,per_hit,raw_percent_of_host,api-node1,api-node2,24,31,55,36.363636,19.80198,36.363636,39.60396,100.0,50.0,0.0,10.0,0.0,0.0,0.0,10.0,180.115385,368.5,77.678776,68.438555,3.0
2026-06-24T04:28:27.733146266Z,1000,per_hit,raw_percent_of_host,api-node1,api-node2,30,24,54,38.317757,19.80198,38.317757,39.60396,100.0,50.0,1.0,3.0,0.0,0.0,1.0,3.0,230.551724,391.83871,80.872878,71.670373,3.0
2026-06-24T04:28:28.73315425Z,1000,per_hit,raw_percent_of_host,api-node1,api-node2,22,31,53,31.0,20.588235,31.0,41.176471,100.0,50.0,1.0,24.0,0.0,0.0,1.0,24.0,131.590909,319.3,78.730016,72.291666,3.0
2026-06-24T04:28:29.733155355Z,1000,per_hit,raw_percent_of_host,api-node1,api-node2,31,21,52,37.962963,20.38835,37.962963,40.776699,100.0,50.0,1.0,2.0,0.0,0.0,1.0,2.0,191.806452,442.837209,78.624661,68.6422,3.0
2026-06-24T04:28:30.733148247Z,1000,per_hit,raw_percent_of_host,api-node1,api-node2,26,25,51,37.735849,16.326531,37.735849,32.653061,100.0,50.0,2.0,3.0,0.0,0.0,2.0,3.0,176.24,375.333333,78.554638,71.441942,3.0
2026-06-24T04:28:31.733147502Z,1000,per_hit,raw_percent_of_host,api-node1,api-node2,33,17,50,38.888889,20.792079,38.888889,41.584158,100.0,50.0,2.0,0.0,0.0,0.0,2.0,0.0,169.575758,270.85,76.867458,68.981963,3.0
2026-06-24T04:28:32.733146671Z,1000,per_hit,raw_percent_of_host,api-node1,api-node2,24,23,47,31.0,20.792079,31.0,41.584158,100.0,50.0,0.0,2.0,0.0,0.0,0.0,2.0,151.0,306.952381,78.365483,75.227718,3.0
2026-06-24T04:28:33.733147578Z,1000,per_hit,raw_percent_of_host,api-node1,api-node2,24,24,48,5.050505,15.306122,5.050505,30.612245,100.0,50.0,0.0,20.0,0.0,0.0,0.0,20.0,179.416667,270.666667,78.853314,75.577067,3.0
2026-06-24T04:28:34.733148511Z,1000,per_hit,raw_percent_of_host,api-node1,api-node2,22,27,49,33.333333,22.330097,33.333333,44.660194,100.0,50.0,0.0,5.0,0.0,0.0,0.0,5.0,158.590909,377.190476,78.445331,73.710096,3.0
2026-06-24T04:28:35.73314744Z,1000,per_hit,raw_percent_of_host,api-node1,api-node2,22,24,46,35.353535,19.80198,35.353535,39.60396,100.0,50.0,0.0,4.0,0.0,0.0,0.0,4.0,137.909091,303.44,81.783504,72.029301,3.0
2026-06-24T04:28:36.733148367Z,1000,per_hit,raw_percent_of_host,api-node1,api-node2,24,19,43,35.185185,20.0,35.185185,40.0,100.0,50.0,1.0,0.0,0.0,0.0,1.0,0.0,171.608696,227.391304,81.408462,74.194781,3.0
2026-06-24T04:28:37.733147495Z,1000,per_hit,raw_percent_of_host,api-node1,api-node2,24,18,42,35.514019,20.588235,35.514019,41.176471,100.0,50.0,0.0,0.0,0.0,0.0,0.0,0.0,167.16,284.888889,76.527157,73.233367,3.0
2026-06-24T04:28:38.733146653Z,1000,per_hit,raw_percent_of_host,api-node1,api-node2,22,20,42,32.407407,18.811881,32.407407,37.623762,100.0,50.0,0.0,0.0,0.0,0.0,0.0,0.0,164.272727,194.1,77.674601,74.5414,3.0
2026-06-24T04:28:39.733149432Z,1000,per_hit,raw_percent_of_host,api-node1,api-node2,18,23,41,28.703704,16.666667,28.703704,33.333333,100.0,50.0,0.0,14.0,0.0,0.0,0.0,14.0,156.0,217.111111,72.752216,73.327881,3.0
2026-06-24T04:28:40.733146559Z,1000,per_hit,raw_percent_of_host,api-node1,api-node2,25,16,41,41.0,19.80198,41.0,39.60396,100.0,50.0,0.0,1.0,0.0,0.0,0.0,1.0,165.24,313.103448,77.920263,72.833661,3.0
2026-06-24T04:28:41.733148938Z,1000,per_hit,raw_percent_of_host,api-node1,api-node2,20,19,39,29.70297,20.588235,29.70297,41.176471,100.0,50.0,1.0,0.0,0.0,0.0,1.0,0.0,174.0,218.45,80.211477,76.618297,3.0
2026-06-24T04:28:42.733148497Z,1000,per_hit,raw_percent_of_host,api-node1,api-node2,26,12,38,37.735849,20.588235,37.735849,41.176471,100.0,50.0,1.0,0.0,0.0,0.0,1.0,0.0,189.230769,160.166667,78.973117,79.244452,3.0
2026-06-24T04:28:43.733158173Z,1000,per_hit,raw_percent_of_host,api-node1,api-node2,21,16,37,35.643564,21.359223,35.643564,42.718447,100.0,50.0,1.0,0.0,0.0,0.0,1.0,0.0,139.761905,225.8125,78.514716,80.713217,3.0
2026-06-24T04:28:44.733149227Z,1000,per_hit,raw_percent_of_host,api-node1,api-node2,15,19,34,30.612245,20.588235,30.612245,41.176471,100.0,50.0,0.0,0.0,0.0,0.0,0.0,0.0,126.1875,259.368421,79.305891,80.95757,3.0
2026-06-24T04:28:45.733146511Z,1000,per_hit,raw_percent_of_host,api-node1,api-node2,16,18,34,28.971963,17.475728,28.971963,34.951456,100.0,50.0,0.0,0.0,0.0,0.0,0.0,0.0,136.75,258.388889,80.437313,75.794121,3.0
2026-06-24T04:28:46.733147706Z,1000,per_hit,raw_percent_of_host,api-node1,api-node2,19,14,33,28.703704,15.686275,28.703704,31.372549,100.0,50.0,0.0,0.0,0.0,0.0,0.0,0.0,183.105263,183.5,78.946852,73.251656,3.0
2026-06-24T04:28:47.73314988Z,1000,per_hit,raw_percent_of_host,api-node1,api-node2,16,16,32,28.971963,14.851485,28.971963,29.70297,100.0,50.0,0.0,0.0,0.0,0.0,0.0,0.0,106.5,194.625,76.793157,76.478228,3.0
2026-06-24T04:28:48.733146841Z,1000,per_hit,raw_percent_of_host,api-node1,api-node2,15,16,31,27.102804,15.686275,27.102804,31.372549,100.0,50.0,0.0,0.0,0.0,0.0,0.0,0.0,101.333333,249.9375,78.90092,70.296878,3.0
2026-06-24T04:28:49.733149171Z,1000,per_hit,raw_percent_of_host,api-node1,api-node2,15,16,31,23.364486,17.355372,23.364486,34.710744,100.0,50.0,0.0,1.0,0.0,0.0,0.0,1.0,136.466667,167.6,82.042838,76.061075,3.0
2026-06-24T04:28:50.733146635Z,1000,per_hit,raw_percent_of_host,api-node1,api-node2,11,18,29,30.0,24.271845,30.0,48.543689,100.0,50.0,0.0,1.0,0.0,0.0,0.0,1.0,87.454545,202.611111,81.50615,77.536175,3.0
2026-06-24T04:28:51.733155547Z,1000,per_hit,raw_percent_of_host,api-node1,api-node2,16,12,28,31.0,16.0,31.0,32.0,100.0,50.0,1.0,0.0,0.0,0.0,1.0,0.0,122.533333,158.076923,81.2259,78.339733,3.0
2026-06-24T04:28:52.733149947Z,1000,per_hit,raw_percent_of_host,api-node1,api-node2,15,12,27,28.282828,20.0,28.282828,40.0,100.0,50.0,0.0,1.0,0.0,0.0,0.0,1.0,122.875,193.636364,78.890555,81.115614,3.0
2026-06-24T04:28:53.733151553Z,1000,per_hit,raw_percent_of_host,api-node1,api-node2,9,17,26,26.0,20.792079,26.0,41.584158,100.0,50.0,0.0,1.0,0.0,0.0,0.0,1.0,84.333333,183.117647,81.647207,77.755762,3.0
2026-06-24T04:28:54.733156334Z,1000,per_hit,raw_percent_of_host,api-node1,api-node2,13,12,25,29.591837,20.588235,29.591837,41.176471,100.0,50.0,0.0,1.0,0.0,0.0,0.0,1.0,99.538462,155.083333,82.235106,77.959006,3.0
2026-06-24T04:28:55.733149901Z,1000,per_hit,raw_percent_of_host,api-node1,api-node2,15,9,24,31.683168,20.588235,31.683168,41.176471,100.0,50.0,1.0,0.0,0.0,0.0,1.0,0.0,113.571429,150.6,82.178769,78.000048,3.0
2026-06-24T04:28:56.733147254Z,1000,per_hit,raw_percent_of_host,api-node1,api-node2,10,13,23,22.222222,20.588235,22.222222,41.176471,100.0,50.0,0.0,1.0,0.0,0.0,0.0,1.0,103.363636,167.416667,78.984386,79.677416,3.0
2026-06-24T04:28:57.73314981Z,1000,per_hit,raw_percent_of_host,api-node1,api-node2,9,13,22,25.0,19.80198,25.0,39.60396,100.0,50.0,1.0,0.0,0.0,0.0,1.0,0.0,84.625,184.785714,82.380774,77.149887,3.0
2026-06-24T04:28:58.73314624Z,1000,per_hit,raw_percent_of_host,api-node1,api-node2,14,7,21,28.282828,15.151515,28.282828,30.30303,100.0,50.0,1.0,0.0,0.0,0.0,1.0,0.0,124.857143,126.857143,78.829847,80.967933,3.0
2026-06-24T04:28:59.733147866Z,1000,per_hit,raw_percent_of_host,api-node1,api-node2,9,12,21,30.0,21.782178,30.0,43.564356,100.0,50.0,1.0,0.0,0.0,0.0,1.0,0.0,79.555556,180.083333,78.866591,81.934241,3.0
2026-06-24T04:29:00.73315388Z,1000,per_hit,raw_percent_of_host,api-node1,api-node2,13,7,20,32.0,15.151515,32.0,30.30303,100.0,50.0,1.0,0.0,0.0,0.0,1.0,0.0,100.076923,116.571429,78.818474,80.808418,3.0
2026-06-24T04:29:01.733150742Z,1000,per_hit,raw_percent_of_host,api-node1,api-node2,13,6,19,30.30303,15.151515,30.30303,30.30303,100.0,50.0,1.0,0.0,0.0,0.0,1.0,0.0,96.076923,109.833333,78.793473,78.752125,3.0
2026-06-24T04:29:02.733149304Z,1000,per_hit,raw_percent_of_host,api-node1,api-node2,8,10,18,29.292929,16.0,29.292929,32.0,100.0,50.0,0.0,1.0,0.0,0.0,0.0,1.0,87.555556,139.777778,78.79566,81.459432,3.0
2026-06-24T04:29:03.733150821Z,1000,per_hit,raw_percent_of_host,api-node1,api-node2,8,9,17,19.191919,15.151515,19.191919,30.30303,100.0,50.0,1.0,0.0,0.0,0.0,1.0,0.0,67.142857,128.9,82.271797,77.802922,3.0
2026-06-24T04:29:04.733147087Z,1000,per_hit,raw_percent_of_host,api-node1,api-node2,9,7,16,28.712871,16.0,28.712871,32.0,100.0,50.0,0.0,0.0,0.0,0.0,0.0,0.0,99.4,115.0,79.160658,82.074353,3.0
2026-06-24T04:29:05.733149454Z,1000,per_hit,raw_percent_of_host,api-node1,api-node2,7,10,17,23.232323,16.0,23.232323,32.0,100.0,50.0,0.0,1.0,0.0,0.0,0.0,1.0,75.714286,138.777778,78.458773,80.885007,3.0
2026-06-24T04:29:06.733146032Z,1000,per_hit,raw_percent_of_host,api-node1,api-node2,5,10,15,20.20202,19.80198,20.20202,39.60396,100.0,50.0,0.0,1.0,0.0,0.0,0.0,1.0,71.8,121.2,82.500958,77.145513,3.0
2026-06-24T04:29:07.733150381Z,1000,per_hit,raw_percent_of_host,api-node1,api-node2,7,8,15,29.0,16.0,29.0,32.0,100.0,50.0,0.0,1.0,0.0,0.0,0.0,1.0,81.285714,119.125,82.217764,77.843915,3.0
2026-06-24T04:29:08.73314794Z,1000,per_hit,raw_percent_of_host,api-node1,api-node2,10,4,14,27.0,10.10101,27.0,20.20202,100.0,50.0,0.0,1.0,0.0,0.0,0.0,1.0,119.0,74.25,81.477761,78.039765,3.0
2026-06-24T04:29:09.733150833Z,1000,per_hit,raw_percent_of_host,api-node1,api-node2,9,5,14,24.242424,16.831683,24.242424,33.663366,100.0,50.0,1.0,0.0,0.0,0.0,1.0,0.0,68.125,88.833333,81.950905,78.3151,3.0
2026-06-24T04:29:10.73315048Z,1000,per_hit,raw_percent_of_host,api-node1,api-node2,6,7,13,21.212121,15.151515,21.212121,30.30303,100.0,50.0,1.0,0.0,0.0,0.0,1.0,0.0,53.833333,132.714286,79.078644,81.226868,3.0
2026-06-24T04:29:11.733151381Z,1000,per_hit,raw_percent_of_host,api-node1,api-node2,7,6,13,27.272727,15.841584,27.272727,31.683168,100.0,50.0,0.0,1.0,0.0,0.0,0.0,1.0,90.25,119.0,78.438851,80.746424,3.0
2026-06-24T04:29:12.733147519Z,1000,per_hit,raw_percent_of_host,api-node1,api-node2,6,6,12,19.191919,15.151515,19.191919,30.30303,100.0,50.0,1.0,0.0,0.0,0.0,1.0,0.0,81.0,94.285714,81.238348,78.151035,3.0
2026-06-24T04:29:13.733163909Z,1000,per_hit,raw_percent_of_host,api-node1,api-node2,4,8,12,19.0,16.0,19.0,32.0,100.0,50.0,0.0,1.0,0.0,0.0,0.0,1.0,50.0,113.714286,79.163943,79.950905,3.0
2026-06-24T04:29:14.733149699Z,1000,per_hit,raw_percent_of_host,api-node1,api-node2,4,7,11,16.161616,10.10101,16.161616,20.20202,100.0,50.0,0.0,1.0,0.0,0.0,0.0,1.0,69.5,85.142857,82.722595,77.971959,3.0
2026-06-24T04:29:15.73314639Z,1000,per_hit,raw_percent_of_host,api-node1,api-node2,8,3,11,19.0,9.090909,19.0,18.181818,100.0,50.0,0.0,1.0,0.0,0.0,0.0,1.0,73.625,54.0,81.709567,78.304856,3.0
2026-06-24T04:29:16.733146328Z,1000,per_hit,raw_percent_of_host,api-node1,api-node2,7,4,11,21.0,9.183673,21.0,18.367347,100.0,50.0,0.0,1.0,0.0,0.0,0.0,1.0,64.285714,70.75,82.482007,78.268301,3.0
2026-06-24T04:29:17.733149978Z,1000,per_hit,raw_percent_of_host,api-node1,api-node2,5,6,11,19.0,11.764706,19.0,23.529412,100.0,50.0,1.0,0.0,0.0,0.0,1.0,0.0,50.0,104.285714,82.826183,77.74137,3.0
2026-06-24T04:29:18.733150388Z,1000,per_hit,raw_percent_of_host,api-node1,api-node2,4,6,10,13.131313,15.151515,13.131313,30.30303,100.0,50.0,1.0,0.0,0.0,0.0,1.0,0.0,52.5,94.333333,79.151349,81.649812,3.0
2026-06-24T04:29:19.733147543Z,1000,per_hit,raw_percent_of_host,api-node1,api-node2,7,3,10,23.0,10.0,23.0,20.0,100.0,50.0,1.0,0.0,0.0,0.0,1.0,0.0,70.714286,65.0,78.683691,81.838686,3.0
2026-06-24T04:29:20.73314617Z,1000,per_hit,raw_percent_of_host,api-node1,api-node2,5,5,10,19.0,10.10101,19.0,20.20202,100.0,50.0,0.0,1.0,0.0,0.0,0.0,1.0,55.166667,81.25,79.120848,79.199507,3.0
2026-06-24T04:29:21.733149192Z,1000,per_hit,raw_percent_of_host,api-node1,api-node2,5,5,10,17.0,16.0,17.0,32.0,100.0,50.0,1.0,0.0,0.0,0.0,1.0,0.0,64.75,80.833333,82.00369,77.954106,3.0
2026-06-24T04:29:22.733147282Z,1000,per_hit,raw_percent_of_host,api-node1,api-node2,6,4,10,24.0,11.0,24.0,22.0,100.0,50.0,0.0,1.0,0.0,0.0,0.0,1.0,65.142857,71.333333,78.672419,81.681817,3.0
2026-06-24T04:29:23.733147419Z,1000,per_hit,raw_percent_of_host,api-node1,api-node2,6,4,10,20.0,16.0,20.0,32.0,100.0,50.0,1.0,0.0,0.0,0.0,1.0,0.0,77.2,90.0,82.041297,77.791181,3.0
2026-06-24T04:29:24.733150244Z,1000,per_hit,raw_percent_of_host,api-node1,api-node2,2,8,10,10.10101,15.151515,10.10101,30.30303,100.0,50.0,0.0,1.0,0.0,0.0,0.0,1.0,50.0,105.857143,79.283272,81.183665,3.0
2026-06-24T04:29:25.733150315Z,1000,per_hit,raw_percent_of_host,api-node1,api-node2,4,6,10,12.121212,16.831683,12.121212,33.663366,100.0,50.0,1.0,0.0,0.0,0.0,1.0,0.0,53.666667,125.428571,82.133135,78.082206,3.0
2026-06-24T04:29:26.733147819Z,1000,per_hit,raw_percent_of_host,api-node1,api-node2,5,5,10,15.0,15.151515,15.0,30.30303,100.0,50.0,1.0,0.0,0.0,0.0,1.0,0.0,61.8,101.0,78.894738,81.230956,3.0
2026-06-24T04:29:27.733147176Z,1000,per_hit,raw_percent_of_host,api-node1,api-node2,6,5,11,21.212121,13.0,21.212121,26.0,100.0,50.0,0.0,1.0,0.0,0.0,0.0,1.0,73.0,70.75,78.783004,81.926244,3.0
2026-06-24T04:29:28.733148121Z,1000,per_hit,raw_percent_of_host,api-node1,api-node2,6,5,11,18.0,16.831683,18.0,33.663366,100.0,50.0,0.0,1.0,0.0,0.0,0.0,1.0,63.333333,95.4,81.923426,76.878871,3.0
2026-06-24T04:29:29.733150573Z,1000,per_hit,raw_percent_of_host,api-node1,api-node2,5,6,11,21.212121,12.121212,21.212121,24.242424,100.0,50.0,0.0,1.0,0.0,0.0,0.0,1.0,52.8,91.0,78.963441,78.141499,3.0
2026-06-24T04:29:30.733148958Z,1000,per_hit,raw_percent_of_host,api-node1,api-node2,4,7,11,15.151515,16.0,15.151515,32.0,100.0,50.0,0.0,1.0,0.0,0.0,0.0,1.0,50.0,96.0,82.927759,76.477857,3.0
2026-06-24T04:29:31.733151294Z,1000,per_hit,raw_percent_of_host,api-node1,api-node2,4,8,12,19.0,19.80198,19.0,39.60396,100.0,50.0,0.0,1.0,0.0,0.0,0.0,1.0,52.0,82.625,79.136486,78.018771,3.0
2026-06-24T04:29:32.733149466Z,1000,per_hit,raw_percent_of_host,api-node1,api-node2,2,10,12,5.050505,16.161616,5.050505,32.323232,100.0,50.0,0.0,1.0,0.0,0.0,0.0,1.0,50.0,117.3,83.134468,75.128581,3.0
2026-06-24T04:29:33.733150514Z,1000,per_hit,raw_percent_of_host,api-node1,api-node2,7,6,13,17.171717,17.171717,17.171717,34.343434,100.0,50.0,1.0,0.0,0.0,0.0,1.0,0.0,61.0,83.857143,79.084502,75.575596,3.0
2026-06-24T04:29:34.733146786Z,1000,per_hit,raw_percent_of_host,api-node1,api-node2,4,9,13,15.0,20.0,15.0,40.0,100.0,50.0,0.0,1.0,0.0,0.0,0.0,1.0,50.0,98.0,78.046385,78.229495,3.0
2026-06-24T04:29:35.733146356Z,1000,per_hit,raw_percent_of_host,api-node1,api-node2,9,4,13,24.0,13.861386,24.0,27.722772,100.0,50.0,1.0,0.0,0.0,0.0,1.0,0.0,70.625,80.0,78.969798,76.455782,3.0
2026-06-24T04:29:36.733153834Z,1000,per_hit,raw_percent_of_host,api-node1,api-node2,8,6,14,18.181818,12.0,18.181818,24.0,100.0,50.0,0.0,1.0,0.0,0.0,0.0,1.0,57.555556,76.0,78.455884,74.852973,3.0
2026-06-24T04:29:37.733147991Z,1000,per_hit,raw_percent_of_host,api-node1,api-node2,7,8,15,15.151515,20.0,15.151515,40.0,100.0,50.0,1.0,0.0,0.0,0.0,1.0,0.0,68.166667,88.777778,76.40964,74.671702,3.0
2026-06-24T04:29:38.733148735Z,1000,per_hit,raw_percent_of_host,api-node1,api-node2,9,6,15,20.20202,14.141414,20.20202,28.282828,100.0,50.0,1.0,0.0,0.0,0.0,1.0,0.0,64.888889,87.0,76.544405,75.743557,3.0
2026-06-24T04:29:39.733146381Z,1000,per_hit,raw_percent_of_host,api-node1,api-node2,6,10,16,21.0,20.38835,21.0,40.776699,100.0,50.0,1.0,0.0,0.0,0.0,1.0,0.0,51.833333,103.6,77.91526,73.404042,3.0
2026-06-24T04:29:40.733146369Z,1000,per_hit,raw_percent_of_host,api-node1,api-node2,5,11,16,16.0,20.792079,16.0,41.584158,100.0,50.0,0.0,1.0,0.0,0.0,0.0,1.0,56.833333,91.2,77.685532,76.237553,3.0
2026-06-24T04:29:41.733149583Z,1000,per_hit,raw_percent_of_host,api-node1,api-node2,10,7,17,20.792079,9.803922,20.792079,19.607843,100.0,50.0,1.0,2.0,0.0,0.0,1.0,2.0,65.222222,91.833333,77.421656,75.734659,3.0
2026-06-24T04:29:42.733147796Z,1000,per_hit,raw_percent_of_host,api-node1,api-node2,8,10,18,17.171717,17.0,17.171717,34.0,100.0,50.0,0.0,1.0,0.0,0.0,0.0,1.0,62.666667,121.454545,77.886917,70.80116,3.0
2026-06-24T04:29:43.733150198Z,1000,per_hit,raw_percent_of_host,api-node1,api-node2,9,10,19,15.151515,19.417476,15.151515,38.834951,100.0,50.0,0.0,1.0,0.0,0.0,0.0,1.0,76.444444,106.3,76.650613,72.21752,3.0
2026-06-24T04:29:44.733146525Z,1000,per_hit,raw_percent_of_host,api-node1,api-node2,13,6,19,24.242424,12.0,24.242424,24.0,100.0,50.0,0.0,1.0,0.0,0.0,0.0,1.0,92.076923,73.0,75.318782,74.963661,3.0
2026-06-24T04:29:45.733150816Z,1000,per_hit,raw_percent_of_host,api-node1,api-node2,10,10,20,19.80198,17.647059,19.80198,35.294118,100.0,50.0,0.0,2.0,0.0,0.0,0.0,2.0,74.7,90.888889,74.499385,72.993902,3.0
2026-06-24T04:29:46.733147589Z,1000,per_hit,raw_percent_of_host,api-node1,api-node2,10,11,21,19.387755,14.851485,19.387755,29.70297,100.0,50.0,0.0,2.0,0.0,0.0,0.0,2.0,85.8,95.636364,73.528002,75.049361,3.0
2026-06-24T04:29:47.733150176Z,1000,per_hit,raw_percent_of_host,api-node1,api-node2,12,10,22,13.131313,18.811881,13.131313,37.623762,100.0,50.0,1.0,2.0,0.0,0.0,1.0,2.0,82.0,107.1,74.125003,72.221727,3.0
2026-06-24T04:29:48.733148722Z,1000,per_hit,raw_percent_of_host,api-node1,api-node2,10,13,23,17.346939,18.811881,17.346939,37.623762,100.0,50.0,0.0,3.0,0.0,0.0,0.0,3.0,66.545455,115.25,77.172143,70.648248,3.0
2026-06-24T04:29:49.733146899Z,1000,per_hit,raw_percent_of_host,api-node1,api-node2,15,9,24,24.242424,14.851485,24.242424,29.70297,100.0,50.0,0.0,2.0,0.0,0.0,0.0,2.0,110.133333,96.2,73.829962,76.232145,3.0
2026-06-24T04:29:50.733153437Z,1000,per_hit,raw_percent_of_host,api-node1,api-node2,9,16,25,25.252525,18.181818,25.252525,36.363636,100.0,50.0,0.0,11.0,0.0,0.0,0.0,11.0,61.777778,107.857143,72.778295,73.827983,3.0
2026-06-24T04:29:51.73314736Z,1000,per_hit,raw_percent_of_host,api-node1,api-node2,17,9,26,30.0,5.825243,30.0,11.650485,100.0,50.0,1.0,7.0,0.0,0.0,1.0,7.0,87.875,220.538462,73.727811,60.581948,3.0
2026-06-24T04:29:52.733151173Z,1000,per_hit,raw_percent_of_host,api-node1,api-node2,16,11,27,25.0,9.803922,25.0,19.607843,100.0,50.0,1.0,7.0,0.0,0.0,1.0,7.0,90.8125,158.727273,74.852032,73.947216,3.0
2026-06-24T04:29:53.733146068Z,1000,per_hit,raw_percent_of_host,api-node1,api-node2,15,13,28,17.0,11.881188,17.0,23.762376,100.0,50.0,0.0,4.0,0.0,0.0,0.0,4.0,112.375,164.1875,75.962623,69.874889,3.0
2026-06-24T04:29:54.733148182Z,1000,per_hit,raw_percent_of_host,api-node1,api-node2,15,14,29,24.0,15.533981,24.0,31.067961,100.0,50.0,0.0,8.0,0.0,0.0,0.0,8.0,110.933333,119.9,72.647995,73.093154,3.0
2026-06-24T04:29:55.733147817Z,1000,per_hit,raw_percent_of_host,api-node1,api-node2,15,15,30,18.0,16.326531,18.0,32.653061,100.0,50.0,1.0,11.0,0.0,0.0,1.0,11.0,89.642857,171.333333,75.066379,71.699289,3.0
2026-06-24T04:29:56.733148476Z,1000,per_hit,raw_percent_of_host,api-node1,api-node2,16,15,31,19.0,19.0,19.0,38.0,100.0,50.0,0.0,10.0,0.0,0.0,0.0,10.0,107.529412,173.0625,73.708336,70.939637,3.0
2026-06-24T04:29:57.733147155Z,1000,per_hit,raw_percent_of_host,api-node1,api-node2,16,16,32,13.0,19.607843,13.0,39.215686,100.0,50.0,1.0,10.0,0.0,0.0,1.0,10.0,105.133333,179.9375,74.339541,70.163228,3.0
2026-06-24T04:29:58.733146472Z,1000,per_hit,raw_percent_of_host,api-node1,api-node2,20,13,33,16.0,17.171717,16.0,34.343434,100.0,50.0,10.0,4.0,0.0,0.0,10.0,4.0,82.0,171.894737,74.438648,70.370683,3.0
2026-06-24T04:29:59.733149101Z,1000,per_hit,raw_percent_of_host,api-node1,api-node2,17,17,34,22.772277,13.72549,22.772277,27.45098,100.0,50.0,0.0,11.0,0.0,0.0,0.0,11.0,139.703704,137.0,73.020835,70.556907,3.0
2026-06-24T04:30:00.733147829Z,1000,per_hit,raw_percent_of_host,api-node1,api-node2,21,14,35,23.0,15.533981,23.0,31.067961,100.0,50.0,11.0,9.0,0.0,0.0,11.0,9.0,72.8,202.9375,74.270974,74.626568,3.0
2026-06-24T04:30:01.73314718Z,1000,per_hit,raw_percent_of_host,api-node1,api-node2,19,17,36,16.0,16.0,16.0,32.0,100.0,50.0,1.0,9.0,0.0,0.0,1.0,9.0,157.034483,158.176471,75.799594,70.124125,3.0
2026-06-24T04:30:02.733148692Z,1000,per_hit,raw_percent_of_host,api-node1,api-node2,16,21,37,21.212121,17.821782,21.212121,35.643564,100.0,50.0,0.0,13.0,0.0,0.0,0.0,13.0,95.235294,137.176471,75.208091,74.116845,3.0
2026-06-24T04:30:03.733149027Z,1000,per_hit,raw_percent_of_host,api-node1,api-node2,17,22,39,18.367347,21.153846,18.367347,42.307692,100.0,50.0,3.0,14.0,0.0,0.0,3.0,14.0,117.0,265.857143,75.876427,68.991898,3.0
2026-06-24T04:30:04.733147109Z,1000,per_hit,raw_percent_of_host,api-node1,api-node2,24,16,40,18.181818,14.705882,18.181818,29.411765,100.0,50.0,13.0,12.0,0.0,0.0,13.0,12.0,101.285714,205.111111,75.076352,74.256269,3.0
2026-06-24T04:30:05.73314731Z,1000,per_hit,raw_percent_of_host,api-node1,api-node2,21,20,41,11.111111,20.38835,11.111111,40.776699,100.0,50.0,8.0,12.0,0.0,0.0,8.0,12.0,170.846154,162.8,73.680735,74.39666,3.0
2026-06-24T04:30:06.733147514Z,1000,per_hit,raw_percent_of_host,api-node1,api-node2,23,19,42,10.10101,17.0,10.10101,34.0,100.0,50.0,15.0,10.0,0.0,0.0,15.0,10.0,124.0,187.47619,76.57552,70.979256,3.0
2026-06-24T04:30:07.733146299Z,1000,per_hit,raw_percent_of_host,api-node1,api-node2,20,23,43,24.242424,14.851485,24.242424,29.70297,100.0,50.0,1.0,17.0,0.0,0.0,1.0,17.0,148.617647,179.625,74.364865,73.959667,3.0
2026-06-24T04:30:08.73314734Z,1000,per_hit,raw_percent_of_host,api-node1,api-node2,18,26,44,10.10101,19.607843,10.10101,39.215686,100.0,50.0,12.0,15.0,0.0,0.0,12.0,15.0,102.285714,221.357143,75.986255,73.496723,3.0
2026-06-24T04:30:09.733148394Z,1000,per_hit,raw_percent_of_host,api-node1,api-node2,25,20,45,23.0,14.141414,23.0,28.282828,100.0,50.0,14.0,17.0,0.0,0.0,14.0,17.0,145.695652,308.833333,73.885489,70.2386,3.0
2026-06-24T04:30:10.733149799Z,1000,per_hit,raw_percent_of_host,api-node1,api-node2,19,27,46,19.0,19.607843,19.0,39.215686,100.0,50.0,6.0,19.0,0.0,0.0,6.0,19.0,137.481481,236.28,76.132477,72.84109,3.0
2026-06-24T04:30:11.733146989Z,1000,per_hit,raw_percent_of_host,api-node1,api-node2,24,24,48,16.831683,15.306122,16.831683,30.612245,100.0,50.0,14.0,15.0,0.0,0.0,14.0,15.0,118.0625,288.892857,74.347536,73.749728,3.0
2026-06-24T04:30:12.733147615Z,1000,per_hit,raw_percent_of_host,api-node1,api-node2,24,25,49,20.20202,13.265306,20.20202,26.530612,100.0,50.0,18.0,20.0,0.0,0.0,18.0,20.0,145.4,255.85,74.938558,72.454353,3.0
2026-06-24T04:30:13.733147678Z,1000,per_hit,raw_percent_of_host,api-node1,api-node2,29,21,50,25.0,14.0,25.0,28.0,100.0,50.0,17.0,16.0,0.0,0.0,17.0,16.0,141.066667,291.36,73.330968,71.167308,3.0
2026-06-24T04:30:14.733147585Z,1000,per_hit,raw_percent_of_host,api-node1,api-node2,26,25,51,26.0,10.0,26.0,20.0,100.0,50.0,12.0,23.0,0.0,0.0,12.0,23.0,134.129032,281.166667,73.701104,73.631615,3.0
2026-06-24T04:30:15.733146966Z,1000,per_hit,raw_percent_of_host,api-node1,api-node2,25,27,52,20.408163,11.22449,20.408163,22.44898,100.0,50.0,11.0,23.0,0.0,0.0,11.0,23.0,132.076923,370.37037,74.969662,73.804453,3.0
2026-06-24T04:30:16.733146709Z,1000,per_hit,raw_percent_of_host,api-node1,api-node2,26,27,53,12.0,25.0,12.0,50.0,100.0,50.0,19.0,20.0,0.0,0.0,19.0,20.0,146.944444,328.466667,74.195212,73.902147,3.0
2026-06-24T04:30:17.733147148Z,1000,per_hit,raw_percent_of_host,api-node1,api-node2,27,27,54,17.0,20.0,17.0,40.0,100.0,50.0,16.0,20.0,0.0,0.0,16.0,20.0,170.666667,245.555556,75.843106,72.828009,3.0
2026-06-24T04:30:18.733148254Z,1000,per_hit,raw_percent_of_host,api-node1,api-node2,29,26,55,21.0,19.80198,21.0,39.60396,100.0,50.0,22.0,19.0,0.0,0.0,22.0,19.0,157.043478,327.0,75.53028,71.553381,3.0
2026-06-24T04:30:19.733146852Z,1000,per_hit,raw_percent_of_host,api-node1,api-node2,26,30,56,25.0,22.54902,25.0,45.098039,100.0,50.0,13.0,24.0,0.0,0.0,13.0,24.0,166.8,296.88,73.092511,73.28325,3.0
2026-06-24T04:30:20.733147361Z,1000,per_hit,raw_percent_of_host,api-node1,api-node2,27,30,57,21.0,24.242424,21.0,48.484848,100.0,50.0,15.0,25.0,0.0,0.0,15.0,25.0,124.28,277.103448,74.681463,74.458114,3.0
2026-06-24T04:30:21.733146912Z,1000,per_hit,raw_percent_of_host,api-node1,api-node2,30,24,54,25.252525,24.742268,25.252525,49.484536,100.0,50.0,18.0,19.0,0.0,0.0,18.0,19.0,134.333333,442.6,72.248119,68.777191,3.0
2026-06-24T04:30:22.733158487Z,1000,per_hit,raw_percent_of_host,api-node1,api-node2,30,33,63,41.0,10.309278,41.0,20.618557,100.0,50.0,14.0,27.0,0.0,0.0,14.0,27.0,174.147059,293.24,74.257928,72.213917,3.0
2026-06-24T04:30:23.733148211Z,1000,per_hit,raw_percent_of_host,api-node1,api-node2,30,30,60,22.0,20.20202,22.0,40.40404,100.0,50.0,18.0,24.0,0.0,0.0,18.0,24.0,148.076923,391.606061,74.128204,71.602233,3.0
2026-06-24T04:30:24.733148759Z,1000,per_hit,raw_percent_of_host,api-node1,api-node2,23,38,61,22.0,17.346939,22.0,34.693878,100.0,50.0,14.0,31.0,0.0,0.0,14.0,31.0,144.851852,324.935484,73.731427,71.782441,3.0
2026-06-24T04:30:25.73314914Z,1000,per_hit,raw_percent_of_host,api-node1,api-node2,25,29,54,12.0,21.212121,12.0,42.424242,100.0,50.0,11.0,22.0,0.0,0.0,11.0,22.0,111.571429,366.368421,76.318694,70.64804,3.0
2026-06-24T04:30:26.733146827Z,1000,per_hit,raw_percent_of_host,api-node1,api-node2,44,22,66,12.121212,17.346939,12.121212,34.693878,100.0,50.0,25.0,13.0,0.0,0.0,25.0,13.0,131.0,324.612903,75.805895,72.723166,3.0
2026-06-24T04:30:27.733147897Z,1000,per_hit,raw_percent_of_host,api-node1,api-node2,23,33,56,33.333333,10.0,33.333333,20.0,100.0,50.0,7.0,27.0,0.0,0.0,7.0,27.0,222.414634,167.947368,74.437754,72.602537,3.0
2026-06-24T04:30:28.733146536Z,1000,per_hit,raw_percent_of_host,api-node1,api-node2,24,23,47,20.0,22.222222,20.0,44.444444,100.0,50.0,7.0,12.0,0.0,0.0,7.0,12.0,120.25,362.236842,74.890685,72.043777,3.0
2026-06-24T04:30:29.733147847Z,1000,per_hit,raw_percent_of_host,api-node1,api-node2,45,52,97,19.565217,24.752475,19.565217,49.50495,100.0,50.0,20.0,30.0,0.0,0.0,20.0,30.0,138.46875,367.588235,73.896056,73.598885,3.0
2026-06-24T04:30:30.733147321Z,1000,per_hit,raw_percent_of_host,api-node1,api-node2,38,28,66,28.0,25.714286,28.0,51.428571,100.0,50.0,23.0,24.0,0.0,0.0,23.0,24.0,142.857143,416.764706,73.328407,67.708586,3.0
2026-06-24T04:30:31.733146976Z,1000,per_hit,raw_percent_of_host,api-node1,api-node2,41,26,67,24.0,15.306122,24.0,30.612245,100.0,50.0,25.0,21.0,0.0,0.0,25.0,21.0,181.384615,325.965517,73.275718,72.082995,3.0
2026-06-24T04:30:32.733147634Z,1000,per_hit,raw_percent_of_host,api-node1,api-node2,33,35,68,15.053763,26.262626,15.053763,52.525253,100.0,50.0,20.0,26.0,0.0,0.0,20.0,26.0,192.236842,316.766667,74.831965,71.61449,3.0
2026-06-24T04:30:33.733149864Z,1000,per_hit,raw_percent_of_host,api-node1,api-node2,43,25,68,18.0,25.742574,18.0,51.485149,100.0,50.0,34.0,18.0,0.0,0.0,34.0,18.0,139.724138,422.727273,75.133139,72.22376,3.0
2026-06-24T04:30:34.733167539Z,1000,per_hit,raw_percent_of_host,api-node1,api-node2,31,38,69,24.468085,14.0,24.468085,28.0,100.0,50.0,23.0,30.0,0.0,0.0,23.0,30.0,224.380952,209.423077,73.28909,73.79378,3.0
2026-06-24T04:30:35.733146306Z,1000,per_hit,raw_percent_of_host,api-node1,api-node2,34,36,70,27.722772,23.728814,27.722772,47.457627,100.0,50.0,19.0,30.0,0.0,0.0,19.0,30.0,148.605263,493.611111,72.205504,72.271266,3.0
2026-06-24T04:30:36.733147663Z,1000,per_hit,raw_percent_of_host,api-node1,api-node2,42,28,70,25.252525,18.811881,25.252525,37.623762,100.0,50.0,26.0,25.0,0.0,0.0,26.0,25.0,132.857143,549.0,73.380244,69.346431,3.0
2026-06-24T04:30:37.733147645Z,1000,per_hit,raw_percent_of_host,api-node1,api-node2,38,33,71,26.086957,16.326531,26.086957,32.653061,100.0,50.0,27.0,30.0,0.0,0.0,27.0,30.0,170.486486,397.0,72.400237,71.503595,3.0
2026-06-24T04:30:38.733147713Z,1000,per_hit,raw_percent_of_host,api-node1,api-node2,36,35,71,19.191919,26.470588,19.191919,52.941176,100.0,50.0,21.0,29.0,0.0,0.0,21.0,29.0,162.833333,355.333333,75.025042,69.141189,3.0
2026-06-24T04:30:39.733146299Z,1000,per_hit,raw_percent_of_host,api-node1,api-node2,43,29,72,18.0,21.212121,18.0,42.424242,100.0,50.0,32.0,22.0,0.0,0.0,32.0,22.0,166.5625,330.861111,74.118153,70.388229,3.0
2026-06-24T04:30:40.733146801Z,1000,per_hit,raw_percent_of_host,api-node1,api-node2,39,33,72,21.505376,19.191919,21.505376,38.383838,100.0,50.0,32.0,24.0,0.0,0.0,32.0,24.0,216.076923,296.645161,74.68092,73.141249,3.0
2026-06-24T04:30:41.733146951Z,1000,per_hit,raw_percent_of_host,api-node1,api-node2,33,40,73,24.242424,27.45098,24.242424,54.901961,100.0,50.0,18.0,37.0,0.0,0.0,18.0,37.0,212.340426,311.296296,72.258276,70.186134,3.0
2026-06-24T04:30:42.733148152Z,1000,per_hit,raw_percent_of_host,api-node1,api-node2,41,32,73,17.821782,25.252525,17.821782,50.505051,100.0,50.0,32.0,27.0,0.0,0.0,32.0,27.0,156.555556,495.380952,74.078261,59.400217,3.0
2026-06-24T04:30:43.733147332Z,1000,per_hit,raw_percent_of_host,api-node1,api-node2,39,35,74,23.913043,18.0,23.913043,36.0,100.0,50.0,26.0,28.0,0.0,0.0,26.0,28.0,203.577778,298.676471,72.934701,72.015984,3.0
2026-06-24T04:30:44.733146819Z,1000,per_hit,raw_percent_of_host,api-node1,api-node2,35,39,74,15.217391,22.222222,15.217391,44.444444,100.0,50.0,18.0,30.0,0.0,0.0,18.0,30.0,188.116279,501.459459,75.098883,67.241418,3.0
2026-06-24T04:30:45.733146709Z,1000,per_hit,raw_percent_of_host,api-node1,api-node2,44,30,74,15.151515,25.742574,15.151515,51.485149,100.0,50.0,37.0,22.0,0.0,0.0,37.0,22.0,167.92,444.947368,75.20311,67.403263,3.0
2026-06-24T04:30:46.733146954Z,1000,per_hit,raw_percent_of_host,api-node1,api-node2,33,41,74,22.580645,19.191919,22.580645,38.383838,100.0,50.0,23.0,33.0,0.0,0.0,23.0,33.0,257.808511,325.133333,73.454792,70.628163,3.0
2026-06-24T04:30:47.733148086Z,1000,per_hit,raw_percent_of_host,api-node1,api-node2,37,38,75,17.0,20.408163,17.0,40.816327,100.0,50.0,28.0,31.0,0.0,0.0,28.0,31.0,186.46875,539.575,74.182272,69.720238,3.0
2026-06-24T04:30:48.733147201Z,1000,per_hit,raw_percent_of_host,api-node1,api-node2,43,32,75,30.30303,18.181818,30.30303,36.363636,100.0,50.0,30.0,29.0,0.0,0.0,30.0,29.0,198.512195,495.058824,71.982639,70.848294,3.0
2026-06-24T04:30:49.733148164Z,1000,per_hit,raw_percent_of_host,api-node1,api-node2,40,35,75,18.181818,23.762376,18.181818,47.524752,100.0,50.0,26.0,30.0,0.0,0.0,26.0,30.0,181.931818,389.029412,75.979432,68.697088,3.0
2026-06-24T04:30:50.733147552Z,1000,per_hit,raw_percent_of_host,api-node1,api-node2,38,37,75,28.571429,20.20202,28.571429,40.40404,100.0,50.0,22.0,34.0,0.0,0.0,22.0,34.0,198.238095,377.939394,72.514376,71.684854,3.0
2026-06-24T04:30:51.73314718Z,1000,per_hit,raw_percent_of_host,api-node1,api-node2,37,38,75,20.0,24.752475,20.0,49.50495,100.0,50.0,23.0,32.0,0.0,0.0,23.0,32.0,163.694444,481.0,74.756788,60.525509,3.0
2026-06-24T04:30:52.733146424Z,1000,per_hit,raw_percent_of_host,api-node1,api-node2,38,37,75,22.222222,17.346939,22.222222,34.693878,100.0,50.0,23.0,31.0,0.0,0.0,23.0,31.0,149.184211,432.263158,73.898962,71.795922,3.0
2026-06-24T04:30:53.733147254Z,1000,per_hit,raw_percent_of_host,api-node1,api-node2,41,34,75,25.0,27.45098,25.0,54.901961,100.0,50.0,28.0,31.0,0.0,0.0,28.0,31.0,159.111111,585.411765,73.181619,63.833967,3.0
2026-06-24T04:30:54.733147503Z,1000,per_hit,raw_percent_of_host,api-node1,api-node2,39,36,75,18.181818,23.762376,18.181818,47.524752,100.0,50.0,28.0,32.0,0.0,0.0,28.0,32.0,181.589744,470.142857,76.580314,63.140107,3.0
2026-06-24T04:30:55.73314813Z,1000,per_hit,raw_percent_of_host,api-node1,api-node2,35,40,75,26.086957,25.252525,26.086957,50.505051,100.0,50.0,21.0,34.0,0.0,0.0,21.0,34.0,198.857143,484.052632,72.956571,71.503067,3.0
2026-06-24T04:30:56.733147431Z,1000,per_hit,raw_percent_of_host,api-node1,api-node2,40,35,75,29.0,18.181818,29.0,36.363636,100.0,50.0,27.0,32.0,0.0,0.0,27.0,32.0,157.794118,497.72973,72.541279,70.288328,3.0
2026-06-24T04:30:57.733147134Z,1000,per_hit,raw_percent_of_host,api-node1,api-node2,38,37,75,18.27957,20.779221,18.27957,41.558442,100.0,50.0,32.0,30.0,0.0,0.0,32.0,30.0,219.69697,447.974359,74.662765,70.771615,3.0
2026-06-24T04:30:58.733147572Z,1000,per_hit,raw_percent_of_host,api-node1,api-node2,29,45,74,19.387755,25.0,19.387755,50.0,100.0,50.0,21.0,39.0,0.0,0.0,21.0,39.0,200.05,530.416667,74.587251,73.046271,3.0
2026-06-24T04:30:59.733147182Z,1000,per_hit,raw_percent_of_host,api-node1,api-node2,37,37,74,16.161616,27.0,16.161616,54.0,100.0,50.0,27.0,32.0,0.0,0.0,27.0,32.0,169.903226,449.295455,74.730606,62.95068,3.0
2026-06-24T04:31:00.733146847Z,1000,per_hit,raw_percent_of_host,api-node1,api-node2,36,38,74,15.217391,23.469388,15.217391,46.938776,100.0,50.0,31.0,29.0,0.0,0.0,31.0,29.0,204.75,403.243902,73.965858,71.819756,3.0
2026-06-24T04:31:01.733146754Z,1000,per_hit,raw_percent_of_host,api-node1,api-node2,36,38,74,18.478261,25.742574,18.478261,51.485149,100.0,50.0,22.0,30.0,0.0,0.0,22.0,30.0,204.244444,395.216216,74.220072,69.555067,3.0
2026-06-24T04:31:02.733147781Z,1000,per_hit,raw_percent_of_host,api-node1,api-node2,41,32,73,28.282828,18.181818,28.282828,36.363636,100.0,50.0,27.0,27.0,0.0,0.0,27.0,27.0,164.5,560.485714,72.297984,64.265986,3.0
2026-06-24T04:31:03.733146842Z,1000,per_hit,raw_percent_of_host,api-node1,api-node2,48,25,73,20.20202,17.346939,20.20202,34.693878,100.0,50.0,37.0,20.0,0.0,0.0,37.0,20.0,207.789474,407.03125,72.557883,70.538159,3.0
2026-06-24T04:31:04.733147143Z,1000,per_hit,raw_percent_of_host,api-node1,api-node2,40,32,72,35.869565,26.470588,35.869565,52.941176,100.0,50.0,26.0,26.0,0.0,0.0,26.0,26.0,228.078431,278.461538,73.956981,71.86093,3.0
2026-06-24T04:31:05.733147276Z,1000,per_hit,raw_percent_of_host,api-node1,api-node2,44,28,72,21.212121,17.171717,21.212121,34.343434,100.0,50.0,24.0,23.0,0.0,0.0,24.0,23.0,174.76087,456.741935,73.021801,72.153187,3.0
2026-06-24T04:31:06.73314641Z,1000,per_hit,raw_percent_of_host,api-node1,api-node2,33,36,69,16.483516,16.161616,16.483516,32.323232,100.0,50.0,18.0,31.0,0.0,0.0,18.0,31.0,176.769231,333.821429,72.770056,72.489495,3.0
2026-06-24T04:31:07.733147842Z,1000,per_hit,raw_percent_of_host,api-node1,api-node2,32,41,73,12.121212,23.0,12.121212,46.0,100.0,50.0,21.0,33.0,0.0,0.0,21.0,33.0,146.655172,511.948718,75.972482,73.596739,3.0
2026-06-24T04:31:08.733147347Z,1000,per_hit,raw_percent_of_host,api-node1,api-node2,37,33,70,17.0,23.0,17.0,46.0,100.0,50.0,27.0,25.0,0.0,0.0,27.0,25.0,151.83871,442.512195,76.04167,70.454202,3.0
2026-06-24T04:31:09.733147064Z,1000,per_hit,raw_percent_of_host,api-node1,api-node2,28,42,70,10.10101,26.732673,10.10101,53.465347,100.0,50.0,20.0,32.0,0.0,0.0,20.0,32.0,180.628571,365.285714,75.768119,71.746814,3.0
2026-06-24T04:31:10.733147127Z,1000,per_hit,raw_percent_of_host,api-node1,api-node2,37,32,69,21.428571,25.252525,21.428571,50.505051,100.0,50.0,25.0,28.0,0.0,0.0,25.0,28.0,170.9375,427.166667,73.911795,71.71185,3.0
2026-06-24T04:31:11.733148201Z,1000,per_hit,raw_percent_of_host,api-node1,api-node2,37,31,68,24.0,18.811881,24.0,37.623762,100.0,50.0,24.0,26.0,0.0,0.0,24.0,26.0,194.315789,390.787879,72.367151,70.906107,3.0
2026-06-24T04:31:12.733146122Z,1000,per_hit,raw_percent_of_host,api-node1,api-node2,38,30,68,21.0,17.346939,21.0,34.693878,100.0,50.0,26.0,24.0,0.0,0.0,26.0,24.0,203.25,304.0625,75.489065,73.881639,3.0
2026-06-24T04:31:13.733147048Z,1000,per_hit,raw_percent_of_host,api-node1,api-node2,33,34,67,18.181818,26.213592,18.181818,52.427184,100.0,50.0,25.0,25.0,0.0,0.0,25.0,25.0,175.470588,257.939394,74.822754,69.592256,3.0
2026-06-24T04:31:14.733146974Z,1000,per_hit,raw_percent_of_host,api-node1,api-node2,36,30,66,17.346939,23.232323,17.346939,46.464646,100.0,50.0,25.0,22.0,0.0,0.0,25.0,22.0,180.944444,295.939394,74.320082,73.40035,3.0
2026-06-24T04:31:15.733152833Z,1000,per_hit,raw_percent_of_host,api-node1,api-node2,35,30,65,17.0,25.742574,17.0,51.485149,100.0,50.0,25.0,25.0,0.0,0.0,25.0,25.0,161.771429,368.148148,74.509598,69.572544,3.0
2026-06-24T04:31:16.733147047Z,1000,per_hit,raw_percent_of_host,api-node1,api-node2,29,36,65,11.956522,21.212121,11.956522,42.424242,100.0,50.0,23.0,28.0,0.0,0.0,23.0,28.0,197.064516,305.454545,74.404955,69.046737,3.0
2026-06-24T04:31:17.733149494Z,1000,per_hit,raw_percent_of_host,api-node1,api-node2,42,22,64,22.222222,21.428571,22.222222,42.857143,100.0,50.0,30.0,15.0,0.0,0.0,30.0,15.0,145.285714,326.828571,73.442948,69.581241,3.0
2026-06-24T04:31:18.733147312Z,1000,per_hit,raw_percent_of_host,api-node1,api-node2,32,31,63,20.652174,15.533981,20.652174,31.067961,100.0,50.0,20.0,25.0,0.0,0.0,20.0,25.0,200.833333,174.285714,73.861948,73.461744,3.0
2026-06-24T04:31:19.733146806Z,1000,per_hit,raw_percent_of_host,api-node1,api-node2,33,29,62,15.151515,15.463918,15.151515,30.927835,100.0,50.0,16.0,22.0,0.0,0.0,16.0,22.0,139.756757,319.15625,74.699836,71.202761,3.0
2026-06-24T04:31:20.733147498Z,1000,per_hit,raw_percent_of_host,api-node1,api-node2,34,27,61,20.20202,20.0,20.20202,40.0,100.0,50.0,23.0,21.0,0.0,0.0,23.0,21.0,152.925926,314.785714,74.519147,74.465561,3.0
2026-06-24T04:31:21.733146659Z,1000,per_hit,raw_percent_of_host,api-node1,api-node2,28,32,60,20.20202,23.232323,20.20202,46.464646,100.0,50.0,17.0,25.0,0.0,0.0,17.0,25.0,154.5,268.535714,73.705779,70.228245,3.0
2026-06-24T04:31:22.733147675Z,1000,per_hit,raw_percent_of_host,api-node1,api-node2,32,27,59,24.489796,15.0,24.489796,30.0,100.0,50.0,22.0,23.0,0.0,0.0,22.0,23.0,140.481481,373.862069,72.520339,71.050055,3.0
2026-06-24T04:31:23.733146601Z,1000,per_hit,raw_percent_of_host,api-node1,api-node2,34,24,58,19.80198,22.222222,19.80198,44.444444,100.0,50.0,22.0,15.0,0.0,0.0,22.0,15.0,175.852941,249.625,74.139899,72.707231,3.0
2026-06-24T04:31:24.733147393Z,1000,per_hit,raw_percent_of_host,api-node1,api-node2,31,26,57,24.242424,15.841584,24.242424,31.683168,100.0,50.0,16.0,21.0,0.0,0.0,16.0,21.0,161.351351,173.7,72.858583,73.739122,3.0
2026-06-24T04:31:25.733149003Z,1000,per_hit,raw_percent_of_host,api-node1,api-node2,32,24,56,19.0,23.232323,19.0,46.464646,100.0,50.0,18.0,16.0,0.0,0.0,18.0,16.0,135.6,240.758621,74.767926,70.800263,3.0
2026-06-24T04:31:26.73314669Z,1000,per_hit,raw_percent_of_host,api-node1,api-node2,24,31,55,25.252525,27.45098,25.252525,54.901961,100.0,50.0,10.0,29.0,0.0,0.0,10.0,29.0,115.90625,195.166667,75.257169,71.406791,3.0
2026-06-24T04:31:27.73314735Z,1000,per_hit,raw_percent_of_host,api-node1,api-node2,27,27,54,19.191919,22.222222,19.191919,44.444444,100.0,50.0,12.0,20.0,0.0,0.0,12.0,20.0,105.76,378.361111,73.887602,69.431261,3.0
2026-06-24T04:31:28.733147544Z,1000,per_hit,raw_percent_of_host,api-node1,api-node2,33,20,53,18.0,15.463918,18.0,30.927835,100.0,50.0,15.0,16.0,0.0,0.0,15.0,16.0,115.933333,291.25,74.510346,72.745385,3.0
2026-06-24T04:31:29.733148904Z,1000,per_hit,raw_percent_of_host,api-node1,api-node2,21,31,52,22.44898,14.705882,22.44898,29.411765,100.0,50.0,11.0,25.0,0.0,0.0,11.0,25.0,141.48,191.227273,74.88829,73.551707,3.0
2026-06-24T04:31:30.733148304Z,1000,per_hit,raw_percent_of_host,api-node1,api-node2,21,30,51,18.811881,20.792079,18.811881,41.584158,100.0,50.0,9.0,22.0,0.0,0.0,9.0,22.0,94.521739,312.636364,76.265553,72.677181,3.0
2026-06-24T04:31:31.733147354Z,1000,per_hit,raw_percent_of_host,api-node1,api-node2,17,33,50,16.0,20.792079,16.0,41.584158,100.0,50.0,9.0,26.0,0.0,0.0,9.0,26.0,100.117647,345.344828,77.019207,70.319867,3.0
2026-06-24T04:31:32.733147337Z,1000,per_hit,raw_percent_of_host,api-node1,api-node2,24,25,49,24.0,25.490196,24.0,50.980392,100.0,50.0,6.0,20.0,0.0,0.0,6.0,20.0,104.666667,404.064516,74.628994,66.368297,3.0
2026-06-24T04:31:33.733146526Z,1000,per_hit,raw_percent_of_host,api-node1,api-node2,22,25,47,18.0,20.618557,18.0,41.237113,100.0,50.0,9.0,17.0,0.0,0.0,9.0,17.0,85.789474,237.785714,75.11485,70.776224,3.0
2026-06-24T04:31:34.733146908Z,1000,per_hit,raw_percent_of_host,api-node1,api-node2,19,27,46,15.0,11.340206,15.0,22.680412,100.0,50.0,5.0,19.0,0.0,0.0,5.0,19.0,102.217391,182.04,75.206439,71.22277,3.0
2026-06-24T04:31:35.733149242Z,1000,per_hit,raw_percent_of_host,api-node1,api-node2,21,24,45,10.10101,18.181818,10.10101,36.363636,100.0,50.0,13.0,16.0,0.0,0.0,13.0,16.0,103.538462,222.851852,75.979886,71.370055,3.0
2026-06-24T04:31:36.73315091Z,1000,per_hit,raw_percent_of_host,api-node1,api-node2,21,23,44,15.306122,10.0,15.306122,20.0,100.0,50.0,7.0,16.0,0.0,0.0,7.0,16.0,104.962963,189.26087,75.295096,72.508877,3.0
2026-06-24T04:31:37.733147273Z,1000,per_hit,raw_percent_of_host,api-node1,api-node2,29,14,43,24.242424,11.340206,24.242424,22.680412,100.0,50.0,14.0,10.0,0.0,0.0,14.0,10.0,93.772727,252.6,74.350532,70.83076,3.0
2026-06-24T04:31:38.733146803Z,1000,per_hit,raw_percent_of_host,api-node1,api-node2,25,17,42,27.0,7.0,27.0,14.0,100.0,50.0,12.0,12.0,0.0,0.0,12.0,12.0,115.37037,140.866667,72.859009,75.645989,3.0
2026-06-24T04:31:39.733147848Z,1000,per_hit,raw_percent_of_host,api-node1,api-node2,19,22,41,15.151515,16.831683,15.151515,33.663366,100.0,50.0,7.0,15.0,0.0,0.0,7.0,15.0,103.125,152.631579,75.514403,71.424762,3.0
2026-06-24T04:31:40.73314871Z,1000,per_hit,raw_percent_of_host,api-node1,api-node2,19,20,39,19.191919,8.0,19.191919,16.0,100.0,50.0,8.0,17.0,0.0,0.0,8.0,17.0,92.777778,157.611111,75.089699,73.35358,3.0
2026-06-24T04:31:41.733147966Z,1000,per_hit,raw_percent_of_host,api-node1,api-node2,20,18,38,10.10101,19.80198,10.10101,39.60396,100.0,50.0,10.0,12.0,0.0,0.0,10.0,12.0,94.055556,202.913043,76.663951,71.893862,3.0
2026-06-24T04:31:42.733147303Z,1000,per_hit,raw_percent_of_host,api-node1,api-node2,15,22,37,15.306122,15.533981,15.306122,31.067961,100.0,50.0,7.0,16.0,0.0,0.0,7.0,16.0,103.611111,162.388889,77.222328,73.206416,3.0
2026-06-24T04:31:43.733146516Z,1000,per_hit,raw_percent_of_host,api-node1,api-node2,17,19,36,16.666667,17.171717,16.666667,34.343434,100.0,50.0,7.0,14.0,0.0,0.0,7.0,14.0,96.117647,254.47619,75.665161,71.416227,3.0
2026-06-24T04:31:44.733146784Z,1000,per_hit,raw_percent_of_host,api-node1,api-node2,21,14,35,12.0,13.0,12.0,26.0,100.0,50.0,14.0,8.0,0.0,0.0,14.0,8.0,95.928571,182.5,76.066934,73.546641,3.0
2026-06-24T04:31:45.73314668Z,1000,per_hit,raw_percent_of_host,api-node1,api-node2,21,13,34,15.0,7.0,15.0,14.0,100.0,50.0,13.0,9.0,0.0,0.0,13.0,9.0,116.5,117.083333,76.057857,75.438588,3.0
2026-06-24T04:31:46.733148194Z,1000,per_hit,raw_percent_of_host,api-node1,api-node2,16,17,33,20.20202,6.060606,20.20202,12.121212,100.0,50.0,7.0,11.0,0.0,0.0,7.0,11.0,107.272727,139.466667,76.703682,75.520945,3.0
2026-06-24T04:31:47.733147485Z,1000,per_hit,raw_percent_of_host,api-node1,api-node2,17,15,32,10.10101,11.0,10.10101,22.0,100.0,50.0,8.0,9.0,0.0,0.0,8.0,9.0,103.5625,130.764706,75.55021,74.643708,3.0
2026-06-24T04:31:48.733147877Z,1000,per_hit,raw_percent_of_host,api-node1,api-node2,19,12,31,15.0,5.0,15.0,10.0,100.0,50.0,8.0,9.0,0.0,0.0,8.0,9.0,98.736842,144.25,75.081273,77.101604,3.0
2026-06-24T04:31:49.733146633Z,1000,per_hit,raw_percent_of_host,api-node1,api-node2,19,11,30,15.0,21.212121,15.0,42.424242,100.0,50.0,7.0,7.0,0.0,0.0,7.0,7.0,104.8,159.538462,75.764913,75.530196,3.0
2026-06-24T04:31:50.733147811Z,1000,per_hit,raw_percent_of_host,api-node1,api-node2,11,18,29,10.10101,13.72549,10.10101,27.45098,100.0,50.0,4.0,14.0,0.0,0.0,4.0,14.0,95.857143,120.090909,76.836506,75.085549,3.0
2026-06-24T04:31:51.733146554Z,1000,per_hit,raw_percent_of_host,api-node1,api-node2,13,15,28,10.10101,12.871287,10.10101,25.742574,100.0,50.0,7.0,11.0,0.0,0.0,7.0,11.0,87.0,171.611111,75.927014,72.178635,3.0
2026-06-24T04:31:52.733147359Z,1000,per_hit,raw_percent_of_host,api-node1,api-node2,15,12,27,5.050505,10.10101,5.050505,20.20202,100.0,50.0,6.0,9.0,0.0,0.0,6.0,9.0,113.6875,156.642857,78.017562,75.788164,3.0
2026-06-24T04:31:53.733146998Z,1000,per_hit,raw_percent_of_host,api-node1,api-node2,10,16,26,10.10101,20.792079,10.10101,41.584158,100.0,50.0,6.0,11.0,0.0,0.0,6.0,11.0,103.8,160.071429,77.958403,76.083212,3.0
2026-06-24T04:31:54.73314892Z,1000,per_hit,raw_percent_of_host,api-node1,api-node2,13,12,25,15.151515,7.0,15.151515,14.0,100.0,50.0,5.0,8.0,0.0,0.0,5.0,8.0,80.5,193.6,77.068482,75.332117,3.0
2026-06-24T04:31:55.73314885Z,1000,per_hit,raw_percent_of_host,api-node1,api-node2,10,14,24,5.0,10.10101,5.0,20.20202,100.0,50.0,6.0,10.0,0.0,0.0,6.0,10.0,88.333333,136.25,78.218721,75.17513,3.0
2026-06-24T04:31:56.733147844Z,1000,per_hit,raw_percent_of_host,api-node1,api-node2,7,16,23,15.151515,6.0,15.151515,12.0,100.0,50.0,1.0,12.0,0.0,0.0,1.0,12.0,78.5,143.0,77.369129,76.310107,3.0
2026-06-24T04:31:57.733148862Z,1000,per_hit,raw_percent_of_host,api-node1,api-node2,11,11,22,6.0,15.841584,6.0,31.683168,100.0,50.0,4.0,6.0,0.0,0.0,4.0,6.0,73.875,174.058824,78.415712,71.548732,3.0
2026-06-24T04:31:58.733149108Z,1000,per_hit,raw_percent_of_host,api-node1,api-node2,12,9,21,10.10101,10.10101,10.10101,20.20202,100.0,50.0,4.0,5.0,0.0,0.0,4.0,5.0,74.0,100.8,77.425086,74.752082,3.0
2026-06-24T04:31:59.733148628Z,1000,per_hit,raw_percent_of_host,api-node1,api-node2,10,10,20,15.151515,5.050505,15.151515,10.10101,100.0,50.0,2.0,7.0,0.0,0.0,2.0,7.0,81.833333,100.5,76.874511,77.458834,3.0
2026-06-24T04:32:00.733151086Z,1000,per_hit,raw_percent_of_host,api-node1,api-node2,9,10,19,6.0,10.10101,6.0,20.20202,100.0,50.0,2.0,4.0,0.0,0.0,2.0,4.0,73.555556,90.538462,77.584615,76.339327,3.0
2026-06-24T04:32:01.733148619Z,1000,per_hit,raw_percent_of_host,api-node1,api-node2,10,9,19,5.0,10.891089,5.0,21.782178,100.0,50.0,3.0,4.0,0.0,0.0,3.0,4.0,90.555556,76.777778,77.571636,75.995923,3.0
2026-06-24T04:32:02.733146746Z,1000,per_hit,raw_percent_of_host,api-node1,api-node2,14,4,18,12.0,10.10101,12.0,20.20202,100.0,50.0,3.0,2.0,0.0,0.0,3.0,2.0,83.428571,96.333333,76.991482,76.23663,3.0
2026-06-24T04:32:03.733148719Z,1000,per_hit,raw_percent_of_host,api-node1,api-node2,12,5,17,19.191919,0.990099,19.191919,1.980198,100.0,50.0,3.0,3.0,0.0,0.0,3.0,3.0,78.916667,55.5,76.396197,80.633373,3.0
2026-06-24T04:32:04.733148075Z,1000,per_hit,raw_percent_of_host,api-node1,api-node2,9,7,16,11.111111,9.090909,11.111111,18.181818,100.0,50.0,3.0,3.0,0.0,0.0,3.0,3.0,83.666667,90.285714,77.073146,75.462572,3.0
2026-06-24T04:32:05.733146785Z,1000,per_hit,raw_percent_of_host,api-node1,api-node2,9,7,16,19.0,0.0,19.0,0.0,100.0,50.0,1.0,5.0,0.0,0.0,1.0,5.0,73.090909,104.2,75.621838,80.247111,3.0
2026-06-24T04:32:06.733146304Z,1000,per_hit,raw_percent_of_host,api-node1,api-node2,7,8,15,15.151515,6.0,15.151515,12.0,100.0,50.0,1.0,5.0,0.0,0.0,1.0,5.0,53.428571,114.75,77.642378,75.334774,3.0
2026-06-24T04:32:07.733146974Z,1000,per_hit,raw_percent_of_host,api-node1,api-node2,9,5,14,10.10101,10.0,10.10101,20.0,100.0,50.0,2.0,2.0,0.0,0.0,2.0,2.0,67.875,94.875,78.030941,75.692199,3.0
2026-06-24T04:32:08.73314796Z,1000,per_hit,raw_percent_of_host,api-node1,api-node2,6,8,14,10.891089,7.0,10.891089,14.0,100.0,50.0,1.0,4.0,0.0,0.0,1.0,4.0,72.142857,77.666667,77.279833,76.404831,3.0
2026-06-24T04:32:09.733149901Z,1000,per_hit,raw_percent_of_host,api-node1,api-node2,7,6,13,17.0,0.0,17.0,0.0,100.0,50.0,0.0,6.0,0.0,0.0,0.0,6.0,53.0,111.0,77.398712,79.214174,3.0
2026-06-24T04:32:10.733150489Z,1000,per_hit,raw_percent_of_host,api-node1,api-node2,4,9,13,10.10101,7.0,10.10101,14.0,100.0,50.0,1.0,5.0,0.0,0.0,1.0,5.0,50.0,91.4,78.761399,75.619636,3.0
2026-06-24T04:32:11.733146425Z,1000,per_hit,raw_percent_of_host,api-node1,api-node2,5,7,12,5.050505,11.0,5.050505,22.0,100.0,50.0,1.0,2.0,0.0,0.0,1.0,2.0,58.0,95.8,79.163396,74.424255,3.0
2026-06-24T04:32:12.733146082Z,1000,per_hit,raw_percent_of_host,api-node1,api-node2,9,3,12,15.151515,5.0,15.151515,10.0,100.0,50.0,1.0,1.0,0.0,0.0,1.0,1.0,63.0,81.75,77.657122,76.981758,3.0
2026-06-24T04:32:13.733148293Z,1000,per_hit,raw_percent_of_host,api-node1,api-node2,8,4,12,15.0,5.050505,15.0,10.10101,100.0,50.0,0.0,1.0,0.0,0.0,0.0,1.0,72.333333,64.0,75.876465,78.006668,3.0
2026-06-24T04:32:14.733148714Z,1000,per_hit,raw_percent_of_host,api-node1,api-node2,6,5,11,5.050505,11.0,5.050505,22.0,100.0,50.0,1.0,0.0,0.0,0.0,1.0,0.0,56.4,75.0,77.643079,73.400189,3.0
2026-06-24T04:32:15.733153054Z,1000,per_hit,raw_percent_of_host,api-node1,api-node2,6,5,11,15.151515,5.0,15.151515,10.0,100.0,50.0,0.0,3.0,0.0,0.0,0.0,3.0,51.285714,50.0,77.093838,78.334231,3.0
2026-06-24T04:32:16.733146851Z,1000,per_hit,raw_percent_of_host,api-node1,api-node2,7,4,11,11.0,7.070707,11.0,14.141414,100.0,50.0,0.0,1.0,0.0,0.0,0.0,1.0,62.428571,78.5,78.294361,76.555529,3.0
2026-06-24T04:32:17.733146307Z,1000,per_hit,raw_percent_of_host,api-node1,api-node2,6,5,11,10.10101,10.10101,10.10101,20.20202,100.0,50.0,1.0,1.0,0.0,0.0,1.0,1.0,66.6,74.4,77.442027,74.988845,3.0
2026-06-24T04:32:18.733148478Z,1000,per_hit,raw_percent_of_host,api-node1,api-node2,7,3,10,5.0,10.10101,5.0,20.20202,100.0,50.0,1.0,0.0,0.0,0.0,1.0,0.0,63.142857,88.25,78.530773,72.950749,3.0
2026-06-24T04:32:19.73314642Z,1000,per_hit,raw_percent_of_host,api-node1,api-node2,5,5,10,15.151515,5.050505,15.151515,10.10101,100.0,50.0,0.0,2.0,0.0,0.0,0.0,2.0,59.166667,73.666667,76.356932,79.427794,3.0
2026-06-24T04:32:20.733150364Z,1000,per_hit,raw_percent_of_host,api-node1,api-node2,5,5,10,10.10101,10.10101,10.10101,20.20202,100.0,50.0,1.0,1.0,0.0,0.0,1.0,1.0,50.0,92.0,78.152832,75.276766,3.0
2026-06-24T04:32:21.733148961Z,1000,per_hit,raw_percent_of_host,api-node1,api-node2,6,4,10,10.0,6.060606,10.0,12.121212,100.0,50.0,0.0,1.0,0.0,0.0,0.0,1.0,54.714286,75.25,78.456424,75.770682,3.0
2026-06-24T04:32:22.733149365Z,1000,per_hit,raw_percent_of_host,api-node1,api-node2,6,4,10,15.151515,5.0,15.151515,10.0,100.0,50.0,0.0,2.0,0.0,0.0,0.0,2.0,50.333333,52.333333,76.944551,77.688201,3.0
2026-06-24T04:32:23.733149377Z,1000,per_hit,raw_percent_of_host,api-node1,api-node2,2,8,10,0.0,16.831683,0.0,33.663366,100.0,50.0,1.0,2.0,0.0,0.0,1.0,2.0,50.0,77.375,81.292558,75.002656,3.0
2026-06-24T04:32:24.733147443Z,1000,per_hit,raw_percent_of_host,api-node1,api-node2,5,5,10,18.181818,0.0,18.181818,0.0,100.0,50.0,0.0,3.0,0.0,0.0,0.0,3.0,51.166667,94.25,77.949877,79.260255,3.0
2026-06-24T04:32:25.733150122Z,1000,per_hit,raw_percent_of_host,api-node1,api-node2,4,6,10,5.0,11.881188,5.0,23.762376,100.0,50.0,0.0,1.0,0.0,0.0,0.0,1.0,50.0,75.875,79.337022,74.615833,3.0
2026-06-24T04:32:26.733148306Z,1000,per_hit,raw_percent_of_host,api-node1,api-node2,4,6,10,11.0,10.204082,11.0,20.408163,100.0,50.0,0.0,2.0,0.0,0.0,0.0,2.0,58.5,64.2,78.438611,76.660697,3.0
2026-06-24T04:32:27.733148769Z,1000,per_hit,raw_percent_of_host,api-node1,api-node2,3,7,10,5.050505,10.891089,5.050505,21.782178,100.0,50.0,0.0,3.0,0.0,0.0,0.0,3.0,51.333333,79.166667,78.382506,75.486698,3.0
2026-06-24T04:32:28.733146366Z,1000,per_hit,raw_percent_of_host,api-node1,api-node2,9,2,11,19.191919,0.0,19.191919,0.0,100.0,50.0,1.0,0.0,0.0,0.0,1.0,0.0,50.0,94.4,77.729178,77.987783,3.0
2026-06-24T04:32:29.73314849Z,1000,per_hit,raw_percent_of_host,api-node1,api-node2,8,3,11,16.0,5.0,16.0,10.0,100.0,50.0,1.0,0.0,0.0,0.0,1.0,0.0,50.0,65.666667,77.147629,79.121199,3.0
2026-06-24T04:32:30.733147536Z,1000,per_hit,raw_percent_of_host,api-node1,api-node2,4,7,11,11.111111,9.183673,11.111111,18.367347,100.0,50.0,1.0,3.0,0.0,0.0,1.0,3.0,52.5,68.5,77.492733,77.613495,3.0
2026-06-24T04:32:31.733147513Z,1000,per_hit,raw_percent_of_host,api-node1,api-node2,8,4,12,6.060606,15.151515,6.060606,30.30303,100.0,50.0,1.0,0.0,0.0,0.0,1.0,0.0,54.75,103.0,78.200135,72.762109,3.0
2026-06-24T04:32:32.733148959Z,1000,per_hit,raw_percent_of_host,api-node1,api-node2,6,6,12,5.102041,15.306122,5.102041,30.612245,100.0,50.0,1.0,2.0,0.0,0.0,1.0,2.0,50.0,97.0,78.706775,75.050024,3.0
2026-06-24T04:32:33.733148933Z,1000,per_hit,raw_percent_of_host,api-node1,api-node2,5,7,12,15.0,6.122449,15.0,12.244898,100.0,50.0,1.0,2.0,0.0,0.0,1.0,2.0,50.0,86.285714,78.272301,76.164399,3.0
2026-06-24T04:32:34.733148435Z,1000,per_hit,raw_percent_of_host,api-node1,api-node2,10,3,13,11.22449,10.204082,11.22449,20.408163,100.0,50.0,1.0,0.0,0.0,0.0,1.0,0.0,56.1,80.4,77.700651,75.976445,3.0
2026-06-24T04:32:35.73314647Z,1000,per_hit,raw_percent_of_host,api-node1,api-node2,8,5,13,10.10101,8.163265,10.10101,16.326531,100.0,50.0,1.0,0.0,0.0,0.0,1.0,0.0,51.5,68.2,78.308138,77.042424,3.0
2026-06-24T04:32:36.733147425Z,1000,per_hit,raw_percent_of_host,api-node1,api-node2,9,5,14,14.0,7.070707,14.0,14.141414,100.0,50.0,1.0,0.0,0.0,0.0,1.0,0.0,53.777778,60.2,77.734963,77.496639,3.0
2026-06-24T04:32:37.733150854Z,1000,per_hit,raw_percent_of_host,api-node1,api-node2,5,9,14,5.050505,16.326531,5.050505,32.653061,100.0,50.0,1.0,2.0,0.0,0.0,1.0,2.0,50.4,97.857143,78.354205,74.091689,3.0
2026-06-24T04:32:38.733147459Z,1000,per_hit,raw_percent_of_host,api-node1,api-node2,8,7,15,11.111111,10.204082,11.111111,20.408163,100.0,50.0,1.0,2.0,0.0,0.0,1.0,2.0,53.375,73.857143,77.921311,75.058264,3.0
2026-06-24T04:32:39.733150352Z,1000,per_hit,raw_percent_of_host,api-node1,api-node2,8,7,15,14.285714,7.142857,14.285714,14.285714,100.0,50.0,0.0,2.0,0.0,0.0,0.0,2.0,51.0,78.857143,77.948807,76.00052,3.0
2026-06-24T04:32:40.733146895Z,1000,per_hit,raw_percent_of_host,api-node1,api-node2,12,4,16,28.26087,0.0,28.26087,0.0,100.0,50.0,0.0,2.0,0.0,0.0,0.0,2.0,67.333333,74.5,76.177134,79.816351,3.0
2026-06-24T04:32:41.733149559Z,1000,per_hit,raw_percent_of_host,api-node1,api-node2,12,5,17,24.489796,5.154639,24.489796,10.309278,100.0,50.0,1.0,2.0,0.0,0.0,1.0,2.0,59.909091,80.4,75.894661,80.132656,3.0
2026-06-24T04:32:42.733148518Z,1000,per_hit,raw_percent_of_host,api-node1,api-node2,11,6,17,21.0,6.122449,21.0,12.244898,100.0,50.0,0.0,2.0,0.0,0.0,0.0,2.0,56.0,76.166667,75.940981,76.559399,3.0
2026-06-24T04:32:43.733148803Z,1000,per_hit,raw_percent_of_host,api-node1,api-node2,8,10,18,10.0,16.494845,10.0,32.989691,100.0,50.0,0.0,1.0,0.0,0.0,0.0,1.0,55.5,75.090909,77.107799,77.004847,3.0
2026-06-24T04:32:44.733146446Z,1000,per_hit,raw_percent_of_host,api-node1,api-node2,9,10,19,16.161616,17.346939,16.161616,34.693878,100.0,50.0,0.0,1.0,0.0,0.0,0.0,1.0,61.111111,99.1,77.934309,76.398978,3.0
2026-06-24T04:32:45.733147432Z,1000,per_hit,raw_percent_of_host,api-node1,api-node2,9,11,20,15.463918,16.326531,15.463918,32.653061,100.0,50.0,1.0,0.0,0.0,0.0,1.0,0.0,54.375,120.666667,75.870514,74.762606,3.0
2026-06-24T04:32:46.733149005Z,1000,per_hit,raw_percent_of_host,api-node1,api-node2,11,10,21,12.244898,11.22449,12.244898,22.44898,100.0,50.0,0.0,2.0,0.0,0.0,0.0,2.0,73.583333,71.625,75.932937,76.057298,3.0
2026-06-24T04:32:47.733146316Z,1000,per_hit,raw_percent_of_host,api-node1,api-node2,11,10,21,19.191919,10.204082,19.191919,20.408163,100.0,50.0,1.0,1.0,0.0,0.0,1.0,1.0,54.3,123.636364,77.5263,72.969427,3.0
2026-06-24T04:32:48.733150927Z,1000,per_hit,raw_percent_of_host,api-node1,api-node2,9,13,22,24.0,16.326531,24.0,32.653061,100.0,50.0,1.0,3.0,0.0,0.0,1.0,3.0,78.333333,100.272727,76.080076,74.05151,3.0
2026-06-24T04:32:49.733153255Z,1000,per_hit,raw_percent_of_host,api-node1,api-node2,13,10,23,30.30303,6.122449,30.30303,12.244898,100.0,50.0,0.0,2.0,0.0,0.0,0.0,2.0,59.857143,112.181818,76.463328,73.542317,3.0
2026-06-24T04:32:50.733148195Z,1000,per_hit,raw_percent_of_host,api-node1,api-node2,18,6,24,33.333333,14.285714,33.333333,28.571429,100.0,50.0,1.0,1.0,0.0,0.0,1.0,1.0,102.058824,96.142857,76.258758,74.257349,3.0
2026-06-24T04:32:51.733146347Z,1000,per_hit,raw_percent_of_host,api-node1,api-node2,12,13,25,19.191919,16.161616,19.191919,32.323232,100.0,50.0,0.0,1.0,0.0,0.0,0.0,1.0,61.615385,115.384615,77.072265,73.190721,3.0
2026-06-24T04:32:52.733148489Z,1000,per_hit,raw_percent_of_host,api-node1,api-node2,15,11,26,28.282828,15.306122,28.282828,30.612245,100.0,50.0,1.0,0.0,0.0,0.0,1.0,0.0,75.214286,144.25,76.344588,75.491336,3.0
2026-06-24T04:32:53.733146447Z,1000,per_hit,raw_percent_of_host,api-node1,api-node2,14,13,27,20.618557,10.309278,20.618557,20.618557,100.0,50.0,1.0,2.0,0.0,0.0,1.0,2.0,102.285714,115.090909,76.354397,76.323415,3.0
2026-06-24T04:32:54.733146914Z,1000,per_hit,raw_percent_of_host,api-node1,api-node2,14,15,29,18.181818,16.161616,18.181818,32.323232,100.0,50.0,0.0,2.0,0.0,0.0,0.0,2.0,81.266667,97.928571,76.255404,74.824916,3.0
2026-06-24T04:32:55.733146375Z,1000,per_hit,raw_percent_of_host,api-node1,api-node2,12,17,29,27.272727,16.161616,27.272727,32.323232,100.0,50.0,1.0,2.0,0.0,0.0,1.0,2.0,73.909091,195.941176,76.47998,70.933518,3.0
2026-06-24T04:32:56.733148965Z,1000,per_hit,raw_percent_of_host,api-node1,api-node2,16,14,30,30.612245,17.171717,30.612245,34.343434,100.0,50.0,1.0,2.0,0.0,0.0,1.0,2.0,94.875,138.071429,75.722138,73.544884,3.0
2026-06-24T04:32:57.733151793Z,1000,per_hit,raw_percent_of_host,api-node1,api-node2,16,15,31,32.0,15.463918,32.0,30.927835,100.0,50.0,0.0,2.0,0.0,0.0,0.0,2.0,103.235294,157.533333,76.693098,73.836127,3.0
2026-06-24T04:32:58.733146431Z,1000,per_hit,raw_percent_of_host,api-node1,api-node2,14,18,32,27.368421,16.326531,27.368421,32.653061,100.0,50.0,1.0,2.0,0.0,0.0,1.0,2.0,89.615385,185.166667,76.423135,75.388909,3.0
2026-06-24T04:32:59.733148961Z,1000,per_hit,raw_percent_of_host,api-node1,api-node2,10,23,33,22.680412,20.408163,22.680412,40.816327,100.0,50.0,0.0,3.0,0.0,0.0,0.0,3.0,73.272727,255.181818,75.83037,71.664639,3.0
2026-06-24T04:33:00.733147021Z,1000,per_hit,raw_percent_of_host,api-node1,api-node2,16,19,35,26.530612,21.428571,26.530612,42.857143,100.0,50.0,0.0,1.0,0.0,0.0,0.0,1.0,91.4375,239.095238,76.007454,72.454987,3.0
2026-06-24T04:33:01.7331461Z,1000,per_hit,raw_percent_of_host,api-node1,api-node2,21,15,36,33.333333,17.171717,33.333333,34.343434,100.0,50.0,0.0,2.0,0.0,0.0,0.0,2.0,115.714286,152.928571,73.433797,77.056324,3.0
2026-06-24T04:33:02.733146191Z,1000,per_hit,raw_percent_of_host,api-node1,api-node2,21,16,37,33.333333,16.326531,33.333333,32.653061,100.0,50.0,0.0,2.0,0.0,0.0,0.0,2.0,136.47619,136.0625,77.01015,76.487338,3.0
2026-06-24T04:33:03.733148238Z,1000,per_hit,raw_percent_of_host,api-node1,api-node2,19,19,38,29.591837,15.463918,29.591837,30.927835,100.0,50.0,1.0,2.0,0.0,0.0,1.0,2.0,107.555556,160.368421,77.035541,72.553141,3.0
2026-06-24T04:33:04.733149449Z,1000,per_hit,raw_percent_of_host,api-node1,api-node2,21,18,39,32.989691,21.212121,32.989691,42.424242,100.0,50.0,0.0,2.0,0.0,0.0,0.0,2.0,117.454545,206.611111,75.915072,71.894442,3.0
2026-06-24T04:33:05.733149884Z,1000,per_hit,raw_percent_of_host,api-node1,api-node2,14,26,40,26.530612,26.0,26.530612,52.0,100.0,50.0,0.0,1.0,0.0,0.0,0.0,1.0,80.928571,327.740741,76.734016,76.228289,3.0
2026-06-24T04:33:06.733149608Z,1000,per_hit,raw_percent_of_host,api-node1,api-node2,16,25,41,31.632653,25.252525,31.632653,50.505051,100.0,50.0,0.0,3.0,0.0,0.0,0.0,3.0,89.6875,299.217391,75.872007,75.872009,3.0
2026-06-24T04:33:07.733150046Z,1000,per_hit,raw_percent_of_host,api-node1,api-node2,23,19,42,31.313131,22.222222,31.313131,44.444444,100.0,50.0,0.0,1.0,0.0,0.0,0.0,1.0,145.869565,200.0,76.203186,74.61919,3.0
2026-06-24T04:33:08.733150105Z,1000,per_hit,raw_percent_of_host,api-node1,api-node2,22,22,44,32.323232,21.428571,32.323232,42.857143,100.0,50.0,1.0,1.0,0.0,0.0,1.0,1.0,115.285714,283.045455,76.648446,77.851844,3.0
2026-06-24T04:33:09.733146575Z,1000,per_hit,raw_percent_of_host,api-node1,api-node2,25,20,45,32.323232,20.408163,32.323232,40.816327,100.0,50.0,1.0,3.0,0.0,0.0,1.0,3.0,142.64,150.111111,76.30822,75.011149,3.0
2026-06-24T04:33:10.733148761Z,1000,per_hit,raw_percent_of_host,api-node1,api-node2,25,21,46,26.530612,20.618557,26.530612,41.237113,100.0,50.0,1.0,0.0,0.0,0.0,1.0,0.0,133.84,217.5,76.14437,71.327601,3.0
2026-06-24T04:33:11.733146487Z,1000,per_hit,raw_percent_of_host,api-node1,api-node2,23,24,47,27.083333,22.0,27.083333,44.0,100.0,50.0,1.0,1.0,0.0,0.0,1.0,1.0,127.956522,242.521739,75.448137,77.430857,3.0
2026-06-24T04:33:12.733146816Z,1000,per_hit,raw_percent_of_host,api-node1,api-node2,25,23,48,27.956989,19.791667,27.956989,39.583333,100.0,50.0,0.0,1.0,0.0,0.0,0.0,1.0,167.538462,249.652174,75.329333,74.161313,3.0
2026-06-24T04:33:13.733150544Z,1000,per_hit,raw_percent_of_host,api-node1,api-node2,26,23,49,26.530612,21.212121,26.530612,42.424242,100.0,50.0,1.0,2.0,0.0,0.0,1.0,2.0,155.64,259.272727,75.448072,77.122479,3.0
2026-06-24T04:33:14.733146687Z,1000,per_hit,raw_percent_of_host,api-node1,api-node2,30,20,50,38.0,21.212121,38.0,42.424242,100.0,50.0,1.0,0.0,0.0,0.0,1.0,0.0,138.366667,274.636364,75.219699,72.432063,3.0
2026-06-24T04:33:15.73314711Z,1000,per_hit,raw_percent_of_host,api-node1,api-node2,32,19,51,31.632653,21.212121,31.632653,42.424242,100.0,50.0,0.0,1.0,0.0,0.0,0.0,1.0,155.424242,228.944444,76.809722,58.852639,3.0
2026-06-24T04:33:16.733146796Z,1000,per_hit,raw_percent_of_host,api-node1,api-node2,29,23,52,33.673469,20.408163,33.673469,40.816327,100.0,50.0,1.0,2.0,0.0,0.0,1.0,2.0,169.392857,325.272727,76.477016,77.12665,3.0
2026-06-24T04:33:17.733149787Z,1000,per_hit,raw_percent_of_host,api-node1,api-node2,30,24,54,38.383838,21.212121,38.383838,42.424242,100.0,50.0,1.0,2.0,0.0,0.0,1.0,2.0,153.833333,362.5,76.901187,73.137707,3.0
2026-06-24T04:33:18.733147176Z,1000,per_hit,raw_percent_of_host,api-node1,api-node2,31,24,55,33.333333,25.0,33.333333,50.0,100.0,50.0,1.0,0.0,0.0,0.0,1.0,0.0,151.483871,363.230769,76.341548,73.846566,3.0
2026-06-24T04:33:19.73314719Z,1000,per_hit,raw_percent_of_host,api-node1,api-node2,36,20,56,44.086022,21.212121,44.086022,42.424242,100.0,50.0,0.0,1.0,0.0,0.0,0.0,1.0,220.945946,161.789474,75.268826,74.80121,3.0
2026-06-24T04:33:20.733149331Z,1000,per_hit,raw_percent_of_host,api-node1,api-node2,30,27,57,36.734694,26.470588,36.734694,52.941176,100.0,50.0,0.0,1.0,0.0,0.0,0.0,1.0,147.766667,319.444444,77.731149,76.501774,3.0
2026-06-24T04:33:21.733147127Z,1000,per_hit,raw_percent_of_host,api-node1,api-node2,22,36,58,28.0,25.252525,28.0,50.505051,100.0,50.0,1.0,14.0,0.0,0.0,1.0,14.0,132.190476,504.347826,76.60292,74.047923,3.0
2026-06-24T04:33:22.733148265Z,1000,per_hit,raw_percent_of_host,api-node1,api-node2,31,28,59,39.0,21.212121,39.0,42.424242,100.0,50.0,0.0,1.0,0.0,0.0,0.0,1.0,176.03125,414.829268,75.411595,68.151091,3.0
2026-06-24T04:33:23.733147539Z,1000,per_hit,raw_percent_of_host,api-node1,api-node2,27,33,60,39.393939,26.0,39.393939,52.0,100.0,50.0,0.0,3.0,0.0,0.0,0.0,3.0,217.592593,331.0,76.815033,77.049766,3.0
2026-06-24T04:33:24.733150772Z,1000,per_hit,raw_percent_of_host,api-node1,api-node2,25,36,61,32.653061,26.732673,32.653061,53.465347,100.0,50.0,1.0,6.0,0.0,0.0,1.0,6.0,134.791667,455.909091,76.683093,71.186053,3.0
2026-06-24T04:33:25.73314977Z,1000,per_hit,raw_percent_of_host,api-node1,api-node2,34,28,62,43.0,22.0,43.0,44.0,100.0,50.0,1.0,1.0,0.0,0.0,1.0,1.0,198.705882,359.363636,75.780152,57.758953,3.0
2026-06-24T04:33:26.73314633Z,1000,per_hit,raw_percent_of_host,api-node1,api-node2,27,35,62,32.653061,25.252525,32.653061,50.505051,100.0,50.0,0.0,2.0,0.0,0.0,0.0,2.0,150.75,447.411765,77.963093,74.075438,3.0
2026-06-24T04:33:27.73314893Z,1000,per_hit,raw_percent_of_host,api-node1,api-node2,32,31,63,38.383838,21.052632,38.383838,42.105263,100.0,50.0,0.0,2.0,0.0,0.0,0.0,2.0,173.25,434.387097,75.605401,76.304055,3.0
2026-06-24T04:33:28.73314702Z,1000,per_hit,raw_percent_of_host,api-node1,api-node2,30,34,64,25.233645,21.052632,25.233645,42.105263,100.0,50.0,0.0,10.0,0.0,0.0,0.0,10.0,167.266667,433.076923,76.74685,77.326405,3.0
2026-06-24T04:33:29.733147486Z,1000,per_hit,raw_percent_of_host,api-node1,api-node2,33,32,65,37.373737,26.732673,37.373737,53.465347,100.0,50.0,0.0,3.0,0.0,0.0,0.0,3.0,191.787879,377.358974,76.203272,73.209598,3.0
2026-06-24T04:33:30.73314914Z,1000,per_hit,raw_percent_of_host,api-node1,api-node2,32,34,66,34.343434,26.0,34.343434,52.0,100.0,50.0,0.0,2.0,0.0,0.0,0.0,2.0,189.71875,366.0,77.177578,72.008128,3.0
2026-06-24T04:33:31.733146482Z,1000,per_hit,raw_percent_of_host,api-node1,api-node2,34,33,67,37.373737,25.742574,37.373737,51.485149,100.0,50.0,0.0,2.0,0.0,0.0,0.0,2.0,164.588235,488.666667,76.461192,75.523602,3.0
2026-06-24T04:33:32.733146488Z,1000,per_hit,raw_percent_of_host,api-node1,api-node2,41,26,67,44.086022,25.742574,44.086022,51.485149,100.0,50.0,1.0,2.0,0.0,0.0,1.0,2.0,228.1,298.923077,74.700569,72.521837,3.0
2026-06-24T04:33:33.733148431Z,1000,per_hit,raw_percent_of_host,api-node1,api-node2,33,35,68,23.232323,16.161616,23.232323,32.323232,100.0,50.0,1.0,9.0,0.0,0.0,1.0,9.0,186.060606,400.428571,77.286734,73.725303,3.0
2026-06-24T04:33:34.733147452Z,1000,per_hit,raw_percent_of_host,api-node1,api-node2,32,37,69,37.373737,21.0,37.373737,42.0,100.0,50.0,1.0,23.0,0.0,0.0,1.0,23.0,152.3125,585.304348,76.327931,61.857003,3.0
2026-06-24T04:33:35.733146826Z,1000,per_hit,raw_percent_of_host,api-node1,api-node2,43,26,69,50.0,20.408163,50.0,40.816327,100.0,50.0,0.0,2.0,0.0,0.0,0.0,2.0,294.340909,475.212766,75.640122,60.269645,3.0
2026-06-24T04:33:36.733147752Z,1000,per_hit,raw_percent_of_host,api-node1,api-node2,41,29,70,48.484848,26.0,48.484848,52.0,100.0,50.0,1.0,0.0,0.0,0.0,1.0,0.0,303.125,315.290323,77.556496,73.13035,3.0
2026-06-24T04:33:37.733150489Z,1000,per_hit,raw_percent_of_host,api-node1,api-node2,36,35,71,33.673469,26.732673,33.673469,53.465347,100.0,50.0,1.0,2.0,0.0,0.0,1.0,2.0,214.777778,400.545455,77.248573,75.060812,3.0
2026-06-24T04:33:38.733146199Z,1000,per_hit,raw_percent_of_host,api-node1,api-node2,44,27,71,52.525253,26.262626,52.525253,52.525253,100.0,50.0,1.0,1.0,0.0,0.0,1.0,1.0,281.090909,265.178571,74.95009,72.080591,3.0
2026-06-24T04:33:39.733146512Z,1000,per_hit,raw_percent_of_host,api-node1,api-node2,39,33,72,43.478261,25.252525,43.478261,50.505051,100.0,50.0,1.0,1.0,0.0,0.0,1.0,1.0,218.769231,309.606061,75.350177,73.470107,3.0
2026-06-24T04:33:40.733146481Z,1000,per_hit,raw_percent_of_host,api-node1,api-node2,42,30,72,43.877551,26.470588,43.877551,52.941176,100.0,50.0,1.0,0.0,0.0,0.0,1.0,0.0,225.904762,354.83871,76.94287,72.916926,3.0
2026-06-24T04:33:41.733147279Z,1000,per_hit,raw_percent_of_host,api-node1,api-node2,44,29,73,48.113208,26.262626,48.113208,52.525253,100.0,50.0,1.0,2.0,0.0,0.0,1.0,2.0,273.227273,327.185185,76.168437,50.748956,3.0
2026-06-24T04:33:42.73314844Z,1000,per_hit,raw_percent_of_host,api-node1,api-node2,37,35,72,42.708333,25.742574,42.708333,51.485149,100.0,50.0,0.0,3.0,0.0,0.0,0.0,3.0,248.026316,495.176471,77.343351,73.075713,3.0
2026-06-24T04:33:43.733147171Z,1000,per_hit,raw_percent_of_host,api-node1,api-node2,34,39,73,38.14433,26.0,38.14433,52.0,100.0,50.0,0.0,12.0,0.0,0.0,0.0,12.0,180.176471,456.966667,77.175184,71.800505,3.0
2026-06-24T04:33:44.733148499Z,1000,per_hit,raw_percent_of_host,api-node1,api-node2,38,36,74,41.414141,25.252525,41.414141,50.505051,100.0,50.0,1.0,6.0,0.0,0.0,1.0,6.0,226.378378,502.833333,77.377394,70.962208,3.0
2026-06-24T04:33:45.733146395Z,1000,per_hit,raw_percent_of_host,api-node1,api-node2,46,28,74,48.571429,25.252525,48.571429,50.505051,100.0,50.0,1.0,2.0,0.0,0.0,1.0,2.0,284.717391,354.46875,76.168212,60.799461,3.0
2026-06-24T04:33:46.733149808Z,1000,per_hit,raw_percent_of_host,api-node1,api-node2,35,39,74,39.393939,25.0,39.393939,50.0,100.0,50.0,0.0,8.0,0.0,0.0,0.0,8.0,214.222222,472.666667,77.510903,76.303862,3.0
2026-06-24T04:33:47.733148714Z,1000,per_hit,raw_percent_of_host,api-node1,api-node2,35,40,75,41.414141,26.0,41.414141,52.0,100.0,50.0,1.0,22.0,0.0,0.0,1.0,22.0,210.588235,539.346154,74.480138,73.207825,3.0
2026-06-24T04:33:48.733149863Z,1000,per_hit,raw_percent_of_host,api-node1,api-node2,44,31,75,42.268041,25.742574,42.268041,51.485149,100.0,50.0,1.0,2.0,0.0,0.0,1.0,2.0,256.954545,460.607843,77.083442,72.525019,3.0
2026-06-24T04:33:49.733147846Z,1000,per_hit,raw_percent_of_host,api-node1,api-node2,32,43,75,31.632653,21.212121,31.632653,42.424242,100.0,50.0,1.0,8.0,0.0,0.0,1.0,8.0,203.53125,483.297297,75.750417,76.10782,3.0
2026-06-24T04:33:50.733146812Z,1000,per_hit,raw_percent_of_host,api-node1,api-node2,37,38,75,44.086022,26.470588,44.086022,52.941176,100.0,50.0,1.0,6.0,0.0,0.0,1.0,6.0,203.216216,455.75,75.0538,70.753604,3.0
2026-06-24T04:33:51.733147327Z,1000,per_hit,raw_percent_of_host,api-node1,api-node2,39,36,75,34.343434,26.0,34.343434,52.0,100.0,50.0,1.0,3.0,0.0,0.0,1.0,3.0,241.717949,483.128205,77.474785,60.158153,3.0
2026-06-24T04:33:52.733147281Z,1000,per_hit,raw_percent_of_host,api-node1,api-node2,43,32,75,42.857143,24.050633,42.857143,48.101266,100.0,50.0,1.0,1.0,0.0,0.0,1.0,1.0,206.395349,433.941176,76.223821,60.700389,3.0
2026-06-24T04:33:53.733147562Z,1000,per_hit,raw_percent_of_host,api-node1,api-node2,27,48,75,46.938776,19.642857,46.938776,39.285714,100.0,50.0,0.0,35.0,0.0,0.0,0.0,35.0,198.714286,452.5,76.765942,72.204871,3.0
2026-06-24T04:33:54.733147241Z,1000,per_hit,raw_percent_of_host,api-node1,api-node2,42,33,75,47.474747,25.742574,47.474747,51.485149,100.0,50.0,0.0,4.0,0.0,0.0,0.0,4.0,222.97619,539.265625,77.815515,63.684595,3.0
2026-06-24T04:33:55.733149879Z,1000,per_hit,raw_percent_of_host,api-node1,api-node2,33,42,75,32.0,21.212121,32.0,42.424242,100.0,50.0,0.0,39.0,0.0,0.0,0.0,39.0,174.0,423.714286,76.658158,71.210181,3.0
2026-06-24T04:33:56.733148343Z,1000,per_hit,raw_percent_of_host,api-node1,api-node2,40,35,75,41.414141,26.0,41.414141,52.0,100.0,50.0,0.0,4.0,0.0,0.0,0.0,4.0,253.25,613.542857,76.358884,68.840321,3.0
2026-06-24T04:33:57.733147402Z,1000,per_hit,raw_percent_of_host,api-node1,api-node2,31,44,75,23.300971,25.252525,23.300971,50.505051,100.0,50.0,1.0,20.0,0.0,0.0,1.0,20.0,204.866667,460.357143,77.168695,70.485703,3.0
2026-06-24T04:33:58.733148652Z,1000,per_hit,raw_percent_of_host,api-node1,api-node2,46,29,75,48.571429,26.0,48.571429,52.0,100.0,50.0,1.0,3.0,0.0,0.0,1.0,3.0,271.565217,489.717391,75.541429,48.894818,3.0
2026-06-24T04:33:59.733147837Z,1000,per_hit,raw_percent_of_host,api-node1,api-node2,33,41,74,21.782178,20.792079,21.782178,41.584158,100.0,50.0,1.0,14.0,0.0,0.0,1.0,14.0,186.212121,362.833333,77.076722,75.343146,3.0
2026-06-24T04:34:00.733148792Z,1000,per_hit,raw_percent_of_host,api-node1,api-node2,43,31,74,43.434343,26.732673,43.434343,53.465347,100.0,50.0,0.0,2.0,0.0,0.0,0.0,2.0,208.022727,476.395349,77.98089,58.772125,3.0
2026-06-24T04:34:01.733147448Z,1000,per_hit,raw_percent_of_host,api-node1,api-node2,41,33,74,44.329897,26.0,44.329897,52.0,100.0,50.0,0.0,2.0,0.0,0.0,0.0,2.0,264.341463,414.636364,76.894744,74.945454,3.0
2026-06-24T04:34:02.73314718Z,1000,per_hit,raw_percent_of_host,api-node1,api-node2,33,40,73,29.0,21.0,29.0,42.0,100.0,50.0,1.0,27.0,0.0,0.0,1.0,27.0,192.21875,374.0,77.290973,71.880522,3.0
2026-06-24T04:34:03.733147644Z,1000,per_hit,raw_percent_of_host,api-node1,api-node2,43,30,73,48.148148,25.0,48.148148,50.0,100.0,50.0,1.0,2.0,0.0,0.0,1.0,2.0,254.813953,509.454545,77.860616,72.167427,3.0
2026-06-24T04:34:04.733150307Z,1000,per_hit,raw_percent_of_host,api-node1,api-node2,35,38,73,31.111111,25.742574,31.111111,51.485149,100.0,50.0,0.0,10.0,0.0,0.0,0.0,10.0,174.611111,427.9,77.776552,76.490597,3.0
2026-06-24T04:34:05.733147309Z,1000,per_hit,raw_percent_of_host,api-node1,api-node2,34,38,72,43.478261,26.0,43.478261,52.0,100.0,50.0,1.0,10.0,0.0,0.0,1.0,10.0,241.545455,445.289474,75.671353,69.204058,3.0
2026-06-24T04:34:06.733147713Z,1000,per_hit,raw_percent_of_host,api-node1,api-node2,36,36,72,45.454545,25.742574,45.454545,51.485149,100.0,50.0,0.0,6.0,0.0,0.0,0.0,6.0,201.675676,424.675,77.766659,70.864932,3.0
2026-06-24T04:34:07.733149493Z,1000,per_hit,raw_percent_of_host,api-node1,api-node2,41,30,71,38.383838,26.0,38.383838,52.0,100.0,50.0,1.0,1.0,0.0,0.0,1.0,1.0,181.15,406.514286,77.752013,70.784667,3.0
2026-06-24T04:34:08.733148671Z,1000,per_hit,raw_percent_of_host,api-node1,api-node2,35,36,71,31.958763,27.884615,31.958763,55.769231,100.0,50.0,1.0,2.0,0.0,0.0,1.0,2.0,183.0,398.6,76.273848,75.343865,3.0
2026-06-24T04:34:09.733147376Z,1000,per_hit,raw_percent_of_host,api-node1,api-node2,42,28,70,57.575758,22.222222,57.575758,44.444444,100.0,50.0,0.0,1.0,0.0,0.0,0.0,1.0,261.418605,279.413793,76.474666,72.641414,3.0
2026-06-24T04:34:10.733147761Z,1000,per_hit,raw_percent_of_host,api-node1,api-node2,29,40,69,38.14433,21.568627,38.14433,43.137255,100.0,50.0,1.0,33.0,0.0,0.0,1.0,33.0,125.25,321.75,75.798786,75.545171,3.0
2026-06-24T04:34:11.733148753Z,1000,per_hit,raw_percent_of_host,api-node1,api-node2,33,36,69,37.373737,26.470588,37.373737,52.941176,100.0,50.0,0.0,2.0,0.0,0.0,0.0,2.0,161.647059,608.462687,76.935824,49.2662,3.0
2026-06-24T04:34:12.733148056Z,1000,per_hit,raw_percent_of_host,api-node1,api-node2,33,35,68,37.623762,26.0,37.623762,52.0,100.0,50.0,0.0,5.0,0.0,0.0,0.0,5.0,169.272727,495.0,75.983834,75.221556,3.0
2026-06-24T04:34:13.733148049Z,1000,per_hit,raw_percent_of_host,api-node1,api-node2,32,35,67,37.755102,26.0,37.755102,52.0,100.0,50.0,0.0,5.0,0.0,0.0,0.0,5.0,186.09375,467.114286,76.340231,70.37831,3.0
2026-06-24T04:34:14.733148598Z,1000,per_hit,raw_percent_of_host,api-node1,api-node2,31,36,67,32.323232,25.742574,32.323232,51.485149,100.0,50.0,1.0,2.0,0.0,0.0,1.0,2.0,125.9,525.0,76.68709,74.649918,3.0
2026-06-24T04:34:15.733147265Z,1000,per_hit,raw_percent_of_host,api-node1,api-node2,38,28,66,41.836735,25.510204,41.836735,51.020408,100.0,50.0,1.0,0.0,0.0,0.0,1.0,0.0,210.842105,351.6,75.130665,76.652391,3.0
2026-06-24T04:34:16.733148365Z,1000,per_hit,raw_percent_of_host,api-node1,api-node2,36,29,65,37.0,24.242424,37.0,48.484848,100.0,50.0,0.0,1.0,0.0,0.0,0.0,1.0,160.027027,437.464286,76.879167,75.479491,3.0
2026-06-24T04:34:17.733146477Z,1000,per_hit,raw_percent_of_host,api-node1,api-node2,30,34,64,29.591837,25.742574,29.591837,51.485149,100.0,50.0,1.0,0.0,0.0,0.0,1.0,0.0,136.724138,433.971429,77.097645,75.036564,3.0
2026-06-24T04:34:18.733147619Z,1000,per_hit,raw_percent_of_host,api-node1,api-node2,37,26,63,44.0,21.428571,44.0,42.857143,100.0,50.0,1.0,2.0,0.0,0.0,1.0,2.0,252.459459,327.333333,75.129206,63.859648,3.0
2026-06-24T04:34:19.733150142Z,1000,per_hit,raw_percent_of_host,api-node1,api-node2,36,26,62,41.836735,22.0,41.836735,44.0,100.0,50.0,0.0,1.0,0.0,0.0,0.0,1.0,201.324324,276.592593,77.208559,75.725989,3.0
2026-06-24T04:34:20.733149604Z,1000,per_hit,raw_percent_of_host,api-node1,api-node2,35,27,62,33.333333,26.262626,33.333333,52.525253,100.0,50.0,1.0,0.0,0.0,0.0,1.0,0.0,128.823529,262.678571,76.540633,76.277742,3.0
2026-06-24T04:34:21.733147302Z,1000,per_hit,raw_percent_of_host,api-node1,api-node2,32,29,61,32.653061,25.0,32.653061,50.0,100.0,50.0,1.0,2.0,0.0,0.0,1.0,2.0,194.25,344.296296,75.570116,76.056594,3.0
2026-06-24T04:34:22.733148575Z,1000,per_hit,raw_percent_of_host,api-node1,api-node2,35,25,60,37.755102,26.470588,37.755102,52.941176,100.0,50.0,1.0,1.0,0.0,0.0,1.0,1.0,188.228571,344.5,76.025269,74.135449,3.0
2026-06-24T04:34:23.733151712Z,1000,per_hit,raw_percent_of_host,api-node1,api-node2,24,35,59,37.113402,26.0,37.113402,52.0,100.0,50.0,1.0,3.0,0.0,0.0,1.0,3.0,136.541667,350.121212,76.45004,71.494442,3.0
2026-06-24T04:34:24.73314924Z,1000,per_hit,raw_percent_of_host,api-node1,api-node2,28,30,58,33.333333,25.252525,33.333333,50.505051,100.0,50.0,0.0,3.0,0.0,0.0,0.0,3.0,190.758621,421.733333,76.681384,74.442028,3.0
2026-06-24T04:34:25.733148445Z,1000,per_hit,raw_percent_of_host,api-node1,api-node2,28,29,57,35.353535,25.0,35.353535,50.0,100.0,50.0,1.0,2.0,0.0,0.0,1.0,2.0,146.962963,321.166667,76.567879,75.453027,3.0
2026-06-24T04:34:26.733146366Z,1000,per_hit,raw_percent_of_host,api-node1,api-node2,35,21,56,39.60396,15.463918,39.60396,30.927835,100.0,50.0,0.0,3.0,0.0,0.0,0.0,3.0,209.138889,204.05,76.650992,73.427308,3.0
2026-06-24T04:34:27.733148743Z,1000,per_hit,raw_percent_of_host,api-node1,api-node2,28,27,55,38.14433,26.0,38.14433,52.0,100.0,50.0,0.0,1.0,0.0,0.0,0.0,1.0,134.678571,291.62069,77.879654,71.852536,3.0
2026-06-24T04:34:28.733146969Z,1000,per_hit,raw_percent_of_host,api-node1,api-node2,35,19,54,33.333333,21.428571,33.333333,42.857143,100.0,50.0,0.0,1.0,0.0,0.0,0.0,1.0,156.171429,204.105263,76.192025,74.05556,3.0
2026-06-24T04:34:29.733147393Z,1000,per_hit,raw_percent_of_host,api-node1,api-node2,28,24,52,38.77551,25.252525,38.77551,50.505051,100.0,50.0,1.0,0.0,0.0,0.0,1.0,0.0,117.481481,304.04,77.104345,76.980003,3.0
2026-06-24T04:34:30.73314866Z,1000,per_hit,raw_percent_of_host,api-node1,api-node2,25,26,51,35.353535,21.212121,35.353535,42.424242,100.0,50.0,1.0,2.0,0.0,0.0,1.0,2.0,134.12,291.208333,77.48745,76.35475,3.0
2026-06-24T04:34:31.73314953Z,1000,per_hit,raw_percent_of_host,api-node1,api-node2,24,26,50,30.208333,26.0,30.208333,52.0,100.0,50.0,1.0,2.0,0.0,0.0,1.0,2.0,134.166667,311.0,76.266722,73.897855,3.0
2026-06-24T04:34:32.733148798Z,1000,per_hit,raw_percent_of_host,api-node1,api-node2,28,21,49,36.734694,21.212121,36.734694,42.424242,100.0,50.0,0.0,2.0,0.0,0.0,0.0,2.0,158.0,173.428571,75.637109,76.642032,3.0
2026-06-24T04:34:33.73314647Z,1000,per_hit,raw_percent_of_host,api-node1,api-node2,23,25,48,39.795918,20.618557,39.795918,41.237113,100.0,50.0,1.0,2.0,0.0,0.0,1.0,2.0,156.0,228.4,77.296763,76.650425,3.0
2026-06-24T04:34:34.733150355Z,1000,per_hit,raw_percent_of_host,api-node1,api-node2,27,20,47,39.393939,26.262626,39.393939,52.525253,100.0,50.0,0.0,2.0,0.0,0.0,0.0,2.0,118.392857,226.3,76.991629,75.158898,3.0
2026-06-24T04:34:35.733147217Z,1000,per_hit,raw_percent_of_host,api-node1,api-node2,29,17,46,32.608696,18.75,32.608696,37.5,100.0,50.0,1.0,0.0,0.0,0.0,1.0,0.0,162.642857,161.631579,75.314481,77.92355,3.0
2026-06-24T04:34:36.733149033Z,1000,per_hit,raw_percent_of_host,api-node1,api-node2,25,20,45,41.0,22.0,41.0,44.0,100.0,50.0,0.0,2.0,0.0,0.0,0.0,2.0,146.961538,191.5,77.062744,73.513549,3.0
2026-06-24T04:34:37.73315025Z,1000,per_hit,raw_percent_of_host,api-node1,api-node2,27,17,44,41.0,16.161616,41.0,32.323232,100.0,50.0,1.0,1.0,0.0,0.0,1.0,1.0,141.653846,179.111111,77.494582,76.537259,3.0
2026-06-24T04:34:38.733147557Z,1000,per_hit,raw_percent_of_host,api-node1,api-node2,17,25,42,32.0,20.408163,32.0,40.816327,100.0,50.0,0.0,1.0,0.0,0.0,0.0,1.0,85.166667,269.68,78.200569,71.978162,3.0
2026-06-24T04:34:39.733150712Z,1000,per_hit,raw_percent_of_host,api-node1,api-node2,25,16,41,31.958763,22.0,31.958763,44.0,100.0,50.0,1.0,0.0,0.0,0.0,1.0,0.0,129.416667,167.058824,75.074319,76.517755,3.0
2026-06-24T04:34:40.733146403Z,1000,per_hit,raw_percent_of_host,api-node1,api-node2,22,18,40,34.693878,15.306122,34.693878,30.612245,100.0,50.0,0.0,1.0,0.0,0.0,0.0,1.0,91.130435,164.588235,77.192244,73.133794,3.0
2026-06-24T04:34:41.733149034Z,1000,per_hit,raw_percent_of_host,api-node1,api-node2,10,29,39,25.252525,21.428571,25.252525,42.857143,100.0,50.0,0.0,2.0,0.0,0.0,0.0,2.0,79.1,257.535714,76.116541,74.754739,3.0
2026-06-24T04:34:42.733148446Z,1000,per_hit,raw_percent_of_host,api-node1,api-node2,18,20,38,33.333333,21.212121,33.333333,42.424242,100.0,50.0,1.0,0.0,0.0,0.0,1.0,0.0,85.294118,293.636364,75.648799,75.106882,3.0
2026-06-24T04:34:43.733149845Z,1000,per_hit,raw_percent_of_host,api-node1,api-node2,23,14,37,37.0,17.0,37.0,34.0,100.0,50.0,1.0,0.0,0.0,0.0,1.0,0.0,88.73913,189.571429,77.430521,75.08269,3.0
2026-06-24T04:34:44.733149397Z,1000,per_hit,raw_percent_of_host,api-node1,api-node2,18,18,36,38.77551,16.161616,38.77551,32.323232,100.0,50.0,0.0,3.0,0.0,0.0,0.0,3.0,81.894737,176.8,77.890899,74.049899,3.0
2026-06-24T04:34:45.733149356Z,1000,per_hit,raw_percent_of_host,api-node1,api-node2,13,22,35,26.530612,20.618557,26.530612,41.237113,100.0,50.0,0.0,3.0,0.0,0.0,0.0,3.0,89.692308,176.863636,76.787519,73.323341,3.0
2026-06-24T04:34:46.733150206Z,1000,per_hit,raw_percent_of_host,api-node1,api-node2,15,18,33,29.896907,21.212121,29.896907,42.424242,100.0,50.0,1.0,1.0,0.0,0.0,1.0,1.0,72.5,156.9,76.300111,76.588147,3.0
2026-06-24T04:34:47.733146209Z,1000,per_hit,raw_percent_of_host,api-node1,api-node2,16,16,32,38.77551,10.309278,38.77551,20.618557,100.0,50.0,0.0,4.0,0.0,0.0,0.0,4.0,98.176471,154.692308,77.010784,74.768389,3.0
2026-06-24T04:34:48.733149541Z,1000,per_hit,raw_percent_of_host,api-node1,api-node2,11,20,31,32.0,16.161616,32.0,32.323232,100.0,50.0,1.0,2.0,0.0,0.0,1.0,2.0,72.9,207.727273,80.455826,70.227583,3.0
2026-06-24T04:34:49.733147667Z,1000,per_hit,raw_percent_of_host,api-node1,api-node2,16,14,30,22.0,21.428571,22.0,42.857143,100.0,50.0,1.0,0.0,0.0,0.0,1.0,0.0,96.5,118.5625,75.162894,74.718607,3.0
2026-06-24T04:34:50.733148199Z,1000,per_hit,raw_percent_of_host,api-node1,api-node2,13,16,29,33.673469,19.387755,33.673469,38.77551,100.0,50.0,0.0,3.0,0.0,0.0,0.0,3.0,72.642857,178.076923,76.429091,75.255004,3.0
2026-06-24T04:34:51.733148832Z,1000,per_hit,raw_percent_of_host,api-node1,api-node2,11,17,28,32.0,16.326531,32.0,32.653061,100.0,50.0,1.0,2.0,0.0,0.0,1.0,2.0,63.6,137.722222,77.631946,74.36489,3.0
2026-06-24T04:34:52.733147128Z,1000,per_hit,raw_percent_of_host,api-node1,api-node2,12,15,27,25.252525,15.463918,25.252525,30.927835,100.0,50.0,0.0,2.0,0.0,0.0,0.0,2.0,63.923077,118.333333,76.96638,75.073921,3.0
2026-06-24T04:34:53.733146321Z,1000,per_hit,raw_percent_of_host,api-node1,api-node2,12,13,25,32.323232,15.306122,32.323232,30.612245,100.0,50.0,1.0,0.0,0.0,0.0,1.0,0.0,60.454545,135.6,76.951666,73.649032,3.0
2026-06-24T04:34:54.73314645Z,1000,per_hit,raw_percent_of_host,api-node1,api-node2,14,12,26,22.222222,14.43299,22.222222,28.865979,100.0,50.0,1.0,1.0,0.0,0.0,1.0,1.0,66.5,121.818182,76.896383,73.860856,3.0
2026-06-24T04:34:55.733149189Z,1000,per_hit,raw_percent_of_host,api-node1,api-node2,9,15,24,31.0,15.306122,31.0,30.612245,100.0,50.0,0.0,4.0,0.0,0.0,0.0,4.0,65.3,111.666667,76.293548,73.595397,3.0
2026-06-24T04:34:56.733148382Z,1000,per_hit,raw_percent_of_host,api-node1,api-node2,8,15,23,11.111111,21.428571,11.111111,42.857143,100.0,50.0,1.0,1.0,0.0,0.0,1.0,1.0,63.714286,150.5,77.033925,72.684736,3.0
2026-06-24T04:34:57.733149722Z,1000,per_hit,raw_percent_of_host,api-node1,api-node2,12,10,22,27.55102,10.416667,27.55102,20.833333,100.0,50.0,0.0,2.0,0.0,0.0,0.0,2.0,77.076923,84.333333,76.050919,76.162569,3.0
2026-06-24T04:34:58.733146449Z,1000,per_hit,raw_percent_of_host,api-node1,api-node2,7,14,21,23.232323,16.161616,23.232323,32.323232,100.0,50.0,1.0,3.0,0.0,0.0,1.0,3.0,60.833333,127.230769,76.818127,72.117592,3.0
2026-06-24T04:34:59.733149338Z,1000,per_hit,raw_percent_of_host,api-node1,api-node2,11,10,21,34.343434,10.204082,34.343434,20.408163,100.0,50.0,0.0,3.0,0.0,0.0,0.0,3.0,83.5,92.9,77.244183,75.089237,3.0
2026-06-24T04:35:00.733147822Z,1000,per_hit,raw_percent_of_host,api-node1,api-node2,7,13,20,19.191919,16.326531,19.191919,32.653061,100.0,50.0,0.0,2.0,0.0,0.0,0.0,2.0,60.571429,127.214286,78.075693,72.997282,3.0
2026-06-24T04:35:01.733146794Z,1000,per_hit,raw_percent_of_host,api-node1,api-node2,10,9,19,25.773196,16.326531,25.773196,32.653061,100.0,50.0,1.0,0.0,0.0,0.0,1.0,0.0,60.222222,130.636364,76.745542,73.336917,3.0
2026-06-24T04:35:02.733147092Z,1000,per_hit,raw_percent_of_host,api-node1,api-node2,10,8,18,20.0,17.0,20.0,34.0,100.0,50.0,0.0,2.0,0.0,0.0,0.0,2.0,63.454545,94.666667,75.864668,76.678411,3.0
2026-06-24T04:35:03.733147075Z,1000,per_hit,raw_percent_of_host,api-node1,api-node2,10,7,17,29.591837,11.111111,29.591837,22.222222,100.0,50.0,0.0,3.0,0.0,0.0,0.0,3.0,58.8,78.666667,77.050296,76.231319,3.0
2026-06-24T04:35:04.733147129Z,1000,per_hit,raw_percent_of_host,api-node1,api-node2,9,8,17,24.0,16.0,24.0,32.0,100.0,50.0,1.0,2.0,0.0,0.0,1.0,2.0,68.125,89.888889,77.425123,74.97205,3.0
2026-06-24T04:35:05.733148905Z,1000,per_hit,raw_percent_of_host,api-node1,api-node2,8,8,16,21.0,16.161616,21.0,32.323232,100.0,50.0,1.0,1.0,0.0,0.0,1.0,1.0,59.125,104.444444,76.802013,73.469669,3.0
2026-06-24T04:35:06.733147049Z,1000,per_hit,raw_percent_of_host,api-node1,api-node2,9,6,15,21.212121,11.340206,21.212121,22.680412,100.0,50.0,0.0,1.0,0.0,0.0,0.0,1.0,53.7,60.333333,76.761854,75.724458,3.0
2026-06-24T04:35:07.733146501Z,1000,per_hit,raw_percent_of_host,api-node1,api-node2,11,4,15,26.0,11.111111,26.0,22.222222,100.0,50.0,1.0,0.0,0.0,0.0,1.0,0.0,55.7,57.2,76.487531,76.116092,3.0
2026-06-24T04:35:08.73314739Z,1000,per_hit,raw_percent_of_host,api-node1,api-node2,6,8,14,21.0,11.111111,21.0,22.222222,100.0,50.0,1.0,3.0,0.0,0.0,1.0,3.0,53.333333,63.2,76.11053,76.385878,3.0
2026-06-24T04:35:09.73314633Z,1000,per_hit,raw_percent_of_host,api-node1,api-node2,8,6,14,20.20202,17.0,20.20202,34.0,100.0,50.0,1.0,0.0,0.0,0.0,1.0,0.0,50.0,101.555556,77.806457,74.043328,3.0
2026-06-24T04:35:10.733149589Z,1000,per_hit,raw_percent_of_host,api-node1,api-node2,4,9,13,15.0,14.0,15.0,28.0,100.0,50.0,0.0,4.0,0.0,0.0,0.0,4.0,50.0,68.6,77.50488,76.523092,3.0
2026-06-24T04:35:11.733147401Z,1000,per_hit,raw_percent_of_host,api-node1,api-node2,7,6,13,21.0,14.0,21.0,28.0,100.0,50.0,0.0,2.0,0.0,0.0,0.0,2.0,50.0,89.625,77.986198,75.340349,3.0
2026-06-24T04:35:12.733148249Z,1000,per_hit,raw_percent_of_host,api-node1,api-node2,5,7,12,20.20202,6.060606,20.20202,12.121212,100.0,50.0,1.0,3.0,0.0,0.0,1.0,3.0,50.0,71.666667,77.330023,77.159124,3.0
2026-06-24T04:35:13.733149529Z,1000,per_hit,raw_percent_of_host,api-node1,api-node2,4,8,12,10.10101,16.0,10.10101,32.0,100.0,50.0,1.0,2.0,0.0,0.0,1.0,2.0,50.0,75.777778,78.691857,76.176972,3.0
2026-06-24T04:35:14.733148767Z,1000,per_hit,raw_percent_of_host,api-node1,api-node2,3,8,11,11.0,19.191919,11.0,38.383838,100.0,50.0,0.0,2.0,0.0,0.0,0.0,2.0,50.0,88.75,78.723201,74.958527,3.0
2026-06-24T04:35:15.733147855Z,1000,per_hit,raw_percent_of_host,api-node1,api-node2,4,7,11,5.102041,17.0,5.102041,34.0,100.0,50.0,0.0,2.0,0.0,0.0,0.0,2.0,52.75,76.142857,79.202195,77.011319,3.0
2026-06-24T04:35:16.733148873Z,1000,per_hit,raw_percent_of_host,api-node1,api-node2,4,7,11,15.0,9.183673,15.0,18.367347,100.0,50.0,0.0,2.0,0.0,0.0,0.0,2.0,50.0,66.428571,78.432826,76.860345,3.0
2026-06-24T04:35:17.733146313Z,1000,per_hit,raw_percent_of_host,api-node1,api-node2,6,5,11,15.151515,15.151515,15.151515,30.30303,100.0,50.0,1.0,0.0,0.0,0.0,1.0,0.0,50.0,86.857143,78.489318,75.002137,3.0
2026-06-24T04:35:18.733147023Z,1000,per_hit,raw_percent_of_host,api-node1,api-node2,7,3,10,15.151515,9.090909,15.151515,18.181818,100.0,50.0,1.0,0.0,0.0,0.0,1.0,0.0,50.0,56.333333,78.044289,77.318887,3.0
2026-06-24T04:35:19.733149638Z,1000,per_hit,raw_percent_of_host,api-node1,api-node2,6,4,10,20.0,5.0,20.0,10.0,100.0,50.0,1.0,1.0,0.0,0.0,1.0,1.0,50.0,74.666667,77.191679,77.434124,3.0
2026-06-24T04:35:20.733146344Z,1000,per_hit,raw_percent_of_host,api-node1,api-node2,9,1,10,21.212121,5.050505,21.212121,10.10101,100.0,50.0,1.0,0.0,0.0,0.0,1.0,0.0,51.888889,87.0,77.392962,76.877511,3.0
2026-06-24T04:35:21.733146125Z,1000,per_hit,raw_percent_of_host,api-node1,api-node2,6,4,10,20.20202,5.0,20.20202,10.0,100.0,50.0,0.0,2.0,0.0,0.0,0.0,2.0,50.0,60.5,76.785763,79.920359,3.0
2026-06-24T04:35:22.733147355Z,1000,per_hit,raw_percent_of_host,api-node1,api-node2,5,5,10,10.204082,14.0,10.204082,28.0,100.0,50.0,1.0,0.0,0.0,0.0,1.0,0.0,50.0,66.857143,78.417927,76.710937,3.0
2026-06-24T04:35:23.733146291Z,1000,per_hit,raw_percent_of_host,api-node1,api-node2,5,5,10,5.050505,16.161616,5.050505,32.323232,100.0,50.0,0.0,1.0,0.0,0.0,0.0,1.0,51.166667,50.25,78.795711,77.105759,3.0
2026-06-24T04:35:24.733146383Z,1000,per_hit,raw_percent_of_host,api-node1,api-node2,3,7,10,10.10101,9.183673,10.10101,18.367347,100.0,50.0,0.0,2.0,0.0,0.0,0.0,2.0,50.0,58.333333,78.526525,77.293534,3.0
2026-06-24T04:35:25.733146322Z,1000,per_hit,raw_percent_of_host,api-node1,api-node2,5,5,10,15.151515,7.0,15.151515,14.0,100.0,50.0,1.0,1.0,0.0,0.0,1.0,1.0,50.0,81.333333,78.586717,76.514327,3.0
2026-06-24T04:35:26.733148385Z,1000,per_hit,raw_percent_of_host,api-node1,api-node2,4,6,10,16.0,10.0,16.0,20.0,100.0,50.0,0.0,2.0,0.0,0.0,0.0,2.0,50.0,70.6,78.200007,75.749569,3.0
2026-06-24T04:35:27.733146472Z,1000,per_hit,raw_percent_of_host,api-node1,api-node2,8,3,11,25.252525,5.0,25.252525,10.0,100.0,50.0,1.0,1.0,0.0,0.0,1.0,1.0,50.0,95.75,77.497565,75.457447,3.0
2026-06-24T04:35:28.733147426Z,1000,per_hit,raw_percent_of_host,api-node1,api-node2,5,6,11,15.151515,14.0,15.151515,28.0,100.0,50.0,0.0,1.0,0.0,0.0,0.0,1.0,50.0,64.333333,77.649149,75.843613,3.0
2026-06-24T04:35:29.733149018Z,1000,per_hit,raw_percent_of_host,api-node1,api-node2,5,6,11,10.0,16.831683,10.0,33.663366,100.0,50.0,0.0,1.0,0.0,0.0,0.0,1.0,50.0,53.333333,78.685739,76.90197,3.0
2026-06-24T04:35:30.733147439Z,1000,per_hit,raw_percent_of_host,api-node1,api-node2,4,7,11,15.151515,15.151515,15.151515,30.30303,100.0,50.0,1.0,2.0,0.0,0.0,1.0,2.0,50.0,67.666667,78.131718,76.180784,3.0
2026-06-24T04:35:31.733149617Z,1000,per_hit,raw_percent_of_host,api-node1,api-node2,7,5,12,20.20202,12.871287,20.20202,25.742574,100.0,50.0,1.0,0.0,0.0,0.0,1.0,0.0,50.0,87.285714,78.123673,74.480222,3.0
2026-06-24T04:35:32.733150625Z,1000,per_hit,raw_percent_of_host,api-node1,api-node2,5,7,12,16.0,16.161616,16.0,32.323232,100.0,50.0,0.0,1.0,0.0,0.0,0.0,1.0,50.0,57.833333,77.809051,76.241795,3.0
2026-06-24T04:35:33.733153024Z,1000,per_hit,raw_percent_of_host,api-node1,api-node2,6,6,12,10.10101,18.0,10.10101,36.0,100.0,50.0,1.0,0.0,0.0,0.0,1.0,0.0,51.6,59.285714,78.614937,76.60357,3.0
2026-06-24T04:35:34.733148758Z,1000,per_hit,raw_percent_of_host,api-node1,api-node2,9,3,12,29.292929,10.10101,29.292929,20.20202,100.0,50.0,0.0,1.0,0.0,0.0,0.0,1.0,52.2,50.0,77.03175,77.993035,3.0
2026-06-24T04:35:35.733147241Z,1000,per_hit,raw_percent_of_host,api-node1,api-node2,8,4,12,25.252525,7.070707,25.252525,14.141414,100.0,50.0,0.0,0.0,0.0,0.0,0.0,0.0,50.0,71.6,77.310484,76.810397,3.0
2026-06-24T04:35:36.733146406Z,1000,per_hit,raw_percent_of_host,api-node1,api-node2,5,10,15,20.20202,17.0,20.20202,34.0,100.0,50.0,0.0,1.0,0.0,0.0,0.0,1.0,51.0,59.111111,77.121621,77.817829,3.0
2026-06-24T04:35:37.733147241Z,1000,per_hit,raw_percent_of_host,api-node1,api-node2,7,7,14,24.242424,15.151515,24.242424,30.30303,100.0,50.0,0.0,1.0,0.0,0.0,0.0,1.0,50.142857,73.428571,77.631767,75.761298,3.0
2026-06-24T04:35:38.73315013Z,1000,per_hit,raw_percent_of_host,api-node1,api-node2,10,5,15,34.343434,11.0,34.343434,22.0,100.0,50.0,0.0,0.0,0.0,0.0,0.0,0.0,51.1,72.666667,77.792099,74.462206,3.0
2026-06-24T04:35:39.733147914Z,1000,per_hit,raw_percent_of_host,api-node1,api-node2,11,5,16,25.510204,17.171717,25.510204,34.343434,100.0,50.0,0.0,0.0,0.0,0.0,0.0,0.0,60.909091,50.0,76.813702,76.681569,3.0
2026-06-24T04:35:40.733148072Z,1000,per_hit,raw_percent_of_host,api-node1,api-node2,8,8,16,26.262626,19.191919,26.262626,38.383838,100.0,50.0,0.0,1.0,0.0,0.0,0.0,1.0,51.25,77.571429,76.451558,77.03923,3.0
2026-06-24T04:35:41.733149778Z,1000,per_hit,raw_percent_of_host,api-node1,api-node2,10,7,17,29.292929,18.181818,29.292929,36.363636,100.0,50.0,0.0,0.0,0.0,0.0,0.0,0.0,56.0,78.75,78.082505,76.732235,3.0
2026-06-24T04:35:42.733147314Z,1000,per_hit,raw_percent_of_host,api-node1,api-node2,5,13,18,16.161616,20.618557,16.161616,41.237113,100.0,50.0,0.0,1.0,0.0,0.0,0.0,1.0,50.0,83.666667,77.073277,75.820914,3.0
2026-06-24T04:35:43.733150659Z,1000,per_hit,raw_percent_of_host,api-node1,api-node2,10,9,19,31.313131,16.831683,31.313131,33.663366,100.0,50.0,0.0,1.0,0.0,0.0,0.0,1.0,54.6,98.555556,78.080372,76.142218,3.0
2026-06-24T04:35:44.733146365Z,1000,per_hit,raw_percent_of_host,api-node1,api-node2,9,10,19,31.0,20.588235,31.0,41.176471,100.0,50.0,0.0,1.0,0.0,0.0,0.0,1.0,54.0,95.7,77.413037,75.144618,3.0
2026-06-24T04:35:45.733146488Z,1000,per_hit,raw_percent_of_host,api-node1,api-node2,9,11,20,34.0,20.0,34.0,40.0,100.0,50.0,0.0,0.0,0.0,0.0,0.0,0.0,59.0,89.166667,78.277369,76.491325,3.0
2026-06-24T04:35:46.73314646Z,1000,per_hit,raw_percent_of_host,api-node1,api-node2,10,11,21,35.0,16.831683,35.0,33.663366,100.0,50.0,0.0,1.0,0.0,0.0,0.0,1.0,55.6,97.4,77.789447,76.700737,3.0
2026-06-24T04:35:47.733150339Z,1000,per_hit,raw_percent_of_host,api-node1,api-node2,11,11,22,32.323232,18.811881,32.323232,37.623762,100.0,50.0,0.0,1.0,0.0,0.0,0.0,1.0,53.818182,123.727273,78.270505,75.231945,3.0
2026-06-24T04:35:48.733149326Z,1000,per_hit,raw_percent_of_host,api-node1,api-node2,8,15,23,20.0,25.0,20.0,50.0,100.0,50.0,0.0,1.0,0.0,0.0,0.0,1.0,63.125,109.2,77.430565,76.077035,3.0
2026-06-24T04:35:49.73314779Z,1000,per_hit,raw_percent_of_host,api-node1,api-node2,7,17,24,23.232323,20.792079,23.232323,41.584158,100.0,50.0,0.0,2.0,0.0,0.0,0.0,2.0,52.428571,129.875,77.26402,74.995806,3.0
2026-06-24T04:35:50.733146146Z,1000,per_hit,raw_percent_of_host,api-node1,api-node2,15,10,25,36.448598,16.831683,36.448598,33.663366,100.0,50.0,0.0,0.0,0.0,0.0,0.0,0.0,68.6,138.25,77.763327,74.636224,3.0
2026-06-24T04:35:51.733147504Z,1000,per_hit,raw_percent_of_host,api-node1,api-node2,10,16,26,38.383838,15.0,38.383838,30.0,100.0,50.0,0.0,3.0,0.0,0.0,0.0,3.0,63.8,150.230769,76.329785,77.057061,3.0
2026-06-24T04:35:52.733146407Z,1000,per_hit,raw_percent_of_host,api-node1,api-node2,16,11,27,41.121495,9.90099,41.121495,19.80198,100.0,50.0,0.0,2.0,0.0,0.0,0.0,2.0,104.9375,127.416667,78.040691,69.375052,3.0
2026-06-24T04:35:53.73314809Z,1000,per_hit,raw_percent_of_host,api-node1,api-node2,13,15,28,40.40404,12.871287,40.40404,25.742574,100.0,50.0,0.0,6.0,0.0,0.0,0.0,6.0,57.538462,186.909091,77.265386,75.296608,3.0
2026-06-24T04:35:54.733147326Z,1000,per_hit,raw_percent_of_host,api-node1,api-node2,15,14,29,36.111111,15.841584,36.111111,31.683168,100.0,50.0,0.0,1.0,0.0,0.0,0.0,1.0,77.733333,171.894737,78.459949,76.426845,3.0
2026-06-24T04:35:55.733150393Z,1000,per_hit,raw_percent_of_host,api-node1,api-node2,14,16,30,40.0,15.841584,40.0,31.683168,100.0,50.0,0.0,1.0,0.0,0.0,0.0,1.0,57.214286,161.875,78.506929,76.217127,3.0
2026-06-24T04:35:56.733150594Z,1000,per_hit,raw_percent_of_host,api-node1,api-node2,16,15,31,28.037383,22.772277,28.037383,45.544554,100.0,50.0,0.0,3.0,0.0,0.0,0.0,3.0,110.6875,114.0,76.407888,75.182495,3.0
2026-06-24T04:35:57.733146492Z,1000,per_hit,raw_percent_of_host,api-node1,api-node2,20,12,32,32.075472,16.831683,32.075472,33.663366,100.0,50.0,0.0,0.0,0.0,0.0,0.0,0.0,93.15,124.533333,77.007976,77.939746,3.0
2026-06-24T04:35:58.73314632Z,1000,per_hit,raw_percent_of_host,api-node1,api-node2,16,17,33,28.037383,18.367347,28.037383,36.734694,100.0,50.0,0.0,3.0,0.0,0.0,0.0,3.0,93.9375,149.071429,75.532389,75.19425,3.0
2026-06-24T04:35:59.733150611Z,1000,per_hit,raw_percent_of_host,api-node1,api-node2,22,12,34,32.71028,18.627451,32.71028,37.254902,100.0,50.0,0.0,1.0,0.0,0.0,0.0,1.0,143.636364,133.0,76.003694,75.325522,3.0
2026-06-24T04:36:00.733146373Z,1000,per_hit,raw_percent_of_host,api-node1,api-node2,21,14,35,39.252336,15.686275,39.252336,31.372549,100.0,50.0,0.0,1.0,0.0,0.0,0.0,1.0,99.809524,180.642857,76.796224,76.665598,3.0
2026-06-24T04:36:01.733147936Z,1000,per_hit,raw_percent_of_host,api-node1,api-node2,15,21,36,32.71028,19.607843,32.71028,39.215686,100.0,50.0,0.0,8.0,0.0,0.0,0.0,8.0,79.6,229.785714,76.209916,74.530803,3.0
2026-06-24T04:36:02.73314724Z,1000,per_hit,raw_percent_of_host,api-node1,api-node2,15,22,37,38.679245,19.387755,38.679245,38.77551,100.0,50.0,0.0,17.0,0.0,0.0,0.0,17.0,79.666667,235.153846,77.137868,76.489954,3.0
2026-06-24T04:36:03.733147987Z,1000,per_hit,raw_percent_of_host,api-node1,api-node2,17,21,38,28.971963,20.408163,28.971963,40.816327,100.0,50.0,0.0,14.0,0.0,0.0,0.0,14.0,75.294118,285.875,77.219592,77.468779,3.0
2026-06-24T04:36:04.733147159Z,1000,per_hit,raw_percent_of_host,api-node1,api-node2,15,24,39,28.037383,24.489796,28.037383,48.979592,100.0,50.0,0.0,6.0,0.0,0.0,0.0,6.0,84.266667,264.15625,76.930549,77.067975,3.0
2026-06-24T04:36:05.733152938Z,1000,per_hit,raw_percent_of_host,api-node1,api-node2,18,23,41,37.383178,13.861386,37.383178,27.722772,100.0,50.0,0.0,8.0,0.0,0.0,0.0,8.0,113.555556,191.047619,75.749096,75.611486,3.0
2026-06-24T04:36:06.733155053Z,1000,per_hit,raw_percent_of_host,api-node1,api-node2,22,20,42,28.301887,18.367347,28.301887,36.734694,100.0,50.0,0.0,2.0,0.0,0.0,0.0,2.0,127.272727,209.307692,77.115924,77.286626,3.0
2026-06-24T04:36:07.733150301Z,1000,per_hit,raw_percent_of_host,api-node1,api-node2,23,20,43,23.584906,16.831683,23.584906,33.663366,100.0,50.0,0.0,5.0,0.0,0.0,0.0,5.0,131.695652,187.058824,75.468586,77.073571,3.0
2026-06-24T04:36:08.733147292Z,1000,per_hit,raw_percent_of_host,api-node1,api-node2,22,22,44,28.037383,20.20202,28.037383,40.40404,100.0,50.0,0.0,16.0,0.0,0.0,0.0,16.0,133.454545,155.545455,76.559371,78.20987,3.0
2026-06-24T04:36:09.733148341Z,1000,per_hit,raw_percent_of_host,api-node1,api-node2,17,28,45,28.703704,22.772277,28.703704,45.544554,100.0,50.0,0.0,21.0,0.0,0.0,0.0,21.0,121.0,256.652174,75.735088,78.147535,3.0
2026-06-24T04:36:10.733147342Z,1000,per_hit,raw_percent_of_host,api-node1,api-node2,22,24,46,35.849057,25.742574,35.849057,51.485149,100.0,50.0,0.0,19.0,0.0,0.0,0.0,19.0,125.818182,336.423077,77.072613,70.980507,3.0
2026-06-24T04:36:11.733147317Z,1000,per_hit,raw_percent_of_host,api-node1,api-node2,26,21,47,32.407407,23.71134,32.407407,47.42268,100.0,50.0,0.0,13.0,0.0,0.0,0.0,13.0,152.5,313.555556,75.973033,77.540131,3.0
2026-06-24T04:36:12.733147807Z,1000,per_hit,raw_percent_of_host,api-node1,api-node2,23,25,48,23.584906,23.232323,23.584906,46.464646,100.0,50.0,0.0,17.0,0.0,0.0,0.0,17.0,160.26087,268.285714,75.600385,77.492307,3.0
2026-06-24T04:36:13.733148663Z,1000,per_hit,raw_percent_of_host,api-node1,api-node2,30,20,50,35.39823,21.782178,35.39823,43.564356,100.0,50.0,0.0,13.0,0.0,0.0,0.0,13.0,164.066667,275.416667,75.881086,77.852425,3.0
2026-06-24T04:36:14.733147702Z,1000,per_hit,raw_percent_of_host,api-node1,api-node2,24,27,51,28.037383,24.242424,28.037383,48.484848,100.0,50.0,0.0,21.0,0.0,0.0,0.0,21.0,158.708333,256.210526,76.697436,78.487259,3.0
2026-06-24T04:36:15.733147598Z,1000,per_hit,raw_percent_of_host,api-node1,api-node2,29,23,52,33.018868,25.0,33.018868,50.0,100.0,50.0,1.0,15.0,0.0,0.0,1.0,15.0,157.178571,344.482759,75.403906,77.084563,3.0
2026-06-24T04:36:16.733148134Z,1000,per_hit,raw_percent_of_host,api-node1,api-node2,24,29,53,23.148148,19.387755,23.148148,38.77551,100.0,50.0,0.0,24.0,0.0,0.0,0.0,24.0,130.36,269.2,76.759985,76.802591,3.0
2026-06-24T04:36:17.733147151Z,1000,per_hit,raw_percent_of_host,api-node1,api-node2,24,30,54,29.62963,25.0,29.62963,50.0,100.0,50.0,0.0,18.0,0.0,0.0,0.0,18.0,176.083333,353.916667,76.22495,76.033659,3.0
2026-06-24T04:36:18.733146921Z,1000,per_hit,raw_percent_of_host,api-node1,api-node2,28,27,55,27.472527,16.326531,27.472527,32.653061,100.0,50.0,0.0,22.0,0.0,0.0,0.0,22.0,154.25,298.73913,75.671685,75.511002,3.0
2026-06-24T04:36:19.733148379Z,1000,per_hit,raw_percent_of_host,api-node1,api-node2,25,31,56,28.26087,24.489796,28.26087,48.979592,100.0,50.0,0.0,28.0,0.0,0.0,0.0,28.0,114.56,351.6,75.855185,78.286709,3.0
2026-06-24T04:36:20.733147777Z,1000,per_hit,raw_percent_of_host,api-node1,api-node2,30,27,57,16.304348,25.0,16.304348,50.0,100.0,50.0,10.0,23.0,0.0,0.0,10.0,23.0,156.55,401.25,76.740081,76.998962,3.0
2026-06-24T04:36:21.733147133Z,1000,per_hit,raw_percent_of_host,api-node1,api-node2,28,30,58,28.301887,25.0,28.301887,50.0,100.0,50.0,0.0,24.0,0.0,0.0,0.0,24.0,229.763158,303.137931,75.966556,78.645442,3.0
2026-06-24T04:36:22.733149294Z,1000,per_hit,raw_percent_of_host,api-node1,api-node2,20,39,59,36.036036,20.20202,36.036036,40.40404,100.0,50.0,0.0,35.0,0.0,0.0,0.0,35.0,139.45,364.714286,74.706927,75.277355,3.0
2026-06-24T04:36:23.733146972Z,1000,per_hit,raw_percent_of_host,api-node1,api-node2,31,26,57,18.181818,26.732673,18.181818,53.465347,100.0,50.0,0.0,14.0,0.0,0.0,0.0,14.0,150.903226,408.829787,76.358575,74.367574,3.0
2026-06-24T04:36:24.73314703Z,1000,per_hit,raw_percent_of_host,api-node1,api-node2,28,34,62,28.301887,20.20202,28.301887,40.40404,100.0,50.0,0.0,27.0,0.0,0.0,0.0,27.0,148.464286,256.238095,75.573884,76.636106,3.0
2026-06-24T04:36:25.733147539Z,1000,per_hit,raw_percent_of_host,api-node1,api-node2,33,29,62,36.792453,23.0,36.792453,46.0,100.0,50.0,2.0,18.0,0.0,0.0,2.0,18.0,219.451613,423.552632,75.303907,76.255148,3.0
2026-06-24T04:36:26.733146593Z,1000,per_hit,raw_percent_of_host,api-node1,api-node2,29,34,63,30.47619,25.490196,30.47619,50.980392,100.0,50.0,0.0,28.0,0.0,0.0,0.0,28.0,223.193548,282.833333,76.482673,76.998362,3.0
2026-06-24T04:36:27.733147311Z,1000,per_hit,raw_percent_of_host,api-node1,api-node2,31,33,64,37.383178,25.252525,37.383178,50.505051,100.0,50.0,0.0,30.0,0.0,0.0,0.0,30.0,140.258065,331.709677,75.349363,77.550388,3.0
2026-06-24T04:36:28.733147004Z,1000,per_hit,raw_percent_of_host,api-node1,api-node2,35,30,65,43.396226,26.470588,43.396226,52.941176,100.0,50.0,1.0,27.0,0.0,0.0,1.0,27.0,165.529412,420.424242,75.131247,74.476667,3.0
2026-06-24T04:36:29.733147493Z,1000,per_hit,raw_percent_of_host,api-node1,api-node2,42,23,65,43.925234,25.0,43.925234,50.0,100.0,50.0,6.0,20.0,0.0,0.0,6.0,20.0,155.162162,444.666667,76.177891,76.889944,3.0
2026-06-24T04:36:30.733148561Z,1000,per_hit,raw_percent_of_host,api-node1,api-node2,32,34,66,33.64486,25.0,33.64486,50.0,100.0,50.0,2.0,26.0,0.0,0.0,2.0,26.0,211.166667,284.571429,76.743758,77.923962,3.0
2026-06-24T04:36:31.733147355Z,1000,per_hit,raw_percent_of_host,api-node1,api-node2,30,37,67,33.333333,26.0,33.333333,52.0,100.0,50.0,1.0,28.0,0.0,0.0,1.0,28.0,194.419355,314.8,75.366543,71.539862,3.0
2026-06-24T04:36:32.733147888Z,1000,per_hit,raw_percent_of_host,api-node1,api-node2,40,28,68,42.056075,26.732673,42.056075,53.465347,100.0,50.0,30.0,22.0,0.0,0.0,30.0,22.0,81.272727,382.617647,75.939979,75.386364,3.0
2026-06-24T04:36:33.73314816Z,1000,per_hit,raw_percent_of_host,api-node1,api-node2,41,27,68,32.967033,25.0,32.967033,50.0,100.0,50.0,28.0,11.0,0.0,0.0,28.0,11.0,243.465116,283.210526,76.167272,73.452591,3.0
2026-06-24T04:36:34.733146884Z,1000,per_hit,raw_percent_of_host,api-node1,api-node2,40,29,69,37.735849,24.271845,37.735849,48.543689,100.0,50.0,16.0,18.0,0.0,0.0,16.0,18.0,249.673077,198.136364,76.407012,76.361439,3.0
2026-06-24T04:36:35.73314702Z,1000,per_hit,raw_percent_of_host,api-node1,api-node2,40,30,70,43.396226,16.0,43.396226,32.0,100.0,50.0,13.0,27.0,0.0,0.0,13.0,27.0,203.093023,415.428571,77.35005,74.962758,3.0
2026-06-24T04:36:36.733146863Z,1000,per_hit,raw_percent_of_host,api-node1,api-node2,39,31,70,41.509434,25.742574,41.509434,51.485149,100.0,50.0,1.0,23.0,0.0,0.0,1.0,23.0,204.058824,397.428571,76.980997,75.722223,3.0
2026-06-24T04:36:37.733147339Z,1000,per_hit,raw_percent_of_host,api-node1,api-node2,38,33,71,32.71028,25.0,32.71028,50.0,100.0,50.0,17.0,26.0,0.0,0.0,17.0,26.0,163.318182,360.4,75.628341,76.293016,3.0
2026-06-24T04:36:38.733150049Z,1000,per_hit,raw_percent_of_host,api-node1,api-node2,27,44,71,33.695652,6.666667,33.695652,13.333333,100.0,50.0,0.0,41.0,0.0,0.0,0.0,41.0,207.727273,509.034483,76.28824,76.239419,3.0
2026-06-24T04:36:39.733147774Z,1000,per_hit,raw_percent_of_host,api-node1,api-node2,39,33,72,37.383178,26.732673,37.383178,53.465347,100.0,50.0,22.0,28.0,0.0,0.0,22.0,28.0,135.235294,521.347826,74.020535,63.201303,3.0
2026-06-24T04:36:40.733146867Z,1000,per_hit,raw_percent_of_host,api-node1,api-node2,45,27,72,37.383178,26.0,37.383178,52.0,100.0,50.0,13.0,20.0,0.0,0.0,13.0,20.0,231.314815,373.742857,77.720828,74.488144,3.0
2026-06-24T04:36:41.733147322Z,1000,per_hit,raw_percent_of_host,api-node1,api-node2,30,43,73,35.514019,26.732673,35.514019,53.465347,100.0,50.0,8.0,37.0,0.0,0.0,8.0,37.0,207.0,303.115385,77.479897,74.828929,3.0
2026-06-24T04:36:42.733147157Z,1000,per_hit,raw_percent_of_host,api-node1,api-node2,38,35,73,28.571429,27.0,28.571429,54.0,100.0,50.0,11.0,27.0,0.0,0.0,11.0,27.0,191.428571,430.622222,76.432406,60.375519,3.0
2026-06-24T04:36:43.733148032Z,1000,per_hit,raw_percent_of_host,api-node1,api-node2,39,35,74,28.301887,28.431373,28.301887,56.862745,100.0,50.0,14.0,28.0,0.0,0.0,14.0,28.0,210.472222,406.617647,75.801796,75.055448,3.0
2026-06-24T04:36:44.73314678Z,1000,per_hit,raw_percent_of_host,api-node1,api-node2,32,42,74,29.906542,25.742574,29.906542,51.485149,100.0,50.0,1.0,33.0,0.0,0.0,1.0,33.0,175.066667,395.837838,76.519023,73.4072,3.0
2026-06-24T04:36:45.733146926Z,1000,per_hit,raw_percent_of_host,api-node1,api-node2,34,40,74,31.521739,25.742574,31.521739,51.485149,100.0,50.0,0.0,37.0,0.0,0.0,0.0,37.0,127.085714,559.25,76.267566,74.619216,3.0
2026-06-24T04:36:46.733146818Z,1000,per_hit,raw_percent_of_host,api-node1,api-node2,27,47,74,28.971963,25.0,28.971963,50.0,100.0,50.0,1.0,35.0,0.0,0.0,1.0,35.0,144.730769,444.918367,74.234033,75.62104,3.0
2026-06-24T04:36:47.733152728Z,1000,per_hit,raw_percent_of_host,api-node1,api-node2,52,23,75,31.775701,25.742574,31.775701,51.485149,100.0,50.0,28.0,6.0,0.0,0.0,28.0,6.0,177.36,529.057692,74.837124,50.127701,3.0
2026-06-24T04:36:48.733146928Z,1000,per_hit,raw_percent_of_host,api-node1,api-node2,36,39,75,31.313131,24.242424,31.313131,48.484848,100.0,50.0,17.0,31.0,0.0,0.0,17.0,31.0,275.574468,168.142857,75.818412,77.313143,3.0
2026-06-24T04:36:49.733147074Z,1000,per_hit,raw_percent_of_host,api-node1,api-node2,38,37,75,42.45283,21.782178,42.45283,43.564356,100.0,50.0,0.0,32.0,0.0,0.0,0.0,32.0,208.509091,528.861111,75.713791,64.356846,3.0
2026-06-24T04:36:50.733147136Z,1000,per_hit,raw_percent_of_host,api-node1,api-node2,34,41,75,28.971963,26.0,28.971963,52.0,100.0,50.0,15.0,33.0,0.0,0.0,15.0,33.0,142.421053,449.5,76.274834,73.572825,3.0
2026-06-24T04:36:51.733148601Z,1000,per_hit,raw_percent_of_host,api-node1,api-node2,37,38,75,41.121495,26.0,41.121495,52.0,100.0,50.0,13.0,33.0,0.0,0.0,13.0,33.0,187.948718,569.815789,77.620294,74.091871,3.0
